logfile: ../../../../records/track_3_optimization/results/iclr_code/runs/random5_shared_uwfloor_c0p35_wdfree_20260909T042915Z/plain_muon_shared_uwfloor_c0p35_wdfree/seed161317530/raw/seed161317530_plain_muon_shared_uwfloor_c0p35_wdfree_loss_only.txt
val_loss_file: ../../../../records/track_3_optimization/results/iclr_code/runs/random5_shared_uwfloor_c0p35_wdfree_20260909T042915Z/plain_muon_shared_uwfloor_c0p35_wdfree/seed161317530/raw/seed161317530_plain_muon_shared_uwfloor_c0p35_wdfree_loss_only_val_loss.jsonl
scheme:plain_muon opt_mode:plain rho:0.0 ns_steps:12 momentum:0.95 nesterov:True scale_ema_beta:0.9 interval:5
matrix_lr_base:0.035 matrix_weight_decay_base:0.0 weight_decay_mode:decoupled zero_init_trust_floor_scale:1.0
matrix_group:q/k/v initial_lr:0.035 weight_decay:0.0
matrix_group:attn.proj initial_lr:0.035 weight_decay:0.0
matrix_group:mlp.fc initial_lr:0.035 weight_decay:0.0
matrix_group:mlp.proj initial_lr:0.035 weight_decay:0.0
uw_floor_mode:fixed uw_floor_c:0.35 uw_floor_calibration_step:400 uw_floor_eps:1e-12
schedule_cooldown_frac:0.7 previous_muonl_experiment_cooldown_frac:0.7
validation_frequency early:125 mid:25@3000 late:10@3200
seed:161317530 train_steps:3300 schedule_steps:3300 diag_freq:250
batch_tokens:524288 train_microbatches:8 train_microbatch_sequences:64 val_tokens:10485760
save_log:True save_diag:False save_orscale_state:False orscale_state_freq:250
save_weight_norms:False weight_norm_freq:1 save_uw_floor_summary:False uw_floor_summary_freq:1 save_val_loss_jsonl:True
step:S val_loss is after S optimizer updates
step:0/3300 val_loss:10.82583 train_time:0.000s step_avg:nanms
step:1/3300 train_loss:10.82584 train_time:3.418s step_avg:3417.64ms
step:2/3300 train_loss:10.42609 train_time:4.544s step_avg:2271.92ms
step:3/3300 train_loss:9.06371 train_time:5.730s step_avg:1909.91ms
step:4/3300 train_loss:7.92963 train_time:6.913s step_avg:1728.22ms
step:5/3300 train_loss:7.29668 train_time:8.125s step_avg:1625.07ms
step:6/3300 train_loss:6.92567 train_time:9.316s step_avg:1552.70ms
step:7/3300 train_loss:6.90364 train_time:10.529s step_avg:1504.15ms
step:8/3300 train_loss:6.70005 train_time:11.747s step_avg:1468.43ms
step:9/3300 train_loss:6.72746 train_time:12.948s step_avg:1438.70ms
step:10/3300 train_loss:6.65863 train_time:14.151s step_avg:1415.05ms
step:11/3300 train_loss:6.59191 train_time:15.352s step_avg:1395.63ms
step:12/3300 train_loss:6.47657 train_time:16.550s step_avg:1379.15ms
step:13/3300 train_loss:6.43465 train_time:17.774s step_avg:1367.23ms
step:14/3300 train_loss:6.34252 train_time:18.974s step_avg:1355.29ms
step:15/3300 train_loss:6.34336 train_time:20.183s step_avg:1345.50ms
step:16/3300 train_loss:6.25230 train_time:21.386s step_avg:1336.64ms
step:17/3300 train_loss:6.25941 train_time:22.606s step_avg:1329.79ms
step:18/3300 train_loss:6.28778 train_time:23.814s step_avg:1322.99ms
step:19/3300 train_loss:6.31010 train_time:25.019s step_avg:1316.78ms
step:20/3300 train_loss:6.18503 train_time:26.230s step_avg:1311.49ms
step:21/3300 train_loss:6.18309 train_time:27.435s step_avg:1306.45ms
step:22/3300 train_loss:6.21829 train_time:28.638s step_avg:1301.71ms
step:23/3300 train_loss:6.05442 train_time:29.840s step_avg:1297.41ms
step:24/3300 train_loss:6.08498 train_time:31.071s step_avg:1294.62ms
step:25/3300 train_loss:5.98932 train_time:32.283s step_avg:1291.31ms
step:26/3300 train_loss:6.01838 train_time:33.498s step_avg:1288.37ms
step:27/3300 train_loss:6.00146 train_time:34.700s step_avg:1285.19ms
step:28/3300 train_loss:5.88806 train_time:35.899s step_avg:1282.11ms
step:29/3300 train_loss:5.96383 train_time:37.104s step_avg:1279.47ms
step:30/3300 train_loss:5.89014 train_time:38.303s step_avg:1276.75ms
step:31/3300 train_loss:5.94113 train_time:39.504s step_avg:1274.31ms
step:32/3300 train_loss:5.83571 train_time:40.721s step_avg:1272.54ms
step:33/3300 train_loss:5.84654 train_time:41.928s step_avg:1270.54ms
step:34/3300 train_loss:5.82055 train_time:43.136s step_avg:1268.70ms
step:35/3300 train_loss:5.86455 train_time:44.345s step_avg:1266.99ms
step:36/3300 train_loss:5.78275 train_time:45.538s step_avg:1264.94ms
step:37/3300 train_loss:5.78386 train_time:46.751s step_avg:1263.54ms
step:38/3300 train_loss:5.72808 train_time:47.956s step_avg:1262.01ms
step:39/3300 train_loss:5.73409 train_time:49.162s step_avg:1260.56ms
step:40/3300 train_loss:5.65606 train_time:50.370s step_avg:1259.24ms
step:41/3300 train_loss:5.69731 train_time:51.566s step_avg:1257.70ms
step:42/3300 train_loss:5.61786 train_time:52.764s step_avg:1256.29ms
step:43/3300 train_loss:5.70892 train_time:53.959s step_avg:1254.85ms
step:44/3300 train_loss:5.58444 train_time:55.177s step_avg:1254.02ms
step:45/3300 train_loss:5.53994 train_time:56.381s step_avg:1252.91ms
step:46/3300 train_loss:5.56120 train_time:57.596s step_avg:1252.08ms
step:47/3300 train_loss:5.54428 train_time:58.804s step_avg:1251.14ms
step:48/3300 train_loss:5.53006 train_time:60.016s step_avg:1250.33ms
step:49/3300 train_loss:5.47718 train_time:61.228s step_avg:1249.56ms
step:50/3300 train_loss:5.48168 train_time:62.438s step_avg:1248.76ms
step:51/3300 train_loss:5.42361 train_time:63.644s step_avg:1247.93ms
step:52/3300 train_loss:5.48845 train_time:64.845s step_avg:1247.03ms
step:53/3300 train_loss:5.45880 train_time:66.042s step_avg:1246.07ms
step:54/3300 train_loss:5.43102 train_time:67.262s step_avg:1245.59ms
step:55/3300 train_loss:5.40431 train_time:68.473s step_avg:1244.96ms
step:56/3300 train_loss:5.35801 train_time:69.689s step_avg:1244.45ms
step:57/3300 train_loss:5.34464 train_time:70.927s step_avg:1244.34ms
step:58/3300 train_loss:5.35746 train_time:72.125s step_avg:1243.54ms
step:59/3300 train_loss:5.29503 train_time:73.340s step_avg:1243.04ms
step:60/3300 train_loss:5.30299 train_time:74.610s step_avg:1243.50ms
step:61/3300 train_loss:5.29400 train_time:75.816s step_avg:1242.89ms
step:62/3300 train_loss:5.27559 train_time:77.022s step_avg:1242.29ms
step:63/3300 train_loss:5.22744 train_time:78.227s step_avg:1241.70ms
step:64/3300 train_loss:5.22146 train_time:79.488s step_avg:1242.00ms
step:65/3300 train_loss:5.18660 train_time:80.682s step_avg:1241.26ms
step:66/3300 train_loss:5.25162 train_time:81.884s step_avg:1240.67ms
step:67/3300 train_loss:5.20353 train_time:83.082s step_avg:1240.03ms
step:68/3300 train_loss:5.30089 train_time:84.288s step_avg:1239.54ms
step:69/3300 train_loss:5.18381 train_time:85.484s step_avg:1238.89ms
step:70/3300 train_loss:5.17417 train_time:86.690s step_avg:1238.42ms
step:71/3300 train_loss:5.14247 train_time:87.885s step_avg:1237.82ms
step:72/3300 train_loss:5.15277 train_time:89.085s step_avg:1237.29ms
step:73/3300 train_loss:5.14018 train_time:90.290s step_avg:1236.85ms
step:74/3300 train_loss:5.15102 train_time:91.489s step_avg:1236.34ms
step:75/3300 train_loss:5.10520 train_time:92.692s step_avg:1235.90ms
step:76/3300 train_loss:5.06563 train_time:93.898s step_avg:1235.50ms
step:77/3300 train_loss:5.14170 train_time:95.132s step_avg:1235.49ms
step:78/3300 train_loss:5.12872 train_time:96.352s step_avg:1235.28ms
step:79/3300 train_loss:4.94794 train_time:97.555s step_avg:1234.88ms
step:80/3300 train_loss:5.05580 train_time:98.756s step_avg:1234.45ms
step:81/3300 train_loss:4.99691 train_time:99.954s step_avg:1234.00ms
step:82/3300 train_loss:5.18368 train_time:101.155s step_avg:1233.60ms
step:83/3300 train_loss:5.05798 train_time:102.355s step_avg:1233.19ms
step:84/3300 train_loss:5.04321 train_time:103.567s step_avg:1232.94ms
step:85/3300 train_loss:4.98768 train_time:104.765s step_avg:1232.53ms
step:86/3300 train_loss:5.02631 train_time:105.968s step_avg:1232.18ms
step:87/3300 train_loss:5.02056 train_time:107.163s step_avg:1231.76ms
step:88/3300 train_loss:5.01407 train_time:108.364s step_avg:1231.41ms
step:89/3300 train_loss:5.00138 train_time:109.572s step_avg:1231.15ms
step:90/3300 train_loss:4.93669 train_time:110.765s step_avg:1230.72ms
step:91/3300 train_loss:4.96316 train_time:111.964s step_avg:1230.37ms
step:92/3300 train_loss:4.94984 train_time:113.171s step_avg:1230.12ms
step:93/3300 train_loss:4.92620 train_time:114.396s step_avg:1230.06ms
step:94/3300 train_loss:4.95277 train_time:115.599s step_avg:1229.78ms
step:95/3300 train_loss:4.92400 train_time:116.804s step_avg:1229.52ms
step:96/3300 train_loss:4.86419 train_time:118.005s step_avg:1229.22ms
step:97/3300 train_loss:4.96189 train_time:119.211s step_avg:1228.98ms
step:98/3300 train_loss:4.91278 train_time:120.420s step_avg:1228.78ms
step:99/3300 train_loss:4.89852 train_time:121.628s step_avg:1228.56ms
step:100/3300 train_loss:4.85266 train_time:122.836s step_avg:1228.36ms
step:101/3300 train_loss:4.81090 train_time:124.050s step_avg:1228.21ms
step:102/3300 train_loss:4.82473 train_time:125.246s step_avg:1227.91ms
step:103/3300 train_loss:4.85576 train_time:126.450s step_avg:1227.67ms
step:104/3300 train_loss:4.93082 train_time:127.643s step_avg:1227.34ms
step:105/3300 train_loss:4.84765 train_time:128.844s step_avg:1227.08ms
step:106/3300 train_loss:4.88310 train_time:130.056s step_avg:1226.94ms
step:107/3300 train_loss:4.85015 train_time:131.270s step_avg:1226.82ms
step:108/3300 train_loss:4.77238 train_time:132.475s step_avg:1226.62ms
step:109/3300 train_loss:4.83798 train_time:133.696s step_avg:1226.57ms
step:110/3300 train_loss:4.88375 train_time:134.922s step_avg:1226.57ms
step:111/3300 train_loss:4.78426 train_time:136.139s step_avg:1226.48ms
step:112/3300 train_loss:4.83801 train_time:137.347s step_avg:1226.31ms
step:113/3300 train_loss:4.86303 train_time:138.552s step_avg:1226.12ms
step:114/3300 train_loss:4.80082 train_time:139.760s step_avg:1225.96ms
step:115/3300 train_loss:4.82609 train_time:140.996s step_avg:1226.05ms
step:116/3300 train_loss:4.79918 train_time:142.253s step_avg:1226.32ms
step:117/3300 train_loss:4.75419 train_time:143.471s step_avg:1226.24ms
step:118/3300 train_loss:4.75419 train_time:144.738s step_avg:1226.60ms
step:119/3300 train_loss:4.73383 train_time:145.937s step_avg:1226.36ms
step:120/3300 train_loss:4.71474 train_time:147.133s step_avg:1226.11ms
step:121/3300 train_loss:4.72093 train_time:148.329s step_avg:1225.86ms
step:122/3300 train_loss:4.65499 train_time:149.611s step_avg:1226.32ms
step:123/3300 train_loss:4.70832 train_time:150.812s step_avg:1226.11ms
step:124/3300 train_loss:4.67586 train_time:152.013s step_avg:1225.91ms
step:125/3300 train_loss:4.70000 train_time:153.216s step_avg:1225.73ms
step:125/3300 val_loss:4.69055 train_time:153.216s step_avg:1225.73ms
step:126/3300 train_loss:4.67278 train_time:154.417s step_avg:1225.53ms
step:127/3300 train_loss:4.76521 train_time:155.621s step_avg:1225.37ms
step:128/3300 train_loss:4.68899 train_time:156.898s step_avg:1225.76ms
step:129/3300 train_loss:4.76988 train_time:158.102s step_avg:1225.60ms
step:130/3300 train_loss:4.62694 train_time:159.308s step_avg:1225.45ms
step:131/3300 train_loss:4.68105 train_time:160.527s step_avg:1225.39ms
step:132/3300 train_loss:4.66503 train_time:161.728s step_avg:1225.21ms
step:133/3300 train_loss:4.61876 train_time:162.938s step_avg:1225.10ms
step:134/3300 train_loss:4.62911 train_time:164.145s step_avg:1224.96ms
step:135/3300 train_loss:4.67079 train_time:165.343s step_avg:1224.77ms
step:136/3300 train_loss:4.59155 train_time:166.557s step_avg:1224.68ms
step:137/3300 train_loss:4.63291 train_time:167.761s step_avg:1224.53ms
step:138/3300 train_loss:4.64276 train_time:168.963s step_avg:1224.37ms
step:139/3300 train_loss:4.61604 train_time:170.166s step_avg:1224.22ms
step:140/3300 train_loss:4.64572 train_time:171.380s step_avg:1224.14ms
step:141/3300 train_loss:4.56300 train_time:172.584s step_avg:1224.00ms
step:142/3300 train_loss:4.66620 train_time:173.800s step_avg:1223.94ms
step:143/3300 train_loss:4.59707 train_time:175.004s step_avg:1223.81ms
step:144/3300 train_loss:4.60946 train_time:176.205s step_avg:1223.64ms
step:145/3300 train_loss:4.57361 train_time:177.414s step_avg:1223.55ms
step:146/3300 train_loss:4.51143 train_time:178.620s step_avg:1223.43ms
step:147/3300 train_loss:4.54646 train_time:179.844s step_avg:1223.43ms
step:148/3300 train_loss:4.57334 train_time:181.040s step_avg:1223.24ms
step:149/3300 train_loss:4.59347 train_time:182.253s step_avg:1223.17ms
step:150/3300 train_loss:4.56817 train_time:183.455s step_avg:1223.03ms
step:151/3300 train_loss:4.53998 train_time:184.657s step_avg:1222.89ms
step:152/3300 train_loss:4.45104 train_time:185.867s step_avg:1222.81ms
step:153/3300 train_loss:4.49047 train_time:187.070s step_avg:1222.68ms
step:154/3300 train_loss:4.50787 train_time:188.270s step_avg:1222.53ms
step:155/3300 train_loss:4.54906 train_time:189.490s step_avg:1222.52ms
step:156/3300 train_loss:4.54399 train_time:190.694s step_avg:1222.40ms
step:157/3300 train_loss:4.54895 train_time:191.918s step_avg:1222.41ms
step:158/3300 train_loss:4.45477 train_time:193.121s step_avg:1222.28ms
step:159/3300 train_loss:4.48576 train_time:194.325s step_avg:1222.17ms
step:160/3300 train_loss:4.48175 train_time:195.526s step_avg:1222.04ms
step:161/3300 train_loss:4.49623 train_time:196.731s step_avg:1221.93ms
step:162/3300 train_loss:4.49062 train_time:197.948s step_avg:1221.90ms
step:163/3300 train_loss:4.44881 train_time:199.146s step_avg:1221.75ms
step:164/3300 train_loss:4.47844 train_time:200.349s step_avg:1221.64ms
step:165/3300 train_loss:4.42505 train_time:201.588s step_avg:1221.75ms
step:166/3300 train_loss:4.47832 train_time:202.783s step_avg:1221.59ms
step:167/3300 train_loss:4.39231 train_time:203.985s step_avg:1221.47ms
step:168/3300 train_loss:4.42582 train_time:205.187s step_avg:1221.35ms
step:169/3300 train_loss:4.40256 train_time:206.385s step_avg:1221.21ms
step:170/3300 train_loss:4.37242 train_time:207.587s step_avg:1221.10ms
step:171/3300 train_loss:4.36621 train_time:208.788s step_avg:1220.99ms
step:172/3300 train_loss:4.45439 train_time:209.986s step_avg:1220.85ms
step:173/3300 train_loss:4.38359 train_time:211.185s step_avg:1220.72ms
step:174/3300 train_loss:4.42921 train_time:212.391s step_avg:1220.64ms
step:175/3300 train_loss:4.40619 train_time:213.590s step_avg:1220.51ms
step:176/3300 train_loss:4.37839 train_time:214.783s step_avg:1220.36ms
step:177/3300 train_loss:4.36568 train_time:215.997s step_avg:1220.32ms
step:178/3300 train_loss:4.37869 train_time:217.218s step_avg:1220.33ms
step:179/3300 train_loss:4.38971 train_time:218.428s step_avg:1220.27ms
step:180/3300 train_loss:4.36035 train_time:219.631s step_avg:1220.17ms
step:181/3300 train_loss:4.33392 train_time:220.839s step_avg:1220.10ms
step:182/3300 train_loss:4.36460 train_time:222.052s step_avg:1220.06ms
step:183/3300 train_loss:4.29750 train_time:223.257s step_avg:1219.99ms
step:184/3300 train_loss:4.37405 train_time:224.462s step_avg:1219.90ms
step:185/3300 train_loss:4.32464 train_time:225.675s step_avg:1219.86ms
step:186/3300 train_loss:4.31562 train_time:226.877s step_avg:1219.77ms
step:187/3300 train_loss:4.38685 train_time:228.092s step_avg:1219.74ms
step:188/3300 train_loss:4.35620 train_time:229.295s step_avg:1219.65ms
step:189/3300 train_loss:4.26966 train_time:230.512s step_avg:1219.64ms
step:190/3300 train_loss:4.31457 train_time:231.734s step_avg:1219.65ms
step:191/3300 train_loss:4.23384 train_time:233.058s step_avg:1220.20ms
step:192/3300 train_loss:4.35649 train_time:234.268s step_avg:1220.15ms
step:193/3300 train_loss:4.30419 train_time:235.474s step_avg:1220.07ms
step:194/3300 train_loss:4.35821 train_time:236.671s step_avg:1219.95ms
step:195/3300 train_loss:4.32808 train_time:237.883s step_avg:1219.91ms
step:196/3300 train_loss:4.35522 train_time:239.093s step_avg:1219.86ms
step:197/3300 train_loss:4.27252 train_time:240.303s step_avg:1219.81ms
step:198/3300 train_loss:4.31704 train_time:241.513s step_avg:1219.76ms
step:199/3300 train_loss:4.26351 train_time:242.722s step_avg:1219.71ms
step:200/3300 train_loss:4.45168 train_time:243.927s step_avg:1219.64ms
step:201/3300 train_loss:4.30502 train_time:245.126s step_avg:1219.53ms
step:202/3300 train_loss:4.30080 train_time:246.327s step_avg:1219.44ms
step:203/3300 train_loss:4.33979 train_time:247.537s step_avg:1219.39ms
step:204/3300 train_loss:4.29569 train_time:248.766s step_avg:1219.44ms
step:205/3300 train_loss:4.26236 train_time:249.972s step_avg:1219.37ms
step:206/3300 train_loss:4.22272 train_time:251.167s step_avg:1219.26ms
step:207/3300 train_loss:4.30628 train_time:252.384s step_avg:1219.25ms
step:208/3300 train_loss:4.27328 train_time:253.592s step_avg:1219.19ms
step:209/3300 train_loss:4.19581 train_time:254.792s step_avg:1219.10ms
step:210/3300 train_loss:4.28549 train_time:255.987s step_avg:1218.99ms
step:211/3300 train_loss:4.24477 train_time:257.210s step_avg:1219.00ms
step:212/3300 train_loss:4.24944 train_time:258.406s step_avg:1218.89ms
step:213/3300 train_loss:4.24034 train_time:259.618s step_avg:1218.86ms
step:214/3300 train_loss:4.24834 train_time:260.844s step_avg:1218.90ms
step:215/3300 train_loss:4.23498 train_time:262.058s step_avg:1218.87ms
step:216/3300 train_loss:4.20162 train_time:263.261s step_avg:1218.80ms
step:217/3300 train_loss:4.26994 train_time:264.462s step_avg:1218.72ms
step:218/3300 train_loss:4.20976 train_time:265.660s step_avg:1218.62ms
step:219/3300 train_loss:4.22634 train_time:266.863s step_avg:1218.55ms
step:220/3300 train_loss:4.20107 train_time:268.064s step_avg:1218.47ms
step:221/3300 train_loss:4.19000 train_time:269.280s step_avg:1218.46ms
step:222/3300 train_loss:4.19030 train_time:270.486s step_avg:1218.40ms
step:223/3300 train_loss:4.27332 train_time:271.712s step_avg:1218.44ms
step:224/3300 train_loss:4.24318 train_time:272.913s step_avg:1218.36ms
step:225/3300 train_loss:4.16755 train_time:274.113s step_avg:1218.28ms
step:226/3300 train_loss:4.18082 train_time:275.306s step_avg:1218.17ms
step:227/3300 train_loss:4.17982 train_time:276.499s step_avg:1218.06ms
step:228/3300 train_loss:4.23523 train_time:277.697s step_avg:1217.97ms
step:229/3300 train_loss:4.21862 train_time:278.886s step_avg:1217.84ms
step:230/3300 train_loss:4.14857 train_time:280.088s step_avg:1217.77ms
step:231/3300 train_loss:4.17166 train_time:281.289s step_avg:1217.70ms
step:232/3300 train_loss:4.14900 train_time:282.524s step_avg:1217.77ms
step:233/3300 train_loss:4.20032 train_time:283.800s step_avg:1218.02ms
step:234/3300 train_loss:4.19823 train_time:285.004s step_avg:1217.97ms
step:235/3300 train_loss:4.22272 train_time:286.208s step_avg:1217.91ms
step:236/3300 train_loss:4.22598 train_time:287.470s step_avg:1218.09ms
step:237/3300 train_loss:4.25118 train_time:288.684s step_avg:1218.07ms
step:238/3300 train_loss:4.20367 train_time:289.888s step_avg:1218.02ms
step:239/3300 train_loss:4.13290 train_time:291.113s step_avg:1218.04ms
step:240/3300 train_loss:4.15827 train_time:292.330s step_avg:1218.04ms
step:241/3300 train_loss:4.30349 train_time:293.537s step_avg:1217.99ms
step:242/3300 train_loss:4.24974 train_time:294.730s step_avg:1217.89ms
step:243/3300 train_loss:4.13525 train_time:295.924s step_avg:1217.80ms
step:244/3300 train_loss:4.21009 train_time:297.126s step_avg:1217.73ms
step:245/3300 train_loss:4.12383 train_time:298.334s step_avg:1217.69ms
step:246/3300 train_loss:4.15093 train_time:299.533s step_avg:1217.61ms
step:247/3300 train_loss:4.09106 train_time:300.735s step_avg:1217.55ms
step:248/3300 train_loss:4.14491 train_time:301.935s step_avg:1217.48ms
step:249/3300 train_loss:4.14411 train_time:303.137s step_avg:1217.42ms
step:250/3300 train_loss:4.09435 train_time:304.329s step_avg:1217.32ms
step:250/3300 val_loss:4.13344 train_time:304.329s step_avg:1208.91ms
step:251/3300 train_loss:4.17049 train_time:305.532s step_avg:1217.26ms
step:252/3300 train_loss:4.18038 train_time:306.734s step_avg:1217.20ms
step:253/3300 train_loss:4.13295 train_time:307.941s step_avg:1217.16ms
step:254/3300 train_loss:4.09149 train_time:309.148s step_avg:1217.12ms
step:255/3300 train_loss:4.16852 train_time:310.363s step_avg:1217.11ms
step:256/3300 train_loss:4.11521 train_time:311.574s step_avg:1217.09ms
step:257/3300 train_loss:4.12641 train_time:312.785s step_avg:1217.06ms
step:258/3300 train_loss:4.20371 train_time:313.981s step_avg:1216.98ms
step:259/3300 train_loss:4.09798 train_time:315.182s step_avg:1216.92ms
step:260/3300 train_loss:4.08865 train_time:316.378s step_avg:1216.84ms
step:261/3300 train_loss:4.08312 train_time:317.579s step_avg:1216.78ms
step:262/3300 train_loss:4.16308 train_time:318.777s step_avg:1216.70ms
step:263/3300 train_loss:4.11828 train_time:319.977s step_avg:1216.64ms
step:264/3300 train_loss:4.17323 train_time:321.197s step_avg:1216.66ms
step:265/3300 train_loss:4.03423 train_time:322.399s step_avg:1216.60ms
step:266/3300 train_loss:4.13921 train_time:323.615s step_avg:1216.60ms
step:267/3300 train_loss:4.07567 train_time:324.823s step_avg:1216.57ms
step:268/3300 train_loss:4.06143 train_time:326.060s step_avg:1216.64ms
step:269/3300 train_loss:4.10696 train_time:327.262s step_avg:1216.59ms
step:270/3300 train_loss:4.10668 train_time:328.469s step_avg:1216.55ms
step:271/3300 train_loss:4.15442 train_time:329.677s step_avg:1216.52ms
step:272/3300 train_loss:4.08747 train_time:330.880s step_avg:1216.47ms
step:273/3300 train_loss:4.11958 train_time:332.079s step_avg:1216.41ms
step:274/3300 train_loss:4.03656 train_time:333.281s step_avg:1216.36ms
step:275/3300 train_loss:4.10509 train_time:334.481s step_avg:1216.29ms
step:276/3300 train_loss:4.15726 train_time:335.693s step_avg:1216.28ms
step:277/3300 train_loss:4.05926 train_time:336.892s step_avg:1216.22ms
step:278/3300 train_loss:4.10711 train_time:338.097s step_avg:1216.18ms
step:279/3300 train_loss:4.03510 train_time:339.301s step_avg:1216.13ms
step:280/3300 train_loss:4.14989 train_time:340.511s step_avg:1216.11ms
step:281/3300 train_loss:4.11863 train_time:341.719s step_avg:1216.08ms
step:282/3300 train_loss:4.07881 train_time:342.931s step_avg:1216.07ms
step:283/3300 train_loss:4.09499 train_time:344.143s step_avg:1216.05ms
step:284/3300 train_loss:4.03436 train_time:345.346s step_avg:1216.01ms
step:285/3300 train_loss:4.12226 train_time:346.541s step_avg:1215.93ms
step:286/3300 train_loss:4.09104 train_time:347.743s step_avg:1215.89ms
step:287/3300 train_loss:4.05752 train_time:348.954s step_avg:1215.87ms
step:288/3300 train_loss:4.08155 train_time:350.179s step_avg:1215.90ms
step:289/3300 train_loss:4.07434 train_time:351.377s step_avg:1215.84ms
step:290/3300 train_loss:4.04233 train_time:352.595s step_avg:1215.85ms
step:291/3300 train_loss:4.05759 train_time:353.807s step_avg:1215.83ms
step:292/3300 train_loss:4.10545 train_time:355.003s step_avg:1215.76ms
step:293/3300 train_loss:4.03753 train_time:356.235s step_avg:1215.82ms
step:294/3300 train_loss:4.21296 train_time:357.442s step_avg:1215.79ms
step:295/3300 train_loss:4.04084 train_time:358.642s step_avg:1215.74ms
step:296/3300 train_loss:4.03996 train_time:359.870s step_avg:1215.78ms
step:297/3300 train_loss:4.05701 train_time:361.074s step_avg:1215.74ms
step:298/3300 train_loss:4.05948 train_time:362.282s step_avg:1215.71ms
step:299/3300 train_loss:4.02987 train_time:363.479s step_avg:1215.65ms
step:300/3300 train_loss:4.03595 train_time:364.697s step_avg:1215.66ms
step:301/3300 train_loss:4.09134 train_time:365.909s step_avg:1215.65ms
step:302/3300 train_loss:4.01800 train_time:367.103s step_avg:1215.57ms
step:303/3300 train_loss:4.05978 train_time:368.304s step_avg:1215.53ms
step:304/3300 train_loss:4.05229 train_time:369.509s step_avg:1215.49ms
step:305/3300 train_loss:4.07299 train_time:370.710s step_avg:1215.44ms
step:306/3300 train_loss:4.01665 train_time:371.921s step_avg:1215.43ms
step:307/3300 train_loss:4.05564 train_time:373.122s step_avg:1215.38ms
step:308/3300 train_loss:4.03889 train_time:374.324s step_avg:1215.34ms
step:309/3300 train_loss:4.05098 train_time:375.532s step_avg:1215.31ms
step:310/3300 train_loss:4.10847 train_time:376.737s step_avg:1215.28ms
step:311/3300 train_loss:4.08386 train_time:377.942s step_avg:1215.25ms
step:312/3300 train_loss:4.01517 train_time:379.148s step_avg:1215.22ms
step:313/3300 train_loss:4.06857 train_time:380.351s step_avg:1215.18ms
step:314/3300 train_loss:4.02097 train_time:381.546s step_avg:1215.11ms
step:315/3300 train_loss:3.99652 train_time:382.744s step_avg:1215.06ms
step:316/3300 train_loss:4.00524 train_time:383.963s step_avg:1215.07ms
step:317/3300 train_loss:3.99751 train_time:385.167s step_avg:1215.04ms
step:318/3300 train_loss:3.99029 train_time:386.402s step_avg:1215.10ms
step:319/3300 train_loss:4.05128 train_time:387.603s step_avg:1215.06ms
step:320/3300 train_loss:4.03161 train_time:388.805s step_avg:1215.02ms
step:321/3300 train_loss:4.05587 train_time:390.006s step_avg:1214.97ms
step:322/3300 train_loss:4.01320 train_time:391.226s step_avg:1214.99ms
step:323/3300 train_loss:4.05314 train_time:392.421s step_avg:1214.93ms
step:324/3300 train_loss:3.99274 train_time:393.624s step_avg:1214.89ms
step:325/3300 train_loss:4.08453 train_time:394.837s step_avg:1214.88ms
step:326/3300 train_loss:4.01555 train_time:396.059s step_avg:1214.91ms
step:327/3300 train_loss:4.14777 train_time:397.257s step_avg:1214.85ms
step:328/3300 train_loss:4.06952 train_time:398.458s step_avg:1214.81ms
step:329/3300 train_loss:4.04109 train_time:399.686s step_avg:1214.85ms
step:330/3300 train_loss:3.96413 train_time:400.906s step_avg:1214.87ms
step:331/3300 train_loss:4.06829 train_time:402.120s step_avg:1214.86ms
step:332/3300 train_loss:3.97949 train_time:403.326s step_avg:1214.84ms
step:333/3300 train_loss:3.95122 train_time:404.534s step_avg:1214.82ms
step:334/3300 train_loss:3.99393 train_time:405.750s step_avg:1214.82ms
step:335/3300 train_loss:4.07662 train_time:406.947s step_avg:1214.77ms
step:336/3300 train_loss:4.03142 train_time:408.147s step_avg:1214.72ms
step:337/3300 train_loss:4.30691 train_time:409.349s step_avg:1214.69ms
step:338/3300 train_loss:3.99907 train_time:410.562s step_avg:1214.68ms
step:339/3300 train_loss:3.97185 train_time:411.780s step_avg:1214.69ms
step:340/3300 train_loss:3.97598 train_time:412.994s step_avg:1214.69ms
step:341/3300 train_loss:4.00479 train_time:414.201s step_avg:1214.66ms
step:342/3300 train_loss:3.98846 train_time:415.427s step_avg:1214.70ms
step:343/3300 train_loss:4.06337 train_time:416.628s step_avg:1214.66ms
step:344/3300 train_loss:3.99230 train_time:417.849s step_avg:1214.68ms
step:345/3300 train_loss:3.95715 train_time:419.130s step_avg:1214.87ms
step:346/3300 train_loss:3.96980 train_time:420.326s step_avg:1214.81ms
step:347/3300 train_loss:3.97084 train_time:421.524s step_avg:1214.77ms
step:348/3300 train_loss:4.00235 train_time:422.751s step_avg:1214.80ms
step:349/3300 train_loss:3.93526 train_time:423.962s step_avg:1214.79ms
step:350/3300 train_loss:3.92425 train_time:425.173s step_avg:1214.78ms
step:351/3300 train_loss:3.91586 train_time:426.370s step_avg:1214.73ms
step:352/3300 train_loss:4.03365 train_time:427.570s step_avg:1214.69ms
step:353/3300 train_loss:3.93604 train_time:428.766s step_avg:1214.63ms
step:354/3300 train_loss:3.92660 train_time:429.969s step_avg:1214.60ms
step:355/3300 train_loss:4.00649 train_time:431.168s step_avg:1214.56ms
step:356/3300 train_loss:3.92774 train_time:432.380s step_avg:1214.55ms
step:357/3300 train_loss:4.00314 train_time:433.581s step_avg:1214.51ms
step:358/3300 train_loss:3.99510 train_time:434.796s step_avg:1214.51ms
step:359/3300 train_loss:3.90779 train_time:435.993s step_avg:1214.46ms
step:360/3300 train_loss:3.91408 train_time:437.189s step_avg:1214.41ms
step:361/3300 train_loss:4.03082 train_time:438.390s step_avg:1214.38ms
step:362/3300 train_loss:3.97229 train_time:439.588s step_avg:1214.33ms
step:363/3300 train_loss:3.94495 train_time:440.791s step_avg:1214.30ms
step:364/3300 train_loss:3.96407 train_time:441.997s step_avg:1214.28ms
step:365/3300 train_loss:4.00981 train_time:443.226s step_avg:1214.32ms
step:366/3300 train_loss:3.95574 train_time:444.436s step_avg:1214.31ms
step:367/3300 train_loss:3.99044 train_time:445.643s step_avg:1214.29ms
step:368/3300 train_loss:3.97560 train_time:446.851s step_avg:1214.27ms
step:369/3300 train_loss:3.96786 train_time:448.053s step_avg:1214.24ms
step:370/3300 train_loss:3.94721 train_time:449.253s step_avg:1214.20ms
step:371/3300 train_loss:3.97859 train_time:450.481s step_avg:1214.24ms
step:372/3300 train_loss:3.95875 train_time:451.686s step_avg:1214.21ms
step:373/3300 train_loss:3.98124 train_time:452.886s step_avg:1214.17ms
step:374/3300 train_loss:4.00936 train_time:454.086s step_avg:1214.13ms
step:375/3300 train_loss:3.97893 train_time:455.289s step_avg:1214.10ms
step:375/3300 val_loss:3.94952 train_time:455.289s step_avg:1207.68ms
step:376/3300 train_loss:4.07020 train_time:456.507s step_avg:1214.11ms
step:377/3300 train_loss:3.87122 train_time:457.741s step_avg:1214.17ms
step:378/3300 train_loss:3.97831 train_time:458.934s step_avg:1214.11ms
step:379/3300 train_loss:3.97297 train_time:460.134s step_avg:1214.07ms
step:380/3300 train_loss:3.93841 train_time:461.351s step_avg:1214.08ms
step:381/3300 train_loss:4.01183 train_time:462.576s step_avg:1214.11ms
step:382/3300 train_loss:3.93024 train_time:463.782s step_avg:1214.09ms
step:383/3300 train_loss:3.94861 train_time:465.003s step_avg:1214.11ms
step:384/3300 train_loss:3.93930 train_time:466.207s step_avg:1214.08ms
step:385/3300 train_loss:3.97424 train_time:467.409s step_avg:1214.05ms
step:386/3300 train_loss:3.96659 train_time:468.612s step_avg:1214.02ms
step:387/3300 train_loss:3.98365 train_time:469.811s step_avg:1213.98ms
step:388/3300 train_loss:3.96481 train_time:471.021s step_avg:1213.97ms
step:389/3300 train_loss:3.91875 train_time:472.287s step_avg:1214.10ms
step:390/3300 train_loss:3.97291 train_time:473.499s step_avg:1214.10ms
step:391/3300 train_loss:3.90151 train_time:474.716s step_avg:1214.11ms
step:392/3300 train_loss:3.94631 train_time:475.927s step_avg:1214.10ms
step:393/3300 train_loss:3.98099 train_time:477.129s step_avg:1214.07ms
step:394/3300 train_loss:3.97444 train_time:478.346s step_avg:1214.08ms
step:395/3300 train_loss:3.89922 train_time:479.549s step_avg:1214.05ms
step:396/3300 train_loss:3.81499 train_time:480.753s step_avg:1214.02ms
step:397/3300 train_loss:4.00374 train_time:481.956s step_avg:1214.00ms
step:398/3300 train_loss:3.93558 train_time:483.162s step_avg:1213.98ms
step:399/3300 train_loss:3.88834 train_time:484.363s step_avg:1213.94ms
step:400/3300 train_loss:3.97073 train_time:485.574s step_avg:1213.93ms
step:401/3300 train_loss:3.92471 train_time:486.783s step_avg:1213.92ms
step:402/3300 train_loss:3.93954 train_time:487.979s step_avg:1213.88ms
step:403/3300 train_loss:3.94484 train_time:489.177s step_avg:1213.84ms
step:404/3300 train_loss:3.91950 train_time:490.378s step_avg:1213.81ms
step:405/3300 train_loss:3.97933 train_time:491.577s step_avg:1213.77ms
step:406/3300 train_loss:3.95327 train_time:492.783s step_avg:1213.75ms
step:407/3300 train_loss:4.04799 train_time:493.987s step_avg:1213.73ms
step:408/3300 train_loss:3.96444 train_time:495.202s step_avg:1213.73ms
step:409/3300 train_loss:3.91849 train_time:496.397s step_avg:1213.68ms
step:410/3300 train_loss:3.92832 train_time:497.601s step_avg:1213.66ms
step:411/3300 train_loss:3.90364 train_time:498.801s step_avg:1213.63ms
step:412/3300 train_loss:3.99082 train_time:499.994s step_avg:1213.58ms
step:413/3300 train_loss:3.91495 train_time:501.204s step_avg:1213.57ms
step:414/3300 train_loss:3.95973 train_time:502.399s step_avg:1213.52ms
step:415/3300 train_loss:3.99681 train_time:503.598s step_avg:1213.49ms
step:416/3300 train_loss:3.91941 train_time:504.799s step_avg:1213.46ms
step:417/3300 train_loss:3.93680 train_time:506.017s step_avg:1213.47ms
step:418/3300 train_loss:3.93346 train_time:507.240s step_avg:1213.49ms
step:419/3300 train_loss:3.90761 train_time:508.450s step_avg:1213.48ms
step:420/3300 train_loss:3.89585 train_time:509.653s step_avg:1213.46ms
step:421/3300 train_loss:3.90205 train_time:510.858s step_avg:1213.44ms
step:422/3300 train_loss:3.88581 train_time:512.074s step_avg:1213.45ms
step:423/3300 train_loss:3.91963 train_time:513.282s step_avg:1213.43ms
step:424/3300 train_loss:3.93682 train_time:514.483s step_avg:1213.40ms
step:425/3300 train_loss:3.94974 train_time:515.679s step_avg:1213.36ms
step:426/3300 train_loss:3.87877 train_time:516.883s step_avg:1213.34ms
step:427/3300 train_loss:3.93529 train_time:518.087s step_avg:1213.32ms
step:428/3300 train_loss:3.87730 train_time:519.310s step_avg:1213.34ms
step:429/3300 train_loss:3.86000 train_time:520.514s step_avg:1213.32ms
step:430/3300 train_loss:3.88460 train_time:521.745s step_avg:1213.36ms
step:431/3300 train_loss:3.96318 train_time:522.949s step_avg:1213.34ms
step:432/3300 train_loss:3.90397 train_time:524.158s step_avg:1213.33ms
step:433/3300 train_loss:3.96229 train_time:525.391s step_avg:1213.37ms
step:434/3300 train_loss:3.90999 train_time:526.604s step_avg:1213.37ms
step:435/3300 train_loss:3.93131 train_time:527.820s step_avg:1213.38ms
step:436/3300 train_loss:3.97040 train_time:529.022s step_avg:1213.35ms
step:437/3300 train_loss:3.91980 train_time:530.225s step_avg:1213.33ms
step:438/3300 train_loss:3.93175 train_time:531.431s step_avg:1213.31ms
step:439/3300 train_loss:3.85301 train_time:532.646s step_avg:1213.32ms
step:440/3300 train_loss:3.91220 train_time:533.876s step_avg:1213.35ms
step:441/3300 train_loss:3.85467 train_time:535.082s step_avg:1213.34ms
step:442/3300 train_loss:3.89427 train_time:536.281s step_avg:1213.31ms
step:443/3300 train_loss:3.85790 train_time:537.483s step_avg:1213.28ms
step:444/3300 train_loss:3.95999 train_time:538.707s step_avg:1213.30ms
step:445/3300 train_loss:3.92691 train_time:539.897s step_avg:1213.25ms
step:446/3300 train_loss:3.90239 train_time:541.101s step_avg:1213.23ms
step:447/3300 train_loss:3.89021 train_time:542.303s step_avg:1213.21ms
step:448/3300 train_loss:3.94527 train_time:543.502s step_avg:1213.17ms
step:449/3300 train_loss:3.91543 train_time:544.703s step_avg:1213.15ms
step:450/3300 train_loss:3.91212 train_time:545.903s step_avg:1213.12ms
step:451/3300 train_loss:4.03614 train_time:547.103s step_avg:1213.09ms
step:452/3300 train_loss:3.93576 train_time:548.297s step_avg:1213.05ms
step:453/3300 train_loss:3.98454 train_time:549.492s step_avg:1213.01ms
step:454/3300 train_loss:3.82297 train_time:550.695s step_avg:1212.98ms
step:455/3300 train_loss:3.87773 train_time:551.933s step_avg:1213.04ms
step:456/3300 train_loss:3.88045 train_time:553.138s step_avg:1213.02ms
step:457/3300 train_loss:3.87797 train_time:554.346s step_avg:1213.01ms
step:458/3300 train_loss:3.92587 train_time:555.538s step_avg:1212.97ms
step:459/3300 train_loss:3.89804 train_time:556.742s step_avg:1212.95ms
step:460/3300 train_loss:3.95015 train_time:557.943s step_avg:1212.92ms
step:461/3300 train_loss:3.92332 train_time:559.137s step_avg:1212.88ms
step:462/3300 train_loss:3.81066 train_time:560.332s step_avg:1212.84ms
step:463/3300 train_loss:3.90008 train_time:561.541s step_avg:1212.83ms
step:464/3300 train_loss:3.91536 train_time:562.749s step_avg:1212.82ms
step:465/3300 train_loss:3.89218 train_time:563.943s step_avg:1212.78ms
step:466/3300 train_loss:3.90909 train_time:565.146s step_avg:1212.76ms
step:467/3300 train_loss:3.87081 train_time:566.359s step_avg:1212.76ms
step:468/3300 train_loss:3.92198 train_time:567.561s step_avg:1212.74ms
step:469/3300 train_loss:3.88863 train_time:568.760s step_avg:1212.71ms
step:470/3300 train_loss:3.81861 train_time:569.963s step_avg:1212.69ms
step:471/3300 train_loss:3.94725 train_time:571.163s step_avg:1212.66ms
step:472/3300 train_loss:3.86314 train_time:572.369s step_avg:1212.65ms
step:473/3300 train_loss:3.88759 train_time:573.643s step_avg:1212.78ms
step:474/3300 train_loss:3.88887 train_time:574.857s step_avg:1212.78ms
step:475/3300 train_loss:3.95440 train_time:576.060s step_avg:1212.76ms
step:476/3300 train_loss:3.90315 train_time:577.265s step_avg:1212.74ms
step:477/3300 train_loss:3.85970 train_time:578.500s step_avg:1212.79ms
step:478/3300 train_loss:3.90792 train_time:579.698s step_avg:1212.76ms
step:479/3300 train_loss:3.83816 train_time:580.897s step_avg:1212.73ms
step:480/3300 train_loss:3.97400 train_time:582.166s step_avg:1212.85ms
step:481/3300 train_loss:3.88052 train_time:583.369s step_avg:1212.83ms
step:482/3300 train_loss:3.80791 train_time:584.565s step_avg:1212.79ms
step:483/3300 train_loss:3.91884 train_time:585.767s step_avg:1212.77ms
step:484/3300 train_loss:3.89208 train_time:586.987s step_avg:1212.78ms
step:485/3300 train_loss:3.79345 train_time:588.193s step_avg:1212.77ms
step:486/3300 train_loss:3.89412 train_time:589.387s step_avg:1212.73ms
step:487/3300 train_loss:3.85617 train_time:590.593s step_avg:1212.72ms
step:488/3300 train_loss:3.86819 train_time:591.791s step_avg:1212.69ms
step:489/3300 train_loss:3.88765 train_time:592.987s step_avg:1212.65ms
step:490/3300 train_loss:3.83221 train_time:594.188s step_avg:1212.63ms
step:491/3300 train_loss:3.86513 train_time:595.384s step_avg:1212.59ms
step:492/3300 train_loss:3.91380 train_time:596.630s step_avg:1212.66ms
step:493/3300 train_loss:3.84303 train_time:597.827s step_avg:1212.63ms
step:494/3300 train_loss:3.84462 train_time:599.026s step_avg:1212.60ms
step:495/3300 train_loss:3.89753 train_time:600.228s step_avg:1212.58ms
step:496/3300 train_loss:3.81650 train_time:601.422s step_avg:1212.54ms
step:497/3300 train_loss:3.88687 train_time:602.624s step_avg:1212.52ms
step:498/3300 train_loss:3.85734 train_time:603.832s step_avg:1212.51ms
step:499/3300 train_loss:3.92733 train_time:605.038s step_avg:1212.50ms
step:500/3300 train_loss:3.86417 train_time:606.248s step_avg:1212.50ms
step:500/3300 val_loss:3.85138 train_time:606.248s step_avg:1207.67ms
step:501/3300 train_loss:3.92056 train_time:607.450s step_avg:1212.48ms
step:502/3300 train_loss:3.87677 train_time:608.653s step_avg:1212.46ms
step:503/3300 train_loss:3.82129 train_time:609.857s step_avg:1212.44ms
step:504/3300 train_loss:3.90595 train_time:611.066s step_avg:1212.43ms
step:505/3300 train_loss:3.85848 train_time:612.269s step_avg:1212.41ms
step:506/3300 train_loss:3.81168 train_time:613.481s step_avg:1212.41ms
step:507/3300 train_loss:3.94110 train_time:614.685s step_avg:1212.40ms
step:508/3300 train_loss:3.83232 train_time:615.892s step_avg:1212.39ms
step:509/3300 train_loss:3.86752 train_time:617.117s step_avg:1212.41ms
step:510/3300 train_loss:3.82677 train_time:618.309s step_avg:1212.37ms
step:511/3300 train_loss:3.81263 train_time:619.523s step_avg:1212.37ms
step:512/3300 train_loss:3.86900 train_time:620.725s step_avg:1212.35ms
step:513/3300 train_loss:3.86553 train_time:621.932s step_avg:1212.34ms
step:514/3300 train_loss:3.95149 train_time:623.135s step_avg:1212.32ms
step:515/3300 train_loss:3.82893 train_time:624.334s step_avg:1212.30ms
step:516/3300 train_loss:3.91083 train_time:625.541s step_avg:1212.29ms
step:517/3300 train_loss:3.87788 train_time:626.771s step_avg:1212.32ms
step:518/3300 train_loss:3.82840 train_time:627.986s step_avg:1212.33ms
step:519/3300 train_loss:3.91181 train_time:629.189s step_avg:1212.31ms
step:520/3300 train_loss:3.84081 train_time:630.390s step_avg:1212.29ms
step:521/3300 train_loss:3.82098 train_time:631.620s step_avg:1212.32ms
step:522/3300 train_loss:3.87957 train_time:632.813s step_avg:1212.29ms
step:523/3300 train_loss:3.85317 train_time:634.014s step_avg:1212.26ms
step:524/3300 train_loss:3.82181 train_time:635.211s step_avg:1212.23ms
step:525/3300 train_loss:3.80172 train_time:636.408s step_avg:1212.21ms
step:526/3300 train_loss:3.90707 train_time:637.620s step_avg:1212.20ms
step:527/3300 train_loss:3.83708 train_time:638.819s step_avg:1212.18ms
step:528/3300 train_loss:3.84972 train_time:640.020s step_avg:1212.16ms
step:529/3300 train_loss:3.88602 train_time:641.215s step_avg:1212.13ms
step:530/3300 train_loss:3.85148 train_time:642.421s step_avg:1212.11ms
step:531/3300 train_loss:3.80225 train_time:643.628s step_avg:1212.11ms
step:532/3300 train_loss:3.88005 train_time:644.842s step_avg:1212.11ms
step:533/3300 train_loss:3.83596 train_time:646.055s step_avg:1212.11ms
step:534/3300 train_loss:3.85699 train_time:647.273s step_avg:1212.12ms
step:535/3300 train_loss:3.95261 train_time:648.480s step_avg:1212.11ms
step:536/3300 train_loss:3.81830 train_time:649.679s step_avg:1212.09ms
step:537/3300 train_loss:3.79644 train_time:650.878s step_avg:1212.06ms
step:538/3300 train_loss:3.80620 train_time:652.075s step_avg:1212.04ms
step:539/3300 train_loss:4.00391 train_time:653.273s step_avg:1212.01ms
step:540/3300 train_loss:3.79496 train_time:654.473s step_avg:1211.99ms
step:541/3300 train_loss:3.88915 train_time:655.673s step_avg:1211.96ms
step:542/3300 train_loss:3.82544 train_time:656.875s step_avg:1211.95ms
step:543/3300 train_loss:3.82439 train_time:658.105s step_avg:1211.98ms
step:544/3300 train_loss:3.85711 train_time:659.314s step_avg:1211.97ms
step:545/3300 train_loss:3.81920 train_time:660.509s step_avg:1211.94ms
step:546/3300 train_loss:3.79702 train_time:661.709s step_avg:1211.92ms
step:547/3300 train_loss:3.84585 train_time:662.925s step_avg:1211.93ms
step:548/3300 train_loss:3.76185 train_time:664.140s step_avg:1211.93ms
step:549/3300 train_loss:3.80968 train_time:665.335s step_avg:1211.90ms
step:550/3300 train_loss:3.84410 train_time:666.542s step_avg:1211.89ms
step:551/3300 train_loss:3.80992 train_time:667.735s step_avg:1211.86ms
step:552/3300 train_loss:3.95231 train_time:668.941s step_avg:1211.85ms
step:553/3300 train_loss:3.84040 train_time:670.138s step_avg:1211.82ms
step:554/3300 train_loss:3.82485 train_time:671.341s step_avg:1211.81ms
step:555/3300 train_loss:3.88397 train_time:672.534s step_avg:1211.77ms
step:556/3300 train_loss:3.81622 train_time:673.763s step_avg:1211.80ms
step:557/3300 train_loss:3.77419 train_time:674.964s step_avg:1211.78ms
step:558/3300 train_loss:3.82266 train_time:676.167s step_avg:1211.77ms
step:559/3300 train_loss:3.89379 train_time:677.385s step_avg:1211.78ms
step:560/3300 train_loss:3.83423 train_time:678.593s step_avg:1211.77ms
step:561/3300 train_loss:3.80761 train_time:679.796s step_avg:1211.76ms
step:562/3300 train_loss:3.80594 train_time:680.999s step_avg:1211.74ms
step:563/3300 train_loss:3.80936 train_time:682.195s step_avg:1211.71ms
step:564/3300 train_loss:3.85292 train_time:683.395s step_avg:1211.69ms
step:565/3300 train_loss:3.81481 train_time:684.613s step_avg:1211.70ms
step:566/3300 train_loss:3.85038 train_time:685.827s step_avg:1211.71ms
step:567/3300 train_loss:3.81371 train_time:687.033s step_avg:1211.70ms
step:568/3300 train_loss:3.90052 train_time:688.248s step_avg:1211.70ms
step:569/3300 train_loss:3.82633 train_time:689.462s step_avg:1211.71ms
step:570/3300 train_loss:3.80442 train_time:690.677s step_avg:1211.71ms
step:571/3300 train_loss:3.76604 train_time:691.902s step_avg:1211.74ms
step:572/3300 train_loss:3.84021 train_time:693.097s step_avg:1211.71ms
step:573/3300 train_loss:3.90997 train_time:694.315s step_avg:1211.72ms
step:574/3300 train_loss:3.80310 train_time:695.529s step_avg:1211.72ms
step:575/3300 train_loss:3.85584 train_time:696.734s step_avg:1211.71ms
step:576/3300 train_loss:3.83220 train_time:697.942s step_avg:1211.70ms
step:577/3300 train_loss:3.83170 train_time:699.159s step_avg:1211.71ms
step:578/3300 train_loss:3.89328 train_time:700.357s step_avg:1211.69ms
step:579/3300 train_loss:3.79358 train_time:701.558s step_avg:1211.67ms
step:580/3300 train_loss:3.86559 train_time:702.760s step_avg:1211.66ms
step:581/3300 train_loss:3.85288 train_time:703.961s step_avg:1211.64ms
step:582/3300 train_loss:3.87528 train_time:705.179s step_avg:1211.65ms
step:583/3300 train_loss:3.83286 train_time:706.378s step_avg:1211.63ms
step:584/3300 train_loss:3.79201 train_time:707.584s step_avg:1211.62ms
step:585/3300 train_loss:3.83122 train_time:708.803s step_avg:1211.63ms
step:586/3300 train_loss:3.92607 train_time:710.007s step_avg:1211.62ms
step:587/3300 train_loss:3.78985 train_time:711.202s step_avg:1211.59ms
step:588/3300 train_loss:3.85797 train_time:712.397s step_avg:1211.56ms
step:589/3300 train_loss:3.91320 train_time:713.598s step_avg:1211.54ms
step:590/3300 train_loss:3.81152 train_time:714.804s step_avg:1211.53ms
step:591/3300 train_loss:3.82721 train_time:716.000s step_avg:1211.51ms
step:592/3300 train_loss:3.80363 train_time:717.209s step_avg:1211.50ms
step:593/3300 train_loss:3.76100 train_time:718.410s step_avg:1211.48ms
step:594/3300 train_loss:3.88830 train_time:719.621s step_avg:1211.48ms
step:595/3300 train_loss:3.83104 train_time:720.826s step_avg:1211.47ms
step:596/3300 train_loss:3.81093 train_time:722.022s step_avg:1211.45ms
step:597/3300 train_loss:3.82529 train_time:723.218s step_avg:1211.42ms
step:598/3300 train_loss:3.84478 train_time:724.436s step_avg:1211.43ms
step:599/3300 train_loss:3.79610 train_time:725.644s step_avg:1211.43ms
step:600/3300 train_loss:3.81202 train_time:726.850s step_avg:1211.42ms
step:601/3300 train_loss:3.81970 train_time:728.052s step_avg:1211.40ms
step:602/3300 train_loss:3.82624 train_time:729.254s step_avg:1211.39ms
step:603/3300 train_loss:3.85132 train_time:730.464s step_avg:1211.38ms
step:604/3300 train_loss:3.86515 train_time:731.657s step_avg:1211.35ms
step:605/3300 train_loss:3.81134 train_time:732.859s step_avg:1211.34ms
step:606/3300 train_loss:3.82555 train_time:734.069s step_avg:1211.34ms
step:607/3300 train_loss:3.81099 train_time:735.273s step_avg:1211.32ms
step:608/3300 train_loss:3.80184 train_time:736.476s step_avg:1211.31ms
step:609/3300 train_loss:3.82758 train_time:737.677s step_avg:1211.29ms
step:610/3300 train_loss:3.79764 train_time:738.884s step_avg:1211.29ms
step:611/3300 train_loss:3.81897 train_time:740.083s step_avg:1211.26ms
step:612/3300 train_loss:3.75666 train_time:741.280s step_avg:1211.24ms
step:613/3300 train_loss:3.79385 train_time:742.480s step_avg:1211.22ms
step:614/3300 train_loss:3.83472 train_time:743.680s step_avg:1211.21ms
step:615/3300 train_loss:3.80322 train_time:744.887s step_avg:1211.20ms
step:616/3300 train_loss:3.81862 train_time:746.110s step_avg:1211.22ms
step:617/3300 train_loss:3.80223 train_time:747.299s step_avg:1211.18ms
step:618/3300 train_loss:3.83464 train_time:748.532s step_avg:1211.22ms
step:619/3300 train_loss:3.85202 train_time:749.748s step_avg:1211.22ms
step:620/3300 train_loss:3.78742 train_time:750.941s step_avg:1211.20ms
step:621/3300 train_loss:3.89337 train_time:752.139s step_avg:1211.17ms
step:622/3300 train_loss:3.84110 train_time:753.338s step_avg:1211.16ms
step:623/3300 train_loss:3.81348 train_time:754.537s step_avg:1211.13ms
step:624/3300 train_loss:3.84396 train_time:755.739s step_avg:1211.12ms
step:625/3300 train_loss:3.82090 train_time:756.964s step_avg:1211.14ms
step:625/3300 val_loss:3.79398 train_time:756.964s step_avg:1205.73ms
step:626/3300 train_loss:3.83165 train_time:758.169s step_avg:1211.13ms
step:627/3300 train_loss:3.83110 train_time:759.371s step_avg:1211.12ms
step:628/3300 train_loss:3.76428 train_time:760.570s step_avg:1211.10ms
step:629/3300 train_loss:3.79059 train_time:761.785s step_avg:1211.11ms
step:630/3300 train_loss:3.79157 train_time:762.991s step_avg:1211.10ms
step:631/3300 train_loss:3.79481 train_time:764.193s step_avg:1211.08ms
step:632/3300 train_loss:3.80630 train_time:765.393s step_avg:1211.07ms
step:633/3300 train_loss:3.81296 train_time:766.589s step_avg:1211.04ms
step:634/3300 train_loss:3.75688 train_time:767.778s step_avg:1211.01ms
step:635/3300 train_loss:3.85286 train_time:768.978s step_avg:1210.99ms
step:636/3300 train_loss:3.75344 train_time:770.179s step_avg:1210.97ms
step:637/3300 train_loss:3.72724 train_time:771.384s step_avg:1210.96ms
step:638/3300 train_loss:3.84232 train_time:772.590s step_avg:1210.96ms
step:639/3300 train_loss:3.78758 train_time:773.793s step_avg:1210.94ms
step:640/3300 train_loss:3.79915 train_time:774.995s step_avg:1210.93ms
step:641/3300 train_loss:3.87701 train_time:776.193s step_avg:1210.91ms
step:642/3300 train_loss:3.74642 train_time:777.395s step_avg:1210.90ms
step:643/3300 train_loss:3.83718 train_time:778.614s step_avg:1210.91ms
step:644/3300 train_loss:3.78014 train_time:779.815s step_avg:1210.89ms
step:645/3300 train_loss:3.81848 train_time:781.015s step_avg:1210.88ms
step:646/3300 train_loss:3.82977 train_time:782.219s step_avg:1210.87ms
step:647/3300 train_loss:3.90327 train_time:783.419s step_avg:1210.85ms
step:648/3300 train_loss:3.81665 train_time:784.628s step_avg:1210.84ms
step:649/3300 train_loss:3.80515 train_time:785.829s step_avg:1210.83ms
step:650/3300 train_loss:3.77338 train_time:787.027s step_avg:1210.81ms
step:651/3300 train_loss:3.75350 train_time:788.235s step_avg:1210.81ms
step:652/3300 train_loss:3.76093 train_time:789.429s step_avg:1210.78ms
step:653/3300 train_loss:3.77580 train_time:790.625s step_avg:1210.76ms
step:654/3300 train_loss:3.82622 train_time:791.828s step_avg:1210.75ms
step:655/3300 train_loss:3.78653 train_time:793.030s step_avg:1210.73ms
step:656/3300 train_loss:3.84616 train_time:794.233s step_avg:1210.72ms
step:657/3300 train_loss:3.74561 train_time:795.433s step_avg:1210.71ms
step:658/3300 train_loss:3.85610 train_time:796.645s step_avg:1210.71ms
step:659/3300 train_loss:3.82420 train_time:797.843s step_avg:1210.69ms
step:660/3300 train_loss:3.85586 train_time:799.109s step_avg:1210.77ms
step:661/3300 train_loss:3.84976 train_time:800.298s step_avg:1210.74ms
step:662/3300 train_loss:3.85990 train_time:801.514s step_avg:1210.75ms
step:663/3300 train_loss:3.75552 train_time:802.713s step_avg:1210.73ms
step:664/3300 train_loss:3.75318 train_time:803.929s step_avg:1210.74ms
step:665/3300 train_loss:3.77282 train_time:805.128s step_avg:1210.72ms
step:666/3300 train_loss:3.82754 train_time:806.325s step_avg:1210.70ms
step:667/3300 train_loss:3.83602 train_time:807.527s step_avg:1210.68ms
step:668/3300 train_loss:3.81064 train_time:808.732s step_avg:1210.68ms
step:669/3300 train_loss:3.81040 train_time:809.925s step_avg:1210.65ms
step:670/3300 train_loss:3.80027 train_time:811.138s step_avg:1210.65ms
step:671/3300 train_loss:3.78058 train_time:812.418s step_avg:1210.76ms
step:672/3300 train_loss:3.84826 train_time:813.618s step_avg:1210.74ms
step:673/3300 train_loss:3.78998 train_time:814.831s step_avg:1210.74ms
step:674/3300 train_loss:3.78310 train_time:816.029s step_avg:1210.72ms
step:675/3300 train_loss:3.84599 train_time:817.238s step_avg:1210.72ms
step:676/3300 train_loss:3.77774 train_time:818.487s step_avg:1210.78ms
step:677/3300 train_loss:3.77119 train_time:819.690s step_avg:1210.77ms
step:678/3300 train_loss:3.78580 train_time:820.887s step_avg:1210.75ms
step:679/3300 train_loss:3.80152 train_time:822.087s step_avg:1210.73ms
step:680/3300 train_loss:3.80424 train_time:823.287s step_avg:1210.72ms
step:681/3300 train_loss:3.72044 train_time:824.540s step_avg:1210.78ms
step:682/3300 train_loss:3.81246 train_time:825.741s step_avg:1210.76ms
step:683/3300 train_loss:3.85721 train_time:826.957s step_avg:1210.77ms
step:684/3300 train_loss:3.79657 train_time:828.159s step_avg:1210.76ms
step:685/3300 train_loss:3.84074 train_time:829.363s step_avg:1210.75ms
step:686/3300 train_loss:3.84347 train_time:830.563s step_avg:1210.73ms
step:687/3300 train_loss:3.75910 train_time:831.764s step_avg:1210.72ms
step:688/3300 train_loss:3.75553 train_time:832.979s step_avg:1210.72ms
step:689/3300 train_loss:3.76271 train_time:834.187s step_avg:1210.72ms
step:690/3300 train_loss:3.78447 train_time:835.393s step_avg:1210.71ms
step:691/3300 train_loss:3.79893 train_time:836.591s step_avg:1210.70ms
step:692/3300 train_loss:3.76387 train_time:837.791s step_avg:1210.68ms
step:693/3300 train_loss:3.80859 train_time:839.014s step_avg:1210.70ms
step:694/3300 train_loss:3.76723 train_time:840.218s step_avg:1210.69ms
step:695/3300 train_loss:3.72689 train_time:841.424s step_avg:1210.68ms
step:696/3300 train_loss:3.84515 train_time:842.631s step_avg:1210.68ms
step:697/3300 train_loss:3.74097 train_time:843.830s step_avg:1210.66ms
step:698/3300 train_loss:3.77615 train_time:845.080s step_avg:1210.72ms
step:699/3300 train_loss:3.81522 train_time:846.300s step_avg:1210.73ms
step:700/3300 train_loss:3.74655 train_time:847.517s step_avg:1210.74ms
step:701/3300 train_loss:3.75278 train_time:848.724s step_avg:1210.73ms
step:702/3300 train_loss:3.75784 train_time:849.921s step_avg:1210.71ms
step:703/3300 train_loss:3.69690 train_time:851.127s step_avg:1210.71ms
step:704/3300 train_loss:3.77484 train_time:852.329s step_avg:1210.69ms
step:705/3300 train_loss:3.69091 train_time:853.541s step_avg:1210.70ms
step:706/3300 train_loss:3.73425 train_time:854.742s step_avg:1210.68ms
step:707/3300 train_loss:3.80576 train_time:855.942s step_avg:1210.67ms
step:708/3300 train_loss:3.78596 train_time:857.144s step_avg:1210.66ms
step:709/3300 train_loss:3.77058 train_time:858.351s step_avg:1210.65ms
step:710/3300 train_loss:3.75963 train_time:859.551s step_avg:1210.64ms
step:711/3300 train_loss:3.76657 train_time:860.751s step_avg:1210.62ms
step:712/3300 train_loss:3.72441 train_time:861.959s step_avg:1210.62ms
step:713/3300 train_loss:3.81402 train_time:863.163s step_avg:1210.61ms
step:714/3300 train_loss:3.68339 train_time:864.385s step_avg:1210.62ms
step:715/3300 train_loss:3.86100 train_time:865.585s step_avg:1210.61ms
step:716/3300 train_loss:3.75944 train_time:866.786s step_avg:1210.59ms
step:717/3300 train_loss:3.81830 train_time:868.013s step_avg:1210.62ms
step:718/3300 train_loss:3.79852 train_time:869.212s step_avg:1210.60ms
step:719/3300 train_loss:3.80547 train_time:870.418s step_avg:1210.60ms
step:720/3300 train_loss:3.80974 train_time:871.615s step_avg:1210.58ms
step:721/3300 train_loss:3.78839 train_time:872.823s step_avg:1210.57ms
step:722/3300 train_loss:3.78323 train_time:874.041s step_avg:1210.58ms
step:723/3300 train_loss:3.81915 train_time:875.252s step_avg:1210.58ms
step:724/3300 train_loss:3.73660 train_time:876.459s step_avg:1210.58ms
step:725/3300 train_loss:3.74403 train_time:877.676s step_avg:1210.59ms
step:726/3300 train_loss:3.78728 train_time:878.884s step_avg:1210.58ms
step:727/3300 train_loss:3.74243 train_time:880.089s step_avg:1210.58ms
step:728/3300 train_loss:3.77499 train_time:881.310s step_avg:1210.59ms
step:729/3300 train_loss:3.81237 train_time:882.517s step_avg:1210.59ms
step:730/3300 train_loss:3.83377 train_time:883.722s step_avg:1210.58ms
step:731/3300 train_loss:3.79948 train_time:884.921s step_avg:1210.56ms
step:732/3300 train_loss:3.80177 train_time:886.128s step_avg:1210.56ms
step:733/3300 train_loss:3.79681 train_time:887.330s step_avg:1210.55ms
step:734/3300 train_loss:3.86210 train_time:888.540s step_avg:1210.54ms
step:735/3300 train_loss:3.77918 train_time:889.732s step_avg:1210.52ms
step:736/3300 train_loss:3.78329 train_time:890.932s step_avg:1210.50ms
step:737/3300 train_loss:3.81348 train_time:892.148s step_avg:1210.51ms
step:738/3300 train_loss:3.78444 train_time:893.348s step_avg:1210.50ms
step:739/3300 train_loss:3.78459 train_time:894.554s step_avg:1210.49ms
step:740/3300 train_loss:3.89126 train_time:895.775s step_avg:1210.51ms
step:741/3300 train_loss:3.76423 train_time:896.976s step_avg:1210.49ms
step:742/3300 train_loss:3.74508 train_time:898.175s step_avg:1210.48ms
step:743/3300 train_loss:3.79123 train_time:899.373s step_avg:1210.46ms
step:744/3300 train_loss:3.69489 train_time:900.578s step_avg:1210.45ms
step:745/3300 train_loss:3.75812 train_time:901.772s step_avg:1210.43ms
step:746/3300 train_loss:3.78906 train_time:902.975s step_avg:1210.42ms
step:747/3300 train_loss:3.74687 train_time:904.182s step_avg:1210.42ms
step:748/3300 train_loss:3.79400 train_time:905.408s step_avg:1210.44ms
step:749/3300 train_loss:3.72435 train_time:906.613s step_avg:1210.43ms
step:750/3300 train_loss:3.80816 train_time:907.817s step_avg:1210.42ms
step:750/3300 val_loss:3.75808 train_time:907.817s step_avg:1206.82ms
step:751/3300 train_loss:3.73700 train_time:909.038s step_avg:1210.44ms
step:752/3300 train_loss:3.77861 train_time:910.227s step_avg:1210.41ms
step:753/3300 train_loss:3.77449 train_time:911.429s step_avg:1210.40ms
step:754/3300 train_loss:3.86169 train_time:912.626s step_avg:1210.38ms
step:755/3300 train_loss:3.80488 train_time:913.828s step_avg:1210.37ms
step:756/3300 train_loss:3.86083 train_time:915.058s step_avg:1210.39ms
step:757/3300 train_loss:3.77225 train_time:916.252s step_avg:1210.37ms
step:758/3300 train_loss:3.78068 train_time:917.447s step_avg:1210.35ms
step:759/3300 train_loss:3.73849 train_time:918.706s step_avg:1210.42ms
step:760/3300 train_loss:3.78802 train_time:919.905s step_avg:1210.40ms
step:761/3300 train_loss:3.73265 train_time:921.127s step_avg:1210.42ms
step:762/3300 train_loss:3.72843 train_time:922.325s step_avg:1210.40ms
step:763/3300 train_loss:3.78860 train_time:923.530s step_avg:1210.39ms
step:764/3300 train_loss:3.75100 train_time:924.729s step_avg:1210.38ms
step:765/3300 train_loss:3.90302 train_time:925.932s step_avg:1210.37ms
step:766/3300 train_loss:3.84549 train_time:927.141s step_avg:1210.37ms
step:767/3300 train_loss:3.80151 train_time:928.344s step_avg:1210.36ms
step:768/3300 train_loss:3.85136 train_time:929.544s step_avg:1210.34ms
step:769/3300 train_loss:3.91528 train_time:930.745s step_avg:1210.33ms
step:770/3300 train_loss:3.76394 train_time:931.942s step_avg:1210.31ms
step:771/3300 train_loss:3.81210 train_time:933.140s step_avg:1210.30ms
step:772/3300 train_loss:3.73497 train_time:934.353s step_avg:1210.30ms
step:773/3300 train_loss:3.78054 train_time:935.552s step_avg:1210.29ms
step:774/3300 train_loss:3.78669 train_time:936.751s step_avg:1210.27ms
step:775/3300 train_loss:3.79131 train_time:937.953s step_avg:1210.26ms
step:776/3300 train_loss:3.71659 train_time:939.177s step_avg:1210.28ms
step:777/3300 train_loss:3.74408 train_time:940.426s step_avg:1210.33ms
step:778/3300 train_loss:3.79577 train_time:941.628s step_avg:1210.32ms
step:779/3300 train_loss:3.74798 train_time:942.828s step_avg:1210.31ms
step:780/3300 train_loss:3.76496 train_time:944.025s step_avg:1210.29ms
step:781/3300 train_loss:3.75103 train_time:945.225s step_avg:1210.28ms
step:782/3300 train_loss:3.76650 train_time:946.437s step_avg:1210.28ms
step:783/3300 train_loss:3.74105 train_time:947.634s step_avg:1210.26ms
step:784/3300 train_loss:3.75498 train_time:948.834s step_avg:1210.25ms
step:785/3300 train_loss:3.70409 train_time:950.032s step_avg:1210.23ms
step:786/3300 train_loss:3.76344 train_time:951.246s step_avg:1210.24ms
step:787/3300 train_loss:3.76096 train_time:952.443s step_avg:1210.22ms
step:788/3300 train_loss:3.73863 train_time:953.648s step_avg:1210.21ms
step:789/3300 train_loss:3.81980 train_time:954.863s step_avg:1210.22ms
step:790/3300 train_loss:3.76325 train_time:956.063s step_avg:1210.21ms
step:791/3300 train_loss:3.85700 train_time:957.265s step_avg:1210.20ms
step:792/3300 train_loss:3.82120 train_time:958.465s step_avg:1210.18ms
step:793/3300 train_loss:3.75173 train_time:959.666s step_avg:1210.17ms
step:794/3300 train_loss:4.08676 train_time:960.868s step_avg:1210.16ms
step:795/3300 train_loss:3.74963 train_time:962.068s step_avg:1210.15ms
step:796/3300 train_loss:3.78072 train_time:963.271s step_avg:1210.14ms
step:797/3300 train_loss:3.76861 train_time:964.496s step_avg:1210.16ms
step:798/3300 train_loss:3.83529 train_time:965.693s step_avg:1210.14ms
step:799/3300 train_loss:3.77166 train_time:966.889s step_avg:1210.12ms
step:800/3300 train_loss:3.77160 train_time:968.107s step_avg:1210.13ms
step:801/3300 train_loss:3.90720 train_time:969.336s step_avg:1210.16ms
step:802/3300 train_loss:3.73998 train_time:970.530s step_avg:1210.14ms
step:803/3300 train_loss:3.76465 train_time:971.725s step_avg:1210.12ms
step:804/3300 train_loss:3.76360 train_time:972.924s step_avg:1210.10ms
step:805/3300 train_loss:3.77362 train_time:974.146s step_avg:1210.12ms
step:806/3300 train_loss:3.76359 train_time:975.351s step_avg:1210.11ms
step:807/3300 train_loss:3.73589 train_time:976.550s step_avg:1210.10ms
step:808/3300 train_loss:3.76495 train_time:977.753s step_avg:1210.09ms
step:809/3300 train_loss:3.75982 train_time:978.964s step_avg:1210.09ms
step:810/3300 train_loss:3.77617 train_time:980.153s step_avg:1210.07ms
step:811/3300 train_loss:3.77064 train_time:981.348s step_avg:1210.05ms
step:812/3300 train_loss:3.86018 train_time:982.547s step_avg:1210.03ms
step:813/3300 train_loss:3.82832 train_time:983.758s step_avg:1210.03ms
step:814/3300 train_loss:3.75221 train_time:984.990s step_avg:1210.06ms
step:815/3300 train_loss:3.77391 train_time:986.186s step_avg:1210.04ms
step:816/3300 train_loss:3.75406 train_time:987.387s step_avg:1210.03ms
step:817/3300 train_loss:3.79128 train_time:988.609s step_avg:1210.05ms
step:818/3300 train_loss:3.72462 train_time:989.811s step_avg:1210.04ms
step:819/3300 train_loss:3.71583 train_time:991.017s step_avg:1210.03ms
step:820/3300 train_loss:3.72998 train_time:992.214s step_avg:1210.02ms
step:821/3300 train_loss:3.77081 train_time:993.412s step_avg:1210.00ms
step:822/3300 train_loss:3.70323 train_time:994.678s step_avg:1210.07ms
step:823/3300 train_loss:3.69231 train_time:995.951s step_avg:1210.15ms
step:824/3300 train_loss:3.75171 train_time:997.152s step_avg:1210.14ms
step:825/3300 train_loss:3.66288 train_time:998.388s step_avg:1210.17ms
step:826/3300 train_loss:3.71523 train_time:999.675s step_avg:1210.26ms
step:827/3300 train_loss:3.75677 train_time:1000.877s step_avg:1210.25ms
step:828/3300 train_loss:3.72941 train_time:1002.075s step_avg:1210.24ms
step:829/3300 train_loss:3.77348 train_time:1003.275s step_avg:1210.22ms
step:830/3300 train_loss:3.79867 train_time:1004.479s step_avg:1210.22ms
step:831/3300 train_loss:3.85414 train_time:1005.680s step_avg:1210.20ms
step:832/3300 train_loss:3.76065 train_time:1006.894s step_avg:1210.21ms
step:833/3300 train_loss:3.73962 train_time:1008.097s step_avg:1210.20ms
step:834/3300 train_loss:3.74440 train_time:1009.373s step_avg:1210.28ms
step:835/3300 train_loss:3.70753 train_time:1010.575s step_avg:1210.27ms
step:836/3300 train_loss:3.74140 train_time:1011.774s step_avg:1210.26ms
step:837/3300 train_loss:3.71965 train_time:1012.972s step_avg:1210.24ms
step:838/3300 train_loss:3.79399 train_time:1014.176s step_avg:1210.23ms
step:839/3300 train_loss:3.74957 train_time:1015.419s step_avg:1210.27ms
step:840/3300 train_loss:3.73961 train_time:1016.619s step_avg:1210.26ms
step:841/3300 train_loss:3.76001 train_time:1017.851s step_avg:1210.29ms
step:842/3300 train_loss:3.71648 train_time:1019.061s step_avg:1210.29ms
step:843/3300 train_loss:3.74658 train_time:1020.265s step_avg:1210.28ms
step:844/3300 train_loss:3.78069 train_time:1021.460s step_avg:1210.26ms
step:845/3300 train_loss:3.76338 train_time:1022.658s step_avg:1210.25ms
step:846/3300 train_loss:3.74311 train_time:1023.871s step_avg:1210.25ms
step:847/3300 train_loss:3.73043 train_time:1025.076s step_avg:1210.24ms
step:848/3300 train_loss:3.79390 train_time:1026.283s step_avg:1210.24ms
step:849/3300 train_loss:3.73683 train_time:1027.507s step_avg:1210.26ms
step:850/3300 train_loss:3.80553 train_time:1028.714s step_avg:1210.25ms
step:851/3300 train_loss:3.74397 train_time:1029.925s step_avg:1210.25ms
step:852/3300 train_loss:3.75578 train_time:1031.132s step_avg:1210.25ms
step:853/3300 train_loss:3.75172 train_time:1032.332s step_avg:1210.24ms
step:854/3300 train_loss:3.71761 train_time:1033.534s step_avg:1210.23ms
step:855/3300 train_loss:3.76777 train_time:1034.734s step_avg:1210.22ms
step:856/3300 train_loss:3.79574 train_time:1035.934s step_avg:1210.20ms
step:857/3300 train_loss:3.70051 train_time:1037.139s step_avg:1210.20ms
step:858/3300 train_loss:3.73080 train_time:1038.335s step_avg:1210.18ms
step:859/3300 train_loss:3.75149 train_time:1039.539s step_avg:1210.17ms
step:860/3300 train_loss:3.71719 train_time:1040.742s step_avg:1210.16ms
step:861/3300 train_loss:3.72167 train_time:1041.938s step_avg:1210.15ms
step:862/3300 train_loss:3.69713 train_time:1043.134s step_avg:1210.13ms
step:863/3300 train_loss:3.75469 train_time:1044.357s step_avg:1210.15ms
step:864/3300 train_loss:3.75585 train_time:1045.555s step_avg:1210.13ms
step:865/3300 train_loss:3.85843 train_time:1046.759s step_avg:1210.13ms
step:866/3300 train_loss:3.78094 train_time:1047.970s step_avg:1210.13ms
step:867/3300 train_loss:3.73093 train_time:1049.188s step_avg:1210.14ms
step:868/3300 train_loss:3.68804 train_time:1050.389s step_avg:1210.13ms
step:869/3300 train_loss:3.71983 train_time:1051.590s step_avg:1210.11ms
step:870/3300 train_loss:3.75561 train_time:1052.792s step_avg:1210.11ms
step:871/3300 train_loss:3.72202 train_time:1054.009s step_avg:1210.11ms
step:872/3300 train_loss:3.76556 train_time:1055.205s step_avg:1210.10ms
step:873/3300 train_loss:3.74036 train_time:1056.406s step_avg:1210.09ms
step:874/3300 train_loss:3.69089 train_time:1057.606s step_avg:1210.08ms
step:875/3300 train_loss:3.73008 train_time:1058.810s step_avg:1210.07ms
step:875/3300 val_loss:3.72106 train_time:1058.810s step_avg:1207.95ms
step:876/3300 train_loss:3.78065 train_time:1060.020s step_avg:1210.07ms
step:877/3300 train_loss:3.72717 train_time:1061.219s step_avg:1210.06ms
step:878/3300 train_loss:3.79022 train_time:1062.421s step_avg:1210.05ms
step:879/3300 train_loss:3.73835 train_time:1063.617s step_avg:1210.03ms
step:880/3300 train_loss:3.70286 train_time:1064.816s step_avg:1210.02ms
step:881/3300 train_loss:3.73009 train_time:1066.037s step_avg:1210.03ms
step:882/3300 train_loss:3.74116 train_time:1067.243s step_avg:1210.03ms
step:883/3300 train_loss:3.74559 train_time:1068.444s step_avg:1210.02ms
step:884/3300 train_loss:3.73372 train_time:1069.641s step_avg:1210.00ms
step:885/3300 train_loss:3.70700 train_time:1070.837s step_avg:1209.98ms
step:886/3300 train_loss:3.73533 train_time:1072.092s step_avg:1210.04ms
step:887/3300 train_loss:3.86387 train_time:1073.311s step_avg:1210.05ms
step:888/3300 train_loss:3.75401 train_time:1074.509s step_avg:1210.03ms
step:889/3300 train_loss:3.68927 train_time:1075.712s step_avg:1210.02ms
step:890/3300 train_loss:3.66808 train_time:1076.919s step_avg:1210.02ms
step:891/3300 train_loss:3.72620 train_time:1078.132s step_avg:1210.03ms
step:892/3300 train_loss:3.76693 train_time:1079.341s step_avg:1210.02ms
step:893/3300 train_loss:3.66399 train_time:1080.552s step_avg:1210.02ms
step:894/3300 train_loss:3.75220 train_time:1081.776s step_avg:1210.04ms
step:895/3300 train_loss:3.74733 train_time:1082.983s step_avg:1210.04ms
step:896/3300 train_loss:3.74271 train_time:1084.190s step_avg:1210.03ms
step:897/3300 train_loss:3.73950 train_time:1085.398s step_avg:1210.03ms
step:898/3300 train_loss:3.77846 train_time:1086.625s step_avg:1210.05ms
step:899/3300 train_loss:3.73544 train_time:1087.844s step_avg:1210.06ms
step:900/3300 train_loss:3.67714 train_time:1089.062s step_avg:1210.07ms
step:901/3300 train_loss:3.71980 train_time:1090.273s step_avg:1210.07ms
step:902/3300 train_loss:4.02703 train_time:1091.479s step_avg:1210.07ms
step:903/3300 train_loss:3.71498 train_time:1092.687s step_avg:1210.06ms
step:904/3300 train_loss:3.72000 train_time:1093.891s step_avg:1210.06ms
step:905/3300 train_loss:3.77465 train_time:1095.101s step_avg:1210.06ms
step:906/3300 train_loss:3.77937 train_time:1096.311s step_avg:1210.06ms
step:907/3300 train_loss:3.70979 train_time:1097.538s step_avg:1210.07ms
step:908/3300 train_loss:3.77158 train_time:1098.761s step_avg:1210.09ms
step:909/3300 train_loss:3.87467 train_time:1099.974s step_avg:1210.09ms
step:910/3300 train_loss:3.69565 train_time:1101.187s step_avg:1210.10ms
step:911/3300 train_loss:3.74322 train_time:1102.408s step_avg:1210.11ms
step:912/3300 train_loss:3.69230 train_time:1103.599s step_avg:1210.09ms
step:913/3300 train_loss:3.72222 train_time:1104.801s step_avg:1210.08ms
step:914/3300 train_loss:3.80010 train_time:1106.006s step_avg:1210.07ms
step:915/3300 train_loss:3.74756 train_time:1107.202s step_avg:1210.06ms
step:916/3300 train_loss:3.83223 train_time:1108.421s step_avg:1210.07ms
step:917/3300 train_loss:3.72596 train_time:1109.660s step_avg:1210.10ms
step:918/3300 train_loss:3.87490 train_time:1110.922s step_avg:1210.16ms
step:919/3300 train_loss:3.73532 train_time:1112.127s step_avg:1210.15ms
step:920/3300 train_loss:3.77315 train_time:1113.377s step_avg:1210.19ms
step:921/3300 train_loss:3.68989 train_time:1114.575s step_avg:1210.18ms
step:922/3300 train_loss:3.71033 train_time:1115.785s step_avg:1210.18ms
step:923/3300 train_loss:3.69091 train_time:1116.999s step_avg:1210.18ms
step:924/3300 train_loss:3.74365 train_time:1118.283s step_avg:1210.26ms
step:925/3300 train_loss:3.73785 train_time:1119.494s step_avg:1210.26ms
step:926/3300 train_loss:3.76250 train_time:1120.720s step_avg:1210.28ms
step:927/3300 train_loss:3.69849 train_time:1121.935s step_avg:1210.29ms
step:928/3300 train_loss:3.72189 train_time:1123.136s step_avg:1210.28ms
step:929/3300 train_loss:3.84397 train_time:1124.338s step_avg:1210.27ms
step:930/3300 train_loss:3.69761 train_time:1125.537s step_avg:1210.26ms
step:931/3300 train_loss:3.70132 train_time:1126.748s step_avg:1210.26ms
step:932/3300 train_loss:3.86438 train_time:1127.947s step_avg:1210.24ms
step:933/3300 train_loss:3.69665 train_time:1129.158s step_avg:1210.24ms
step:934/3300 train_loss:3.83194 train_time:1130.374s step_avg:1210.25ms
step:935/3300 train_loss:3.76884 train_time:1131.583s step_avg:1210.25ms
step:936/3300 train_loss:3.72403 train_time:1132.782s step_avg:1210.24ms
step:937/3300 train_loss:3.67438 train_time:1133.996s step_avg:1210.24ms
step:938/3300 train_loss:3.74649 train_time:1135.197s step_avg:1210.23ms
step:939/3300 train_loss:3.70732 train_time:1136.416s step_avg:1210.24ms
step:940/3300 train_loss:3.68301 train_time:1137.627s step_avg:1210.24ms
step:941/3300 train_loss:3.81258 train_time:1138.829s step_avg:1210.23ms
step:942/3300 train_loss:3.70442 train_time:1140.037s step_avg:1210.23ms
step:943/3300 train_loss:3.76781 train_time:1141.247s step_avg:1210.23ms
step:944/3300 train_loss:3.75999 train_time:1142.445s step_avg:1210.22ms
step:945/3300 train_loss:3.72623 train_time:1143.646s step_avg:1210.21ms
step:946/3300 train_loss:3.89884 train_time:1144.843s step_avg:1210.19ms
step:947/3300 train_loss:3.76478 train_time:1146.071s step_avg:1210.21ms
step:948/3300 train_loss:3.70138 train_time:1147.278s step_avg:1210.21ms
step:949/3300 train_loss:3.72604 train_time:1148.484s step_avg:1210.20ms
step:950/3300 train_loss:3.72836 train_time:1149.685s step_avg:1210.19ms
step:951/3300 train_loss:3.70471 train_time:1150.920s step_avg:1210.22ms
step:952/3300 train_loss:3.76997 train_time:1152.125s step_avg:1210.21ms
step:953/3300 train_loss:3.69632 train_time:1153.330s step_avg:1210.21ms
step:954/3300 train_loss:3.72752 train_time:1154.527s step_avg:1210.20ms
step:955/3300 train_loss:3.75144 train_time:1155.730s step_avg:1210.19ms
step:956/3300 train_loss:3.73666 train_time:1156.942s step_avg:1210.19ms
step:957/3300 train_loss:3.80729 train_time:1158.148s step_avg:1210.19ms
step:958/3300 train_loss:3.76947 train_time:1159.359s step_avg:1210.19ms
step:959/3300 train_loss:3.76580 train_time:1160.573s step_avg:1210.19ms
step:960/3300 train_loss:3.69303 train_time:1161.776s step_avg:1210.18ms
step:961/3300 train_loss:3.72512 train_time:1162.987s step_avg:1210.18ms
step:962/3300 train_loss:3.70096 train_time:1164.187s step_avg:1210.17ms
step:963/3300 train_loss:3.70372 train_time:1165.389s step_avg:1210.17ms
step:964/3300 train_loss:3.69190 train_time:1166.600s step_avg:1210.17ms
step:965/3300 train_loss:3.73715 train_time:1167.802s step_avg:1210.16ms
step:966/3300 train_loss:3.74254 train_time:1169.000s step_avg:1210.14ms
step:967/3300 train_loss:3.75085 train_time:1170.202s step_avg:1210.14ms
step:968/3300 train_loss:3.72380 train_time:1171.402s step_avg:1210.13ms
step:969/3300 train_loss:3.70544 train_time:1172.610s step_avg:1210.12ms
step:970/3300 train_loss:3.70795 train_time:1173.806s step_avg:1210.11ms
step:971/3300 train_loss:3.69671 train_time:1175.005s step_avg:1210.10ms
step:972/3300 train_loss:3.71530 train_time:1176.231s step_avg:1210.11ms
step:973/3300 train_loss:3.78159 train_time:1177.434s step_avg:1210.11ms
step:974/3300 train_loss:3.71717 train_time:1178.625s step_avg:1210.09ms
step:975/3300 train_loss:3.75644 train_time:1179.838s step_avg:1210.09ms
step:976/3300 train_loss:3.73189 train_time:1181.053s step_avg:1210.10ms
step:977/3300 train_loss:3.70657 train_time:1182.282s step_avg:1210.11ms
step:978/3300 train_loss:3.67721 train_time:1183.488s step_avg:1210.11ms
step:979/3300 train_loss:3.74222 train_time:1184.689s step_avg:1210.10ms
step:980/3300 train_loss:3.70711 train_time:1185.886s step_avg:1210.09ms
step:981/3300 train_loss:3.73540 train_time:1187.155s step_avg:1210.15ms
step:982/3300 train_loss:3.73638 train_time:1188.357s step_avg:1210.14ms
step:983/3300 train_loss:3.72025 train_time:1189.562s step_avg:1210.13ms
step:984/3300 train_loss:3.80178 train_time:1190.778s step_avg:1210.14ms
step:985/3300 train_loss:3.78033 train_time:1192.025s step_avg:1210.18ms
step:986/3300 train_loss:3.71257 train_time:1193.241s step_avg:1210.18ms
step:987/3300 train_loss:3.73761 train_time:1194.438s step_avg:1210.17ms
step:988/3300 train_loss:3.66155 train_time:1195.639s step_avg:1210.16ms
step:989/3300 train_loss:3.69637 train_time:1196.928s step_avg:1210.24ms
step:990/3300 train_loss:3.71143 train_time:1198.127s step_avg:1210.23ms
step:991/3300 train_loss:3.71023 train_time:1199.328s step_avg:1210.22ms
step:992/3300 train_loss:3.70980 train_time:1200.533s step_avg:1210.21ms
step:993/3300 train_loss:3.70120 train_time:1201.774s step_avg:1210.25ms
step:994/3300 train_loss:3.68251 train_time:1202.971s step_avg:1210.23ms
step:995/3300 train_loss:3.76807 train_time:1204.180s step_avg:1210.23ms
step:996/3300 train_loss:3.67221 train_time:1205.380s step_avg:1210.22ms
step:997/3300 train_loss:3.72580 train_time:1206.583s step_avg:1210.21ms
step:998/3300 train_loss:3.74178 train_time:1207.791s step_avg:1210.21ms
step:999/3300 train_loss:3.74644 train_time:1208.996s step_avg:1210.21ms
step:1000/3300 train_loss:3.74833 train_time:1210.192s step_avg:1210.19ms
step:1000/3300 val_loss:3.69122 train_time:1210.192s step_avg:1211.05ms
step:1001/3300 train_loss:3.66663 train_time:1211.393s step_avg:1210.18ms
step:1002/3300 train_loss:3.73215 train_time:1212.592s step_avg:1210.17ms
step:1003/3300 train_loss:3.73416 train_time:1213.824s step_avg:1210.19ms
step:1004/3300 train_loss:3.74813 train_time:1215.020s step_avg:1210.18ms
step:1005/3300 train_loss:3.72163 train_time:1216.230s step_avg:1210.18ms
step:1006/3300 train_loss:3.66991 train_time:1217.496s step_avg:1210.23ms
step:1007/3300 train_loss:3.73870 train_time:1218.706s step_avg:1210.23ms
step:1008/3300 train_loss:3.77458 train_time:1219.903s step_avg:1210.22ms
step:1009/3300 train_loss:3.76947 train_time:1221.096s step_avg:1210.20ms
step:1010/3300 train_loss:3.69128 train_time:1222.294s step_avg:1210.19ms
step:1011/3300 train_loss:3.72963 train_time:1223.494s step_avg:1210.18ms
step:1012/3300 train_loss:3.63237 train_time:1224.696s step_avg:1210.17ms
step:1013/3300 train_loss:3.72067 train_time:1225.909s step_avg:1210.18ms
step:1014/3300 train_loss:3.73671 train_time:1227.118s step_avg:1210.18ms
step:1015/3300 train_loss:3.70334 train_time:1228.330s step_avg:1210.18ms
step:1016/3300 train_loss:3.71962 train_time:1229.557s step_avg:1210.19ms
step:1017/3300 train_loss:3.68613 train_time:1230.770s step_avg:1210.20ms
step:1018/3300 train_loss:3.71312 train_time:1231.964s step_avg:1210.18ms
step:1019/3300 train_loss:3.72677 train_time:1233.165s step_avg:1210.17ms
step:1020/3300 train_loss:3.73052 train_time:1234.374s step_avg:1210.17ms
step:1021/3300 train_loss:3.72301 train_time:1235.565s step_avg:1210.15ms
step:1022/3300 train_loss:3.73862 train_time:1236.781s step_avg:1210.16ms
step:1023/3300 train_loss:3.72038 train_time:1238.005s step_avg:1210.17ms
step:1024/3300 train_loss:3.72759 train_time:1239.214s step_avg:1210.17ms
step:1025/3300 train_loss:3.69282 train_time:1240.411s step_avg:1210.16ms
step:1026/3300 train_loss:3.70948 train_time:1241.610s step_avg:1210.15ms
step:1027/3300 train_loss:3.70514 train_time:1242.812s step_avg:1210.14ms
step:1028/3300 train_loss:3.71526 train_time:1244.003s step_avg:1210.12ms
step:1029/3300 train_loss:3.77591 train_time:1245.204s step_avg:1210.11ms
step:1030/3300 train_loss:3.70793 train_time:1246.405s step_avg:1210.10ms
step:1031/3300 train_loss:3.67129 train_time:1247.615s step_avg:1210.10ms
step:1032/3300 train_loss:3.72949 train_time:1248.816s step_avg:1210.09ms
step:1033/3300 train_loss:3.72098 train_time:1250.024s step_avg:1210.09ms
step:1034/3300 train_loss:3.69854 train_time:1251.224s step_avg:1210.08ms
step:1035/3300 train_loss:3.69417 train_time:1252.424s step_avg:1210.07ms
step:1036/3300 train_loss:3.92241 train_time:1253.628s step_avg:1210.07ms
step:1037/3300 train_loss:3.71600 train_time:1254.827s step_avg:1210.05ms
step:1038/3300 train_loss:3.72478 train_time:1256.050s step_avg:1210.07ms
step:1039/3300 train_loss:3.73114 train_time:1257.261s step_avg:1210.07ms
step:1040/3300 train_loss:3.69869 train_time:1258.459s step_avg:1210.06ms
step:1041/3300 train_loss:3.69613 train_time:1259.661s step_avg:1210.05ms
step:1042/3300 train_loss:3.75241 train_time:1260.863s step_avg:1210.04ms
step:1043/3300 train_loss:3.71847 train_time:1262.063s step_avg:1210.03ms
step:1044/3300 train_loss:3.63426 train_time:1263.263s step_avg:1210.02ms
step:1045/3300 train_loss:3.71082 train_time:1264.464s step_avg:1210.01ms
step:1046/3300 train_loss:3.71158 train_time:1265.664s step_avg:1210.00ms
step:1047/3300 train_loss:3.78533 train_time:1266.866s step_avg:1210.00ms
step:1048/3300 train_loss:3.67597 train_time:1268.065s step_avg:1209.99ms
step:1049/3300 train_loss:3.66300 train_time:1269.276s step_avg:1209.99ms
step:1050/3300 train_loss:3.80180 train_time:1270.478s step_avg:1209.98ms
step:1051/3300 train_loss:3.70580 train_time:1271.676s step_avg:1209.97ms
step:1052/3300 train_loss:3.68816 train_time:1272.872s step_avg:1209.95ms
step:1053/3300 train_loss:3.72088 train_time:1274.081s step_avg:1209.95ms
step:1054/3300 train_loss:3.64111 train_time:1275.283s step_avg:1209.95ms
step:1055/3300 train_loss:3.66855 train_time:1276.492s step_avg:1209.95ms
step:1056/3300 train_loss:3.66745 train_time:1277.701s step_avg:1209.94ms
step:1057/3300 train_loss:3.70562 train_time:1278.911s step_avg:1209.94ms
step:1058/3300 train_loss:3.69546 train_time:1280.132s step_avg:1209.95ms
step:1059/3300 train_loss:3.74080 train_time:1281.327s step_avg:1209.94ms
step:1060/3300 train_loss:3.62908 train_time:1282.525s step_avg:1209.93ms
step:1061/3300 train_loss:3.76988 train_time:1283.747s step_avg:1209.94ms
step:1062/3300 train_loss:3.70123 train_time:1284.957s step_avg:1209.94ms
step:1063/3300 train_loss:3.66823 train_time:1286.153s step_avg:1209.93ms
step:1064/3300 train_loss:3.72197 train_time:1287.363s step_avg:1209.93ms
step:1065/3300 train_loss:3.65400 train_time:1288.569s step_avg:1209.92ms
step:1066/3300 train_loss:3.68595 train_time:1289.781s step_avg:1209.93ms
step:1067/3300 train_loss:3.70115 train_time:1290.983s step_avg:1209.92ms
step:1068/3300 train_loss:3.71910 train_time:1292.196s step_avg:1209.92ms
step:1069/3300 train_loss:3.70436 train_time:1293.406s step_avg:1209.92ms
step:1070/3300 train_loss:3.71938 train_time:1294.603s step_avg:1209.91ms
step:1071/3300 train_loss:3.63615 train_time:1295.806s step_avg:1209.90ms
step:1072/3300 train_loss:3.72767 train_time:1297.019s step_avg:1209.91ms
step:1073/3300 train_loss:3.61814 train_time:1298.209s step_avg:1209.89ms
step:1074/3300 train_loss:3.71479 train_time:1299.414s step_avg:1209.88ms
step:1075/3300 train_loss:3.67926 train_time:1300.617s step_avg:1209.88ms
step:1076/3300 train_loss:3.75514 train_time:1301.817s step_avg:1209.87ms
step:1077/3300 train_loss:3.72220 train_time:1303.018s step_avg:1209.86ms
step:1078/3300 train_loss:3.65958 train_time:1304.221s step_avg:1209.85ms
step:1079/3300 train_loss:3.69742 train_time:1305.431s step_avg:1209.85ms
step:1080/3300 train_loss:3.69394 train_time:1306.651s step_avg:1209.86ms
step:1081/3300 train_loss:3.67037 train_time:1307.849s step_avg:1209.85ms
step:1082/3300 train_loss:3.66851 train_time:1309.068s step_avg:1209.86ms
step:1083/3300 train_loss:3.70643 train_time:1310.274s step_avg:1209.86ms
step:1084/3300 train_loss:3.67763 train_time:1311.472s step_avg:1209.84ms
step:1085/3300 train_loss:3.69133 train_time:1312.671s step_avg:1209.83ms
step:1086/3300 train_loss:3.70333 train_time:1313.885s step_avg:1209.84ms
step:1087/3300 train_loss:3.67945 train_time:1315.089s step_avg:1209.83ms
step:1088/3300 train_loss:3.66496 train_time:1316.301s step_avg:1209.84ms
step:1089/3300 train_loss:3.65283 train_time:1317.512s step_avg:1209.84ms
step:1090/3300 train_loss:3.71470 train_time:1318.719s step_avg:1209.83ms
step:1091/3300 train_loss:3.68538 train_time:1319.913s step_avg:1209.82ms
step:1092/3300 train_loss:3.64506 train_time:1321.113s step_avg:1209.81ms
step:1093/3300 train_loss:3.69270 train_time:1322.313s step_avg:1209.80ms
step:1094/3300 train_loss:3.72481 train_time:1323.516s step_avg:1209.80ms
step:1095/3300 train_loss:3.63162 train_time:1324.721s step_avg:1209.79ms
step:1096/3300 train_loss:3.66419 train_time:1325.936s step_avg:1209.80ms
step:1097/3300 train_loss:3.72681 train_time:1327.137s step_avg:1209.79ms
step:1098/3300 train_loss:3.73303 train_time:1328.339s step_avg:1209.78ms
step:1099/3300 train_loss:3.72565 train_time:1329.547s step_avg:1209.78ms
step:1100/3300 train_loss:3.70524 train_time:1330.821s step_avg:1209.84ms
step:1101/3300 train_loss:3.70567 train_time:1332.010s step_avg:1209.82ms
step:1102/3300 train_loss:3.70559 train_time:1333.203s step_avg:1209.80ms
step:1103/3300 train_loss:3.70030 train_time:1334.415s step_avg:1209.81ms
step:1104/3300 train_loss:3.75453 train_time:1335.616s step_avg:1209.80ms
step:1105/3300 train_loss:3.80238 train_time:1336.829s step_avg:1209.80ms
step:1106/3300 train_loss:3.72490 train_time:1338.045s step_avg:1209.81ms
step:1107/3300 train_loss:3.72355 train_time:1339.248s step_avg:1209.80ms
step:1108/3300 train_loss:3.66570 train_time:1340.465s step_avg:1209.81ms
step:1109/3300 train_loss:3.67965 train_time:1341.668s step_avg:1209.80ms
step:1110/3300 train_loss:3.63984 train_time:1342.868s step_avg:1209.79ms
step:1111/3300 train_loss:3.59843 train_time:1344.067s step_avg:1209.78ms
step:1112/3300 train_loss:3.63324 train_time:1345.263s step_avg:1209.77ms
step:1113/3300 train_loss:3.73701 train_time:1346.456s step_avg:1209.75ms
step:1114/3300 train_loss:3.70522 train_time:1347.654s step_avg:1209.74ms
step:1115/3300 train_loss:3.72973 train_time:1348.858s step_avg:1209.74ms
step:1116/3300 train_loss:3.74359 train_time:1350.064s step_avg:1209.73ms
step:1117/3300 train_loss:3.76120 train_time:1351.270s step_avg:1209.73ms
step:1118/3300 train_loss:3.68043 train_time:1352.487s step_avg:1209.74ms
step:1119/3300 train_loss:3.67163 train_time:1353.702s step_avg:1209.74ms
step:1120/3300 train_loss:3.77063 train_time:1354.919s step_avg:1209.75ms
step:1121/3300 train_loss:3.70236 train_time:1356.123s step_avg:1209.74ms
step:1122/3300 train_loss:3.63723 train_time:1357.323s step_avg:1209.74ms
step:1123/3300 train_loss:3.66616 train_time:1358.529s step_avg:1209.73ms
step:1124/3300 train_loss:3.68453 train_time:1359.731s step_avg:1209.72ms
step:1125/3300 train_loss:3.70355 train_time:1360.936s step_avg:1209.72ms
step:1125/3300 val_loss:3.66276 train_time:1360.936s step_avg:1205.95ms
step:1126/3300 train_loss:3.64407 train_time:1362.143s step_avg:1209.72ms
step:1127/3300 train_loss:3.73110 train_time:1363.332s step_avg:1209.70ms
step:1128/3300 train_loss:3.67416 train_time:1364.531s step_avg:1209.69ms
step:1129/3300 train_loss:3.67718 train_time:1365.731s step_avg:1209.68ms
step:1130/3300 train_loss:3.65738 train_time:1366.933s step_avg:1209.68ms
step:1131/3300 train_loss:3.68433 train_time:1368.137s step_avg:1209.67ms
step:1132/3300 train_loss:3.68431 train_time:1369.345s step_avg:1209.67ms
step:1133/3300 train_loss:3.73474 train_time:1370.548s step_avg:1209.66ms
step:1134/3300 train_loss:3.69596 train_time:1371.749s step_avg:1209.65ms
step:1135/3300 train_loss:3.72344 train_time:1372.960s step_avg:1209.66ms
step:1136/3300 train_loss:3.66267 train_time:1374.157s step_avg:1209.65ms
step:1137/3300 train_loss:3.77447 train_time:1375.358s step_avg:1209.64ms
step:1138/3300 train_loss:3.64878 train_time:1376.576s step_avg:1209.65ms
step:1139/3300 train_loss:3.69076 train_time:1377.793s step_avg:1209.65ms
step:1140/3300 train_loss:3.67134 train_time:1379.011s step_avg:1209.66ms
step:1141/3300 train_loss:3.73223 train_time:1380.238s step_avg:1209.67ms
step:1142/3300 train_loss:3.68031 train_time:1381.447s step_avg:1209.67ms
step:1143/3300 train_loss:3.65848 train_time:1382.653s step_avg:1209.67ms
step:1144/3300 train_loss:3.66385 train_time:1383.850s step_avg:1209.66ms
step:1145/3300 train_loss:3.71273 train_time:1385.054s step_avg:1209.65ms
step:1146/3300 train_loss:3.76233 train_time:1386.261s step_avg:1209.65ms
step:1147/3300 train_loss:3.70922 train_time:1387.459s step_avg:1209.64ms
step:1148/3300 train_loss:3.74854 train_time:1388.664s step_avg:1209.64ms
step:1149/3300 train_loss:3.65570 train_time:1389.862s step_avg:1209.63ms
step:1150/3300 train_loss:3.63754 train_time:1391.077s step_avg:1209.63ms
step:1151/3300 train_loss:3.65844 train_time:1392.289s step_avg:1209.63ms
step:1152/3300 train_loss:3.74625 train_time:1393.487s step_avg:1209.62ms
step:1153/3300 train_loss:3.64448 train_time:1394.682s step_avg:1209.61ms
step:1154/3300 train_loss:3.68151 train_time:1395.896s step_avg:1209.62ms
step:1155/3300 train_loss:3.72486 train_time:1397.113s step_avg:1209.62ms
step:1156/3300 train_loss:3.70988 train_time:1398.335s step_avg:1209.63ms
step:1157/3300 train_loss:3.67365 train_time:1399.542s step_avg:1209.63ms
step:1158/3300 train_loss:3.72315 train_time:1400.741s step_avg:1209.62ms
step:1159/3300 train_loss:3.68116 train_time:1401.945s step_avg:1209.62ms
step:1160/3300 train_loss:3.65375 train_time:1403.140s step_avg:1209.60ms
step:1161/3300 train_loss:3.59595 train_time:1404.342s step_avg:1209.60ms
step:1162/3300 train_loss:3.70049 train_time:1405.539s step_avg:1209.59ms
step:1163/3300 train_loss:3.66203 train_time:1406.746s step_avg:1209.58ms
step:1164/3300 train_loss:3.63939 train_time:1407.967s step_avg:1209.59ms
step:1165/3300 train_loss:3.67468 train_time:1409.164s step_avg:1209.58ms
step:1166/3300 train_loss:3.68412 train_time:1410.357s step_avg:1209.57ms
step:1167/3300 train_loss:3.69957 train_time:1411.586s step_avg:1209.59ms
step:1168/3300 train_loss:3.69211 train_time:1412.787s step_avg:1209.58ms
step:1169/3300 train_loss:3.63687 train_time:1414.000s step_avg:1209.58ms
step:1170/3300 train_loss:3.70553 train_time:1415.217s step_avg:1209.59ms
step:1171/3300 train_loss:3.61290 train_time:1416.429s step_avg:1209.59ms
step:1172/3300 train_loss:3.66239 train_time:1417.628s step_avg:1209.58ms
step:1173/3300 train_loss:3.81608 train_time:1418.818s step_avg:1209.56ms
step:1174/3300 train_loss:3.64403 train_time:1420.016s step_avg:1209.55ms
step:1175/3300 train_loss:3.65906 train_time:1421.239s step_avg:1209.56ms
step:1176/3300 train_loss:3.62279 train_time:1422.438s step_avg:1209.56ms
step:1177/3300 train_loss:3.67543 train_time:1423.655s step_avg:1209.56ms
step:1178/3300 train_loss:3.65322 train_time:1424.854s step_avg:1209.55ms
step:1179/3300 train_loss:3.74072 train_time:1426.057s step_avg:1209.55ms
step:1180/3300 train_loss:3.65464 train_time:1427.259s step_avg:1209.54ms
step:1181/3300 train_loss:3.62880 train_time:1428.466s step_avg:1209.54ms
step:1182/3300 train_loss:3.67380 train_time:1429.670s step_avg:1209.53ms
step:1183/3300 train_loss:3.65528 train_time:1430.875s step_avg:1209.53ms
step:1184/3300 train_loss:3.63820 train_time:1432.087s step_avg:1209.53ms
step:1185/3300 train_loss:3.68812 train_time:1433.280s step_avg:1209.52ms
step:1186/3300 train_loss:3.60654 train_time:1434.478s step_avg:1209.51ms
step:1187/3300 train_loss:3.69499 train_time:1435.678s step_avg:1209.50ms
step:1188/3300 train_loss:3.67513 train_time:1436.881s step_avg:1209.50ms
step:1189/3300 train_loss:3.67804 train_time:1438.086s step_avg:1209.49ms
step:1190/3300 train_loss:3.68005 train_time:1439.306s step_avg:1209.50ms
step:1191/3300 train_loss:3.79695 train_time:1440.499s step_avg:1209.49ms
step:1192/3300 train_loss:3.74403 train_time:1441.724s step_avg:1209.50ms
step:1193/3300 train_loss:3.64148 train_time:1442.925s step_avg:1209.49ms
step:1194/3300 train_loss:3.67457 train_time:1444.119s step_avg:1209.48ms
step:1195/3300 train_loss:3.66150 train_time:1445.326s step_avg:1209.48ms
step:1196/3300 train_loss:3.66294 train_time:1446.535s step_avg:1209.48ms
step:1197/3300 train_loss:3.73969 train_time:1447.738s step_avg:1209.47ms
step:1198/3300 train_loss:3.68564 train_time:1448.945s step_avg:1209.47ms
step:1199/3300 train_loss:3.64009 train_time:1450.154s step_avg:1209.47ms
step:1200/3300 train_loss:3.64411 train_time:1451.362s step_avg:1209.47ms
step:1201/3300 train_loss:3.68457 train_time:1452.570s step_avg:1209.47ms
step:1202/3300 train_loss:3.69083 train_time:1453.763s step_avg:1209.45ms
step:1203/3300 train_loss:3.62737 train_time:1454.961s step_avg:1209.44ms
step:1204/3300 train_loss:3.68692 train_time:1456.160s step_avg:1209.44ms
step:1205/3300 train_loss:3.68584 train_time:1457.367s step_avg:1209.43ms
step:1206/3300 train_loss:3.61468 train_time:1458.573s step_avg:1209.43ms
step:1207/3300 train_loss:3.71533 train_time:1459.773s step_avg:1209.42ms
step:1208/3300 train_loss:3.65416 train_time:1460.973s step_avg:1209.42ms
step:1209/3300 train_loss:3.66041 train_time:1462.191s step_avg:1209.42ms
step:1210/3300 train_loss:3.63774 train_time:1463.388s step_avg:1209.41ms
step:1211/3300 train_loss:3.70574 train_time:1464.585s step_avg:1209.40ms
step:1212/3300 train_loss:3.62994 train_time:1465.797s step_avg:1209.40ms
step:1213/3300 train_loss:3.66043 train_time:1467.005s step_avg:1209.40ms
step:1214/3300 train_loss:3.61918 train_time:1468.211s step_avg:1209.40ms
step:1215/3300 train_loss:3.65291 train_time:1469.424s step_avg:1209.40ms
step:1216/3300 train_loss:3.63755 train_time:1470.620s step_avg:1209.39ms
step:1217/3300 train_loss:3.63251 train_time:1471.819s step_avg:1209.38ms
step:1218/3300 train_loss:3.64214 train_time:1473.034s step_avg:1209.39ms
step:1219/3300 train_loss:3.74000 train_time:1474.239s step_avg:1209.38ms
step:1220/3300 train_loss:3.68846 train_time:1475.443s step_avg:1209.38ms
step:1221/3300 train_loss:3.63994 train_time:1476.643s step_avg:1209.37ms
step:1222/3300 train_loss:3.69711 train_time:1477.840s step_avg:1209.36ms
step:1223/3300 train_loss:3.64592 train_time:1479.039s step_avg:1209.35ms
step:1224/3300 train_loss:3.66106 train_time:1480.249s step_avg:1209.35ms
step:1225/3300 train_loss:3.61914 train_time:1481.484s step_avg:1209.37ms
step:1226/3300 train_loss:3.66810 train_time:1482.728s step_avg:1209.40ms
step:1227/3300 train_loss:3.65429 train_time:1483.928s step_avg:1209.40ms
step:1228/3300 train_loss:3.63250 train_time:1485.121s step_avg:1209.38ms
step:1229/3300 train_loss:3.65276 train_time:1486.315s step_avg:1209.37ms
step:1230/3300 train_loss:3.62504 train_time:1487.504s step_avg:1209.35ms
step:1231/3300 train_loss:3.70620 train_time:1488.711s step_avg:1209.35ms
step:1232/3300 train_loss:3.66013 train_time:1489.904s step_avg:1209.34ms
step:1233/3300 train_loss:3.61747 train_time:1491.104s step_avg:1209.33ms
step:1234/3300 train_loss:3.69002 train_time:1492.311s step_avg:1209.33ms
step:1235/3300 train_loss:3.65632 train_time:1493.510s step_avg:1209.32ms
step:1236/3300 train_loss:3.66478 train_time:1494.702s step_avg:1209.31ms
step:1237/3300 train_loss:3.61386 train_time:1495.911s step_avg:1209.31ms
step:1238/3300 train_loss:3.60660 train_time:1497.106s step_avg:1209.29ms
step:1239/3300 train_loss:3.67693 train_time:1498.320s step_avg:1209.30ms
step:1240/3300 train_loss:3.60588 train_time:1499.526s step_avg:1209.30ms
step:1241/3300 train_loss:3.71897 train_time:1500.732s step_avg:1209.29ms
step:1242/3300 train_loss:3.74224 train_time:1501.926s step_avg:1209.28ms
step:1243/3300 train_loss:3.67514 train_time:1503.183s step_avg:1209.32ms
step:1244/3300 train_loss:3.63951 train_time:1504.382s step_avg:1209.31ms
step:1245/3300 train_loss:3.65997 train_time:1505.580s step_avg:1209.30ms
step:1246/3300 train_loss:3.61009 train_time:1506.800s step_avg:1209.31ms
step:1247/3300 train_loss:3.61766 train_time:1508.015s step_avg:1209.31ms
step:1248/3300 train_loss:3.67920 train_time:1509.210s step_avg:1209.30ms
step:1249/3300 train_loss:3.64053 train_time:1510.406s step_avg:1209.29ms
step:1250/3300 train_loss:3.58542 train_time:1511.622s step_avg:1209.30ms
step:1250/3300 val_loss:3.62976 train_time:1511.622s step_avg:1205.49ms
step:1251/3300 train_loss:3.62093 train_time:1512.831s step_avg:1209.30ms
step:1252/3300 train_loss:3.63392 train_time:1514.037s step_avg:1209.29ms
step:1253/3300 train_loss:3.66439 train_time:1515.244s step_avg:1209.29ms
step:1254/3300 train_loss:3.67840 train_time:1516.441s step_avg:1209.28ms
step:1255/3300 train_loss:3.67111 train_time:1517.640s step_avg:1209.27ms
step:1256/3300 train_loss:3.65816 train_time:1518.848s step_avg:1209.27ms
step:1257/3300 train_loss:3.61595 train_time:1520.051s step_avg:1209.27ms
step:1258/3300 train_loss:3.83491 train_time:1521.258s step_avg:1209.27ms
step:1259/3300 train_loss:3.66374 train_time:1522.455s step_avg:1209.26ms
step:1260/3300 train_loss:3.62048 train_time:1523.681s step_avg:1209.27ms
step:1261/3300 train_loss:3.64953 train_time:1524.881s step_avg:1209.26ms
step:1262/3300 train_loss:3.67707 train_time:1526.082s step_avg:1209.26ms
step:1263/3300 train_loss:3.64818 train_time:1527.285s step_avg:1209.25ms
step:1264/3300 train_loss:3.63455 train_time:1528.486s step_avg:1209.24ms
step:1265/3300 train_loss:3.66428 train_time:1529.686s step_avg:1209.24ms
step:1266/3300 train_loss:3.64477 train_time:1530.903s step_avg:1209.24ms
step:1267/3300 train_loss:3.57868 train_time:1532.111s step_avg:1209.24ms
step:1268/3300 train_loss:3.59943 train_time:1533.304s step_avg:1209.23ms
step:1269/3300 train_loss:3.62101 train_time:1534.525s step_avg:1209.24ms
step:1270/3300 train_loss:3.67046 train_time:1535.740s step_avg:1209.24ms
step:1271/3300 train_loss:3.63204 train_time:1536.941s step_avg:1209.24ms
step:1272/3300 train_loss:3.65887 train_time:1538.154s step_avg:1209.24ms
step:1273/3300 train_loss:3.66927 train_time:1539.351s step_avg:1209.23ms
step:1274/3300 train_loss:3.68119 train_time:1540.579s step_avg:1209.25ms
step:1275/3300 train_loss:3.60039 train_time:1541.789s step_avg:1209.25ms
step:1276/3300 train_loss:3.66444 train_time:1542.988s step_avg:1209.24ms
step:1277/3300 train_loss:3.60858 train_time:1544.201s step_avg:1209.24ms
step:1278/3300 train_loss:3.68265 train_time:1545.401s step_avg:1209.23ms
step:1279/3300 train_loss:3.63219 train_time:1546.601s step_avg:1209.23ms
step:1280/3300 train_loss:3.68929 train_time:1547.798s step_avg:1209.22ms
step:1281/3300 train_loss:3.65374 train_time:1549.001s step_avg:1209.21ms
step:1282/3300 train_loss:3.68987 train_time:1550.210s step_avg:1209.21ms
step:1283/3300 train_loss:3.58091 train_time:1551.415s step_avg:1209.21ms
step:1284/3300 train_loss:3.61874 train_time:1552.620s step_avg:1209.21ms
step:1285/3300 train_loss:3.63835 train_time:1553.854s step_avg:1209.23ms
step:1286/3300 train_loss:3.74009 train_time:1555.058s step_avg:1209.22ms
step:1287/3300 train_loss:3.66108 train_time:1556.261s step_avg:1209.22ms
step:1288/3300 train_loss:3.64447 train_time:1557.458s step_avg:1209.21ms
step:1289/3300 train_loss:3.61708 train_time:1558.659s step_avg:1209.20ms
step:1290/3300 train_loss:3.61731 train_time:1559.857s step_avg:1209.19ms
step:1291/3300 train_loss:3.63607 train_time:1561.126s step_avg:1209.24ms
step:1292/3300 train_loss:3.69027 train_time:1562.331s step_avg:1209.23ms
step:1293/3300 train_loss:3.67531 train_time:1563.538s step_avg:1209.23ms
step:1294/3300 train_loss:3.64421 train_time:1564.744s step_avg:1209.23ms
step:1295/3300 train_loss:3.68057 train_time:1565.938s step_avg:1209.22ms
step:1296/3300 train_loss:3.70856 train_time:1567.137s step_avg:1209.21ms
step:1297/3300 train_loss:3.60269 train_time:1568.349s step_avg:1209.21ms
step:1298/3300 train_loss:3.69053 train_time:1569.583s step_avg:1209.23ms
step:1299/3300 train_loss:3.61980 train_time:1570.790s step_avg:1209.23ms
step:1300/3300 train_loss:3.66098 train_time:1571.986s step_avg:1209.22ms
step:1301/3300 train_loss:3.67505 train_time:1573.188s step_avg:1209.21ms
step:1302/3300 train_loss:3.67251 train_time:1574.395s step_avg:1209.21ms
step:1303/3300 train_loss:3.66502 train_time:1575.591s step_avg:1209.20ms
step:1304/3300 train_loss:3.63842 train_time:1576.788s step_avg:1209.19ms
step:1305/3300 train_loss:3.59487 train_time:1577.981s step_avg:1209.18ms
step:1306/3300 train_loss:3.63947 train_time:1579.181s step_avg:1209.17ms
step:1307/3300 train_loss:3.58821 train_time:1580.381s step_avg:1209.17ms
step:1308/3300 train_loss:3.62055 train_time:1581.632s step_avg:1209.20ms
step:1309/3300 train_loss:3.71156 train_time:1582.852s step_avg:1209.21ms
step:1310/3300 train_loss:3.57731 train_time:1584.059s step_avg:1209.21ms
step:1311/3300 train_loss:3.63164 train_time:1585.265s step_avg:1209.20ms
step:1312/3300 train_loss:3.63130 train_time:1586.461s step_avg:1209.19ms
step:1313/3300 train_loss:3.61177 train_time:1587.669s step_avg:1209.19ms
step:1314/3300 train_loss:3.53870 train_time:1588.865s step_avg:1209.18ms
step:1315/3300 train_loss:3.69274 train_time:1590.069s step_avg:1209.18ms
step:1316/3300 train_loss:3.69242 train_time:1591.269s step_avg:1209.17ms
step:1317/3300 train_loss:3.63254 train_time:1592.488s step_avg:1209.18ms
step:1318/3300 train_loss:3.61321 train_time:1593.700s step_avg:1209.18ms
step:1319/3300 train_loss:3.71432 train_time:1594.902s step_avg:1209.18ms
step:1320/3300 train_loss:3.66519 train_time:1596.101s step_avg:1209.17ms
step:1321/3300 train_loss:3.76940 train_time:1597.301s step_avg:1209.16ms
step:1322/3300 train_loss:3.61953 train_time:1598.501s step_avg:1209.15ms
step:1323/3300 train_loss:3.68251 train_time:1599.702s step_avg:1209.15ms
step:1324/3300 train_loss:3.68927 train_time:1600.905s step_avg:1209.14ms
step:1325/3300 train_loss:3.60577 train_time:1602.108s step_avg:1209.14ms
step:1326/3300 train_loss:3.60812 train_time:1603.372s step_avg:1209.18ms
step:1327/3300 train_loss:3.64843 train_time:1604.578s step_avg:1209.18ms
step:1328/3300 train_loss:3.54742 train_time:1605.770s step_avg:1209.16ms
step:1329/3300 train_loss:3.65406 train_time:1606.963s step_avg:1209.15ms
step:1330/3300 train_loss:3.67359 train_time:1608.159s step_avg:1209.14ms
step:1331/3300 train_loss:3.65941 train_time:1609.406s step_avg:1209.17ms
step:1332/3300 train_loss:3.72925 train_time:1610.612s step_avg:1209.17ms
step:1333/3300 train_loss:3.65438 train_time:1611.824s step_avg:1209.17ms
step:1334/3300 train_loss:3.65608 train_time:1613.024s step_avg:1209.16ms
step:1335/3300 train_loss:3.70634 train_time:1614.261s step_avg:1209.18ms
step:1336/3300 train_loss:3.65092 train_time:1615.474s step_avg:1209.19ms
step:1337/3300 train_loss:3.65452 train_time:1616.671s step_avg:1209.18ms
step:1338/3300 train_loss:3.63750 train_time:1617.871s step_avg:1209.17ms
step:1339/3300 train_loss:3.62830 train_time:1619.080s step_avg:1209.17ms
step:1340/3300 train_loss:3.65157 train_time:1620.300s step_avg:1209.18ms
step:1341/3300 train_loss:3.65876 train_time:1621.499s step_avg:1209.17ms
step:1342/3300 train_loss:3.72355 train_time:1622.703s step_avg:1209.17ms
step:1343/3300 train_loss:3.66525 train_time:1623.902s step_avg:1209.16ms
step:1344/3300 train_loss:3.61753 train_time:1625.104s step_avg:1209.16ms
step:1345/3300 train_loss:3.54441 train_time:1626.302s step_avg:1209.15ms
step:1346/3300 train_loss:3.62131 train_time:1627.503s step_avg:1209.14ms
step:1347/3300 train_loss:3.64803 train_time:1628.709s step_avg:1209.14ms
step:1348/3300 train_loss:3.63616 train_time:1629.907s step_avg:1209.13ms
step:1349/3300 train_loss:3.62195 train_time:1631.118s step_avg:1209.13ms
step:1350/3300 train_loss:3.64848 train_time:1632.322s step_avg:1209.13ms
step:1351/3300 train_loss:3.67859 train_time:1633.523s step_avg:1209.12ms
step:1352/3300 train_loss:3.60007 train_time:1634.725s step_avg:1209.12ms
step:1353/3300 train_loss:3.64306 train_time:1635.942s step_avg:1209.12ms
step:1354/3300 train_loss:3.62570 train_time:1637.131s step_avg:1209.11ms
step:1355/3300 train_loss:3.56786 train_time:1638.341s step_avg:1209.11ms
step:1356/3300 train_loss:3.66557 train_time:1639.547s step_avg:1209.11ms
step:1357/3300 train_loss:3.81543 train_time:1640.746s step_avg:1209.10ms
step:1358/3300 train_loss:3.64835 train_time:1641.969s step_avg:1209.11ms
step:1359/3300 train_loss:3.57281 train_time:1643.169s step_avg:1209.10ms
step:1360/3300 train_loss:3.60546 train_time:1644.363s step_avg:1209.09ms
step:1361/3300 train_loss:3.58204 train_time:1645.548s step_avg:1209.07ms
step:1362/3300 train_loss:3.62378 train_time:1646.746s step_avg:1209.06ms
step:1363/3300 train_loss:3.57061 train_time:1647.939s step_avg:1209.05ms
step:1364/3300 train_loss:3.58537 train_time:1649.162s step_avg:1209.06ms
step:1365/3300 train_loss:3.61996 train_time:1650.359s step_avg:1209.05ms
step:1366/3300 train_loss:3.64536 train_time:1651.552s step_avg:1209.04ms
step:1367/3300 train_loss:3.62295 train_time:1652.748s step_avg:1209.03ms
step:1368/3300 train_loss:3.68840 train_time:1653.951s step_avg:1209.03ms
step:1369/3300 train_loss:3.62791 train_time:1655.163s step_avg:1209.03ms
step:1370/3300 train_loss:3.70341 train_time:1656.359s step_avg:1209.02ms
step:1371/3300 train_loss:3.62174 train_time:1657.553s step_avg:1209.01ms
step:1372/3300 train_loss:3.66617 train_time:1658.763s step_avg:1209.01ms
step:1373/3300 train_loss:3.64761 train_time:1660.000s step_avg:1209.03ms
step:1374/3300 train_loss:3.60338 train_time:1661.221s step_avg:1209.04ms
step:1375/3300 train_loss:3.62543 train_time:1662.416s step_avg:1209.03ms
step:1375/3300 val_loss:3.60447 train_time:1662.417s step_avg:1206.35ms
step:1376/3300 train_loss:3.66802 train_time:1663.619s step_avg:1209.03ms
step:1377/3300 train_loss:3.61933 train_time:1664.824s step_avg:1209.02ms
step:1378/3300 train_loss:3.64627 train_time:1666.033s step_avg:1209.02ms
step:1379/3300 train_loss:3.56734 train_time:1667.241s step_avg:1209.02ms
step:1380/3300 train_loss:3.55872 train_time:1668.445s step_avg:1209.02ms
step:1381/3300 train_loss:3.67266 train_time:1669.658s step_avg:1209.02ms
step:1382/3300 train_loss:3.62893 train_time:1670.868s step_avg:1209.02ms
step:1383/3300 train_loss:3.63667 train_time:1672.070s step_avg:1209.02ms
step:1384/3300 train_loss:3.60470 train_time:1673.267s step_avg:1209.01ms
step:1385/3300 train_loss:3.58521 train_time:1674.462s step_avg:1209.00ms
step:1386/3300 train_loss:3.64571 train_time:1675.678s step_avg:1209.00ms
step:1387/3300 train_loss:3.63567 train_time:1676.889s step_avg:1209.00ms
step:1388/3300 train_loss:3.61788 train_time:1678.093s step_avg:1209.00ms
step:1389/3300 train_loss:3.65055 train_time:1679.302s step_avg:1209.00ms
step:1390/3300 train_loss:3.63071 train_time:1680.503s step_avg:1209.00ms
step:1391/3300 train_loss:3.67360 train_time:1681.705s step_avg:1208.99ms
step:1392/3300 train_loss:3.61949 train_time:1682.904s step_avg:1208.98ms
step:1393/3300 train_loss:3.62341 train_time:1684.101s step_avg:1208.97ms
step:1394/3300 train_loss:3.67265 train_time:1685.300s step_avg:1208.97ms
step:1395/3300 train_loss:3.62718 train_time:1686.512s step_avg:1208.97ms
step:1396/3300 train_loss:3.62578 train_time:1687.704s step_avg:1208.96ms
step:1397/3300 train_loss:3.59496 train_time:1688.904s step_avg:1208.95ms
step:1398/3300 train_loss:3.59707 train_time:1690.110s step_avg:1208.95ms
step:1399/3300 train_loss:3.58151 train_time:1691.316s step_avg:1208.95ms
step:1400/3300 train_loss:3.62496 train_time:1692.520s step_avg:1208.94ms
step:1401/3300 train_loss:3.58053 train_time:1693.716s step_avg:1208.93ms
step:1402/3300 train_loss:3.61756 train_time:1694.915s step_avg:1208.93ms
step:1403/3300 train_loss:3.65254 train_time:1696.114s step_avg:1208.92ms
step:1404/3300 train_loss:3.60276 train_time:1697.314s step_avg:1208.91ms
step:1405/3300 train_loss:3.56716 train_time:1698.522s step_avg:1208.91ms
step:1406/3300 train_loss:3.61013 train_time:1699.745s step_avg:1208.92ms
step:1407/3300 train_loss:3.63344 train_time:1700.957s step_avg:1208.92ms
step:1408/3300 train_loss:3.68650 train_time:1702.157s step_avg:1208.92ms
step:1409/3300 train_loss:3.61407 train_time:1703.352s step_avg:1208.91ms
step:1410/3300 train_loss:3.62702 train_time:1704.538s step_avg:1208.89ms
step:1411/3300 train_loss:3.62121 train_time:1705.746s step_avg:1208.89ms
step:1412/3300 train_loss:3.64576 train_time:1706.950s step_avg:1208.89ms
step:1413/3300 train_loss:3.61992 train_time:1708.146s step_avg:1208.88ms
step:1414/3300 train_loss:3.56123 train_time:1709.346s step_avg:1208.87ms
step:1415/3300 train_loss:3.61735 train_time:1710.560s step_avg:1208.88ms
step:1416/3300 train_loss:3.59732 train_time:1711.761s step_avg:1208.87ms
step:1417/3300 train_loss:3.61646 train_time:1712.969s step_avg:1208.87ms
step:1418/3300 train_loss:3.62747 train_time:1714.167s step_avg:1208.86ms
step:1419/3300 train_loss:3.72577 train_time:1715.369s step_avg:1208.86ms
step:1420/3300 train_loss:3.61960 train_time:1716.572s step_avg:1208.85ms
step:1421/3300 train_loss:3.57615 train_time:1717.783s step_avg:1208.86ms
step:1422/3300 train_loss:3.60000 train_time:1718.991s step_avg:1208.85ms
step:1423/3300 train_loss:3.58204 train_time:1720.187s step_avg:1208.85ms
step:1424/3300 train_loss:3.60160 train_time:1721.392s step_avg:1208.84ms
step:1425/3300 train_loss:3.57908 train_time:1722.588s step_avg:1208.83ms
step:1426/3300 train_loss:3.62049 train_time:1723.785s step_avg:1208.83ms
step:1427/3300 train_loss:3.60846 train_time:1724.988s step_avg:1208.82ms
step:1428/3300 train_loss:3.61132 train_time:1726.203s step_avg:1208.83ms
step:1429/3300 train_loss:3.62444 train_time:1727.416s step_avg:1208.83ms
step:1430/3300 train_loss:3.56322 train_time:1728.629s step_avg:1208.83ms
step:1431/3300 train_loss:3.56529 train_time:1729.834s step_avg:1208.83ms
step:1432/3300 train_loss:3.63883 train_time:1731.041s step_avg:1208.83ms
step:1433/3300 train_loss:3.55625 train_time:1732.264s step_avg:1208.84ms
step:1434/3300 train_loss:3.56950 train_time:1733.464s step_avg:1208.83ms
step:1435/3300 train_loss:3.56630 train_time:1734.667s step_avg:1208.83ms
step:1436/3300 train_loss:3.55135 train_time:1735.875s step_avg:1208.83ms
step:1437/3300 train_loss:3.68862 train_time:1737.091s step_avg:1208.83ms
step:1438/3300 train_loss:3.63508 train_time:1738.294s step_avg:1208.83ms
step:1439/3300 train_loss:3.58488 train_time:1739.510s step_avg:1208.83ms
step:1440/3300 train_loss:3.52889 train_time:1740.707s step_avg:1208.82ms
step:1441/3300 train_loss:3.57587 train_time:1741.914s step_avg:1208.82ms
step:1442/3300 train_loss:3.58259 train_time:1743.107s step_avg:1208.81ms
step:1443/3300 train_loss:3.61477 train_time:1744.310s step_avg:1208.81ms
step:1444/3300 train_loss:3.59359 train_time:1745.549s step_avg:1208.83ms
step:1445/3300 train_loss:3.59211 train_time:1746.761s step_avg:1208.83ms
step:1446/3300 train_loss:3.63373 train_time:1747.996s step_avg:1208.85ms
step:1447/3300 train_loss:3.56229 train_time:1749.217s step_avg:1208.86ms
step:1448/3300 train_loss:3.58241 train_time:1750.417s step_avg:1208.85ms
step:1449/3300 train_loss:3.59763 train_time:1751.648s step_avg:1208.87ms
step:1450/3300 train_loss:3.60698 train_time:1752.849s step_avg:1208.86ms
step:1451/3300 train_loss:3.54249 train_time:1754.049s step_avg:1208.86ms
step:1452/3300 train_loss:3.58877 train_time:1755.242s step_avg:1208.84ms
step:1453/3300 train_loss:3.53795 train_time:1756.449s step_avg:1208.84ms
step:1454/3300 train_loss:3.64454 train_time:1757.646s step_avg:1208.83ms
step:1455/3300 train_loss:3.62895 train_time:1758.848s step_avg:1208.83ms
step:1456/3300 train_loss:3.57109 train_time:1760.067s step_avg:1208.84ms
step:1457/3300 train_loss:3.60224 train_time:1761.271s step_avg:1208.83ms
step:1458/3300 train_loss:3.62939 train_time:1762.492s step_avg:1208.84ms
step:1459/3300 train_loss:3.62471 train_time:1763.688s step_avg:1208.83ms
step:1460/3300 train_loss:3.54831 train_time:1764.891s step_avg:1208.83ms
step:1461/3300 train_loss:3.59098 train_time:1766.089s step_avg:1208.82ms
step:1462/3300 train_loss:3.52808 train_time:1767.291s step_avg:1208.82ms
step:1463/3300 train_loss:3.67466 train_time:1768.493s step_avg:1208.81ms
step:1464/3300 train_loss:3.58773 train_time:1769.716s step_avg:1208.82ms
step:1465/3300 train_loss:3.58927 train_time:1770.913s step_avg:1208.81ms
step:1466/3300 train_loss:3.59428 train_time:1772.111s step_avg:1208.81ms
step:1467/3300 train_loss:3.56369 train_time:1773.302s step_avg:1208.79ms
step:1468/3300 train_loss:3.57880 train_time:1774.500s step_avg:1208.79ms
step:1469/3300 train_loss:3.58502 train_time:1775.700s step_avg:1208.78ms
step:1470/3300 train_loss:3.50550 train_time:1776.909s step_avg:1208.78ms
step:1471/3300 train_loss:3.55353 train_time:1778.112s step_avg:1208.78ms
step:1472/3300 train_loss:3.63831 train_time:1779.321s step_avg:1208.78ms
step:1473/3300 train_loss:3.61521 train_time:1780.527s step_avg:1208.78ms
step:1474/3300 train_loss:3.57368 train_time:1781.779s step_avg:1208.81ms
step:1475/3300 train_loss:3.55129 train_time:1782.977s step_avg:1208.80ms
step:1476/3300 train_loss:3.58498 train_time:1784.180s step_avg:1208.79ms
step:1477/3300 train_loss:3.52844 train_time:1785.381s step_avg:1208.79ms
step:1478/3300 train_loss:3.58320 train_time:1786.589s step_avg:1208.79ms
step:1479/3300 train_loss:3.62514 train_time:1787.799s step_avg:1208.79ms
step:1480/3300 train_loss:3.61931 train_time:1789.017s step_avg:1208.80ms
step:1481/3300 train_loss:3.65033 train_time:1790.210s step_avg:1208.78ms
step:1482/3300 train_loss:3.58279 train_time:1791.406s step_avg:1208.78ms
step:1483/3300 train_loss:3.57341 train_time:1792.610s step_avg:1208.77ms
step:1484/3300 train_loss:3.57072 train_time:1793.808s step_avg:1208.77ms
step:1485/3300 train_loss:3.55751 train_time:1795.010s step_avg:1208.76ms
step:1486/3300 train_loss:3.60005 train_time:1796.219s step_avg:1208.76ms
step:1487/3300 train_loss:3.63984 train_time:1797.431s step_avg:1208.76ms
step:1488/3300 train_loss:3.58226 train_time:1798.632s step_avg:1208.76ms
step:1489/3300 train_loss:3.56822 train_time:1799.834s step_avg:1208.75ms
step:1490/3300 train_loss:3.59089 train_time:1801.031s step_avg:1208.75ms
step:1491/3300 train_loss:3.57062 train_time:1802.231s step_avg:1208.74ms
step:1492/3300 train_loss:3.51012 train_time:1803.429s step_avg:1208.73ms
step:1493/3300 train_loss:3.63376 train_time:1804.630s step_avg:1208.73ms
step:1494/3300 train_loss:3.54139 train_time:1805.830s step_avg:1208.72ms
step:1495/3300 train_loss:3.52292 train_time:1807.030s step_avg:1208.72ms
step:1496/3300 train_loss:3.55098 train_time:1808.229s step_avg:1208.71ms
step:1497/3300 train_loss:3.59328 train_time:1809.427s step_avg:1208.70ms
step:1498/3300 train_loss:3.52512 train_time:1810.635s step_avg:1208.70ms
step:1499/3300 train_loss:3.55786 train_time:1811.834s step_avg:1208.70ms
step:1500/3300 train_loss:3.60810 train_time:1813.032s step_avg:1208.69ms
step:1500/3300 val_loss:3.57099 train_time:1813.032s step_avg:1204.92ms
step:1501/3300 train_loss:3.47705 train_time:1814.234s step_avg:1208.68ms
step:1502/3300 train_loss:3.52615 train_time:1815.442s step_avg:1208.68ms
step:1503/3300 train_loss:3.50986 train_time:1816.631s step_avg:1208.67ms
step:1504/3300 train_loss:3.54956 train_time:1817.829s step_avg:1208.66ms
step:1505/3300 train_loss:3.54201 train_time:1819.061s step_avg:1208.68ms
step:1506/3300 train_loss:3.56701 train_time:1820.262s step_avg:1208.67ms
step:1507/3300 train_loss:3.51220 train_time:1821.470s step_avg:1208.67ms
step:1508/3300 train_loss:3.57747 train_time:1822.670s step_avg:1208.67ms
step:1509/3300 train_loss:3.57895 train_time:1823.885s step_avg:1208.67ms
step:1510/3300 train_loss:3.54921 train_time:1825.077s step_avg:1208.66ms
step:1511/3300 train_loss:3.61346 train_time:1826.277s step_avg:1208.65ms
step:1512/3300 train_loss:3.56324 train_time:1827.477s step_avg:1208.65ms
step:1513/3300 train_loss:3.56342 train_time:1828.685s step_avg:1208.65ms
step:1514/3300 train_loss:3.64237 train_time:1829.905s step_avg:1208.66ms
step:1515/3300 train_loss:3.58009 train_time:1831.144s step_avg:1208.68ms
step:1516/3300 train_loss:3.63342 train_time:1832.337s step_avg:1208.67ms
step:1517/3300 train_loss:3.54555 train_time:1833.544s step_avg:1208.66ms
step:1518/3300 train_loss:3.57778 train_time:1834.735s step_avg:1208.65ms
step:1519/3300 train_loss:3.62461 train_time:1835.935s step_avg:1208.65ms
step:1520/3300 train_loss:3.50442 train_time:1837.130s step_avg:1208.64ms
step:1521/3300 train_loss:3.55888 train_time:1838.358s step_avg:1208.65ms
step:1522/3300 train_loss:3.55550 train_time:1839.581s step_avg:1208.66ms
step:1523/3300 train_loss:3.59122 train_time:1840.779s step_avg:1208.65ms
step:1524/3300 train_loss:3.60554 train_time:1841.975s step_avg:1208.65ms
step:1525/3300 train_loss:3.61558 train_time:1843.262s step_avg:1208.70ms
step:1526/3300 train_loss:3.59864 train_time:1844.460s step_avg:1208.69ms
step:1527/3300 train_loss:3.53332 train_time:1845.659s step_avg:1208.68ms
step:1528/3300 train_loss:3.63538 train_time:1846.856s step_avg:1208.68ms
step:1529/3300 train_loss:3.56829 train_time:1848.057s step_avg:1208.67ms
step:1530/3300 train_loss:3.56374 train_time:1849.255s step_avg:1208.66ms
step:1531/3300 train_loss:3.57710 train_time:1850.459s step_avg:1208.66ms
step:1532/3300 train_loss:3.61817 train_time:1851.670s step_avg:1208.66ms
step:1533/3300 train_loss:3.60163 train_time:1852.879s step_avg:1208.66ms
step:1534/3300 train_loss:3.56691 train_time:1854.078s step_avg:1208.66ms
step:1535/3300 train_loss:3.57669 train_time:1855.277s step_avg:1208.65ms
step:1536/3300 train_loss:3.54194 train_time:1856.477s step_avg:1208.64ms
step:1537/3300 train_loss:3.62505 train_time:1857.680s step_avg:1208.64ms
step:1538/3300 train_loss:3.58218 train_time:1858.880s step_avg:1208.63ms
step:1539/3300 train_loss:3.68129 train_time:1860.085s step_avg:1208.63ms
step:1540/3300 train_loss:3.53569 train_time:1861.291s step_avg:1208.63ms
step:1541/3300 train_loss:3.54005 train_time:1862.509s step_avg:1208.64ms
step:1542/3300 train_loss:3.55740 train_time:1863.721s step_avg:1208.64ms
step:1543/3300 train_loss:3.57564 train_time:1864.956s step_avg:1208.66ms
step:1544/3300 train_loss:3.53914 train_time:1866.152s step_avg:1208.65ms
step:1545/3300 train_loss:3.59555 train_time:1867.350s step_avg:1208.64ms
step:1546/3300 train_loss:3.57806 train_time:1868.545s step_avg:1208.63ms
step:1547/3300 train_loss:3.57991 train_time:1869.740s step_avg:1208.62ms
step:1548/3300 train_loss:3.60058 train_time:1870.942s step_avg:1208.62ms
step:1549/3300 train_loss:3.59109 train_time:1872.153s step_avg:1208.62ms
step:1550/3300 train_loss:3.59261 train_time:1873.355s step_avg:1208.62ms
step:1551/3300 train_loss:3.53880 train_time:1874.586s step_avg:1208.63ms
step:1552/3300 train_loss:3.58626 train_time:1875.778s step_avg:1208.62ms
step:1553/3300 train_loss:3.58383 train_time:1876.993s step_avg:1208.62ms
step:1554/3300 train_loss:3.57223 train_time:1878.205s step_avg:1208.63ms
step:1555/3300 train_loss:3.57771 train_time:1879.412s step_avg:1208.63ms
step:1556/3300 train_loss:3.60468 train_time:1880.611s step_avg:1208.62ms
step:1557/3300 train_loss:3.56779 train_time:1881.805s step_avg:1208.61ms
step:1558/3300 train_loss:3.45109 train_time:1882.998s step_avg:1208.60ms
step:1559/3300 train_loss:3.56587 train_time:1884.200s step_avg:1208.60ms
step:1560/3300 train_loss:3.55965 train_time:1885.392s step_avg:1208.58ms
step:1561/3300 train_loss:3.66042 train_time:1886.594s step_avg:1208.58ms
step:1562/3300 train_loss:3.59756 train_time:1887.796s step_avg:1208.58ms
step:1563/3300 train_loss:3.58230 train_time:1889.007s step_avg:1208.58ms
step:1564/3300 train_loss:3.49783 train_time:1890.211s step_avg:1208.57ms
step:1565/3300 train_loss:3.55561 train_time:1891.418s step_avg:1208.57ms
step:1566/3300 train_loss:3.55741 train_time:1892.622s step_avg:1208.57ms
step:1567/3300 train_loss:3.53702 train_time:1893.825s step_avg:1208.57ms
step:1568/3300 train_loss:3.56461 train_time:1895.034s step_avg:1208.57ms
step:1569/3300 train_loss:3.60018 train_time:1896.236s step_avg:1208.56ms
step:1570/3300 train_loss:3.53424 train_time:1897.432s step_avg:1208.56ms
step:1571/3300 train_loss:3.51856 train_time:1898.638s step_avg:1208.55ms
step:1572/3300 train_loss:3.54007 train_time:1899.841s step_avg:1208.55ms
step:1573/3300 train_loss:3.56895 train_time:1901.058s step_avg:1208.56ms
step:1574/3300 train_loss:3.55033 train_time:1902.268s step_avg:1208.56ms
step:1575/3300 train_loss:3.59851 train_time:1903.476s step_avg:1208.56ms
step:1576/3300 train_loss:3.61862 train_time:1904.688s step_avg:1208.56ms
step:1577/3300 train_loss:3.59411 train_time:1905.880s step_avg:1208.55ms
step:1578/3300 train_loss:3.59114 train_time:1907.077s step_avg:1208.54ms
step:1579/3300 train_loss:3.52184 train_time:1908.287s step_avg:1208.54ms
step:1580/3300 train_loss:3.47178 train_time:1909.489s step_avg:1208.54ms
step:1581/3300 train_loss:3.63608 train_time:1910.683s step_avg:1208.53ms
step:1582/3300 train_loss:3.52697 train_time:1911.887s step_avg:1208.53ms
step:1583/3300 train_loss:3.57016 train_time:1913.085s step_avg:1208.52ms
step:1584/3300 train_loss:3.54429 train_time:1914.293s step_avg:1208.52ms
step:1585/3300 train_loss:3.56477 train_time:1915.504s step_avg:1208.52ms
step:1586/3300 train_loss:3.50809 train_time:1916.702s step_avg:1208.51ms
step:1587/3300 train_loss:3.53104 train_time:1917.898s step_avg:1208.51ms
step:1588/3300 train_loss:3.53989 train_time:1919.110s step_avg:1208.51ms
step:1589/3300 train_loss:3.55436 train_time:1920.332s step_avg:1208.52ms
step:1590/3300 train_loss:3.55203 train_time:1921.545s step_avg:1208.52ms
step:1591/3300 train_loss:3.53767 train_time:1922.743s step_avg:1208.51ms
step:1592/3300 train_loss:3.51943 train_time:1923.939s step_avg:1208.50ms
step:1593/3300 train_loss:3.54723 train_time:1925.138s step_avg:1208.50ms
step:1594/3300 train_loss:3.56963 train_time:1926.338s step_avg:1208.49ms
step:1595/3300 train_loss:3.55741 train_time:1927.538s step_avg:1208.49ms
step:1596/3300 train_loss:3.49226 train_time:1928.746s step_avg:1208.49ms
step:1597/3300 train_loss:3.51481 train_time:1929.953s step_avg:1208.49ms
step:1598/3300 train_loss:3.67993 train_time:1931.162s step_avg:1208.49ms
step:1599/3300 train_loss:3.54348 train_time:1932.369s step_avg:1208.49ms
step:1600/3300 train_loss:3.53467 train_time:1933.561s step_avg:1208.48ms
step:1601/3300 train_loss:3.59576 train_time:1934.784s step_avg:1208.48ms
step:1602/3300 train_loss:3.59703 train_time:1935.982s step_avg:1208.48ms
step:1603/3300 train_loss:3.54752 train_time:1937.179s step_avg:1208.47ms
step:1604/3300 train_loss:3.51472 train_time:1938.387s step_avg:1208.47ms
step:1605/3300 train_loss:3.57634 train_time:1939.588s step_avg:1208.47ms
step:1606/3300 train_loss:3.61721 train_time:1940.796s step_avg:1208.47ms
step:1607/3300 train_loss:3.50054 train_time:1942.009s step_avg:1208.47ms
step:1608/3300 train_loss:3.50258 train_time:1943.226s step_avg:1208.47ms
step:1609/3300 train_loss:3.56433 train_time:1944.424s step_avg:1208.47ms
step:1610/3300 train_loss:3.59229 train_time:1945.616s step_avg:1208.46ms
step:1611/3300 train_loss:3.59966 train_time:1946.807s step_avg:1208.45ms
step:1612/3300 train_loss:3.55785 train_time:1948.005s step_avg:1208.44ms
step:1613/3300 train_loss:3.54705 train_time:1949.215s step_avg:1208.44ms
step:1614/3300 train_loss:3.67920 train_time:1950.429s step_avg:1208.44ms
step:1615/3300 train_loss:3.60704 train_time:1951.626s step_avg:1208.44ms
step:1616/3300 train_loss:3.57463 train_time:1952.829s step_avg:1208.43ms
step:1617/3300 train_loss:3.51501 train_time:1954.055s step_avg:1208.44ms
step:1618/3300 train_loss:3.57736 train_time:1955.281s step_avg:1208.46ms
step:1619/3300 train_loss:3.48375 train_time:1956.493s step_avg:1208.46ms
step:1620/3300 train_loss:3.62858 train_time:1957.687s step_avg:1208.45ms
step:1621/3300 train_loss:3.53671 train_time:1958.904s step_avg:1208.45ms
step:1622/3300 train_loss:3.53051 train_time:1960.156s step_avg:1208.48ms
step:1623/3300 train_loss:3.49596 train_time:1961.366s step_avg:1208.48ms
step:1624/3300 train_loss:3.55799 train_time:1962.595s step_avg:1208.49ms
step:1625/3300 train_loss:3.55824 train_time:1963.806s step_avg:1208.50ms
step:1625/3300 val_loss:3.54947 train_time:1963.807s step_avg:1206.20ms
step:1626/3300 train_loss:3.55655 train_time:1965.009s step_avg:1208.49ms
step:1627/3300 train_loss:3.55726 train_time:1966.210s step_avg:1208.49ms
step:1628/3300 train_loss:3.49550 train_time:1967.458s step_avg:1208.51ms
step:1629/3300 train_loss:3.57990 train_time:1968.651s step_avg:1208.50ms
step:1630/3300 train_loss:3.56366 train_time:1969.917s step_avg:1208.54ms
step:1631/3300 train_loss:3.48942 train_time:1971.121s step_avg:1208.54ms
step:1632/3300 train_loss:3.55235 train_time:1972.328s step_avg:1208.53ms
step:1633/3300 train_loss:3.60324 train_time:1973.526s step_avg:1208.53ms
step:1634/3300 train_loss:3.58914 train_time:1974.730s step_avg:1208.52ms
step:1635/3300 train_loss:3.54925 train_time:1975.992s step_avg:1208.56ms
step:1636/3300 train_loss:3.55405 train_time:1977.309s step_avg:1208.62ms
step:1637/3300 train_loss:3.62993 train_time:1978.521s step_avg:1208.63ms
step:1638/3300 train_loss:3.52324 train_time:1979.710s step_avg:1208.61ms
step:1639/3300 train_loss:3.56158 train_time:1980.912s step_avg:1208.61ms
step:1640/3300 train_loss:3.53575 train_time:1982.111s step_avg:1208.60ms
step:1641/3300 train_loss:3.53476 train_time:1983.322s step_avg:1208.61ms
step:1642/3300 train_loss:3.58374 train_time:1984.533s step_avg:1208.61ms
step:1643/3300 train_loss:3.54520 train_time:1985.739s step_avg:1208.61ms
step:1644/3300 train_loss:3.52482 train_time:1986.947s step_avg:1208.61ms
step:1645/3300 train_loss:3.52636 train_time:1988.162s step_avg:1208.61ms
step:1646/3300 train_loss:3.51170 train_time:1989.366s step_avg:1208.61ms
step:1647/3300 train_loss:3.57690 train_time:1990.566s step_avg:1208.60ms
step:1648/3300 train_loss:3.58146 train_time:1991.778s step_avg:1208.60ms
step:1649/3300 train_loss:3.57921 train_time:1992.971s step_avg:1208.59ms
step:1650/3300 train_loss:3.54997 train_time:1994.231s step_avg:1208.62ms
step:1651/3300 train_loss:3.55016 train_time:1995.439s step_avg:1208.62ms
step:1652/3300 train_loss:3.51459 train_time:1996.638s step_avg:1208.62ms
step:1653/3300 train_loss:3.54248 train_time:1997.833s step_avg:1208.61ms
step:1654/3300 train_loss:3.55086 train_time:1999.030s step_avg:1208.60ms
step:1655/3300 train_loss:3.53913 train_time:2000.230s step_avg:1208.60ms
step:1656/3300 train_loss:3.60171 train_time:2001.434s step_avg:1208.60ms
step:1657/3300 train_loss:3.53625 train_time:2002.643s step_avg:1208.60ms
step:1658/3300 train_loss:3.53499 train_time:2003.849s step_avg:1208.59ms
step:1659/3300 train_loss:3.55787 train_time:2005.050s step_avg:1208.59ms
step:1660/3300 train_loss:3.62416 train_time:2006.245s step_avg:1208.58ms
step:1661/3300 train_loss:3.52762 train_time:2007.481s step_avg:1208.60ms
step:1662/3300 train_loss:3.55911 train_time:2008.685s step_avg:1208.60ms
step:1663/3300 train_loss:3.58512 train_time:2009.876s step_avg:1208.58ms
step:1664/3300 train_loss:3.51927 train_time:2011.076s step_avg:1208.58ms
step:1665/3300 train_loss:3.54482 train_time:2012.292s step_avg:1208.58ms
step:1666/3300 train_loss:3.56254 train_time:2013.499s step_avg:1208.58ms
step:1667/3300 train_loss:3.58296 train_time:2014.709s step_avg:1208.58ms
step:1668/3300 train_loss:3.51386 train_time:2015.915s step_avg:1208.58ms
step:1669/3300 train_loss:3.59072 train_time:2017.120s step_avg:1208.58ms
step:1670/3300 train_loss:3.47394 train_time:2018.317s step_avg:1208.57ms
step:1671/3300 train_loss:3.84947 train_time:2019.527s step_avg:1208.57ms
step:1672/3300 train_loss:3.55337 train_time:2020.726s step_avg:1208.57ms
step:1673/3300 train_loss:3.52468 train_time:2021.936s step_avg:1208.57ms
step:1674/3300 train_loss:3.57509 train_time:2023.148s step_avg:1208.57ms
step:1675/3300 train_loss:3.52889 train_time:2024.361s step_avg:1208.57ms
step:1676/3300 train_loss:3.53378 train_time:2025.563s step_avg:1208.57ms
step:1677/3300 train_loss:3.62679 train_time:2026.764s step_avg:1208.57ms
step:1678/3300 train_loss:3.53673 train_time:2027.965s step_avg:1208.56ms
step:1679/3300 train_loss:3.49058 train_time:2029.163s step_avg:1208.55ms
step:1680/3300 train_loss:3.52253 train_time:2030.355s step_avg:1208.54ms
step:1681/3300 train_loss:3.51696 train_time:2031.560s step_avg:1208.54ms
step:1682/3300 train_loss:3.55160 train_time:2032.759s step_avg:1208.54ms
step:1683/3300 train_loss:3.51816 train_time:2033.963s step_avg:1208.53ms
step:1684/3300 train_loss:3.54900 train_time:2035.159s step_avg:1208.53ms
step:1685/3300 train_loss:3.54544 train_time:2036.356s step_avg:1208.52ms
step:1686/3300 train_loss:3.51553 train_time:2037.554s step_avg:1208.51ms
step:1687/3300 train_loss:3.54264 train_time:2038.754s step_avg:1208.51ms
step:1688/3300 train_loss:3.53670 train_time:2039.953s step_avg:1208.50ms
step:1689/3300 train_loss:3.49998 train_time:2041.162s step_avg:1208.50ms
step:1690/3300 train_loss:3.49109 train_time:2042.371s step_avg:1208.50ms
step:1691/3300 train_loss:3.48451 train_time:2043.594s step_avg:1208.51ms
step:1692/3300 train_loss:3.56776 train_time:2044.800s step_avg:1208.51ms
step:1693/3300 train_loss:3.49931 train_time:2046.000s step_avg:1208.51ms
step:1694/3300 train_loss:3.55073 train_time:2047.232s step_avg:1208.52ms
step:1695/3300 train_loss:3.58101 train_time:2048.434s step_avg:1208.52ms
step:1696/3300 train_loss:3.53792 train_time:2049.634s step_avg:1208.51ms
step:1697/3300 train_loss:3.54206 train_time:2050.839s step_avg:1208.51ms
step:1698/3300 train_loss:3.48365 train_time:2052.057s step_avg:1208.51ms
step:1699/3300 train_loss:3.55214 train_time:2053.268s step_avg:1208.52ms
step:1700/3300 train_loss:3.58670 train_time:2054.470s step_avg:1208.51ms
step:1701/3300 train_loss:3.56356 train_time:2055.696s step_avg:1208.52ms
step:1702/3300 train_loss:3.56958 train_time:2056.896s step_avg:1208.52ms
step:1703/3300 train_loss:3.51592 train_time:2058.094s step_avg:1208.51ms
step:1704/3300 train_loss:3.55031 train_time:2059.293s step_avg:1208.51ms
step:1705/3300 train_loss:3.53136 train_time:2060.499s step_avg:1208.50ms
step:1706/3300 train_loss:3.51154 train_time:2061.704s step_avg:1208.50ms
step:1707/3300 train_loss:3.52619 train_time:2062.900s step_avg:1208.49ms
step:1708/3300 train_loss:3.50257 train_time:2064.101s step_avg:1208.49ms
step:1709/3300 train_loss:3.77075 train_time:2065.302s step_avg:1208.49ms
step:1710/3300 train_loss:3.61014 train_time:2066.503s step_avg:1208.48ms
step:1711/3300 train_loss:3.51166 train_time:2067.736s step_avg:1208.50ms
step:1712/3300 train_loss:3.52124 train_time:2068.949s step_avg:1208.50ms
step:1713/3300 train_loss:3.57829 train_time:2070.146s step_avg:1208.49ms
step:1714/3300 train_loss:3.48499 train_time:2071.339s step_avg:1208.48ms
step:1715/3300 train_loss:3.56749 train_time:2072.534s step_avg:1208.47ms
step:1716/3300 train_loss:3.50421 train_time:2073.731s step_avg:1208.47ms
step:1717/3300 train_loss:3.52510 train_time:2074.953s step_avg:1208.48ms
step:1718/3300 train_loss:3.56426 train_time:2076.169s step_avg:1208.48ms
step:1719/3300 train_loss:3.56856 train_time:2077.378s step_avg:1208.48ms
step:1720/3300 train_loss:3.51880 train_time:2078.574s step_avg:1208.47ms
step:1721/3300 train_loss:3.55620 train_time:2079.773s step_avg:1208.47ms
step:1722/3300 train_loss:3.55970 train_time:2080.976s step_avg:1208.46ms
step:1723/3300 train_loss:3.54867 train_time:2082.178s step_avg:1208.46ms
step:1724/3300 train_loss:3.52705 train_time:2083.383s step_avg:1208.46ms
step:1725/3300 train_loss:3.55051 train_time:2084.587s step_avg:1208.46ms
step:1726/3300 train_loss:3.51725 train_time:2085.792s step_avg:1208.45ms
step:1727/3300 train_loss:3.50663 train_time:2087.008s step_avg:1208.46ms
step:1728/3300 train_loss:3.50367 train_time:2088.217s step_avg:1208.46ms
step:1729/3300 train_loss:3.56536 train_time:2089.424s step_avg:1208.46ms
step:1730/3300 train_loss:3.62344 train_time:2090.622s step_avg:1208.45ms
step:1731/3300 train_loss:3.52524 train_time:2091.828s step_avg:1208.45ms
step:1732/3300 train_loss:3.55050 train_time:2093.081s step_avg:1208.48ms
step:1733/3300 train_loss:3.47663 train_time:2094.275s step_avg:1208.47ms
step:1734/3300 train_loss:3.64169 train_time:2095.473s step_avg:1208.46ms
step:1735/3300 train_loss:3.55342 train_time:2096.668s step_avg:1208.45ms
step:1736/3300 train_loss:3.62594 train_time:2097.876s step_avg:1208.45ms
step:1737/3300 train_loss:3.62175 train_time:2099.074s step_avg:1208.45ms
step:1738/3300 train_loss:3.49357 train_time:2100.273s step_avg:1208.44ms
step:1739/3300 train_loss:3.50915 train_time:2101.487s step_avg:1208.45ms
step:1740/3300 train_loss:3.49631 train_time:2102.689s step_avg:1208.44ms
step:1741/3300 train_loss:3.49291 train_time:2103.934s step_avg:1208.46ms
step:1742/3300 train_loss:3.54208 train_time:2105.157s step_avg:1208.47ms
step:1743/3300 train_loss:3.47904 train_time:2106.360s step_avg:1208.47ms
step:1744/3300 train_loss:3.48924 train_time:2107.583s step_avg:1208.48ms
step:1745/3300 train_loss:3.54812 train_time:2108.778s step_avg:1208.47ms
step:1746/3300 train_loss:3.55919 train_time:2109.977s step_avg:1208.46ms
step:1747/3300 train_loss:3.52512 train_time:2111.178s step_avg:1208.46ms
step:1748/3300 train_loss:3.58310 train_time:2112.383s step_avg:1208.46ms
step:1749/3300 train_loss:3.53875 train_time:2113.613s step_avg:1208.47ms
step:1750/3300 train_loss:3.52398 train_time:2114.813s step_avg:1208.46ms
step:1750/3300 val_loss:3.52230 train_time:2114.813s step_avg:1208.05ms
step:1751/3300 train_loss:3.56956 train_time:2116.022s step_avg:1208.46ms
step:1752/3300 train_loss:3.55779 train_time:2117.216s step_avg:1208.46ms
step:1753/3300 train_loss:3.50092 train_time:2118.451s step_avg:1208.47ms
step:1754/3300 train_loss:3.53795 train_time:2119.656s step_avg:1208.47ms
step:1755/3300 train_loss:3.53964 train_time:2120.859s step_avg:1208.47ms
step:1756/3300 train_loss:3.50446 train_time:2122.060s step_avg:1208.46ms
step:1757/3300 train_loss:3.51264 train_time:2123.254s step_avg:1208.45ms
step:1758/3300 train_loss:3.64853 train_time:2124.464s step_avg:1208.46ms
step:1759/3300 train_loss:3.63910 train_time:2125.653s step_avg:1208.44ms
step:1760/3300 train_loss:3.58449 train_time:2126.866s step_avg:1208.45ms
step:1761/3300 train_loss:3.52596 train_time:2128.081s step_avg:1208.45ms
step:1762/3300 train_loss:3.53012 train_time:2129.307s step_avg:1208.46ms
step:1763/3300 train_loss:3.49380 train_time:2130.511s step_avg:1208.46ms
step:1764/3300 train_loss:3.51962 train_time:2131.724s step_avg:1208.46ms
step:1765/3300 train_loss:3.52116 train_time:2132.945s step_avg:1208.47ms
step:1766/3300 train_loss:3.49068 train_time:2134.138s step_avg:1208.46ms
step:1767/3300 train_loss:3.60671 train_time:2135.335s step_avg:1208.45ms
step:1768/3300 train_loss:3.53675 train_time:2136.532s step_avg:1208.45ms
step:1769/3300 train_loss:3.64156 train_time:2137.729s step_avg:1208.44ms
step:1770/3300 train_loss:3.53445 train_time:2138.925s step_avg:1208.43ms
step:1771/3300 train_loss:3.54090 train_time:2140.130s step_avg:1208.43ms
step:1772/3300 train_loss:3.48936 train_time:2141.339s step_avg:1208.43ms
step:1773/3300 train_loss:3.55983 train_time:2142.537s step_avg:1208.42ms
step:1774/3300 train_loss:3.54640 train_time:2143.758s step_avg:1208.43ms
step:1775/3300 train_loss:3.56033 train_time:2144.955s step_avg:1208.43ms
step:1776/3300 train_loss:3.56669 train_time:2146.151s step_avg:1208.42ms
step:1777/3300 train_loss:3.56497 train_time:2147.351s step_avg:1208.41ms
step:1778/3300 train_loss:3.56495 train_time:2148.554s step_avg:1208.41ms
step:1779/3300 train_loss:3.58942 train_time:2149.763s step_avg:1208.41ms
step:1780/3300 train_loss:3.51531 train_time:2151.052s step_avg:1208.46ms
step:1781/3300 train_loss:3.49687 train_time:2152.254s step_avg:1208.45ms
step:1782/3300 train_loss:3.52370 train_time:2153.487s step_avg:1208.47ms
step:1783/3300 train_loss:3.55321 train_time:2154.699s step_avg:1208.47ms
step:1784/3300 train_loss:3.45147 train_time:2155.895s step_avg:1208.46ms
step:1785/3300 train_loss:3.56347 train_time:2157.098s step_avg:1208.46ms
step:1786/3300 train_loss:3.55324 train_time:2158.317s step_avg:1208.46ms
step:1787/3300 train_loss:3.59695 train_time:2159.518s step_avg:1208.46ms
step:1788/3300 train_loss:3.49273 train_time:2160.722s step_avg:1208.46ms
step:1789/3300 train_loss:3.55539 train_time:2161.928s step_avg:1208.46ms
step:1790/3300 train_loss:3.47570 train_time:2163.123s step_avg:1208.45ms
step:1791/3300 train_loss:3.52054 train_time:2164.328s step_avg:1208.45ms
step:1792/3300 train_loss:3.53457 train_time:2165.522s step_avg:1208.44ms
step:1793/3300 train_loss:3.48017 train_time:2166.721s step_avg:1208.43ms
step:1794/3300 train_loss:3.55428 train_time:2167.981s step_avg:1208.46ms
step:1795/3300 train_loss:3.58211 train_time:2169.194s step_avg:1208.46ms
step:1796/3300 train_loss:3.57764 train_time:2170.390s step_avg:1208.46ms
step:1797/3300 train_loss:3.55216 train_time:2171.591s step_avg:1208.45ms
step:1798/3300 train_loss:3.56289 train_time:2172.792s step_avg:1208.45ms
step:1799/3300 train_loss:3.58068 train_time:2174.007s step_avg:1208.45ms
step:1800/3300 train_loss:3.50555 train_time:2175.204s step_avg:1208.45ms
step:1801/3300 train_loss:3.54772 train_time:2176.397s step_avg:1208.44ms
step:1802/3300 train_loss:3.49017 train_time:2177.597s step_avg:1208.43ms
step:1803/3300 train_loss:3.55006 train_time:2178.813s step_avg:1208.44ms
step:1804/3300 train_loss:3.51185 train_time:2180.023s step_avg:1208.44ms
step:1805/3300 train_loss:3.52606 train_time:2181.224s step_avg:1208.43ms
step:1806/3300 train_loss:3.53654 train_time:2182.430s step_avg:1208.43ms
step:1807/3300 train_loss:3.50206 train_time:2183.646s step_avg:1208.44ms
step:1808/3300 train_loss:3.56013 train_time:2184.857s step_avg:1208.44ms
step:1809/3300 train_loss:3.58411 train_time:2186.056s step_avg:1208.43ms
step:1810/3300 train_loss:3.53407 train_time:2187.262s step_avg:1208.43ms
step:1811/3300 train_loss:3.49796 train_time:2188.479s step_avg:1208.44ms
step:1812/3300 train_loss:3.50541 train_time:2189.688s step_avg:1208.44ms
step:1813/3300 train_loss:3.53625 train_time:2190.897s step_avg:1208.44ms
step:1814/3300 train_loss:3.49541 train_time:2192.129s step_avg:1208.45ms
step:1815/3300 train_loss:3.55830 train_time:2193.337s step_avg:1208.45ms
step:1816/3300 train_loss:3.50822 train_time:2194.540s step_avg:1208.45ms
step:1817/3300 train_loss:3.49585 train_time:2195.740s step_avg:1208.44ms
step:1818/3300 train_loss:3.50246 train_time:2196.941s step_avg:1208.44ms
step:1819/3300 train_loss:3.53142 train_time:2198.164s step_avg:1208.45ms
step:1820/3300 train_loss:3.49309 train_time:2199.367s step_avg:1208.44ms
step:1821/3300 train_loss:3.52327 train_time:2200.571s step_avg:1208.44ms
step:1822/3300 train_loss:3.48085 train_time:2201.763s step_avg:1208.43ms
step:1823/3300 train_loss:3.53827 train_time:2202.963s step_avg:1208.43ms
step:1824/3300 train_loss:3.55729 train_time:2204.165s step_avg:1208.42ms
step:1825/3300 train_loss:3.65783 train_time:2205.369s step_avg:1208.42ms
step:1826/3300 train_loss:3.49762 train_time:2206.565s step_avg:1208.41ms
step:1827/3300 train_loss:3.48854 train_time:2207.763s step_avg:1208.41ms
step:1828/3300 train_loss:3.55163 train_time:2208.966s step_avg:1208.41ms
step:1829/3300 train_loss:3.48933 train_time:2210.177s step_avg:1208.41ms
step:1830/3300 train_loss:3.52007 train_time:2211.387s step_avg:1208.41ms
step:1831/3300 train_loss:3.48505 train_time:2212.584s step_avg:1208.40ms
step:1832/3300 train_loss:3.50733 train_time:2213.807s step_avg:1208.41ms
step:1833/3300 train_loss:3.56641 train_time:2215.025s step_avg:1208.42ms
step:1834/3300 train_loss:3.52607 train_time:2216.221s step_avg:1208.41ms
step:1835/3300 train_loss:3.57540 train_time:2217.428s step_avg:1208.41ms
step:1836/3300 train_loss:3.50511 train_time:2218.633s step_avg:1208.41ms
step:1837/3300 train_loss:3.49986 train_time:2219.828s step_avg:1208.40ms
step:1838/3300 train_loss:3.47221 train_time:2221.025s step_avg:1208.39ms
step:1839/3300 train_loss:3.52847 train_time:2222.226s step_avg:1208.39ms
step:1840/3300 train_loss:3.49292 train_time:2223.436s step_avg:1208.39ms
step:1841/3300 train_loss:3.59061 train_time:2224.644s step_avg:1208.39ms
step:1842/3300 train_loss:3.51741 train_time:2225.839s step_avg:1208.38ms
step:1843/3300 train_loss:3.47553 train_time:2227.041s step_avg:1208.38ms
step:1844/3300 train_loss:3.47558 train_time:2228.239s step_avg:1208.37ms
step:1845/3300 train_loss:3.49455 train_time:2229.459s step_avg:1208.38ms
step:1846/3300 train_loss:3.52376 train_time:2230.674s step_avg:1208.38ms
step:1847/3300 train_loss:3.52136 train_time:2231.881s step_avg:1208.38ms
step:1848/3300 train_loss:3.51132 train_time:2233.090s step_avg:1208.38ms
step:1849/3300 train_loss:3.54544 train_time:2234.286s step_avg:1208.38ms
step:1850/3300 train_loss:3.49189 train_time:2235.501s step_avg:1208.38ms
step:1851/3300 train_loss:3.52103 train_time:2236.699s step_avg:1208.37ms
step:1852/3300 train_loss:3.49602 train_time:2237.911s step_avg:1208.38ms
step:1853/3300 train_loss:3.55631 train_time:2239.115s step_avg:1208.37ms
step:1854/3300 train_loss:3.50273 train_time:2240.331s step_avg:1208.38ms
step:1855/3300 train_loss:3.48011 train_time:2241.528s step_avg:1208.37ms
step:1856/3300 train_loss:3.50600 train_time:2242.727s step_avg:1208.37ms
step:1857/3300 train_loss:3.53518 train_time:2243.938s step_avg:1208.37ms
step:1858/3300 train_loss:3.55358 train_time:2245.152s step_avg:1208.37ms
step:1859/3300 train_loss:3.51036 train_time:2246.363s step_avg:1208.37ms
step:1860/3300 train_loss:3.45490 train_time:2247.563s step_avg:1208.37ms
step:1861/3300 train_loss:3.50608 train_time:2248.783s step_avg:1208.37ms
step:1862/3300 train_loss:3.53864 train_time:2250.001s step_avg:1208.38ms
step:1863/3300 train_loss:3.57659 train_time:2251.211s step_avg:1208.38ms
step:1864/3300 train_loss:3.54099 train_time:2252.420s step_avg:1208.38ms
step:1865/3300 train_loss:3.47286 train_time:2253.618s step_avg:1208.37ms
step:1866/3300 train_loss:3.49411 train_time:2254.827s step_avg:1208.37ms
step:1867/3300 train_loss:3.51525 train_time:2256.034s step_avg:1208.37ms
step:1868/3300 train_loss:3.59976 train_time:2257.229s step_avg:1208.37ms
step:1869/3300 train_loss:3.46213 train_time:2258.434s step_avg:1208.36ms
step:1870/3300 train_loss:3.51518 train_time:2259.630s step_avg:1208.36ms
step:1871/3300 train_loss:3.54893 train_time:2260.833s step_avg:1208.36ms
step:1872/3300 train_loss:3.48844 train_time:2262.040s step_avg:1208.35ms
step:1873/3300 train_loss:3.51927 train_time:2263.243s step_avg:1208.35ms
step:1874/3300 train_loss:3.49647 train_time:2264.443s step_avg:1208.35ms
step:1875/3300 train_loss:3.57490 train_time:2265.642s step_avg:1208.34ms
step:1875/3300 val_loss:3.49742 train_time:2265.642s step_avg:1206.63ms
step:1876/3300 train_loss:3.54069 train_time:2266.841s step_avg:1208.34ms
step:1877/3300 train_loss:3.55925 train_time:2268.040s step_avg:1208.33ms
step:1878/3300 train_loss:3.59732 train_time:2269.253s step_avg:1208.33ms
step:1879/3300 train_loss:3.59697 train_time:2270.462s step_avg:1208.34ms
step:1880/3300 train_loss:3.49691 train_time:2271.668s step_avg:1208.33ms
step:1881/3300 train_loss:3.43437 train_time:2272.886s step_avg:1208.34ms
step:1882/3300 train_loss:3.51288 train_time:2274.092s step_avg:1208.34ms
step:1883/3300 train_loss:3.47419 train_time:2275.292s step_avg:1208.33ms
step:1884/3300 train_loss:3.50939 train_time:2276.513s step_avg:1208.34ms
step:1885/3300 train_loss:3.50519 train_time:2277.707s step_avg:1208.33ms
step:1886/3300 train_loss:3.45987 train_time:2278.905s step_avg:1208.33ms
step:1887/3300 train_loss:3.50313 train_time:2280.105s step_avg:1208.32ms
step:1888/3300 train_loss:3.46189 train_time:2281.314s step_avg:1208.32ms
step:1889/3300 train_loss:3.49759 train_time:2282.518s step_avg:1208.32ms
step:1890/3300 train_loss:3.52204 train_time:2283.743s step_avg:1208.33ms
step:1891/3300 train_loss:3.54024 train_time:2284.958s step_avg:1208.33ms
step:1892/3300 train_loss:3.44521 train_time:2286.170s step_avg:1208.34ms
step:1893/3300 train_loss:3.51945 train_time:2287.369s step_avg:1208.33ms
step:1894/3300 train_loss:3.50819 train_time:2288.571s step_avg:1208.33ms
step:1895/3300 train_loss:3.46486 train_time:2289.773s step_avg:1208.32ms
step:1896/3300 train_loss:3.56307 train_time:2290.973s step_avg:1208.32ms
step:1897/3300 train_loss:3.54919 train_time:2292.175s step_avg:1208.32ms
step:1898/3300 train_loss:3.46309 train_time:2293.380s step_avg:1208.31ms
step:1899/3300 train_loss:3.45996 train_time:2294.590s step_avg:1208.32ms
step:1900/3300 train_loss:3.48207 train_time:2295.792s step_avg:1208.31ms
step:1901/3300 train_loss:3.44326 train_time:2297.022s step_avg:1208.32ms
step:1902/3300 train_loss:3.52339 train_time:2298.225s step_avg:1208.32ms
step:1903/3300 train_loss:3.54507 train_time:2299.429s step_avg:1208.32ms
step:1904/3300 train_loss:3.49781 train_time:2300.673s step_avg:1208.34ms
step:1905/3300 train_loss:3.48135 train_time:2301.879s step_avg:1208.34ms
step:1906/3300 train_loss:3.52646 train_time:2303.075s step_avg:1208.33ms
step:1907/3300 train_loss:3.48237 train_time:2304.284s step_avg:1208.33ms
step:1908/3300 train_loss:3.50256 train_time:2305.495s step_avg:1208.33ms
step:1909/3300 train_loss:3.45021 train_time:2306.695s step_avg:1208.33ms
step:1910/3300 train_loss:3.53554 train_time:2307.893s step_avg:1208.32ms
step:1911/3300 train_loss:3.51260 train_time:2309.090s step_avg:1208.32ms
step:1912/3300 train_loss:3.42907 train_time:2310.291s step_avg:1208.31ms
step:1913/3300 train_loss:3.54556 train_time:2311.496s step_avg:1208.31ms
step:1914/3300 train_loss:3.63611 train_time:2312.695s step_avg:1208.30ms
step:1915/3300 train_loss:3.46535 train_time:2313.902s step_avg:1208.30ms
step:1916/3300 train_loss:3.44453 train_time:2315.123s step_avg:1208.31ms
step:1917/3300 train_loss:3.54322 train_time:2316.332s step_avg:1208.31ms
step:1918/3300 train_loss:3.53438 train_time:2317.526s step_avg:1208.30ms
step:1919/3300 train_loss:3.53212 train_time:2318.725s step_avg:1208.30ms
step:1920/3300 train_loss:3.46793 train_time:2319.917s step_avg:1208.29ms
step:1921/3300 train_loss:3.50611 train_time:2321.117s step_avg:1208.29ms
step:1922/3300 train_loss:3.45459 train_time:2322.316s step_avg:1208.28ms
step:1923/3300 train_loss:3.49730 train_time:2323.511s step_avg:1208.27ms
step:1924/3300 train_loss:3.53574 train_time:2324.712s step_avg:1208.27ms
step:1925/3300 train_loss:3.46956 train_time:2325.920s step_avg:1208.27ms
step:1926/3300 train_loss:3.49252 train_time:2327.119s step_avg:1208.27ms
step:1927/3300 train_loss:3.51748 train_time:2328.318s step_avg:1208.26ms
step:1928/3300 train_loss:3.56948 train_time:2329.510s step_avg:1208.25ms
step:1929/3300 train_loss:3.50532 train_time:2330.715s step_avg:1208.25ms
step:1930/3300 train_loss:3.52287 train_time:2331.915s step_avg:1208.25ms
step:1931/3300 train_loss:3.41939 train_time:2333.121s step_avg:1208.25ms
step:1932/3300 train_loss:3.83563 train_time:2334.318s step_avg:1208.24ms
step:1933/3300 train_loss:3.53922 train_time:2335.516s step_avg:1208.23ms
step:1934/3300 train_loss:3.51025 train_time:2336.728s step_avg:1208.24ms
step:1935/3300 train_loss:3.54049 train_time:2337.944s step_avg:1208.24ms
step:1936/3300 train_loss:3.51064 train_time:2339.138s step_avg:1208.23ms
step:1937/3300 train_loss:3.53246 train_time:2340.333s step_avg:1208.23ms
step:1938/3300 train_loss:3.46029 train_time:2341.542s step_avg:1208.23ms
step:1939/3300 train_loss:3.47026 train_time:2342.753s step_avg:1208.23ms
step:1940/3300 train_loss:3.52549 train_time:2343.961s step_avg:1208.23ms
step:1941/3300 train_loss:3.51085 train_time:2345.150s step_avg:1208.22ms
step:1942/3300 train_loss:3.43008 train_time:2346.395s step_avg:1208.24ms
step:1943/3300 train_loss:3.56001 train_time:2347.591s step_avg:1208.23ms
step:1944/3300 train_loss:3.44541 train_time:2348.792s step_avg:1208.23ms
step:1945/3300 train_loss:3.53029 train_time:2349.993s step_avg:1208.22ms
step:1946/3300 train_loss:3.52182 train_time:2351.219s step_avg:1208.23ms
step:1947/3300 train_loss:3.46083 train_time:2352.427s step_avg:1208.23ms
step:1948/3300 train_loss:3.51173 train_time:2353.631s step_avg:1208.23ms
step:1949/3300 train_loss:3.42742 train_time:2354.829s step_avg:1208.22ms
step:1950/3300 train_loss:3.55237 train_time:2356.042s step_avg:1208.23ms
step:1951/3300 train_loss:3.52630 train_time:2357.248s step_avg:1208.23ms
step:1952/3300 train_loss:3.57904 train_time:2358.448s step_avg:1208.22ms
step:1953/3300 train_loss:3.44891 train_time:2359.656s step_avg:1208.22ms
step:1954/3300 train_loss:3.49150 train_time:2360.854s step_avg:1208.22ms
step:1955/3300 train_loss:3.51053 train_time:2362.052s step_avg:1208.21ms
step:1956/3300 train_loss:3.47442 train_time:2363.258s step_avg:1208.21ms
step:1957/3300 train_loss:3.49694 train_time:2364.461s step_avg:1208.21ms
step:1958/3300 train_loss:3.52616 train_time:2365.655s step_avg:1208.20ms
step:1959/3300 train_loss:3.57897 train_time:2366.858s step_avg:1208.20ms
step:1960/3300 train_loss:3.45365 train_time:2368.054s step_avg:1208.19ms
step:1961/3300 train_loss:3.51736 train_time:2369.255s step_avg:1208.19ms
step:1962/3300 train_loss:3.46891 train_time:2370.457s step_avg:1208.18ms
step:1963/3300 train_loss:3.49509 train_time:2371.664s step_avg:1208.18ms
step:1964/3300 train_loss:3.49116 train_time:2372.868s step_avg:1208.18ms
step:1965/3300 train_loss:3.49254 train_time:2374.081s step_avg:1208.18ms
step:1966/3300 train_loss:3.55258 train_time:2375.281s step_avg:1208.18ms
step:1967/3300 train_loss:3.44501 train_time:2376.480s step_avg:1208.17ms
step:1968/3300 train_loss:3.50312 train_time:2377.678s step_avg:1208.17ms
step:1969/3300 train_loss:3.45585 train_time:2378.878s step_avg:1208.17ms
step:1970/3300 train_loss:3.48809 train_time:2380.077s step_avg:1208.16ms
step:1971/3300 train_loss:3.50799 train_time:2381.283s step_avg:1208.16ms
step:1972/3300 train_loss:3.46317 train_time:2382.484s step_avg:1208.16ms
step:1973/3300 train_loss:3.45227 train_time:2383.692s step_avg:1208.16ms
step:1974/3300 train_loss:3.46535 train_time:2384.898s step_avg:1208.15ms
step:1975/3300 train_loss:3.48300 train_time:2386.099s step_avg:1208.15ms
step:1976/3300 train_loss:3.49467 train_time:2387.303s step_avg:1208.15ms
step:1977/3300 train_loss:3.52933 train_time:2388.500s step_avg:1208.14ms
step:1978/3300 train_loss:3.52842 train_time:2389.715s step_avg:1208.15ms
step:1979/3300 train_loss:3.51457 train_time:2390.929s step_avg:1208.15ms
step:1980/3300 train_loss:3.51305 train_time:2392.140s step_avg:1208.15ms
step:1981/3300 train_loss:3.47523 train_time:2393.354s step_avg:1208.15ms
step:1982/3300 train_loss:3.49036 train_time:2394.577s step_avg:1208.16ms
step:1983/3300 train_loss:3.63636 train_time:2395.809s step_avg:1208.17ms
step:1984/3300 train_loss:3.44598 train_time:2397.028s step_avg:1208.18ms
step:1985/3300 train_loss:3.46454 train_time:2398.236s step_avg:1208.18ms
step:1986/3300 train_loss:3.46711 train_time:2399.435s step_avg:1208.17ms
step:1987/3300 train_loss:3.47739 train_time:2400.640s step_avg:1208.17ms
step:1988/3300 train_loss:3.49911 train_time:2401.848s step_avg:1208.17ms
step:1989/3300 train_loss:3.46632 train_time:2403.050s step_avg:1208.17ms
step:1990/3300 train_loss:3.50228 train_time:2404.254s step_avg:1208.17ms
step:1991/3300 train_loss:3.48486 train_time:2405.460s step_avg:1208.17ms
step:1992/3300 train_loss:3.47009 train_time:2406.668s step_avg:1208.17ms
step:1993/3300 train_loss:3.57088 train_time:2407.881s step_avg:1208.17ms
step:1994/3300 train_loss:3.49737 train_time:2409.080s step_avg:1208.16ms
step:1995/3300 train_loss:3.48417 train_time:2410.284s step_avg:1208.16ms
step:1996/3300 train_loss:3.54519 train_time:2411.484s step_avg:1208.16ms
step:1997/3300 train_loss:3.60453 train_time:2412.678s step_avg:1208.15ms
step:1998/3300 train_loss:3.48952 train_time:2413.884s step_avg:1208.15ms
step:1999/3300 train_loss:3.55245 train_time:2415.086s step_avg:1208.15ms
step:2000/3300 train_loss:3.46190 train_time:2416.288s step_avg:1208.14ms
step:2000/3300 val_loss:3.47319 train_time:2416.288s step_avg:1205.17ms
step:2001/3300 train_loss:3.51825 train_time:2417.494s step_avg:1208.14ms
step:2002/3300 train_loss:3.49055 train_time:2418.695s step_avg:1208.14ms
step:2003/3300 train_loss:3.47387 train_time:2419.899s step_avg:1208.14ms
step:2004/3300 train_loss:3.62311 train_time:2421.098s step_avg:1208.13ms
step:2005/3300 train_loss:3.46137 train_time:2422.296s step_avg:1208.13ms
step:2006/3300 train_loss:3.48688 train_time:2423.501s step_avg:1208.13ms
step:2007/3300 train_loss:3.48878 train_time:2424.708s step_avg:1208.13ms
step:2008/3300 train_loss:3.42349 train_time:2425.911s step_avg:1208.12ms
step:2009/3300 train_loss:3.50283 train_time:2427.111s step_avg:1208.12ms
step:2010/3300 train_loss:3.49782 train_time:2428.322s step_avg:1208.12ms
step:2011/3300 train_loss:3.49856 train_time:2429.528s step_avg:1208.12ms
step:2012/3300 train_loss:3.46656 train_time:2430.725s step_avg:1208.11ms
step:2013/3300 train_loss:3.48836 train_time:2431.928s step_avg:1208.11ms
step:2014/3300 train_loss:3.49625 train_time:2433.143s step_avg:1208.11ms
step:2015/3300 train_loss:3.44110 train_time:2434.351s step_avg:1208.11ms
step:2016/3300 train_loss:3.52380 train_time:2435.567s step_avg:1208.12ms
step:2017/3300 train_loss:3.46689 train_time:2436.776s step_avg:1208.12ms
step:2018/3300 train_loss:3.54489 train_time:2437.984s step_avg:1208.12ms
step:2019/3300 train_loss:3.50197 train_time:2439.194s step_avg:1208.12ms
step:2020/3300 train_loss:3.42398 train_time:2440.386s step_avg:1208.11ms
step:2021/3300 train_loss:3.49728 train_time:2441.582s step_avg:1208.11ms
step:2022/3300 train_loss:3.40105 train_time:2442.815s step_avg:1208.12ms
step:2023/3300 train_loss:3.44634 train_time:2444.024s step_avg:1208.12ms
step:2024/3300 train_loss:3.47603 train_time:2445.226s step_avg:1208.12ms
step:2025/3300 train_loss:3.40134 train_time:2446.440s step_avg:1208.12ms
step:2026/3300 train_loss:3.48079 train_time:2447.641s step_avg:1208.11ms
step:2027/3300 train_loss:3.44304 train_time:2448.854s step_avg:1208.12ms
step:2028/3300 train_loss:3.47487 train_time:2450.058s step_avg:1208.12ms
step:2029/3300 train_loss:3.48478 train_time:2451.258s step_avg:1208.11ms
step:2030/3300 train_loss:3.49187 train_time:2452.455s step_avg:1208.11ms
step:2031/3300 train_loss:3.48048 train_time:2453.664s step_avg:1208.11ms
step:2032/3300 train_loss:3.48368 train_time:2454.869s step_avg:1208.10ms
step:2033/3300 train_loss:3.44975 train_time:2456.074s step_avg:1208.10ms
step:2034/3300 train_loss:3.49385 train_time:2457.269s step_avg:1208.10ms
step:2035/3300 train_loss:3.49445 train_time:2458.477s step_avg:1208.10ms
step:2036/3300 train_loss:3.44182 train_time:2459.693s step_avg:1208.10ms
step:2037/3300 train_loss:3.53638 train_time:2460.930s step_avg:1208.12ms
step:2038/3300 train_loss:3.47593 train_time:2462.134s step_avg:1208.11ms
step:2039/3300 train_loss:3.45793 train_time:2463.333s step_avg:1208.11ms
step:2040/3300 train_loss:3.48266 train_time:2464.536s step_avg:1208.11ms
step:2041/3300 train_loss:3.47785 train_time:2465.748s step_avg:1208.11ms
step:2042/3300 train_loss:3.47743 train_time:2466.948s step_avg:1208.10ms
step:2043/3300 train_loss:3.45144 train_time:2468.149s step_avg:1208.10ms
step:2044/3300 train_loss:3.48796 train_time:2469.365s step_avg:1208.10ms
step:2045/3300 train_loss:3.41691 train_time:2470.565s step_avg:1208.10ms
step:2046/3300 train_loss:3.49383 train_time:2471.769s step_avg:1208.10ms
step:2047/3300 train_loss:3.48759 train_time:2472.975s step_avg:1208.10ms
step:2048/3300 train_loss:3.47873 train_time:2474.203s step_avg:1208.11ms
step:2049/3300 train_loss:3.43846 train_time:2475.404s step_avg:1208.10ms
step:2050/3300 train_loss:3.52081 train_time:2476.630s step_avg:1208.11ms
step:2051/3300 train_loss:3.51803 train_time:2477.831s step_avg:1208.11ms
step:2052/3300 train_loss:3.47278 train_time:2479.045s step_avg:1208.11ms
step:2053/3300 train_loss:3.57197 train_time:2480.257s step_avg:1208.11ms
step:2054/3300 train_loss:3.47903 train_time:2481.461s step_avg:1208.11ms
step:2055/3300 train_loss:3.43914 train_time:2482.667s step_avg:1208.11ms
step:2056/3300 train_loss:3.49140 train_time:2483.869s step_avg:1208.11ms
step:2057/3300 train_loss:3.40219 train_time:2485.072s step_avg:1208.11ms
step:2058/3300 train_loss:3.50689 train_time:2486.272s step_avg:1208.10ms
step:2059/3300 train_loss:3.51273 train_time:2487.477s step_avg:1208.10ms
step:2060/3300 train_loss:3.37266 train_time:2488.682s step_avg:1208.10ms
step:2061/3300 train_loss:3.43594 train_time:2489.887s step_avg:1208.10ms
step:2062/3300 train_loss:3.48523 train_time:2491.090s step_avg:1208.09ms
step:2063/3300 train_loss:3.48666 train_time:2492.294s step_avg:1208.09ms
step:2064/3300 train_loss:3.47827 train_time:2493.496s step_avg:1208.09ms
step:2065/3300 train_loss:3.49051 train_time:2494.705s step_avg:1208.09ms
step:2066/3300 train_loss:3.45133 train_time:2495.922s step_avg:1208.09ms
step:2067/3300 train_loss:3.48182 train_time:2497.128s step_avg:1208.09ms
step:2068/3300 train_loss:3.46006 train_time:2498.330s step_avg:1208.09ms
step:2069/3300 train_loss:3.55524 train_time:2499.535s step_avg:1208.09ms
step:2070/3300 train_loss:3.50175 train_time:2500.732s step_avg:1208.08ms
step:2071/3300 train_loss:3.50547 train_time:2501.938s step_avg:1208.08ms
step:2072/3300 train_loss:3.48044 train_time:2503.142s step_avg:1208.08ms
step:2073/3300 train_loss:3.54750 train_time:2504.349s step_avg:1208.08ms
step:2074/3300 train_loss:3.50934 train_time:2505.552s step_avg:1208.08ms
step:2075/3300 train_loss:3.51792 train_time:2506.750s step_avg:1208.07ms
step:2076/3300 train_loss:3.49007 train_time:2507.981s step_avg:1208.08ms
step:2077/3300 train_loss:3.46963 train_time:2509.199s step_avg:1208.09ms
step:2078/3300 train_loss:3.42651 train_time:2510.395s step_avg:1208.08ms
step:2079/3300 train_loss:3.44900 train_time:2511.592s step_avg:1208.08ms
step:2080/3300 train_loss:3.54441 train_time:2512.809s step_avg:1208.08ms
step:2081/3300 train_loss:3.49153 train_time:2514.015s step_avg:1208.08ms
step:2082/3300 train_loss:3.44518 train_time:2515.221s step_avg:1208.08ms
step:2083/3300 train_loss:3.42633 train_time:2516.422s step_avg:1208.08ms
step:2084/3300 train_loss:3.43143 train_time:2517.614s step_avg:1208.07ms
step:2085/3300 train_loss:3.49313 train_time:2518.824s step_avg:1208.07ms
step:2086/3300 train_loss:3.46604 train_time:2520.023s step_avg:1208.06ms
step:2087/3300 train_loss:3.45334 train_time:2521.218s step_avg:1208.06ms
step:2088/3300 train_loss:3.51035 train_time:2522.411s step_avg:1208.05ms
step:2089/3300 train_loss:3.43213 train_time:2523.623s step_avg:1208.05ms
step:2090/3300 train_loss:3.43199 train_time:2524.818s step_avg:1208.05ms
step:2091/3300 train_loss:3.49199 train_time:2526.043s step_avg:1208.06ms
step:2092/3300 train_loss:3.48521 train_time:2527.236s step_avg:1208.05ms
step:2093/3300 train_loss:3.44665 train_time:2528.432s step_avg:1208.04ms
step:2094/3300 train_loss:3.54599 train_time:2529.636s step_avg:1208.04ms
step:2095/3300 train_loss:3.46574 train_time:2530.828s step_avg:1208.03ms
step:2096/3300 train_loss:3.47718 train_time:2532.028s step_avg:1208.03ms
step:2097/3300 train_loss:3.47728 train_time:2533.234s step_avg:1208.03ms
step:2098/3300 train_loss:3.43609 train_time:2534.429s step_avg:1208.02ms
step:2099/3300 train_loss:3.44870 train_time:2535.624s step_avg:1208.02ms
step:2100/3300 train_loss:3.55928 train_time:2536.826s step_avg:1208.01ms
step:2101/3300 train_loss:3.46040 train_time:2538.021s step_avg:1208.01ms
step:2102/3300 train_loss:3.46487 train_time:2539.212s step_avg:1208.00ms
step:2103/3300 train_loss:3.43430 train_time:2540.411s step_avg:1207.99ms
step:2104/3300 train_loss:3.51002 train_time:2541.609s step_avg:1207.99ms
step:2105/3300 train_loss:3.46073 train_time:2542.807s step_avg:1207.98ms
step:2106/3300 train_loss:3.44848 train_time:2544.009s step_avg:1207.98ms
step:2107/3300 train_loss:3.47509 train_time:2545.208s step_avg:1207.98ms
step:2108/3300 train_loss:3.50463 train_time:2546.490s step_avg:1208.01ms
step:2109/3300 train_loss:3.47885 train_time:2547.701s step_avg:1208.01ms
step:2110/3300 train_loss:3.40142 train_time:2548.904s step_avg:1208.01ms
step:2111/3300 train_loss:3.45745 train_time:2550.116s step_avg:1208.01ms
step:2112/3300 train_loss:3.42198 train_time:2551.315s step_avg:1208.01ms
step:2113/3300 train_loss:3.43547 train_time:2552.515s step_avg:1208.01ms
step:2114/3300 train_loss:3.46561 train_time:2553.714s step_avg:1208.00ms
step:2115/3300 train_loss:3.48310 train_time:2554.919s step_avg:1208.00ms
step:2116/3300 train_loss:3.52077 train_time:2556.122s step_avg:1208.00ms
step:2117/3300 train_loss:3.45368 train_time:2557.325s step_avg:1207.99ms
step:2118/3300 train_loss:3.52459 train_time:2558.522s step_avg:1207.99ms
step:2119/3300 train_loss:3.43472 train_time:2559.720s step_avg:1207.98ms
step:2120/3300 train_loss:3.44148 train_time:2560.913s step_avg:1207.98ms
step:2121/3300 train_loss:3.40148 train_time:2562.124s step_avg:1207.98ms
step:2122/3300 train_loss:3.44800 train_time:2563.322s step_avg:1207.97ms
step:2123/3300 train_loss:3.44235 train_time:2564.521s step_avg:1207.97ms
step:2124/3300 train_loss:3.50577 train_time:2565.729s step_avg:1207.97ms
step:2125/3300 train_loss:3.40368 train_time:2566.943s step_avg:1207.97ms
step:2125/3300 val_loss:3.45100 train_time:2566.943s step_avg:1205.24ms
step:2126/3300 train_loss:3.50608 train_time:2568.140s step_avg:1207.97ms
step:2127/3300 train_loss:3.48887 train_time:2569.342s step_avg:1207.96ms
step:2128/3300 train_loss:3.42154 train_time:2570.594s step_avg:1207.99ms
step:2129/3300 train_loss:3.46777 train_time:2571.807s step_avg:1207.99ms
step:2130/3300 train_loss:3.45975 train_time:2573.015s step_avg:1207.99ms
step:2131/3300 train_loss:3.50471 train_time:2574.276s step_avg:1208.01ms
step:2132/3300 train_loss:3.46129 train_time:2575.479s step_avg:1208.01ms
step:2133/3300 train_loss:3.41789 train_time:2576.680s step_avg:1208.01ms
step:2134/3300 train_loss:3.49223 train_time:2577.876s step_avg:1208.00ms
step:2135/3300 train_loss:3.45470 train_time:2579.078s step_avg:1208.00ms
step:2136/3300 train_loss:3.42530 train_time:2580.284s step_avg:1208.00ms
step:2137/3300 train_loss:3.47158 train_time:2581.496s step_avg:1208.00ms
step:2138/3300 train_loss:3.42516 train_time:2582.704s step_avg:1208.00ms
step:2139/3300 train_loss:3.47569 train_time:2583.922s step_avg:1208.00ms
step:2140/3300 train_loss:3.56283 train_time:2585.135s step_avg:1208.01ms
step:2141/3300 train_loss:3.49430 train_time:2586.326s step_avg:1208.00ms
step:2142/3300 train_loss:3.45170 train_time:2587.529s step_avg:1208.00ms
step:2143/3300 train_loss:3.43270 train_time:2588.725s step_avg:1207.99ms
step:2144/3300 train_loss:3.40676 train_time:2589.927s step_avg:1207.99ms
step:2145/3300 train_loss:3.51433 train_time:2591.138s step_avg:1207.99ms
step:2146/3300 train_loss:3.45765 train_time:2592.371s step_avg:1208.00ms
step:2147/3300 train_loss:3.54526 train_time:2593.574s step_avg:1208.00ms
step:2148/3300 train_loss:3.49164 train_time:2594.769s step_avg:1207.99ms
step:2149/3300 train_loss:3.43216 train_time:2595.972s step_avg:1207.99ms
step:2150/3300 train_loss:3.51845 train_time:2597.180s step_avg:1207.99ms
step:2151/3300 train_loss:3.44908 train_time:2598.380s step_avg:1207.99ms
step:2152/3300 train_loss:3.58447 train_time:2599.578s step_avg:1207.98ms
step:2153/3300 train_loss:3.50084 train_time:2600.777s step_avg:1207.98ms
step:2154/3300 train_loss:3.53624 train_time:2601.976s step_avg:1207.97ms
step:2155/3300 train_loss:3.43461 train_time:2603.174s step_avg:1207.97ms
step:2156/3300 train_loss:3.42374 train_time:2604.375s step_avg:1207.97ms
step:2157/3300 train_loss:3.45121 train_time:2605.583s step_avg:1207.97ms
step:2158/3300 train_loss:3.41372 train_time:2606.790s step_avg:1207.97ms
step:2159/3300 train_loss:3.52382 train_time:2608.010s step_avg:1207.97ms
step:2160/3300 train_loss:3.53075 train_time:2609.208s step_avg:1207.97ms
step:2161/3300 train_loss:3.45149 train_time:2610.411s step_avg:1207.96ms
step:2162/3300 train_loss:3.40695 train_time:2611.626s step_avg:1207.97ms
step:2163/3300 train_loss:3.55732 train_time:2612.824s step_avg:1207.96ms
step:2164/3300 train_loss:3.45866 train_time:2614.028s step_avg:1207.96ms
step:2165/3300 train_loss:3.50466 train_time:2615.231s step_avg:1207.96ms
step:2166/3300 train_loss:3.50372 train_time:2616.431s step_avg:1207.96ms
step:2167/3300 train_loss:3.46012 train_time:2617.630s step_avg:1207.95ms
step:2168/3300 train_loss:3.45929 train_time:2618.830s step_avg:1207.95ms
step:2169/3300 train_loss:3.50772 train_time:2620.026s step_avg:1207.94ms
step:2170/3300 train_loss:3.46689 train_time:2621.237s step_avg:1207.94ms
step:2171/3300 train_loss:3.49082 train_time:2622.436s step_avg:1207.94ms
step:2172/3300 train_loss:3.44714 train_time:2623.643s step_avg:1207.94ms
step:2173/3300 train_loss:3.50271 train_time:2624.859s step_avg:1207.94ms
step:2174/3300 train_loss:3.48102 train_time:2626.067s step_avg:1207.94ms
step:2175/3300 train_loss:3.44385 train_time:2627.264s step_avg:1207.94ms
step:2176/3300 train_loss:3.44393 train_time:2628.467s step_avg:1207.94ms
step:2177/3300 train_loss:3.50375 train_time:2629.671s step_avg:1207.93ms
step:2178/3300 train_loss:3.38306 train_time:2630.877s step_avg:1207.93ms
step:2179/3300 train_loss:3.44842 train_time:2632.082s step_avg:1207.93ms
step:2180/3300 train_loss:3.47534 train_time:2633.289s step_avg:1207.93ms
step:2181/3300 train_loss:3.47531 train_time:2634.495s step_avg:1207.93ms
step:2182/3300 train_loss:3.43550 train_time:2635.689s step_avg:1207.92ms
step:2183/3300 train_loss:3.41237 train_time:2636.894s step_avg:1207.92ms
step:2184/3300 train_loss:3.47002 train_time:2638.094s step_avg:1207.92ms
step:2185/3300 train_loss:3.51076 train_time:2639.296s step_avg:1207.92ms
step:2186/3300 train_loss:3.37174 train_time:2640.515s step_avg:1207.92ms
step:2187/3300 train_loss:3.43925 train_time:2641.714s step_avg:1207.92ms
step:2188/3300 train_loss:3.38134 train_time:2642.949s step_avg:1207.93ms
step:2189/3300 train_loss:3.41825 train_time:2644.154s step_avg:1207.93ms
step:2190/3300 train_loss:3.46033 train_time:2645.465s step_avg:1207.97ms
step:2191/3300 train_loss:3.40082 train_time:2646.671s step_avg:1207.97ms
step:2192/3300 train_loss:3.50077 train_time:2647.878s step_avg:1207.97ms
step:2193/3300 train_loss:3.46108 train_time:2649.071s step_avg:1207.97ms
step:2194/3300 train_loss:3.48181 train_time:2650.279s step_avg:1207.97ms
step:2195/3300 train_loss:3.41030 train_time:2651.474s step_avg:1207.96ms
step:2196/3300 train_loss:3.41630 train_time:2652.679s step_avg:1207.96ms
step:2197/3300 train_loss:3.46304 train_time:2653.887s step_avg:1207.96ms
step:2198/3300 train_loss:3.44238 train_time:2655.089s step_avg:1207.96ms
step:2199/3300 train_loss:3.42449 train_time:2656.302s step_avg:1207.96ms
step:2200/3300 train_loss:3.46935 train_time:2657.516s step_avg:1207.96ms
step:2201/3300 train_loss:3.40725 train_time:2658.711s step_avg:1207.96ms
step:2202/3300 train_loss:3.66439 train_time:2659.910s step_avg:1207.95ms
step:2203/3300 train_loss:3.51884 train_time:2661.120s step_avg:1207.95ms
step:2204/3300 train_loss:3.41608 train_time:2662.320s step_avg:1207.95ms
step:2205/3300 train_loss:3.47252 train_time:2663.510s step_avg:1207.94ms
step:2206/3300 train_loss:3.47608 train_time:2664.725s step_avg:1207.94ms
step:2207/3300 train_loss:3.53006 train_time:2665.928s step_avg:1207.94ms
step:2208/3300 train_loss:3.47425 train_time:2667.128s step_avg:1207.94ms
step:2209/3300 train_loss:3.41302 train_time:2668.329s step_avg:1207.94ms
step:2210/3300 train_loss:3.43074 train_time:2669.545s step_avg:1207.94ms
step:2211/3300 train_loss:3.41674 train_time:2670.775s step_avg:1207.95ms
step:2212/3300 train_loss:3.48258 train_time:2671.973s step_avg:1207.94ms
step:2213/3300 train_loss:3.38775 train_time:2673.190s step_avg:1207.95ms
step:2214/3300 train_loss:3.43827 train_time:2674.399s step_avg:1207.95ms
step:2215/3300 train_loss:3.48278 train_time:2675.634s step_avg:1207.96ms
step:2216/3300 train_loss:3.49465 train_time:2676.844s step_avg:1207.96ms
step:2217/3300 train_loss:3.44821 train_time:2678.045s step_avg:1207.96ms
step:2218/3300 train_loss:3.40891 train_time:2679.250s step_avg:1207.96ms
step:2219/3300 train_loss:3.47236 train_time:2680.464s step_avg:1207.96ms
step:2220/3300 train_loss:3.45248 train_time:2681.658s step_avg:1207.95ms
step:2221/3300 train_loss:3.49936 train_time:2682.860s step_avg:1207.95ms
step:2222/3300 train_loss:3.44721 train_time:2684.059s step_avg:1207.95ms
step:2223/3300 train_loss:3.46296 train_time:2685.275s step_avg:1207.95ms
step:2224/3300 train_loss:3.53314 train_time:2686.487s step_avg:1207.95ms
step:2225/3300 train_loss:3.41196 train_time:2687.696s step_avg:1207.95ms
step:2226/3300 train_loss:3.46689 train_time:2688.895s step_avg:1207.95ms
step:2227/3300 train_loss:3.47939 train_time:2690.099s step_avg:1207.95ms
step:2228/3300 train_loss:3.42964 train_time:2691.306s step_avg:1207.95ms
step:2229/3300 train_loss:3.47655 train_time:2692.535s step_avg:1207.96ms
step:2230/3300 train_loss:3.46721 train_time:2693.743s step_avg:1207.96ms
step:2231/3300 train_loss:3.45614 train_time:2694.949s step_avg:1207.96ms
step:2232/3300 train_loss:3.40983 train_time:2696.166s step_avg:1207.96ms
step:2233/3300 train_loss:3.43525 train_time:2697.366s step_avg:1207.96ms
step:2234/3300 train_loss:3.44587 train_time:2698.570s step_avg:1207.95ms
step:2235/3300 train_loss:3.39710 train_time:2699.772s step_avg:1207.95ms
step:2236/3300 train_loss:3.56729 train_time:2700.999s step_avg:1207.96ms
step:2237/3300 train_loss:3.43303 train_time:2702.198s step_avg:1207.96ms
step:2238/3300 train_loss:3.47520 train_time:2703.405s step_avg:1207.96ms
step:2239/3300 train_loss:3.38716 train_time:2704.639s step_avg:1207.97ms
step:2240/3300 train_loss:3.38685 train_time:2705.855s step_avg:1207.97ms
step:2241/3300 train_loss:3.45166 train_time:2707.059s step_avg:1207.97ms
step:2242/3300 train_loss:3.45136 train_time:2708.258s step_avg:1207.97ms
step:2243/3300 train_loss:3.44185 train_time:2709.481s step_avg:1207.97ms
step:2244/3300 train_loss:3.42134 train_time:2710.676s step_avg:1207.97ms
step:2245/3300 train_loss:3.39899 train_time:2711.881s step_avg:1207.96ms
step:2246/3300 train_loss:3.44491 train_time:2713.090s step_avg:1207.97ms
step:2247/3300 train_loss:3.40604 train_time:2714.294s step_avg:1207.96ms
step:2248/3300 train_loss:3.45316 train_time:2715.535s step_avg:1207.98ms
step:2249/3300 train_loss:3.45524 train_time:2716.814s step_avg:1208.01ms
step:2250/3300 train_loss:3.41134 train_time:2718.077s step_avg:1208.03ms
step:2250/3300 val_loss:3.42877 train_time:2718.077s step_avg:1209.07ms
step:2251/3300 train_loss:3.39447 train_time:2719.276s step_avg:1208.03ms
step:2252/3300 train_loss:3.50671 train_time:2720.478s step_avg:1208.03ms
step:2253/3300 train_loss:3.37578 train_time:2721.676s step_avg:1208.02ms
step:2254/3300 train_loss:3.42474 train_time:2722.891s step_avg:1208.03ms
step:2255/3300 train_loss:3.53468 train_time:2724.094s step_avg:1208.02ms
step:2256/3300 train_loss:3.44537 train_time:2725.299s step_avg:1208.02ms
step:2257/3300 train_loss:3.58294 train_time:2726.504s step_avg:1208.02ms
step:2258/3300 train_loss:3.47176 train_time:2727.709s step_avg:1208.02ms
step:2259/3300 train_loss:3.39755 train_time:2728.907s step_avg:1208.02ms
step:2260/3300 train_loss:3.43402 train_time:2730.109s step_avg:1208.01ms
step:2261/3300 train_loss:3.46871 train_time:2731.307s step_avg:1208.01ms
step:2262/3300 train_loss:3.41659 train_time:2732.503s step_avg:1208.00ms
step:2263/3300 train_loss:3.41962 train_time:2733.710s step_avg:1208.00ms
step:2264/3300 train_loss:3.43029 train_time:2734.935s step_avg:1208.01ms
step:2265/3300 train_loss:3.45256 train_time:2736.155s step_avg:1208.02ms
step:2266/3300 train_loss:3.41867 train_time:2737.357s step_avg:1208.01ms
step:2267/3300 train_loss:3.41601 train_time:2738.576s step_avg:1208.02ms
step:2268/3300 train_loss:3.38467 train_time:2739.778s step_avg:1208.01ms
step:2269/3300 train_loss:3.39808 train_time:2740.977s step_avg:1208.01ms
step:2270/3300 train_loss:3.46888 train_time:2742.176s step_avg:1208.01ms
step:2271/3300 train_loss:3.44577 train_time:2743.381s step_avg:1208.01ms
step:2272/3300 train_loss:3.42467 train_time:2744.590s step_avg:1208.01ms
step:2273/3300 train_loss:3.37039 train_time:2745.784s step_avg:1208.00ms
step:2274/3300 train_loss:3.44518 train_time:2746.995s step_avg:1208.00ms
step:2275/3300 train_loss:3.43483 train_time:2748.203s step_avg:1208.00ms
step:2276/3300 train_loss:3.38058 train_time:2749.438s step_avg:1208.01ms
step:2277/3300 train_loss:3.37661 train_time:2750.641s step_avg:1208.01ms
step:2278/3300 train_loss:3.45425 train_time:2751.843s step_avg:1208.01ms
step:2279/3300 train_loss:3.46453 train_time:2753.045s step_avg:1208.01ms
step:2280/3300 train_loss:3.39297 train_time:2754.259s step_avg:1208.01ms
step:2281/3300 train_loss:3.45364 train_time:2755.495s step_avg:1208.02ms
step:2282/3300 train_loss:3.42634 train_time:2756.692s step_avg:1208.02ms
step:2283/3300 train_loss:3.41325 train_time:2757.890s step_avg:1208.01ms
step:2284/3300 train_loss:3.48850 train_time:2759.084s step_avg:1208.01ms
step:2285/3300 train_loss:3.41558 train_time:2760.285s step_avg:1208.00ms
step:2286/3300 train_loss:3.44828 train_time:2761.479s step_avg:1208.00ms
step:2287/3300 train_loss:3.45137 train_time:2762.685s step_avg:1208.00ms
step:2288/3300 train_loss:3.49705 train_time:2763.886s step_avg:1207.99ms
step:2289/3300 train_loss:3.41945 train_time:2765.095s step_avg:1207.99ms
step:2290/3300 train_loss:3.39689 train_time:2766.301s step_avg:1207.99ms
step:2291/3300 train_loss:3.46289 train_time:2767.511s step_avg:1207.99ms
step:2292/3300 train_loss:3.43315 train_time:2768.731s step_avg:1208.00ms
step:2293/3300 train_loss:3.37639 train_time:2769.941s step_avg:1208.00ms
step:2294/3300 train_loss:3.46417 train_time:2771.145s step_avg:1208.00ms
step:2295/3300 train_loss:3.44035 train_time:2772.346s step_avg:1207.99ms
step:2296/3300 train_loss:3.43658 train_time:2773.557s step_avg:1208.00ms
step:2297/3300 train_loss:3.41675 train_time:2774.762s step_avg:1207.99ms
step:2298/3300 train_loss:3.46515 train_time:2775.969s step_avg:1207.99ms
step:2299/3300 train_loss:3.45512 train_time:2777.179s step_avg:1207.99ms
step:2300/3300 train_loss:3.44176 train_time:2778.410s step_avg:1208.00ms
step:2301/3300 train_loss:3.46571 train_time:2779.616s step_avg:1208.00ms
step:2302/3300 train_loss:3.38099 train_time:2780.822s step_avg:1208.00ms
step:2303/3300 train_loss:3.41970 train_time:2782.026s step_avg:1208.00ms
step:2304/3300 train_loss:3.36831 train_time:2783.231s step_avg:1208.00ms
step:2305/3300 train_loss:3.44812 train_time:2784.431s step_avg:1208.00ms
step:2306/3300 train_loss:3.35899 train_time:2785.637s step_avg:1208.00ms
step:2307/3300 train_loss:3.44511 train_time:2786.852s step_avg:1208.00ms
step:2308/3300 train_loss:3.46808 train_time:2788.047s step_avg:1207.99ms
step:2309/3300 train_loss:3.47310 train_time:2789.247s step_avg:1207.99ms
step:2310/3300 train_loss:3.35498 train_time:2790.447s step_avg:1207.99ms
step:2311/3300 train_loss:3.41697 train_time:2791.645s step_avg:1207.98ms
step:2312/3300 train_loss:3.46089 train_time:2792.843s step_avg:1207.98ms
step:2313/3300 train_loss:3.41618 train_time:2794.050s step_avg:1207.98ms
step:2314/3300 train_loss:3.42159 train_time:2795.256s step_avg:1207.98ms
step:2315/3300 train_loss:3.42367 train_time:2796.474s step_avg:1207.98ms
step:2316/3300 train_loss:3.41002 train_time:2797.687s step_avg:1207.98ms
step:2317/3300 train_loss:3.41319 train_time:2798.899s step_avg:1207.98ms
step:2318/3300 train_loss:3.37362 train_time:2800.101s step_avg:1207.98ms
step:2319/3300 train_loss:3.49754 train_time:2801.302s step_avg:1207.98ms
step:2320/3300 train_loss:3.46334 train_time:2802.504s step_avg:1207.98ms
step:2321/3300 train_loss:3.45159 train_time:2803.708s step_avg:1207.97ms
step:2322/3300 train_loss:3.44433 train_time:2804.921s step_avg:1207.98ms
step:2323/3300 train_loss:3.38982 train_time:2806.130s step_avg:1207.98ms
step:2324/3300 train_loss:3.40398 train_time:2807.331s step_avg:1207.97ms
step:2325/3300 train_loss:3.35592 train_time:2808.531s step_avg:1207.97ms
step:2326/3300 train_loss:3.43166 train_time:2809.742s step_avg:1207.97ms
step:2327/3300 train_loss:3.39611 train_time:2810.948s step_avg:1207.97ms
step:2328/3300 train_loss:3.42368 train_time:2812.148s step_avg:1207.97ms
step:2329/3300 train_loss:3.58283 train_time:2813.348s step_avg:1207.96ms
step:2330/3300 train_loss:3.38068 train_time:2814.604s step_avg:1207.98ms
step:2331/3300 train_loss:3.45335 train_time:2815.820s step_avg:1207.99ms
step:2332/3300 train_loss:3.43249 train_time:2817.041s step_avg:1207.99ms
step:2333/3300 train_loss:3.48343 train_time:2818.271s step_avg:1208.00ms
step:2334/3300 train_loss:3.41689 train_time:2819.475s step_avg:1208.00ms
step:2335/3300 train_loss:3.39813 train_time:2820.671s step_avg:1208.00ms
step:2336/3300 train_loss:3.47395 train_time:2821.867s step_avg:1207.99ms
step:2337/3300 train_loss:3.40142 train_time:2823.074s step_avg:1207.99ms
step:2338/3300 train_loss:3.43579 train_time:2824.268s step_avg:1207.98ms
step:2339/3300 train_loss:3.43351 train_time:2825.470s step_avg:1207.98ms
step:2340/3300 train_loss:3.39051 train_time:2826.670s step_avg:1207.98ms
step:2341/3300 train_loss:3.42448 train_time:2827.870s step_avg:1207.98ms
step:2342/3300 train_loss:3.43610 train_time:2829.070s step_avg:1207.97ms
step:2343/3300 train_loss:3.42465 train_time:2830.271s step_avg:1207.97ms
step:2344/3300 train_loss:3.41758 train_time:2831.483s step_avg:1207.97ms
step:2345/3300 train_loss:3.42733 train_time:2832.711s step_avg:1207.98ms
step:2346/3300 train_loss:3.39272 train_time:2833.920s step_avg:1207.98ms
step:2347/3300 train_loss:3.49703 train_time:2835.131s step_avg:1207.98ms
step:2348/3300 train_loss:3.47093 train_time:2836.340s step_avg:1207.98ms
step:2349/3300 train_loss:3.42846 train_time:2837.536s step_avg:1207.98ms
step:2350/3300 train_loss:3.39696 train_time:2838.738s step_avg:1207.97ms
step:2351/3300 train_loss:3.38859 train_time:2839.931s step_avg:1207.97ms
step:2352/3300 train_loss:3.40142 train_time:2841.130s step_avg:1207.96ms
step:2353/3300 train_loss:3.49954 train_time:2842.333s step_avg:1207.96ms
step:2354/3300 train_loss:3.43463 train_time:2843.548s step_avg:1207.96ms
step:2355/3300 train_loss:3.34936 train_time:2844.759s step_avg:1207.97ms
step:2356/3300 train_loss:3.52120 train_time:2845.965s step_avg:1207.96ms
step:2357/3300 train_loss:3.41406 train_time:2847.166s step_avg:1207.96ms
step:2358/3300 train_loss:3.41483 train_time:2848.372s step_avg:1207.96ms
step:2359/3300 train_loss:3.39360 train_time:2849.575s step_avg:1207.96ms
step:2360/3300 train_loss:3.43938 train_time:2850.776s step_avg:1207.96ms
step:2361/3300 train_loss:3.43322 train_time:2851.976s step_avg:1207.95ms
step:2362/3300 train_loss:3.43541 train_time:2853.183s step_avg:1207.95ms
step:2363/3300 train_loss:3.43059 train_time:2854.407s step_avg:1207.96ms
step:2364/3300 train_loss:3.45666 train_time:2855.643s step_avg:1207.97ms
step:2365/3300 train_loss:3.39143 train_time:2856.842s step_avg:1207.97ms
step:2366/3300 train_loss:3.40051 train_time:2858.075s step_avg:1207.98ms
step:2367/3300 train_loss:3.51906 train_time:2859.289s step_avg:1207.98ms
step:2368/3300 train_loss:3.45801 train_time:2860.503s step_avg:1207.98ms
step:2369/3300 train_loss:3.42888 train_time:2861.708s step_avg:1207.98ms
step:2370/3300 train_loss:3.37338 train_time:2862.911s step_avg:1207.98ms
step:2371/3300 train_loss:3.45565 train_time:2864.115s step_avg:1207.98ms
step:2372/3300 train_loss:3.39647 train_time:2865.336s step_avg:1207.98ms
step:2373/3300 train_loss:3.48854 train_time:2866.561s step_avg:1207.99ms
step:2374/3300 train_loss:3.56316 train_time:2867.786s step_avg:1208.00ms
step:2375/3300 train_loss:3.37458 train_time:2868.990s step_avg:1208.00ms
step:2375/3300 val_loss:3.40826 train_time:2868.990s step_avg:1207.31ms
step:2376/3300 train_loss:3.41322 train_time:2870.192s step_avg:1207.99ms
step:2377/3300 train_loss:3.42216 train_time:2871.404s step_avg:1207.99ms
step:2378/3300 train_loss:3.40536 train_time:2872.606s step_avg:1207.99ms
step:2379/3300 train_loss:3.43536 train_time:2873.813s step_avg:1207.99ms
step:2380/3300 train_loss:3.37751 train_time:2875.018s step_avg:1207.99ms
step:2381/3300 train_loss:3.43505 train_time:2876.218s step_avg:1207.99ms
step:2382/3300 train_loss:3.44544 train_time:2877.429s step_avg:1207.99ms
step:2383/3300 train_loss:3.42500 train_time:2878.630s step_avg:1207.99ms
step:2384/3300 train_loss:3.39709 train_time:2879.830s step_avg:1207.98ms
step:2385/3300 train_loss:3.46401 train_time:2881.040s step_avg:1207.98ms
step:2386/3300 train_loss:3.40651 train_time:2882.245s step_avg:1207.98ms
step:2387/3300 train_loss:3.43176 train_time:2883.451s step_avg:1207.98ms
step:2388/3300 train_loss:3.40463 train_time:2884.651s step_avg:1207.98ms
step:2389/3300 train_loss:3.44513 train_time:2885.864s step_avg:1207.98ms
step:2390/3300 train_loss:3.40155 train_time:2887.069s step_avg:1207.98ms
step:2391/3300 train_loss:3.45119 train_time:2888.277s step_avg:1207.98ms
step:2392/3300 train_loss:3.38241 train_time:2889.474s step_avg:1207.97ms
step:2393/3300 train_loss:3.41940 train_time:2890.679s step_avg:1207.97ms
step:2394/3300 train_loss:3.45821 train_time:2891.882s step_avg:1207.97ms
step:2395/3300 train_loss:3.36625 train_time:2893.082s step_avg:1207.97ms
step:2396/3300 train_loss:3.43210 train_time:2894.274s step_avg:1207.96ms
step:2397/3300 train_loss:3.41504 train_time:2895.483s step_avg:1207.96ms
step:2398/3300 train_loss:3.40441 train_time:2896.697s step_avg:1207.96ms
step:2399/3300 train_loss:3.41119 train_time:2897.905s step_avg:1207.96ms
step:2400/3300 train_loss:3.37550 train_time:2899.116s step_avg:1207.97ms
step:2401/3300 train_loss:3.40694 train_time:2900.351s step_avg:1207.98ms
step:2402/3300 train_loss:3.43105 train_time:2901.578s step_avg:1207.98ms
step:2403/3300 train_loss:3.38786 train_time:2902.776s step_avg:1207.98ms
step:2404/3300 train_loss:3.50915 train_time:2903.974s step_avg:1207.98ms
step:2405/3300 train_loss:3.39074 train_time:2905.182s step_avg:1207.98ms
step:2406/3300 train_loss:3.53798 train_time:2906.387s step_avg:1207.97ms
step:2407/3300 train_loss:3.36437 train_time:2907.597s step_avg:1207.98ms
step:2408/3300 train_loss:3.40152 train_time:2908.803s step_avg:1207.97ms
step:2409/3300 train_loss:3.40597 train_time:2910.017s step_avg:1207.98ms
step:2410/3300 train_loss:3.44898 train_time:2911.217s step_avg:1207.97ms
step:2411/3300 train_loss:3.43613 train_time:2912.416s step_avg:1207.97ms
step:2412/3300 train_loss:3.38998 train_time:2913.614s step_avg:1207.97ms
step:2413/3300 train_loss:3.39002 train_time:2914.812s step_avg:1207.96ms
step:2414/3300 train_loss:3.48210 train_time:2916.027s step_avg:1207.96ms
step:2415/3300 train_loss:3.44434 train_time:2917.232s step_avg:1207.96ms
step:2416/3300 train_loss:3.39414 train_time:2918.440s step_avg:1207.96ms
step:2417/3300 train_loss:3.40546 train_time:2919.642s step_avg:1207.96ms
step:2418/3300 train_loss:3.42789 train_time:2920.852s step_avg:1207.96ms
step:2419/3300 train_loss:3.38727 train_time:2922.062s step_avg:1207.96ms
step:2420/3300 train_loss:3.40374 train_time:2923.257s step_avg:1207.96ms
step:2421/3300 train_loss:3.50917 train_time:2924.457s step_avg:1207.95ms
step:2422/3300 train_loss:3.48661 train_time:2925.660s step_avg:1207.95ms
step:2423/3300 train_loss:3.47868 train_time:2926.895s step_avg:1207.96ms
step:2424/3300 train_loss:3.43920 train_time:2928.090s step_avg:1207.96ms
step:2425/3300 train_loss:3.38404 train_time:2929.300s step_avg:1207.96ms
step:2426/3300 train_loss:3.33388 train_time:2930.500s step_avg:1207.96ms
step:2427/3300 train_loss:3.46970 train_time:2931.713s step_avg:1207.96ms
step:2428/3300 train_loss:3.40232 train_time:2932.917s step_avg:1207.96ms
step:2429/3300 train_loss:3.36955 train_time:2934.119s step_avg:1207.95ms
step:2430/3300 train_loss:3.43209 train_time:2935.323s step_avg:1207.95ms
step:2431/3300 train_loss:3.49765 train_time:2936.524s step_avg:1207.95ms
step:2432/3300 train_loss:3.43840 train_time:2937.752s step_avg:1207.96ms
step:2433/3300 train_loss:3.41800 train_time:2938.955s step_avg:1207.96ms
step:2434/3300 train_loss:3.40333 train_time:2940.166s step_avg:1207.96ms
step:2435/3300 train_loss:3.39763 train_time:2941.378s step_avg:1207.96ms
step:2436/3300 train_loss:3.41438 train_time:2942.582s step_avg:1207.96ms
step:2437/3300 train_loss:3.40009 train_time:2943.782s step_avg:1207.95ms
step:2438/3300 train_loss:3.41304 train_time:2944.998s step_avg:1207.96ms
step:2439/3300 train_loss:3.37620 train_time:2946.222s step_avg:1207.96ms
step:2440/3300 train_loss:3.40680 train_time:2947.433s step_avg:1207.96ms
step:2441/3300 train_loss:3.37628 train_time:2948.643s step_avg:1207.97ms
step:2442/3300 train_loss:3.44730 train_time:2949.866s step_avg:1207.97ms
step:2443/3300 train_loss:3.41407 train_time:2951.074s step_avg:1207.97ms
step:2444/3300 train_loss:3.34341 train_time:2952.278s step_avg:1207.97ms
step:2445/3300 train_loss:3.46281 train_time:2953.480s step_avg:1207.97ms
step:2446/3300 train_loss:3.39716 train_time:2954.678s step_avg:1207.96ms
step:2447/3300 train_loss:3.39290 train_time:2955.890s step_avg:1207.96ms
step:2448/3300 train_loss:3.47005 train_time:2957.107s step_avg:1207.97ms
step:2449/3300 train_loss:3.41453 train_time:2958.319s step_avg:1207.97ms
step:2450/3300 train_loss:3.43497 train_time:2959.537s step_avg:1207.97ms
step:2451/3300 train_loss:3.43068 train_time:2960.745s step_avg:1207.97ms
step:2452/3300 train_loss:3.44681 train_time:2961.981s step_avg:1207.99ms
step:2453/3300 train_loss:3.39014 train_time:2963.177s step_avg:1207.98ms
step:2454/3300 train_loss:3.45885 train_time:2964.381s step_avg:1207.98ms
step:2455/3300 train_loss:3.48102 train_time:2965.587s step_avg:1207.98ms
step:2456/3300 train_loss:3.34648 train_time:2966.802s step_avg:1207.98ms
step:2457/3300 train_loss:3.39317 train_time:2968.003s step_avg:1207.98ms
step:2458/3300 train_loss:3.53236 train_time:2969.211s step_avg:1207.98ms
step:2459/3300 train_loss:3.60932 train_time:2970.435s step_avg:1207.98ms
step:2460/3300 train_loss:3.42468 train_time:2971.655s step_avg:1207.99ms
step:2461/3300 train_loss:3.39538 train_time:2972.856s step_avg:1207.99ms
step:2462/3300 train_loss:3.45494 train_time:2974.063s step_avg:1207.99ms
step:2463/3300 train_loss:3.46908 train_time:2975.267s step_avg:1207.99ms
step:2464/3300 train_loss:3.49241 train_time:2976.465s step_avg:1207.98ms
step:2465/3300 train_loss:3.39351 train_time:2977.662s step_avg:1207.98ms
step:2466/3300 train_loss:3.43258 train_time:2978.867s step_avg:1207.98ms
step:2467/3300 train_loss:3.37110 train_time:2980.081s step_avg:1207.98ms
step:2468/3300 train_loss:3.43317 train_time:2981.296s step_avg:1207.98ms
step:2469/3300 train_loss:3.50414 train_time:2982.507s step_avg:1207.98ms
step:2470/3300 train_loss:3.40766 train_time:2983.699s step_avg:1207.98ms
step:2471/3300 train_loss:3.40223 train_time:2984.939s step_avg:1207.99ms
step:2472/3300 train_loss:3.39644 train_time:2986.158s step_avg:1207.99ms
step:2473/3300 train_loss:3.58449 train_time:2987.371s step_avg:1207.99ms
step:2474/3300 train_loss:3.44163 train_time:2988.575s step_avg:1207.99ms
step:2475/3300 train_loss:3.40754 train_time:2989.823s step_avg:1208.01ms
step:2476/3300 train_loss:3.38764 train_time:2991.024s step_avg:1208.01ms
step:2477/3300 train_loss:3.40054 train_time:2992.231s step_avg:1208.01ms
step:2478/3300 train_loss:3.41022 train_time:2993.435s step_avg:1208.00ms
step:2479/3300 train_loss:3.43305 train_time:2994.635s step_avg:1208.00ms
step:2480/3300 train_loss:3.35601 train_time:2995.928s step_avg:1208.04ms
step:2481/3300 train_loss:3.46990 train_time:2997.165s step_avg:1208.05ms
step:2482/3300 train_loss:3.37955 train_time:2998.371s step_avg:1208.05ms
step:2483/3300 train_loss:3.40183 train_time:2999.585s step_avg:1208.05ms
step:2484/3300 train_loss:3.46479 train_time:3000.806s step_avg:1208.05ms
step:2485/3300 train_loss:3.46333 train_time:3002.008s step_avg:1208.05ms
step:2486/3300 train_loss:3.41392 train_time:3003.203s step_avg:1208.05ms
step:2487/3300 train_loss:3.43720 train_time:3004.406s step_avg:1208.04ms
step:2488/3300 train_loss:3.39294 train_time:3005.620s step_avg:1208.05ms
step:2489/3300 train_loss:3.41926 train_time:3006.846s step_avg:1208.05ms
step:2490/3300 train_loss:3.42496 train_time:3008.052s step_avg:1208.05ms
step:2491/3300 train_loss:3.44454 train_time:3009.268s step_avg:1208.06ms
step:2492/3300 train_loss:3.38153 train_time:3010.471s step_avg:1208.05ms
step:2493/3300 train_loss:3.43058 train_time:3011.680s step_avg:1208.05ms
step:2494/3300 train_loss:3.42640 train_time:3012.886s step_avg:1208.05ms
step:2495/3300 train_loss:3.35853 train_time:3014.083s step_avg:1208.05ms
step:2496/3300 train_loss:3.39046 train_time:3015.288s step_avg:1208.05ms
step:2497/3300 train_loss:3.39317 train_time:3016.513s step_avg:1208.05ms
step:2498/3300 train_loss:3.36348 train_time:3017.715s step_avg:1208.05ms
step:2499/3300 train_loss:3.40587 train_time:3018.918s step_avg:1208.05ms
step:2500/3300 train_loss:3.34951 train_time:3020.124s step_avg:1208.05ms
step:2500/3300 val_loss:3.38772 train_time:3020.124s step_avg:1209.07ms
step:2501/3300 train_loss:3.37318 train_time:3021.326s step_avg:1208.05ms
step:2502/3300 train_loss:3.37910 train_time:3022.528s step_avg:1208.04ms
step:2503/3300 train_loss:3.39232 train_time:3023.728s step_avg:1208.04ms
step:2504/3300 train_loss:3.45475 train_time:3024.927s step_avg:1208.04ms
step:2505/3300 train_loss:3.41171 train_time:3026.129s step_avg:1208.04ms
step:2506/3300 train_loss:3.38823 train_time:3027.329s step_avg:1208.03ms
step:2507/3300 train_loss:3.45255 train_time:3028.530s step_avg:1208.03ms
step:2508/3300 train_loss:3.39219 train_time:3029.744s step_avg:1208.03ms
step:2509/3300 train_loss:3.48244 train_time:3030.952s step_avg:1208.03ms
step:2510/3300 train_loss:3.42009 train_time:3032.144s step_avg:1208.03ms
step:2511/3300 train_loss:3.41562 train_time:3033.349s step_avg:1208.02ms
step:2512/3300 train_loss:3.42037 train_time:3034.556s step_avg:1208.02ms
step:2513/3300 train_loss:3.39061 train_time:3035.763s step_avg:1208.02ms
step:2514/3300 train_loss:3.42095 train_time:3036.972s step_avg:1208.02ms
step:2515/3300 train_loss:3.34556 train_time:3038.180s step_avg:1208.02ms
step:2516/3300 train_loss:3.41276 train_time:3039.383s step_avg:1208.02ms
step:2517/3300 train_loss:3.38409 train_time:3040.584s step_avg:1208.02ms
step:2518/3300 train_loss:3.44576 train_time:3041.797s step_avg:1208.02ms
step:2519/3300 train_loss:3.43943 train_time:3042.998s step_avg:1208.02ms
step:2520/3300 train_loss:3.43200 train_time:3044.199s step_avg:1208.02ms
step:2521/3300 train_loss:3.43789 train_time:3045.402s step_avg:1208.01ms
step:2522/3300 train_loss:3.40091 train_time:3046.617s step_avg:1208.02ms
step:2523/3300 train_loss:3.36018 train_time:3047.823s step_avg:1208.02ms
step:2524/3300 train_loss:3.43607 train_time:3049.033s step_avg:1208.02ms
step:2525/3300 train_loss:3.36914 train_time:3050.228s step_avg:1208.01ms
step:2526/3300 train_loss:3.43625 train_time:3051.426s step_avg:1208.01ms
step:2527/3300 train_loss:3.39674 train_time:3052.673s step_avg:1208.02ms
step:2528/3300 train_loss:3.31575 train_time:3053.919s step_avg:1208.04ms
step:2529/3300 train_loss:3.43387 train_time:3055.129s step_avg:1208.04ms
step:2530/3300 train_loss:3.42039 train_time:3056.334s step_avg:1208.04ms
step:2531/3300 train_loss:3.42206 train_time:3057.531s step_avg:1208.03ms
step:2532/3300 train_loss:3.37167 train_time:3058.736s step_avg:1208.03ms
step:2533/3300 train_loss:3.40197 train_time:3059.925s step_avg:1208.02ms
step:2534/3300 train_loss:3.39937 train_time:3061.123s step_avg:1208.02ms
step:2535/3300 train_loss:3.39824 train_time:3062.360s step_avg:1208.03ms
step:2536/3300 train_loss:3.39971 train_time:3063.563s step_avg:1208.03ms
step:2537/3300 train_loss:3.34129 train_time:3064.763s step_avg:1208.03ms
step:2538/3300 train_loss:3.35695 train_time:3065.968s step_avg:1208.03ms
step:2539/3300 train_loss:3.39072 train_time:3067.169s step_avg:1208.02ms
step:2540/3300 train_loss:3.40449 train_time:3068.394s step_avg:1208.03ms
step:2541/3300 train_loss:3.38799 train_time:3069.610s step_avg:1208.03ms
step:2542/3300 train_loss:3.57819 train_time:3070.813s step_avg:1208.03ms
step:2543/3300 train_loss:3.61034 train_time:3072.015s step_avg:1208.03ms
step:2544/3300 train_loss:3.37119 train_time:3073.222s step_avg:1208.03ms
step:2545/3300 train_loss:3.38337 train_time:3074.459s step_avg:1208.04ms
step:2546/3300 train_loss:3.53023 train_time:3075.666s step_avg:1208.04ms
step:2547/3300 train_loss:3.39290 train_time:3076.876s step_avg:1208.04ms
step:2548/3300 train_loss:3.34172 train_time:3078.077s step_avg:1208.04ms
step:2549/3300 train_loss:3.43483 train_time:3079.295s step_avg:1208.04ms
step:2550/3300 train_loss:3.41886 train_time:3080.488s step_avg:1208.03ms
step:2551/3300 train_loss:3.38323 train_time:3081.690s step_avg:1208.03ms
step:2552/3300 train_loss:3.37164 train_time:3082.893s step_avg:1208.03ms
step:2553/3300 train_loss:3.43908 train_time:3084.093s step_avg:1208.03ms
step:2554/3300 train_loss:3.42662 train_time:3085.371s step_avg:1208.05ms
step:2555/3300 train_loss:3.35333 train_time:3086.588s step_avg:1208.06ms
step:2556/3300 train_loss:3.41701 train_time:3087.790s step_avg:1208.06ms
step:2557/3300 train_loss:3.40023 train_time:3088.993s step_avg:1208.05ms
step:2558/3300 train_loss:3.37566 train_time:3090.201s step_avg:1208.05ms
step:2559/3300 train_loss:3.36647 train_time:3091.404s step_avg:1208.05ms
step:2560/3300 train_loss:3.40212 train_time:3092.630s step_avg:1208.06ms
step:2561/3300 train_loss:3.42398 train_time:3093.846s step_avg:1208.06ms
step:2562/3300 train_loss:3.36732 train_time:3095.049s step_avg:1208.06ms
step:2563/3300 train_loss:3.46384 train_time:3096.267s step_avg:1208.06ms
step:2564/3300 train_loss:3.40780 train_time:3097.486s step_avg:1208.07ms
step:2565/3300 train_loss:3.34728 train_time:3098.686s step_avg:1208.06ms
step:2566/3300 train_loss:3.41635 train_time:3099.887s step_avg:1208.06ms
step:2567/3300 train_loss:3.43164 train_time:3101.087s step_avg:1208.06ms
step:2568/3300 train_loss:3.39984 train_time:3102.299s step_avg:1208.06ms
step:2569/3300 train_loss:3.36199 train_time:3103.498s step_avg:1208.06ms
step:2570/3300 train_loss:3.41747 train_time:3104.692s step_avg:1208.05ms
step:2571/3300 train_loss:3.36305 train_time:3105.898s step_avg:1208.05ms
step:2572/3300 train_loss:3.37562 train_time:3107.111s step_avg:1208.05ms
step:2573/3300 train_loss:3.33821 train_time:3108.320s step_avg:1208.05ms
step:2574/3300 train_loss:3.38076 train_time:3109.522s step_avg:1208.05ms
step:2575/3300 train_loss:3.37430 train_time:3110.724s step_avg:1208.05ms
step:2576/3300 train_loss:3.40807 train_time:3111.927s step_avg:1208.05ms
step:2577/3300 train_loss:3.37831 train_time:3113.132s step_avg:1208.04ms
step:2578/3300 train_loss:3.38362 train_time:3114.354s step_avg:1208.05ms
step:2579/3300 train_loss:3.32378 train_time:3115.562s step_avg:1208.05ms
step:2580/3300 train_loss:3.36309 train_time:3116.770s step_avg:1208.05ms
step:2581/3300 train_loss:3.44926 train_time:3117.998s step_avg:1208.06ms
step:2582/3300 train_loss:3.34581 train_time:3119.221s step_avg:1208.06ms
step:2583/3300 train_loss:3.43314 train_time:3120.411s step_avg:1208.06ms
step:2584/3300 train_loss:3.45195 train_time:3121.612s step_avg:1208.05ms
step:2585/3300 train_loss:3.42991 train_time:3122.812s step_avg:1208.05ms
step:2586/3300 train_loss:3.40971 train_time:3124.020s step_avg:1208.05ms
step:2587/3300 train_loss:3.38709 train_time:3125.230s step_avg:1208.05ms
step:2588/3300 train_loss:3.41528 train_time:3126.432s step_avg:1208.05ms
step:2589/3300 train_loss:3.32215 train_time:3127.651s step_avg:1208.05ms
step:2590/3300 train_loss:3.44833 train_time:3128.865s step_avg:1208.06ms
step:2591/3300 train_loss:3.43729 train_time:3130.069s step_avg:1208.05ms
step:2592/3300 train_loss:3.46251 train_time:3131.272s step_avg:1208.05ms
step:2593/3300 train_loss:3.39578 train_time:3132.485s step_avg:1208.05ms
step:2594/3300 train_loss:3.38633 train_time:3133.694s step_avg:1208.05ms
step:2595/3300 train_loss:3.43428 train_time:3134.900s step_avg:1208.05ms
step:2596/3300 train_loss:3.34241 train_time:3136.102s step_avg:1208.05ms
step:2597/3300 train_loss:3.47758 train_time:3137.301s step_avg:1208.05ms
step:2598/3300 train_loss:3.39276 train_time:3138.517s step_avg:1208.05ms
step:2599/3300 train_loss:3.34283 train_time:3139.717s step_avg:1208.05ms
step:2600/3300 train_loss:3.40250 train_time:3140.915s step_avg:1208.04ms
step:2601/3300 train_loss:3.34076 train_time:3142.113s step_avg:1208.04ms
step:2602/3300 train_loss:3.39270 train_time:3143.315s step_avg:1208.04ms
step:2603/3300 train_loss:3.41755 train_time:3144.531s step_avg:1208.04ms
step:2604/3300 train_loss:3.39945 train_time:3145.746s step_avg:1208.04ms
step:2605/3300 train_loss:3.36589 train_time:3146.954s step_avg:1208.04ms
step:2606/3300 train_loss:3.36402 train_time:3148.156s step_avg:1208.04ms
step:2607/3300 train_loss:3.34418 train_time:3149.373s step_avg:1208.05ms
step:2608/3300 train_loss:3.41755 train_time:3150.575s step_avg:1208.04ms
step:2609/3300 train_loss:3.39739 train_time:3151.778s step_avg:1208.04ms
step:2610/3300 train_loss:3.37625 train_time:3153.011s step_avg:1208.05ms
step:2611/3300 train_loss:3.34372 train_time:3154.229s step_avg:1208.05ms
step:2612/3300 train_loss:3.37328 train_time:3155.446s step_avg:1208.06ms
step:2613/3300 train_loss:3.38403 train_time:3156.660s step_avg:1208.06ms
step:2614/3300 train_loss:3.43894 train_time:3157.856s step_avg:1208.05ms
step:2615/3300 train_loss:3.33148 train_time:3159.067s step_avg:1208.06ms
step:2616/3300 train_loss:3.33091 train_time:3160.273s step_avg:1208.06ms
step:2617/3300 train_loss:3.41908 train_time:3161.476s step_avg:1208.05ms
step:2618/3300 train_loss:3.37837 train_time:3162.685s step_avg:1208.05ms
step:2619/3300 train_loss:3.38650 train_time:3163.886s step_avg:1208.05ms
step:2620/3300 train_loss:3.43110 train_time:3165.099s step_avg:1208.05ms
step:2621/3300 train_loss:3.38418 train_time:3166.301s step_avg:1208.05ms
step:2622/3300 train_loss:3.39028 train_time:3167.505s step_avg:1208.05ms
step:2623/3300 train_loss:3.39453 train_time:3168.708s step_avg:1208.05ms
step:2624/3300 train_loss:3.38620 train_time:3169.912s step_avg:1208.05ms
step:2625/3300 train_loss:3.35558 train_time:3171.110s step_avg:1208.04ms
step:2625/3300 val_loss:3.36611 train_time:3171.110s step_avg:1207.89ms
step:2626/3300 train_loss:3.40589 train_time:3172.319s step_avg:1208.04ms
step:2627/3300 train_loss:3.38684 train_time:3173.520s step_avg:1208.04ms
step:2628/3300 train_loss:3.42277 train_time:3174.721s step_avg:1208.04ms
step:2629/3300 train_loss:3.39820 train_time:3175.970s step_avg:1208.05ms
step:2630/3300 train_loss:3.37018 train_time:3177.169s step_avg:1208.05ms
step:2631/3300 train_loss:3.43786 train_time:3178.382s step_avg:1208.05ms
step:2632/3300 train_loss:3.34398 train_time:3179.581s step_avg:1208.05ms
step:2633/3300 train_loss:3.41161 train_time:3180.791s step_avg:1208.05ms
step:2634/3300 train_loss:3.32063 train_time:3181.991s step_avg:1208.05ms
step:2635/3300 train_loss:3.34369 train_time:3183.187s step_avg:1208.04ms
step:2636/3300 train_loss:3.37613 train_time:3184.394s step_avg:1208.04ms
step:2637/3300 train_loss:3.36720 train_time:3185.591s step_avg:1208.04ms
step:2638/3300 train_loss:3.40168 train_time:3186.798s step_avg:1208.04ms
step:2639/3300 train_loss:3.38685 train_time:3188.010s step_avg:1208.04ms
step:2640/3300 train_loss:3.43031 train_time:3189.221s step_avg:1208.04ms
step:2641/3300 train_loss:3.37062 train_time:3190.443s step_avg:1208.04ms
step:2642/3300 train_loss:3.33632 train_time:3191.650s step_avg:1208.04ms
step:2643/3300 train_loss:3.37100 train_time:3192.855s step_avg:1208.04ms
step:2644/3300 train_loss:3.37352 train_time:3194.051s step_avg:1208.04ms
step:2645/3300 train_loss:3.42097 train_time:3195.255s step_avg:1208.04ms
step:2646/3300 train_loss:3.36218 train_time:3196.452s step_avg:1208.03ms
step:2647/3300 train_loss:3.37007 train_time:3197.664s step_avg:1208.03ms
step:2648/3300 train_loss:3.39887 train_time:3198.874s step_avg:1208.03ms
step:2649/3300 train_loss:3.41429 train_time:3200.086s step_avg:1208.04ms
step:2650/3300 train_loss:3.41376 train_time:3201.287s step_avg:1208.03ms
step:2651/3300 train_loss:3.40868 train_time:3202.502s step_avg:1208.04ms
step:2652/3300 train_loss:3.39055 train_time:3203.704s step_avg:1208.03ms
step:2653/3300 train_loss:3.41607 train_time:3204.906s step_avg:1208.03ms
step:2654/3300 train_loss:3.41307 train_time:3206.121s step_avg:1208.03ms
step:2655/3300 train_loss:3.37708 train_time:3207.328s step_avg:1208.03ms
step:2656/3300 train_loss:3.38669 train_time:3208.554s step_avg:1208.04ms
step:2657/3300 train_loss:3.34088 train_time:3209.758s step_avg:1208.04ms
step:2658/3300 train_loss:3.36531 train_time:3211.001s step_avg:1208.05ms
step:2659/3300 train_loss:3.38991 train_time:3212.205s step_avg:1208.05ms
step:2660/3300 train_loss:3.36652 train_time:3213.408s step_avg:1208.05ms
step:2661/3300 train_loss:3.39299 train_time:3214.632s step_avg:1208.05ms
step:2662/3300 train_loss:3.37991 train_time:3215.833s step_avg:1208.05ms
step:2663/3300 train_loss:3.36900 train_time:3217.041s step_avg:1208.05ms
step:2664/3300 train_loss:3.34175 train_time:3218.246s step_avg:1208.05ms
step:2665/3300 train_loss:3.39792 train_time:3219.456s step_avg:1208.05ms
step:2666/3300 train_loss:3.41191 train_time:3220.663s step_avg:1208.05ms
step:2667/3300 train_loss:3.40903 train_time:3221.865s step_avg:1208.05ms
step:2668/3300 train_loss:3.36098 train_time:3223.067s step_avg:1208.05ms
step:2669/3300 train_loss:3.39481 train_time:3224.271s step_avg:1208.04ms
step:2670/3300 train_loss:3.35386 train_time:3225.500s step_avg:1208.05ms
step:2671/3300 train_loss:3.34208 train_time:3226.704s step_avg:1208.05ms
step:2672/3300 train_loss:3.31221 train_time:3227.912s step_avg:1208.05ms
step:2673/3300 train_loss:3.36186 train_time:3229.125s step_avg:1208.05ms
step:2674/3300 train_loss:3.37531 train_time:3230.332s step_avg:1208.05ms
step:2675/3300 train_loss:3.42287 train_time:3231.540s step_avg:1208.05ms
step:2676/3300 train_loss:3.34755 train_time:3232.736s step_avg:1208.05ms
step:2677/3300 train_loss:3.28914 train_time:3233.931s step_avg:1208.04ms
step:2678/3300 train_loss:3.42344 train_time:3235.135s step_avg:1208.04ms
step:2679/3300 train_loss:3.42580 train_time:3236.332s step_avg:1208.04ms
step:2680/3300 train_loss:3.32241 train_time:3237.549s step_avg:1208.04ms
step:2681/3300 train_loss:3.36315 train_time:3238.757s step_avg:1208.04ms
step:2682/3300 train_loss:3.42011 train_time:3239.973s step_avg:1208.04ms
step:2683/3300 train_loss:3.41170 train_time:3241.174s step_avg:1208.04ms
step:2684/3300 train_loss:3.46037 train_time:3242.394s step_avg:1208.05ms
step:2685/3300 train_loss:3.39314 train_time:3243.594s step_avg:1208.04ms
step:2686/3300 train_loss:3.34891 train_time:3244.804s step_avg:1208.04ms
step:2687/3300 train_loss:3.40119 train_time:3246.020s step_avg:1208.05ms
step:2688/3300 train_loss:3.35776 train_time:3247.227s step_avg:1208.05ms
step:2689/3300 train_loss:3.40967 train_time:3248.441s step_avg:1208.05ms
step:2690/3300 train_loss:3.38673 train_time:3249.650s step_avg:1208.05ms
step:2691/3300 train_loss:3.37173 train_time:3250.854s step_avg:1208.05ms
step:2692/3300 train_loss:3.42164 train_time:3252.052s step_avg:1208.04ms
step:2693/3300 train_loss:3.41626 train_time:3253.252s step_avg:1208.04ms
step:2694/3300 train_loss:3.34609 train_time:3254.468s step_avg:1208.04ms
step:2695/3300 train_loss:3.33008 train_time:3255.675s step_avg:1208.04ms
step:2696/3300 train_loss:3.47520 train_time:3256.889s step_avg:1208.04ms
step:2697/3300 train_loss:3.35785 train_time:3258.102s step_avg:1208.05ms
step:2698/3300 train_loss:3.28861 train_time:3259.299s step_avg:1208.04ms
step:2699/3300 train_loss:3.37178 train_time:3260.496s step_avg:1208.04ms
step:2700/3300 train_loss:3.37943 train_time:3261.698s step_avg:1208.04ms
step:2701/3300 train_loss:3.36569 train_time:3262.895s step_avg:1208.03ms
step:2702/3300 train_loss:3.36473 train_time:3264.096s step_avg:1208.03ms
step:2703/3300 train_loss:3.42043 train_time:3265.298s step_avg:1208.03ms
step:2704/3300 train_loss:3.36644 train_time:3266.507s step_avg:1208.03ms
step:2705/3300 train_loss:3.36420 train_time:3267.736s step_avg:1208.04ms
step:2706/3300 train_loss:3.38380 train_time:3268.947s step_avg:1208.04ms
step:2707/3300 train_loss:3.40054 train_time:3270.177s step_avg:1208.04ms
step:2708/3300 train_loss:3.35417 train_time:3271.401s step_avg:1208.05ms
step:2709/3300 train_loss:3.40423 train_time:3272.659s step_avg:1208.07ms
step:2710/3300 train_loss:3.33575 train_time:3273.854s step_avg:1208.06ms
step:2711/3300 train_loss:3.43115 train_time:3275.114s step_avg:1208.08ms
step:2712/3300 train_loss:3.37396 train_time:3276.312s step_avg:1208.08ms
step:2713/3300 train_loss:3.35865 train_time:3277.514s step_avg:1208.08ms
step:2714/3300 train_loss:3.36530 train_time:3278.721s step_avg:1208.08ms
step:2715/3300 train_loss:3.32057 train_time:3279.986s step_avg:1208.10ms
step:2716/3300 train_loss:3.35174 train_time:3281.220s step_avg:1208.11ms
step:2717/3300 train_loss:3.35401 train_time:3282.416s step_avg:1208.10ms
step:2718/3300 train_loss:3.41683 train_time:3283.613s step_avg:1208.10ms
step:2719/3300 train_loss:3.35838 train_time:3284.842s step_avg:1208.11ms
step:2720/3300 train_loss:3.37825 train_time:3286.059s step_avg:1208.11ms
step:2721/3300 train_loss:3.40947 train_time:3287.259s step_avg:1208.11ms
step:2722/3300 train_loss:3.49627 train_time:3288.463s step_avg:1208.11ms
step:2723/3300 train_loss:3.34629 train_time:3289.673s step_avg:1208.11ms
step:2724/3300 train_loss:3.37624 train_time:3290.883s step_avg:1208.11ms
step:2725/3300 train_loss:3.41135 train_time:3292.079s step_avg:1208.10ms
step:2726/3300 train_loss:3.36789 train_time:3293.280s step_avg:1208.10ms
step:2727/3300 train_loss:3.35176 train_time:3294.478s step_avg:1208.10ms
step:2728/3300 train_loss:3.38110 train_time:3295.728s step_avg:1208.11ms
step:2729/3300 train_loss:3.40903 train_time:3296.923s step_avg:1208.11ms
step:2730/3300 train_loss:3.41336 train_time:3298.122s step_avg:1208.10ms
step:2731/3300 train_loss:3.33626 train_time:3299.325s step_avg:1208.10ms
step:2732/3300 train_loss:3.32637 train_time:3300.543s step_avg:1208.11ms
step:2733/3300 train_loss:3.29943 train_time:3301.736s step_avg:1208.10ms
step:2734/3300 train_loss:3.35614 train_time:3302.936s step_avg:1208.10ms
step:2735/3300 train_loss:3.36808 train_time:3304.141s step_avg:1208.10ms
step:2736/3300 train_loss:3.36360 train_time:3305.337s step_avg:1208.09ms
step:2737/3300 train_loss:3.37103 train_time:3306.571s step_avg:1208.10ms
step:2738/3300 train_loss:3.34061 train_time:3307.772s step_avg:1208.10ms
step:2739/3300 train_loss:3.30611 train_time:3308.983s step_avg:1208.10ms
step:2740/3300 train_loss:3.37377 train_time:3310.181s step_avg:1208.10ms
step:2741/3300 train_loss:3.37144 train_time:3311.380s step_avg:1208.09ms
step:2742/3300 train_loss:3.39947 train_time:3312.576s step_avg:1208.09ms
step:2743/3300 train_loss:3.39263 train_time:3313.781s step_avg:1208.09ms
step:2744/3300 train_loss:3.41823 train_time:3314.999s step_avg:1208.09ms
step:2745/3300 train_loss:3.32202 train_time:3316.206s step_avg:1208.09ms
step:2746/3300 train_loss:3.36784 train_time:3317.429s step_avg:1208.10ms
step:2747/3300 train_loss:3.34967 train_time:3318.646s step_avg:1208.10ms
step:2748/3300 train_loss:3.38381 train_time:3319.869s step_avg:1208.10ms
step:2749/3300 train_loss:3.37032 train_time:3321.090s step_avg:1208.11ms
step:2750/3300 train_loss:3.38844 train_time:3322.301s step_avg:1208.11ms
step:2750/3300 val_loss:3.34652 train_time:3322.301s step_avg:1209.53ms
step:2751/3300 train_loss:3.33875 train_time:3323.518s step_avg:1208.11ms
step:2752/3300 train_loss:3.31951 train_time:3324.708s step_avg:1208.11ms
step:2753/3300 train_loss:3.33655 train_time:3325.925s step_avg:1208.11ms
step:2754/3300 train_loss:3.33198 train_time:3327.151s step_avg:1208.12ms
step:2755/3300 train_loss:3.30369 train_time:3328.367s step_avg:1208.12ms
step:2756/3300 train_loss:3.33986 train_time:3329.576s step_avg:1208.12ms
step:2757/3300 train_loss:3.42752 train_time:3330.775s step_avg:1208.12ms
step:2758/3300 train_loss:3.32458 train_time:3331.985s step_avg:1208.12ms
step:2759/3300 train_loss:3.34693 train_time:3333.208s step_avg:1208.12ms
step:2760/3300 train_loss:3.37495 train_time:3334.413s step_avg:1208.12ms
step:2761/3300 train_loss:3.37519 train_time:3335.620s step_avg:1208.12ms
step:2762/3300 train_loss:3.32194 train_time:3336.812s step_avg:1208.11ms
step:2763/3300 train_loss:3.36898 train_time:3338.016s step_avg:1208.11ms
step:2764/3300 train_loss:3.40446 train_time:3339.215s step_avg:1208.11ms
step:2765/3300 train_loss:3.33927 train_time:3340.414s step_avg:1208.11ms
step:2766/3300 train_loss:3.32619 train_time:3341.611s step_avg:1208.10ms
step:2767/3300 train_loss:3.35101 train_time:3342.819s step_avg:1208.10ms
step:2768/3300 train_loss:3.36287 train_time:3344.020s step_avg:1208.10ms
step:2769/3300 train_loss:3.33632 train_time:3345.231s step_avg:1208.10ms
step:2770/3300 train_loss:3.27809 train_time:3346.431s step_avg:1208.10ms
step:2771/3300 train_loss:3.47139 train_time:3347.661s step_avg:1208.11ms
step:2772/3300 train_loss:3.33659 train_time:3348.863s step_avg:1208.10ms
step:2773/3300 train_loss:3.31803 train_time:3350.072s step_avg:1208.10ms
step:2774/3300 train_loss:3.33853 train_time:3351.281s step_avg:1208.10ms
step:2775/3300 train_loss:3.37236 train_time:3352.474s step_avg:1208.10ms
step:2776/3300 train_loss:3.42592 train_time:3353.673s step_avg:1208.10ms
step:2777/3300 train_loss:3.41756 train_time:3354.879s step_avg:1208.09ms
step:2778/3300 train_loss:3.39261 train_time:3356.071s step_avg:1208.09ms
step:2779/3300 train_loss:3.35749 train_time:3357.285s step_avg:1208.09ms
step:2780/3300 train_loss:3.37179 train_time:3358.511s step_avg:1208.10ms
step:2781/3300 train_loss:3.32898 train_time:3359.709s step_avg:1208.09ms
step:2782/3300 train_loss:3.37397 train_time:3360.927s step_avg:1208.10ms
step:2783/3300 train_loss:3.36961 train_time:3362.119s step_avg:1208.09ms
step:2784/3300 train_loss:3.37366 train_time:3363.319s step_avg:1208.09ms
step:2785/3300 train_loss:3.33378 train_time:3364.516s step_avg:1208.08ms
step:2786/3300 train_loss:3.37245 train_time:3365.711s step_avg:1208.08ms
step:2787/3300 train_loss:3.38169 train_time:3366.913s step_avg:1208.08ms
step:2788/3300 train_loss:3.39911 train_time:3368.115s step_avg:1208.08ms
step:2789/3300 train_loss:3.39661 train_time:3369.330s step_avg:1208.08ms
step:2790/3300 train_loss:3.34187 train_time:3370.529s step_avg:1208.07ms
step:2791/3300 train_loss:3.32339 train_time:3371.729s step_avg:1208.07ms
step:2792/3300 train_loss:3.36458 train_time:3372.938s step_avg:1208.07ms
step:2793/3300 train_loss:3.42634 train_time:3374.141s step_avg:1208.07ms
step:2794/3300 train_loss:3.32564 train_time:3375.337s step_avg:1208.07ms
step:2795/3300 train_loss:3.41885 train_time:3376.541s step_avg:1208.06ms
step:2796/3300 train_loss:3.32928 train_time:3377.746s step_avg:1208.06ms
step:2797/3300 train_loss:3.37403 train_time:3378.961s step_avg:1208.07ms
step:2798/3300 train_loss:3.34322 train_time:3380.168s step_avg:1208.07ms
step:2799/3300 train_loss:3.36849 train_time:3381.375s step_avg:1208.07ms
step:2800/3300 train_loss:3.40086 train_time:3382.598s step_avg:1208.07ms
step:2801/3300 train_loss:3.38334 train_time:3383.802s step_avg:1208.07ms
step:2802/3300 train_loss:3.31545 train_time:3385.013s step_avg:1208.07ms
step:2803/3300 train_loss:3.40113 train_time:3386.221s step_avg:1208.07ms
step:2804/3300 train_loss:3.46758 train_time:3387.426s step_avg:1208.07ms
step:2805/3300 train_loss:3.32989 train_time:3388.643s step_avg:1208.07ms
step:2806/3300 train_loss:3.43721 train_time:3389.852s step_avg:1208.07ms
step:2807/3300 train_loss:3.39054 train_time:3391.072s step_avg:1208.08ms
step:2808/3300 train_loss:3.34305 train_time:3392.291s step_avg:1208.08ms
step:2809/3300 train_loss:3.39361 train_time:3393.499s step_avg:1208.08ms
step:2810/3300 train_loss:3.35874 train_time:3394.698s step_avg:1208.08ms
step:2811/3300 train_loss:3.38754 train_time:3395.899s step_avg:1208.08ms
step:2812/3300 train_loss:3.31162 train_time:3397.142s step_avg:1208.09ms
step:2813/3300 train_loss:3.39493 train_time:3398.339s step_avg:1208.08ms
step:2814/3300 train_loss:3.34510 train_time:3399.615s step_avg:1208.11ms
step:2815/3300 train_loss:3.26264 train_time:3400.819s step_avg:1208.11ms
step:2816/3300 train_loss:3.31474 train_time:3402.016s step_avg:1208.10ms
step:2817/3300 train_loss:3.36677 train_time:3403.215s step_avg:1208.10ms
step:2818/3300 train_loss:3.36348 train_time:3404.416s step_avg:1208.10ms
step:2819/3300 train_loss:3.37542 train_time:3405.624s step_avg:1208.10ms
step:2820/3300 train_loss:3.37092 train_time:3406.818s step_avg:1208.09ms
step:2821/3300 train_loss:3.40380 train_time:3408.079s step_avg:1208.11ms
step:2822/3300 train_loss:3.36891 train_time:3409.279s step_avg:1208.11ms
step:2823/3300 train_loss:3.34099 train_time:3410.546s step_avg:1208.13ms
step:2824/3300 train_loss:3.29096 train_time:3411.740s step_avg:1208.12ms
step:2825/3300 train_loss:3.38225 train_time:3412.956s step_avg:1208.13ms
step:2826/3300 train_loss:3.34255 train_time:3414.160s step_avg:1208.12ms
step:2827/3300 train_loss:3.35522 train_time:3415.364s step_avg:1208.12ms
step:2828/3300 train_loss:3.34349 train_time:3416.566s step_avg:1208.12ms
step:2829/3300 train_loss:3.34934 train_time:3417.770s step_avg:1208.12ms
step:2830/3300 train_loss:3.37955 train_time:3418.991s step_avg:1208.12ms
step:2831/3300 train_loss:3.36625 train_time:3420.215s step_avg:1208.13ms
step:2832/3300 train_loss:3.37164 train_time:3421.429s step_avg:1208.13ms
step:2833/3300 train_loss:3.46016 train_time:3422.633s step_avg:1208.13ms
step:2834/3300 train_loss:3.35534 train_time:3423.847s step_avg:1208.13ms
step:2835/3300 train_loss:3.40020 train_time:3425.045s step_avg:1208.13ms
step:2836/3300 train_loss:3.33712 train_time:3426.247s step_avg:1208.13ms
step:2837/3300 train_loss:3.34549 train_time:3427.456s step_avg:1208.13ms
step:2838/3300 train_loss:3.38725 train_time:3428.668s step_avg:1208.13ms
step:2839/3300 train_loss:3.36524 train_time:3429.875s step_avg:1208.13ms
step:2840/3300 train_loss:3.33752 train_time:3431.097s step_avg:1208.13ms
step:2841/3300 train_loss:3.37200 train_time:3432.299s step_avg:1208.13ms
step:2842/3300 train_loss:3.35978 train_time:3433.512s step_avg:1208.13ms
step:2843/3300 train_loss:3.35952 train_time:3434.728s step_avg:1208.14ms
step:2844/3300 train_loss:3.45740 train_time:3435.930s step_avg:1208.13ms
step:2845/3300 train_loss:3.31980 train_time:3437.139s step_avg:1208.13ms
step:2846/3300 train_loss:3.32543 train_time:3438.349s step_avg:1208.13ms
step:2847/3300 train_loss:3.34508 train_time:3439.547s step_avg:1208.13ms
step:2848/3300 train_loss:3.37266 train_time:3440.747s step_avg:1208.13ms
step:2849/3300 train_loss:3.33279 train_time:3441.956s step_avg:1208.13ms
step:2850/3300 train_loss:3.35435 train_time:3443.160s step_avg:1208.13ms
step:2851/3300 train_loss:3.30708 train_time:3444.390s step_avg:1208.13ms
step:2852/3300 train_loss:3.36518 train_time:3445.587s step_avg:1208.13ms
step:2853/3300 train_loss:3.32087 train_time:3446.783s step_avg:1208.13ms
step:2854/3300 train_loss:3.32812 train_time:3447.999s step_avg:1208.13ms
step:2855/3300 train_loss:3.37681 train_time:3449.198s step_avg:1208.13ms
step:2856/3300 train_loss:3.44449 train_time:3450.401s step_avg:1208.12ms
step:2857/3300 train_loss:3.35388 train_time:3451.601s step_avg:1208.12ms
step:2858/3300 train_loss:3.39358 train_time:3452.814s step_avg:1208.12ms
step:2859/3300 train_loss:3.34300 train_time:3454.022s step_avg:1208.12ms
step:2860/3300 train_loss:3.30796 train_time:3455.220s step_avg:1208.12ms
step:2861/3300 train_loss:3.42640 train_time:3456.422s step_avg:1208.12ms
step:2862/3300 train_loss:3.39181 train_time:3457.630s step_avg:1208.12ms
step:2863/3300 train_loss:3.40314 train_time:3458.834s step_avg:1208.12ms
step:2864/3300 train_loss:3.33616 train_time:3460.042s step_avg:1208.12ms
step:2865/3300 train_loss:3.38204 train_time:3461.253s step_avg:1208.12ms
step:2866/3300 train_loss:3.29268 train_time:3462.459s step_avg:1208.12ms
step:2867/3300 train_loss:3.33187 train_time:3463.661s step_avg:1208.11ms
step:2868/3300 train_loss:3.36412 train_time:3464.879s step_avg:1208.12ms
step:2869/3300 train_loss:3.32671 train_time:3466.086s step_avg:1208.12ms
step:2870/3300 train_loss:3.33446 train_time:3467.300s step_avg:1208.12ms
step:2871/3300 train_loss:3.32618 train_time:3468.504s step_avg:1208.12ms
step:2872/3300 train_loss:3.30628 train_time:3469.730s step_avg:1208.12ms
step:2873/3300 train_loss:3.26151 train_time:3470.940s step_avg:1208.12ms
step:2874/3300 train_loss:3.36994 train_time:3472.153s step_avg:1208.13ms
step:2875/3300 train_loss:3.41146 train_time:3473.357s step_avg:1208.12ms
step:2875/3300 val_loss:3.32711 train_time:3473.357s step_avg:1208.45ms
step:2876/3300 train_loss:3.34815 train_time:3474.562s step_avg:1208.12ms
step:2877/3300 train_loss:3.33955 train_time:3475.772s step_avg:1208.12ms
step:2878/3300 train_loss:3.37573 train_time:3476.990s step_avg:1208.13ms
step:2879/3300 train_loss:3.36590 train_time:3478.190s step_avg:1208.12ms
step:2880/3300 train_loss:3.33508 train_time:3479.390s step_avg:1208.12ms
step:2881/3300 train_loss:3.31707 train_time:3480.590s step_avg:1208.12ms
step:2882/3300 train_loss:3.38620 train_time:3481.801s step_avg:1208.12ms
step:2883/3300 train_loss:3.32513 train_time:3483.069s step_avg:1208.14ms
step:2884/3300 train_loss:3.35345 train_time:3484.282s step_avg:1208.14ms
step:2885/3300 train_loss:3.31204 train_time:3485.504s step_avg:1208.15ms
step:2886/3300 train_loss:3.35576 train_time:3486.705s step_avg:1208.14ms
step:2887/3300 train_loss:3.41810 train_time:3487.907s step_avg:1208.14ms
step:2888/3300 train_loss:3.41126 train_time:3489.105s step_avg:1208.14ms
step:2889/3300 train_loss:3.48197 train_time:3490.310s step_avg:1208.14ms
step:2890/3300 train_loss:3.30868 train_time:3491.522s step_avg:1208.14ms
step:2891/3300 train_loss:3.34509 train_time:3492.718s step_avg:1208.13ms
step:2892/3300 train_loss:3.27832 train_time:3493.913s step_avg:1208.13ms
step:2893/3300 train_loss:3.29728 train_time:3495.119s step_avg:1208.13ms
step:2894/3300 train_loss:3.33291 train_time:3496.320s step_avg:1208.13ms
step:2895/3300 train_loss:3.40176 train_time:3497.512s step_avg:1208.12ms
step:2896/3300 train_loss:3.39253 train_time:3498.714s step_avg:1208.12ms
step:2897/3300 train_loss:3.31013 train_time:3499.927s step_avg:1208.12ms
step:2898/3300 train_loss:3.56411 train_time:3501.147s step_avg:1208.13ms
step:2899/3300 train_loss:3.34613 train_time:3502.347s step_avg:1208.12ms
step:2900/3300 train_loss:3.36202 train_time:3503.552s step_avg:1208.12ms
step:2901/3300 train_loss:3.32426 train_time:3504.755s step_avg:1208.12ms
step:2902/3300 train_loss:3.42296 train_time:3505.955s step_avg:1208.12ms
step:2903/3300 train_loss:3.31864 train_time:3507.153s step_avg:1208.11ms
step:2904/3300 train_loss:3.37453 train_time:3508.356s step_avg:1208.11ms
step:2905/3300 train_loss:3.39934 train_time:3509.570s step_avg:1208.11ms
step:2906/3300 train_loss:3.34774 train_time:3510.779s step_avg:1208.11ms
step:2907/3300 train_loss:3.36514 train_time:3511.979s step_avg:1208.11ms
step:2908/3300 train_loss:3.38008 train_time:3513.185s step_avg:1208.11ms
step:2909/3300 train_loss:3.40508 train_time:3514.416s step_avg:1208.12ms
step:2910/3300 train_loss:3.35365 train_time:3515.621s step_avg:1208.12ms
step:2911/3300 train_loss:3.33635 train_time:3516.831s step_avg:1208.12ms
step:2912/3300 train_loss:3.31112 train_time:3518.034s step_avg:1208.12ms
step:2913/3300 train_loss:3.39746 train_time:3519.233s step_avg:1208.11ms
step:2914/3300 train_loss:3.35800 train_time:3520.448s step_avg:1208.12ms
step:2915/3300 train_loss:3.35611 train_time:3521.675s step_avg:1208.12ms
step:2916/3300 train_loss:3.33508 train_time:3522.886s step_avg:1208.12ms
step:2917/3300 train_loss:3.40495 train_time:3524.089s step_avg:1208.12ms
step:2918/3300 train_loss:3.23756 train_time:3525.290s step_avg:1208.12ms
step:2919/3300 train_loss:3.30522 train_time:3526.490s step_avg:1208.12ms
step:2920/3300 train_loss:3.27522 train_time:3527.690s step_avg:1208.11ms
step:2921/3300 train_loss:3.35880 train_time:3528.891s step_avg:1208.11ms
step:2922/3300 train_loss:3.49303 train_time:3530.097s step_avg:1208.11ms
step:2923/3300 train_loss:3.35042 train_time:3531.310s step_avg:1208.11ms
step:2924/3300 train_loss:3.30675 train_time:3532.518s step_avg:1208.11ms
step:2925/3300 train_loss:3.35502 train_time:3533.715s step_avg:1208.11ms
step:2926/3300 train_loss:3.36146 train_time:3534.927s step_avg:1208.11ms
step:2927/3300 train_loss:3.29020 train_time:3536.135s step_avg:1208.11ms
step:2928/3300 train_loss:3.38888 train_time:3537.337s step_avg:1208.11ms
step:2929/3300 train_loss:3.29833 train_time:3538.537s step_avg:1208.10ms
step:2930/3300 train_loss:3.41003 train_time:3539.733s step_avg:1208.10ms
step:2931/3300 train_loss:3.36306 train_time:3540.937s step_avg:1208.10ms
step:2932/3300 train_loss:3.36114 train_time:3542.138s step_avg:1208.10ms
step:2933/3300 train_loss:3.57851 train_time:3543.340s step_avg:1208.09ms
step:2934/3300 train_loss:3.33562 train_time:3544.563s step_avg:1208.10ms
step:2935/3300 train_loss:3.45920 train_time:3545.762s step_avg:1208.10ms
step:2936/3300 train_loss:3.38612 train_time:3546.956s step_avg:1208.09ms
step:2937/3300 train_loss:3.33310 train_time:3548.157s step_avg:1208.09ms
step:2938/3300 train_loss:3.37182 train_time:3549.359s step_avg:1208.09ms
step:2939/3300 train_loss:3.38000 train_time:3550.553s step_avg:1208.08ms
step:2940/3300 train_loss:3.30792 train_time:3551.772s step_avg:1208.09ms
step:2941/3300 train_loss:3.31597 train_time:3552.977s step_avg:1208.08ms
step:2942/3300 train_loss:3.27380 train_time:3554.184s step_avg:1208.08ms
step:2943/3300 train_loss:3.31555 train_time:3555.421s step_avg:1208.09ms
step:2944/3300 train_loss:3.26668 train_time:3556.618s step_avg:1208.09ms
step:2945/3300 train_loss:3.35738 train_time:3557.830s step_avg:1208.09ms
step:2946/3300 train_loss:3.34260 train_time:3559.046s step_avg:1208.09ms
step:2947/3300 train_loss:3.31674 train_time:3560.257s step_avg:1208.10ms
step:2948/3300 train_loss:3.36762 train_time:3561.468s step_avg:1208.10ms
step:2949/3300 train_loss:3.30187 train_time:3562.679s step_avg:1208.10ms
step:2950/3300 train_loss:3.31952 train_time:3563.904s step_avg:1208.10ms
step:2951/3300 train_loss:3.37208 train_time:3565.124s step_avg:1208.11ms
step:2952/3300 train_loss:3.28754 train_time:3566.324s step_avg:1208.10ms
step:2953/3300 train_loss:3.37295 train_time:3567.526s step_avg:1208.10ms
step:2954/3300 train_loss:3.35871 train_time:3568.717s step_avg:1208.10ms
step:2955/3300 train_loss:3.33054 train_time:3569.972s step_avg:1208.11ms
step:2956/3300 train_loss:3.33197 train_time:3571.179s step_avg:1208.11ms
step:2957/3300 train_loss:3.34055 train_time:3572.387s step_avg:1208.11ms
step:2958/3300 train_loss:3.35337 train_time:3573.602s step_avg:1208.11ms
step:2959/3300 train_loss:3.27447 train_time:3574.805s step_avg:1208.11ms
step:2960/3300 train_loss:3.32079 train_time:3576.000s step_avg:1208.11ms
step:2961/3300 train_loss:3.39113 train_time:3577.208s step_avg:1208.11ms
step:2962/3300 train_loss:3.29393 train_time:3578.414s step_avg:1208.11ms
step:2963/3300 train_loss:3.26260 train_time:3579.621s step_avg:1208.11ms
step:2964/3300 train_loss:3.29093 train_time:3580.819s step_avg:1208.10ms
step:2965/3300 train_loss:3.34453 train_time:3582.032s step_avg:1208.11ms
step:2966/3300 train_loss:3.28356 train_time:3583.242s step_avg:1208.11ms
step:2967/3300 train_loss:3.33997 train_time:3584.467s step_avg:1208.11ms
step:2968/3300 train_loss:3.32418 train_time:3585.667s step_avg:1208.11ms
step:2969/3300 train_loss:3.49699 train_time:3586.878s step_avg:1208.11ms
step:2970/3300 train_loss:3.32531 train_time:3588.077s step_avg:1208.11ms
step:2971/3300 train_loss:3.37983 train_time:3589.293s step_avg:1208.11ms
step:2972/3300 train_loss:3.30013 train_time:3590.504s step_avg:1208.11ms
step:2973/3300 train_loss:3.35692 train_time:3591.700s step_avg:1208.11ms
step:2974/3300 train_loss:3.25547 train_time:3592.910s step_avg:1208.11ms
step:2975/3300 train_loss:3.31961 train_time:3594.115s step_avg:1208.11ms
step:2976/3300 train_loss:3.33107 train_time:3595.321s step_avg:1208.11ms
step:2977/3300 train_loss:3.30061 train_time:3596.519s step_avg:1208.10ms
step:2978/3300 train_loss:3.39540 train_time:3597.719s step_avg:1208.10ms
step:2979/3300 train_loss:3.32101 train_time:3598.919s step_avg:1208.10ms
step:2980/3300 train_loss:3.36209 train_time:3600.126s step_avg:1208.10ms
step:2981/3300 train_loss:3.31913 train_time:3601.332s step_avg:1208.10ms
step:2982/3300 train_loss:3.37624 train_time:3602.534s step_avg:1208.09ms
step:2983/3300 train_loss:3.33608 train_time:3603.732s step_avg:1208.09ms
step:2984/3300 train_loss:3.36596 train_time:3604.935s step_avg:1208.09ms
step:2985/3300 train_loss:3.36909 train_time:3606.158s step_avg:1208.09ms
step:2986/3300 train_loss:3.35994 train_time:3607.358s step_avg:1208.09ms
step:2987/3300 train_loss:3.28436 train_time:3608.562s step_avg:1208.09ms
step:2988/3300 train_loss:3.24453 train_time:3609.762s step_avg:1208.09ms
step:2989/3300 train_loss:3.38946 train_time:3610.965s step_avg:1208.08ms
step:2990/3300 train_loss:3.35172 train_time:3612.160s step_avg:1208.08ms
step:2991/3300 train_loss:3.29970 train_time:3613.371s step_avg:1208.08ms
step:2992/3300 train_loss:3.31074 train_time:3614.574s step_avg:1208.08ms
step:2993/3300 train_loss:3.30795 train_time:3615.795s step_avg:1208.08ms
step:2994/3300 train_loss:3.29229 train_time:3617.008s step_avg:1208.09ms
step:2995/3300 train_loss:3.38264 train_time:3618.199s step_avg:1208.08ms
step:2996/3300 train_loss:3.27141 train_time:3619.411s step_avg:1208.08ms
step:2997/3300 train_loss:3.28068 train_time:3620.608s step_avg:1208.08ms
step:2998/3300 train_loss:3.35060 train_time:3621.801s step_avg:1208.07ms
step:2999/3300 train_loss:3.38727 train_time:3623.024s step_avg:1208.08ms
step:3000/3300 train_loss:3.35008 train_time:3624.236s step_avg:1208.08ms
step:3000/3300 val_loss:3.30868 train_time:3624.236s step_avg:1207.03ms
step:3001/3300 train_loss:3.31390 train_time:3625.433s step_avg:1208.07ms
step:3002/3300 train_loss:3.32165 train_time:3626.634s step_avg:1208.07ms
step:3003/3300 train_loss:3.30392 train_time:3627.848s step_avg:1208.07ms
step:3004/3300 train_loss:3.36118 train_time:3629.081s step_avg:1208.08ms
step:3005/3300 train_loss:3.32875 train_time:3630.290s step_avg:1208.08ms
step:3006/3300 train_loss:3.29190 train_time:3631.493s step_avg:1208.08ms
step:3007/3300 train_loss:3.30966 train_time:3632.716s step_avg:1208.09ms
step:3008/3300 train_loss:3.35918 train_time:3633.923s step_avg:1208.09ms
step:3009/3300 train_loss:3.29674 train_time:3635.116s step_avg:1208.08ms
step:3010/3300 train_loss:3.34468 train_time:3636.319s step_avg:1208.08ms
step:3011/3300 train_loss:3.34022 train_time:3637.524s step_avg:1208.08ms
step:3012/3300 train_loss:3.29973 train_time:3638.725s step_avg:1208.08ms
step:3013/3300 train_loss:3.37812 train_time:3639.937s step_avg:1208.08ms
step:3014/3300 train_loss:3.35751 train_time:3641.142s step_avg:1208.08ms
step:3015/3300 train_loss:3.33496 train_time:3642.343s step_avg:1208.07ms
step:3016/3300 train_loss:3.32282 train_time:3643.579s step_avg:1208.08ms
step:3017/3300 train_loss:3.32699 train_time:3644.783s step_avg:1208.08ms
step:3018/3300 train_loss:3.26659 train_time:3645.988s step_avg:1208.08ms
step:3019/3300 train_loss:3.33447 train_time:3647.202s step_avg:1208.08ms
step:3020/3300 train_loss:3.33841 train_time:3648.400s step_avg:1208.08ms
step:3021/3300 train_loss:3.28902 train_time:3649.606s step_avg:1208.08ms
step:3022/3300 train_loss:3.30889 train_time:3650.814s step_avg:1208.08ms
step:3023/3300 train_loss:3.26601 train_time:3652.015s step_avg:1208.08ms
step:3024/3300 train_loss:3.33454 train_time:3653.225s step_avg:1208.08ms
step:3025/3300 train_loss:3.32160 train_time:3654.415s step_avg:1208.07ms
step:3025/3300 val_loss:3.30418 train_time:3654.415s step_avg:1207.18ms
step:3026/3300 train_loss:3.27875 train_time:3655.620s step_avg:1208.07ms
step:3027/3300 train_loss:3.34275 train_time:3656.823s step_avg:1208.07ms
step:3028/3300 train_loss:3.24539 train_time:3658.024s step_avg:1208.07ms
step:3029/3300 train_loss:3.37770 train_time:3659.228s step_avg:1208.06ms
step:3030/3300 train_loss:3.21187 train_time:3660.434s step_avg:1208.06ms
step:3031/3300 train_loss:3.25903 train_time:3661.637s step_avg:1208.06ms
step:3032/3300 train_loss:3.35506 train_time:3662.850s step_avg:1208.06ms
step:3033/3300 train_loss:3.32393 train_time:3664.063s step_avg:1208.07ms
step:3034/3300 train_loss:3.28469 train_time:3665.267s step_avg:1208.06ms
step:3035/3300 train_loss:3.25463 train_time:3666.478s step_avg:1208.07ms
step:3036/3300 train_loss:3.30744 train_time:3667.679s step_avg:1208.06ms
step:3037/3300 train_loss:3.29307 train_time:3668.882s step_avg:1208.06ms
step:3038/3300 train_loss:3.29202 train_time:3670.104s step_avg:1208.07ms
step:3039/3300 train_loss:3.30768 train_time:3671.310s step_avg:1208.07ms
step:3040/3300 train_loss:3.33326 train_time:3672.512s step_avg:1208.06ms
step:3041/3300 train_loss:3.23954 train_time:3673.757s step_avg:1208.08ms
step:3042/3300 train_loss:3.26637 train_time:3674.957s step_avg:1208.07ms
step:3043/3300 train_loss:3.35445 train_time:3676.157s step_avg:1208.07ms
step:3044/3300 train_loss:3.41356 train_time:3677.362s step_avg:1208.07ms
step:3045/3300 train_loss:3.26524 train_time:3678.565s step_avg:1208.07ms
step:3046/3300 train_loss:3.27611 train_time:3679.779s step_avg:1208.07ms
step:3047/3300 train_loss:3.32298 train_time:3680.981s step_avg:1208.07ms
step:3048/3300 train_loss:3.26793 train_time:3682.210s step_avg:1208.07ms
step:3049/3300 train_loss:3.28736 train_time:3683.413s step_avg:1208.07ms
step:3050/3300 train_loss:3.30498 train_time:3684.616s step_avg:1208.07ms
step:3050/3300 val_loss:3.30085 train_time:3684.616s step_avg:1208.04ms
step:3051/3300 train_loss:3.26455 train_time:3685.816s step_avg:1208.07ms
step:3052/3300 train_loss:3.33244 train_time:3687.042s step_avg:1208.07ms
step:3053/3300 train_loss:3.30700 train_time:3688.252s step_avg:1208.07ms
step:3054/3300 train_loss:3.34737 train_time:3689.459s step_avg:1208.07ms
step:3055/3300 train_loss:3.36028 train_time:3690.672s step_avg:1208.08ms
step:3056/3300 train_loss:3.23979 train_time:3691.884s step_avg:1208.08ms
step:3057/3300 train_loss:3.30141 train_time:3693.085s step_avg:1208.07ms
step:3058/3300 train_loss:3.34509 train_time:3694.290s step_avg:1208.07ms
step:3059/3300 train_loss:3.37208 train_time:3695.492s step_avg:1208.07ms
step:3060/3300 train_loss:3.28147 train_time:3696.708s step_avg:1208.07ms
step:3061/3300 train_loss:3.32314 train_time:3697.904s step_avg:1208.07ms
step:3062/3300 train_loss:3.31317 train_time:3699.119s step_avg:1208.07ms
step:3063/3300 train_loss:3.35293 train_time:3700.328s step_avg:1208.07ms
step:3064/3300 train_loss:3.28511 train_time:3701.534s step_avg:1208.07ms
step:3065/3300 train_loss:3.32730 train_time:3702.736s step_avg:1208.07ms
step:3066/3300 train_loss:3.25945 train_time:3703.956s step_avg:1208.07ms
step:3067/3300 train_loss:3.25300 train_time:3705.161s step_avg:1208.07ms
step:3068/3300 train_loss:3.30010 train_time:3706.363s step_avg:1208.07ms
step:3069/3300 train_loss:3.33756 train_time:3707.579s step_avg:1208.07ms
step:3070/3300 train_loss:3.32841 train_time:3708.797s step_avg:1208.08ms
step:3071/3300 train_loss:3.35490 train_time:3710.001s step_avg:1208.08ms
step:3072/3300 train_loss:3.35174 train_time:3711.206s step_avg:1208.07ms
step:3073/3300 train_loss:3.26600 train_time:3712.409s step_avg:1208.07ms
step:3074/3300 train_loss:3.35711 train_time:3713.606s step_avg:1208.07ms
step:3075/3300 train_loss:3.28173 train_time:3714.802s step_avg:1208.07ms
step:3075/3300 val_loss:3.29766 train_time:3714.802s step_avg:1207.44ms
step:3076/3300 train_loss:3.34750 train_time:3716.003s step_avg:1208.06ms
step:3077/3300 train_loss:3.31778 train_time:3717.204s step_avg:1208.06ms
step:3078/3300 train_loss:3.38741 train_time:3718.404s step_avg:1208.06ms
step:3079/3300 train_loss:3.27241 train_time:3719.607s step_avg:1208.06ms
step:3080/3300 train_loss:3.33465 train_time:3720.807s step_avg:1208.05ms
step:3081/3300 train_loss:3.28346 train_time:3722.014s step_avg:1208.05ms
step:3082/3300 train_loss:3.27758 train_time:3723.221s step_avg:1208.05ms
step:3083/3300 train_loss:3.32052 train_time:3724.430s step_avg:1208.05ms
step:3084/3300 train_loss:3.29496 train_time:3725.636s step_avg:1208.05ms
step:3085/3300 train_loss:3.38653 train_time:3726.839s step_avg:1208.05ms
step:3086/3300 train_loss:3.31032 train_time:3728.040s step_avg:1208.05ms
step:3087/3300 train_loss:3.31355 train_time:3729.248s step_avg:1208.05ms
step:3088/3300 train_loss:3.30518 train_time:3730.444s step_avg:1208.05ms
step:3089/3300 train_loss:3.30525 train_time:3731.645s step_avg:1208.04ms
step:3090/3300 train_loss:3.34606 train_time:3732.892s step_avg:1208.06ms
step:3091/3300 train_loss:3.41794 train_time:3734.094s step_avg:1208.05ms
step:3092/3300 train_loss:3.34286 train_time:3735.298s step_avg:1208.05ms
step:3093/3300 train_loss:3.26411 train_time:3736.497s step_avg:1208.05ms
step:3094/3300 train_loss:3.34095 train_time:3737.697s step_avg:1208.05ms
step:3095/3300 train_loss:3.31809 train_time:3738.905s step_avg:1208.05ms
step:3096/3300 train_loss:3.31705 train_time:3740.105s step_avg:1208.04ms
step:3097/3300 train_loss:3.30103 train_time:3741.305s step_avg:1208.04ms
step:3098/3300 train_loss:3.25654 train_time:3742.504s step_avg:1208.04ms
step:3099/3300 train_loss:3.32633 train_time:3743.709s step_avg:1208.04ms
step:3100/3300 train_loss:3.24659 train_time:3744.914s step_avg:1208.04ms
step:3100/3300 val_loss:3.29449 train_time:3744.914s step_avg:1204.48ms
step:3101/3300 train_loss:3.29257 train_time:3746.114s step_avg:1208.03ms
step:3102/3300 train_loss:3.21776 train_time:3747.326s step_avg:1208.04ms
step:3103/3300 train_loss:3.34769 train_time:3748.526s step_avg:1208.03ms
step:3104/3300 train_loss:3.26409 train_time:3749.725s step_avg:1208.03ms
step:3105/3300 train_loss:3.29822 train_time:3750.927s step_avg:1208.03ms
step:3106/3300 train_loss:3.20191 train_time:3752.123s step_avg:1208.02ms
step:3107/3300 train_loss:3.18852 train_time:3753.334s step_avg:1208.03ms
step:3108/3300 train_loss:3.30223 train_time:3754.547s step_avg:1208.03ms
step:3109/3300 train_loss:3.29650 train_time:3755.762s step_avg:1208.03ms
step:3110/3300 train_loss:3.30778 train_time:3756.971s step_avg:1208.03ms
step:3111/3300 train_loss:3.24403 train_time:3758.183s step_avg:1208.03ms
step:3112/3300 train_loss:3.34123 train_time:3759.385s step_avg:1208.03ms
step:3113/3300 train_loss:3.24997 train_time:3760.589s step_avg:1208.03ms
step:3114/3300 train_loss:3.31819 train_time:3761.800s step_avg:1208.03ms
step:3115/3300 train_loss:3.32556 train_time:3763.007s step_avg:1208.03ms
step:3116/3300 train_loss:3.43388 train_time:3764.208s step_avg:1208.03ms
step:3117/3300 train_loss:3.28886 train_time:3765.461s step_avg:1208.04ms
step:3118/3300 train_loss:3.30956 train_time:3766.661s step_avg:1208.04ms
step:3119/3300 train_loss:3.30025 train_time:3767.899s step_avg:1208.05ms
step:3120/3300 train_loss:3.25157 train_time:3769.109s step_avg:1208.05ms
step:3121/3300 train_loss:3.34886 train_time:3770.356s step_avg:1208.06ms
step:3122/3300 train_loss:3.32015 train_time:3771.575s step_avg:1208.06ms
step:3123/3300 train_loss:3.31315 train_time:3772.804s step_avg:1208.07ms
step:3124/3300 train_loss:3.19105 train_time:3774.009s step_avg:1208.07ms
step:3125/3300 train_loss:3.30884 train_time:3775.214s step_avg:1208.07ms
step:3125/3300 val_loss:3.29159 train_time:3775.214s step_avg:1212.00ms
step:3126/3300 train_loss:3.25856 train_time:3776.414s step_avg:1208.07ms
step:3127/3300 train_loss:3.40577 train_time:3777.620s step_avg:1208.07ms
step:3128/3300 train_loss:3.30343 train_time:3778.825s step_avg:1208.06ms
step:3129/3300 train_loss:3.28029 train_time:3780.021s step_avg:1208.06ms
step:3130/3300 train_loss:3.30075 train_time:3781.225s step_avg:1208.06ms
step:3131/3300 train_loss:3.30653 train_time:3782.438s step_avg:1208.06ms
step:3132/3300 train_loss:3.23975 train_time:3783.651s step_avg:1208.06ms
step:3133/3300 train_loss:3.32049 train_time:3784.853s step_avg:1208.06ms
step:3134/3300 train_loss:3.27753 train_time:3786.062s step_avg:1208.06ms
step:3135/3300 train_loss:3.25688 train_time:3787.267s step_avg:1208.06ms
step:3136/3300 train_loss:3.28140 train_time:3788.463s step_avg:1208.06ms
step:3137/3300 train_loss:3.38431 train_time:3789.661s step_avg:1208.05ms
step:3138/3300 train_loss:3.29201 train_time:3790.863s step_avg:1208.05ms
step:3139/3300 train_loss:3.34122 train_time:3792.079s step_avg:1208.05ms
step:3140/3300 train_loss:3.33461 train_time:3793.290s step_avg:1208.05ms
step:3141/3300 train_loss:3.29000 train_time:3794.497s step_avg:1208.05ms
step:3142/3300 train_loss:3.30276 train_time:3795.705s step_avg:1208.05ms
step:3143/3300 train_loss:3.24728 train_time:3796.909s step_avg:1208.05ms
step:3144/3300 train_loss:3.34494 train_time:3798.100s step_avg:1208.05ms
step:3145/3300 train_loss:3.26914 train_time:3799.301s step_avg:1208.04ms
step:3146/3300 train_loss:3.33225 train_time:3800.510s step_avg:1208.05ms
step:3147/3300 train_loss:3.32871 train_time:3801.721s step_avg:1208.05ms
step:3148/3300 train_loss:3.31013 train_time:3802.937s step_avg:1208.05ms
step:3149/3300 train_loss:3.24451 train_time:3804.153s step_avg:1208.05ms
step:3150/3300 train_loss:3.29376 train_time:3805.355s step_avg:1208.05ms
step:3150/3300 val_loss:3.28830 train_time:3805.355s step_avg:1205.62ms
step:3151/3300 train_loss:3.28469 train_time:3806.571s step_avg:1208.05ms
step:3152/3300 train_loss:3.31446 train_time:3807.784s step_avg:1208.05ms
step:3153/3300 train_loss:3.31254 train_time:3808.990s step_avg:1208.05ms
step:3154/3300 train_loss:3.28032 train_time:3810.190s step_avg:1208.05ms
step:3155/3300 train_loss:3.30157 train_time:3811.396s step_avg:1208.05ms
step:3156/3300 train_loss:3.33192 train_time:3812.599s step_avg:1208.05ms
step:3157/3300 train_loss:3.28710 train_time:3813.798s step_avg:1208.05ms
step:3158/3300 train_loss:3.36541 train_time:3815.004s step_avg:1208.04ms
step:3159/3300 train_loss:3.29288 train_time:3816.218s step_avg:1208.05ms
step:3160/3300 train_loss:3.26312 train_time:3817.425s step_avg:1208.05ms
step:3161/3300 train_loss:3.27044 train_time:3818.640s step_avg:1208.05ms
step:3162/3300 train_loss:3.26550 train_time:3819.890s step_avg:1208.06ms
step:3163/3300 train_loss:3.22679 train_time:3821.086s step_avg:1208.06ms
step:3164/3300 train_loss:3.31693 train_time:3822.287s step_avg:1208.06ms
step:3165/3300 train_loss:3.29335 train_time:3823.506s step_avg:1208.06ms
step:3166/3300 train_loss:3.30272 train_time:3824.711s step_avg:1208.06ms
step:3167/3300 train_loss:3.27904 train_time:3825.909s step_avg:1208.05ms
step:3168/3300 train_loss:3.24787 train_time:3827.112s step_avg:1208.05ms
step:3169/3300 train_loss:3.33597 train_time:3828.336s step_avg:1208.06ms
step:3170/3300 train_loss:3.25282 train_time:3829.543s step_avg:1208.06ms
step:3171/3300 train_loss:3.34061 train_time:3830.743s step_avg:1208.06ms
step:3172/3300 train_loss:3.34007 train_time:3831.967s step_avg:1208.06ms
step:3173/3300 train_loss:3.28988 train_time:3833.175s step_avg:1208.06ms
step:3174/3300 train_loss:3.28481 train_time:3834.387s step_avg:1208.06ms
step:3175/3300 train_loss:3.33772 train_time:3835.591s step_avg:1208.06ms
step:3175/3300 val_loss:3.28569 train_time:3835.591s step_avg:1209.45ms
step:3176/3300 train_loss:3.29730 train_time:3836.786s step_avg:1208.06ms
step:3177/3300 train_loss:3.32212 train_time:3837.991s step_avg:1208.05ms
step:3178/3300 train_loss:3.37553 train_time:3839.203s step_avg:1208.06ms
step:3179/3300 train_loss:3.28984 train_time:3840.412s step_avg:1208.06ms
step:3180/3300 train_loss:3.26584 train_time:3841.623s step_avg:1208.06ms
step:3181/3300 train_loss:3.25883 train_time:3842.829s step_avg:1208.06ms
step:3182/3300 train_loss:3.24088 train_time:3844.047s step_avg:1208.06ms
step:3183/3300 train_loss:3.30027 train_time:3845.256s step_avg:1208.06ms
step:3184/3300 train_loss:3.28368 train_time:3846.468s step_avg:1208.06ms
step:3185/3300 train_loss:3.24849 train_time:3847.669s step_avg:1208.06ms
step:3186/3300 train_loss:3.31784 train_time:3848.874s step_avg:1208.06ms
step:3187/3300 train_loss:3.26820 train_time:3850.083s step_avg:1208.06ms
step:3188/3300 train_loss:3.30225 train_time:3851.287s step_avg:1208.06ms
step:3189/3300 train_loss:3.28371 train_time:3852.494s step_avg:1208.06ms
step:3190/3300 train_loss:3.29819 train_time:3853.697s step_avg:1208.06ms
step:3191/3300 train_loss:3.25035 train_time:3854.911s step_avg:1208.06ms
step:3192/3300 train_loss:3.33188 train_time:3856.111s step_avg:1208.05ms
step:3193/3300 train_loss:3.38163 train_time:3857.311s step_avg:1208.05ms
step:3194/3300 train_loss:3.35091 train_time:3858.521s step_avg:1208.05ms
step:3195/3300 train_loss:3.19523 train_time:3859.729s step_avg:1208.05ms
step:3196/3300 train_loss:3.47115 train_time:3860.945s step_avg:1208.06ms
step:3197/3300 train_loss:3.22246 train_time:3862.158s step_avg:1208.06ms
step:3198/3300 train_loss:3.30061 train_time:3863.362s step_avg:1208.06ms
step:3199/3300 train_loss:3.28753 train_time:3864.560s step_avg:1208.05ms
step:3200/3300 train_loss:3.26753 train_time:3865.783s step_avg:1208.06ms
step:3200/3300 val_loss:3.28313 train_time:3865.783s step_avg:1207.67ms
step:3201/3300 train_loss:3.30345 train_time:3866.990s step_avg:1208.06ms
step:3202/3300 train_loss:3.30063 train_time:3868.206s step_avg:1208.06ms
step:3203/3300 train_loss:3.25038 train_time:3869.412s step_avg:1208.06ms
step:3204/3300 train_loss:3.35676 train_time:3870.615s step_avg:1208.06ms
step:3205/3300 train_loss:3.36776 train_time:3871.820s step_avg:1208.06ms
step:3206/3300 train_loss:3.22524 train_time:3873.032s step_avg:1208.06ms
step:3207/3300 train_loss:3.32228 train_time:3874.255s step_avg:1208.06ms
step:3208/3300 train_loss:3.34027 train_time:3875.454s step_avg:1208.06ms
step:3209/3300 train_loss:3.26632 train_time:3876.657s step_avg:1208.06ms
step:3210/3300 train_loss:3.33595 train_time:3877.895s step_avg:1208.07ms
step:3210/3300 val_loss:3.28221 train_time:3877.895s step_avg:1211.19ms
step:3211/3300 train_loss:3.24983 train_time:3879.102s step_avg:1208.07ms
step:3212/3300 train_loss:3.29979 train_time:3880.311s step_avg:1208.07ms
step:3213/3300 train_loss:3.31942 train_time:3881.568s step_avg:1208.08ms
step:3214/3300 train_loss:3.31364 train_time:3882.768s step_avg:1208.08ms
step:3215/3300 train_loss:3.24933 train_time:3883.973s step_avg:1208.08ms
step:3216/3300 train_loss:3.28250 train_time:3885.184s step_avg:1208.08ms
step:3217/3300 train_loss:3.30579 train_time:3886.413s step_avg:1208.09ms
step:3218/3300 train_loss:3.30274 train_time:3887.623s step_avg:1208.09ms
step:3219/3300 train_loss:3.32967 train_time:3888.832s step_avg:1208.09ms
step:3220/3300 train_loss:3.34943 train_time:3890.033s step_avg:1208.08ms
step:3220/3300 val_loss:3.28129 train_time:3890.033s step_avg:1213.80ms
step:3221/3300 train_loss:3.29179 train_time:3891.287s step_avg:1208.10ms
step:3222/3300 train_loss:3.30034 train_time:3892.494s step_avg:1208.10ms
step:3223/3300 train_loss:3.27192 train_time:3893.707s step_avg:1208.10ms
step:3224/3300 train_loss:3.25926 train_time:3894.910s step_avg:1208.10ms
step:3225/3300 train_loss:3.25917 train_time:3896.135s step_avg:1208.10ms
step:3226/3300 train_loss:3.28180 train_time:3897.352s step_avg:1208.11ms
step:3227/3300 train_loss:3.28769 train_time:3898.564s step_avg:1208.11ms
step:3228/3300 train_loss:3.28794 train_time:3899.765s step_avg:1208.11ms
step:3229/3300 train_loss:3.20729 train_time:3900.958s step_avg:1208.10ms
step:3230/3300 train_loss:3.30422 train_time:3902.170s step_avg:1208.10ms
step:3230/3300 val_loss:3.28055 train_time:3902.170s step_avg:1213.69ms
step:3231/3300 train_loss:3.34867 train_time:3903.401s step_avg:1208.11ms
step:3232/3300 train_loss:3.26481 train_time:3904.619s step_avg:1208.11ms
step:3233/3300 train_loss:3.36710 train_time:3905.839s step_avg:1208.12ms
step:3234/3300 train_loss:3.21530 train_time:3907.041s step_avg:1208.11ms
step:3235/3300 train_loss:3.30827 train_time:3908.257s step_avg:1208.12ms
step:3236/3300 train_loss:3.33319 train_time:3909.481s step_avg:1208.12ms
step:3237/3300 train_loss:3.30360 train_time:3910.684s step_avg:1208.12ms
step:3238/3300 train_loss:3.28014 train_time:3911.887s step_avg:1208.12ms
step:3239/3300 train_loss:3.23307 train_time:3913.089s step_avg:1208.12ms
step:3240/3300 train_loss:3.30150 train_time:3914.288s step_avg:1208.11ms
step:3240/3300 val_loss:3.27975 train_time:3914.288s step_avg:1211.82ms
step:3241/3300 train_loss:3.37127 train_time:3915.499s step_avg:1208.11ms
step:3242/3300 train_loss:3.33382 train_time:3916.707s step_avg:1208.11ms
step:3243/3300 train_loss:3.33900 train_time:3917.921s step_avg:1208.12ms
step:3244/3300 train_loss:3.34048 train_time:3919.129s step_avg:1208.12ms
step:3245/3300 train_loss:3.30219 train_time:3920.329s step_avg:1208.11ms
step:3246/3300 train_loss:3.31432 train_time:3921.541s step_avg:1208.11ms
step:3247/3300 train_loss:3.21433 train_time:3922.748s step_avg:1208.11ms
step:3248/3300 train_loss:3.21779 train_time:3923.954s step_avg:1208.11ms
step:3249/3300 train_loss:3.29777 train_time:3925.155s step_avg:1208.11ms
step:3250/3300 train_loss:3.30320 train_time:3926.362s step_avg:1208.11ms
step:3250/3300 val_loss:3.27902 train_time:3926.363s step_avg:1207.47ms
step:3251/3300 train_loss:3.28202 train_time:3927.567s step_avg:1208.11ms
step:3252/3300 train_loss:3.26641 train_time:3928.773s step_avg:1208.11ms
step:3253/3300 train_loss:3.33048 train_time:3929.986s step_avg:1208.11ms
step:3254/3300 train_loss:3.32689 train_time:3931.203s step_avg:1208.11ms
step:3255/3300 train_loss:3.30251 train_time:3932.421s step_avg:1208.12ms
step:3256/3300 train_loss:3.28763 train_time:3933.636s step_avg:1208.12ms
step:3257/3300 train_loss:3.30678 train_time:3934.838s step_avg:1208.12ms
step:3258/3300 train_loss:3.28852 train_time:3936.062s step_avg:1208.12ms
step:3259/3300 train_loss:3.33113 train_time:3937.264s step_avg:1208.12ms
step:3260/3300 train_loss:3.27597 train_time:3938.467s step_avg:1208.12ms
step:3260/3300 val_loss:3.27837 train_time:3938.467s step_avg:1210.48ms
step:3261/3300 train_loss:3.28879 train_time:3939.681s step_avg:1208.12ms
step:3262/3300 train_loss:3.25916 train_time:3940.884s step_avg:1208.12ms
step:3263/3300 train_loss:3.41376 train_time:3942.112s step_avg:1208.13ms
step:3264/3300 train_loss:3.28177 train_time:3943.306s step_avg:1208.12ms
step:3265/3300 train_loss:3.34399 train_time:3944.501s step_avg:1208.12ms
step:3266/3300 train_loss:3.27141 train_time:3945.707s step_avg:1208.12ms
step:3267/3300 train_loss:3.34996 train_time:3946.908s step_avg:1208.11ms
step:3268/3300 train_loss:3.22905 train_time:3948.119s step_avg:1208.11ms
step:3269/3300 train_loss:3.34673 train_time:3949.324s step_avg:1208.11ms
step:3270/3300 train_loss:3.24184 train_time:3950.525s step_avg:1208.11ms
step:3270/3300 val_loss:3.27780 train_time:3950.526s step_avg:1205.82ms
step:3271/3300 train_loss:3.29010 train_time:3951.729s step_avg:1208.11ms
step:3272/3300 train_loss:3.26399 train_time:3952.943s step_avg:1208.11ms
step:3273/3300 train_loss:3.28754 train_time:3954.147s step_avg:1208.11ms
step:3274/3300 train_loss:3.26816 train_time:3955.359s step_avg:1208.11ms
step:3275/3300 train_loss:3.27066 train_time:3956.560s step_avg:1208.11ms
step:3276/3300 train_loss:3.25758 train_time:3957.764s step_avg:1208.11ms
step:3277/3300 train_loss:3.31937 train_time:3958.970s step_avg:1208.11ms
step:3278/3300 train_loss:3.23760 train_time:3960.178s step_avg:1208.11ms
step:3279/3300 train_loss:3.32008 train_time:3961.394s step_avg:1208.11ms
step:3280/3300 train_loss:3.20692 train_time:3962.616s step_avg:1208.11ms
step:3280/3300 val_loss:3.27738 train_time:3962.616s step_avg:1209.07ms
step:3281/3300 train_loss:3.31077 train_time:3963.821s step_avg:1208.11ms
step:3282/3300 train_loss:3.28616 train_time:3965.013s step_avg:1208.11ms
step:3283/3300 train_loss:3.33450 train_time:3966.258s step_avg:1208.12ms
step:3284/3300 train_loss:3.24114 train_time:3967.519s step_avg:1208.14ms
step:3285/3300 train_loss:3.31655 train_time:3968.724s step_avg:1208.14ms
step:3286/3300 train_loss:3.24958 train_time:3969.956s step_avg:1208.14ms
step:3287/3300 train_loss:3.27526 train_time:3971.169s step_avg:1208.14ms
step:3288/3300 train_loss:3.36791 train_time:3972.400s step_avg:1208.15ms
step:3289/3300 train_loss:3.32902 train_time:3973.599s step_avg:1208.15ms
step:3290/3300 train_loss:3.20030 train_time:3974.800s step_avg:1208.15ms
step:3290/3300 val_loss:3.27705 train_time:3974.800s step_avg:1218.38ms
step:3291/3300 train_loss:3.31379 train_time:3976.007s step_avg:1208.15ms
step:3292/3300 train_loss:3.29353 train_time:3977.213s step_avg:1208.14ms
step:3293/3300 train_loss:3.26772 train_time:3978.433s step_avg:1208.15ms
step:3294/3300 train_loss:3.33560 train_time:3979.637s step_avg:1208.15ms
step:3295/3300 train_loss:3.25805 train_time:3980.841s step_avg:1208.15ms
step:3296/3300 train_loss:3.28846 train_time:3982.037s step_avg:1208.14ms
step:3297/3300 train_loss:3.29017 train_time:3983.238s step_avg:1208.14ms
step:3298/3300 train_loss:3.26478 train_time:3984.437s step_avg:1208.14ms
step:3299/3300 train_loss:3.27896 train_time:3985.645s step_avg:1208.14ms
step:3300/3300 train_loss:3.28064 train_time:3986.848s step_avg:1208.14ms
step:3300/3300 val_loss:3.27693 train_time:3986.849s step_avg:1204.84ms
