logfile: ../../../../records/track_3_optimization/results/muonl_draft/runs/seed42_orscale_mainshape_clip5_20260802T082132Z/orscale_general_decoupled_clipped/seed42_orscale_general_decoupled_clipped_mainshape_clip5.txt
weight_norm_file: ../../../../records/track_3_optimization/results/muonl_draft/runs/seed42_orscale_mainshape_clip5_20260802T082132Z/orscale_general_decoupled_clipped/seed42_orscale_general_decoupled_clipped_mainshape_clip5_weight_norms.jsonl
val_loss_file: ../../../../records/track_3_optimization/results/muonl_draft/runs/seed42_orscale_mainshape_clip5_20260802T082132Z/orscale_general_decoupled_clipped/seed42_orscale_general_decoupled_clipped_mainshape_clip5_val_loss.jsonl
scheme:orscale_general_decoupled_clipped opt_mode:orscale_general_decoupled_clipped rho:1.0 ns_steps:12 momentum:0.95 nesterov:True scale_ema_beta:0.9 interval:5
matrix_lr:0.035 matrix_weight_decay:0.025 weight_decay_mode:decoupled zero_init_trust_floor_scale:1.0
orscale_general_decoupled_clipped: wd_in_direction:false decoupled_weight_decay:true moonlight_shape_factor:1 shape_scale_mode:main trust_ratio_clip:[0.1,5.0] trust_ratio:||W||_F/(||Q_s||_F+eps) aligned_update:clip(||W||_F/(||Q_s||_F+eps))*Q_s
schedule_cooldown_frac:0.7 previous_muonl_experiment_cooldown_frac:0.7
seed:42 train_steps:3300 schedule_steps:3300 diag_freq:250
batch_tokens:524288 train_microbatches:8 train_microbatch_sequences:64 val_tokens:10485760
save_log:True save_diag:False save_orscale_state:False orscale_state_freq:250
save_weight_norms:True weight_norm_freq:1 save_val_loss_jsonl:True
step:S val_loss is after S optimizer updates
step:0/3300 val_loss:10.82583 train_time:0.022s step_avg:nanms
step:1/3300 train_loss:10.82584 train_time:3.521s step_avg:3520.98ms
step:2/3300 train_loss:10.43467 train_time:4.668s step_avg:2333.94ms
step:3/3300 train_loss:9.38188 train_time:5.898s step_avg:1966.13ms
step:4/3300 train_loss:8.15365 train_time:7.135s step_avg:1783.82ms
step:5/3300 train_loss:7.50148 train_time:8.387s step_avg:1677.31ms
step:6/3300 train_loss:7.15869 train_time:9.624s step_avg:1603.95ms
step:7/3300 train_loss:7.12012 train_time:10.860s step_avg:1551.41ms
step:8/3300 train_loss:6.84097 train_time:12.103s step_avg:1512.82ms
step:9/3300 train_loss:6.84259 train_time:13.343s step_avg:1482.55ms
step:10/3300 train_loss:6.62902 train_time:14.582s step_avg:1458.19ms
step:11/3300 train_loss:6.54256 train_time:15.823s step_avg:1438.48ms
step:12/3300 train_loss:6.46055 train_time:17.061s step_avg:1421.71ms
step:13/3300 train_loss:6.43695 train_time:18.303s step_avg:1407.96ms
step:14/3300 train_loss:6.32133 train_time:19.544s step_avg:1396.03ms
step:15/3300 train_loss:6.33096 train_time:20.780s step_avg:1385.35ms
step:16/3300 train_loss:6.23848 train_time:22.014s step_avg:1375.87ms
step:17/3300 train_loss:6.26005 train_time:23.245s step_avg:1367.35ms
step:18/3300 train_loss:6.27976 train_time:24.480s step_avg:1360.01ms
step:19/3300 train_loss:6.27670 train_time:25.714s step_avg:1353.37ms
step:20/3300 train_loss:6.12321 train_time:26.943s step_avg:1347.16ms
step:21/3300 train_loss:6.14834 train_time:28.184s step_avg:1342.09ms
step:22/3300 train_loss:6.20538 train_time:29.424s step_avg:1337.47ms
step:23/3300 train_loss:6.04197 train_time:30.662s step_avg:1333.14ms
step:24/3300 train_loss:6.09402 train_time:31.900s step_avg:1329.18ms
step:25/3300 train_loss:6.01035 train_time:33.138s step_avg:1325.52ms
step:26/3300 train_loss:6.03521 train_time:34.374s step_avg:1322.07ms
step:27/3300 train_loss:6.00739 train_time:35.605s step_avg:1318.70ms
step:28/3300 train_loss:5.90083 train_time:36.841s step_avg:1315.73ms
step:29/3300 train_loss:5.97313 train_time:38.085s step_avg:1313.26ms
step:30/3300 train_loss:5.89066 train_time:39.325s step_avg:1310.83ms
step:31/3300 train_loss:5.93967 train_time:40.560s step_avg:1308.38ms
step:32/3300 train_loss:5.82744 train_time:41.797s step_avg:1306.17ms
step:33/3300 train_loss:5.83638 train_time:43.031s step_avg:1303.96ms
step:34/3300 train_loss:5.82111 train_time:44.265s step_avg:1301.92ms
step:35/3300 train_loss:5.87393 train_time:45.504s step_avg:1300.10ms
step:36/3300 train_loss:5.79166 train_time:46.737s step_avg:1298.26ms
step:37/3300 train_loss:5.81294 train_time:47.972s step_avg:1296.55ms
step:38/3300 train_loss:5.76881 train_time:49.209s step_avg:1294.97ms
step:39/3300 train_loss:5.77517 train_time:50.444s step_avg:1293.44ms
step:40/3300 train_loss:5.67291 train_time:51.683s step_avg:1292.06ms
step:41/3300 train_loss:5.69932 train_time:52.926s step_avg:1290.87ms
step:42/3300 train_loss:5.65843 train_time:54.163s step_avg:1289.61ms
step:43/3300 train_loss:5.74213 train_time:55.396s step_avg:1288.29ms
step:44/3300 train_loss:5.62413 train_time:56.626s step_avg:1286.95ms
step:45/3300 train_loss:5.61339 train_time:57.875s step_avg:1286.11ms
step:46/3300 train_loss:5.61627 train_time:59.107s step_avg:1284.93ms
step:47/3300 train_loss:5.60280 train_time:60.341s step_avg:1283.86ms
step:48/3300 train_loss:5.57351 train_time:61.569s step_avg:1282.69ms
step:49/3300 train_loss:5.50434 train_time:62.810s step_avg:1281.84ms
step:50/3300 train_loss:5.52203 train_time:64.045s step_avg:1280.90ms
step:51/3300 train_loss:5.46963 train_time:65.282s step_avg:1280.03ms
step:52/3300 train_loss:5.52412 train_time:66.510s step_avg:1279.04ms
step:53/3300 train_loss:5.48102 train_time:67.759s step_avg:1278.47ms
step:54/3300 train_loss:5.45933 train_time:68.993s step_avg:1277.65ms
step:55/3300 train_loss:5.44390 train_time:70.226s step_avg:1276.84ms
step:56/3300 train_loss:5.40980 train_time:71.460s step_avg:1276.06ms
step:57/3300 train_loss:5.38602 train_time:72.693s step_avg:1275.31ms
step:58/3300 train_loss:5.37643 train_time:73.928s step_avg:1274.63ms
step:59/3300 train_loss:5.33668 train_time:75.167s step_avg:1274.02ms
step:60/3300 train_loss:5.34644 train_time:76.403s step_avg:1273.38ms
step:61/3300 train_loss:5.32059 train_time:77.650s step_avg:1272.95ms
step:62/3300 train_loss:5.31265 train_time:78.921s step_avg:1272.92ms
step:63/3300 train_loss:5.26752 train_time:80.151s step_avg:1272.24ms
step:64/3300 train_loss:5.26402 train_time:81.387s step_avg:1271.67ms
step:65/3300 train_loss:5.21131 train_time:82.628s step_avg:1271.21ms
step:66/3300 train_loss:5.24921 train_time:83.867s step_avg:1270.71ms
step:67/3300 train_loss:5.22335 train_time:85.104s step_avg:1270.21ms
step:68/3300 train_loss:5.32694 train_time:86.332s step_avg:1269.59ms
step:69/3300 train_loss:5.20463 train_time:87.580s step_avg:1269.27ms
step:70/3300 train_loss:5.19514 train_time:88.832s step_avg:1269.03ms
step:71/3300 train_loss:5.16663 train_time:90.069s step_avg:1268.57ms
step:72/3300 train_loss:5.17581 train_time:91.310s step_avg:1268.19ms
step:73/3300 train_loss:5.15136 train_time:92.548s step_avg:1267.78ms
step:74/3300 train_loss:5.16591 train_time:93.784s step_avg:1267.35ms
step:75/3300 train_loss:5.12067 train_time:95.014s step_avg:1266.86ms
step:76/3300 train_loss:5.09486 train_time:96.246s step_avg:1266.39ms
step:77/3300 train_loss:5.15763 train_time:97.483s step_avg:1266.01ms
step:78/3300 train_loss:5.14632 train_time:98.726s step_avg:1265.72ms
step:79/3300 train_loss:4.94560 train_time:99.965s step_avg:1265.38ms
step:80/3300 train_loss:5.06258 train_time:101.195s step_avg:1264.94ms
step:81/3300 train_loss:5.02868 train_time:102.436s step_avg:1264.64ms
step:82/3300 train_loss:5.18839 train_time:103.670s step_avg:1264.27ms
step:83/3300 train_loss:5.06497 train_time:104.907s step_avg:1263.94ms
step:84/3300 train_loss:5.06480 train_time:106.140s step_avg:1263.58ms
step:85/3300 train_loss:5.02258 train_time:107.382s step_avg:1263.31ms
step:86/3300 train_loss:5.06317 train_time:108.620s step_avg:1263.02ms
step:87/3300 train_loss:5.02948 train_time:109.855s step_avg:1262.70ms
step:88/3300 train_loss:5.00217 train_time:111.093s step_avg:1262.42ms
step:89/3300 train_loss:4.99580 train_time:112.355s step_avg:1262.41ms
step:90/3300 train_loss:4.95318 train_time:113.589s step_avg:1262.11ms
step:91/3300 train_loss:4.96732 train_time:114.823s step_avg:1261.79ms
step:92/3300 train_loss:4.95058 train_time:116.046s step_avg:1261.37ms
step:93/3300 train_loss:4.93486 train_time:117.285s step_avg:1261.13ms
step:94/3300 train_loss:4.96572 train_time:118.524s step_avg:1260.90ms
step:95/3300 train_loss:4.94028 train_time:119.754s step_avg:1260.56ms
step:96/3300 train_loss:4.89057 train_time:120.987s step_avg:1260.28ms
step:97/3300 train_loss:4.98975 train_time:122.228s step_avg:1260.09ms
step:98/3300 train_loss:4.92420 train_time:123.464s step_avg:1259.83ms
step:99/3300 train_loss:4.91113 train_time:124.690s step_avg:1259.50ms
step:100/3300 train_loss:4.85981 train_time:125.931s step_avg:1259.31ms
step:101/3300 train_loss:4.81127 train_time:127.162s step_avg:1259.03ms
step:102/3300 train_loss:4.83313 train_time:128.396s step_avg:1258.78ms
step:103/3300 train_loss:4.87291 train_time:129.643s step_avg:1258.67ms
step:104/3300 train_loss:4.96034 train_time:130.880s step_avg:1258.46ms
step:105/3300 train_loss:4.88668 train_time:132.120s step_avg:1258.29ms
step:106/3300 train_loss:4.90203 train_time:133.361s step_avg:1258.12ms
step:107/3300 train_loss:4.85496 train_time:134.598s step_avg:1257.92ms
step:108/3300 train_loss:4.78584 train_time:135.841s step_avg:1257.79ms
step:109/3300 train_loss:4.84552 train_time:137.076s step_avg:1257.58ms
step:110/3300 train_loss:4.88986 train_time:138.314s step_avg:1257.40ms
step:111/3300 train_loss:4.78968 train_time:139.556s step_avg:1257.26ms
step:112/3300 train_loss:4.83225 train_time:140.797s step_avg:1257.12ms
step:113/3300 train_loss:4.85607 train_time:142.031s step_avg:1256.91ms
step:114/3300 train_loss:4.78795 train_time:143.270s step_avg:1256.76ms
step:115/3300 train_loss:4.81541 train_time:144.505s step_avg:1256.57ms
step:116/3300 train_loss:4.80123 train_time:145.740s step_avg:1256.38ms
step:117/3300 train_loss:4.76902 train_time:146.977s step_avg:1256.21ms
step:118/3300 train_loss:4.77904 train_time:148.223s step_avg:1256.13ms
step:119/3300 train_loss:4.74807 train_time:149.465s step_avg:1256.01ms
step:120/3300 train_loss:4.71937 train_time:150.698s step_avg:1255.82ms
step:121/3300 train_loss:4.73443 train_time:151.934s step_avg:1255.65ms
step:122/3300 train_loss:4.68978 train_time:153.183s step_avg:1255.60ms
step:123/3300 train_loss:4.72937 train_time:154.419s step_avg:1255.44ms
step:124/3300 train_loss:4.67850 train_time:155.659s step_avg:1255.32ms
step:125/3300 train_loss:4.70847 train_time:156.898s step_avg:1255.19ms
step:125/3300 val_loss:4.69192 train_time:156.898s step_avg:1255.01ms
step:126/3300 train_loss:4.67766 train_time:158.136s step_avg:1255.05ms
step:127/3300 train_loss:4.75058 train_time:159.375s step_avg:1254.92ms
step:128/3300 train_loss:4.66222 train_time:160.624s step_avg:1254.87ms
step:129/3300 train_loss:4.73560 train_time:161.866s step_avg:1254.77ms
step:130/3300 train_loss:4.60904 train_time:163.106s step_avg:1254.66ms
step:131/3300 train_loss:4.66500 train_time:164.338s step_avg:1254.49ms
step:132/3300 train_loss:4.64284 train_time:165.583s step_avg:1254.42ms
step:133/3300 train_loss:4.60872 train_time:166.820s step_avg:1254.28ms
step:134/3300 train_loss:4.64973 train_time:168.062s step_avg:1254.19ms
step:135/3300 train_loss:4.68182 train_time:169.302s step_avg:1254.09ms
step:136/3300 train_loss:4.58309 train_time:170.551s step_avg:1254.05ms
step:137/3300 train_loss:4.61458 train_time:171.793s step_avg:1253.96ms
step:138/3300 train_loss:4.62687 train_time:173.022s step_avg:1253.78ms
step:139/3300 train_loss:4.59882 train_time:174.257s step_avg:1253.65ms
step:140/3300 train_loss:4.65615 train_time:175.496s step_avg:1253.54ms
step:141/3300 train_loss:4.56480 train_time:176.731s step_avg:1253.41ms
step:142/3300 train_loss:4.67163 train_time:177.960s step_avg:1253.24ms
step:143/3300 train_loss:4.57450 train_time:179.198s step_avg:1253.13ms
step:144/3300 train_loss:4.58059 train_time:180.431s step_avg:1252.99ms
step:145/3300 train_loss:4.57543 train_time:181.675s step_avg:1252.93ms
step:146/3300 train_loss:4.52983 train_time:182.916s step_avg:1252.85ms
step:147/3300 train_loss:4.56123 train_time:184.154s step_avg:1252.75ms
step:148/3300 train_loss:4.58035 train_time:185.386s step_avg:1252.61ms
step:149/3300 train_loss:4.58886 train_time:186.619s step_avg:1252.47ms
step:150/3300 train_loss:4.57810 train_time:187.850s step_avg:1252.33ms
step:151/3300 train_loss:4.58641 train_time:189.080s step_avg:1252.19ms
step:152/3300 train_loss:4.49820 train_time:190.320s step_avg:1252.11ms
step:153/3300 train_loss:4.50288 train_time:191.560s step_avg:1252.03ms
step:154/3300 train_loss:4.53300 train_time:192.796s step_avg:1251.92ms
step:155/3300 train_loss:4.58611 train_time:194.032s step_avg:1251.82ms
step:156/3300 train_loss:4.55702 train_time:195.260s step_avg:1251.67ms
step:157/3300 train_loss:4.56647 train_time:196.498s step_avg:1251.58ms
step:158/3300 train_loss:4.49940 train_time:197.728s step_avg:1251.44ms
step:159/3300 train_loss:4.52914 train_time:198.961s step_avg:1251.32ms
step:160/3300 train_loss:4.50758 train_time:200.199s step_avg:1251.24ms
step:161/3300 train_loss:4.52205 train_time:201.436s step_avg:1251.15ms
step:162/3300 train_loss:4.52232 train_time:202.662s step_avg:1251.00ms
step:163/3300 train_loss:4.48482 train_time:203.904s step_avg:1250.94ms
step:164/3300 train_loss:4.53175 train_time:205.137s step_avg:1250.84ms
step:165/3300 train_loss:4.48168 train_time:206.365s step_avg:1250.70ms
step:166/3300 train_loss:4.51093 train_time:207.600s step_avg:1250.60ms
step:167/3300 train_loss:4.42399 train_time:208.826s step_avg:1250.46ms
step:168/3300 train_loss:4.46673 train_time:210.062s step_avg:1250.37ms
step:169/3300 train_loss:4.46001 train_time:211.300s step_avg:1250.29ms
step:170/3300 train_loss:4.42799 train_time:212.530s step_avg:1250.18ms
step:171/3300 train_loss:4.42011 train_time:213.763s step_avg:1250.08ms
step:172/3300 train_loss:4.50864 train_time:215.013s step_avg:1250.07ms
step:173/3300 train_loss:4.44568 train_time:216.244s step_avg:1249.97ms
step:174/3300 train_loss:4.49957 train_time:217.478s step_avg:1249.87ms
step:175/3300 train_loss:4.47920 train_time:218.706s step_avg:1249.75ms
step:176/3300 train_loss:4.44862 train_time:219.951s step_avg:1249.72ms
step:177/3300 train_loss:4.42483 train_time:221.184s step_avg:1249.63ms
step:178/3300 train_loss:4.43410 train_time:222.422s step_avg:1249.56ms
step:179/3300 train_loss:4.45553 train_time:223.657s step_avg:1249.48ms
step:180/3300 train_loss:4.42497 train_time:224.890s step_avg:1249.39ms
step:181/3300 train_loss:4.39127 train_time:226.126s step_avg:1249.32ms
step:182/3300 train_loss:4.42893 train_time:227.364s step_avg:1249.25ms
step:183/3300 train_loss:4.38384 train_time:228.599s step_avg:1249.17ms
step:184/3300 train_loss:4.45934 train_time:229.848s step_avg:1249.17ms
step:185/3300 train_loss:4.40266 train_time:231.105s step_avg:1249.22ms
step:186/3300 train_loss:4.38750 train_time:232.340s step_avg:1249.14ms
step:187/3300 train_loss:4.45863 train_time:233.573s step_avg:1249.05ms
step:188/3300 train_loss:4.43678 train_time:234.810s step_avg:1248.99ms
step:189/3300 train_loss:4.36679 train_time:236.046s step_avg:1248.92ms
step:190/3300 train_loss:4.42146 train_time:237.278s step_avg:1248.83ms
step:191/3300 train_loss:4.33154 train_time:238.625s step_avg:1249.35ms
step:192/3300 train_loss:4.47087 train_time:239.877s step_avg:1249.36ms
step:193/3300 train_loss:4.43391 train_time:241.128s step_avg:1249.37ms
step:194/3300 train_loss:4.46790 train_time:242.365s step_avg:1249.30ms
step:195/3300 train_loss:4.44316 train_time:243.602s step_avg:1249.24ms
step:196/3300 train_loss:4.47562 train_time:244.842s step_avg:1249.20ms
step:197/3300 train_loss:4.37722 train_time:246.078s step_avg:1249.12ms
step:198/3300 train_loss:4.42663 train_time:247.308s step_avg:1249.03ms
step:199/3300 train_loss:4.38824 train_time:248.539s step_avg:1248.94ms
step:200/3300 train_loss:4.56823 train_time:249.779s step_avg:1248.89ms
step:201/3300 train_loss:4.41541 train_time:251.018s step_avg:1248.85ms
step:202/3300 train_loss:4.40985 train_time:252.244s step_avg:1248.73ms
step:203/3300 train_loss:4.46290 train_time:253.479s step_avg:1248.67ms
step:204/3300 train_loss:4.40941 train_time:254.723s step_avg:1248.64ms
step:205/3300 train_loss:4.39436 train_time:255.953s step_avg:1248.55ms
step:206/3300 train_loss:4.33937 train_time:257.187s step_avg:1248.48ms
step:207/3300 train_loss:4.42320 train_time:258.421s step_avg:1248.41ms
step:208/3300 train_loss:4.38555 train_time:259.663s step_avg:1248.38ms
step:209/3300 train_loss:4.30565 train_time:260.906s step_avg:1248.36ms
step:210/3300 train_loss:4.39685 train_time:262.145s step_avg:1248.31ms
step:211/3300 train_loss:4.35033 train_time:263.371s step_avg:1248.20ms
step:212/3300 train_loss:4.36963 train_time:264.627s step_avg:1248.24ms
step:213/3300 train_loss:4.36716 train_time:265.862s step_avg:1248.18ms
step:214/3300 train_loss:4.37743 train_time:267.090s step_avg:1248.08ms
step:215/3300 train_loss:4.36877 train_time:268.326s step_avg:1248.03ms
step:216/3300 train_loss:4.31650 train_time:269.559s step_avg:1247.96ms
step:217/3300 train_loss:4.40062 train_time:270.790s step_avg:1247.88ms
step:218/3300 train_loss:4.35174 train_time:272.029s step_avg:1247.84ms
step:219/3300 train_loss:4.38594 train_time:273.263s step_avg:1247.78ms
step:220/3300 train_loss:4.34740 train_time:274.505s step_avg:1247.75ms
step:221/3300 train_loss:4.32892 train_time:275.736s step_avg:1247.67ms
step:222/3300 train_loss:4.35089 train_time:276.969s step_avg:1247.61ms
step:223/3300 train_loss:4.43537 train_time:278.204s step_avg:1247.55ms
step:224/3300 train_loss:4.41465 train_time:279.451s step_avg:1247.55ms
step:225/3300 train_loss:4.32302 train_time:280.696s step_avg:1247.54ms
step:226/3300 train_loss:4.30366 train_time:281.934s step_avg:1247.49ms
step:227/3300 train_loss:4.31740 train_time:283.166s step_avg:1247.43ms
step:228/3300 train_loss:4.37171 train_time:284.415s step_avg:1247.43ms
step:229/3300 train_loss:4.36431 train_time:285.655s step_avg:1247.40ms
step:230/3300 train_loss:4.29867 train_time:286.890s step_avg:1247.35ms
step:231/3300 train_loss:4.30314 train_time:288.126s step_avg:1247.30ms
step:232/3300 train_loss:4.27999 train_time:289.355s step_avg:1247.22ms
step:233/3300 train_loss:4.33883 train_time:290.592s step_avg:1247.18ms
step:234/3300 train_loss:4.33682 train_time:291.832s step_avg:1247.15ms
step:235/3300 train_loss:4.36048 train_time:293.069s step_avg:1247.10ms
step:236/3300 train_loss:4.36275 train_time:294.303s step_avg:1247.05ms
step:237/3300 train_loss:4.37864 train_time:295.536s step_avg:1246.99ms
step:238/3300 train_loss:4.33210 train_time:296.766s step_avg:1246.92ms
step:239/3300 train_loss:4.27090 train_time:298.003s step_avg:1246.88ms
step:240/3300 train_loss:4.30458 train_time:299.229s step_avg:1246.79ms
step:241/3300 train_loss:4.45601 train_time:300.469s step_avg:1246.76ms
step:242/3300 train_loss:4.40139 train_time:301.710s step_avg:1246.74ms
step:243/3300 train_loss:4.28131 train_time:302.947s step_avg:1246.69ms
step:244/3300 train_loss:4.34903 train_time:304.171s step_avg:1246.60ms
step:245/3300 train_loss:4.27057 train_time:305.407s step_avg:1246.56ms
step:246/3300 train_loss:4.30795 train_time:306.640s step_avg:1246.50ms
step:247/3300 train_loss:4.25223 train_time:307.870s step_avg:1246.44ms
step:248/3300 train_loss:4.31074 train_time:309.104s step_avg:1246.39ms
step:249/3300 train_loss:4.30355 train_time:310.330s step_avg:1246.30ms
step:250/3300 train_loss:4.24524 train_time:311.565s step_avg:1246.26ms
step:250/3300 val_loss:4.28254 train_time:311.565s step_avg:1237.34ms
step:251/3300 train_loss:4.32502 train_time:312.808s step_avg:1246.25ms
step:252/3300 train_loss:4.34727 train_time:314.040s step_avg:1246.19ms
step:253/3300 train_loss:4.29058 train_time:315.274s step_avg:1246.14ms
step:254/3300 train_loss:4.24261 train_time:316.500s step_avg:1246.06ms
step:255/3300 train_loss:4.31909 train_time:317.739s step_avg:1246.04ms
step:256/3300 train_loss:4.25869 train_time:318.975s step_avg:1245.99ms
step:257/3300 train_loss:4.27955 train_time:320.199s step_avg:1245.91ms
step:258/3300 train_loss:4.36917 train_time:321.435s step_avg:1245.87ms
step:259/3300 train_loss:4.25869 train_time:322.665s step_avg:1245.81ms
step:260/3300 train_loss:4.24297 train_time:323.901s step_avg:1245.77ms
step:261/3300 train_loss:4.24828 train_time:325.133s step_avg:1245.72ms
step:262/3300 train_loss:4.31969 train_time:326.360s step_avg:1245.65ms
step:263/3300 train_loss:4.28140 train_time:327.597s step_avg:1245.61ms
step:264/3300 train_loss:4.31699 train_time:328.828s step_avg:1245.56ms
step:265/3300 train_loss:4.17806 train_time:330.057s step_avg:1245.50ms
step:266/3300 train_loss:4.28676 train_time:331.294s step_avg:1245.47ms
step:267/3300 train_loss:4.23034 train_time:332.522s step_avg:1245.40ms
step:268/3300 train_loss:4.22065 train_time:333.757s step_avg:1245.36ms
step:269/3300 train_loss:4.26112 train_time:334.988s step_avg:1245.31ms
step:270/3300 train_loss:4.27046 train_time:336.217s step_avg:1245.25ms
step:271/3300 train_loss:4.31794 train_time:337.470s step_avg:1245.28ms
step:272/3300 train_loss:4.23008 train_time:338.703s step_avg:1245.23ms
step:273/3300 train_loss:4.26233 train_time:339.932s step_avg:1245.17ms
step:274/3300 train_loss:4.18835 train_time:341.154s step_avg:1245.09ms
step:275/3300 train_loss:4.25820 train_time:342.385s step_avg:1245.04ms
step:276/3300 train_loss:4.31192 train_time:343.620s step_avg:1245.00ms
step:277/3300 train_loss:4.20224 train_time:344.850s step_avg:1244.95ms
step:278/3300 train_loss:4.24404 train_time:346.080s step_avg:1244.89ms
step:279/3300 train_loss:4.16906 train_time:347.318s step_avg:1244.87ms
step:280/3300 train_loss:4.29858 train_time:348.542s step_avg:1244.79ms
step:281/3300 train_loss:4.26973 train_time:349.777s step_avg:1244.76ms
step:282/3300 train_loss:4.21622 train_time:351.003s step_avg:1244.69ms
step:283/3300 train_loss:4.23986 train_time:352.243s step_avg:1244.68ms
step:284/3300 train_loss:4.18678 train_time:353.484s step_avg:1244.66ms
step:285/3300 train_loss:4.26765 train_time:354.715s step_avg:1244.62ms
step:286/3300 train_loss:4.23727 train_time:355.942s step_avg:1244.55ms
step:287/3300 train_loss:4.21990 train_time:357.173s step_avg:1244.51ms
step:288/3300 train_loss:4.23295 train_time:358.402s step_avg:1244.45ms
step:289/3300 train_loss:4.22237 train_time:359.633s step_avg:1244.40ms
step:290/3300 train_loss:4.19188 train_time:360.860s step_avg:1244.35ms
step:291/3300 train_loss:4.20735 train_time:362.097s step_avg:1244.32ms
step:292/3300 train_loss:4.25301 train_time:363.319s step_avg:1244.24ms
step:293/3300 train_loss:4.17590 train_time:364.556s step_avg:1244.22ms
step:294/3300 train_loss:4.35941 train_time:365.778s step_avg:1244.14ms
step:295/3300 train_loss:4.19469 train_time:367.009s step_avg:1244.10ms
step:296/3300 train_loss:4.17693 train_time:368.244s step_avg:1244.07ms
step:297/3300 train_loss:4.19256 train_time:369.476s step_avg:1244.03ms
step:298/3300 train_loss:4.20311 train_time:370.696s step_avg:1243.95ms
step:299/3300 train_loss:4.17409 train_time:371.947s step_avg:1243.97ms
step:300/3300 train_loss:4.17013 train_time:373.184s step_avg:1243.95ms
step:301/3300 train_loss:4.22873 train_time:374.423s step_avg:1243.93ms
step:302/3300 train_loss:4.15079 train_time:375.648s step_avg:1243.87ms
step:303/3300 train_loss:4.19568 train_time:376.880s step_avg:1243.83ms
step:304/3300 train_loss:4.18696 train_time:378.115s step_avg:1243.80ms
step:305/3300 train_loss:4.20365 train_time:379.344s step_avg:1243.75ms
step:306/3300 train_loss:4.16188 train_time:380.575s step_avg:1243.71ms
step:307/3300 train_loss:4.20121 train_time:381.811s step_avg:1243.69ms
step:308/3300 train_loss:4.17940 train_time:383.047s step_avg:1243.66ms
step:309/3300 train_loss:4.19324 train_time:384.285s step_avg:1243.64ms
step:310/3300 train_loss:4.24398 train_time:385.517s step_avg:1243.60ms
step:311/3300 train_loss:4.22288 train_time:386.751s step_avg:1243.57ms
step:312/3300 train_loss:4.14642 train_time:387.983s step_avg:1243.53ms
step:313/3300 train_loss:4.20240 train_time:389.210s step_avg:1243.48ms
step:314/3300 train_loss:4.14991 train_time:390.439s step_avg:1243.44ms
step:315/3300 train_loss:4.12962 train_time:391.660s step_avg:1243.36ms
step:316/3300 train_loss:4.13598 train_time:392.891s step_avg:1243.33ms
step:317/3300 train_loss:4.13194 train_time:394.123s step_avg:1243.29ms
step:318/3300 train_loss:4.12676 train_time:395.354s step_avg:1243.25ms
step:319/3300 train_loss:4.19117 train_time:396.583s step_avg:1243.21ms
step:320/3300 train_loss:4.15231 train_time:397.814s step_avg:1243.17ms
step:321/3300 train_loss:4.17807 train_time:399.043s step_avg:1243.12ms
step:322/3300 train_loss:4.13807 train_time:400.267s step_avg:1243.06ms
step:323/3300 train_loss:4.19367 train_time:401.497s step_avg:1243.03ms
step:324/3300 train_loss:4.13795 train_time:402.727s step_avg:1242.99ms
step:325/3300 train_loss:4.23040 train_time:403.987s step_avg:1243.04ms
step:326/3300 train_loss:4.14251 train_time:405.220s step_avg:1243.01ms
step:327/3300 train_loss:4.26763 train_time:406.441s step_avg:1242.94ms
step:328/3300 train_loss:4.18417 train_time:407.672s step_avg:1242.90ms
step:329/3300 train_loss:4.16095 train_time:408.899s step_avg:1242.85ms
step:330/3300 train_loss:4.09367 train_time:410.118s step_avg:1242.78ms
step:331/3300 train_loss:4.20097 train_time:411.343s step_avg:1242.73ms
step:332/3300 train_loss:4.10908 train_time:412.576s step_avg:1242.70ms
step:333/3300 train_loss:4.07231 train_time:413.807s step_avg:1242.66ms
step:334/3300 train_loss:4.11048 train_time:415.037s step_avg:1242.63ms
step:335/3300 train_loss:4.19406 train_time:416.265s step_avg:1242.58ms
step:336/3300 train_loss:4.14204 train_time:417.500s step_avg:1242.56ms
step:337/3300 train_loss:4.42055 train_time:418.726s step_avg:1242.51ms
step:338/3300 train_loss:4.12674 train_time:419.947s step_avg:1242.45ms
step:339/3300 train_loss:4.09721 train_time:421.179s step_avg:1242.42ms
step:340/3300 train_loss:4.08619 train_time:422.409s step_avg:1242.38ms
step:341/3300 train_loss:4.11929 train_time:423.641s step_avg:1242.35ms
step:342/3300 train_loss:4.10567 train_time:424.862s step_avg:1242.29ms
step:343/3300 train_loss:4.17524 train_time:426.087s step_avg:1242.24ms
step:344/3300 train_loss:4.10635 train_time:427.321s step_avg:1242.21ms
step:345/3300 train_loss:4.06826 train_time:428.546s step_avg:1242.16ms
step:346/3300 train_loss:4.07413 train_time:429.772s step_avg:1242.12ms
step:347/3300 train_loss:4.06905 train_time:431.003s step_avg:1242.08ms
step:348/3300 train_loss:4.10827 train_time:432.230s step_avg:1242.04ms
step:349/3300 train_loss:4.04103 train_time:433.487s step_avg:1242.08ms
step:350/3300 train_loss:4.02974 train_time:434.715s step_avg:1242.04ms
step:351/3300 train_loss:4.02033 train_time:435.943s step_avg:1242.00ms
step:352/3300 train_loss:4.13866 train_time:437.170s step_avg:1241.96ms
step:353/3300 train_loss:4.04249 train_time:438.408s step_avg:1241.95ms
step:354/3300 train_loss:4.03134 train_time:439.633s step_avg:1241.90ms
step:355/3300 train_loss:4.11812 train_time:440.861s step_avg:1241.86ms
step:356/3300 train_loss:4.03751 train_time:442.097s step_avg:1241.84ms
step:357/3300 train_loss:4.12173 train_time:443.333s step_avg:1241.83ms
step:358/3300 train_loss:4.10094 train_time:444.564s step_avg:1241.80ms
step:359/3300 train_loss:4.01126 train_time:445.784s step_avg:1241.74ms
step:360/3300 train_loss:4.01473 train_time:447.013s step_avg:1241.70ms
step:361/3300 train_loss:4.13468 train_time:448.246s step_avg:1241.68ms
step:362/3300 train_loss:4.07981 train_time:449.478s step_avg:1241.65ms
step:363/3300 train_loss:4.03777 train_time:450.711s step_avg:1241.63ms
step:364/3300 train_loss:4.07521 train_time:451.943s step_avg:1241.60ms
step:365/3300 train_loss:4.10189 train_time:453.168s step_avg:1241.56ms
step:366/3300 train_loss:4.05671 train_time:454.394s step_avg:1241.51ms
step:367/3300 train_loss:4.09384 train_time:455.624s step_avg:1241.48ms
step:368/3300 train_loss:4.07614 train_time:456.854s step_avg:1241.45ms
step:369/3300 train_loss:4.06624 train_time:458.090s step_avg:1241.44ms
step:370/3300 train_loss:4.04177 train_time:459.326s step_avg:1241.42ms
step:371/3300 train_loss:4.06998 train_time:460.553s step_avg:1241.38ms
step:372/3300 train_loss:4.05144 train_time:461.785s step_avg:1241.36ms
step:373/3300 train_loss:4.07864 train_time:463.018s step_avg:1241.34ms
step:374/3300 train_loss:4.10168 train_time:464.253s step_avg:1241.32ms
step:375/3300 train_loss:4.06921 train_time:465.485s step_avg:1241.29ms
step:375/3300 val_loss:4.04480 train_time:465.486s step_avg:1231.36ms
step:376/3300 train_loss:4.16518 train_time:466.719s step_avg:1241.27ms
step:377/3300 train_loss:3.95994 train_time:467.950s step_avg:1241.25ms
step:378/3300 train_loss:4.06748 train_time:469.178s step_avg:1241.21ms
step:379/3300 train_loss:4.05736 train_time:470.422s step_avg:1241.22ms
step:380/3300 train_loss:4.02100 train_time:471.650s step_avg:1241.18ms
step:381/3300 train_loss:4.09550 train_time:472.913s step_avg:1241.24ms
step:382/3300 train_loss:4.01986 train_time:474.144s step_avg:1241.21ms
step:383/3300 train_loss:4.03642 train_time:475.390s step_avg:1241.23ms
step:384/3300 train_loss:4.02643 train_time:476.625s step_avg:1241.21ms
step:385/3300 train_loss:4.05536 train_time:477.853s step_avg:1241.18ms
step:386/3300 train_loss:4.04950 train_time:479.090s step_avg:1241.17ms
step:387/3300 train_loss:4.06690 train_time:480.319s step_avg:1241.13ms
step:388/3300 train_loss:4.04334 train_time:481.547s step_avg:1241.10ms
step:389/3300 train_loss:3.99423 train_time:482.778s step_avg:1241.08ms
step:390/3300 train_loss:4.04943 train_time:484.006s step_avg:1241.04ms
step:391/3300 train_loss:3.97724 train_time:485.236s step_avg:1241.01ms
step:392/3300 train_loss:4.02497 train_time:486.460s step_avg:1240.97ms
step:393/3300 train_loss:4.06017 train_time:487.692s step_avg:1240.95ms
step:394/3300 train_loss:4.04456 train_time:488.919s step_avg:1240.91ms
step:395/3300 train_loss:3.97464 train_time:490.153s step_avg:1240.89ms
step:396/3300 train_loss:3.88248 train_time:491.377s step_avg:1240.85ms
step:397/3300 train_loss:4.07512 train_time:492.604s step_avg:1240.82ms
step:398/3300 train_loss:4.00800 train_time:493.835s step_avg:1240.79ms
step:399/3300 train_loss:3.96198 train_time:495.066s step_avg:1240.77ms
step:400/3300 train_loss:4.04334 train_time:496.298s step_avg:1240.74ms
step:401/3300 train_loss:3.99225 train_time:497.518s step_avg:1240.69ms
step:402/3300 train_loss:4.00659 train_time:498.747s step_avg:1240.66ms
step:403/3300 train_loss:4.01395 train_time:499.979s step_avg:1240.64ms
step:404/3300 train_loss:3.99192 train_time:501.212s step_avg:1240.62ms
step:405/3300 train_loss:4.04544 train_time:502.440s step_avg:1240.59ms
step:406/3300 train_loss:4.02113 train_time:503.673s step_avg:1240.57ms
step:407/3300 train_loss:4.11575 train_time:504.905s step_avg:1240.55ms
step:408/3300 train_loss:4.03265 train_time:506.136s step_avg:1240.53ms
step:409/3300 train_loss:3.98765 train_time:507.361s step_avg:1240.49ms
step:410/3300 train_loss:3.99545 train_time:508.585s step_avg:1240.45ms
step:411/3300 train_loss:3.96731 train_time:509.817s step_avg:1240.43ms
step:412/3300 train_loss:4.05351 train_time:511.043s step_avg:1240.40ms
step:413/3300 train_loss:3.98222 train_time:512.273s step_avg:1240.37ms
step:414/3300 train_loss:4.02406 train_time:513.505s step_avg:1240.35ms
step:415/3300 train_loss:4.05990 train_time:514.738s step_avg:1240.33ms
step:416/3300 train_loss:3.98181 train_time:515.978s step_avg:1240.33ms
step:417/3300 train_loss:4.00125 train_time:517.197s step_avg:1240.28ms
step:418/3300 train_loss:3.99583 train_time:518.425s step_avg:1240.25ms
step:419/3300 train_loss:3.96766 train_time:519.658s step_avg:1240.23ms
step:420/3300 train_loss:3.95825 train_time:520.882s step_avg:1240.20ms
step:421/3300 train_loss:3.95872 train_time:522.106s step_avg:1240.16ms
step:422/3300 train_loss:3.93892 train_time:523.335s step_avg:1240.13ms
step:423/3300 train_loss:3.97261 train_time:524.564s step_avg:1240.10ms
step:424/3300 train_loss:3.99525 train_time:525.798s step_avg:1240.09ms
step:425/3300 train_loss:4.00607 train_time:527.028s step_avg:1240.06ms
step:426/3300 train_loss:3.93162 train_time:528.255s step_avg:1240.03ms
step:427/3300 train_loss:3.98927 train_time:529.480s step_avg:1240.00ms
step:428/3300 train_loss:3.93046 train_time:530.706s step_avg:1239.97ms
step:429/3300 train_loss:3.91828 train_time:531.937s step_avg:1239.95ms
step:430/3300 train_loss:3.94359 train_time:533.162s step_avg:1239.91ms
step:431/3300 train_loss:4.01813 train_time:534.414s step_avg:1239.94ms
step:432/3300 train_loss:3.95241 train_time:535.645s step_avg:1239.92ms
step:433/3300 train_loss:4.01428 train_time:536.876s step_avg:1239.90ms
step:434/3300 train_loss:3.96162 train_time:538.100s step_avg:1239.86ms
step:435/3300 train_loss:3.98362 train_time:539.330s step_avg:1239.84ms
step:436/3300 train_loss:4.01737 train_time:540.568s step_avg:1239.84ms
step:437/3300 train_loss:3.96832 train_time:541.799s step_avg:1239.81ms
step:438/3300 train_loss:3.97547 train_time:543.023s step_avg:1239.78ms
step:439/3300 train_loss:3.89731 train_time:544.254s step_avg:1239.76ms
step:440/3300 train_loss:3.95826 train_time:545.483s step_avg:1239.73ms
step:441/3300 train_loss:3.90709 train_time:546.717s step_avg:1239.72ms
step:442/3300 train_loss:3.94520 train_time:547.943s step_avg:1239.69ms
step:443/3300 train_loss:3.90079 train_time:549.177s step_avg:1239.68ms
step:444/3300 train_loss:4.00705 train_time:550.413s step_avg:1239.67ms
step:445/3300 train_loss:3.96714 train_time:551.646s step_avg:1239.65ms
step:446/3300 train_loss:3.94839 train_time:552.877s step_avg:1239.63ms
step:447/3300 train_loss:3.93644 train_time:554.102s step_avg:1239.60ms
step:448/3300 train_loss:3.98796 train_time:555.339s step_avg:1239.60ms
step:449/3300 train_loss:3.95788 train_time:556.572s step_avg:1239.58ms
step:450/3300 train_loss:3.94825 train_time:557.801s step_avg:1239.56ms
step:451/3300 train_loss:4.07748 train_time:559.047s step_avg:1239.57ms
step:452/3300 train_loss:3.97096 train_time:560.280s step_avg:1239.56ms
step:453/3300 train_loss:4.02383 train_time:561.505s step_avg:1239.52ms
step:454/3300 train_loss:3.86613 train_time:562.735s step_avg:1239.50ms
step:455/3300 train_loss:3.92207 train_time:563.961s step_avg:1239.47ms
step:456/3300 train_loss:3.92785 train_time:565.188s step_avg:1239.45ms
step:457/3300 train_loss:3.91924 train_time:566.412s step_avg:1239.41ms
step:458/3300 train_loss:3.96809 train_time:567.642s step_avg:1239.39ms
step:459/3300 train_loss:3.94368 train_time:568.866s step_avg:1239.36ms
step:460/3300 train_loss:3.99172 train_time:570.105s step_avg:1239.36ms
step:461/3300 train_loss:3.96092 train_time:571.334s step_avg:1239.34ms
step:462/3300 train_loss:3.84608 train_time:572.567s step_avg:1239.32ms
step:463/3300 train_loss:3.94278 train_time:573.798s step_avg:1239.30ms
step:464/3300 train_loss:3.95509 train_time:575.042s step_avg:1239.32ms
step:465/3300 train_loss:3.92949 train_time:576.265s step_avg:1239.28ms
step:466/3300 train_loss:3.94621 train_time:577.497s step_avg:1239.26ms
step:467/3300 train_loss:3.91231 train_time:578.726s step_avg:1239.24ms
step:468/3300 train_loss:3.95725 train_time:579.959s step_avg:1239.23ms
step:469/3300 train_loss:3.92692 train_time:581.184s step_avg:1239.20ms
step:470/3300 train_loss:3.85623 train_time:582.417s step_avg:1239.19ms
step:471/3300 train_loss:3.98239 train_time:583.651s step_avg:1239.17ms
step:472/3300 train_loss:3.90211 train_time:584.882s step_avg:1239.16ms
step:473/3300 train_loss:3.92392 train_time:586.108s step_avg:1239.13ms
step:474/3300 train_loss:3.91827 train_time:587.336s step_avg:1239.11ms
step:475/3300 train_loss:3.98259 train_time:588.563s step_avg:1239.08ms
step:476/3300 train_loss:3.93400 train_time:589.792s step_avg:1239.06ms
step:477/3300 train_loss:3.88982 train_time:591.023s step_avg:1239.04ms
step:478/3300 train_loss:3.93699 train_time:592.250s step_avg:1239.02ms
step:479/3300 train_loss:3.87666 train_time:593.481s step_avg:1239.00ms
step:480/3300 train_loss:4.00971 train_time:594.714s step_avg:1238.99ms
step:481/3300 train_loss:3.91165 train_time:595.953s step_avg:1238.99ms
step:482/3300 train_loss:3.83350 train_time:597.183s step_avg:1238.97ms
step:483/3300 train_loss:3.94826 train_time:598.409s step_avg:1238.94ms
step:484/3300 train_loss:3.92810 train_time:599.643s step_avg:1238.93ms
step:485/3300 train_loss:3.83145 train_time:600.868s step_avg:1238.90ms
step:486/3300 train_loss:3.92552 train_time:602.099s step_avg:1238.89ms
step:487/3300 train_loss:3.88436 train_time:603.329s step_avg:1238.87ms
step:488/3300 train_loss:3.89376 train_time:604.554s step_avg:1238.84ms
step:489/3300 train_loss:3.91501 train_time:605.802s step_avg:1238.86ms
step:490/3300 train_loss:3.85939 train_time:607.034s step_avg:1238.84ms
step:491/3300 train_loss:3.89327 train_time:608.263s step_avg:1238.82ms
step:492/3300 train_loss:3.93954 train_time:609.492s step_avg:1238.81ms
step:493/3300 train_loss:3.87133 train_time:610.724s step_avg:1238.79ms
step:494/3300 train_loss:3.87561 train_time:611.944s step_avg:1238.75ms
step:495/3300 train_loss:3.93216 train_time:613.169s step_avg:1238.73ms
step:496/3300 train_loss:3.84836 train_time:614.424s step_avg:1238.76ms
step:497/3300 train_loss:3.91742 train_time:615.660s step_avg:1238.75ms
step:498/3300 train_loss:3.88086 train_time:616.893s step_avg:1238.74ms
step:499/3300 train_loss:3.94971 train_time:618.123s step_avg:1238.72ms
step:500/3300 train_loss:3.89036 train_time:619.351s step_avg:1238.70ms
step:500/3300 val_loss:3.87961 train_time:619.352s step_avg:1230.93ms
step:501/3300 train_loss:3.95169 train_time:620.578s step_avg:1238.68ms
step:502/3300 train_loss:3.90821 train_time:621.812s step_avg:1238.67ms
step:503/3300 train_loss:3.85186 train_time:623.050s step_avg:1238.67ms
step:504/3300 train_loss:3.93599 train_time:624.275s step_avg:1238.64ms
step:505/3300 train_loss:3.88892 train_time:625.503s step_avg:1238.62ms
step:506/3300 train_loss:3.83510 train_time:626.735s step_avg:1238.61ms
step:507/3300 train_loss:3.96444 train_time:627.979s step_avg:1238.62ms
step:508/3300 train_loss:3.85853 train_time:629.211s step_avg:1238.60ms
step:509/3300 train_loss:3.89049 train_time:630.435s step_avg:1238.58ms
step:510/3300 train_loss:3.84798 train_time:631.666s step_avg:1238.56ms
step:511/3300 train_loss:3.83124 train_time:632.905s step_avg:1238.56ms
step:512/3300 train_loss:3.88719 train_time:634.133s step_avg:1238.54ms
step:513/3300 train_loss:3.88679 train_time:635.367s step_avg:1238.53ms
step:514/3300 train_loss:3.97565 train_time:636.600s step_avg:1238.52ms
step:515/3300 train_loss:3.84760 train_time:637.858s step_avg:1238.56ms
step:516/3300 train_loss:3.92678 train_time:639.094s step_avg:1238.55ms
step:517/3300 train_loss:3.89733 train_time:640.324s step_avg:1238.54ms
step:518/3300 train_loss:3.84992 train_time:641.556s step_avg:1238.53ms
step:519/3300 train_loss:3.92860 train_time:642.790s step_avg:1238.52ms
step:520/3300 train_loss:3.85962 train_time:644.013s step_avg:1238.49ms
step:521/3300 train_loss:3.84429 train_time:645.243s step_avg:1238.47ms
step:522/3300 train_loss:3.90683 train_time:646.476s step_avg:1238.46ms
step:523/3300 train_loss:3.87634 train_time:647.734s step_avg:1238.50ms
step:524/3300 train_loss:3.84261 train_time:648.967s step_avg:1238.49ms
step:525/3300 train_loss:3.81467 train_time:650.190s step_avg:1238.46ms
step:526/3300 train_loss:3.92381 train_time:651.419s step_avg:1238.44ms
step:527/3300 train_loss:3.86033 train_time:652.651s step_avg:1238.43ms
step:528/3300 train_loss:3.86913 train_time:653.873s step_avg:1238.40ms
step:529/3300 train_loss:3.89916 train_time:655.108s step_avg:1238.39ms
step:530/3300 train_loss:3.86497 train_time:656.345s step_avg:1238.39ms
step:531/3300 train_loss:3.81594 train_time:657.573s step_avg:1238.37ms
step:532/3300 train_loss:3.89398 train_time:658.799s step_avg:1238.34ms
step:533/3300 train_loss:3.85249 train_time:660.028s step_avg:1238.33ms
step:534/3300 train_loss:3.87764 train_time:661.250s step_avg:1238.30ms
step:535/3300 train_loss:3.97319 train_time:662.481s step_avg:1238.28ms
step:536/3300 train_loss:3.83746 train_time:663.709s step_avg:1238.26ms
step:537/3300 train_loss:3.81205 train_time:664.936s step_avg:1238.24ms
step:538/3300 train_loss:3.82535 train_time:666.166s step_avg:1238.23ms
step:539/3300 train_loss:4.01907 train_time:667.412s step_avg:1238.24ms
step:540/3300 train_loss:3.81448 train_time:668.635s step_avg:1238.21ms
step:541/3300 train_loss:3.90898 train_time:669.857s step_avg:1238.18ms
step:542/3300 train_loss:3.84292 train_time:671.084s step_avg:1238.16ms
step:543/3300 train_loss:3.83742 train_time:672.316s step_avg:1238.15ms
step:544/3300 train_loss:3.87145 train_time:673.537s step_avg:1238.12ms
step:545/3300 train_loss:3.83356 train_time:674.768s step_avg:1238.11ms
step:546/3300 train_loss:3.81078 train_time:675.993s step_avg:1238.08ms
step:547/3300 train_loss:3.85864 train_time:677.219s step_avg:1238.06ms
step:548/3300 train_loss:3.77446 train_time:678.453s step_avg:1238.05ms
step:549/3300 train_loss:3.82401 train_time:679.671s step_avg:1238.02ms
step:550/3300 train_loss:3.86099 train_time:680.898s step_avg:1238.00ms
step:551/3300 train_loss:3.82264 train_time:682.133s step_avg:1237.99ms
step:552/3300 train_loss:3.96346 train_time:683.358s step_avg:1237.97ms
step:553/3300 train_loss:3.84945 train_time:684.589s step_avg:1237.96ms
step:554/3300 train_loss:3.83749 train_time:685.818s step_avg:1237.94ms
step:555/3300 train_loss:3.89554 train_time:687.046s step_avg:1237.92ms
step:556/3300 train_loss:3.82502 train_time:688.312s step_avg:1237.97ms
step:557/3300 train_loss:3.78533 train_time:689.532s step_avg:1237.94ms
step:558/3300 train_loss:3.83501 train_time:690.756s step_avg:1237.91ms
step:559/3300 train_loss:3.90446 train_time:691.986s step_avg:1237.90ms
step:560/3300 train_loss:3.84468 train_time:693.217s step_avg:1237.89ms
step:561/3300 train_loss:3.81462 train_time:694.452s step_avg:1237.88ms
step:562/3300 train_loss:3.81645 train_time:695.676s step_avg:1237.86ms
step:563/3300 train_loss:3.81927 train_time:696.911s step_avg:1237.85ms
step:564/3300 train_loss:3.86458 train_time:698.149s step_avg:1237.85ms
step:565/3300 train_loss:3.82634 train_time:699.383s step_avg:1237.85ms
step:566/3300 train_loss:3.85865 train_time:700.611s step_avg:1237.83ms
step:567/3300 train_loss:3.82058 train_time:701.839s step_avg:1237.81ms
step:568/3300 train_loss:3.90989 train_time:703.075s step_avg:1237.81ms
step:569/3300 train_loss:3.83658 train_time:704.299s step_avg:1237.78ms
step:570/3300 train_loss:3.81396 train_time:705.521s step_avg:1237.76ms
step:571/3300 train_loss:3.77655 train_time:706.790s step_avg:1237.81ms
step:572/3300 train_loss:3.84612 train_time:708.025s step_avg:1237.81ms
step:573/3300 train_loss:3.91363 train_time:709.257s step_avg:1237.80ms
step:574/3300 train_loss:3.81252 train_time:710.478s step_avg:1237.77ms
step:575/3300 train_loss:3.86327 train_time:711.698s step_avg:1237.74ms
step:576/3300 train_loss:3.83796 train_time:712.930s step_avg:1237.73ms
step:577/3300 train_loss:3.83895 train_time:714.157s step_avg:1237.71ms
step:578/3300 train_loss:3.89782 train_time:715.382s step_avg:1237.69ms
step:579/3300 train_loss:3.79618 train_time:716.607s step_avg:1237.66ms
step:580/3300 train_loss:3.87146 train_time:717.845s step_avg:1237.66ms
step:581/3300 train_loss:3.86050 train_time:719.078s step_avg:1237.66ms
step:582/3300 train_loss:3.88107 train_time:720.306s step_avg:1237.64ms
step:583/3300 train_loss:3.83905 train_time:721.544s step_avg:1237.64ms
step:584/3300 train_loss:3.79980 train_time:722.779s step_avg:1237.63ms
step:585/3300 train_loss:3.83363 train_time:723.999s step_avg:1237.61ms
step:586/3300 train_loss:3.93367 train_time:725.223s step_avg:1237.58ms
step:587/3300 train_loss:3.79365 train_time:726.457s step_avg:1237.58ms
step:588/3300 train_loss:3.86305 train_time:727.685s step_avg:1237.56ms
step:589/3300 train_loss:3.91608 train_time:728.921s step_avg:1237.56ms
step:590/3300 train_loss:3.81764 train_time:730.153s step_avg:1237.55ms
step:591/3300 train_loss:3.83217 train_time:731.395s step_avg:1237.55ms
step:592/3300 train_loss:3.80875 train_time:732.626s step_avg:1237.54ms
step:593/3300 train_loss:3.76692 train_time:733.860s step_avg:1237.54ms
step:594/3300 train_loss:3.89369 train_time:735.087s step_avg:1237.52ms
step:595/3300 train_loss:3.84124 train_time:736.319s step_avg:1237.51ms
step:596/3300 train_loss:3.81741 train_time:737.539s step_avg:1237.48ms
step:597/3300 train_loss:3.83046 train_time:738.769s step_avg:1237.47ms
step:598/3300 train_loss:3.84798 train_time:739.996s step_avg:1237.45ms
step:599/3300 train_loss:3.79996 train_time:741.221s step_avg:1237.43ms
step:600/3300 train_loss:3.81955 train_time:742.448s step_avg:1237.41ms
step:601/3300 train_loss:3.82013 train_time:743.676s step_avg:1237.40ms
step:602/3300 train_loss:3.83032 train_time:744.903s step_avg:1237.38ms
step:603/3300 train_loss:3.85470 train_time:746.125s step_avg:1237.36ms
step:604/3300 train_loss:3.86635 train_time:747.356s step_avg:1237.34ms
step:605/3300 train_loss:3.81269 train_time:748.591s step_avg:1237.34ms
step:606/3300 train_loss:3.82734 train_time:749.820s step_avg:1237.33ms
step:607/3300 train_loss:3.81415 train_time:751.044s step_avg:1237.30ms
step:608/3300 train_loss:3.80300 train_time:752.275s step_avg:1237.30ms
step:609/3300 train_loss:3.82519 train_time:753.505s step_avg:1237.28ms
step:610/3300 train_loss:3.79391 train_time:754.732s step_avg:1237.27ms
step:611/3300 train_loss:3.81600 train_time:755.962s step_avg:1237.25ms
step:612/3300 train_loss:3.75315 train_time:757.194s step_avg:1237.24ms
step:613/3300 train_loss:3.79597 train_time:758.431s step_avg:1237.24ms
step:614/3300 train_loss:3.83476 train_time:759.664s step_avg:1237.24ms
step:615/3300 train_loss:3.80056 train_time:760.895s step_avg:1237.23ms
step:616/3300 train_loss:3.81874 train_time:762.130s step_avg:1237.22ms
step:617/3300 train_loss:3.80247 train_time:763.365s step_avg:1237.22ms
step:618/3300 train_loss:3.83228 train_time:764.597s step_avg:1237.21ms
step:619/3300 train_loss:3.85192 train_time:765.821s step_avg:1237.19ms
step:620/3300 train_loss:3.78601 train_time:767.045s step_avg:1237.17ms
step:621/3300 train_loss:3.89071 train_time:768.277s step_avg:1237.16ms
step:622/3300 train_loss:3.83437 train_time:769.504s step_avg:1237.15ms
step:623/3300 train_loss:3.81353 train_time:770.724s step_avg:1237.12ms
step:624/3300 train_loss:3.85218 train_time:771.951s step_avg:1237.10ms
step:625/3300 train_loss:3.82909 train_time:773.181s step_avg:1237.09ms
step:625/3300 val_loss:3.79440 train_time:773.181s step_avg:1230.63ms
step:626/3300 train_loss:3.83147 train_time:774.418s step_avg:1237.09ms
step:627/3300 train_loss:3.82809 train_time:775.650s step_avg:1237.08ms
step:628/3300 train_loss:3.76951 train_time:776.881s step_avg:1237.07ms
step:629/3300 train_loss:3.78995 train_time:778.122s step_avg:1237.08ms
step:630/3300 train_loss:3.78877 train_time:779.353s step_avg:1237.07ms
step:631/3300 train_loss:3.79775 train_time:780.588s step_avg:1237.06ms
step:632/3300 train_loss:3.80487 train_time:781.806s step_avg:1237.03ms
step:633/3300 train_loss:3.81008 train_time:783.022s step_avg:1237.00ms
step:634/3300 train_loss:3.75328 train_time:784.259s step_avg:1237.00ms
step:635/3300 train_loss:3.84991 train_time:785.488s step_avg:1236.99ms
step:636/3300 train_loss:3.74946 train_time:786.715s step_avg:1236.97ms
step:637/3300 train_loss:3.72240 train_time:787.945s step_avg:1236.96ms
step:638/3300 train_loss:3.83662 train_time:789.173s step_avg:1236.95ms
step:639/3300 train_loss:3.78313 train_time:790.414s step_avg:1236.95ms
step:640/3300 train_loss:3.79389 train_time:791.646s step_avg:1236.95ms
step:641/3300 train_loss:3.87117 train_time:792.872s step_avg:1236.93ms
step:642/3300 train_loss:3.74203 train_time:794.101s step_avg:1236.92ms
step:643/3300 train_loss:3.83636 train_time:795.331s step_avg:1236.91ms
step:644/3300 train_loss:3.77484 train_time:796.552s step_avg:1236.88ms
step:645/3300 train_loss:3.81549 train_time:797.782s step_avg:1236.87ms
step:646/3300 train_loss:3.82677 train_time:799.016s step_avg:1236.87ms
step:647/3300 train_loss:3.89903 train_time:800.248s step_avg:1236.86ms
step:648/3300 train_loss:3.80934 train_time:801.474s step_avg:1236.84ms
step:649/3300 train_loss:3.79750 train_time:802.707s step_avg:1236.84ms
step:650/3300 train_loss:3.77125 train_time:803.940s step_avg:1236.83ms
step:651/3300 train_loss:3.75101 train_time:805.168s step_avg:1236.82ms
step:652/3300 train_loss:3.75496 train_time:806.392s step_avg:1236.80ms
step:653/3300 train_loss:3.77341 train_time:807.615s step_avg:1236.78ms
step:654/3300 train_loss:3.81715 train_time:808.838s step_avg:1236.76ms
step:655/3300 train_loss:3.77401 train_time:810.081s step_avg:1236.77ms
step:656/3300 train_loss:3.83539 train_time:811.322s step_avg:1236.77ms
step:657/3300 train_loss:3.74047 train_time:812.548s step_avg:1236.75ms
step:658/3300 train_loss:3.85040 train_time:813.776s step_avg:1236.74ms
step:659/3300 train_loss:3.82303 train_time:815.010s step_avg:1236.74ms
step:660/3300 train_loss:3.85151 train_time:816.231s step_avg:1236.71ms
step:661/3300 train_loss:3.84320 train_time:817.456s step_avg:1236.70ms
step:662/3300 train_loss:3.84690 train_time:818.686s step_avg:1236.69ms
step:663/3300 train_loss:3.74354 train_time:819.911s step_avg:1236.67ms
step:664/3300 train_loss:3.74467 train_time:821.133s step_avg:1236.65ms
step:665/3300 train_loss:3.76619 train_time:822.357s step_avg:1236.63ms
step:666/3300 train_loss:3.81977 train_time:823.586s step_avg:1236.61ms
step:667/3300 train_loss:3.82936 train_time:824.812s step_avg:1236.60ms
step:668/3300 train_loss:3.80691 train_time:826.034s step_avg:1236.58ms
step:669/3300 train_loss:3.80708 train_time:827.264s step_avg:1236.57ms
step:670/3300 train_loss:3.79191 train_time:828.492s step_avg:1236.55ms
step:671/3300 train_loss:3.77837 train_time:829.719s step_avg:1236.54ms
step:672/3300 train_loss:3.84102 train_time:830.951s step_avg:1236.53ms
step:673/3300 train_loss:3.78000 train_time:832.172s step_avg:1236.51ms
step:674/3300 train_loss:3.77112 train_time:833.396s step_avg:1236.49ms
step:675/3300 train_loss:3.83459 train_time:834.629s step_avg:1236.49ms
step:676/3300 train_loss:3.76756 train_time:835.856s step_avg:1236.47ms
step:677/3300 train_loss:3.76106 train_time:837.086s step_avg:1236.46ms
step:678/3300 train_loss:3.77674 train_time:838.317s step_avg:1236.46ms
step:679/3300 train_loss:3.79046 train_time:839.546s step_avg:1236.44ms
step:680/3300 train_loss:3.79217 train_time:840.778s step_avg:1236.44ms
step:681/3300 train_loss:3.71276 train_time:842.005s step_avg:1236.43ms
step:682/3300 train_loss:3.80884 train_time:843.235s step_avg:1236.42ms
step:683/3300 train_loss:3.85040 train_time:844.461s step_avg:1236.40ms
step:684/3300 train_loss:3.79005 train_time:845.691s step_avg:1236.39ms
step:685/3300 train_loss:3.83232 train_time:846.913s step_avg:1236.37ms
step:686/3300 train_loss:3.83038 train_time:848.133s step_avg:1236.34ms
step:687/3300 train_loss:3.75200 train_time:849.355s step_avg:1236.32ms
step:688/3300 train_loss:3.74885 train_time:850.589s step_avg:1236.32ms
step:689/3300 train_loss:3.75631 train_time:851.823s step_avg:1236.32ms
step:690/3300 train_loss:3.77898 train_time:853.052s step_avg:1236.31ms
step:691/3300 train_loss:3.79162 train_time:854.278s step_avg:1236.29ms
step:692/3300 train_loss:3.75480 train_time:855.509s step_avg:1236.29ms
step:693/3300 train_loss:3.80063 train_time:856.734s step_avg:1236.27ms
step:694/3300 train_loss:3.75827 train_time:857.954s step_avg:1236.24ms
step:695/3300 train_loss:3.71107 train_time:859.178s step_avg:1236.23ms
step:696/3300 train_loss:3.83243 train_time:860.418s step_avg:1236.23ms
step:697/3300 train_loss:3.73312 train_time:861.651s step_avg:1236.23ms
step:698/3300 train_loss:3.76725 train_time:862.873s step_avg:1236.21ms
step:699/3300 train_loss:3.80396 train_time:864.095s step_avg:1236.19ms
step:700/3300 train_loss:3.73456 train_time:865.319s step_avg:1236.17ms
step:701/3300 train_loss:3.74278 train_time:866.548s step_avg:1236.16ms
step:702/3300 train_loss:3.74998 train_time:867.774s step_avg:1236.15ms
step:703/3300 train_loss:3.68495 train_time:868.996s step_avg:1236.13ms
step:704/3300 train_loss:3.76068 train_time:870.226s step_avg:1236.12ms
step:705/3300 train_loss:3.67938 train_time:871.465s step_avg:1236.12ms
step:706/3300 train_loss:3.72214 train_time:872.695s step_avg:1236.11ms
step:707/3300 train_loss:3.79535 train_time:873.927s step_avg:1236.11ms
step:708/3300 train_loss:3.77794 train_time:875.165s step_avg:1236.11ms
step:709/3300 train_loss:3.76816 train_time:876.397s step_avg:1236.10ms
step:710/3300 train_loss:3.74959 train_time:877.614s step_avg:1236.08ms
step:711/3300 train_loss:3.75564 train_time:878.864s step_avg:1236.10ms
step:712/3300 train_loss:3.70834 train_time:880.108s step_avg:1236.11ms
step:713/3300 train_loss:3.79789 train_time:881.346s step_avg:1236.11ms
step:714/3300 train_loss:3.67169 train_time:882.576s step_avg:1236.10ms
step:715/3300 train_loss:3.84959 train_time:883.800s step_avg:1236.08ms
step:716/3300 train_loss:3.74518 train_time:885.035s step_avg:1236.08ms
step:717/3300 train_loss:3.80139 train_time:886.260s step_avg:1236.07ms
step:718/3300 train_loss:3.78199 train_time:887.487s step_avg:1236.05ms
step:719/3300 train_loss:3.79309 train_time:888.717s step_avg:1236.05ms
step:720/3300 train_loss:3.79067 train_time:889.955s step_avg:1236.05ms
step:721/3300 train_loss:3.77534 train_time:891.184s step_avg:1236.04ms
step:722/3300 train_loss:3.77479 train_time:892.415s step_avg:1236.03ms
step:723/3300 train_loss:3.80846 train_time:893.640s step_avg:1236.02ms
step:724/3300 train_loss:3.72355 train_time:894.889s step_avg:1236.03ms
step:725/3300 train_loss:3.72894 train_time:896.115s step_avg:1236.02ms
step:726/3300 train_loss:3.77268 train_time:897.341s step_avg:1236.01ms
step:727/3300 train_loss:3.72829 train_time:898.563s step_avg:1235.99ms
step:728/3300 train_loss:3.76078 train_time:899.810s step_avg:1236.00ms
step:729/3300 train_loss:3.79780 train_time:901.043s step_avg:1236.00ms
step:730/3300 train_loss:3.82161 train_time:902.273s step_avg:1235.99ms
step:731/3300 train_loss:3.78724 train_time:903.501s step_avg:1235.98ms
step:732/3300 train_loss:3.78712 train_time:904.732s step_avg:1235.97ms
step:733/3300 train_loss:3.78688 train_time:905.959s step_avg:1235.96ms
step:734/3300 train_loss:3.84840 train_time:907.179s step_avg:1235.94ms
step:735/3300 train_loss:3.76230 train_time:908.406s step_avg:1235.93ms
step:736/3300 train_loss:3.76303 train_time:909.640s step_avg:1235.92ms
step:737/3300 train_loss:3.79684 train_time:910.882s step_avg:1235.93ms
step:738/3300 train_loss:3.76687 train_time:912.115s step_avg:1235.93ms
step:739/3300 train_loss:3.77117 train_time:913.344s step_avg:1235.92ms
step:740/3300 train_loss:3.88089 train_time:914.585s step_avg:1235.93ms
step:741/3300 train_loss:3.75496 train_time:915.823s step_avg:1235.93ms
step:742/3300 train_loss:3.73087 train_time:917.043s step_avg:1235.91ms
step:743/3300 train_loss:3.77912 train_time:918.280s step_avg:1235.91ms
step:744/3300 train_loss:3.67722 train_time:919.510s step_avg:1235.90ms
step:745/3300 train_loss:3.73828 train_time:920.750s step_avg:1235.91ms
step:746/3300 train_loss:3.76817 train_time:921.984s step_avg:1235.90ms
step:747/3300 train_loss:3.73348 train_time:923.214s step_avg:1235.90ms
step:748/3300 train_loss:3.78090 train_time:924.452s step_avg:1235.90ms
step:749/3300 train_loss:3.70745 train_time:925.687s step_avg:1235.90ms
step:750/3300 train_loss:3.78362 train_time:926.919s step_avg:1235.89ms
step:750/3300 val_loss:3.73579 train_time:926.919s step_avg:1229.91ms
step:751/3300 train_loss:3.71316 train_time:928.144s step_avg:1235.88ms
step:752/3300 train_loss:3.75896 train_time:929.369s step_avg:1235.86ms
step:753/3300 train_loss:3.75668 train_time:930.591s step_avg:1235.84ms
step:754/3300 train_loss:3.83965 train_time:931.827s step_avg:1235.84ms
step:755/3300 train_loss:3.78606 train_time:933.052s step_avg:1235.83ms
step:756/3300 train_loss:3.84407 train_time:934.281s step_avg:1235.82ms
step:757/3300 train_loss:3.75683 train_time:935.514s step_avg:1235.82ms
step:758/3300 train_loss:3.76265 train_time:936.747s step_avg:1235.81ms
step:759/3300 train_loss:3.72029 train_time:937.977s step_avg:1235.81ms
step:760/3300 train_loss:3.77017 train_time:939.204s step_avg:1235.79ms
step:761/3300 train_loss:3.71453 train_time:940.461s step_avg:1235.82ms
step:762/3300 train_loss:3.70959 train_time:941.691s step_avg:1235.82ms
step:763/3300 train_loss:3.76807 train_time:942.916s step_avg:1235.80ms
step:764/3300 train_loss:3.72958 train_time:944.146s step_avg:1235.79ms
step:765/3300 train_loss:3.88901 train_time:945.370s step_avg:1235.78ms
step:766/3300 train_loss:3.83609 train_time:946.591s step_avg:1235.76ms
step:767/3300 train_loss:3.78176 train_time:947.810s step_avg:1235.74ms
step:768/3300 train_loss:3.82847 train_time:949.036s step_avg:1235.72ms
step:769/3300 train_loss:3.89687 train_time:950.262s step_avg:1235.71ms
step:770/3300 train_loss:3.74163 train_time:951.489s step_avg:1235.70ms
step:771/3300 train_loss:3.78904 train_time:952.735s step_avg:1235.71ms
step:772/3300 train_loss:3.71324 train_time:953.966s step_avg:1235.71ms
step:773/3300 train_loss:3.76091 train_time:955.189s step_avg:1235.69ms
step:774/3300 train_loss:3.76718 train_time:956.413s step_avg:1235.68ms
step:775/3300 train_loss:3.76626 train_time:957.646s step_avg:1235.67ms
step:776/3300 train_loss:3.69717 train_time:958.873s step_avg:1235.66ms
step:777/3300 train_loss:3.72576 train_time:960.103s step_avg:1235.65ms
step:778/3300 train_loss:3.77736 train_time:961.333s step_avg:1235.65ms
step:779/3300 train_loss:3.72834 train_time:962.576s step_avg:1235.66ms
step:780/3300 train_loss:3.74566 train_time:963.815s step_avg:1235.66ms
step:781/3300 train_loss:3.72827 train_time:965.042s step_avg:1235.65ms
step:782/3300 train_loss:3.74638 train_time:966.274s step_avg:1235.64ms
step:783/3300 train_loss:3.72159 train_time:967.507s step_avg:1235.64ms
step:784/3300 train_loss:3.73095 train_time:968.734s step_avg:1235.63ms
step:785/3300 train_loss:3.68098 train_time:969.959s step_avg:1235.62ms
step:786/3300 train_loss:3.74214 train_time:971.191s step_avg:1235.61ms
step:787/3300 train_loss:3.73968 train_time:972.419s step_avg:1235.60ms
step:788/3300 train_loss:3.71705 train_time:973.657s step_avg:1235.61ms
step:789/3300 train_loss:3.79948 train_time:974.887s step_avg:1235.60ms
step:790/3300 train_loss:3.74153 train_time:976.125s step_avg:1235.60ms
step:791/3300 train_loss:3.83333 train_time:977.362s step_avg:1235.60ms
step:792/3300 train_loss:3.79872 train_time:978.600s step_avg:1235.61ms
step:793/3300 train_loss:3.72793 train_time:979.832s step_avg:1235.60ms
step:794/3300 train_loss:4.06731 train_time:981.060s step_avg:1235.59ms
step:795/3300 train_loss:3.72905 train_time:982.296s step_avg:1235.59ms
step:796/3300 train_loss:3.75849 train_time:983.521s step_avg:1235.58ms
step:797/3300 train_loss:3.74614 train_time:984.751s step_avg:1235.57ms
step:798/3300 train_loss:3.80851 train_time:985.977s step_avg:1235.56ms
step:799/3300 train_loss:3.74931 train_time:987.215s step_avg:1235.56ms
step:800/3300 train_loss:3.74406 train_time:988.436s step_avg:1235.54ms
step:801/3300 train_loss:3.88637 train_time:989.660s step_avg:1235.53ms
step:802/3300 train_loss:3.71815 train_time:990.891s step_avg:1235.53ms
step:803/3300 train_loss:3.73802 train_time:992.118s step_avg:1235.51ms
step:804/3300 train_loss:3.73966 train_time:993.353s step_avg:1235.51ms
step:805/3300 train_loss:3.75321 train_time:994.587s step_avg:1235.51ms
step:806/3300 train_loss:3.74222 train_time:995.819s step_avg:1235.51ms
step:807/3300 train_loss:3.71640 train_time:997.076s step_avg:1235.53ms
step:808/3300 train_loss:3.74353 train_time:998.296s step_avg:1235.52ms
step:809/3300 train_loss:3.73485 train_time:999.520s step_avg:1235.50ms
step:810/3300 train_loss:3.74989 train_time:1000.751s step_avg:1235.49ms
step:811/3300 train_loss:3.74542 train_time:1001.980s step_avg:1235.49ms
step:812/3300 train_loss:3.83191 train_time:1003.212s step_avg:1235.48ms
step:813/3300 train_loss:3.80192 train_time:1004.443s step_avg:1235.48ms
step:814/3300 train_loss:3.72565 train_time:1005.673s step_avg:1235.47ms
step:815/3300 train_loss:3.75169 train_time:1006.896s step_avg:1235.46ms
step:816/3300 train_loss:3.72922 train_time:1008.124s step_avg:1235.45ms
step:817/3300 train_loss:3.76712 train_time:1009.353s step_avg:1235.44ms
step:818/3300 train_loss:3.69987 train_time:1010.575s step_avg:1235.42ms
step:819/3300 train_loss:3.69253 train_time:1011.799s step_avg:1235.41ms
step:820/3300 train_loss:3.70914 train_time:1013.033s step_avg:1235.41ms
step:821/3300 train_loss:3.74824 train_time:1014.263s step_avg:1235.40ms
step:822/3300 train_loss:3.67642 train_time:1015.492s step_avg:1235.39ms
step:823/3300 train_loss:3.66485 train_time:1016.724s step_avg:1235.39ms
step:824/3300 train_loss:3.72803 train_time:1017.954s step_avg:1235.38ms
step:825/3300 train_loss:3.63539 train_time:1019.174s step_avg:1235.36ms
step:826/3300 train_loss:3.68804 train_time:1020.398s step_avg:1235.35ms
step:827/3300 train_loss:3.72897 train_time:1021.624s step_avg:1235.34ms
step:828/3300 train_loss:3.70412 train_time:1022.866s step_avg:1235.35ms
step:829/3300 train_loss:3.75106 train_time:1024.097s step_avg:1235.34ms
step:830/3300 train_loss:3.77319 train_time:1025.315s step_avg:1235.32ms
step:831/3300 train_loss:3.82224 train_time:1026.548s step_avg:1235.32ms
step:832/3300 train_loss:3.73500 train_time:1027.779s step_avg:1235.31ms
step:833/3300 train_loss:3.71373 train_time:1029.000s step_avg:1235.29ms
step:834/3300 train_loss:3.71643 train_time:1030.224s step_avg:1235.28ms
step:835/3300 train_loss:3.68504 train_time:1031.462s step_avg:1235.28ms
step:836/3300 train_loss:3.71364 train_time:1032.695s step_avg:1235.28ms
step:837/3300 train_loss:3.69025 train_time:1033.921s step_avg:1235.27ms
step:838/3300 train_loss:3.76787 train_time:1035.149s step_avg:1235.26ms
step:839/3300 train_loss:3.72147 train_time:1036.379s step_avg:1235.25ms
step:840/3300 train_loss:3.70981 train_time:1037.604s step_avg:1235.24ms
step:841/3300 train_loss:3.73114 train_time:1038.835s step_avg:1235.24ms
step:842/3300 train_loss:3.68793 train_time:1040.065s step_avg:1235.23ms
step:843/3300 train_loss:3.71902 train_time:1041.290s step_avg:1235.22ms
step:844/3300 train_loss:3.74872 train_time:1042.523s step_avg:1235.22ms
step:845/3300 train_loss:3.73522 train_time:1043.757s step_avg:1235.22ms
step:846/3300 train_loss:3.71568 train_time:1044.984s step_avg:1235.21ms
step:847/3300 train_loss:3.70214 train_time:1046.213s step_avg:1235.20ms
step:848/3300 train_loss:3.75929 train_time:1047.443s step_avg:1235.19ms
step:849/3300 train_loss:3.70702 train_time:1048.671s step_avg:1235.18ms
step:850/3300 train_loss:3.78316 train_time:1049.898s step_avg:1235.17ms
step:851/3300 train_loss:3.71642 train_time:1051.140s step_avg:1235.18ms
step:852/3300 train_loss:3.72453 train_time:1052.387s step_avg:1235.20ms
step:853/3300 train_loss:3.72072 train_time:1053.622s step_avg:1235.20ms
step:854/3300 train_loss:3.68765 train_time:1054.837s step_avg:1235.17ms
step:855/3300 train_loss:3.73894 train_time:1056.062s step_avg:1235.16ms
step:856/3300 train_loss:3.76516 train_time:1057.285s step_avg:1235.15ms
step:857/3300 train_loss:3.67453 train_time:1058.514s step_avg:1235.14ms
step:858/3300 train_loss:3.69721 train_time:1059.744s step_avg:1235.13ms
step:859/3300 train_loss:3.71961 train_time:1060.973s step_avg:1235.13ms
step:860/3300 train_loss:3.69186 train_time:1062.201s step_avg:1235.12ms
step:861/3300 train_loss:3.69459 train_time:1063.434s step_avg:1235.12ms
step:862/3300 train_loss:3.66984 train_time:1064.668s step_avg:1235.11ms
step:863/3300 train_loss:3.72703 train_time:1065.898s step_avg:1235.11ms
step:864/3300 train_loss:3.72340 train_time:1067.159s step_avg:1235.14ms
step:865/3300 train_loss:3.82910 train_time:1068.392s step_avg:1235.14ms
step:866/3300 train_loss:3.75029 train_time:1069.621s step_avg:1235.13ms
step:867/3300 train_loss:3.69807 train_time:1070.841s step_avg:1235.11ms
step:868/3300 train_loss:3.65905 train_time:1072.064s step_avg:1235.10ms
step:869/3300 train_loss:3.68885 train_time:1073.296s step_avg:1235.09ms
step:870/3300 train_loss:3.72666 train_time:1074.526s step_avg:1235.09ms
step:871/3300 train_loss:3.69198 train_time:1075.754s step_avg:1235.08ms
step:872/3300 train_loss:3.74039 train_time:1076.986s step_avg:1235.08ms
step:873/3300 train_loss:3.70916 train_time:1078.223s step_avg:1235.08ms
step:874/3300 train_loss:3.66700 train_time:1079.447s step_avg:1235.06ms
step:875/3300 train_loss:3.69866 train_time:1080.677s step_avg:1235.06ms
step:875/3300 val_loss:3.69040 train_time:1080.677s step_avg:1230.06ms
step:876/3300 train_loss:3.74867 train_time:1081.903s step_avg:1235.05ms
step:877/3300 train_loss:3.69356 train_time:1083.123s step_avg:1235.03ms
step:878/3300 train_loss:3.75660 train_time:1084.352s step_avg:1235.03ms
step:879/3300 train_loss:3.70533 train_time:1085.588s step_avg:1235.03ms
step:880/3300 train_loss:3.67282 train_time:1086.806s step_avg:1235.01ms
step:881/3300 train_loss:3.69590 train_time:1088.026s step_avg:1234.99ms
step:882/3300 train_loss:3.71145 train_time:1089.250s step_avg:1234.98ms
step:883/3300 train_loss:3.71646 train_time:1090.480s step_avg:1234.97ms
step:884/3300 train_loss:3.70454 train_time:1091.707s step_avg:1234.96ms
step:885/3300 train_loss:3.67578 train_time:1092.928s step_avg:1234.95ms
step:886/3300 train_loss:3.70486 train_time:1094.150s step_avg:1234.93ms
step:887/3300 train_loss:3.82968 train_time:1095.384s step_avg:1234.93ms
step:888/3300 train_loss:3.71957 train_time:1096.613s step_avg:1234.92ms
step:889/3300 train_loss:3.65486 train_time:1097.843s step_avg:1234.92ms
step:890/3300 train_loss:3.63288 train_time:1099.073s step_avg:1234.91ms
step:891/3300 train_loss:3.69608 train_time:1100.305s step_avg:1234.91ms
step:892/3300 train_loss:3.73343 train_time:1101.527s step_avg:1234.90ms
step:893/3300 train_loss:3.63225 train_time:1102.747s step_avg:1234.88ms
step:894/3300 train_loss:3.72201 train_time:1103.968s step_avg:1234.86ms
step:895/3300 train_loss:3.71789 train_time:1105.192s step_avg:1234.85ms
step:896/3300 train_loss:3.71315 train_time:1106.422s step_avg:1234.85ms
step:897/3300 train_loss:3.70746 train_time:1107.650s step_avg:1234.84ms
step:898/3300 train_loss:3.74622 train_time:1108.874s step_avg:1234.83ms
step:899/3300 train_loss:3.70564 train_time:1110.108s step_avg:1234.83ms
step:900/3300 train_loss:3.64808 train_time:1111.335s step_avg:1234.82ms
step:901/3300 train_loss:3.69020 train_time:1112.565s step_avg:1234.81ms
step:902/3300 train_loss:3.99059 train_time:1113.793s step_avg:1234.80ms
step:903/3300 train_loss:3.68468 train_time:1115.016s step_avg:1234.79ms
step:904/3300 train_loss:3.69025 train_time:1116.245s step_avg:1234.78ms
step:905/3300 train_loss:3.74417 train_time:1117.472s step_avg:1234.78ms
step:906/3300 train_loss:3.74203 train_time:1118.695s step_avg:1234.76ms
step:907/3300 train_loss:3.67140 train_time:1119.928s step_avg:1234.76ms
step:908/3300 train_loss:3.73547 train_time:1121.155s step_avg:1234.75ms
step:909/3300 train_loss:3.83880 train_time:1122.383s step_avg:1234.74ms
step:910/3300 train_loss:3.66076 train_time:1123.616s step_avg:1234.74ms
step:911/3300 train_loss:3.71109 train_time:1124.853s step_avg:1234.74ms
step:912/3300 train_loss:3.66192 train_time:1126.080s step_avg:1234.74ms
step:913/3300 train_loss:3.69015 train_time:1127.307s step_avg:1234.73ms
step:914/3300 train_loss:3.76964 train_time:1128.539s step_avg:1234.73ms
step:915/3300 train_loss:3.71241 train_time:1129.773s step_avg:1234.72ms
step:916/3300 train_loss:3.79591 train_time:1131.004s step_avg:1234.72ms
step:917/3300 train_loss:3.69236 train_time:1132.233s step_avg:1234.71ms
step:918/3300 train_loss:3.84470 train_time:1133.470s step_avg:1234.72ms
step:919/3300 train_loss:3.70408 train_time:1134.695s step_avg:1234.71ms
step:920/3300 train_loss:3.74045 train_time:1135.929s step_avg:1234.71ms
step:921/3300 train_loss:3.65551 train_time:1137.154s step_avg:1234.70ms
step:922/3300 train_loss:3.68050 train_time:1138.379s step_avg:1234.68ms
step:923/3300 train_loss:3.65707 train_time:1139.615s step_avg:1234.69ms
step:924/3300 train_loss:3.70666 train_time:1140.844s step_avg:1234.68ms
step:925/3300 train_loss:3.70299 train_time:1142.075s step_avg:1234.68ms
step:926/3300 train_loss:3.72874 train_time:1143.298s step_avg:1234.66ms
step:927/3300 train_loss:3.66616 train_time:1144.528s step_avg:1234.66ms
step:928/3300 train_loss:3.68855 train_time:1145.759s step_avg:1234.65ms
step:929/3300 train_loss:3.81311 train_time:1146.988s step_avg:1234.65ms
step:930/3300 train_loss:3.66747 train_time:1148.214s step_avg:1234.64ms
step:931/3300 train_loss:3.66738 train_time:1149.442s step_avg:1234.63ms
step:932/3300 train_loss:3.83014 train_time:1150.673s step_avg:1234.63ms
step:933/3300 train_loss:3.66199 train_time:1151.898s step_avg:1234.62ms
step:934/3300 train_loss:3.79486 train_time:1153.129s step_avg:1234.61ms
step:935/3300 train_loss:3.73007 train_time:1154.364s step_avg:1234.61ms
step:936/3300 train_loss:3.69118 train_time:1155.603s step_avg:1234.62ms
step:937/3300 train_loss:3.64115 train_time:1156.840s step_avg:1234.62ms
step:938/3300 train_loss:3.70836 train_time:1158.072s step_avg:1234.62ms
step:939/3300 train_loss:3.67101 train_time:1159.297s step_avg:1234.61ms
step:940/3300 train_loss:3.65024 train_time:1160.521s step_avg:1234.60ms
step:941/3300 train_loss:3.77548 train_time:1161.758s step_avg:1234.60ms
step:942/3300 train_loss:3.66871 train_time:1162.993s step_avg:1234.60ms
step:943/3300 train_loss:3.73562 train_time:1164.225s step_avg:1234.60ms
step:944/3300 train_loss:3.72368 train_time:1165.463s step_avg:1234.60ms
step:945/3300 train_loss:3.69354 train_time:1166.694s step_avg:1234.60ms
step:946/3300 train_loss:3.86525 train_time:1167.918s step_avg:1234.59ms
step:947/3300 train_loss:3.73166 train_time:1169.147s step_avg:1234.58ms
step:948/3300 train_loss:3.66889 train_time:1170.376s step_avg:1234.57ms
step:949/3300 train_loss:3.69168 train_time:1171.600s step_avg:1234.56ms
step:950/3300 train_loss:3.69494 train_time:1172.827s step_avg:1234.56ms
step:951/3300 train_loss:3.66984 train_time:1174.090s step_avg:1234.58ms
step:952/3300 train_loss:3.73428 train_time:1175.324s step_avg:1234.58ms
step:953/3300 train_loss:3.65850 train_time:1176.554s step_avg:1234.58ms
step:954/3300 train_loss:3.69307 train_time:1177.775s step_avg:1234.56ms
step:955/3300 train_loss:3.71648 train_time:1179.033s step_avg:1234.59ms
step:956/3300 train_loss:3.70443 train_time:1180.258s step_avg:1234.58ms
step:957/3300 train_loss:3.77147 train_time:1181.486s step_avg:1234.57ms
step:958/3300 train_loss:3.73254 train_time:1182.714s step_avg:1234.57ms
step:959/3300 train_loss:3.73103 train_time:1183.941s step_avg:1234.56ms
step:960/3300 train_loss:3.65551 train_time:1185.175s step_avg:1234.56ms
step:961/3300 train_loss:3.68701 train_time:1186.404s step_avg:1234.55ms
step:962/3300 train_loss:3.66612 train_time:1187.634s step_avg:1234.55ms
step:963/3300 train_loss:3.66851 train_time:1188.875s step_avg:1234.55ms
step:964/3300 train_loss:3.65469 train_time:1190.097s step_avg:1234.54ms
step:965/3300 train_loss:3.69742 train_time:1191.321s step_avg:1234.53ms
step:966/3300 train_loss:3.70335 train_time:1192.546s step_avg:1234.52ms
step:967/3300 train_loss:3.71143 train_time:1193.779s step_avg:1234.52ms
step:968/3300 train_loss:3.68605 train_time:1195.010s step_avg:1234.51ms
step:969/3300 train_loss:3.66733 train_time:1196.239s step_avg:1234.51ms
step:970/3300 train_loss:3.66830 train_time:1197.462s step_avg:1234.50ms
step:971/3300 train_loss:3.65708 train_time:1198.692s step_avg:1234.49ms
step:972/3300 train_loss:3.67916 train_time:1199.921s step_avg:1234.49ms
step:973/3300 train_loss:3.74290 train_time:1201.153s step_avg:1234.48ms
step:974/3300 train_loss:3.67946 train_time:1202.380s step_avg:1234.48ms
step:975/3300 train_loss:3.71952 train_time:1203.605s step_avg:1234.47ms
step:976/3300 train_loss:3.69387 train_time:1204.856s step_avg:1234.48ms
step:977/3300 train_loss:3.66588 train_time:1206.088s step_avg:1234.48ms
step:978/3300 train_loss:3.63546 train_time:1207.314s step_avg:1234.47ms
step:979/3300 train_loss:3.70383 train_time:1208.550s step_avg:1234.47ms
step:980/3300 train_loss:3.67253 train_time:1209.787s step_avg:1234.48ms
step:981/3300 train_loss:3.69844 train_time:1211.024s step_avg:1234.48ms
step:982/3300 train_loss:3.69981 train_time:1212.253s step_avg:1234.47ms
step:983/3300 train_loss:3.68287 train_time:1213.482s step_avg:1234.47ms
step:984/3300 train_loss:3.76260 train_time:1214.704s step_avg:1234.46ms
step:985/3300 train_loss:3.74349 train_time:1215.932s step_avg:1234.45ms
step:986/3300 train_loss:3.67318 train_time:1217.159s step_avg:1234.44ms
step:987/3300 train_loss:3.69926 train_time:1218.385s step_avg:1234.43ms
step:988/3300 train_loss:3.62269 train_time:1219.615s step_avg:1234.43ms
step:989/3300 train_loss:3.65871 train_time:1220.840s step_avg:1234.42ms
step:990/3300 train_loss:3.67488 train_time:1222.065s step_avg:1234.41ms
step:991/3300 train_loss:3.67607 train_time:1223.297s step_avg:1234.41ms
step:992/3300 train_loss:3.67117 train_time:1224.526s step_avg:1234.40ms
step:993/3300 train_loss:3.66453 train_time:1225.757s step_avg:1234.40ms
step:994/3300 train_loss:3.64341 train_time:1226.977s step_avg:1234.38ms
step:995/3300 train_loss:3.72735 train_time:1228.201s step_avg:1234.37ms
step:996/3300 train_loss:3.63263 train_time:1229.425s step_avg:1234.36ms
step:997/3300 train_loss:3.68474 train_time:1230.656s step_avg:1234.36ms
step:998/3300 train_loss:3.70579 train_time:1231.880s step_avg:1234.35ms
step:999/3300 train_loss:3.71029 train_time:1233.101s step_avg:1234.34ms
step:1000/3300 train_loss:3.70929 train_time:1234.331s step_avg:1234.33ms
step:1000/3300 val_loss:3.65219 train_time:1234.331s step_avg:1229.23ms
step:1001/3300 train_loss:3.62868 train_time:1235.566s step_avg:1234.33ms
step:1002/3300 train_loss:3.69097 train_time:1236.808s step_avg:1234.34ms
step:1003/3300 train_loss:3.69724 train_time:1238.040s step_avg:1234.34ms
step:1004/3300 train_loss:3.70945 train_time:1239.274s step_avg:1234.34ms
step:1005/3300 train_loss:3.67907 train_time:1240.502s step_avg:1234.33ms
step:1006/3300 train_loss:3.63012 train_time:1241.734s step_avg:1234.33ms
step:1007/3300 train_loss:3.70943 train_time:1242.960s step_avg:1234.32ms
step:1008/3300 train_loss:3.73078 train_time:1244.189s step_avg:1234.31ms
step:1009/3300 train_loss:3.72730 train_time:1245.430s step_avg:1234.32ms
step:1010/3300 train_loss:3.65234 train_time:1246.663s step_avg:1234.32ms
step:1011/3300 train_loss:3.69033 train_time:1247.897s step_avg:1234.32ms
step:1012/3300 train_loss:3.59600 train_time:1249.123s step_avg:1234.31ms
step:1013/3300 train_loss:3.68447 train_time:1250.354s step_avg:1234.31ms
step:1014/3300 train_loss:3.69830 train_time:1251.580s step_avg:1234.30ms
step:1015/3300 train_loss:3.66280 train_time:1252.810s step_avg:1234.30ms
step:1016/3300 train_loss:3.68119 train_time:1254.041s step_avg:1234.29ms
step:1017/3300 train_loss:3.65183 train_time:1255.263s step_avg:1234.28ms
step:1018/3300 train_loss:3.67693 train_time:1256.497s step_avg:1234.28ms
step:1019/3300 train_loss:3.68903 train_time:1257.724s step_avg:1234.27ms
step:1020/3300 train_loss:3.68934 train_time:1258.949s step_avg:1234.26ms
step:1021/3300 train_loss:3.68181 train_time:1260.177s step_avg:1234.26ms
step:1022/3300 train_loss:3.69867 train_time:1261.404s step_avg:1234.25ms
step:1023/3300 train_loss:3.68261 train_time:1262.636s step_avg:1234.25ms
step:1024/3300 train_loss:3.68832 train_time:1263.862s step_avg:1234.24ms
step:1025/3300 train_loss:3.65231 train_time:1265.092s step_avg:1234.24ms
step:1026/3300 train_loss:3.67116 train_time:1266.322s step_avg:1234.23ms
step:1027/3300 train_loss:3.66702 train_time:1267.557s step_avg:1234.23ms
step:1028/3300 train_loss:3.67750 train_time:1268.782s step_avg:1234.22ms
step:1029/3300 train_loss:3.73721 train_time:1270.002s step_avg:1234.21ms
step:1030/3300 train_loss:3.66968 train_time:1271.234s step_avg:1234.21ms
step:1031/3300 train_loss:3.63551 train_time:1272.478s step_avg:1234.22ms
step:1032/3300 train_loss:3.69229 train_time:1273.701s step_avg:1234.21ms
step:1033/3300 train_loss:3.67885 train_time:1274.922s step_avg:1234.19ms
step:1034/3300 train_loss:3.66101 train_time:1276.149s step_avg:1234.19ms
step:1035/3300 train_loss:3.65822 train_time:1277.386s step_avg:1234.19ms
step:1036/3300 train_loss:3.88590 train_time:1278.615s step_avg:1234.18ms
step:1037/3300 train_loss:3.68132 train_time:1279.845s step_avg:1234.18ms
step:1038/3300 train_loss:3.68296 train_time:1281.073s step_avg:1234.17ms
step:1039/3300 train_loss:3.69013 train_time:1282.311s step_avg:1234.18ms
step:1040/3300 train_loss:3.65498 train_time:1283.540s step_avg:1234.17ms
step:1041/3300 train_loss:3.65350 train_time:1284.766s step_avg:1234.17ms
step:1042/3300 train_loss:3.71364 train_time:1285.997s step_avg:1234.16ms
step:1043/3300 train_loss:3.67675 train_time:1287.227s step_avg:1234.16ms
step:1044/3300 train_loss:3.59558 train_time:1288.448s step_avg:1234.15ms
step:1045/3300 train_loss:3.66912 train_time:1289.676s step_avg:1234.14ms
step:1046/3300 train_loss:3.66997 train_time:1290.909s step_avg:1234.14ms
step:1047/3300 train_loss:3.74674 train_time:1292.145s step_avg:1234.14ms
step:1048/3300 train_loss:3.63818 train_time:1293.377s step_avg:1234.14ms
step:1049/3300 train_loss:3.62414 train_time:1294.603s step_avg:1234.13ms
step:1050/3300 train_loss:3.76231 train_time:1295.844s step_avg:1234.14ms
step:1051/3300 train_loss:3.66705 train_time:1297.070s step_avg:1234.13ms
step:1052/3300 train_loss:3.64832 train_time:1298.304s step_avg:1234.13ms
step:1053/3300 train_loss:3.68130 train_time:1299.535s step_avg:1234.13ms
step:1054/3300 train_loss:3.60163 train_time:1300.763s step_avg:1234.12ms
step:1055/3300 train_loss:3.62553 train_time:1301.998s step_avg:1234.12ms
step:1056/3300 train_loss:3.62349 train_time:1303.228s step_avg:1234.12ms
step:1057/3300 train_loss:3.66928 train_time:1304.457s step_avg:1234.11ms
step:1058/3300 train_loss:3.65786 train_time:1305.688s step_avg:1234.11ms
step:1059/3300 train_loss:3.69678 train_time:1306.923s step_avg:1234.11ms
step:1060/3300 train_loss:3.58453 train_time:1308.141s step_avg:1234.10ms
step:1061/3300 train_loss:3.72336 train_time:1309.366s step_avg:1234.09ms
step:1062/3300 train_loss:3.65475 train_time:1310.591s step_avg:1234.08ms
step:1063/3300 train_loss:3.62462 train_time:1311.832s step_avg:1234.08ms
step:1064/3300 train_loss:3.68226 train_time:1313.065s step_avg:1234.08ms
step:1065/3300 train_loss:3.61304 train_time:1314.295s step_avg:1234.08ms
step:1066/3300 train_loss:3.64852 train_time:1315.522s step_avg:1234.07ms
step:1067/3300 train_loss:3.66064 train_time:1316.750s step_avg:1234.07ms
step:1068/3300 train_loss:3.67534 train_time:1317.983s step_avg:1234.07ms
step:1069/3300 train_loss:3.66082 train_time:1319.208s step_avg:1234.06ms
step:1070/3300 train_loss:3.67420 train_time:1320.427s step_avg:1234.04ms
step:1071/3300 train_loss:3.59592 train_time:1321.685s step_avg:1234.07ms
step:1072/3300 train_loss:3.68767 train_time:1322.928s step_avg:1234.08ms
step:1073/3300 train_loss:3.58102 train_time:1324.150s step_avg:1234.06ms
step:1074/3300 train_loss:3.67671 train_time:1325.379s step_avg:1234.06ms
step:1075/3300 train_loss:3.64246 train_time:1326.611s step_avg:1234.06ms
step:1076/3300 train_loss:3.71597 train_time:1327.846s step_avg:1234.06ms
step:1077/3300 train_loss:3.68159 train_time:1329.073s step_avg:1234.05ms
step:1078/3300 train_loss:3.62057 train_time:1330.303s step_avg:1234.05ms
step:1079/3300 train_loss:3.65548 train_time:1331.536s step_avg:1234.05ms
step:1080/3300 train_loss:3.65144 train_time:1332.774s step_avg:1234.05ms
step:1081/3300 train_loss:3.63006 train_time:1334.014s step_avg:1234.06ms
step:1082/3300 train_loss:3.62877 train_time:1335.252s step_avg:1234.06ms
step:1083/3300 train_loss:3.66355 train_time:1336.495s step_avg:1234.07ms
step:1084/3300 train_loss:3.63568 train_time:1337.738s step_avg:1234.08ms
step:1085/3300 train_loss:3.64980 train_time:1338.972s step_avg:1234.08ms
step:1086/3300 train_loss:3.66212 train_time:1340.207s step_avg:1234.08ms
step:1087/3300 train_loss:3.63584 train_time:1341.431s step_avg:1234.07ms
step:1088/3300 train_loss:3.62292 train_time:1342.672s step_avg:1234.07ms
step:1089/3300 train_loss:3.61129 train_time:1343.913s step_avg:1234.08ms
step:1090/3300 train_loss:3.67028 train_time:1345.152s step_avg:1234.08ms
step:1091/3300 train_loss:3.64389 train_time:1346.390s step_avg:1234.09ms
step:1092/3300 train_loss:3.60327 train_time:1347.631s step_avg:1234.09ms
step:1093/3300 train_loss:3.65080 train_time:1348.854s step_avg:1234.08ms
step:1094/3300 train_loss:3.68288 train_time:1350.091s step_avg:1234.09ms
step:1095/3300 train_loss:3.58827 train_time:1351.331s step_avg:1234.09ms
step:1096/3300 train_loss:3.62098 train_time:1352.555s step_avg:1234.08ms
step:1097/3300 train_loss:3.68292 train_time:1353.789s step_avg:1234.08ms
step:1098/3300 train_loss:3.68834 train_time:1355.011s step_avg:1234.07ms
step:1099/3300 train_loss:3.68732 train_time:1356.255s step_avg:1234.08ms
step:1100/3300 train_loss:3.66378 train_time:1357.493s step_avg:1234.08ms
step:1101/3300 train_loss:3.66546 train_time:1358.721s step_avg:1234.08ms
step:1102/3300 train_loss:3.66388 train_time:1359.947s step_avg:1234.07ms
step:1103/3300 train_loss:3.65735 train_time:1361.173s step_avg:1234.06ms
step:1104/3300 train_loss:3.71161 train_time:1362.408s step_avg:1234.07ms
step:1105/3300 train_loss:3.76151 train_time:1363.628s step_avg:1234.05ms
step:1106/3300 train_loss:3.68358 train_time:1364.847s step_avg:1234.04ms
step:1107/3300 train_loss:3.68016 train_time:1366.074s step_avg:1234.03ms
step:1108/3300 train_loss:3.62696 train_time:1367.314s step_avg:1234.04ms
step:1109/3300 train_loss:3.64139 train_time:1368.546s step_avg:1234.04ms
step:1110/3300 train_loss:3.59617 train_time:1369.771s step_avg:1234.03ms
step:1111/3300 train_loss:3.55366 train_time:1370.995s step_avg:1234.02ms
step:1112/3300 train_loss:3.59153 train_time:1372.242s step_avg:1234.03ms
step:1113/3300 train_loss:3.69596 train_time:1373.473s step_avg:1234.03ms
step:1114/3300 train_loss:3.66240 train_time:1374.705s step_avg:1234.03ms
step:1115/3300 train_loss:3.68800 train_time:1375.935s step_avg:1234.02ms
step:1116/3300 train_loss:3.70428 train_time:1377.167s step_avg:1234.02ms
step:1117/3300 train_loss:3.71387 train_time:1378.393s step_avg:1234.01ms
step:1118/3300 train_loss:3.63763 train_time:1379.621s step_avg:1234.01ms
step:1119/3300 train_loss:3.62992 train_time:1380.848s step_avg:1234.00ms
step:1120/3300 train_loss:3.72686 train_time:1382.093s step_avg:1234.01ms
step:1121/3300 train_loss:3.65817 train_time:1383.331s step_avg:1234.02ms
step:1122/3300 train_loss:3.59351 train_time:1384.550s step_avg:1234.00ms
step:1123/3300 train_loss:3.62019 train_time:1385.773s step_avg:1233.99ms
step:1124/3300 train_loss:3.63805 train_time:1386.993s step_avg:1233.98ms
step:1125/3300 train_loss:3.65811 train_time:1388.222s step_avg:1233.98ms
step:1125/3300 val_loss:3.62213 train_time:1388.222s step_avg:1231.13ms
step:1126/3300 train_loss:3.60464 train_time:1389.445s step_avg:1233.97ms
step:1127/3300 train_loss:3.69199 train_time:1390.675s step_avg:1233.96ms
step:1128/3300 train_loss:3.63798 train_time:1391.903s step_avg:1233.96ms
step:1129/3300 train_loss:3.63582 train_time:1393.132s step_avg:1233.95ms
step:1130/3300 train_loss:3.62061 train_time:1394.352s step_avg:1233.94ms
step:1131/3300 train_loss:3.64312 train_time:1395.579s step_avg:1233.93ms
step:1132/3300 train_loss:3.63685 train_time:1396.820s step_avg:1233.94ms
step:1133/3300 train_loss:3.69222 train_time:1398.079s step_avg:1233.96ms
step:1134/3300 train_loss:3.65415 train_time:1399.314s step_avg:1233.96ms
step:1135/3300 train_loss:3.68196 train_time:1400.537s step_avg:1233.95ms
step:1136/3300 train_loss:3.62030 train_time:1401.768s step_avg:1233.95ms
step:1137/3300 train_loss:3.73226 train_time:1403.013s step_avg:1233.96ms
step:1138/3300 train_loss:3.60903 train_time:1404.246s step_avg:1233.96ms
step:1139/3300 train_loss:3.65021 train_time:1405.490s step_avg:1233.97ms
step:1140/3300 train_loss:3.63285 train_time:1406.728s step_avg:1233.97ms
step:1141/3300 train_loss:3.69594 train_time:1408.004s step_avg:1234.01ms
step:1142/3300 train_loss:3.64136 train_time:1409.244s step_avg:1234.01ms
step:1143/3300 train_loss:3.61653 train_time:1410.481s step_avg:1234.02ms
step:1144/3300 train_loss:3.62521 train_time:1411.717s step_avg:1234.02ms
step:1145/3300 train_loss:3.67137 train_time:1412.953s step_avg:1234.02ms
step:1146/3300 train_loss:3.72157 train_time:1414.211s step_avg:1234.04ms
step:1147/3300 train_loss:3.66764 train_time:1415.447s step_avg:1234.04ms
step:1148/3300 train_loss:3.70389 train_time:1416.684s step_avg:1234.05ms
step:1149/3300 train_loss:3.61062 train_time:1417.918s step_avg:1234.05ms
step:1150/3300 train_loss:3.59669 train_time:1419.147s step_avg:1234.04ms
step:1151/3300 train_loss:3.61749 train_time:1420.402s step_avg:1234.06ms
step:1152/3300 train_loss:3.70104 train_time:1421.645s step_avg:1234.07ms
step:1153/3300 train_loss:3.60287 train_time:1422.879s step_avg:1234.07ms
step:1154/3300 train_loss:3.63827 train_time:1424.117s step_avg:1234.07ms
step:1155/3300 train_loss:3.67842 train_time:1425.355s step_avg:1234.07ms
step:1156/3300 train_loss:3.66798 train_time:1426.591s step_avg:1234.07ms
step:1157/3300 train_loss:3.63381 train_time:1427.829s step_avg:1234.08ms
step:1158/3300 train_loss:3.68307 train_time:1429.068s step_avg:1234.08ms
step:1159/3300 train_loss:3.63776 train_time:1430.318s step_avg:1234.10ms
step:1160/3300 train_loss:3.61134 train_time:1431.555s step_avg:1234.10ms
step:1161/3300 train_loss:3.55484 train_time:1432.777s step_avg:1234.09ms
step:1162/3300 train_loss:3.65810 train_time:1434.011s step_avg:1234.09ms
step:1163/3300 train_loss:3.62170 train_time:1435.245s step_avg:1234.09ms
step:1164/3300 train_loss:3.59604 train_time:1436.482s step_avg:1234.09ms
step:1165/3300 train_loss:3.63069 train_time:1437.716s step_avg:1234.09ms
step:1166/3300 train_loss:3.64127 train_time:1438.955s step_avg:1234.10ms
step:1167/3300 train_loss:3.65475 train_time:1440.191s step_avg:1234.10ms
step:1168/3300 train_loss:3.64831 train_time:1441.429s step_avg:1234.10ms
step:1169/3300 train_loss:3.59557 train_time:1442.670s step_avg:1234.11ms
step:1170/3300 train_loss:3.66223 train_time:1443.909s step_avg:1234.11ms
step:1171/3300 train_loss:3.56791 train_time:1445.143s step_avg:1234.11ms
step:1172/3300 train_loss:3.62082 train_time:1446.377s step_avg:1234.11ms
step:1173/3300 train_loss:3.77540 train_time:1447.605s step_avg:1234.11ms
step:1174/3300 train_loss:3.59987 train_time:1448.838s step_avg:1234.10ms
step:1175/3300 train_loss:3.61432 train_time:1450.073s step_avg:1234.10ms
step:1176/3300 train_loss:3.57980 train_time:1451.301s step_avg:1234.10ms
step:1177/3300 train_loss:3.63246 train_time:1452.533s step_avg:1234.10ms
step:1178/3300 train_loss:3.61152 train_time:1453.763s step_avg:1234.09ms
step:1179/3300 train_loss:3.69984 train_time:1454.997s step_avg:1234.09ms
step:1180/3300 train_loss:3.61569 train_time:1456.226s step_avg:1234.09ms
step:1181/3300 train_loss:3.58903 train_time:1457.455s step_avg:1234.09ms
step:1182/3300 train_loss:3.62968 train_time:1458.679s step_avg:1234.08ms
step:1183/3300 train_loss:3.61211 train_time:1459.908s step_avg:1234.07ms
step:1184/3300 train_loss:3.59937 train_time:1461.140s step_avg:1234.07ms
step:1185/3300 train_loss:3.64884 train_time:1462.370s step_avg:1234.07ms
step:1186/3300 train_loss:3.56332 train_time:1463.602s step_avg:1234.07ms
step:1187/3300 train_loss:3.65147 train_time:1464.841s step_avg:1234.07ms
step:1188/3300 train_loss:3.63432 train_time:1466.064s step_avg:1234.06ms
step:1189/3300 train_loss:3.63379 train_time:1467.294s step_avg:1234.06ms
step:1190/3300 train_loss:3.63635 train_time:1468.522s step_avg:1234.05ms
step:1191/3300 train_loss:3.75571 train_time:1469.758s step_avg:1234.05ms
step:1192/3300 train_loss:3.70314 train_time:1470.984s step_avg:1234.05ms
step:1193/3300 train_loss:3.59668 train_time:1472.211s step_avg:1234.04ms
step:1194/3300 train_loss:3.63251 train_time:1473.444s step_avg:1234.04ms
step:1195/3300 train_loss:3.61803 train_time:1474.680s step_avg:1234.04ms
step:1196/3300 train_loss:3.62039 train_time:1475.904s step_avg:1234.03ms
step:1197/3300 train_loss:3.70300 train_time:1477.125s step_avg:1234.02ms
step:1198/3300 train_loss:3.64560 train_time:1478.355s step_avg:1234.02ms
step:1199/3300 train_loss:3.59920 train_time:1479.587s step_avg:1234.02ms
step:1200/3300 train_loss:3.60378 train_time:1480.822s step_avg:1234.02ms
step:1201/3300 train_loss:3.64430 train_time:1482.052s step_avg:1234.02ms
step:1202/3300 train_loss:3.64816 train_time:1483.286s step_avg:1234.02ms
step:1203/3300 train_loss:3.58273 train_time:1484.518s step_avg:1234.01ms
step:1204/3300 train_loss:3.64256 train_time:1485.745s step_avg:1234.01ms
step:1205/3300 train_loss:3.64075 train_time:1486.972s step_avg:1234.00ms
step:1206/3300 train_loss:3.56715 train_time:1488.204s step_avg:1234.00ms
step:1207/3300 train_loss:3.67048 train_time:1489.446s step_avg:1234.01ms
step:1208/3300 train_loss:3.61050 train_time:1490.677s step_avg:1234.00ms
step:1209/3300 train_loss:3.61384 train_time:1491.907s step_avg:1234.00ms
step:1210/3300 train_loss:3.59643 train_time:1493.143s step_avg:1234.00ms
step:1211/3300 train_loss:3.66053 train_time:1494.370s step_avg:1234.00ms
step:1212/3300 train_loss:3.58305 train_time:1495.602s step_avg:1234.00ms
step:1213/3300 train_loss:3.60823 train_time:1496.828s step_avg:1233.99ms
step:1214/3300 train_loss:3.57467 train_time:1498.057s step_avg:1233.98ms
step:1215/3300 train_loss:3.61167 train_time:1499.284s step_avg:1233.98ms
step:1216/3300 train_loss:3.59507 train_time:1500.509s step_avg:1233.97ms
step:1217/3300 train_loss:3.58789 train_time:1501.737s step_avg:1233.97ms
step:1218/3300 train_loss:3.59968 train_time:1502.969s step_avg:1233.96ms
step:1219/3300 train_loss:3.69485 train_time:1504.199s step_avg:1233.96ms
step:1220/3300 train_loss:3.64480 train_time:1505.425s step_avg:1233.95ms
step:1221/3300 train_loss:3.59702 train_time:1506.648s step_avg:1233.95ms
step:1222/3300 train_loss:3.65238 train_time:1507.874s step_avg:1233.94ms
step:1223/3300 train_loss:3.60299 train_time:1509.104s step_avg:1233.94ms
step:1224/3300 train_loss:3.62050 train_time:1510.330s step_avg:1233.93ms
step:1225/3300 train_loss:3.57541 train_time:1511.557s step_avg:1233.92ms
step:1226/3300 train_loss:3.62366 train_time:1512.783s step_avg:1233.92ms
step:1227/3300 train_loss:3.60960 train_time:1514.005s step_avg:1233.91ms
step:1228/3300 train_loss:3.59213 train_time:1515.229s step_avg:1233.90ms
step:1229/3300 train_loss:3.60951 train_time:1516.458s step_avg:1233.90ms
step:1230/3300 train_loss:3.58091 train_time:1517.687s step_avg:1233.89ms
step:1231/3300 train_loss:3.66072 train_time:1518.909s step_avg:1233.88ms
step:1232/3300 train_loss:3.61540 train_time:1520.154s step_avg:1233.89ms
step:1233/3300 train_loss:3.57832 train_time:1521.383s step_avg:1233.89ms
step:1234/3300 train_loss:3.64816 train_time:1522.606s step_avg:1233.88ms
step:1235/3300 train_loss:3.61150 train_time:1523.828s step_avg:1233.87ms
step:1236/3300 train_loss:3.62105 train_time:1525.062s step_avg:1233.87ms
step:1237/3300 train_loss:3.57517 train_time:1526.291s step_avg:1233.86ms
step:1238/3300 train_loss:3.56707 train_time:1527.522s step_avg:1233.86ms
step:1239/3300 train_loss:3.63275 train_time:1528.747s step_avg:1233.86ms
step:1240/3300 train_loss:3.56262 train_time:1529.975s step_avg:1233.85ms
step:1241/3300 train_loss:3.67905 train_time:1531.204s step_avg:1233.85ms
step:1242/3300 train_loss:3.69657 train_time:1532.424s step_avg:1233.84ms
step:1243/3300 train_loss:3.63333 train_time:1533.654s step_avg:1233.83ms
step:1244/3300 train_loss:3.59807 train_time:1534.887s step_avg:1233.83ms
step:1245/3300 train_loss:3.62161 train_time:1536.114s step_avg:1233.83ms
step:1246/3300 train_loss:3.56499 train_time:1537.343s step_avg:1233.82ms
step:1247/3300 train_loss:3.57406 train_time:1538.574s step_avg:1233.82ms
step:1248/3300 train_loss:3.63790 train_time:1539.807s step_avg:1233.82ms
step:1249/3300 train_loss:3.60102 train_time:1541.028s step_avg:1233.81ms
step:1250/3300 train_loss:3.54428 train_time:1542.255s step_avg:1233.80ms
step:1250/3300 val_loss:3.58796 train_time:1542.255s step_avg:1232.26ms
step:1251/3300 train_loss:3.58042 train_time:1543.497s step_avg:1233.81ms
step:1252/3300 train_loss:3.59206 train_time:1544.729s step_avg:1233.81ms
step:1253/3300 train_loss:3.62040 train_time:1545.970s step_avg:1233.82ms
step:1254/3300 train_loss:3.63035 train_time:1547.204s step_avg:1233.82ms
step:1255/3300 train_loss:3.62469 train_time:1548.438s step_avg:1233.81ms
step:1256/3300 train_loss:3.61232 train_time:1549.663s step_avg:1233.81ms
step:1257/3300 train_loss:3.57428 train_time:1550.912s step_avg:1233.82ms
step:1258/3300 train_loss:3.79349 train_time:1552.147s step_avg:1233.82ms
step:1259/3300 train_loss:3.62057 train_time:1553.378s step_avg:1233.82ms
step:1260/3300 train_loss:3.57776 train_time:1554.603s step_avg:1233.81ms
step:1261/3300 train_loss:3.60798 train_time:1555.826s step_avg:1233.80ms
step:1262/3300 train_loss:3.63215 train_time:1557.060s step_avg:1233.80ms
step:1263/3300 train_loss:3.60607 train_time:1558.282s step_avg:1233.79ms
step:1264/3300 train_loss:3.58947 train_time:1559.502s step_avg:1233.78ms
step:1265/3300 train_loss:3.61795 train_time:1560.722s step_avg:1233.77ms
step:1266/3300 train_loss:3.59970 train_time:1561.951s step_avg:1233.77ms
step:1267/3300 train_loss:3.53365 train_time:1563.180s step_avg:1233.76ms
step:1268/3300 train_loss:3.55980 train_time:1564.401s step_avg:1233.75ms
step:1269/3300 train_loss:3.58022 train_time:1565.627s step_avg:1233.75ms
step:1270/3300 train_loss:3.62574 train_time:1566.860s step_avg:1233.75ms
step:1271/3300 train_loss:3.58974 train_time:1568.087s step_avg:1233.74ms
step:1272/3300 train_loss:3.62023 train_time:1569.318s step_avg:1233.74ms
step:1273/3300 train_loss:3.62861 train_time:1570.549s step_avg:1233.74ms
step:1274/3300 train_loss:3.63796 train_time:1571.783s step_avg:1233.74ms
step:1275/3300 train_loss:3.55739 train_time:1573.006s step_avg:1233.73ms
step:1276/3300 train_loss:3.62378 train_time:1574.234s step_avg:1233.73ms
step:1277/3300 train_loss:3.57038 train_time:1575.469s step_avg:1233.73ms
step:1278/3300 train_loss:3.64061 train_time:1576.698s step_avg:1233.72ms
step:1279/3300 train_loss:3.58999 train_time:1577.928s step_avg:1233.72ms
step:1280/3300 train_loss:3.64412 train_time:1579.159s step_avg:1233.72ms
step:1281/3300 train_loss:3.61012 train_time:1580.391s step_avg:1233.72ms
step:1282/3300 train_loss:3.64913 train_time:1581.626s step_avg:1233.72ms
step:1283/3300 train_loss:3.53880 train_time:1582.855s step_avg:1233.71ms
step:1284/3300 train_loss:3.57892 train_time:1584.083s step_avg:1233.71ms
step:1285/3300 train_loss:3.59855 train_time:1585.322s step_avg:1233.71ms
step:1286/3300 train_loss:3.69751 train_time:1586.555s step_avg:1233.71ms
step:1287/3300 train_loss:3.61593 train_time:1587.787s step_avg:1233.71ms
step:1288/3300 train_loss:3.60112 train_time:1589.008s step_avg:1233.70ms
step:1289/3300 train_loss:3.57209 train_time:1590.238s step_avg:1233.70ms
step:1290/3300 train_loss:3.57632 train_time:1591.468s step_avg:1233.70ms
step:1291/3300 train_loss:3.59223 train_time:1592.696s step_avg:1233.69ms
step:1292/3300 train_loss:3.64905 train_time:1593.923s step_avg:1233.69ms
step:1293/3300 train_loss:3.63130 train_time:1595.146s step_avg:1233.68ms
step:1294/3300 train_loss:3.59585 train_time:1596.369s step_avg:1233.67ms
step:1295/3300 train_loss:3.63429 train_time:1597.599s step_avg:1233.67ms
step:1296/3300 train_loss:3.66406 train_time:1598.831s step_avg:1233.67ms
step:1297/3300 train_loss:3.55726 train_time:1600.062s step_avg:1233.66ms
step:1298/3300 train_loss:3.64898 train_time:1601.288s step_avg:1233.66ms
step:1299/3300 train_loss:3.57640 train_time:1602.509s step_avg:1233.65ms
step:1300/3300 train_loss:3.61840 train_time:1603.739s step_avg:1233.65ms
step:1301/3300 train_loss:3.63128 train_time:1604.970s step_avg:1233.64ms
step:1302/3300 train_loss:3.63161 train_time:1606.203s step_avg:1233.64ms
step:1303/3300 train_loss:3.62068 train_time:1607.428s step_avg:1233.64ms
step:1304/3300 train_loss:3.59672 train_time:1608.650s step_avg:1233.63ms
step:1305/3300 train_loss:3.54802 train_time:1609.879s step_avg:1233.62ms
step:1306/3300 train_loss:3.60060 train_time:1611.106s step_avg:1233.62ms
step:1307/3300 train_loss:3.54612 train_time:1612.332s step_avg:1233.61ms
step:1308/3300 train_loss:3.57810 train_time:1613.561s step_avg:1233.61ms
step:1309/3300 train_loss:3.66979 train_time:1614.793s step_avg:1233.61ms
step:1310/3300 train_loss:3.53227 train_time:1616.025s step_avg:1233.61ms
step:1311/3300 train_loss:3.59181 train_time:1617.246s step_avg:1233.60ms
step:1312/3300 train_loss:3.58946 train_time:1618.473s step_avg:1233.59ms
step:1313/3300 train_loss:3.56817 train_time:1619.700s step_avg:1233.59ms
step:1314/3300 train_loss:3.49588 train_time:1620.933s step_avg:1233.59ms
step:1315/3300 train_loss:3.65210 train_time:1622.164s step_avg:1233.58ms
step:1316/3300 train_loss:3.65363 train_time:1623.390s step_avg:1233.58ms
step:1317/3300 train_loss:3.59007 train_time:1624.619s step_avg:1233.58ms
step:1318/3300 train_loss:3.57405 train_time:1625.852s step_avg:1233.58ms
step:1319/3300 train_loss:3.67459 train_time:1627.081s step_avg:1233.57ms
step:1320/3300 train_loss:3.62249 train_time:1628.306s step_avg:1233.56ms
step:1321/3300 train_loss:3.72584 train_time:1629.531s step_avg:1233.56ms
step:1322/3300 train_loss:3.57523 train_time:1630.786s step_avg:1233.58ms
step:1323/3300 train_loss:3.63590 train_time:1632.014s step_avg:1233.57ms
step:1324/3300 train_loss:3.64739 train_time:1633.241s step_avg:1233.57ms
step:1325/3300 train_loss:3.56343 train_time:1634.468s step_avg:1233.56ms
step:1326/3300 train_loss:3.56383 train_time:1635.713s step_avg:1233.57ms
step:1327/3300 train_loss:3.60910 train_time:1636.947s step_avg:1233.57ms
step:1328/3300 train_loss:3.50906 train_time:1638.167s step_avg:1233.56ms
step:1329/3300 train_loss:3.61161 train_time:1639.392s step_avg:1233.55ms
step:1330/3300 train_loss:3.63371 train_time:1640.630s step_avg:1233.56ms
step:1331/3300 train_loss:3.62192 train_time:1641.893s step_avg:1233.58ms
step:1332/3300 train_loss:3.68504 train_time:1643.119s step_avg:1233.57ms
step:1333/3300 train_loss:3.61559 train_time:1644.349s step_avg:1233.57ms
step:1334/3300 train_loss:3.61343 train_time:1645.577s step_avg:1233.57ms
step:1335/3300 train_loss:3.65969 train_time:1646.808s step_avg:1233.56ms
step:1336/3300 train_loss:3.60954 train_time:1648.032s step_avg:1233.56ms
step:1337/3300 train_loss:3.61411 train_time:1649.261s step_avg:1233.55ms
step:1338/3300 train_loss:3.59873 train_time:1650.497s step_avg:1233.56ms
step:1339/3300 train_loss:3.58554 train_time:1651.730s step_avg:1233.55ms
step:1340/3300 train_loss:3.61002 train_time:1652.965s step_avg:1233.56ms
step:1341/3300 train_loss:3.61483 train_time:1654.192s step_avg:1233.55ms
step:1342/3300 train_loss:3.68051 train_time:1655.421s step_avg:1233.55ms
step:1343/3300 train_loss:3.62342 train_time:1656.651s step_avg:1233.55ms
step:1344/3300 train_loss:3.57617 train_time:1657.877s step_avg:1233.54ms
step:1345/3300 train_loss:3.50427 train_time:1659.108s step_avg:1233.54ms
step:1346/3300 train_loss:3.58140 train_time:1660.344s step_avg:1233.54ms
step:1347/3300 train_loss:3.60725 train_time:1661.579s step_avg:1233.54ms
step:1348/3300 train_loss:3.59596 train_time:1662.816s step_avg:1233.54ms
step:1349/3300 train_loss:3.57939 train_time:1664.048s step_avg:1233.54ms
step:1350/3300 train_loss:3.60592 train_time:1665.294s step_avg:1233.55ms
step:1351/3300 train_loss:3.63358 train_time:1666.532s step_avg:1233.55ms
step:1352/3300 train_loss:3.55751 train_time:1667.753s step_avg:1233.54ms
step:1353/3300 train_loss:3.60156 train_time:1668.979s step_avg:1233.54ms
step:1354/3300 train_loss:3.58484 train_time:1670.208s step_avg:1233.54ms
step:1355/3300 train_loss:3.52813 train_time:1671.437s step_avg:1233.53ms
step:1356/3300 train_loss:3.62560 train_time:1672.669s step_avg:1233.53ms
step:1357/3300 train_loss:3.77530 train_time:1673.896s step_avg:1233.53ms
step:1358/3300 train_loss:3.60493 train_time:1675.116s step_avg:1233.52ms
step:1359/3300 train_loss:3.53079 train_time:1676.350s step_avg:1233.52ms
step:1360/3300 train_loss:3.56544 train_time:1677.572s step_avg:1233.51ms
step:1361/3300 train_loss:3.54035 train_time:1678.793s step_avg:1233.50ms
step:1362/3300 train_loss:3.58846 train_time:1680.017s step_avg:1233.49ms
step:1363/3300 train_loss:3.53363 train_time:1681.257s step_avg:1233.50ms
step:1364/3300 train_loss:3.54295 train_time:1682.510s step_avg:1233.51ms
step:1365/3300 train_loss:3.58273 train_time:1683.733s step_avg:1233.50ms
step:1366/3300 train_loss:3.60599 train_time:1684.956s step_avg:1233.50ms
step:1367/3300 train_loss:3.58528 train_time:1686.182s step_avg:1233.49ms
step:1368/3300 train_loss:3.65039 train_time:1687.411s step_avg:1233.49ms
step:1369/3300 train_loss:3.58874 train_time:1688.637s step_avg:1233.48ms
step:1370/3300 train_loss:3.65966 train_time:1689.871s step_avg:1233.48ms
step:1371/3300 train_loss:3.57994 train_time:1691.101s step_avg:1233.48ms
step:1372/3300 train_loss:3.62222 train_time:1692.336s step_avg:1233.48ms
step:1373/3300 train_loss:3.59971 train_time:1693.562s step_avg:1233.48ms
step:1374/3300 train_loss:3.56197 train_time:1694.791s step_avg:1233.47ms
step:1375/3300 train_loss:3.58564 train_time:1696.021s step_avg:1233.47ms
step:1375/3300 val_loss:3.56117 train_time:1696.022s step_avg:1230.14ms
step:1376/3300 train_loss:3.62341 train_time:1697.245s step_avg:1233.46ms
step:1377/3300 train_loss:3.57867 train_time:1698.476s step_avg:1233.46ms
step:1378/3300 train_loss:3.60798 train_time:1699.699s step_avg:1233.45ms
step:1379/3300 train_loss:3.52500 train_time:1700.929s step_avg:1233.45ms
step:1380/3300 train_loss:3.51633 train_time:1702.158s step_avg:1233.45ms
step:1381/3300 train_loss:3.63375 train_time:1703.391s step_avg:1233.45ms
step:1382/3300 train_loss:3.58509 train_time:1704.621s step_avg:1233.44ms
step:1383/3300 train_loss:3.58854 train_time:1705.851s step_avg:1233.44ms
step:1384/3300 train_loss:3.56322 train_time:1707.082s step_avg:1233.44ms
step:1385/3300 train_loss:3.54184 train_time:1708.316s step_avg:1233.44ms
step:1386/3300 train_loss:3.60161 train_time:1709.545s step_avg:1233.44ms
step:1387/3300 train_loss:3.59610 train_time:1710.774s step_avg:1233.43ms
step:1388/3300 train_loss:3.57821 train_time:1711.997s step_avg:1233.43ms
step:1389/3300 train_loss:3.60821 train_time:1713.230s step_avg:1233.43ms
step:1390/3300 train_loss:3.58970 train_time:1714.476s step_avg:1233.44ms
step:1391/3300 train_loss:3.63068 train_time:1715.706s step_avg:1233.43ms
step:1392/3300 train_loss:3.58092 train_time:1716.933s step_avg:1233.43ms
step:1393/3300 train_loss:3.58481 train_time:1718.171s step_avg:1233.43ms
step:1394/3300 train_loss:3.63076 train_time:1719.401s step_avg:1233.43ms
step:1395/3300 train_loss:3.58684 train_time:1720.629s step_avg:1233.43ms
step:1396/3300 train_loss:3.58653 train_time:1721.856s step_avg:1233.42ms
step:1397/3300 train_loss:3.55366 train_time:1723.081s step_avg:1233.42ms
step:1398/3300 train_loss:3.55851 train_time:1724.318s step_avg:1233.42ms
step:1399/3300 train_loss:3.54236 train_time:1725.539s step_avg:1233.41ms
step:1400/3300 train_loss:3.58342 train_time:1726.761s step_avg:1233.40ms
step:1401/3300 train_loss:3.53810 train_time:1727.989s step_avg:1233.40ms
step:1402/3300 train_loss:3.57575 train_time:1729.220s step_avg:1233.39ms
step:1403/3300 train_loss:3.61106 train_time:1730.440s step_avg:1233.39ms
step:1404/3300 train_loss:3.56131 train_time:1731.670s step_avg:1233.38ms
step:1405/3300 train_loss:3.52558 train_time:1732.899s step_avg:1233.38ms
step:1406/3300 train_loss:3.57201 train_time:1734.131s step_avg:1233.38ms
step:1407/3300 train_loss:3.58878 train_time:1735.363s step_avg:1233.38ms
step:1408/3300 train_loss:3.64061 train_time:1736.594s step_avg:1233.38ms
step:1409/3300 train_loss:3.57007 train_time:1737.819s step_avg:1233.37ms
step:1410/3300 train_loss:3.58554 train_time:1739.043s step_avg:1233.36ms
step:1411/3300 train_loss:3.58191 train_time:1740.270s step_avg:1233.36ms
step:1412/3300 train_loss:3.60753 train_time:1741.500s step_avg:1233.36ms
step:1413/3300 train_loss:3.58070 train_time:1742.729s step_avg:1233.35ms
step:1414/3300 train_loss:3.51789 train_time:1743.983s step_avg:1233.37ms
step:1415/3300 train_loss:3.57729 train_time:1745.214s step_avg:1233.37ms
step:1416/3300 train_loss:3.55525 train_time:1746.438s step_avg:1233.36ms
step:1417/3300 train_loss:3.57530 train_time:1747.697s step_avg:1233.38ms
step:1418/3300 train_loss:3.58664 train_time:1748.926s step_avg:1233.38ms
step:1419/3300 train_loss:3.68050 train_time:1750.157s step_avg:1233.37ms
step:1420/3300 train_loss:3.57975 train_time:1751.382s step_avg:1233.37ms
step:1421/3300 train_loss:3.53865 train_time:1752.644s step_avg:1233.39ms
step:1422/3300 train_loss:3.55890 train_time:1753.877s step_avg:1233.39ms
step:1423/3300 train_loss:3.53822 train_time:1755.106s step_avg:1233.38ms
step:1424/3300 train_loss:3.55996 train_time:1756.335s step_avg:1233.38ms
step:1425/3300 train_loss:3.53968 train_time:1757.560s step_avg:1233.38ms
step:1426/3300 train_loss:3.57965 train_time:1758.813s step_avg:1233.39ms
step:1427/3300 train_loss:3.56666 train_time:1760.042s step_avg:1233.39ms
step:1428/3300 train_loss:3.57420 train_time:1761.265s step_avg:1233.38ms
step:1429/3300 train_loss:3.58632 train_time:1762.493s step_avg:1233.38ms
step:1430/3300 train_loss:3.52090 train_time:1763.731s step_avg:1233.38ms
step:1431/3300 train_loss:3.52570 train_time:1764.963s step_avg:1233.38ms
step:1432/3300 train_loss:3.59461 train_time:1766.195s step_avg:1233.38ms
step:1433/3300 train_loss:3.51691 train_time:1767.425s step_avg:1233.37ms
step:1434/3300 train_loss:3.52848 train_time:1768.659s step_avg:1233.37ms
step:1435/3300 train_loss:3.52385 train_time:1769.877s step_avg:1233.36ms
step:1436/3300 train_loss:3.50921 train_time:1771.108s step_avg:1233.36ms
step:1437/3300 train_loss:3.64194 train_time:1772.334s step_avg:1233.36ms
step:1438/3300 train_loss:3.59450 train_time:1773.567s step_avg:1233.36ms
step:1439/3300 train_loss:3.54342 train_time:1774.804s step_avg:1233.36ms
step:1440/3300 train_loss:3.48787 train_time:1776.030s step_avg:1233.35ms
step:1441/3300 train_loss:3.53259 train_time:1777.259s step_avg:1233.35ms
step:1442/3300 train_loss:3.54101 train_time:1778.484s step_avg:1233.35ms
step:1443/3300 train_loss:3.57505 train_time:1779.705s step_avg:1233.34ms
step:1444/3300 train_loss:3.55609 train_time:1780.926s step_avg:1233.33ms
step:1445/3300 train_loss:3.55245 train_time:1782.158s step_avg:1233.33ms
step:1446/3300 train_loss:3.59151 train_time:1783.384s step_avg:1233.32ms
step:1447/3300 train_loss:3.52193 train_time:1784.628s step_avg:1233.33ms
step:1448/3300 train_loss:3.53906 train_time:1785.858s step_avg:1233.33ms
step:1449/3300 train_loss:3.55696 train_time:1787.086s step_avg:1233.32ms
step:1450/3300 train_loss:3.56326 train_time:1788.318s step_avg:1233.32ms
step:1451/3300 train_loss:3.50306 train_time:1789.546s step_avg:1233.32ms
step:1452/3300 train_loss:3.54500 train_time:1790.775s step_avg:1233.32ms
step:1453/3300 train_loss:3.49718 train_time:1792.004s step_avg:1233.31ms
step:1454/3300 train_loss:3.60718 train_time:1793.226s step_avg:1233.31ms
step:1455/3300 train_loss:3.58579 train_time:1794.458s step_avg:1233.30ms
step:1456/3300 train_loss:3.53106 train_time:1795.688s step_avg:1233.30ms
step:1457/3300 train_loss:3.56260 train_time:1796.920s step_avg:1233.30ms
step:1458/3300 train_loss:3.59019 train_time:1798.147s step_avg:1233.30ms
step:1459/3300 train_loss:3.58470 train_time:1799.382s step_avg:1233.30ms
step:1460/3300 train_loss:3.50799 train_time:1800.603s step_avg:1233.29ms
step:1461/3300 train_loss:3.55120 train_time:1801.827s step_avg:1233.28ms
step:1462/3300 train_loss:3.48635 train_time:1803.051s step_avg:1233.28ms
step:1463/3300 train_loss:3.63369 train_time:1804.286s step_avg:1233.28ms
step:1464/3300 train_loss:3.54533 train_time:1805.516s step_avg:1233.28ms
step:1465/3300 train_loss:3.54946 train_time:1806.745s step_avg:1233.27ms
step:1466/3300 train_loss:3.55578 train_time:1807.972s step_avg:1233.27ms
step:1467/3300 train_loss:3.52444 train_time:1809.207s step_avg:1233.27ms
step:1468/3300 train_loss:3.54029 train_time:1810.427s step_avg:1233.26ms
step:1469/3300 train_loss:3.54490 train_time:1811.651s step_avg:1233.25ms
step:1470/3300 train_loss:3.46396 train_time:1812.882s step_avg:1233.25ms
step:1471/3300 train_loss:3.51321 train_time:1814.110s step_avg:1233.25ms
step:1472/3300 train_loss:3.59994 train_time:1815.342s step_avg:1233.25ms
step:1473/3300 train_loss:3.58063 train_time:1816.569s step_avg:1233.24ms
step:1474/3300 train_loss:3.53714 train_time:1817.799s step_avg:1233.24ms
step:1475/3300 train_loss:3.51277 train_time:1819.029s step_avg:1233.24ms
step:1476/3300 train_loss:3.54462 train_time:1820.251s step_avg:1233.23ms
step:1477/3300 train_loss:3.49387 train_time:1821.480s step_avg:1233.23ms
step:1478/3300 train_loss:3.54377 train_time:1822.713s step_avg:1233.23ms
step:1479/3300 train_loss:3.58428 train_time:1823.943s step_avg:1233.23ms
step:1480/3300 train_loss:3.58047 train_time:1825.170s step_avg:1233.22ms
step:1481/3300 train_loss:3.60719 train_time:1826.402s step_avg:1233.22ms
step:1482/3300 train_loss:3.54138 train_time:1827.631s step_avg:1233.22ms
step:1483/3300 train_loss:3.53264 train_time:1828.864s step_avg:1233.22ms
step:1484/3300 train_loss:3.53095 train_time:1830.089s step_avg:1233.21ms
step:1485/3300 train_loss:3.51788 train_time:1831.313s step_avg:1233.21ms
step:1486/3300 train_loss:3.55864 train_time:1832.550s step_avg:1233.21ms
step:1487/3300 train_loss:3.60303 train_time:1833.774s step_avg:1233.20ms
step:1488/3300 train_loss:3.54387 train_time:1835.021s step_avg:1233.21ms
step:1489/3300 train_loss:3.53081 train_time:1836.250s step_avg:1233.21ms
step:1490/3300 train_loss:3.55340 train_time:1837.473s step_avg:1233.20ms
step:1491/3300 train_loss:3.53107 train_time:1838.706s step_avg:1233.20ms
step:1492/3300 train_loss:3.47266 train_time:1839.928s step_avg:1233.20ms
step:1493/3300 train_loss:3.59181 train_time:1841.147s step_avg:1233.19ms
step:1494/3300 train_loss:3.50210 train_time:1842.374s step_avg:1233.18ms
step:1495/3300 train_loss:3.48405 train_time:1843.615s step_avg:1233.19ms
step:1496/3300 train_loss:3.51072 train_time:1844.845s step_avg:1233.19ms
step:1497/3300 train_loss:3.55686 train_time:1846.071s step_avg:1233.18ms
step:1498/3300 train_loss:3.49073 train_time:1847.304s step_avg:1233.18ms
step:1499/3300 train_loss:3.52007 train_time:1848.535s step_avg:1233.18ms
step:1500/3300 train_loss:3.57042 train_time:1849.767s step_avg:1233.18ms
step:1500/3300 val_loss:3.53343 train_time:1849.767s step_avg:1229.96ms
step:1501/3300 train_loss:3.43888 train_time:1851.011s step_avg:1233.19ms
step:1502/3300 train_loss:3.49033 train_time:1852.242s step_avg:1233.18ms
step:1503/3300 train_loss:3.47586 train_time:1853.474s step_avg:1233.18ms
step:1504/3300 train_loss:3.51374 train_time:1854.704s step_avg:1233.18ms
step:1505/3300 train_loss:3.50302 train_time:1855.940s step_avg:1233.18ms
step:1506/3300 train_loss:3.52713 train_time:1857.169s step_avg:1233.18ms
step:1507/3300 train_loss:3.46983 train_time:1858.392s step_avg:1233.17ms
step:1508/3300 train_loss:3.53918 train_time:1859.610s step_avg:1233.16ms
step:1509/3300 train_loss:3.54012 train_time:1860.832s step_avg:1233.16ms
step:1510/3300 train_loss:3.50934 train_time:1862.058s step_avg:1233.15ms
step:1511/3300 train_loss:3.57273 train_time:1863.285s step_avg:1233.15ms
step:1512/3300 train_loss:3.52690 train_time:1864.519s step_avg:1233.15ms
step:1513/3300 train_loss:3.52558 train_time:1865.753s step_avg:1233.15ms
step:1514/3300 train_loss:3.60170 train_time:1866.983s step_avg:1233.15ms
step:1515/3300 train_loss:3.54069 train_time:1868.211s step_avg:1233.14ms
step:1516/3300 train_loss:3.59745 train_time:1869.432s step_avg:1233.13ms
step:1517/3300 train_loss:3.50529 train_time:1870.661s step_avg:1233.13ms
step:1518/3300 train_loss:3.53730 train_time:1871.890s step_avg:1233.13ms
step:1519/3300 train_loss:3.58574 train_time:1873.114s step_avg:1233.12ms
step:1520/3300 train_loss:3.46308 train_time:1874.338s step_avg:1233.12ms
step:1521/3300 train_loss:3.52129 train_time:1875.598s step_avg:1233.13ms
step:1522/3300 train_loss:3.51595 train_time:1876.830s step_avg:1233.13ms
step:1523/3300 train_loss:3.55074 train_time:1878.051s step_avg:1233.13ms
step:1524/3300 train_loss:3.56675 train_time:1879.271s step_avg:1233.12ms
step:1525/3300 train_loss:3.57494 train_time:1880.513s step_avg:1233.12ms
step:1526/3300 train_loss:3.56029 train_time:1881.736s step_avg:1233.12ms
step:1527/3300 train_loss:3.49459 train_time:1882.964s step_avg:1233.11ms
step:1528/3300 train_loss:3.59901 train_time:1884.190s step_avg:1233.11ms
step:1529/3300 train_loss:3.52921 train_time:1885.416s step_avg:1233.10ms
step:1530/3300 train_loss:3.52624 train_time:1886.642s step_avg:1233.10ms
step:1531/3300 train_loss:3.53801 train_time:1887.874s step_avg:1233.10ms
step:1532/3300 train_loss:3.57766 train_time:1889.098s step_avg:1233.09ms
step:1533/3300 train_loss:3.56575 train_time:1890.338s step_avg:1233.10ms
step:1534/3300 train_loss:3.53124 train_time:1891.569s step_avg:1233.10ms
step:1535/3300 train_loss:3.53862 train_time:1892.792s step_avg:1233.09ms
step:1536/3300 train_loss:3.50118 train_time:1894.018s step_avg:1233.08ms
step:1537/3300 train_loss:3.58526 train_time:1895.242s step_avg:1233.08ms
step:1538/3300 train_loss:3.54339 train_time:1896.474s step_avg:1233.08ms
step:1539/3300 train_loss:3.64208 train_time:1897.697s step_avg:1233.07ms
step:1540/3300 train_loss:3.49789 train_time:1898.926s step_avg:1233.07ms
step:1541/3300 train_loss:3.49994 train_time:1900.155s step_avg:1233.07ms
step:1542/3300 train_loss:3.51786 train_time:1901.377s step_avg:1233.06ms
step:1543/3300 train_loss:3.53656 train_time:1902.600s step_avg:1233.05ms
step:1544/3300 train_loss:3.50253 train_time:1903.827s step_avg:1233.05ms
step:1545/3300 train_loss:3.55859 train_time:1905.055s step_avg:1233.05ms
step:1546/3300 train_loss:3.53954 train_time:1906.280s step_avg:1233.04ms
step:1547/3300 train_loss:3.53895 train_time:1907.510s step_avg:1233.04ms
step:1548/3300 train_loss:3.56149 train_time:1908.737s step_avg:1233.03ms
step:1549/3300 train_loss:3.55515 train_time:1909.957s step_avg:1233.03ms
step:1550/3300 train_loss:3.55357 train_time:1911.195s step_avg:1233.03ms
step:1551/3300 train_loss:3.50112 train_time:1912.418s step_avg:1233.02ms
step:1552/3300 train_loss:3.55009 train_time:1913.651s step_avg:1233.02ms
step:1553/3300 train_loss:3.54817 train_time:1914.902s step_avg:1233.03ms
step:1554/3300 train_loss:3.53359 train_time:1916.135s step_avg:1233.03ms
step:1555/3300 train_loss:3.53826 train_time:1917.369s step_avg:1233.03ms
step:1556/3300 train_loss:3.56756 train_time:1918.598s step_avg:1233.03ms
step:1557/3300 train_loss:3.53128 train_time:1919.819s step_avg:1233.02ms
step:1558/3300 train_loss:3.41018 train_time:1921.053s step_avg:1233.03ms
step:1559/3300 train_loss:3.52905 train_time:1922.281s step_avg:1233.02ms
step:1560/3300 train_loss:3.52052 train_time:1923.514s step_avg:1233.02ms
step:1561/3300 train_loss:3.61916 train_time:1924.741s step_avg:1233.02ms
step:1562/3300 train_loss:3.56130 train_time:1925.972s step_avg:1233.02ms
step:1563/3300 train_loss:3.54483 train_time:1927.204s step_avg:1233.02ms
step:1564/3300 train_loss:3.45935 train_time:1928.433s step_avg:1233.01ms
step:1565/3300 train_loss:3.51779 train_time:1929.659s step_avg:1233.01ms
step:1566/3300 train_loss:3.51913 train_time:1930.883s step_avg:1233.00ms
step:1567/3300 train_loss:3.50024 train_time:1932.115s step_avg:1233.00ms
step:1568/3300 train_loss:3.52706 train_time:1933.339s step_avg:1233.00ms
step:1569/3300 train_loss:3.56315 train_time:1934.571s step_avg:1233.00ms
step:1570/3300 train_loss:3.49458 train_time:1935.802s step_avg:1232.99ms
step:1571/3300 train_loss:3.47896 train_time:1937.034s step_avg:1232.99ms
step:1572/3300 train_loss:3.50369 train_time:1938.258s step_avg:1232.99ms
step:1573/3300 train_loss:3.52992 train_time:1939.479s step_avg:1232.98ms
step:1574/3300 train_loss:3.50921 train_time:1940.701s step_avg:1232.97ms
step:1575/3300 train_loss:3.55979 train_time:1941.933s step_avg:1232.97ms
step:1576/3300 train_loss:3.58303 train_time:1943.162s step_avg:1232.97ms
step:1577/3300 train_loss:3.55910 train_time:1944.382s step_avg:1232.96ms
step:1578/3300 train_loss:3.55385 train_time:1945.616s step_avg:1232.96ms
step:1579/3300 train_loss:3.48302 train_time:1946.846s step_avg:1232.96ms
step:1580/3300 train_loss:3.43571 train_time:1948.075s step_avg:1232.96ms
step:1581/3300 train_loss:3.59955 train_time:1949.297s step_avg:1232.95ms
step:1582/3300 train_loss:3.48775 train_time:1950.522s step_avg:1232.95ms
step:1583/3300 train_loss:3.52950 train_time:1951.749s step_avg:1232.94ms
step:1584/3300 train_loss:3.50502 train_time:1952.976s step_avg:1232.94ms
step:1585/3300 train_loss:3.52527 train_time:1954.199s step_avg:1232.93ms
step:1586/3300 train_loss:3.47125 train_time:1955.427s step_avg:1232.93ms
step:1587/3300 train_loss:3.49409 train_time:1956.662s step_avg:1232.93ms
step:1588/3300 train_loss:3.50088 train_time:1957.892s step_avg:1232.93ms
step:1589/3300 train_loss:3.51489 train_time:1959.121s step_avg:1232.93ms
step:1590/3300 train_loss:3.51265 train_time:1960.347s step_avg:1232.92ms
step:1591/3300 train_loss:3.50158 train_time:1961.579s step_avg:1232.92ms
step:1592/3300 train_loss:3.48179 train_time:1962.801s step_avg:1232.92ms
step:1593/3300 train_loss:3.51242 train_time:1964.020s step_avg:1232.91ms
step:1594/3300 train_loss:3.53501 train_time:1965.247s step_avg:1232.90ms
step:1595/3300 train_loss:3.52368 train_time:1966.477s step_avg:1232.90ms
step:1596/3300 train_loss:3.45906 train_time:1967.705s step_avg:1232.90ms
step:1597/3300 train_loss:3.47863 train_time:1968.935s step_avg:1232.90ms
step:1598/3300 train_loss:3.64345 train_time:1970.163s step_avg:1232.89ms
step:1599/3300 train_loss:3.50441 train_time:1971.399s step_avg:1232.89ms
step:1600/3300 train_loss:3.49727 train_time:1972.625s step_avg:1232.89ms
step:1601/3300 train_loss:3.55772 train_time:1973.856s step_avg:1232.89ms
step:1602/3300 train_loss:3.55867 train_time:1975.084s step_avg:1232.89ms
step:1603/3300 train_loss:3.51263 train_time:1976.327s step_avg:1232.89ms
step:1604/3300 train_loss:3.47595 train_time:1977.563s step_avg:1232.89ms
step:1605/3300 train_loss:3.54052 train_time:1978.784s step_avg:1232.89ms
step:1606/3300 train_loss:3.58152 train_time:1980.013s step_avg:1232.88ms
step:1607/3300 train_loss:3.46706 train_time:1981.245s step_avg:1232.88ms
step:1608/3300 train_loss:3.46354 train_time:1982.463s step_avg:1232.87ms
step:1609/3300 train_loss:3.52624 train_time:1983.684s step_avg:1232.87ms
step:1610/3300 train_loss:3.55863 train_time:1984.911s step_avg:1232.86ms
step:1611/3300 train_loss:3.56276 train_time:1986.146s step_avg:1232.87ms
step:1612/3300 train_loss:3.52113 train_time:1987.386s step_avg:1232.87ms
step:1613/3300 train_loss:3.51153 train_time:1988.617s step_avg:1232.87ms
step:1614/3300 train_loss:3.64219 train_time:1989.847s step_avg:1232.87ms
step:1615/3300 train_loss:3.57280 train_time:1991.087s step_avg:1232.87ms
step:1616/3300 train_loss:3.53697 train_time:1992.317s step_avg:1232.87ms
step:1617/3300 train_loss:3.47819 train_time:1993.547s step_avg:1232.87ms
step:1618/3300 train_loss:3.54201 train_time:1994.775s step_avg:1232.86ms
step:1619/3300 train_loss:3.44811 train_time:1996.022s step_avg:1232.87ms
step:1620/3300 train_loss:3.58794 train_time:1997.260s step_avg:1232.88ms
step:1621/3300 train_loss:3.49983 train_time:1998.487s step_avg:1232.87ms
step:1622/3300 train_loss:3.49230 train_time:1999.710s step_avg:1232.87ms
step:1623/3300 train_loss:3.46011 train_time:2000.957s step_avg:1232.88ms
step:1624/3300 train_loss:3.52026 train_time:2002.183s step_avg:1232.87ms
step:1625/3300 train_loss:3.52595 train_time:2003.408s step_avg:1232.87ms
step:1625/3300 val_loss:3.51274 train_time:2003.408s step_avg:1229.13ms
step:1626/3300 train_loss:3.51998 train_time:2004.642s step_avg:1232.87ms
step:1627/3300 train_loss:3.51969 train_time:2005.872s step_avg:1232.87ms
step:1628/3300 train_loss:3.45884 train_time:2007.093s step_avg:1232.86ms
step:1629/3300 train_loss:3.54557 train_time:2008.327s step_avg:1232.86ms
step:1630/3300 train_loss:3.52957 train_time:2009.555s step_avg:1232.86ms
step:1631/3300 train_loss:3.45359 train_time:2010.788s step_avg:1232.86ms
step:1632/3300 train_loss:3.51584 train_time:2012.008s step_avg:1232.85ms
step:1633/3300 train_loss:3.56836 train_time:2013.237s step_avg:1232.85ms
step:1634/3300 train_loss:3.55060 train_time:2014.470s step_avg:1232.85ms
step:1635/3300 train_loss:3.51497 train_time:2015.693s step_avg:1232.84ms
step:1636/3300 train_loss:3.52087 train_time:2016.921s step_avg:1232.84ms
step:1637/3300 train_loss:3.59261 train_time:2018.156s step_avg:1232.84ms
step:1638/3300 train_loss:3.48936 train_time:2019.392s step_avg:1232.84ms
step:1639/3300 train_loss:3.52616 train_time:2020.617s step_avg:1232.84ms
step:1640/3300 train_loss:3.50280 train_time:2021.848s step_avg:1232.83ms
step:1641/3300 train_loss:3.49755 train_time:2023.078s step_avg:1232.83ms
step:1642/3300 train_loss:3.54963 train_time:2024.307s step_avg:1232.83ms
step:1643/3300 train_loss:3.50761 train_time:2025.531s step_avg:1232.82ms
step:1644/3300 train_loss:3.49226 train_time:2026.755s step_avg:1232.82ms
step:1645/3300 train_loss:3.49347 train_time:2027.991s step_avg:1232.82ms
step:1646/3300 train_loss:3.47754 train_time:2029.230s step_avg:1232.83ms
step:1647/3300 train_loss:3.54529 train_time:2030.456s step_avg:1232.82ms
step:1648/3300 train_loss:3.54716 train_time:2031.684s step_avg:1232.82ms
step:1649/3300 train_loss:3.54252 train_time:2032.913s step_avg:1232.82ms
step:1650/3300 train_loss:3.51586 train_time:2034.146s step_avg:1232.82ms
step:1651/3300 train_loss:3.51345 train_time:2035.371s step_avg:1232.81ms
step:1652/3300 train_loss:3.47831 train_time:2036.589s step_avg:1232.80ms
step:1653/3300 train_loss:3.50961 train_time:2037.818s step_avg:1232.80ms
step:1654/3300 train_loss:3.51637 train_time:2039.053s step_avg:1232.80ms
step:1655/3300 train_loss:3.50665 train_time:2040.276s step_avg:1232.80ms
step:1656/3300 train_loss:3.56569 train_time:2041.505s step_avg:1232.79ms
step:1657/3300 train_loss:3.50197 train_time:2042.738s step_avg:1232.79ms
step:1658/3300 train_loss:3.50082 train_time:2043.972s step_avg:1232.79ms
step:1659/3300 train_loss:3.52375 train_time:2045.196s step_avg:1232.79ms
step:1660/3300 train_loss:3.58726 train_time:2046.415s step_avg:1232.78ms
step:1661/3300 train_loss:3.49197 train_time:2047.637s step_avg:1232.77ms
step:1662/3300 train_loss:3.52469 train_time:2048.875s step_avg:1232.78ms
step:1663/3300 train_loss:3.55295 train_time:2050.108s step_avg:1232.78ms
step:1664/3300 train_loss:3.48646 train_time:2051.337s step_avg:1232.77ms
step:1665/3300 train_loss:3.50952 train_time:2052.575s step_avg:1232.78ms
step:1666/3300 train_loss:3.52818 train_time:2053.801s step_avg:1232.77ms
step:1667/3300 train_loss:3.54889 train_time:2055.031s step_avg:1232.77ms
step:1668/3300 train_loss:3.48063 train_time:2056.254s step_avg:1232.77ms
step:1669/3300 train_loss:3.55614 train_time:2057.479s step_avg:1232.76ms
step:1670/3300 train_loss:3.44088 train_time:2058.713s step_avg:1232.76ms
step:1671/3300 train_loss:3.81562 train_time:2059.936s step_avg:1232.76ms
step:1672/3300 train_loss:3.52023 train_time:2061.163s step_avg:1232.75ms
step:1673/3300 train_loss:3.48967 train_time:2062.395s step_avg:1232.75ms
step:1674/3300 train_loss:3.54084 train_time:2063.617s step_avg:1232.75ms
step:1675/3300 train_loss:3.49547 train_time:2064.841s step_avg:1232.74ms
step:1676/3300 train_loss:3.49997 train_time:2066.072s step_avg:1232.74ms
step:1677/3300 train_loss:3.59225 train_time:2067.303s step_avg:1232.74ms
step:1678/3300 train_loss:3.50145 train_time:2068.536s step_avg:1232.74ms
step:1679/3300 train_loss:3.45794 train_time:2069.762s step_avg:1232.74ms
step:1680/3300 train_loss:3.48578 train_time:2070.991s step_avg:1232.73ms
step:1681/3300 train_loss:3.48289 train_time:2072.220s step_avg:1232.73ms
step:1682/3300 train_loss:3.51709 train_time:2073.445s step_avg:1232.73ms
step:1683/3300 train_loss:3.48197 train_time:2074.677s step_avg:1232.73ms
step:1684/3300 train_loss:3.51445 train_time:2075.898s step_avg:1232.72ms
step:1685/3300 train_loss:3.51054 train_time:2077.127s step_avg:1232.72ms
step:1686/3300 train_loss:3.48215 train_time:2078.361s step_avg:1232.72ms
step:1687/3300 train_loss:3.50762 train_time:2079.597s step_avg:1232.72ms
step:1688/3300 train_loss:3.50335 train_time:2080.827s step_avg:1232.72ms
step:1689/3300 train_loss:3.46789 train_time:2082.056s step_avg:1232.72ms
step:1690/3300 train_loss:3.45963 train_time:2083.285s step_avg:1232.71ms
step:1691/3300 train_loss:3.45139 train_time:2084.517s step_avg:1232.71ms
step:1692/3300 train_loss:3.53605 train_time:2085.742s step_avg:1232.71ms
step:1693/3300 train_loss:3.46546 train_time:2086.975s step_avg:1232.71ms
step:1694/3300 train_loss:3.51644 train_time:2088.202s step_avg:1232.70ms
step:1695/3300 train_loss:3.54722 train_time:2089.429s step_avg:1232.70ms
step:1696/3300 train_loss:3.50567 train_time:2090.660s step_avg:1232.70ms
step:1697/3300 train_loss:3.50732 train_time:2091.887s step_avg:1232.70ms
step:1698/3300 train_loss:3.44767 train_time:2093.122s step_avg:1232.70ms
step:1699/3300 train_loss:3.51620 train_time:2094.355s step_avg:1232.70ms
step:1700/3300 train_loss:3.55367 train_time:2095.584s step_avg:1232.70ms
step:1701/3300 train_loss:3.53453 train_time:2096.812s step_avg:1232.69ms
step:1702/3300 train_loss:3.53679 train_time:2098.045s step_avg:1232.69ms
step:1703/3300 train_loss:3.48420 train_time:2099.282s step_avg:1232.70ms
step:1704/3300 train_loss:3.51791 train_time:2100.510s step_avg:1232.69ms
step:1705/3300 train_loss:3.49911 train_time:2101.736s step_avg:1232.69ms
step:1706/3300 train_loss:3.47704 train_time:2102.962s step_avg:1232.69ms
step:1707/3300 train_loss:3.49465 train_time:2104.192s step_avg:1232.68ms
step:1708/3300 train_loss:3.47273 train_time:2105.419s step_avg:1232.68ms
step:1709/3300 train_loss:3.73993 train_time:2106.641s step_avg:1232.67ms
step:1710/3300 train_loss:3.58084 train_time:2107.875s step_avg:1232.68ms
step:1711/3300 train_loss:3.47959 train_time:2109.145s step_avg:1232.70ms
step:1712/3300 train_loss:3.49169 train_time:2110.377s step_avg:1232.70ms
step:1713/3300 train_loss:3.54629 train_time:2111.602s step_avg:1232.69ms
step:1714/3300 train_loss:3.45882 train_time:2112.836s step_avg:1232.69ms
step:1715/3300 train_loss:3.53602 train_time:2114.068s step_avg:1232.69ms
step:1716/3300 train_loss:3.47325 train_time:2115.300s step_avg:1232.69ms
step:1717/3300 train_loss:3.49415 train_time:2116.526s step_avg:1232.69ms
step:1718/3300 train_loss:3.53317 train_time:2117.759s step_avg:1232.69ms
step:1719/3300 train_loss:3.53937 train_time:2118.996s step_avg:1232.69ms
step:1720/3300 train_loss:3.48962 train_time:2120.224s step_avg:1232.69ms
step:1721/3300 train_loss:3.52147 train_time:2121.451s step_avg:1232.69ms
step:1722/3300 train_loss:3.52584 train_time:2122.683s step_avg:1232.68ms
step:1723/3300 train_loss:3.51947 train_time:2123.909s step_avg:1232.68ms
step:1724/3300 train_loss:3.49340 train_time:2125.138s step_avg:1232.68ms
step:1725/3300 train_loss:3.51943 train_time:2126.364s step_avg:1232.67ms
step:1726/3300 train_loss:3.48504 train_time:2127.604s step_avg:1232.68ms
step:1727/3300 train_loss:3.47578 train_time:2128.838s step_avg:1232.68ms
step:1728/3300 train_loss:3.46405 train_time:2130.066s step_avg:1232.68ms
step:1729/3300 train_loss:3.53548 train_time:2131.295s step_avg:1232.68ms
step:1730/3300 train_loss:3.59210 train_time:2132.548s step_avg:1232.69ms
step:1731/3300 train_loss:3.49382 train_time:2133.782s step_avg:1232.69ms
step:1732/3300 train_loss:3.51573 train_time:2135.002s step_avg:1232.68ms
step:1733/3300 train_loss:3.44637 train_time:2136.222s step_avg:1232.67ms
step:1734/3300 train_loss:3.61183 train_time:2137.452s step_avg:1232.67ms
step:1735/3300 train_loss:3.52074 train_time:2138.687s step_avg:1232.67ms
step:1736/3300 train_loss:3.59011 train_time:2139.918s step_avg:1232.67ms
step:1737/3300 train_loss:3.58819 train_time:2141.142s step_avg:1232.67ms
step:1738/3300 train_loss:3.45943 train_time:2142.374s step_avg:1232.67ms
step:1739/3300 train_loss:3.47708 train_time:2143.603s step_avg:1232.66ms
step:1740/3300 train_loss:3.46512 train_time:2144.823s step_avg:1232.66ms
step:1741/3300 train_loss:3.46185 train_time:2146.046s step_avg:1232.65ms
step:1742/3300 train_loss:3.51115 train_time:2147.284s step_avg:1232.65ms
step:1743/3300 train_loss:3.45046 train_time:2148.518s step_avg:1232.65ms
step:1744/3300 train_loss:3.45970 train_time:2149.749s step_avg:1232.65ms
step:1745/3300 train_loss:3.51851 train_time:2150.986s step_avg:1232.66ms
step:1746/3300 train_loss:3.52680 train_time:2152.210s step_avg:1232.65ms
step:1747/3300 train_loss:3.49584 train_time:2153.457s step_avg:1232.66ms
step:1748/3300 train_loss:3.55230 train_time:2154.685s step_avg:1232.66ms
step:1749/3300 train_loss:3.50580 train_time:2155.905s step_avg:1232.65ms
step:1750/3300 train_loss:3.49325 train_time:2157.127s step_avg:1232.64ms
step:1750/3300 val_loss:3.49090 train_time:2157.127s step_avg:1229.75ms
step:1751/3300 train_loss:3.53767 train_time:2158.361s step_avg:1232.64ms
step:1752/3300 train_loss:3.52800 train_time:2159.591s step_avg:1232.64ms
step:1753/3300 train_loss:3.46876 train_time:2160.824s step_avg:1232.64ms
step:1754/3300 train_loss:3.50736 train_time:2162.055s step_avg:1232.64ms
step:1755/3300 train_loss:3.50923 train_time:2163.283s step_avg:1232.64ms
step:1756/3300 train_loss:3.47485 train_time:2164.511s step_avg:1232.64ms
step:1757/3300 train_loss:3.48168 train_time:2165.755s step_avg:1232.64ms
step:1758/3300 train_loss:3.61857 train_time:2166.987s step_avg:1232.64ms
step:1759/3300 train_loss:3.60636 train_time:2168.214s step_avg:1232.64ms
step:1760/3300 train_loss:3.55333 train_time:2169.440s step_avg:1232.64ms
step:1761/3300 train_loss:3.49602 train_time:2170.675s step_avg:1232.64ms
step:1762/3300 train_loss:3.49808 train_time:2171.911s step_avg:1232.64ms
step:1763/3300 train_loss:3.46439 train_time:2173.133s step_avg:1232.63ms
step:1764/3300 train_loss:3.48777 train_time:2174.358s step_avg:1232.63ms
step:1765/3300 train_loss:3.49198 train_time:2175.590s step_avg:1232.63ms
step:1766/3300 train_loss:3.46067 train_time:2176.812s step_avg:1232.62ms
step:1767/3300 train_loss:3.57308 train_time:2178.032s step_avg:1232.62ms
step:1768/3300 train_loss:3.50705 train_time:2179.254s step_avg:1232.61ms
step:1769/3300 train_loss:3.61172 train_time:2180.489s step_avg:1232.61ms
step:1770/3300 train_loss:3.50380 train_time:2181.715s step_avg:1232.61ms
step:1771/3300 train_loss:3.50958 train_time:2182.944s step_avg:1232.61ms
step:1772/3300 train_loss:3.46104 train_time:2184.176s step_avg:1232.60ms
step:1773/3300 train_loss:3.52936 train_time:2185.410s step_avg:1232.61ms
step:1774/3300 train_loss:3.51478 train_time:2186.630s step_avg:1232.60ms
step:1775/3300 train_loss:3.53078 train_time:2187.856s step_avg:1232.60ms
step:1776/3300 train_loss:3.53579 train_time:2189.086s step_avg:1232.59ms
step:1777/3300 train_loss:3.53676 train_time:2190.316s step_avg:1232.59ms
step:1778/3300 train_loss:3.53466 train_time:2191.556s step_avg:1232.60ms
step:1779/3300 train_loss:3.55624 train_time:2192.787s step_avg:1232.60ms
step:1780/3300 train_loss:3.48554 train_time:2194.018s step_avg:1232.59ms
step:1781/3300 train_loss:3.46744 train_time:2195.253s step_avg:1232.60ms
step:1782/3300 train_loss:3.49357 train_time:2196.480s step_avg:1232.59ms
step:1783/3300 train_loss:3.52295 train_time:2197.710s step_avg:1232.59ms
step:1784/3300 train_loss:3.42186 train_time:2198.936s step_avg:1232.59ms
step:1785/3300 train_loss:3.53191 train_time:2200.175s step_avg:1232.59ms
step:1786/3300 train_loss:3.52580 train_time:2201.413s step_avg:1232.59ms
step:1787/3300 train_loss:3.56694 train_time:2202.634s step_avg:1232.59ms
step:1788/3300 train_loss:3.45904 train_time:2203.853s step_avg:1232.58ms
step:1789/3300 train_loss:3.52347 train_time:2205.094s step_avg:1232.58ms
step:1790/3300 train_loss:3.44254 train_time:2206.321s step_avg:1232.58ms
step:1791/3300 train_loss:3.48899 train_time:2207.550s step_avg:1232.58ms
step:1792/3300 train_loss:3.50335 train_time:2208.778s step_avg:1232.58ms
step:1793/3300 train_loss:3.45066 train_time:2210.033s step_avg:1232.59ms
step:1794/3300 train_loss:3.52669 train_time:2211.260s step_avg:1232.59ms
step:1795/3300 train_loss:3.55372 train_time:2212.500s step_avg:1232.59ms
step:1796/3300 train_loss:3.54863 train_time:2213.730s step_avg:1232.59ms
step:1797/3300 train_loss:3.52143 train_time:2214.972s step_avg:1232.59ms
step:1798/3300 train_loss:3.53144 train_time:2216.201s step_avg:1232.59ms
step:1799/3300 train_loss:3.54967 train_time:2217.430s step_avg:1232.59ms
step:1800/3300 train_loss:3.47528 train_time:2218.658s step_avg:1232.59ms
step:1801/3300 train_loss:3.51855 train_time:2219.890s step_avg:1232.59ms
step:1802/3300 train_loss:3.46230 train_time:2221.128s step_avg:1232.59ms
step:1803/3300 train_loss:3.52368 train_time:2222.356s step_avg:1232.59ms
step:1804/3300 train_loss:3.48453 train_time:2223.572s step_avg:1232.58ms
step:1805/3300 train_loss:3.49913 train_time:2224.802s step_avg:1232.58ms
step:1806/3300 train_loss:3.50928 train_time:2226.033s step_avg:1232.58ms
step:1807/3300 train_loss:3.47440 train_time:2227.259s step_avg:1232.57ms
step:1808/3300 train_loss:3.53155 train_time:2228.483s step_avg:1232.57ms
step:1809/3300 train_loss:3.55555 train_time:2229.732s step_avg:1232.58ms
step:1810/3300 train_loss:3.50406 train_time:2230.964s step_avg:1232.58ms
step:1811/3300 train_loss:3.46816 train_time:2232.196s step_avg:1232.58ms
step:1812/3300 train_loss:3.47748 train_time:2233.421s step_avg:1232.57ms
step:1813/3300 train_loss:3.50659 train_time:2234.648s step_avg:1232.57ms
step:1814/3300 train_loss:3.46538 train_time:2235.879s step_avg:1232.57ms
step:1815/3300 train_loss:3.52645 train_time:2237.112s step_avg:1232.57ms
step:1816/3300 train_loss:3.47830 train_time:2238.341s step_avg:1232.57ms
step:1817/3300 train_loss:3.46622 train_time:2239.575s step_avg:1232.57ms
step:1818/3300 train_loss:3.47342 train_time:2240.802s step_avg:1232.56ms
step:1819/3300 train_loss:3.50101 train_time:2242.033s step_avg:1232.56ms
step:1820/3300 train_loss:3.46312 train_time:2243.262s step_avg:1232.56ms
step:1821/3300 train_loss:3.49418 train_time:2244.492s step_avg:1232.56ms
step:1822/3300 train_loss:3.45438 train_time:2245.725s step_avg:1232.56ms
step:1823/3300 train_loss:3.51085 train_time:2246.952s step_avg:1232.56ms
step:1824/3300 train_loss:3.52697 train_time:2248.179s step_avg:1232.55ms
step:1825/3300 train_loss:3.63092 train_time:2249.399s step_avg:1232.55ms
step:1826/3300 train_loss:3.46909 train_time:2250.647s step_avg:1232.56ms
step:1827/3300 train_loss:3.45981 train_time:2251.881s step_avg:1232.56ms
step:1828/3300 train_loss:3.52597 train_time:2253.100s step_avg:1232.55ms
step:1829/3300 train_loss:3.46219 train_time:2254.327s step_avg:1232.55ms
step:1830/3300 train_loss:3.49058 train_time:2255.570s step_avg:1232.55ms
step:1831/3300 train_loss:3.45554 train_time:2256.799s step_avg:1232.55ms
step:1832/3300 train_loss:3.47876 train_time:2258.021s step_avg:1232.54ms
step:1833/3300 train_loss:3.53742 train_time:2259.242s step_avg:1232.54ms
step:1834/3300 train_loss:3.49701 train_time:2260.467s step_avg:1232.53ms
step:1835/3300 train_loss:3.54561 train_time:2261.704s step_avg:1232.54ms
step:1836/3300 train_loss:3.47786 train_time:2262.938s step_avg:1232.54ms
step:1837/3300 train_loss:3.47314 train_time:2264.167s step_avg:1232.54ms
step:1838/3300 train_loss:3.44557 train_time:2265.401s step_avg:1232.54ms
step:1839/3300 train_loss:3.50085 train_time:2266.623s step_avg:1232.53ms
step:1840/3300 train_loss:3.46579 train_time:2267.850s step_avg:1232.53ms
step:1841/3300 train_loss:3.56387 train_time:2269.079s step_avg:1232.53ms
step:1842/3300 train_loss:3.48958 train_time:2270.309s step_avg:1232.52ms
step:1843/3300 train_loss:3.44889 train_time:2271.546s step_avg:1232.53ms
step:1844/3300 train_loss:3.44632 train_time:2272.777s step_avg:1232.53ms
step:1845/3300 train_loss:3.46539 train_time:2273.999s step_avg:1232.52ms
step:1846/3300 train_loss:3.49262 train_time:2275.229s step_avg:1232.52ms
step:1847/3300 train_loss:3.49043 train_time:2276.460s step_avg:1232.52ms
step:1848/3300 train_loss:3.48416 train_time:2277.695s step_avg:1232.52ms
step:1849/3300 train_loss:3.51549 train_time:2278.928s step_avg:1232.52ms
step:1850/3300 train_loss:3.46447 train_time:2280.161s step_avg:1232.52ms
step:1851/3300 train_loss:3.49424 train_time:2281.388s step_avg:1232.52ms
step:1852/3300 train_loss:3.46976 train_time:2282.614s step_avg:1232.51ms
step:1853/3300 train_loss:3.52500 train_time:2283.844s step_avg:1232.51ms
step:1854/3300 train_loss:3.47179 train_time:2285.077s step_avg:1232.51ms
step:1855/3300 train_loss:3.45577 train_time:2286.311s step_avg:1232.51ms
step:1856/3300 train_loss:3.47508 train_time:2287.548s step_avg:1232.52ms
step:1857/3300 train_loss:3.50760 train_time:2288.781s step_avg:1232.52ms
step:1858/3300 train_loss:3.52306 train_time:2290.013s step_avg:1232.51ms
step:1859/3300 train_loss:3.48278 train_time:2291.248s step_avg:1232.52ms
step:1860/3300 train_loss:3.42814 train_time:2292.480s step_avg:1232.52ms
step:1861/3300 train_loss:3.47698 train_time:2293.705s step_avg:1232.51ms
step:1862/3300 train_loss:3.51301 train_time:2294.935s step_avg:1232.51ms
step:1863/3300 train_loss:3.55020 train_time:2296.169s step_avg:1232.51ms
step:1864/3300 train_loss:3.51633 train_time:2297.400s step_avg:1232.51ms
step:1865/3300 train_loss:3.44668 train_time:2298.629s step_avg:1232.51ms
step:1866/3300 train_loss:3.46702 train_time:2299.854s step_avg:1232.50ms
step:1867/3300 train_loss:3.48762 train_time:2301.083s step_avg:1232.50ms
step:1868/3300 train_loss:3.57110 train_time:2302.311s step_avg:1232.50ms
step:1869/3300 train_loss:3.43502 train_time:2303.546s step_avg:1232.50ms
step:1870/3300 train_loss:3.48609 train_time:2304.768s step_avg:1232.50ms
step:1871/3300 train_loss:3.52160 train_time:2305.999s step_avg:1232.50ms
step:1872/3300 train_loss:3.45899 train_time:2307.226s step_avg:1232.49ms
step:1873/3300 train_loss:3.49212 train_time:2308.462s step_avg:1232.49ms
step:1874/3300 train_loss:3.47157 train_time:2309.688s step_avg:1232.49ms
step:1875/3300 train_loss:3.54703 train_time:2310.920s step_avg:1232.49ms
step:1875/3300 val_loss:3.47106 train_time:2310.921s step_avg:1230.35ms
step:1876/3300 train_loss:3.51561 train_time:2312.154s step_avg:1232.49ms
step:1877/3300 train_loss:3.53276 train_time:2313.387s step_avg:1232.49ms
step:1878/3300 train_loss:3.56992 train_time:2314.612s step_avg:1232.49ms
step:1879/3300 train_loss:3.57017 train_time:2315.843s step_avg:1232.49ms
step:1880/3300 train_loss:3.47098 train_time:2317.089s step_avg:1232.49ms
step:1881/3300 train_loss:3.40448 train_time:2318.318s step_avg:1232.49ms
step:1882/3300 train_loss:3.48685 train_time:2319.550s step_avg:1232.49ms
step:1883/3300 train_loss:3.44627 train_time:2320.772s step_avg:1232.49ms
step:1884/3300 train_loss:3.48386 train_time:2322.004s step_avg:1232.49ms
step:1885/3300 train_loss:3.47903 train_time:2323.234s step_avg:1232.48ms
step:1886/3300 train_loss:3.43364 train_time:2324.464s step_avg:1232.48ms
step:1887/3300 train_loss:3.47710 train_time:2325.688s step_avg:1232.48ms
step:1888/3300 train_loss:3.43833 train_time:2326.911s step_avg:1232.47ms
step:1889/3300 train_loss:3.47180 train_time:2328.145s step_avg:1232.47ms
step:1890/3300 train_loss:3.49337 train_time:2329.369s step_avg:1232.47ms
step:1891/3300 train_loss:3.51436 train_time:2330.600s step_avg:1232.47ms
step:1892/3300 train_loss:3.41885 train_time:2331.830s step_avg:1232.47ms
step:1893/3300 train_loss:3.49395 train_time:2333.063s step_avg:1232.47ms
step:1894/3300 train_loss:3.48170 train_time:2334.294s step_avg:1232.47ms
step:1895/3300 train_loss:3.43815 train_time:2335.525s step_avg:1232.47ms
step:1896/3300 train_loss:3.53542 train_time:2336.748s step_avg:1232.46ms
step:1897/3300 train_loss:3.52181 train_time:2337.979s step_avg:1232.46ms
step:1898/3300 train_loss:3.43653 train_time:2339.207s step_avg:1232.46ms
step:1899/3300 train_loss:3.43093 train_time:2340.433s step_avg:1232.46ms
step:1900/3300 train_loss:3.45333 train_time:2341.667s step_avg:1232.46ms
step:1901/3300 train_loss:3.41325 train_time:2342.931s step_avg:1232.47ms
step:1902/3300 train_loss:3.49535 train_time:2344.165s step_avg:1232.47ms
step:1903/3300 train_loss:3.51899 train_time:2345.401s step_avg:1232.48ms
step:1904/3300 train_loss:3.46952 train_time:2346.631s step_avg:1232.47ms
step:1905/3300 train_loss:3.45687 train_time:2347.863s step_avg:1232.47ms
step:1906/3300 train_loss:3.50059 train_time:2349.088s step_avg:1232.47ms
step:1907/3300 train_loss:3.45965 train_time:2350.313s step_avg:1232.47ms
step:1908/3300 train_loss:3.47788 train_time:2351.546s step_avg:1232.47ms
step:1909/3300 train_loss:3.42054 train_time:2352.778s step_avg:1232.47ms
step:1910/3300 train_loss:3.50981 train_time:2354.011s step_avg:1232.47ms
step:1911/3300 train_loss:3.48484 train_time:2355.243s step_avg:1232.47ms
step:1912/3300 train_loss:3.40141 train_time:2356.471s step_avg:1232.46ms
step:1913/3300 train_loss:3.51760 train_time:2357.709s step_avg:1232.47ms
step:1914/3300 train_loss:3.60812 train_time:2358.933s step_avg:1232.46ms
step:1915/3300 train_loss:3.44242 train_time:2360.156s step_avg:1232.46ms
step:1916/3300 train_loss:3.41865 train_time:2361.383s step_avg:1232.45ms
step:1917/3300 train_loss:3.51469 train_time:2362.640s step_avg:1232.47ms
step:1918/3300 train_loss:3.50804 train_time:2363.874s step_avg:1232.47ms
step:1919/3300 train_loss:3.50297 train_time:2365.096s step_avg:1232.46ms
step:1920/3300 train_loss:3.44193 train_time:2366.327s step_avg:1232.46ms
step:1921/3300 train_loss:3.48151 train_time:2367.554s step_avg:1232.46ms
step:1922/3300 train_loss:3.43091 train_time:2368.777s step_avg:1232.45ms
step:1923/3300 train_loss:3.47318 train_time:2370.006s step_avg:1232.45ms
step:1924/3300 train_loss:3.51061 train_time:2371.236s step_avg:1232.45ms
step:1925/3300 train_loss:3.44540 train_time:2372.478s step_avg:1232.46ms
step:1926/3300 train_loss:3.46727 train_time:2373.714s step_avg:1232.46ms
step:1927/3300 train_loss:3.49372 train_time:2374.939s step_avg:1232.45ms
step:1928/3300 train_loss:3.54615 train_time:2376.168s step_avg:1232.45ms
step:1929/3300 train_loss:3.48046 train_time:2377.397s step_avg:1232.45ms
step:1930/3300 train_loss:3.49668 train_time:2378.629s step_avg:1232.45ms
step:1931/3300 train_loss:3.39384 train_time:2379.856s step_avg:1232.45ms
step:1932/3300 train_loss:3.81131 train_time:2381.084s step_avg:1232.45ms
step:1933/3300 train_loss:3.51531 train_time:2382.333s step_avg:1232.45ms
step:1934/3300 train_loss:3.48514 train_time:2383.560s step_avg:1232.45ms
step:1935/3300 train_loss:3.51566 train_time:2384.790s step_avg:1232.45ms
step:1936/3300 train_loss:3.48526 train_time:2386.015s step_avg:1232.45ms
step:1937/3300 train_loss:3.50693 train_time:2387.248s step_avg:1232.45ms
step:1938/3300 train_loss:3.43588 train_time:2388.482s step_avg:1232.45ms
step:1939/3300 train_loss:3.44605 train_time:2389.715s step_avg:1232.45ms
step:1940/3300 train_loss:3.50388 train_time:2390.946s step_avg:1232.45ms
step:1941/3300 train_loss:3.48799 train_time:2392.184s step_avg:1232.45ms
step:1942/3300 train_loss:3.40679 train_time:2393.448s step_avg:1232.47ms
step:1943/3300 train_loss:3.53715 train_time:2394.676s step_avg:1232.46ms
step:1944/3300 train_loss:3.41940 train_time:2395.894s step_avg:1232.46ms
step:1945/3300 train_loss:3.50723 train_time:2397.128s step_avg:1232.46ms
step:1946/3300 train_loss:3.49679 train_time:2398.358s step_avg:1232.46ms
step:1947/3300 train_loss:3.43562 train_time:2399.582s step_avg:1232.45ms
step:1948/3300 train_loss:3.48749 train_time:2400.811s step_avg:1232.45ms
step:1949/3300 train_loss:3.40106 train_time:2402.039s step_avg:1232.45ms
step:1950/3300 train_loss:3.52980 train_time:2403.276s step_avg:1232.45ms
step:1951/3300 train_loss:3.49983 train_time:2404.502s step_avg:1232.45ms
step:1952/3300 train_loss:3.55456 train_time:2405.732s step_avg:1232.44ms
step:1953/3300 train_loss:3.42351 train_time:2406.969s step_avg:1232.45ms
step:1954/3300 train_loss:3.46626 train_time:2408.198s step_avg:1232.45ms
step:1955/3300 train_loss:3.48779 train_time:2409.431s step_avg:1232.45ms
step:1956/3300 train_loss:3.45010 train_time:2410.661s step_avg:1232.44ms
step:1957/3300 train_loss:3.47242 train_time:2411.899s step_avg:1232.45ms
step:1958/3300 train_loss:3.50179 train_time:2413.142s step_avg:1232.45ms
step:1959/3300 train_loss:3.55145 train_time:2414.373s step_avg:1232.45ms
step:1960/3300 train_loss:3.42979 train_time:2415.600s step_avg:1232.45ms
step:1961/3300 train_loss:3.49266 train_time:2416.830s step_avg:1232.45ms
step:1962/3300 train_loss:3.44163 train_time:2418.068s step_avg:1232.45ms
step:1963/3300 train_loss:3.47008 train_time:2419.294s step_avg:1232.45ms
step:1964/3300 train_loss:3.46550 train_time:2420.519s step_avg:1232.44ms
step:1965/3300 train_loss:3.46856 train_time:2421.748s step_avg:1232.44ms
step:1966/3300 train_loss:3.52932 train_time:2422.984s step_avg:1232.44ms
step:1967/3300 train_loss:3.42431 train_time:2424.225s step_avg:1232.45ms
step:1968/3300 train_loss:3.48154 train_time:2425.457s step_avg:1232.45ms
step:1969/3300 train_loss:3.43194 train_time:2426.682s step_avg:1232.44ms
step:1970/3300 train_loss:3.46218 train_time:2427.920s step_avg:1232.45ms
step:1971/3300 train_loss:3.48440 train_time:2429.145s step_avg:1232.44ms
step:1972/3300 train_loss:3.44066 train_time:2430.376s step_avg:1232.44ms
step:1973/3300 train_loss:3.42931 train_time:2431.602s step_avg:1232.44ms
step:1974/3300 train_loss:3.44355 train_time:2432.835s step_avg:1232.44ms
step:1975/3300 train_loss:3.46033 train_time:2434.060s step_avg:1232.44ms
step:1976/3300 train_loss:3.47077 train_time:2435.283s step_avg:1232.43ms
step:1977/3300 train_loss:3.50900 train_time:2436.514s step_avg:1232.43ms
step:1978/3300 train_loss:3.50600 train_time:2437.743s step_avg:1232.43ms
step:1979/3300 train_loss:3.49093 train_time:2438.974s step_avg:1232.43ms
step:1980/3300 train_loss:3.48693 train_time:2440.198s step_avg:1232.42ms
step:1981/3300 train_loss:3.44880 train_time:2441.423s step_avg:1232.42ms
step:1982/3300 train_loss:3.46926 train_time:2442.657s step_avg:1232.42ms
step:1983/3300 train_loss:3.61129 train_time:2443.883s step_avg:1232.42ms
step:1984/3300 train_loss:3.42088 train_time:2445.108s step_avg:1232.41ms
step:1985/3300 train_loss:3.44093 train_time:2446.339s step_avg:1232.41ms
step:1986/3300 train_loss:3.44273 train_time:2447.569s step_avg:1232.41ms
step:1987/3300 train_loss:3.45409 train_time:2448.800s step_avg:1232.41ms
step:1988/3300 train_loss:3.47528 train_time:2450.027s step_avg:1232.41ms
step:1989/3300 train_loss:3.44232 train_time:2451.255s step_avg:1232.41ms
step:1990/3300 train_loss:3.48008 train_time:2452.496s step_avg:1232.41ms
step:1991/3300 train_loss:3.46145 train_time:2453.727s step_avg:1232.41ms
step:1992/3300 train_loss:3.44652 train_time:2454.961s step_avg:1232.41ms
step:1993/3300 train_loss:3.54541 train_time:2456.181s step_avg:1232.40ms
step:1994/3300 train_loss:3.47003 train_time:2457.403s step_avg:1232.40ms
step:1995/3300 train_loss:3.46264 train_time:2458.638s step_avg:1232.40ms
step:1996/3300 train_loss:3.52344 train_time:2459.865s step_avg:1232.40ms
step:1997/3300 train_loss:3.58256 train_time:2461.094s step_avg:1232.40ms
step:1998/3300 train_loss:3.46954 train_time:2462.329s step_avg:1232.40ms
step:1999/3300 train_loss:3.52858 train_time:2463.563s step_avg:1232.40ms
step:2000/3300 train_loss:3.43650 train_time:2464.796s step_avg:1232.40ms
step:2000/3300 val_loss:3.45058 train_time:2464.796s step_avg:1231.00ms
step:2001/3300 train_loss:3.49525 train_time:2466.038s step_avg:1232.40ms
step:2002/3300 train_loss:3.46557 train_time:2467.260s step_avg:1232.40ms
step:2003/3300 train_loss:3.45171 train_time:2468.483s step_avg:1232.39ms
step:2004/3300 train_loss:3.59965 train_time:2469.713s step_avg:1232.39ms
step:2005/3300 train_loss:3.43779 train_time:2470.941s step_avg:1232.39ms
step:2006/3300 train_loss:3.46507 train_time:2472.163s step_avg:1232.38ms
step:2007/3300 train_loss:3.46716 train_time:2473.381s step_avg:1232.38ms
step:2008/3300 train_loss:3.40338 train_time:2474.605s step_avg:1232.37ms
step:2009/3300 train_loss:3.48096 train_time:2475.839s step_avg:1232.37ms
step:2010/3300 train_loss:3.47494 train_time:2477.063s step_avg:1232.37ms
step:2011/3300 train_loss:3.47646 train_time:2478.284s step_avg:1232.36ms
step:2012/3300 train_loss:3.44386 train_time:2479.537s step_avg:1232.37ms
step:2013/3300 train_loss:3.46710 train_time:2480.767s step_avg:1232.37ms
step:2014/3300 train_loss:3.47238 train_time:2481.998s step_avg:1232.37ms
step:2015/3300 train_loss:3.41752 train_time:2483.221s step_avg:1232.37ms
step:2016/3300 train_loss:3.50321 train_time:2484.451s step_avg:1232.37ms
step:2017/3300 train_loss:3.44384 train_time:2485.692s step_avg:1232.37ms
step:2018/3300 train_loss:3.52267 train_time:2486.923s step_avg:1232.37ms
step:2019/3300 train_loss:3.47918 train_time:2488.144s step_avg:1232.36ms
step:2020/3300 train_loss:3.40046 train_time:2489.368s step_avg:1232.36ms
step:2021/3300 train_loss:3.47357 train_time:2490.602s step_avg:1232.36ms
step:2022/3300 train_loss:3.37778 train_time:2491.831s step_avg:1232.36ms
step:2023/3300 train_loss:3.42643 train_time:2493.063s step_avg:1232.36ms
step:2024/3300 train_loss:3.45241 train_time:2494.301s step_avg:1232.36ms
step:2025/3300 train_loss:3.37977 train_time:2495.553s step_avg:1232.37ms
step:2026/3300 train_loss:3.45760 train_time:2496.785s step_avg:1232.37ms
step:2027/3300 train_loss:3.42041 train_time:2498.007s step_avg:1232.37ms
step:2028/3300 train_loss:3.45203 train_time:2499.233s step_avg:1232.36ms
step:2029/3300 train_loss:3.46185 train_time:2500.463s step_avg:1232.36ms
step:2030/3300 train_loss:3.47189 train_time:2501.688s step_avg:1232.36ms
step:2031/3300 train_loss:3.45888 train_time:2502.919s step_avg:1232.36ms
step:2032/3300 train_loss:3.46133 train_time:2504.146s step_avg:1232.36ms
step:2033/3300 train_loss:3.42918 train_time:2505.376s step_avg:1232.35ms
step:2034/3300 train_loss:3.47004 train_time:2506.617s step_avg:1232.36ms
step:2035/3300 train_loss:3.47158 train_time:2507.847s step_avg:1232.36ms
step:2036/3300 train_loss:3.41905 train_time:2509.079s step_avg:1232.36ms
step:2037/3300 train_loss:3.51671 train_time:2510.311s step_avg:1232.36ms
step:2038/3300 train_loss:3.45499 train_time:2511.538s step_avg:1232.35ms
step:2039/3300 train_loss:3.43653 train_time:2512.769s step_avg:1232.35ms
step:2040/3300 train_loss:3.46223 train_time:2513.994s step_avg:1232.35ms
step:2041/3300 train_loss:3.45497 train_time:2515.225s step_avg:1232.35ms
step:2042/3300 train_loss:3.45579 train_time:2516.448s step_avg:1232.34ms
step:2043/3300 train_loss:3.43237 train_time:2517.684s step_avg:1232.35ms
step:2044/3300 train_loss:3.46857 train_time:2518.906s step_avg:1232.34ms
step:2045/3300 train_loss:3.39641 train_time:2520.133s step_avg:1232.34ms
step:2046/3300 train_loss:3.47505 train_time:2521.357s step_avg:1232.33ms
step:2047/3300 train_loss:3.46567 train_time:2522.584s step_avg:1232.33ms
step:2048/3300 train_loss:3.45483 train_time:2523.811s step_avg:1232.33ms
step:2049/3300 train_loss:3.41605 train_time:2525.041s step_avg:1232.33ms
step:2050/3300 train_loss:3.49894 train_time:2526.273s step_avg:1232.33ms
step:2051/3300 train_loss:3.49947 train_time:2527.506s step_avg:1232.33ms
step:2052/3300 train_loss:3.45055 train_time:2528.725s step_avg:1232.32ms
step:2053/3300 train_loss:3.55119 train_time:2529.953s step_avg:1232.32ms
step:2054/3300 train_loss:3.45732 train_time:2531.185s step_avg:1232.32ms
step:2055/3300 train_loss:3.41911 train_time:2532.411s step_avg:1232.32ms
step:2056/3300 train_loss:3.47325 train_time:2533.642s step_avg:1232.32ms
step:2057/3300 train_loss:3.38007 train_time:2534.871s step_avg:1232.31ms
step:2058/3300 train_loss:3.48535 train_time:2536.107s step_avg:1232.32ms
step:2059/3300 train_loss:3.49057 train_time:2537.329s step_avg:1232.31ms
step:2060/3300 train_loss:3.35227 train_time:2538.551s step_avg:1232.31ms
step:2061/3300 train_loss:3.41667 train_time:2539.781s step_avg:1232.31ms
step:2062/3300 train_loss:3.46471 train_time:2541.008s step_avg:1232.30ms
step:2063/3300 train_loss:3.46895 train_time:2542.230s step_avg:1232.30ms
step:2064/3300 train_loss:3.46009 train_time:2543.451s step_avg:1232.29ms
step:2065/3300 train_loss:3.46865 train_time:2544.684s step_avg:1232.29ms
step:2066/3300 train_loss:3.43245 train_time:2545.914s step_avg:1232.29ms
step:2067/3300 train_loss:3.45942 train_time:2547.143s step_avg:1232.29ms
step:2068/3300 train_loss:3.43834 train_time:2548.369s step_avg:1232.29ms
step:2069/3300 train_loss:3.53317 train_time:2549.600s step_avg:1232.29ms
step:2070/3300 train_loss:3.47749 train_time:2550.832s step_avg:1232.29ms
step:2071/3300 train_loss:3.48171 train_time:2552.067s step_avg:1232.29ms
step:2072/3300 train_loss:3.46040 train_time:2553.292s step_avg:1232.28ms
step:2073/3300 train_loss:3.52739 train_time:2554.541s step_avg:1232.29ms
step:2074/3300 train_loss:3.49116 train_time:2555.794s step_avg:1232.30ms
step:2075/3300 train_loss:3.49583 train_time:2557.025s step_avg:1232.30ms
step:2076/3300 train_loss:3.46698 train_time:2558.252s step_avg:1232.30ms
step:2077/3300 train_loss:3.45190 train_time:2559.489s step_avg:1232.30ms
step:2078/3300 train_loss:3.40738 train_time:2560.717s step_avg:1232.30ms
step:2079/3300 train_loss:3.43076 train_time:2561.953s step_avg:1232.30ms
step:2080/3300 train_loss:3.52369 train_time:2563.188s step_avg:1232.30ms
step:2081/3300 train_loss:3.47064 train_time:2564.416s step_avg:1232.30ms
step:2082/3300 train_loss:3.42573 train_time:2565.660s step_avg:1232.31ms
step:2083/3300 train_loss:3.40369 train_time:2566.897s step_avg:1232.31ms
step:2084/3300 train_loss:3.41032 train_time:2568.125s step_avg:1232.31ms
step:2085/3300 train_loss:3.47352 train_time:2569.355s step_avg:1232.30ms
step:2086/3300 train_loss:3.44478 train_time:2570.588s step_avg:1232.30ms
step:2087/3300 train_loss:3.43634 train_time:2571.814s step_avg:1232.30ms
step:2088/3300 train_loss:3.48958 train_time:2573.031s step_avg:1232.29ms
step:2089/3300 train_loss:3.41331 train_time:2574.272s step_avg:1232.30ms
step:2090/3300 train_loss:3.41395 train_time:2575.502s step_avg:1232.30ms
step:2091/3300 train_loss:3.47223 train_time:2576.766s step_avg:1232.31ms
step:2092/3300 train_loss:3.46594 train_time:2577.994s step_avg:1232.31ms
step:2093/3300 train_loss:3.42732 train_time:2579.233s step_avg:1232.31ms
step:2094/3300 train_loss:3.52649 train_time:2580.466s step_avg:1232.31ms
step:2095/3300 train_loss:3.44437 train_time:2581.695s step_avg:1232.31ms
step:2096/3300 train_loss:3.45612 train_time:2582.938s step_avg:1232.32ms
step:2097/3300 train_loss:3.45800 train_time:2584.167s step_avg:1232.32ms
step:2098/3300 train_loss:3.41645 train_time:2585.397s step_avg:1232.32ms
step:2099/3300 train_loss:3.43093 train_time:2586.635s step_avg:1232.32ms
step:2100/3300 train_loss:3.53683 train_time:2587.859s step_avg:1232.31ms
step:2101/3300 train_loss:3.44026 train_time:2589.089s step_avg:1232.31ms
step:2102/3300 train_loss:3.44461 train_time:2590.316s step_avg:1232.31ms
step:2103/3300 train_loss:3.41347 train_time:2591.547s step_avg:1232.31ms
step:2104/3300 train_loss:3.49145 train_time:2592.778s step_avg:1232.31ms
step:2105/3300 train_loss:3.44113 train_time:2594.008s step_avg:1232.31ms
step:2106/3300 train_loss:3.42956 train_time:2595.237s step_avg:1232.31ms
step:2107/3300 train_loss:3.45677 train_time:2596.498s step_avg:1232.32ms
step:2108/3300 train_loss:3.48563 train_time:2597.728s step_avg:1232.32ms
step:2109/3300 train_loss:3.45877 train_time:2598.952s step_avg:1232.32ms
step:2110/3300 train_loss:3.38153 train_time:2600.179s step_avg:1232.31ms
step:2111/3300 train_loss:3.44048 train_time:2601.410s step_avg:1232.31ms
step:2112/3300 train_loss:3.40446 train_time:2602.638s step_avg:1232.31ms
step:2113/3300 train_loss:3.41694 train_time:2603.870s step_avg:1232.31ms
step:2114/3300 train_loss:3.44705 train_time:2605.096s step_avg:1232.31ms
step:2115/3300 train_loss:3.46327 train_time:2606.330s step_avg:1232.31ms
step:2116/3300 train_loss:3.49996 train_time:2607.554s step_avg:1232.30ms
step:2117/3300 train_loss:3.43552 train_time:2608.782s step_avg:1232.30ms
step:2118/3300 train_loss:3.50681 train_time:2610.017s step_avg:1232.30ms
step:2119/3300 train_loss:3.41660 train_time:2611.236s step_avg:1232.30ms
step:2120/3300 train_loss:3.42133 train_time:2612.466s step_avg:1232.30ms
step:2121/3300 train_loss:3.38113 train_time:2613.694s step_avg:1232.29ms
step:2122/3300 train_loss:3.42900 train_time:2614.921s step_avg:1232.29ms
step:2123/3300 train_loss:3.42400 train_time:2616.154s step_avg:1232.29ms
step:2124/3300 train_loss:3.48524 train_time:2617.379s step_avg:1232.29ms
step:2125/3300 train_loss:3.38450 train_time:2618.606s step_avg:1232.29ms
step:2125/3300 val_loss:3.43316 train_time:2618.607s step_avg:1230.48ms
step:2126/3300 train_loss:3.49116 train_time:2619.837s step_avg:1232.28ms
step:2127/3300 train_loss:3.46940 train_time:2621.060s step_avg:1232.28ms
step:2128/3300 train_loss:3.40553 train_time:2622.295s step_avg:1232.28ms
step:2129/3300 train_loss:3.44852 train_time:2623.521s step_avg:1232.28ms
step:2130/3300 train_loss:3.44185 train_time:2624.744s step_avg:1232.27ms
step:2131/3300 train_loss:3.48581 train_time:2625.968s step_avg:1232.27ms
step:2132/3300 train_loss:3.44266 train_time:2627.225s step_avg:1232.28ms
step:2133/3300 train_loss:3.39657 train_time:2628.463s step_avg:1232.28ms
step:2134/3300 train_loss:3.47301 train_time:2629.698s step_avg:1232.29ms
step:2135/3300 train_loss:3.43634 train_time:2630.922s step_avg:1232.28ms
step:2136/3300 train_loss:3.40839 train_time:2632.158s step_avg:1232.28ms
step:2137/3300 train_loss:3.45255 train_time:2633.383s step_avg:1232.28ms
step:2138/3300 train_loss:3.40547 train_time:2634.617s step_avg:1232.28ms
step:2139/3300 train_loss:3.45612 train_time:2635.843s step_avg:1232.28ms
step:2140/3300 train_loss:3.54302 train_time:2637.081s step_avg:1232.28ms
step:2141/3300 train_loss:3.47837 train_time:2638.327s step_avg:1232.29ms
step:2142/3300 train_loss:3.43388 train_time:2639.557s step_avg:1232.29ms
step:2143/3300 train_loss:3.41176 train_time:2640.784s step_avg:1232.28ms
step:2144/3300 train_loss:3.38958 train_time:2642.035s step_avg:1232.29ms
step:2145/3300 train_loss:3.49734 train_time:2643.265s step_avg:1232.29ms
step:2146/3300 train_loss:3.43963 train_time:2644.499s step_avg:1232.29ms
step:2147/3300 train_loss:3.52661 train_time:2645.723s step_avg:1232.29ms
step:2148/3300 train_loss:3.47405 train_time:2646.950s step_avg:1232.29ms
step:2149/3300 train_loss:3.41712 train_time:2648.188s step_avg:1232.29ms
step:2150/3300 train_loss:3.49865 train_time:2649.421s step_avg:1232.29ms
step:2151/3300 train_loss:3.43210 train_time:2650.646s step_avg:1232.29ms
step:2152/3300 train_loss:3.56627 train_time:2651.872s step_avg:1232.28ms
step:2153/3300 train_loss:3.48391 train_time:2653.104s step_avg:1232.28ms
step:2154/3300 train_loss:3.51910 train_time:2654.336s step_avg:1232.28ms
step:2155/3300 train_loss:3.41347 train_time:2655.562s step_avg:1232.28ms
step:2156/3300 train_loss:3.40798 train_time:2656.790s step_avg:1232.28ms
step:2157/3300 train_loss:3.43452 train_time:2658.030s step_avg:1232.28ms
step:2158/3300 train_loss:3.39850 train_time:2659.262s step_avg:1232.28ms
step:2159/3300 train_loss:3.50851 train_time:2660.487s step_avg:1232.28ms
step:2160/3300 train_loss:3.51298 train_time:2661.726s step_avg:1232.28ms
step:2161/3300 train_loss:3.43452 train_time:2662.960s step_avg:1232.28ms
step:2162/3300 train_loss:3.39047 train_time:2664.187s step_avg:1232.28ms
step:2163/3300 train_loss:3.53936 train_time:2665.419s step_avg:1232.28ms
step:2164/3300 train_loss:3.44292 train_time:2666.652s step_avg:1232.28ms
step:2165/3300 train_loss:3.48783 train_time:2667.908s step_avg:1232.29ms
step:2166/3300 train_loss:3.48765 train_time:2669.150s step_avg:1232.29ms
step:2167/3300 train_loss:3.44259 train_time:2670.382s step_avg:1232.29ms
step:2168/3300 train_loss:3.44365 train_time:2671.604s step_avg:1232.29ms
step:2169/3300 train_loss:3.49052 train_time:2672.837s step_avg:1232.29ms
step:2170/3300 train_loss:3.45244 train_time:2674.068s step_avg:1232.29ms
step:2171/3300 train_loss:3.47560 train_time:2675.299s step_avg:1232.29ms
step:2172/3300 train_loss:3.42987 train_time:2676.545s step_avg:1232.30ms
step:2173/3300 train_loss:3.48747 train_time:2677.771s step_avg:1232.29ms
step:2174/3300 train_loss:3.46377 train_time:2679.009s step_avg:1232.29ms
step:2175/3300 train_loss:3.42505 train_time:2680.246s step_avg:1232.30ms
step:2176/3300 train_loss:3.43055 train_time:2681.472s step_avg:1232.29ms
step:2177/3300 train_loss:3.48771 train_time:2682.708s step_avg:1232.30ms
step:2178/3300 train_loss:3.36541 train_time:2683.940s step_avg:1232.30ms
step:2179/3300 train_loss:3.43123 train_time:2685.170s step_avg:1232.29ms
step:2180/3300 train_loss:3.45926 train_time:2686.402s step_avg:1232.29ms
step:2181/3300 train_loss:3.45705 train_time:2687.629s step_avg:1232.29ms
step:2182/3300 train_loss:3.41873 train_time:2688.865s step_avg:1232.29ms
step:2183/3300 train_loss:3.39481 train_time:2690.097s step_avg:1232.29ms
step:2184/3300 train_loss:3.45222 train_time:2691.329s step_avg:1232.29ms
step:2185/3300 train_loss:3.49389 train_time:2692.566s step_avg:1232.30ms
step:2186/3300 train_loss:3.35847 train_time:2693.790s step_avg:1232.29ms
step:2187/3300 train_loss:3.42367 train_time:2695.025s step_avg:1232.29ms
step:2188/3300 train_loss:3.36626 train_time:2696.246s step_avg:1232.29ms
step:2189/3300 train_loss:3.40339 train_time:2697.486s step_avg:1232.29ms
step:2190/3300 train_loss:3.44448 train_time:2698.724s step_avg:1232.29ms
step:2191/3300 train_loss:3.38442 train_time:2699.949s step_avg:1232.29ms
step:2192/3300 train_loss:3.48414 train_time:2701.181s step_avg:1232.29ms
step:2193/3300 train_loss:3.44669 train_time:2702.410s step_avg:1232.29ms
step:2194/3300 train_loss:3.46432 train_time:2703.645s step_avg:1232.29ms
step:2195/3300 train_loss:3.39564 train_time:2704.864s step_avg:1232.28ms
step:2196/3300 train_loss:3.40121 train_time:2706.093s step_avg:1232.28ms
step:2197/3300 train_loss:3.44484 train_time:2707.330s step_avg:1232.28ms
step:2198/3300 train_loss:3.42732 train_time:2708.563s step_avg:1232.29ms
step:2199/3300 train_loss:3.40901 train_time:2709.791s step_avg:1232.28ms
step:2200/3300 train_loss:3.45354 train_time:2711.025s step_avg:1232.28ms
step:2201/3300 train_loss:3.39183 train_time:2712.251s step_avg:1232.28ms
step:2202/3300 train_loss:3.64695 train_time:2713.482s step_avg:1232.28ms
step:2203/3300 train_loss:3.50191 train_time:2714.712s step_avg:1232.28ms
step:2204/3300 train_loss:3.40269 train_time:2715.944s step_avg:1232.28ms
step:2205/3300 train_loss:3.45752 train_time:2717.176s step_avg:1232.28ms
step:2206/3300 train_loss:3.46149 train_time:2718.409s step_avg:1232.28ms
step:2207/3300 train_loss:3.51419 train_time:2719.648s step_avg:1232.28ms
step:2208/3300 train_loss:3.45710 train_time:2720.873s step_avg:1232.28ms
step:2209/3300 train_loss:3.39744 train_time:2722.108s step_avg:1232.28ms
step:2210/3300 train_loss:3.41811 train_time:2723.334s step_avg:1232.28ms
step:2211/3300 train_loss:3.40063 train_time:2724.564s step_avg:1232.28ms
step:2212/3300 train_loss:3.46682 train_time:2725.790s step_avg:1232.27ms
step:2213/3300 train_loss:3.37187 train_time:2727.024s step_avg:1232.27ms
step:2214/3300 train_loss:3.42437 train_time:2728.257s step_avg:1232.27ms
step:2215/3300 train_loss:3.46860 train_time:2729.489s step_avg:1232.28ms
step:2216/3300 train_loss:3.47855 train_time:2730.714s step_avg:1232.27ms
step:2217/3300 train_loss:3.43381 train_time:2731.950s step_avg:1232.27ms
step:2218/3300 train_loss:3.39407 train_time:2733.186s step_avg:1232.27ms
step:2219/3300 train_loss:3.45468 train_time:2734.413s step_avg:1232.27ms
step:2220/3300 train_loss:3.43805 train_time:2735.646s step_avg:1232.27ms
step:2221/3300 train_loss:3.48509 train_time:2736.876s step_avg:1232.27ms
step:2222/3300 train_loss:3.43326 train_time:2738.112s step_avg:1232.27ms
step:2223/3300 train_loss:3.44973 train_time:2739.348s step_avg:1232.28ms
step:2224/3300 train_loss:3.51644 train_time:2740.571s step_avg:1232.27ms
step:2225/3300 train_loss:3.39746 train_time:2741.824s step_avg:1232.28ms
step:2226/3300 train_loss:3.45108 train_time:2743.057s step_avg:1232.28ms
step:2227/3300 train_loss:3.46301 train_time:2744.287s step_avg:1232.28ms
step:2228/3300 train_loss:3.41242 train_time:2745.512s step_avg:1232.28ms
step:2229/3300 train_loss:3.46300 train_time:2746.742s step_avg:1232.28ms
step:2230/3300 train_loss:3.45082 train_time:2747.976s step_avg:1232.28ms
step:2231/3300 train_loss:3.44226 train_time:2749.213s step_avg:1232.28ms
step:2232/3300 train_loss:3.39497 train_time:2750.442s step_avg:1232.28ms
step:2233/3300 train_loss:3.41952 train_time:2751.678s step_avg:1232.28ms
step:2234/3300 train_loss:3.43291 train_time:2752.910s step_avg:1232.28ms
step:2235/3300 train_loss:3.38180 train_time:2754.132s step_avg:1232.27ms
step:2236/3300 train_loss:3.55139 train_time:2755.358s step_avg:1232.27ms
step:2237/3300 train_loss:3.41649 train_time:2756.590s step_avg:1232.27ms
step:2238/3300 train_loss:3.46027 train_time:2757.839s step_avg:1232.28ms
step:2239/3300 train_loss:3.37464 train_time:2759.073s step_avg:1232.28ms
step:2240/3300 train_loss:3.37168 train_time:2760.300s step_avg:1232.28ms
step:2241/3300 train_loss:3.43693 train_time:2761.535s step_avg:1232.28ms
step:2242/3300 train_loss:3.43855 train_time:2762.764s step_avg:1232.28ms
step:2243/3300 train_loss:3.42717 train_time:2763.993s step_avg:1232.27ms
step:2244/3300 train_loss:3.40731 train_time:2765.217s step_avg:1232.27ms
step:2245/3300 train_loss:3.38371 train_time:2766.448s step_avg:1232.27ms
step:2246/3300 train_loss:3.42955 train_time:2767.677s step_avg:1232.27ms
step:2247/3300 train_loss:3.39075 train_time:2768.921s step_avg:1232.27ms
step:2248/3300 train_loss:3.43984 train_time:2770.155s step_avg:1232.28ms
step:2249/3300 train_loss:3.44010 train_time:2771.378s step_avg:1232.27ms
step:2250/3300 train_loss:3.39533 train_time:2772.621s step_avg:1232.28ms
step:2250/3300 val_loss:3.41508 train_time:2772.621s step_avg:1232.12ms
step:2251/3300 train_loss:3.37955 train_time:2773.855s step_avg:1232.28ms
step:2252/3300 train_loss:3.49224 train_time:2775.113s step_avg:1232.29ms
step:2253/3300 train_loss:3.36121 train_time:2776.344s step_avg:1232.29ms
step:2254/3300 train_loss:3.40931 train_time:2777.573s step_avg:1232.29ms
step:2255/3300 train_loss:3.52054 train_time:2778.833s step_avg:1232.30ms
step:2256/3300 train_loss:3.43089 train_time:2780.074s step_avg:1232.30ms
step:2257/3300 train_loss:3.57231 train_time:2781.315s step_avg:1232.31ms
step:2258/3300 train_loss:3.45497 train_time:2782.553s step_avg:1232.31ms
step:2259/3300 train_loss:3.38347 train_time:2783.791s step_avg:1232.31ms
step:2260/3300 train_loss:3.42091 train_time:2785.027s step_avg:1232.31ms
step:2261/3300 train_loss:3.45453 train_time:2786.258s step_avg:1232.31ms
step:2262/3300 train_loss:3.40441 train_time:2787.489s step_avg:1232.31ms
step:2263/3300 train_loss:3.40672 train_time:2788.718s step_avg:1232.31ms
step:2264/3300 train_loss:3.41744 train_time:2789.973s step_avg:1232.32ms
step:2265/3300 train_loss:3.43751 train_time:2791.206s step_avg:1232.32ms
step:2266/3300 train_loss:3.40575 train_time:2792.435s step_avg:1232.32ms
step:2267/3300 train_loss:3.40516 train_time:2793.668s step_avg:1232.32ms
step:2268/3300 train_loss:3.37262 train_time:2794.896s step_avg:1232.32ms
step:2269/3300 train_loss:3.38578 train_time:2796.131s step_avg:1232.32ms
step:2270/3300 train_loss:3.45145 train_time:2797.365s step_avg:1232.32ms
step:2271/3300 train_loss:3.43238 train_time:2798.587s step_avg:1232.31ms
step:2272/3300 train_loss:3.41269 train_time:2799.815s step_avg:1232.31ms
step:2273/3300 train_loss:3.35941 train_time:2801.059s step_avg:1232.32ms
step:2274/3300 train_loss:3.43138 train_time:2802.290s step_avg:1232.32ms
step:2275/3300 train_loss:3.42056 train_time:2803.523s step_avg:1232.32ms
step:2276/3300 train_loss:3.36684 train_time:2804.754s step_avg:1232.32ms
step:2277/3300 train_loss:3.36301 train_time:2805.984s step_avg:1232.32ms
step:2278/3300 train_loss:3.44169 train_time:2807.212s step_avg:1232.31ms
step:2279/3300 train_loss:3.45041 train_time:2808.444s step_avg:1232.31ms
step:2280/3300 train_loss:3.37931 train_time:2809.672s step_avg:1232.31ms
step:2281/3300 train_loss:3.43982 train_time:2810.935s step_avg:1232.33ms
step:2282/3300 train_loss:3.41292 train_time:2812.168s step_avg:1232.33ms
step:2283/3300 train_loss:3.40040 train_time:2813.393s step_avg:1232.32ms
step:2284/3300 train_loss:3.47685 train_time:2814.627s step_avg:1232.32ms
step:2285/3300 train_loss:3.40340 train_time:2815.852s step_avg:1232.32ms
step:2286/3300 train_loss:3.43251 train_time:2817.082s step_avg:1232.32ms
step:2287/3300 train_loss:3.43961 train_time:2818.310s step_avg:1232.32ms
step:2288/3300 train_loss:3.48326 train_time:2819.540s step_avg:1232.32ms
step:2289/3300 train_loss:3.40822 train_time:2820.774s step_avg:1232.32ms
step:2290/3300 train_loss:3.38600 train_time:2822.007s step_avg:1232.32ms
step:2291/3300 train_loss:3.45013 train_time:2823.231s step_avg:1232.31ms
step:2292/3300 train_loss:3.42070 train_time:2824.466s step_avg:1232.32ms
step:2293/3300 train_loss:3.36507 train_time:2825.695s step_avg:1232.31ms
step:2294/3300 train_loss:3.45076 train_time:2826.924s step_avg:1232.31ms
step:2295/3300 train_loss:3.42777 train_time:2828.151s step_avg:1232.31ms
step:2296/3300 train_loss:3.42372 train_time:2829.384s step_avg:1232.31ms
step:2297/3300 train_loss:3.40766 train_time:2830.612s step_avg:1232.31ms
step:2298/3300 train_loss:3.45292 train_time:2831.845s step_avg:1232.31ms
step:2299/3300 train_loss:3.44300 train_time:2833.073s step_avg:1232.31ms
step:2300/3300 train_loss:3.42781 train_time:2834.305s step_avg:1232.31ms
step:2301/3300 train_loss:3.45227 train_time:2835.533s step_avg:1232.30ms
step:2302/3300 train_loss:3.36869 train_time:2836.759s step_avg:1232.30ms
step:2303/3300 train_loss:3.40864 train_time:2837.988s step_avg:1232.30ms
step:2304/3300 train_loss:3.35653 train_time:2839.215s step_avg:1232.30ms
step:2305/3300 train_loss:3.43757 train_time:2840.455s step_avg:1232.30ms
step:2306/3300 train_loss:3.34868 train_time:2841.690s step_avg:1232.30ms
step:2307/3300 train_loss:3.43221 train_time:2842.912s step_avg:1232.30ms
step:2308/3300 train_loss:3.45638 train_time:2844.163s step_avg:1232.31ms
step:2309/3300 train_loss:3.46155 train_time:2845.403s step_avg:1232.31ms
step:2310/3300 train_loss:3.34264 train_time:2846.632s step_avg:1232.31ms
step:2311/3300 train_loss:3.40503 train_time:2847.857s step_avg:1232.31ms
step:2312/3300 train_loss:3.44784 train_time:2849.105s step_avg:1232.31ms
step:2313/3300 train_loss:3.40133 train_time:2850.340s step_avg:1232.31ms
step:2314/3300 train_loss:3.41035 train_time:2851.574s step_avg:1232.31ms
step:2315/3300 train_loss:3.41063 train_time:2852.799s step_avg:1232.31ms
step:2316/3300 train_loss:3.39844 train_time:2854.031s step_avg:1232.31ms
step:2317/3300 train_loss:3.40277 train_time:2855.261s step_avg:1232.31ms
step:2318/3300 train_loss:3.36406 train_time:2856.492s step_avg:1232.31ms
step:2319/3300 train_loss:3.48546 train_time:2857.716s step_avg:1232.31ms
step:2320/3300 train_loss:3.45078 train_time:2858.951s step_avg:1232.31ms
step:2321/3300 train_loss:3.43871 train_time:2860.180s step_avg:1232.31ms
step:2322/3300 train_loss:3.43315 train_time:2861.418s step_avg:1232.31ms
step:2323/3300 train_loss:3.37959 train_time:2862.651s step_avg:1232.31ms
step:2324/3300 train_loss:3.39236 train_time:2863.877s step_avg:1232.31ms
step:2325/3300 train_loss:3.34449 train_time:2865.116s step_avg:1232.31ms
step:2326/3300 train_loss:3.41920 train_time:2866.349s step_avg:1232.31ms
step:2327/3300 train_loss:3.38323 train_time:2867.577s step_avg:1232.31ms
step:2328/3300 train_loss:3.41045 train_time:2868.816s step_avg:1232.31ms
step:2329/3300 train_loss:3.57040 train_time:2870.053s step_avg:1232.31ms
step:2330/3300 train_loss:3.36933 train_time:2871.290s step_avg:1232.31ms
step:2331/3300 train_loss:3.44203 train_time:2872.526s step_avg:1232.31ms
step:2332/3300 train_loss:3.42061 train_time:2873.763s step_avg:1232.32ms
step:2333/3300 train_loss:3.47343 train_time:2874.998s step_avg:1232.32ms
step:2334/3300 train_loss:3.40729 train_time:2876.227s step_avg:1232.32ms
step:2335/3300 train_loss:3.38719 train_time:2877.468s step_avg:1232.32ms
step:2336/3300 train_loss:3.46334 train_time:2878.706s step_avg:1232.32ms
step:2337/3300 train_loss:3.39443 train_time:2879.947s step_avg:1232.33ms
step:2338/3300 train_loss:3.42473 train_time:2881.184s step_avg:1232.33ms
step:2339/3300 train_loss:3.42332 train_time:2882.424s step_avg:1232.33ms
step:2340/3300 train_loss:3.37943 train_time:2883.660s step_avg:1232.33ms
step:2341/3300 train_loss:3.41485 train_time:2884.919s step_avg:1232.34ms
step:2342/3300 train_loss:3.42351 train_time:2886.151s step_avg:1232.34ms
step:2343/3300 train_loss:3.41401 train_time:2887.380s step_avg:1232.34ms
step:2344/3300 train_loss:3.40629 train_time:2888.612s step_avg:1232.34ms
step:2345/3300 train_loss:3.41688 train_time:2889.839s step_avg:1232.34ms
step:2346/3300 train_loss:3.38377 train_time:2891.080s step_avg:1232.34ms
step:2347/3300 train_loss:3.48784 train_time:2892.312s step_avg:1232.34ms
step:2348/3300 train_loss:3.46119 train_time:2893.542s step_avg:1232.34ms
step:2349/3300 train_loss:3.42052 train_time:2894.775s step_avg:1232.34ms
step:2350/3300 train_loss:3.38562 train_time:2895.996s step_avg:1232.34ms
step:2351/3300 train_loss:3.37835 train_time:2897.218s step_avg:1232.33ms
step:2352/3300 train_loss:3.39164 train_time:2898.447s step_avg:1232.33ms
step:2353/3300 train_loss:3.48961 train_time:2899.682s step_avg:1232.33ms
step:2354/3300 train_loss:3.42306 train_time:2900.916s step_avg:1232.33ms
step:2355/3300 train_loss:3.33790 train_time:2902.135s step_avg:1232.33ms
step:2356/3300 train_loss:3.51013 train_time:2903.360s step_avg:1232.33ms
step:2357/3300 train_loss:3.40276 train_time:2904.595s step_avg:1232.33ms
step:2358/3300 train_loss:3.40279 train_time:2905.822s step_avg:1232.32ms
step:2359/3300 train_loss:3.38340 train_time:2907.050s step_avg:1232.32ms
step:2360/3300 train_loss:3.42806 train_time:2908.277s step_avg:1232.32ms
step:2361/3300 train_loss:3.42189 train_time:2909.502s step_avg:1232.32ms
step:2362/3300 train_loss:3.42555 train_time:2910.749s step_avg:1232.32ms
step:2363/3300 train_loss:3.42155 train_time:2911.976s step_avg:1232.32ms
step:2364/3300 train_loss:3.44614 train_time:2913.199s step_avg:1232.32ms
step:2365/3300 train_loss:3.37966 train_time:2914.437s step_avg:1232.32ms
step:2366/3300 train_loss:3.39287 train_time:2915.671s step_avg:1232.32ms
step:2367/3300 train_loss:3.50655 train_time:2916.896s step_avg:1232.32ms
step:2368/3300 train_loss:3.44802 train_time:2918.119s step_avg:1232.31ms
step:2369/3300 train_loss:3.41883 train_time:2919.370s step_avg:1232.32ms
step:2370/3300 train_loss:3.36199 train_time:2920.602s step_avg:1232.32ms
step:2371/3300 train_loss:3.44367 train_time:2921.832s step_avg:1232.32ms
step:2372/3300 train_loss:3.38800 train_time:2923.063s step_avg:1232.32ms
step:2373/3300 train_loss:3.47960 train_time:2924.306s step_avg:1232.32ms
step:2374/3300 train_loss:3.55397 train_time:2925.541s step_avg:1232.33ms
step:2375/3300 train_loss:3.36507 train_time:2926.775s step_avg:1232.33ms
step:2375/3300 val_loss:3.39828 train_time:2926.775s step_avg:1233.23ms
step:2376/3300 train_loss:3.40075 train_time:2928.004s step_avg:1232.33ms
step:2377/3300 train_loss:3.41321 train_time:2929.232s step_avg:1232.32ms
step:2378/3300 train_loss:3.39517 train_time:2930.452s step_avg:1232.32ms
step:2379/3300 train_loss:3.42498 train_time:2931.681s step_avg:1232.32ms
step:2380/3300 train_loss:3.36974 train_time:2932.912s step_avg:1232.32ms
step:2381/3300 train_loss:3.42577 train_time:2934.134s step_avg:1232.31ms
step:2382/3300 train_loss:3.43544 train_time:2935.352s step_avg:1232.31ms
step:2383/3300 train_loss:3.41552 train_time:2936.578s step_avg:1232.30ms
step:2384/3300 train_loss:3.38910 train_time:2937.803s step_avg:1232.30ms
step:2385/3300 train_loss:3.45433 train_time:2939.034s step_avg:1232.30ms
step:2386/3300 train_loss:3.39850 train_time:2940.253s step_avg:1232.29ms
step:2387/3300 train_loss:3.42243 train_time:2941.495s step_avg:1232.30ms
step:2388/3300 train_loss:3.39511 train_time:2942.735s step_avg:1232.30ms
step:2389/3300 train_loss:3.43534 train_time:2943.961s step_avg:1232.30ms
step:2390/3300 train_loss:3.39045 train_time:2945.191s step_avg:1232.30ms
step:2391/3300 train_loss:3.44434 train_time:2946.423s step_avg:1232.30ms
step:2392/3300 train_loss:3.37368 train_time:2947.655s step_avg:1232.30ms
step:2393/3300 train_loss:3.40998 train_time:2948.884s step_avg:1232.30ms
step:2394/3300 train_loss:3.44916 train_time:2950.112s step_avg:1232.29ms
step:2395/3300 train_loss:3.36108 train_time:2951.337s step_avg:1232.29ms
step:2396/3300 train_loss:3.42459 train_time:2952.578s step_avg:1232.29ms
step:2397/3300 train_loss:3.40830 train_time:2953.811s step_avg:1232.29ms
step:2398/3300 train_loss:3.39716 train_time:2955.037s step_avg:1232.29ms
step:2399/3300 train_loss:3.40516 train_time:2956.269s step_avg:1232.29ms
step:2400/3300 train_loss:3.36854 train_time:2957.498s step_avg:1232.29ms
step:2401/3300 train_loss:3.39780 train_time:2958.717s step_avg:1232.29ms
step:2402/3300 train_loss:3.42135 train_time:2959.942s step_avg:1232.28ms
step:2403/3300 train_loss:3.38085 train_time:2961.183s step_avg:1232.29ms
step:2404/3300 train_loss:3.50045 train_time:2962.417s step_avg:1232.29ms
step:2405/3300 train_loss:3.38166 train_time:2963.645s step_avg:1232.28ms
step:2406/3300 train_loss:3.52991 train_time:2964.877s step_avg:1232.28ms
step:2407/3300 train_loss:3.35598 train_time:2966.117s step_avg:1232.29ms
step:2408/3300 train_loss:3.39263 train_time:2967.352s step_avg:1232.29ms
step:2409/3300 train_loss:3.39963 train_time:2968.580s step_avg:1232.29ms
step:2410/3300 train_loss:3.44049 train_time:2969.810s step_avg:1232.29ms
step:2411/3300 train_loss:3.42612 train_time:2971.038s step_avg:1232.28ms
step:2412/3300 train_loss:3.38141 train_time:2972.279s step_avg:1232.29ms
step:2413/3300 train_loss:3.38269 train_time:2973.505s step_avg:1232.29ms
step:2414/3300 train_loss:3.47506 train_time:2974.737s step_avg:1232.29ms
step:2415/3300 train_loss:3.43764 train_time:2975.956s step_avg:1232.28ms
step:2416/3300 train_loss:3.38448 train_time:2977.189s step_avg:1232.28ms
step:2417/3300 train_loss:3.39897 train_time:2978.418s step_avg:1232.28ms
step:2418/3300 train_loss:3.42133 train_time:2979.641s step_avg:1232.27ms
step:2419/3300 train_loss:3.38067 train_time:2980.869s step_avg:1232.27ms
step:2420/3300 train_loss:3.39818 train_time:2982.103s step_avg:1232.27ms
step:2421/3300 train_loss:3.50180 train_time:2983.345s step_avg:1232.28ms
step:2422/3300 train_loss:3.47959 train_time:2984.577s step_avg:1232.28ms
step:2423/3300 train_loss:3.47143 train_time:2985.803s step_avg:1232.28ms
step:2424/3300 train_loss:3.43129 train_time:2987.037s step_avg:1232.28ms
step:2425/3300 train_loss:3.37651 train_time:2988.265s step_avg:1232.27ms
step:2426/3300 train_loss:3.32549 train_time:2989.497s step_avg:1232.27ms
step:2427/3300 train_loss:3.45990 train_time:2990.721s step_avg:1232.27ms
step:2428/3300 train_loss:3.39528 train_time:2991.953s step_avg:1232.27ms
step:2429/3300 train_loss:3.36483 train_time:2993.185s step_avg:1232.27ms
step:2430/3300 train_loss:3.42551 train_time:2994.416s step_avg:1232.27ms
step:2431/3300 train_loss:3.49149 train_time:2995.642s step_avg:1232.27ms
step:2432/3300 train_loss:3.42557 train_time:2996.872s step_avg:1232.27ms
step:2433/3300 train_loss:3.41055 train_time:2998.104s step_avg:1232.27ms
step:2434/3300 train_loss:3.39691 train_time:2999.327s step_avg:1232.26ms
step:2435/3300 train_loss:3.39269 train_time:3000.559s step_avg:1232.26ms
step:2436/3300 train_loss:3.40488 train_time:3001.786s step_avg:1232.26ms
step:2437/3300 train_loss:3.39296 train_time:3003.032s step_avg:1232.27ms
step:2438/3300 train_loss:3.40638 train_time:3004.261s step_avg:1232.26ms
step:2439/3300 train_loss:3.36703 train_time:3005.483s step_avg:1232.26ms
step:2440/3300 train_loss:3.39725 train_time:3006.720s step_avg:1232.26ms
step:2441/3300 train_loss:3.37117 train_time:3007.942s step_avg:1232.26ms
step:2442/3300 train_loss:3.43855 train_time:3009.171s step_avg:1232.26ms
step:2443/3300 train_loss:3.40668 train_time:3010.399s step_avg:1232.26ms
step:2444/3300 train_loss:3.33711 train_time:3011.623s step_avg:1232.25ms
step:2445/3300 train_loss:3.45409 train_time:3012.849s step_avg:1232.25ms
step:2446/3300 train_loss:3.38827 train_time:3014.081s step_avg:1232.25ms
step:2447/3300 train_loss:3.38583 train_time:3015.304s step_avg:1232.25ms
step:2448/3300 train_loss:3.46255 train_time:3016.555s step_avg:1232.25ms
step:2449/3300 train_loss:3.40684 train_time:3017.790s step_avg:1232.25ms
step:2450/3300 train_loss:3.42933 train_time:3019.015s step_avg:1232.25ms
step:2451/3300 train_loss:3.42292 train_time:3020.242s step_avg:1232.25ms
step:2452/3300 train_loss:3.43775 train_time:3021.466s step_avg:1232.25ms
step:2453/3300 train_loss:3.38117 train_time:3022.696s step_avg:1232.24ms
step:2454/3300 train_loss:3.44970 train_time:3023.924s step_avg:1232.24ms
step:2455/3300 train_loss:3.47138 train_time:3025.147s step_avg:1232.24ms
step:2456/3300 train_loss:3.34020 train_time:3026.380s step_avg:1232.24ms
step:2457/3300 train_loss:3.38667 train_time:3027.607s step_avg:1232.24ms
step:2458/3300 train_loss:3.52490 train_time:3028.838s step_avg:1232.24ms
step:2459/3300 train_loss:3.60122 train_time:3030.066s step_avg:1232.24ms
step:2460/3300 train_loss:3.41883 train_time:3031.295s step_avg:1232.23ms
step:2461/3300 train_loss:3.38580 train_time:3032.528s step_avg:1232.23ms
step:2462/3300 train_loss:3.44758 train_time:3033.761s step_avg:1232.23ms
step:2463/3300 train_loss:3.46225 train_time:3034.986s step_avg:1232.23ms
step:2464/3300 train_loss:3.48425 train_time:3036.211s step_avg:1232.23ms
step:2465/3300 train_loss:3.38606 train_time:3037.442s step_avg:1232.23ms
step:2466/3300 train_loss:3.42659 train_time:3038.667s step_avg:1232.23ms
step:2467/3300 train_loss:3.36263 train_time:3039.893s step_avg:1232.22ms
step:2468/3300 train_loss:3.42636 train_time:3041.123s step_avg:1232.22ms
step:2469/3300 train_loss:3.49549 train_time:3042.359s step_avg:1232.22ms
step:2470/3300 train_loss:3.40109 train_time:3043.596s step_avg:1232.23ms
step:2471/3300 train_loss:3.39608 train_time:3044.863s step_avg:1232.24ms
step:2472/3300 train_loss:3.39236 train_time:3046.099s step_avg:1232.24ms
step:2473/3300 train_loss:3.57772 train_time:3047.333s step_avg:1232.24ms
step:2474/3300 train_loss:3.43303 train_time:3048.564s step_avg:1232.24ms
step:2475/3300 train_loss:3.40004 train_time:3049.792s step_avg:1232.24ms
step:2476/3300 train_loss:3.38225 train_time:3051.022s step_avg:1232.24ms
step:2477/3300 train_loss:3.39321 train_time:3052.249s step_avg:1232.24ms
step:2478/3300 train_loss:3.40226 train_time:3053.486s step_avg:1232.24ms
step:2479/3300 train_loss:3.42518 train_time:3054.706s step_avg:1232.23ms
step:2480/3300 train_loss:3.35070 train_time:3055.930s step_avg:1232.23ms
step:2481/3300 train_loss:3.46244 train_time:3057.163s step_avg:1232.23ms
step:2482/3300 train_loss:3.37318 train_time:3058.390s step_avg:1232.23ms
step:2483/3300 train_loss:3.39574 train_time:3059.617s step_avg:1232.23ms
step:2484/3300 train_loss:3.46015 train_time:3060.848s step_avg:1232.23ms
step:2485/3300 train_loss:3.45605 train_time:3062.085s step_avg:1232.23ms
step:2486/3300 train_loss:3.40888 train_time:3063.317s step_avg:1232.23ms
step:2487/3300 train_loss:3.43092 train_time:3064.551s step_avg:1232.23ms
step:2488/3300 train_loss:3.38833 train_time:3065.785s step_avg:1232.23ms
step:2489/3300 train_loss:3.41317 train_time:3067.012s step_avg:1232.23ms
step:2490/3300 train_loss:3.41695 train_time:3068.242s step_avg:1232.23ms
step:2491/3300 train_loss:3.43864 train_time:3069.470s step_avg:1232.22ms
step:2492/3300 train_loss:3.37724 train_time:3070.704s step_avg:1232.22ms
step:2493/3300 train_loss:3.42393 train_time:3071.934s step_avg:1232.22ms
step:2494/3300 train_loss:3.41999 train_time:3073.169s step_avg:1232.22ms
step:2495/3300 train_loss:3.35465 train_time:3074.403s step_avg:1232.23ms
step:2496/3300 train_loss:3.38366 train_time:3075.632s step_avg:1232.22ms
step:2497/3300 train_loss:3.38544 train_time:3076.868s step_avg:1232.23ms
step:2498/3300 train_loss:3.35681 train_time:3078.094s step_avg:1232.22ms
step:2499/3300 train_loss:3.40153 train_time:3079.322s step_avg:1232.22ms
step:2500/3300 train_loss:3.34371 train_time:3080.551s step_avg:1232.22ms
step:2500/3300 val_loss:3.38199 train_time:3080.551s step_avg:1230.21ms
step:2501/3300 train_loss:3.36860 train_time:3081.779s step_avg:1232.22ms
step:2502/3300 train_loss:3.37385 train_time:3083.007s step_avg:1232.22ms
step:2503/3300 train_loss:3.38782 train_time:3084.234s step_avg:1232.21ms
step:2504/3300 train_loss:3.44982 train_time:3085.470s step_avg:1232.22ms
step:2505/3300 train_loss:3.40629 train_time:3086.701s step_avg:1232.22ms
step:2506/3300 train_loss:3.38550 train_time:3087.930s step_avg:1232.21ms
step:2507/3300 train_loss:3.44803 train_time:3089.159s step_avg:1232.21ms
step:2508/3300 train_loss:3.38726 train_time:3090.389s step_avg:1232.21ms
step:2509/3300 train_loss:3.47678 train_time:3091.612s step_avg:1232.21ms
step:2510/3300 train_loss:3.41488 train_time:3092.840s step_avg:1232.21ms
step:2511/3300 train_loss:3.41215 train_time:3094.086s step_avg:1232.21ms
step:2512/3300 train_loss:3.41532 train_time:3095.318s step_avg:1232.21ms
step:2513/3300 train_loss:3.38566 train_time:3096.550s step_avg:1232.21ms
step:2514/3300 train_loss:3.41759 train_time:3097.769s step_avg:1232.21ms
step:2515/3300 train_loss:3.34028 train_time:3098.995s step_avg:1232.20ms
step:2516/3300 train_loss:3.40787 train_time:3100.227s step_avg:1232.20ms
step:2517/3300 train_loss:3.37852 train_time:3101.455s step_avg:1232.20ms
step:2518/3300 train_loss:3.43984 train_time:3102.688s step_avg:1232.20ms
step:2519/3300 train_loss:3.43363 train_time:3103.909s step_avg:1232.20ms
step:2520/3300 train_loss:3.42704 train_time:3105.156s step_avg:1232.20ms
step:2521/3300 train_loss:3.42919 train_time:3106.387s step_avg:1232.20ms
step:2522/3300 train_loss:3.39466 train_time:3107.615s step_avg:1232.20ms
step:2523/3300 train_loss:3.35496 train_time:3108.874s step_avg:1232.21ms
step:2524/3300 train_loss:3.43105 train_time:3110.107s step_avg:1232.21ms
step:2525/3300 train_loss:3.36519 train_time:3111.332s step_avg:1232.21ms
step:2526/3300 train_loss:3.43266 train_time:3112.552s step_avg:1232.21ms
step:2527/3300 train_loss:3.39288 train_time:3113.792s step_avg:1232.21ms
step:2528/3300 train_loss:3.31019 train_time:3115.037s step_avg:1232.21ms
step:2529/3300 train_loss:3.42720 train_time:3116.269s step_avg:1232.21ms
step:2530/3300 train_loss:3.41604 train_time:3117.488s step_avg:1232.21ms
step:2531/3300 train_loss:3.41552 train_time:3118.715s step_avg:1232.21ms
step:2532/3300 train_loss:3.36470 train_time:3119.945s step_avg:1232.21ms
step:2533/3300 train_loss:3.40128 train_time:3121.171s step_avg:1232.20ms
step:2534/3300 train_loss:3.39659 train_time:3122.390s step_avg:1232.20ms
step:2535/3300 train_loss:3.39346 train_time:3123.628s step_avg:1232.20ms
step:2536/3300 train_loss:3.39262 train_time:3124.877s step_avg:1232.21ms
step:2537/3300 train_loss:3.33678 train_time:3126.111s step_avg:1232.21ms
step:2538/3300 train_loss:3.35129 train_time:3127.334s step_avg:1232.20ms
step:2539/3300 train_loss:3.38813 train_time:3128.565s step_avg:1232.20ms
step:2540/3300 train_loss:3.39865 train_time:3129.797s step_avg:1232.20ms
step:2541/3300 train_loss:3.38499 train_time:3131.032s step_avg:1232.20ms
step:2542/3300 train_loss:3.57427 train_time:3132.261s step_avg:1232.20ms
step:2543/3300 train_loss:3.60625 train_time:3133.492s step_avg:1232.20ms
step:2544/3300 train_loss:3.36795 train_time:3134.712s step_avg:1232.20ms
step:2545/3300 train_loss:3.37765 train_time:3135.939s step_avg:1232.20ms
step:2546/3300 train_loss:3.52484 train_time:3137.169s step_avg:1232.20ms
step:2547/3300 train_loss:3.38784 train_time:3138.394s step_avg:1232.19ms
step:2548/3300 train_loss:3.33803 train_time:3139.622s step_avg:1232.19ms
step:2549/3300 train_loss:3.42926 train_time:3140.850s step_avg:1232.19ms
step:2550/3300 train_loss:3.41524 train_time:3142.077s step_avg:1232.19ms
step:2551/3300 train_loss:3.37900 train_time:3143.313s step_avg:1232.19ms
step:2552/3300 train_loss:3.36933 train_time:3144.536s step_avg:1232.19ms
step:2553/3300 train_loss:3.43595 train_time:3145.761s step_avg:1232.18ms
step:2554/3300 train_loss:3.42239 train_time:3146.994s step_avg:1232.18ms
step:2555/3300 train_loss:3.34975 train_time:3148.223s step_avg:1232.18ms
step:2556/3300 train_loss:3.41268 train_time:3149.453s step_avg:1232.18ms
step:2557/3300 train_loss:3.39629 train_time:3150.675s step_avg:1232.18ms
step:2558/3300 train_loss:3.37011 train_time:3151.897s step_avg:1232.17ms
step:2559/3300 train_loss:3.36223 train_time:3153.128s step_avg:1232.17ms
step:2560/3300 train_loss:3.39847 train_time:3154.357s step_avg:1232.17ms
step:2561/3300 train_loss:3.42113 train_time:3155.586s step_avg:1232.17ms
step:2562/3300 train_loss:3.36364 train_time:3156.815s step_avg:1232.17ms
step:2563/3300 train_loss:3.45949 train_time:3158.033s step_avg:1232.16ms
step:2564/3300 train_loss:3.40448 train_time:3159.257s step_avg:1232.16ms
step:2565/3300 train_loss:3.34371 train_time:3160.484s step_avg:1232.16ms
step:2566/3300 train_loss:3.41233 train_time:3161.712s step_avg:1232.16ms
step:2567/3300 train_loss:3.42490 train_time:3162.938s step_avg:1232.15ms
step:2568/3300 train_loss:3.39419 train_time:3164.159s step_avg:1232.15ms
step:2569/3300 train_loss:3.35845 train_time:3165.388s step_avg:1232.15ms
step:2570/3300 train_loss:3.41472 train_time:3166.616s step_avg:1232.15ms
step:2571/3300 train_loss:3.35869 train_time:3167.832s step_avg:1232.14ms
step:2572/3300 train_loss:3.37320 train_time:3169.059s step_avg:1232.14ms
step:2573/3300 train_loss:3.33402 train_time:3170.290s step_avg:1232.14ms
step:2574/3300 train_loss:3.37772 train_time:3171.515s step_avg:1232.13ms
step:2575/3300 train_loss:3.37297 train_time:3172.736s step_avg:1232.13ms
step:2576/3300 train_loss:3.40464 train_time:3173.958s step_avg:1232.13ms
step:2577/3300 train_loss:3.37440 train_time:3175.219s step_avg:1232.14ms
step:2578/3300 train_loss:3.37951 train_time:3176.450s step_avg:1232.14ms
step:2579/3300 train_loss:3.31947 train_time:3177.686s step_avg:1232.14ms
step:2580/3300 train_loss:3.35970 train_time:3178.914s step_avg:1232.14ms
step:2581/3300 train_loss:3.44529 train_time:3180.138s step_avg:1232.13ms
step:2582/3300 train_loss:3.34102 train_time:3181.361s step_avg:1232.13ms
step:2583/3300 train_loss:3.43200 train_time:3182.598s step_avg:1232.13ms
step:2584/3300 train_loss:3.44721 train_time:3183.824s step_avg:1232.13ms
step:2585/3300 train_loss:3.42573 train_time:3185.052s step_avg:1232.13ms
step:2586/3300 train_loss:3.40644 train_time:3186.280s step_avg:1232.13ms
step:2587/3300 train_loss:3.38393 train_time:3187.512s step_avg:1232.13ms
step:2588/3300 train_loss:3.41217 train_time:3188.739s step_avg:1232.12ms
step:2589/3300 train_loss:3.31993 train_time:3189.960s step_avg:1232.12ms
step:2590/3300 train_loss:3.44425 train_time:3191.185s step_avg:1232.12ms
step:2591/3300 train_loss:3.43426 train_time:3192.415s step_avg:1232.12ms
step:2592/3300 train_loss:3.46194 train_time:3193.642s step_avg:1232.11ms
step:2593/3300 train_loss:3.39242 train_time:3194.862s step_avg:1232.11ms
step:2594/3300 train_loss:3.38211 train_time:3196.096s step_avg:1232.11ms
step:2595/3300 train_loss:3.42926 train_time:3197.321s step_avg:1232.11ms
step:2596/3300 train_loss:3.33957 train_time:3198.551s step_avg:1232.11ms
step:2597/3300 train_loss:3.47436 train_time:3199.779s step_avg:1232.11ms
step:2598/3300 train_loss:3.39003 train_time:3201.001s step_avg:1232.10ms
step:2599/3300 train_loss:3.33864 train_time:3202.226s step_avg:1232.10ms
step:2600/3300 train_loss:3.40088 train_time:3203.458s step_avg:1232.10ms
step:2601/3300 train_loss:3.33753 train_time:3204.678s step_avg:1232.09ms
step:2602/3300 train_loss:3.39191 train_time:3205.903s step_avg:1232.09ms
step:2603/3300 train_loss:3.41505 train_time:3207.131s step_avg:1232.09ms
step:2604/3300 train_loss:3.39533 train_time:3208.361s step_avg:1232.09ms
step:2605/3300 train_loss:3.36325 train_time:3209.585s step_avg:1232.09ms
step:2606/3300 train_loss:3.36106 train_time:3210.816s step_avg:1232.09ms
step:2607/3300 train_loss:3.34273 train_time:3212.040s step_avg:1232.08ms
step:2608/3300 train_loss:3.41328 train_time:3213.261s step_avg:1232.08ms
step:2609/3300 train_loss:3.39573 train_time:3214.481s step_avg:1232.07ms
step:2610/3300 train_loss:3.37329 train_time:3215.705s step_avg:1232.07ms
step:2611/3300 train_loss:3.34075 train_time:3216.931s step_avg:1232.07ms
step:2612/3300 train_loss:3.36996 train_time:3218.159s step_avg:1232.07ms
step:2613/3300 train_loss:3.38390 train_time:3219.380s step_avg:1232.06ms
step:2614/3300 train_loss:3.43409 train_time:3220.597s step_avg:1232.06ms
step:2615/3300 train_loss:3.32887 train_time:3221.823s step_avg:1232.05ms
step:2616/3300 train_loss:3.32941 train_time:3223.056s step_avg:1232.05ms
step:2617/3300 train_loss:3.41743 train_time:3224.284s step_avg:1232.05ms
step:2618/3300 train_loss:3.37772 train_time:3225.517s step_avg:1232.05ms
step:2619/3300 train_loss:3.38324 train_time:3226.741s step_avg:1232.05ms
step:2620/3300 train_loss:3.42790 train_time:3227.959s step_avg:1232.05ms
step:2621/3300 train_loss:3.38334 train_time:3229.182s step_avg:1232.04ms
step:2622/3300 train_loss:3.38667 train_time:3230.405s step_avg:1232.04ms
step:2623/3300 train_loss:3.39507 train_time:3231.625s step_avg:1232.03ms
step:2624/3300 train_loss:3.38325 train_time:3232.856s step_avg:1232.03ms
step:2625/3300 train_loss:3.35195 train_time:3234.089s step_avg:1232.03ms
step:2625/3300 val_loss:3.36403 train_time:3234.089s step_avg:1228.30ms
step:2626/3300 train_loss:3.40396 train_time:3235.316s step_avg:1232.03ms
step:2627/3300 train_loss:3.38435 train_time:3236.541s step_avg:1232.03ms
step:2628/3300 train_loss:3.42308 train_time:3237.767s step_avg:1232.03ms
step:2629/3300 train_loss:3.39701 train_time:3238.999s step_avg:1232.03ms
step:2630/3300 train_loss:3.36991 train_time:3240.228s step_avg:1232.03ms
step:2631/3300 train_loss:3.43585 train_time:3241.461s step_avg:1232.03ms
step:2632/3300 train_loss:3.33930 train_time:3242.715s step_avg:1232.03ms
step:2633/3300 train_loss:3.40866 train_time:3243.935s step_avg:1232.03ms
step:2634/3300 train_loss:3.31832 train_time:3245.160s step_avg:1232.03ms
step:2635/3300 train_loss:3.34266 train_time:3246.395s step_avg:1232.03ms
step:2636/3300 train_loss:3.37262 train_time:3247.621s step_avg:1232.03ms
step:2637/3300 train_loss:3.36474 train_time:3248.850s step_avg:1232.03ms
step:2638/3300 train_loss:3.39992 train_time:3250.076s step_avg:1232.02ms
step:2639/3300 train_loss:3.38460 train_time:3251.345s step_avg:1232.04ms
step:2640/3300 train_loss:3.42958 train_time:3252.578s step_avg:1232.04ms
step:2641/3300 train_loss:3.36815 train_time:3253.795s step_avg:1232.03ms
step:2642/3300 train_loss:3.33468 train_time:3255.015s step_avg:1232.03ms
step:2643/3300 train_loss:3.37102 train_time:3256.239s step_avg:1232.02ms
step:2644/3300 train_loss:3.37091 train_time:3257.471s step_avg:1232.02ms
step:2645/3300 train_loss:3.41888 train_time:3258.702s step_avg:1232.02ms
step:2646/3300 train_loss:3.36213 train_time:3259.929s step_avg:1232.02ms
step:2647/3300 train_loss:3.36933 train_time:3261.178s step_avg:1232.03ms
step:2648/3300 train_loss:3.39860 train_time:3262.406s step_avg:1232.03ms
step:2649/3300 train_loss:3.41394 train_time:3263.637s step_avg:1232.03ms
step:2650/3300 train_loss:3.41203 train_time:3264.859s step_avg:1232.02ms
step:2651/3300 train_loss:3.40675 train_time:3266.080s step_avg:1232.02ms
step:2652/3300 train_loss:3.39027 train_time:3267.300s step_avg:1232.01ms
step:2653/3300 train_loss:3.41432 train_time:3268.522s step_avg:1232.01ms
step:2654/3300 train_loss:3.41128 train_time:3269.743s step_avg:1232.01ms
step:2655/3300 train_loss:3.37630 train_time:3270.974s step_avg:1232.01ms
step:2656/3300 train_loss:3.39064 train_time:3272.204s step_avg:1232.00ms
step:2657/3300 train_loss:3.34067 train_time:3273.442s step_avg:1232.01ms
step:2658/3300 train_loss:3.36518 train_time:3274.669s step_avg:1232.01ms
step:2659/3300 train_loss:3.38926 train_time:3275.901s step_avg:1232.00ms
step:2660/3300 train_loss:3.36600 train_time:3277.124s step_avg:1232.00ms
step:2661/3300 train_loss:3.38914 train_time:3278.382s step_avg:1232.01ms
step:2662/3300 train_loss:3.37932 train_time:3279.601s step_avg:1232.01ms
step:2663/3300 train_loss:3.36666 train_time:3280.821s step_avg:1232.00ms
step:2664/3300 train_loss:3.34113 train_time:3282.055s step_avg:1232.00ms
step:2665/3300 train_loss:3.39644 train_time:3283.292s step_avg:1232.00ms
step:2666/3300 train_loss:3.41055 train_time:3284.522s step_avg:1232.00ms
step:2667/3300 train_loss:3.40721 train_time:3285.761s step_avg:1232.01ms
step:2668/3300 train_loss:3.36002 train_time:3286.989s step_avg:1232.00ms
step:2669/3300 train_loss:3.39245 train_time:3288.218s step_avg:1232.00ms
step:2670/3300 train_loss:3.35230 train_time:3289.445s step_avg:1232.00ms
step:2671/3300 train_loss:3.34035 train_time:3290.670s step_avg:1232.00ms
step:2672/3300 train_loss:3.31124 train_time:3291.910s step_avg:1232.00ms
step:2673/3300 train_loss:3.36240 train_time:3293.145s step_avg:1232.00ms
step:2674/3300 train_loss:3.37486 train_time:3294.376s step_avg:1232.00ms
step:2675/3300 train_loss:3.42226 train_time:3295.606s step_avg:1232.00ms
step:2676/3300 train_loss:3.34513 train_time:3296.838s step_avg:1232.00ms
step:2677/3300 train_loss:3.28856 train_time:3298.062s step_avg:1232.00ms
step:2678/3300 train_loss:3.42346 train_time:3299.285s step_avg:1232.00ms
step:2679/3300 train_loss:3.42463 train_time:3300.510s step_avg:1231.99ms
step:2680/3300 train_loss:3.32130 train_time:3301.742s step_avg:1231.99ms
step:2681/3300 train_loss:3.36226 train_time:3302.980s step_avg:1232.00ms
step:2682/3300 train_loss:3.41996 train_time:3304.205s step_avg:1231.99ms
step:2683/3300 train_loss:3.41223 train_time:3305.434s step_avg:1231.99ms
step:2684/3300 train_loss:3.45910 train_time:3306.665s step_avg:1231.99ms
step:2685/3300 train_loss:3.39344 train_time:3307.888s step_avg:1231.99ms
step:2686/3300 train_loss:3.34803 train_time:3309.114s step_avg:1231.99ms
step:2687/3300 train_loss:3.39965 train_time:3310.344s step_avg:1231.99ms
step:2688/3300 train_loss:3.35949 train_time:3311.571s step_avg:1231.98ms
step:2689/3300 train_loss:3.41079 train_time:3312.811s step_avg:1231.99ms
step:2690/3300 train_loss:3.38554 train_time:3314.043s step_avg:1231.99ms
step:2691/3300 train_loss:3.37220 train_time:3315.266s step_avg:1231.98ms
step:2692/3300 train_loss:3.42170 train_time:3316.501s step_avg:1231.98ms
step:2693/3300 train_loss:3.41611 train_time:3317.724s step_avg:1231.98ms
step:2694/3300 train_loss:3.34558 train_time:3318.945s step_avg:1231.98ms
step:2695/3300 train_loss:3.32847 train_time:3320.170s step_avg:1231.97ms
step:2696/3300 train_loss:3.47237 train_time:3321.400s step_avg:1231.97ms
step:2697/3300 train_loss:3.35981 train_time:3322.626s step_avg:1231.97ms
step:2698/3300 train_loss:3.28712 train_time:3323.847s step_avg:1231.97ms
step:2699/3300 train_loss:3.37355 train_time:3325.075s step_avg:1231.97ms
step:2700/3300 train_loss:3.37842 train_time:3326.306s step_avg:1231.97ms
step:2701/3300 train_loss:3.36447 train_time:3327.535s step_avg:1231.96ms
step:2702/3300 train_loss:3.36292 train_time:3328.760s step_avg:1231.96ms
step:2703/3300 train_loss:3.42105 train_time:3329.987s step_avg:1231.96ms
step:2704/3300 train_loss:3.36692 train_time:3331.215s step_avg:1231.96ms
step:2705/3300 train_loss:3.36450 train_time:3332.450s step_avg:1231.96ms
step:2706/3300 train_loss:3.38527 train_time:3333.683s step_avg:1231.96ms
step:2707/3300 train_loss:3.39905 train_time:3334.906s step_avg:1231.96ms
step:2708/3300 train_loss:3.35355 train_time:3336.133s step_avg:1231.95ms
step:2709/3300 train_loss:3.40377 train_time:3337.364s step_avg:1231.95ms
step:2710/3300 train_loss:3.33644 train_time:3338.587s step_avg:1231.95ms
step:2711/3300 train_loss:3.42944 train_time:3339.808s step_avg:1231.95ms
step:2712/3300 train_loss:3.37283 train_time:3341.032s step_avg:1231.94ms
step:2713/3300 train_loss:3.35860 train_time:3342.275s step_avg:1231.95ms
step:2714/3300 train_loss:3.36324 train_time:3343.510s step_avg:1231.95ms
step:2715/3300 train_loss:3.32133 train_time:3344.738s step_avg:1231.95ms
step:2716/3300 train_loss:3.35154 train_time:3345.977s step_avg:1231.95ms
step:2717/3300 train_loss:3.35393 train_time:3347.211s step_avg:1231.95ms
step:2718/3300 train_loss:3.41568 train_time:3348.435s step_avg:1231.95ms
step:2719/3300 train_loss:3.35682 train_time:3349.665s step_avg:1231.95ms
step:2720/3300 train_loss:3.37727 train_time:3350.892s step_avg:1231.95ms
step:2721/3300 train_loss:3.41096 train_time:3352.159s step_avg:1231.96ms
step:2722/3300 train_loss:3.49552 train_time:3353.404s step_avg:1231.96ms
step:2723/3300 train_loss:3.34680 train_time:3354.624s step_avg:1231.96ms
step:2724/3300 train_loss:3.37680 train_time:3355.865s step_avg:1231.96ms
step:2725/3300 train_loss:3.41272 train_time:3357.090s step_avg:1231.96ms
step:2726/3300 train_loss:3.36626 train_time:3358.309s step_avg:1231.96ms
step:2727/3300 train_loss:3.35334 train_time:3359.541s step_avg:1231.96ms
step:2728/3300 train_loss:3.38249 train_time:3360.776s step_avg:1231.96ms
step:2729/3300 train_loss:3.40961 train_time:3362.013s step_avg:1231.96ms
step:2730/3300 train_loss:3.41462 train_time:3363.254s step_avg:1231.96ms
step:2731/3300 train_loss:3.33576 train_time:3364.482s step_avg:1231.96ms
step:2732/3300 train_loss:3.32780 train_time:3365.706s step_avg:1231.96ms
step:2733/3300 train_loss:3.29786 train_time:3366.933s step_avg:1231.96ms
step:2734/3300 train_loss:3.35540 train_time:3368.163s step_avg:1231.95ms
step:2735/3300 train_loss:3.37014 train_time:3369.392s step_avg:1231.95ms
step:2736/3300 train_loss:3.36142 train_time:3370.618s step_avg:1231.95ms
step:2737/3300 train_loss:3.37238 train_time:3371.855s step_avg:1231.95ms
step:2738/3300 train_loss:3.34168 train_time:3373.089s step_avg:1231.95ms
step:2739/3300 train_loss:3.30793 train_time:3374.308s step_avg:1231.95ms
step:2740/3300 train_loss:3.37670 train_time:3375.528s step_avg:1231.94ms
step:2741/3300 train_loss:3.37355 train_time:3376.752s step_avg:1231.94ms
step:2742/3300 train_loss:3.40181 train_time:3377.974s step_avg:1231.94ms
step:2743/3300 train_loss:3.39179 train_time:3379.203s step_avg:1231.94ms
step:2744/3300 train_loss:3.42300 train_time:3380.432s step_avg:1231.94ms
step:2745/3300 train_loss:3.32366 train_time:3381.669s step_avg:1231.94ms
step:2746/3300 train_loss:3.36913 train_time:3382.891s step_avg:1231.93ms
step:2747/3300 train_loss:3.35069 train_time:3384.110s step_avg:1231.93ms
step:2748/3300 train_loss:3.38442 train_time:3385.334s step_avg:1231.93ms
step:2749/3300 train_loss:3.37138 train_time:3386.568s step_avg:1231.93ms
step:2750/3300 train_loss:3.38944 train_time:3387.790s step_avg:1231.92ms
step:2750/3300 val_loss:3.34778 train_time:3387.790s step_avg:1229.60ms
step:2751/3300 train_loss:3.34231 train_time:3389.018s step_avg:1231.92ms
step:2752/3300 train_loss:3.31960 train_time:3390.244s step_avg:1231.92ms
step:2753/3300 train_loss:3.33685 train_time:3391.465s step_avg:1231.92ms
step:2754/3300 train_loss:3.33511 train_time:3392.684s step_avg:1231.91ms
step:2755/3300 train_loss:3.30460 train_time:3393.910s step_avg:1231.91ms
step:2756/3300 train_loss:3.34137 train_time:3395.142s step_avg:1231.91ms
step:2757/3300 train_loss:3.42811 train_time:3396.366s step_avg:1231.91ms
step:2758/3300 train_loss:3.32650 train_time:3397.584s step_avg:1231.90ms
step:2759/3300 train_loss:3.34804 train_time:3398.811s step_avg:1231.90ms
step:2760/3300 train_loss:3.37654 train_time:3400.042s step_avg:1231.90ms
step:2761/3300 train_loss:3.37637 train_time:3401.265s step_avg:1231.90ms
step:2762/3300 train_loss:3.32345 train_time:3402.486s step_avg:1231.89ms
step:2763/3300 train_loss:3.36986 train_time:3403.712s step_avg:1231.89ms
step:2764/3300 train_loss:3.40734 train_time:3404.941s step_avg:1231.89ms
step:2765/3300 train_loss:3.34079 train_time:3406.171s step_avg:1231.89ms
step:2766/3300 train_loss:3.32948 train_time:3407.401s step_avg:1231.89ms
step:2767/3300 train_loss:3.35268 train_time:3408.630s step_avg:1231.89ms
step:2768/3300 train_loss:3.36473 train_time:3409.854s step_avg:1231.88ms
step:2769/3300 train_loss:3.33753 train_time:3411.085s step_avg:1231.88ms
step:2770/3300 train_loss:3.27979 train_time:3412.308s step_avg:1231.88ms
step:2771/3300 train_loss:3.47504 train_time:3413.530s step_avg:1231.88ms
step:2772/3300 train_loss:3.33877 train_time:3414.757s step_avg:1231.87ms
step:2773/3300 train_loss:3.32109 train_time:3415.989s step_avg:1231.87ms
step:2774/3300 train_loss:3.34011 train_time:3417.208s step_avg:1231.87ms
step:2775/3300 train_loss:3.37544 train_time:3418.449s step_avg:1231.87ms
step:2776/3300 train_loss:3.42914 train_time:3419.671s step_avg:1231.87ms
step:2777/3300 train_loss:3.41798 train_time:3420.904s step_avg:1231.87ms
step:2778/3300 train_loss:3.39374 train_time:3422.132s step_avg:1231.87ms
step:2779/3300 train_loss:3.35685 train_time:3423.377s step_avg:1231.87ms
step:2780/3300 train_loss:3.37237 train_time:3424.626s step_avg:1231.88ms
step:2781/3300 train_loss:3.33168 train_time:3425.854s step_avg:1231.88ms
step:2782/3300 train_loss:3.37608 train_time:3427.085s step_avg:1231.88ms
step:2783/3300 train_loss:3.37334 train_time:3428.317s step_avg:1231.88ms
step:2784/3300 train_loss:3.37445 train_time:3429.553s step_avg:1231.88ms
step:2785/3300 train_loss:3.33507 train_time:3430.782s step_avg:1231.88ms
step:2786/3300 train_loss:3.37568 train_time:3432.012s step_avg:1231.88ms
step:2787/3300 train_loss:3.38547 train_time:3433.239s step_avg:1231.88ms
step:2788/3300 train_loss:3.39868 train_time:3434.470s step_avg:1231.88ms
step:2789/3300 train_loss:3.40163 train_time:3435.692s step_avg:1231.87ms
step:2790/3300 train_loss:3.34492 train_time:3436.916s step_avg:1231.87ms
step:2791/3300 train_loss:3.32486 train_time:3438.173s step_avg:1231.88ms
step:2792/3300 train_loss:3.36680 train_time:3439.403s step_avg:1231.88ms
step:2793/3300 train_loss:3.42845 train_time:3440.632s step_avg:1231.88ms
step:2794/3300 train_loss:3.32714 train_time:3441.854s step_avg:1231.87ms
step:2795/3300 train_loss:3.42171 train_time:3443.082s step_avg:1231.87ms
step:2796/3300 train_loss:3.33209 train_time:3444.327s step_avg:1231.88ms
step:2797/3300 train_loss:3.37562 train_time:3445.557s step_avg:1231.88ms
step:2798/3300 train_loss:3.34606 train_time:3446.789s step_avg:1231.88ms
step:2799/3300 train_loss:3.37329 train_time:3448.011s step_avg:1231.87ms
step:2800/3300 train_loss:3.40422 train_time:3449.238s step_avg:1231.87ms
step:2801/3300 train_loss:3.38426 train_time:3450.466s step_avg:1231.87ms
step:2802/3300 train_loss:3.31724 train_time:3451.693s step_avg:1231.87ms
step:2803/3300 train_loss:3.40348 train_time:3452.911s step_avg:1231.86ms
step:2804/3300 train_loss:3.47025 train_time:3454.144s step_avg:1231.86ms
step:2805/3300 train_loss:3.33367 train_time:3455.382s step_avg:1231.87ms
step:2806/3300 train_loss:3.44076 train_time:3456.616s step_avg:1231.87ms
step:2807/3300 train_loss:3.39411 train_time:3457.846s step_avg:1231.87ms
step:2808/3300 train_loss:3.34840 train_time:3459.080s step_avg:1231.87ms
step:2809/3300 train_loss:3.39737 train_time:3460.315s step_avg:1231.87ms
step:2810/3300 train_loss:3.36005 train_time:3461.541s step_avg:1231.87ms
step:2811/3300 train_loss:3.39024 train_time:3462.773s step_avg:1231.87ms
step:2812/3300 train_loss:3.31250 train_time:3463.995s step_avg:1231.86ms
step:2813/3300 train_loss:3.39742 train_time:3465.231s step_avg:1231.86ms
step:2814/3300 train_loss:3.34667 train_time:3466.456s step_avg:1231.86ms
step:2815/3300 train_loss:3.26448 train_time:3467.682s step_avg:1231.86ms
step:2816/3300 train_loss:3.31786 train_time:3468.917s step_avg:1231.86ms
step:2817/3300 train_loss:3.36986 train_time:3470.141s step_avg:1231.86ms
step:2818/3300 train_loss:3.36830 train_time:3471.372s step_avg:1231.86ms
step:2819/3300 train_loss:3.37638 train_time:3472.597s step_avg:1231.85ms
step:2820/3300 train_loss:3.37221 train_time:3473.837s step_avg:1231.86ms
step:2821/3300 train_loss:3.40869 train_time:3475.074s step_avg:1231.86ms
step:2822/3300 train_loss:3.37109 train_time:3476.295s step_avg:1231.86ms
step:2823/3300 train_loss:3.34335 train_time:3477.523s step_avg:1231.85ms
step:2824/3300 train_loss:3.29476 train_time:3478.764s step_avg:1231.86ms
step:2825/3300 train_loss:3.38536 train_time:3479.997s step_avg:1231.86ms
step:2826/3300 train_loss:3.34494 train_time:3481.230s step_avg:1231.86ms
step:2827/3300 train_loss:3.35703 train_time:3482.460s step_avg:1231.86ms
step:2828/3300 train_loss:3.34600 train_time:3483.705s step_avg:1231.86ms
step:2829/3300 train_loss:3.35226 train_time:3484.950s step_avg:1231.87ms
step:2830/3300 train_loss:3.38175 train_time:3486.176s step_avg:1231.86ms
step:2831/3300 train_loss:3.37093 train_time:3487.405s step_avg:1231.86ms
step:2832/3300 train_loss:3.37584 train_time:3488.637s step_avg:1231.86ms
step:2833/3300 train_loss:3.46546 train_time:3489.871s step_avg:1231.86ms
step:2834/3300 train_loss:3.35769 train_time:3491.101s step_avg:1231.86ms
step:2835/3300 train_loss:3.40231 train_time:3492.326s step_avg:1231.86ms
step:2836/3300 train_loss:3.34103 train_time:3493.554s step_avg:1231.86ms
step:2837/3300 train_loss:3.35104 train_time:3494.790s step_avg:1231.86ms
step:2838/3300 train_loss:3.38738 train_time:3496.016s step_avg:1231.86ms
step:2839/3300 train_loss:3.37013 train_time:3497.238s step_avg:1231.86ms
step:2840/3300 train_loss:3.34027 train_time:3498.467s step_avg:1231.85ms
step:2841/3300 train_loss:3.37668 train_time:3499.696s step_avg:1231.85ms
step:2842/3300 train_loss:3.36469 train_time:3500.928s step_avg:1231.85ms
step:2843/3300 train_loss:3.36436 train_time:3502.153s step_avg:1231.85ms
step:2844/3300 train_loss:3.45938 train_time:3503.378s step_avg:1231.85ms
step:2845/3300 train_loss:3.32323 train_time:3504.614s step_avg:1231.85ms
step:2846/3300 train_loss:3.32791 train_time:3505.841s step_avg:1231.85ms
step:2847/3300 train_loss:3.34805 train_time:3507.062s step_avg:1231.84ms
step:2848/3300 train_loss:3.37812 train_time:3508.293s step_avg:1231.84ms
step:2849/3300 train_loss:3.33396 train_time:3509.516s step_avg:1231.84ms
step:2850/3300 train_loss:3.35719 train_time:3510.738s step_avg:1231.84ms
step:2851/3300 train_loss:3.31054 train_time:3512.007s step_avg:1231.85ms
step:2852/3300 train_loss:3.37123 train_time:3513.248s step_avg:1231.85ms
step:2853/3300 train_loss:3.32535 train_time:3514.475s step_avg:1231.85ms
step:2854/3300 train_loss:3.33510 train_time:3515.703s step_avg:1231.85ms
step:2855/3300 train_loss:3.38120 train_time:3516.932s step_avg:1231.85ms
step:2856/3300 train_loss:3.44851 train_time:3518.165s step_avg:1231.85ms
step:2857/3300 train_loss:3.36031 train_time:3519.398s step_avg:1231.85ms
step:2858/3300 train_loss:3.39799 train_time:3520.618s step_avg:1231.85ms
step:2859/3300 train_loss:3.34413 train_time:3521.844s step_avg:1231.84ms
step:2860/3300 train_loss:3.31306 train_time:3523.076s step_avg:1231.84ms
step:2861/3300 train_loss:3.43150 train_time:3524.309s step_avg:1231.85ms
step:2862/3300 train_loss:3.39594 train_time:3525.538s step_avg:1231.84ms
step:2863/3300 train_loss:3.40903 train_time:3526.757s step_avg:1231.84ms
step:2864/3300 train_loss:3.33873 train_time:3527.980s step_avg:1231.84ms
step:2865/3300 train_loss:3.38446 train_time:3529.207s step_avg:1231.83ms
step:2866/3300 train_loss:3.29739 train_time:3530.431s step_avg:1231.83ms
step:2867/3300 train_loss:3.33692 train_time:3531.661s step_avg:1231.83ms
step:2868/3300 train_loss:3.36789 train_time:3532.882s step_avg:1231.83ms
step:2869/3300 train_loss:3.33047 train_time:3534.117s step_avg:1231.83ms
step:2870/3300 train_loss:3.33627 train_time:3535.354s step_avg:1231.83ms
step:2871/3300 train_loss:3.33153 train_time:3536.580s step_avg:1231.83ms
step:2872/3300 train_loss:3.31056 train_time:3537.805s step_avg:1231.83ms
step:2873/3300 train_loss:3.26659 train_time:3539.037s step_avg:1231.83ms
step:2874/3300 train_loss:3.37388 train_time:3540.259s step_avg:1231.82ms
step:2875/3300 train_loss:3.41563 train_time:3541.478s step_avg:1231.82ms
step:2875/3300 val_loss:3.33148 train_time:3541.478s step_avg:1229.51ms
step:2876/3300 train_loss:3.35190 train_time:3542.702s step_avg:1231.82ms
step:2877/3300 train_loss:3.34417 train_time:3543.929s step_avg:1231.81ms
step:2878/3300 train_loss:3.37936 train_time:3545.149s step_avg:1231.81ms
step:2879/3300 train_loss:3.36890 train_time:3546.378s step_avg:1231.81ms
step:2880/3300 train_loss:3.33847 train_time:3547.621s step_avg:1231.81ms
step:2881/3300 train_loss:3.32139 train_time:3548.849s step_avg:1231.81ms
step:2882/3300 train_loss:3.38953 train_time:3550.071s step_avg:1231.81ms
step:2883/3300 train_loss:3.32876 train_time:3551.298s step_avg:1231.81ms
step:2884/3300 train_loss:3.35576 train_time:3552.531s step_avg:1231.81ms
step:2885/3300 train_loss:3.31546 train_time:3553.748s step_avg:1231.80ms
step:2886/3300 train_loss:3.36255 train_time:3554.969s step_avg:1231.80ms
step:2887/3300 train_loss:3.42185 train_time:3556.195s step_avg:1231.80ms
step:2888/3300 train_loss:3.41626 train_time:3557.431s step_avg:1231.80ms
step:2889/3300 train_loss:3.48617 train_time:3558.655s step_avg:1231.79ms
step:2890/3300 train_loss:3.31177 train_time:3559.880s step_avg:1231.79ms
step:2891/3300 train_loss:3.35012 train_time:3561.109s step_avg:1231.79ms
step:2892/3300 train_loss:3.28351 train_time:3562.331s step_avg:1231.79ms
step:2893/3300 train_loss:3.30083 train_time:3563.552s step_avg:1231.78ms
step:2894/3300 train_loss:3.33561 train_time:3564.771s step_avg:1231.78ms
step:2895/3300 train_loss:3.40686 train_time:3565.994s step_avg:1231.78ms
step:2896/3300 train_loss:3.39683 train_time:3567.227s step_avg:1231.78ms
step:2897/3300 train_loss:3.31381 train_time:3568.453s step_avg:1231.78ms
step:2898/3300 train_loss:3.56737 train_time:3569.683s step_avg:1231.77ms
step:2899/3300 train_loss:3.34997 train_time:3570.912s step_avg:1231.77ms
step:2900/3300 train_loss:3.36629 train_time:3572.144s step_avg:1231.77ms
step:2901/3300 train_loss:3.32923 train_time:3573.370s step_avg:1231.77ms
step:2902/3300 train_loss:3.42683 train_time:3574.589s step_avg:1231.77ms
step:2903/3300 train_loss:3.32490 train_time:3575.813s step_avg:1231.76ms
step:2904/3300 train_loss:3.38062 train_time:3577.065s step_avg:1231.77ms
step:2905/3300 train_loss:3.40414 train_time:3578.295s step_avg:1231.77ms
step:2906/3300 train_loss:3.35389 train_time:3579.521s step_avg:1231.77ms
step:2907/3300 train_loss:3.36868 train_time:3580.759s step_avg:1231.77ms
step:2908/3300 train_loss:3.38559 train_time:3581.991s step_avg:1231.77ms
step:2909/3300 train_loss:3.41014 train_time:3583.212s step_avg:1231.77ms
step:2910/3300 train_loss:3.35794 train_time:3584.431s step_avg:1231.76ms
step:2911/3300 train_loss:3.34117 train_time:3585.656s step_avg:1231.76ms
step:2912/3300 train_loss:3.31779 train_time:3586.881s step_avg:1231.76ms
step:2913/3300 train_loss:3.40015 train_time:3588.113s step_avg:1231.76ms
step:2914/3300 train_loss:3.36213 train_time:3589.332s step_avg:1231.75ms
step:2915/3300 train_loss:3.36501 train_time:3590.553s step_avg:1231.75ms
step:2916/3300 train_loss:3.33981 train_time:3591.773s step_avg:1231.75ms
step:2917/3300 train_loss:3.40781 train_time:3592.999s step_avg:1231.74ms
step:2918/3300 train_loss:3.24488 train_time:3594.228s step_avg:1231.74ms
step:2919/3300 train_loss:3.30749 train_time:3595.456s step_avg:1231.74ms
step:2920/3300 train_loss:3.28153 train_time:3596.680s step_avg:1231.74ms
step:2921/3300 train_loss:3.36417 train_time:3597.924s step_avg:1231.74ms
step:2922/3300 train_loss:3.49549 train_time:3599.157s step_avg:1231.74ms
step:2923/3300 train_loss:3.35487 train_time:3600.376s step_avg:1231.74ms
step:2924/3300 train_loss:3.31140 train_time:3601.611s step_avg:1231.74ms
step:2925/3300 train_loss:3.36084 train_time:3602.833s step_avg:1231.74ms
step:2926/3300 train_loss:3.36840 train_time:3604.059s step_avg:1231.74ms
step:2927/3300 train_loss:3.29576 train_time:3605.285s step_avg:1231.73ms
step:2928/3300 train_loss:3.39542 train_time:3606.515s step_avg:1231.73ms
step:2929/3300 train_loss:3.30295 train_time:3607.744s step_avg:1231.73ms
step:2930/3300 train_loss:3.41381 train_time:3608.975s step_avg:1231.73ms
step:2931/3300 train_loss:3.36701 train_time:3610.196s step_avg:1231.73ms
step:2932/3300 train_loss:3.36420 train_time:3611.427s step_avg:1231.73ms
step:2933/3300 train_loss:3.58518 train_time:3612.657s step_avg:1231.73ms
step:2934/3300 train_loss:3.34118 train_time:3613.879s step_avg:1231.72ms
step:2935/3300 train_loss:3.46465 train_time:3615.106s step_avg:1231.72ms
step:2936/3300 train_loss:3.39066 train_time:3616.335s step_avg:1231.72ms
step:2937/3300 train_loss:3.34017 train_time:3617.569s step_avg:1231.72ms
step:2938/3300 train_loss:3.37601 train_time:3618.792s step_avg:1231.72ms
step:2939/3300 train_loss:3.38430 train_time:3620.016s step_avg:1231.72ms
step:2940/3300 train_loss:3.31343 train_time:3621.239s step_avg:1231.71ms
step:2941/3300 train_loss:3.32087 train_time:3622.470s step_avg:1231.71ms
step:2942/3300 train_loss:3.27899 train_time:3623.697s step_avg:1231.71ms
step:2943/3300 train_loss:3.32267 train_time:3624.928s step_avg:1231.71ms
step:2944/3300 train_loss:3.27182 train_time:3626.161s step_avg:1231.71ms
step:2945/3300 train_loss:3.36132 train_time:3627.400s step_avg:1231.71ms
step:2946/3300 train_loss:3.34629 train_time:3628.632s step_avg:1231.71ms
step:2947/3300 train_loss:3.32294 train_time:3629.857s step_avg:1231.71ms
step:2948/3300 train_loss:3.37194 train_time:3631.104s step_avg:1231.72ms
step:2949/3300 train_loss:3.30813 train_time:3632.334s step_avg:1231.72ms
step:2950/3300 train_loss:3.32509 train_time:3633.557s step_avg:1231.71ms
step:2951/3300 train_loss:3.37794 train_time:3634.778s step_avg:1231.71ms
step:2952/3300 train_loss:3.29143 train_time:3636.015s step_avg:1231.71ms
step:2953/3300 train_loss:3.37866 train_time:3637.240s step_avg:1231.71ms
step:2954/3300 train_loss:3.36252 train_time:3638.464s step_avg:1231.71ms
step:2955/3300 train_loss:3.33804 train_time:3639.691s step_avg:1231.71ms
step:2956/3300 train_loss:3.33702 train_time:3640.927s step_avg:1231.71ms
step:2957/3300 train_loss:3.34611 train_time:3642.156s step_avg:1231.71ms
step:2958/3300 train_loss:3.36164 train_time:3643.379s step_avg:1231.70ms
step:2959/3300 train_loss:3.27835 train_time:3644.602s step_avg:1231.70ms
step:2960/3300 train_loss:3.32812 train_time:3645.836s step_avg:1231.70ms
step:2961/3300 train_loss:3.39574 train_time:3647.065s step_avg:1231.70ms
step:2962/3300 train_loss:3.29997 train_time:3648.294s step_avg:1231.70ms
step:2963/3300 train_loss:3.26744 train_time:3649.518s step_avg:1231.70ms
step:2964/3300 train_loss:3.29612 train_time:3650.740s step_avg:1231.69ms
step:2965/3300 train_loss:3.35168 train_time:3651.964s step_avg:1231.69ms
step:2966/3300 train_loss:3.29038 train_time:3653.191s step_avg:1231.69ms
step:2967/3300 train_loss:3.34724 train_time:3654.415s step_avg:1231.69ms
step:2968/3300 train_loss:3.32864 train_time:3655.645s step_avg:1231.69ms
step:2969/3300 train_loss:3.50211 train_time:3656.878s step_avg:1231.69ms
step:2970/3300 train_loss:3.33128 train_time:3658.101s step_avg:1231.68ms
step:2971/3300 train_loss:3.38580 train_time:3659.322s step_avg:1231.68ms
step:2972/3300 train_loss:3.30801 train_time:3660.557s step_avg:1231.68ms
step:2973/3300 train_loss:3.36348 train_time:3661.785s step_avg:1231.68ms
step:2974/3300 train_loss:3.26372 train_time:3663.012s step_avg:1231.68ms
step:2975/3300 train_loss:3.32505 train_time:3664.243s step_avg:1231.68ms
step:2976/3300 train_loss:3.33755 train_time:3665.472s step_avg:1231.68ms
step:2977/3300 train_loss:3.30774 train_time:3666.716s step_avg:1231.68ms
step:2978/3300 train_loss:3.40286 train_time:3667.946s step_avg:1231.68ms
step:2979/3300 train_loss:3.32919 train_time:3669.179s step_avg:1231.68ms
step:2980/3300 train_loss:3.37015 train_time:3670.406s step_avg:1231.68ms
step:2981/3300 train_loss:3.32574 train_time:3671.641s step_avg:1231.68ms
step:2982/3300 train_loss:3.38409 train_time:3672.868s step_avg:1231.68ms
step:2983/3300 train_loss:3.34324 train_time:3674.098s step_avg:1231.68ms
step:2984/3300 train_loss:3.37185 train_time:3675.318s step_avg:1231.67ms
step:2985/3300 train_loss:3.37502 train_time:3676.547s step_avg:1231.67ms
step:2986/3300 train_loss:3.36497 train_time:3677.779s step_avg:1231.67ms
step:2987/3300 train_loss:3.29085 train_time:3679.005s step_avg:1231.67ms
step:2988/3300 train_loss:3.25138 train_time:3680.240s step_avg:1231.67ms
step:2989/3300 train_loss:3.39593 train_time:3681.466s step_avg:1231.67ms
step:2990/3300 train_loss:3.35483 train_time:3682.696s step_avg:1231.67ms
step:2991/3300 train_loss:3.30682 train_time:3683.924s step_avg:1231.67ms
step:2992/3300 train_loss:3.31730 train_time:3685.147s step_avg:1231.67ms
step:2993/3300 train_loss:3.31537 train_time:3686.377s step_avg:1231.67ms
step:2994/3300 train_loss:3.30018 train_time:3687.613s step_avg:1231.67ms
step:2995/3300 train_loss:3.38951 train_time:3688.845s step_avg:1231.67ms
step:2996/3300 train_loss:3.27839 train_time:3690.073s step_avg:1231.67ms
step:2997/3300 train_loss:3.28567 train_time:3691.305s step_avg:1231.67ms
step:2998/3300 train_loss:3.35798 train_time:3692.533s step_avg:1231.67ms
step:2999/3300 train_loss:3.39191 train_time:3693.764s step_avg:1231.67ms
step:3000/3300 train_loss:3.35719 train_time:3694.983s step_avg:1231.66ms
step:3000/3300 val_loss:3.31531 train_time:3694.984s step_avg:1228.04ms
step:3001/3300 train_loss:3.32036 train_time:3696.211s step_avg:1231.66ms
step:3002/3300 train_loss:3.32960 train_time:3697.440s step_avg:1231.66ms
step:3003/3300 train_loss:3.31164 train_time:3698.671s step_avg:1231.66ms
step:3004/3300 train_loss:3.36915 train_time:3699.907s step_avg:1231.66ms
step:3005/3300 train_loss:3.33599 train_time:3701.136s step_avg:1231.66ms
step:3006/3300 train_loss:3.29809 train_time:3702.361s step_avg:1231.66ms
step:3007/3300 train_loss:3.31838 train_time:3703.582s step_avg:1231.65ms
step:3008/3300 train_loss:3.36774 train_time:3704.812s step_avg:1231.65ms
step:3009/3300 train_loss:3.30281 train_time:3706.040s step_avg:1231.65ms
step:3010/3300 train_loss:3.35001 train_time:3707.261s step_avg:1231.65ms
step:3011/3300 train_loss:3.34959 train_time:3708.486s step_avg:1231.65ms
step:3012/3300 train_loss:3.30752 train_time:3709.717s step_avg:1231.65ms
step:3013/3300 train_loss:3.38501 train_time:3710.939s step_avg:1231.64ms
step:3014/3300 train_loss:3.36399 train_time:3712.165s step_avg:1231.64ms
step:3015/3300 train_loss:3.34154 train_time:3713.400s step_avg:1231.64ms
step:3016/3300 train_loss:3.32925 train_time:3714.624s step_avg:1231.64ms
step:3017/3300 train_loss:3.33529 train_time:3715.850s step_avg:1231.64ms
step:3018/3300 train_loss:3.27389 train_time:3717.077s step_avg:1231.64ms
step:3019/3300 train_loss:3.34059 train_time:3718.312s step_avg:1231.64ms
step:3020/3300 train_loss:3.34475 train_time:3719.550s step_avg:1231.64ms
step:3021/3300 train_loss:3.29746 train_time:3720.784s step_avg:1231.64ms
step:3022/3300 train_loss:3.31489 train_time:3722.006s step_avg:1231.64ms
step:3023/3300 train_loss:3.27335 train_time:3723.238s step_avg:1231.64ms
step:3024/3300 train_loss:3.34198 train_time:3724.462s step_avg:1231.63ms
step:3025/3300 train_loss:3.32910 train_time:3725.690s step_avg:1231.63ms
step:3025/3300 val_loss:3.31163 train_time:3725.690s step_avg:1228.26ms
step:3026/3300 train_loss:3.28407 train_time:3726.912s step_avg:1231.63ms
step:3027/3300 train_loss:3.34965 train_time:3728.141s step_avg:1231.63ms
step:3028/3300 train_loss:3.25042 train_time:3729.365s step_avg:1231.63ms
step:3029/3300 train_loss:3.38605 train_time:3730.594s step_avg:1231.63ms
step:3030/3300 train_loss:3.21979 train_time:3731.827s step_avg:1231.63ms
step:3031/3300 train_loss:3.26687 train_time:3733.062s step_avg:1231.63ms
step:3032/3300 train_loss:3.36151 train_time:3734.288s step_avg:1231.63ms
step:3033/3300 train_loss:3.33146 train_time:3735.526s step_avg:1231.63ms
step:3034/3300 train_loss:3.29131 train_time:3736.753s step_avg:1231.63ms
step:3035/3300 train_loss:3.26126 train_time:3737.982s step_avg:1231.63ms
step:3036/3300 train_loss:3.31591 train_time:3739.207s step_avg:1231.62ms
step:3037/3300 train_loss:3.30183 train_time:3740.443s step_avg:1231.62ms
step:3038/3300 train_loss:3.30073 train_time:3741.683s step_avg:1231.63ms
step:3039/3300 train_loss:3.31434 train_time:3742.908s step_avg:1231.62ms
step:3040/3300 train_loss:3.34134 train_time:3744.137s step_avg:1231.62ms
step:3041/3300 train_loss:3.24729 train_time:3745.417s step_avg:1231.64ms
step:3042/3300 train_loss:3.27292 train_time:3746.638s step_avg:1231.64ms
step:3043/3300 train_loss:3.36081 train_time:3747.861s step_avg:1231.63ms
step:3044/3300 train_loss:3.42204 train_time:3749.083s step_avg:1231.63ms
step:3045/3300 train_loss:3.27210 train_time:3750.303s step_avg:1231.63ms
step:3046/3300 train_loss:3.28333 train_time:3751.535s step_avg:1231.63ms
step:3047/3300 train_loss:3.32877 train_time:3752.764s step_avg:1231.63ms
step:3048/3300 train_loss:3.27638 train_time:3753.994s step_avg:1231.63ms
step:3049/3300 train_loss:3.29360 train_time:3755.223s step_avg:1231.62ms
step:3050/3300 train_loss:3.31361 train_time:3756.455s step_avg:1231.62ms
step:3050/3300 val_loss:3.30866 train_time:3756.455s step_avg:1230.60ms
step:3051/3300 train_loss:3.27114 train_time:3757.687s step_avg:1231.62ms
step:3052/3300 train_loss:3.34039 train_time:3758.916s step_avg:1231.62ms
step:3053/3300 train_loss:3.31484 train_time:3760.139s step_avg:1231.62ms
step:3054/3300 train_loss:3.35431 train_time:3761.368s step_avg:1231.62ms
step:3055/3300 train_loss:3.36859 train_time:3762.594s step_avg:1231.62ms
step:3056/3300 train_loss:3.24834 train_time:3763.816s step_avg:1231.62ms
step:3057/3300 train_loss:3.30830 train_time:3765.049s step_avg:1231.62ms
step:3058/3300 train_loss:3.35210 train_time:3766.274s step_avg:1231.61ms
step:3059/3300 train_loss:3.37977 train_time:3767.502s step_avg:1231.61ms
step:3060/3300 train_loss:3.28874 train_time:3768.735s step_avg:1231.61ms
step:3061/3300 train_loss:3.33032 train_time:3769.954s step_avg:1231.61ms
step:3062/3300 train_loss:3.32028 train_time:3771.174s step_avg:1231.60ms
step:3063/3300 train_loss:3.35896 train_time:3772.403s step_avg:1231.60ms
step:3064/3300 train_loss:3.29185 train_time:3773.642s step_avg:1231.61ms
step:3065/3300 train_loss:3.33385 train_time:3774.882s step_avg:1231.61ms
step:3066/3300 train_loss:3.26735 train_time:3776.112s step_avg:1231.61ms
step:3067/3300 train_loss:3.26103 train_time:3777.334s step_avg:1231.61ms
step:3068/3300 train_loss:3.30754 train_time:3778.560s step_avg:1231.60ms
step:3069/3300 train_loss:3.34519 train_time:3779.788s step_avg:1231.60ms
step:3070/3300 train_loss:3.33658 train_time:3781.018s step_avg:1231.60ms
step:3071/3300 train_loss:3.36551 train_time:3782.247s step_avg:1231.60ms
step:3072/3300 train_loss:3.35848 train_time:3783.480s step_avg:1231.60ms
step:3073/3300 train_loss:3.27444 train_time:3784.715s step_avg:1231.60ms
step:3074/3300 train_loss:3.36517 train_time:3785.936s step_avg:1231.60ms
step:3075/3300 train_loss:3.28985 train_time:3787.158s step_avg:1231.60ms
step:3075/3300 val_loss:3.30591 train_time:3787.159s step_avg:1228.14ms
step:3076/3300 train_loss:3.35711 train_time:3788.389s step_avg:1231.60ms
step:3077/3300 train_loss:3.32609 train_time:3789.616s step_avg:1231.59ms
step:3078/3300 train_loss:3.39572 train_time:3790.839s step_avg:1231.59ms
step:3079/3300 train_loss:3.28083 train_time:3792.070s step_avg:1231.59ms
step:3080/3300 train_loss:3.34061 train_time:3793.299s step_avg:1231.59ms
step:3081/3300 train_loss:3.29218 train_time:3794.530s step_avg:1231.59ms
step:3082/3300 train_loss:3.28836 train_time:3795.782s step_avg:1231.60ms
step:3083/3300 train_loss:3.32652 train_time:3797.015s step_avg:1231.60ms
step:3084/3300 train_loss:3.30242 train_time:3798.239s step_avg:1231.59ms
step:3085/3300 train_loss:3.39497 train_time:3799.460s step_avg:1231.59ms
step:3086/3300 train_loss:3.31821 train_time:3800.700s step_avg:1231.59ms
step:3087/3300 train_loss:3.32076 train_time:3801.930s step_avg:1231.59ms
step:3088/3300 train_loss:3.31319 train_time:3803.161s step_avg:1231.59ms
step:3089/3300 train_loss:3.31196 train_time:3804.396s step_avg:1231.59ms
step:3090/3300 train_loss:3.35232 train_time:3805.625s step_avg:1231.59ms
step:3091/3300 train_loss:3.42689 train_time:3806.863s step_avg:1231.60ms
step:3092/3300 train_loss:3.35247 train_time:3808.099s step_avg:1231.60ms
step:3093/3300 train_loss:3.27182 train_time:3809.328s step_avg:1231.60ms
step:3094/3300 train_loss:3.34777 train_time:3810.569s step_avg:1231.60ms
step:3095/3300 train_loss:3.32716 train_time:3811.804s step_avg:1231.60ms
step:3096/3300 train_loss:3.32370 train_time:3813.029s step_avg:1231.60ms
step:3097/3300 train_loss:3.31079 train_time:3814.264s step_avg:1231.60ms
step:3098/3300 train_loss:3.26688 train_time:3815.502s step_avg:1231.60ms
step:3099/3300 train_loss:3.33548 train_time:3816.739s step_avg:1231.60ms
step:3100/3300 train_loss:3.25377 train_time:3817.968s step_avg:1231.60ms
step:3100/3300 val_loss:3.30316 train_time:3817.969s step_avg:1232.40ms
step:3101/3300 train_loss:3.30218 train_time:3819.209s step_avg:1231.61ms
step:3102/3300 train_loss:3.22748 train_time:3820.439s step_avg:1231.61ms
step:3103/3300 train_loss:3.35717 train_time:3821.676s step_avg:1231.61ms
step:3104/3300 train_loss:3.27321 train_time:3822.916s step_avg:1231.61ms
step:3105/3300 train_loss:3.30865 train_time:3824.147s step_avg:1231.61ms
step:3106/3300 train_loss:3.21179 train_time:3825.370s step_avg:1231.61ms
step:3107/3300 train_loss:3.19712 train_time:3826.597s step_avg:1231.61ms
step:3108/3300 train_loss:3.30966 train_time:3827.829s step_avg:1231.61ms
step:3109/3300 train_loss:3.30491 train_time:3829.059s step_avg:1231.60ms
step:3110/3300 train_loss:3.31600 train_time:3830.291s step_avg:1231.60ms
step:3111/3300 train_loss:3.25170 train_time:3831.524s step_avg:1231.61ms
step:3112/3300 train_loss:3.34909 train_time:3832.775s step_avg:1231.61ms
step:3113/3300 train_loss:3.25936 train_time:3834.007s step_avg:1231.61ms
step:3114/3300 train_loss:3.32591 train_time:3835.234s step_avg:1231.61ms
step:3115/3300 train_loss:3.33343 train_time:3836.460s step_avg:1231.61ms
step:3116/3300 train_loss:3.44197 train_time:3837.693s step_avg:1231.61ms
step:3117/3300 train_loss:3.29537 train_time:3838.932s step_avg:1231.61ms
step:3118/3300 train_loss:3.31865 train_time:3840.152s step_avg:1231.61ms
step:3119/3300 train_loss:3.30931 train_time:3841.384s step_avg:1231.61ms
step:3120/3300 train_loss:3.26049 train_time:3842.620s step_avg:1231.61ms
step:3121/3300 train_loss:3.35762 train_time:3843.851s step_avg:1231.61ms
step:3122/3300 train_loss:3.32862 train_time:3845.076s step_avg:1231.61ms
step:3123/3300 train_loss:3.32074 train_time:3846.306s step_avg:1231.61ms
step:3124/3300 train_loss:3.20024 train_time:3847.533s step_avg:1231.60ms
step:3125/3300 train_loss:3.31701 train_time:3848.756s step_avg:1231.60ms
step:3125/3300 val_loss:3.30060 train_time:3848.756s step_avg:1231.49ms
step:3126/3300 train_loss:3.26553 train_time:3849.991s step_avg:1231.60ms
step:3127/3300 train_loss:3.41522 train_time:3851.243s step_avg:1231.61ms
step:3128/3300 train_loss:3.31168 train_time:3852.472s step_avg:1231.61ms
step:3129/3300 train_loss:3.28902 train_time:3853.697s step_avg:1231.61ms
step:3130/3300 train_loss:3.30929 train_time:3854.922s step_avg:1231.60ms
step:3131/3300 train_loss:3.31628 train_time:3856.155s step_avg:1231.60ms
step:3132/3300 train_loss:3.24901 train_time:3857.380s step_avg:1231.60ms
step:3133/3300 train_loss:3.32939 train_time:3858.602s step_avg:1231.60ms
step:3134/3300 train_loss:3.28607 train_time:3859.845s step_avg:1231.60ms
step:3135/3300 train_loss:3.26733 train_time:3861.080s step_avg:1231.60ms
step:3136/3300 train_loss:3.28913 train_time:3862.306s step_avg:1231.60ms
step:3137/3300 train_loss:3.39122 train_time:3863.537s step_avg:1231.60ms
step:3138/3300 train_loss:3.30055 train_time:3864.775s step_avg:1231.60ms
step:3139/3300 train_loss:3.34991 train_time:3866.004s step_avg:1231.60ms
step:3140/3300 train_loss:3.34487 train_time:3867.235s step_avg:1231.60ms
step:3141/3300 train_loss:3.29938 train_time:3868.461s step_avg:1231.60ms
step:3142/3300 train_loss:3.31275 train_time:3869.691s step_avg:1231.60ms
step:3143/3300 train_loss:3.25464 train_time:3870.921s step_avg:1231.60ms
step:3144/3300 train_loss:3.35157 train_time:3872.151s step_avg:1231.60ms
step:3145/3300 train_loss:3.27750 train_time:3873.377s step_avg:1231.60ms
step:3146/3300 train_loss:3.34051 train_time:3874.606s step_avg:1231.60ms
step:3147/3300 train_loss:3.33999 train_time:3875.839s step_avg:1231.60ms
step:3148/3300 train_loss:3.31949 train_time:3877.063s step_avg:1231.60ms
step:3149/3300 train_loss:3.25488 train_time:3878.290s step_avg:1231.59ms
step:3150/3300 train_loss:3.30517 train_time:3879.536s step_avg:1231.60ms
step:3150/3300 val_loss:3.29785 train_time:3879.536s step_avg:1231.20ms
step:3151/3300 train_loss:3.29537 train_time:3880.763s step_avg:1231.60ms
step:3152/3300 train_loss:3.32393 train_time:3881.987s step_avg:1231.59ms
step:3153/3300 train_loss:3.32251 train_time:3883.220s step_avg:1231.60ms
step:3154/3300 train_loss:3.28992 train_time:3884.444s step_avg:1231.59ms
step:3155/3300 train_loss:3.31136 train_time:3885.676s step_avg:1231.59ms
step:3156/3300 train_loss:3.33999 train_time:3886.908s step_avg:1231.59ms
step:3157/3300 train_loss:3.29751 train_time:3888.143s step_avg:1231.59ms
step:3158/3300 train_loss:3.37492 train_time:3889.373s step_avg:1231.59ms
step:3159/3300 train_loss:3.30258 train_time:3890.602s step_avg:1231.59ms
step:3160/3300 train_loss:3.26988 train_time:3891.833s step_avg:1231.59ms
step:3161/3300 train_loss:3.27896 train_time:3893.084s step_avg:1231.60ms
step:3162/3300 train_loss:3.27609 train_time:3894.311s step_avg:1231.60ms
step:3163/3300 train_loss:3.23504 train_time:3895.539s step_avg:1231.60ms
step:3164/3300 train_loss:3.32627 train_time:3896.768s step_avg:1231.60ms
step:3165/3300 train_loss:3.30218 train_time:3897.997s step_avg:1231.59ms
step:3166/3300 train_loss:3.31204 train_time:3899.225s step_avg:1231.59ms
step:3167/3300 train_loss:3.28859 train_time:3900.444s step_avg:1231.59ms
step:3168/3300 train_loss:3.25680 train_time:3901.666s step_avg:1231.59ms
step:3169/3300 train_loss:3.34561 train_time:3902.914s step_avg:1231.59ms
step:3170/3300 train_loss:3.26080 train_time:3904.149s step_avg:1231.59ms
step:3171/3300 train_loss:3.35265 train_time:3905.381s step_avg:1231.59ms
step:3172/3300 train_loss:3.34846 train_time:3906.606s step_avg:1231.59ms
step:3173/3300 train_loss:3.29758 train_time:3907.841s step_avg:1231.59ms
step:3174/3300 train_loss:3.29510 train_time:3909.069s step_avg:1231.59ms
step:3175/3300 train_loss:3.34691 train_time:3910.290s step_avg:1231.59ms
step:3175/3300 val_loss:3.29543 train_time:3910.290s step_avg:1230.16ms
step:3176/3300 train_loss:3.30768 train_time:3911.522s step_avg:1231.59ms
step:3177/3300 train_loss:3.33009 train_time:3912.750s step_avg:1231.59ms
step:3178/3300 train_loss:3.38443 train_time:3913.972s step_avg:1231.58ms
step:3179/3300 train_loss:3.30162 train_time:3915.199s step_avg:1231.58ms
step:3180/3300 train_loss:3.27440 train_time:3916.430s step_avg:1231.58ms
step:3181/3300 train_loss:3.26820 train_time:3917.653s step_avg:1231.58ms
step:3182/3300 train_loss:3.25290 train_time:3918.886s step_avg:1231.58ms
step:3183/3300 train_loss:3.30869 train_time:3920.117s step_avg:1231.58ms
step:3184/3300 train_loss:3.29238 train_time:3921.342s step_avg:1231.58ms
step:3185/3300 train_loss:3.25900 train_time:3922.570s step_avg:1231.58ms
step:3186/3300 train_loss:3.32785 train_time:3923.795s step_avg:1231.57ms
step:3187/3300 train_loss:3.27888 train_time:3925.022s step_avg:1231.57ms
step:3188/3300 train_loss:3.31087 train_time:3926.254s step_avg:1231.57ms
step:3189/3300 train_loss:3.29539 train_time:3927.483s step_avg:1231.57ms
step:3190/3300 train_loss:3.30646 train_time:3928.712s step_avg:1231.57ms
step:3191/3300 train_loss:3.25889 train_time:3929.939s step_avg:1231.57ms
step:3192/3300 train_loss:3.34308 train_time:3931.171s step_avg:1231.57ms
step:3193/3300 train_loss:3.39044 train_time:3932.397s step_avg:1231.57ms
step:3194/3300 train_loss:3.35897 train_time:3933.621s step_avg:1231.57ms
step:3195/3300 train_loss:3.20525 train_time:3934.853s step_avg:1231.57ms
step:3196/3300 train_loss:3.47974 train_time:3936.082s step_avg:1231.57ms
step:3197/3300 train_loss:3.23231 train_time:3937.311s step_avg:1231.56ms
step:3198/3300 train_loss:3.31099 train_time:3938.537s step_avg:1231.56ms
step:3199/3300 train_loss:3.29847 train_time:3939.772s step_avg:1231.56ms
step:3200/3300 train_loss:3.27842 train_time:3941.006s step_avg:1231.56ms
step:3200/3300 val_loss:3.29306 train_time:3941.007s step_avg:1228.67ms
step:3201/3300 train_loss:3.31356 train_time:3942.243s step_avg:1231.57ms
step:3202/3300 train_loss:3.31151 train_time:3943.473s step_avg:1231.57ms
step:3203/3300 train_loss:3.26059 train_time:3944.697s step_avg:1231.56ms
step:3204/3300 train_loss:3.36597 train_time:3945.931s step_avg:1231.56ms
step:3205/3300 train_loss:3.37871 train_time:3947.158s step_avg:1231.56ms
step:3206/3300 train_loss:3.23490 train_time:3948.396s step_avg:1231.56ms
step:3207/3300 train_loss:3.33170 train_time:3949.625s step_avg:1231.56ms
step:3208/3300 train_loss:3.34951 train_time:3950.860s step_avg:1231.56ms
step:3209/3300 train_loss:3.27688 train_time:3952.093s step_avg:1231.57ms
step:3210/3300 train_loss:3.34766 train_time:3953.314s step_avg:1231.56ms
step:3211/3300 train_loss:3.25980 train_time:3954.535s step_avg:1231.56ms
step:3212/3300 train_loss:3.30923 train_time:3955.759s step_avg:1231.56ms
step:3213/3300 train_loss:3.32731 train_time:3956.992s step_avg:1231.56ms
step:3214/3300 train_loss:3.32240 train_time:3958.219s step_avg:1231.56ms
step:3215/3300 train_loss:3.26024 train_time:3959.454s step_avg:1231.56ms
step:3216/3300 train_loss:3.29303 train_time:3960.681s step_avg:1231.56ms
step:3217/3300 train_loss:3.31682 train_time:3961.911s step_avg:1231.55ms
step:3218/3300 train_loss:3.31079 train_time:3963.134s step_avg:1231.55ms
step:3219/3300 train_loss:3.34058 train_time:3964.360s step_avg:1231.55ms
step:3220/3300 train_loss:3.36016 train_time:3965.594s step_avg:1231.55ms
step:3221/3300 train_loss:3.30211 train_time:3966.817s step_avg:1231.55ms
step:3222/3300 train_loss:3.30765 train_time:3968.046s step_avg:1231.55ms
step:3223/3300 train_loss:3.28112 train_time:3969.272s step_avg:1231.55ms
step:3224/3300 train_loss:3.27040 train_time:3970.499s step_avg:1231.54ms
step:3225/3300 train_loss:3.26850 train_time:3971.727s step_avg:1231.54ms
step:3225/3300 val_loss:3.29106 train_time:3971.728s step_avg:1228.84ms
step:3226/3300 train_loss:3.28986 train_time:3972.956s step_avg:1231.54ms
step:3227/3300 train_loss:3.29821 train_time:3974.183s step_avg:1231.54ms
step:3228/3300 train_loss:3.29866 train_time:3975.407s step_avg:1231.54ms
step:3229/3300 train_loss:3.21768 train_time:3976.632s step_avg:1231.54ms
step:3230/3300 train_loss:3.31293 train_time:3977.866s step_avg:1231.54ms
step:3231/3300 train_loss:3.35901 train_time:3979.124s step_avg:1231.55ms
step:3232/3300 train_loss:3.27427 train_time:3980.348s step_avg:1231.54ms
step:3233/3300 train_loss:3.37641 train_time:3981.576s step_avg:1231.54ms
step:3234/3300 train_loss:3.22587 train_time:3982.805s step_avg:1231.54ms
step:3235/3300 train_loss:3.32061 train_time:3984.029s step_avg:1231.54ms
step:3236/3300 train_loss:3.34281 train_time:3985.252s step_avg:1231.54ms
step:3237/3300 train_loss:3.31376 train_time:3986.481s step_avg:1231.54ms
step:3238/3300 train_loss:3.29056 train_time:3987.708s step_avg:1231.53ms
step:3239/3300 train_loss:3.24273 train_time:3988.943s step_avg:1231.54ms
step:3240/3300 train_loss:3.31351 train_time:3990.175s step_avg:1231.54ms
step:3241/3300 train_loss:3.38119 train_time:3991.405s step_avg:1231.53ms
step:3242/3300 train_loss:3.34343 train_time:3992.628s step_avg:1231.53ms
step:3243/3300 train_loss:3.34971 train_time:3993.849s step_avg:1231.53ms
step:3244/3300 train_loss:3.35131 train_time:3995.076s step_avg:1231.53ms
step:3245/3300 train_loss:3.31367 train_time:3996.305s step_avg:1231.53ms
step:3246/3300 train_loss:3.32459 train_time:3997.527s step_avg:1231.52ms
step:3247/3300 train_loss:3.22463 train_time:3998.743s step_avg:1231.52ms
step:3248/3300 train_loss:3.22651 train_time:3999.971s step_avg:1231.52ms
step:3249/3300 train_loss:3.30696 train_time:4001.200s step_avg:1231.52ms
step:3250/3300 train_loss:3.31280 train_time:4002.434s step_avg:1231.52ms
step:3250/3300 val_loss:3.28948 train_time:4002.434s step_avg:1228.25ms
step:3251/3300 train_loss:3.29295 train_time:4003.666s step_avg:1231.52ms
step:3252/3300 train_loss:3.27567 train_time:4004.889s step_avg:1231.52ms
step:3253/3300 train_loss:3.34041 train_time:4006.124s step_avg:1231.52ms
step:3254/3300 train_loss:3.33762 train_time:4007.347s step_avg:1231.51ms
step:3255/3300 train_loss:3.31253 train_time:4008.586s step_avg:1231.52ms
step:3256/3300 train_loss:3.29920 train_time:4009.822s step_avg:1231.52ms
step:3257/3300 train_loss:3.31652 train_time:4011.043s step_avg:1231.51ms
step:3258/3300 train_loss:3.29896 train_time:4012.267s step_avg:1231.51ms
step:3259/3300 train_loss:3.34206 train_time:4013.494s step_avg:1231.51ms
step:3260/3300 train_loss:3.28765 train_time:4014.724s step_avg:1231.51ms
step:3261/3300 train_loss:3.29766 train_time:4015.953s step_avg:1231.51ms
step:3262/3300 train_loss:3.26770 train_time:4017.186s step_avg:1231.51ms
step:3263/3300 train_loss:3.42495 train_time:4018.411s step_avg:1231.51ms
step:3264/3300 train_loss:3.29309 train_time:4019.646s step_avg:1231.51ms
step:3265/3300 train_loss:3.35335 train_time:4020.876s step_avg:1231.51ms
step:3266/3300 train_loss:3.28212 train_time:4022.105s step_avg:1231.51ms
step:3267/3300 train_loss:3.35953 train_time:4023.329s step_avg:1231.51ms
step:3268/3300 train_loss:3.23905 train_time:4024.561s step_avg:1231.51ms
step:3269/3300 train_loss:3.35642 train_time:4025.784s step_avg:1231.50ms
step:3270/3300 train_loss:3.25252 train_time:4027.019s step_avg:1231.50ms
step:3271/3300 train_loss:3.30118 train_time:4028.245s step_avg:1231.50ms
step:3272/3300 train_loss:3.27493 train_time:4029.472s step_avg:1231.50ms
step:3273/3300 train_loss:3.29744 train_time:4030.699s step_avg:1231.50ms
step:3274/3300 train_loss:3.28112 train_time:4031.933s step_avg:1231.50ms
step:3275/3300 train_loss:3.28094 train_time:4033.164s step_avg:1231.50ms
step:3275/3300 val_loss:3.28823 train_time:4033.165s step_avg:1229.23ms
step:3276/3300 train_loss:3.26676 train_time:4034.404s step_avg:1231.50ms
step:3277/3300 train_loss:3.33015 train_time:4035.633s step_avg:1231.50ms
step:3278/3300 train_loss:3.24837 train_time:4036.862s step_avg:1231.50ms
step:3279/3300 train_loss:3.33091 train_time:4038.093s step_avg:1231.50ms
step:3280/3300 train_loss:3.21930 train_time:4039.324s step_avg:1231.50ms
step:3281/3300 train_loss:3.32142 train_time:4040.554s step_avg:1231.50ms
step:3282/3300 train_loss:3.29699 train_time:4041.786s step_avg:1231.50ms
step:3283/3300 train_loss:3.34491 train_time:4043.009s step_avg:1231.50ms
step:3284/3300 train_loss:3.25230 train_time:4044.229s step_avg:1231.49ms
step:3285/3300 train_loss:3.32692 train_time:4045.456s step_avg:1231.49ms
step:3286/3300 train_loss:3.25889 train_time:4046.688s step_avg:1231.49ms
step:3287/3300 train_loss:3.28305 train_time:4047.908s step_avg:1231.49ms
step:3288/3300 train_loss:3.37781 train_time:4049.131s step_avg:1231.49ms
step:3289/3300 train_loss:3.33937 train_time:4050.357s step_avg:1231.49ms
step:3290/3300 train_loss:3.21230 train_time:4051.596s step_avg:1231.49ms
step:3291/3300 train_loss:3.32479 train_time:4052.824s step_avg:1231.49ms
step:3292/3300 train_loss:3.30369 train_time:4054.052s step_avg:1231.49ms
step:3293/3300 train_loss:3.27810 train_time:4055.283s step_avg:1231.49ms
step:3294/3300 train_loss:3.34514 train_time:4056.510s step_avg:1231.48ms
step:3295/3300 train_loss:3.26939 train_time:4057.730s step_avg:1231.48ms
step:3296/3300 train_loss:3.30159 train_time:4058.951s step_avg:1231.48ms
step:3297/3300 train_loss:3.30026 train_time:4060.177s step_avg:1231.48ms
step:3298/3300 train_loss:3.27525 train_time:4061.411s step_avg:1231.48ms
step:3299/3300 train_loss:3.28820 train_time:4062.639s step_avg:1231.48ms
step:3300/3300 train_loss:3.29240 train_time:4063.871s step_avg:1231.48ms
step:3300/3300 val_loss:3.28768 train_time:4063.871s step_avg:1228.27ms
