logfile: ../../../../records/track_3_optimization/results/iclr_code/runs/random5_shared_uwfloor_c0p35_wdfree_20260909T042915Z/plain_muon_shared_uwfloor_c0p35_wdfree/seed1892922382/raw/seed1892922382_plain_muon_shared_uwfloor_c0p35_wdfree_loss_only.txt
val_loss_file: ../../../../records/track_3_optimization/results/iclr_code/runs/random5_shared_uwfloor_c0p35_wdfree_20260909T042915Z/plain_muon_shared_uwfloor_c0p35_wdfree/seed1892922382/raw/seed1892922382_plain_muon_shared_uwfloor_c0p35_wdfree_loss_only_val_loss.jsonl
scheme:plain_muon opt_mode:plain rho:0.0 ns_steps:12 momentum:0.95 nesterov:True scale_ema_beta:0.9 interval:5
matrix_lr_base:0.035 matrix_weight_decay_base:0.0 weight_decay_mode:decoupled zero_init_trust_floor_scale:1.0
matrix_group:q/k/v initial_lr:0.035 weight_decay:0.0
matrix_group:attn.proj initial_lr:0.035 weight_decay:0.0
matrix_group:mlp.fc initial_lr:0.035 weight_decay:0.0
matrix_group:mlp.proj initial_lr:0.035 weight_decay:0.0
uw_floor_mode:fixed uw_floor_c:0.35 uw_floor_calibration_step:400 uw_floor_eps:1e-12
schedule_cooldown_frac:0.7 previous_muonl_experiment_cooldown_frac:0.7
validation_frequency early:125 mid:25@3000 late:10@3200
seed:1892922382 train_steps:3300 schedule_steps:3300 diag_freq:250
batch_tokens:524288 train_microbatches:8 train_microbatch_sequences:64 val_tokens:10485760
save_log:True save_diag:False save_orscale_state:False orscale_state_freq:250
save_weight_norms:False weight_norm_freq:1 save_uw_floor_summary:False uw_floor_summary_freq:1 save_val_loss_jsonl:True
step:S val_loss is after S optimizer updates
step:0/3300 val_loss:10.82583 train_time:0.000s step_avg:nanms
step:1/3300 train_loss:10.82584 train_time:3.264s step_avg:3263.71ms
step:2/3300 train_loss:10.43253 train_time:4.396s step_avg:2198.11ms
step:3/3300 train_loss:9.08476 train_time:5.588s step_avg:1862.75ms
step:4/3300 train_loss:7.92561 train_time:6.796s step_avg:1699.00ms
step:5/3300 train_loss:7.29828 train_time:7.999s step_avg:1599.70ms
step:6/3300 train_loss:6.93974 train_time:9.207s step_avg:1534.50ms
step:7/3300 train_loss:6.91534 train_time:10.407s step_avg:1486.71ms
step:8/3300 train_loss:6.70105 train_time:11.611s step_avg:1451.32ms
step:9/3300 train_loss:6.75869 train_time:12.826s step_avg:1425.16ms
step:10/3300 train_loss:6.61322 train_time:14.035s step_avg:1403.51ms
step:11/3300 train_loss:6.59021 train_time:15.251s step_avg:1386.42ms
step:12/3300 train_loss:6.50429 train_time:16.454s step_avg:1371.16ms
step:13/3300 train_loss:6.45659 train_time:17.672s step_avg:1359.35ms
step:14/3300 train_loss:6.32975 train_time:18.877s step_avg:1348.33ms
step:15/3300 train_loss:6.34523 train_time:20.075s step_avg:1338.33ms
step:16/3300 train_loss:6.26189 train_time:21.275s step_avg:1329.69ms
step:17/3300 train_loss:6.27829 train_time:22.475s step_avg:1322.07ms
step:18/3300 train_loss:6.29728 train_time:23.684s step_avg:1315.78ms
step:19/3300 train_loss:6.28986 train_time:24.904s step_avg:1310.75ms
step:20/3300 train_loss:6.13788 train_time:26.111s step_avg:1305.57ms
step:21/3300 train_loss:6.15379 train_time:27.316s step_avg:1300.74ms
step:22/3300 train_loss:6.19897 train_time:28.523s step_avg:1296.48ms
step:23/3300 train_loss:6.04594 train_time:29.722s step_avg:1292.27ms
step:24/3300 train_loss:6.08644 train_time:30.922s step_avg:1288.42ms
step:25/3300 train_loss:5.98840 train_time:32.137s step_avg:1285.46ms
step:26/3300 train_loss:6.02301 train_time:33.345s step_avg:1282.51ms
step:27/3300 train_loss:6.00030 train_time:34.542s step_avg:1279.35ms
step:28/3300 train_loss:5.89645 train_time:35.767s step_avg:1277.41ms
step:29/3300 train_loss:5.98174 train_time:37.007s step_avg:1276.09ms
step:30/3300 train_loss:5.90121 train_time:38.222s step_avg:1274.08ms
step:31/3300 train_loss:5.94770 train_time:39.487s step_avg:1273.77ms
step:32/3300 train_loss:5.81602 train_time:40.689s step_avg:1271.54ms
step:33/3300 train_loss:5.81401 train_time:41.909s step_avg:1269.96ms
step:34/3300 train_loss:5.79561 train_time:43.116s step_avg:1268.11ms
step:35/3300 train_loss:5.86537 train_time:44.323s step_avg:1266.37ms
step:36/3300 train_loss:5.77251 train_time:45.535s step_avg:1264.86ms
step:37/3300 train_loss:5.77309 train_time:46.737s step_avg:1263.16ms
step:38/3300 train_loss:5.73731 train_time:47.939s step_avg:1261.56ms
step:39/3300 train_loss:5.73257 train_time:49.143s step_avg:1260.07ms
step:40/3300 train_loss:5.63429 train_time:50.341s step_avg:1258.53ms
step:41/3300 train_loss:5.68247 train_time:51.537s step_avg:1257.00ms
step:42/3300 train_loss:5.61176 train_time:52.751s step_avg:1255.98ms
step:43/3300 train_loss:5.66571 train_time:53.960s step_avg:1254.89ms
step:44/3300 train_loss:5.55978 train_time:55.173s step_avg:1253.92ms
step:45/3300 train_loss:5.54478 train_time:56.375s step_avg:1252.77ms
step:46/3300 train_loss:5.54585 train_time:57.595s step_avg:1252.07ms
step:47/3300 train_loss:5.52049 train_time:58.805s step_avg:1251.17ms
step:48/3300 train_loss:5.54031 train_time:60.001s step_avg:1250.02ms
step:49/3300 train_loss:5.48420 train_time:61.203s step_avg:1249.03ms
step:50/3300 train_loss:5.49341 train_time:62.401s step_avg:1248.03ms
step:51/3300 train_loss:5.40205 train_time:63.610s step_avg:1247.25ms
step:52/3300 train_loss:5.45995 train_time:64.814s step_avg:1246.43ms
step:53/3300 train_loss:5.40002 train_time:66.038s step_avg:1246.01ms
step:54/3300 train_loss:5.39806 train_time:67.258s step_avg:1245.53ms
step:55/3300 train_loss:5.38692 train_time:68.469s step_avg:1244.89ms
step:56/3300 train_loss:5.35224 train_time:69.679s step_avg:1244.27ms
step:57/3300 train_loss:5.34457 train_time:70.884s step_avg:1243.58ms
step:58/3300 train_loss:5.33390 train_time:72.086s step_avg:1242.86ms
step:59/3300 train_loss:5.28203 train_time:73.292s step_avg:1242.23ms
step:60/3300 train_loss:5.29230 train_time:74.498s step_avg:1241.63ms
step:61/3300 train_loss:5.27235 train_time:75.704s step_avg:1241.04ms
step:62/3300 train_loss:5.26161 train_time:76.921s step_avg:1240.67ms
step:63/3300 train_loss:5.23335 train_time:78.131s step_avg:1240.17ms
step:64/3300 train_loss:5.22470 train_time:79.350s step_avg:1239.84ms
step:65/3300 train_loss:5.18545 train_time:80.539s step_avg:1239.06ms
step:66/3300 train_loss:5.26262 train_time:81.741s step_avg:1238.50ms
step:67/3300 train_loss:5.21152 train_time:82.941s step_avg:1237.92ms
step:68/3300 train_loss:5.29439 train_time:84.150s step_avg:1237.50ms
step:69/3300 train_loss:5.17313 train_time:85.351s step_avg:1236.97ms
step:70/3300 train_loss:5.17715 train_time:86.580s step_avg:1236.85ms
step:71/3300 train_loss:5.15472 train_time:87.800s step_avg:1236.61ms
step:72/3300 train_loss:5.16123 train_time:89.007s step_avg:1236.20ms
step:73/3300 train_loss:5.13302 train_time:90.215s step_avg:1235.83ms
step:74/3300 train_loss:5.14593 train_time:91.414s step_avg:1235.33ms
step:75/3300 train_loss:5.11609 train_time:92.625s step_avg:1234.99ms
step:76/3300 train_loss:5.07646 train_time:93.839s step_avg:1234.72ms
step:77/3300 train_loss:5.14058 train_time:95.054s step_avg:1234.46ms
step:78/3300 train_loss:5.11839 train_time:96.268s step_avg:1234.21ms
step:79/3300 train_loss:4.92747 train_time:97.483s step_avg:1233.96ms
step:80/3300 train_loss:5.03806 train_time:98.744s step_avg:1234.30ms
step:81/3300 train_loss:4.99621 train_time:99.943s step_avg:1233.87ms
step:82/3300 train_loss:5.17955 train_time:101.140s step_avg:1233.42ms
step:83/3300 train_loss:5.04492 train_time:102.350s step_avg:1233.14ms
step:84/3300 train_loss:5.03072 train_time:103.555s step_avg:1232.79ms
step:85/3300 train_loss:4.98293 train_time:104.759s step_avg:1232.45ms
step:86/3300 train_loss:5.02089 train_time:105.961s step_avg:1232.10ms
step:87/3300 train_loss:5.00267 train_time:107.181s step_avg:1231.97ms
step:88/3300 train_loss:5.00023 train_time:108.379s step_avg:1231.58ms
step:89/3300 train_loss:4.99878 train_time:109.580s step_avg:1231.24ms
step:90/3300 train_loss:4.94624 train_time:110.782s step_avg:1230.91ms
step:91/3300 train_loss:4.96096 train_time:111.983s step_avg:1230.58ms
step:92/3300 train_loss:4.95764 train_time:113.191s step_avg:1230.33ms
step:93/3300 train_loss:4.93106 train_time:114.397s step_avg:1230.07ms
step:94/3300 train_loss:4.95477 train_time:115.611s step_avg:1229.90ms
step:95/3300 train_loss:4.92840 train_time:116.828s step_avg:1229.77ms
step:96/3300 train_loss:4.85696 train_time:118.030s step_avg:1229.48ms
step:97/3300 train_loss:4.94669 train_time:119.241s step_avg:1229.28ms
step:98/3300 train_loss:4.90145 train_time:120.442s step_avg:1229.00ms
step:99/3300 train_loss:4.88660 train_time:121.640s step_avg:1228.69ms
step:100/3300 train_loss:4.85577 train_time:122.844s step_avg:1228.44ms
step:101/3300 train_loss:4.83032 train_time:124.050s step_avg:1228.22ms
step:102/3300 train_loss:4.82270 train_time:125.251s step_avg:1227.95ms
step:103/3300 train_loss:4.83877 train_time:126.456s step_avg:1227.73ms
step:104/3300 train_loss:4.92589 train_time:127.659s step_avg:1227.49ms
step:105/3300 train_loss:4.85545 train_time:128.885s step_avg:1227.47ms
step:106/3300 train_loss:4.87546 train_time:130.085s step_avg:1227.22ms
step:107/3300 train_loss:4.84298 train_time:131.286s step_avg:1226.97ms
step:108/3300 train_loss:4.77004 train_time:132.500s step_avg:1226.85ms
step:109/3300 train_loss:4.84200 train_time:133.715s step_avg:1226.74ms
step:110/3300 train_loss:4.88059 train_time:134.926s step_avg:1226.60ms
step:111/3300 train_loss:4.77742 train_time:136.136s step_avg:1226.45ms
step:112/3300 train_loss:4.83101 train_time:137.341s step_avg:1226.26ms
step:113/3300 train_loss:4.84847 train_time:138.541s step_avg:1226.03ms
step:114/3300 train_loss:4.79065 train_time:139.745s step_avg:1225.83ms
step:115/3300 train_loss:4.81090 train_time:140.949s step_avg:1225.64ms
step:116/3300 train_loss:4.79254 train_time:142.195s step_avg:1225.82ms
step:117/3300 train_loss:4.74363 train_time:143.405s step_avg:1225.68ms
step:118/3300 train_loss:4.74641 train_time:144.606s step_avg:1225.47ms
step:119/3300 train_loss:4.73940 train_time:145.805s step_avg:1225.25ms
step:120/3300 train_loss:4.71111 train_time:147.005s step_avg:1225.04ms
step:121/3300 train_loss:4.70807 train_time:148.213s step_avg:1224.90ms
step:122/3300 train_loss:4.65034 train_time:149.469s step_avg:1225.16ms
step:123/3300 train_loss:4.72168 train_time:150.667s step_avg:1224.93ms
step:124/3300 train_loss:4.68022 train_time:151.934s step_avg:1225.28ms
step:125/3300 train_loss:4.69628 train_time:153.129s step_avg:1225.03ms
step:125/3300 val_loss:4.68639 train_time:153.129s step_avg:1225.03ms
step:126/3300 train_loss:4.66758 train_time:154.347s step_avg:1224.98ms
step:127/3300 train_loss:4.75308 train_time:155.545s step_avg:1224.77ms
step:128/3300 train_loss:4.67513 train_time:156.736s step_avg:1224.50ms
step:129/3300 train_loss:4.75452 train_time:157.945s step_avg:1224.38ms
step:130/3300 train_loss:4.61352 train_time:159.139s step_avg:1224.15ms
step:131/3300 train_loss:4.67423 train_time:160.341s step_avg:1223.98ms
step:132/3300 train_loss:4.65721 train_time:161.551s step_avg:1223.87ms
step:133/3300 train_loss:4.60831 train_time:162.762s step_avg:1223.78ms
step:134/3300 train_loss:4.62518 train_time:163.957s step_avg:1223.56ms
step:135/3300 train_loss:4.67004 train_time:165.161s step_avg:1223.41ms
step:136/3300 train_loss:4.59646 train_time:166.361s step_avg:1223.24ms
step:137/3300 train_loss:4.62844 train_time:167.563s step_avg:1223.09ms
step:138/3300 train_loss:4.62547 train_time:168.760s step_avg:1222.90ms
step:139/3300 train_loss:4.60114 train_time:169.962s step_avg:1222.75ms
step:140/3300 train_loss:4.64428 train_time:171.178s step_avg:1222.70ms
step:141/3300 train_loss:4.55535 train_time:172.382s step_avg:1222.56ms
step:142/3300 train_loss:4.65585 train_time:173.578s step_avg:1222.38ms
step:143/3300 train_loss:4.58276 train_time:174.783s step_avg:1222.26ms
step:144/3300 train_loss:4.58943 train_time:175.982s step_avg:1222.09ms
step:145/3300 train_loss:4.56334 train_time:177.194s step_avg:1222.03ms
step:146/3300 train_loss:4.49840 train_time:178.411s step_avg:1221.99ms
step:147/3300 train_loss:4.53656 train_time:179.635s step_avg:1222.01ms
step:148/3300 train_loss:4.57124 train_time:180.835s step_avg:1221.86ms
step:149/3300 train_loss:4.58491 train_time:182.033s step_avg:1221.70ms
step:150/3300 train_loss:4.56326 train_time:183.234s step_avg:1221.56ms
step:151/3300 train_loss:4.52746 train_time:184.445s step_avg:1221.49ms
step:152/3300 train_loss:4.43374 train_time:185.655s step_avg:1221.41ms
step:153/3300 train_loss:4.47118 train_time:186.855s step_avg:1221.27ms
step:154/3300 train_loss:4.49400 train_time:188.058s step_avg:1221.15ms
step:155/3300 train_loss:4.54331 train_time:189.301s step_avg:1221.30ms
step:156/3300 train_loss:4.53546 train_time:190.505s step_avg:1221.19ms
step:157/3300 train_loss:4.53714 train_time:191.709s step_avg:1221.08ms
step:158/3300 train_loss:4.43749 train_time:192.900s step_avg:1220.89ms
step:159/3300 train_loss:4.47074 train_time:194.100s step_avg:1220.75ms
step:160/3300 train_loss:4.46063 train_time:195.306s step_avg:1220.66ms
step:161/3300 train_loss:4.48201 train_time:196.501s step_avg:1220.50ms
step:162/3300 train_loss:4.47285 train_time:197.704s step_avg:1220.39ms
step:163/3300 train_loss:4.43330 train_time:198.914s step_avg:1220.33ms
step:164/3300 train_loss:4.46024 train_time:200.117s step_avg:1220.23ms
step:165/3300 train_loss:4.41116 train_time:201.329s step_avg:1220.18ms
step:166/3300 train_loss:4.46578 train_time:202.519s step_avg:1219.99ms
step:167/3300 train_loss:4.38596 train_time:203.719s step_avg:1219.87ms
step:168/3300 train_loss:4.41396 train_time:204.934s step_avg:1219.84ms
step:169/3300 train_loss:4.38745 train_time:206.137s step_avg:1219.74ms
step:170/3300 train_loss:4.35455 train_time:207.337s step_avg:1219.63ms
step:171/3300 train_loss:4.35032 train_time:208.541s step_avg:1219.54ms
step:172/3300 train_loss:4.43066 train_time:209.784s step_avg:1219.67ms
step:173/3300 train_loss:4.36644 train_time:211.049s step_avg:1219.93ms
step:174/3300 train_loss:4.42691 train_time:212.243s step_avg:1219.79ms
step:175/3300 train_loss:4.40228 train_time:213.442s step_avg:1219.67ms
step:176/3300 train_loss:4.36776 train_time:214.644s step_avg:1219.57ms
step:177/3300 train_loss:4.35790 train_time:215.847s step_avg:1219.47ms
step:178/3300 train_loss:4.37423 train_time:217.045s step_avg:1219.35ms
step:179/3300 train_loss:4.38421 train_time:218.243s step_avg:1219.23ms
step:180/3300 train_loss:4.34850 train_time:219.442s step_avg:1219.12ms
step:181/3300 train_loss:4.32456 train_time:220.639s step_avg:1219.00ms
step:182/3300 train_loss:4.36299 train_time:221.840s step_avg:1218.90ms
step:183/3300 train_loss:4.29735 train_time:223.042s step_avg:1218.81ms
step:184/3300 train_loss:4.36564 train_time:224.241s step_avg:1218.70ms
step:185/3300 train_loss:4.31884 train_time:225.453s step_avg:1218.66ms
step:186/3300 train_loss:4.30694 train_time:226.650s step_avg:1218.55ms
step:187/3300 train_loss:4.36894 train_time:227.843s step_avg:1218.41ms
step:188/3300 train_loss:4.33914 train_time:229.041s step_avg:1218.30ms
step:189/3300 train_loss:4.25492 train_time:230.254s step_avg:1218.27ms
step:190/3300 train_loss:4.29772 train_time:231.463s step_avg:1218.22ms
step:191/3300 train_loss:4.22021 train_time:232.765s step_avg:1218.66ms
step:192/3300 train_loss:4.34943 train_time:233.964s step_avg:1218.57ms
step:193/3300 train_loss:4.29132 train_time:235.167s step_avg:1218.48ms
step:194/3300 train_loss:4.34877 train_time:236.379s step_avg:1218.45ms
step:195/3300 train_loss:4.32148 train_time:237.582s step_avg:1218.37ms
step:196/3300 train_loss:4.34919 train_time:238.790s step_avg:1218.32ms
step:197/3300 train_loss:4.26521 train_time:239.987s step_avg:1218.21ms
step:198/3300 train_loss:4.31288 train_time:241.186s step_avg:1218.11ms
step:199/3300 train_loss:4.25664 train_time:242.385s step_avg:1218.02ms
step:200/3300 train_loss:4.44007 train_time:243.583s step_avg:1217.92ms
step:201/3300 train_loss:4.29066 train_time:244.786s step_avg:1217.84ms
step:202/3300 train_loss:4.28428 train_time:245.989s step_avg:1217.77ms
step:203/3300 train_loss:4.33052 train_time:247.196s step_avg:1217.72ms
step:204/3300 train_loss:4.29176 train_time:248.401s step_avg:1217.65ms
step:205/3300 train_loss:4.25857 train_time:249.608s step_avg:1217.60ms
step:206/3300 train_loss:4.21932 train_time:250.805s step_avg:1217.50ms
step:207/3300 train_loss:4.30098 train_time:252.008s step_avg:1217.43ms
step:208/3300 train_loss:4.26334 train_time:253.205s step_avg:1217.33ms
step:209/3300 train_loss:4.18146 train_time:254.451s step_avg:1217.47ms
step:210/3300 train_loss:4.27503 train_time:255.650s step_avg:1217.38ms
step:211/3300 train_loss:4.23299 train_time:256.853s step_avg:1217.31ms
step:212/3300 train_loss:4.24819 train_time:258.043s step_avg:1217.18ms
step:213/3300 train_loss:4.23971 train_time:259.267s step_avg:1217.22ms
step:214/3300 train_loss:4.23914 train_time:260.469s step_avg:1217.14ms
step:215/3300 train_loss:4.22618 train_time:261.669s step_avg:1217.06ms
step:216/3300 train_loss:4.20215 train_time:262.873s step_avg:1217.00ms
step:217/3300 train_loss:4.26466 train_time:264.062s step_avg:1216.87ms
step:218/3300 train_loss:4.19734 train_time:265.263s step_avg:1216.80ms
step:219/3300 train_loss:4.22034 train_time:266.477s step_avg:1216.79ms
step:220/3300 train_loss:4.19404 train_time:267.685s step_avg:1216.75ms
step:221/3300 train_loss:4.18139 train_time:268.910s step_avg:1216.79ms
step:222/3300 train_loss:4.18442 train_time:270.146s step_avg:1216.87ms
step:223/3300 train_loss:4.27276 train_time:271.341s step_avg:1216.77ms
step:224/3300 train_loss:4.24084 train_time:272.541s step_avg:1216.70ms
step:225/3300 train_loss:4.15979 train_time:273.741s step_avg:1216.63ms
step:226/3300 train_loss:4.17572 train_time:274.944s step_avg:1216.57ms
step:227/3300 train_loss:4.17470 train_time:276.159s step_avg:1216.56ms
step:228/3300 train_loss:4.23167 train_time:277.364s step_avg:1216.51ms
step:229/3300 train_loss:4.21680 train_time:278.579s step_avg:1216.50ms
step:230/3300 train_loss:4.14929 train_time:279.790s step_avg:1216.48ms
step:231/3300 train_loss:4.16680 train_time:280.993s step_avg:1216.42ms
step:232/3300 train_loss:4.14408 train_time:282.188s step_avg:1216.33ms
step:233/3300 train_loss:4.19924 train_time:283.388s step_avg:1216.26ms
step:234/3300 train_loss:4.19694 train_time:284.602s step_avg:1216.25ms
step:235/3300 train_loss:4.22484 train_time:285.814s step_avg:1216.23ms
step:236/3300 train_loss:4.22439 train_time:287.015s step_avg:1216.17ms
step:237/3300 train_loss:4.24442 train_time:288.229s step_avg:1216.16ms
step:238/3300 train_loss:4.19771 train_time:289.436s step_avg:1216.12ms
step:239/3300 train_loss:4.13181 train_time:290.651s step_avg:1216.11ms
step:240/3300 train_loss:4.15819 train_time:291.846s step_avg:1216.03ms
step:241/3300 train_loss:4.29611 train_time:293.059s step_avg:1216.01ms
step:242/3300 train_loss:4.24507 train_time:294.273s step_avg:1216.01ms
step:243/3300 train_loss:4.13323 train_time:295.471s step_avg:1215.93ms
step:244/3300 train_loss:4.20552 train_time:296.677s step_avg:1215.89ms
step:245/3300 train_loss:4.11943 train_time:297.879s step_avg:1215.83ms
step:246/3300 train_loss:4.14505 train_time:299.095s step_avg:1215.83ms
step:247/3300 train_loss:4.08306 train_time:300.298s step_avg:1215.78ms
step:248/3300 train_loss:4.14036 train_time:301.502s step_avg:1215.73ms
step:249/3300 train_loss:4.14134 train_time:302.702s step_avg:1215.67ms
step:250/3300 train_loss:4.09463 train_time:303.903s step_avg:1215.61ms
step:250/3300 val_loss:4.13423 train_time:303.903s step_avg:1206.19ms
step:251/3300 train_loss:4.17257 train_time:305.107s step_avg:1215.57ms
step:252/3300 train_loss:4.18474 train_time:306.302s step_avg:1215.48ms
step:253/3300 train_loss:4.13388 train_time:307.512s step_avg:1215.46ms
step:254/3300 train_loss:4.09048 train_time:308.713s step_avg:1215.41ms
step:255/3300 train_loss:4.16836 train_time:309.924s step_avg:1215.39ms
step:256/3300 train_loss:4.11541 train_time:311.183s step_avg:1215.56ms
step:257/3300 train_loss:4.12543 train_time:312.390s step_avg:1215.52ms
step:258/3300 train_loss:4.20284 train_time:313.640s step_avg:1215.66ms
step:259/3300 train_loss:4.09732 train_time:314.838s step_avg:1215.59ms
step:260/3300 train_loss:4.09158 train_time:316.038s step_avg:1215.53ms
step:261/3300 train_loss:4.08775 train_time:317.239s step_avg:1215.47ms
step:262/3300 train_loss:4.16257 train_time:318.441s step_avg:1215.42ms
step:263/3300 train_loss:4.11992 train_time:319.641s step_avg:1215.37ms
step:264/3300 train_loss:4.17308 train_time:320.847s step_avg:1215.33ms
step:265/3300 train_loss:4.03355 train_time:322.049s step_avg:1215.28ms
step:266/3300 train_loss:4.13658 train_time:323.255s step_avg:1215.24ms
step:267/3300 train_loss:4.07937 train_time:324.467s step_avg:1215.23ms
step:268/3300 train_loss:4.06149 train_time:325.660s step_avg:1215.15ms
step:269/3300 train_loss:4.10244 train_time:326.888s step_avg:1215.20ms
step:270/3300 train_loss:4.10272 train_time:328.081s step_avg:1215.12ms
step:271/3300 train_loss:4.15199 train_time:329.283s step_avg:1215.07ms
step:272/3300 train_loss:4.08076 train_time:330.491s step_avg:1215.04ms
step:273/3300 train_loss:4.11583 train_time:331.712s step_avg:1215.06ms
step:274/3300 train_loss:4.03561 train_time:332.921s step_avg:1215.04ms
step:275/3300 train_loss:4.10468 train_time:334.117s step_avg:1214.97ms
step:276/3300 train_loss:4.15590 train_time:335.315s step_avg:1214.91ms
step:277/3300 train_loss:4.05596 train_time:336.512s step_avg:1214.85ms
step:278/3300 train_loss:4.10373 train_time:337.710s step_avg:1214.79ms
step:279/3300 train_loss:4.03390 train_time:338.906s step_avg:1214.72ms
step:280/3300 train_loss:4.14970 train_time:340.099s step_avg:1214.64ms
step:281/3300 train_loss:4.12033 train_time:341.303s step_avg:1214.60ms
step:282/3300 train_loss:4.08086 train_time:342.499s step_avg:1214.54ms
step:283/3300 train_loss:4.09100 train_time:343.701s step_avg:1214.49ms
step:284/3300 train_loss:4.03402 train_time:344.905s step_avg:1214.46ms
step:285/3300 train_loss:4.12046 train_time:346.103s step_avg:1214.40ms
step:286/3300 train_loss:4.09021 train_time:347.329s step_avg:1214.44ms
step:287/3300 train_loss:4.05445 train_time:348.525s step_avg:1214.37ms
step:288/3300 train_loss:4.07937 train_time:349.730s step_avg:1214.34ms
step:289/3300 train_loss:4.07605 train_time:350.933s step_avg:1214.30ms
step:290/3300 train_loss:4.04278 train_time:352.144s step_avg:1214.29ms
step:291/3300 train_loss:4.05139 train_time:353.344s step_avg:1214.24ms
step:292/3300 train_loss:4.10073 train_time:354.544s step_avg:1214.19ms
step:293/3300 train_loss:4.03462 train_time:355.742s step_avg:1214.14ms
step:294/3300 train_loss:4.21046 train_time:356.966s step_avg:1214.17ms
step:295/3300 train_loss:4.04062 train_time:358.192s step_avg:1214.21ms
step:296/3300 train_loss:4.03851 train_time:359.385s step_avg:1214.14ms
step:297/3300 train_loss:4.05709 train_time:360.580s step_avg:1214.08ms
step:298/3300 train_loss:4.06215 train_time:361.781s step_avg:1214.03ms
step:299/3300 train_loss:4.03198 train_time:362.993s step_avg:1214.03ms
step:300/3300 train_loss:4.04146 train_time:364.194s step_avg:1213.98ms
step:301/3300 train_loss:4.09512 train_time:365.394s step_avg:1213.94ms
step:302/3300 train_loss:4.01813 train_time:366.596s step_avg:1213.90ms
step:303/3300 train_loss:4.05881 train_time:367.796s step_avg:1213.85ms
step:304/3300 train_loss:4.04840 train_time:369.008s step_avg:1213.84ms
step:305/3300 train_loss:4.06369 train_time:370.209s step_avg:1213.80ms
step:306/3300 train_loss:4.01362 train_time:371.443s step_avg:1213.86ms
step:307/3300 train_loss:4.05825 train_time:372.748s step_avg:1214.16ms
step:308/3300 train_loss:4.03828 train_time:373.946s step_avg:1214.11ms
step:309/3300 train_loss:4.04788 train_time:375.143s step_avg:1214.06ms
step:310/3300 train_loss:4.11095 train_time:376.339s step_avg:1214.00ms
step:311/3300 train_loss:4.08414 train_time:377.555s step_avg:1214.00ms
step:312/3300 train_loss:4.01483 train_time:378.747s step_avg:1213.93ms
step:313/3300 train_loss:4.06629 train_time:379.964s step_avg:1213.94ms
step:314/3300 train_loss:4.02547 train_time:381.191s step_avg:1213.99ms
step:315/3300 train_loss:3.99189 train_time:382.386s step_avg:1213.92ms
step:316/3300 train_loss:3.99834 train_time:383.585s step_avg:1213.88ms
step:317/3300 train_loss:3.99930 train_time:384.782s step_avg:1213.82ms
step:318/3300 train_loss:3.99216 train_time:385.981s step_avg:1213.78ms
step:319/3300 train_loss:4.05508 train_time:387.181s step_avg:1213.73ms
step:320/3300 train_loss:4.02785 train_time:388.382s step_avg:1213.69ms
step:321/3300 train_loss:4.05151 train_time:389.586s step_avg:1213.66ms
step:322/3300 train_loss:4.01237 train_time:390.790s step_avg:1213.63ms
step:323/3300 train_loss:4.05503 train_time:391.999s step_avg:1213.62ms
step:324/3300 train_loss:4.00065 train_time:393.209s step_avg:1213.61ms
step:325/3300 train_loss:4.09008 train_time:394.407s step_avg:1213.56ms
step:326/3300 train_loss:4.01785 train_time:395.605s step_avg:1213.51ms
step:327/3300 train_loss:4.14758 train_time:396.807s step_avg:1213.48ms
step:328/3300 train_loss:4.07162 train_time:398.023s step_avg:1213.49ms
step:329/3300 train_loss:4.03801 train_time:399.223s step_avg:1213.45ms
step:330/3300 train_loss:3.96257 train_time:400.422s step_avg:1213.40ms
step:331/3300 train_loss:4.06900 train_time:401.623s step_avg:1213.36ms
step:332/3300 train_loss:3.98155 train_time:402.833s step_avg:1213.35ms
step:333/3300 train_loss:3.94993 train_time:404.029s step_avg:1213.30ms
step:334/3300 train_loss:3.98830 train_time:405.225s step_avg:1213.25ms
step:335/3300 train_loss:4.07669 train_time:406.428s step_avg:1213.22ms
step:336/3300 train_loss:4.03533 train_time:407.629s step_avg:1213.18ms
step:337/3300 train_loss:4.30847 train_time:408.839s step_avg:1213.17ms
step:338/3300 train_loss:3.99985 train_time:410.049s step_avg:1213.16ms
step:339/3300 train_loss:3.97464 train_time:411.249s step_avg:1213.13ms
step:340/3300 train_loss:3.98137 train_time:412.452s step_avg:1213.09ms
step:341/3300 train_loss:4.00934 train_time:413.651s step_avg:1213.05ms
step:342/3300 train_loss:3.99421 train_time:414.852s step_avg:1213.02ms
step:343/3300 train_loss:4.06517 train_time:416.053s step_avg:1212.98ms
step:344/3300 train_loss:3.99683 train_time:417.252s step_avg:1212.94ms
step:345/3300 train_loss:3.96247 train_time:418.458s step_avg:1212.92ms
step:346/3300 train_loss:3.97300 train_time:419.656s step_avg:1212.88ms
step:347/3300 train_loss:3.97562 train_time:420.858s step_avg:1212.85ms
step:348/3300 train_loss:4.00841 train_time:422.076s step_avg:1212.86ms
step:349/3300 train_loss:3.94177 train_time:423.283s step_avg:1212.85ms
step:350/3300 train_loss:3.92656 train_time:424.494s step_avg:1212.84ms
step:351/3300 train_loss:3.92018 train_time:425.686s step_avg:1212.78ms
step:352/3300 train_loss:4.03688 train_time:426.896s step_avg:1212.77ms
step:353/3300 train_loss:3.94024 train_time:428.091s step_avg:1212.72ms
step:354/3300 train_loss:3.92858 train_time:429.290s step_avg:1212.68ms
step:355/3300 train_loss:4.01144 train_time:430.494s step_avg:1212.66ms
step:356/3300 train_loss:3.93002 train_time:431.692s step_avg:1212.62ms
step:357/3300 train_loss:4.01390 train_time:432.892s step_avg:1212.58ms
step:358/3300 train_loss:4.00371 train_time:434.098s step_avg:1212.56ms
step:359/3300 train_loss:3.91391 train_time:435.288s step_avg:1212.50ms
step:360/3300 train_loss:3.91934 train_time:436.485s step_avg:1212.46ms
step:361/3300 train_loss:4.03617 train_time:437.697s step_avg:1212.46ms
step:362/3300 train_loss:3.97760 train_time:438.893s step_avg:1212.41ms
step:363/3300 train_loss:3.94935 train_time:440.112s step_avg:1212.43ms
step:364/3300 train_loss:3.96277 train_time:441.318s step_avg:1212.41ms
step:365/3300 train_loss:4.01168 train_time:442.513s step_avg:1212.36ms
step:366/3300 train_loss:3.95964 train_time:443.715s step_avg:1212.34ms
step:367/3300 train_loss:3.99659 train_time:444.911s step_avg:1212.29ms
step:368/3300 train_loss:3.97829 train_time:446.112s step_avg:1212.26ms
step:369/3300 train_loss:3.97330 train_time:447.315s step_avg:1212.24ms
step:370/3300 train_loss:3.94466 train_time:448.517s step_avg:1212.21ms
step:371/3300 train_loss:3.97801 train_time:449.720s step_avg:1212.18ms
step:372/3300 train_loss:3.96176 train_time:450.919s step_avg:1212.15ms
step:373/3300 train_loss:3.98766 train_time:452.114s step_avg:1212.10ms
step:374/3300 train_loss:4.00913 train_time:453.318s step_avg:1212.08ms
step:375/3300 train_loss:3.98101 train_time:454.537s step_avg:1212.10ms
step:375/3300 val_loss:3.95341 train_time:454.537s step_avg:1205.08ms
step:376/3300 train_loss:4.07632 train_time:455.740s step_avg:1212.08ms
step:377/3300 train_loss:3.87005 train_time:456.944s step_avg:1212.05ms
step:378/3300 train_loss:3.97797 train_time:458.139s step_avg:1212.01ms
step:379/3300 train_loss:3.97076 train_time:459.336s step_avg:1211.97ms
step:380/3300 train_loss:3.93510 train_time:460.534s step_avg:1211.93ms
step:381/3300 train_loss:4.00819 train_time:461.762s step_avg:1211.97ms
step:382/3300 train_loss:3.93407 train_time:462.995s step_avg:1212.03ms
step:383/3300 train_loss:3.95773 train_time:464.211s step_avg:1212.04ms
step:384/3300 train_loss:3.93918 train_time:465.415s step_avg:1212.02ms
step:385/3300 train_loss:3.97172 train_time:466.615s step_avg:1211.99ms
step:386/3300 train_loss:3.96675 train_time:467.821s step_avg:1211.97ms
step:387/3300 train_loss:3.98860 train_time:469.030s step_avg:1211.96ms
step:388/3300 train_loss:3.96999 train_time:470.238s step_avg:1211.95ms
step:389/3300 train_loss:3.91877 train_time:471.452s step_avg:1211.96ms
step:390/3300 train_loss:3.97061 train_time:472.651s step_avg:1211.93ms
step:391/3300 train_loss:3.90430 train_time:473.846s step_avg:1211.88ms
step:392/3300 train_loss:3.94973 train_time:475.049s step_avg:1211.86ms
step:393/3300 train_loss:3.98335 train_time:476.247s step_avg:1211.82ms
step:394/3300 train_loss:3.97216 train_time:477.451s step_avg:1211.80ms
step:395/3300 train_loss:3.89847 train_time:478.646s step_avg:1211.76ms
step:396/3300 train_loss:3.81892 train_time:479.850s step_avg:1211.74ms
step:397/3300 train_loss:4.00681 train_time:481.059s step_avg:1211.73ms
step:398/3300 train_loss:3.94164 train_time:482.263s step_avg:1211.72ms
step:399/3300 train_loss:3.89525 train_time:483.467s step_avg:1211.70ms
step:400/3300 train_loss:3.97838 train_time:484.674s step_avg:1211.69ms
step:401/3300 train_loss:3.92536 train_time:485.872s step_avg:1211.65ms
step:402/3300 train_loss:3.93960 train_time:487.069s step_avg:1211.62ms
step:403/3300 train_loss:3.95002 train_time:488.276s step_avg:1211.60ms
step:404/3300 train_loss:3.92270 train_time:489.469s step_avg:1211.56ms
step:405/3300 train_loss:3.97923 train_time:490.670s step_avg:1211.53ms
step:406/3300 train_loss:3.95514 train_time:491.873s step_avg:1211.51ms
step:407/3300 train_loss:4.05518 train_time:493.095s step_avg:1211.54ms
step:408/3300 train_loss:3.97352 train_time:494.328s step_avg:1211.59ms
step:409/3300 train_loss:3.92235 train_time:495.546s step_avg:1211.60ms
step:410/3300 train_loss:3.92992 train_time:496.741s step_avg:1211.56ms
step:411/3300 train_loss:3.91017 train_time:497.942s step_avg:1211.54ms
step:412/3300 train_loss:3.99742 train_time:499.189s step_avg:1211.62ms
step:413/3300 train_loss:3.91719 train_time:500.388s step_avg:1211.59ms
step:414/3300 train_loss:3.95747 train_time:501.590s step_avg:1211.57ms
step:415/3300 train_loss:3.99854 train_time:502.798s step_avg:1211.56ms
step:416/3300 train_loss:3.91930 train_time:504.000s step_avg:1211.54ms
step:417/3300 train_loss:3.93593 train_time:505.214s step_avg:1211.55ms
step:418/3300 train_loss:3.92970 train_time:506.414s step_avg:1211.52ms
step:419/3300 train_loss:3.90894 train_time:507.608s step_avg:1211.48ms
step:420/3300 train_loss:3.90368 train_time:508.816s step_avg:1211.47ms
step:421/3300 train_loss:3.90862 train_time:510.016s step_avg:1211.44ms
step:422/3300 train_loss:3.88768 train_time:511.218s step_avg:1211.42ms
step:423/3300 train_loss:3.92095 train_time:512.413s step_avg:1211.38ms
step:424/3300 train_loss:3.94018 train_time:513.609s step_avg:1211.34ms
step:425/3300 train_loss:3.95130 train_time:514.824s step_avg:1211.35ms
step:426/3300 train_loss:3.87950 train_time:516.037s step_avg:1211.36ms
step:427/3300 train_loss:3.93820 train_time:517.231s step_avg:1211.31ms
step:428/3300 train_loss:3.87839 train_time:518.428s step_avg:1211.28ms
step:429/3300 train_loss:3.86365 train_time:519.632s step_avg:1211.26ms
step:430/3300 train_loss:3.88776 train_time:520.837s step_avg:1211.25ms
step:431/3300 train_loss:3.96594 train_time:522.040s step_avg:1211.23ms
step:432/3300 train_loss:3.90066 train_time:523.234s step_avg:1211.19ms
step:433/3300 train_loss:3.96839 train_time:524.442s step_avg:1211.18ms
step:434/3300 train_loss:3.91441 train_time:525.653s step_avg:1211.18ms
step:435/3300 train_loss:3.93162 train_time:526.850s step_avg:1211.15ms
step:436/3300 train_loss:3.96969 train_time:528.048s step_avg:1211.12ms
step:437/3300 train_loss:3.91900 train_time:529.251s step_avg:1211.10ms
step:438/3300 train_loss:3.93052 train_time:530.458s step_avg:1211.09ms
step:439/3300 train_loss:3.85399 train_time:531.658s step_avg:1211.07ms
step:440/3300 train_loss:3.91662 train_time:532.859s step_avg:1211.04ms
step:441/3300 train_loss:3.85837 train_time:534.072s step_avg:1211.05ms
step:442/3300 train_loss:3.89774 train_time:535.278s step_avg:1211.04ms
step:443/3300 train_loss:3.85931 train_time:536.472s step_avg:1211.00ms
step:444/3300 train_loss:3.95994 train_time:537.672s step_avg:1210.97ms
step:445/3300 train_loss:3.92676 train_time:538.870s step_avg:1210.94ms
step:446/3300 train_loss:3.90627 train_time:540.084s step_avg:1210.95ms
step:447/3300 train_loss:3.89279 train_time:541.288s step_avg:1210.94ms
step:448/3300 train_loss:3.94190 train_time:542.491s step_avg:1210.92ms
step:449/3300 train_loss:3.91200 train_time:543.692s step_avg:1210.89ms
step:450/3300 train_loss:3.91224 train_time:544.904s step_avg:1210.90ms
step:451/3300 train_loss:4.03500 train_time:546.102s step_avg:1210.87ms
step:452/3300 train_loss:3.93195 train_time:547.293s step_avg:1210.82ms
step:453/3300 train_loss:3.98053 train_time:548.491s step_avg:1210.80ms
step:454/3300 train_loss:3.82203 train_time:549.698s step_avg:1210.79ms
step:455/3300 train_loss:3.88336 train_time:550.915s step_avg:1210.80ms
step:456/3300 train_loss:3.88880 train_time:552.116s step_avg:1210.78ms
step:457/3300 train_loss:3.87937 train_time:553.316s step_avg:1210.76ms
step:458/3300 train_loss:3.92567 train_time:554.544s step_avg:1210.79ms
step:459/3300 train_loss:3.90210 train_time:555.753s step_avg:1210.79ms
step:460/3300 train_loss:3.95753 train_time:556.949s step_avg:1210.76ms
step:461/3300 train_loss:3.93209 train_time:558.149s step_avg:1210.73ms
step:462/3300 train_loss:3.81351 train_time:559.357s step_avg:1210.73ms
step:463/3300 train_loss:3.90287 train_time:560.569s step_avg:1210.73ms
step:464/3300 train_loss:3.91722 train_time:561.774s step_avg:1210.72ms
step:465/3300 train_loss:3.89427 train_time:562.980s step_avg:1210.71ms
step:466/3300 train_loss:3.91385 train_time:564.199s step_avg:1210.73ms
step:467/3300 train_loss:3.87804 train_time:565.394s step_avg:1210.69ms
step:468/3300 train_loss:3.92644 train_time:566.610s step_avg:1210.70ms
step:469/3300 train_loss:3.88768 train_time:567.810s step_avg:1210.68ms
step:470/3300 train_loss:3.82017 train_time:569.018s step_avg:1210.68ms
step:471/3300 train_loss:3.95372 train_time:570.226s step_avg:1210.67ms
step:472/3300 train_loss:3.86728 train_time:571.451s step_avg:1210.70ms
step:473/3300 train_loss:3.88944 train_time:572.650s step_avg:1210.68ms
step:474/3300 train_loss:3.89056 train_time:573.871s step_avg:1210.70ms
step:475/3300 train_loss:3.95678 train_time:575.081s step_avg:1210.70ms
step:476/3300 train_loss:3.90575 train_time:576.278s step_avg:1210.67ms
step:477/3300 train_loss:3.86181 train_time:577.477s step_avg:1210.64ms
step:478/3300 train_loss:3.90619 train_time:578.675s step_avg:1210.62ms
step:479/3300 train_loss:3.83692 train_time:579.894s step_avg:1210.63ms
step:480/3300 train_loss:3.97932 train_time:581.121s step_avg:1210.67ms
step:481/3300 train_loss:3.88570 train_time:582.316s step_avg:1210.64ms
step:482/3300 train_loss:3.80802 train_time:583.518s step_avg:1210.62ms
step:483/3300 train_loss:3.91606 train_time:584.728s step_avg:1210.62ms
step:484/3300 train_loss:3.89842 train_time:585.931s step_avg:1210.60ms
step:485/3300 train_loss:3.79611 train_time:587.131s step_avg:1210.58ms
step:486/3300 train_loss:3.89609 train_time:588.330s step_avg:1210.56ms
step:487/3300 train_loss:3.85799 train_time:589.545s step_avg:1210.56ms
step:488/3300 train_loss:3.86941 train_time:590.750s step_avg:1210.55ms
step:489/3300 train_loss:3.88808 train_time:591.968s step_avg:1210.57ms
step:490/3300 train_loss:3.83574 train_time:593.164s step_avg:1210.54ms
step:491/3300 train_loss:3.87030 train_time:594.365s step_avg:1210.52ms
step:492/3300 train_loss:3.91446 train_time:595.561s step_avg:1210.49ms
step:493/3300 train_loss:3.84629 train_time:596.789s step_avg:1210.53ms
step:494/3300 train_loss:3.84973 train_time:597.989s step_avg:1210.50ms
step:495/3300 train_loss:3.90087 train_time:599.195s step_avg:1210.50ms
step:496/3300 train_loss:3.81857 train_time:600.416s step_avg:1210.52ms
step:497/3300 train_loss:3.88797 train_time:601.615s step_avg:1210.49ms
step:498/3300 train_loss:3.85546 train_time:602.817s step_avg:1210.48ms
step:499/3300 train_loss:3.92688 train_time:604.023s step_avg:1210.47ms
step:500/3300 train_loss:3.86390 train_time:605.228s step_avg:1210.46ms
step:500/3300 val_loss:3.85713 train_time:605.228s step_avg:1205.52ms
step:501/3300 train_loss:3.92682 train_time:606.445s step_avg:1210.47ms
step:502/3300 train_loss:3.88399 train_time:607.640s step_avg:1210.44ms
step:503/3300 train_loss:3.82895 train_time:608.843s step_avg:1210.42ms
step:504/3300 train_loss:3.91173 train_time:610.036s step_avg:1210.39ms
step:505/3300 train_loss:3.86640 train_time:611.235s step_avg:1210.37ms
step:506/3300 train_loss:3.81965 train_time:612.437s step_avg:1210.35ms
step:507/3300 train_loss:3.94779 train_time:613.641s step_avg:1210.34ms
step:508/3300 train_loss:3.83379 train_time:614.852s step_avg:1210.34ms
step:509/3300 train_loss:3.86813 train_time:616.053s step_avg:1210.32ms
step:510/3300 train_loss:3.82983 train_time:617.295s step_avg:1210.38ms
step:511/3300 train_loss:3.81350 train_time:618.491s step_avg:1210.35ms
step:512/3300 train_loss:3.86448 train_time:619.689s step_avg:1210.33ms
step:513/3300 train_loss:3.86431 train_time:620.888s step_avg:1210.31ms
step:514/3300 train_loss:3.95108 train_time:622.092s step_avg:1210.30ms
step:515/3300 train_loss:3.83137 train_time:623.306s step_avg:1210.30ms
step:516/3300 train_loss:3.91824 train_time:624.505s step_avg:1210.28ms
step:517/3300 train_loss:3.88432 train_time:625.708s step_avg:1210.27ms
step:518/3300 train_loss:3.83210 train_time:626.909s step_avg:1210.25ms
step:519/3300 train_loss:3.91334 train_time:628.127s step_avg:1210.26ms
step:520/3300 train_loss:3.83957 train_time:629.320s step_avg:1210.23ms
step:521/3300 train_loss:3.82335 train_time:630.519s step_avg:1210.21ms
step:522/3300 train_loss:3.88535 train_time:631.719s step_avg:1210.19ms
step:523/3300 train_loss:3.85689 train_time:632.924s step_avg:1210.18ms
step:524/3300 train_loss:3.82904 train_time:634.141s step_avg:1210.19ms
step:525/3300 train_loss:3.80153 train_time:635.356s step_avg:1210.20ms
step:526/3300 train_loss:3.91235 train_time:636.613s step_avg:1210.29ms
step:527/3300 train_loss:3.84245 train_time:637.814s step_avg:1210.27ms
step:528/3300 train_loss:3.85422 train_time:639.017s step_avg:1210.26ms
step:529/3300 train_loss:3.88634 train_time:640.212s step_avg:1210.23ms
step:530/3300 train_loss:3.85640 train_time:641.428s step_avg:1210.24ms
step:531/3300 train_loss:3.80725 train_time:642.631s step_avg:1210.23ms
step:532/3300 train_loss:3.88021 train_time:643.841s step_avg:1210.23ms
step:533/3300 train_loss:3.83578 train_time:645.039s step_avg:1210.20ms
step:534/3300 train_loss:3.86077 train_time:646.240s step_avg:1210.19ms
step:535/3300 train_loss:3.95996 train_time:647.448s step_avg:1210.18ms
step:536/3300 train_loss:3.82019 train_time:648.655s step_avg:1210.18ms
step:537/3300 train_loss:3.79818 train_time:649.857s step_avg:1210.16ms
step:538/3300 train_loss:3.81077 train_time:651.052s step_avg:1210.13ms
step:539/3300 train_loss:4.00590 train_time:652.256s step_avg:1210.12ms
step:540/3300 train_loss:3.80126 train_time:653.458s step_avg:1210.11ms
step:541/3300 train_loss:3.90089 train_time:654.687s step_avg:1210.14ms
step:542/3300 train_loss:3.83220 train_time:655.877s step_avg:1210.10ms
step:543/3300 train_loss:3.82324 train_time:657.076s step_avg:1210.08ms
step:544/3300 train_loss:3.85855 train_time:658.273s step_avg:1210.06ms
step:545/3300 train_loss:3.82127 train_time:659.479s step_avg:1210.05ms
step:546/3300 train_loss:3.80103 train_time:660.678s step_avg:1210.03ms
step:547/3300 train_loss:3.84693 train_time:661.879s step_avg:1210.02ms
step:548/3300 train_loss:3.76890 train_time:663.089s step_avg:1210.02ms
step:549/3300 train_loss:3.81899 train_time:664.298s step_avg:1210.01ms
step:550/3300 train_loss:3.85104 train_time:665.505s step_avg:1210.01ms
step:551/3300 train_loss:3.81269 train_time:666.725s step_avg:1210.03ms
step:552/3300 train_loss:3.95588 train_time:667.932s step_avg:1210.02ms
step:553/3300 train_loss:3.84229 train_time:669.143s step_avg:1210.02ms
step:554/3300 train_loss:3.82717 train_time:670.344s step_avg:1210.01ms
step:555/3300 train_loss:3.88686 train_time:671.597s step_avg:1210.09ms
step:556/3300 train_loss:3.82168 train_time:672.806s step_avg:1210.08ms
step:557/3300 train_loss:3.77914 train_time:674.034s step_avg:1210.11ms
step:558/3300 train_loss:3.82458 train_time:675.233s step_avg:1210.09ms
step:559/3300 train_loss:3.89642 train_time:676.449s step_avg:1210.11ms
step:560/3300 train_loss:3.84052 train_time:677.665s step_avg:1210.12ms
step:561/3300 train_loss:3.81272 train_time:678.871s step_avg:1210.11ms
step:562/3300 train_loss:3.81401 train_time:680.065s step_avg:1210.08ms
step:563/3300 train_loss:3.81585 train_time:681.264s step_avg:1210.06ms
step:564/3300 train_loss:3.85578 train_time:682.535s step_avg:1210.17ms
step:565/3300 train_loss:3.81503 train_time:683.748s step_avg:1210.17ms
step:566/3300 train_loss:3.85376 train_time:685.010s step_avg:1210.27ms
step:567/3300 train_loss:3.81897 train_time:686.227s step_avg:1210.28ms
step:568/3300 train_loss:3.90432 train_time:687.429s step_avg:1210.26ms
step:569/3300 train_loss:3.83109 train_time:688.624s step_avg:1210.24ms
step:570/3300 train_loss:3.81639 train_time:689.826s step_avg:1210.22ms
step:571/3300 train_loss:3.77459 train_time:691.042s step_avg:1210.23ms
step:572/3300 train_loss:3.84253 train_time:692.240s step_avg:1210.21ms
step:573/3300 train_loss:3.91481 train_time:693.439s step_avg:1210.19ms
step:574/3300 train_loss:3.80592 train_time:694.639s step_avg:1210.17ms
step:575/3300 train_loss:3.85773 train_time:695.846s step_avg:1210.17ms
step:576/3300 train_loss:3.83869 train_time:697.089s step_avg:1210.22ms
step:577/3300 train_loss:3.83698 train_time:698.332s step_avg:1210.28ms
step:578/3300 train_loss:3.89120 train_time:699.573s step_avg:1210.33ms
step:579/3300 train_loss:3.79292 train_time:700.771s step_avg:1210.31ms
step:580/3300 train_loss:3.86875 train_time:701.985s step_avg:1210.32ms
step:581/3300 train_loss:3.85677 train_time:703.183s step_avg:1210.30ms
step:582/3300 train_loss:3.87637 train_time:704.390s step_avg:1210.29ms
step:583/3300 train_loss:3.83801 train_time:705.582s step_avg:1210.26ms
step:584/3300 train_loss:3.80178 train_time:706.832s step_avg:1210.33ms
step:585/3300 train_loss:3.83367 train_time:708.093s step_avg:1210.42ms
step:586/3300 train_loss:3.93625 train_time:709.284s step_avg:1210.38ms
step:587/3300 train_loss:3.79297 train_time:710.477s step_avg:1210.35ms
step:588/3300 train_loss:3.86142 train_time:711.668s step_avg:1210.32ms
step:589/3300 train_loss:3.91529 train_time:712.861s step_avg:1210.29ms
step:590/3300 train_loss:3.81729 train_time:714.058s step_avg:1210.27ms
step:591/3300 train_loss:3.82925 train_time:715.260s step_avg:1210.25ms
step:592/3300 train_loss:3.80279 train_time:716.460s step_avg:1210.24ms
step:593/3300 train_loss:3.76717 train_time:717.651s step_avg:1210.20ms
step:594/3300 train_loss:3.89604 train_time:718.844s step_avg:1210.18ms
step:595/3300 train_loss:3.83519 train_time:720.046s step_avg:1210.16ms
step:596/3300 train_loss:3.81462 train_time:721.242s step_avg:1210.14ms
step:597/3300 train_loss:3.82886 train_time:722.441s step_avg:1210.12ms
step:598/3300 train_loss:3.84859 train_time:723.656s step_avg:1210.13ms
step:599/3300 train_loss:3.80049 train_time:724.851s step_avg:1210.10ms
step:600/3300 train_loss:3.81509 train_time:726.057s step_avg:1210.09ms
step:601/3300 train_loss:3.82139 train_time:727.246s step_avg:1210.06ms
step:602/3300 train_loss:3.83313 train_time:728.451s step_avg:1210.05ms
step:603/3300 train_loss:3.86073 train_time:729.649s step_avg:1210.03ms
step:604/3300 train_loss:3.87500 train_time:730.849s step_avg:1210.01ms
step:605/3300 train_loss:3.81599 train_time:732.050s step_avg:1210.00ms
step:606/3300 train_loss:3.82612 train_time:733.262s step_avg:1210.00ms
step:607/3300 train_loss:3.81436 train_time:734.467s step_avg:1209.99ms
step:608/3300 train_loss:3.80853 train_time:735.664s step_avg:1209.97ms
step:609/3300 train_loss:3.82877 train_time:736.868s step_avg:1209.96ms
step:610/3300 train_loss:3.79619 train_time:738.070s step_avg:1209.95ms
step:611/3300 train_loss:3.81844 train_time:739.268s step_avg:1209.93ms
step:612/3300 train_loss:3.76020 train_time:740.468s step_avg:1209.91ms
step:613/3300 train_loss:3.80099 train_time:741.726s step_avg:1209.99ms
step:614/3300 train_loss:3.83910 train_time:742.930s step_avg:1209.98ms
step:615/3300 train_loss:3.80519 train_time:744.139s step_avg:1209.98ms
step:616/3300 train_loss:3.82290 train_time:745.349s step_avg:1209.98ms
step:617/3300 train_loss:3.80404 train_time:746.563s step_avg:1209.99ms
step:618/3300 train_loss:3.83579 train_time:747.773s step_avg:1209.99ms
step:619/3300 train_loss:3.85400 train_time:748.975s step_avg:1209.98ms
step:620/3300 train_loss:3.78955 train_time:750.172s step_avg:1209.95ms
step:621/3300 train_loss:3.89566 train_time:751.375s step_avg:1209.94ms
step:622/3300 train_loss:3.84107 train_time:752.576s step_avg:1209.93ms
step:623/3300 train_loss:3.81709 train_time:753.785s step_avg:1209.93ms
step:624/3300 train_loss:3.84821 train_time:754.989s step_avg:1209.92ms
step:625/3300 train_loss:3.82876 train_time:756.207s step_avg:1209.93ms
step:625/3300 val_loss:3.79554 train_time:756.208s step_avg:1207.84ms
step:626/3300 train_loss:3.83107 train_time:757.401s step_avg:1209.91ms
step:627/3300 train_loss:3.83193 train_time:758.592s step_avg:1209.88ms
step:628/3300 train_loss:3.76901 train_time:759.798s step_avg:1209.87ms
step:629/3300 train_loss:3.79271 train_time:761.002s step_avg:1209.86ms
step:630/3300 train_loss:3.79814 train_time:762.215s step_avg:1209.86ms
step:631/3300 train_loss:3.80229 train_time:763.409s step_avg:1209.84ms
step:632/3300 train_loss:3.80997 train_time:764.631s step_avg:1209.86ms
step:633/3300 train_loss:3.81436 train_time:765.824s step_avg:1209.83ms
step:634/3300 train_loss:3.76007 train_time:767.019s step_avg:1209.81ms
step:635/3300 train_loss:3.86016 train_time:768.209s step_avg:1209.78ms
step:636/3300 train_loss:3.75786 train_time:769.411s step_avg:1209.77ms
step:637/3300 train_loss:3.72391 train_time:770.612s step_avg:1209.75ms
step:638/3300 train_loss:3.84391 train_time:771.812s step_avg:1209.74ms
step:639/3300 train_loss:3.79106 train_time:773.019s step_avg:1209.73ms
step:640/3300 train_loss:3.80204 train_time:774.214s step_avg:1209.71ms
step:641/3300 train_loss:3.87762 train_time:775.431s step_avg:1209.72ms
step:642/3300 train_loss:3.74698 train_time:776.636s step_avg:1209.71ms
step:643/3300 train_loss:3.83863 train_time:777.834s step_avg:1209.69ms
step:644/3300 train_loss:3.78086 train_time:779.073s step_avg:1209.74ms
step:645/3300 train_loss:3.82132 train_time:780.268s step_avg:1209.72ms
step:646/3300 train_loss:3.83334 train_time:781.479s step_avg:1209.72ms
step:647/3300 train_loss:3.90642 train_time:782.675s step_avg:1209.70ms
step:648/3300 train_loss:3.81434 train_time:783.876s step_avg:1209.68ms
step:649/3300 train_loss:3.81216 train_time:785.079s step_avg:1209.68ms
step:650/3300 train_loss:3.77930 train_time:786.277s step_avg:1209.66ms
step:651/3300 train_loss:3.75521 train_time:787.474s step_avg:1209.64ms
step:652/3300 train_loss:3.76171 train_time:788.672s step_avg:1209.62ms
step:653/3300 train_loss:3.77662 train_time:789.874s step_avg:1209.61ms
step:654/3300 train_loss:3.82988 train_time:791.071s step_avg:1209.59ms
step:655/3300 train_loss:3.78639 train_time:792.271s step_avg:1209.57ms
step:656/3300 train_loss:3.84456 train_time:793.470s step_avg:1209.56ms
step:657/3300 train_loss:3.74811 train_time:794.683s step_avg:1209.56ms
step:658/3300 train_loss:3.86313 train_time:795.882s step_avg:1209.55ms
step:659/3300 train_loss:3.82824 train_time:797.077s step_avg:1209.52ms
step:660/3300 train_loss:3.85849 train_time:798.275s step_avg:1209.51ms
step:661/3300 train_loss:3.85514 train_time:799.490s step_avg:1209.52ms
step:662/3300 train_loss:3.86218 train_time:800.702s step_avg:1209.52ms
step:663/3300 train_loss:3.75506 train_time:801.907s step_avg:1209.51ms
step:664/3300 train_loss:3.75623 train_time:803.112s step_avg:1209.51ms
step:665/3300 train_loss:3.78172 train_time:804.310s step_avg:1209.49ms
step:666/3300 train_loss:3.83528 train_time:805.509s step_avg:1209.47ms
step:667/3300 train_loss:3.84173 train_time:806.710s step_avg:1209.46ms
step:668/3300 train_loss:3.81751 train_time:807.908s step_avg:1209.44ms
step:669/3300 train_loss:3.81612 train_time:809.125s step_avg:1209.46ms
step:670/3300 train_loss:3.79967 train_time:810.325s step_avg:1209.44ms
step:671/3300 train_loss:3.78571 train_time:811.534s step_avg:1209.44ms
step:672/3300 train_loss:3.85169 train_time:812.739s step_avg:1209.43ms
step:673/3300 train_loss:3.79526 train_time:813.941s step_avg:1209.42ms
step:674/3300 train_loss:3.78400 train_time:815.145s step_avg:1209.41ms
step:675/3300 train_loss:3.84576 train_time:816.337s step_avg:1209.39ms
step:676/3300 train_loss:3.78076 train_time:817.536s step_avg:1209.37ms
step:677/3300 train_loss:3.77229 train_time:818.741s step_avg:1209.37ms
step:678/3300 train_loss:3.79200 train_time:819.931s step_avg:1209.34ms
step:679/3300 train_loss:3.80710 train_time:821.128s step_avg:1209.32ms
step:680/3300 train_loss:3.80610 train_time:822.333s step_avg:1209.31ms
step:681/3300 train_loss:3.72609 train_time:823.533s step_avg:1209.30ms
step:682/3300 train_loss:3.81767 train_time:824.744s step_avg:1209.30ms
step:683/3300 train_loss:3.86282 train_time:825.947s step_avg:1209.29ms
step:684/3300 train_loss:3.80293 train_time:827.146s step_avg:1209.28ms
step:685/3300 train_loss:3.84749 train_time:828.346s step_avg:1209.26ms
step:686/3300 train_loss:3.84936 train_time:829.556s step_avg:1209.27ms
step:687/3300 train_loss:3.76863 train_time:830.778s step_avg:1209.28ms
step:688/3300 train_loss:3.76722 train_time:831.972s step_avg:1209.26ms
step:689/3300 train_loss:3.77135 train_time:833.182s step_avg:1209.26ms
step:690/3300 train_loss:3.78566 train_time:834.386s step_avg:1209.25ms
step:691/3300 train_loss:3.80267 train_time:835.578s step_avg:1209.23ms
step:692/3300 train_loss:3.76908 train_time:836.770s step_avg:1209.20ms
step:693/3300 train_loss:3.81514 train_time:837.965s step_avg:1209.18ms
step:694/3300 train_loss:3.77169 train_time:839.183s step_avg:1209.20ms
step:695/3300 train_loss:3.72903 train_time:840.378s step_avg:1209.18ms
step:696/3300 train_loss:3.84808 train_time:841.582s step_avg:1209.17ms
step:697/3300 train_loss:3.74529 train_time:842.787s step_avg:1209.16ms
step:698/3300 train_loss:3.77912 train_time:843.994s step_avg:1209.16ms
step:699/3300 train_loss:3.81778 train_time:845.196s step_avg:1209.15ms
step:700/3300 train_loss:3.75007 train_time:846.398s step_avg:1209.14ms
step:701/3300 train_loss:3.76872 train_time:847.595s step_avg:1209.12ms
step:702/3300 train_loss:3.76556 train_time:848.845s step_avg:1209.18ms
step:703/3300 train_loss:3.69974 train_time:850.035s step_avg:1209.15ms
step:704/3300 train_loss:3.77407 train_time:851.236s step_avg:1209.14ms
step:705/3300 train_loss:3.69898 train_time:852.432s step_avg:1209.12ms
step:706/3300 train_loss:3.73915 train_time:853.628s step_avg:1209.10ms
step:707/3300 train_loss:3.80964 train_time:854.841s step_avg:1209.11ms
step:708/3300 train_loss:3.78918 train_time:856.034s step_avg:1209.09ms
step:709/3300 train_loss:3.78044 train_time:857.232s step_avg:1209.07ms
step:710/3300 train_loss:3.76951 train_time:858.432s step_avg:1209.06ms
step:711/3300 train_loss:3.77330 train_time:859.640s step_avg:1209.06ms
step:712/3300 train_loss:3.72424 train_time:860.841s step_avg:1209.05ms
step:713/3300 train_loss:3.81748 train_time:862.075s step_avg:1209.08ms
step:714/3300 train_loss:3.68979 train_time:863.275s step_avg:1209.07ms
step:715/3300 train_loss:3.87007 train_time:864.474s step_avg:1209.05ms
step:716/3300 train_loss:3.76090 train_time:865.712s step_avg:1209.09ms
step:717/3300 train_loss:3.81470 train_time:866.911s step_avg:1209.08ms
step:718/3300 train_loss:3.79766 train_time:868.113s step_avg:1209.07ms
step:719/3300 train_loss:3.80921 train_time:869.326s step_avg:1209.08ms
step:720/3300 train_loss:3.81520 train_time:870.532s step_avg:1209.07ms
step:721/3300 train_loss:3.79655 train_time:871.737s step_avg:1209.07ms
step:722/3300 train_loss:3.79040 train_time:872.939s step_avg:1209.06ms
step:723/3300 train_loss:3.82387 train_time:874.139s step_avg:1209.04ms
step:724/3300 train_loss:3.74185 train_time:875.364s step_avg:1209.07ms
step:725/3300 train_loss:3.75005 train_time:876.575s step_avg:1209.07ms
step:726/3300 train_loss:3.79637 train_time:877.774s step_avg:1209.05ms
step:727/3300 train_loss:3.75183 train_time:878.984s step_avg:1209.06ms
step:728/3300 train_loss:3.78344 train_time:880.185s step_avg:1209.05ms
step:729/3300 train_loss:3.81740 train_time:881.384s step_avg:1209.03ms
step:730/3300 train_loss:3.83717 train_time:882.585s step_avg:1209.02ms
step:731/3300 train_loss:3.80393 train_time:883.788s step_avg:1209.01ms
step:732/3300 train_loss:3.80794 train_time:884.983s step_avg:1208.99ms
step:733/3300 train_loss:3.80376 train_time:886.175s step_avg:1208.97ms
step:734/3300 train_loss:3.86671 train_time:887.374s step_avg:1208.96ms
step:735/3300 train_loss:3.78496 train_time:888.572s step_avg:1208.94ms
step:736/3300 train_loss:3.78824 train_time:889.770s step_avg:1208.93ms
step:737/3300 train_loss:3.81704 train_time:890.966s step_avg:1208.91ms
step:738/3300 train_loss:3.78750 train_time:892.226s step_avg:1208.98ms
step:739/3300 train_loss:3.79016 train_time:893.423s step_avg:1208.96ms
step:740/3300 train_loss:3.89799 train_time:894.623s step_avg:1208.95ms
step:741/3300 train_loss:3.77025 train_time:895.819s step_avg:1208.93ms
step:742/3300 train_loss:3.75217 train_time:897.013s step_avg:1208.91ms
step:743/3300 train_loss:3.80057 train_time:898.212s step_avg:1208.90ms
step:744/3300 train_loss:3.70372 train_time:899.459s step_avg:1208.95ms
step:745/3300 train_loss:3.76388 train_time:900.702s step_avg:1209.00ms
step:746/3300 train_loss:3.79301 train_time:901.902s step_avg:1208.98ms
step:747/3300 train_loss:3.75445 train_time:903.109s step_avg:1208.98ms
step:748/3300 train_loss:3.80151 train_time:904.299s step_avg:1208.96ms
step:749/3300 train_loss:3.73281 train_time:905.514s step_avg:1208.96ms
step:750/3300 train_loss:3.81105 train_time:906.722s step_avg:1208.96ms
step:750/3300 val_loss:3.76091 train_time:906.722s step_avg:1204.12ms
step:751/3300 train_loss:3.73690 train_time:907.922s step_avg:1208.95ms
step:752/3300 train_loss:3.78191 train_time:909.111s step_avg:1208.92ms
step:753/3300 train_loss:3.77922 train_time:910.306s step_avg:1208.91ms
step:754/3300 train_loss:3.86687 train_time:911.515s step_avg:1208.91ms
step:755/3300 train_loss:3.80840 train_time:912.724s step_avg:1208.91ms
step:756/3300 train_loss:3.86743 train_time:913.930s step_avg:1208.90ms
step:757/3300 train_loss:3.77814 train_time:915.141s step_avg:1208.90ms
step:758/3300 train_loss:3.78611 train_time:916.349s step_avg:1208.90ms
step:759/3300 train_loss:3.74498 train_time:917.555s step_avg:1208.90ms
step:760/3300 train_loss:3.79217 train_time:918.771s step_avg:1208.91ms
step:761/3300 train_loss:3.73721 train_time:919.993s step_avg:1208.93ms
step:762/3300 train_loss:3.73452 train_time:921.202s step_avg:1208.93ms
step:763/3300 train_loss:3.78949 train_time:922.397s step_avg:1208.91ms
step:764/3300 train_loss:3.75347 train_time:923.604s step_avg:1208.91ms
step:765/3300 train_loss:3.91191 train_time:924.802s step_avg:1208.89ms
step:766/3300 train_loss:3.85688 train_time:925.988s step_avg:1208.86ms
step:767/3300 train_loss:3.81324 train_time:927.193s step_avg:1208.86ms
step:768/3300 train_loss:3.85492 train_time:928.398s step_avg:1208.85ms
step:769/3300 train_loss:3.92384 train_time:929.595s step_avg:1208.84ms
step:770/3300 train_loss:3.76597 train_time:930.788s step_avg:1208.82ms
step:771/3300 train_loss:3.81489 train_time:931.995s step_avg:1208.81ms
step:772/3300 train_loss:3.73805 train_time:933.193s step_avg:1208.80ms
step:773/3300 train_loss:3.78783 train_time:934.394s step_avg:1208.79ms
step:774/3300 train_loss:3.79409 train_time:935.593s step_avg:1208.78ms
step:775/3300 train_loss:3.79164 train_time:936.800s step_avg:1208.77ms
step:776/3300 train_loss:3.71977 train_time:938.001s step_avg:1208.76ms
step:777/3300 train_loss:3.75043 train_time:939.190s step_avg:1208.74ms
step:778/3300 train_loss:3.80245 train_time:940.387s step_avg:1208.72ms
step:779/3300 train_loss:3.74901 train_time:941.610s step_avg:1208.74ms
step:780/3300 train_loss:3.76426 train_time:942.818s step_avg:1208.74ms
step:781/3300 train_loss:3.75522 train_time:944.050s step_avg:1208.77ms
step:782/3300 train_loss:3.77211 train_time:945.258s step_avg:1208.77ms
step:783/3300 train_loss:3.74520 train_time:946.453s step_avg:1208.75ms
step:784/3300 train_loss:3.75356 train_time:947.672s step_avg:1208.76ms
step:785/3300 train_loss:3.70434 train_time:948.878s step_avg:1208.76ms
step:786/3300 train_loss:3.76827 train_time:950.072s step_avg:1208.74ms
step:787/3300 train_loss:3.76835 train_time:951.280s step_avg:1208.74ms
step:788/3300 train_loss:3.74922 train_time:952.484s step_avg:1208.74ms
step:789/3300 train_loss:3.82554 train_time:953.677s step_avg:1208.72ms
step:790/3300 train_loss:3.76497 train_time:954.878s step_avg:1208.71ms
step:791/3300 train_loss:3.86069 train_time:956.077s step_avg:1208.69ms
step:792/3300 train_loss:3.82548 train_time:957.278s step_avg:1208.68ms
step:793/3300 train_loss:3.75291 train_time:958.475s step_avg:1208.67ms
step:794/3300 train_loss:4.09098 train_time:959.671s step_avg:1208.65ms
step:795/3300 train_loss:3.75580 train_time:960.870s step_avg:1208.64ms
step:796/3300 train_loss:3.78420 train_time:962.092s step_avg:1208.66ms
step:797/3300 train_loss:3.77543 train_time:963.305s step_avg:1208.66ms
step:798/3300 train_loss:3.84655 train_time:964.501s step_avg:1208.65ms
step:799/3300 train_loss:3.77506 train_time:965.707s step_avg:1208.64ms
step:800/3300 train_loss:3.77274 train_time:966.902s step_avg:1208.63ms
step:801/3300 train_loss:3.91091 train_time:968.104s step_avg:1208.62ms
step:802/3300 train_loss:3.74142 train_time:969.297s step_avg:1208.60ms
step:803/3300 train_loss:3.76325 train_time:970.496s step_avg:1208.59ms
step:804/3300 train_loss:3.76561 train_time:971.709s step_avg:1208.59ms
step:805/3300 train_loss:3.77864 train_time:972.901s step_avg:1208.57ms
step:806/3300 train_loss:3.76884 train_time:974.117s step_avg:1208.58ms
step:807/3300 train_loss:3.74578 train_time:975.311s step_avg:1208.56ms
step:808/3300 train_loss:3.77054 train_time:976.525s step_avg:1208.57ms
step:809/3300 train_loss:3.76730 train_time:977.728s step_avg:1208.56ms
step:810/3300 train_loss:3.77826 train_time:978.919s step_avg:1208.54ms
step:811/3300 train_loss:3.77420 train_time:980.117s step_avg:1208.53ms
step:812/3300 train_loss:3.86199 train_time:981.315s step_avg:1208.52ms
step:813/3300 train_loss:3.83164 train_time:982.523s step_avg:1208.52ms
step:814/3300 train_loss:3.75569 train_time:983.720s step_avg:1208.50ms
step:815/3300 train_loss:3.77736 train_time:984.918s step_avg:1208.49ms
step:816/3300 train_loss:3.75942 train_time:986.115s step_avg:1208.47ms
step:817/3300 train_loss:3.79609 train_time:987.321s step_avg:1208.47ms
step:818/3300 train_loss:3.72919 train_time:988.525s step_avg:1208.47ms
step:819/3300 train_loss:3.71928 train_time:989.718s step_avg:1208.45ms
step:820/3300 train_loss:3.73506 train_time:990.916s step_avg:1208.43ms
step:821/3300 train_loss:3.77796 train_time:992.131s step_avg:1208.44ms
step:822/3300 train_loss:3.70589 train_time:993.333s step_avg:1208.43ms
step:823/3300 train_loss:3.70041 train_time:994.538s step_avg:1208.43ms
step:824/3300 train_loss:3.75604 train_time:995.734s step_avg:1208.41ms
step:825/3300 train_loss:3.66458 train_time:996.933s step_avg:1208.40ms
step:826/3300 train_loss:3.71725 train_time:998.136s step_avg:1208.40ms
step:827/3300 train_loss:3.75804 train_time:999.334s step_avg:1208.38ms
step:828/3300 train_loss:3.72929 train_time:1000.532s step_avg:1208.37ms
step:829/3300 train_loss:3.77653 train_time:1001.739s step_avg:1208.37ms
step:830/3300 train_loss:3.80309 train_time:1002.934s step_avg:1208.35ms
step:831/3300 train_loss:3.85637 train_time:1004.150s step_avg:1208.36ms
step:832/3300 train_loss:3.76961 train_time:1005.362s step_avg:1208.37ms
step:833/3300 train_loss:3.75252 train_time:1006.587s step_avg:1208.39ms
step:834/3300 train_loss:3.75191 train_time:1007.784s step_avg:1208.37ms
step:835/3300 train_loss:3.71386 train_time:1008.994s step_avg:1208.38ms
step:836/3300 train_loss:3.74740 train_time:1010.192s step_avg:1208.36ms
step:837/3300 train_loss:3.72760 train_time:1011.436s step_avg:1208.41ms
step:838/3300 train_loss:3.80516 train_time:1012.640s step_avg:1208.40ms
step:839/3300 train_loss:3.75812 train_time:1013.849s step_avg:1208.40ms
step:840/3300 train_loss:3.74325 train_time:1015.039s step_avg:1208.38ms
step:841/3300 train_loss:3.76956 train_time:1016.237s step_avg:1208.37ms
step:842/3300 train_loss:3.72050 train_time:1017.464s step_avg:1208.39ms
step:843/3300 train_loss:3.75004 train_time:1018.656s step_avg:1208.37ms
step:844/3300 train_loss:3.78259 train_time:1019.851s step_avg:1208.35ms
step:845/3300 train_loss:3.76980 train_time:1021.043s step_avg:1208.33ms
step:846/3300 train_loss:3.74897 train_time:1022.328s step_avg:1208.43ms
step:847/3300 train_loss:3.73475 train_time:1023.540s step_avg:1208.43ms
step:848/3300 train_loss:3.79440 train_time:1024.765s step_avg:1208.45ms
step:849/3300 train_loss:3.73993 train_time:1025.961s step_avg:1208.43ms
step:850/3300 train_loss:3.80737 train_time:1027.160s step_avg:1208.42ms
step:851/3300 train_loss:3.74847 train_time:1028.359s step_avg:1208.41ms
step:852/3300 train_loss:3.76191 train_time:1029.556s step_avg:1208.40ms
step:853/3300 train_loss:3.75532 train_time:1030.753s step_avg:1208.39ms
step:854/3300 train_loss:3.72219 train_time:1031.954s step_avg:1208.38ms
step:855/3300 train_loss:3.77472 train_time:1033.207s step_avg:1208.43ms
step:856/3300 train_loss:3.80197 train_time:1034.428s step_avg:1208.44ms
step:857/3300 train_loss:3.71160 train_time:1035.622s step_avg:1208.43ms
step:858/3300 train_loss:3.74035 train_time:1036.850s step_avg:1208.45ms
step:859/3300 train_loss:3.75542 train_time:1038.055s step_avg:1208.45ms
step:860/3300 train_loss:3.72334 train_time:1039.254s step_avg:1208.44ms
step:861/3300 train_loss:3.72905 train_time:1040.447s step_avg:1208.42ms
step:862/3300 train_loss:3.70273 train_time:1041.656s step_avg:1208.42ms
step:863/3300 train_loss:3.76206 train_time:1042.857s step_avg:1208.41ms
step:864/3300 train_loss:3.76129 train_time:1044.060s step_avg:1208.40ms
step:865/3300 train_loss:3.86209 train_time:1045.270s step_avg:1208.41ms
step:866/3300 train_loss:3.78529 train_time:1046.478s step_avg:1208.40ms
step:867/3300 train_loss:3.73411 train_time:1047.689s step_avg:1208.41ms
step:868/3300 train_loss:3.69459 train_time:1048.881s step_avg:1208.39ms
step:869/3300 train_loss:3.72259 train_time:1050.078s step_avg:1208.38ms
step:870/3300 train_loss:3.75916 train_time:1051.294s step_avg:1208.38ms
step:871/3300 train_loss:3.72401 train_time:1052.490s step_avg:1208.37ms
step:872/3300 train_loss:3.77169 train_time:1053.687s step_avg:1208.36ms
step:873/3300 train_loss:3.74358 train_time:1054.895s step_avg:1208.36ms
step:874/3300 train_loss:3.69765 train_time:1056.084s step_avg:1208.33ms
step:875/3300 train_loss:3.73513 train_time:1057.279s step_avg:1208.32ms
step:875/3300 val_loss:3.72448 train_time:1057.280s step_avg:1204.46ms
step:876/3300 train_loss:3.78166 train_time:1058.472s step_avg:1208.30ms
step:877/3300 train_loss:3.72709 train_time:1059.679s step_avg:1208.30ms
step:878/3300 train_loss:3.79222 train_time:1060.878s step_avg:1208.29ms
step:879/3300 train_loss:3.74418 train_time:1062.080s step_avg:1208.28ms
step:880/3300 train_loss:3.71010 train_time:1063.288s step_avg:1208.28ms
step:881/3300 train_loss:3.73729 train_time:1064.481s step_avg:1208.26ms
step:882/3300 train_loss:3.74941 train_time:1065.685s step_avg:1208.26ms
step:883/3300 train_loss:3.74750 train_time:1066.885s step_avg:1208.25ms
step:884/3300 train_loss:3.73602 train_time:1068.085s step_avg:1208.24ms
step:885/3300 train_loss:3.71461 train_time:1069.302s step_avg:1208.25ms
step:886/3300 train_loss:3.74356 train_time:1070.498s step_avg:1208.24ms
step:887/3300 train_loss:3.86765 train_time:1071.703s step_avg:1208.23ms
step:888/3300 train_loss:3.75858 train_time:1072.904s step_avg:1208.23ms
step:889/3300 train_loss:3.69160 train_time:1074.104s step_avg:1208.22ms
step:890/3300 train_loss:3.66542 train_time:1075.303s step_avg:1208.21ms
step:891/3300 train_loss:3.72917 train_time:1076.563s step_avg:1208.26ms
step:892/3300 train_loss:3.77191 train_time:1077.758s step_avg:1208.25ms
step:893/3300 train_loss:3.66785 train_time:1078.964s step_avg:1208.25ms
step:894/3300 train_loss:3.75782 train_time:1080.161s step_avg:1208.23ms
step:895/3300 train_loss:3.74976 train_time:1081.364s step_avg:1208.23ms
step:896/3300 train_loss:3.74814 train_time:1082.571s step_avg:1208.23ms
step:897/3300 train_loss:3.74316 train_time:1083.795s step_avg:1208.24ms
step:898/3300 train_loss:3.78416 train_time:1084.994s step_avg:1208.23ms
step:899/3300 train_loss:3.74326 train_time:1086.207s step_avg:1208.24ms
step:900/3300 train_loss:3.68388 train_time:1087.401s step_avg:1208.22ms
step:901/3300 train_loss:3.72488 train_time:1088.604s step_avg:1208.22ms
step:902/3300 train_loss:4.03382 train_time:1089.801s step_avg:1208.21ms
step:903/3300 train_loss:3.72138 train_time:1091.023s step_avg:1208.22ms
step:904/3300 train_loss:3.73012 train_time:1092.222s step_avg:1208.21ms
step:905/3300 train_loss:3.78417 train_time:1093.462s step_avg:1208.24ms
step:906/3300 train_loss:3.78328 train_time:1094.666s step_avg:1208.24ms
step:907/3300 train_loss:3.71285 train_time:1095.882s step_avg:1208.25ms
step:908/3300 train_loss:3.77861 train_time:1097.085s step_avg:1208.24ms
step:909/3300 train_loss:3.88074 train_time:1098.282s step_avg:1208.23ms
step:910/3300 train_loss:3.70180 train_time:1099.551s step_avg:1208.30ms
step:911/3300 train_loss:3.74953 train_time:1100.752s step_avg:1208.29ms
step:912/3300 train_loss:3.70210 train_time:1101.947s step_avg:1208.28ms
step:913/3300 train_loss:3.72932 train_time:1103.149s step_avg:1208.27ms
step:914/3300 train_loss:3.80694 train_time:1104.346s step_avg:1208.26ms
step:915/3300 train_loss:3.75317 train_time:1105.548s step_avg:1208.25ms
step:916/3300 train_loss:3.83776 train_time:1106.746s step_avg:1208.24ms
step:917/3300 train_loss:3.73158 train_time:1107.947s step_avg:1208.23ms
step:918/3300 train_loss:3.89064 train_time:1109.154s step_avg:1208.23ms
step:919/3300 train_loss:3.74519 train_time:1110.343s step_avg:1208.21ms
step:920/3300 train_loss:3.77887 train_time:1111.542s step_avg:1208.20ms
step:921/3300 train_loss:3.69363 train_time:1112.743s step_avg:1208.19ms
step:922/3300 train_loss:3.71723 train_time:1113.945s step_avg:1208.18ms
step:923/3300 train_loss:3.69730 train_time:1115.158s step_avg:1208.19ms
step:924/3300 train_loss:3.75161 train_time:1116.353s step_avg:1208.17ms
step:925/3300 train_loss:3.73928 train_time:1117.544s step_avg:1208.16ms
step:926/3300 train_loss:3.76602 train_time:1118.745s step_avg:1208.15ms
step:927/3300 train_loss:3.70564 train_time:1119.941s step_avg:1208.14ms
step:928/3300 train_loss:3.72605 train_time:1121.135s step_avg:1208.12ms
step:929/3300 train_loss:3.85158 train_time:1122.325s step_avg:1208.10ms
step:930/3300 train_loss:3.70355 train_time:1123.522s step_avg:1208.09ms
step:931/3300 train_loss:3.70556 train_time:1124.716s step_avg:1208.07ms
step:932/3300 train_loss:3.87466 train_time:1125.945s step_avg:1208.09ms
step:933/3300 train_loss:3.70569 train_time:1127.137s step_avg:1208.08ms
step:934/3300 train_loss:3.83723 train_time:1128.323s step_avg:1208.05ms
step:935/3300 train_loss:3.77152 train_time:1129.548s step_avg:1208.07ms
step:936/3300 train_loss:3.73051 train_time:1130.743s step_avg:1208.06ms
step:937/3300 train_loss:3.67943 train_time:1131.939s step_avg:1208.05ms
step:938/3300 train_loss:3.75146 train_time:1133.145s step_avg:1208.04ms
step:939/3300 train_loss:3.71389 train_time:1134.342s step_avg:1208.03ms
step:940/3300 train_loss:3.69067 train_time:1135.550s step_avg:1208.03ms
step:941/3300 train_loss:3.81841 train_time:1136.764s step_avg:1208.04ms
step:942/3300 train_loss:3.70588 train_time:1137.962s step_avg:1208.03ms
step:943/3300 train_loss:3.76942 train_time:1139.157s step_avg:1208.01ms
step:944/3300 train_loss:3.76411 train_time:1140.354s step_avg:1208.00ms
step:945/3300 train_loss:3.73502 train_time:1141.551s step_avg:1207.99ms
step:946/3300 train_loss:3.90572 train_time:1142.749s step_avg:1207.98ms
step:947/3300 train_loss:3.76862 train_time:1143.955s step_avg:1207.98ms
step:948/3300 train_loss:3.70667 train_time:1145.159s step_avg:1207.97ms
step:949/3300 train_loss:3.73289 train_time:1146.360s step_avg:1207.97ms
step:950/3300 train_loss:3.73718 train_time:1147.550s step_avg:1207.95ms
step:951/3300 train_loss:3.71119 train_time:1148.773s step_avg:1207.96ms
step:952/3300 train_loss:3.77494 train_time:1149.973s step_avg:1207.95ms
step:953/3300 train_loss:3.69913 train_time:1151.180s step_avg:1207.95ms
step:954/3300 train_loss:3.73424 train_time:1152.377s step_avg:1207.94ms
step:955/3300 train_loss:3.75635 train_time:1153.580s step_avg:1207.94ms
step:956/3300 train_loss:3.74196 train_time:1154.783s step_avg:1207.93ms
step:957/3300 train_loss:3.81532 train_time:1155.988s step_avg:1207.93ms
step:958/3300 train_loss:3.77499 train_time:1157.192s step_avg:1207.92ms
step:959/3300 train_loss:3.77405 train_time:1158.387s step_avg:1207.91ms
step:960/3300 train_loss:3.70088 train_time:1159.601s step_avg:1207.92ms
step:961/3300 train_loss:3.72862 train_time:1160.799s step_avg:1207.91ms
step:962/3300 train_loss:3.70850 train_time:1162.002s step_avg:1207.90ms
step:963/3300 train_loss:3.71189 train_time:1163.197s step_avg:1207.89ms
step:964/3300 train_loss:3.69846 train_time:1164.404s step_avg:1207.89ms
step:965/3300 train_loss:3.74208 train_time:1165.620s step_avg:1207.90ms
step:966/3300 train_loss:3.74646 train_time:1166.816s step_avg:1207.88ms
step:967/3300 train_loss:3.75682 train_time:1168.009s step_avg:1207.87ms
step:968/3300 train_loss:3.73000 train_time:1169.226s step_avg:1207.88ms
step:969/3300 train_loss:3.71258 train_time:1170.465s step_avg:1207.91ms
step:970/3300 train_loss:3.71054 train_time:1171.671s step_avg:1207.91ms
step:971/3300 train_loss:3.70146 train_time:1172.881s step_avg:1207.91ms
step:972/3300 train_loss:3.72020 train_time:1174.091s step_avg:1207.91ms
step:973/3300 train_loss:3.79295 train_time:1175.294s step_avg:1207.91ms
step:974/3300 train_loss:3.71980 train_time:1176.493s step_avg:1207.90ms
step:975/3300 train_loss:3.76275 train_time:1177.691s step_avg:1207.89ms
step:976/3300 train_loss:3.74040 train_time:1178.932s step_avg:1207.92ms
step:977/3300 train_loss:3.71257 train_time:1180.133s step_avg:1207.92ms
step:978/3300 train_loss:3.67733 train_time:1181.335s step_avg:1207.91ms
step:979/3300 train_loss:3.74979 train_time:1182.569s step_avg:1207.94ms
step:980/3300 train_loss:3.71494 train_time:1183.779s step_avg:1207.94ms
step:981/3300 train_loss:3.74282 train_time:1184.969s step_avg:1207.92ms
step:982/3300 train_loss:3.74153 train_time:1186.170s step_avg:1207.91ms
step:983/3300 train_loss:3.72689 train_time:1187.365s step_avg:1207.90ms
step:984/3300 train_loss:3.80783 train_time:1188.564s step_avg:1207.89ms
step:985/3300 train_loss:3.78453 train_time:1189.764s step_avg:1207.88ms
step:986/3300 train_loss:3.71512 train_time:1190.956s step_avg:1207.87ms
step:987/3300 train_loss:3.73897 train_time:1192.148s step_avg:1207.85ms
step:988/3300 train_loss:3.66649 train_time:1193.353s step_avg:1207.85ms
step:989/3300 train_loss:3.69986 train_time:1194.571s step_avg:1207.86ms
step:990/3300 train_loss:3.72060 train_time:1195.772s step_avg:1207.85ms
step:991/3300 train_loss:3.72471 train_time:1196.969s step_avg:1207.84ms
step:992/3300 train_loss:3.72049 train_time:1198.168s step_avg:1207.83ms
step:993/3300 train_loss:3.70919 train_time:1199.369s step_avg:1207.82ms
step:994/3300 train_loss:3.69140 train_time:1200.574s step_avg:1207.82ms
step:995/3300 train_loss:3.77516 train_time:1201.770s step_avg:1207.81ms
step:996/3300 train_loss:3.67777 train_time:1202.984s step_avg:1207.82ms
step:997/3300 train_loss:3.72884 train_time:1204.171s step_avg:1207.79ms
step:998/3300 train_loss:3.75056 train_time:1205.382s step_avg:1207.80ms
step:999/3300 train_loss:3.75108 train_time:1206.571s step_avg:1207.78ms
step:1000/3300 train_loss:3.75127 train_time:1207.771s step_avg:1207.77ms
step:1000/3300 val_loss:3.69548 train_time:1207.771s step_avg:1203.93ms
step:1001/3300 train_loss:3.67240 train_time:1208.969s step_avg:1207.76ms
step:1002/3300 train_loss:3.73545 train_time:1210.166s step_avg:1207.75ms
step:1003/3300 train_loss:3.74061 train_time:1211.396s step_avg:1207.77ms
step:1004/3300 train_loss:3.75206 train_time:1212.602s step_avg:1207.77ms
step:1005/3300 train_loss:3.72415 train_time:1213.807s step_avg:1207.77ms
step:1006/3300 train_loss:3.67638 train_time:1215.020s step_avg:1207.77ms
step:1007/3300 train_loss:3.75341 train_time:1216.230s step_avg:1207.78ms
step:1008/3300 train_loss:3.77114 train_time:1217.441s step_avg:1207.78ms
step:1009/3300 train_loss:3.76928 train_time:1218.636s step_avg:1207.77ms
step:1010/3300 train_loss:3.69529 train_time:1219.828s step_avg:1207.75ms
step:1011/3300 train_loss:3.73521 train_time:1221.054s step_avg:1207.77ms
step:1012/3300 train_loss:3.64000 train_time:1222.262s step_avg:1207.77ms
step:1013/3300 train_loss:3.72661 train_time:1223.463s step_avg:1207.76ms
step:1014/3300 train_loss:3.74007 train_time:1224.665s step_avg:1207.76ms
step:1015/3300 train_loss:3.70746 train_time:1225.864s step_avg:1207.75ms
step:1016/3300 train_loss:3.72284 train_time:1227.066s step_avg:1207.74ms
step:1017/3300 train_loss:3.69424 train_time:1228.256s step_avg:1207.72ms
step:1018/3300 train_loss:3.71927 train_time:1229.452s step_avg:1207.71ms
step:1019/3300 train_loss:3.73006 train_time:1230.649s step_avg:1207.70ms
step:1020/3300 train_loss:3.73655 train_time:1231.850s step_avg:1207.70ms
step:1021/3300 train_loss:3.72953 train_time:1233.047s step_avg:1207.69ms
step:1022/3300 train_loss:3.74285 train_time:1234.260s step_avg:1207.69ms
step:1023/3300 train_loss:3.72671 train_time:1235.465s step_avg:1207.69ms
step:1024/3300 train_loss:3.73522 train_time:1236.676s step_avg:1207.69ms
step:1025/3300 train_loss:3.69856 train_time:1237.874s step_avg:1207.68ms
step:1026/3300 train_loss:3.71205 train_time:1239.070s step_avg:1207.67ms
step:1027/3300 train_loss:3.70828 train_time:1240.272s step_avg:1207.66ms
step:1028/3300 train_loss:3.71985 train_time:1241.473s step_avg:1207.66ms
step:1029/3300 train_loss:3.78103 train_time:1242.673s step_avg:1207.65ms
step:1030/3300 train_loss:3.71228 train_time:1243.869s step_avg:1207.64ms
step:1031/3300 train_loss:3.68028 train_time:1245.074s step_avg:1207.64ms
step:1032/3300 train_loss:3.73605 train_time:1246.283s step_avg:1207.64ms
step:1033/3300 train_loss:3.72140 train_time:1247.501s step_avg:1207.65ms
step:1034/3300 train_loss:3.70265 train_time:1248.698s step_avg:1207.64ms
step:1035/3300 train_loss:3.70304 train_time:1249.892s step_avg:1207.62ms
step:1036/3300 train_loss:3.92847 train_time:1251.102s step_avg:1207.63ms
step:1037/3300 train_loss:3.72202 train_time:1252.311s step_avg:1207.63ms
step:1038/3300 train_loss:3.72978 train_time:1253.511s step_avg:1207.62ms
step:1039/3300 train_loss:3.73500 train_time:1254.714s step_avg:1207.62ms
step:1040/3300 train_loss:3.70083 train_time:1255.924s step_avg:1207.62ms
step:1041/3300 train_loss:3.70038 train_time:1257.118s step_avg:1207.61ms
step:1042/3300 train_loss:3.76006 train_time:1258.317s step_avg:1207.60ms
step:1043/3300 train_loss:3.72225 train_time:1259.514s step_avg:1207.59ms
step:1044/3300 train_loss:3.63975 train_time:1260.715s step_avg:1207.58ms
step:1045/3300 train_loss:3.71648 train_time:1261.916s step_avg:1207.57ms
step:1046/3300 train_loss:3.71226 train_time:1263.119s step_avg:1207.57ms
step:1047/3300 train_loss:3.78990 train_time:1264.330s step_avg:1207.57ms
step:1048/3300 train_loss:3.68328 train_time:1265.544s step_avg:1207.58ms
step:1049/3300 train_loss:3.67074 train_time:1266.739s step_avg:1207.57ms
step:1050/3300 train_loss:3.80932 train_time:1267.943s step_avg:1207.56ms
step:1051/3300 train_loss:3.71474 train_time:1269.144s step_avg:1207.56ms
step:1052/3300 train_loss:3.69371 train_time:1270.343s step_avg:1207.55ms
step:1053/3300 train_loss:3.72855 train_time:1271.558s step_avg:1207.56ms
step:1054/3300 train_loss:3.64753 train_time:1272.766s step_avg:1207.56ms
step:1055/3300 train_loss:3.67152 train_time:1273.973s step_avg:1207.56ms
step:1056/3300 train_loss:3.66816 train_time:1275.186s step_avg:1207.56ms
step:1057/3300 train_loss:3.71081 train_time:1276.375s step_avg:1207.55ms
step:1058/3300 train_loss:3.70252 train_time:1277.576s step_avg:1207.54ms
step:1059/3300 train_loss:3.74293 train_time:1278.771s step_avg:1207.53ms
step:1060/3300 train_loss:3.62992 train_time:1279.956s step_avg:1207.51ms
step:1061/3300 train_loss:3.77171 train_time:1281.151s step_avg:1207.49ms
step:1062/3300 train_loss:3.70577 train_time:1282.379s step_avg:1207.51ms
step:1063/3300 train_loss:3.67392 train_time:1283.604s step_avg:1207.53ms
step:1064/3300 train_loss:3.72632 train_time:1284.814s step_avg:1207.53ms
step:1065/3300 train_loss:3.65967 train_time:1286.027s step_avg:1207.54ms
step:1066/3300 train_loss:3.69424 train_time:1287.227s step_avg:1207.53ms
step:1067/3300 train_loss:3.70803 train_time:1288.422s step_avg:1207.52ms
step:1068/3300 train_loss:3.72306 train_time:1289.619s step_avg:1207.51ms
step:1069/3300 train_loss:3.70555 train_time:1290.816s step_avg:1207.50ms
step:1070/3300 train_loss:3.72056 train_time:1292.020s step_avg:1207.50ms
step:1071/3300 train_loss:3.64405 train_time:1293.223s step_avg:1207.49ms
step:1072/3300 train_loss:3.73219 train_time:1294.439s step_avg:1207.50ms
step:1073/3300 train_loss:3.62659 train_time:1295.652s step_avg:1207.50ms
step:1074/3300 train_loss:3.71981 train_time:1296.846s step_avg:1207.49ms
step:1075/3300 train_loss:3.68401 train_time:1298.042s step_avg:1207.48ms
step:1076/3300 train_loss:3.76227 train_time:1299.239s step_avg:1207.47ms
step:1077/3300 train_loss:3.72477 train_time:1300.442s step_avg:1207.47ms
step:1078/3300 train_loss:3.66566 train_time:1301.664s step_avg:1207.48ms
step:1079/3300 train_loss:3.70103 train_time:1302.857s step_avg:1207.47ms
step:1080/3300 train_loss:3.69941 train_time:1304.057s step_avg:1207.46ms
step:1081/3300 train_loss:3.67782 train_time:1305.253s step_avg:1207.45ms
step:1082/3300 train_loss:3.67634 train_time:1306.442s step_avg:1207.43ms
step:1083/3300 train_loss:3.70934 train_time:1307.698s step_avg:1207.48ms
step:1084/3300 train_loss:3.67984 train_time:1308.895s step_avg:1207.47ms
step:1085/3300 train_loss:3.69465 train_time:1310.094s step_avg:1207.46ms
step:1086/3300 train_loss:3.70659 train_time:1311.298s step_avg:1207.46ms
step:1087/3300 train_loss:3.67938 train_time:1312.530s step_avg:1207.48ms
step:1088/3300 train_loss:3.66840 train_time:1313.723s step_avg:1207.47ms
step:1089/3300 train_loss:3.65886 train_time:1314.922s step_avg:1207.46ms
step:1090/3300 train_loss:3.72011 train_time:1316.129s step_avg:1207.46ms
step:1091/3300 train_loss:3.69088 train_time:1317.352s step_avg:1207.47ms
step:1092/3300 train_loss:3.65273 train_time:1318.544s step_avg:1207.46ms
step:1093/3300 train_loss:3.70009 train_time:1319.740s step_avg:1207.45ms
step:1094/3300 train_loss:3.73059 train_time:1320.937s step_avg:1207.44ms
step:1095/3300 train_loss:3.63506 train_time:1322.139s step_avg:1207.43ms
step:1096/3300 train_loss:3.66498 train_time:1323.347s step_avg:1207.43ms
step:1097/3300 train_loss:3.73065 train_time:1324.545s step_avg:1207.42ms
step:1098/3300 train_loss:3.73671 train_time:1325.741s step_avg:1207.41ms
step:1099/3300 train_loss:3.73422 train_time:1326.951s step_avg:1207.42ms
step:1100/3300 train_loss:3.71082 train_time:1328.147s step_avg:1207.41ms
step:1101/3300 train_loss:3.71525 train_time:1329.342s step_avg:1207.40ms
step:1102/3300 train_loss:3.70979 train_time:1330.539s step_avg:1207.39ms
step:1103/3300 train_loss:3.70413 train_time:1331.744s step_avg:1207.38ms
step:1104/3300 train_loss:3.75714 train_time:1332.953s step_avg:1207.39ms
step:1105/3300 train_loss:3.80942 train_time:1334.153s step_avg:1207.38ms
step:1106/3300 train_loss:3.72853 train_time:1335.346s step_avg:1207.37ms
step:1107/3300 train_loss:3.72571 train_time:1336.554s step_avg:1207.37ms
step:1108/3300 train_loss:3.66996 train_time:1337.750s step_avg:1207.36ms
step:1109/3300 train_loss:3.68239 train_time:1338.941s step_avg:1207.34ms
step:1110/3300 train_loss:3.63938 train_time:1340.138s step_avg:1207.33ms
step:1111/3300 train_loss:3.60006 train_time:1341.365s step_avg:1207.35ms
step:1112/3300 train_loss:3.63736 train_time:1342.562s step_avg:1207.34ms
step:1113/3300 train_loss:3.74441 train_time:1343.761s step_avg:1207.33ms
step:1114/3300 train_loss:3.71137 train_time:1344.958s step_avg:1207.32ms
step:1115/3300 train_loss:3.73412 train_time:1346.159s step_avg:1207.32ms
step:1116/3300 train_loss:3.75065 train_time:1347.368s step_avg:1207.32ms
step:1117/3300 train_loss:3.76071 train_time:1348.569s step_avg:1207.31ms
step:1118/3300 train_loss:3.67920 train_time:1349.765s step_avg:1207.30ms
step:1119/3300 train_loss:3.67686 train_time:1350.961s step_avg:1207.29ms
step:1120/3300 train_loss:3.77730 train_time:1352.161s step_avg:1207.29ms
step:1121/3300 train_loss:3.70836 train_time:1353.368s step_avg:1207.29ms
step:1122/3300 train_loss:3.64058 train_time:1354.562s step_avg:1207.27ms
step:1123/3300 train_loss:3.66977 train_time:1355.760s step_avg:1207.27ms
step:1124/3300 train_loss:3.68398 train_time:1356.971s step_avg:1207.27ms
step:1125/3300 train_loss:3.70424 train_time:1358.170s step_avg:1207.26ms
step:1125/3300 val_loss:3.66844 train_time:1358.170s step_avg:1203.19ms
step:1126/3300 train_loss:3.64984 train_time:1359.361s step_avg:1207.25ms
step:1127/3300 train_loss:3.73602 train_time:1360.560s step_avg:1207.24ms
step:1128/3300 train_loss:3.67860 train_time:1361.752s step_avg:1207.23ms
step:1129/3300 train_loss:3.68215 train_time:1362.949s step_avg:1207.22ms
step:1130/3300 train_loss:3.66527 train_time:1364.150s step_avg:1207.21ms
step:1131/3300 train_loss:3.69135 train_time:1365.392s step_avg:1207.24ms
step:1132/3300 train_loss:3.68842 train_time:1366.588s step_avg:1207.23ms
step:1133/3300 train_loss:3.74111 train_time:1367.785s step_avg:1207.22ms
step:1134/3300 train_loss:3.70256 train_time:1369.028s step_avg:1207.26ms
step:1135/3300 train_loss:3.72587 train_time:1370.226s step_avg:1207.25ms
step:1136/3300 train_loss:3.66435 train_time:1371.436s step_avg:1207.25ms
step:1137/3300 train_loss:3.78054 train_time:1372.628s step_avg:1207.24ms
step:1138/3300 train_loss:3.65547 train_time:1373.823s step_avg:1207.23ms
step:1139/3300 train_loss:3.69650 train_time:1375.020s step_avg:1207.22ms
step:1140/3300 train_loss:3.67801 train_time:1376.221s step_avg:1207.21ms
step:1141/3300 train_loss:3.73900 train_time:1377.461s step_avg:1207.24ms
step:1142/3300 train_loss:3.68721 train_time:1378.660s step_avg:1207.23ms
step:1143/3300 train_loss:3.66332 train_time:1379.848s step_avg:1207.22ms
step:1144/3300 train_loss:3.67440 train_time:1381.044s step_avg:1207.21ms
step:1145/3300 train_loss:3.72161 train_time:1382.242s step_avg:1207.20ms
step:1146/3300 train_loss:3.77025 train_time:1383.436s step_avg:1207.19ms
step:1147/3300 train_loss:3.71473 train_time:1384.629s step_avg:1207.17ms
step:1148/3300 train_loss:3.75204 train_time:1385.829s step_avg:1207.17ms
step:1149/3300 train_loss:3.65894 train_time:1387.026s step_avg:1207.16ms
step:1150/3300 train_loss:3.64266 train_time:1388.222s step_avg:1207.15ms
step:1151/3300 train_loss:3.66432 train_time:1389.421s step_avg:1207.14ms
step:1152/3300 train_loss:3.74644 train_time:1390.624s step_avg:1207.14ms
step:1153/3300 train_loss:3.64647 train_time:1391.821s step_avg:1207.13ms
step:1154/3300 train_loss:3.68681 train_time:1393.009s step_avg:1207.11ms
step:1155/3300 train_loss:3.72800 train_time:1394.218s step_avg:1207.12ms
step:1156/3300 train_loss:3.71860 train_time:1395.408s step_avg:1207.10ms
step:1157/3300 train_loss:3.68264 train_time:1396.606s step_avg:1207.09ms
step:1158/3300 train_loss:3.73103 train_time:1397.816s step_avg:1207.09ms
step:1159/3300 train_loss:3.68478 train_time:1399.008s step_avg:1207.08ms
step:1160/3300 train_loss:3.65650 train_time:1400.206s step_avg:1207.07ms
step:1161/3300 train_loss:3.60076 train_time:1401.418s step_avg:1207.08ms
step:1162/3300 train_loss:3.70240 train_time:1402.611s step_avg:1207.07ms
step:1163/3300 train_loss:3.66851 train_time:1403.807s step_avg:1207.06ms
step:1164/3300 train_loss:3.64014 train_time:1405.013s step_avg:1207.06ms
step:1165/3300 train_loss:3.67514 train_time:1406.210s step_avg:1207.05ms
step:1166/3300 train_loss:3.68812 train_time:1407.412s step_avg:1207.04ms
step:1167/3300 train_loss:3.70509 train_time:1408.615s step_avg:1207.04ms
step:1168/3300 train_loss:3.69535 train_time:1409.810s step_avg:1207.03ms
step:1169/3300 train_loss:3.64344 train_time:1411.007s step_avg:1207.02ms
step:1170/3300 train_loss:3.71077 train_time:1412.206s step_avg:1207.01ms
step:1171/3300 train_loss:3.61827 train_time:1413.397s step_avg:1207.00ms
step:1172/3300 train_loss:3.66646 train_time:1414.593s step_avg:1206.99ms
step:1173/3300 train_loss:3.82164 train_time:1415.805s step_avg:1206.99ms
step:1174/3300 train_loss:3.64918 train_time:1417.020s step_avg:1207.00ms
step:1175/3300 train_loss:3.66419 train_time:1418.213s step_avg:1206.99ms
step:1176/3300 train_loss:3.62526 train_time:1419.412s step_avg:1206.98ms
step:1177/3300 train_loss:3.67849 train_time:1420.620s step_avg:1206.98ms
step:1178/3300 train_loss:3.65611 train_time:1421.815s step_avg:1206.97ms
step:1179/3300 train_loss:3.74395 train_time:1423.011s step_avg:1206.96ms
step:1180/3300 train_loss:3.66211 train_time:1424.212s step_avg:1206.96ms
step:1181/3300 train_loss:3.63423 train_time:1425.428s step_avg:1206.97ms
step:1182/3300 train_loss:3.67354 train_time:1426.634s step_avg:1206.97ms
step:1183/3300 train_loss:3.65700 train_time:1427.911s step_avg:1207.03ms
step:1184/3300 train_loss:3.64378 train_time:1429.113s step_avg:1207.02ms
step:1185/3300 train_loss:3.69442 train_time:1430.312s step_avg:1207.01ms
step:1186/3300 train_loss:3.60835 train_time:1431.512s step_avg:1207.01ms
step:1187/3300 train_loss:3.69528 train_time:1432.718s step_avg:1207.01ms
step:1188/3300 train_loss:3.67870 train_time:1434.012s step_avg:1207.08ms
step:1189/3300 train_loss:3.68207 train_time:1435.267s step_avg:1207.12ms
step:1190/3300 train_loss:3.68288 train_time:1436.469s step_avg:1207.12ms
step:1191/3300 train_loss:3.80328 train_time:1437.684s step_avg:1207.12ms
step:1192/3300 train_loss:3.75102 train_time:1438.884s step_avg:1207.12ms
step:1193/3300 train_loss:3.64480 train_time:1440.075s step_avg:1207.10ms
step:1194/3300 train_loss:3.67907 train_time:1441.293s step_avg:1207.11ms
step:1195/3300 train_loss:3.66426 train_time:1442.497s step_avg:1207.11ms
step:1196/3300 train_loss:3.66852 train_time:1443.700s step_avg:1207.11ms
step:1197/3300 train_loss:3.75023 train_time:1444.891s step_avg:1207.09ms
step:1198/3300 train_loss:3.69095 train_time:1446.090s step_avg:1207.09ms
step:1199/3300 train_loss:3.64234 train_time:1447.291s step_avg:1207.08ms
step:1200/3300 train_loss:3.64929 train_time:1448.516s step_avg:1207.10ms
step:1201/3300 train_loss:3.69121 train_time:1449.736s step_avg:1207.11ms
step:1202/3300 train_loss:3.69761 train_time:1450.937s step_avg:1207.10ms
step:1203/3300 train_loss:3.63165 train_time:1452.132s step_avg:1207.09ms
step:1204/3300 train_loss:3.69251 train_time:1453.329s step_avg:1207.08ms
step:1205/3300 train_loss:3.69151 train_time:1454.533s step_avg:1207.08ms
step:1206/3300 train_loss:3.61580 train_time:1455.730s step_avg:1207.07ms
step:1207/3300 train_loss:3.71747 train_time:1456.932s step_avg:1207.07ms
step:1208/3300 train_loss:3.65837 train_time:1458.128s step_avg:1207.06ms
step:1209/3300 train_loss:3.66277 train_time:1459.333s step_avg:1207.06ms
step:1210/3300 train_loss:3.64286 train_time:1460.532s step_avg:1207.05ms
step:1211/3300 train_loss:3.70906 train_time:1461.730s step_avg:1207.04ms
step:1212/3300 train_loss:3.63354 train_time:1462.928s step_avg:1207.04ms
step:1213/3300 train_loss:3.66171 train_time:1464.132s step_avg:1207.03ms
step:1214/3300 train_loss:3.62219 train_time:1465.327s step_avg:1207.02ms
step:1215/3300 train_loss:3.66118 train_time:1466.526s step_avg:1207.02ms
step:1216/3300 train_loss:3.64338 train_time:1467.717s step_avg:1207.00ms
step:1217/3300 train_loss:3.63504 train_time:1468.939s step_avg:1207.02ms
step:1218/3300 train_loss:3.64596 train_time:1470.140s step_avg:1207.01ms
step:1219/3300 train_loss:3.74867 train_time:1471.335s step_avg:1207.00ms
step:1220/3300 train_loss:3.69465 train_time:1472.532s step_avg:1206.99ms
step:1221/3300 train_loss:3.64533 train_time:1473.743s step_avg:1207.00ms
step:1222/3300 train_loss:3.70032 train_time:1474.942s step_avg:1206.99ms
step:1223/3300 train_loss:3.65145 train_time:1476.138s step_avg:1206.98ms
step:1224/3300 train_loss:3.66879 train_time:1477.364s step_avg:1207.00ms
step:1225/3300 train_loss:3.62205 train_time:1478.583s step_avg:1207.01ms
step:1226/3300 train_loss:3.67283 train_time:1479.780s step_avg:1207.00ms
step:1227/3300 train_loss:3.66063 train_time:1480.972s step_avg:1206.99ms
step:1228/3300 train_loss:3.63791 train_time:1482.169s step_avg:1206.98ms
step:1229/3300 train_loss:3.65763 train_time:1483.372s step_avg:1206.97ms
step:1230/3300 train_loss:3.62877 train_time:1484.572s step_avg:1206.97ms
step:1231/3300 train_loss:3.71172 train_time:1485.782s step_avg:1206.97ms
step:1232/3300 train_loss:3.66215 train_time:1486.995s step_avg:1206.98ms
step:1233/3300 train_loss:3.62423 train_time:1488.197s step_avg:1206.97ms
step:1234/3300 train_loss:3.69508 train_time:1489.414s step_avg:1206.98ms
step:1235/3300 train_loss:3.66109 train_time:1490.616s step_avg:1206.98ms
step:1236/3300 train_loss:3.67046 train_time:1491.814s step_avg:1206.97ms
step:1237/3300 train_loss:3.62112 train_time:1493.009s step_avg:1206.96ms
step:1238/3300 train_loss:3.61551 train_time:1494.227s step_avg:1206.97ms
step:1239/3300 train_loss:3.67926 train_time:1495.421s step_avg:1206.96ms
step:1240/3300 train_loss:3.61208 train_time:1496.619s step_avg:1206.95ms
step:1241/3300 train_loss:3.72453 train_time:1497.825s step_avg:1206.95ms
step:1242/3300 train_loss:3.74690 train_time:1499.030s step_avg:1206.95ms
step:1243/3300 train_loss:3.68294 train_time:1500.233s step_avg:1206.94ms
step:1244/3300 train_loss:3.64843 train_time:1501.431s step_avg:1206.94ms
step:1245/3300 train_loss:3.66811 train_time:1502.630s step_avg:1206.93ms
step:1246/3300 train_loss:3.61533 train_time:1503.828s step_avg:1206.92ms
step:1247/3300 train_loss:3.62173 train_time:1505.021s step_avg:1206.91ms
step:1248/3300 train_loss:3.68376 train_time:1506.228s step_avg:1206.91ms
step:1249/3300 train_loss:3.64643 train_time:1507.416s step_avg:1206.90ms
step:1250/3300 train_loss:3.58970 train_time:1508.624s step_avg:1206.90ms
step:1250/3300 val_loss:3.63498 train_time:1508.624s step_avg:1203.63ms
step:1251/3300 train_loss:3.62756 train_time:1509.826s step_avg:1206.90ms
step:1252/3300 train_loss:3.63707 train_time:1511.023s step_avg:1206.89ms
step:1253/3300 train_loss:3.66299 train_time:1512.230s step_avg:1206.89ms
step:1254/3300 train_loss:3.67489 train_time:1513.430s step_avg:1206.88ms
step:1255/3300 train_loss:3.67103 train_time:1514.624s step_avg:1206.87ms
step:1256/3300 train_loss:3.66139 train_time:1515.824s step_avg:1206.87ms
step:1257/3300 train_loss:3.61811 train_time:1517.030s step_avg:1206.87ms
step:1258/3300 train_loss:3.83635 train_time:1518.241s step_avg:1206.87ms
step:1259/3300 train_loss:3.66879 train_time:1519.439s step_avg:1206.86ms
step:1260/3300 train_loss:3.62361 train_time:1520.629s step_avg:1206.85ms
step:1261/3300 train_loss:3.65394 train_time:1521.842s step_avg:1206.85ms
step:1262/3300 train_loss:3.67765 train_time:1523.051s step_avg:1206.86ms
step:1263/3300 train_loss:3.65015 train_time:1524.251s step_avg:1206.85ms
step:1264/3300 train_loss:3.63460 train_time:1525.448s step_avg:1206.84ms
step:1265/3300 train_loss:3.66693 train_time:1526.653s step_avg:1206.84ms
step:1266/3300 train_loss:3.64770 train_time:1527.861s step_avg:1206.84ms
step:1267/3300 train_loss:3.57965 train_time:1529.063s step_avg:1206.84ms
step:1268/3300 train_loss:3.60130 train_time:1530.277s step_avg:1206.84ms
step:1269/3300 train_loss:3.62889 train_time:1531.493s step_avg:1206.85ms
step:1270/3300 train_loss:3.67315 train_time:1532.700s step_avg:1206.85ms
step:1271/3300 train_loss:3.63500 train_time:1533.898s step_avg:1206.84ms
step:1272/3300 train_loss:3.66555 train_time:1535.095s step_avg:1206.84ms
step:1273/3300 train_loss:3.67621 train_time:1536.307s step_avg:1206.84ms
step:1274/3300 train_loss:3.68428 train_time:1537.518s step_avg:1206.84ms
step:1275/3300 train_loss:3.60380 train_time:1538.710s step_avg:1206.83ms
step:1276/3300 train_loss:3.66945 train_time:1539.912s step_avg:1206.83ms
step:1277/3300 train_loss:3.61312 train_time:1541.113s step_avg:1206.82ms
step:1278/3300 train_loss:3.68919 train_time:1542.307s step_avg:1206.81ms
step:1279/3300 train_loss:3.63758 train_time:1543.504s step_avg:1206.81ms
step:1280/3300 train_loss:3.70108 train_time:1544.698s step_avg:1206.80ms
step:1281/3300 train_loss:3.65870 train_time:1545.906s step_avg:1206.80ms
step:1282/3300 train_loss:3.69393 train_time:1547.102s step_avg:1206.79ms
step:1283/3300 train_loss:3.58829 train_time:1548.304s step_avg:1206.78ms
step:1284/3300 train_loss:3.62593 train_time:1549.506s step_avg:1206.78ms
step:1285/3300 train_loss:3.64450 train_time:1550.714s step_avg:1206.78ms
step:1286/3300 train_loss:3.75081 train_time:1551.908s step_avg:1206.77ms
step:1287/3300 train_loss:3.66373 train_time:1553.105s step_avg:1206.76ms
step:1288/3300 train_loss:3.64824 train_time:1554.303s step_avg:1206.76ms
step:1289/3300 train_loss:3.61919 train_time:1555.499s step_avg:1206.75ms
step:1290/3300 train_loss:3.61944 train_time:1556.701s step_avg:1206.75ms
step:1291/3300 train_loss:3.63678 train_time:1557.905s step_avg:1206.74ms
step:1292/3300 train_loss:3.69416 train_time:1559.136s step_avg:1206.76ms
step:1293/3300 train_loss:3.67995 train_time:1560.345s step_avg:1206.76ms
step:1294/3300 train_loss:3.64533 train_time:1561.541s step_avg:1206.76ms
step:1295/3300 train_loss:3.68425 train_time:1562.776s step_avg:1206.78ms
step:1296/3300 train_loss:3.71271 train_time:1563.990s step_avg:1206.78ms
step:1297/3300 train_loss:3.61086 train_time:1565.189s step_avg:1206.78ms
step:1298/3300 train_loss:3.69575 train_time:1566.393s step_avg:1206.77ms
step:1299/3300 train_loss:3.62162 train_time:1567.594s step_avg:1206.77ms
step:1300/3300 train_loss:3.66342 train_time:1568.791s step_avg:1206.76ms
step:1301/3300 train_loss:3.67544 train_time:1569.993s step_avg:1206.76ms
step:1302/3300 train_loss:3.67863 train_time:1571.265s step_avg:1206.81ms
step:1303/3300 train_loss:3.67068 train_time:1572.466s step_avg:1206.80ms
step:1304/3300 train_loss:3.64130 train_time:1573.666s step_avg:1206.80ms
step:1305/3300 train_loss:3.59734 train_time:1574.867s step_avg:1206.79ms
step:1306/3300 train_loss:3.64640 train_time:1576.071s step_avg:1206.79ms
step:1307/3300 train_loss:3.59135 train_time:1577.288s step_avg:1206.80ms
step:1308/3300 train_loss:3.62201 train_time:1578.546s step_avg:1206.84ms
step:1309/3300 train_loss:3.71844 train_time:1579.763s step_avg:1206.85ms
step:1310/3300 train_loss:3.57958 train_time:1580.963s step_avg:1206.84ms
step:1311/3300 train_loss:3.63583 train_time:1582.150s step_avg:1206.83ms
step:1312/3300 train_loss:3.63634 train_time:1583.343s step_avg:1206.82ms
step:1313/3300 train_loss:3.61448 train_time:1584.532s step_avg:1206.80ms
step:1314/3300 train_loss:3.54431 train_time:1585.726s step_avg:1206.79ms
step:1315/3300 train_loss:3.69859 train_time:1586.922s step_avg:1206.79ms
step:1316/3300 train_loss:3.69597 train_time:1588.112s step_avg:1206.77ms
step:1317/3300 train_loss:3.63503 train_time:1589.310s step_avg:1206.77ms
step:1318/3300 train_loss:3.62015 train_time:1590.509s step_avg:1206.76ms
step:1319/3300 train_loss:3.71941 train_time:1591.721s step_avg:1206.76ms
step:1320/3300 train_loss:3.66936 train_time:1592.911s step_avg:1206.75ms
step:1321/3300 train_loss:3.77168 train_time:1594.109s step_avg:1206.74ms
step:1322/3300 train_loss:3.61903 train_time:1595.314s step_avg:1206.74ms
step:1323/3300 train_loss:3.68293 train_time:1596.522s step_avg:1206.74ms
step:1324/3300 train_loss:3.69024 train_time:1597.714s step_avg:1206.73ms
step:1325/3300 train_loss:3.60971 train_time:1598.928s step_avg:1206.74ms
step:1326/3300 train_loss:3.61057 train_time:1600.135s step_avg:1206.74ms
step:1327/3300 train_loss:3.65347 train_time:1601.331s step_avg:1206.73ms
step:1328/3300 train_loss:3.54993 train_time:1602.530s step_avg:1206.72ms
step:1329/3300 train_loss:3.65789 train_time:1603.726s step_avg:1206.72ms
step:1330/3300 train_loss:3.67764 train_time:1604.918s step_avg:1206.71ms
step:1331/3300 train_loss:3.66428 train_time:1606.150s step_avg:1206.72ms
step:1332/3300 train_loss:3.73188 train_time:1607.349s step_avg:1206.72ms
step:1333/3300 train_loss:3.66106 train_time:1608.553s step_avg:1206.72ms
step:1334/3300 train_loss:3.66054 train_time:1609.755s step_avg:1206.71ms
step:1335/3300 train_loss:3.70813 train_time:1610.972s step_avg:1206.72ms
step:1336/3300 train_loss:3.65449 train_time:1612.183s step_avg:1206.72ms
step:1337/3300 train_loss:3.65902 train_time:1613.403s step_avg:1206.73ms
step:1338/3300 train_loss:3.64477 train_time:1614.596s step_avg:1206.72ms
step:1339/3300 train_loss:3.63327 train_time:1615.791s step_avg:1206.71ms
step:1340/3300 train_loss:3.65260 train_time:1616.990s step_avg:1206.71ms
step:1341/3300 train_loss:3.66145 train_time:1618.213s step_avg:1206.72ms
step:1342/3300 train_loss:3.72831 train_time:1619.416s step_avg:1206.72ms
step:1343/3300 train_loss:3.67173 train_time:1620.617s step_avg:1206.71ms
step:1344/3300 train_loss:3.62426 train_time:1621.820s step_avg:1206.71ms
step:1345/3300 train_loss:3.55140 train_time:1623.013s step_avg:1206.70ms
step:1346/3300 train_loss:3.62541 train_time:1624.208s step_avg:1206.69ms
step:1347/3300 train_loss:3.65412 train_time:1625.415s step_avg:1206.69ms
step:1348/3300 train_loss:3.64116 train_time:1626.610s step_avg:1206.68ms
step:1349/3300 train_loss:3.62409 train_time:1627.824s step_avg:1206.69ms
step:1350/3300 train_loss:3.65178 train_time:1629.011s step_avg:1206.68ms
step:1351/3300 train_loss:3.67718 train_time:1630.208s step_avg:1206.67ms
step:1352/3300 train_loss:3.60027 train_time:1631.407s step_avg:1206.66ms
step:1353/3300 train_loss:3.64793 train_time:1632.608s step_avg:1206.66ms
step:1354/3300 train_loss:3.63208 train_time:1633.805s step_avg:1206.65ms
step:1355/3300 train_loss:3.57366 train_time:1634.996s step_avg:1206.64ms
step:1356/3300 train_loss:3.67087 train_time:1636.214s step_avg:1206.65ms
step:1357/3300 train_loss:3.81832 train_time:1637.413s step_avg:1206.64ms
step:1358/3300 train_loss:3.64919 train_time:1638.617s step_avg:1206.64ms
step:1359/3300 train_loss:3.57695 train_time:1639.812s step_avg:1206.63ms
step:1360/3300 train_loss:3.61059 train_time:1641.026s step_avg:1206.64ms
step:1361/3300 train_loss:3.58739 train_time:1642.243s step_avg:1206.64ms
step:1362/3300 train_loss:3.62964 train_time:1643.436s step_avg:1206.63ms
step:1363/3300 train_loss:3.57699 train_time:1644.632s step_avg:1206.63ms
step:1364/3300 train_loss:3.59047 train_time:1645.837s step_avg:1206.63ms
step:1365/3300 train_loss:3.62683 train_time:1647.038s step_avg:1206.62ms
step:1366/3300 train_loss:3.65254 train_time:1648.234s step_avg:1206.61ms
step:1367/3300 train_loss:3.63106 train_time:1649.438s step_avg:1206.61ms
step:1368/3300 train_loss:3.69900 train_time:1650.633s step_avg:1206.60ms
step:1369/3300 train_loss:3.63350 train_time:1651.847s step_avg:1206.61ms
step:1370/3300 train_loss:3.70547 train_time:1653.035s step_avg:1206.59ms
step:1371/3300 train_loss:3.62440 train_time:1654.229s step_avg:1206.59ms
step:1372/3300 train_loss:3.66899 train_time:1655.419s step_avg:1206.57ms
step:1373/3300 train_loss:3.65037 train_time:1656.618s step_avg:1206.57ms
step:1374/3300 train_loss:3.60661 train_time:1657.824s step_avg:1206.57ms
step:1375/3300 train_loss:3.63309 train_time:1659.016s step_avg:1206.56ms
step:1375/3300 val_loss:3.60960 train_time:1659.016s step_avg:1203.14ms
step:1376/3300 train_loss:3.67247 train_time:1660.228s step_avg:1206.56ms
step:1377/3300 train_loss:3.62225 train_time:1661.419s step_avg:1206.55ms
step:1378/3300 train_loss:3.65554 train_time:1662.619s step_avg:1206.55ms
step:1379/3300 train_loss:3.56767 train_time:1663.827s step_avg:1206.55ms
step:1380/3300 train_loss:3.56313 train_time:1665.036s step_avg:1206.55ms
step:1381/3300 train_loss:3.67902 train_time:1666.234s step_avg:1206.54ms
step:1382/3300 train_loss:3.62951 train_time:1667.444s step_avg:1206.54ms
step:1383/3300 train_loss:3.63190 train_time:1668.648s step_avg:1206.54ms
step:1384/3300 train_loss:3.60648 train_time:1669.881s step_avg:1206.56ms
step:1385/3300 train_loss:3.58621 train_time:1671.079s step_avg:1206.56ms
step:1386/3300 train_loss:3.64966 train_time:1672.274s step_avg:1206.55ms
step:1387/3300 train_loss:3.64077 train_time:1673.483s step_avg:1206.55ms
step:1388/3300 train_loss:3.62207 train_time:1674.681s step_avg:1206.54ms
step:1389/3300 train_loss:3.65681 train_time:1675.881s step_avg:1206.54ms
step:1390/3300 train_loss:3.63849 train_time:1677.094s step_avg:1206.54ms
step:1391/3300 train_loss:3.68085 train_time:1678.293s step_avg:1206.54ms
step:1392/3300 train_loss:3.62471 train_time:1679.525s step_avg:1206.56ms
step:1393/3300 train_loss:3.63012 train_time:1680.721s step_avg:1206.55ms
step:1394/3300 train_loss:3.68026 train_time:1681.917s step_avg:1206.54ms
step:1395/3300 train_loss:3.63636 train_time:1683.111s step_avg:1206.53ms
step:1396/3300 train_loss:3.62916 train_time:1684.311s step_avg:1206.53ms
step:1397/3300 train_loss:3.59796 train_time:1685.505s step_avg:1206.52ms
step:1398/3300 train_loss:3.60175 train_time:1686.698s step_avg:1206.51ms
step:1399/3300 train_loss:3.58586 train_time:1687.892s step_avg:1206.50ms
step:1400/3300 train_loss:3.62944 train_time:1689.097s step_avg:1206.50ms
step:1401/3300 train_loss:3.58321 train_time:1690.317s step_avg:1206.51ms
step:1402/3300 train_loss:3.62081 train_time:1691.517s step_avg:1206.50ms
step:1403/3300 train_loss:3.65778 train_time:1692.718s step_avg:1206.50ms
step:1404/3300 train_loss:3.60781 train_time:1693.944s step_avg:1206.51ms
step:1405/3300 train_loss:3.56843 train_time:1695.150s step_avg:1206.51ms
step:1406/3300 train_loss:3.61636 train_time:1696.342s step_avg:1206.50ms
step:1407/3300 train_loss:3.63415 train_time:1697.546s step_avg:1206.50ms
step:1408/3300 train_loss:3.68532 train_time:1698.744s step_avg:1206.49ms
step:1409/3300 train_loss:3.61666 train_time:1699.940s step_avg:1206.49ms
step:1410/3300 train_loss:3.62881 train_time:1701.137s step_avg:1206.48ms
step:1411/3300 train_loss:3.62605 train_time:1702.335s step_avg:1206.47ms
step:1412/3300 train_loss:3.65105 train_time:1703.534s step_avg:1206.47ms
step:1413/3300 train_loss:3.62504 train_time:1704.731s step_avg:1206.46ms
step:1414/3300 train_loss:3.56759 train_time:1705.929s step_avg:1206.46ms
step:1415/3300 train_loss:3.61977 train_time:1707.137s step_avg:1206.46ms
step:1416/3300 train_loss:3.60131 train_time:1708.365s step_avg:1206.47ms
step:1417/3300 train_loss:3.62317 train_time:1709.567s step_avg:1206.47ms
step:1418/3300 train_loss:3.63093 train_time:1710.789s step_avg:1206.48ms
step:1419/3300 train_loss:3.72920 train_time:1711.982s step_avg:1206.47ms
step:1420/3300 train_loss:3.62213 train_time:1713.179s step_avg:1206.46ms
step:1421/3300 train_loss:3.58151 train_time:1714.396s step_avg:1206.47ms
step:1422/3300 train_loss:3.60330 train_time:1715.622s step_avg:1206.49ms
step:1423/3300 train_loss:3.58291 train_time:1716.841s step_avg:1206.49ms
step:1424/3300 train_loss:3.60531 train_time:1718.036s step_avg:1206.49ms
step:1425/3300 train_loss:3.58470 train_time:1719.262s step_avg:1206.50ms
step:1426/3300 train_loss:3.62620 train_time:1720.471s step_avg:1206.50ms
step:1427/3300 train_loss:3.61435 train_time:1721.667s step_avg:1206.49ms
step:1428/3300 train_loss:3.61879 train_time:1722.858s step_avg:1206.48ms
step:1429/3300 train_loss:3.62944 train_time:1724.060s step_avg:1206.48ms
step:1430/3300 train_loss:3.56631 train_time:1725.268s step_avg:1206.48ms
step:1431/3300 train_loss:3.57145 train_time:1726.465s step_avg:1206.47ms
step:1432/3300 train_loss:3.64285 train_time:1727.664s step_avg:1206.47ms
step:1433/3300 train_loss:3.56046 train_time:1728.870s step_avg:1206.47ms
step:1434/3300 train_loss:3.57594 train_time:1730.080s step_avg:1206.47ms
step:1435/3300 train_loss:3.56592 train_time:1731.277s step_avg:1206.46ms
step:1436/3300 train_loss:3.55395 train_time:1732.479s step_avg:1206.46ms
step:1437/3300 train_loss:3.68852 train_time:1733.687s step_avg:1206.46ms
step:1438/3300 train_loss:3.63907 train_time:1734.883s step_avg:1206.46ms
step:1439/3300 train_loss:3.58855 train_time:1736.096s step_avg:1206.46ms
step:1440/3300 train_loss:3.53341 train_time:1737.302s step_avg:1206.46ms
step:1441/3300 train_loss:3.57883 train_time:1738.499s step_avg:1206.45ms
step:1442/3300 train_loss:3.58535 train_time:1739.735s step_avg:1206.47ms
step:1443/3300 train_loss:3.61799 train_time:1740.932s step_avg:1206.47ms
step:1444/3300 train_loss:3.59926 train_time:1742.124s step_avg:1206.46ms
step:1445/3300 train_loss:3.59495 train_time:1743.337s step_avg:1206.46ms
step:1446/3300 train_loss:3.63659 train_time:1744.538s step_avg:1206.46ms
step:1447/3300 train_loss:3.56770 train_time:1745.727s step_avg:1206.45ms
step:1448/3300 train_loss:3.58784 train_time:1746.923s step_avg:1206.44ms
step:1449/3300 train_loss:3.60179 train_time:1748.201s step_avg:1206.49ms
step:1450/3300 train_loss:3.61178 train_time:1749.411s step_avg:1206.49ms
step:1451/3300 train_loss:3.54829 train_time:1750.625s step_avg:1206.50ms
step:1452/3300 train_loss:3.59294 train_time:1751.827s step_avg:1206.49ms
step:1453/3300 train_loss:3.54115 train_time:1753.021s step_avg:1206.48ms
step:1454/3300 train_loss:3.64942 train_time:1754.231s step_avg:1206.49ms
step:1455/3300 train_loss:3.62891 train_time:1755.425s step_avg:1206.48ms
step:1456/3300 train_loss:3.57201 train_time:1756.640s step_avg:1206.48ms
step:1457/3300 train_loss:3.60709 train_time:1757.882s step_avg:1206.51ms
step:1458/3300 train_loss:3.63104 train_time:1759.086s step_avg:1206.51ms
step:1459/3300 train_loss:3.63031 train_time:1760.293s step_avg:1206.51ms
step:1460/3300 train_loss:3.55300 train_time:1761.486s step_avg:1206.50ms
step:1461/3300 train_loss:3.59487 train_time:1762.682s step_avg:1206.49ms
step:1462/3300 train_loss:3.53245 train_time:1763.878s step_avg:1206.48ms
step:1463/3300 train_loss:3.68043 train_time:1765.079s step_avg:1206.48ms
step:1464/3300 train_loss:3.59141 train_time:1766.283s step_avg:1206.48ms
step:1465/3300 train_loss:3.59480 train_time:1767.483s step_avg:1206.47ms
step:1466/3300 train_loss:3.59892 train_time:1768.706s step_avg:1206.48ms
step:1467/3300 train_loss:3.56860 train_time:1769.909s step_avg:1206.48ms
step:1468/3300 train_loss:3.58418 train_time:1771.104s step_avg:1206.47ms
step:1469/3300 train_loss:3.58997 train_time:1772.316s step_avg:1206.48ms
step:1470/3300 train_loss:3.50888 train_time:1773.513s step_avg:1206.47ms
step:1471/3300 train_loss:3.55499 train_time:1774.708s step_avg:1206.46ms
step:1472/3300 train_loss:3.64272 train_time:1775.949s step_avg:1206.49ms
step:1473/3300 train_loss:3.62101 train_time:1777.143s step_avg:1206.48ms
step:1474/3300 train_loss:3.57879 train_time:1778.348s step_avg:1206.48ms
step:1475/3300 train_loss:3.55304 train_time:1779.549s step_avg:1206.47ms
step:1476/3300 train_loss:3.58834 train_time:1780.742s step_avg:1206.46ms
step:1477/3300 train_loss:3.53358 train_time:1781.928s step_avg:1206.45ms
step:1478/3300 train_loss:3.58790 train_time:1783.126s step_avg:1206.45ms
step:1479/3300 train_loss:3.62760 train_time:1784.333s step_avg:1206.45ms
step:1480/3300 train_loss:3.62391 train_time:1785.578s step_avg:1206.47ms
step:1481/3300 train_loss:3.65206 train_time:1786.773s step_avg:1206.46ms
step:1482/3300 train_loss:3.58740 train_time:1787.967s step_avg:1206.46ms
step:1483/3300 train_loss:3.57551 train_time:1789.195s step_avg:1206.47ms
step:1484/3300 train_loss:3.57680 train_time:1790.394s step_avg:1206.47ms
step:1485/3300 train_loss:3.56396 train_time:1791.589s step_avg:1206.46ms
step:1486/3300 train_loss:3.60230 train_time:1792.786s step_avg:1206.45ms
step:1487/3300 train_loss:3.64366 train_time:1793.989s step_avg:1206.45ms
step:1488/3300 train_loss:3.58511 train_time:1795.185s step_avg:1206.44ms
step:1489/3300 train_loss:3.57348 train_time:1796.384s step_avg:1206.44ms
step:1490/3300 train_loss:3.59731 train_time:1797.584s step_avg:1206.43ms
step:1491/3300 train_loss:3.57513 train_time:1798.781s step_avg:1206.43ms
step:1492/3300 train_loss:3.51304 train_time:1799.973s step_avg:1206.42ms
step:1493/3300 train_loss:3.64024 train_time:1801.167s step_avg:1206.41ms
step:1494/3300 train_loss:3.54808 train_time:1802.364s step_avg:1206.40ms
step:1495/3300 train_loss:3.52553 train_time:1803.580s step_avg:1206.41ms
step:1496/3300 train_loss:3.55602 train_time:1804.776s step_avg:1206.40ms
step:1497/3300 train_loss:3.60048 train_time:1805.976s step_avg:1206.40ms
step:1498/3300 train_loss:3.53053 train_time:1807.180s step_avg:1206.40ms
step:1499/3300 train_loss:3.56407 train_time:1808.370s step_avg:1206.38ms
step:1500/3300 train_loss:3.61131 train_time:1809.592s step_avg:1206.39ms
step:1500/3300 val_loss:3.57517 train_time:1809.592s step_avg:1204.61ms
step:1501/3300 train_loss:3.48148 train_time:1810.796s step_avg:1206.39ms
step:1502/3300 train_loss:3.53212 train_time:1811.992s step_avg:1206.39ms
step:1503/3300 train_loss:3.51756 train_time:1813.188s step_avg:1206.38ms
step:1504/3300 train_loss:3.55591 train_time:1814.377s step_avg:1206.37ms
step:1505/3300 train_loss:3.54814 train_time:1815.572s step_avg:1206.36ms
step:1506/3300 train_loss:3.57234 train_time:1816.773s step_avg:1206.36ms
step:1507/3300 train_loss:3.51634 train_time:1817.976s step_avg:1206.35ms
step:1508/3300 train_loss:3.58283 train_time:1819.177s step_avg:1206.35ms
step:1509/3300 train_loss:3.58679 train_time:1820.374s step_avg:1206.34ms
step:1510/3300 train_loss:3.55573 train_time:1821.577s step_avg:1206.34ms
step:1511/3300 train_loss:3.61775 train_time:1822.773s step_avg:1206.34ms
step:1512/3300 train_loss:3.56776 train_time:1823.974s step_avg:1206.33ms
step:1513/3300 train_loss:3.56868 train_time:1825.179s step_avg:1206.33ms
step:1514/3300 train_loss:3.64352 train_time:1826.418s step_avg:1206.35ms
step:1515/3300 train_loss:3.58071 train_time:1827.627s step_avg:1206.35ms
step:1516/3300 train_loss:3.63671 train_time:1828.863s step_avg:1206.37ms
step:1517/3300 train_loss:3.54824 train_time:1830.058s step_avg:1206.37ms
step:1518/3300 train_loss:3.58059 train_time:1831.261s step_avg:1206.36ms
step:1519/3300 train_loss:3.63010 train_time:1832.459s step_avg:1206.36ms
step:1520/3300 train_loss:3.50835 train_time:1833.655s step_avg:1206.35ms
step:1521/3300 train_loss:3.56493 train_time:1834.898s step_avg:1206.38ms
step:1522/3300 train_loss:3.55964 train_time:1836.102s step_avg:1206.37ms
step:1523/3300 train_loss:3.59599 train_time:1837.297s step_avg:1206.37ms
step:1524/3300 train_loss:3.60917 train_time:1838.491s step_avg:1206.36ms
step:1525/3300 train_loss:3.61730 train_time:1839.694s step_avg:1206.36ms
step:1526/3300 train_loss:3.60041 train_time:1840.891s step_avg:1206.35ms
step:1527/3300 train_loss:3.53596 train_time:1842.144s step_avg:1206.38ms
step:1528/3300 train_loss:3.63870 train_time:1843.342s step_avg:1206.38ms
step:1529/3300 train_loss:3.57020 train_time:1844.540s step_avg:1206.37ms
step:1530/3300 train_loss:3.56960 train_time:1845.734s step_avg:1206.36ms
step:1531/3300 train_loss:3.58073 train_time:1846.959s step_avg:1206.37ms
step:1532/3300 train_loss:3.62104 train_time:1848.153s step_avg:1206.37ms
step:1533/3300 train_loss:3.60725 train_time:1849.344s step_avg:1206.36ms
step:1534/3300 train_loss:3.57189 train_time:1850.539s step_avg:1206.35ms
step:1535/3300 train_loss:3.58083 train_time:1851.738s step_avg:1206.34ms
step:1536/3300 train_loss:3.54586 train_time:1852.936s step_avg:1206.34ms
step:1537/3300 train_loss:3.62997 train_time:1854.134s step_avg:1206.33ms
step:1538/3300 train_loss:3.58371 train_time:1855.333s step_avg:1206.33ms
step:1539/3300 train_loss:3.68362 train_time:1856.522s step_avg:1206.32ms
step:1540/3300 train_loss:3.53844 train_time:1857.745s step_avg:1206.33ms
step:1541/3300 train_loss:3.53938 train_time:1858.994s step_avg:1206.36ms
step:1542/3300 train_loss:3.55946 train_time:1860.199s step_avg:1206.35ms
step:1543/3300 train_loss:3.58037 train_time:1861.395s step_avg:1206.35ms
step:1544/3300 train_loss:3.54574 train_time:1862.597s step_avg:1206.35ms
step:1545/3300 train_loss:3.60345 train_time:1863.794s step_avg:1206.34ms
step:1546/3300 train_loss:3.58057 train_time:1864.993s step_avg:1206.33ms
step:1547/3300 train_loss:3.58402 train_time:1866.201s step_avg:1206.34ms
step:1548/3300 train_loss:3.60488 train_time:1867.396s step_avg:1206.33ms
step:1549/3300 train_loss:3.59651 train_time:1868.596s step_avg:1206.32ms
step:1550/3300 train_loss:3.59678 train_time:1869.849s step_avg:1206.35ms
step:1551/3300 train_loss:3.53950 train_time:1871.049s step_avg:1206.35ms
step:1552/3300 train_loss:3.59169 train_time:1872.252s step_avg:1206.35ms
step:1553/3300 train_loss:3.58863 train_time:1873.440s step_avg:1206.34ms
step:1554/3300 train_loss:3.57342 train_time:1874.635s step_avg:1206.33ms
step:1555/3300 train_loss:3.57896 train_time:1875.843s step_avg:1206.33ms
step:1556/3300 train_loss:3.60964 train_time:1877.043s step_avg:1206.33ms
step:1557/3300 train_loss:3.57429 train_time:1878.251s step_avg:1206.33ms
step:1558/3300 train_loss:3.45106 train_time:1879.445s step_avg:1206.32ms
step:1559/3300 train_loss:3.57006 train_time:1880.640s step_avg:1206.31ms
step:1560/3300 train_loss:3.56283 train_time:1881.838s step_avg:1206.31ms
step:1561/3300 train_loss:3.66078 train_time:1883.048s step_avg:1206.31ms
step:1562/3300 train_loss:3.59876 train_time:1884.245s step_avg:1206.30ms
step:1563/3300 train_loss:3.58207 train_time:1885.439s step_avg:1206.29ms
step:1564/3300 train_loss:3.49893 train_time:1886.641s step_avg:1206.29ms
step:1565/3300 train_loss:3.56051 train_time:1887.867s step_avg:1206.30ms
step:1566/3300 train_loss:3.56391 train_time:1889.068s step_avg:1206.30ms
step:1567/3300 train_loss:3.53896 train_time:1890.264s step_avg:1206.30ms
step:1568/3300 train_loss:3.56866 train_time:1891.471s step_avg:1206.30ms
step:1569/3300 train_loss:3.60528 train_time:1892.673s step_avg:1206.29ms
step:1570/3300 train_loss:3.53773 train_time:1893.869s step_avg:1206.29ms
step:1571/3300 train_loss:3.52182 train_time:1895.069s step_avg:1206.28ms
step:1572/3300 train_loss:3.54132 train_time:1896.284s step_avg:1206.29ms
step:1573/3300 train_loss:3.57108 train_time:1897.489s step_avg:1206.29ms
step:1574/3300 train_loss:3.55144 train_time:1898.690s step_avg:1206.28ms
step:1575/3300 train_loss:3.59862 train_time:1899.905s step_avg:1206.29ms
step:1576/3300 train_loss:3.62750 train_time:1901.121s step_avg:1206.30ms
step:1577/3300 train_loss:3.60010 train_time:1902.320s step_avg:1206.29ms
step:1578/3300 train_loss:3.59190 train_time:1903.522s step_avg:1206.29ms
step:1579/3300 train_loss:3.52683 train_time:1904.722s step_avg:1206.28ms
step:1580/3300 train_loss:3.47545 train_time:1905.926s step_avg:1206.28ms
step:1581/3300 train_loss:3.63853 train_time:1907.128s step_avg:1206.28ms
step:1582/3300 train_loss:3.53096 train_time:1908.337s step_avg:1206.28ms
step:1583/3300 train_loss:3.57059 train_time:1909.562s step_avg:1206.29ms
step:1584/3300 train_loss:3.54825 train_time:1910.766s step_avg:1206.29ms
step:1585/3300 train_loss:3.56897 train_time:1911.970s step_avg:1206.29ms
step:1586/3300 train_loss:3.51489 train_time:1913.166s step_avg:1206.28ms
step:1587/3300 train_loss:3.53468 train_time:1914.359s step_avg:1206.28ms
step:1588/3300 train_loss:3.54140 train_time:1915.546s step_avg:1206.26ms
step:1589/3300 train_loss:3.55663 train_time:1916.763s step_avg:1206.27ms
step:1590/3300 train_loss:3.55693 train_time:1917.963s step_avg:1206.27ms
step:1591/3300 train_loss:3.54120 train_time:1919.183s step_avg:1206.27ms
step:1592/3300 train_loss:3.52264 train_time:1920.383s step_avg:1206.27ms
step:1593/3300 train_loss:3.55200 train_time:1921.582s step_avg:1206.27ms
step:1594/3300 train_loss:3.57390 train_time:1922.786s step_avg:1206.26ms
step:1595/3300 train_loss:3.56348 train_time:1923.983s step_avg:1206.26ms
step:1596/3300 train_loss:3.49760 train_time:1925.183s step_avg:1206.26ms
step:1597/3300 train_loss:3.51769 train_time:1926.399s step_avg:1206.26ms
step:1598/3300 train_loss:3.68288 train_time:1927.589s step_avg:1206.25ms
step:1599/3300 train_loss:3.54745 train_time:1928.806s step_avg:1206.26ms
step:1600/3300 train_loss:3.53520 train_time:1930.016s step_avg:1206.26ms
step:1601/3300 train_loss:3.59587 train_time:1931.204s step_avg:1206.25ms
step:1602/3300 train_loss:3.59973 train_time:1932.414s step_avg:1206.25ms
step:1603/3300 train_loss:3.55232 train_time:1933.626s step_avg:1206.25ms
step:1604/3300 train_loss:3.51679 train_time:1934.822s step_avg:1206.25ms
step:1605/3300 train_loss:3.58021 train_time:1936.019s step_avg:1206.24ms
step:1606/3300 train_loss:3.61926 train_time:1937.207s step_avg:1206.23ms
step:1607/3300 train_loss:3.50330 train_time:1938.413s step_avg:1206.23ms
step:1608/3300 train_loss:3.50331 train_time:1939.608s step_avg:1206.22ms
step:1609/3300 train_loss:3.56828 train_time:1940.807s step_avg:1206.22ms
step:1610/3300 train_loss:3.60244 train_time:1942.010s step_avg:1206.22ms
step:1611/3300 train_loss:3.60235 train_time:1943.206s step_avg:1206.21ms
step:1612/3300 train_loss:3.56020 train_time:1944.405s step_avg:1206.21ms
step:1613/3300 train_loss:3.55208 train_time:1945.602s step_avg:1206.20ms
step:1614/3300 train_loss:3.68370 train_time:1946.799s step_avg:1206.19ms
step:1615/3300 train_loss:3.61624 train_time:1947.994s step_avg:1206.19ms
step:1616/3300 train_loss:3.57846 train_time:1949.203s step_avg:1206.19ms
step:1617/3300 train_loss:3.52035 train_time:1950.396s step_avg:1206.18ms
step:1618/3300 train_loss:3.58533 train_time:1951.591s step_avg:1206.17ms
step:1619/3300 train_loss:3.49041 train_time:1952.787s step_avg:1206.17ms
step:1620/3300 train_loss:3.63128 train_time:1953.981s step_avg:1206.16ms
step:1621/3300 train_loss:3.54218 train_time:1955.171s step_avg:1206.15ms
step:1622/3300 train_loss:3.53592 train_time:1956.377s step_avg:1206.15ms
step:1623/3300 train_loss:3.50051 train_time:1957.569s step_avg:1206.14ms
step:1624/3300 train_loss:3.56131 train_time:1958.764s step_avg:1206.14ms
step:1625/3300 train_loss:3.56400 train_time:1959.966s step_avg:1206.13ms
step:1625/3300 val_loss:3.55273 train_time:1959.966s step_avg:1202.99ms
step:1626/3300 train_loss:3.55979 train_time:1961.169s step_avg:1206.13ms
step:1627/3300 train_loss:3.56100 train_time:1962.354s step_avg:1206.12ms
step:1628/3300 train_loss:3.49978 train_time:1963.552s step_avg:1206.11ms
step:1629/3300 train_loss:3.58240 train_time:1964.765s step_avg:1206.12ms
step:1630/3300 train_loss:3.56901 train_time:1965.958s step_avg:1206.11ms
step:1631/3300 train_loss:3.49125 train_time:1967.160s step_avg:1206.11ms
step:1632/3300 train_loss:3.55555 train_time:1968.360s step_avg:1206.10ms
step:1633/3300 train_loss:3.60995 train_time:1969.575s step_avg:1206.11ms
step:1634/3300 train_loss:3.59382 train_time:1970.781s step_avg:1206.11ms
step:1635/3300 train_loss:3.55401 train_time:1971.984s step_avg:1206.11ms
step:1636/3300 train_loss:3.55688 train_time:1973.188s step_avg:1206.11ms
step:1637/3300 train_loss:3.63282 train_time:1974.382s step_avg:1206.10ms
step:1638/3300 train_loss:3.52740 train_time:1975.584s step_avg:1206.10ms
step:1639/3300 train_loss:3.56538 train_time:1976.782s step_avg:1206.09ms
step:1640/3300 train_loss:3.54014 train_time:1977.985s step_avg:1206.09ms
step:1641/3300 train_loss:3.53997 train_time:1979.183s step_avg:1206.08ms
step:1642/3300 train_loss:3.59000 train_time:1980.380s step_avg:1206.08ms
step:1643/3300 train_loss:3.54781 train_time:1981.575s step_avg:1206.07ms
step:1644/3300 train_loss:3.53106 train_time:1982.775s step_avg:1206.07ms
step:1645/3300 train_loss:3.53008 train_time:1983.982s step_avg:1206.07ms
step:1646/3300 train_loss:3.51638 train_time:1985.210s step_avg:1206.08ms
step:1647/3300 train_loss:3.58155 train_time:1986.400s step_avg:1206.07ms
step:1648/3300 train_loss:3.58787 train_time:1987.603s step_avg:1206.07ms
step:1649/3300 train_loss:3.58338 train_time:1988.836s step_avg:1206.09ms
step:1650/3300 train_loss:3.55399 train_time:1990.027s step_avg:1206.08ms
step:1651/3300 train_loss:3.55195 train_time:1991.221s step_avg:1206.07ms
step:1652/3300 train_loss:3.51945 train_time:1992.423s step_avg:1206.07ms
step:1653/3300 train_loss:3.54735 train_time:1993.639s step_avg:1206.07ms
step:1654/3300 train_loss:3.55599 train_time:1994.838s step_avg:1206.07ms
step:1655/3300 train_loss:3.54491 train_time:1996.047s step_avg:1206.07ms
step:1656/3300 train_loss:3.60236 train_time:1997.255s step_avg:1206.07ms
step:1657/3300 train_loss:3.54103 train_time:1998.454s step_avg:1206.07ms
step:1658/3300 train_loss:3.53815 train_time:1999.655s step_avg:1206.06ms
step:1659/3300 train_loss:3.56130 train_time:2000.860s step_avg:1206.06ms
step:1660/3300 train_loss:3.62525 train_time:2002.060s step_avg:1206.06ms
step:1661/3300 train_loss:3.53097 train_time:2003.266s step_avg:1206.06ms
step:1662/3300 train_loss:3.56225 train_time:2004.476s step_avg:1206.06ms
step:1663/3300 train_loss:3.58999 train_time:2005.672s step_avg:1206.06ms
step:1664/3300 train_loss:3.52189 train_time:2006.869s step_avg:1206.05ms
step:1665/3300 train_loss:3.54759 train_time:2008.079s step_avg:1206.05ms
step:1666/3300 train_loss:3.56586 train_time:2009.284s step_avg:1206.05ms
step:1667/3300 train_loss:3.58749 train_time:2010.479s step_avg:1206.05ms
step:1668/3300 train_loss:3.51822 train_time:2011.677s step_avg:1206.04ms
step:1669/3300 train_loss:3.59429 train_time:2012.875s step_avg:1206.04ms
step:1670/3300 train_loss:3.47943 train_time:2014.078s step_avg:1206.04ms
step:1671/3300 train_loss:3.85283 train_time:2015.275s step_avg:1206.03ms
step:1672/3300 train_loss:3.55845 train_time:2016.471s step_avg:1206.02ms
step:1673/3300 train_loss:3.53036 train_time:2017.674s step_avg:1206.02ms
step:1674/3300 train_loss:3.57800 train_time:2018.871s step_avg:1206.02ms
step:1675/3300 train_loss:3.53300 train_time:2020.079s step_avg:1206.02ms
step:1676/3300 train_loss:3.53863 train_time:2021.278s step_avg:1206.01ms
step:1677/3300 train_loss:3.63044 train_time:2022.475s step_avg:1206.01ms
step:1678/3300 train_loss:3.53692 train_time:2023.665s step_avg:1206.00ms
step:1679/3300 train_loss:3.49643 train_time:2024.868s step_avg:1206.00ms
step:1680/3300 train_loss:3.52414 train_time:2026.075s step_avg:1206.00ms
step:1681/3300 train_loss:3.51832 train_time:2027.267s step_avg:1205.99ms
step:1682/3300 train_loss:3.55432 train_time:2028.466s step_avg:1205.98ms
step:1683/3300 train_loss:3.51801 train_time:2029.675s step_avg:1205.99ms
step:1684/3300 train_loss:3.55266 train_time:2030.864s step_avg:1205.98ms
step:1685/3300 train_loss:3.54937 train_time:2032.060s step_avg:1205.97ms
step:1686/3300 train_loss:3.52092 train_time:2033.276s step_avg:1205.98ms
step:1687/3300 train_loss:3.54655 train_time:2034.475s step_avg:1205.97ms
step:1688/3300 train_loss:3.53988 train_time:2035.666s step_avg:1205.96ms
step:1689/3300 train_loss:3.50632 train_time:2036.874s step_avg:1205.96ms
step:1690/3300 train_loss:3.49692 train_time:2038.068s step_avg:1205.96ms
step:1691/3300 train_loss:3.48916 train_time:2039.264s step_avg:1205.95ms
step:1692/3300 train_loss:3.57085 train_time:2040.470s step_avg:1205.95ms
step:1693/3300 train_loss:3.50438 train_time:2041.666s step_avg:1205.95ms
step:1694/3300 train_loss:3.55384 train_time:2042.861s step_avg:1205.94ms
step:1695/3300 train_loss:3.58328 train_time:2044.074s step_avg:1205.94ms
step:1696/3300 train_loss:3.54306 train_time:2045.269s step_avg:1205.94ms
step:1697/3300 train_loss:3.54535 train_time:2046.485s step_avg:1205.94ms
step:1698/3300 train_loss:3.48597 train_time:2047.681s step_avg:1205.94ms
step:1699/3300 train_loss:3.55037 train_time:2048.889s step_avg:1205.94ms
step:1700/3300 train_loss:3.58776 train_time:2050.094s step_avg:1205.94ms
step:1701/3300 train_loss:3.57025 train_time:2051.286s step_avg:1205.93ms
step:1702/3300 train_loss:3.57269 train_time:2052.485s step_avg:1205.93ms
step:1703/3300 train_loss:3.51725 train_time:2053.720s step_avg:1205.94ms
step:1704/3300 train_loss:3.55524 train_time:2054.915s step_avg:1205.94ms
step:1705/3300 train_loss:3.53419 train_time:2056.119s step_avg:1205.93ms
step:1706/3300 train_loss:3.51427 train_time:2057.325s step_avg:1205.93ms
step:1707/3300 train_loss:3.52791 train_time:2058.524s step_avg:1205.93ms
step:1708/3300 train_loss:3.50760 train_time:2059.737s step_avg:1205.94ms
step:1709/3300 train_loss:3.77486 train_time:2060.927s step_avg:1205.93ms
step:1710/3300 train_loss:3.61386 train_time:2062.123s step_avg:1205.92ms
step:1711/3300 train_loss:3.51564 train_time:2063.415s step_avg:1205.97ms
step:1712/3300 train_loss:3.52621 train_time:2064.605s step_avg:1205.96ms
step:1713/3300 train_loss:3.58187 train_time:2065.850s step_avg:1205.98ms
step:1714/3300 train_loss:3.49840 train_time:2067.063s step_avg:1205.99ms
step:1715/3300 train_loss:3.57330 train_time:2068.269s step_avg:1205.99ms
step:1716/3300 train_loss:3.50958 train_time:2069.473s step_avg:1205.99ms
step:1717/3300 train_loss:3.52967 train_time:2070.679s step_avg:1205.99ms
step:1718/3300 train_loss:3.57204 train_time:2071.871s step_avg:1205.98ms
step:1719/3300 train_loss:3.57501 train_time:2073.073s step_avg:1205.98ms
step:1720/3300 train_loss:3.52261 train_time:2074.289s step_avg:1205.98ms
step:1721/3300 train_loss:3.55817 train_time:2075.500s step_avg:1205.98ms
step:1722/3300 train_loss:3.56229 train_time:2076.712s step_avg:1205.99ms
step:1723/3300 train_loss:3.55421 train_time:2077.912s step_avg:1205.99ms
step:1724/3300 train_loss:3.52573 train_time:2079.165s step_avg:1206.01ms
step:1725/3300 train_loss:3.55385 train_time:2080.366s step_avg:1206.01ms
step:1726/3300 train_loss:3.52091 train_time:2081.566s step_avg:1206.01ms
step:1727/3300 train_loss:3.50877 train_time:2082.762s step_avg:1206.00ms
step:1728/3300 train_loss:3.50563 train_time:2083.966s step_avg:1206.00ms
step:1729/3300 train_loss:3.57202 train_time:2085.175s step_avg:1206.00ms
step:1730/3300 train_loss:3.63079 train_time:2086.374s step_avg:1206.00ms
step:1731/3300 train_loss:3.53081 train_time:2087.575s step_avg:1205.99ms
step:1732/3300 train_loss:3.55315 train_time:2088.771s step_avg:1205.99ms
step:1733/3300 train_loss:3.48103 train_time:2090.030s step_avg:1206.02ms
step:1734/3300 train_loss:3.64755 train_time:2091.226s step_avg:1206.01ms
step:1735/3300 train_loss:3.55511 train_time:2092.421s step_avg:1206.01ms
step:1736/3300 train_loss:3.62908 train_time:2093.627s step_avg:1206.01ms
step:1737/3300 train_loss:3.62357 train_time:2094.843s step_avg:1206.01ms
step:1738/3300 train_loss:3.49601 train_time:2096.044s step_avg:1206.01ms
step:1739/3300 train_loss:3.51522 train_time:2097.242s step_avg:1206.00ms
step:1740/3300 train_loss:3.50257 train_time:2098.447s step_avg:1206.00ms
step:1741/3300 train_loss:3.49811 train_time:2099.654s step_avg:1206.00ms
step:1742/3300 train_loss:3.54785 train_time:2100.858s step_avg:1206.00ms
step:1743/3300 train_loss:3.48381 train_time:2102.050s step_avg:1206.00ms
step:1744/3300 train_loss:3.49429 train_time:2103.250s step_avg:1205.99ms
step:1745/3300 train_loss:3.55357 train_time:2104.465s step_avg:1206.00ms
step:1746/3300 train_loss:3.56290 train_time:2105.671s step_avg:1206.00ms
step:1747/3300 train_loss:3.53066 train_time:2106.871s step_avg:1205.99ms
step:1748/3300 train_loss:3.58531 train_time:2108.074s step_avg:1205.99ms
step:1749/3300 train_loss:3.54053 train_time:2109.268s step_avg:1205.98ms
step:1750/3300 train_loss:3.53032 train_time:2110.478s step_avg:1205.99ms
step:1750/3300 val_loss:3.52687 train_time:2110.478s step_avg:1204.10ms
step:1751/3300 train_loss:3.57464 train_time:2111.689s step_avg:1205.99ms
step:1752/3300 train_loss:3.56531 train_time:2112.886s step_avg:1205.99ms
step:1753/3300 train_loss:3.50518 train_time:2114.085s step_avg:1205.98ms
step:1754/3300 train_loss:3.53982 train_time:2115.275s step_avg:1205.97ms
step:1755/3300 train_loss:3.54428 train_time:2116.473s step_avg:1205.97ms
step:1756/3300 train_loss:3.51044 train_time:2117.682s step_avg:1205.97ms
step:1757/3300 train_loss:3.51863 train_time:2118.878s step_avg:1205.96ms
step:1758/3300 train_loss:3.65285 train_time:2120.080s step_avg:1205.96ms
step:1759/3300 train_loss:3.64272 train_time:2121.295s step_avg:1205.97ms
step:1760/3300 train_loss:3.58748 train_time:2122.495s step_avg:1205.96ms
step:1761/3300 train_loss:3.53276 train_time:2123.693s step_avg:1205.96ms
step:1762/3300 train_loss:3.53419 train_time:2124.886s step_avg:1205.95ms
step:1763/3300 train_loss:3.50019 train_time:2126.074s step_avg:1205.94ms
step:1764/3300 train_loss:3.52392 train_time:2127.271s step_avg:1205.94ms
step:1765/3300 train_loss:3.52620 train_time:2128.468s step_avg:1205.93ms
step:1766/3300 train_loss:3.49525 train_time:2129.672s step_avg:1205.93ms
step:1767/3300 train_loss:3.60866 train_time:2130.868s step_avg:1205.92ms
step:1768/3300 train_loss:3.54243 train_time:2132.067s step_avg:1205.92ms
step:1769/3300 train_loss:3.64828 train_time:2133.271s step_avg:1205.92ms
step:1770/3300 train_loss:3.53781 train_time:2134.471s step_avg:1205.92ms
step:1771/3300 train_loss:3.54557 train_time:2135.680s step_avg:1205.92ms
step:1772/3300 train_loss:3.49631 train_time:2136.881s step_avg:1205.91ms
step:1773/3300 train_loss:3.56592 train_time:2138.108s step_avg:1205.93ms
step:1774/3300 train_loss:3.55034 train_time:2139.323s step_avg:1205.93ms
step:1775/3300 train_loss:3.56221 train_time:2140.511s step_avg:1205.92ms
step:1776/3300 train_loss:3.56820 train_time:2141.737s step_avg:1205.93ms
step:1777/3300 train_loss:3.56971 train_time:2142.938s step_avg:1205.93ms
step:1778/3300 train_loss:3.56937 train_time:2144.137s step_avg:1205.93ms
step:1779/3300 train_loss:3.59106 train_time:2145.330s step_avg:1205.92ms
step:1780/3300 train_loss:3.52055 train_time:2146.534s step_avg:1205.92ms
step:1781/3300 train_loss:3.49985 train_time:2147.735s step_avg:1205.91ms
step:1782/3300 train_loss:3.52672 train_time:2148.936s step_avg:1205.91ms
step:1783/3300 train_loss:3.55822 train_time:2150.130s step_avg:1205.91ms
step:1784/3300 train_loss:3.45469 train_time:2151.389s step_avg:1205.94ms
step:1785/3300 train_loss:3.56308 train_time:2152.606s step_avg:1205.94ms
step:1786/3300 train_loss:3.55718 train_time:2153.799s step_avg:1205.93ms
step:1787/3300 train_loss:3.60203 train_time:2155.000s step_avg:1205.93ms
step:1788/3300 train_loss:3.49358 train_time:2156.203s step_avg:1205.93ms
step:1789/3300 train_loss:3.56010 train_time:2157.402s step_avg:1205.93ms
step:1790/3300 train_loss:3.47884 train_time:2158.600s step_avg:1205.92ms
step:1791/3300 train_loss:3.52324 train_time:2159.823s step_avg:1205.93ms
step:1792/3300 train_loss:3.53763 train_time:2161.025s step_avg:1205.93ms
step:1793/3300 train_loss:3.48407 train_time:2162.288s step_avg:1205.96ms
step:1794/3300 train_loss:3.55992 train_time:2163.488s step_avg:1205.96ms
step:1795/3300 train_loss:3.58648 train_time:2164.696s step_avg:1205.96ms
step:1796/3300 train_loss:3.58238 train_time:2165.904s step_avg:1205.96ms
step:1797/3300 train_loss:3.55688 train_time:2167.103s step_avg:1205.96ms
step:1798/3300 train_loss:3.56588 train_time:2168.332s step_avg:1205.97ms
step:1799/3300 train_loss:3.58420 train_time:2169.559s step_avg:1205.98ms
step:1800/3300 train_loss:3.50987 train_time:2170.760s step_avg:1205.98ms
step:1801/3300 train_loss:3.55318 train_time:2171.959s step_avg:1205.97ms
step:1802/3300 train_loss:3.49807 train_time:2173.163s step_avg:1205.97ms
step:1803/3300 train_loss:3.55549 train_time:2174.359s step_avg:1205.97ms
step:1804/3300 train_loss:3.51595 train_time:2175.567s step_avg:1205.97ms
step:1805/3300 train_loss:3.53188 train_time:2176.758s step_avg:1205.96ms
step:1806/3300 train_loss:3.54311 train_time:2177.963s step_avg:1205.96ms
step:1807/3300 train_loss:3.50894 train_time:2179.169s step_avg:1205.96ms
step:1808/3300 train_loss:3.56504 train_time:2180.448s step_avg:1206.00ms
step:1809/3300 train_loss:3.58842 train_time:2181.687s step_avg:1206.02ms
step:1810/3300 train_loss:3.53675 train_time:2182.884s step_avg:1206.01ms
step:1811/3300 train_loss:3.50034 train_time:2184.078s step_avg:1206.01ms
step:1812/3300 train_loss:3.51044 train_time:2185.275s step_avg:1206.00ms
step:1813/3300 train_loss:3.54141 train_time:2186.490s step_avg:1206.01ms
step:1814/3300 train_loss:3.49924 train_time:2187.683s step_avg:1206.00ms
step:1815/3300 train_loss:3.56159 train_time:2188.901s step_avg:1206.01ms
step:1816/3300 train_loss:3.51369 train_time:2190.094s step_avg:1206.00ms
step:1817/3300 train_loss:3.49964 train_time:2191.299s step_avg:1206.00ms
step:1818/3300 train_loss:3.50556 train_time:2192.496s step_avg:1205.99ms
step:1819/3300 train_loss:3.53426 train_time:2193.695s step_avg:1205.99ms
step:1820/3300 train_loss:3.49527 train_time:2194.913s step_avg:1206.00ms
step:1821/3300 train_loss:3.52610 train_time:2196.173s step_avg:1206.03ms
step:1822/3300 train_loss:3.48735 train_time:2197.382s step_avg:1206.03ms
step:1823/3300 train_loss:3.54312 train_time:2198.580s step_avg:1206.02ms
step:1824/3300 train_loss:3.56035 train_time:2199.784s step_avg:1206.02ms
step:1825/3300 train_loss:3.65986 train_time:2201.035s step_avg:1206.05ms
step:1826/3300 train_loss:3.50379 train_time:2202.248s step_avg:1206.05ms
step:1827/3300 train_loss:3.49208 train_time:2203.441s step_avg:1206.04ms
step:1828/3300 train_loss:3.56254 train_time:2204.641s step_avg:1206.04ms
step:1829/3300 train_loss:3.49237 train_time:2205.911s step_avg:1206.07ms
step:1830/3300 train_loss:3.52471 train_time:2207.121s step_avg:1206.08ms
step:1831/3300 train_loss:3.48805 train_time:2208.323s step_avg:1206.07ms
step:1832/3300 train_loss:3.51157 train_time:2209.524s step_avg:1206.07ms
step:1833/3300 train_loss:3.57028 train_time:2210.746s step_avg:1206.08ms
step:1834/3300 train_loss:3.52936 train_time:2211.953s step_avg:1206.08ms
step:1835/3300 train_loss:3.57931 train_time:2213.147s step_avg:1206.07ms
step:1836/3300 train_loss:3.50996 train_time:2214.344s step_avg:1206.07ms
step:1837/3300 train_loss:3.50418 train_time:2215.560s step_avg:1206.08ms
step:1838/3300 train_loss:3.47763 train_time:2216.770s step_avg:1206.08ms
step:1839/3300 train_loss:3.53299 train_time:2218.027s step_avg:1206.10ms
step:1840/3300 train_loss:3.49832 train_time:2219.239s step_avg:1206.11ms
step:1841/3300 train_loss:3.59584 train_time:2220.437s step_avg:1206.10ms
step:1842/3300 train_loss:3.52309 train_time:2221.642s step_avg:1206.10ms
step:1843/3300 train_loss:3.47891 train_time:2222.842s step_avg:1206.10ms
step:1844/3300 train_loss:3.47928 train_time:2224.036s step_avg:1206.09ms
step:1845/3300 train_loss:3.49995 train_time:2225.233s step_avg:1206.09ms
step:1846/3300 train_loss:3.52495 train_time:2226.462s step_avg:1206.10ms
step:1847/3300 train_loss:3.52461 train_time:2227.670s step_avg:1206.10ms
step:1848/3300 train_loss:3.51879 train_time:2228.866s step_avg:1206.10ms
step:1849/3300 train_loss:3.55070 train_time:2230.064s step_avg:1206.09ms
step:1850/3300 train_loss:3.49599 train_time:2231.267s step_avg:1206.09ms
step:1851/3300 train_loss:3.52577 train_time:2232.465s step_avg:1206.09ms
step:1852/3300 train_loss:3.50141 train_time:2233.666s step_avg:1206.08ms
step:1853/3300 train_loss:3.55864 train_time:2234.862s step_avg:1206.08ms
step:1854/3300 train_loss:3.50546 train_time:2236.064s step_avg:1206.08ms
step:1855/3300 train_loss:3.48295 train_time:2237.272s step_avg:1206.08ms
step:1856/3300 train_loss:3.51078 train_time:2238.490s step_avg:1206.08ms
step:1857/3300 train_loss:3.53981 train_time:2239.695s step_avg:1206.08ms
step:1858/3300 train_loss:3.55694 train_time:2240.887s step_avg:1206.07ms
step:1859/3300 train_loss:3.51439 train_time:2242.090s step_avg:1206.07ms
step:1860/3300 train_loss:3.46017 train_time:2243.284s step_avg:1206.07ms
step:1861/3300 train_loss:3.50914 train_time:2244.482s step_avg:1206.06ms
step:1862/3300 train_loss:3.54329 train_time:2245.691s step_avg:1206.06ms
step:1863/3300 train_loss:3.58073 train_time:2246.911s step_avg:1206.07ms
step:1864/3300 train_loss:3.54566 train_time:2248.108s step_avg:1206.07ms
step:1865/3300 train_loss:3.47679 train_time:2249.307s step_avg:1206.06ms
step:1866/3300 train_loss:3.49832 train_time:2250.512s step_avg:1206.06ms
step:1867/3300 train_loss:3.51987 train_time:2251.701s step_avg:1206.05ms
step:1868/3300 train_loss:3.60152 train_time:2252.901s step_avg:1206.05ms
step:1869/3300 train_loss:3.46557 train_time:2254.099s step_avg:1206.05ms
step:1870/3300 train_loss:3.51903 train_time:2255.300s step_avg:1206.04ms
step:1871/3300 train_loss:3.55281 train_time:2256.531s step_avg:1206.06ms
step:1872/3300 train_loss:3.48872 train_time:2257.722s step_avg:1206.05ms
step:1873/3300 train_loss:3.52241 train_time:2258.921s step_avg:1206.04ms
step:1874/3300 train_loss:3.50298 train_time:2260.120s step_avg:1206.04ms
step:1875/3300 train_loss:3.57824 train_time:2261.372s step_avg:1206.07ms
step:1875/3300 val_loss:3.50132 train_time:2261.372s step_avg:1207.15ms
step:1876/3300 train_loss:3.54370 train_time:2262.580s step_avg:1206.07ms
step:1877/3300 train_loss:3.56367 train_time:2263.812s step_avg:1206.08ms
step:1878/3300 train_loss:3.59922 train_time:2265.019s step_avg:1206.08ms
step:1879/3300 train_loss:3.59885 train_time:2266.215s step_avg:1206.08ms
step:1880/3300 train_loss:3.49943 train_time:2267.416s step_avg:1206.07ms
step:1881/3300 train_loss:3.43531 train_time:2268.623s step_avg:1206.07ms
step:1882/3300 train_loss:3.51586 train_time:2269.821s step_avg:1206.07ms
step:1883/3300 train_loss:3.47773 train_time:2271.027s step_avg:1206.07ms
step:1884/3300 train_loss:3.51459 train_time:2272.227s step_avg:1206.07ms
step:1885/3300 train_loss:3.51005 train_time:2273.433s step_avg:1206.07ms
step:1886/3300 train_loss:3.46525 train_time:2274.638s step_avg:1206.06ms
step:1887/3300 train_loss:3.50684 train_time:2275.835s step_avg:1206.06ms
step:1888/3300 train_loss:3.46809 train_time:2277.033s step_avg:1206.06ms
step:1889/3300 train_loss:3.50022 train_time:2278.234s step_avg:1206.05ms
step:1890/3300 train_loss:3.52429 train_time:2279.440s step_avg:1206.05ms
step:1891/3300 train_loss:3.54447 train_time:2280.686s step_avg:1206.07ms
step:1892/3300 train_loss:3.45023 train_time:2281.883s step_avg:1206.07ms
step:1893/3300 train_loss:3.52379 train_time:2283.090s step_avg:1206.07ms
step:1894/3300 train_loss:3.51224 train_time:2284.315s step_avg:1206.08ms
step:1895/3300 train_loss:3.46650 train_time:2285.523s step_avg:1206.08ms
step:1896/3300 train_loss:3.56465 train_time:2286.715s step_avg:1206.07ms
step:1897/3300 train_loss:3.55344 train_time:2287.918s step_avg:1206.07ms
step:1898/3300 train_loss:3.46642 train_time:2289.118s step_avg:1206.07ms
step:1899/3300 train_loss:3.46226 train_time:2290.327s step_avg:1206.07ms
step:1900/3300 train_loss:3.48513 train_time:2291.517s step_avg:1206.06ms
step:1901/3300 train_loss:3.44501 train_time:2292.739s step_avg:1206.07ms
step:1902/3300 train_loss:3.52480 train_time:2293.951s step_avg:1206.07ms
step:1903/3300 train_loss:3.54771 train_time:2295.153s step_avg:1206.07ms
step:1904/3300 train_loss:3.50123 train_time:2296.352s step_avg:1206.07ms
step:1905/3300 train_loss:3.48491 train_time:2297.550s step_avg:1206.06ms
step:1906/3300 train_loss:3.52916 train_time:2298.748s step_avg:1206.06ms
step:1907/3300 train_loss:3.49021 train_time:2299.943s step_avg:1206.05ms
step:1908/3300 train_loss:3.50549 train_time:2301.180s step_avg:1206.07ms
step:1909/3300 train_loss:3.45299 train_time:2302.380s step_avg:1206.07ms
step:1910/3300 train_loss:3.53894 train_time:2303.599s step_avg:1206.07ms
step:1911/3300 train_loss:3.51691 train_time:2304.808s step_avg:1206.07ms
step:1912/3300 train_loss:3.43327 train_time:2305.999s step_avg:1206.07ms
step:1913/3300 train_loss:3.54567 train_time:2307.196s step_avg:1206.06ms
step:1914/3300 train_loss:3.63747 train_time:2308.407s step_avg:1206.06ms
step:1915/3300 train_loss:3.46796 train_time:2309.622s step_avg:1206.07ms
step:1916/3300 train_loss:3.44765 train_time:2310.832s step_avg:1206.07ms
step:1917/3300 train_loss:3.54412 train_time:2312.038s step_avg:1206.07ms
step:1918/3300 train_loss:3.53761 train_time:2313.248s step_avg:1206.07ms
step:1919/3300 train_loss:3.53364 train_time:2314.438s step_avg:1206.06ms
step:1920/3300 train_loss:3.47063 train_time:2315.636s step_avg:1206.06ms
step:1921/3300 train_loss:3.51161 train_time:2316.837s step_avg:1206.06ms
step:1922/3300 train_loss:3.45994 train_time:2318.040s step_avg:1206.06ms
step:1923/3300 train_loss:3.50170 train_time:2319.246s step_avg:1206.06ms
step:1924/3300 train_loss:3.53969 train_time:2320.446s step_avg:1206.05ms
step:1925/3300 train_loss:3.47422 train_time:2321.683s step_avg:1206.07ms
step:1926/3300 train_loss:3.49586 train_time:2322.881s step_avg:1206.07ms
step:1927/3300 train_loss:3.52067 train_time:2324.080s step_avg:1206.06ms
step:1928/3300 train_loss:3.57312 train_time:2325.328s step_avg:1206.08ms
step:1929/3300 train_loss:3.51030 train_time:2326.517s step_avg:1206.07ms
step:1930/3300 train_loss:3.52487 train_time:2327.713s step_avg:1206.07ms
step:1931/3300 train_loss:3.42284 train_time:2328.920s step_avg:1206.07ms
step:1932/3300 train_loss:3.84000 train_time:2330.131s step_avg:1206.07ms
step:1933/3300 train_loss:3.54118 train_time:2331.352s step_avg:1206.08ms
step:1934/3300 train_loss:3.51361 train_time:2332.559s step_avg:1206.08ms
step:1935/3300 train_loss:3.54534 train_time:2333.762s step_avg:1206.08ms
step:1936/3300 train_loss:3.51335 train_time:2334.973s step_avg:1206.08ms
step:1937/3300 train_loss:3.53661 train_time:2336.177s step_avg:1206.08ms
step:1938/3300 train_loss:3.46385 train_time:2337.376s step_avg:1206.08ms
step:1939/3300 train_loss:3.47397 train_time:2338.577s step_avg:1206.07ms
step:1940/3300 train_loss:3.53231 train_time:2339.805s step_avg:1206.09ms
step:1941/3300 train_loss:3.51527 train_time:2341.005s step_avg:1206.08ms
step:1942/3300 train_loss:3.43360 train_time:2342.212s step_avg:1206.08ms
step:1943/3300 train_loss:3.56388 train_time:2343.404s step_avg:1206.08ms
step:1944/3300 train_loss:3.44716 train_time:2344.603s step_avg:1206.07ms
step:1945/3300 train_loss:3.53376 train_time:2345.803s step_avg:1206.07ms
step:1946/3300 train_loss:3.52570 train_time:2347.002s step_avg:1206.06ms
step:1947/3300 train_loss:3.46475 train_time:2348.203s step_avg:1206.06ms
step:1948/3300 train_loss:3.51442 train_time:2349.407s step_avg:1206.06ms
step:1949/3300 train_loss:3.43138 train_time:2350.604s step_avg:1206.06ms
step:1950/3300 train_loss:3.56023 train_time:2351.799s step_avg:1206.05ms
step:1951/3300 train_loss:3.53034 train_time:2353.030s step_avg:1206.06ms
step:1952/3300 train_loss:3.58570 train_time:2354.223s step_avg:1206.06ms
step:1953/3300 train_loss:3.45276 train_time:2355.438s step_avg:1206.06ms
step:1954/3300 train_loss:3.49665 train_time:2356.636s step_avg:1206.06ms
step:1955/3300 train_loss:3.51546 train_time:2357.835s step_avg:1206.05ms
step:1956/3300 train_loss:3.47736 train_time:2359.051s step_avg:1206.06ms
step:1957/3300 train_loss:3.49895 train_time:2360.254s step_avg:1206.06ms
step:1958/3300 train_loss:3.52722 train_time:2361.468s step_avg:1206.06ms
step:1959/3300 train_loss:3.58226 train_time:2362.666s step_avg:1206.06ms
step:1960/3300 train_loss:3.45876 train_time:2363.874s step_avg:1206.06ms
step:1961/3300 train_loss:3.51793 train_time:2365.077s step_avg:1206.06ms
step:1962/3300 train_loss:3.46849 train_time:2366.275s step_avg:1206.05ms
step:1963/3300 train_loss:3.49838 train_time:2367.474s step_avg:1206.05ms
step:1964/3300 train_loss:3.49351 train_time:2368.682s step_avg:1206.05ms
step:1965/3300 train_loss:3.49499 train_time:2369.885s step_avg:1206.05ms
step:1966/3300 train_loss:3.55667 train_time:2371.085s step_avg:1206.05ms
step:1967/3300 train_loss:3.45207 train_time:2372.286s step_avg:1206.04ms
step:1968/3300 train_loss:3.50743 train_time:2373.496s step_avg:1206.04ms
step:1969/3300 train_loss:3.45949 train_time:2374.701s step_avg:1206.04ms
step:1970/3300 train_loss:3.49156 train_time:2375.896s step_avg:1206.04ms
step:1971/3300 train_loss:3.51127 train_time:2377.094s step_avg:1206.03ms
step:1972/3300 train_loss:3.46736 train_time:2378.306s step_avg:1206.04ms
step:1973/3300 train_loss:3.45601 train_time:2379.509s step_avg:1206.04ms
step:1974/3300 train_loss:3.46885 train_time:2380.705s step_avg:1206.03ms
step:1975/3300 train_loss:3.48837 train_time:2381.901s step_avg:1206.03ms
step:1976/3300 train_loss:3.49852 train_time:2383.103s step_avg:1206.02ms
step:1977/3300 train_loss:3.53609 train_time:2384.308s step_avg:1206.02ms
step:1978/3300 train_loss:3.53439 train_time:2385.543s step_avg:1206.04ms
step:1979/3300 train_loss:3.51595 train_time:2386.738s step_avg:1206.03ms
step:1980/3300 train_loss:3.51496 train_time:2387.950s step_avg:1206.04ms
step:1981/3300 train_loss:3.47479 train_time:2389.173s step_avg:1206.04ms
step:1982/3300 train_loss:3.49466 train_time:2390.367s step_avg:1206.04ms
step:1983/3300 train_loss:3.63851 train_time:2391.605s step_avg:1206.05ms
step:1984/3300 train_loss:3.44756 train_time:2392.802s step_avg:1206.05ms
step:1985/3300 train_loss:3.46835 train_time:2394.005s step_avg:1206.05ms
step:1986/3300 train_loss:3.46915 train_time:2395.231s step_avg:1206.06ms
step:1987/3300 train_loss:3.47899 train_time:2396.428s step_avg:1206.05ms
step:1988/3300 train_loss:3.50067 train_time:2397.621s step_avg:1206.05ms
step:1989/3300 train_loss:3.46995 train_time:2398.879s step_avg:1206.07ms
step:1990/3300 train_loss:3.50752 train_time:2400.094s step_avg:1206.08ms
step:1991/3300 train_loss:3.48668 train_time:2401.297s step_avg:1206.08ms
step:1992/3300 train_loss:3.47428 train_time:2402.488s step_avg:1206.07ms
step:1993/3300 train_loss:3.57203 train_time:2403.687s step_avg:1206.06ms
step:1994/3300 train_loss:3.49818 train_time:2404.946s step_avg:1206.09ms
step:1995/3300 train_loss:3.48787 train_time:2406.148s step_avg:1206.09ms
step:1996/3300 train_loss:3.54926 train_time:2407.349s step_avg:1206.09ms
step:1997/3300 train_loss:3.60952 train_time:2408.547s step_avg:1206.08ms
step:1998/3300 train_loss:3.49573 train_time:2409.747s step_avg:1206.08ms
step:1999/3300 train_loss:3.55483 train_time:2410.940s step_avg:1206.07ms
step:2000/3300 train_loss:3.46387 train_time:2412.150s step_avg:1206.08ms
step:2000/3300 val_loss:3.47775 train_time:2412.150s step_avg:1206.22ms
step:2001/3300 train_loss:3.52355 train_time:2413.343s step_avg:1206.07ms
step:2002/3300 train_loss:3.49467 train_time:2414.541s step_avg:1206.06ms
step:2003/3300 train_loss:3.47765 train_time:2415.743s step_avg:1206.06ms
step:2004/3300 train_loss:3.62679 train_time:2416.939s step_avg:1206.06ms
step:2005/3300 train_loss:3.46315 train_time:2418.151s step_avg:1206.06ms
step:2006/3300 train_loss:3.49333 train_time:2419.351s step_avg:1206.06ms
step:2007/3300 train_loss:3.49334 train_time:2420.547s step_avg:1206.05ms
step:2008/3300 train_loss:3.42770 train_time:2421.748s step_avg:1206.05ms
step:2009/3300 train_loss:3.50692 train_time:2422.967s step_avg:1206.06ms
step:2010/3300 train_loss:3.50045 train_time:2424.170s step_avg:1206.05ms
step:2011/3300 train_loss:3.50519 train_time:2425.382s step_avg:1206.06ms
step:2012/3300 train_loss:3.47107 train_time:2426.593s step_avg:1206.06ms
step:2013/3300 train_loss:3.49340 train_time:2427.799s step_avg:1206.06ms
step:2014/3300 train_loss:3.49998 train_time:2428.995s step_avg:1206.05ms
step:2015/3300 train_loss:3.44499 train_time:2430.193s step_avg:1206.05ms
step:2016/3300 train_loss:3.52662 train_time:2431.404s step_avg:1206.05ms
step:2017/3300 train_loss:3.47235 train_time:2432.605s step_avg:1206.05ms
step:2018/3300 train_loss:3.54733 train_time:2433.805s step_avg:1206.05ms
step:2019/3300 train_loss:3.50568 train_time:2435.002s step_avg:1206.04ms
step:2020/3300 train_loss:3.42555 train_time:2436.206s step_avg:1206.04ms
step:2021/3300 train_loss:3.49724 train_time:2437.452s step_avg:1206.06ms
step:2022/3300 train_loss:3.40177 train_time:2438.648s step_avg:1206.06ms
step:2023/3300 train_loss:3.45124 train_time:2439.875s step_avg:1206.07ms
step:2024/3300 train_loss:3.47815 train_time:2441.084s step_avg:1206.07ms
step:2025/3300 train_loss:3.40615 train_time:2442.282s step_avg:1206.07ms
step:2026/3300 train_loss:3.48538 train_time:2443.478s step_avg:1206.06ms
step:2027/3300 train_loss:3.44532 train_time:2444.675s step_avg:1206.06ms
step:2028/3300 train_loss:3.47705 train_time:2445.892s step_avg:1206.06ms
step:2029/3300 train_loss:3.48831 train_time:2447.097s step_avg:1206.06ms
step:2030/3300 train_loss:3.49516 train_time:2448.298s step_avg:1206.06ms
step:2031/3300 train_loss:3.48422 train_time:2449.503s step_avg:1206.06ms
step:2032/3300 train_loss:3.48747 train_time:2450.698s step_avg:1206.05ms
step:2033/3300 train_loss:3.45367 train_time:2451.899s step_avg:1206.05ms
step:2034/3300 train_loss:3.49548 train_time:2453.116s step_avg:1206.06ms
step:2035/3300 train_loss:3.50022 train_time:2454.315s step_avg:1206.05ms
step:2036/3300 train_loss:3.44539 train_time:2455.532s step_avg:1206.06ms
step:2037/3300 train_loss:3.54143 train_time:2456.738s step_avg:1206.06ms
step:2038/3300 train_loss:3.47845 train_time:2457.963s step_avg:1206.07ms
step:2039/3300 train_loss:3.46183 train_time:2459.158s step_avg:1206.06ms
step:2040/3300 train_loss:3.48622 train_time:2460.359s step_avg:1206.06ms
step:2041/3300 train_loss:3.48109 train_time:2461.585s step_avg:1206.07ms
step:2042/3300 train_loss:3.47880 train_time:2462.799s step_avg:1206.07ms
step:2043/3300 train_loss:3.45413 train_time:2463.998s step_avg:1206.07ms
step:2044/3300 train_loss:3.49243 train_time:2465.196s step_avg:1206.06ms
step:2045/3300 train_loss:3.42121 train_time:2466.414s step_avg:1206.07ms
step:2046/3300 train_loss:3.50120 train_time:2467.630s step_avg:1206.08ms
step:2047/3300 train_loss:3.49137 train_time:2468.852s step_avg:1206.08ms
step:2048/3300 train_loss:3.48135 train_time:2470.053s step_avg:1206.08ms
step:2049/3300 train_loss:3.44203 train_time:2471.272s step_avg:1206.09ms
step:2050/3300 train_loss:3.52406 train_time:2472.469s step_avg:1206.08ms
step:2051/3300 train_loss:3.52338 train_time:2473.656s step_avg:1206.07ms
step:2052/3300 train_loss:3.47607 train_time:2474.851s step_avg:1206.07ms
step:2053/3300 train_loss:3.57644 train_time:2476.052s step_avg:1206.07ms
step:2054/3300 train_loss:3.48195 train_time:2477.257s step_avg:1206.06ms
step:2055/3300 train_loss:3.44325 train_time:2478.458s step_avg:1206.06ms
step:2056/3300 train_loss:3.49605 train_time:2479.662s step_avg:1206.06ms
step:2057/3300 train_loss:3.40360 train_time:2480.863s step_avg:1206.06ms
step:2058/3300 train_loss:3.50942 train_time:2482.070s step_avg:1206.06ms
step:2059/3300 train_loss:3.51653 train_time:2483.272s step_avg:1206.06ms
step:2060/3300 train_loss:3.37570 train_time:2484.480s step_avg:1206.06ms
step:2061/3300 train_loss:3.44123 train_time:2485.717s step_avg:1206.07ms
step:2062/3300 train_loss:3.48794 train_time:2486.923s step_avg:1206.07ms
step:2063/3300 train_loss:3.49292 train_time:2488.162s step_avg:1206.09ms
step:2064/3300 train_loss:3.48333 train_time:2489.374s step_avg:1206.09ms
step:2065/3300 train_loss:3.49553 train_time:2490.584s step_avg:1206.09ms
step:2066/3300 train_loss:3.45616 train_time:2491.784s step_avg:1206.09ms
step:2067/3300 train_loss:3.48632 train_time:2492.980s step_avg:1206.09ms
step:2068/3300 train_loss:3.46261 train_time:2494.180s step_avg:1206.08ms
step:2069/3300 train_loss:3.55613 train_time:2495.383s step_avg:1206.08ms
step:2070/3300 train_loss:3.50593 train_time:2496.579s step_avg:1206.08ms
step:2071/3300 train_loss:3.50891 train_time:2497.797s step_avg:1206.08ms
step:2072/3300 train_loss:3.48293 train_time:2499.014s step_avg:1206.09ms
step:2073/3300 train_loss:3.55317 train_time:2500.220s step_avg:1206.09ms
step:2074/3300 train_loss:3.51416 train_time:2501.436s step_avg:1206.09ms
step:2075/3300 train_loss:3.52143 train_time:2502.647s step_avg:1206.09ms
step:2076/3300 train_loss:3.49223 train_time:2503.838s step_avg:1206.09ms
step:2077/3300 train_loss:3.47382 train_time:2505.040s step_avg:1206.09ms
step:2078/3300 train_loss:3.43036 train_time:2506.251s step_avg:1206.09ms
step:2079/3300 train_loss:3.45193 train_time:2507.457s step_avg:1206.09ms
step:2080/3300 train_loss:3.54878 train_time:2508.674s step_avg:1206.09ms
step:2081/3300 train_loss:3.49570 train_time:2509.890s step_avg:1206.10ms
step:2082/3300 train_loss:3.44944 train_time:2511.107s step_avg:1206.10ms
step:2083/3300 train_loss:3.42950 train_time:2512.309s step_avg:1206.10ms
step:2084/3300 train_loss:3.43514 train_time:2513.508s step_avg:1206.10ms
step:2085/3300 train_loss:3.49725 train_time:2514.716s step_avg:1206.10ms
step:2086/3300 train_loss:3.46942 train_time:2515.920s step_avg:1206.10ms
step:2087/3300 train_loss:3.45757 train_time:2517.124s step_avg:1206.10ms
step:2088/3300 train_loss:3.51364 train_time:2518.342s step_avg:1206.10ms
step:2089/3300 train_loss:3.43766 train_time:2519.553s step_avg:1206.11ms
step:2090/3300 train_loss:3.43585 train_time:2520.775s step_avg:1206.11ms
step:2091/3300 train_loss:3.49606 train_time:2522.011s step_avg:1206.13ms
step:2092/3300 train_loss:3.49077 train_time:2523.210s step_avg:1206.12ms
step:2093/3300 train_loss:3.44884 train_time:2524.403s step_avg:1206.12ms
step:2094/3300 train_loss:3.54995 train_time:2525.632s step_avg:1206.13ms
step:2095/3300 train_loss:3.46940 train_time:2526.844s step_avg:1206.13ms
step:2096/3300 train_loss:3.47828 train_time:2528.054s step_avg:1206.13ms
step:2097/3300 train_loss:3.48184 train_time:2529.264s step_avg:1206.13ms
step:2098/3300 train_loss:3.43836 train_time:2530.466s step_avg:1206.13ms
step:2099/3300 train_loss:3.45218 train_time:2531.671s step_avg:1206.13ms
step:2100/3300 train_loss:3.56192 train_time:2532.875s step_avg:1206.13ms
step:2101/3300 train_loss:3.46354 train_time:2534.078s step_avg:1206.13ms
step:2102/3300 train_loss:3.46749 train_time:2535.284s step_avg:1206.13ms
step:2103/3300 train_loss:3.43846 train_time:2536.489s step_avg:1206.13ms
step:2104/3300 train_loss:3.51265 train_time:2537.695s step_avg:1206.13ms
step:2105/3300 train_loss:3.46403 train_time:2538.904s step_avg:1206.13ms
step:2106/3300 train_loss:3.45120 train_time:2540.108s step_avg:1206.13ms
step:2107/3300 train_loss:3.47808 train_time:2541.313s step_avg:1206.13ms
step:2108/3300 train_loss:3.51000 train_time:2542.529s step_avg:1206.13ms
step:2109/3300 train_loss:3.48289 train_time:2543.725s step_avg:1206.13ms
step:2110/3300 train_loss:3.40503 train_time:2544.920s step_avg:1206.12ms
step:2111/3300 train_loss:3.46403 train_time:2546.123s step_avg:1206.12ms
step:2112/3300 train_loss:3.42572 train_time:2547.329s step_avg:1206.12ms
step:2113/3300 train_loss:3.43929 train_time:2548.529s step_avg:1206.12ms
step:2114/3300 train_loss:3.47029 train_time:2549.731s step_avg:1206.12ms
step:2115/3300 train_loss:3.48711 train_time:2550.924s step_avg:1206.11ms
step:2116/3300 train_loss:3.52362 train_time:2552.206s step_avg:1206.15ms
step:2117/3300 train_loss:3.45597 train_time:2553.408s step_avg:1206.14ms
step:2118/3300 train_loss:3.52860 train_time:2554.610s step_avg:1206.14ms
step:2119/3300 train_loss:3.43846 train_time:2555.825s step_avg:1206.15ms
step:2120/3300 train_loss:3.44126 train_time:2557.053s step_avg:1206.16ms
step:2121/3300 train_loss:3.40320 train_time:2558.265s step_avg:1206.16ms
step:2122/3300 train_loss:3.45316 train_time:2559.469s step_avg:1206.16ms
step:2123/3300 train_loss:3.44620 train_time:2560.663s step_avg:1206.15ms
step:2124/3300 train_loss:3.50802 train_time:2561.873s step_avg:1206.16ms
step:2125/3300 train_loss:3.40603 train_time:2563.082s step_avg:1206.16ms
step:2125/3300 val_loss:3.45509 train_time:2563.082s step_avg:1207.46ms
step:2126/3300 train_loss:3.51237 train_time:2564.287s step_avg:1206.16ms
step:2127/3300 train_loss:3.49448 train_time:2565.489s step_avg:1206.15ms
step:2128/3300 train_loss:3.42747 train_time:2566.703s step_avg:1206.16ms
step:2129/3300 train_loss:3.47004 train_time:2567.919s step_avg:1206.16ms
step:2130/3300 train_loss:3.46392 train_time:2569.134s step_avg:1206.17ms
step:2131/3300 train_loss:3.50590 train_time:2570.344s step_avg:1206.17ms
step:2132/3300 train_loss:3.46741 train_time:2571.550s step_avg:1206.17ms
step:2133/3300 train_loss:3.41654 train_time:2572.764s step_avg:1206.17ms
step:2134/3300 train_loss:3.49520 train_time:2573.976s step_avg:1206.17ms
step:2135/3300 train_loss:3.45962 train_time:2575.183s step_avg:1206.17ms
step:2136/3300 train_loss:3.42949 train_time:2576.375s step_avg:1206.17ms
step:2137/3300 train_loss:3.47450 train_time:2577.573s step_avg:1206.16ms
step:2138/3300 train_loss:3.42936 train_time:2578.774s step_avg:1206.16ms
step:2139/3300 train_loss:3.47863 train_time:2579.987s step_avg:1206.16ms
step:2140/3300 train_loss:3.56616 train_time:2581.195s step_avg:1206.17ms
step:2141/3300 train_loss:3.49712 train_time:2582.395s step_avg:1206.16ms
step:2142/3300 train_loss:3.45189 train_time:2583.649s step_avg:1206.19ms
step:2143/3300 train_loss:3.43413 train_time:2584.858s step_avg:1206.19ms
step:2144/3300 train_loss:3.40947 train_time:2586.059s step_avg:1206.18ms
step:2145/3300 train_loss:3.51652 train_time:2587.257s step_avg:1206.18ms
step:2146/3300 train_loss:3.46062 train_time:2588.465s step_avg:1206.18ms
step:2147/3300 train_loss:3.54786 train_time:2589.692s step_avg:1206.19ms
step:2148/3300 train_loss:3.49598 train_time:2590.932s step_avg:1206.21ms
step:2149/3300 train_loss:3.43422 train_time:2592.141s step_avg:1206.21ms
step:2150/3300 train_loss:3.52062 train_time:2593.342s step_avg:1206.21ms
step:2151/3300 train_loss:3.45158 train_time:2594.572s step_avg:1206.22ms
step:2152/3300 train_loss:3.58723 train_time:2595.775s step_avg:1206.21ms
step:2153/3300 train_loss:3.50538 train_time:2596.979s step_avg:1206.21ms
step:2154/3300 train_loss:3.53906 train_time:2598.184s step_avg:1206.21ms
step:2155/3300 train_loss:3.43528 train_time:2599.413s step_avg:1206.22ms
step:2156/3300 train_loss:3.42694 train_time:2600.622s step_avg:1206.23ms
step:2157/3300 train_loss:3.45336 train_time:2601.821s step_avg:1206.22ms
step:2158/3300 train_loss:3.41804 train_time:2603.035s step_avg:1206.23ms
step:2159/3300 train_loss:3.52821 train_time:2604.253s step_avg:1206.23ms
step:2160/3300 train_loss:3.53425 train_time:2605.452s step_avg:1206.23ms
step:2161/3300 train_loss:3.45474 train_time:2606.654s step_avg:1206.23ms
step:2162/3300 train_loss:3.40902 train_time:2607.862s step_avg:1206.23ms
step:2163/3300 train_loss:3.56125 train_time:2609.065s step_avg:1206.22ms
step:2164/3300 train_loss:3.46380 train_time:2610.268s step_avg:1206.22ms
step:2165/3300 train_loss:3.50672 train_time:2611.487s step_avg:1206.23ms
step:2166/3300 train_loss:3.50755 train_time:2612.682s step_avg:1206.22ms
step:2167/3300 train_loss:3.46208 train_time:2613.881s step_avg:1206.22ms
step:2168/3300 train_loss:3.46328 train_time:2615.088s step_avg:1206.22ms
step:2169/3300 train_loss:3.51256 train_time:2616.284s step_avg:1206.22ms
step:2170/3300 train_loss:3.47038 train_time:2617.477s step_avg:1206.21ms
step:2171/3300 train_loss:3.49703 train_time:2618.696s step_avg:1206.22ms
step:2172/3300 train_loss:3.45019 train_time:2619.929s step_avg:1206.23ms
step:2173/3300 train_loss:3.50919 train_time:2621.146s step_avg:1206.23ms
step:2174/3300 train_loss:3.48599 train_time:2622.345s step_avg:1206.23ms
step:2175/3300 train_loss:3.44842 train_time:2623.564s step_avg:1206.24ms
step:2176/3300 train_loss:3.44978 train_time:2624.769s step_avg:1206.24ms
step:2177/3300 train_loss:3.50808 train_time:2625.977s step_avg:1206.24ms
step:2178/3300 train_loss:3.38709 train_time:2627.180s step_avg:1206.24ms
step:2179/3300 train_loss:3.45117 train_time:2628.395s step_avg:1206.24ms
step:2180/3300 train_loss:3.48043 train_time:2629.598s step_avg:1206.24ms
step:2181/3300 train_loss:3.47567 train_time:2630.800s step_avg:1206.24ms
step:2182/3300 train_loss:3.43801 train_time:2632.010s step_avg:1206.24ms
step:2183/3300 train_loss:3.41535 train_time:2633.255s step_avg:1206.26ms
step:2184/3300 train_loss:3.47284 train_time:2634.520s step_avg:1206.28ms
step:2185/3300 train_loss:3.51465 train_time:2635.724s step_avg:1206.28ms
step:2186/3300 train_loss:3.37550 train_time:2636.922s step_avg:1206.28ms
step:2187/3300 train_loss:3.44116 train_time:2638.132s step_avg:1206.28ms
step:2188/3300 train_loss:3.38560 train_time:2639.343s step_avg:1206.28ms
step:2189/3300 train_loss:3.42290 train_time:2640.556s step_avg:1206.28ms
step:2190/3300 train_loss:3.46177 train_time:2641.765s step_avg:1206.29ms
step:2191/3300 train_loss:3.40556 train_time:2642.970s step_avg:1206.28ms
step:2192/3300 train_loss:3.50295 train_time:2644.189s step_avg:1206.29ms
step:2193/3300 train_loss:3.46240 train_time:2645.389s step_avg:1206.29ms
step:2194/3300 train_loss:3.48591 train_time:2646.582s step_avg:1206.28ms
step:2195/3300 train_loss:3.41379 train_time:2647.798s step_avg:1206.29ms
step:2196/3300 train_loss:3.42089 train_time:2649.012s step_avg:1206.29ms
step:2197/3300 train_loss:3.46586 train_time:2650.229s step_avg:1206.29ms
step:2198/3300 train_loss:3.44613 train_time:2651.426s step_avg:1206.29ms
step:2199/3300 train_loss:3.43000 train_time:2652.636s step_avg:1206.29ms
step:2200/3300 train_loss:3.47260 train_time:2653.836s step_avg:1206.29ms
step:2201/3300 train_loss:3.40952 train_time:2655.041s step_avg:1206.29ms
step:2202/3300 train_loss:3.66781 train_time:2656.251s step_avg:1206.29ms
step:2203/3300 train_loss:3.52237 train_time:2657.452s step_avg:1206.29ms
step:2204/3300 train_loss:3.42054 train_time:2658.648s step_avg:1206.28ms
step:2205/3300 train_loss:3.47651 train_time:2659.851s step_avg:1206.28ms
step:2206/3300 train_loss:3.48067 train_time:2661.059s step_avg:1206.28ms
step:2207/3300 train_loss:3.53349 train_time:2662.263s step_avg:1206.28ms
step:2208/3300 train_loss:3.47720 train_time:2663.457s step_avg:1206.28ms
step:2209/3300 train_loss:3.41678 train_time:2664.674s step_avg:1206.28ms
step:2210/3300 train_loss:3.43499 train_time:2665.903s step_avg:1206.29ms
step:2211/3300 train_loss:3.41985 train_time:2667.109s step_avg:1206.29ms
step:2212/3300 train_loss:3.48704 train_time:2668.329s step_avg:1206.30ms
step:2213/3300 train_loss:3.39150 train_time:2669.526s step_avg:1206.29ms
step:2214/3300 train_loss:3.44431 train_time:2670.728s step_avg:1206.29ms
step:2215/3300 train_loss:3.48849 train_time:2671.935s step_avg:1206.29ms
step:2216/3300 train_loss:3.49675 train_time:2673.143s step_avg:1206.29ms
step:2217/3300 train_loss:3.45258 train_time:2674.350s step_avg:1206.29ms
step:2218/3300 train_loss:3.41091 train_time:2675.542s step_avg:1206.29ms
step:2219/3300 train_loss:3.47503 train_time:2676.744s step_avg:1206.28ms
step:2220/3300 train_loss:3.45731 train_time:2677.948s step_avg:1206.28ms
step:2221/3300 train_loss:3.50399 train_time:2679.159s step_avg:1206.29ms
step:2222/3300 train_loss:3.45273 train_time:2680.368s step_avg:1206.29ms
step:2223/3300 train_loss:3.46324 train_time:2681.581s step_avg:1206.29ms
step:2224/3300 train_loss:3.53473 train_time:2682.783s step_avg:1206.29ms
step:2225/3300 train_loss:3.41466 train_time:2683.988s step_avg:1206.29ms
step:2226/3300 train_loss:3.46911 train_time:2685.184s step_avg:1206.28ms
step:2227/3300 train_loss:3.48344 train_time:2686.387s step_avg:1206.28ms
step:2228/3300 train_loss:3.43215 train_time:2687.585s step_avg:1206.28ms
step:2229/3300 train_loss:3.47987 train_time:2688.795s step_avg:1206.28ms
step:2230/3300 train_loss:3.47166 train_time:2690.023s step_avg:1206.29ms
step:2231/3300 train_loss:3.46017 train_time:2691.238s step_avg:1206.29ms
step:2232/3300 train_loss:3.41382 train_time:2692.443s step_avg:1206.29ms
step:2233/3300 train_loss:3.43907 train_time:2693.654s step_avg:1206.29ms
step:2234/3300 train_loss:3.45164 train_time:2694.849s step_avg:1206.29ms
step:2235/3300 train_loss:3.40176 train_time:2696.051s step_avg:1206.29ms
step:2236/3300 train_loss:3.57031 train_time:2697.252s step_avg:1206.28ms
step:2237/3300 train_loss:3.43343 train_time:2698.476s step_avg:1206.29ms
step:2238/3300 train_loss:3.47814 train_time:2699.678s step_avg:1206.29ms
step:2239/3300 train_loss:3.39366 train_time:2700.891s step_avg:1206.29ms
step:2240/3300 train_loss:3.39125 train_time:2702.087s step_avg:1206.29ms
step:2241/3300 train_loss:3.45534 train_time:2703.303s step_avg:1206.29ms
step:2242/3300 train_loss:3.45550 train_time:2704.517s step_avg:1206.30ms
step:2243/3300 train_loss:3.44694 train_time:2705.715s step_avg:1206.29ms
step:2244/3300 train_loss:3.42467 train_time:2706.920s step_avg:1206.29ms
step:2245/3300 train_loss:3.40091 train_time:2708.126s step_avg:1206.29ms
step:2246/3300 train_loss:3.44875 train_time:2709.332s step_avg:1206.29ms
step:2247/3300 train_loss:3.41116 train_time:2710.545s step_avg:1206.29ms
step:2248/3300 train_loss:3.45627 train_time:2711.748s step_avg:1206.29ms
step:2249/3300 train_loss:3.45787 train_time:2712.956s step_avg:1206.29ms
step:2250/3300 train_loss:3.41481 train_time:2714.168s step_avg:1206.30ms
step:2250/3300 val_loss:3.43260 train_time:2714.169s step_avg:1208.69ms
step:2251/3300 train_loss:3.39682 train_time:2715.369s step_avg:1206.29ms
step:2252/3300 train_loss:3.50831 train_time:2716.583s step_avg:1206.30ms
step:2253/3300 train_loss:3.37905 train_time:2717.784s step_avg:1206.30ms
step:2254/3300 train_loss:3.42903 train_time:2718.980s step_avg:1206.29ms
step:2255/3300 train_loss:3.53929 train_time:2720.190s step_avg:1206.29ms
step:2256/3300 train_loss:3.44816 train_time:2721.404s step_avg:1206.30ms
step:2257/3300 train_loss:3.58897 train_time:2722.620s step_avg:1206.30ms
step:2258/3300 train_loss:3.47315 train_time:2723.830s step_avg:1206.30ms
step:2259/3300 train_loss:3.40150 train_time:2725.030s step_avg:1206.30ms
step:2260/3300 train_loss:3.43657 train_time:2726.268s step_avg:1206.31ms
step:2261/3300 train_loss:3.47168 train_time:2727.506s step_avg:1206.33ms
step:2262/3300 train_loss:3.42035 train_time:2728.704s step_avg:1206.32ms
step:2263/3300 train_loss:3.42309 train_time:2729.906s step_avg:1206.32ms
step:2264/3300 train_loss:3.43586 train_time:2731.114s step_avg:1206.32ms
step:2265/3300 train_loss:3.45459 train_time:2732.308s step_avg:1206.32ms
step:2266/3300 train_loss:3.42026 train_time:2733.517s step_avg:1206.32ms
step:2267/3300 train_loss:3.42159 train_time:2734.709s step_avg:1206.31ms
step:2268/3300 train_loss:3.38830 train_time:2735.940s step_avg:1206.32ms
step:2269/3300 train_loss:3.40277 train_time:2737.207s step_avg:1206.35ms
step:2270/3300 train_loss:3.47087 train_time:2738.412s step_avg:1206.35ms
step:2271/3300 train_loss:3.45044 train_time:2739.617s step_avg:1206.35ms
step:2272/3300 train_loss:3.42706 train_time:2740.822s step_avg:1206.35ms
step:2273/3300 train_loss:3.37638 train_time:2742.031s step_avg:1206.35ms
step:2274/3300 train_loss:3.44895 train_time:2743.235s step_avg:1206.35ms
step:2275/3300 train_loss:3.43668 train_time:2744.464s step_avg:1206.36ms
step:2276/3300 train_loss:3.38360 train_time:2745.692s step_avg:1206.37ms
step:2277/3300 train_loss:3.37943 train_time:2746.894s step_avg:1206.37ms
step:2278/3300 train_loss:3.45694 train_time:2748.090s step_avg:1206.36ms
step:2279/3300 train_loss:3.46840 train_time:2749.289s step_avg:1206.36ms
step:2280/3300 train_loss:3.39434 train_time:2750.529s step_avg:1206.37ms
step:2281/3300 train_loss:3.45825 train_time:2751.763s step_avg:1206.38ms
step:2282/3300 train_loss:3.43211 train_time:2752.974s step_avg:1206.39ms
step:2283/3300 train_loss:3.41668 train_time:2754.174s step_avg:1206.38ms
step:2284/3300 train_loss:3.49356 train_time:2755.372s step_avg:1206.38ms
step:2285/3300 train_loss:3.41998 train_time:2756.585s step_avg:1206.38ms
step:2286/3300 train_loss:3.45034 train_time:2757.786s step_avg:1206.38ms
step:2287/3300 train_loss:3.45651 train_time:2758.986s step_avg:1206.38ms
step:2288/3300 train_loss:3.49915 train_time:2760.189s step_avg:1206.38ms
step:2289/3300 train_loss:3.42226 train_time:2761.396s step_avg:1206.38ms
step:2290/3300 train_loss:3.40079 train_time:2762.638s step_avg:1206.39ms
step:2291/3300 train_loss:3.46885 train_time:2763.839s step_avg:1206.39ms
step:2292/3300 train_loss:3.43709 train_time:2765.041s step_avg:1206.39ms
step:2293/3300 train_loss:3.38101 train_time:2766.249s step_avg:1206.39ms
step:2294/3300 train_loss:3.46779 train_time:2767.460s step_avg:1206.39ms
step:2295/3300 train_loss:3.44396 train_time:2768.649s step_avg:1206.38ms
step:2296/3300 train_loss:3.43913 train_time:2769.850s step_avg:1206.38ms
step:2297/3300 train_loss:3.42333 train_time:2771.053s step_avg:1206.38ms
step:2298/3300 train_loss:3.46892 train_time:2772.253s step_avg:1206.38ms
step:2299/3300 train_loss:3.46088 train_time:2773.463s step_avg:1206.38ms
step:2300/3300 train_loss:3.44363 train_time:2774.665s step_avg:1206.38ms
step:2301/3300 train_loss:3.46913 train_time:2775.877s step_avg:1206.38ms
step:2302/3300 train_loss:3.38732 train_time:2777.092s step_avg:1206.38ms
step:2303/3300 train_loss:3.42336 train_time:2778.293s step_avg:1206.38ms
step:2304/3300 train_loss:3.37334 train_time:2779.492s step_avg:1206.38ms
step:2305/3300 train_loss:3.45277 train_time:2780.705s step_avg:1206.38ms
step:2306/3300 train_loss:3.36349 train_time:2781.903s step_avg:1206.38ms
step:2307/3300 train_loss:3.44960 train_time:2783.098s step_avg:1206.37ms
step:2308/3300 train_loss:3.47275 train_time:2784.295s step_avg:1206.37ms
step:2309/3300 train_loss:3.47852 train_time:2785.500s step_avg:1206.37ms
step:2310/3300 train_loss:3.35703 train_time:2786.700s step_avg:1206.36ms
step:2311/3300 train_loss:3.42159 train_time:2787.893s step_avg:1206.36ms
step:2312/3300 train_loss:3.46357 train_time:2789.093s step_avg:1206.36ms
step:2313/3300 train_loss:3.41913 train_time:2790.300s step_avg:1206.36ms
step:2314/3300 train_loss:3.42666 train_time:2791.495s step_avg:1206.35ms
step:2315/3300 train_loss:3.42671 train_time:2792.755s step_avg:1206.37ms
step:2316/3300 train_loss:3.41396 train_time:2793.954s step_avg:1206.37ms
step:2317/3300 train_loss:3.41806 train_time:2795.151s step_avg:1206.37ms
step:2318/3300 train_loss:3.37718 train_time:2796.401s step_avg:1206.39ms
step:2319/3300 train_loss:3.49922 train_time:2797.595s step_avg:1206.38ms
step:2320/3300 train_loss:3.46606 train_time:2798.792s step_avg:1206.38ms
step:2321/3300 train_loss:3.45654 train_time:2799.987s step_avg:1206.37ms
step:2322/3300 train_loss:3.44765 train_time:2801.203s step_avg:1206.38ms
step:2323/3300 train_loss:3.39186 train_time:2802.406s step_avg:1206.37ms
step:2324/3300 train_loss:3.40596 train_time:2803.605s step_avg:1206.37ms
step:2325/3300 train_loss:3.35998 train_time:2804.797s step_avg:1206.36ms
step:2326/3300 train_loss:3.43594 train_time:2805.999s step_avg:1206.36ms
step:2327/3300 train_loss:3.39969 train_time:2807.199s step_avg:1206.36ms
step:2328/3300 train_loss:3.42703 train_time:2808.395s step_avg:1206.36ms
step:2329/3300 train_loss:3.58776 train_time:2809.594s step_avg:1206.35ms
step:2330/3300 train_loss:3.38686 train_time:2810.801s step_avg:1206.35ms
step:2331/3300 train_loss:3.45729 train_time:2811.999s step_avg:1206.35ms
step:2332/3300 train_loss:3.43625 train_time:2813.200s step_avg:1206.35ms
step:2333/3300 train_loss:3.48849 train_time:2814.401s step_avg:1206.34ms
step:2334/3300 train_loss:3.42064 train_time:2815.601s step_avg:1206.34ms
step:2335/3300 train_loss:3.40190 train_time:2816.822s step_avg:1206.35ms
step:2336/3300 train_loss:3.47990 train_time:2818.020s step_avg:1206.34ms
step:2337/3300 train_loss:3.40699 train_time:2819.218s step_avg:1206.34ms
step:2338/3300 train_loss:3.43908 train_time:2820.433s step_avg:1206.34ms
step:2339/3300 train_loss:3.43908 train_time:2821.639s step_avg:1206.34ms
step:2340/3300 train_loss:3.39344 train_time:2822.846s step_avg:1206.34ms
step:2341/3300 train_loss:3.42877 train_time:2824.047s step_avg:1206.34ms
step:2342/3300 train_loss:3.43854 train_time:2825.260s step_avg:1206.34ms
step:2343/3300 train_loss:3.42935 train_time:2826.462s step_avg:1206.34ms
step:2344/3300 train_loss:3.42189 train_time:2827.675s step_avg:1206.35ms
step:2345/3300 train_loss:3.43087 train_time:2828.874s step_avg:1206.34ms
step:2346/3300 train_loss:3.39833 train_time:2830.076s step_avg:1206.34ms
step:2347/3300 train_loss:3.50118 train_time:2831.336s step_avg:1206.36ms
step:2348/3300 train_loss:3.47709 train_time:2832.568s step_avg:1206.37ms
step:2349/3300 train_loss:3.43337 train_time:2833.762s step_avg:1206.37ms
step:2350/3300 train_loss:3.40172 train_time:2834.954s step_avg:1206.36ms
step:2351/3300 train_loss:3.39223 train_time:2836.164s step_avg:1206.37ms
step:2352/3300 train_loss:3.40353 train_time:2837.359s step_avg:1206.36ms
step:2353/3300 train_loss:3.50385 train_time:2838.560s step_avg:1206.36ms
step:2354/3300 train_loss:3.43839 train_time:2839.757s step_avg:1206.35ms
step:2355/3300 train_loss:3.35089 train_time:2840.968s step_avg:1206.36ms
step:2356/3300 train_loss:3.52561 train_time:2842.189s step_avg:1206.36ms
step:2357/3300 train_loss:3.41752 train_time:2843.405s step_avg:1206.37ms
step:2358/3300 train_loss:3.41943 train_time:2844.605s step_avg:1206.36ms
step:2359/3300 train_loss:3.39612 train_time:2845.815s step_avg:1206.37ms
step:2360/3300 train_loss:3.44250 train_time:2847.035s step_avg:1206.37ms
step:2361/3300 train_loss:3.43483 train_time:2848.237s step_avg:1206.37ms
step:2362/3300 train_loss:3.43730 train_time:2849.442s step_avg:1206.37ms
step:2363/3300 train_loss:3.43273 train_time:2850.649s step_avg:1206.37ms
step:2364/3300 train_loss:3.45934 train_time:2851.871s step_avg:1206.38ms
step:2365/3300 train_loss:3.40033 train_time:2853.093s step_avg:1206.38ms
step:2366/3300 train_loss:3.40572 train_time:2854.308s step_avg:1206.39ms
step:2367/3300 train_loss:3.52266 train_time:2855.515s step_avg:1206.39ms
step:2368/3300 train_loss:3.46087 train_time:2856.730s step_avg:1206.39ms
step:2369/3300 train_loss:3.43247 train_time:2857.939s step_avg:1206.39ms
step:2370/3300 train_loss:3.37606 train_time:2859.143s step_avg:1206.39ms
step:2371/3300 train_loss:3.45945 train_time:2860.367s step_avg:1206.40ms
step:2372/3300 train_loss:3.40161 train_time:2861.566s step_avg:1206.39ms
step:2373/3300 train_loss:3.49225 train_time:2862.777s step_avg:1206.40ms
step:2374/3300 train_loss:3.56722 train_time:2863.988s step_avg:1206.40ms
step:2375/3300 train_loss:3.37825 train_time:2865.181s step_avg:1206.39ms
step:2375/3300 val_loss:3.41161 train_time:2865.181s step_avg:1208.10ms
step:2376/3300 train_loss:3.41623 train_time:2866.394s step_avg:1206.39ms
step:2377/3300 train_loss:3.42524 train_time:2867.592s step_avg:1206.39ms
step:2378/3300 train_loss:3.40765 train_time:2868.801s step_avg:1206.39ms
step:2379/3300 train_loss:3.43732 train_time:2870.000s step_avg:1206.39ms
step:2380/3300 train_loss:3.38272 train_time:2871.208s step_avg:1206.39ms
step:2381/3300 train_loss:3.43967 train_time:2872.412s step_avg:1206.39ms
step:2382/3300 train_loss:3.44732 train_time:2873.618s step_avg:1206.39ms
step:2383/3300 train_loss:3.43017 train_time:2874.824s step_avg:1206.39ms
step:2384/3300 train_loss:3.40099 train_time:2876.024s step_avg:1206.39ms
step:2385/3300 train_loss:3.46829 train_time:2877.224s step_avg:1206.38ms
step:2386/3300 train_loss:3.41094 train_time:2878.437s step_avg:1206.39ms
step:2387/3300 train_loss:3.43752 train_time:2879.640s step_avg:1206.38ms
step:2388/3300 train_loss:3.40658 train_time:2880.843s step_avg:1206.38ms
step:2389/3300 train_loss:3.45110 train_time:2882.066s step_avg:1206.39ms
step:2390/3300 train_loss:3.40536 train_time:2883.279s step_avg:1206.39ms
step:2391/3300 train_loss:3.45645 train_time:2884.503s step_avg:1206.40ms
step:2392/3300 train_loss:3.38531 train_time:2885.709s step_avg:1206.40ms
step:2393/3300 train_loss:3.42334 train_time:2886.913s step_avg:1206.40ms
step:2394/3300 train_loss:3.46266 train_time:2888.118s step_avg:1206.40ms
step:2395/3300 train_loss:3.37380 train_time:2889.321s step_avg:1206.40ms
step:2396/3300 train_loss:3.43689 train_time:2890.526s step_avg:1206.40ms
step:2397/3300 train_loss:3.41933 train_time:2891.793s step_avg:1206.42ms
step:2398/3300 train_loss:3.40959 train_time:2893.012s step_avg:1206.43ms
step:2399/3300 train_loss:3.41282 train_time:2894.217s step_avg:1206.43ms
step:2400/3300 train_loss:3.37930 train_time:2895.420s step_avg:1206.42ms
step:2401/3300 train_loss:3.40765 train_time:2896.610s step_avg:1206.42ms
step:2402/3300 train_loss:3.43530 train_time:2897.814s step_avg:1206.42ms
step:2403/3300 train_loss:3.39143 train_time:2899.020s step_avg:1206.42ms
step:2404/3300 train_loss:3.51352 train_time:2900.221s step_avg:1206.41ms
step:2405/3300 train_loss:3.39432 train_time:2901.427s step_avg:1206.41ms
step:2406/3300 train_loss:3.53985 train_time:2902.632s step_avg:1206.41ms
step:2407/3300 train_loss:3.36617 train_time:2903.832s step_avg:1206.41ms
step:2408/3300 train_loss:3.40482 train_time:2905.044s step_avg:1206.41ms
step:2409/3300 train_loss:3.41267 train_time:2906.234s step_avg:1206.41ms
step:2410/3300 train_loss:3.45240 train_time:2907.462s step_avg:1206.42ms
step:2411/3300 train_loss:3.44148 train_time:2908.666s step_avg:1206.41ms
step:2412/3300 train_loss:3.39389 train_time:2909.882s step_avg:1206.42ms
step:2413/3300 train_loss:3.39301 train_time:2911.078s step_avg:1206.41ms
step:2414/3300 train_loss:3.48840 train_time:2912.302s step_avg:1206.42ms
step:2415/3300 train_loss:3.44996 train_time:2913.507s step_avg:1206.42ms
step:2416/3300 train_loss:3.39646 train_time:2914.726s step_avg:1206.43ms
step:2417/3300 train_loss:3.40915 train_time:2915.939s step_avg:1206.43ms
step:2418/3300 train_loss:3.43220 train_time:2917.132s step_avg:1206.42ms
step:2419/3300 train_loss:3.38950 train_time:2918.355s step_avg:1206.43ms
step:2420/3300 train_loss:3.40869 train_time:2919.566s step_avg:1206.43ms
step:2421/3300 train_loss:3.51241 train_time:2920.783s step_avg:1206.44ms
step:2422/3300 train_loss:3.49125 train_time:2921.982s step_avg:1206.43ms
step:2423/3300 train_loss:3.48272 train_time:2923.202s step_avg:1206.44ms
step:2424/3300 train_loss:3.44469 train_time:2924.412s step_avg:1206.44ms
step:2425/3300 train_loss:3.38767 train_time:2925.608s step_avg:1206.44ms
step:2426/3300 train_loss:3.33548 train_time:2926.813s step_avg:1206.44ms
step:2427/3300 train_loss:3.47095 train_time:2928.017s step_avg:1206.43ms
step:2428/3300 train_loss:3.40404 train_time:2929.231s step_avg:1206.44ms
step:2429/3300 train_loss:3.37451 train_time:2930.438s step_avg:1206.44ms
step:2430/3300 train_loss:3.43817 train_time:2931.656s step_avg:1206.44ms
step:2431/3300 train_loss:3.50195 train_time:2932.865s step_avg:1206.44ms
step:2432/3300 train_loss:3.43812 train_time:2934.082s step_avg:1206.45ms
step:2433/3300 train_loss:3.42013 train_time:2935.279s step_avg:1206.44ms
step:2434/3300 train_loss:3.40933 train_time:2936.479s step_avg:1206.44ms
step:2435/3300 train_loss:3.40303 train_time:2937.701s step_avg:1206.45ms
step:2436/3300 train_loss:3.41750 train_time:2938.910s step_avg:1206.45ms
step:2437/3300 train_loss:3.40388 train_time:2940.135s step_avg:1206.46ms
step:2438/3300 train_loss:3.41650 train_time:2941.344s step_avg:1206.46ms
step:2439/3300 train_loss:3.37896 train_time:2942.543s step_avg:1206.45ms
step:2440/3300 train_loss:3.41083 train_time:2943.740s step_avg:1206.45ms
step:2441/3300 train_loss:3.38314 train_time:2944.945s step_avg:1206.45ms
step:2442/3300 train_loss:3.45083 train_time:2946.137s step_avg:1206.44ms
step:2443/3300 train_loss:3.41787 train_time:2947.338s step_avg:1206.44ms
step:2444/3300 train_loss:3.34779 train_time:2948.555s step_avg:1206.45ms
step:2445/3300 train_loss:3.46700 train_time:2949.759s step_avg:1206.45ms
step:2446/3300 train_loss:3.40008 train_time:2950.980s step_avg:1206.45ms
step:2447/3300 train_loss:3.39804 train_time:2952.196s step_avg:1206.46ms
step:2448/3300 train_loss:3.47297 train_time:2953.405s step_avg:1206.46ms
step:2449/3300 train_loss:3.41767 train_time:2954.605s step_avg:1206.45ms
step:2450/3300 train_loss:3.44020 train_time:2955.822s step_avg:1206.46ms
step:2451/3300 train_loss:3.43463 train_time:2957.027s step_avg:1206.46ms
step:2452/3300 train_loss:3.45111 train_time:2958.245s step_avg:1206.46ms
step:2453/3300 train_loss:3.39305 train_time:2959.445s step_avg:1206.46ms
step:2454/3300 train_loss:3.46264 train_time:2960.659s step_avg:1206.46ms
step:2455/3300 train_loss:3.48403 train_time:2961.875s step_avg:1206.47ms
step:2456/3300 train_loss:3.35169 train_time:2963.078s step_avg:1206.47ms
step:2457/3300 train_loss:3.39576 train_time:2964.280s step_avg:1206.46ms
step:2458/3300 train_loss:3.53601 train_time:2965.487s step_avg:1206.46ms
step:2459/3300 train_loss:3.61415 train_time:2966.689s step_avg:1206.46ms
step:2460/3300 train_loss:3.42963 train_time:2967.899s step_avg:1206.46ms
step:2461/3300 train_loss:3.39794 train_time:2969.104s step_avg:1206.46ms
step:2462/3300 train_loss:3.45863 train_time:2970.302s step_avg:1206.46ms
step:2463/3300 train_loss:3.47149 train_time:2971.510s step_avg:1206.46ms
step:2464/3300 train_loss:3.49761 train_time:2972.736s step_avg:1206.47ms
step:2465/3300 train_loss:3.39932 train_time:2973.954s step_avg:1206.47ms
step:2466/3300 train_loss:3.43727 train_time:2975.158s step_avg:1206.47ms
step:2467/3300 train_loss:3.37481 train_time:2976.359s step_avg:1206.47ms
step:2468/3300 train_loss:3.43420 train_time:2977.565s step_avg:1206.47ms
step:2469/3300 train_loss:3.50713 train_time:2978.782s step_avg:1206.47ms
step:2470/3300 train_loss:3.41237 train_time:2979.984s step_avg:1206.47ms
step:2471/3300 train_loss:3.40492 train_time:2981.222s step_avg:1206.48ms
step:2472/3300 train_loss:3.40405 train_time:2982.417s step_avg:1206.48ms
step:2473/3300 train_loss:3.58824 train_time:2983.621s step_avg:1206.48ms
step:2474/3300 train_loss:3.44427 train_time:2984.830s step_avg:1206.48ms
step:2475/3300 train_loss:3.40983 train_time:2986.031s step_avg:1206.48ms
step:2476/3300 train_loss:3.39086 train_time:2987.223s step_avg:1206.47ms
step:2477/3300 train_loss:3.40438 train_time:2988.450s step_avg:1206.48ms
step:2478/3300 train_loss:3.41229 train_time:2989.709s step_avg:1206.50ms
step:2479/3300 train_loss:3.43575 train_time:2990.903s step_avg:1206.50ms
step:2480/3300 train_loss:3.35817 train_time:2992.100s step_avg:1206.49ms
step:2481/3300 train_loss:3.47178 train_time:2993.301s step_avg:1206.49ms
step:2482/3300 train_loss:3.38219 train_time:2994.499s step_avg:1206.49ms
step:2483/3300 train_loss:3.40453 train_time:2995.703s step_avg:1206.49ms
step:2484/3300 train_loss:3.46902 train_time:2996.903s step_avg:1206.48ms
step:2485/3300 train_loss:3.46451 train_time:2998.108s step_avg:1206.48ms
step:2486/3300 train_loss:3.41744 train_time:2999.316s step_avg:1206.48ms
step:2487/3300 train_loss:3.44142 train_time:3000.517s step_avg:1206.48ms
step:2488/3300 train_loss:3.39688 train_time:3001.741s step_avg:1206.49ms
step:2489/3300 train_loss:3.42376 train_time:3002.943s step_avg:1206.49ms
step:2490/3300 train_loss:3.42716 train_time:3004.154s step_avg:1206.49ms
step:2491/3300 train_loss:3.44882 train_time:3005.361s step_avg:1206.49ms
step:2492/3300 train_loss:3.38458 train_time:3006.561s step_avg:1206.49ms
step:2493/3300 train_loss:3.43482 train_time:3007.762s step_avg:1206.48ms
step:2494/3300 train_loss:3.42956 train_time:3008.975s step_avg:1206.49ms
step:2495/3300 train_loss:3.36354 train_time:3010.184s step_avg:1206.49ms
step:2496/3300 train_loss:3.39235 train_time:3011.384s step_avg:1206.48ms
step:2497/3300 train_loss:3.39692 train_time:3012.592s step_avg:1206.48ms
step:2498/3300 train_loss:3.36628 train_time:3013.859s step_avg:1206.51ms
step:2499/3300 train_loss:3.41003 train_time:3015.059s step_avg:1206.51ms
step:2500/3300 train_loss:3.35312 train_time:3016.261s step_avg:1206.50ms
step:2500/3300 val_loss:3.39138 train_time:3016.262s step_avg:1208.65ms
step:2501/3300 train_loss:3.37747 train_time:3017.465s step_avg:1206.50ms
step:2502/3300 train_loss:3.38351 train_time:3018.665s step_avg:1206.50ms
step:2503/3300 train_loss:3.39665 train_time:3019.865s step_avg:1206.50ms
step:2504/3300 train_loss:3.45866 train_time:3021.067s step_avg:1206.50ms
step:2505/3300 train_loss:3.41637 train_time:3022.274s step_avg:1206.50ms
step:2506/3300 train_loss:3.39412 train_time:3023.475s step_avg:1206.49ms
step:2507/3300 train_loss:3.44980 train_time:3024.677s step_avg:1206.49ms
step:2508/3300 train_loss:3.39530 train_time:3025.871s step_avg:1206.49ms
step:2509/3300 train_loss:3.48475 train_time:3027.093s step_avg:1206.49ms
step:2510/3300 train_loss:3.42306 train_time:3028.298s step_avg:1206.49ms
step:2511/3300 train_loss:3.42234 train_time:3029.495s step_avg:1206.49ms
step:2512/3300 train_loss:3.42408 train_time:3030.718s step_avg:1206.50ms
step:2513/3300 train_loss:3.39509 train_time:3031.916s step_avg:1206.49ms
step:2514/3300 train_loss:3.42661 train_time:3033.155s step_avg:1206.51ms
step:2515/3300 train_loss:3.34819 train_time:3034.362s step_avg:1206.51ms
step:2516/3300 train_loss:3.41607 train_time:3035.587s step_avg:1206.51ms
step:2517/3300 train_loss:3.39005 train_time:3036.802s step_avg:1206.52ms
step:2518/3300 train_loss:3.44815 train_time:3038.003s step_avg:1206.51ms
step:2519/3300 train_loss:3.44241 train_time:3039.200s step_avg:1206.51ms
step:2520/3300 train_loss:3.43482 train_time:3040.410s step_avg:1206.51ms
step:2521/3300 train_loss:3.43919 train_time:3041.617s step_avg:1206.51ms
step:2522/3300 train_loss:3.40318 train_time:3042.831s step_avg:1206.51ms
step:2523/3300 train_loss:3.36086 train_time:3044.033s step_avg:1206.51ms
step:2524/3300 train_loss:3.43895 train_time:3045.293s step_avg:1206.53ms
step:2525/3300 train_loss:3.37543 train_time:3046.516s step_avg:1206.54ms
step:2526/3300 train_loss:3.43858 train_time:3047.716s step_avg:1206.54ms
step:2527/3300 train_loss:3.40149 train_time:3048.917s step_avg:1206.54ms
step:2528/3300 train_loss:3.31973 train_time:3050.125s step_avg:1206.54ms
step:2529/3300 train_loss:3.43748 train_time:3051.327s step_avg:1206.53ms
step:2530/3300 train_loss:3.42511 train_time:3052.552s step_avg:1206.54ms
step:2531/3300 train_loss:3.42545 train_time:3053.779s step_avg:1206.55ms
step:2532/3300 train_loss:3.37277 train_time:3054.985s step_avg:1206.55ms
step:2533/3300 train_loss:3.40655 train_time:3056.202s step_avg:1206.55ms
step:2534/3300 train_loss:3.40414 train_time:3057.399s step_avg:1206.55ms
step:2535/3300 train_loss:3.40029 train_time:3058.604s step_avg:1206.55ms
step:2536/3300 train_loss:3.40290 train_time:3059.794s step_avg:1206.54ms
step:2537/3300 train_loss:3.34449 train_time:3061.010s step_avg:1206.55ms
step:2538/3300 train_loss:3.35992 train_time:3062.218s step_avg:1206.55ms
step:2539/3300 train_loss:3.39432 train_time:3063.422s step_avg:1206.55ms
step:2540/3300 train_loss:3.40761 train_time:3064.626s step_avg:1206.55ms
step:2541/3300 train_loss:3.38984 train_time:3065.844s step_avg:1206.55ms
step:2542/3300 train_loss:3.58085 train_time:3067.048s step_avg:1206.55ms
step:2543/3300 train_loss:3.61417 train_time:3068.251s step_avg:1206.55ms
step:2544/3300 train_loss:3.37572 train_time:3069.457s step_avg:1206.55ms
step:2545/3300 train_loss:3.38588 train_time:3070.668s step_avg:1206.55ms
step:2546/3300 train_loss:3.53459 train_time:3071.872s step_avg:1206.55ms
step:2547/3300 train_loss:3.39609 train_time:3073.088s step_avg:1206.55ms
step:2548/3300 train_loss:3.34586 train_time:3074.298s step_avg:1206.55ms
step:2549/3300 train_loss:3.43917 train_time:3075.530s step_avg:1206.56ms
step:2550/3300 train_loss:3.42305 train_time:3076.733s step_avg:1206.56ms
step:2551/3300 train_loss:3.38565 train_time:3077.936s step_avg:1206.56ms
step:2552/3300 train_loss:3.37866 train_time:3079.137s step_avg:1206.56ms
step:2553/3300 train_loss:3.44433 train_time:3080.346s step_avg:1206.56ms
step:2554/3300 train_loss:3.42879 train_time:3081.557s step_avg:1206.56ms
step:2555/3300 train_loss:3.35834 train_time:3082.760s step_avg:1206.56ms
step:2556/3300 train_loss:3.42148 train_time:3083.988s step_avg:1206.57ms
step:2557/3300 train_loss:3.40270 train_time:3085.192s step_avg:1206.57ms
step:2558/3300 train_loss:3.37697 train_time:3086.402s step_avg:1206.57ms
step:2559/3300 train_loss:3.37046 train_time:3087.617s step_avg:1206.57ms
step:2560/3300 train_loss:3.40531 train_time:3088.816s step_avg:1206.57ms
step:2561/3300 train_loss:3.42720 train_time:3090.035s step_avg:1206.57ms
step:2562/3300 train_loss:3.37110 train_time:3091.246s step_avg:1206.58ms
step:2563/3300 train_loss:3.46748 train_time:3092.454s step_avg:1206.58ms
step:2564/3300 train_loss:3.41172 train_time:3093.708s step_avg:1206.59ms
step:2565/3300 train_loss:3.35040 train_time:3094.900s step_avg:1206.59ms
step:2566/3300 train_loss:3.42042 train_time:3096.101s step_avg:1206.59ms
step:2567/3300 train_loss:3.43293 train_time:3097.296s step_avg:1206.58ms
step:2568/3300 train_loss:3.40041 train_time:3098.497s step_avg:1206.58ms
step:2569/3300 train_loss:3.36646 train_time:3099.698s step_avg:1206.58ms
step:2570/3300 train_loss:3.42204 train_time:3100.907s step_avg:1206.58ms
step:2571/3300 train_loss:3.36737 train_time:3102.117s step_avg:1206.58ms
step:2572/3300 train_loss:3.38056 train_time:3103.328s step_avg:1206.58ms
step:2573/3300 train_loss:3.34032 train_time:3104.530s step_avg:1206.58ms
step:2574/3300 train_loss:3.38650 train_time:3105.729s step_avg:1206.58ms
step:2575/3300 train_loss:3.37910 train_time:3106.922s step_avg:1206.57ms
step:2576/3300 train_loss:3.41339 train_time:3108.121s step_avg:1206.57ms
step:2577/3300 train_loss:3.38063 train_time:3109.324s step_avg:1206.57ms
step:2578/3300 train_loss:3.38598 train_time:3110.543s step_avg:1206.57ms
step:2579/3300 train_loss:3.32873 train_time:3111.747s step_avg:1206.57ms
step:2580/3300 train_loss:3.36679 train_time:3112.940s step_avg:1206.57ms
step:2581/3300 train_loss:3.45178 train_time:3114.153s step_avg:1206.57ms
step:2582/3300 train_loss:3.34912 train_time:3115.357s step_avg:1206.57ms
step:2583/3300 train_loss:3.43544 train_time:3116.562s step_avg:1206.57ms
step:2584/3300 train_loss:3.45332 train_time:3117.775s step_avg:1206.57ms
step:2585/3300 train_loss:3.43315 train_time:3118.975s step_avg:1206.57ms
step:2586/3300 train_loss:3.41226 train_time:3120.198s step_avg:1206.57ms
step:2587/3300 train_loss:3.38940 train_time:3121.402s step_avg:1206.57ms
step:2588/3300 train_loss:3.41758 train_time:3122.605s step_avg:1206.57ms
step:2589/3300 train_loss:3.32805 train_time:3123.803s step_avg:1206.57ms
step:2590/3300 train_loss:3.45382 train_time:3125.011s step_avg:1206.57ms
step:2591/3300 train_loss:3.44276 train_time:3126.223s step_avg:1206.57ms
step:2592/3300 train_loss:3.46672 train_time:3127.421s step_avg:1206.57ms
step:2593/3300 train_loss:3.39999 train_time:3128.619s step_avg:1206.56ms
step:2594/3300 train_loss:3.38916 train_time:3129.816s step_avg:1206.56ms
step:2595/3300 train_loss:3.43594 train_time:3131.037s step_avg:1206.57ms
step:2596/3300 train_loss:3.34488 train_time:3132.240s step_avg:1206.56ms
step:2597/3300 train_loss:3.47961 train_time:3133.443s step_avg:1206.56ms
step:2598/3300 train_loss:3.39502 train_time:3134.658s step_avg:1206.57ms
step:2599/3300 train_loss:3.34492 train_time:3135.875s step_avg:1206.57ms
step:2600/3300 train_loss:3.40700 train_time:3137.086s step_avg:1206.57ms
step:2601/3300 train_loss:3.34321 train_time:3138.297s step_avg:1206.57ms
step:2602/3300 train_loss:3.39721 train_time:3139.496s step_avg:1206.57ms
step:2603/3300 train_loss:3.42116 train_time:3140.710s step_avg:1206.57ms
step:2604/3300 train_loss:3.40357 train_time:3141.918s step_avg:1206.57ms
step:2605/3300 train_loss:3.36937 train_time:3143.125s step_avg:1206.57ms
step:2606/3300 train_loss:3.36637 train_time:3144.339s step_avg:1206.58ms
step:2607/3300 train_loss:3.34694 train_time:3145.559s step_avg:1206.58ms
step:2608/3300 train_loss:3.42150 train_time:3146.772s step_avg:1206.58ms
step:2609/3300 train_loss:3.40071 train_time:3147.966s step_avg:1206.58ms
step:2610/3300 train_loss:3.38245 train_time:3149.166s step_avg:1206.58ms
step:2611/3300 train_loss:3.34756 train_time:3150.372s step_avg:1206.58ms
step:2612/3300 train_loss:3.37521 train_time:3151.586s step_avg:1206.58ms
step:2613/3300 train_loss:3.38958 train_time:3152.804s step_avg:1206.58ms
step:2614/3300 train_loss:3.44241 train_time:3154.016s step_avg:1206.59ms
step:2615/3300 train_loss:3.33535 train_time:3155.222s step_avg:1206.59ms
step:2616/3300 train_loss:3.33464 train_time:3156.431s step_avg:1206.59ms
step:2617/3300 train_loss:3.42211 train_time:3157.640s step_avg:1206.59ms
step:2618/3300 train_loss:3.38372 train_time:3158.840s step_avg:1206.59ms
step:2619/3300 train_loss:3.38831 train_time:3160.069s step_avg:1206.59ms
step:2620/3300 train_loss:3.43544 train_time:3161.269s step_avg:1206.59ms
step:2621/3300 train_loss:3.38925 train_time:3162.472s step_avg:1206.59ms
step:2622/3300 train_loss:3.39513 train_time:3163.669s step_avg:1206.59ms
step:2623/3300 train_loss:3.40115 train_time:3164.867s step_avg:1206.58ms
step:2624/3300 train_loss:3.38945 train_time:3166.072s step_avg:1206.58ms
step:2625/3300 train_loss:3.35931 train_time:3167.273s step_avg:1206.58ms
step:2625/3300 val_loss:3.36932 train_time:3167.274s step_avg:1208.10ms
step:2626/3300 train_loss:3.40929 train_time:3168.483s step_avg:1206.58ms
step:2627/3300 train_loss:3.39071 train_time:3169.684s step_avg:1206.58ms
step:2628/3300 train_loss:3.42852 train_time:3170.886s step_avg:1206.58ms
step:2629/3300 train_loss:3.40225 train_time:3172.085s step_avg:1206.57ms
step:2630/3300 train_loss:3.37495 train_time:3173.282s step_avg:1206.57ms
step:2631/3300 train_loss:3.44238 train_time:3174.481s step_avg:1206.57ms
step:2632/3300 train_loss:3.34581 train_time:3175.694s step_avg:1206.57ms
step:2633/3300 train_loss:3.41441 train_time:3176.896s step_avg:1206.57ms
step:2634/3300 train_loss:3.32318 train_time:3178.106s step_avg:1206.57ms
step:2635/3300 train_loss:3.34580 train_time:3179.310s step_avg:1206.57ms
step:2636/3300 train_loss:3.37926 train_time:3180.514s step_avg:1206.57ms
step:2637/3300 train_loss:3.36921 train_time:3181.710s step_avg:1206.56ms
step:2638/3300 train_loss:3.40634 train_time:3182.914s step_avg:1206.56ms
step:2639/3300 train_loss:3.39086 train_time:3184.119s step_avg:1206.56ms
step:2640/3300 train_loss:3.43545 train_time:3185.315s step_avg:1206.56ms
step:2641/3300 train_loss:3.37385 train_time:3186.519s step_avg:1206.56ms
step:2642/3300 train_loss:3.33933 train_time:3187.730s step_avg:1206.56ms
step:2643/3300 train_loss:3.37590 train_time:3188.936s step_avg:1206.56ms
step:2644/3300 train_loss:3.37598 train_time:3190.168s step_avg:1206.57ms
step:2645/3300 train_loss:3.42521 train_time:3191.377s step_avg:1206.57ms
step:2646/3300 train_loss:3.36691 train_time:3192.583s step_avg:1206.57ms
step:2647/3300 train_loss:3.37512 train_time:3193.793s step_avg:1206.57ms
step:2648/3300 train_loss:3.40132 train_time:3195.004s step_avg:1206.57ms
step:2649/3300 train_loss:3.41834 train_time:3196.200s step_avg:1206.57ms
step:2650/3300 train_loss:3.41599 train_time:3197.407s step_avg:1206.57ms
step:2651/3300 train_loss:3.41100 train_time:3198.618s step_avg:1206.57ms
step:2652/3300 train_loss:3.39343 train_time:3199.817s step_avg:1206.57ms
step:2653/3300 train_loss:3.42078 train_time:3201.019s step_avg:1206.57ms
step:2654/3300 train_loss:3.41599 train_time:3202.218s step_avg:1206.56ms
step:2655/3300 train_loss:3.38109 train_time:3203.431s step_avg:1206.57ms
step:2656/3300 train_loss:3.39550 train_time:3204.640s step_avg:1206.57ms
step:2657/3300 train_loss:3.34647 train_time:3205.855s step_avg:1206.57ms
step:2658/3300 train_loss:3.36873 train_time:3207.053s step_avg:1206.57ms
step:2659/3300 train_loss:3.39225 train_time:3208.276s step_avg:1206.57ms
step:2660/3300 train_loss:3.37017 train_time:3209.480s step_avg:1206.57ms
step:2661/3300 train_loss:3.39404 train_time:3210.710s step_avg:1206.58ms
step:2662/3300 train_loss:3.38368 train_time:3211.912s step_avg:1206.58ms
step:2663/3300 train_loss:3.37133 train_time:3213.117s step_avg:1206.58ms
step:2664/3300 train_loss:3.34491 train_time:3214.324s step_avg:1206.58ms
step:2665/3300 train_loss:3.40017 train_time:3215.526s step_avg:1206.58ms
step:2666/3300 train_loss:3.41343 train_time:3216.718s step_avg:1206.57ms
step:2667/3300 train_loss:3.41297 train_time:3217.921s step_avg:1206.57ms
step:2668/3300 train_loss:3.36467 train_time:3219.122s step_avg:1206.57ms
step:2669/3300 train_loss:3.39681 train_time:3220.318s step_avg:1206.56ms
step:2670/3300 train_loss:3.35695 train_time:3221.520s step_avg:1206.56ms
step:2671/3300 train_loss:3.34593 train_time:3222.725s step_avg:1206.56ms
step:2672/3300 train_loss:3.31457 train_time:3223.926s step_avg:1206.56ms
step:2673/3300 train_loss:3.36476 train_time:3225.127s step_avg:1206.56ms
step:2674/3300 train_loss:3.37924 train_time:3226.329s step_avg:1206.56ms
step:2675/3300 train_loss:3.42739 train_time:3227.521s step_avg:1206.55ms
step:2676/3300 train_loss:3.34925 train_time:3228.777s step_avg:1206.57ms
step:2677/3300 train_loss:3.29276 train_time:3229.977s step_avg:1206.57ms
step:2678/3300 train_loss:3.42795 train_time:3231.177s step_avg:1206.56ms
step:2679/3300 train_loss:3.42927 train_time:3232.384s step_avg:1206.56ms
step:2680/3300 train_loss:3.32456 train_time:3233.586s step_avg:1206.56ms
step:2681/3300 train_loss:3.36514 train_time:3234.788s step_avg:1206.56ms
step:2682/3300 train_loss:3.42176 train_time:3235.999s step_avg:1206.56ms
step:2683/3300 train_loss:3.41596 train_time:3237.220s step_avg:1206.57ms
step:2684/3300 train_loss:3.46069 train_time:3238.439s step_avg:1206.57ms
step:2685/3300 train_loss:3.39919 train_time:3239.641s step_avg:1206.57ms
step:2686/3300 train_loss:3.35327 train_time:3240.841s step_avg:1206.57ms
step:2687/3300 train_loss:3.40298 train_time:3242.038s step_avg:1206.56ms
step:2688/3300 train_loss:3.36148 train_time:3243.242s step_avg:1206.56ms
step:2689/3300 train_loss:3.41242 train_time:3244.454s step_avg:1206.57ms
step:2690/3300 train_loss:3.38970 train_time:3245.661s step_avg:1206.57ms
step:2691/3300 train_loss:3.37463 train_time:3246.871s step_avg:1206.57ms
step:2692/3300 train_loss:3.42678 train_time:3248.076s step_avg:1206.57ms
step:2693/3300 train_loss:3.41979 train_time:3249.302s step_avg:1206.57ms
step:2694/3300 train_loss:3.34971 train_time:3250.507s step_avg:1206.57ms
step:2695/3300 train_loss:3.33131 train_time:3251.704s step_avg:1206.57ms
step:2696/3300 train_loss:3.49160 train_time:3252.919s step_avg:1206.57ms
step:2697/3300 train_loss:3.36341 train_time:3254.140s step_avg:1206.58ms
step:2698/3300 train_loss:3.29108 train_time:3255.344s step_avg:1206.58ms
step:2699/3300 train_loss:3.37507 train_time:3256.548s step_avg:1206.58ms
step:2700/3300 train_loss:3.38436 train_time:3257.758s step_avg:1206.58ms
step:2701/3300 train_loss:3.36878 train_time:3258.968s step_avg:1206.58ms
step:2702/3300 train_loss:3.36798 train_time:3260.167s step_avg:1206.58ms
step:2703/3300 train_loss:3.42637 train_time:3261.362s step_avg:1206.57ms
step:2704/3300 train_loss:3.37005 train_time:3262.590s step_avg:1206.58ms
step:2705/3300 train_loss:3.36758 train_time:3263.789s step_avg:1206.58ms
step:2706/3300 train_loss:3.38953 train_time:3264.993s step_avg:1206.58ms
step:2707/3300 train_loss:3.40369 train_time:3266.216s step_avg:1206.58ms
step:2708/3300 train_loss:3.36030 train_time:3267.427s step_avg:1206.58ms
step:2709/3300 train_loss:3.40702 train_time:3268.636s step_avg:1206.58ms
step:2710/3300 train_loss:3.33897 train_time:3269.858s step_avg:1206.59ms
step:2711/3300 train_loss:3.43649 train_time:3271.060s step_avg:1206.59ms
step:2712/3300 train_loss:3.37790 train_time:3272.269s step_avg:1206.59ms
step:2713/3300 train_loss:3.36317 train_time:3273.465s step_avg:1206.58ms
step:2714/3300 train_loss:3.36789 train_time:3274.667s step_avg:1206.58ms
step:2715/3300 train_loss:3.32612 train_time:3275.882s step_avg:1206.59ms
step:2716/3300 train_loss:3.35638 train_time:3277.093s step_avg:1206.59ms
step:2717/3300 train_loss:3.35658 train_time:3278.302s step_avg:1206.59ms
step:2718/3300 train_loss:3.42123 train_time:3279.520s step_avg:1206.59ms
step:2719/3300 train_loss:3.35838 train_time:3280.720s step_avg:1206.59ms
step:2720/3300 train_loss:3.37881 train_time:3281.920s step_avg:1206.59ms
step:2721/3300 train_loss:3.41410 train_time:3283.135s step_avg:1206.59ms
step:2722/3300 train_loss:3.50018 train_time:3284.340s step_avg:1206.59ms
step:2723/3300 train_loss:3.35064 train_time:3285.550s step_avg:1206.59ms
step:2724/3300 train_loss:3.38085 train_time:3286.753s step_avg:1206.59ms
step:2725/3300 train_loss:3.41697 train_time:3287.976s step_avg:1206.60ms
step:2726/3300 train_loss:3.37068 train_time:3289.201s step_avg:1206.60ms
step:2727/3300 train_loss:3.35481 train_time:3290.400s step_avg:1206.60ms
step:2728/3300 train_loss:3.38443 train_time:3291.601s step_avg:1206.60ms
step:2729/3300 train_loss:3.41205 train_time:3292.810s step_avg:1206.60ms
step:2730/3300 train_loss:3.41623 train_time:3294.017s step_avg:1206.60ms
step:2731/3300 train_loss:3.34090 train_time:3295.232s step_avg:1206.60ms
step:2732/3300 train_loss:3.33048 train_time:3296.429s step_avg:1206.60ms
step:2733/3300 train_loss:3.30086 train_time:3297.639s step_avg:1206.60ms
step:2734/3300 train_loss:3.35849 train_time:3298.860s step_avg:1206.61ms
step:2735/3300 train_loss:3.37386 train_time:3300.078s step_avg:1206.61ms
step:2736/3300 train_loss:3.36598 train_time:3301.283s step_avg:1206.61ms
step:2737/3300 train_loss:3.37532 train_time:3302.500s step_avg:1206.61ms
step:2738/3300 train_loss:3.34725 train_time:3303.708s step_avg:1206.61ms
step:2739/3300 train_loss:3.30924 train_time:3304.915s step_avg:1206.61ms
step:2740/3300 train_loss:3.37815 train_time:3306.131s step_avg:1206.62ms
step:2741/3300 train_loss:3.37508 train_time:3307.330s step_avg:1206.61ms
step:2742/3300 train_loss:3.40615 train_time:3308.529s step_avg:1206.61ms
step:2743/3300 train_loss:3.39658 train_time:3309.735s step_avg:1206.61ms
step:2744/3300 train_loss:3.42292 train_time:3310.928s step_avg:1206.61ms
step:2745/3300 train_loss:3.32717 train_time:3312.120s step_avg:1206.60ms
step:2746/3300 train_loss:3.37177 train_time:3313.332s step_avg:1206.60ms
step:2747/3300 train_loss:3.35387 train_time:3314.543s step_avg:1206.60ms
step:2748/3300 train_loss:3.38598 train_time:3315.759s step_avg:1206.61ms
step:2749/3300 train_loss:3.37450 train_time:3316.986s step_avg:1206.62ms
step:2750/3300 train_loss:3.39148 train_time:3318.201s step_avg:1206.62ms
step:2750/3300 val_loss:3.34978 train_time:3318.201s step_avg:1207.42ms
step:2751/3300 train_loss:3.34326 train_time:3319.397s step_avg:1206.61ms
step:2752/3300 train_loss:3.32235 train_time:3320.632s step_avg:1206.62ms
step:2753/3300 train_loss:3.34098 train_time:3321.854s step_avg:1206.63ms
step:2754/3300 train_loss:3.33566 train_time:3323.056s step_avg:1206.63ms
step:2755/3300 train_loss:3.30784 train_time:3324.256s step_avg:1206.63ms
step:2756/3300 train_loss:3.34341 train_time:3325.462s step_avg:1206.63ms
step:2757/3300 train_loss:3.43242 train_time:3326.674s step_avg:1206.63ms
step:2758/3300 train_loss:3.32757 train_time:3327.888s step_avg:1206.63ms
step:2759/3300 train_loss:3.35149 train_time:3329.096s step_avg:1206.63ms
step:2760/3300 train_loss:3.37974 train_time:3330.311s step_avg:1206.63ms
step:2761/3300 train_loss:3.37862 train_time:3331.508s step_avg:1206.63ms
step:2762/3300 train_loss:3.32635 train_time:3332.723s step_avg:1206.63ms
step:2763/3300 train_loss:3.37168 train_time:3333.926s step_avg:1206.63ms
step:2764/3300 train_loss:3.40907 train_time:3335.142s step_avg:1206.64ms
step:2765/3300 train_loss:3.34207 train_time:3336.382s step_avg:1206.65ms
step:2766/3300 train_loss:3.32964 train_time:3337.603s step_avg:1206.65ms
step:2767/3300 train_loss:3.35454 train_time:3338.805s step_avg:1206.65ms
step:2768/3300 train_loss:3.36590 train_time:3340.012s step_avg:1206.65ms
step:2769/3300 train_loss:3.33819 train_time:3341.216s step_avg:1206.65ms
step:2770/3300 train_loss:3.28190 train_time:3342.429s step_avg:1206.65ms
step:2771/3300 train_loss:3.47675 train_time:3343.621s step_avg:1206.65ms
step:2772/3300 train_loss:3.33969 train_time:3344.827s step_avg:1206.65ms
step:2773/3300 train_loss:3.32386 train_time:3346.048s step_avg:1206.65ms
step:2774/3300 train_loss:3.34074 train_time:3347.244s step_avg:1206.65ms
step:2775/3300 train_loss:3.37655 train_time:3348.452s step_avg:1206.65ms
step:2776/3300 train_loss:3.42950 train_time:3349.646s step_avg:1206.64ms
step:2777/3300 train_loss:3.41900 train_time:3350.862s step_avg:1206.65ms
step:2778/3300 train_loss:3.39520 train_time:3352.062s step_avg:1206.65ms
step:2779/3300 train_loss:3.36091 train_time:3353.264s step_avg:1206.64ms
step:2780/3300 train_loss:3.37327 train_time:3354.465s step_avg:1206.64ms
step:2781/3300 train_loss:3.33281 train_time:3355.677s step_avg:1206.64ms
step:2782/3300 train_loss:3.37627 train_time:3356.905s step_avg:1206.65ms
step:2783/3300 train_loss:3.37377 train_time:3358.112s step_avg:1206.65ms
step:2784/3300 train_loss:3.37628 train_time:3359.330s step_avg:1206.66ms
step:2785/3300 train_loss:3.33728 train_time:3360.556s step_avg:1206.66ms
step:2786/3300 train_loss:3.37841 train_time:3361.777s step_avg:1206.67ms
step:2787/3300 train_loss:3.38625 train_time:3362.983s step_avg:1206.67ms
step:2788/3300 train_loss:3.40074 train_time:3364.185s step_avg:1206.67ms
step:2789/3300 train_loss:3.40216 train_time:3365.429s step_avg:1206.68ms
step:2790/3300 train_loss:3.34550 train_time:3366.649s step_avg:1206.68ms
step:2791/3300 train_loss:3.32619 train_time:3367.877s step_avg:1206.69ms
step:2792/3300 train_loss:3.36874 train_time:3369.103s step_avg:1206.70ms
step:2793/3300 train_loss:3.43173 train_time:3370.330s step_avg:1206.71ms
step:2794/3300 train_loss:3.32783 train_time:3371.551s step_avg:1206.71ms
step:2795/3300 train_loss:3.42122 train_time:3372.760s step_avg:1206.71ms
step:2796/3300 train_loss:3.33206 train_time:3373.965s step_avg:1206.71ms
step:2797/3300 train_loss:3.37693 train_time:3375.176s step_avg:1206.71ms
step:2798/3300 train_loss:3.34531 train_time:3376.404s step_avg:1206.72ms
step:2799/3300 train_loss:3.37120 train_time:3377.610s step_avg:1206.72ms
step:2800/3300 train_loss:3.40455 train_time:3378.811s step_avg:1206.72ms
step:2801/3300 train_loss:3.38546 train_time:3380.016s step_avg:1206.72ms
step:2802/3300 train_loss:3.31630 train_time:3381.212s step_avg:1206.71ms
step:2803/3300 train_loss:3.40547 train_time:3382.408s step_avg:1206.71ms
step:2804/3300 train_loss:3.47149 train_time:3383.613s step_avg:1206.71ms
step:2805/3300 train_loss:3.33464 train_time:3384.815s step_avg:1206.71ms
step:2806/3300 train_loss:3.44130 train_time:3386.047s step_avg:1206.72ms
step:2807/3300 train_loss:3.39562 train_time:3387.291s step_avg:1206.73ms
step:2808/3300 train_loss:3.34839 train_time:3388.497s step_avg:1206.73ms
step:2809/3300 train_loss:3.39567 train_time:3389.699s step_avg:1206.73ms
step:2810/3300 train_loss:3.36194 train_time:3390.910s step_avg:1206.73ms
step:2811/3300 train_loss:3.39068 train_time:3392.170s step_avg:1206.75ms
step:2812/3300 train_loss:3.31450 train_time:3393.369s step_avg:1206.75ms
step:2813/3300 train_loss:3.39841 train_time:3394.572s step_avg:1206.74ms
step:2814/3300 train_loss:3.34713 train_time:3395.790s step_avg:1206.75ms
step:2815/3300 train_loss:3.26434 train_time:3397.000s step_avg:1206.75ms
step:2816/3300 train_loss:3.31665 train_time:3398.220s step_avg:1206.75ms
step:2817/3300 train_loss:3.37062 train_time:3399.421s step_avg:1206.75ms
step:2818/3300 train_loss:3.36710 train_time:3400.629s step_avg:1206.75ms
step:2819/3300 train_loss:3.38013 train_time:3401.836s step_avg:1206.75ms
step:2820/3300 train_loss:3.37525 train_time:3403.029s step_avg:1206.75ms
step:2821/3300 train_loss:3.40883 train_time:3404.225s step_avg:1206.74ms
step:2822/3300 train_loss:3.37190 train_time:3405.432s step_avg:1206.74ms
step:2823/3300 train_loss:3.34375 train_time:3406.636s step_avg:1206.74ms
step:2824/3300 train_loss:3.29193 train_time:3407.834s step_avg:1206.74ms
step:2825/3300 train_loss:3.38423 train_time:3409.037s step_avg:1206.74ms
step:2826/3300 train_loss:3.34460 train_time:3410.248s step_avg:1206.74ms
step:2827/3300 train_loss:3.35850 train_time:3411.491s step_avg:1206.75ms
step:2828/3300 train_loss:3.34728 train_time:3412.687s step_avg:1206.75ms
step:2829/3300 train_loss:3.35424 train_time:3413.886s step_avg:1206.75ms
step:2830/3300 train_loss:3.38210 train_time:3415.090s step_avg:1206.75ms
step:2831/3300 train_loss:3.36995 train_time:3416.292s step_avg:1206.74ms
step:2832/3300 train_loss:3.37512 train_time:3417.495s step_avg:1206.74ms
step:2833/3300 train_loss:3.46327 train_time:3418.708s step_avg:1206.74ms
step:2834/3300 train_loss:3.35759 train_time:3419.911s step_avg:1206.74ms
step:2835/3300 train_loss:3.40205 train_time:3421.120s step_avg:1206.74ms
step:2836/3300 train_loss:3.34246 train_time:3422.319s step_avg:1206.74ms
step:2837/3300 train_loss:3.34954 train_time:3423.521s step_avg:1206.74ms
step:2838/3300 train_loss:3.38814 train_time:3424.758s step_avg:1206.75ms
step:2839/3300 train_loss:3.36919 train_time:3425.956s step_avg:1206.75ms
step:2840/3300 train_loss:3.34112 train_time:3427.151s step_avg:1206.74ms
step:2841/3300 train_loss:3.37545 train_time:3428.365s step_avg:1206.75ms
step:2842/3300 train_loss:3.36325 train_time:3429.640s step_avg:1206.77ms
step:2843/3300 train_loss:3.36376 train_time:3430.846s step_avg:1206.77ms
step:2844/3300 train_loss:3.46147 train_time:3432.050s step_avg:1206.77ms
step:2845/3300 train_loss:3.32594 train_time:3433.250s step_avg:1206.77ms
step:2846/3300 train_loss:3.32589 train_time:3434.450s step_avg:1206.76ms
step:2847/3300 train_loss:3.34707 train_time:3435.694s step_avg:1206.78ms
step:2848/3300 train_loss:3.37675 train_time:3436.908s step_avg:1206.78ms
step:2849/3300 train_loss:3.33486 train_time:3438.117s step_avg:1206.78ms
step:2850/3300 train_loss:3.36300 train_time:3439.328s step_avg:1206.78ms
step:2851/3300 train_loss:3.30991 train_time:3440.566s step_avg:1206.79ms
step:2852/3300 train_loss:3.36775 train_time:3441.782s step_avg:1206.80ms
step:2853/3300 train_loss:3.32343 train_time:3442.989s step_avg:1206.80ms
step:2854/3300 train_loss:3.33327 train_time:3444.193s step_avg:1206.79ms
step:2855/3300 train_loss:3.38070 train_time:3445.405s step_avg:1206.80ms
step:2856/3300 train_loss:3.44740 train_time:3446.616s step_avg:1206.80ms
step:2857/3300 train_loss:3.35857 train_time:3447.877s step_avg:1206.82ms
step:2858/3300 train_loss:3.39713 train_time:3449.083s step_avg:1206.82ms
step:2859/3300 train_loss:3.34403 train_time:3450.290s step_avg:1206.82ms
step:2860/3300 train_loss:3.31170 train_time:3451.494s step_avg:1206.82ms
step:2861/3300 train_loss:3.43001 train_time:3452.692s step_avg:1206.81ms
step:2862/3300 train_loss:3.39519 train_time:3453.887s step_avg:1206.81ms
step:2863/3300 train_loss:3.40468 train_time:3455.092s step_avg:1206.81ms
step:2864/3300 train_loss:3.33785 train_time:3456.299s step_avg:1206.81ms
step:2865/3300 train_loss:3.38369 train_time:3457.497s step_avg:1206.81ms
step:2866/3300 train_loss:3.29773 train_time:3458.706s step_avg:1206.81ms
step:2867/3300 train_loss:3.33685 train_time:3459.920s step_avg:1206.81ms
step:2868/3300 train_loss:3.36741 train_time:3461.191s step_avg:1206.83ms
step:2869/3300 train_loss:3.32895 train_time:3462.392s step_avg:1206.83ms
step:2870/3300 train_loss:3.33646 train_time:3463.593s step_avg:1206.83ms
step:2871/3300 train_loss:3.33033 train_time:3464.814s step_avg:1206.83ms
step:2872/3300 train_loss:3.31016 train_time:3466.021s step_avg:1206.83ms
step:2873/3300 train_loss:3.26613 train_time:3467.226s step_avg:1206.83ms
step:2874/3300 train_loss:3.37416 train_time:3468.436s step_avg:1206.83ms
step:2875/3300 train_loss:3.41304 train_time:3469.660s step_avg:1206.84ms
step:2875/3300 val_loss:3.33028 train_time:3469.660s step_avg:1211.67ms
step:2876/3300 train_loss:3.35759 train_time:3470.861s step_avg:1206.84ms
step:2877/3300 train_loss:3.34259 train_time:3472.067s step_avg:1206.84ms
step:2878/3300 train_loss:3.37926 train_time:3473.274s step_avg:1206.84ms
step:2879/3300 train_loss:3.36948 train_time:3474.486s step_avg:1206.84ms
step:2880/3300 train_loss:3.33746 train_time:3475.685s step_avg:1206.84ms
step:2881/3300 train_loss:3.32020 train_time:3476.883s step_avg:1206.83ms
step:2882/3300 train_loss:3.38829 train_time:3478.098s step_avg:1206.83ms
step:2883/3300 train_loss:3.32944 train_time:3479.317s step_avg:1206.84ms
step:2884/3300 train_loss:3.35678 train_time:3480.519s step_avg:1206.84ms
step:2885/3300 train_loss:3.31544 train_time:3481.717s step_avg:1206.83ms
step:2886/3300 train_loss:3.35817 train_time:3482.941s step_avg:1206.84ms
step:2887/3300 train_loss:3.42251 train_time:3484.166s step_avg:1206.85ms
step:2888/3300 train_loss:3.41471 train_time:3485.382s step_avg:1206.85ms
step:2889/3300 train_loss:3.48534 train_time:3486.585s step_avg:1206.85ms
step:2890/3300 train_loss:3.31049 train_time:3487.804s step_avg:1206.85ms
step:2891/3300 train_loss:3.35007 train_time:3489.030s step_avg:1206.86ms
step:2892/3300 train_loss:3.28161 train_time:3490.226s step_avg:1206.86ms
step:2893/3300 train_loss:3.29939 train_time:3491.428s step_avg:1206.85ms
step:2894/3300 train_loss:3.33428 train_time:3492.639s step_avg:1206.86ms
step:2895/3300 train_loss:3.40398 train_time:3493.850s step_avg:1206.86ms
step:2896/3300 train_loss:3.39527 train_time:3495.053s step_avg:1206.86ms
step:2897/3300 train_loss:3.31472 train_time:3496.253s step_avg:1206.85ms
step:2898/3300 train_loss:3.56674 train_time:3497.479s step_avg:1206.86ms
step:2899/3300 train_loss:3.35054 train_time:3498.686s step_avg:1206.86ms
step:2900/3300 train_loss:3.36415 train_time:3499.890s step_avg:1206.86ms
step:2901/3300 train_loss:3.32764 train_time:3501.087s step_avg:1206.86ms
step:2902/3300 train_loss:3.42765 train_time:3502.351s step_avg:1206.87ms
step:2903/3300 train_loss:3.32330 train_time:3503.580s step_avg:1206.88ms
step:2904/3300 train_loss:3.37708 train_time:3504.786s step_avg:1206.88ms
step:2905/3300 train_loss:3.40144 train_time:3505.985s step_avg:1206.88ms
step:2906/3300 train_loss:3.35017 train_time:3507.190s step_avg:1206.88ms
step:2907/3300 train_loss:3.36848 train_time:3508.387s step_avg:1206.88ms
step:2908/3300 train_loss:3.38329 train_time:3509.586s step_avg:1206.87ms
step:2909/3300 train_loss:3.40922 train_time:3510.781s step_avg:1206.87ms
step:2910/3300 train_loss:3.35654 train_time:3511.984s step_avg:1206.87ms
step:2911/3300 train_loss:3.33857 train_time:3513.203s step_avg:1206.87ms
step:2912/3300 train_loss:3.31614 train_time:3514.434s step_avg:1206.88ms
step:2913/3300 train_loss:3.40068 train_time:3515.640s step_avg:1206.88ms
step:2914/3300 train_loss:3.36013 train_time:3516.842s step_avg:1206.88ms
step:2915/3300 train_loss:3.36178 train_time:3518.042s step_avg:1206.88ms
step:2916/3300 train_loss:3.33828 train_time:3519.248s step_avg:1206.88ms
step:2917/3300 train_loss:3.40779 train_time:3520.449s step_avg:1206.87ms
step:2918/3300 train_loss:3.24114 train_time:3521.647s step_avg:1206.87ms
step:2919/3300 train_loss:3.30714 train_time:3522.866s step_avg:1206.87ms
step:2920/3300 train_loss:3.27841 train_time:3524.076s step_avg:1206.88ms
step:2921/3300 train_loss:3.36007 train_time:3525.281s step_avg:1206.87ms
step:2922/3300 train_loss:3.49486 train_time:3526.499s step_avg:1206.88ms
step:2923/3300 train_loss:3.35401 train_time:3527.706s step_avg:1206.88ms
step:2924/3300 train_loss:3.31008 train_time:3528.914s step_avg:1206.88ms
step:2925/3300 train_loss:3.35725 train_time:3530.109s step_avg:1206.87ms
step:2926/3300 train_loss:3.36601 train_time:3531.306s step_avg:1206.87ms
step:2927/3300 train_loss:3.29404 train_time:3532.508s step_avg:1206.87ms
step:2928/3300 train_loss:3.39390 train_time:3533.723s step_avg:1206.87ms
step:2929/3300 train_loss:3.29918 train_time:3534.925s step_avg:1206.87ms
step:2930/3300 train_loss:3.41319 train_time:3536.128s step_avg:1206.87ms
step:2931/3300 train_loss:3.36724 train_time:3537.330s step_avg:1206.87ms
step:2932/3300 train_loss:3.36331 train_time:3538.535s step_avg:1206.87ms
step:2933/3300 train_loss:3.58137 train_time:3539.734s step_avg:1206.86ms
step:2934/3300 train_loss:3.33756 train_time:3540.926s step_avg:1206.86ms
step:2935/3300 train_loss:3.46175 train_time:3542.137s step_avg:1206.86ms
step:2936/3300 train_loss:3.38959 train_time:3543.346s step_avg:1206.86ms
step:2937/3300 train_loss:3.33645 train_time:3544.549s step_avg:1206.86ms
step:2938/3300 train_loss:3.37327 train_time:3545.761s step_avg:1206.86ms
step:2939/3300 train_loss:3.38259 train_time:3546.958s step_avg:1206.86ms
step:2940/3300 train_loss:3.31208 train_time:3548.169s step_avg:1206.86ms
step:2941/3300 train_loss:3.31911 train_time:3549.367s step_avg:1206.86ms
step:2942/3300 train_loss:3.27681 train_time:3550.566s step_avg:1206.85ms
step:2943/3300 train_loss:3.31909 train_time:3551.764s step_avg:1206.85ms
step:2944/3300 train_loss:3.27081 train_time:3552.980s step_avg:1206.85ms
step:2945/3300 train_loss:3.35893 train_time:3554.189s step_avg:1206.86ms
step:2946/3300 train_loss:3.34485 train_time:3555.389s step_avg:1206.85ms
step:2947/3300 train_loss:3.31895 train_time:3556.598s step_avg:1206.85ms
step:2948/3300 train_loss:3.37010 train_time:3557.790s step_avg:1206.85ms
step:2949/3300 train_loss:3.30664 train_time:3559.014s step_avg:1206.85ms
step:2950/3300 train_loss:3.32266 train_time:3560.203s step_avg:1206.85ms
step:2951/3300 train_loss:3.37522 train_time:3561.402s step_avg:1206.85ms
step:2952/3300 train_loss:3.29246 train_time:3562.615s step_avg:1206.85ms
step:2953/3300 train_loss:3.37609 train_time:3563.810s step_avg:1206.84ms
step:2954/3300 train_loss:3.36310 train_time:3565.023s step_avg:1206.85ms
step:2955/3300 train_loss:3.33482 train_time:3566.227s step_avg:1206.85ms
step:2956/3300 train_loss:3.33519 train_time:3567.433s step_avg:1206.84ms
step:2957/3300 train_loss:3.34390 train_time:3568.690s step_avg:1206.86ms
step:2958/3300 train_loss:3.35832 train_time:3569.889s step_avg:1206.86ms
step:2959/3300 train_loss:3.27444 train_time:3571.097s step_avg:1206.86ms
step:2960/3300 train_loss:3.32436 train_time:3572.301s step_avg:1206.86ms
step:2961/3300 train_loss:3.39692 train_time:3573.522s step_avg:1206.86ms
step:2962/3300 train_loss:3.29614 train_time:3574.730s step_avg:1206.86ms
step:2963/3300 train_loss:3.26290 train_time:3575.940s step_avg:1206.86ms
step:2964/3300 train_loss:3.29381 train_time:3577.135s step_avg:1206.86ms
step:2965/3300 train_loss:3.34890 train_time:3578.350s step_avg:1206.86ms
step:2966/3300 train_loss:3.28648 train_time:3579.557s step_avg:1206.86ms
step:2967/3300 train_loss:3.34458 train_time:3580.751s step_avg:1206.86ms
step:2968/3300 train_loss:3.32608 train_time:3581.952s step_avg:1206.86ms
step:2969/3300 train_loss:3.49998 train_time:3583.158s step_avg:1206.86ms
step:2970/3300 train_loss:3.32757 train_time:3584.363s step_avg:1206.86ms
step:2971/3300 train_loss:3.38368 train_time:3585.578s step_avg:1206.86ms
step:2972/3300 train_loss:3.30386 train_time:3586.789s step_avg:1206.86ms
step:2973/3300 train_loss:3.35959 train_time:3588.001s step_avg:1206.86ms
step:2974/3300 train_loss:3.25877 train_time:3589.212s step_avg:1206.86ms
step:2975/3300 train_loss:3.32215 train_time:3590.415s step_avg:1206.86ms
step:2976/3300 train_loss:3.33217 train_time:3591.626s step_avg:1206.86ms
step:2977/3300 train_loss:3.30609 train_time:3592.834s step_avg:1206.86ms
step:2978/3300 train_loss:3.39889 train_time:3594.042s step_avg:1206.86ms
step:2979/3300 train_loss:3.32296 train_time:3595.257s step_avg:1206.87ms
step:2980/3300 train_loss:3.36623 train_time:3596.454s step_avg:1206.86ms
step:2981/3300 train_loss:3.32307 train_time:3597.678s step_avg:1206.87ms
step:2982/3300 train_loss:3.38009 train_time:3598.878s step_avg:1206.87ms
step:2983/3300 train_loss:3.33830 train_time:3600.080s step_avg:1206.87ms
step:2984/3300 train_loss:3.36885 train_time:3601.284s step_avg:1206.86ms
step:2985/3300 train_loss:3.37213 train_time:3602.516s step_avg:1206.87ms
step:2986/3300 train_loss:3.36255 train_time:3603.724s step_avg:1206.87ms
step:2987/3300 train_loss:3.28857 train_time:3604.931s step_avg:1206.87ms
step:2988/3300 train_loss:3.24845 train_time:3606.147s step_avg:1206.88ms
step:2989/3300 train_loss:3.39226 train_time:3607.384s step_avg:1206.89ms
step:2990/3300 train_loss:3.35286 train_time:3608.594s step_avg:1206.89ms
step:2991/3300 train_loss:3.30242 train_time:3609.804s step_avg:1206.89ms
step:2992/3300 train_loss:3.31335 train_time:3611.006s step_avg:1206.89ms
step:2993/3300 train_loss:3.31112 train_time:3612.233s step_avg:1206.89ms
step:2994/3300 train_loss:3.29690 train_time:3613.438s step_avg:1206.89ms
step:2995/3300 train_loss:3.38522 train_time:3614.720s step_avg:1206.92ms
step:2996/3300 train_loss:3.27426 train_time:3615.927s step_avg:1206.92ms
step:2997/3300 train_loss:3.28486 train_time:3617.126s step_avg:1206.92ms
step:2998/3300 train_loss:3.35466 train_time:3618.335s step_avg:1206.92ms
step:2999/3300 train_loss:3.38959 train_time:3619.546s step_avg:1206.92ms
step:3000/3300 train_loss:3.35274 train_time:3620.745s step_avg:1206.91ms
step:3000/3300 val_loss:3.31183 train_time:3620.745s step_avg:1208.68ms
step:3001/3300 train_loss:3.31616 train_time:3621.949s step_avg:1206.91ms
step:3002/3300 train_loss:3.32631 train_time:3623.147s step_avg:1206.91ms
step:3003/3300 train_loss:3.30746 train_time:3624.349s step_avg:1206.91ms
step:3004/3300 train_loss:3.36489 train_time:3625.558s step_avg:1206.91ms
step:3005/3300 train_loss:3.33081 train_time:3626.772s step_avg:1206.91ms
step:3006/3300 train_loss:3.29413 train_time:3627.978s step_avg:1206.91ms
step:3007/3300 train_loss:3.31266 train_time:3629.193s step_avg:1206.91ms
step:3008/3300 train_loss:3.36266 train_time:3630.404s step_avg:1206.92ms
step:3009/3300 train_loss:3.29864 train_time:3631.628s step_avg:1206.92ms
step:3010/3300 train_loss:3.34793 train_time:3632.830s step_avg:1206.92ms
step:3011/3300 train_loss:3.34540 train_time:3634.034s step_avg:1206.92ms
step:3012/3300 train_loss:3.30322 train_time:3635.251s step_avg:1206.92ms
step:3013/3300 train_loss:3.38123 train_time:3636.467s step_avg:1206.93ms
step:3014/3300 train_loss:3.35907 train_time:3637.674s step_avg:1206.93ms
step:3015/3300 train_loss:3.33907 train_time:3638.898s step_avg:1206.93ms
step:3016/3300 train_loss:3.32673 train_time:3640.113s step_avg:1206.93ms
step:3017/3300 train_loss:3.33256 train_time:3641.323s step_avg:1206.93ms
step:3018/3300 train_loss:3.26931 train_time:3642.519s step_avg:1206.93ms
step:3019/3300 train_loss:3.33865 train_time:3643.723s step_avg:1206.93ms
step:3020/3300 train_loss:3.34135 train_time:3644.925s step_avg:1206.93ms
step:3021/3300 train_loss:3.29362 train_time:3646.133s step_avg:1206.93ms
step:3022/3300 train_loss:3.31222 train_time:3647.353s step_avg:1206.93ms
step:3023/3300 train_loss:3.27045 train_time:3648.571s step_avg:1206.94ms
step:3024/3300 train_loss:3.33700 train_time:3649.782s step_avg:1206.94ms
step:3025/3300 train_loss:3.32356 train_time:3650.987s step_avg:1206.94ms
step:3025/3300 val_loss:3.30744 train_time:3650.987s step_avg:1209.69ms
step:3026/3300 train_loss:3.28392 train_time:3652.221s step_avg:1206.95ms
step:3027/3300 train_loss:3.34546 train_time:3653.446s step_avg:1206.95ms
step:3028/3300 train_loss:3.24753 train_time:3654.645s step_avg:1206.95ms
step:3029/3300 train_loss:3.38094 train_time:3655.848s step_avg:1206.95ms
step:3030/3300 train_loss:3.21533 train_time:3657.056s step_avg:1206.95ms
step:3031/3300 train_loss:3.26252 train_time:3658.262s step_avg:1206.95ms
step:3032/3300 train_loss:3.35750 train_time:3659.469s step_avg:1206.95ms
step:3033/3300 train_loss:3.32865 train_time:3660.673s step_avg:1206.95ms
step:3034/3300 train_loss:3.28717 train_time:3661.871s step_avg:1206.94ms
step:3035/3300 train_loss:3.25811 train_time:3663.078s step_avg:1206.94ms
step:3036/3300 train_loss:3.31188 train_time:3664.289s step_avg:1206.95ms
step:3037/3300 train_loss:3.29659 train_time:3665.508s step_avg:1206.95ms
step:3038/3300 train_loss:3.29793 train_time:3666.710s step_avg:1206.95ms
step:3039/3300 train_loss:3.31123 train_time:3667.925s step_avg:1206.95ms
step:3040/3300 train_loss:3.33677 train_time:3669.155s step_avg:1206.96ms
step:3041/3300 train_loss:3.24251 train_time:3670.390s step_avg:1206.97ms
step:3042/3300 train_loss:3.26880 train_time:3671.596s step_avg:1206.97ms
step:3043/3300 train_loss:3.35601 train_time:3672.800s step_avg:1206.97ms
step:3044/3300 train_loss:3.41819 train_time:3674.016s step_avg:1206.97ms
step:3045/3300 train_loss:3.26805 train_time:3675.216s step_avg:1206.97ms
step:3046/3300 train_loss:3.27758 train_time:3676.412s step_avg:1206.96ms
step:3047/3300 train_loss:3.32559 train_time:3677.619s step_avg:1206.96ms
step:3048/3300 train_loss:3.27142 train_time:3678.825s step_avg:1206.96ms
step:3049/3300 train_loss:3.28910 train_time:3680.030s step_avg:1206.96ms
step:3050/3300 train_loss:3.30963 train_time:3681.239s step_avg:1206.96ms
step:3050/3300 val_loss:3.30406 train_time:3681.240s step_avg:1210.10ms
step:3051/3300 train_loss:3.26645 train_time:3682.438s step_avg:1206.96ms
step:3052/3300 train_loss:3.33600 train_time:3683.643s step_avg:1206.96ms
step:3053/3300 train_loss:3.31047 train_time:3684.847s step_avg:1206.96ms
step:3054/3300 train_loss:3.35092 train_time:3686.066s step_avg:1206.96ms
step:3055/3300 train_loss:3.36368 train_time:3687.272s step_avg:1206.96ms
step:3056/3300 train_loss:3.24420 train_time:3688.473s step_avg:1206.96ms
step:3057/3300 train_loss:3.30438 train_time:3689.679s step_avg:1206.96ms
step:3058/3300 train_loss:3.34735 train_time:3690.890s step_avg:1206.96ms
step:3059/3300 train_loss:3.37733 train_time:3692.095s step_avg:1206.96ms
step:3060/3300 train_loss:3.28570 train_time:3693.294s step_avg:1206.96ms
step:3061/3300 train_loss:3.32634 train_time:3694.501s step_avg:1206.96ms
step:3062/3300 train_loss:3.31612 train_time:3695.752s step_avg:1206.97ms
step:3063/3300 train_loss:3.35561 train_time:3696.968s step_avg:1206.98ms
step:3064/3300 train_loss:3.28841 train_time:3698.186s step_avg:1206.98ms
step:3065/3300 train_loss:3.33121 train_time:3699.400s step_avg:1206.98ms
step:3066/3300 train_loss:3.26421 train_time:3700.617s step_avg:1206.99ms
step:3067/3300 train_loss:3.25614 train_time:3701.818s step_avg:1206.98ms
step:3068/3300 train_loss:3.30137 train_time:3703.018s step_avg:1206.98ms
step:3069/3300 train_loss:3.33988 train_time:3704.240s step_avg:1206.99ms
step:3070/3300 train_loss:3.33117 train_time:3705.464s step_avg:1206.99ms
step:3071/3300 train_loss:3.35953 train_time:3706.682s step_avg:1206.99ms
step:3072/3300 train_loss:3.35458 train_time:3707.919s step_avg:1207.00ms
step:3073/3300 train_loss:3.27050 train_time:3709.183s step_avg:1207.02ms
step:3074/3300 train_loss:3.36046 train_time:3710.388s step_avg:1207.02ms
step:3075/3300 train_loss:3.28478 train_time:3711.604s step_avg:1207.03ms
step:3075/3300 val_loss:3.30080 train_time:3711.604s step_avg:1214.58ms
step:3076/3300 train_loss:3.35216 train_time:3712.828s step_avg:1207.03ms
step:3077/3300 train_loss:3.31913 train_time:3714.035s step_avg:1207.03ms
step:3078/3300 train_loss:3.39007 train_time:3715.245s step_avg:1207.03ms
step:3079/3300 train_loss:3.27447 train_time:3716.439s step_avg:1207.03ms
step:3080/3300 train_loss:3.33626 train_time:3717.652s step_avg:1207.03ms
step:3081/3300 train_loss:3.28521 train_time:3718.875s step_avg:1207.03ms
step:3082/3300 train_loss:3.28208 train_time:3720.085s step_avg:1207.04ms
step:3083/3300 train_loss:3.32180 train_time:3721.290s step_avg:1207.04ms
step:3084/3300 train_loss:3.29796 train_time:3722.500s step_avg:1207.04ms
step:3085/3300 train_loss:3.38794 train_time:3723.703s step_avg:1207.03ms
step:3086/3300 train_loss:3.31350 train_time:3724.904s step_avg:1207.03ms
step:3087/3300 train_loss:3.31479 train_time:3726.108s step_avg:1207.03ms
step:3088/3300 train_loss:3.30942 train_time:3727.318s step_avg:1207.03ms
step:3089/3300 train_loss:3.30880 train_time:3728.526s step_avg:1207.03ms
step:3090/3300 train_loss:3.34964 train_time:3729.725s step_avg:1207.03ms
step:3091/3300 train_loss:3.42348 train_time:3730.938s step_avg:1207.03ms
step:3092/3300 train_loss:3.34668 train_time:3732.164s step_avg:1207.04ms
step:3093/3300 train_loss:3.26661 train_time:3733.370s step_avg:1207.04ms
step:3094/3300 train_loss:3.34369 train_time:3734.586s step_avg:1207.04ms
step:3095/3300 train_loss:3.32322 train_time:3735.785s step_avg:1207.04ms
step:3096/3300 train_loss:3.31878 train_time:3736.990s step_avg:1207.04ms
step:3097/3300 train_loss:3.30581 train_time:3738.196s step_avg:1207.04ms
step:3098/3300 train_loss:3.25947 train_time:3739.410s step_avg:1207.04ms
step:3099/3300 train_loss:3.33023 train_time:3740.611s step_avg:1207.04ms
step:3100/3300 train_loss:3.24902 train_time:3741.821s step_avg:1207.04ms
step:3100/3300 val_loss:3.29755 train_time:3741.821s step_avg:1208.69ms
step:3101/3300 train_loss:3.29430 train_time:3743.031s step_avg:1207.04ms
step:3102/3300 train_loss:3.22209 train_time:3744.245s step_avg:1207.04ms
step:3103/3300 train_loss:3.35120 train_time:3745.474s step_avg:1207.05ms
step:3104/3300 train_loss:3.26642 train_time:3746.679s step_avg:1207.05ms
step:3105/3300 train_loss:3.30174 train_time:3747.883s step_avg:1207.05ms
step:3106/3300 train_loss:3.20512 train_time:3749.087s step_avg:1207.05ms
step:3107/3300 train_loss:3.19272 train_time:3750.305s step_avg:1207.05ms
step:3108/3300 train_loss:3.30515 train_time:3751.532s step_avg:1207.06ms
step:3109/3300 train_loss:3.30032 train_time:3752.737s step_avg:1207.06ms
step:3110/3300 train_loss:3.31144 train_time:3753.950s step_avg:1207.06ms
step:3111/3300 train_loss:3.24639 train_time:3755.160s step_avg:1207.06ms
step:3112/3300 train_loss:3.34319 train_time:3756.387s step_avg:1207.07ms
step:3113/3300 train_loss:3.25333 train_time:3757.600s step_avg:1207.07ms
step:3114/3300 train_loss:3.32042 train_time:3758.807s step_avg:1207.07ms
step:3115/3300 train_loss:3.32925 train_time:3760.025s step_avg:1207.07ms
step:3116/3300 train_loss:3.43527 train_time:3761.228s step_avg:1207.07ms
step:3117/3300 train_loss:3.29217 train_time:3762.435s step_avg:1207.07ms
step:3118/3300 train_loss:3.31198 train_time:3763.632s step_avg:1207.07ms
step:3119/3300 train_loss:3.30276 train_time:3764.846s step_avg:1207.07ms
step:3120/3300 train_loss:3.25641 train_time:3766.095s step_avg:1207.08ms
step:3121/3300 train_loss:3.35144 train_time:3767.320s step_avg:1207.09ms
step:3122/3300 train_loss:3.32340 train_time:3768.538s step_avg:1207.09ms
step:3123/3300 train_loss:3.31631 train_time:3769.748s step_avg:1207.09ms
step:3124/3300 train_loss:3.19373 train_time:3770.974s step_avg:1207.10ms
step:3125/3300 train_loss:3.31084 train_time:3772.173s step_avg:1207.10ms
step:3125/3300 val_loss:3.29465 train_time:3772.174s step_avg:1214.09ms
step:3126/3300 train_loss:3.26101 train_time:3773.372s step_avg:1207.09ms
step:3127/3300 train_loss:3.41009 train_time:3774.576s step_avg:1207.09ms
step:3128/3300 train_loss:3.30503 train_time:3775.783s step_avg:1207.09ms
step:3129/3300 train_loss:3.28362 train_time:3777.011s step_avg:1207.10ms
step:3130/3300 train_loss:3.30376 train_time:3778.224s step_avg:1207.10ms
step:3131/3300 train_loss:3.31042 train_time:3779.432s step_avg:1207.10ms
step:3132/3300 train_loss:3.24378 train_time:3780.708s step_avg:1207.12ms
step:3133/3300 train_loss:3.32397 train_time:3781.915s step_avg:1207.12ms
step:3134/3300 train_loss:3.28191 train_time:3783.130s step_avg:1207.13ms
step:3135/3300 train_loss:3.26000 train_time:3784.336s step_avg:1207.12ms
step:3136/3300 train_loss:3.28355 train_time:3785.542s step_avg:1207.12ms
step:3137/3300 train_loss:3.38380 train_time:3786.771s step_avg:1207.13ms
step:3138/3300 train_loss:3.29472 train_time:3787.976s step_avg:1207.13ms
step:3139/3300 train_loss:3.34425 train_time:3789.182s step_avg:1207.13ms
step:3140/3300 train_loss:3.33995 train_time:3790.382s step_avg:1207.13ms
step:3141/3300 train_loss:3.29352 train_time:3791.599s step_avg:1207.13ms
step:3142/3300 train_loss:3.30593 train_time:3792.816s step_avg:1207.13ms
step:3143/3300 train_loss:3.24828 train_time:3794.067s step_avg:1207.15ms
step:3144/3300 train_loss:3.34603 train_time:3795.258s step_avg:1207.14ms
step:3145/3300 train_loss:3.27092 train_time:3796.462s step_avg:1207.14ms
step:3146/3300 train_loss:3.33489 train_time:3797.665s step_avg:1207.14ms
step:3147/3300 train_loss:3.33080 train_time:3798.871s step_avg:1207.14ms
step:3148/3300 train_loss:3.31332 train_time:3800.091s step_avg:1207.14ms
step:3149/3300 train_loss:3.24692 train_time:3801.299s step_avg:1207.14ms
step:3150/3300 train_loss:3.29883 train_time:3802.496s step_avg:1207.14ms
step:3150/3300 val_loss:3.29141 train_time:3802.496s step_avg:1212.91ms
step:3151/3300 train_loss:3.28785 train_time:3803.706s step_avg:1207.14ms
step:3152/3300 train_loss:3.31902 train_time:3804.909s step_avg:1207.14ms
step:3153/3300 train_loss:3.31551 train_time:3806.122s step_avg:1207.14ms
step:3154/3300 train_loss:3.28425 train_time:3807.323s step_avg:1207.14ms
step:3155/3300 train_loss:3.30541 train_time:3808.524s step_avg:1207.14ms
step:3156/3300 train_loss:3.33491 train_time:3809.729s step_avg:1207.14ms
step:3157/3300 train_loss:3.29281 train_time:3810.950s step_avg:1207.14ms
step:3158/3300 train_loss:3.36664 train_time:3812.170s step_avg:1207.15ms
step:3159/3300 train_loss:3.29609 train_time:3813.371s step_avg:1207.14ms
step:3160/3300 train_loss:3.26411 train_time:3814.595s step_avg:1207.15ms
step:3161/3300 train_loss:3.27389 train_time:3815.824s step_avg:1207.16ms
step:3162/3300 train_loss:3.26865 train_time:3817.025s step_avg:1207.16ms
step:3163/3300 train_loss:3.22834 train_time:3818.231s step_avg:1207.15ms
step:3164/3300 train_loss:3.31866 train_time:3819.441s step_avg:1207.16ms
step:3165/3300 train_loss:3.29607 train_time:3820.644s step_avg:1207.15ms
step:3166/3300 train_loss:3.30603 train_time:3821.846s step_avg:1207.15ms
step:3167/3300 train_loss:3.28154 train_time:3823.048s step_avg:1207.15ms
step:3168/3300 train_loss:3.25140 train_time:3824.251s step_avg:1207.15ms
step:3169/3300 train_loss:3.33943 train_time:3825.462s step_avg:1207.15ms
step:3170/3300 train_loss:3.25571 train_time:3826.658s step_avg:1207.15ms
step:3171/3300 train_loss:3.34408 train_time:3827.854s step_avg:1207.14ms
step:3172/3300 train_loss:3.34411 train_time:3829.061s step_avg:1207.14ms
step:3173/3300 train_loss:3.29262 train_time:3830.261s step_avg:1207.14ms
step:3174/3300 train_loss:3.28826 train_time:3831.488s step_avg:1207.15ms
step:3175/3300 train_loss:3.33895 train_time:3832.696s step_avg:1207.15ms
step:3175/3300 val_loss:3.28875 train_time:3832.696s step_avg:1207.98ms
step:3176/3300 train_loss:3.30139 train_time:3833.893s step_avg:1207.15ms
step:3177/3300 train_loss:3.32502 train_time:3835.094s step_avg:1207.14ms
step:3178/3300 train_loss:3.37872 train_time:3836.364s step_avg:1207.16ms
step:3179/3300 train_loss:3.29381 train_time:3837.569s step_avg:1207.16ms
step:3180/3300 train_loss:3.26786 train_time:3838.783s step_avg:1207.16ms
step:3181/3300 train_loss:3.26200 train_time:3839.984s step_avg:1207.16ms
step:3182/3300 train_loss:3.24511 train_time:3841.205s step_avg:1207.17ms
step:3183/3300 train_loss:3.30312 train_time:3842.435s step_avg:1207.17ms
step:3184/3300 train_loss:3.28634 train_time:3843.649s step_avg:1207.18ms
step:3185/3300 train_loss:3.25120 train_time:3844.866s step_avg:1207.18ms
step:3186/3300 train_loss:3.31954 train_time:3846.059s step_avg:1207.17ms
step:3187/3300 train_loss:3.27251 train_time:3847.265s step_avg:1207.17ms
step:3188/3300 train_loss:3.30423 train_time:3848.482s step_avg:1207.18ms
step:3189/3300 train_loss:3.28657 train_time:3849.694s step_avg:1207.18ms
step:3190/3300 train_loss:3.30091 train_time:3850.901s step_avg:1207.18ms
step:3191/3300 train_loss:3.25235 train_time:3852.125s step_avg:1207.18ms
step:3192/3300 train_loss:3.33523 train_time:3853.336s step_avg:1207.19ms
step:3193/3300 train_loss:3.38235 train_time:3854.537s step_avg:1207.18ms
step:3194/3300 train_loss:3.35376 train_time:3855.735s step_avg:1207.18ms
step:3195/3300 train_loss:3.19868 train_time:3856.948s step_avg:1207.18ms
step:3196/3300 train_loss:3.47385 train_time:3858.174s step_avg:1207.19ms
step:3197/3300 train_loss:3.22423 train_time:3859.384s step_avg:1207.19ms
step:3198/3300 train_loss:3.30561 train_time:3860.594s step_avg:1207.19ms
step:3199/3300 train_loss:3.29158 train_time:3861.808s step_avg:1207.19ms
step:3200/3300 train_loss:3.27098 train_time:3863.006s step_avg:1207.19ms
step:3200/3300 val_loss:3.28613 train_time:3863.006s step_avg:1212.41ms
step:3201/3300 train_loss:3.30661 train_time:3864.208s step_avg:1207.19ms
step:3202/3300 train_loss:3.30542 train_time:3865.430s step_avg:1207.19ms
step:3203/3300 train_loss:3.25444 train_time:3866.633s step_avg:1207.19ms
step:3204/3300 train_loss:3.35886 train_time:3867.834s step_avg:1207.19ms
step:3205/3300 train_loss:3.37084 train_time:3869.029s step_avg:1207.19ms
step:3206/3300 train_loss:3.22781 train_time:3870.229s step_avg:1207.18ms
step:3207/3300 train_loss:3.32433 train_time:3871.445s step_avg:1207.19ms
step:3208/3300 train_loss:3.34325 train_time:3872.654s step_avg:1207.19ms
step:3209/3300 train_loss:3.26774 train_time:3873.861s step_avg:1207.19ms
step:3210/3300 train_loss:3.34030 train_time:3875.075s step_avg:1207.19ms
step:3210/3300 val_loss:3.28519 train_time:3875.075s step_avg:1206.87ms
step:3211/3300 train_loss:3.25359 train_time:3876.299s step_avg:1207.19ms
step:3212/3300 train_loss:3.30220 train_time:3877.505s step_avg:1207.19ms
step:3213/3300 train_loss:3.32209 train_time:3878.755s step_avg:1207.21ms
step:3214/3300 train_loss:3.31627 train_time:3879.951s step_avg:1207.20ms
step:3215/3300 train_loss:3.25302 train_time:3881.166s step_avg:1207.21ms
step:3216/3300 train_loss:3.28554 train_time:3882.385s step_avg:1207.21ms
step:3217/3300 train_loss:3.30855 train_time:3883.593s step_avg:1207.21ms
step:3218/3300 train_loss:3.30547 train_time:3884.812s step_avg:1207.21ms
step:3219/3300 train_loss:3.33227 train_time:3886.016s step_avg:1207.21ms
step:3220/3300 train_loss:3.35367 train_time:3887.216s step_avg:1207.21ms
step:3220/3300 val_loss:3.28429 train_time:3887.216s step_avg:1214.17ms
step:3221/3300 train_loss:3.29591 train_time:3888.422s step_avg:1207.21ms
step:3222/3300 train_loss:3.30234 train_time:3889.630s step_avg:1207.21ms
step:3223/3300 train_loss:3.27526 train_time:3890.852s step_avg:1207.21ms
step:3224/3300 train_loss:3.26324 train_time:3892.063s step_avg:1207.22ms
step:3225/3300 train_loss:3.26195 train_time:3893.266s step_avg:1207.21ms
step:3226/3300 train_loss:3.28337 train_time:3894.471s step_avg:1207.21ms
step:3227/3300 train_loss:3.28955 train_time:3895.689s step_avg:1207.22ms
step:3228/3300 train_loss:3.29102 train_time:3896.921s step_avg:1207.22ms
step:3229/3300 train_loss:3.20819 train_time:3898.119s step_avg:1207.22ms
step:3230/3300 train_loss:3.30668 train_time:3899.323s step_avg:1207.22ms
step:3230/3300 val_loss:3.28356 train_time:3899.323s step_avg:1210.66ms
step:3231/3300 train_loss:3.35225 train_time:3900.553s step_avg:1207.23ms
step:3232/3300 train_loss:3.26824 train_time:3901.763s step_avg:1207.23ms
step:3233/3300 train_loss:3.36949 train_time:3902.963s step_avg:1207.23ms
step:3234/3300 train_loss:3.21899 train_time:3904.163s step_avg:1207.22ms
step:3235/3300 train_loss:3.31153 train_time:3905.364s step_avg:1207.22ms
step:3236/3300 train_loss:3.33600 train_time:3906.577s step_avg:1207.22ms
step:3237/3300 train_loss:3.30810 train_time:3907.787s step_avg:1207.23ms
step:3238/3300 train_loss:3.28424 train_time:3909.003s step_avg:1207.23ms
step:3239/3300 train_loss:3.23698 train_time:3910.217s step_avg:1207.23ms
step:3240/3300 train_loss:3.30501 train_time:3911.436s step_avg:1207.23ms
step:3240/3300 val_loss:3.28279 train_time:3911.436s step_avg:1211.32ms
step:3241/3300 train_loss:3.37351 train_time:3912.648s step_avg:1207.23ms
step:3242/3300 train_loss:3.33690 train_time:3913.867s step_avg:1207.24ms
step:3243/3300 train_loss:3.34102 train_time:3915.065s step_avg:1207.24ms
step:3244/3300 train_loss:3.34272 train_time:3916.269s step_avg:1207.23ms
step:3245/3300 train_loss:3.30715 train_time:3917.469s step_avg:1207.23ms
step:3246/3300 train_loss:3.31884 train_time:3918.673s step_avg:1207.23ms
step:3247/3300 train_loss:3.21730 train_time:3919.878s step_avg:1207.23ms
step:3248/3300 train_loss:3.21967 train_time:3921.094s step_avg:1207.23ms
step:3249/3300 train_loss:3.30112 train_time:3922.301s step_avg:1207.23ms
step:3250/3300 train_loss:3.30593 train_time:3923.515s step_avg:1207.24ms
step:3250/3300 val_loss:3.28202 train_time:3923.515s step_avg:1207.94ms
step:3251/3300 train_loss:3.28589 train_time:3924.717s step_avg:1207.23ms
step:3252/3300 train_loss:3.26836 train_time:3925.924s step_avg:1207.23ms
step:3253/3300 train_loss:3.33347 train_time:3927.138s step_avg:1207.24ms
step:3254/3300 train_loss:3.33040 train_time:3928.348s step_avg:1207.24ms
step:3255/3300 train_loss:3.30573 train_time:3929.553s step_avg:1207.24ms
step:3256/3300 train_loss:3.29072 train_time:3930.755s step_avg:1207.23ms
step:3257/3300 train_loss:3.30902 train_time:3931.964s step_avg:1207.23ms
step:3258/3300 train_loss:3.29324 train_time:3933.169s step_avg:1207.23ms
step:3259/3300 train_loss:3.33486 train_time:3934.364s step_avg:1207.23ms
step:3260/3300 train_loss:3.28058 train_time:3935.576s step_avg:1207.23ms
step:3260/3300 val_loss:3.28141 train_time:3935.577s step_avg:1206.11ms
step:3261/3300 train_loss:3.29010 train_time:3936.773s step_avg:1207.23ms
step:3262/3300 train_loss:3.26138 train_time:3937.994s step_avg:1207.23ms
step:3263/3300 train_loss:3.41686 train_time:3939.209s step_avg:1207.24ms
step:3264/3300 train_loss:3.28421 train_time:3940.418s step_avg:1207.24ms
step:3265/3300 train_loss:3.34695 train_time:3941.626s step_avg:1207.24ms
step:3266/3300 train_loss:3.27393 train_time:3942.823s step_avg:1207.23ms
step:3267/3300 train_loss:3.35197 train_time:3944.025s step_avg:1207.23ms
step:3268/3300 train_loss:3.23051 train_time:3945.241s step_avg:1207.23ms
step:3269/3300 train_loss:3.34818 train_time:3946.445s step_avg:1207.23ms
step:3270/3300 train_loss:3.24473 train_time:3947.643s step_avg:1207.23ms
step:3270/3300 val_loss:3.28088 train_time:3947.643s step_avg:1206.68ms
step:3271/3300 train_loss:3.29290 train_time:3948.847s step_avg:1207.23ms
step:3272/3300 train_loss:3.26674 train_time:3950.052s step_avg:1207.23ms
step:3273/3300 train_loss:3.29164 train_time:3951.294s step_avg:1207.24ms
step:3274/3300 train_loss:3.27379 train_time:3952.504s step_avg:1207.24ms
step:3275/3300 train_loss:3.27197 train_time:3953.724s step_avg:1207.24ms
step:3276/3300 train_loss:3.25804 train_time:3954.923s step_avg:1207.24ms
step:3277/3300 train_loss:3.32332 train_time:3956.134s step_avg:1207.24ms
step:3278/3300 train_loss:3.24136 train_time:3957.340s step_avg:1207.24ms
step:3279/3300 train_loss:3.32475 train_time:3958.537s step_avg:1207.24ms
step:3280/3300 train_loss:3.21100 train_time:3959.739s step_avg:1207.24ms
step:3280/3300 val_loss:3.28043 train_time:3959.740s step_avg:1209.62ms
step:3281/3300 train_loss:3.31419 train_time:3960.943s step_avg:1207.24ms
step:3282/3300 train_loss:3.28942 train_time:3962.155s step_avg:1207.24ms
step:3283/3300 train_loss:3.33777 train_time:3963.381s step_avg:1207.24ms
step:3284/3300 train_loss:3.24389 train_time:3964.588s step_avg:1207.24ms
step:3285/3300 train_loss:3.31962 train_time:3965.796s step_avg:1207.24ms
step:3286/3300 train_loss:3.25090 train_time:3967.009s step_avg:1207.25ms
step:3287/3300 train_loss:3.27636 train_time:3968.211s step_avg:1207.24ms
step:3288/3300 train_loss:3.37371 train_time:3969.423s step_avg:1207.25ms
step:3289/3300 train_loss:3.33207 train_time:3970.623s step_avg:1207.24ms
step:3290/3300 train_loss:3.20570 train_time:3971.831s step_avg:1207.24ms
step:3290/3300 val_loss:3.28011 train_time:3971.831s step_avg:1209.15ms
step:3291/3300 train_loss:3.31853 train_time:3973.030s step_avg:1207.24ms
step:3292/3300 train_loss:3.29715 train_time:3974.237s step_avg:1207.24ms
step:3293/3300 train_loss:3.27091 train_time:3975.441s step_avg:1207.24ms
step:3294/3300 train_loss:3.33767 train_time:3976.639s step_avg:1207.24ms
step:3295/3300 train_loss:3.26298 train_time:3977.853s step_avg:1207.24ms
step:3296/3300 train_loss:3.29426 train_time:3979.066s step_avg:1207.24ms
step:3297/3300 train_loss:3.29442 train_time:3980.266s step_avg:1207.24ms
step:3298/3300 train_loss:3.26814 train_time:3981.482s step_avg:1207.24ms
step:3299/3300 train_loss:3.28260 train_time:3982.708s step_avg:1207.25ms
step:3300/3300 train_loss:3.28535 train_time:3983.909s step_avg:1207.25ms
step:3300/3300 val_loss:3.27999 train_time:3983.909s step_avg:1207.83ms
