logfile: ../../../../records/track_3_optimization/results/muonl_draft/runs/random5_h100_mainpdf_loss_only_20260727T145437Z/plain_muon/seed681062724/raw/seed681062724_plain_muon_lr0p035_mainpdf_h100_loss_only.txt
scheme:plain_muon opt_mode:plain rho:0.0 ns_steps:12 momentum:0.95 nesterov:True scale_ema_beta:0.9 interval:5
matrix_lr:0.035 matrix_weight_decay:0.025 weight_decay_mode:decoupled zero_init_trust_floor_scale:1.0
schedule_cooldown_frac:0.7 previous_muonl_experiment_cooldown_frac:0.7
seed:681062724 train_steps:3300 schedule_steps:3300 diag_freq:250
batch_tokens:524288 train_microbatches:8 train_microbatch_sequences:64 val_tokens:10485760
save_log:True save_diag:False save_orscale_state:False orscale_state_freq:250
step:S val_loss is after S optimizer updates
step:0/3300 val_loss:10.82583 train_time:0.000s step_avg:nanms
step:1/3300 train_loss:10.82584 train_time:3.545s step_avg:3545.17ms
step:2/3300 train_loss:10.42688 train_time:4.663s step_avg:2331.51ms
step:3/3300 train_loss:9.06487 train_time:5.850s step_avg:1950.13ms
step:4/3300 train_loss:7.91968 train_time:7.048s step_avg:1762.06ms
step:5/3300 train_loss:7.27801 train_time:8.248s step_avg:1649.69ms
step:6/3300 train_loss:6.93167 train_time:9.448s step_avg:1574.66ms
step:7/3300 train_loss:6.91771 train_time:10.650s step_avg:1521.49ms
step:8/3300 train_loss:6.75939 train_time:11.855s step_avg:1481.86ms
step:9/3300 train_loss:6.84285 train_time:13.050s step_avg:1449.98ms
step:10/3300 train_loss:6.55397 train_time:14.248s step_avg:1424.82ms
step:11/3300 train_loss:6.52943 train_time:15.448s step_avg:1404.33ms
step:12/3300 train_loss:6.49887 train_time:16.648s step_avg:1387.30ms
step:13/3300 train_loss:6.45071 train_time:17.849s step_avg:1372.99ms
step:14/3300 train_loss:6.32356 train_time:19.050s step_avg:1360.73ms
step:15/3300 train_loss:6.36392 train_time:20.249s step_avg:1349.92ms
step:16/3300 train_loss:6.27511 train_time:21.450s step_avg:1340.61ms
step:17/3300 train_loss:6.26491 train_time:22.652s step_avg:1332.47ms
step:18/3300 train_loss:6.28561 train_time:23.851s step_avg:1325.07ms
step:19/3300 train_loss:6.28553 train_time:25.053s step_avg:1318.57ms
step:20/3300 train_loss:6.13325 train_time:26.254s step_avg:1312.70ms
step:21/3300 train_loss:6.17245 train_time:27.453s step_avg:1307.26ms
step:22/3300 train_loss:6.21628 train_time:28.655s step_avg:1302.52ms
step:23/3300 train_loss:6.05023 train_time:29.854s step_avg:1298.02ms
step:24/3300 train_loss:6.10159 train_time:31.053s step_avg:1293.89ms
step:25/3300 train_loss:6.00682 train_time:32.254s step_avg:1290.15ms
step:26/3300 train_loss:6.02500 train_time:33.455s step_avg:1286.72ms
step:27/3300 train_loss:6.00812 train_time:34.652s step_avg:1283.42ms
step:28/3300 train_loss:5.89895 train_time:35.855s step_avg:1280.52ms
step:29/3300 train_loss:5.96433 train_time:37.055s step_avg:1277.77ms
step:30/3300 train_loss:5.87823 train_time:38.256s step_avg:1275.19ms
step:31/3300 train_loss:5.91779 train_time:39.454s step_avg:1272.69ms
step:32/3300 train_loss:5.82416 train_time:40.654s step_avg:1270.44ms
step:33/3300 train_loss:5.82671 train_time:41.858s step_avg:1268.41ms
step:34/3300 train_loss:5.79849 train_time:43.051s step_avg:1266.21ms
step:35/3300 train_loss:5.84245 train_time:44.252s step_avg:1264.35ms
step:36/3300 train_loss:5.77182 train_time:45.452s step_avg:1262.57ms
step:37/3300 train_loss:5.75864 train_time:46.664s step_avg:1261.18ms
step:38/3300 train_loss:5.71053 train_time:47.869s step_avg:1259.71ms
step:39/3300 train_loss:5.71897 train_time:49.079s step_avg:1258.44ms
step:40/3300 train_loss:5.62633 train_time:50.276s step_avg:1256.91ms
step:41/3300 train_loss:5.65500 train_time:51.472s step_avg:1255.41ms
step:42/3300 train_loss:5.59794 train_time:52.698s step_avg:1254.72ms
step:43/3300 train_loss:5.68349 train_time:53.907s step_avg:1253.65ms
step:44/3300 train_loss:5.59826 train_time:55.129s step_avg:1252.93ms
step:45/3300 train_loss:5.54355 train_time:56.334s step_avg:1251.86ms
step:46/3300 train_loss:5.55696 train_time:57.542s step_avg:1250.90ms
step:47/3300 train_loss:5.51260 train_time:58.748s step_avg:1249.95ms
step:48/3300 train_loss:5.54064 train_time:59.954s step_avg:1249.03ms
step:49/3300 train_loss:5.49344 train_time:61.154s step_avg:1248.03ms
step:50/3300 train_loss:5.46821 train_time:62.355s step_avg:1247.10ms
step:51/3300 train_loss:5.39646 train_time:63.576s step_avg:1246.59ms
step:52/3300 train_loss:5.46105 train_time:64.788s step_avg:1245.93ms
step:53/3300 train_loss:5.42496 train_time:66.003s step_avg:1245.34ms
step:54/3300 train_loss:5.39995 train_time:67.206s step_avg:1244.55ms
step:55/3300 train_loss:5.37617 train_time:68.428s step_avg:1244.15ms
step:56/3300 train_loss:5.34811 train_time:69.638s step_avg:1243.53ms
step:57/3300 train_loss:5.32253 train_time:70.837s step_avg:1242.75ms
step:58/3300 train_loss:5.32749 train_time:72.035s step_avg:1241.98ms
step:59/3300 train_loss:5.28728 train_time:73.235s step_avg:1241.28ms
step:60/3300 train_loss:5.32164 train_time:74.448s step_avg:1240.80ms
step:61/3300 train_loss:5.28334 train_time:75.653s step_avg:1240.22ms
step:62/3300 train_loss:5.26865 train_time:76.857s step_avg:1239.63ms
step:63/3300 train_loss:5.21759 train_time:78.056s step_avg:1238.98ms
step:64/3300 train_loss:5.21119 train_time:79.266s step_avg:1238.54ms
step:65/3300 train_loss:5.16729 train_time:80.469s step_avg:1237.98ms
step:66/3300 train_loss:5.20734 train_time:81.670s step_avg:1237.43ms
step:67/3300 train_loss:5.16722 train_time:82.881s step_avg:1237.03ms
step:68/3300 train_loss:5.26999 train_time:84.076s step_avg:1236.41ms
step:69/3300 train_loss:5.15410 train_time:85.280s step_avg:1235.94ms
step:70/3300 train_loss:5.16627 train_time:86.490s step_avg:1235.57ms
step:71/3300 train_loss:5.13110 train_time:87.697s step_avg:1235.17ms
step:72/3300 train_loss:5.13390 train_time:88.904s step_avg:1234.77ms
step:73/3300 train_loss:5.11789 train_time:90.101s step_avg:1234.27ms
step:74/3300 train_loss:5.14026 train_time:91.295s step_avg:1233.72ms
step:75/3300 train_loss:5.09827 train_time:92.496s step_avg:1233.28ms
step:76/3300 train_loss:5.06411 train_time:93.702s step_avg:1232.92ms
step:77/3300 train_loss:5.14008 train_time:94.896s step_avg:1232.41ms
step:78/3300 train_loss:5.11799 train_time:96.098s step_avg:1232.02ms
step:79/3300 train_loss:4.92143 train_time:97.297s step_avg:1231.60ms
step:80/3300 train_loss:5.03291 train_time:98.519s step_avg:1231.49ms
step:81/3300 train_loss:4.98701 train_time:99.719s step_avg:1231.10ms
step:82/3300 train_loss:5.16372 train_time:100.915s step_avg:1230.67ms
step:83/3300 train_loss:5.03676 train_time:102.115s step_avg:1230.30ms
step:84/3300 train_loss:5.00918 train_time:103.316s step_avg:1229.95ms
step:85/3300 train_loss:4.97164 train_time:104.526s step_avg:1229.72ms
step:86/3300 train_loss:5.02595 train_time:105.727s step_avg:1229.38ms
step:87/3300 train_loss:4.99429 train_time:106.917s step_avg:1228.93ms
step:88/3300 train_loss:4.98952 train_time:108.118s step_avg:1228.61ms
step:89/3300 train_loss:4.98117 train_time:109.318s step_avg:1228.29ms
step:90/3300 train_loss:4.92698 train_time:110.523s step_avg:1228.03ms
step:91/3300 train_loss:4.95636 train_time:111.723s step_avg:1227.73ms
step:92/3300 train_loss:4.95432 train_time:112.932s step_avg:1227.53ms
step:93/3300 train_loss:4.93076 train_time:114.138s step_avg:1227.29ms
step:94/3300 train_loss:4.93856 train_time:115.338s step_avg:1227.00ms
step:95/3300 train_loss:4.91196 train_time:116.545s step_avg:1226.79ms
step:96/3300 train_loss:4.84288 train_time:117.751s step_avg:1226.57ms
step:97/3300 train_loss:4.94606 train_time:118.954s step_avg:1226.33ms
step:98/3300 train_loss:4.89384 train_time:120.157s step_avg:1226.09ms
step:99/3300 train_loss:4.87784 train_time:121.362s step_avg:1225.88ms
step:100/3300 train_loss:4.83608 train_time:122.566s step_avg:1225.66ms
step:101/3300 train_loss:4.80643 train_time:123.768s step_avg:1225.43ms
step:102/3300 train_loss:4.83273 train_time:124.974s step_avg:1225.24ms
step:103/3300 train_loss:4.85863 train_time:126.177s step_avg:1225.02ms
step:104/3300 train_loss:4.92407 train_time:127.376s step_avg:1224.77ms
step:105/3300 train_loss:4.84342 train_time:128.603s step_avg:1224.79ms
step:106/3300 train_loss:4.87847 train_time:129.816s step_avg:1224.68ms
step:107/3300 train_loss:4.83393 train_time:131.020s step_avg:1224.49ms
step:108/3300 train_loss:4.76161 train_time:132.217s step_avg:1224.23ms
step:109/3300 train_loss:4.83557 train_time:133.434s step_avg:1224.16ms
step:110/3300 train_loss:4.86772 train_time:134.638s step_avg:1223.99ms
step:111/3300 train_loss:4.76303 train_time:135.842s step_avg:1223.80ms
step:112/3300 train_loss:4.82190 train_time:137.041s step_avg:1223.58ms
step:113/3300 train_loss:4.83733 train_time:138.237s step_avg:1223.34ms
step:114/3300 train_loss:4.77247 train_time:139.439s step_avg:1223.15ms
step:115/3300 train_loss:4.79999 train_time:140.637s step_avg:1222.93ms
step:116/3300 train_loss:4.77849 train_time:141.840s step_avg:1222.76ms
step:117/3300 train_loss:4.73055 train_time:143.040s step_avg:1222.57ms
step:118/3300 train_loss:4.74450 train_time:144.242s step_avg:1222.39ms
step:119/3300 train_loss:4.73002 train_time:145.442s step_avg:1222.20ms
step:120/3300 train_loss:4.70447 train_time:146.650s step_avg:1222.09ms
step:121/3300 train_loss:4.70484 train_time:147.871s step_avg:1222.07ms
step:122/3300 train_loss:4.64764 train_time:149.066s step_avg:1221.85ms
step:123/3300 train_loss:4.70589 train_time:150.259s step_avg:1221.61ms
step:124/3300 train_loss:4.66947 train_time:151.458s step_avg:1221.43ms
step:125/3300 train_loss:4.68129 train_time:152.673s step_avg:1221.39ms
step:125/3300 val_loss:4.67824 train_time:152.674s step_avg:1221.39ms
step:126/3300 train_loss:4.65951 train_time:153.878s step_avg:1221.26ms
step:127/3300 train_loss:4.75585 train_time:155.081s step_avg:1221.11ms
step:128/3300 train_loss:4.66126 train_time:156.290s step_avg:1221.02ms
step:129/3300 train_loss:4.73324 train_time:157.489s step_avg:1220.84ms
step:130/3300 train_loss:4.59792 train_time:158.698s step_avg:1220.75ms
step:131/3300 train_loss:4.65749 train_time:159.901s step_avg:1220.61ms
step:132/3300 train_loss:4.63806 train_time:161.098s step_avg:1220.44ms
step:133/3300 train_loss:4.59828 train_time:162.307s step_avg:1220.35ms
step:134/3300 train_loss:4.60670 train_time:163.500s step_avg:1220.15ms
step:135/3300 train_loss:4.64990 train_time:164.700s step_avg:1220.00ms
step:136/3300 train_loss:4.57333 train_time:165.899s step_avg:1219.84ms
step:137/3300 train_loss:4.60824 train_time:167.099s step_avg:1219.70ms
step:138/3300 train_loss:4.60729 train_time:168.302s step_avg:1219.58ms
step:139/3300 train_loss:4.58565 train_time:169.499s step_avg:1219.42ms
step:140/3300 train_loss:4.63505 train_time:170.700s step_avg:1219.29ms
step:141/3300 train_loss:4.55038 train_time:171.920s step_avg:1219.29ms
step:142/3300 train_loss:4.64117 train_time:173.121s step_avg:1219.16ms
step:143/3300 train_loss:4.55986 train_time:174.322s step_avg:1219.03ms
step:144/3300 train_loss:4.56886 train_time:175.524s step_avg:1218.92ms
step:145/3300 train_loss:4.54273 train_time:176.719s step_avg:1218.75ms
step:146/3300 train_loss:4.48458 train_time:177.926s step_avg:1218.67ms
step:147/3300 train_loss:4.51972 train_time:179.122s step_avg:1218.52ms
step:148/3300 train_loss:4.54395 train_time:180.322s step_avg:1218.39ms
step:149/3300 train_loss:4.55708 train_time:181.522s step_avg:1218.27ms
step:150/3300 train_loss:4.53670 train_time:182.725s step_avg:1218.17ms
step:151/3300 train_loss:4.51188 train_time:183.928s step_avg:1218.07ms
step:152/3300 train_loss:4.42155 train_time:185.128s step_avg:1217.95ms
step:153/3300 train_loss:4.45862 train_time:186.329s step_avg:1217.84ms
step:154/3300 train_loss:4.48371 train_time:187.530s step_avg:1217.73ms
step:155/3300 train_loss:4.52998 train_time:188.730s step_avg:1217.61ms
step:156/3300 train_loss:4.51720 train_time:189.935s step_avg:1217.53ms
step:157/3300 train_loss:4.52663 train_time:191.141s step_avg:1217.46ms
step:158/3300 train_loss:4.42668 train_time:192.341s step_avg:1217.35ms
step:159/3300 train_loss:4.45848 train_time:193.542s step_avg:1217.25ms
step:160/3300 train_loss:4.45092 train_time:194.749s step_avg:1217.18ms
step:161/3300 train_loss:4.46673 train_time:195.942s step_avg:1217.03ms
step:162/3300 train_loss:4.45670 train_time:197.148s step_avg:1216.96ms
step:163/3300 train_loss:4.41707 train_time:198.347s step_avg:1216.85ms
step:164/3300 train_loss:4.45113 train_time:199.542s step_avg:1216.72ms
step:165/3300 train_loss:4.40306 train_time:200.743s step_avg:1216.62ms
step:166/3300 train_loss:4.45783 train_time:201.947s step_avg:1216.55ms
step:167/3300 train_loss:4.37626 train_time:203.148s step_avg:1216.46ms
step:168/3300 train_loss:4.40628 train_time:204.344s step_avg:1216.33ms
step:169/3300 train_loss:4.37673 train_time:205.569s step_avg:1216.39ms
step:170/3300 train_loss:4.34855 train_time:206.763s step_avg:1216.26ms
step:171/3300 train_loss:4.34025 train_time:207.963s step_avg:1216.16ms
step:172/3300 train_loss:4.42328 train_time:209.202s step_avg:1216.29ms
step:173/3300 train_loss:4.36376 train_time:210.404s step_avg:1216.21ms
step:174/3300 train_loss:4.41219 train_time:211.605s step_avg:1216.12ms
step:175/3300 train_loss:4.39033 train_time:212.805s step_avg:1216.03ms
step:176/3300 train_loss:4.35570 train_time:214.009s step_avg:1215.96ms
step:177/3300 train_loss:4.34479 train_time:215.209s step_avg:1215.87ms
step:178/3300 train_loss:4.36537 train_time:216.406s step_avg:1215.76ms
step:179/3300 train_loss:4.36739 train_time:217.602s step_avg:1215.65ms
step:180/3300 train_loss:4.33181 train_time:218.802s step_avg:1215.57ms
step:181/3300 train_loss:4.30802 train_time:220.004s step_avg:1215.49ms
step:182/3300 train_loss:4.34556 train_time:221.204s step_avg:1215.40ms
step:183/3300 train_loss:4.28235 train_time:222.402s step_avg:1215.31ms
step:184/3300 train_loss:4.35337 train_time:223.603s step_avg:1215.23ms
step:185/3300 train_loss:4.31064 train_time:224.818s step_avg:1215.23ms
step:186/3300 train_loss:4.30176 train_time:226.034s step_avg:1215.24ms
step:187/3300 train_loss:4.36057 train_time:227.245s step_avg:1215.21ms
step:188/3300 train_loss:4.33730 train_time:228.447s step_avg:1215.14ms
step:189/3300 train_loss:4.25952 train_time:229.644s step_avg:1215.05ms
step:190/3300 train_loss:4.29119 train_time:230.855s step_avg:1215.03ms
step:191/3300 train_loss:4.21221 train_time:232.166s step_avg:1215.53ms
step:192/3300 train_loss:4.34402 train_time:233.364s step_avg:1215.44ms
step:193/3300 train_loss:4.29527 train_time:234.564s step_avg:1215.36ms
step:194/3300 train_loss:4.35232 train_time:235.762s step_avg:1215.27ms
step:195/3300 train_loss:4.31570 train_time:236.963s step_avg:1215.20ms
step:196/3300 train_loss:4.34411 train_time:238.164s step_avg:1215.12ms
step:197/3300 train_loss:4.26055 train_time:239.365s step_avg:1215.05ms
step:198/3300 train_loss:4.30633 train_time:240.569s step_avg:1215.00ms
step:199/3300 train_loss:4.25055 train_time:241.772s step_avg:1214.94ms
step:200/3300 train_loss:4.43821 train_time:242.966s step_avg:1214.83ms
step:201/3300 train_loss:4.28501 train_time:244.164s step_avg:1214.75ms
step:202/3300 train_loss:4.27916 train_time:245.365s step_avg:1214.68ms
step:203/3300 train_loss:4.32735 train_time:246.577s step_avg:1214.67ms
step:204/3300 train_loss:4.27967 train_time:247.768s step_avg:1214.55ms
step:205/3300 train_loss:4.24982 train_time:248.968s step_avg:1214.48ms
step:206/3300 train_loss:4.21278 train_time:250.171s step_avg:1214.42ms
step:207/3300 train_loss:4.29088 train_time:251.370s step_avg:1214.35ms
step:208/3300 train_loss:4.25512 train_time:252.567s step_avg:1214.26ms
step:209/3300 train_loss:4.17541 train_time:253.764s step_avg:1214.18ms
step:210/3300 train_loss:4.27015 train_time:254.967s step_avg:1214.13ms
step:211/3300 train_loss:4.23029 train_time:256.171s step_avg:1214.08ms
step:212/3300 train_loss:4.24361 train_time:257.366s step_avg:1213.99ms
step:213/3300 train_loss:4.23374 train_time:258.575s step_avg:1213.97ms
step:214/3300 train_loss:4.23563 train_time:259.771s step_avg:1213.88ms
step:215/3300 train_loss:4.22280 train_time:260.978s step_avg:1213.85ms
step:216/3300 train_loss:4.19195 train_time:262.190s step_avg:1213.84ms
step:217/3300 train_loss:4.25975 train_time:263.385s step_avg:1213.76ms
step:218/3300 train_loss:4.19312 train_time:264.583s step_avg:1213.68ms
step:219/3300 train_loss:4.21714 train_time:265.786s step_avg:1213.63ms
step:220/3300 train_loss:4.19260 train_time:267.007s step_avg:1213.67ms
step:221/3300 train_loss:4.17522 train_time:268.210s step_avg:1213.62ms
step:222/3300 train_loss:4.17723 train_time:269.404s step_avg:1213.53ms
step:223/3300 train_loss:4.26133 train_time:270.599s step_avg:1213.45ms
step:224/3300 train_loss:4.23243 train_time:271.787s step_avg:1213.33ms
step:225/3300 train_loss:4.15637 train_time:272.981s step_avg:1213.25ms
step:226/3300 train_loss:4.16846 train_time:274.188s step_avg:1213.22ms
step:227/3300 train_loss:4.16863 train_time:275.390s step_avg:1213.17ms
step:228/3300 train_loss:4.22798 train_time:276.595s step_avg:1213.14ms
step:229/3300 train_loss:4.20951 train_time:277.801s step_avg:1213.11ms
step:230/3300 train_loss:4.14217 train_time:278.991s step_avg:1213.00ms
step:231/3300 train_loss:4.16697 train_time:280.189s step_avg:1212.94ms
step:232/3300 train_loss:4.14673 train_time:281.392s step_avg:1212.90ms
step:233/3300 train_loss:4.19276 train_time:282.593s step_avg:1212.85ms
step:234/3300 train_loss:4.18940 train_time:283.788s step_avg:1212.77ms
step:235/3300 train_loss:4.21527 train_time:284.990s step_avg:1212.72ms
step:236/3300 train_loss:4.21556 train_time:286.193s step_avg:1212.68ms
step:237/3300 train_loss:4.24369 train_time:287.428s step_avg:1212.78ms
step:238/3300 train_loss:4.19712 train_time:288.636s step_avg:1212.76ms
step:239/3300 train_loss:4.12989 train_time:289.829s step_avg:1212.67ms
step:240/3300 train_loss:4.15546 train_time:291.029s step_avg:1212.62ms
step:241/3300 train_loss:4.29129 train_time:292.229s step_avg:1212.57ms
step:242/3300 train_loss:4.23624 train_time:293.433s step_avg:1212.53ms
step:243/3300 train_loss:4.12449 train_time:294.633s step_avg:1212.48ms
step:244/3300 train_loss:4.19977 train_time:295.831s step_avg:1212.42ms
step:245/3300 train_loss:4.11258 train_time:297.027s step_avg:1212.35ms
step:246/3300 train_loss:4.14227 train_time:298.225s step_avg:1212.30ms
step:247/3300 train_loss:4.08139 train_time:299.426s step_avg:1212.25ms
step:248/3300 train_loss:4.13727 train_time:300.630s step_avg:1212.22ms
step:249/3300 train_loss:4.14003 train_time:301.854s step_avg:1212.26ms
step:250/3300 train_loss:4.09070 train_time:303.049s step_avg:1212.20ms
step:250/3300 val_loss:4.12933 train_time:303.049s step_avg:1203.01ms
step:251/3300 train_loss:4.16899 train_time:304.249s step_avg:1212.15ms
step:252/3300 train_loss:4.17817 train_time:305.453s step_avg:1212.11ms
step:253/3300 train_loss:4.12921 train_time:306.656s step_avg:1212.08ms
step:254/3300 train_loss:4.08564 train_time:307.871s step_avg:1212.09ms
step:255/3300 train_loss:4.16267 train_time:309.073s step_avg:1212.05ms
step:256/3300 train_loss:4.10842 train_time:310.277s step_avg:1212.02ms
step:257/3300 train_loss:4.12230 train_time:311.476s step_avg:1211.97ms
step:258/3300 train_loss:4.20312 train_time:312.684s step_avg:1211.95ms
step:259/3300 train_loss:4.09748 train_time:313.890s step_avg:1211.93ms
step:260/3300 train_loss:4.08675 train_time:315.085s step_avg:1211.86ms
step:261/3300 train_loss:4.08119 train_time:316.276s step_avg:1211.78ms
step:262/3300 train_loss:4.15941 train_time:317.476s step_avg:1211.74ms
step:263/3300 train_loss:4.11163 train_time:318.681s step_avg:1211.71ms
step:264/3300 train_loss:4.16577 train_time:319.884s step_avg:1211.68ms
step:265/3300 train_loss:4.02965 train_time:321.076s step_avg:1211.61ms
step:266/3300 train_loss:4.13410 train_time:322.285s step_avg:1211.60ms
step:267/3300 train_loss:4.07249 train_time:323.478s step_avg:1211.53ms
step:268/3300 train_loss:4.05321 train_time:324.676s step_avg:1211.48ms
step:269/3300 train_loss:4.09877 train_time:325.877s step_avg:1211.44ms
step:270/3300 train_loss:4.10301 train_time:327.077s step_avg:1211.40ms
step:271/3300 train_loss:4.14556 train_time:328.281s step_avg:1211.37ms
step:272/3300 train_loss:4.07479 train_time:329.476s step_avg:1211.31ms
step:273/3300 train_loss:4.11467 train_time:330.675s step_avg:1211.26ms
step:274/3300 train_loss:4.03375 train_time:331.873s step_avg:1211.22ms
step:275/3300 train_loss:4.10010 train_time:333.075s step_avg:1211.18ms
step:276/3300 train_loss:4.15407 train_time:334.285s step_avg:1211.18ms
step:277/3300 train_loss:4.05753 train_time:335.480s step_avg:1211.12ms
step:278/3300 train_loss:4.10145 train_time:336.682s step_avg:1211.08ms
step:279/3300 train_loss:4.02825 train_time:337.876s step_avg:1211.02ms
step:280/3300 train_loss:4.14505 train_time:339.079s step_avg:1211.00ms
step:281/3300 train_loss:4.10915 train_time:340.275s step_avg:1210.94ms
step:282/3300 train_loss:4.07236 train_time:341.476s step_avg:1210.91ms
step:283/3300 train_loss:4.08695 train_time:342.676s step_avg:1210.87ms
step:284/3300 train_loss:4.03017 train_time:343.908s step_avg:1210.94ms
step:285/3300 train_loss:4.11692 train_time:345.100s step_avg:1210.88ms
step:286/3300 train_loss:4.08960 train_time:346.300s step_avg:1210.84ms
step:287/3300 train_loss:4.05701 train_time:347.504s step_avg:1210.82ms
step:288/3300 train_loss:4.07802 train_time:348.705s step_avg:1210.78ms
step:289/3300 train_loss:4.07227 train_time:349.905s step_avg:1210.75ms
step:290/3300 train_loss:4.03801 train_time:351.096s step_avg:1210.68ms
step:291/3300 train_loss:4.04484 train_time:352.307s step_avg:1210.68ms
step:292/3300 train_loss:4.09421 train_time:353.506s step_avg:1210.64ms
step:293/3300 train_loss:4.02842 train_time:354.697s step_avg:1210.57ms
step:294/3300 train_loss:4.20402 train_time:355.897s step_avg:1210.53ms
step:295/3300 train_loss:4.03563 train_time:357.105s step_avg:1210.53ms
step:296/3300 train_loss:4.03457 train_time:358.305s step_avg:1210.49ms
step:297/3300 train_loss:4.05182 train_time:359.539s step_avg:1210.57ms
step:298/3300 train_loss:4.05780 train_time:360.745s step_avg:1210.55ms
step:299/3300 train_loss:4.02802 train_time:361.938s step_avg:1210.50ms
step:300/3300 train_loss:4.03228 train_time:363.135s step_avg:1210.45ms
step:301/3300 train_loss:4.08723 train_time:364.376s step_avg:1210.55ms
step:302/3300 train_loss:4.01457 train_time:365.580s step_avg:1210.53ms
step:303/3300 train_loss:4.05326 train_time:366.780s step_avg:1210.50ms
step:304/3300 train_loss:4.04218 train_time:367.983s step_avg:1210.47ms
step:305/3300 train_loss:4.06401 train_time:369.186s step_avg:1210.44ms
step:306/3300 train_loss:4.01451 train_time:370.385s step_avg:1210.41ms
step:307/3300 train_loss:4.05358 train_time:371.580s step_avg:1210.36ms
step:308/3300 train_loss:4.03451 train_time:372.781s step_avg:1210.33ms
step:309/3300 train_loss:4.04472 train_time:373.982s step_avg:1210.30ms
step:310/3300 train_loss:4.10082 train_time:375.182s step_avg:1210.26ms
step:311/3300 train_loss:4.08100 train_time:376.381s step_avg:1210.23ms
step:312/3300 train_loss:4.00608 train_time:377.600s step_avg:1210.26ms
step:313/3300 train_loss:4.05945 train_time:378.804s step_avg:1210.24ms
step:314/3300 train_loss:4.01744 train_time:380.016s step_avg:1210.24ms
step:315/3300 train_loss:3.98860 train_time:381.222s step_avg:1210.23ms
step:316/3300 train_loss:3.99729 train_time:382.440s step_avg:1210.25ms
step:317/3300 train_loss:3.99458 train_time:383.641s step_avg:1210.22ms
step:318/3300 train_loss:3.98786 train_time:384.842s step_avg:1210.19ms
step:319/3300 train_loss:4.04730 train_time:386.042s step_avg:1210.16ms
step:320/3300 train_loss:4.02510 train_time:387.267s step_avg:1210.21ms
step:321/3300 train_loss:4.04726 train_time:388.462s step_avg:1210.16ms
step:322/3300 train_loss:4.00880 train_time:389.666s step_avg:1210.14ms
step:323/3300 train_loss:4.04934 train_time:390.866s step_avg:1210.11ms
step:324/3300 train_loss:3.99225 train_time:392.067s step_avg:1210.08ms
step:325/3300 train_loss:4.08346 train_time:393.270s step_avg:1210.06ms
step:326/3300 train_loss:4.01054 train_time:394.503s step_avg:1210.13ms
step:327/3300 train_loss:4.13643 train_time:395.704s step_avg:1210.11ms
step:328/3300 train_loss:4.05578 train_time:396.901s step_avg:1210.06ms
step:329/3300 train_loss:4.02692 train_time:398.109s step_avg:1210.06ms
step:330/3300 train_loss:3.95308 train_time:399.310s step_avg:1210.03ms
step:331/3300 train_loss:4.06265 train_time:400.510s step_avg:1210.00ms
step:332/3300 train_loss:3.97207 train_time:401.705s step_avg:1209.95ms
step:333/3300 train_loss:3.94503 train_time:402.905s step_avg:1209.92ms
step:334/3300 train_loss:3.98551 train_time:404.127s step_avg:1209.96ms
step:335/3300 train_loss:4.07318 train_time:405.322s step_avg:1209.92ms
step:336/3300 train_loss:4.03161 train_time:406.524s step_avg:1209.89ms
step:337/3300 train_loss:4.29968 train_time:407.730s step_avg:1209.88ms
step:338/3300 train_loss:3.99138 train_time:408.930s step_avg:1209.85ms
step:339/3300 train_loss:3.96540 train_time:410.127s step_avg:1209.81ms
step:340/3300 train_loss:3.96954 train_time:411.323s step_avg:1209.77ms
step:341/3300 train_loss:3.99902 train_time:412.532s step_avg:1209.77ms
step:342/3300 train_loss:3.97949 train_time:413.731s step_avg:1209.74ms
step:343/3300 train_loss:4.05110 train_time:414.931s step_avg:1209.71ms
step:344/3300 train_loss:3.98447 train_time:416.123s step_avg:1209.66ms
step:345/3300 train_loss:3.95088 train_time:417.332s step_avg:1209.66ms
step:346/3300 train_loss:3.96014 train_time:418.526s step_avg:1209.61ms
step:347/3300 train_loss:3.96211 train_time:419.722s step_avg:1209.57ms
step:348/3300 train_loss:3.99409 train_time:420.921s step_avg:1209.54ms
step:349/3300 train_loss:3.93196 train_time:422.168s step_avg:1209.65ms
step:350/3300 train_loss:3.91952 train_time:423.367s step_avg:1209.62ms
step:351/3300 train_loss:3.90894 train_time:424.566s step_avg:1209.59ms
step:352/3300 train_loss:4.02589 train_time:425.762s step_avg:1209.55ms
step:353/3300 train_loss:3.92783 train_time:426.961s step_avg:1209.52ms
step:354/3300 train_loss:3.91674 train_time:428.166s step_avg:1209.51ms
step:355/3300 train_loss:3.99955 train_time:429.372s step_avg:1209.50ms
step:356/3300 train_loss:3.92286 train_time:430.567s step_avg:1209.46ms
step:357/3300 train_loss:4.00126 train_time:431.760s step_avg:1209.41ms
step:358/3300 train_loss:3.99015 train_time:432.967s step_avg:1209.40ms
step:359/3300 train_loss:3.89903 train_time:434.169s step_avg:1209.38ms
step:360/3300 train_loss:3.90974 train_time:435.365s step_avg:1209.35ms
step:361/3300 train_loss:4.02021 train_time:436.564s step_avg:1209.32ms
step:362/3300 train_loss:3.96579 train_time:437.759s step_avg:1209.28ms
step:363/3300 train_loss:3.93478 train_time:438.984s step_avg:1209.32ms
step:364/3300 train_loss:3.95396 train_time:440.189s step_avg:1209.31ms
step:365/3300 train_loss:4.00010 train_time:441.384s step_avg:1209.27ms
step:366/3300 train_loss:3.94518 train_time:442.584s step_avg:1209.25ms
step:367/3300 train_loss:3.98252 train_time:443.788s step_avg:1209.23ms
step:368/3300 train_loss:3.96470 train_time:444.984s step_avg:1209.20ms
step:369/3300 train_loss:3.96550 train_time:446.185s step_avg:1209.17ms
step:370/3300 train_loss:3.93966 train_time:447.394s step_avg:1209.17ms
step:371/3300 train_loss:3.96725 train_time:448.589s step_avg:1209.13ms
step:372/3300 train_loss:3.95056 train_time:449.796s step_avg:1209.13ms
step:373/3300 train_loss:3.97877 train_time:450.996s step_avg:1209.11ms
step:374/3300 train_loss:3.99711 train_time:452.192s step_avg:1209.07ms
step:375/3300 train_loss:3.96604 train_time:453.385s step_avg:1209.03ms
step:375/3300 val_loss:3.93865 train_time:453.385s step_avg:1202.68ms
step:376/3300 train_loss:4.05859 train_time:454.588s step_avg:1209.01ms
step:377/3300 train_loss:3.85709 train_time:455.802s step_avg:1209.02ms
step:378/3300 train_loss:3.96580 train_time:457.004s step_avg:1209.01ms
step:379/3300 train_loss:3.95965 train_time:458.205s step_avg:1208.98ms
step:380/3300 train_loss:3.92662 train_time:459.413s step_avg:1208.98ms
step:381/3300 train_loss:4.00276 train_time:460.645s step_avg:1209.04ms
step:382/3300 train_loss:3.92081 train_time:461.843s step_avg:1209.01ms
step:383/3300 train_loss:3.93982 train_time:463.052s step_avg:1209.01ms
step:384/3300 train_loss:3.92724 train_time:464.251s step_avg:1208.99ms
step:385/3300 train_loss:3.95919 train_time:465.486s step_avg:1209.05ms
step:386/3300 train_loss:3.95633 train_time:466.712s step_avg:1209.10ms
step:387/3300 train_loss:3.97492 train_time:467.910s step_avg:1209.07ms
step:388/3300 train_loss:3.95545 train_time:469.111s step_avg:1209.05ms
step:389/3300 train_loss:3.90518 train_time:470.308s step_avg:1209.02ms
step:390/3300 train_loss:3.95969 train_time:471.506s step_avg:1208.99ms
step:391/3300 train_loss:3.88925 train_time:472.704s step_avg:1208.96ms
step:392/3300 train_loss:3.93536 train_time:473.900s step_avg:1208.93ms
step:393/3300 train_loss:3.96688 train_time:475.088s step_avg:1208.87ms
step:394/3300 train_loss:3.96085 train_time:476.286s step_avg:1208.85ms
step:395/3300 train_loss:3.88687 train_time:477.487s step_avg:1208.83ms
step:396/3300 train_loss:3.80152 train_time:478.686s step_avg:1208.80ms
step:397/3300 train_loss:3.99191 train_time:479.900s step_avg:1208.82ms
step:398/3300 train_loss:3.92766 train_time:481.092s step_avg:1208.77ms
step:399/3300 train_loss:3.88316 train_time:482.297s step_avg:1208.76ms
step:400/3300 train_loss:3.96510 train_time:483.492s step_avg:1208.73ms
step:401/3300 train_loss:3.91252 train_time:484.692s step_avg:1208.71ms
step:402/3300 train_loss:3.92418 train_time:485.892s step_avg:1208.69ms
step:403/3300 train_loss:3.93241 train_time:487.093s step_avg:1208.67ms
step:404/3300 train_loss:3.90820 train_time:488.305s step_avg:1208.68ms
step:405/3300 train_loss:3.96726 train_time:489.542s step_avg:1208.75ms
step:406/3300 train_loss:3.94187 train_time:490.781s step_avg:1208.82ms
step:407/3300 train_loss:4.03676 train_time:491.989s step_avg:1208.82ms
step:408/3300 train_loss:3.95317 train_time:493.223s step_avg:1208.88ms
step:409/3300 train_loss:3.90505 train_time:494.443s step_avg:1208.91ms
step:410/3300 train_loss:3.91575 train_time:495.664s step_avg:1208.94ms
step:411/3300 train_loss:3.89254 train_time:496.878s step_avg:1208.95ms
step:412/3300 train_loss:3.98095 train_time:498.075s step_avg:1208.92ms
step:413/3300 train_loss:3.90378 train_time:499.292s step_avg:1208.94ms
step:414/3300 train_loss:3.94490 train_time:500.520s step_avg:1208.99ms
step:415/3300 train_loss:3.97966 train_time:501.731s step_avg:1208.99ms
step:416/3300 train_loss:3.90428 train_time:502.951s step_avg:1209.02ms
step:417/3300 train_loss:3.92210 train_time:504.153s step_avg:1209.00ms
step:418/3300 train_loss:3.91826 train_time:505.356s step_avg:1208.99ms
step:419/3300 train_loss:3.89511 train_time:506.552s step_avg:1208.95ms
step:420/3300 train_loss:3.88466 train_time:507.753s step_avg:1208.94ms
step:421/3300 train_loss:3.88737 train_time:508.955s step_avg:1208.92ms
step:422/3300 train_loss:3.86908 train_time:510.153s step_avg:1208.89ms
step:423/3300 train_loss:3.90397 train_time:511.355s step_avg:1208.88ms
step:424/3300 train_loss:3.92405 train_time:512.553s step_avg:1208.85ms
step:425/3300 train_loss:3.93337 train_time:513.752s step_avg:1208.83ms
step:426/3300 train_loss:3.86218 train_time:514.952s step_avg:1208.81ms
step:427/3300 train_loss:3.92034 train_time:516.162s step_avg:1208.81ms
step:428/3300 train_loss:3.86444 train_time:517.357s step_avg:1208.78ms
step:429/3300 train_loss:3.84580 train_time:518.558s step_avg:1208.76ms
step:430/3300 train_loss:3.86919 train_time:519.753s step_avg:1208.73ms
step:431/3300 train_loss:3.94665 train_time:520.959s step_avg:1208.72ms
step:432/3300 train_loss:3.88694 train_time:522.169s step_avg:1208.73ms
step:433/3300 train_loss:3.94493 train_time:523.371s step_avg:1208.71ms
step:434/3300 train_loss:3.89487 train_time:524.575s step_avg:1208.70ms
step:435/3300 train_loss:3.91673 train_time:525.776s step_avg:1208.68ms
step:436/3300 train_loss:3.95578 train_time:526.977s step_avg:1208.66ms
step:437/3300 train_loss:3.90554 train_time:528.175s step_avg:1208.64ms
step:438/3300 train_loss:3.91475 train_time:529.386s step_avg:1208.64ms
step:439/3300 train_loss:3.83647 train_time:530.592s step_avg:1208.64ms
step:440/3300 train_loss:3.89663 train_time:531.797s step_avg:1208.63ms
step:441/3300 train_loss:3.83934 train_time:532.995s step_avg:1208.61ms
step:442/3300 train_loss:3.88117 train_time:534.193s step_avg:1208.58ms
step:443/3300 train_loss:3.83825 train_time:535.390s step_avg:1208.56ms
step:444/3300 train_loss:3.94251 train_time:536.592s step_avg:1208.54ms
step:445/3300 train_loss:3.90721 train_time:537.795s step_avg:1208.53ms
step:446/3300 train_loss:3.88615 train_time:538.997s step_avg:1208.51ms
step:447/3300 train_loss:3.87395 train_time:540.205s step_avg:1208.51ms
step:448/3300 train_loss:3.92852 train_time:541.403s step_avg:1208.49ms
step:449/3300 train_loss:3.89594 train_time:542.597s step_avg:1208.46ms
step:450/3300 train_loss:3.89084 train_time:543.797s step_avg:1208.44ms
step:451/3300 train_loss:4.01786 train_time:544.999s step_avg:1208.42ms
step:452/3300 train_loss:3.91467 train_time:546.200s step_avg:1208.41ms
step:453/3300 train_loss:3.96348 train_time:547.397s step_avg:1208.38ms
step:454/3300 train_loss:3.80617 train_time:548.591s step_avg:1208.35ms
step:455/3300 train_loss:3.86406 train_time:549.796s step_avg:1208.34ms
step:456/3300 train_loss:3.86509 train_time:550.996s step_avg:1208.33ms
step:457/3300 train_loss:3.85711 train_time:552.199s step_avg:1208.31ms
step:458/3300 train_loss:3.90250 train_time:553.398s step_avg:1208.29ms
step:459/3300 train_loss:3.87714 train_time:554.616s step_avg:1208.31ms
step:460/3300 train_loss:3.93415 train_time:555.810s step_avg:1208.28ms
step:461/3300 train_loss:3.90929 train_time:557.013s step_avg:1208.27ms
step:462/3300 train_loss:3.79360 train_time:558.210s step_avg:1208.25ms
step:463/3300 train_loss:3.88058 train_time:559.445s step_avg:1208.30ms
step:464/3300 train_loss:3.89826 train_time:560.637s step_avg:1208.27ms
step:465/3300 train_loss:3.87418 train_time:561.829s step_avg:1208.23ms
step:466/3300 train_loss:3.89467 train_time:563.016s step_avg:1208.19ms
step:467/3300 train_loss:3.85752 train_time:564.207s step_avg:1208.15ms
step:468/3300 train_loss:3.90444 train_time:565.421s step_avg:1208.16ms
step:469/3300 train_loss:3.86859 train_time:566.620s step_avg:1208.14ms
step:470/3300 train_loss:3.79927 train_time:567.818s step_avg:1208.12ms
step:471/3300 train_loss:3.92520 train_time:569.018s step_avg:1208.11ms
step:472/3300 train_loss:3.84466 train_time:570.217s step_avg:1208.09ms
step:473/3300 train_loss:3.86640 train_time:571.424s step_avg:1208.08ms
step:474/3300 train_loss:3.86444 train_time:572.624s step_avg:1208.07ms
step:475/3300 train_loss:3.93253 train_time:573.820s step_avg:1208.04ms
step:476/3300 train_loss:3.88322 train_time:575.041s step_avg:1208.07ms
step:477/3300 train_loss:3.83731 train_time:576.253s step_avg:1208.08ms
step:478/3300 train_loss:3.88428 train_time:577.454s step_avg:1208.06ms
step:479/3300 train_loss:3.82277 train_time:578.654s step_avg:1208.05ms
step:480/3300 train_loss:3.95716 train_time:579.863s step_avg:1208.05ms
step:481/3300 train_loss:3.86012 train_time:581.066s step_avg:1208.04ms
step:482/3300 train_loss:3.78026 train_time:582.258s step_avg:1208.00ms
step:483/3300 train_loss:3.89362 train_time:583.461s step_avg:1207.99ms
step:484/3300 train_loss:3.87021 train_time:584.676s step_avg:1208.01ms
step:485/3300 train_loss:3.77098 train_time:585.879s step_avg:1208.00ms
step:486/3300 train_loss:3.87401 train_time:587.080s step_avg:1207.98ms
step:487/3300 train_loss:3.83940 train_time:588.280s step_avg:1207.97ms
step:488/3300 train_loss:3.84670 train_time:589.486s step_avg:1207.96ms
step:489/3300 train_loss:3.86303 train_time:590.681s step_avg:1207.94ms
step:490/3300 train_loss:3.81233 train_time:591.880s step_avg:1207.92ms
step:491/3300 train_loss:3.84583 train_time:593.082s step_avg:1207.91ms
step:492/3300 train_loss:3.89097 train_time:594.282s step_avg:1207.89ms
step:493/3300 train_loss:3.82120 train_time:595.484s step_avg:1207.88ms
step:494/3300 train_loss:3.83059 train_time:596.682s step_avg:1207.86ms
step:495/3300 train_loss:3.88099 train_time:597.878s step_avg:1207.83ms
step:496/3300 train_loss:3.79436 train_time:599.078s step_avg:1207.82ms
step:497/3300 train_loss:3.86297 train_time:600.282s step_avg:1207.81ms
step:498/3300 train_loss:3.83533 train_time:601.480s step_avg:1207.79ms
step:499/3300 train_loss:3.90189 train_time:602.681s step_avg:1207.78ms
step:500/3300 train_loss:3.83940 train_time:603.880s step_avg:1207.76ms
step:500/3300 val_loss:3.83139 train_time:603.880s step_avg:1203.96ms
step:501/3300 train_loss:3.89924 train_time:605.084s step_avg:1207.75ms
step:502/3300 train_loss:3.85704 train_time:606.276s step_avg:1207.72ms
step:503/3300 train_loss:3.80286 train_time:607.478s step_avg:1207.71ms
step:504/3300 train_loss:3.88791 train_time:608.679s step_avg:1207.70ms
step:505/3300 train_loss:3.84149 train_time:609.880s step_avg:1207.68ms
step:506/3300 train_loss:3.78931 train_time:611.077s step_avg:1207.66ms
step:507/3300 train_loss:3.91797 train_time:612.280s step_avg:1207.65ms
step:508/3300 train_loss:3.81045 train_time:613.480s step_avg:1207.64ms
step:509/3300 train_loss:3.84635 train_time:614.673s step_avg:1207.61ms
step:510/3300 train_loss:3.80545 train_time:615.868s step_avg:1207.58ms
step:511/3300 train_loss:3.78997 train_time:617.061s step_avg:1207.56ms
step:512/3300 train_loss:3.84219 train_time:618.256s step_avg:1207.53ms
step:513/3300 train_loss:3.84081 train_time:619.451s step_avg:1207.51ms
step:514/3300 train_loss:3.92926 train_time:620.658s step_avg:1207.51ms
step:515/3300 train_loss:3.80004 train_time:621.871s step_avg:1207.52ms
step:516/3300 train_loss:3.88110 train_time:623.079s step_avg:1207.52ms
step:517/3300 train_loss:3.85212 train_time:624.277s step_avg:1207.50ms
step:518/3300 train_loss:3.80421 train_time:625.479s step_avg:1207.49ms
step:519/3300 train_loss:3.88662 train_time:626.693s step_avg:1207.50ms
step:520/3300 train_loss:3.81667 train_time:627.900s step_avg:1207.50ms
step:521/3300 train_loss:3.79904 train_time:629.110s step_avg:1207.51ms
step:522/3300 train_loss:3.85827 train_time:630.302s step_avg:1207.47ms
step:523/3300 train_loss:3.83315 train_time:631.499s step_avg:1207.45ms
step:524/3300 train_loss:3.79816 train_time:632.699s step_avg:1207.44ms
step:525/3300 train_loss:3.77244 train_time:633.900s step_avg:1207.43ms
step:526/3300 train_loss:3.88138 train_time:635.102s step_avg:1207.42ms
step:527/3300 train_loss:3.81701 train_time:636.302s step_avg:1207.40ms
step:528/3300 train_loss:3.82916 train_time:637.505s step_avg:1207.40ms
step:529/3300 train_loss:3.86309 train_time:638.701s step_avg:1207.37ms
step:530/3300 train_loss:3.82764 train_time:639.902s step_avg:1207.36ms
step:531/3300 train_loss:3.77670 train_time:641.144s step_avg:1207.43ms
step:532/3300 train_loss:3.85796 train_time:642.341s step_avg:1207.41ms
step:533/3300 train_loss:3.81892 train_time:643.542s step_avg:1207.40ms
step:534/3300 train_loss:3.83673 train_time:644.739s step_avg:1207.38ms
step:535/3300 train_loss:3.93126 train_time:645.939s step_avg:1207.36ms
step:536/3300 train_loss:3.79382 train_time:647.169s step_avg:1207.40ms
step:537/3300 train_loss:3.77029 train_time:648.361s step_avg:1207.38ms
step:538/3300 train_loss:3.78274 train_time:649.560s step_avg:1207.36ms
step:539/3300 train_loss:3.97836 train_time:650.769s step_avg:1207.36ms
step:540/3300 train_loss:3.77110 train_time:651.960s step_avg:1207.33ms
step:541/3300 train_loss:3.86583 train_time:653.158s step_avg:1207.32ms
step:542/3300 train_loss:3.80243 train_time:654.359s step_avg:1207.30ms
step:543/3300 train_loss:3.79602 train_time:655.558s step_avg:1207.29ms
step:544/3300 train_loss:3.83024 train_time:656.769s step_avg:1207.30ms
step:545/3300 train_loss:3.79078 train_time:657.961s step_avg:1207.27ms
step:546/3300 train_loss:3.77307 train_time:659.171s step_avg:1207.27ms
step:547/3300 train_loss:3.81845 train_time:660.372s step_avg:1207.26ms
step:548/3300 train_loss:3.74040 train_time:661.569s step_avg:1207.24ms
step:549/3300 train_loss:3.78256 train_time:662.764s step_avg:1207.22ms
step:550/3300 train_loss:3.82204 train_time:663.963s step_avg:1207.21ms
step:551/3300 train_loss:3.78285 train_time:665.162s step_avg:1207.19ms
step:552/3300 train_loss:3.92549 train_time:666.365s step_avg:1207.18ms
step:553/3300 train_loss:3.81233 train_time:667.565s step_avg:1207.17ms
step:554/3300 train_loss:3.79774 train_time:668.784s step_avg:1207.19ms
step:555/3300 train_loss:3.85465 train_time:669.992s step_avg:1207.19ms
step:556/3300 train_loss:3.79233 train_time:671.185s step_avg:1207.17ms
step:557/3300 train_loss:3.74985 train_time:672.385s step_avg:1207.15ms
step:558/3300 train_loss:3.79604 train_time:673.584s step_avg:1207.14ms
step:559/3300 train_loss:3.86918 train_time:674.785s step_avg:1207.13ms
step:560/3300 train_loss:3.81093 train_time:675.987s step_avg:1207.12ms
step:561/3300 train_loss:3.78138 train_time:677.231s step_avg:1207.18ms
step:562/3300 train_loss:3.78187 train_time:678.431s step_avg:1207.17ms
step:563/3300 train_loss:3.78248 train_time:679.631s step_avg:1207.16ms
step:564/3300 train_loss:3.82183 train_time:680.829s step_avg:1207.14ms
step:565/3300 train_loss:3.78510 train_time:682.054s step_avg:1207.17ms
step:566/3300 train_loss:3.82521 train_time:683.249s step_avg:1207.15ms
step:567/3300 train_loss:3.78855 train_time:684.441s step_avg:1207.13ms
step:568/3300 train_loss:3.87676 train_time:685.646s step_avg:1207.12ms
step:569/3300 train_loss:3.80166 train_time:686.861s step_avg:1207.14ms
step:570/3300 train_loss:3.78116 train_time:688.070s step_avg:1207.14ms
step:571/3300 train_loss:3.74054 train_time:689.300s step_avg:1207.18ms
step:572/3300 train_loss:3.81062 train_time:690.513s step_avg:1207.19ms
step:573/3300 train_loss:3.88145 train_time:691.712s step_avg:1207.18ms
step:574/3300 train_loss:3.77912 train_time:692.912s step_avg:1207.16ms
step:575/3300 train_loss:3.83074 train_time:694.103s step_avg:1207.14ms
step:576/3300 train_loss:3.80721 train_time:695.303s step_avg:1207.12ms
step:577/3300 train_loss:3.80611 train_time:696.503s step_avg:1207.11ms
step:578/3300 train_loss:3.86740 train_time:697.716s step_avg:1207.12ms
step:579/3300 train_loss:3.76724 train_time:698.922s step_avg:1207.12ms
step:580/3300 train_loss:3.83699 train_time:700.126s step_avg:1207.11ms
step:581/3300 train_loss:3.82367 train_time:701.323s step_avg:1207.10ms
step:582/3300 train_loss:3.84661 train_time:702.520s step_avg:1207.08ms
step:583/3300 train_loss:3.80463 train_time:703.729s step_avg:1207.08ms
step:584/3300 train_loss:3.76623 train_time:704.926s step_avg:1207.06ms
step:585/3300 train_loss:3.79896 train_time:706.126s step_avg:1207.05ms
step:586/3300 train_loss:3.89862 train_time:707.325s step_avg:1207.04ms
step:587/3300 train_loss:3.76064 train_time:708.527s step_avg:1207.03ms
step:588/3300 train_loss:3.82825 train_time:709.738s step_avg:1207.04ms
step:589/3300 train_loss:3.88288 train_time:710.937s step_avg:1207.02ms
step:590/3300 train_loss:3.78603 train_time:712.129s step_avg:1207.00ms
step:591/3300 train_loss:3.79879 train_time:713.327s step_avg:1206.98ms
step:592/3300 train_loss:3.77476 train_time:714.524s step_avg:1206.97ms
step:593/3300 train_loss:3.73337 train_time:715.724s step_avg:1206.95ms
step:594/3300 train_loss:3.86167 train_time:716.929s step_avg:1206.95ms
step:595/3300 train_loss:3.80590 train_time:718.128s step_avg:1206.94ms
step:596/3300 train_loss:3.78392 train_time:719.344s step_avg:1206.95ms
step:597/3300 train_loss:3.79472 train_time:720.544s step_avg:1206.94ms
step:598/3300 train_loss:3.81475 train_time:721.752s step_avg:1206.94ms
step:599/3300 train_loss:3.76928 train_time:722.955s step_avg:1206.94ms
step:600/3300 train_loss:3.78558 train_time:724.150s step_avg:1206.92ms
step:601/3300 train_loss:3.78744 train_time:725.348s step_avg:1206.90ms
step:602/3300 train_loss:3.79922 train_time:726.551s step_avg:1206.90ms
step:603/3300 train_loss:3.82447 train_time:727.759s step_avg:1206.90ms
step:604/3300 train_loss:3.83794 train_time:728.964s step_avg:1206.89ms
step:605/3300 train_loss:3.77882 train_time:730.166s step_avg:1206.89ms
step:606/3300 train_loss:3.79224 train_time:731.367s step_avg:1206.88ms
step:607/3300 train_loss:3.78070 train_time:732.576s step_avg:1206.88ms
step:608/3300 train_loss:3.77157 train_time:733.771s step_avg:1206.86ms
step:609/3300 train_loss:3.79500 train_time:734.970s step_avg:1206.85ms
step:610/3300 train_loss:3.76731 train_time:736.170s step_avg:1206.84ms
step:611/3300 train_loss:3.78793 train_time:737.368s step_avg:1206.82ms
step:612/3300 train_loss:3.72663 train_time:738.565s step_avg:1206.80ms
step:613/3300 train_loss:3.76473 train_time:739.763s step_avg:1206.79ms
step:614/3300 train_loss:3.80265 train_time:740.966s step_avg:1206.79ms
step:615/3300 train_loss:3.76969 train_time:742.162s step_avg:1206.77ms
step:616/3300 train_loss:3.78846 train_time:743.355s step_avg:1206.74ms
step:617/3300 train_loss:3.77110 train_time:744.547s step_avg:1206.72ms
step:618/3300 train_loss:3.80251 train_time:745.747s step_avg:1206.71ms
step:619/3300 train_loss:3.82141 train_time:746.944s step_avg:1206.70ms
step:620/3300 train_loss:3.75590 train_time:748.149s step_avg:1206.69ms
step:621/3300 train_loss:3.86149 train_time:749.355s step_avg:1206.69ms
step:622/3300 train_loss:3.80655 train_time:750.552s step_avg:1206.68ms
step:623/3300 train_loss:3.78090 train_time:751.741s step_avg:1206.65ms
step:624/3300 train_loss:3.81455 train_time:752.930s step_avg:1206.62ms
step:625/3300 train_loss:3.79062 train_time:754.126s step_avg:1206.60ms
step:625/3300 val_loss:3.76392 train_time:754.126s step_avg:1201.97ms
step:626/3300 train_loss:3.80108 train_time:755.326s step_avg:1206.59ms
step:627/3300 train_loss:3.79888 train_time:756.520s step_avg:1206.57ms
step:628/3300 train_loss:3.73632 train_time:757.721s step_avg:1206.56ms
step:629/3300 train_loss:3.75678 train_time:758.915s step_avg:1206.54ms
step:630/3300 train_loss:3.75940 train_time:760.112s step_avg:1206.53ms
step:631/3300 train_loss:3.76834 train_time:761.310s step_avg:1206.51ms
step:632/3300 train_loss:3.77691 train_time:762.507s step_avg:1206.50ms
step:633/3300 train_loss:3.78235 train_time:763.698s step_avg:1206.47ms
step:634/3300 train_loss:3.72690 train_time:764.899s step_avg:1206.47ms
step:635/3300 train_loss:3.81934 train_time:766.096s step_avg:1206.45ms
step:636/3300 train_loss:3.72341 train_time:767.283s step_avg:1206.42ms
step:637/3300 train_loss:3.69581 train_time:768.481s step_avg:1206.41ms
step:638/3300 train_loss:3.80927 train_time:769.675s step_avg:1206.39ms
step:639/3300 train_loss:3.75458 train_time:770.877s step_avg:1206.38ms
step:640/3300 train_loss:3.76728 train_time:772.091s step_avg:1206.39ms
step:641/3300 train_loss:3.84228 train_time:773.294s step_avg:1206.39ms
step:642/3300 train_loss:3.71471 train_time:774.492s step_avg:1206.37ms
step:643/3300 train_loss:3.80547 train_time:775.681s step_avg:1206.35ms
step:644/3300 train_loss:3.74587 train_time:776.879s step_avg:1206.33ms
step:645/3300 train_loss:3.78897 train_time:778.075s step_avg:1206.32ms
step:646/3300 train_loss:3.79668 train_time:779.272s step_avg:1206.30ms
step:647/3300 train_loss:3.86693 train_time:780.463s step_avg:1206.28ms
step:648/3300 train_loss:3.78368 train_time:781.659s step_avg:1206.26ms
step:649/3300 train_loss:3.77538 train_time:782.856s step_avg:1206.25ms
step:650/3300 train_loss:3.74306 train_time:784.055s step_avg:1206.24ms
step:651/3300 train_loss:3.72119 train_time:785.264s step_avg:1206.24ms
step:652/3300 train_loss:3.72876 train_time:786.454s step_avg:1206.22ms
step:653/3300 train_loss:3.74235 train_time:787.640s step_avg:1206.19ms
step:654/3300 train_loss:3.78781 train_time:788.835s step_avg:1206.17ms
step:655/3300 train_loss:3.74874 train_time:790.022s step_avg:1206.14ms
step:656/3300 train_loss:3.80897 train_time:791.221s step_avg:1206.13ms
step:657/3300 train_loss:3.71325 train_time:792.414s step_avg:1206.11ms
step:658/3300 train_loss:3.82291 train_time:793.610s step_avg:1206.09ms
step:659/3300 train_loss:3.79327 train_time:794.802s step_avg:1206.07ms
step:660/3300 train_loss:3.82268 train_time:796.022s step_avg:1206.09ms
step:661/3300 train_loss:3.81938 train_time:797.220s step_avg:1206.08ms
step:662/3300 train_loss:3.82096 train_time:798.420s step_avg:1206.07ms
step:663/3300 train_loss:3.72017 train_time:799.620s step_avg:1206.06ms
step:664/3300 train_loss:3.72247 train_time:800.816s step_avg:1206.05ms
step:665/3300 train_loss:3.74438 train_time:802.019s step_avg:1206.04ms
step:666/3300 train_loss:3.79742 train_time:803.221s step_avg:1206.04ms
step:667/3300 train_loss:3.80329 train_time:804.430s step_avg:1206.04ms
step:668/3300 train_loss:3.77743 train_time:805.641s step_avg:1206.05ms
step:669/3300 train_loss:3.77833 train_time:806.846s step_avg:1206.05ms
step:670/3300 train_loss:3.76420 train_time:808.043s step_avg:1206.03ms
step:671/3300 train_loss:3.74935 train_time:809.245s step_avg:1206.03ms
step:672/3300 train_loss:3.81027 train_time:810.446s step_avg:1206.02ms
step:673/3300 train_loss:3.75585 train_time:811.651s step_avg:1206.02ms
step:674/3300 train_loss:3.74985 train_time:812.849s step_avg:1206.01ms
step:675/3300 train_loss:3.81129 train_time:814.041s step_avg:1205.99ms
step:676/3300 train_loss:3.74394 train_time:815.246s step_avg:1205.99ms
step:677/3300 train_loss:3.73778 train_time:816.446s step_avg:1205.98ms
step:678/3300 train_loss:3.75125 train_time:817.645s step_avg:1205.97ms
step:679/3300 train_loss:3.76612 train_time:818.845s step_avg:1205.96ms
step:680/3300 train_loss:3.76930 train_time:820.044s step_avg:1205.95ms
step:681/3300 train_loss:3.68603 train_time:821.252s step_avg:1205.95ms
step:682/3300 train_loss:3.77884 train_time:822.449s step_avg:1205.94ms
step:683/3300 train_loss:3.82600 train_time:823.644s step_avg:1205.92ms
step:684/3300 train_loss:3.76509 train_time:824.844s step_avg:1205.91ms
step:685/3300 train_loss:3.80523 train_time:826.046s step_avg:1205.91ms
step:686/3300 train_loss:3.80574 train_time:827.244s step_avg:1205.90ms
step:687/3300 train_loss:3.72790 train_time:828.446s step_avg:1205.89ms
step:688/3300 train_loss:3.72387 train_time:829.643s step_avg:1205.88ms
step:689/3300 train_loss:3.73145 train_time:830.843s step_avg:1205.87ms
step:690/3300 train_loss:3.75167 train_time:832.043s step_avg:1205.86ms
step:691/3300 train_loss:3.76688 train_time:833.244s step_avg:1205.85ms
step:692/3300 train_loss:3.72934 train_time:834.448s step_avg:1205.85ms
step:693/3300 train_loss:3.77459 train_time:835.645s step_avg:1205.84ms
step:694/3300 train_loss:3.73298 train_time:836.841s step_avg:1205.82ms
step:695/3300 train_loss:3.68953 train_time:838.041s step_avg:1205.82ms
step:696/3300 train_loss:3.80816 train_time:839.240s step_avg:1205.80ms
step:697/3300 train_loss:3.70655 train_time:840.438s step_avg:1205.79ms
step:698/3300 train_loss:3.74132 train_time:841.644s step_avg:1205.79ms
step:699/3300 train_loss:3.77968 train_time:842.855s step_avg:1205.80ms
step:700/3300 train_loss:3.70938 train_time:844.058s step_avg:1205.80ms
step:701/3300 train_loss:3.72714 train_time:845.275s step_avg:1205.81ms
step:702/3300 train_loss:3.72086 train_time:846.467s step_avg:1205.79ms
step:703/3300 train_loss:3.66217 train_time:847.665s step_avg:1205.78ms
step:704/3300 train_loss:3.73383 train_time:848.865s step_avg:1205.77ms
step:705/3300 train_loss:3.65509 train_time:850.069s step_avg:1205.77ms
step:706/3300 train_loss:3.69970 train_time:851.267s step_avg:1205.76ms
step:707/3300 train_loss:3.77101 train_time:852.481s step_avg:1205.77ms
step:708/3300 train_loss:3.75153 train_time:853.680s step_avg:1205.76ms
step:709/3300 train_loss:3.73985 train_time:854.881s step_avg:1205.76ms
step:710/3300 train_loss:3.72418 train_time:856.099s step_avg:1205.77ms
step:711/3300 train_loss:3.73421 train_time:857.298s step_avg:1205.76ms
step:712/3300 train_loss:3.68462 train_time:858.497s step_avg:1205.75ms
step:713/3300 train_loss:3.77424 train_time:859.700s step_avg:1205.75ms
step:714/3300 train_loss:3.64778 train_time:860.912s step_avg:1205.76ms
step:715/3300 train_loss:3.82422 train_time:862.106s step_avg:1205.74ms
step:716/3300 train_loss:3.72021 train_time:863.307s step_avg:1205.74ms
step:717/3300 train_loss:3.77683 train_time:864.506s step_avg:1205.73ms
step:718/3300 train_loss:3.76091 train_time:865.707s step_avg:1205.72ms
step:719/3300 train_loss:3.77256 train_time:866.907s step_avg:1205.71ms
step:720/3300 train_loss:3.77123 train_time:868.112s step_avg:1205.71ms
step:721/3300 train_loss:3.75274 train_time:869.319s step_avg:1205.71ms
step:722/3300 train_loss:3.74892 train_time:870.529s step_avg:1205.72ms
step:723/3300 train_loss:3.78204 train_time:871.737s step_avg:1205.72ms
step:724/3300 train_loss:3.70265 train_time:872.932s step_avg:1205.71ms
step:725/3300 train_loss:3.70797 train_time:874.135s step_avg:1205.70ms
step:726/3300 train_loss:3.74947 train_time:875.338s step_avg:1205.70ms
step:727/3300 train_loss:3.70460 train_time:876.531s step_avg:1205.68ms
step:728/3300 train_loss:3.73742 train_time:877.729s step_avg:1205.67ms
step:729/3300 train_loss:3.77338 train_time:878.926s step_avg:1205.66ms
step:730/3300 train_loss:3.79728 train_time:880.146s step_avg:1205.68ms
step:731/3300 train_loss:3.76330 train_time:881.356s step_avg:1205.68ms
step:732/3300 train_loss:3.76371 train_time:882.559s step_avg:1205.68ms
step:733/3300 train_loss:3.76493 train_time:883.761s step_avg:1205.68ms
step:734/3300 train_loss:3.82463 train_time:884.954s step_avg:1205.66ms
step:735/3300 train_loss:3.73958 train_time:886.147s step_avg:1205.64ms
step:736/3300 train_loss:3.74178 train_time:887.348s step_avg:1205.64ms
step:737/3300 train_loss:3.77611 train_time:888.548s step_avg:1205.63ms
step:738/3300 train_loss:3.74414 train_time:889.749s step_avg:1205.62ms
step:739/3300 train_loss:3.74826 train_time:890.949s step_avg:1205.61ms
step:740/3300 train_loss:3.85257 train_time:892.151s step_avg:1205.61ms
step:741/3300 train_loss:3.72686 train_time:893.347s step_avg:1205.60ms
step:742/3300 train_loss:3.70659 train_time:894.548s step_avg:1205.59ms
step:743/3300 train_loss:3.75313 train_time:895.754s step_avg:1205.59ms
step:744/3300 train_loss:3.65455 train_time:896.952s step_avg:1205.58ms
step:745/3300 train_loss:3.71894 train_time:898.153s step_avg:1205.57ms
step:746/3300 train_loss:3.74628 train_time:899.388s step_avg:1205.61ms
step:747/3300 train_loss:3.70782 train_time:900.589s step_avg:1205.61ms
step:748/3300 train_loss:3.75626 train_time:901.790s step_avg:1205.60ms
step:749/3300 train_loss:3.68654 train_time:902.989s step_avg:1205.59ms
step:750/3300 train_loss:3.76514 train_time:904.191s step_avg:1205.59ms
step:750/3300 val_loss:3.71665 train_time:904.192s step_avg:1200.52ms
step:751/3300 train_loss:3.69176 train_time:905.387s step_avg:1205.57ms
step:752/3300 train_loss:3.73840 train_time:906.579s step_avg:1205.56ms
step:753/3300 train_loss:3.73523 train_time:907.776s step_avg:1205.55ms
step:754/3300 train_loss:3.82077 train_time:908.975s step_avg:1205.54ms
step:755/3300 train_loss:3.76458 train_time:910.174s step_avg:1205.53ms
step:756/3300 train_loss:3.82114 train_time:911.388s step_avg:1205.54ms
step:757/3300 train_loss:3.73441 train_time:912.583s step_avg:1205.53ms
step:758/3300 train_loss:3.74258 train_time:913.795s step_avg:1205.53ms
step:759/3300 train_loss:3.69574 train_time:914.998s step_avg:1205.53ms
step:760/3300 train_loss:3.74870 train_time:916.196s step_avg:1205.52ms
step:761/3300 train_loss:3.69111 train_time:917.432s step_avg:1205.56ms
step:762/3300 train_loss:3.68979 train_time:918.635s step_avg:1205.56ms
step:763/3300 train_loss:3.74462 train_time:919.831s step_avg:1205.55ms
step:764/3300 train_loss:3.71013 train_time:921.022s step_avg:1205.53ms
step:765/3300 train_loss:3.86956 train_time:922.220s step_avg:1205.52ms
step:766/3300 train_loss:3.81216 train_time:923.431s step_avg:1205.52ms
step:767/3300 train_loss:3.76296 train_time:924.623s step_avg:1205.51ms
step:768/3300 train_loss:3.80911 train_time:925.825s step_avg:1205.50ms
step:769/3300 train_loss:3.87741 train_time:927.029s step_avg:1205.50ms
step:770/3300 train_loss:3.72035 train_time:928.225s step_avg:1205.49ms
step:771/3300 train_loss:3.77040 train_time:929.420s step_avg:1205.47ms
step:772/3300 train_loss:3.69565 train_time:930.617s step_avg:1205.46ms
step:773/3300 train_loss:3.73751 train_time:931.818s step_avg:1205.46ms
step:774/3300 train_loss:3.74506 train_time:933.023s step_avg:1205.46ms
step:775/3300 train_loss:3.74721 train_time:934.234s step_avg:1205.46ms
step:776/3300 train_loss:3.67552 train_time:935.439s step_avg:1205.46ms
step:777/3300 train_loss:3.70496 train_time:936.644s step_avg:1205.46ms
step:778/3300 train_loss:3.76054 train_time:937.856s step_avg:1205.47ms
step:779/3300 train_loss:3.70801 train_time:939.047s step_avg:1205.45ms
step:780/3300 train_loss:3.72272 train_time:940.244s step_avg:1205.44ms
step:781/3300 train_loss:3.70897 train_time:941.447s step_avg:1205.44ms
step:782/3300 train_loss:3.72532 train_time:942.654s step_avg:1205.44ms
step:783/3300 train_loss:3.70139 train_time:943.857s step_avg:1205.44ms
step:784/3300 train_loss:3.71252 train_time:945.062s step_avg:1205.44ms
step:785/3300 train_loss:3.66350 train_time:946.265s step_avg:1205.43ms
step:786/3300 train_loss:3.72304 train_time:947.476s step_avg:1205.44ms
step:787/3300 train_loss:3.72329 train_time:948.680s step_avg:1205.44ms
step:788/3300 train_loss:3.69909 train_time:949.883s step_avg:1205.44ms
step:789/3300 train_loss:3.77978 train_time:951.079s step_avg:1205.42ms
step:790/3300 train_loss:3.72141 train_time:952.283s step_avg:1205.42ms
step:791/3300 train_loss:3.81604 train_time:953.485s step_avg:1205.42ms
step:792/3300 train_loss:3.77831 train_time:954.696s step_avg:1205.42ms
step:793/3300 train_loss:3.71108 train_time:955.914s step_avg:1205.44ms
step:794/3300 train_loss:4.04713 train_time:957.117s step_avg:1205.44ms
step:795/3300 train_loss:3.70745 train_time:958.318s step_avg:1205.43ms
step:796/3300 train_loss:3.73984 train_time:959.523s step_avg:1205.43ms
step:797/3300 train_loss:3.72926 train_time:960.725s step_avg:1205.43ms
step:798/3300 train_loss:3.79181 train_time:961.924s step_avg:1205.42ms
step:799/3300 train_loss:3.73000 train_time:963.134s step_avg:1205.42ms
step:800/3300 train_loss:3.72507 train_time:964.328s step_avg:1205.41ms
step:801/3300 train_loss:3.86337 train_time:965.538s step_avg:1205.42ms
step:802/3300 train_loss:3.69687 train_time:966.739s step_avg:1205.41ms
step:803/3300 train_loss:3.71840 train_time:967.941s step_avg:1205.41ms
step:804/3300 train_loss:3.72042 train_time:969.140s step_avg:1205.40ms
step:805/3300 train_loss:3.73063 train_time:970.336s step_avg:1205.39ms
step:806/3300 train_loss:3.72342 train_time:971.527s step_avg:1205.37ms
step:807/3300 train_loss:3.69788 train_time:972.726s step_avg:1205.36ms
step:808/3300 train_loss:3.72440 train_time:973.926s step_avg:1205.35ms
step:809/3300 train_loss:3.71752 train_time:975.130s step_avg:1205.35ms
step:810/3300 train_loss:3.73219 train_time:976.346s step_avg:1205.37ms
step:811/3300 train_loss:3.72612 train_time:977.549s step_avg:1205.36ms
step:812/3300 train_loss:3.81483 train_time:978.746s step_avg:1205.35ms
step:813/3300 train_loss:3.78353 train_time:979.943s step_avg:1205.34ms
step:814/3300 train_loss:3.70592 train_time:981.146s step_avg:1205.34ms
step:815/3300 train_loss:3.72961 train_time:982.353s step_avg:1205.34ms
step:816/3300 train_loss:3.71057 train_time:983.549s step_avg:1205.33ms
step:817/3300 train_loss:3.74979 train_time:984.744s step_avg:1205.32ms
step:818/3300 train_loss:3.68464 train_time:985.944s step_avg:1205.31ms
step:819/3300 train_loss:3.67589 train_time:987.144s step_avg:1205.30ms
step:820/3300 train_loss:3.69035 train_time:988.351s step_avg:1205.31ms
step:821/3300 train_loss:3.73018 train_time:989.545s step_avg:1205.29ms
step:822/3300 train_loss:3.65902 train_time:990.739s step_avg:1205.28ms
step:823/3300 train_loss:3.65039 train_time:991.933s step_avg:1205.26ms
step:824/3300 train_loss:3.70998 train_time:993.132s step_avg:1205.26ms
step:825/3300 train_loss:3.62080 train_time:994.330s step_avg:1205.25ms
step:826/3300 train_loss:3.67402 train_time:995.519s step_avg:1205.23ms
step:827/3300 train_loss:3.71242 train_time:996.720s step_avg:1205.22ms
step:828/3300 train_loss:3.68660 train_time:997.922s step_avg:1205.22ms
step:829/3300 train_loss:3.73135 train_time:999.119s step_avg:1205.21ms
step:830/3300 train_loss:3.75104 train_time:1000.314s step_avg:1205.20ms
step:831/3300 train_loss:3.80725 train_time:1001.506s step_avg:1205.18ms
step:832/3300 train_loss:3.71731 train_time:1002.713s step_avg:1205.18ms
step:833/3300 train_loss:3.70048 train_time:1003.923s step_avg:1205.19ms
step:834/3300 train_loss:3.70112 train_time:1005.122s step_avg:1205.18ms
step:835/3300 train_loss:3.66512 train_time:1006.335s step_avg:1205.19ms
step:836/3300 train_loss:3.69786 train_time:1007.529s step_avg:1205.18ms
step:837/3300 train_loss:3.67595 train_time:1008.727s step_avg:1205.17ms
step:838/3300 train_loss:3.75206 train_time:1009.931s step_avg:1205.17ms
step:839/3300 train_loss:3.70968 train_time:1011.131s step_avg:1205.16ms
step:840/3300 train_loss:3.69628 train_time:1012.335s step_avg:1205.16ms
step:841/3300 train_loss:3.72046 train_time:1013.533s step_avg:1205.15ms
step:842/3300 train_loss:3.67281 train_time:1014.731s step_avg:1205.14ms
step:843/3300 train_loss:3.70017 train_time:1015.928s step_avg:1205.13ms
step:844/3300 train_loss:3.73134 train_time:1017.127s step_avg:1205.13ms
step:845/3300 train_loss:3.71865 train_time:1018.335s step_avg:1205.13ms
step:846/3300 train_loss:3.70063 train_time:1019.530s step_avg:1205.12ms
step:847/3300 train_loss:3.68725 train_time:1020.731s step_avg:1205.11ms
step:848/3300 train_loss:3.74573 train_time:1021.938s step_avg:1205.12ms
step:849/3300 train_loss:3.69175 train_time:1023.138s step_avg:1205.11ms
step:850/3300 train_loss:3.76526 train_time:1024.339s step_avg:1205.11ms
step:851/3300 train_loss:3.70009 train_time:1025.536s step_avg:1205.09ms
step:852/3300 train_loss:3.70916 train_time:1026.734s step_avg:1205.09ms
step:853/3300 train_loss:3.70648 train_time:1027.934s step_avg:1205.08ms
step:854/3300 train_loss:3.67450 train_time:1029.128s step_avg:1205.07ms
step:855/3300 train_loss:3.72437 train_time:1030.322s step_avg:1205.06ms
step:856/3300 train_loss:3.74934 train_time:1031.527s step_avg:1205.05ms
step:857/3300 train_loss:3.65786 train_time:1032.737s step_avg:1205.06ms
step:858/3300 train_loss:3.68461 train_time:1033.947s step_avg:1205.07ms
step:859/3300 train_loss:3.70250 train_time:1035.159s step_avg:1205.07ms
step:860/3300 train_loss:3.67352 train_time:1036.353s step_avg:1205.06ms
step:861/3300 train_loss:3.67688 train_time:1037.558s step_avg:1205.06ms
step:862/3300 train_loss:3.65147 train_time:1038.748s step_avg:1205.04ms
step:863/3300 train_loss:3.71461 train_time:1039.949s step_avg:1205.04ms
step:864/3300 train_loss:3.70879 train_time:1041.150s step_avg:1205.03ms
step:865/3300 train_loss:3.81499 train_time:1042.356s step_avg:1205.04ms
step:866/3300 train_loss:3.73780 train_time:1043.556s step_avg:1205.03ms
step:867/3300 train_loss:3.68439 train_time:1044.752s step_avg:1205.02ms
step:868/3300 train_loss:3.64343 train_time:1045.947s step_avg:1205.01ms
step:869/3300 train_loss:3.67155 train_time:1047.144s step_avg:1205.00ms
step:870/3300 train_loss:3.71317 train_time:1048.353s step_avg:1205.00ms
step:871/3300 train_loss:3.67772 train_time:1049.552s step_avg:1205.00ms
step:872/3300 train_loss:3.72219 train_time:1050.751s step_avg:1204.99ms
step:873/3300 train_loss:3.69407 train_time:1051.960s step_avg:1204.99ms
step:874/3300 train_loss:3.65118 train_time:1053.164s step_avg:1204.99ms
step:875/3300 train_loss:3.68616 train_time:1054.377s step_avg:1205.00ms
step:875/3300 val_loss:3.67509 train_time:1054.378s step_avg:1201.49ms
step:876/3300 train_loss:3.73303 train_time:1055.575s step_avg:1204.99ms
step:877/3300 train_loss:3.67826 train_time:1056.764s step_avg:1204.98ms
step:878/3300 train_loss:3.74163 train_time:1057.958s step_avg:1204.96ms
step:879/3300 train_loss:3.69151 train_time:1059.158s step_avg:1204.96ms
step:880/3300 train_loss:3.65672 train_time:1060.358s step_avg:1204.95ms
step:881/3300 train_loss:3.68424 train_time:1061.564s step_avg:1204.95ms
step:882/3300 train_loss:3.69594 train_time:1062.767s step_avg:1204.95ms
step:883/3300 train_loss:3.70137 train_time:1063.977s step_avg:1204.96ms
step:884/3300 train_loss:3.68672 train_time:1065.169s step_avg:1204.94ms
step:885/3300 train_loss:3.66209 train_time:1066.363s step_avg:1204.93ms
step:886/3300 train_loss:3.68877 train_time:1067.568s step_avg:1204.93ms
step:887/3300 train_loss:3.81713 train_time:1068.801s step_avg:1204.96ms
step:888/3300 train_loss:3.70544 train_time:1070.006s step_avg:1204.96ms
step:889/3300 train_loss:3.64149 train_time:1071.206s step_avg:1204.96ms
step:890/3300 train_loss:3.62010 train_time:1072.411s step_avg:1204.96ms
step:891/3300 train_loss:3.68177 train_time:1073.615s step_avg:1204.95ms
step:892/3300 train_loss:3.72344 train_time:1074.806s step_avg:1204.94ms
step:893/3300 train_loss:3.61784 train_time:1076.008s step_avg:1204.94ms
step:894/3300 train_loss:3.70628 train_time:1077.212s step_avg:1204.93ms
step:895/3300 train_loss:3.70516 train_time:1078.410s step_avg:1204.93ms
step:896/3300 train_loss:3.69909 train_time:1079.609s step_avg:1204.92ms
step:897/3300 train_loss:3.69376 train_time:1080.802s step_avg:1204.91ms
step:898/3300 train_loss:3.73020 train_time:1081.998s step_avg:1204.90ms
step:899/3300 train_loss:3.69115 train_time:1083.187s step_avg:1204.88ms
step:900/3300 train_loss:3.63060 train_time:1084.409s step_avg:1204.90ms
step:901/3300 train_loss:3.67331 train_time:1085.607s step_avg:1204.89ms
step:902/3300 train_loss:3.97050 train_time:1086.804s step_avg:1204.88ms
step:903/3300 train_loss:3.66481 train_time:1087.995s step_avg:1204.87ms
step:904/3300 train_loss:3.67350 train_time:1089.196s step_avg:1204.86ms
step:905/3300 train_loss:3.72964 train_time:1090.409s step_avg:1204.87ms
step:906/3300 train_loss:3.73056 train_time:1091.622s step_avg:1204.88ms
step:907/3300 train_loss:3.65950 train_time:1092.818s step_avg:1204.87ms
step:908/3300 train_loss:3.72328 train_time:1094.006s step_avg:1204.85ms
step:909/3300 train_loss:3.82115 train_time:1095.206s step_avg:1204.85ms
step:910/3300 train_loss:3.64494 train_time:1096.407s step_avg:1204.84ms
step:911/3300 train_loss:3.69477 train_time:1097.601s step_avg:1204.83ms
step:912/3300 train_loss:3.64588 train_time:1098.797s step_avg:1204.82ms
step:913/3300 train_loss:3.67715 train_time:1099.998s step_avg:1204.82ms
step:914/3300 train_loss:3.75089 train_time:1101.193s step_avg:1204.81ms
step:915/3300 train_loss:3.70003 train_time:1102.392s step_avg:1204.80ms
step:916/3300 train_loss:3.78131 train_time:1103.592s step_avg:1204.79ms
step:917/3300 train_loss:3.67688 train_time:1104.784s step_avg:1204.78ms
step:918/3300 train_loss:3.82530 train_time:1105.978s step_avg:1204.77ms
step:919/3300 train_loss:3.69052 train_time:1107.168s step_avg:1204.75ms
step:920/3300 train_loss:3.72810 train_time:1108.368s step_avg:1204.75ms
step:921/3300 train_loss:3.64313 train_time:1109.564s step_avg:1204.74ms
step:922/3300 train_loss:3.66422 train_time:1110.775s step_avg:1204.75ms
step:923/3300 train_loss:3.64258 train_time:1111.977s step_avg:1204.74ms
step:924/3300 train_loss:3.69338 train_time:1113.172s step_avg:1204.73ms
step:925/3300 train_loss:3.68817 train_time:1114.379s step_avg:1204.73ms
step:926/3300 train_loss:3.71384 train_time:1115.578s step_avg:1204.73ms
step:927/3300 train_loss:3.64671 train_time:1116.772s step_avg:1204.72ms
step:928/3300 train_loss:3.67307 train_time:1117.970s step_avg:1204.71ms
step:929/3300 train_loss:3.79957 train_time:1119.186s step_avg:1204.72ms
step:930/3300 train_loss:3.65405 train_time:1120.390s step_avg:1204.72ms
step:931/3300 train_loss:3.65279 train_time:1121.592s step_avg:1204.72ms
step:932/3300 train_loss:3.81891 train_time:1122.802s step_avg:1204.72ms
step:933/3300 train_loss:3.64825 train_time:1123.988s step_avg:1204.70ms
step:934/3300 train_loss:3.78200 train_time:1125.189s step_avg:1204.70ms
step:935/3300 train_loss:3.71795 train_time:1126.389s step_avg:1204.69ms
step:936/3300 train_loss:3.67603 train_time:1127.592s step_avg:1204.69ms
step:937/3300 train_loss:3.62827 train_time:1128.798s step_avg:1204.69ms
step:938/3300 train_loss:3.69796 train_time:1130.001s step_avg:1204.69ms
step:939/3300 train_loss:3.65683 train_time:1131.209s step_avg:1204.70ms
step:940/3300 train_loss:3.64068 train_time:1132.409s step_avg:1204.69ms
step:941/3300 train_loss:3.76343 train_time:1133.612s step_avg:1204.69ms
step:942/3300 train_loss:3.65750 train_time:1134.818s step_avg:1204.69ms
step:943/3300 train_loss:3.72062 train_time:1136.012s step_avg:1204.68ms
step:944/3300 train_loss:3.70894 train_time:1137.214s step_avg:1204.68ms
step:945/3300 train_loss:3.68004 train_time:1138.414s step_avg:1204.67ms
step:946/3300 train_loss:3.85509 train_time:1139.630s step_avg:1204.68ms
step:947/3300 train_loss:3.71829 train_time:1140.836s step_avg:1204.68ms
step:948/3300 train_loss:3.65376 train_time:1142.038s step_avg:1204.68ms
step:949/3300 train_loss:3.67705 train_time:1143.235s step_avg:1204.67ms
step:950/3300 train_loss:3.67710 train_time:1144.432s step_avg:1204.67ms
step:951/3300 train_loss:3.65712 train_time:1145.651s step_avg:1204.68ms
step:952/3300 train_loss:3.72046 train_time:1146.850s step_avg:1204.67ms
step:953/3300 train_loss:3.64736 train_time:1148.054s step_avg:1204.67ms
step:954/3300 train_loss:3.68160 train_time:1149.259s step_avg:1204.67ms
step:955/3300 train_loss:3.70373 train_time:1150.466s step_avg:1204.68ms
step:956/3300 train_loss:3.68845 train_time:1151.669s step_avg:1204.68ms
step:957/3300 train_loss:3.75848 train_time:1152.879s step_avg:1204.68ms
step:958/3300 train_loss:3.72099 train_time:1154.078s step_avg:1204.67ms
step:959/3300 train_loss:3.72075 train_time:1155.274s step_avg:1204.66ms
step:960/3300 train_loss:3.64177 train_time:1156.473s step_avg:1204.66ms
step:961/3300 train_loss:3.67714 train_time:1157.676s step_avg:1204.66ms
step:962/3300 train_loss:3.65336 train_time:1158.874s step_avg:1204.65ms
step:963/3300 train_loss:3.65514 train_time:1160.070s step_avg:1204.64ms
step:964/3300 train_loss:3.64211 train_time:1161.288s step_avg:1204.66ms
step:965/3300 train_loss:3.68616 train_time:1162.497s step_avg:1204.66ms
step:966/3300 train_loss:3.69402 train_time:1163.721s step_avg:1204.68ms
step:967/3300 train_loss:3.70111 train_time:1164.946s step_avg:1204.70ms
step:968/3300 train_loss:3.67369 train_time:1166.141s step_avg:1204.69ms
step:969/3300 train_loss:3.65707 train_time:1167.338s step_avg:1204.68ms
step:970/3300 train_loss:3.65647 train_time:1168.536s step_avg:1204.68ms
step:971/3300 train_loss:3.64462 train_time:1169.751s step_avg:1204.69ms
step:972/3300 train_loss:3.66938 train_time:1170.950s step_avg:1204.68ms
step:973/3300 train_loss:3.72293 train_time:1172.159s step_avg:1204.69ms
step:974/3300 train_loss:3.66973 train_time:1173.363s step_avg:1204.68ms
step:975/3300 train_loss:3.70927 train_time:1174.571s step_avg:1204.69ms
step:976/3300 train_loss:3.68165 train_time:1175.768s step_avg:1204.68ms
step:977/3300 train_loss:3.65154 train_time:1176.967s step_avg:1204.67ms
step:978/3300 train_loss:3.62382 train_time:1178.161s step_avg:1204.66ms
step:979/3300 train_loss:3.69062 train_time:1179.366s step_avg:1204.66ms
step:980/3300 train_loss:3.65690 train_time:1180.572s step_avg:1204.67ms
step:981/3300 train_loss:3.68415 train_time:1181.779s step_avg:1204.67ms
step:982/3300 train_loss:3.68514 train_time:1182.986s step_avg:1204.67ms
step:983/3300 train_loss:3.66849 train_time:1184.197s step_avg:1204.68ms
step:984/3300 train_loss:3.75221 train_time:1185.407s step_avg:1204.68ms
step:985/3300 train_loss:3.72869 train_time:1186.602s step_avg:1204.67ms
step:986/3300 train_loss:3.65691 train_time:1187.795s step_avg:1204.66ms
step:987/3300 train_loss:3.68611 train_time:1189.006s step_avg:1204.67ms
step:988/3300 train_loss:3.61103 train_time:1190.222s step_avg:1204.68ms
step:989/3300 train_loss:3.64614 train_time:1191.419s step_avg:1204.67ms
step:990/3300 train_loss:3.66147 train_time:1192.618s step_avg:1204.66ms
step:991/3300 train_loss:3.66422 train_time:1193.824s step_avg:1204.67ms
step:992/3300 train_loss:3.65979 train_time:1195.032s step_avg:1204.67ms
step:993/3300 train_loss:3.64944 train_time:1196.231s step_avg:1204.66ms
step:994/3300 train_loss:3.63405 train_time:1197.427s step_avg:1204.66ms
step:995/3300 train_loss:3.71818 train_time:1198.638s step_avg:1204.66ms
step:996/3300 train_loss:3.62065 train_time:1199.852s step_avg:1204.67ms
step:997/3300 train_loss:3.67376 train_time:1201.057s step_avg:1204.67ms
step:998/3300 train_loss:3.69414 train_time:1202.258s step_avg:1204.67ms
step:999/3300 train_loss:3.69657 train_time:1203.450s step_avg:1204.65ms
step:1000/3300 train_loss:3.69420 train_time:1204.645s step_avg:1204.64ms
step:1000/3300 val_loss:3.64249 train_time:1204.645s step_avg:1202.14ms
step:1001/3300 train_loss:3.62154 train_time:1205.846s step_avg:1204.64ms
step:1002/3300 train_loss:3.68003 train_time:1207.050s step_avg:1204.64ms
step:1003/3300 train_loss:3.68354 train_time:1208.243s step_avg:1204.63ms
step:1004/3300 train_loss:3.69803 train_time:1209.442s step_avg:1204.62ms
step:1005/3300 train_loss:3.66961 train_time:1210.639s step_avg:1204.62ms
step:1006/3300 train_loss:3.61956 train_time:1211.869s step_avg:1204.64ms
step:1007/3300 train_loss:3.68934 train_time:1213.065s step_avg:1204.63ms
step:1008/3300 train_loss:3.71819 train_time:1214.270s step_avg:1204.63ms
step:1009/3300 train_loss:3.71551 train_time:1215.462s step_avg:1204.62ms
step:1010/3300 train_loss:3.64522 train_time:1216.665s step_avg:1204.62ms
step:1011/3300 train_loss:3.68080 train_time:1217.859s step_avg:1204.61ms
step:1012/3300 train_loss:3.58485 train_time:1219.057s step_avg:1204.60ms
step:1013/3300 train_loss:3.67500 train_time:1220.257s step_avg:1204.60ms
step:1014/3300 train_loss:3.68730 train_time:1221.458s step_avg:1204.59ms
step:1015/3300 train_loss:3.65181 train_time:1222.654s step_avg:1204.58ms
step:1016/3300 train_loss:3.66702 train_time:1223.855s step_avg:1204.58ms
step:1017/3300 train_loss:3.63631 train_time:1225.057s step_avg:1204.58ms
step:1018/3300 train_loss:3.66736 train_time:1226.261s step_avg:1204.58ms
step:1019/3300 train_loss:3.67641 train_time:1227.460s step_avg:1204.57ms
step:1020/3300 train_loss:3.67796 train_time:1228.656s step_avg:1204.56ms
step:1021/3300 train_loss:3.67149 train_time:1229.848s step_avg:1204.55ms
step:1022/3300 train_loss:3.68778 train_time:1231.048s step_avg:1204.55ms
step:1023/3300 train_loss:3.66973 train_time:1232.246s step_avg:1204.54ms
step:1024/3300 train_loss:3.67912 train_time:1233.445s step_avg:1204.54ms
step:1025/3300 train_loss:3.64137 train_time:1234.661s step_avg:1204.55ms
step:1026/3300 train_loss:3.65897 train_time:1235.859s step_avg:1204.54ms
step:1027/3300 train_loss:3.65230 train_time:1237.061s step_avg:1204.54ms
step:1028/3300 train_loss:3.66693 train_time:1238.261s step_avg:1204.53ms
step:1029/3300 train_loss:3.72547 train_time:1239.462s step_avg:1204.53ms
step:1030/3300 train_loss:3.65427 train_time:1240.664s step_avg:1204.53ms
step:1031/3300 train_loss:3.62323 train_time:1241.862s step_avg:1204.52ms
step:1032/3300 train_loss:3.68097 train_time:1243.071s step_avg:1204.53ms
step:1033/3300 train_loss:3.66897 train_time:1244.261s step_avg:1204.51ms
step:1034/3300 train_loss:3.64838 train_time:1245.457s step_avg:1204.50ms
step:1035/3300 train_loss:3.64714 train_time:1246.658s step_avg:1204.50ms
step:1036/3300 train_loss:3.87259 train_time:1247.865s step_avg:1204.50ms
step:1037/3300 train_loss:3.66521 train_time:1249.063s step_avg:1204.50ms
step:1038/3300 train_loss:3.67010 train_time:1250.258s step_avg:1204.49ms
step:1039/3300 train_loss:3.67914 train_time:1251.483s step_avg:1204.51ms
step:1040/3300 train_loss:3.64370 train_time:1252.694s step_avg:1204.51ms
step:1041/3300 train_loss:3.64240 train_time:1253.888s step_avg:1204.50ms
step:1042/3300 train_loss:3.70530 train_time:1255.088s step_avg:1204.50ms
step:1043/3300 train_loss:3.66810 train_time:1256.293s step_avg:1204.50ms
step:1044/3300 train_loss:3.58127 train_time:1257.499s step_avg:1204.50ms
step:1045/3300 train_loss:3.65803 train_time:1258.698s step_avg:1204.50ms
step:1046/3300 train_loss:3.65862 train_time:1259.898s step_avg:1204.49ms
step:1047/3300 train_loss:3.73339 train_time:1261.112s step_avg:1204.50ms
step:1048/3300 train_loss:3.62576 train_time:1262.308s step_avg:1204.49ms
step:1049/3300 train_loss:3.60970 train_time:1263.510s step_avg:1204.49ms
step:1050/3300 train_loss:3.75268 train_time:1264.702s step_avg:1204.48ms
step:1051/3300 train_loss:3.65739 train_time:1265.896s step_avg:1204.47ms
step:1052/3300 train_loss:3.63570 train_time:1267.095s step_avg:1204.46ms
step:1053/3300 train_loss:3.66986 train_time:1268.296s step_avg:1204.46ms
step:1054/3300 train_loss:3.59142 train_time:1269.487s step_avg:1204.45ms
step:1055/3300 train_loss:3.61331 train_time:1270.686s step_avg:1204.44ms
step:1056/3300 train_loss:3.61156 train_time:1271.892s step_avg:1204.44ms
step:1057/3300 train_loss:3.65732 train_time:1273.088s step_avg:1204.44ms
step:1058/3300 train_loss:3.64594 train_time:1274.289s step_avg:1204.43ms
step:1059/3300 train_loss:3.68674 train_time:1275.489s step_avg:1204.43ms
step:1060/3300 train_loss:3.57259 train_time:1276.714s step_avg:1204.45ms
step:1061/3300 train_loss:3.71444 train_time:1277.907s step_avg:1204.44ms
step:1062/3300 train_loss:3.64330 train_time:1279.105s step_avg:1204.43ms
step:1063/3300 train_loss:3.61516 train_time:1280.305s step_avg:1204.43ms
step:1064/3300 train_loss:3.66883 train_time:1281.571s step_avg:1204.48ms
step:1065/3300 train_loss:3.60395 train_time:1282.800s step_avg:1204.51ms
step:1066/3300 train_loss:3.63725 train_time:1284.013s step_avg:1204.52ms
step:1067/3300 train_loss:3.65151 train_time:1285.216s step_avg:1204.51ms
step:1068/3300 train_loss:3.66624 train_time:1286.416s step_avg:1204.51ms
step:1069/3300 train_loss:3.64811 train_time:1287.612s step_avg:1204.50ms
step:1070/3300 train_loss:3.66426 train_time:1288.811s step_avg:1204.50ms
step:1071/3300 train_loss:3.58558 train_time:1290.012s step_avg:1204.49ms
step:1072/3300 train_loss:3.68100 train_time:1291.212s step_avg:1204.49ms
step:1073/3300 train_loss:3.56223 train_time:1292.417s step_avg:1204.49ms
step:1074/3300 train_loss:3.66268 train_time:1293.621s step_avg:1204.49ms
step:1075/3300 train_loss:3.62872 train_time:1294.811s step_avg:1204.48ms
step:1076/3300 train_loss:3.70477 train_time:1296.012s step_avg:1204.47ms
step:1077/3300 train_loss:3.66819 train_time:1297.216s step_avg:1204.47ms
step:1078/3300 train_loss:3.61033 train_time:1298.408s step_avg:1204.46ms
step:1079/3300 train_loss:3.64574 train_time:1299.607s step_avg:1204.46ms
step:1080/3300 train_loss:3.64260 train_time:1300.805s step_avg:1204.45ms
step:1081/3300 train_loss:3.61961 train_time:1302.005s step_avg:1204.44ms
step:1082/3300 train_loss:3.61810 train_time:1303.215s step_avg:1204.45ms
step:1083/3300 train_loss:3.65266 train_time:1304.407s step_avg:1204.44ms
step:1084/3300 train_loss:3.62397 train_time:1305.604s step_avg:1204.43ms
step:1085/3300 train_loss:3.63867 train_time:1306.803s step_avg:1204.43ms
step:1086/3300 train_loss:3.65057 train_time:1308.010s step_avg:1204.43ms
step:1087/3300 train_loss:3.62617 train_time:1309.211s step_avg:1204.43ms
step:1088/3300 train_loss:3.61023 train_time:1310.411s step_avg:1204.42ms
step:1089/3300 train_loss:3.60338 train_time:1311.615s step_avg:1204.42ms
step:1090/3300 train_loss:3.66077 train_time:1312.817s step_avg:1204.42ms
step:1091/3300 train_loss:3.63347 train_time:1314.017s step_avg:1204.42ms
step:1092/3300 train_loss:3.59476 train_time:1315.224s step_avg:1204.42ms
step:1093/3300 train_loss:3.64279 train_time:1316.430s step_avg:1204.42ms
step:1094/3300 train_loss:3.67131 train_time:1317.654s step_avg:1204.44ms
step:1095/3300 train_loss:3.57686 train_time:1318.849s step_avg:1204.43ms
step:1096/3300 train_loss:3.60669 train_time:1320.050s step_avg:1204.43ms
step:1097/3300 train_loss:3.67412 train_time:1321.249s step_avg:1204.42ms
step:1098/3300 train_loss:3.67621 train_time:1322.455s step_avg:1204.42ms
step:1099/3300 train_loss:3.67504 train_time:1323.657s step_avg:1204.42ms
step:1100/3300 train_loss:3.65332 train_time:1324.858s step_avg:1204.42ms
step:1101/3300 train_loss:3.65576 train_time:1326.078s step_avg:1204.43ms
step:1102/3300 train_loss:3.64981 train_time:1327.274s step_avg:1204.42ms
step:1103/3300 train_loss:3.64723 train_time:1328.471s step_avg:1204.42ms
step:1104/3300 train_loss:3.70044 train_time:1329.671s step_avg:1204.41ms
step:1105/3300 train_loss:3.75125 train_time:1330.870s step_avg:1204.41ms
step:1106/3300 train_loss:3.67287 train_time:1332.072s step_avg:1204.40ms
step:1107/3300 train_loss:3.67242 train_time:1333.271s step_avg:1204.40ms
step:1108/3300 train_loss:3.61891 train_time:1334.477s step_avg:1204.40ms
step:1109/3300 train_loss:3.63074 train_time:1335.672s step_avg:1204.39ms
step:1110/3300 train_loss:3.58639 train_time:1336.882s step_avg:1204.40ms
step:1111/3300 train_loss:3.54362 train_time:1338.076s step_avg:1204.39ms
step:1112/3300 train_loss:3.58055 train_time:1339.276s step_avg:1204.38ms
step:1113/3300 train_loss:3.68648 train_time:1340.473s step_avg:1204.38ms
step:1114/3300 train_loss:3.65198 train_time:1341.683s step_avg:1204.38ms
step:1115/3300 train_loss:3.67937 train_time:1342.885s step_avg:1204.38ms
step:1116/3300 train_loss:3.69421 train_time:1344.083s step_avg:1204.38ms
step:1117/3300 train_loss:3.69958 train_time:1345.274s step_avg:1204.36ms
step:1118/3300 train_loss:3.62563 train_time:1346.519s step_avg:1204.40ms
step:1119/3300 train_loss:3.62010 train_time:1347.714s step_avg:1204.39ms
step:1120/3300 train_loss:3.71584 train_time:1348.914s step_avg:1204.39ms
step:1121/3300 train_loss:3.64784 train_time:1350.115s step_avg:1204.38ms
step:1122/3300 train_loss:3.58317 train_time:1351.329s step_avg:1204.39ms
step:1123/3300 train_loss:3.61226 train_time:1352.545s step_avg:1204.40ms
step:1124/3300 train_loss:3.62977 train_time:1353.746s step_avg:1204.40ms
step:1125/3300 train_loss:3.64941 train_time:1354.939s step_avg:1204.39ms
step:1125/3300 val_loss:3.61334 train_time:1354.939s step_avg:1202.35ms
step:1126/3300 train_loss:3.59307 train_time:1356.135s step_avg:1204.38ms
step:1127/3300 train_loss:3.67933 train_time:1357.328s step_avg:1204.37ms
step:1128/3300 train_loss:3.62138 train_time:1358.527s step_avg:1204.37ms
step:1129/3300 train_loss:3.62368 train_time:1359.724s step_avg:1204.36ms
step:1130/3300 train_loss:3.60627 train_time:1360.924s step_avg:1204.36ms
step:1131/3300 train_loss:3.63135 train_time:1362.135s step_avg:1204.36ms
step:1132/3300 train_loss:3.62901 train_time:1363.329s step_avg:1204.35ms
step:1133/3300 train_loss:3.68191 train_time:1364.531s step_avg:1204.35ms
step:1134/3300 train_loss:3.64281 train_time:1365.730s step_avg:1204.35ms
step:1135/3300 train_loss:3.66883 train_time:1366.929s step_avg:1204.34ms
step:1136/3300 train_loss:3.61080 train_time:1368.131s step_avg:1204.34ms
step:1137/3300 train_loss:3.72241 train_time:1369.330s step_avg:1204.34ms
step:1138/3300 train_loss:3.59852 train_time:1370.533s step_avg:1204.33ms
step:1139/3300 train_loss:3.63925 train_time:1371.739s step_avg:1204.34ms
step:1140/3300 train_loss:3.62075 train_time:1372.930s step_avg:1204.32ms
step:1141/3300 train_loss:3.68385 train_time:1374.149s step_avg:1204.34ms
step:1142/3300 train_loss:3.62870 train_time:1375.350s step_avg:1204.33ms
step:1143/3300 train_loss:3.60618 train_time:1376.552s step_avg:1204.33ms
step:1144/3300 train_loss:3.61344 train_time:1377.749s step_avg:1204.33ms
step:1145/3300 train_loss:3.66210 train_time:1378.949s step_avg:1204.32ms
step:1146/3300 train_loss:3.71142 train_time:1380.165s step_avg:1204.33ms
step:1147/3300 train_loss:3.65876 train_time:1381.378s step_avg:1204.34ms
step:1148/3300 train_loss:3.69502 train_time:1382.569s step_avg:1204.33ms
step:1149/3300 train_loss:3.60109 train_time:1383.774s step_avg:1204.33ms
step:1150/3300 train_loss:3.58619 train_time:1384.972s step_avg:1204.32ms
step:1151/3300 train_loss:3.60891 train_time:1386.171s step_avg:1204.32ms
step:1152/3300 train_loss:3.69159 train_time:1387.371s step_avg:1204.32ms
step:1153/3300 train_loss:3.59132 train_time:1388.571s step_avg:1204.31ms
step:1154/3300 train_loss:3.62812 train_time:1389.768s step_avg:1204.30ms
step:1155/3300 train_loss:3.67031 train_time:1390.973s step_avg:1204.31ms
step:1156/3300 train_loss:3.65801 train_time:1392.180s step_avg:1204.31ms
step:1157/3300 train_loss:3.62318 train_time:1393.387s step_avg:1204.31ms
step:1158/3300 train_loss:3.67093 train_time:1394.594s step_avg:1204.31ms
step:1159/3300 train_loss:3.62842 train_time:1395.784s step_avg:1204.30ms
step:1160/3300 train_loss:3.60219 train_time:1396.978s step_avg:1204.29ms
step:1161/3300 train_loss:3.54244 train_time:1398.173s step_avg:1204.28ms
step:1162/3300 train_loss:3.64405 train_time:1399.381s step_avg:1204.29ms
step:1163/3300 train_loss:3.61255 train_time:1400.583s step_avg:1204.28ms
step:1164/3300 train_loss:3.58622 train_time:1401.787s step_avg:1204.28ms
step:1165/3300 train_loss:3.62133 train_time:1402.983s step_avg:1204.28ms
step:1166/3300 train_loss:3.63351 train_time:1404.180s step_avg:1204.27ms
step:1167/3300 train_loss:3.64423 train_time:1405.382s step_avg:1204.27ms
step:1168/3300 train_loss:3.64177 train_time:1406.571s step_avg:1204.26ms
step:1169/3300 train_loss:3.58610 train_time:1407.774s step_avg:1204.25ms
step:1170/3300 train_loss:3.65470 train_time:1408.975s step_avg:1204.25ms
step:1171/3300 train_loss:3.55773 train_time:1410.179s step_avg:1204.25ms
step:1172/3300 train_loss:3.60892 train_time:1411.385s step_avg:1204.25ms
step:1173/3300 train_loss:3.76331 train_time:1412.596s step_avg:1204.26ms
step:1174/3300 train_loss:3.58938 train_time:1413.792s step_avg:1204.25ms
step:1175/3300 train_loss:3.60774 train_time:1415.001s step_avg:1204.26ms
step:1176/3300 train_loss:3.56863 train_time:1416.195s step_avg:1204.25ms
step:1177/3300 train_loss:3.62075 train_time:1417.391s step_avg:1204.24ms
step:1178/3300 train_loss:3.60175 train_time:1418.590s step_avg:1204.24ms
step:1179/3300 train_loss:3.68842 train_time:1419.803s step_avg:1204.24ms
step:1180/3300 train_loss:3.60485 train_time:1421.006s step_avg:1204.24ms
step:1181/3300 train_loss:3.57813 train_time:1422.207s step_avg:1204.24ms
step:1182/3300 train_loss:3.61644 train_time:1423.421s step_avg:1204.25ms
step:1183/3300 train_loss:3.60155 train_time:1424.619s step_avg:1204.24ms
step:1184/3300 train_loss:3.58932 train_time:1425.817s step_avg:1204.24ms
step:1185/3300 train_loss:3.63883 train_time:1427.011s step_avg:1204.23ms
step:1186/3300 train_loss:3.55394 train_time:1428.211s step_avg:1204.23ms
step:1187/3300 train_loss:3.64252 train_time:1429.415s step_avg:1204.22ms
step:1188/3300 train_loss:3.62468 train_time:1430.637s step_avg:1204.24ms
step:1189/3300 train_loss:3.62316 train_time:1431.834s step_avg:1204.23ms
step:1190/3300 train_loss:3.62380 train_time:1433.033s step_avg:1204.23ms
step:1191/3300 train_loss:3.74489 train_time:1434.238s step_avg:1204.23ms
step:1192/3300 train_loss:3.69398 train_time:1435.436s step_avg:1204.23ms
step:1193/3300 train_loss:3.58941 train_time:1436.635s step_avg:1204.22ms
step:1194/3300 train_loss:3.62240 train_time:1437.834s step_avg:1204.22ms
step:1195/3300 train_loss:3.61054 train_time:1439.083s step_avg:1204.25ms
step:1196/3300 train_loss:3.61195 train_time:1440.285s step_avg:1204.25ms
step:1197/3300 train_loss:3.69254 train_time:1441.482s step_avg:1204.25ms
step:1198/3300 train_loss:3.63804 train_time:1442.674s step_avg:1204.24ms
step:1199/3300 train_loss:3.58970 train_time:1443.878s step_avg:1204.24ms
step:1200/3300 train_loss:3.59277 train_time:1445.086s step_avg:1204.24ms
step:1201/3300 train_loss:3.63362 train_time:1446.288s step_avg:1204.24ms
step:1202/3300 train_loss:3.64045 train_time:1447.486s step_avg:1204.23ms
step:1203/3300 train_loss:3.57551 train_time:1448.699s step_avg:1204.24ms
step:1204/3300 train_loss:3.63583 train_time:1449.907s step_avg:1204.24ms
step:1205/3300 train_loss:3.63098 train_time:1451.109s step_avg:1204.24ms
step:1206/3300 train_loss:3.55808 train_time:1452.309s step_avg:1204.24ms
step:1207/3300 train_loss:3.66068 train_time:1453.519s step_avg:1204.24ms
step:1208/3300 train_loss:3.60039 train_time:1454.715s step_avg:1204.23ms
step:1209/3300 train_loss:3.60687 train_time:1455.916s step_avg:1204.23ms
step:1210/3300 train_loss:3.58658 train_time:1457.117s step_avg:1204.23ms
step:1211/3300 train_loss:3.64880 train_time:1458.326s step_avg:1204.23ms
step:1212/3300 train_loss:3.57666 train_time:1459.522s step_avg:1204.23ms
step:1213/3300 train_loss:3.60223 train_time:1460.745s step_avg:1204.24ms
step:1214/3300 train_loss:3.56233 train_time:1461.942s step_avg:1204.24ms
step:1215/3300 train_loss:3.60019 train_time:1463.135s step_avg:1204.23ms
step:1216/3300 train_loss:3.58753 train_time:1464.329s step_avg:1204.22ms
step:1217/3300 train_loss:3.58067 train_time:1465.523s step_avg:1204.21ms
step:1218/3300 train_loss:3.59162 train_time:1466.718s step_avg:1204.20ms
step:1219/3300 train_loss:3.68636 train_time:1467.914s step_avg:1204.20ms
step:1220/3300 train_loss:3.63475 train_time:1469.122s step_avg:1204.20ms
step:1221/3300 train_loss:3.58455 train_time:1470.346s step_avg:1204.21ms
step:1222/3300 train_loss:3.64574 train_time:1471.537s step_avg:1204.20ms
step:1223/3300 train_loss:3.59311 train_time:1472.741s step_avg:1204.20ms
step:1224/3300 train_loss:3.61139 train_time:1473.939s step_avg:1204.20ms
step:1225/3300 train_loss:3.56439 train_time:1475.143s step_avg:1204.20ms
step:1226/3300 train_loss:3.61253 train_time:1476.339s step_avg:1204.19ms
step:1227/3300 train_loss:3.60147 train_time:1477.541s step_avg:1204.19ms
step:1228/3300 train_loss:3.58313 train_time:1478.750s step_avg:1204.19ms
step:1229/3300 train_loss:3.60340 train_time:1479.946s step_avg:1204.19ms
step:1230/3300 train_loss:3.57236 train_time:1481.139s step_avg:1204.18ms
step:1231/3300 train_loss:3.65340 train_time:1482.349s step_avg:1204.18ms
step:1232/3300 train_loss:3.60862 train_time:1483.551s step_avg:1204.18ms
step:1233/3300 train_loss:3.56753 train_time:1484.766s step_avg:1204.19ms
step:1234/3300 train_loss:3.64044 train_time:1485.959s step_avg:1204.18ms
step:1235/3300 train_loss:3.60428 train_time:1487.174s step_avg:1204.19ms
step:1236/3300 train_loss:3.61316 train_time:1488.386s step_avg:1204.20ms
step:1237/3300 train_loss:3.56528 train_time:1489.581s step_avg:1204.19ms
step:1238/3300 train_loss:3.56006 train_time:1490.789s step_avg:1204.19ms
step:1239/3300 train_loss:3.62518 train_time:1492.001s step_avg:1204.20ms
step:1240/3300 train_loss:3.55651 train_time:1493.196s step_avg:1204.19ms
step:1241/3300 train_loss:3.66739 train_time:1494.391s step_avg:1204.18ms
step:1242/3300 train_loss:3.68943 train_time:1495.585s step_avg:1204.17ms
step:1243/3300 train_loss:3.62392 train_time:1496.775s step_avg:1204.16ms
step:1244/3300 train_loss:3.59099 train_time:1497.967s step_avg:1204.15ms
step:1245/3300 train_loss:3.61312 train_time:1499.155s step_avg:1204.14ms
step:1246/3300 train_loss:3.55813 train_time:1500.361s step_avg:1204.14ms
step:1247/3300 train_loss:3.56392 train_time:1501.567s step_avg:1204.14ms
step:1248/3300 train_loss:3.62792 train_time:1502.825s step_avg:1204.19ms
step:1249/3300 train_loss:3.59034 train_time:1504.024s step_avg:1204.18ms
step:1250/3300 train_loss:3.53525 train_time:1505.221s step_avg:1204.18ms
step:1250/3300 val_loss:3.57827 train_time:1505.221s step_avg:1202.25ms
step:1251/3300 train_loss:3.57033 train_time:1506.422s step_avg:1204.17ms
step:1252/3300 train_loss:3.58163 train_time:1507.617s step_avg:1204.17ms
step:1253/3300 train_loss:3.61419 train_time:1508.819s step_avg:1204.17ms
step:1254/3300 train_loss:3.62453 train_time:1510.019s step_avg:1204.16ms
step:1255/3300 train_loss:3.61820 train_time:1511.227s step_avg:1204.17ms
step:1256/3300 train_loss:3.60198 train_time:1512.421s step_avg:1204.16ms
step:1257/3300 train_loss:3.56488 train_time:1513.630s step_avg:1204.16ms
step:1258/3300 train_loss:3.77948 train_time:1514.832s step_avg:1204.16ms
step:1259/3300 train_loss:3.61175 train_time:1516.031s step_avg:1204.16ms
step:1260/3300 train_loss:3.56670 train_time:1517.231s step_avg:1204.15ms
step:1261/3300 train_loss:3.59815 train_time:1518.430s step_avg:1204.15ms
step:1262/3300 train_loss:3.62236 train_time:1519.630s step_avg:1204.14ms
step:1263/3300 train_loss:3.59246 train_time:1520.845s step_avg:1204.15ms
step:1264/3300 train_loss:3.57766 train_time:1522.039s step_avg:1204.15ms
step:1265/3300 train_loss:3.60857 train_time:1523.245s step_avg:1204.15ms
step:1266/3300 train_loss:3.59236 train_time:1524.443s step_avg:1204.14ms
step:1267/3300 train_loss:3.52377 train_time:1525.641s step_avg:1204.14ms
step:1268/3300 train_loss:3.54833 train_time:1526.838s step_avg:1204.13ms
step:1269/3300 train_loss:3.57042 train_time:1528.038s step_avg:1204.13ms
step:1270/3300 train_loss:3.61544 train_time:1529.235s step_avg:1204.12ms
step:1271/3300 train_loss:3.58120 train_time:1530.435s step_avg:1204.12ms
step:1272/3300 train_loss:3.61031 train_time:1531.637s step_avg:1204.12ms
step:1273/3300 train_loss:3.62197 train_time:1532.853s step_avg:1204.13ms
step:1274/3300 train_loss:3.63176 train_time:1534.054s step_avg:1204.12ms
step:1275/3300 train_loss:3.54873 train_time:1535.279s step_avg:1204.14ms
step:1276/3300 train_loss:3.61646 train_time:1536.483s step_avg:1204.14ms
step:1277/3300 train_loss:3.56043 train_time:1537.684s step_avg:1204.14ms
step:1278/3300 train_loss:3.63368 train_time:1538.882s step_avg:1204.13ms
step:1279/3300 train_loss:3.58319 train_time:1540.082s step_avg:1204.13ms
step:1280/3300 train_loss:3.64010 train_time:1541.283s step_avg:1204.13ms
step:1281/3300 train_loss:3.60257 train_time:1542.487s step_avg:1204.13ms
step:1282/3300 train_loss:3.64046 train_time:1543.684s step_avg:1204.12ms
step:1283/3300 train_loss:3.53022 train_time:1544.877s step_avg:1204.11ms
step:1284/3300 train_loss:3.57011 train_time:1546.087s step_avg:1204.12ms
step:1285/3300 train_loss:3.58778 train_time:1547.285s step_avg:1204.11ms
step:1286/3300 train_loss:3.69055 train_time:1548.484s step_avg:1204.11ms
step:1287/3300 train_loss:3.60803 train_time:1549.676s step_avg:1204.10ms
step:1288/3300 train_loss:3.59203 train_time:1550.886s step_avg:1204.10ms
step:1289/3300 train_loss:3.56489 train_time:1552.096s step_avg:1204.11ms
step:1290/3300 train_loss:3.56847 train_time:1553.301s step_avg:1204.11ms
step:1291/3300 train_loss:3.58081 train_time:1554.513s step_avg:1204.12ms
step:1292/3300 train_loss:3.63899 train_time:1555.719s step_avg:1204.12ms
step:1293/3300 train_loss:3.61947 train_time:1556.921s step_avg:1204.12ms
step:1294/3300 train_loss:3.58794 train_time:1558.120s step_avg:1204.11ms
step:1295/3300 train_loss:3.62534 train_time:1559.320s step_avg:1204.11ms
step:1296/3300 train_loss:3.65649 train_time:1560.520s step_avg:1204.10ms
step:1297/3300 train_loss:3.55038 train_time:1561.723s step_avg:1204.10ms
step:1298/3300 train_loss:3.64139 train_time:1562.930s step_avg:1204.11ms
step:1299/3300 train_loss:3.56604 train_time:1564.137s step_avg:1204.11ms
step:1300/3300 train_loss:3.61169 train_time:1565.345s step_avg:1204.11ms
step:1301/3300 train_loss:3.62361 train_time:1566.562s step_avg:1204.12ms
step:1302/3300 train_loss:3.62277 train_time:1567.762s step_avg:1204.12ms
step:1303/3300 train_loss:3.61155 train_time:1568.963s step_avg:1204.12ms
step:1304/3300 train_loss:3.58658 train_time:1570.165s step_avg:1204.11ms
step:1305/3300 train_loss:3.53836 train_time:1571.362s step_avg:1204.11ms
step:1306/3300 train_loss:3.58917 train_time:1572.562s step_avg:1204.11ms
step:1307/3300 train_loss:3.53754 train_time:1573.760s step_avg:1204.10ms
step:1308/3300 train_loss:3.56859 train_time:1574.961s step_avg:1204.10ms
step:1309/3300 train_loss:3.65973 train_time:1576.159s step_avg:1204.09ms
step:1310/3300 train_loss:3.52432 train_time:1577.357s step_avg:1204.09ms
step:1311/3300 train_loss:3.58299 train_time:1578.557s step_avg:1204.09ms
step:1312/3300 train_loss:3.58137 train_time:1579.756s step_avg:1204.08ms
step:1313/3300 train_loss:3.56144 train_time:1580.956s step_avg:1204.08ms
step:1314/3300 train_loss:3.49155 train_time:1582.169s step_avg:1204.09ms
step:1315/3300 train_loss:3.64611 train_time:1583.374s step_avg:1204.09ms
step:1316/3300 train_loss:3.64413 train_time:1584.566s step_avg:1204.08ms
step:1317/3300 train_loss:3.58281 train_time:1585.767s step_avg:1204.08ms
step:1318/3300 train_loss:3.56589 train_time:1586.964s step_avg:1204.07ms
step:1319/3300 train_loss:3.66527 train_time:1588.166s step_avg:1204.07ms
step:1320/3300 train_loss:3.61557 train_time:1589.365s step_avg:1204.06ms
step:1321/3300 train_loss:3.72165 train_time:1590.571s step_avg:1204.07ms
step:1322/3300 train_loss:3.56740 train_time:1591.768s step_avg:1204.06ms
step:1323/3300 train_loss:3.62774 train_time:1592.971s step_avg:1204.06ms
step:1324/3300 train_loss:3.63872 train_time:1594.171s step_avg:1204.06ms
step:1325/3300 train_loss:3.55644 train_time:1595.363s step_avg:1204.05ms
step:1326/3300 train_loss:3.55564 train_time:1596.574s step_avg:1204.05ms
step:1327/3300 train_loss:3.59803 train_time:1597.770s step_avg:1204.05ms
step:1328/3300 train_loss:3.49604 train_time:1598.963s step_avg:1204.04ms
step:1329/3300 train_loss:3.60300 train_time:1600.164s step_avg:1204.04ms
step:1330/3300 train_loss:3.62495 train_time:1601.372s step_avg:1204.04ms
step:1331/3300 train_loss:3.60992 train_time:1602.611s step_avg:1204.07ms
step:1332/3300 train_loss:3.67651 train_time:1603.807s step_avg:1204.06ms
step:1333/3300 train_loss:3.60610 train_time:1605.004s step_avg:1204.05ms
step:1334/3300 train_loss:3.60828 train_time:1606.200s step_avg:1204.05ms
step:1335/3300 train_loss:3.65213 train_time:1607.407s step_avg:1204.05ms
step:1336/3300 train_loss:3.60034 train_time:1608.605s step_avg:1204.05ms
step:1337/3300 train_loss:3.60450 train_time:1609.806s step_avg:1204.04ms
step:1338/3300 train_loss:3.59059 train_time:1611.015s step_avg:1204.05ms
step:1339/3300 train_loss:3.58126 train_time:1612.206s step_avg:1204.04ms
step:1340/3300 train_loss:3.60165 train_time:1613.408s step_avg:1204.04ms
step:1341/3300 train_loss:3.60682 train_time:1614.607s step_avg:1204.03ms
step:1342/3300 train_loss:3.67410 train_time:1615.812s step_avg:1204.03ms
step:1343/3300 train_loss:3.61507 train_time:1617.009s step_avg:1204.03ms
step:1344/3300 train_loss:3.56938 train_time:1618.207s step_avg:1204.02ms
step:1345/3300 train_loss:3.49727 train_time:1619.403s step_avg:1204.02ms
step:1346/3300 train_loss:3.57462 train_time:1620.614s step_avg:1204.02ms
step:1347/3300 train_loss:3.59799 train_time:1621.815s step_avg:1204.02ms
step:1348/3300 train_loss:3.58804 train_time:1623.028s step_avg:1204.03ms
step:1349/3300 train_loss:3.57165 train_time:1624.228s step_avg:1204.02ms
step:1350/3300 train_loss:3.59732 train_time:1625.430s step_avg:1204.02ms
step:1351/3300 train_loss:3.62670 train_time:1626.627s step_avg:1204.02ms
step:1352/3300 train_loss:3.55011 train_time:1627.823s step_avg:1204.01ms
step:1353/3300 train_loss:3.59346 train_time:1629.026s step_avg:1204.01ms
step:1354/3300 train_loss:3.57668 train_time:1630.226s step_avg:1204.01ms
step:1355/3300 train_loss:3.51835 train_time:1631.451s step_avg:1204.02ms
step:1356/3300 train_loss:3.61888 train_time:1632.672s step_avg:1204.04ms
step:1357/3300 train_loss:3.76388 train_time:1633.871s step_avg:1204.03ms
step:1358/3300 train_loss:3.59687 train_time:1635.066s step_avg:1204.03ms
step:1359/3300 train_loss:3.52589 train_time:1636.288s step_avg:1204.04ms
step:1360/3300 train_loss:3.55883 train_time:1637.501s step_avg:1204.04ms
step:1361/3300 train_loss:3.53327 train_time:1638.705s step_avg:1204.04ms
step:1362/3300 train_loss:3.57425 train_time:1639.911s step_avg:1204.05ms
step:1363/3300 train_loss:3.52190 train_time:1641.114s step_avg:1204.05ms
step:1364/3300 train_loss:3.53569 train_time:1642.316s step_avg:1204.04ms
step:1365/3300 train_loss:3.57521 train_time:1643.515s step_avg:1204.04ms
step:1366/3300 train_loss:3.59661 train_time:1644.707s step_avg:1204.03ms
step:1367/3300 train_loss:3.57774 train_time:1645.919s step_avg:1204.04ms
step:1368/3300 train_loss:3.64303 train_time:1647.123s step_avg:1204.04ms
step:1369/3300 train_loss:3.57909 train_time:1648.320s step_avg:1204.03ms
step:1370/3300 train_loss:3.65069 train_time:1649.510s step_avg:1204.02ms
step:1371/3300 train_loss:3.56956 train_time:1650.713s step_avg:1204.02ms
step:1372/3300 train_loss:3.61351 train_time:1651.910s step_avg:1204.02ms
step:1373/3300 train_loss:3.58880 train_time:1653.116s step_avg:1204.02ms
step:1374/3300 train_loss:3.55259 train_time:1654.320s step_avg:1204.02ms
step:1375/3300 train_loss:3.57613 train_time:1655.514s step_avg:1204.01ms
step:1375/3300 val_loss:3.55361 train_time:1655.514s step_avg:1202.34ms
step:1376/3300 train_loss:3.61498 train_time:1656.706s step_avg:1204.00ms
step:1377/3300 train_loss:3.57109 train_time:1657.898s step_avg:1203.99ms
step:1378/3300 train_loss:3.59503 train_time:1659.099s step_avg:1203.99ms
step:1379/3300 train_loss:3.51493 train_time:1660.302s step_avg:1203.99ms
step:1380/3300 train_loss:3.50700 train_time:1661.497s step_avg:1203.98ms
step:1381/3300 train_loss:3.62351 train_time:1662.694s step_avg:1203.98ms
step:1382/3300 train_loss:3.57905 train_time:1663.893s step_avg:1203.97ms
step:1383/3300 train_loss:3.57925 train_time:1665.092s step_avg:1203.97ms
step:1384/3300 train_loss:3.55360 train_time:1666.297s step_avg:1203.97ms
step:1385/3300 train_loss:3.53310 train_time:1667.497s step_avg:1203.97ms
step:1386/3300 train_loss:3.59339 train_time:1668.696s step_avg:1203.97ms
step:1387/3300 train_loss:3.58605 train_time:1669.896s step_avg:1203.96ms
step:1388/3300 train_loss:3.56887 train_time:1671.099s step_avg:1203.96ms
step:1389/3300 train_loss:3.59951 train_time:1672.310s step_avg:1203.97ms
step:1390/3300 train_loss:3.58089 train_time:1673.522s step_avg:1203.97ms
step:1391/3300 train_loss:3.62304 train_time:1674.718s step_avg:1203.97ms
step:1392/3300 train_loss:3.57187 train_time:1675.916s step_avg:1203.96ms
step:1393/3300 train_loss:3.57694 train_time:1677.117s step_avg:1203.96ms
step:1394/3300 train_loss:3.62138 train_time:1678.325s step_avg:1203.96ms
step:1395/3300 train_loss:3.57841 train_time:1679.534s step_avg:1203.97ms
step:1396/3300 train_loss:3.57785 train_time:1680.745s step_avg:1203.97ms
step:1397/3300 train_loss:3.54695 train_time:1681.990s step_avg:1204.00ms
step:1398/3300 train_loss:3.55380 train_time:1683.195s step_avg:1204.00ms
step:1399/3300 train_loss:3.53372 train_time:1684.396s step_avg:1204.00ms
step:1400/3300 train_loss:3.57550 train_time:1685.595s step_avg:1204.00ms
step:1401/3300 train_loss:3.53214 train_time:1686.795s step_avg:1203.99ms
step:1402/3300 train_loss:3.56824 train_time:1687.990s step_avg:1203.99ms
step:1403/3300 train_loss:3.60353 train_time:1689.191s step_avg:1203.99ms
step:1404/3300 train_loss:3.55020 train_time:1690.393s step_avg:1203.98ms
step:1405/3300 train_loss:3.51610 train_time:1691.591s step_avg:1203.98ms
step:1406/3300 train_loss:3.56216 train_time:1692.787s step_avg:1203.97ms
step:1407/3300 train_loss:3.58106 train_time:1694.027s step_avg:1204.00ms
step:1408/3300 train_loss:3.63387 train_time:1695.230s step_avg:1204.00ms
step:1409/3300 train_loss:3.56507 train_time:1696.474s step_avg:1204.03ms
step:1410/3300 train_loss:3.57992 train_time:1697.669s step_avg:1204.02ms
step:1411/3300 train_loss:3.57361 train_time:1698.893s step_avg:1204.03ms
step:1412/3300 train_loss:3.59969 train_time:1700.108s step_avg:1204.04ms
step:1413/3300 train_loss:3.57175 train_time:1701.305s step_avg:1204.04ms
step:1414/3300 train_loss:3.50835 train_time:1702.501s step_avg:1204.03ms
step:1415/3300 train_loss:3.56701 train_time:1703.721s step_avg:1204.04ms
step:1416/3300 train_loss:3.54732 train_time:1704.921s step_avg:1204.04ms
step:1417/3300 train_loss:3.56687 train_time:1706.119s step_avg:1204.04ms
step:1418/3300 train_loss:3.57951 train_time:1707.320s step_avg:1204.03ms
step:1419/3300 train_loss:3.67561 train_time:1708.518s step_avg:1204.03ms
step:1420/3300 train_loss:3.57009 train_time:1709.715s step_avg:1204.02ms
step:1421/3300 train_loss:3.53114 train_time:1710.914s step_avg:1204.02ms
step:1422/3300 train_loss:3.55293 train_time:1712.110s step_avg:1204.02ms
step:1423/3300 train_loss:3.52838 train_time:1713.314s step_avg:1204.02ms
step:1424/3300 train_loss:3.55181 train_time:1714.511s step_avg:1204.01ms
step:1425/3300 train_loss:3.53251 train_time:1715.702s step_avg:1204.00ms
step:1426/3300 train_loss:3.57146 train_time:1716.901s step_avg:1204.00ms
step:1427/3300 train_loss:3.55785 train_time:1718.114s step_avg:1204.00ms
step:1428/3300 train_loss:3.56648 train_time:1719.327s step_avg:1204.01ms
step:1429/3300 train_loss:3.57868 train_time:1720.524s step_avg:1204.01ms
step:1430/3300 train_loss:3.51389 train_time:1721.721s step_avg:1204.00ms
step:1431/3300 train_loss:3.51946 train_time:1722.921s step_avg:1204.00ms
step:1432/3300 train_loss:3.58880 train_time:1724.118s step_avg:1203.99ms
step:1433/3300 train_loss:3.50286 train_time:1725.316s step_avg:1203.99ms
step:1434/3300 train_loss:3.52136 train_time:1726.513s step_avg:1203.98ms
step:1435/3300 train_loss:3.51829 train_time:1727.714s step_avg:1203.98ms
step:1436/3300 train_loss:3.50022 train_time:1728.922s step_avg:1203.98ms
step:1437/3300 train_loss:3.63508 train_time:1730.120s step_avg:1203.98ms
step:1438/3300 train_loss:3.58607 train_time:1731.320s step_avg:1203.98ms
step:1439/3300 train_loss:3.53579 train_time:1732.520s step_avg:1203.98ms
step:1440/3300 train_loss:3.47802 train_time:1733.720s step_avg:1203.97ms
step:1441/3300 train_loss:3.52634 train_time:1734.924s step_avg:1203.97ms
step:1442/3300 train_loss:3.53463 train_time:1736.120s step_avg:1203.97ms
step:1443/3300 train_loss:3.56854 train_time:1737.320s step_avg:1203.96ms
step:1444/3300 train_loss:3.54682 train_time:1738.515s step_avg:1203.96ms
step:1445/3300 train_loss:3.54334 train_time:1739.720s step_avg:1203.96ms
step:1446/3300 train_loss:3.58487 train_time:1740.937s step_avg:1203.97ms
step:1447/3300 train_loss:3.51671 train_time:1742.140s step_avg:1203.97ms
step:1448/3300 train_loss:3.53230 train_time:1743.344s step_avg:1203.97ms
step:1449/3300 train_loss:3.54914 train_time:1744.552s step_avg:1203.97ms
step:1450/3300 train_loss:3.55825 train_time:1745.746s step_avg:1203.96ms
step:1451/3300 train_loss:3.49840 train_time:1746.943s step_avg:1203.96ms
step:1452/3300 train_loss:3.53822 train_time:1748.143s step_avg:1203.95ms
step:1453/3300 train_loss:3.48890 train_time:1749.346s step_avg:1203.95ms
step:1454/3300 train_loss:3.59763 train_time:1750.542s step_avg:1203.95ms
step:1455/3300 train_loss:3.57987 train_time:1751.741s step_avg:1203.95ms
step:1456/3300 train_loss:3.52208 train_time:1752.941s step_avg:1203.94ms
step:1457/3300 train_loss:3.55365 train_time:1754.149s step_avg:1203.95ms
step:1458/3300 train_loss:3.57978 train_time:1755.343s step_avg:1203.94ms
step:1459/3300 train_loss:3.57570 train_time:1756.544s step_avg:1203.94ms
step:1460/3300 train_loss:3.49988 train_time:1757.743s step_avg:1203.93ms
step:1461/3300 train_loss:3.54090 train_time:1758.951s step_avg:1203.94ms
step:1462/3300 train_loss:3.47930 train_time:1760.156s step_avg:1203.94ms
step:1463/3300 train_loss:3.62562 train_time:1761.358s step_avg:1203.94ms
step:1464/3300 train_loss:3.54031 train_time:1762.556s step_avg:1203.93ms
step:1465/3300 train_loss:3.53979 train_time:1763.756s step_avg:1203.93ms
step:1466/3300 train_loss:3.54615 train_time:1764.970s step_avg:1203.94ms
step:1467/3300 train_loss:3.51815 train_time:1766.165s step_avg:1203.93ms
step:1468/3300 train_loss:3.53245 train_time:1767.365s step_avg:1203.93ms
step:1469/3300 train_loss:3.53874 train_time:1768.564s step_avg:1203.92ms
step:1470/3300 train_loss:3.45722 train_time:1769.771s step_avg:1203.93ms
step:1471/3300 train_loss:3.50374 train_time:1770.974s step_avg:1203.93ms
step:1472/3300 train_loss:3.59132 train_time:1772.167s step_avg:1203.92ms
step:1473/3300 train_loss:3.56927 train_time:1773.399s step_avg:1203.94ms
step:1474/3300 train_loss:3.52735 train_time:1774.595s step_avg:1203.93ms
step:1475/3300 train_loss:3.50336 train_time:1775.789s step_avg:1203.92ms
step:1476/3300 train_loss:3.53415 train_time:1776.983s step_avg:1203.92ms
step:1477/3300 train_loss:3.48567 train_time:1778.184s step_avg:1203.92ms
step:1478/3300 train_loss:3.53606 train_time:1779.415s step_avg:1203.93ms
step:1479/3300 train_loss:3.57410 train_time:1780.634s step_avg:1203.94ms
step:1480/3300 train_loss:3.56983 train_time:1781.851s step_avg:1203.95ms
step:1481/3300 train_loss:3.59870 train_time:1783.100s step_avg:1203.98ms
step:1482/3300 train_loss:3.53238 train_time:1784.306s step_avg:1203.99ms
step:1483/3300 train_loss:3.52422 train_time:1785.506s step_avg:1203.98ms
step:1484/3300 train_loss:3.52338 train_time:1786.706s step_avg:1203.98ms
step:1485/3300 train_loss:3.51154 train_time:1787.918s step_avg:1203.99ms
step:1486/3300 train_loss:3.54959 train_time:1789.130s step_avg:1203.99ms
step:1487/3300 train_loss:3.59277 train_time:1790.325s step_avg:1203.98ms
step:1488/3300 train_loss:3.53163 train_time:1791.525s step_avg:1203.98ms
step:1489/3300 train_loss:3.52148 train_time:1792.723s step_avg:1203.98ms
step:1490/3300 train_loss:3.54399 train_time:1793.923s step_avg:1203.97ms
step:1491/3300 train_loss:3.52316 train_time:1795.126s step_avg:1203.97ms
step:1492/3300 train_loss:3.46264 train_time:1796.327s step_avg:1203.97ms
step:1493/3300 train_loss:3.58455 train_time:1797.526s step_avg:1203.97ms
step:1494/3300 train_loss:3.49495 train_time:1798.749s step_avg:1203.98ms
step:1495/3300 train_loss:3.47549 train_time:1799.949s step_avg:1203.98ms
step:1496/3300 train_loss:3.50486 train_time:1801.149s step_avg:1203.98ms
step:1497/3300 train_loss:3.55132 train_time:1802.372s step_avg:1203.99ms
step:1498/3300 train_loss:3.48161 train_time:1803.569s step_avg:1203.98ms
step:1499/3300 train_loss:3.51305 train_time:1804.767s step_avg:1203.98ms
step:1500/3300 train_loss:3.56224 train_time:1805.963s step_avg:1203.98ms
step:1500/3300 val_loss:3.52518 train_time:1805.964s step_avg:1203.60ms
step:1501/3300 train_loss:3.43175 train_time:1807.170s step_avg:1203.98ms
step:1502/3300 train_loss:3.48321 train_time:1808.372s step_avg:1203.98ms
step:1503/3300 train_loss:3.46499 train_time:1809.574s step_avg:1203.97ms
step:1504/3300 train_loss:3.50555 train_time:1810.778s step_avg:1203.97ms
step:1505/3300 train_loss:3.49505 train_time:1811.977s step_avg:1203.97ms
step:1506/3300 train_loss:3.51989 train_time:1813.167s step_avg:1203.96ms
step:1507/3300 train_loss:3.46281 train_time:1814.381s step_avg:1203.97ms
step:1508/3300 train_loss:3.53003 train_time:1815.581s step_avg:1203.97ms
step:1509/3300 train_loss:3.53295 train_time:1816.782s step_avg:1203.96ms
step:1510/3300 train_loss:3.50461 train_time:1817.975s step_avg:1203.96ms
step:1511/3300 train_loss:3.56480 train_time:1819.193s step_avg:1203.97ms
step:1512/3300 train_loss:3.51973 train_time:1820.391s step_avg:1203.96ms
step:1513/3300 train_loss:3.51758 train_time:1821.595s step_avg:1203.96ms
step:1514/3300 train_loss:3.59021 train_time:1822.791s step_avg:1203.96ms
step:1515/3300 train_loss:3.53326 train_time:1824.020s step_avg:1203.97ms
step:1516/3300 train_loss:3.59111 train_time:1825.208s step_avg:1203.96ms
step:1517/3300 train_loss:3.49534 train_time:1826.409s step_avg:1203.96ms
step:1518/3300 train_loss:3.52852 train_time:1827.612s step_avg:1203.96ms
step:1519/3300 train_loss:3.57658 train_time:1828.814s step_avg:1203.96ms
step:1520/3300 train_loss:3.45732 train_time:1830.014s step_avg:1203.96ms
step:1521/3300 train_loss:3.51315 train_time:1831.234s step_avg:1203.97ms
step:1522/3300 train_loss:3.50795 train_time:1832.466s step_avg:1203.99ms
step:1523/3300 train_loss:3.54318 train_time:1833.665s step_avg:1203.98ms
step:1524/3300 train_loss:3.55973 train_time:1834.863s step_avg:1203.98ms
step:1525/3300 train_loss:3.56720 train_time:1836.056s step_avg:1203.97ms
step:1526/3300 train_loss:3.55292 train_time:1837.253s step_avg:1203.97ms
step:1527/3300 train_loss:3.48304 train_time:1838.468s step_avg:1203.97ms
step:1528/3300 train_loss:3.58980 train_time:1839.673s step_avg:1203.97ms
step:1529/3300 train_loss:3.52001 train_time:1840.887s step_avg:1203.98ms
step:1530/3300 train_loss:3.51789 train_time:1842.098s step_avg:1203.99ms
step:1531/3300 train_loss:3.52982 train_time:1843.307s step_avg:1203.99ms
step:1532/3300 train_loss:3.56921 train_time:1844.506s step_avg:1203.99ms
step:1533/3300 train_loss:3.55474 train_time:1845.702s step_avg:1203.98ms
step:1534/3300 train_loss:3.52413 train_time:1846.898s step_avg:1203.98ms
step:1535/3300 train_loss:3.53131 train_time:1848.092s step_avg:1203.97ms
step:1536/3300 train_loss:3.49491 train_time:1849.292s step_avg:1203.97ms
step:1537/3300 train_loss:3.57596 train_time:1850.505s step_avg:1203.97ms
step:1538/3300 train_loss:3.53441 train_time:1851.718s step_avg:1203.98ms
step:1539/3300 train_loss:3.63036 train_time:1852.934s step_avg:1203.99ms
step:1540/3300 train_loss:3.48848 train_time:1854.151s step_avg:1203.99ms
step:1541/3300 train_loss:3.48931 train_time:1855.386s step_avg:1204.01ms
step:1542/3300 train_loss:3.50935 train_time:1856.590s step_avg:1204.01ms
step:1543/3300 train_loss:3.53068 train_time:1857.789s step_avg:1204.01ms
step:1544/3300 train_loss:3.49528 train_time:1858.984s step_avg:1204.01ms
step:1545/3300 train_loss:3.55022 train_time:1860.188s step_avg:1204.01ms
step:1546/3300 train_loss:3.53038 train_time:1861.396s step_avg:1204.01ms
step:1547/3300 train_loss:3.52980 train_time:1862.600s step_avg:1204.01ms
step:1548/3300 train_loss:3.55230 train_time:1863.805s step_avg:1204.01ms
step:1549/3300 train_loss:3.54566 train_time:1864.996s step_avg:1204.00ms
step:1550/3300 train_loss:3.54725 train_time:1866.200s step_avg:1204.00ms
step:1551/3300 train_loss:3.49219 train_time:1867.400s step_avg:1204.00ms
step:1552/3300 train_loss:3.54124 train_time:1868.596s step_avg:1203.99ms
step:1553/3300 train_loss:3.53820 train_time:1869.799s step_avg:1203.99ms
step:1554/3300 train_loss:3.52472 train_time:1871.001s step_avg:1203.99ms
step:1555/3300 train_loss:3.52850 train_time:1872.200s step_avg:1203.99ms
step:1556/3300 train_loss:3.55932 train_time:1873.399s step_avg:1203.98ms
step:1557/3300 train_loss:3.52133 train_time:1874.598s step_avg:1203.98ms
step:1558/3300 train_loss:3.40493 train_time:1875.805s step_avg:1203.98ms
step:1559/3300 train_loss:3.52081 train_time:1877.004s step_avg:1203.98ms
step:1560/3300 train_loss:3.51454 train_time:1878.197s step_avg:1203.97ms
step:1561/3300 train_loss:3.60961 train_time:1879.396s step_avg:1203.97ms
step:1562/3300 train_loss:3.55148 train_time:1880.598s step_avg:1203.97ms
step:1563/3300 train_loss:3.53395 train_time:1881.803s step_avg:1203.97ms
step:1564/3300 train_loss:3.45073 train_time:1882.991s step_avg:1203.96ms
step:1565/3300 train_loss:3.51046 train_time:1884.185s step_avg:1203.95ms
step:1566/3300 train_loss:3.51155 train_time:1885.376s step_avg:1203.94ms
step:1567/3300 train_loss:3.49013 train_time:1886.568s step_avg:1203.94ms
step:1568/3300 train_loss:3.51777 train_time:1887.767s step_avg:1203.93ms
step:1569/3300 train_loss:3.55529 train_time:1888.958s step_avg:1203.92ms
step:1570/3300 train_loss:3.48708 train_time:1890.159s step_avg:1203.92ms
step:1571/3300 train_loss:3.47068 train_time:1891.371s step_avg:1203.93ms
step:1572/3300 train_loss:3.49572 train_time:1892.569s step_avg:1203.92ms
step:1573/3300 train_loss:3.52256 train_time:1893.773s step_avg:1203.92ms
step:1574/3300 train_loss:3.50303 train_time:1894.973s step_avg:1203.92ms
step:1575/3300 train_loss:3.55407 train_time:1896.171s step_avg:1203.92ms
step:1576/3300 train_loss:3.57555 train_time:1897.385s step_avg:1203.92ms
step:1577/3300 train_loss:3.55361 train_time:1898.577s step_avg:1203.92ms
step:1578/3300 train_loss:3.54471 train_time:1899.778s step_avg:1203.91ms
step:1579/3300 train_loss:3.47433 train_time:1900.983s step_avg:1203.92ms
step:1580/3300 train_loss:3.42528 train_time:1902.193s step_avg:1203.92ms
step:1581/3300 train_loss:3.58914 train_time:1903.407s step_avg:1203.93ms
step:1582/3300 train_loss:3.47907 train_time:1904.600s step_avg:1203.92ms
step:1583/3300 train_loss:3.52100 train_time:1905.799s step_avg:1203.92ms
step:1584/3300 train_loss:3.49733 train_time:1907.008s step_avg:1203.92ms
step:1585/3300 train_loss:3.51836 train_time:1908.202s step_avg:1203.91ms
step:1586/3300 train_loss:3.46307 train_time:1909.401s step_avg:1203.91ms
step:1587/3300 train_loss:3.48657 train_time:1910.610s step_avg:1203.91ms
step:1588/3300 train_loss:3.49240 train_time:1911.809s step_avg:1203.91ms
step:1589/3300 train_loss:3.50917 train_time:1913.008s step_avg:1203.91ms
step:1590/3300 train_loss:3.50755 train_time:1914.201s step_avg:1203.90ms
step:1591/3300 train_loss:3.49566 train_time:1915.400s step_avg:1203.90ms
step:1592/3300 train_loss:3.47447 train_time:1916.612s step_avg:1203.90ms
step:1593/3300 train_loss:3.49989 train_time:1917.815s step_avg:1203.90ms
step:1594/3300 train_loss:3.52699 train_time:1919.012s step_avg:1203.90ms
step:1595/3300 train_loss:3.51570 train_time:1920.223s step_avg:1203.90ms
step:1596/3300 train_loss:3.44761 train_time:1921.434s step_avg:1203.91ms
step:1597/3300 train_loss:3.47094 train_time:1922.643s step_avg:1203.91ms
step:1598/3300 train_loss:3.63675 train_time:1923.840s step_avg:1203.90ms
step:1599/3300 train_loss:3.49762 train_time:1925.037s step_avg:1203.90ms
step:1600/3300 train_loss:3.49105 train_time:1926.236s step_avg:1203.90ms
step:1601/3300 train_loss:3.54970 train_time:1927.436s step_avg:1203.90ms
step:1602/3300 train_loss:3.55083 train_time:1928.634s step_avg:1203.89ms
step:1603/3300 train_loss:3.50340 train_time:1929.834s step_avg:1203.89ms
step:1604/3300 train_loss:3.46925 train_time:1931.040s step_avg:1203.89ms
step:1605/3300 train_loss:3.53148 train_time:1932.253s step_avg:1203.90ms
step:1606/3300 train_loss:3.57093 train_time:1933.454s step_avg:1203.89ms
step:1607/3300 train_loss:3.45765 train_time:1934.671s step_avg:1203.90ms
step:1608/3300 train_loss:3.45505 train_time:1935.873s step_avg:1203.90ms
step:1609/3300 train_loss:3.51614 train_time:1937.076s step_avg:1203.90ms
step:1610/3300 train_loss:3.54914 train_time:1938.279s step_avg:1203.90ms
step:1611/3300 train_loss:3.55428 train_time:1939.485s step_avg:1203.90ms
step:1612/3300 train_loss:3.51045 train_time:1940.686s step_avg:1203.90ms
step:1613/3300 train_loss:3.50042 train_time:1941.884s step_avg:1203.90ms
step:1614/3300 train_loss:3.63370 train_time:1943.092s step_avg:1203.90ms
step:1615/3300 train_loss:3.56481 train_time:1944.288s step_avg:1203.89ms
step:1616/3300 train_loss:3.52808 train_time:1945.510s step_avg:1203.90ms
step:1617/3300 train_loss:3.47048 train_time:1946.702s step_avg:1203.90ms
step:1618/3300 train_loss:3.53219 train_time:1947.900s step_avg:1203.89ms
step:1619/3300 train_loss:3.43845 train_time:1949.097s step_avg:1203.89ms
step:1620/3300 train_loss:3.58326 train_time:1950.304s step_avg:1203.89ms
step:1621/3300 train_loss:3.49327 train_time:1951.506s step_avg:1203.89ms
step:1622/3300 train_loss:3.48372 train_time:1952.763s step_avg:1203.92ms
step:1623/3300 train_loss:3.45206 train_time:1953.962s step_avg:1203.92ms
step:1624/3300 train_loss:3.51369 train_time:1955.162s step_avg:1203.92ms
step:1625/3300 train_loss:3.51463 train_time:1956.360s step_avg:1203.91ms
step:1625/3300 val_loss:3.50434 train_time:1956.360s step_avg:1203.17ms
step:1626/3300 train_loss:3.51228 train_time:1957.560s step_avg:1203.91ms
step:1627/3300 train_loss:3.51499 train_time:1958.763s step_avg:1203.91ms
step:1628/3300 train_loss:3.45272 train_time:1959.961s step_avg:1203.91ms
step:1629/3300 train_loss:3.53746 train_time:1961.155s step_avg:1203.90ms
step:1630/3300 train_loss:3.52284 train_time:1962.355s step_avg:1203.90ms
step:1631/3300 train_loss:3.44586 train_time:1963.556s step_avg:1203.90ms
step:1632/3300 train_loss:3.50582 train_time:1964.754s step_avg:1203.89ms
step:1633/3300 train_loss:3.55797 train_time:1965.947s step_avg:1203.89ms
step:1634/3300 train_loss:3.54234 train_time:1967.142s step_avg:1203.88ms
step:1635/3300 train_loss:3.50427 train_time:1968.339s step_avg:1203.88ms
step:1636/3300 train_loss:3.51216 train_time:1969.543s step_avg:1203.88ms
step:1637/3300 train_loss:3.58561 train_time:1970.736s step_avg:1203.87ms
step:1638/3300 train_loss:3.48228 train_time:1971.937s step_avg:1203.87ms
step:1639/3300 train_loss:3.51896 train_time:1973.144s step_avg:1203.87ms
step:1640/3300 train_loss:3.49292 train_time:1974.341s step_avg:1203.87ms
step:1641/3300 train_loss:3.49160 train_time:1975.542s step_avg:1203.86ms
step:1642/3300 train_loss:3.53938 train_time:1976.741s step_avg:1203.86ms
step:1643/3300 train_loss:3.49796 train_time:1977.952s step_avg:1203.87ms
step:1644/3300 train_loss:3.48462 train_time:1979.149s step_avg:1203.86ms
step:1645/3300 train_loss:3.48375 train_time:1980.348s step_avg:1203.86ms
step:1646/3300 train_loss:3.47017 train_time:1981.539s step_avg:1203.85ms
step:1647/3300 train_loss:3.53666 train_time:1982.784s step_avg:1203.88ms
step:1648/3300 train_loss:3.53983 train_time:1983.976s step_avg:1203.87ms
step:1649/3300 train_loss:3.53388 train_time:1985.174s step_avg:1203.87ms
step:1650/3300 train_loss:3.50622 train_time:1986.374s step_avg:1203.86ms
step:1651/3300 train_loss:3.50541 train_time:1987.574s step_avg:1203.86ms
step:1652/3300 train_loss:3.47063 train_time:1988.775s step_avg:1203.86ms
step:1653/3300 train_loss:3.49993 train_time:1989.977s step_avg:1203.86ms
step:1654/3300 train_loss:3.50858 train_time:1991.173s step_avg:1203.85ms
step:1655/3300 train_loss:3.49764 train_time:1992.381s step_avg:1203.86ms
step:1656/3300 train_loss:3.55749 train_time:1993.580s step_avg:1203.85ms
step:1657/3300 train_loss:3.49442 train_time:1994.786s step_avg:1203.85ms
step:1658/3300 train_loss:3.49299 train_time:1995.980s step_avg:1203.85ms
step:1659/3300 train_loss:3.51604 train_time:1997.180s step_avg:1203.85ms
step:1660/3300 train_loss:3.58260 train_time:1998.386s step_avg:1203.85ms
step:1661/3300 train_loss:3.48609 train_time:1999.582s step_avg:1203.84ms
step:1662/3300 train_loss:3.51859 train_time:2000.779s step_avg:1203.84ms
step:1663/3300 train_loss:3.54242 train_time:2001.976s step_avg:1203.83ms
step:1664/3300 train_loss:3.47835 train_time:2003.178s step_avg:1203.83ms
step:1665/3300 train_loss:3.50161 train_time:2004.403s step_avg:1203.85ms
step:1666/3300 train_loss:3.52059 train_time:2005.612s step_avg:1203.85ms
step:1667/3300 train_loss:3.53759 train_time:2006.811s step_avg:1203.85ms
step:1668/3300 train_loss:3.47349 train_time:2008.022s step_avg:1203.85ms
step:1669/3300 train_loss:3.54904 train_time:2009.219s step_avg:1203.85ms
step:1670/3300 train_loss:3.43261 train_time:2010.420s step_avg:1203.84ms
step:1671/3300 train_loss:3.80209 train_time:2011.620s step_avg:1203.84ms
step:1672/3300 train_loss:3.51175 train_time:2012.829s step_avg:1203.85ms
step:1673/3300 train_loss:3.48429 train_time:2014.021s step_avg:1203.84ms
step:1674/3300 train_loss:3.53332 train_time:2015.244s step_avg:1203.85ms
step:1675/3300 train_loss:3.48860 train_time:2016.439s step_avg:1203.84ms
step:1676/3300 train_loss:3.49233 train_time:2017.634s step_avg:1203.84ms
step:1677/3300 train_loss:3.58630 train_time:2018.842s step_avg:1203.84ms
step:1678/3300 train_loss:3.49324 train_time:2020.040s step_avg:1203.84ms
step:1679/3300 train_loss:3.45015 train_time:2021.238s step_avg:1203.83ms
step:1680/3300 train_loss:3.47703 train_time:2022.440s step_avg:1203.83ms
step:1681/3300 train_loss:3.47547 train_time:2023.638s step_avg:1203.83ms
step:1682/3300 train_loss:3.50855 train_time:2024.842s step_avg:1203.83ms
step:1683/3300 train_loss:3.47236 train_time:2026.041s step_avg:1203.83ms
step:1684/3300 train_loss:3.50730 train_time:2027.236s step_avg:1203.82ms
step:1685/3300 train_loss:3.50127 train_time:2028.440s step_avg:1203.82ms
step:1686/3300 train_loss:3.47250 train_time:2029.642s step_avg:1203.82ms
step:1687/3300 train_loss:3.49804 train_time:2030.841s step_avg:1203.82ms
step:1688/3300 train_loss:3.49576 train_time:2032.044s step_avg:1203.82ms
step:1689/3300 train_loss:3.45793 train_time:2033.292s step_avg:1203.84ms
step:1690/3300 train_loss:3.45095 train_time:2034.495s step_avg:1203.84ms
step:1691/3300 train_loss:3.44472 train_time:2035.695s step_avg:1203.84ms
step:1692/3300 train_loss:3.52693 train_time:2036.897s step_avg:1203.84ms
step:1693/3300 train_loss:3.45837 train_time:2038.116s step_avg:1203.85ms
step:1694/3300 train_loss:3.50990 train_time:2039.318s step_avg:1203.85ms
step:1695/3300 train_loss:3.53866 train_time:2040.516s step_avg:1203.84ms
step:1696/3300 train_loss:3.49674 train_time:2041.713s step_avg:1203.84ms
step:1697/3300 train_loss:3.49981 train_time:2042.920s step_avg:1203.84ms
step:1698/3300 train_loss:3.43931 train_time:2044.118s step_avg:1203.84ms
step:1699/3300 train_loss:3.50869 train_time:2045.315s step_avg:1203.83ms
step:1700/3300 train_loss:3.54648 train_time:2046.516s step_avg:1203.83ms
step:1701/3300 train_loss:3.52772 train_time:2047.720s step_avg:1203.83ms
step:1702/3300 train_loss:3.52559 train_time:2048.920s step_avg:1203.83ms
step:1703/3300 train_loss:3.47349 train_time:2050.130s step_avg:1203.83ms
step:1704/3300 train_loss:3.50919 train_time:2051.323s step_avg:1203.83ms
step:1705/3300 train_loss:3.48807 train_time:2052.524s step_avg:1203.83ms
step:1706/3300 train_loss:3.46841 train_time:2053.721s step_avg:1203.82ms
step:1707/3300 train_loss:3.48632 train_time:2054.918s step_avg:1203.82ms
step:1708/3300 train_loss:3.46568 train_time:2056.121s step_avg:1203.82ms
step:1709/3300 train_loss:3.72982 train_time:2057.321s step_avg:1203.82ms
step:1710/3300 train_loss:3.56872 train_time:2058.525s step_avg:1203.82ms
step:1711/3300 train_loss:3.46822 train_time:2059.747s step_avg:1203.83ms
step:1712/3300 train_loss:3.48113 train_time:2060.944s step_avg:1203.82ms
step:1713/3300 train_loss:3.53924 train_time:2062.149s step_avg:1203.82ms
step:1714/3300 train_loss:3.45309 train_time:2063.348s step_avg:1203.82ms
step:1715/3300 train_loss:3.52958 train_time:2064.569s step_avg:1203.83ms
step:1716/3300 train_loss:3.46446 train_time:2065.774s step_avg:1203.83ms
step:1717/3300 train_loss:3.48528 train_time:2066.971s step_avg:1203.83ms
step:1718/3300 train_loss:3.52533 train_time:2068.169s step_avg:1203.82ms
step:1719/3300 train_loss:3.52958 train_time:2069.370s step_avg:1203.82ms
step:1720/3300 train_loss:3.48096 train_time:2070.570s step_avg:1203.82ms
step:1721/3300 train_loss:3.51328 train_time:2071.766s step_avg:1203.82ms
step:1722/3300 train_loss:3.51807 train_time:2072.985s step_avg:1203.82ms
step:1723/3300 train_loss:3.51253 train_time:2074.188s step_avg:1203.82ms
step:1724/3300 train_loss:3.49218 train_time:2075.385s step_avg:1203.82ms
step:1725/3300 train_loss:3.50838 train_time:2076.581s step_avg:1203.82ms
step:1726/3300 train_loss:3.47608 train_time:2077.798s step_avg:1203.82ms
step:1727/3300 train_loss:3.46845 train_time:2079.000s step_avg:1203.82ms
step:1728/3300 train_loss:3.45820 train_time:2080.192s step_avg:1203.81ms
step:1729/3300 train_loss:3.52771 train_time:2081.387s step_avg:1203.81ms
step:1730/3300 train_loss:3.58447 train_time:2082.591s step_avg:1203.81ms
step:1731/3300 train_loss:3.48493 train_time:2083.792s step_avg:1203.81ms
step:1732/3300 train_loss:3.50761 train_time:2084.991s step_avg:1203.81ms
step:1733/3300 train_loss:3.43954 train_time:2086.187s step_avg:1203.80ms
step:1734/3300 train_loss:3.60457 train_time:2087.386s step_avg:1203.80ms
step:1735/3300 train_loss:3.51286 train_time:2088.589s step_avg:1203.80ms
step:1736/3300 train_loss:3.58355 train_time:2089.786s step_avg:1203.79ms
step:1737/3300 train_loss:3.57818 train_time:2090.983s step_avg:1203.79ms
step:1738/3300 train_loss:3.45271 train_time:2092.169s step_avg:1203.78ms
step:1739/3300 train_loss:3.47064 train_time:2093.358s step_avg:1203.77ms
step:1740/3300 train_loss:3.45701 train_time:2094.561s step_avg:1203.77ms
step:1741/3300 train_loss:3.45592 train_time:2095.758s step_avg:1203.77ms
step:1742/3300 train_loss:3.50369 train_time:2096.952s step_avg:1203.76ms
step:1743/3300 train_loss:3.43746 train_time:2098.172s step_avg:1203.77ms
step:1744/3300 train_loss:3.45001 train_time:2099.367s step_avg:1203.77ms
step:1745/3300 train_loss:3.51095 train_time:2100.565s step_avg:1203.76ms
step:1746/3300 train_loss:3.51845 train_time:2101.767s step_avg:1203.76ms
step:1747/3300 train_loss:3.48807 train_time:2102.979s step_avg:1203.77ms
step:1748/3300 train_loss:3.54152 train_time:2104.177s step_avg:1203.76ms
step:1749/3300 train_loss:3.49804 train_time:2105.367s step_avg:1203.75ms
step:1750/3300 train_loss:3.48314 train_time:2106.562s step_avg:1203.75ms
step:1750/3300 val_loss:3.48114 train_time:2106.562s step_avg:1201.62ms
step:1751/3300 train_loss:3.52955 train_time:2107.760s step_avg:1203.75ms
step:1752/3300 train_loss:3.52029 train_time:2108.952s step_avg:1203.74ms
step:1753/3300 train_loss:3.45898 train_time:2110.151s step_avg:1203.74ms
step:1754/3300 train_loss:3.49659 train_time:2111.351s step_avg:1203.73ms
step:1755/3300 train_loss:3.50152 train_time:2112.562s step_avg:1203.74ms
step:1756/3300 train_loss:3.46734 train_time:2113.754s step_avg:1203.73ms
step:1757/3300 train_loss:3.47230 train_time:2114.950s step_avg:1203.73ms
step:1758/3300 train_loss:3.61008 train_time:2116.157s step_avg:1203.73ms
step:1759/3300 train_loss:3.59875 train_time:2117.353s step_avg:1203.73ms
step:1760/3300 train_loss:3.54291 train_time:2118.551s step_avg:1203.72ms
step:1761/3300 train_loss:3.48694 train_time:2119.753s step_avg:1203.72ms
step:1762/3300 train_loss:3.49068 train_time:2120.959s step_avg:1203.72ms
step:1763/3300 train_loss:3.45680 train_time:2122.154s step_avg:1203.72ms
step:1764/3300 train_loss:3.47965 train_time:2123.356s step_avg:1203.72ms
step:1765/3300 train_loss:3.48037 train_time:2124.553s step_avg:1203.71ms
step:1766/3300 train_loss:3.45306 train_time:2125.767s step_avg:1203.72ms
step:1767/3300 train_loss:3.56609 train_time:2126.965s step_avg:1203.72ms
step:1768/3300 train_loss:3.49991 train_time:2128.164s step_avg:1203.71ms
step:1769/3300 train_loss:3.60015 train_time:2129.366s step_avg:1203.71ms
step:1770/3300 train_loss:3.49576 train_time:2130.574s step_avg:1203.71ms
step:1771/3300 train_loss:3.50101 train_time:2131.790s step_avg:1203.72ms
step:1772/3300 train_loss:3.45352 train_time:2132.989s step_avg:1203.72ms
step:1773/3300 train_loss:3.52029 train_time:2134.201s step_avg:1203.72ms
step:1774/3300 train_loss:3.50819 train_time:2135.406s step_avg:1203.72ms
step:1775/3300 train_loss:3.51982 train_time:2136.597s step_avg:1203.72ms
step:1776/3300 train_loss:3.52693 train_time:2137.791s step_avg:1203.71ms
step:1777/3300 train_loss:3.52944 train_time:2138.991s step_avg:1203.71ms
step:1778/3300 train_loss:3.52494 train_time:2140.202s step_avg:1203.71ms
step:1779/3300 train_loss:3.54693 train_time:2141.400s step_avg:1203.71ms
step:1780/3300 train_loss:3.47494 train_time:2142.592s step_avg:1203.70ms
step:1781/3300 train_loss:3.45755 train_time:2143.792s step_avg:1203.70ms
step:1782/3300 train_loss:3.48316 train_time:2144.999s step_avg:1203.70ms
step:1783/3300 train_loss:3.51570 train_time:2146.192s step_avg:1203.70ms
step:1784/3300 train_loss:3.41513 train_time:2147.390s step_avg:1203.69ms
step:1785/3300 train_loss:3.52369 train_time:2148.591s step_avg:1203.69ms
step:1786/3300 train_loss:3.51541 train_time:2149.789s step_avg:1203.69ms
step:1787/3300 train_loss:3.55745 train_time:2150.989s step_avg:1203.69ms
step:1788/3300 train_loss:3.45074 train_time:2152.215s step_avg:1203.70ms
step:1789/3300 train_loss:3.51460 train_time:2153.414s step_avg:1203.70ms
step:1790/3300 train_loss:3.43408 train_time:2154.610s step_avg:1203.69ms
step:1791/3300 train_loss:3.47877 train_time:2155.812s step_avg:1203.69ms
step:1792/3300 train_loss:3.49436 train_time:2157.012s step_avg:1203.69ms
step:1793/3300 train_loss:3.44154 train_time:2158.214s step_avg:1203.69ms
step:1794/3300 train_loss:3.51661 train_time:2159.417s step_avg:1203.69ms
step:1795/3300 train_loss:3.54394 train_time:2160.621s step_avg:1203.69ms
step:1796/3300 train_loss:3.54141 train_time:2161.821s step_avg:1203.69ms
step:1797/3300 train_loss:3.51522 train_time:2163.016s step_avg:1203.68ms
step:1798/3300 train_loss:3.52221 train_time:2164.268s step_avg:1203.71ms
step:1799/3300 train_loss:3.54380 train_time:2165.470s step_avg:1203.71ms
step:1800/3300 train_loss:3.46893 train_time:2166.669s step_avg:1203.71ms
step:1801/3300 train_loss:3.51092 train_time:2167.870s step_avg:1203.70ms
step:1802/3300 train_loss:3.45445 train_time:2169.069s step_avg:1203.70ms
step:1803/3300 train_loss:3.51099 train_time:2170.272s step_avg:1203.70ms
step:1804/3300 train_loss:3.47349 train_time:2171.470s step_avg:1203.70ms
step:1805/3300 train_loss:3.48772 train_time:2172.670s step_avg:1203.70ms
step:1806/3300 train_loss:3.49713 train_time:2173.869s step_avg:1203.69ms
step:1807/3300 train_loss:3.46592 train_time:2175.071s step_avg:1203.69ms
step:1808/3300 train_loss:3.52307 train_time:2176.270s step_avg:1203.69ms
step:1809/3300 train_loss:3.54728 train_time:2177.466s step_avg:1203.69ms
step:1810/3300 train_loss:3.49555 train_time:2178.654s step_avg:1203.68ms
step:1811/3300 train_loss:3.46068 train_time:2179.853s step_avg:1203.67ms
step:1812/3300 train_loss:3.47186 train_time:2181.048s step_avg:1203.67ms
step:1813/3300 train_loss:3.49817 train_time:2182.242s step_avg:1203.66ms
step:1814/3300 train_loss:3.45658 train_time:2183.433s step_avg:1203.66ms
step:1815/3300 train_loss:3.51678 train_time:2184.630s step_avg:1203.65ms
step:1816/3300 train_loss:3.47195 train_time:2185.835s step_avg:1203.65ms
step:1817/3300 train_loss:3.45872 train_time:2187.043s step_avg:1203.66ms
step:1818/3300 train_loss:3.46203 train_time:2188.237s step_avg:1203.65ms
step:1819/3300 train_loss:3.49330 train_time:2189.437s step_avg:1203.65ms
step:1820/3300 train_loss:3.45233 train_time:2190.638s step_avg:1203.65ms
step:1821/3300 train_loss:3.48900 train_time:2191.841s step_avg:1203.65ms
step:1822/3300 train_loss:3.44533 train_time:2193.035s step_avg:1203.64ms
step:1823/3300 train_loss:3.50299 train_time:2194.251s step_avg:1203.65ms
step:1824/3300 train_loss:3.51989 train_time:2195.454s step_avg:1203.65ms
step:1825/3300 train_loss:3.61889 train_time:2196.655s step_avg:1203.65ms
step:1826/3300 train_loss:3.45881 train_time:2197.856s step_avg:1203.65ms
step:1827/3300 train_loss:3.45180 train_time:2199.050s step_avg:1203.64ms
step:1828/3300 train_loss:3.51413 train_time:2200.252s step_avg:1203.64ms
step:1829/3300 train_loss:3.45406 train_time:2201.453s step_avg:1203.64ms
step:1830/3300 train_loss:3.48106 train_time:2202.659s step_avg:1203.64ms
step:1831/3300 train_loss:3.44687 train_time:2203.858s step_avg:1203.64ms
step:1832/3300 train_loss:3.46821 train_time:2205.059s step_avg:1203.63ms
step:1833/3300 train_loss:3.52725 train_time:2206.304s step_avg:1203.66ms
step:1834/3300 train_loss:3.48869 train_time:2207.500s step_avg:1203.65ms
step:1835/3300 train_loss:3.53423 train_time:2208.708s step_avg:1203.66ms
step:1836/3300 train_loss:3.46722 train_time:2209.927s step_avg:1203.66ms
step:1837/3300 train_loss:3.46286 train_time:2211.138s step_avg:1203.67ms
step:1838/3300 train_loss:3.43700 train_time:2212.363s step_avg:1203.68ms
step:1839/3300 train_loss:3.49010 train_time:2213.568s step_avg:1203.68ms
step:1840/3300 train_loss:3.45872 train_time:2214.759s step_avg:1203.67ms
step:1841/3300 train_loss:3.55482 train_time:2215.962s step_avg:1203.67ms
step:1842/3300 train_loss:3.48142 train_time:2217.159s step_avg:1203.67ms
step:1843/3300 train_loss:3.43442 train_time:2218.361s step_avg:1203.67ms
step:1844/3300 train_loss:3.43710 train_time:2219.557s step_avg:1203.66ms
step:1845/3300 train_loss:3.45722 train_time:2220.773s step_avg:1203.67ms
step:1846/3300 train_loss:3.48386 train_time:2221.991s step_avg:1203.68ms
step:1847/3300 train_loss:3.47938 train_time:2223.194s step_avg:1203.68ms
step:1848/3300 train_loss:3.47570 train_time:2224.392s step_avg:1203.68ms
step:1849/3300 train_loss:3.50628 train_time:2225.590s step_avg:1203.67ms
step:1850/3300 train_loss:3.45533 train_time:2226.792s step_avg:1203.67ms
step:1851/3300 train_loss:3.48093 train_time:2227.993s step_avg:1203.67ms
step:1852/3300 train_loss:3.46022 train_time:2229.194s step_avg:1203.67ms
step:1853/3300 train_loss:3.51771 train_time:2230.395s step_avg:1203.67ms
step:1854/3300 train_loss:3.46273 train_time:2231.592s step_avg:1203.66ms
step:1855/3300 train_loss:3.44693 train_time:2232.821s step_avg:1203.68ms
step:1856/3300 train_loss:3.46764 train_time:2234.031s step_avg:1203.68ms
step:1857/3300 train_loss:3.50084 train_time:2235.225s step_avg:1203.68ms
step:1858/3300 train_loss:3.51692 train_time:2236.433s step_avg:1203.68ms
step:1859/3300 train_loss:3.47305 train_time:2237.630s step_avg:1203.67ms
step:1860/3300 train_loss:3.42048 train_time:2238.821s step_avg:1203.67ms
step:1861/3300 train_loss:3.47007 train_time:2240.029s step_avg:1203.67ms
step:1862/3300 train_loss:3.50164 train_time:2241.226s step_avg:1203.67ms
step:1863/3300 train_loss:3.54006 train_time:2242.470s step_avg:1203.69ms
step:1864/3300 train_loss:3.50850 train_time:2243.660s step_avg:1203.68ms
step:1865/3300 train_loss:3.43742 train_time:2244.857s step_avg:1203.68ms
step:1866/3300 train_loss:3.45865 train_time:2246.083s step_avg:1203.69ms
step:1867/3300 train_loss:3.47853 train_time:2247.282s step_avg:1203.69ms
step:1868/3300 train_loss:3.56048 train_time:2248.475s step_avg:1203.68ms
step:1869/3300 train_loss:3.42488 train_time:2249.672s step_avg:1203.68ms
step:1870/3300 train_loss:3.47854 train_time:2250.887s step_avg:1203.68ms
step:1871/3300 train_loss:3.51299 train_time:2252.085s step_avg:1203.68ms
step:1872/3300 train_loss:3.44913 train_time:2253.285s step_avg:1203.68ms
step:1873/3300 train_loss:3.48352 train_time:2254.483s step_avg:1203.67ms
step:1874/3300 train_loss:3.46236 train_time:2255.684s step_avg:1203.67ms
step:1875/3300 train_loss:3.53759 train_time:2256.881s step_avg:1203.67ms
step:1875/3300 val_loss:3.46185 train_time:2256.881s step_avg:1202.55ms
step:1876/3300 train_loss:3.50543 train_time:2258.083s step_avg:1203.67ms
step:1877/3300 train_loss:3.52326 train_time:2259.275s step_avg:1203.66ms
step:1878/3300 train_loss:3.56042 train_time:2260.476s step_avg:1203.66ms
step:1879/3300 train_loss:3.56056 train_time:2261.674s step_avg:1203.66ms
step:1880/3300 train_loss:3.45983 train_time:2262.879s step_avg:1203.66ms
step:1881/3300 train_loss:3.39757 train_time:2264.081s step_avg:1203.66ms
step:1882/3300 train_loss:3.47663 train_time:2265.282s step_avg:1203.66ms
step:1883/3300 train_loss:3.43747 train_time:2266.477s step_avg:1203.65ms
step:1884/3300 train_loss:3.47646 train_time:2267.686s step_avg:1203.66ms
step:1885/3300 train_loss:3.46927 train_time:2268.881s step_avg:1203.65ms
step:1886/3300 train_loss:3.42617 train_time:2270.076s step_avg:1203.65ms
step:1887/3300 train_loss:3.46912 train_time:2271.277s step_avg:1203.64ms
step:1888/3300 train_loss:3.42931 train_time:2272.474s step_avg:1203.64ms
step:1889/3300 train_loss:3.46148 train_time:2273.738s step_avg:1203.67ms
step:1890/3300 train_loss:3.48414 train_time:2274.937s step_avg:1203.67ms
step:1891/3300 train_loss:3.50451 train_time:2276.140s step_avg:1203.67ms
step:1892/3300 train_loss:3.41139 train_time:2277.337s step_avg:1203.67ms
step:1893/3300 train_loss:3.48489 train_time:2278.536s step_avg:1203.66ms
step:1894/3300 train_loss:3.47109 train_time:2279.731s step_avg:1203.66ms
step:1895/3300 train_loss:3.43056 train_time:2280.925s step_avg:1203.65ms
step:1896/3300 train_loss:3.52627 train_time:2282.115s step_avg:1203.65ms
step:1897/3300 train_loss:3.51366 train_time:2283.315s step_avg:1203.65ms
step:1898/3300 train_loss:3.42856 train_time:2284.523s step_avg:1203.65ms
step:1899/3300 train_loss:3.42488 train_time:2285.727s step_avg:1203.65ms
step:1900/3300 train_loss:3.44666 train_time:2286.919s step_avg:1203.64ms
step:1901/3300 train_loss:3.40788 train_time:2288.150s step_avg:1203.66ms
step:1902/3300 train_loss:3.48801 train_time:2289.361s step_avg:1203.66ms
step:1903/3300 train_loss:3.50965 train_time:2290.559s step_avg:1203.66ms
step:1904/3300 train_loss:3.46285 train_time:2291.759s step_avg:1203.65ms
step:1905/3300 train_loss:3.44707 train_time:2292.986s step_avg:1203.67ms
step:1906/3300 train_loss:3.49074 train_time:2294.183s step_avg:1203.66ms
step:1907/3300 train_loss:3.44984 train_time:2295.385s step_avg:1203.66ms
step:1908/3300 train_loss:3.46704 train_time:2296.577s step_avg:1203.66ms
step:1909/3300 train_loss:3.41376 train_time:2297.795s step_avg:1203.66ms
step:1910/3300 train_loss:3.50193 train_time:2299.024s step_avg:1203.68ms
step:1911/3300 train_loss:3.47634 train_time:2300.220s step_avg:1203.67ms
step:1912/3300 train_loss:3.39500 train_time:2301.418s step_avg:1203.67ms
step:1913/3300 train_loss:3.50916 train_time:2302.626s step_avg:1203.67ms
step:1914/3300 train_loss:3.59824 train_time:2303.832s step_avg:1203.67ms
step:1915/3300 train_loss:3.43224 train_time:2305.042s step_avg:1203.68ms
step:1916/3300 train_loss:3.40905 train_time:2306.240s step_avg:1203.67ms
step:1917/3300 train_loss:3.50374 train_time:2307.446s step_avg:1203.68ms
step:1918/3300 train_loss:3.49878 train_time:2308.652s step_avg:1203.68ms
step:1919/3300 train_loss:3.49438 train_time:2309.851s step_avg:1203.67ms
step:1920/3300 train_loss:3.43211 train_time:2311.052s step_avg:1203.67ms
step:1921/3300 train_loss:3.47350 train_time:2312.245s step_avg:1203.67ms
step:1922/3300 train_loss:3.42108 train_time:2313.449s step_avg:1203.67ms
step:1923/3300 train_loss:3.46459 train_time:2314.644s step_avg:1203.66ms
step:1924/3300 train_loss:3.50052 train_time:2315.839s step_avg:1203.66ms
step:1925/3300 train_loss:3.43795 train_time:2317.030s step_avg:1203.65ms
step:1926/3300 train_loss:3.45902 train_time:2318.225s step_avg:1203.65ms
step:1927/3300 train_loss:3.48549 train_time:2319.420s step_avg:1203.64ms
step:1928/3300 train_loss:3.53586 train_time:2320.623s step_avg:1203.64ms
step:1929/3300 train_loss:3.47288 train_time:2321.821s step_avg:1203.64ms
step:1930/3300 train_loss:3.48930 train_time:2323.021s step_avg:1203.64ms
step:1931/3300 train_loss:3.38461 train_time:2324.223s step_avg:1203.64ms
step:1932/3300 train_loss:3.80153 train_time:2325.423s step_avg:1203.64ms
step:1933/3300 train_loss:3.50352 train_time:2326.623s step_avg:1203.63ms
step:1934/3300 train_loss:3.47685 train_time:2327.830s step_avg:1203.63ms
step:1935/3300 train_loss:3.50777 train_time:2329.022s step_avg:1203.63ms
step:1936/3300 train_loss:3.47586 train_time:2330.219s step_avg:1203.63ms
step:1937/3300 train_loss:3.49763 train_time:2331.418s step_avg:1203.62ms
step:1938/3300 train_loss:3.42606 train_time:2332.624s step_avg:1203.62ms
step:1939/3300 train_loss:3.43742 train_time:2333.824s step_avg:1203.62ms
step:1940/3300 train_loss:3.49313 train_time:2335.023s step_avg:1203.62ms
step:1941/3300 train_loss:3.47821 train_time:2336.222s step_avg:1203.62ms
step:1942/3300 train_loss:3.39812 train_time:2337.416s step_avg:1203.61ms
step:1943/3300 train_loss:3.52709 train_time:2338.621s step_avg:1203.61ms
step:1944/3300 train_loss:3.41256 train_time:2339.822s step_avg:1203.61ms
step:1945/3300 train_loss:3.50080 train_time:2341.016s step_avg:1203.61ms
step:1946/3300 train_loss:3.49081 train_time:2342.216s step_avg:1203.61ms
step:1947/3300 train_loss:3.42738 train_time:2343.418s step_avg:1203.60ms
step:1948/3300 train_loss:3.47791 train_time:2344.616s step_avg:1203.60ms
step:1949/3300 train_loss:3.38853 train_time:2345.814s step_avg:1203.60ms
step:1950/3300 train_loss:3.52067 train_time:2347.016s step_avg:1203.60ms
step:1951/3300 train_loss:3.49150 train_time:2348.219s step_avg:1203.60ms
step:1952/3300 train_loss:3.54900 train_time:2349.431s step_avg:1203.60ms
step:1953/3300 train_loss:3.41480 train_time:2350.623s step_avg:1203.60ms
step:1954/3300 train_loss:3.45940 train_time:2351.820s step_avg:1203.59ms
step:1955/3300 train_loss:3.47915 train_time:2353.036s step_avg:1203.60ms
step:1956/3300 train_loss:3.44184 train_time:2354.240s step_avg:1203.60ms
step:1957/3300 train_loss:3.46364 train_time:2355.439s step_avg:1203.60ms
step:1958/3300 train_loss:3.49348 train_time:2356.637s step_avg:1203.59ms
step:1959/3300 train_loss:3.54346 train_time:2357.821s step_avg:1203.58ms
step:1960/3300 train_loss:3.42346 train_time:2359.032s step_avg:1203.59ms
step:1961/3300 train_loss:3.48435 train_time:2360.227s step_avg:1203.58ms
step:1962/3300 train_loss:3.43379 train_time:2361.423s step_avg:1203.58ms
step:1963/3300 train_loss:3.46093 train_time:2362.628s step_avg:1203.58ms
step:1964/3300 train_loss:3.45678 train_time:2363.826s step_avg:1203.58ms
step:1965/3300 train_loss:3.45911 train_time:2365.041s step_avg:1203.58ms
step:1966/3300 train_loss:3.51800 train_time:2366.233s step_avg:1203.58ms
step:1967/3300 train_loss:3.41519 train_time:2367.436s step_avg:1203.58ms
step:1968/3300 train_loss:3.47114 train_time:2368.634s step_avg:1203.57ms
step:1969/3300 train_loss:3.42352 train_time:2369.824s step_avg:1203.57ms
step:1970/3300 train_loss:3.45509 train_time:2371.026s step_avg:1203.57ms
step:1971/3300 train_loss:3.47815 train_time:2372.238s step_avg:1203.57ms
step:1972/3300 train_loss:3.43310 train_time:2373.440s step_avg:1203.57ms
step:1973/3300 train_loss:3.41911 train_time:2374.640s step_avg:1203.57ms
step:1974/3300 train_loss:3.43377 train_time:2375.842s step_avg:1203.57ms
step:1975/3300 train_loss:3.45217 train_time:2377.041s step_avg:1203.56ms
step:1976/3300 train_loss:3.46153 train_time:2378.241s step_avg:1203.56ms
step:1977/3300 train_loss:3.49863 train_time:2379.451s step_avg:1203.57ms
step:1978/3300 train_loss:3.49565 train_time:2380.648s step_avg:1203.56ms
step:1979/3300 train_loss:3.48174 train_time:2381.846s step_avg:1203.56ms
step:1980/3300 train_loss:3.48079 train_time:2383.042s step_avg:1203.56ms
step:1981/3300 train_loss:3.44184 train_time:2384.239s step_avg:1203.55ms
step:1982/3300 train_loss:3.45929 train_time:2385.438s step_avg:1203.55ms
step:1983/3300 train_loss:3.60707 train_time:2386.639s step_avg:1203.55ms
step:1984/3300 train_loss:3.41027 train_time:2387.841s step_avg:1203.55ms
step:1985/3300 train_loss:3.43449 train_time:2389.042s step_avg:1203.55ms
step:1986/3300 train_loss:3.43506 train_time:2390.245s step_avg:1203.55ms
step:1987/3300 train_loss:3.44498 train_time:2391.444s step_avg:1203.55ms
step:1988/3300 train_loss:3.46817 train_time:2392.651s step_avg:1203.55ms
step:1989/3300 train_loss:3.43174 train_time:2393.847s step_avg:1203.54ms
step:1990/3300 train_loss:3.47261 train_time:2395.047s step_avg:1203.54ms
step:1991/3300 train_loss:3.45354 train_time:2396.257s step_avg:1203.54ms
step:1992/3300 train_loss:3.43839 train_time:2397.453s step_avg:1203.54ms
step:1993/3300 train_loss:3.53687 train_time:2398.649s step_avg:1203.54ms
step:1994/3300 train_loss:3.46152 train_time:2399.846s step_avg:1203.53ms
step:1995/3300 train_loss:3.45344 train_time:2401.049s step_avg:1203.53ms
step:1996/3300 train_loss:3.51607 train_time:2402.254s step_avg:1203.53ms
step:1997/3300 train_loss:3.57501 train_time:2403.446s step_avg:1203.53ms
step:1998/3300 train_loss:3.45859 train_time:2404.647s step_avg:1203.53ms
step:1999/3300 train_loss:3.51908 train_time:2405.845s step_avg:1203.52ms
step:2000/3300 train_loss:3.42976 train_time:2407.037s step_avg:1203.52ms
step:2000/3300 val_loss:3.44202 train_time:2407.037s step_avg:1201.24ms
step:2001/3300 train_loss:3.48731 train_time:2408.236s step_avg:1203.52ms
step:2002/3300 train_loss:3.45921 train_time:2409.432s step_avg:1203.51ms
step:2003/3300 train_loss:3.44461 train_time:2410.640s step_avg:1203.51ms
step:2004/3300 train_loss:3.59020 train_time:2411.842s step_avg:1203.51ms
step:2005/3300 train_loss:3.42837 train_time:2413.047s step_avg:1203.51ms
step:2006/3300 train_loss:3.45582 train_time:2414.243s step_avg:1203.51ms
step:2007/3300 train_loss:3.46033 train_time:2415.450s step_avg:1203.51ms
step:2008/3300 train_loss:3.39410 train_time:2416.653s step_avg:1203.51ms
step:2009/3300 train_loss:3.47122 train_time:2417.854s step_avg:1203.51ms
step:2010/3300 train_loss:3.46703 train_time:2419.053s step_avg:1203.51ms
step:2011/3300 train_loss:3.46930 train_time:2420.262s step_avg:1203.51ms
step:2012/3300 train_loss:3.43553 train_time:2421.465s step_avg:1203.51ms
step:2013/3300 train_loss:3.45951 train_time:2422.668s step_avg:1203.51ms
step:2014/3300 train_loss:3.46346 train_time:2423.865s step_avg:1203.51ms
step:2015/3300 train_loss:3.41035 train_time:2425.070s step_avg:1203.51ms
step:2016/3300 train_loss:3.49298 train_time:2426.269s step_avg:1203.51ms
step:2017/3300 train_loss:3.43776 train_time:2427.468s step_avg:1203.50ms
step:2018/3300 train_loss:3.51449 train_time:2428.670s step_avg:1203.50ms
step:2019/3300 train_loss:3.47005 train_time:2429.890s step_avg:1203.51ms
step:2020/3300 train_loss:3.39156 train_time:2431.090s step_avg:1203.51ms
step:2021/3300 train_loss:3.46241 train_time:2432.287s step_avg:1203.51ms
step:2022/3300 train_loss:3.36958 train_time:2433.495s step_avg:1203.51ms
step:2023/3300 train_loss:3.41802 train_time:2434.695s step_avg:1203.51ms
step:2024/3300 train_loss:3.44493 train_time:2435.896s step_avg:1203.51ms
step:2025/3300 train_loss:3.37155 train_time:2437.102s step_avg:1203.51ms
step:2026/3300 train_loss:3.45021 train_time:2438.304s step_avg:1203.51ms
step:2027/3300 train_loss:3.41165 train_time:2439.514s step_avg:1203.51ms
step:2028/3300 train_loss:3.44291 train_time:2440.718s step_avg:1203.51ms
step:2029/3300 train_loss:3.45336 train_time:2441.915s step_avg:1203.51ms
step:2030/3300 train_loss:3.46051 train_time:2443.119s step_avg:1203.51ms
step:2031/3300 train_loss:3.44960 train_time:2444.314s step_avg:1203.50ms
step:2032/3300 train_loss:3.45185 train_time:2445.519s step_avg:1203.50ms
step:2033/3300 train_loss:3.42128 train_time:2446.716s step_avg:1203.50ms
step:2034/3300 train_loss:3.46117 train_time:2447.917s step_avg:1203.50ms
step:2035/3300 train_loss:3.46237 train_time:2449.115s step_avg:1203.50ms
step:2036/3300 train_loss:3.41177 train_time:2450.312s step_avg:1203.49ms
step:2037/3300 train_loss:3.50601 train_time:2451.526s step_avg:1203.50ms
step:2038/3300 train_loss:3.44743 train_time:2452.741s step_avg:1203.50ms
step:2039/3300 train_loss:3.42801 train_time:2453.937s step_avg:1203.50ms
step:2040/3300 train_loss:3.45470 train_time:2455.139s step_avg:1203.50ms
step:2041/3300 train_loss:3.44942 train_time:2456.359s step_avg:1203.51ms
step:2042/3300 train_loss:3.44584 train_time:2457.556s step_avg:1203.50ms
step:2043/3300 train_loss:3.42390 train_time:2458.752s step_avg:1203.50ms
step:2044/3300 train_loss:3.45924 train_time:2459.954s step_avg:1203.50ms
step:2045/3300 train_loss:3.38732 train_time:2461.152s step_avg:1203.50ms
step:2046/3300 train_loss:3.46469 train_time:2462.345s step_avg:1203.49ms
step:2047/3300 train_loss:3.45600 train_time:2463.540s step_avg:1203.49ms
step:2048/3300 train_loss:3.44765 train_time:2464.739s step_avg:1203.49ms
step:2049/3300 train_loss:3.40662 train_time:2465.946s step_avg:1203.49ms
step:2050/3300 train_loss:3.48979 train_time:2467.151s step_avg:1203.49ms
step:2051/3300 train_loss:3.49122 train_time:2468.357s step_avg:1203.49ms
step:2052/3300 train_loss:3.44251 train_time:2469.552s step_avg:1203.49ms
step:2053/3300 train_loss:3.54189 train_time:2470.757s step_avg:1203.49ms
step:2054/3300 train_loss:3.44749 train_time:2471.958s step_avg:1203.48ms
step:2055/3300 train_loss:3.41070 train_time:2473.155s step_avg:1203.48ms
step:2056/3300 train_loss:3.46254 train_time:2474.357s step_avg:1203.48ms
step:2057/3300 train_loss:3.37020 train_time:2475.557s step_avg:1203.48ms
step:2058/3300 train_loss:3.47674 train_time:2476.754s step_avg:1203.48ms
step:2059/3300 train_loss:3.48305 train_time:2477.951s step_avg:1203.47ms
step:2060/3300 train_loss:3.34008 train_time:2479.145s step_avg:1203.47ms
step:2061/3300 train_loss:3.40750 train_time:2480.338s step_avg:1203.46ms
step:2062/3300 train_loss:3.45729 train_time:2481.536s step_avg:1203.46ms
step:2063/3300 train_loss:3.45886 train_time:2482.738s step_avg:1203.46ms
step:2064/3300 train_loss:3.44841 train_time:2483.934s step_avg:1203.46ms
step:2065/3300 train_loss:3.46245 train_time:2485.143s step_avg:1203.46ms
step:2066/3300 train_loss:3.42395 train_time:2486.337s step_avg:1203.45ms
step:2067/3300 train_loss:3.45341 train_time:2487.534s step_avg:1203.45ms
step:2068/3300 train_loss:3.42939 train_time:2488.735s step_avg:1203.45ms
step:2069/3300 train_loss:3.52528 train_time:2489.935s step_avg:1203.45ms
step:2070/3300 train_loss:3.47249 train_time:2491.141s step_avg:1203.45ms
step:2071/3300 train_loss:3.47425 train_time:2492.340s step_avg:1203.45ms
step:2072/3300 train_loss:3.45193 train_time:2493.545s step_avg:1203.45ms
step:2073/3300 train_loss:3.52098 train_time:2494.767s step_avg:1203.46ms
step:2074/3300 train_loss:3.48199 train_time:2495.968s step_avg:1203.46ms
step:2075/3300 train_loss:3.48776 train_time:2497.165s step_avg:1203.45ms
step:2076/3300 train_loss:3.46067 train_time:2498.356s step_avg:1203.45ms
step:2077/3300 train_loss:3.44334 train_time:2499.577s step_avg:1203.46ms
step:2078/3300 train_loss:3.39835 train_time:2500.780s step_avg:1203.46ms
step:2079/3300 train_loss:3.42098 train_time:2501.985s step_avg:1203.46ms
step:2080/3300 train_loss:3.51781 train_time:2503.191s step_avg:1203.46ms
step:2081/3300 train_loss:3.46331 train_time:2504.396s step_avg:1203.46ms
step:2082/3300 train_loss:3.41668 train_time:2505.598s step_avg:1203.46ms
step:2083/3300 train_loss:3.39621 train_time:2506.798s step_avg:1203.46ms
step:2084/3300 train_loss:3.40044 train_time:2508.000s step_avg:1203.45ms
step:2085/3300 train_loss:3.46420 train_time:2509.199s step_avg:1203.45ms
step:2086/3300 train_loss:3.43811 train_time:2510.421s step_avg:1203.46ms
step:2087/3300 train_loss:3.42536 train_time:2511.626s step_avg:1203.46ms
step:2088/3300 train_loss:3.48103 train_time:2512.822s step_avg:1203.46ms
step:2089/3300 train_loss:3.40447 train_time:2514.016s step_avg:1203.45ms
step:2090/3300 train_loss:3.40572 train_time:2515.249s step_avg:1203.47ms
step:2091/3300 train_loss:3.46372 train_time:2516.488s step_avg:1203.49ms
step:2092/3300 train_loss:3.45754 train_time:2517.686s step_avg:1203.48ms
step:2093/3300 train_loss:3.41832 train_time:2518.876s step_avg:1203.48ms
step:2094/3300 train_loss:3.51834 train_time:2520.076s step_avg:1203.47ms
step:2095/3300 train_loss:3.43794 train_time:2521.270s step_avg:1203.47ms
step:2096/3300 train_loss:3.44777 train_time:2522.465s step_avg:1203.47ms
step:2097/3300 train_loss:3.44961 train_time:2523.657s step_avg:1203.46ms
step:2098/3300 train_loss:3.40703 train_time:2524.870s step_avg:1203.47ms
step:2099/3300 train_loss:3.42316 train_time:2526.056s step_avg:1203.46ms
step:2100/3300 train_loss:3.52915 train_time:2527.254s step_avg:1203.45ms
step:2101/3300 train_loss:3.43071 train_time:2528.450s step_avg:1203.45ms
step:2102/3300 train_loss:3.43455 train_time:2529.642s step_avg:1203.45ms
step:2103/3300 train_loss:3.40573 train_time:2530.850s step_avg:1203.45ms
step:2104/3300 train_loss:3.48154 train_time:2532.049s step_avg:1203.45ms
step:2105/3300 train_loss:3.43254 train_time:2533.243s step_avg:1203.44ms
step:2106/3300 train_loss:3.41962 train_time:2534.441s step_avg:1203.44ms
step:2107/3300 train_loss:3.44731 train_time:2535.645s step_avg:1203.44ms
step:2108/3300 train_loss:3.47786 train_time:2536.844s step_avg:1203.44ms
step:2109/3300 train_loss:3.44818 train_time:2538.040s step_avg:1203.43ms
step:2110/3300 train_loss:3.37034 train_time:2539.237s step_avg:1203.43ms
step:2111/3300 train_loss:3.43018 train_time:2540.435s step_avg:1203.43ms
step:2112/3300 train_loss:3.39393 train_time:2541.641s step_avg:1203.43ms
step:2113/3300 train_loss:3.40914 train_time:2542.846s step_avg:1203.43ms
step:2114/3300 train_loss:3.43962 train_time:2544.043s step_avg:1203.43ms
step:2115/3300 train_loss:3.45407 train_time:2545.264s step_avg:1203.43ms
step:2116/3300 train_loss:3.49187 train_time:2546.469s step_avg:1203.44ms
step:2117/3300 train_loss:3.42587 train_time:2547.658s step_avg:1203.43ms
step:2118/3300 train_loss:3.49861 train_time:2548.858s step_avg:1203.43ms
step:2119/3300 train_loss:3.40789 train_time:2550.057s step_avg:1203.42ms
step:2120/3300 train_loss:3.41306 train_time:2551.257s step_avg:1203.42ms
step:2121/3300 train_loss:3.37414 train_time:2552.467s step_avg:1203.43ms
step:2122/3300 train_loss:3.42125 train_time:2553.662s step_avg:1203.42ms
step:2123/3300 train_loss:3.41547 train_time:2554.861s step_avg:1203.42ms
step:2124/3300 train_loss:3.47691 train_time:2556.061s step_avg:1203.42ms
step:2125/3300 train_loss:3.37654 train_time:2557.260s step_avg:1203.42ms
step:2125/3300 val_loss:3.42465 train_time:2557.260s step_avg:1201.79ms
step:2126/3300 train_loss:3.48021 train_time:2558.465s step_avg:1203.42ms
step:2127/3300 train_loss:3.46231 train_time:2559.717s step_avg:1203.44ms
step:2128/3300 train_loss:3.39819 train_time:2560.915s step_avg:1203.44ms
step:2129/3300 train_loss:3.43989 train_time:2562.117s step_avg:1203.44ms
step:2130/3300 train_loss:3.43441 train_time:2563.318s step_avg:1203.44ms
step:2131/3300 train_loss:3.48051 train_time:2564.511s step_avg:1203.43ms
step:2132/3300 train_loss:3.43652 train_time:2565.715s step_avg:1203.43ms
step:2133/3300 train_loss:3.38707 train_time:2566.925s step_avg:1203.43ms
step:2134/3300 train_loss:3.46461 train_time:2568.130s step_avg:1203.43ms
step:2135/3300 train_loss:3.42836 train_time:2569.329s step_avg:1203.43ms
step:2136/3300 train_loss:3.39954 train_time:2570.525s step_avg:1203.43ms
step:2137/3300 train_loss:3.44343 train_time:2571.716s step_avg:1203.42ms
step:2138/3300 train_loss:3.39831 train_time:2572.916s step_avg:1203.42ms
step:2139/3300 train_loss:3.44789 train_time:2574.123s step_avg:1203.42ms
step:2140/3300 train_loss:3.53588 train_time:2575.316s step_avg:1203.42ms
step:2141/3300 train_loss:3.46880 train_time:2576.512s step_avg:1203.42ms
step:2142/3300 train_loss:3.42492 train_time:2577.721s step_avg:1203.42ms
step:2143/3300 train_loss:3.40256 train_time:2578.929s step_avg:1203.42ms
step:2144/3300 train_loss:3.37944 train_time:2580.127s step_avg:1203.42ms
step:2145/3300 train_loss:3.48875 train_time:2581.329s step_avg:1203.42ms
step:2146/3300 train_loss:3.43254 train_time:2582.539s step_avg:1203.42ms
step:2147/3300 train_loss:3.51956 train_time:2583.744s step_avg:1203.42ms
step:2148/3300 train_loss:3.46716 train_time:2584.961s step_avg:1203.43ms
step:2149/3300 train_loss:3.40590 train_time:2586.179s step_avg:1203.43ms
step:2150/3300 train_loss:3.49309 train_time:2587.403s step_avg:1203.44ms
step:2151/3300 train_loss:3.42540 train_time:2588.596s step_avg:1203.44ms
step:2152/3300 train_loss:3.55933 train_time:2589.792s step_avg:1203.43ms
step:2153/3300 train_loss:3.47495 train_time:2590.993s step_avg:1203.43ms
step:2154/3300 train_loss:3.50844 train_time:2592.207s step_avg:1203.44ms
step:2155/3300 train_loss:3.40540 train_time:2593.400s step_avg:1203.43ms
step:2156/3300 train_loss:3.39922 train_time:2594.591s step_avg:1203.43ms
step:2157/3300 train_loss:3.42453 train_time:2595.801s step_avg:1203.43ms
step:2158/3300 train_loss:3.38620 train_time:2597.007s step_avg:1203.43ms
step:2159/3300 train_loss:3.49886 train_time:2598.206s step_avg:1203.43ms
step:2160/3300 train_loss:3.50641 train_time:2599.401s step_avg:1203.43ms
step:2161/3300 train_loss:3.42517 train_time:2600.593s step_avg:1203.42ms
step:2162/3300 train_loss:3.38275 train_time:2601.792s step_avg:1203.42ms
step:2163/3300 train_loss:3.53066 train_time:2603.003s step_avg:1203.42ms
step:2164/3300 train_loss:3.43393 train_time:2604.208s step_avg:1203.42ms
step:2165/3300 train_loss:3.47987 train_time:2605.407s step_avg:1203.42ms
step:2166/3300 train_loss:3.47880 train_time:2606.608s step_avg:1203.42ms
step:2167/3300 train_loss:3.43318 train_time:2607.809s step_avg:1203.42ms
step:2168/3300 train_loss:3.43346 train_time:2609.016s step_avg:1203.42ms
step:2169/3300 train_loss:3.48531 train_time:2610.225s step_avg:1203.42ms
step:2170/3300 train_loss:3.44434 train_time:2611.420s step_avg:1203.42ms
step:2171/3300 train_loss:3.46759 train_time:2612.623s step_avg:1203.42ms
step:2172/3300 train_loss:3.42169 train_time:2613.820s step_avg:1203.42ms
step:2173/3300 train_loss:3.47987 train_time:2615.031s step_avg:1203.42ms
step:2174/3300 train_loss:3.45636 train_time:2616.230s step_avg:1203.42ms
step:2175/3300 train_loss:3.41692 train_time:2617.426s step_avg:1203.41ms
step:2176/3300 train_loss:3.42229 train_time:2618.617s step_avg:1203.41ms
step:2177/3300 train_loss:3.47986 train_time:2619.817s step_avg:1203.41ms
step:2178/3300 train_loss:3.35785 train_time:2621.009s step_avg:1203.40ms
step:2179/3300 train_loss:3.42334 train_time:2622.198s step_avg:1203.40ms
step:2180/3300 train_loss:3.45019 train_time:2623.398s step_avg:1203.39ms
step:2181/3300 train_loss:3.44994 train_time:2624.594s step_avg:1203.39ms
step:2182/3300 train_loss:3.41052 train_time:2625.795s step_avg:1203.39ms
step:2183/3300 train_loss:3.38630 train_time:2626.993s step_avg:1203.39ms
step:2184/3300 train_loss:3.44277 train_time:2628.193s step_avg:1203.39ms
step:2185/3300 train_loss:3.48636 train_time:2629.393s step_avg:1203.38ms
step:2186/3300 train_loss:3.34857 train_time:2630.591s step_avg:1203.38ms
step:2187/3300 train_loss:3.41360 train_time:2631.781s step_avg:1203.38ms
step:2188/3300 train_loss:3.35569 train_time:2632.982s step_avg:1203.37ms
step:2189/3300 train_loss:3.39334 train_time:2634.179s step_avg:1203.37ms
step:2190/3300 train_loss:3.43425 train_time:2635.383s step_avg:1203.37ms
step:2191/3300 train_loss:3.37812 train_time:2636.578s step_avg:1203.37ms
step:2192/3300 train_loss:3.47565 train_time:2637.774s step_avg:1203.36ms
step:2193/3300 train_loss:3.43698 train_time:2638.969s step_avg:1203.36ms
step:2194/3300 train_loss:3.45725 train_time:2640.157s step_avg:1203.35ms
step:2195/3300 train_loss:3.38550 train_time:2641.350s step_avg:1203.35ms
step:2196/3300 train_loss:3.39352 train_time:2642.539s step_avg:1203.34ms
step:2197/3300 train_loss:3.43823 train_time:2643.739s step_avg:1203.34ms
step:2198/3300 train_loss:3.41864 train_time:2644.940s step_avg:1203.34ms
step:2199/3300 train_loss:3.40311 train_time:2646.139s step_avg:1203.34ms
step:2200/3300 train_loss:3.44493 train_time:2647.348s step_avg:1203.34ms
step:2201/3300 train_loss:3.38340 train_time:2648.540s step_avg:1203.33ms
step:2202/3300 train_loss:3.63932 train_time:2649.740s step_avg:1203.33ms
step:2203/3300 train_loss:3.49484 train_time:2650.939s step_avg:1203.33ms
step:2204/3300 train_loss:3.39239 train_time:2652.143s step_avg:1203.33ms
step:2205/3300 train_loss:3.44564 train_time:2653.349s step_avg:1203.33ms
step:2206/3300 train_loss:3.45249 train_time:2654.541s step_avg:1203.33ms
step:2207/3300 train_loss:3.50698 train_time:2655.737s step_avg:1203.32ms
step:2208/3300 train_loss:3.44945 train_time:2656.934s step_avg:1203.32ms
step:2209/3300 train_loss:3.38962 train_time:2658.132s step_avg:1203.32ms
step:2210/3300 train_loss:3.40894 train_time:2659.320s step_avg:1203.31ms
step:2211/3300 train_loss:3.39271 train_time:2660.517s step_avg:1203.31ms
step:2212/3300 train_loss:3.45816 train_time:2661.716s step_avg:1203.31ms
step:2213/3300 train_loss:3.36274 train_time:2662.928s step_avg:1203.31ms
step:2214/3300 train_loss:3.41414 train_time:2664.122s step_avg:1203.31ms
step:2215/3300 train_loss:3.46096 train_time:2665.318s step_avg:1203.30ms
step:2216/3300 train_loss:3.47111 train_time:2666.518s step_avg:1203.30ms
step:2217/3300 train_loss:3.42684 train_time:2667.715s step_avg:1203.30ms
step:2218/3300 train_loss:3.38557 train_time:2668.927s step_avg:1203.30ms
step:2219/3300 train_loss:3.44612 train_time:2670.125s step_avg:1203.30ms
step:2220/3300 train_loss:3.42864 train_time:2671.322s step_avg:1203.30ms
step:2221/3300 train_loss:3.47597 train_time:2672.524s step_avg:1203.30ms
step:2222/3300 train_loss:3.42545 train_time:2673.736s step_avg:1203.30ms
step:2223/3300 train_loss:3.43975 train_time:2674.945s step_avg:1203.30ms
step:2224/3300 train_loss:3.51019 train_time:2676.147s step_avg:1203.30ms
step:2225/3300 train_loss:3.38626 train_time:2677.347s step_avg:1203.30ms
step:2226/3300 train_loss:3.44411 train_time:2678.538s step_avg:1203.30ms
step:2227/3300 train_loss:3.45176 train_time:2679.731s step_avg:1203.29ms
step:2228/3300 train_loss:3.40425 train_time:2680.920s step_avg:1203.29ms
step:2229/3300 train_loss:3.45436 train_time:2682.124s step_avg:1203.29ms
step:2230/3300 train_loss:3.44307 train_time:2683.322s step_avg:1203.28ms
step:2231/3300 train_loss:3.43396 train_time:2684.520s step_avg:1203.28ms
step:2232/3300 train_loss:3.38503 train_time:2685.724s step_avg:1203.28ms
step:2233/3300 train_loss:3.40932 train_time:2686.978s step_avg:1203.30ms
step:2234/3300 train_loss:3.42346 train_time:2688.173s step_avg:1203.30ms
step:2235/3300 train_loss:3.37367 train_time:2689.367s step_avg:1203.30ms
step:2236/3300 train_loss:3.54274 train_time:2690.565s step_avg:1203.29ms
step:2237/3300 train_loss:3.40981 train_time:2691.765s step_avg:1203.29ms
step:2238/3300 train_loss:3.45254 train_time:2692.966s step_avg:1203.29ms
step:2239/3300 train_loss:3.36545 train_time:2694.164s step_avg:1203.29ms
step:2240/3300 train_loss:3.36336 train_time:2695.370s step_avg:1203.29ms
step:2241/3300 train_loss:3.42845 train_time:2696.565s step_avg:1203.29ms
step:2242/3300 train_loss:3.42884 train_time:2697.769s step_avg:1203.29ms
step:2243/3300 train_loss:3.41824 train_time:2698.966s step_avg:1203.28ms
step:2244/3300 train_loss:3.39935 train_time:2700.160s step_avg:1203.28ms
step:2245/3300 train_loss:3.37591 train_time:2701.356s step_avg:1203.28ms
step:2246/3300 train_loss:3.42074 train_time:2702.547s step_avg:1203.27ms
step:2247/3300 train_loss:3.38456 train_time:2703.744s step_avg:1203.27ms
step:2248/3300 train_loss:3.43130 train_time:2704.941s step_avg:1203.27ms
step:2249/3300 train_loss:3.43187 train_time:2706.137s step_avg:1203.26ms
step:2250/3300 train_loss:3.38820 train_time:2707.344s step_avg:1203.26ms
step:2250/3300 val_loss:3.40607 train_time:2707.345s step_avg:1200.67ms
step:2251/3300 train_loss:3.37285 train_time:2708.545s step_avg:1203.26ms
step:2252/3300 train_loss:3.48490 train_time:2709.741s step_avg:1203.26ms
step:2253/3300 train_loss:3.35252 train_time:2710.938s step_avg:1203.26ms
step:2254/3300 train_loss:3.40298 train_time:2712.141s step_avg:1203.26ms
step:2255/3300 train_loss:3.51175 train_time:2713.376s step_avg:1203.27ms
step:2256/3300 train_loss:3.42035 train_time:2714.579s step_avg:1203.27ms
step:2257/3300 train_loss:3.56226 train_time:2715.777s step_avg:1203.27ms
step:2258/3300 train_loss:3.44562 train_time:2716.981s step_avg:1203.27ms
step:2259/3300 train_loss:3.37532 train_time:2718.181s step_avg:1203.27ms
step:2260/3300 train_loss:3.41196 train_time:2719.379s step_avg:1203.27ms
step:2261/3300 train_loss:3.44638 train_time:2720.581s step_avg:1203.26ms
step:2262/3300 train_loss:3.39368 train_time:2721.780s step_avg:1203.26ms
step:2263/3300 train_loss:3.39860 train_time:2722.980s step_avg:1203.26ms
step:2264/3300 train_loss:3.40935 train_time:2724.190s step_avg:1203.26ms
step:2265/3300 train_loss:3.42949 train_time:2725.383s step_avg:1203.26ms
step:2266/3300 train_loss:3.39616 train_time:2726.580s step_avg:1203.26ms
step:2267/3300 train_loss:3.39696 train_time:2727.801s step_avg:1203.26ms
step:2268/3300 train_loss:3.36335 train_time:2729.001s step_avg:1203.26ms
step:2269/3300 train_loss:3.37662 train_time:2730.223s step_avg:1203.27ms
step:2270/3300 train_loss:3.44731 train_time:2731.438s step_avg:1203.28ms
step:2271/3300 train_loss:3.42419 train_time:2732.633s step_avg:1203.27ms
step:2272/3300 train_loss:3.40412 train_time:2733.832s step_avg:1203.27ms
step:2273/3300 train_loss:3.35092 train_time:2735.032s step_avg:1203.27ms
step:2274/3300 train_loss:3.42455 train_time:2736.225s step_avg:1203.27ms
step:2275/3300 train_loss:3.41311 train_time:2737.435s step_avg:1203.27ms
step:2276/3300 train_loss:3.35779 train_time:2738.633s step_avg:1203.27ms
step:2277/3300 train_loss:3.35575 train_time:2739.844s step_avg:1203.27ms
step:2278/3300 train_loss:3.43177 train_time:2741.045s step_avg:1203.27ms
step:2279/3300 train_loss:3.44261 train_time:2742.243s step_avg:1203.27ms
step:2280/3300 train_loss:3.37146 train_time:2743.442s step_avg:1203.26ms
step:2281/3300 train_loss:3.43080 train_time:2744.664s step_avg:1203.27ms
step:2282/3300 train_loss:3.40418 train_time:2745.879s step_avg:1203.28ms
step:2283/3300 train_loss:3.38999 train_time:2747.083s step_avg:1203.28ms
step:2284/3300 train_loss:3.46584 train_time:2748.281s step_avg:1203.28ms
step:2285/3300 train_loss:3.39361 train_time:2749.490s step_avg:1203.28ms
step:2286/3300 train_loss:3.42463 train_time:2750.689s step_avg:1203.28ms
step:2287/3300 train_loss:3.43240 train_time:2751.879s step_avg:1203.27ms
step:2288/3300 train_loss:3.47291 train_time:2753.076s step_avg:1203.27ms
step:2289/3300 train_loss:3.39856 train_time:2754.286s step_avg:1203.27ms
step:2290/3300 train_loss:3.37594 train_time:2755.495s step_avg:1203.27ms
step:2291/3300 train_loss:3.44335 train_time:2756.701s step_avg:1203.27ms
step:2292/3300 train_loss:3.41410 train_time:2757.908s step_avg:1203.28ms
step:2293/3300 train_loss:3.35630 train_time:2759.101s step_avg:1203.27ms
step:2294/3300 train_loss:3.44445 train_time:2760.322s step_avg:1203.28ms
step:2295/3300 train_loss:3.41927 train_time:2761.532s step_avg:1203.28ms
step:2296/3300 train_loss:3.41710 train_time:2762.724s step_avg:1203.28ms
step:2297/3300 train_loss:3.39815 train_time:2763.921s step_avg:1203.27ms
step:2298/3300 train_loss:3.44437 train_time:2765.132s step_avg:1203.28ms
step:2299/3300 train_loss:3.43340 train_time:2766.323s step_avg:1203.27ms
step:2300/3300 train_loss:3.41838 train_time:2767.526s step_avg:1203.27ms
step:2301/3300 train_loss:3.44482 train_time:2768.724s step_avg:1203.27ms
step:2302/3300 train_loss:3.36003 train_time:2769.926s step_avg:1203.27ms
step:2303/3300 train_loss:3.39933 train_time:2771.126s step_avg:1203.27ms
step:2304/3300 train_loss:3.34927 train_time:2772.325s step_avg:1203.27ms
step:2305/3300 train_loss:3.42680 train_time:2773.525s step_avg:1203.26ms
step:2306/3300 train_loss:3.33794 train_time:2774.729s step_avg:1203.26ms
step:2307/3300 train_loss:3.42574 train_time:2775.928s step_avg:1203.26ms
step:2308/3300 train_loss:3.44795 train_time:2777.133s step_avg:1203.26ms
step:2309/3300 train_loss:3.45410 train_time:2778.368s step_avg:1203.28ms
step:2310/3300 train_loss:3.33193 train_time:2779.572s step_avg:1203.28ms
step:2311/3300 train_loss:3.39740 train_time:2780.767s step_avg:1203.27ms
step:2312/3300 train_loss:3.44190 train_time:2781.969s step_avg:1203.27ms
step:2313/3300 train_loss:3.39322 train_time:2783.168s step_avg:1203.27ms
step:2314/3300 train_loss:3.40068 train_time:2784.372s step_avg:1203.27ms
step:2315/3300 train_loss:3.40363 train_time:2785.568s step_avg:1203.27ms
step:2316/3300 train_loss:3.38841 train_time:2786.780s step_avg:1203.27ms
step:2317/3300 train_loss:3.39443 train_time:2787.979s step_avg:1203.27ms
step:2318/3300 train_loss:3.35249 train_time:2789.179s step_avg:1203.27ms
step:2319/3300 train_loss:3.47659 train_time:2790.377s step_avg:1203.27ms
step:2320/3300 train_loss:3.44323 train_time:2791.576s step_avg:1203.27ms
step:2321/3300 train_loss:3.43154 train_time:2792.777s step_avg:1203.26ms
step:2322/3300 train_loss:3.42318 train_time:2793.977s step_avg:1203.26ms
step:2323/3300 train_loss:3.36847 train_time:2795.176s step_avg:1203.26ms
step:2324/3300 train_loss:3.38457 train_time:2796.364s step_avg:1203.25ms
step:2325/3300 train_loss:3.33653 train_time:2797.565s step_avg:1203.25ms
step:2326/3300 train_loss:3.41338 train_time:2798.762s step_avg:1203.25ms
step:2327/3300 train_loss:3.37560 train_time:2799.974s step_avg:1203.25ms
step:2328/3300 train_loss:3.40246 train_time:2801.176s step_avg:1203.25ms
step:2329/3300 train_loss:3.56268 train_time:2802.372s step_avg:1203.25ms
step:2330/3300 train_loss:3.36189 train_time:2803.563s step_avg:1203.25ms
step:2331/3300 train_loss:3.43289 train_time:2804.765s step_avg:1203.25ms
step:2332/3300 train_loss:3.41133 train_time:2805.970s step_avg:1203.25ms
step:2333/3300 train_loss:3.46407 train_time:2807.175s step_avg:1203.25ms
step:2334/3300 train_loss:3.39764 train_time:2808.370s step_avg:1203.24ms
step:2335/3300 train_loss:3.37796 train_time:2809.570s step_avg:1203.24ms
step:2336/3300 train_loss:3.45638 train_time:2810.778s step_avg:1203.24ms
step:2337/3300 train_loss:3.38439 train_time:2811.971s step_avg:1203.24ms
step:2338/3300 train_loss:3.41543 train_time:2813.162s step_avg:1203.23ms
step:2339/3300 train_loss:3.41549 train_time:2814.365s step_avg:1203.23ms
step:2340/3300 train_loss:3.36919 train_time:2815.568s step_avg:1203.23ms
step:2341/3300 train_loss:3.40563 train_time:2816.778s step_avg:1203.24ms
step:2342/3300 train_loss:3.41353 train_time:2817.980s step_avg:1203.24ms
step:2343/3300 train_loss:3.40447 train_time:2819.181s step_avg:1203.24ms
step:2344/3300 train_loss:3.39880 train_time:2820.376s step_avg:1203.23ms
step:2345/3300 train_loss:3.40837 train_time:2821.569s step_avg:1203.23ms
step:2346/3300 train_loss:3.37342 train_time:2822.769s step_avg:1203.23ms
step:2347/3300 train_loss:3.47781 train_time:2823.970s step_avg:1203.23ms
step:2348/3300 train_loss:3.45365 train_time:2825.181s step_avg:1203.23ms
step:2349/3300 train_loss:3.40932 train_time:2826.392s step_avg:1203.23ms
step:2350/3300 train_loss:3.37665 train_time:2827.598s step_avg:1203.23ms
step:2351/3300 train_loss:3.36888 train_time:2828.791s step_avg:1203.23ms
step:2352/3300 train_loss:3.38109 train_time:2829.988s step_avg:1203.23ms
step:2353/3300 train_loss:3.48069 train_time:2831.180s step_avg:1203.22ms
step:2354/3300 train_loss:3.41700 train_time:2832.376s step_avg:1203.22ms
step:2355/3300 train_loss:3.33070 train_time:2833.569s step_avg:1203.21ms
step:2356/3300 train_loss:3.50225 train_time:2834.764s step_avg:1203.21ms
step:2357/3300 train_loss:3.39566 train_time:2835.960s step_avg:1203.21ms
step:2358/3300 train_loss:3.39594 train_time:2837.149s step_avg:1203.20ms
step:2359/3300 train_loss:3.37514 train_time:2838.344s step_avg:1203.20ms
step:2360/3300 train_loss:3.42216 train_time:2839.546s step_avg:1203.20ms
step:2361/3300 train_loss:3.41452 train_time:2840.743s step_avg:1203.19ms
step:2362/3300 train_loss:3.41397 train_time:2841.943s step_avg:1203.19ms
step:2363/3300 train_loss:3.41190 train_time:2843.145s step_avg:1203.19ms
step:2364/3300 train_loss:3.43653 train_time:2844.353s step_avg:1203.19ms
step:2365/3300 train_loss:3.37434 train_time:2845.551s step_avg:1203.19ms
step:2366/3300 train_loss:3.38470 train_time:2846.760s step_avg:1203.20ms
step:2367/3300 train_loss:3.49904 train_time:2847.954s step_avg:1203.19ms
step:2368/3300 train_loss:3.43939 train_time:2849.148s step_avg:1203.19ms
step:2369/3300 train_loss:3.41174 train_time:2850.355s step_avg:1203.19ms
step:2370/3300 train_loss:3.35241 train_time:2851.558s step_avg:1203.19ms
step:2371/3300 train_loss:3.43625 train_time:2852.749s step_avg:1203.18ms
step:2372/3300 train_loss:3.37984 train_time:2853.947s step_avg:1203.18ms
step:2373/3300 train_loss:3.47110 train_time:2855.142s step_avg:1203.18ms
step:2374/3300 train_loss:3.54660 train_time:2856.337s step_avg:1203.17ms
step:2375/3300 train_loss:3.35567 train_time:2857.527s step_avg:1203.17ms
step:2375/3300 val_loss:3.38964 train_time:2857.528s step_avg:1201.46ms
step:2376/3300 train_loss:3.39234 train_time:2858.717s step_avg:1203.16ms
step:2377/3300 train_loss:3.40485 train_time:2859.910s step_avg:1203.16ms
step:2378/3300 train_loss:3.38576 train_time:2861.106s step_avg:1203.16ms
step:2379/3300 train_loss:3.41707 train_time:2862.307s step_avg:1203.16ms
step:2380/3300 train_loss:3.35918 train_time:2863.506s step_avg:1203.15ms
step:2381/3300 train_loss:3.41771 train_time:2864.704s step_avg:1203.15ms
step:2382/3300 train_loss:3.42763 train_time:2865.906s step_avg:1203.15ms
step:2383/3300 train_loss:3.40806 train_time:2867.109s step_avg:1203.15ms
step:2384/3300 train_loss:3.37917 train_time:2868.313s step_avg:1203.15ms
step:2385/3300 train_loss:3.44777 train_time:2869.511s step_avg:1203.15ms
step:2386/3300 train_loss:3.38941 train_time:2870.708s step_avg:1203.15ms
step:2387/3300 train_loss:3.41587 train_time:2871.918s step_avg:1203.15ms
step:2388/3300 train_loss:3.38643 train_time:2873.109s step_avg:1203.14ms
step:2389/3300 train_loss:3.42810 train_time:2874.310s step_avg:1203.14ms
step:2390/3300 train_loss:3.38108 train_time:2875.512s step_avg:1203.14ms
step:2391/3300 train_loss:3.43774 train_time:2876.706s step_avg:1203.14ms
step:2392/3300 train_loss:3.36343 train_time:2877.908s step_avg:1203.14ms
step:2393/3300 train_loss:3.40195 train_time:2879.107s step_avg:1203.14ms
step:2394/3300 train_loss:3.44086 train_time:2880.306s step_avg:1203.14ms
step:2395/3300 train_loss:3.35074 train_time:2881.521s step_avg:1203.14ms
step:2396/3300 train_loss:3.41564 train_time:2882.715s step_avg:1203.14ms
step:2397/3300 train_loss:3.39910 train_time:2883.912s step_avg:1203.13ms
step:2398/3300 train_loss:3.38821 train_time:2885.119s step_avg:1203.14ms
step:2399/3300 train_loss:3.39121 train_time:2886.314s step_avg:1203.13ms
step:2400/3300 train_loss:3.35781 train_time:2887.511s step_avg:1203.13ms
step:2401/3300 train_loss:3.38780 train_time:2888.758s step_avg:1203.15ms
step:2402/3300 train_loss:3.41482 train_time:2889.948s step_avg:1203.14ms
step:2403/3300 train_loss:3.37041 train_time:2891.147s step_avg:1203.14ms
step:2404/3300 train_loss:3.49116 train_time:2892.350s step_avg:1203.14ms
step:2405/3300 train_loss:3.37216 train_time:2893.558s step_avg:1203.14ms
step:2406/3300 train_loss:3.52261 train_time:2894.763s step_avg:1203.14ms
step:2407/3300 train_loss:3.34829 train_time:2895.962s step_avg:1203.14ms
step:2408/3300 train_loss:3.38397 train_time:2897.154s step_avg:1203.14ms
step:2409/3300 train_loss:3.38810 train_time:2898.354s step_avg:1203.14ms
step:2410/3300 train_loss:3.43271 train_time:2899.556s step_avg:1203.14ms
step:2411/3300 train_loss:3.41938 train_time:2900.751s step_avg:1203.13ms
step:2412/3300 train_loss:3.37250 train_time:2901.965s step_avg:1203.14ms
step:2413/3300 train_loss:3.37445 train_time:2903.156s step_avg:1203.13ms
step:2414/3300 train_loss:3.46468 train_time:2904.370s step_avg:1203.14ms
step:2415/3300 train_loss:3.42787 train_time:2905.591s step_avg:1203.14ms
step:2416/3300 train_loss:3.37688 train_time:2906.802s step_avg:1203.15ms
step:2417/3300 train_loss:3.38875 train_time:2907.994s step_avg:1203.14ms
step:2418/3300 train_loss:3.41062 train_time:2909.193s step_avg:1203.14ms
step:2419/3300 train_loss:3.37098 train_time:2910.388s step_avg:1203.14ms
step:2420/3300 train_loss:3.39001 train_time:2911.591s step_avg:1203.14ms
step:2421/3300 train_loss:3.49189 train_time:2912.793s step_avg:1203.14ms
step:2422/3300 train_loss:3.47118 train_time:2913.991s step_avg:1203.13ms
step:2423/3300 train_loss:3.46172 train_time:2915.191s step_avg:1203.13ms
step:2424/3300 train_loss:3.42277 train_time:2916.392s step_avg:1203.13ms
step:2425/3300 train_loss:3.36746 train_time:2917.598s step_avg:1203.13ms
step:2426/3300 train_loss:3.31739 train_time:2918.790s step_avg:1203.13ms
step:2427/3300 train_loss:3.45078 train_time:2919.987s step_avg:1203.13ms
step:2428/3300 train_loss:3.38543 train_time:2921.183s step_avg:1203.12ms
step:2429/3300 train_loss:3.35461 train_time:2922.394s step_avg:1203.13ms
step:2430/3300 train_loss:3.41699 train_time:2923.597s step_avg:1203.13ms
step:2431/3300 train_loss:3.48045 train_time:2924.794s step_avg:1203.12ms
step:2432/3300 train_loss:3.41906 train_time:2925.994s step_avg:1203.12ms
step:2433/3300 train_loss:3.40004 train_time:2927.244s step_avg:1203.14ms
step:2434/3300 train_loss:3.38734 train_time:2928.431s step_avg:1203.14ms
step:2435/3300 train_loss:3.38182 train_time:2929.627s step_avg:1203.13ms
step:2436/3300 train_loss:3.39664 train_time:2930.825s step_avg:1203.13ms
step:2437/3300 train_loss:3.38416 train_time:2932.025s step_avg:1203.13ms
step:2438/3300 train_loss:3.39942 train_time:2933.224s step_avg:1203.13ms
step:2439/3300 train_loss:3.35753 train_time:2934.426s step_avg:1203.13ms
step:2440/3300 train_loss:3.39130 train_time:2935.624s step_avg:1203.12ms
step:2441/3300 train_loss:3.36230 train_time:2936.824s step_avg:1203.12ms
step:2442/3300 train_loss:3.43083 train_time:2938.017s step_avg:1203.12ms
step:2443/3300 train_loss:3.39880 train_time:2939.215s step_avg:1203.12ms
step:2444/3300 train_loss:3.32927 train_time:2940.414s step_avg:1203.12ms
step:2445/3300 train_loss:3.44879 train_time:2941.656s step_avg:1203.13ms
step:2446/3300 train_loss:3.37944 train_time:2942.850s step_avg:1203.13ms
step:2447/3300 train_loss:3.37738 train_time:2944.048s step_avg:1203.13ms
step:2448/3300 train_loss:3.45530 train_time:2945.249s step_avg:1203.12ms
step:2449/3300 train_loss:3.39935 train_time:2946.449s step_avg:1203.12ms
step:2450/3300 train_loss:3.42051 train_time:2947.654s step_avg:1203.12ms
step:2451/3300 train_loss:3.41384 train_time:2948.859s step_avg:1203.12ms
step:2452/3300 train_loss:3.43126 train_time:2950.057s step_avg:1203.12ms
step:2453/3300 train_loss:3.37422 train_time:2951.254s step_avg:1203.12ms
step:2454/3300 train_loss:3.44293 train_time:2952.502s step_avg:1203.14ms
step:2455/3300 train_loss:3.46496 train_time:2953.700s step_avg:1203.14ms
step:2456/3300 train_loss:3.33297 train_time:2954.896s step_avg:1203.13ms
step:2457/3300 train_loss:3.37912 train_time:2956.090s step_avg:1203.13ms
step:2458/3300 train_loss:3.51684 train_time:2957.291s step_avg:1203.13ms
step:2459/3300 train_loss:3.59250 train_time:2958.491s step_avg:1203.13ms
step:2460/3300 train_loss:3.40923 train_time:2959.692s step_avg:1203.13ms
step:2461/3300 train_loss:3.37873 train_time:2960.892s step_avg:1203.13ms
step:2462/3300 train_loss:3.43950 train_time:2962.093s step_avg:1203.12ms
step:2463/3300 train_loss:3.45207 train_time:2963.297s step_avg:1203.13ms
step:2464/3300 train_loss:3.47513 train_time:2964.495s step_avg:1203.12ms
step:2465/3300 train_loss:3.37595 train_time:2965.702s step_avg:1203.12ms
step:2466/3300 train_loss:3.41678 train_time:2966.911s step_avg:1203.13ms
step:2467/3300 train_loss:3.35467 train_time:2968.116s step_avg:1203.13ms
step:2468/3300 train_loss:3.41558 train_time:2969.317s step_avg:1203.13ms
step:2469/3300 train_loss:3.48914 train_time:2970.520s step_avg:1203.13ms
step:2470/3300 train_loss:3.39041 train_time:2971.733s step_avg:1203.13ms
step:2471/3300 train_loss:3.38612 train_time:2972.976s step_avg:1203.15ms
step:2472/3300 train_loss:3.38238 train_time:2974.204s step_avg:1203.16ms
step:2473/3300 train_loss:3.57157 train_time:2975.397s step_avg:1203.15ms
step:2474/3300 train_loss:3.42611 train_time:2976.600s step_avg:1203.15ms
step:2475/3300 train_loss:3.39069 train_time:2977.800s step_avg:1203.15ms
step:2476/3300 train_loss:3.37354 train_time:2978.998s step_avg:1203.15ms
step:2477/3300 train_loss:3.38608 train_time:2980.189s step_avg:1203.14ms
step:2478/3300 train_loss:3.39494 train_time:2981.379s step_avg:1203.14ms
step:2479/3300 train_loss:3.41776 train_time:2982.581s step_avg:1203.14ms
step:2480/3300 train_loss:3.34142 train_time:2983.781s step_avg:1203.14ms
step:2481/3300 train_loss:3.45201 train_time:2984.985s step_avg:1203.14ms
step:2482/3300 train_loss:3.36372 train_time:2986.175s step_avg:1203.13ms
step:2483/3300 train_loss:3.38647 train_time:2987.381s step_avg:1203.13ms
step:2484/3300 train_loss:3.45205 train_time:2988.586s step_avg:1203.13ms
step:2485/3300 train_loss:3.44759 train_time:2989.779s step_avg:1203.13ms
step:2486/3300 train_loss:3.39982 train_time:2990.977s step_avg:1203.13ms
step:2487/3300 train_loss:3.42281 train_time:2992.193s step_avg:1203.13ms
step:2488/3300 train_loss:3.37773 train_time:2993.399s step_avg:1203.13ms
step:2489/3300 train_loss:3.40360 train_time:2994.606s step_avg:1203.14ms
step:2490/3300 train_loss:3.41010 train_time:2995.804s step_avg:1203.13ms
step:2491/3300 train_loss:3.42774 train_time:2997.005s step_avg:1203.13ms
step:2492/3300 train_loss:3.36785 train_time:2998.198s step_avg:1203.13ms
step:2493/3300 train_loss:3.41671 train_time:2999.396s step_avg:1203.13ms
step:2494/3300 train_loss:3.41186 train_time:3000.601s step_avg:1203.13ms
step:2495/3300 train_loss:3.34567 train_time:3001.812s step_avg:1203.13ms
step:2496/3300 train_loss:3.37371 train_time:3003.036s step_avg:1203.14ms
step:2497/3300 train_loss:3.37644 train_time:3004.258s step_avg:1203.15ms
step:2498/3300 train_loss:3.34792 train_time:3005.457s step_avg:1203.15ms
step:2499/3300 train_loss:3.39042 train_time:3006.660s step_avg:1203.15ms
step:2500/3300 train_loss:3.33619 train_time:3007.855s step_avg:1203.14ms
step:2500/3300 val_loss:3.37322 train_time:3007.856s step_avg:1202.62ms
step:2501/3300 train_loss:3.35906 train_time:3009.056s step_avg:1203.14ms
step:2502/3300 train_loss:3.36668 train_time:3010.261s step_avg:1203.14ms
step:2503/3300 train_loss:3.37868 train_time:3011.459s step_avg:1203.14ms
step:2504/3300 train_loss:3.44025 train_time:3012.658s step_avg:1203.14ms
step:2505/3300 train_loss:3.39634 train_time:3013.864s step_avg:1203.14ms
step:2506/3300 train_loss:3.37719 train_time:3015.068s step_avg:1203.14ms
step:2507/3300 train_loss:3.43812 train_time:3016.291s step_avg:1203.15ms
step:2508/3300 train_loss:3.37734 train_time:3017.487s step_avg:1203.14ms
step:2509/3300 train_loss:3.46846 train_time:3018.684s step_avg:1203.14ms
step:2510/3300 train_loss:3.40554 train_time:3019.889s step_avg:1203.14ms
step:2511/3300 train_loss:3.40159 train_time:3021.091s step_avg:1203.14ms
step:2512/3300 train_loss:3.40693 train_time:3022.287s step_avg:1203.14ms
step:2513/3300 train_loss:3.37602 train_time:3023.487s step_avg:1203.14ms
step:2514/3300 train_loss:3.40843 train_time:3024.688s step_avg:1203.14ms
step:2515/3300 train_loss:3.33072 train_time:3025.892s step_avg:1203.14ms
step:2516/3300 train_loss:3.39679 train_time:3027.090s step_avg:1203.14ms
step:2517/3300 train_loss:3.37077 train_time:3028.300s step_avg:1203.14ms
step:2518/3300 train_loss:3.43243 train_time:3029.502s step_avg:1203.14ms
step:2519/3300 train_loss:3.42530 train_time:3030.706s step_avg:1203.14ms
step:2520/3300 train_loss:3.41959 train_time:3031.906s step_avg:1203.14ms
step:2521/3300 train_loss:3.42448 train_time:3033.105s step_avg:1203.14ms
step:2522/3300 train_loss:3.38646 train_time:3034.313s step_avg:1203.14ms
step:2523/3300 train_loss:3.34515 train_time:3035.512s step_avg:1203.14ms
step:2524/3300 train_loss:3.42416 train_time:3036.713s step_avg:1203.14ms
step:2525/3300 train_loss:3.35497 train_time:3037.911s step_avg:1203.13ms
step:2526/3300 train_loss:3.42288 train_time:3039.131s step_avg:1203.14ms
step:2527/3300 train_loss:3.38350 train_time:3040.337s step_avg:1203.14ms
step:2528/3300 train_loss:3.30245 train_time:3041.527s step_avg:1203.14ms
step:2529/3300 train_loss:3.41988 train_time:3042.727s step_avg:1203.13ms
step:2530/3300 train_loss:3.40793 train_time:3043.928s step_avg:1203.13ms
step:2531/3300 train_loss:3.40684 train_time:3045.130s step_avg:1203.13ms
step:2532/3300 train_loss:3.35618 train_time:3046.333s step_avg:1203.13ms
step:2533/3300 train_loss:3.38907 train_time:3047.531s step_avg:1203.13ms
step:2534/3300 train_loss:3.38814 train_time:3048.727s step_avg:1203.13ms
step:2535/3300 train_loss:3.38394 train_time:3049.932s step_avg:1203.13ms
step:2536/3300 train_loss:3.38534 train_time:3051.129s step_avg:1203.13ms
step:2537/3300 train_loss:3.32817 train_time:3052.321s step_avg:1203.12ms
step:2538/3300 train_loss:3.34254 train_time:3053.518s step_avg:1203.12ms
step:2539/3300 train_loss:3.37615 train_time:3054.731s step_avg:1203.12ms
step:2540/3300 train_loss:3.38972 train_time:3055.926s step_avg:1203.12ms
step:2541/3300 train_loss:3.37061 train_time:3057.145s step_avg:1203.13ms
step:2542/3300 train_loss:3.56534 train_time:3058.343s step_avg:1203.12ms
step:2543/3300 train_loss:3.59390 train_time:3059.557s step_avg:1203.13ms
step:2544/3300 train_loss:3.35963 train_time:3060.753s step_avg:1203.13ms
step:2545/3300 train_loss:3.36776 train_time:3061.950s step_avg:1203.12ms
step:2546/3300 train_loss:3.51663 train_time:3063.147s step_avg:1203.12ms
step:2547/3300 train_loss:3.37972 train_time:3064.359s step_avg:1203.12ms
step:2548/3300 train_loss:3.32868 train_time:3065.559s step_avg:1203.12ms
step:2549/3300 train_loss:3.42135 train_time:3066.758s step_avg:1203.12ms
step:2550/3300 train_loss:3.40555 train_time:3067.956s step_avg:1203.12ms
step:2551/3300 train_loss:3.36880 train_time:3069.150s step_avg:1203.12ms
step:2552/3300 train_loss:3.35924 train_time:3070.349s step_avg:1203.11ms
step:2553/3300 train_loss:3.42753 train_time:3071.553s step_avg:1203.11ms
step:2554/3300 train_loss:3.41401 train_time:3072.750s step_avg:1203.11ms
step:2555/3300 train_loss:3.34283 train_time:3073.955s step_avg:1203.11ms
step:2556/3300 train_loss:3.40457 train_time:3075.153s step_avg:1203.11ms
step:2557/3300 train_loss:3.38747 train_time:3076.352s step_avg:1203.11ms
step:2558/3300 train_loss:3.36219 train_time:3077.554s step_avg:1203.11ms
step:2559/3300 train_loss:3.35499 train_time:3078.749s step_avg:1203.11ms
step:2560/3300 train_loss:3.38865 train_time:3079.954s step_avg:1203.11ms
step:2561/3300 train_loss:3.41271 train_time:3081.149s step_avg:1203.10ms
step:2562/3300 train_loss:3.35469 train_time:3082.349s step_avg:1203.10ms
step:2563/3300 train_loss:3.45217 train_time:3083.550s step_avg:1203.10ms
step:2564/3300 train_loss:3.39626 train_time:3084.758s step_avg:1203.10ms
step:2565/3300 train_loss:3.33450 train_time:3085.958s step_avg:1203.10ms
step:2566/3300 train_loss:3.40417 train_time:3087.153s step_avg:1203.10ms
step:2567/3300 train_loss:3.41645 train_time:3088.338s step_avg:1203.09ms
step:2568/3300 train_loss:3.38615 train_time:3089.527s step_avg:1203.09ms
step:2569/3300 train_loss:3.34939 train_time:3090.726s step_avg:1203.09ms
step:2570/3300 train_loss:3.40705 train_time:3091.927s step_avg:1203.08ms
step:2571/3300 train_loss:3.34959 train_time:3093.122s step_avg:1203.08ms
step:2572/3300 train_loss:3.36231 train_time:3094.313s step_avg:1203.08ms
step:2573/3300 train_loss:3.32579 train_time:3095.515s step_avg:1203.08ms
step:2574/3300 train_loss:3.37027 train_time:3096.713s step_avg:1203.07ms
step:2575/3300 train_loss:3.36269 train_time:3097.916s step_avg:1203.07ms
step:2576/3300 train_loss:3.39767 train_time:3099.112s step_avg:1203.07ms
step:2577/3300 train_loss:3.36542 train_time:3100.317s step_avg:1203.07ms
step:2578/3300 train_loss:3.37113 train_time:3101.511s step_avg:1203.07ms
step:2579/3300 train_loss:3.31047 train_time:3102.710s step_avg:1203.07ms
step:2580/3300 train_loss:3.35241 train_time:3103.915s step_avg:1203.07ms
step:2581/3300 train_loss:3.43631 train_time:3105.111s step_avg:1203.07ms
step:2582/3300 train_loss:3.33504 train_time:3106.326s step_avg:1203.07ms
step:2583/3300 train_loss:3.42157 train_time:3107.555s step_avg:1203.08ms
step:2584/3300 train_loss:3.43902 train_time:3108.751s step_avg:1203.08ms
step:2585/3300 train_loss:3.41549 train_time:3109.948s step_avg:1203.07ms
step:2586/3300 train_loss:3.39921 train_time:3111.143s step_avg:1203.07ms
step:2587/3300 train_loss:3.37428 train_time:3112.336s step_avg:1203.07ms
step:2588/3300 train_loss:3.40127 train_time:3113.537s step_avg:1203.07ms
step:2589/3300 train_loss:3.31203 train_time:3114.735s step_avg:1203.06ms
step:2590/3300 train_loss:3.43657 train_time:3115.952s step_avg:1203.07ms
step:2591/3300 train_loss:3.42638 train_time:3117.152s step_avg:1203.07ms
step:2592/3300 train_loss:3.45188 train_time:3118.355s step_avg:1203.07ms
step:2593/3300 train_loss:3.38402 train_time:3119.552s step_avg:1203.07ms
step:2594/3300 train_loss:3.37584 train_time:3120.761s step_avg:1203.07ms
step:2595/3300 train_loss:3.41972 train_time:3121.954s step_avg:1203.07ms
step:2596/3300 train_loss:3.33095 train_time:3123.150s step_avg:1203.06ms
step:2597/3300 train_loss:3.46678 train_time:3124.356s step_avg:1203.06ms
step:2598/3300 train_loss:3.38068 train_time:3125.567s step_avg:1203.07ms
step:2599/3300 train_loss:3.33124 train_time:3126.769s step_avg:1203.07ms
step:2600/3300 train_loss:3.39220 train_time:3127.966s step_avg:1203.06ms
step:2601/3300 train_loss:3.32765 train_time:3129.161s step_avg:1203.06ms
step:2602/3300 train_loss:3.38213 train_time:3130.359s step_avg:1203.06ms
step:2603/3300 train_loss:3.40587 train_time:3131.550s step_avg:1203.05ms
step:2604/3300 train_loss:3.38764 train_time:3132.745s step_avg:1203.05ms
step:2605/3300 train_loss:3.35437 train_time:3133.947s step_avg:1203.05ms
step:2606/3300 train_loss:3.35073 train_time:3135.189s step_avg:1203.07ms
step:2607/3300 train_loss:3.33441 train_time:3136.397s step_avg:1203.07ms
step:2608/3300 train_loss:3.40541 train_time:3137.594s step_avg:1203.07ms
step:2609/3300 train_loss:3.38682 train_time:3138.793s step_avg:1203.06ms
step:2610/3300 train_loss:3.36634 train_time:3139.995s step_avg:1203.06ms
step:2611/3300 train_loss:3.33425 train_time:3141.198s step_avg:1203.06ms
step:2612/3300 train_loss:3.36079 train_time:3142.393s step_avg:1203.06ms
step:2613/3300 train_loss:3.37528 train_time:3143.588s step_avg:1203.06ms
step:2614/3300 train_loss:3.42813 train_time:3144.796s step_avg:1203.06ms
step:2615/3300 train_loss:3.31920 train_time:3145.998s step_avg:1203.06ms
step:2616/3300 train_loss:3.31912 train_time:3147.193s step_avg:1203.06ms
step:2617/3300 train_loss:3.40838 train_time:3148.394s step_avg:1203.05ms
step:2618/3300 train_loss:3.36801 train_time:3149.595s step_avg:1203.05ms
step:2619/3300 train_loss:3.37398 train_time:3150.798s step_avg:1203.05ms
step:2620/3300 train_loss:3.41922 train_time:3151.994s step_avg:1203.05ms
step:2621/3300 train_loss:3.37367 train_time:3153.194s step_avg:1203.05ms
step:2622/3300 train_loss:3.38059 train_time:3154.406s step_avg:1203.05ms
step:2623/3300 train_loss:3.38765 train_time:3155.604s step_avg:1203.05ms
step:2624/3300 train_loss:3.37407 train_time:3156.799s step_avg:1203.05ms
step:2625/3300 train_loss:3.34525 train_time:3158.005s step_avg:1203.05ms
step:2625/3300 val_loss:3.35550 train_time:3158.005s step_avg:1201.20ms
step:2626/3300 train_loss:3.39460 train_time:3159.202s step_avg:1203.05ms
step:2627/3300 train_loss:3.37515 train_time:3160.399s step_avg:1203.04ms
step:2628/3300 train_loss:3.41412 train_time:3161.591s step_avg:1203.04ms
step:2629/3300 train_loss:3.38858 train_time:3162.799s step_avg:1203.04ms
step:2630/3300 train_loss:3.36293 train_time:3164.002s step_avg:1203.04ms
step:2631/3300 train_loss:3.42483 train_time:3165.204s step_avg:1203.04ms
step:2632/3300 train_loss:3.33209 train_time:3166.408s step_avg:1203.04ms
step:2633/3300 train_loss:3.39906 train_time:3167.606s step_avg:1203.04ms
step:2634/3300 train_loss:3.30936 train_time:3168.808s step_avg:1203.04ms
step:2635/3300 train_loss:3.33351 train_time:3170.013s step_avg:1203.04ms
step:2636/3300 train_loss:3.36526 train_time:3171.225s step_avg:1203.04ms
step:2637/3300 train_loss:3.35697 train_time:3172.424s step_avg:1203.04ms
step:2638/3300 train_loss:3.39096 train_time:3173.621s step_avg:1203.04ms
step:2639/3300 train_loss:3.37644 train_time:3174.807s step_avg:1203.03ms
step:2640/3300 train_loss:3.42161 train_time:3176.003s step_avg:1203.03ms
step:2641/3300 train_loss:3.36224 train_time:3177.200s step_avg:1203.03ms
step:2642/3300 train_loss:3.32541 train_time:3178.410s step_avg:1203.03ms
step:2643/3300 train_loss:3.36159 train_time:3179.618s step_avg:1203.03ms
step:2644/3300 train_loss:3.36229 train_time:3180.813s step_avg:1203.03ms
step:2645/3300 train_loss:3.41155 train_time:3182.007s step_avg:1203.03ms
step:2646/3300 train_loss:3.35202 train_time:3183.210s step_avg:1203.03ms
step:2647/3300 train_loss:3.36111 train_time:3184.408s step_avg:1203.03ms
step:2648/3300 train_loss:3.38797 train_time:3185.608s step_avg:1203.02ms
step:2649/3300 train_loss:3.40543 train_time:3186.806s step_avg:1203.02ms
step:2650/3300 train_loss:3.40136 train_time:3188.011s step_avg:1203.02ms
step:2651/3300 train_loss:3.39706 train_time:3189.206s step_avg:1203.02ms
step:2652/3300 train_loss:3.37991 train_time:3190.403s step_avg:1203.02ms
step:2653/3300 train_loss:3.40779 train_time:3191.601s step_avg:1203.02ms
step:2654/3300 train_loss:3.40383 train_time:3192.806s step_avg:1203.02ms
step:2655/3300 train_loss:3.36904 train_time:3194.006s step_avg:1203.02ms
step:2656/3300 train_loss:3.38009 train_time:3195.206s step_avg:1203.01ms
step:2657/3300 train_loss:3.33219 train_time:3196.418s step_avg:1203.02ms
step:2658/3300 train_loss:3.35743 train_time:3197.616s step_avg:1203.02ms
step:2659/3300 train_loss:3.38166 train_time:3198.826s step_avg:1203.02ms
step:2660/3300 train_loss:3.35833 train_time:3200.041s step_avg:1203.02ms
step:2661/3300 train_loss:3.38005 train_time:3201.279s step_avg:1203.04ms
step:2662/3300 train_loss:3.36963 train_time:3202.469s step_avg:1203.03ms
step:2663/3300 train_loss:3.35870 train_time:3203.668s step_avg:1203.03ms
step:2664/3300 train_loss:3.33299 train_time:3204.868s step_avg:1203.03ms
step:2665/3300 train_loss:3.38625 train_time:3206.072s step_avg:1203.03ms
step:2666/3300 train_loss:3.40200 train_time:3207.290s step_avg:1203.03ms
step:2667/3300 train_loss:3.39947 train_time:3208.502s step_avg:1203.04ms
step:2668/3300 train_loss:3.35071 train_time:3209.691s step_avg:1203.03ms
step:2669/3300 train_loss:3.38227 train_time:3210.890s step_avg:1203.03ms
step:2670/3300 train_loss:3.34358 train_time:3212.090s step_avg:1203.03ms
step:2671/3300 train_loss:3.33270 train_time:3213.288s step_avg:1203.03ms
step:2672/3300 train_loss:3.30138 train_time:3214.484s step_avg:1203.03ms
step:2673/3300 train_loss:3.35259 train_time:3215.677s step_avg:1203.02ms
step:2674/3300 train_loss:3.36711 train_time:3216.871s step_avg:1203.02ms
step:2675/3300 train_loss:3.41443 train_time:3218.072s step_avg:1203.02ms
step:2676/3300 train_loss:3.33005 train_time:3219.284s step_avg:1203.02ms
step:2677/3300 train_loss:3.28025 train_time:3220.473s step_avg:1203.02ms
step:2678/3300 train_loss:3.41611 train_time:3221.675s step_avg:1203.02ms
step:2679/3300 train_loss:3.41481 train_time:3222.872s step_avg:1203.01ms
step:2680/3300 train_loss:3.31259 train_time:3224.073s step_avg:1203.01ms
step:2681/3300 train_loss:3.35365 train_time:3225.270s step_avg:1203.01ms
step:2682/3300 train_loss:3.40939 train_time:3226.469s step_avg:1203.01ms
step:2683/3300 train_loss:3.40330 train_time:3227.668s step_avg:1203.01ms
step:2684/3300 train_loss:3.44953 train_time:3228.865s step_avg:1203.00ms
step:2685/3300 train_loss:3.38536 train_time:3230.052s step_avg:1203.00ms
step:2686/3300 train_loss:3.34018 train_time:3231.252s step_avg:1203.00ms
step:2687/3300 train_loss:3.39096 train_time:3232.451s step_avg:1203.00ms
step:2688/3300 train_loss:3.35242 train_time:3233.648s step_avg:1202.99ms
step:2689/3300 train_loss:3.40026 train_time:3234.851s step_avg:1202.99ms
step:2690/3300 train_loss:3.37808 train_time:3236.052s step_avg:1202.99ms
step:2691/3300 train_loss:3.36485 train_time:3237.289s step_avg:1203.01ms
step:2692/3300 train_loss:3.41241 train_time:3238.496s step_avg:1203.01ms
step:2693/3300 train_loss:3.40565 train_time:3239.693s step_avg:1203.01ms
step:2694/3300 train_loss:3.33703 train_time:3240.892s step_avg:1203.00ms
step:2695/3300 train_loss:3.31906 train_time:3242.095s step_avg:1203.00ms
step:2696/3300 train_loss:3.46689 train_time:3243.292s step_avg:1203.00ms
step:2697/3300 train_loss:3.35056 train_time:3244.494s step_avg:1203.00ms
step:2698/3300 train_loss:3.27800 train_time:3245.697s step_avg:1203.00ms
step:2699/3300 train_loss:3.36376 train_time:3246.900s step_avg:1203.00ms
step:2700/3300 train_loss:3.37044 train_time:3248.115s step_avg:1203.01ms
step:2701/3300 train_loss:3.35549 train_time:3249.314s step_avg:1203.00ms
step:2702/3300 train_loss:3.35503 train_time:3250.518s step_avg:1203.00ms
step:2703/3300 train_loss:3.41199 train_time:3251.738s step_avg:1203.01ms
step:2704/3300 train_loss:3.35847 train_time:3252.941s step_avg:1203.01ms
step:2705/3300 train_loss:3.35620 train_time:3254.133s step_avg:1203.01ms
step:2706/3300 train_loss:3.37665 train_time:3255.333s step_avg:1203.01ms
step:2707/3300 train_loss:3.38981 train_time:3256.531s step_avg:1203.00ms
step:2708/3300 train_loss:3.34663 train_time:3257.735s step_avg:1203.00ms
step:2709/3300 train_loss:3.39637 train_time:3258.942s step_avg:1203.01ms
step:2710/3300 train_loss:3.32630 train_time:3260.140s step_avg:1203.00ms
step:2711/3300 train_loss:3.42322 train_time:3261.339s step_avg:1203.00ms
step:2712/3300 train_loss:3.36755 train_time:3262.533s step_avg:1203.00ms
step:2713/3300 train_loss:3.35016 train_time:3263.734s step_avg:1203.00ms
step:2714/3300 train_loss:3.35475 train_time:3264.934s step_avg:1203.00ms
step:2715/3300 train_loss:3.31296 train_time:3266.139s step_avg:1203.00ms
step:2716/3300 train_loss:3.34319 train_time:3267.361s step_avg:1203.00ms
step:2717/3300 train_loss:3.34499 train_time:3268.566s step_avg:1203.01ms
step:2718/3300 train_loss:3.40747 train_time:3269.760s step_avg:1203.00ms
step:2719/3300 train_loss:3.34844 train_time:3270.957s step_avg:1203.00ms
step:2720/3300 train_loss:3.36956 train_time:3272.162s step_avg:1203.00ms
step:2721/3300 train_loss:3.40364 train_time:3273.358s step_avg:1203.00ms
step:2722/3300 train_loss:3.48828 train_time:3274.559s step_avg:1203.00ms
step:2723/3300 train_loss:3.33682 train_time:3275.758s step_avg:1203.00ms
step:2724/3300 train_loss:3.36806 train_time:3276.962s step_avg:1203.00ms
step:2725/3300 train_loss:3.40524 train_time:3278.159s step_avg:1202.99ms
step:2726/3300 train_loss:3.35817 train_time:3279.361s step_avg:1202.99ms
step:2727/3300 train_loss:3.34444 train_time:3280.559s step_avg:1202.99ms
step:2728/3300 train_loss:3.37409 train_time:3281.760s step_avg:1202.99ms
step:2729/3300 train_loss:3.40149 train_time:3282.960s step_avg:1202.99ms
step:2730/3300 train_loss:3.40455 train_time:3284.159s step_avg:1202.99ms
step:2731/3300 train_loss:3.32863 train_time:3285.356s step_avg:1202.99ms
step:2732/3300 train_loss:3.31857 train_time:3286.555s step_avg:1202.98ms
step:2733/3300 train_loss:3.29147 train_time:3287.759s step_avg:1202.99ms
step:2734/3300 train_loss:3.34712 train_time:3288.991s step_avg:1203.00ms
step:2735/3300 train_loss:3.36129 train_time:3290.189s step_avg:1202.99ms
step:2736/3300 train_loss:3.35342 train_time:3291.379s step_avg:1202.99ms
step:2737/3300 train_loss:3.36436 train_time:3292.583s step_avg:1202.99ms
step:2738/3300 train_loss:3.33304 train_time:3293.780s step_avg:1202.99ms
step:2739/3300 train_loss:3.29969 train_time:3294.981s step_avg:1202.99ms
step:2740/3300 train_loss:3.36736 train_time:3296.191s step_avg:1202.99ms
step:2741/3300 train_loss:3.36405 train_time:3297.395s step_avg:1202.99ms
step:2742/3300 train_loss:3.39511 train_time:3298.598s step_avg:1202.99ms
step:2743/3300 train_loss:3.38545 train_time:3299.799s step_avg:1202.99ms
step:2744/3300 train_loss:3.41180 train_time:3300.998s step_avg:1202.99ms
step:2745/3300 train_loss:3.31408 train_time:3302.202s step_avg:1202.99ms
step:2746/3300 train_loss:3.36189 train_time:3303.400s step_avg:1202.99ms
step:2747/3300 train_loss:3.34232 train_time:3304.596s step_avg:1202.98ms
step:2748/3300 train_loss:3.37373 train_time:3305.796s step_avg:1202.98ms
step:2749/3300 train_loss:3.36312 train_time:3306.998s step_avg:1202.98ms
step:2750/3300 train_loss:3.37991 train_time:3308.202s step_avg:1202.98ms
step:2750/3300 val_loss:3.33911 train_time:3308.202s step_avg:1201.58ms
step:2751/3300 train_loss:3.33096 train_time:3309.411s step_avg:1202.98ms
step:2752/3300 train_loss:3.31148 train_time:3310.616s step_avg:1202.99ms
step:2753/3300 train_loss:3.32801 train_time:3311.814s step_avg:1202.98ms
step:2754/3300 train_loss:3.32700 train_time:3313.017s step_avg:1202.98ms
step:2755/3300 train_loss:3.29594 train_time:3314.217s step_avg:1202.98ms
step:2756/3300 train_loss:3.33290 train_time:3315.432s step_avg:1202.99ms
step:2757/3300 train_loss:3.42080 train_time:3316.623s step_avg:1202.98ms
step:2758/3300 train_loss:3.31813 train_time:3317.822s step_avg:1202.98ms
step:2759/3300 train_loss:3.34022 train_time:3319.037s step_avg:1202.99ms
step:2760/3300 train_loss:3.36810 train_time:3320.235s step_avg:1202.98ms
step:2761/3300 train_loss:3.36757 train_time:3321.481s step_avg:1203.00ms
step:2762/3300 train_loss:3.31495 train_time:3322.677s step_avg:1203.00ms
step:2763/3300 train_loss:3.36189 train_time:3323.877s step_avg:1203.00ms
step:2764/3300 train_loss:3.39625 train_time:3325.084s step_avg:1203.00ms
step:2765/3300 train_loss:3.33188 train_time:3326.281s step_avg:1203.00ms
step:2766/3300 train_loss:3.31979 train_time:3327.490s step_avg:1203.00ms
step:2767/3300 train_loss:3.34520 train_time:3328.716s step_avg:1203.01ms
step:2768/3300 train_loss:3.35574 train_time:3329.923s step_avg:1203.01ms
step:2769/3300 train_loss:3.32891 train_time:3331.121s step_avg:1203.01ms
step:2770/3300 train_loss:3.27286 train_time:3332.321s step_avg:1203.00ms
step:2771/3300 train_loss:3.46388 train_time:3333.553s step_avg:1203.01ms
step:2772/3300 train_loss:3.33023 train_time:3334.737s step_avg:1203.01ms
step:2773/3300 train_loss:3.31331 train_time:3335.936s step_avg:1203.01ms
step:2774/3300 train_loss:3.33231 train_time:3337.132s step_avg:1203.00ms
step:2775/3300 train_loss:3.36673 train_time:3338.324s step_avg:1203.00ms
step:2776/3300 train_loss:3.42037 train_time:3339.520s step_avg:1203.00ms
step:2777/3300 train_loss:3.41087 train_time:3340.719s step_avg:1203.00ms
step:2778/3300 train_loss:3.38579 train_time:3341.944s step_avg:1203.00ms
step:2779/3300 train_loss:3.35026 train_time:3343.143s step_avg:1203.00ms
step:2780/3300 train_loss:3.36462 train_time:3344.343s step_avg:1203.00ms
step:2781/3300 train_loss:3.32226 train_time:3345.541s step_avg:1203.00ms
step:2782/3300 train_loss:3.36757 train_time:3346.738s step_avg:1203.00ms
step:2783/3300 train_loss:3.36526 train_time:3347.938s step_avg:1203.00ms
step:2784/3300 train_loss:3.36814 train_time:3349.141s step_avg:1203.00ms
step:2785/3300 train_loss:3.32729 train_time:3350.344s step_avg:1203.00ms
step:2786/3300 train_loss:3.36811 train_time:3351.549s step_avg:1203.00ms
step:2787/3300 train_loss:3.37815 train_time:3352.746s step_avg:1202.99ms
step:2788/3300 train_loss:3.39177 train_time:3353.951s step_avg:1203.00ms
step:2789/3300 train_loss:3.39220 train_time:3355.146s step_avg:1202.99ms
step:2790/3300 train_loss:3.33716 train_time:3356.339s step_avg:1202.99ms
step:2791/3300 train_loss:3.31668 train_time:3357.542s step_avg:1202.99ms
step:2792/3300 train_loss:3.35919 train_time:3358.746s step_avg:1202.99ms
step:2793/3300 train_loss:3.42007 train_time:3359.955s step_avg:1202.99ms
step:2794/3300 train_loss:3.31878 train_time:3361.151s step_avg:1202.99ms
step:2795/3300 train_loss:3.41343 train_time:3362.348s step_avg:1202.99ms
step:2796/3300 train_loss:3.32210 train_time:3363.605s step_avg:1203.01ms
step:2797/3300 train_loss:3.36803 train_time:3364.814s step_avg:1203.01ms
step:2798/3300 train_loss:3.33765 train_time:3366.012s step_avg:1203.01ms
step:2799/3300 train_loss:3.36332 train_time:3367.205s step_avg:1203.00ms
step:2800/3300 train_loss:3.39442 train_time:3368.402s step_avg:1203.00ms
step:2801/3300 train_loss:3.37708 train_time:3369.602s step_avg:1203.00ms
step:2802/3300 train_loss:3.30800 train_time:3370.816s step_avg:1203.00ms
step:2803/3300 train_loss:3.39659 train_time:3372.008s step_avg:1203.00ms
step:2804/3300 train_loss:3.46049 train_time:3373.207s step_avg:1203.00ms
step:2805/3300 train_loss:3.32604 train_time:3374.406s step_avg:1203.00ms
step:2806/3300 train_loss:3.43363 train_time:3375.607s step_avg:1203.00ms
step:2807/3300 train_loss:3.38611 train_time:3376.807s step_avg:1202.99ms
step:2808/3300 train_loss:3.33805 train_time:3378.004s step_avg:1202.99ms
step:2809/3300 train_loss:3.38661 train_time:3379.202s step_avg:1202.99ms
step:2810/3300 train_loss:3.35201 train_time:3380.402s step_avg:1202.99ms
step:2811/3300 train_loss:3.38164 train_time:3381.610s step_avg:1202.99ms
step:2812/3300 train_loss:3.30446 train_time:3382.813s step_avg:1202.99ms
step:2813/3300 train_loss:3.39011 train_time:3384.043s step_avg:1203.00ms
step:2814/3300 train_loss:3.33836 train_time:3385.251s step_avg:1203.00ms
step:2815/3300 train_loss:3.25685 train_time:3386.447s step_avg:1203.00ms
step:2816/3300 train_loss:3.31136 train_time:3387.643s step_avg:1203.00ms
step:2817/3300 train_loss:3.36071 train_time:3388.845s step_avg:1203.00ms
step:2818/3300 train_loss:3.35838 train_time:3390.045s step_avg:1203.00ms
step:2819/3300 train_loss:3.36897 train_time:3391.257s step_avg:1203.00ms
step:2820/3300 train_loss:3.36619 train_time:3392.453s step_avg:1203.00ms
step:2821/3300 train_loss:3.39868 train_time:3393.648s step_avg:1202.99ms
step:2822/3300 train_loss:3.36257 train_time:3394.848s step_avg:1202.99ms
step:2823/3300 train_loss:3.33481 train_time:3396.048s step_avg:1202.99ms
step:2824/3300 train_loss:3.28572 train_time:3397.246s step_avg:1202.99ms
step:2825/3300 train_loss:3.37619 train_time:3398.444s step_avg:1202.99ms
step:2826/3300 train_loss:3.33644 train_time:3399.649s step_avg:1202.99ms
step:2827/3300 train_loss:3.35007 train_time:3400.857s step_avg:1202.99ms
step:2828/3300 train_loss:3.33911 train_time:3402.053s step_avg:1202.99ms
step:2829/3300 train_loss:3.34308 train_time:3403.245s step_avg:1202.99ms
step:2830/3300 train_loss:3.37237 train_time:3404.451s step_avg:1202.99ms
step:2831/3300 train_loss:3.36122 train_time:3405.648s step_avg:1202.98ms
step:2832/3300 train_loss:3.36631 train_time:3406.850s step_avg:1202.98ms
step:2833/3300 train_loss:3.45428 train_time:3408.047s step_avg:1202.98ms
step:2834/3300 train_loss:3.35014 train_time:3409.252s step_avg:1202.98ms
step:2835/3300 train_loss:3.39516 train_time:3410.454s step_avg:1202.98ms
step:2836/3300 train_loss:3.33358 train_time:3411.647s step_avg:1202.98ms
step:2837/3300 train_loss:3.33989 train_time:3412.846s step_avg:1202.98ms
step:2838/3300 train_loss:3.38101 train_time:3414.045s step_avg:1202.98ms
step:2839/3300 train_loss:3.36060 train_time:3415.247s step_avg:1202.98ms
step:2840/3300 train_loss:3.33324 train_time:3416.446s step_avg:1202.97ms
step:2841/3300 train_loss:3.36812 train_time:3417.649s step_avg:1202.97ms
step:2842/3300 train_loss:3.35434 train_time:3418.854s step_avg:1202.97ms
step:2843/3300 train_loss:3.35481 train_time:3420.057s step_avg:1202.97ms
step:2844/3300 train_loss:3.45039 train_time:3421.249s step_avg:1202.97ms
step:2845/3300 train_loss:3.31778 train_time:3422.461s step_avg:1202.97ms
step:2846/3300 train_loss:3.32012 train_time:3423.685s step_avg:1202.98ms
step:2847/3300 train_loss:3.33938 train_time:3424.886s step_avg:1202.98ms
step:2848/3300 train_loss:3.36726 train_time:3426.085s step_avg:1202.98ms
step:2849/3300 train_loss:3.32624 train_time:3427.283s step_avg:1202.98ms
step:2850/3300 train_loss:3.34797 train_time:3428.502s step_avg:1202.98ms
step:2851/3300 train_loss:3.29981 train_time:3429.732s step_avg:1202.99ms
step:2852/3300 train_loss:3.36090 train_time:3430.930s step_avg:1202.99ms
step:2853/3300 train_loss:3.31754 train_time:3432.132s step_avg:1202.99ms
step:2854/3300 train_loss:3.32535 train_time:3433.328s step_avg:1202.99ms
step:2855/3300 train_loss:3.37301 train_time:3434.526s step_avg:1202.99ms
step:2856/3300 train_loss:3.44100 train_time:3435.722s step_avg:1202.98ms
step:2857/3300 train_loss:3.35144 train_time:3436.914s step_avg:1202.98ms
step:2858/3300 train_loss:3.39061 train_time:3438.114s step_avg:1202.98ms
step:2859/3300 train_loss:3.33763 train_time:3439.324s step_avg:1202.98ms
step:2860/3300 train_loss:3.30297 train_time:3440.536s step_avg:1202.98ms
step:2861/3300 train_loss:3.42384 train_time:3441.733s step_avg:1202.98ms
step:2862/3300 train_loss:3.38657 train_time:3442.938s step_avg:1202.98ms
step:2863/3300 train_loss:3.39808 train_time:3444.129s step_avg:1202.98ms
step:2864/3300 train_loss:3.33128 train_time:3445.334s step_avg:1202.98ms
step:2865/3300 train_loss:3.37576 train_time:3446.534s step_avg:1202.98ms
step:2866/3300 train_loss:3.28842 train_time:3447.731s step_avg:1202.98ms
step:2867/3300 train_loss:3.32824 train_time:3448.939s step_avg:1202.98ms
step:2868/3300 train_loss:3.35877 train_time:3450.147s step_avg:1202.98ms
step:2869/3300 train_loss:3.32269 train_time:3451.356s step_avg:1202.98ms
step:2870/3300 train_loss:3.32820 train_time:3452.563s step_avg:1202.98ms
step:2871/3300 train_loss:3.32238 train_time:3453.764s step_avg:1202.98ms
step:2872/3300 train_loss:3.30142 train_time:3454.971s step_avg:1202.98ms
step:2873/3300 train_loss:3.25679 train_time:3456.169s step_avg:1202.98ms
step:2874/3300 train_loss:3.36724 train_time:3457.366s step_avg:1202.98ms
step:2875/3300 train_loss:3.40696 train_time:3458.568s step_avg:1202.98ms
step:2875/3300 val_loss:3.32297 train_time:3458.568s step_avg:1202.93ms
step:2876/3300 train_loss:3.34502 train_time:3459.766s step_avg:1202.98ms
step:2877/3300 train_loss:3.33544 train_time:3460.965s step_avg:1202.98ms
step:2878/3300 train_loss:3.37111 train_time:3462.161s step_avg:1202.97ms
step:2879/3300 train_loss:3.36106 train_time:3463.365s step_avg:1202.97ms
step:2880/3300 train_loss:3.32927 train_time:3464.569s step_avg:1202.98ms
step:2881/3300 train_loss:3.31315 train_time:3465.762s step_avg:1202.97ms
step:2882/3300 train_loss:3.38065 train_time:3466.958s step_avg:1202.97ms
step:2883/3300 train_loss:3.32187 train_time:3468.159s step_avg:1202.97ms
step:2884/3300 train_loss:3.34909 train_time:3469.356s step_avg:1202.97ms
step:2885/3300 train_loss:3.30748 train_time:3470.553s step_avg:1202.96ms
step:2886/3300 train_loss:3.35176 train_time:3471.770s step_avg:1202.97ms
step:2887/3300 train_loss:3.41438 train_time:3472.972s step_avg:1202.97ms
step:2888/3300 train_loss:3.40673 train_time:3474.174s step_avg:1202.97ms
step:2889/3300 train_loss:3.47731 train_time:3475.372s step_avg:1202.97ms
step:2890/3300 train_loss:3.30463 train_time:3476.570s step_avg:1202.97ms
step:2891/3300 train_loss:3.34125 train_time:3477.772s step_avg:1202.96ms
step:2892/3300 train_loss:3.27567 train_time:3478.966s step_avg:1202.96ms
step:2893/3300 train_loss:3.29398 train_time:3480.165s step_avg:1202.96ms
step:2894/3300 train_loss:3.32857 train_time:3481.368s step_avg:1202.96ms
step:2895/3300 train_loss:3.39879 train_time:3482.566s step_avg:1202.96ms
step:2896/3300 train_loss:3.38933 train_time:3483.764s step_avg:1202.96ms
step:2897/3300 train_loss:3.30638 train_time:3484.978s step_avg:1202.96ms
step:2898/3300 train_loss:3.55730 train_time:3486.179s step_avg:1202.96ms
step:2899/3300 train_loss:3.34200 train_time:3487.382s step_avg:1202.96ms
step:2900/3300 train_loss:3.35721 train_time:3488.577s step_avg:1202.96ms
step:2901/3300 train_loss:3.32029 train_time:3489.774s step_avg:1202.96ms
step:2902/3300 train_loss:3.41856 train_time:3490.967s step_avg:1202.95ms
step:2903/3300 train_loss:3.31743 train_time:3492.161s step_avg:1202.95ms
step:2904/3300 train_loss:3.37189 train_time:3493.384s step_avg:1202.96ms
step:2905/3300 train_loss:3.39397 train_time:3494.583s step_avg:1202.95ms
step:2906/3300 train_loss:3.34469 train_time:3495.780s step_avg:1202.95ms
step:2907/3300 train_loss:3.36220 train_time:3496.979s step_avg:1202.95ms
step:2908/3300 train_loss:3.37648 train_time:3498.179s step_avg:1202.95ms
step:2909/3300 train_loss:3.40149 train_time:3499.377s step_avg:1202.95ms
step:2910/3300 train_loss:3.34999 train_time:3500.573s step_avg:1202.95ms
step:2911/3300 train_loss:3.33345 train_time:3501.764s step_avg:1202.94ms
step:2912/3300 train_loss:3.30917 train_time:3502.973s step_avg:1202.94ms
step:2913/3300 train_loss:3.39322 train_time:3504.177s step_avg:1202.94ms
step:2914/3300 train_loss:3.35425 train_time:3505.375s step_avg:1202.94ms
step:2915/3300 train_loss:3.35548 train_time:3506.568s step_avg:1202.94ms
step:2916/3300 train_loss:3.33020 train_time:3507.767s step_avg:1202.94ms
step:2917/3300 train_loss:3.40226 train_time:3508.963s step_avg:1202.94ms
step:2918/3300 train_loss:3.23511 train_time:3510.165s step_avg:1202.94ms
step:2919/3300 train_loss:3.30031 train_time:3511.391s step_avg:1202.94ms
step:2920/3300 train_loss:3.27264 train_time:3512.595s step_avg:1202.94ms
step:2921/3300 train_loss:3.35619 train_time:3513.784s step_avg:1202.94ms
step:2922/3300 train_loss:3.48829 train_time:3514.991s step_avg:1202.94ms
step:2923/3300 train_loss:3.34631 train_time:3516.188s step_avg:1202.94ms
step:2924/3300 train_loss:3.30363 train_time:3517.387s step_avg:1202.94ms
step:2925/3300 train_loss:3.35064 train_time:3518.583s step_avg:1202.93ms
step:2926/3300 train_loss:3.35783 train_time:3519.786s step_avg:1202.93ms
step:2927/3300 train_loss:3.28749 train_time:3520.989s step_avg:1202.93ms
step:2928/3300 train_loss:3.38672 train_time:3522.193s step_avg:1202.93ms
step:2929/3300 train_loss:3.29600 train_time:3523.392s step_avg:1202.93ms
step:2930/3300 train_loss:3.40776 train_time:3524.588s step_avg:1202.93ms
step:2931/3300 train_loss:3.35906 train_time:3525.784s step_avg:1202.93ms
step:2932/3300 train_loss:3.35601 train_time:3526.988s step_avg:1202.93ms
step:2933/3300 train_loss:3.57685 train_time:3528.187s step_avg:1202.93ms
step:2934/3300 train_loss:3.33237 train_time:3529.386s step_avg:1202.93ms
step:2935/3300 train_loss:3.45408 train_time:3530.588s step_avg:1202.93ms
step:2936/3300 train_loss:3.38216 train_time:3531.787s step_avg:1202.92ms
step:2937/3300 train_loss:3.33077 train_time:3532.987s step_avg:1202.92ms
step:2938/3300 train_loss:3.36741 train_time:3534.188s step_avg:1202.92ms
step:2939/3300 train_loss:3.37622 train_time:3535.388s step_avg:1202.92ms
step:2940/3300 train_loss:3.30669 train_time:3536.586s step_avg:1202.92ms
step:2941/3300 train_loss:3.31318 train_time:3537.780s step_avg:1202.92ms
step:2942/3300 train_loss:3.27107 train_time:3538.979s step_avg:1202.92ms
step:2943/3300 train_loss:3.31380 train_time:3540.178s step_avg:1202.91ms
step:2944/3300 train_loss:3.26555 train_time:3541.371s step_avg:1202.91ms
step:2945/3300 train_loss:3.35197 train_time:3542.571s step_avg:1202.91ms
step:2946/3300 train_loss:3.33983 train_time:3543.767s step_avg:1202.91ms
step:2947/3300 train_loss:3.31478 train_time:3544.975s step_avg:1202.91ms
step:2948/3300 train_loss:3.36547 train_time:3546.183s step_avg:1202.91ms
step:2949/3300 train_loss:3.29926 train_time:3547.388s step_avg:1202.91ms
step:2950/3300 train_loss:3.31808 train_time:3548.584s step_avg:1202.91ms
step:2951/3300 train_loss:3.37155 train_time:3549.782s step_avg:1202.91ms
step:2952/3300 train_loss:3.28470 train_time:3550.984s step_avg:1202.91ms
step:2953/3300 train_loss:3.37058 train_time:3552.188s step_avg:1202.91ms
step:2954/3300 train_loss:3.35565 train_time:3553.389s step_avg:1202.91ms
step:2955/3300 train_loss:3.32829 train_time:3554.586s step_avg:1202.91ms
step:2956/3300 train_loss:3.32875 train_time:3555.798s step_avg:1202.91ms
step:2957/3300 train_loss:3.33818 train_time:3556.992s step_avg:1202.91ms
step:2958/3300 train_loss:3.35121 train_time:3558.188s step_avg:1202.90ms
step:2959/3300 train_loss:3.27022 train_time:3559.389s step_avg:1202.90ms
step:2960/3300 train_loss:3.31826 train_time:3560.587s step_avg:1202.90ms
step:2961/3300 train_loss:3.38992 train_time:3561.797s step_avg:1202.90ms
step:2962/3300 train_loss:3.29171 train_time:3562.990s step_avg:1202.90ms
step:2963/3300 train_loss:3.25968 train_time:3564.193s step_avg:1202.90ms
step:2964/3300 train_loss:3.28816 train_time:3565.387s step_avg:1202.90ms
step:2965/3300 train_loss:3.34433 train_time:3566.599s step_avg:1202.90ms
step:2966/3300 train_loss:3.28102 train_time:3567.796s step_avg:1202.90ms
step:2967/3300 train_loss:3.33733 train_time:3568.989s step_avg:1202.89ms
step:2968/3300 train_loss:3.32220 train_time:3570.193s step_avg:1202.90ms
step:2969/3300 train_loss:3.49315 train_time:3571.391s step_avg:1202.89ms
step:2970/3300 train_loss:3.32439 train_time:3572.592s step_avg:1202.89ms
step:2971/3300 train_loss:3.37698 train_time:3573.787s step_avg:1202.89ms
step:2972/3300 train_loss:3.29840 train_time:3574.985s step_avg:1202.89ms
step:2973/3300 train_loss:3.35382 train_time:3576.192s step_avg:1202.89ms
step:2974/3300 train_loss:3.25522 train_time:3577.387s step_avg:1202.89ms
step:2975/3300 train_loss:3.31808 train_time:3578.585s step_avg:1202.89ms
step:2976/3300 train_loss:3.32896 train_time:3579.782s step_avg:1202.88ms
step:2977/3300 train_loss:3.29985 train_time:3580.992s step_avg:1202.89ms
step:2978/3300 train_loss:3.39530 train_time:3582.196s step_avg:1202.89ms
step:2979/3300 train_loss:3.31819 train_time:3583.396s step_avg:1202.89ms
step:2980/3300 train_loss:3.36300 train_time:3584.589s step_avg:1202.88ms
step:2981/3300 train_loss:3.31622 train_time:3585.790s step_avg:1202.88ms
step:2982/3300 train_loss:3.37478 train_time:3586.989s step_avg:1202.88ms
step:2983/3300 train_loss:3.33279 train_time:3588.188s step_avg:1202.88ms
step:2984/3300 train_loss:3.36423 train_time:3589.388s step_avg:1202.88ms
step:2985/3300 train_loss:3.36716 train_time:3590.588s step_avg:1202.88ms
step:2986/3300 train_loss:3.35782 train_time:3591.788s step_avg:1202.88ms
step:2987/3300 train_loss:3.28262 train_time:3592.991s step_avg:1202.88ms
step:2988/3300 train_loss:3.24280 train_time:3594.195s step_avg:1202.88ms
step:2989/3300 train_loss:3.38904 train_time:3595.392s step_avg:1202.87ms
step:2990/3300 train_loss:3.34824 train_time:3596.606s step_avg:1202.88ms
step:2991/3300 train_loss:3.29657 train_time:3597.806s step_avg:1202.88ms
step:2992/3300 train_loss:3.30881 train_time:3599.005s step_avg:1202.88ms
step:2993/3300 train_loss:3.30590 train_time:3600.202s step_avg:1202.87ms
step:2994/3300 train_loss:3.29228 train_time:3601.407s step_avg:1202.87ms
step:2995/3300 train_loss:3.38020 train_time:3602.611s step_avg:1202.88ms
step:2996/3300 train_loss:3.26889 train_time:3603.812s step_avg:1202.87ms
step:2997/3300 train_loss:3.27723 train_time:3605.022s step_avg:1202.88ms
step:2998/3300 train_loss:3.34962 train_time:3606.217s step_avg:1202.87ms
step:2999/3300 train_loss:3.38466 train_time:3607.423s step_avg:1202.88ms
step:3000/3300 train_loss:3.34861 train_time:3608.622s step_avg:1202.87ms
step:3000/3300 val_loss:3.30714 train_time:3608.622s step_avg:1200.43ms
step:3001/3300 train_loss:3.31282 train_time:3609.819s step_avg:1202.87ms
step:3002/3300 train_loss:3.32040 train_time:3611.014s step_avg:1202.87ms
step:3003/3300 train_loss:3.30180 train_time:3612.212s step_avg:1202.87ms
step:3004/3300 train_loss:3.36165 train_time:3613.416s step_avg:1202.87ms
step:3005/3300 train_loss:3.32744 train_time:3614.665s step_avg:1202.88ms
step:3006/3300 train_loss:3.29130 train_time:3615.866s step_avg:1202.88ms
step:3007/3300 train_loss:3.30783 train_time:3617.069s step_avg:1202.88ms
step:3008/3300 train_loss:3.35981 train_time:3618.268s step_avg:1202.88ms
step:3009/3300 train_loss:3.29478 train_time:3619.467s step_avg:1202.88ms
step:3010/3300 train_loss:3.34326 train_time:3620.666s step_avg:1202.88ms
step:3011/3300 train_loss:3.34134 train_time:3621.865s step_avg:1202.88ms
step:3012/3300 train_loss:3.29925 train_time:3623.062s step_avg:1202.88ms
step:3013/3300 train_loss:3.37754 train_time:3624.254s step_avg:1202.87ms
step:3014/3300 train_loss:3.35596 train_time:3625.466s step_avg:1202.88ms
step:3015/3300 train_loss:3.33333 train_time:3626.655s step_avg:1202.87ms
step:3016/3300 train_loss:3.32275 train_time:3627.853s step_avg:1202.87ms
step:3017/3300 train_loss:3.32770 train_time:3629.050s step_avg:1202.87ms
step:3018/3300 train_loss:3.26722 train_time:3630.294s step_avg:1202.88ms
step:3019/3300 train_loss:3.33328 train_time:3631.495s step_avg:1202.88ms
step:3020/3300 train_loss:3.33600 train_time:3632.696s step_avg:1202.88ms
step:3021/3300 train_loss:3.28816 train_time:3633.895s step_avg:1202.88ms
step:3022/3300 train_loss:3.30731 train_time:3635.095s step_avg:1202.88ms
step:3023/3300 train_loss:3.26730 train_time:3636.295s step_avg:1202.88ms
step:3024/3300 train_loss:3.33287 train_time:3637.497s step_avg:1202.88ms
step:3025/3300 train_loss:3.32132 train_time:3638.696s step_avg:1202.87ms
step:3025/3300 val_loss:3.30341 train_time:3638.696s step_avg:1202.98ms
step:3026/3300 train_loss:3.27704 train_time:3639.892s step_avg:1202.87ms
step:3027/3300 train_loss:3.34191 train_time:3641.104s step_avg:1202.88ms
step:3028/3300 train_loss:3.24463 train_time:3642.313s step_avg:1202.88ms
step:3029/3300 train_loss:3.37681 train_time:3643.521s step_avg:1202.88ms
step:3030/3300 train_loss:3.21163 train_time:3644.720s step_avg:1202.88ms
step:3031/3300 train_loss:3.25778 train_time:3645.930s step_avg:1202.88ms
step:3032/3300 train_loss:3.35462 train_time:3647.137s step_avg:1202.88ms
step:3033/3300 train_loss:3.32144 train_time:3648.348s step_avg:1202.88ms
step:3034/3300 train_loss:3.28316 train_time:3649.540s step_avg:1202.88ms
step:3035/3300 train_loss:3.25340 train_time:3650.761s step_avg:1202.89ms
step:3036/3300 train_loss:3.30634 train_time:3651.968s step_avg:1202.89ms
step:3037/3300 train_loss:3.29295 train_time:3653.165s step_avg:1202.89ms
step:3038/3300 train_loss:3.29167 train_time:3654.362s step_avg:1202.88ms
step:3039/3300 train_loss:3.30581 train_time:3655.590s step_avg:1202.89ms
step:3040/3300 train_loss:3.33199 train_time:3656.780s step_avg:1202.89ms
step:3041/3300 train_loss:3.23740 train_time:3658.035s step_avg:1202.91ms
step:3042/3300 train_loss:3.26483 train_time:3659.242s step_avg:1202.91ms
step:3043/3300 train_loss:3.35300 train_time:3660.442s step_avg:1202.91ms
step:3044/3300 train_loss:3.41362 train_time:3661.640s step_avg:1202.90ms
step:3045/3300 train_loss:3.26364 train_time:3662.835s step_avg:1202.90ms
step:3046/3300 train_loss:3.27549 train_time:3664.035s step_avg:1202.90ms
step:3047/3300 train_loss:3.32380 train_time:3665.232s step_avg:1202.90ms
step:3048/3300 train_loss:3.26683 train_time:3666.440s step_avg:1202.90ms
step:3049/3300 train_loss:3.28566 train_time:3667.641s step_avg:1202.90ms
step:3050/3300 train_loss:3.30564 train_time:3668.840s step_avg:1202.90ms
step:3050/3300 val_loss:3.30057 train_time:3668.840s step_avg:1205.74ms
step:3051/3300 train_loss:3.26279 train_time:3670.041s step_avg:1202.90ms
step:3052/3300 train_loss:3.33137 train_time:3671.235s step_avg:1202.89ms
step:3053/3300 train_loss:3.30588 train_time:3672.433s step_avg:1202.89ms
step:3054/3300 train_loss:3.34629 train_time:3673.643s step_avg:1202.90ms
step:3055/3300 train_loss:3.36092 train_time:3674.850s step_avg:1202.90ms
step:3056/3300 train_loss:3.24161 train_time:3676.059s step_avg:1202.90ms
step:3057/3300 train_loss:3.30042 train_time:3677.256s step_avg:1202.90ms
step:3058/3300 train_loss:3.34357 train_time:3678.479s step_avg:1202.90ms
step:3059/3300 train_loss:3.37158 train_time:3679.679s step_avg:1202.90ms
step:3060/3300 train_loss:3.28191 train_time:3680.886s step_avg:1202.90ms
step:3061/3300 train_loss:3.32172 train_time:3682.088s step_avg:1202.90ms
step:3062/3300 train_loss:3.31181 train_time:3683.293s step_avg:1202.90ms
step:3063/3300 train_loss:3.35138 train_time:3684.513s step_avg:1202.91ms
step:3064/3300 train_loss:3.28445 train_time:3685.725s step_avg:1202.91ms
step:3065/3300 train_loss:3.32741 train_time:3686.929s step_avg:1202.91ms
step:3066/3300 train_loss:3.25737 train_time:3688.138s step_avg:1202.92ms
step:3067/3300 train_loss:3.25114 train_time:3689.344s step_avg:1202.92ms
step:3068/3300 train_loss:3.29991 train_time:3690.533s step_avg:1202.91ms
step:3069/3300 train_loss:3.33651 train_time:3691.737s step_avg:1202.91ms
step:3070/3300 train_loss:3.32649 train_time:3692.948s step_avg:1202.91ms
step:3071/3300 train_loss:3.35696 train_time:3694.153s step_avg:1202.92ms
step:3072/3300 train_loss:3.35143 train_time:3695.352s step_avg:1202.91ms
step:3073/3300 train_loss:3.26614 train_time:3696.554s step_avg:1202.91ms
step:3074/3300 train_loss:3.35582 train_time:3697.757s step_avg:1202.91ms
step:3075/3300 train_loss:3.28147 train_time:3698.954s step_avg:1202.91ms
step:3075/3300 val_loss:3.29776 train_time:3698.954s step_avg:1204.58ms
step:3076/3300 train_loss:3.34746 train_time:3700.153s step_avg:1202.91ms
step:3077/3300 train_loss:3.31800 train_time:3701.358s step_avg:1202.91ms
step:3078/3300 train_loss:3.38874 train_time:3702.550s step_avg:1202.91ms
step:3079/3300 train_loss:3.27193 train_time:3703.741s step_avg:1202.90ms
step:3080/3300 train_loss:3.33319 train_time:3704.939s step_avg:1202.90ms
step:3081/3300 train_loss:3.28355 train_time:3706.134s step_avg:1202.90ms
step:3082/3300 train_loss:3.28066 train_time:3707.336s step_avg:1202.90ms
step:3083/3300 train_loss:3.31958 train_time:3708.532s step_avg:1202.90ms
step:3084/3300 train_loss:3.29502 train_time:3709.729s step_avg:1202.90ms
step:3085/3300 train_loss:3.38850 train_time:3710.925s step_avg:1202.89ms
step:3086/3300 train_loss:3.30973 train_time:3712.121s step_avg:1202.89ms
step:3087/3300 train_loss:3.31254 train_time:3713.320s step_avg:1202.89ms
step:3088/3300 train_loss:3.30451 train_time:3714.535s step_avg:1202.89ms
step:3089/3300 train_loss:3.30403 train_time:3715.726s step_avg:1202.89ms
step:3090/3300 train_loss:3.34778 train_time:3716.935s step_avg:1202.89ms
step:3091/3300 train_loss:3.41776 train_time:3718.126s step_avg:1202.89ms
step:3092/3300 train_loss:3.34437 train_time:3719.325s step_avg:1202.89ms
step:3093/3300 train_loss:3.26552 train_time:3720.525s step_avg:1202.89ms
step:3094/3300 train_loss:3.33859 train_time:3721.751s step_avg:1202.89ms
step:3095/3300 train_loss:3.31995 train_time:3722.950s step_avg:1202.89ms
step:3096/3300 train_loss:3.31694 train_time:3724.169s step_avg:1202.90ms
step:3097/3300 train_loss:3.30158 train_time:3725.396s step_avg:1202.90ms
step:3098/3300 train_loss:3.25661 train_time:3726.600s step_avg:1202.91ms
step:3099/3300 train_loss:3.32768 train_time:3727.793s step_avg:1202.90ms
step:3100/3300 train_loss:3.24519 train_time:3728.990s step_avg:1202.90ms
step:3100/3300 val_loss:3.29494 train_time:3728.990s step_avg:1201.44ms
step:3101/3300 train_loss:3.29247 train_time:3730.183s step_avg:1202.90ms
step:3102/3300 train_loss:3.21889 train_time:3731.372s step_avg:1202.89ms
step:3103/3300 train_loss:3.34766 train_time:3732.576s step_avg:1202.89ms
step:3104/3300 train_loss:3.26475 train_time:3733.773s step_avg:1202.89ms
step:3105/3300 train_loss:3.29942 train_time:3734.969s step_avg:1202.89ms
step:3106/3300 train_loss:3.20349 train_time:3736.168s step_avg:1202.89ms
step:3107/3300 train_loss:3.18867 train_time:3737.371s step_avg:1202.89ms
step:3108/3300 train_loss:3.30177 train_time:3738.574s step_avg:1202.89ms
step:3109/3300 train_loss:3.29606 train_time:3739.771s step_avg:1202.89ms
step:3110/3300 train_loss:3.30858 train_time:3740.976s step_avg:1202.89ms
step:3111/3300 train_loss:3.24265 train_time:3742.177s step_avg:1202.89ms
step:3112/3300 train_loss:3.33922 train_time:3743.375s step_avg:1202.88ms
step:3113/3300 train_loss:3.25051 train_time:3744.619s step_avg:1202.90ms
step:3114/3300 train_loss:3.31826 train_time:3745.817s step_avg:1202.90ms
step:3115/3300 train_loss:3.32672 train_time:3747.013s step_avg:1202.89ms
step:3116/3300 train_loss:3.43285 train_time:3748.215s step_avg:1202.89ms
step:3117/3300 train_loss:3.28981 train_time:3749.412s step_avg:1202.89ms
step:3118/3300 train_loss:3.31016 train_time:3750.613s step_avg:1202.89ms
step:3119/3300 train_loss:3.30013 train_time:3751.810s step_avg:1202.89ms
step:3120/3300 train_loss:3.25252 train_time:3753.036s step_avg:1202.90ms
step:3121/3300 train_loss:3.35009 train_time:3754.234s step_avg:1202.89ms
step:3122/3300 train_loss:3.32147 train_time:3755.435s step_avg:1202.89ms
step:3123/3300 train_loss:3.31281 train_time:3756.653s step_avg:1202.90ms
step:3124/3300 train_loss:3.19220 train_time:3757.852s step_avg:1202.90ms
step:3125/3300 train_loss:3.31137 train_time:3759.048s step_avg:1202.90ms
step:3125/3300 val_loss:3.29230 train_time:3759.048s step_avg:1202.33ms
step:3126/3300 train_loss:3.25815 train_time:3760.260s step_avg:1202.90ms
step:3127/3300 train_loss:3.40834 train_time:3761.458s step_avg:1202.90ms
step:3128/3300 train_loss:3.30418 train_time:3762.659s step_avg:1202.90ms
step:3129/3300 train_loss:3.28137 train_time:3763.860s step_avg:1202.90ms
step:3130/3300 train_loss:3.30211 train_time:3765.075s step_avg:1202.90ms
step:3131/3300 train_loss:3.30647 train_time:3766.272s step_avg:1202.90ms
step:3132/3300 train_loss:3.24161 train_time:3767.476s step_avg:1202.90ms
step:3133/3300 train_loss:3.32058 train_time:3768.681s step_avg:1202.90ms
step:3134/3300 train_loss:3.27938 train_time:3769.883s step_avg:1202.90ms
step:3135/3300 train_loss:3.25790 train_time:3771.082s step_avg:1202.90ms
step:3136/3300 train_loss:3.28212 train_time:3772.278s step_avg:1202.89ms
step:3137/3300 train_loss:3.38223 train_time:3773.475s step_avg:1202.89ms
step:3138/3300 train_loss:3.29377 train_time:3774.673s step_avg:1202.89ms
step:3139/3300 train_loss:3.34309 train_time:3775.878s step_avg:1202.89ms
step:3140/3300 train_loss:3.33792 train_time:3777.074s step_avg:1202.89ms
step:3141/3300 train_loss:3.28916 train_time:3778.270s step_avg:1202.89ms
step:3142/3300 train_loss:3.30373 train_time:3779.462s step_avg:1202.88ms
step:3143/3300 train_loss:3.24817 train_time:3780.663s step_avg:1202.88ms
step:3144/3300 train_loss:3.34603 train_time:3781.863s step_avg:1202.88ms
step:3145/3300 train_loss:3.27067 train_time:3783.062s step_avg:1202.88ms
step:3146/3300 train_loss:3.33261 train_time:3784.264s step_avg:1202.88ms
step:3147/3300 train_loss:3.33154 train_time:3785.462s step_avg:1202.88ms
step:3148/3300 train_loss:3.31110 train_time:3786.668s step_avg:1202.88ms
step:3149/3300 train_loss:3.24591 train_time:3787.862s step_avg:1202.88ms
step:3150/3300 train_loss:3.29557 train_time:3789.071s step_avg:1202.88ms
step:3150/3300 val_loss:3.28956 train_time:3789.071s step_avg:1200.92ms
step:3151/3300 train_loss:3.28537 train_time:3790.264s step_avg:1202.88ms
step:3152/3300 train_loss:3.31581 train_time:3791.455s step_avg:1202.87ms
step:3153/3300 train_loss:3.31170 train_time:3792.655s step_avg:1202.87ms
step:3154/3300 train_loss:3.28149 train_time:3793.855s step_avg:1202.87ms
step:3155/3300 train_loss:3.30246 train_time:3795.052s step_avg:1202.87ms
step:3156/3300 train_loss:3.33278 train_time:3796.253s step_avg:1202.87ms
step:3157/3300 train_loss:3.28935 train_time:3797.452s step_avg:1202.87ms
step:3158/3300 train_loss:3.36719 train_time:3798.652s step_avg:1202.87ms
step:3159/3300 train_loss:3.29436 train_time:3799.873s step_avg:1202.87ms
step:3160/3300 train_loss:3.26197 train_time:3801.072s step_avg:1202.87ms
step:3161/3300 train_loss:3.27262 train_time:3802.279s step_avg:1202.87ms
step:3162/3300 train_loss:3.26844 train_time:3803.487s step_avg:1202.87ms
step:3163/3300 train_loss:3.22821 train_time:3804.684s step_avg:1202.87ms
step:3164/3300 train_loss:3.31724 train_time:3805.886s step_avg:1202.87ms
step:3165/3300 train_loss:3.29626 train_time:3807.080s step_avg:1202.87ms
step:3166/3300 train_loss:3.30395 train_time:3808.288s step_avg:1202.87ms
step:3167/3300 train_loss:3.28154 train_time:3809.489s step_avg:1202.87ms
step:3168/3300 train_loss:3.24682 train_time:3810.680s step_avg:1202.87ms
step:3169/3300 train_loss:3.33659 train_time:3811.877s step_avg:1202.86ms
step:3170/3300 train_loss:3.25374 train_time:3813.086s step_avg:1202.87ms
step:3171/3300 train_loss:3.34355 train_time:3814.281s step_avg:1202.86ms
step:3172/3300 train_loss:3.34104 train_time:3815.485s step_avg:1202.86ms
step:3173/3300 train_loss:3.29076 train_time:3816.682s step_avg:1202.86ms
step:3174/3300 train_loss:3.28582 train_time:3817.885s step_avg:1202.86ms
step:3175/3300 train_loss:3.33873 train_time:3819.105s step_avg:1202.87ms
step:3175/3300 val_loss:3.28728 train_time:3819.105s step_avg:1201.36ms
step:3176/3300 train_loss:3.30039 train_time:3820.308s step_avg:1202.87ms
step:3177/3300 train_loss:3.32508 train_time:3821.512s step_avg:1202.87ms
step:3178/3300 train_loss:3.37609 train_time:3822.705s step_avg:1202.86ms
step:3179/3300 train_loss:3.29224 train_time:3823.896s step_avg:1202.86ms
step:3180/3300 train_loss:3.26750 train_time:3825.087s step_avg:1202.86ms
step:3181/3300 train_loss:3.26078 train_time:3826.297s step_avg:1202.86ms
step:3182/3300 train_loss:3.24372 train_time:3827.501s step_avg:1202.86ms
step:3183/3300 train_loss:3.30156 train_time:3828.696s step_avg:1202.86ms
step:3184/3300 train_loss:3.28361 train_time:3829.899s step_avg:1202.86ms
step:3185/3300 train_loss:3.25076 train_time:3831.099s step_avg:1202.86ms
step:3186/3300 train_loss:3.31874 train_time:3832.298s step_avg:1202.86ms
step:3187/3300 train_loss:3.26915 train_time:3833.495s step_avg:1202.85ms
step:3188/3300 train_loss:3.30425 train_time:3834.697s step_avg:1202.85ms
step:3189/3300 train_loss:3.28733 train_time:3835.895s step_avg:1202.85ms
step:3190/3300 train_loss:3.29972 train_time:3837.095s step_avg:1202.85ms
step:3191/3300 train_loss:3.25205 train_time:3838.294s step_avg:1202.85ms
step:3192/3300 train_loss:3.33437 train_time:3839.487s step_avg:1202.85ms
step:3193/3300 train_loss:3.38138 train_time:3840.687s step_avg:1202.85ms
step:3194/3300 train_loss:3.35162 train_time:3841.887s step_avg:1202.84ms
step:3195/3300 train_loss:3.19685 train_time:3843.086s step_avg:1202.84ms
step:3196/3300 train_loss:3.47312 train_time:3844.289s step_avg:1202.84ms
step:3197/3300 train_loss:3.22421 train_time:3845.495s step_avg:1202.84ms
step:3198/3300 train_loss:3.30353 train_time:3846.701s step_avg:1202.85ms
step:3199/3300 train_loss:3.29193 train_time:3847.901s step_avg:1202.84ms
step:3200/3300 train_loss:3.26855 train_time:3849.102s step_avg:1202.84ms
step:3200/3300 val_loss:3.28498 train_time:3849.102s step_avg:1199.85ms
step:3201/3300 train_loss:3.30672 train_time:3850.302s step_avg:1202.84ms
step:3202/3300 train_loss:3.30465 train_time:3851.496s step_avg:1202.84ms
step:3203/3300 train_loss:3.25140 train_time:3852.710s step_avg:1202.84ms
step:3204/3300 train_loss:3.35818 train_time:3853.910s step_avg:1202.84ms
step:3205/3300 train_loss:3.37055 train_time:3855.115s step_avg:1202.84ms
step:3206/3300 train_loss:3.22604 train_time:3856.336s step_avg:1202.85ms
step:3207/3300 train_loss:3.32516 train_time:3857.539s step_avg:1202.85ms
step:3208/3300 train_loss:3.34322 train_time:3858.747s step_avg:1202.85ms
step:3209/3300 train_loss:3.26820 train_time:3859.938s step_avg:1202.85ms
step:3210/3300 train_loss:3.33942 train_time:3861.135s step_avg:1202.85ms
step:3211/3300 train_loss:3.25050 train_time:3862.358s step_avg:1202.85ms
step:3212/3300 train_loss:3.30145 train_time:3863.559s step_avg:1202.85ms
step:3213/3300 train_loss:3.32039 train_time:3864.772s step_avg:1202.85ms
step:3214/3300 train_loss:3.31568 train_time:3865.970s step_avg:1202.85ms
step:3215/3300 train_loss:3.25145 train_time:3867.159s step_avg:1202.85ms
step:3216/3300 train_loss:3.28479 train_time:3868.361s step_avg:1202.85ms
step:3217/3300 train_loss:3.30781 train_time:3869.556s step_avg:1202.85ms
step:3218/3300 train_loss:3.30407 train_time:3870.756s step_avg:1202.85ms
step:3219/3300 train_loss:3.33274 train_time:3871.956s step_avg:1202.84ms
step:3220/3300 train_loss:3.35090 train_time:3873.154s step_avg:1202.84ms
step:3221/3300 train_loss:3.29581 train_time:3874.367s step_avg:1202.85ms
step:3222/3300 train_loss:3.30268 train_time:3875.571s step_avg:1202.85ms
step:3223/3300 train_loss:3.27458 train_time:3876.773s step_avg:1202.85ms
step:3224/3300 train_loss:3.26227 train_time:3877.977s step_avg:1202.85ms
step:3225/3300 train_loss:3.26043 train_time:3879.174s step_avg:1202.84ms
step:3225/3300 val_loss:3.28306 train_time:3879.175s step_avg:1202.91ms
step:3226/3300 train_loss:3.28103 train_time:3880.380s step_avg:1202.85ms
step:3227/3300 train_loss:3.29022 train_time:3881.572s step_avg:1202.84ms
step:3228/3300 train_loss:3.29037 train_time:3882.773s step_avg:1202.84ms
step:3229/3300 train_loss:3.20861 train_time:3883.971s step_avg:1202.84ms
step:3230/3300 train_loss:3.30490 train_time:3885.179s step_avg:1202.84ms
step:3231/3300 train_loss:3.35161 train_time:3886.413s step_avg:1202.85ms
step:3232/3300 train_loss:3.26670 train_time:3887.620s step_avg:1202.85ms
step:3233/3300 train_loss:3.36788 train_time:3888.813s step_avg:1202.85ms
step:3234/3300 train_loss:3.21627 train_time:3890.019s step_avg:1202.85ms
step:3235/3300 train_loss:3.30977 train_time:3891.211s step_avg:1202.85ms
step:3236/3300 train_loss:3.33677 train_time:3892.411s step_avg:1202.85ms
step:3237/3300 train_loss:3.30576 train_time:3893.612s step_avg:1202.85ms
step:3238/3300 train_loss:3.28289 train_time:3894.822s step_avg:1202.85ms
step:3239/3300 train_loss:3.23557 train_time:3896.019s step_avg:1202.85ms
step:3240/3300 train_loss:3.30489 train_time:3897.224s step_avg:1202.85ms
step:3241/3300 train_loss:3.37240 train_time:3898.435s step_avg:1202.85ms
step:3242/3300 train_loss:3.33516 train_time:3899.648s step_avg:1202.85ms
step:3243/3300 train_loss:3.34191 train_time:3900.861s step_avg:1202.86ms
step:3244/3300 train_loss:3.34340 train_time:3902.055s step_avg:1202.85ms
step:3245/3300 train_loss:3.30507 train_time:3903.252s step_avg:1202.85ms
step:3246/3300 train_loss:3.31756 train_time:3904.460s step_avg:1202.85ms
step:3247/3300 train_loss:3.21591 train_time:3905.663s step_avg:1202.85ms
step:3248/3300 train_loss:3.21990 train_time:3906.857s step_avg:1202.85ms
step:3249/3300 train_loss:3.29960 train_time:3908.056s step_avg:1202.85ms
step:3250/3300 train_loss:3.30555 train_time:3909.288s step_avg:1202.86ms
step:3250/3300 val_loss:3.28148 train_time:3909.289s step_avg:1204.56ms
step:3251/3300 train_loss:3.28495 train_time:3910.485s step_avg:1202.86ms
step:3252/3300 train_loss:3.26610 train_time:3911.699s step_avg:1202.86ms
step:3253/3300 train_loss:3.33234 train_time:3912.904s step_avg:1202.86ms
step:3254/3300 train_loss:3.33033 train_time:3914.092s step_avg:1202.86ms
step:3255/3300 train_loss:3.30555 train_time:3915.291s step_avg:1202.85ms
step:3256/3300 train_loss:3.29107 train_time:3916.510s step_avg:1202.86ms
step:3257/3300 train_loss:3.30721 train_time:3917.711s step_avg:1202.86ms
step:3258/3300 train_loss:3.29138 train_time:3918.924s step_avg:1202.86ms
step:3259/3300 train_loss:3.33510 train_time:3920.113s step_avg:1202.86ms
step:3260/3300 train_loss:3.27864 train_time:3921.312s step_avg:1202.86ms
step:3261/3300 train_loss:3.29187 train_time:3922.514s step_avg:1202.86ms
step:3262/3300 train_loss:3.26177 train_time:3923.715s step_avg:1202.86ms
step:3263/3300 train_loss:3.41498 train_time:3924.914s step_avg:1202.85ms
step:3264/3300 train_loss:3.28466 train_time:3926.114s step_avg:1202.85ms
step:3265/3300 train_loss:3.34645 train_time:3927.315s step_avg:1202.85ms
step:3266/3300 train_loss:3.27405 train_time:3928.520s step_avg:1202.85ms
step:3267/3300 train_loss:3.35250 train_time:3929.715s step_avg:1202.85ms
step:3268/3300 train_loss:3.23199 train_time:3930.909s step_avg:1202.85ms
step:3269/3300 train_loss:3.34823 train_time:3932.112s step_avg:1202.85ms
step:3270/3300 train_loss:3.24264 train_time:3933.309s step_avg:1202.85ms
step:3271/3300 train_loss:3.29223 train_time:3934.505s step_avg:1202.84ms
step:3272/3300 train_loss:3.26651 train_time:3935.703s step_avg:1202.84ms
step:3273/3300 train_loss:3.29011 train_time:3936.896s step_avg:1202.84ms
step:3274/3300 train_loss:3.27321 train_time:3938.138s step_avg:1202.85ms
step:3275/3300 train_loss:3.27234 train_time:3939.336s step_avg:1202.85ms
step:3275/3300 val_loss:3.28025 train_time:3939.336s step_avg:1201.89ms
step:3276/3300 train_loss:3.25860 train_time:3940.540s step_avg:1202.85ms
step:3277/3300 train_loss:3.32385 train_time:3941.735s step_avg:1202.85ms
step:3278/3300 train_loss:3.24124 train_time:3942.940s step_avg:1202.85ms
step:3279/3300 train_loss:3.32355 train_time:3944.140s step_avg:1202.85ms
step:3280/3300 train_loss:3.21098 train_time:3945.343s step_avg:1202.85ms
step:3281/3300 train_loss:3.31305 train_time:3946.543s step_avg:1202.85ms
step:3282/3300 train_loss:3.28901 train_time:3947.739s step_avg:1202.85ms
step:3283/3300 train_loss:3.33778 train_time:3948.959s step_avg:1202.85ms
step:3284/3300 train_loss:3.24505 train_time:3950.155s step_avg:1202.85ms
step:3285/3300 train_loss:3.31876 train_time:3951.355s step_avg:1202.85ms
step:3286/3300 train_loss:3.25183 train_time:3952.556s step_avg:1202.85ms
step:3287/3300 train_loss:3.27722 train_time:3953.764s step_avg:1202.85ms
step:3288/3300 train_loss:3.36911 train_time:3954.983s step_avg:1202.85ms
step:3289/3300 train_loss:3.33203 train_time:3956.204s step_avg:1202.86ms
step:3290/3300 train_loss:3.20413 train_time:3957.420s step_avg:1202.86ms
step:3291/3300 train_loss:3.31680 train_time:3958.620s step_avg:1202.86ms
step:3292/3300 train_loss:3.29723 train_time:3959.828s step_avg:1202.86ms
step:3293/3300 train_loss:3.26941 train_time:3961.038s step_avg:1202.87ms
step:3294/3300 train_loss:3.33767 train_time:3962.235s step_avg:1202.86ms
step:3295/3300 train_loss:3.26137 train_time:3963.433s step_avg:1202.86ms
step:3296/3300 train_loss:3.29308 train_time:3964.641s step_avg:1202.86ms
step:3297/3300 train_loss:3.29372 train_time:3965.845s step_avg:1202.86ms
step:3298/3300 train_loss:3.26850 train_time:3967.046s step_avg:1202.86ms
step:3299/3300 train_loss:3.28110 train_time:3968.247s step_avg:1202.86ms
step:3300/3300 train_loss:3.28324 train_time:3969.443s step_avg:1202.86ms
step:3300/3300 val_loss:3.27970 train_time:3969.443s step_avg:1204.28ms
