logfile: ../../../../records/track_3_optimization/results/muonl_draft/runs/random5_h100_mainpdf_loss_only_20260727T145437Z/plain_muon/seed1892922382/raw/seed1892922382_plain_muon_lr0p035_mainpdf_h100_loss_only.txt
scheme:plain_muon opt_mode:plain rho:0.0 ns_steps:12 momentum:0.95 nesterov:True scale_ema_beta:0.9 interval:5
matrix_lr:0.035 matrix_weight_decay:0.025 weight_decay_mode:decoupled zero_init_trust_floor_scale:1.0
schedule_cooldown_frac:0.7 previous_muonl_experiment_cooldown_frac:0.7
seed:1892922382 train_steps:3300 schedule_steps:3300 diag_freq:250
batch_tokens:524288 train_microbatches:8 train_microbatch_sequences:64 val_tokens:10485760
save_log:True save_diag:False save_orscale_state:False orscale_state_freq:250
step:S val_loss is after S optimizer updates
step:0/3300 val_loss:10.82583 train_time:0.000s step_avg:nanms
step:1/3300 train_loss:10.82584 train_time:3.665s step_avg:3665.45ms
step:2/3300 train_loss:10.43253 train_time:4.780s step_avg:2390.13ms
step:3/3300 train_loss:9.08544 train_time:5.967s step_avg:1989.14ms
step:4/3300 train_loss:7.92585 train_time:7.164s step_avg:1791.10ms
step:5/3300 train_loss:7.29823 train_time:8.354s step_avg:1670.72ms
step:6/3300 train_loss:6.93850 train_time:9.552s step_avg:1592.04ms
step:7/3300 train_loss:6.91455 train_time:10.753s step_avg:1536.09ms
step:8/3300 train_loss:6.69905 train_time:11.952s step_avg:1494.00ms
step:9/3300 train_loss:6.75321 train_time:13.154s step_avg:1461.51ms
step:10/3300 train_loss:6.61855 train_time:14.359s step_avg:1435.86ms
step:11/3300 train_loss:6.59272 train_time:15.577s step_avg:1416.10ms
step:12/3300 train_loss:6.50215 train_time:16.782s step_avg:1398.46ms
step:13/3300 train_loss:6.45735 train_time:17.976s step_avg:1382.74ms
step:14/3300 train_loss:6.33105 train_time:19.193s step_avg:1370.92ms
step:15/3300 train_loss:6.34779 train_time:20.395s step_avg:1359.66ms
step:16/3300 train_loss:6.26580 train_time:21.594s step_avg:1349.59ms
step:17/3300 train_loss:6.27987 train_time:22.793s step_avg:1340.77ms
step:18/3300 train_loss:6.29236 train_time:24.027s step_avg:1334.83ms
step:19/3300 train_loss:6.28488 train_time:25.228s step_avg:1327.81ms
step:20/3300 train_loss:6.14321 train_time:26.431s step_avg:1321.53ms
step:21/3300 train_loss:6.16234 train_time:27.636s step_avg:1315.98ms
step:22/3300 train_loss:6.21309 train_time:28.835s step_avg:1310.67ms
step:23/3300 train_loss:6.05126 train_time:30.040s step_avg:1306.07ms
step:24/3300 train_loss:6.08627 train_time:31.238s step_avg:1301.57ms
step:25/3300 train_loss:6.00400 train_time:32.439s step_avg:1297.58ms
step:26/3300 train_loss:6.03288 train_time:33.641s step_avg:1293.87ms
step:27/3300 train_loss:5.99524 train_time:34.844s step_avg:1290.53ms
step:28/3300 train_loss:5.89620 train_time:36.047s step_avg:1287.40ms
step:29/3300 train_loss:6.00582 train_time:37.267s step_avg:1285.05ms
step:30/3300 train_loss:5.88812 train_time:38.475s step_avg:1282.49ms
step:31/3300 train_loss:5.93955 train_time:39.688s step_avg:1280.25ms
step:32/3300 train_loss:5.82527 train_time:40.887s step_avg:1277.71ms
step:33/3300 train_loss:5.82141 train_time:42.092s step_avg:1275.53ms
step:34/3300 train_loss:5.79437 train_time:43.306s step_avg:1273.71ms
step:35/3300 train_loss:5.84693 train_time:44.503s step_avg:1271.53ms
step:36/3300 train_loss:5.76561 train_time:45.700s step_avg:1269.43ms
step:37/3300 train_loss:5.79034 train_time:46.898s step_avg:1267.51ms
step:38/3300 train_loss:5.72955 train_time:48.095s step_avg:1265.66ms
step:39/3300 train_loss:5.74088 train_time:49.300s step_avg:1264.09ms
step:40/3300 train_loss:5.64085 train_time:50.497s step_avg:1262.42ms
step:41/3300 train_loss:5.66371 train_time:51.697s step_avg:1260.90ms
step:42/3300 train_loss:5.61275 train_time:52.898s step_avg:1259.47ms
step:43/3300 train_loss:5.68859 train_time:54.096s step_avg:1258.05ms
step:44/3300 train_loss:5.57332 train_time:55.299s step_avg:1256.80ms
step:45/3300 train_loss:5.54536 train_time:56.503s step_avg:1255.63ms
step:46/3300 train_loss:5.53867 train_time:57.701s step_avg:1254.37ms
step:47/3300 train_loss:5.52410 train_time:58.915s step_avg:1253.50ms
step:48/3300 train_loss:5.52419 train_time:60.128s step_avg:1252.67ms
step:49/3300 train_loss:5.48466 train_time:61.328s step_avg:1251.60ms
step:50/3300 train_loss:5.50966 train_time:62.531s step_avg:1250.61ms
step:51/3300 train_loss:5.43854 train_time:63.751s step_avg:1250.02ms
step:52/3300 train_loss:5.47217 train_time:64.948s step_avg:1249.00ms
step:53/3300 train_loss:5.44528 train_time:66.158s step_avg:1248.27ms
step:54/3300 train_loss:5.42298 train_time:67.374s step_avg:1247.68ms
step:55/3300 train_loss:5.39779 train_time:68.577s step_avg:1246.86ms
step:56/3300 train_loss:5.35982 train_time:69.782s step_avg:1246.11ms
step:57/3300 train_loss:5.33629 train_time:70.996s step_avg:1245.54ms
step:58/3300 train_loss:5.33591 train_time:72.201s step_avg:1244.84ms
step:59/3300 train_loss:5.30052 train_time:73.401s step_avg:1244.09ms
step:60/3300 train_loss:5.30520 train_time:74.599s step_avg:1243.32ms
step:61/3300 train_loss:5.28743 train_time:75.800s step_avg:1242.62ms
step:62/3300 train_loss:5.26769 train_time:76.998s step_avg:1241.90ms
step:63/3300 train_loss:5.22572 train_time:78.200s step_avg:1241.28ms
step:64/3300 train_loss:5.22678 train_time:79.399s step_avg:1240.61ms
step:65/3300 train_loss:5.19270 train_time:80.602s step_avg:1240.03ms
step:66/3300 train_loss:5.23132 train_time:81.800s step_avg:1239.39ms
step:67/3300 train_loss:5.18787 train_time:83.004s step_avg:1238.86ms
step:68/3300 train_loss:5.29957 train_time:84.217s step_avg:1238.49ms
step:69/3300 train_loss:5.19330 train_time:85.417s step_avg:1237.93ms
step:70/3300 train_loss:5.17789 train_time:86.621s step_avg:1237.44ms
step:71/3300 train_loss:5.14313 train_time:87.821s step_avg:1236.91ms
step:72/3300 train_loss:5.15024 train_time:89.020s step_avg:1236.39ms
step:73/3300 train_loss:5.12228 train_time:90.221s step_avg:1235.90ms
step:74/3300 train_loss:5.14245 train_time:91.421s step_avg:1235.41ms
step:75/3300 train_loss:5.11255 train_time:92.622s step_avg:1234.96ms
step:76/3300 train_loss:5.07027 train_time:93.826s step_avg:1234.55ms
step:77/3300 train_loss:5.14004 train_time:95.034s step_avg:1234.21ms
step:78/3300 train_loss:5.13191 train_time:96.238s step_avg:1233.82ms
step:79/3300 train_loss:4.94656 train_time:97.444s step_avg:1233.46ms
step:80/3300 train_loss:5.05405 train_time:98.640s step_avg:1233.00ms
step:81/3300 train_loss:4.99455 train_time:99.845s step_avg:1232.65ms
step:82/3300 train_loss:5.18885 train_time:101.089s step_avg:1232.79ms
step:83/3300 train_loss:5.06034 train_time:102.313s step_avg:1232.69ms
step:84/3300 train_loss:5.02536 train_time:103.516s step_avg:1232.34ms
step:85/3300 train_loss:4.97492 train_time:104.728s step_avg:1232.09ms
step:86/3300 train_loss:5.01470 train_time:105.924s step_avg:1231.68ms
step:87/3300 train_loss:5.00194 train_time:107.123s step_avg:1231.30ms
step:88/3300 train_loss:4.99905 train_time:108.327s step_avg:1230.99ms
step:89/3300 train_loss:4.99567 train_time:109.535s step_avg:1230.72ms
step:90/3300 train_loss:4.93851 train_time:110.739s step_avg:1230.43ms
step:91/3300 train_loss:4.96115 train_time:111.939s step_avg:1230.10ms
step:92/3300 train_loss:4.95313 train_time:113.146s step_avg:1229.84ms
step:93/3300 train_loss:4.92522 train_time:114.343s step_avg:1229.49ms
step:94/3300 train_loss:4.94679 train_time:115.560s step_avg:1229.36ms
step:95/3300 train_loss:4.91712 train_time:116.770s step_avg:1229.16ms
step:96/3300 train_loss:4.85213 train_time:117.963s step_avg:1228.78ms
step:97/3300 train_loss:4.96915 train_time:119.173s step_avg:1228.59ms
step:98/3300 train_loss:4.91200 train_time:120.368s step_avg:1228.25ms
step:99/3300 train_loss:4.88610 train_time:121.564s step_avg:1227.92ms
step:100/3300 train_loss:4.84431 train_time:122.763s step_avg:1227.63ms
step:101/3300 train_loss:4.81632 train_time:123.970s step_avg:1227.42ms
step:102/3300 train_loss:4.82593 train_time:125.169s step_avg:1227.15ms
step:103/3300 train_loss:4.84480 train_time:126.372s step_avg:1226.92ms
step:104/3300 train_loss:4.93436 train_time:127.578s step_avg:1226.71ms
step:105/3300 train_loss:4.85734 train_time:128.793s step_avg:1226.60ms
step:106/3300 train_loss:4.88547 train_time:129.990s step_avg:1226.32ms
step:107/3300 train_loss:4.84191 train_time:131.184s step_avg:1226.02ms
step:108/3300 train_loss:4.76521 train_time:132.382s step_avg:1225.76ms
step:109/3300 train_loss:4.83160 train_time:133.593s step_avg:1225.62ms
step:110/3300 train_loss:4.86844 train_time:134.783s step_avg:1225.30ms
step:111/3300 train_loss:4.77693 train_time:135.998s step_avg:1225.21ms
step:112/3300 train_loss:4.83015 train_time:137.205s step_avg:1225.04ms
step:113/3300 train_loss:4.85194 train_time:138.418s step_avg:1224.94ms
step:114/3300 train_loss:4.79364 train_time:139.621s step_avg:1224.74ms
step:115/3300 train_loss:4.81247 train_time:140.827s step_avg:1224.58ms
step:116/3300 train_loss:4.79435 train_time:142.028s step_avg:1224.38ms
step:117/3300 train_loss:4.75009 train_time:143.231s step_avg:1224.20ms
step:118/3300 train_loss:4.75817 train_time:144.426s step_avg:1223.95ms
step:119/3300 train_loss:4.73856 train_time:145.639s step_avg:1223.86ms
step:120/3300 train_loss:4.71752 train_time:146.843s step_avg:1223.69ms
step:121/3300 train_loss:4.71800 train_time:148.044s step_avg:1223.50ms
step:122/3300 train_loss:4.65490 train_time:149.242s step_avg:1223.29ms
step:123/3300 train_loss:4.71390 train_time:150.452s step_avg:1223.19ms
step:124/3300 train_loss:4.67654 train_time:151.642s step_avg:1222.92ms
step:125/3300 train_loss:4.69835 train_time:152.841s step_avg:1222.73ms
step:125/3300 val_loss:4.68648 train_time:152.842s step_avg:1222.73ms
step:126/3300 train_loss:4.66843 train_time:154.041s step_avg:1222.55ms
step:127/3300 train_loss:4.75321 train_time:155.233s step_avg:1222.31ms
step:128/3300 train_loss:4.67335 train_time:156.448s step_avg:1222.25ms
step:129/3300 train_loss:4.75295 train_time:157.645s step_avg:1222.05ms
step:130/3300 train_loss:4.60919 train_time:158.858s step_avg:1221.99ms
step:131/3300 train_loss:4.67380 train_time:160.051s step_avg:1221.76ms
step:132/3300 train_loss:4.65641 train_time:161.249s step_avg:1221.58ms
step:133/3300 train_loss:4.61317 train_time:162.453s step_avg:1221.45ms
step:134/3300 train_loss:4.62626 train_time:163.653s step_avg:1221.29ms
step:135/3300 train_loss:4.66396 train_time:164.852s step_avg:1221.13ms
step:136/3300 train_loss:4.58484 train_time:166.067s step_avg:1221.08ms
step:137/3300 train_loss:4.61430 train_time:167.280s step_avg:1221.02ms
step:138/3300 train_loss:4.62166 train_time:168.471s step_avg:1220.81ms
step:139/3300 train_loss:4.59796 train_time:169.673s step_avg:1220.67ms
step:140/3300 train_loss:4.63976 train_time:170.875s step_avg:1220.54ms
step:141/3300 train_loss:4.55094 train_time:172.075s step_avg:1220.39ms
step:142/3300 train_loss:4.65263 train_time:173.275s step_avg:1220.25ms
step:143/3300 train_loss:4.57634 train_time:174.474s step_avg:1220.10ms
step:144/3300 train_loss:4.59347 train_time:175.686s step_avg:1220.04ms
step:145/3300 train_loss:4.56578 train_time:176.904s step_avg:1220.02ms
step:146/3300 train_loss:4.48657 train_time:178.111s step_avg:1219.94ms
step:147/3300 train_loss:4.52054 train_time:179.324s step_avg:1219.89ms
step:148/3300 train_loss:4.55368 train_time:180.523s step_avg:1219.75ms
step:149/3300 train_loss:4.57432 train_time:181.724s step_avg:1219.63ms
step:150/3300 train_loss:4.55160 train_time:182.925s step_avg:1219.50ms
step:151/3300 train_loss:4.51950 train_time:184.126s step_avg:1219.38ms
step:152/3300 train_loss:4.42793 train_time:185.326s step_avg:1219.25ms
step:153/3300 train_loss:4.47220 train_time:186.535s step_avg:1219.18ms
step:154/3300 train_loss:4.49476 train_time:187.734s step_avg:1219.05ms
step:155/3300 train_loss:4.53824 train_time:188.944s step_avg:1218.99ms
step:156/3300 train_loss:4.53115 train_time:190.138s step_avg:1218.83ms
step:157/3300 train_loss:4.53668 train_time:191.334s step_avg:1218.69ms
step:158/3300 train_loss:4.44299 train_time:192.562s step_avg:1218.74ms
step:159/3300 train_loss:4.47130 train_time:193.755s step_avg:1218.58ms
step:160/3300 train_loss:4.45769 train_time:194.955s step_avg:1218.47ms
step:161/3300 train_loss:4.47758 train_time:196.154s step_avg:1218.35ms
step:162/3300 train_loss:4.47024 train_time:197.356s step_avg:1218.25ms
step:163/3300 train_loss:4.43598 train_time:198.567s step_avg:1218.20ms
step:164/3300 train_loss:4.46238 train_time:199.760s step_avg:1218.05ms
step:165/3300 train_loss:4.40981 train_time:200.968s step_avg:1217.99ms
step:166/3300 train_loss:4.45959 train_time:202.168s step_avg:1217.88ms
step:167/3300 train_loss:4.37818 train_time:203.371s step_avg:1217.79ms
step:168/3300 train_loss:4.40707 train_time:204.571s step_avg:1217.69ms
step:169/3300 train_loss:4.38001 train_time:205.775s step_avg:1217.61ms
step:170/3300 train_loss:4.35234 train_time:206.977s step_avg:1217.51ms
step:171/3300 train_loss:4.35566 train_time:208.206s step_avg:1217.58ms
step:172/3300 train_loss:4.43433 train_time:209.415s step_avg:1217.53ms
step:173/3300 train_loss:4.36158 train_time:210.646s step_avg:1217.61ms
step:174/3300 train_loss:4.41975 train_time:211.849s step_avg:1217.52ms
step:175/3300 train_loss:4.39399 train_time:213.053s step_avg:1217.45ms
step:176/3300 train_loss:4.36397 train_time:214.258s step_avg:1217.38ms
step:177/3300 train_loss:4.35804 train_time:215.460s step_avg:1217.29ms
step:178/3300 train_loss:4.37315 train_time:216.657s step_avg:1217.17ms
step:179/3300 train_loss:4.37975 train_time:217.864s step_avg:1217.12ms
step:180/3300 train_loss:4.34490 train_time:219.059s step_avg:1216.99ms
step:181/3300 train_loss:4.31690 train_time:220.258s step_avg:1216.89ms
step:182/3300 train_loss:4.35100 train_time:221.462s step_avg:1216.82ms
step:183/3300 train_loss:4.29451 train_time:222.656s step_avg:1216.70ms
step:184/3300 train_loss:4.36275 train_time:223.855s step_avg:1216.60ms
step:185/3300 train_loss:4.31362 train_time:225.054s step_avg:1216.51ms
step:186/3300 train_loss:4.30521 train_time:226.259s step_avg:1216.45ms
step:187/3300 train_loss:4.36806 train_time:227.457s step_avg:1216.35ms
step:188/3300 train_loss:4.34048 train_time:228.654s step_avg:1216.25ms
step:189/3300 train_loss:4.26103 train_time:229.853s step_avg:1216.15ms
step:190/3300 train_loss:4.30151 train_time:231.056s step_avg:1216.09ms
step:191/3300 train_loss:4.22439 train_time:232.390s step_avg:1216.70ms
step:192/3300 train_loss:4.34660 train_time:233.589s step_avg:1216.61ms
step:193/3300 train_loss:4.29153 train_time:234.787s step_avg:1216.51ms
step:194/3300 train_loss:4.35164 train_time:235.985s step_avg:1216.42ms
step:195/3300 train_loss:4.31664 train_time:237.178s step_avg:1216.30ms
step:196/3300 train_loss:4.34024 train_time:238.377s step_avg:1216.21ms
step:197/3300 train_loss:4.26206 train_time:239.579s step_avg:1216.14ms
step:198/3300 train_loss:4.30739 train_time:240.790s step_avg:1216.11ms
step:199/3300 train_loss:4.25553 train_time:241.989s step_avg:1216.03ms
step:200/3300 train_loss:4.44524 train_time:243.191s step_avg:1215.96ms
step:201/3300 train_loss:4.28839 train_time:244.391s step_avg:1215.88ms
step:202/3300 train_loss:4.28067 train_time:245.611s step_avg:1215.90ms
step:203/3300 train_loss:4.32514 train_time:246.809s step_avg:1215.81ms
step:204/3300 train_loss:4.28538 train_time:248.006s step_avg:1215.71ms
step:205/3300 train_loss:4.25410 train_time:249.203s step_avg:1215.62ms
step:206/3300 train_loss:4.22166 train_time:250.399s step_avg:1215.53ms
step:207/3300 train_loss:4.31056 train_time:251.609s step_avg:1215.50ms
step:208/3300 train_loss:4.26656 train_time:252.812s step_avg:1215.44ms
step:209/3300 train_loss:4.17982 train_time:254.015s step_avg:1215.38ms
step:210/3300 train_loss:4.27145 train_time:255.214s step_avg:1215.30ms
step:211/3300 train_loss:4.22725 train_time:256.420s step_avg:1215.26ms
step:212/3300 train_loss:4.23831 train_time:257.626s step_avg:1215.21ms
step:213/3300 train_loss:4.23519 train_time:258.819s step_avg:1215.11ms
step:214/3300 train_loss:4.23923 train_time:260.020s step_avg:1215.05ms
step:215/3300 train_loss:4.22193 train_time:261.234s step_avg:1215.04ms
step:216/3300 train_loss:4.19257 train_time:262.444s step_avg:1215.02ms
step:217/3300 train_loss:4.26411 train_time:263.643s step_avg:1214.94ms
step:218/3300 train_loss:4.19873 train_time:264.841s step_avg:1214.87ms
step:219/3300 train_loss:4.22039 train_time:266.047s step_avg:1214.83ms
step:220/3300 train_loss:4.19612 train_time:267.241s step_avg:1214.73ms
step:221/3300 train_loss:4.18206 train_time:268.439s step_avg:1214.66ms
step:222/3300 train_loss:4.17952 train_time:269.641s step_avg:1214.60ms
step:223/3300 train_loss:4.27225 train_time:270.839s step_avg:1214.52ms
step:224/3300 train_loss:4.23831 train_time:272.044s step_avg:1214.48ms
step:225/3300 train_loss:4.15685 train_time:273.242s step_avg:1214.41ms
step:226/3300 train_loss:4.17150 train_time:274.440s step_avg:1214.34ms
step:227/3300 train_loss:4.17387 train_time:275.642s step_avg:1214.28ms
step:228/3300 train_loss:4.22726 train_time:276.840s step_avg:1214.21ms
step:229/3300 train_loss:4.20924 train_time:278.043s step_avg:1214.16ms
step:230/3300 train_loss:4.14554 train_time:279.241s step_avg:1214.09ms
step:231/3300 train_loss:4.17147 train_time:280.441s step_avg:1214.03ms
step:232/3300 train_loss:4.14234 train_time:281.641s step_avg:1213.97ms
step:233/3300 train_loss:4.19306 train_time:282.840s step_avg:1213.91ms
step:234/3300 train_loss:4.19538 train_time:284.040s step_avg:1213.85ms
step:235/3300 train_loss:4.21751 train_time:285.240s step_avg:1213.79ms
step:236/3300 train_loss:4.21382 train_time:286.442s step_avg:1213.74ms
step:237/3300 train_loss:4.24397 train_time:287.641s step_avg:1213.68ms
step:238/3300 train_loss:4.20084 train_time:288.851s step_avg:1213.66ms
step:239/3300 train_loss:4.13870 train_time:290.043s step_avg:1213.57ms
step:240/3300 train_loss:4.15926 train_time:291.247s step_avg:1213.53ms
step:241/3300 train_loss:4.29802 train_time:292.446s step_avg:1213.47ms
step:242/3300 train_loss:4.24466 train_time:293.645s step_avg:1213.41ms
step:243/3300 train_loss:4.13245 train_time:294.844s step_avg:1213.35ms
step:244/3300 train_loss:4.20546 train_time:296.047s step_avg:1213.31ms
step:245/3300 train_loss:4.11537 train_time:297.251s step_avg:1213.27ms
step:246/3300 train_loss:4.14686 train_time:298.462s step_avg:1213.26ms
step:247/3300 train_loss:4.08600 train_time:299.661s step_avg:1213.20ms
step:248/3300 train_loss:4.14525 train_time:300.858s step_avg:1213.14ms
step:249/3300 train_loss:4.14304 train_time:302.060s step_avg:1213.09ms
step:250/3300 train_loss:4.09421 train_time:303.266s step_avg:1213.07ms
step:250/3300 val_loss:4.13125 train_time:303.266s step_avg:1203.40ms
step:251/3300 train_loss:4.17085 train_time:304.463s step_avg:1213.00ms
step:252/3300 train_loss:4.17733 train_time:305.659s step_avg:1212.93ms
step:253/3300 train_loss:4.13053 train_time:306.856s step_avg:1212.87ms
step:254/3300 train_loss:4.08905 train_time:308.058s step_avg:1212.83ms
step:255/3300 train_loss:4.16230 train_time:309.255s step_avg:1212.77ms
step:256/3300 train_loss:4.10848 train_time:310.452s step_avg:1212.70ms
step:257/3300 train_loss:4.12135 train_time:311.652s step_avg:1212.65ms
step:258/3300 train_loss:4.20444 train_time:312.852s step_avg:1212.61ms
step:259/3300 train_loss:4.09945 train_time:314.051s step_avg:1212.55ms
step:260/3300 train_loss:4.09305 train_time:315.250s step_avg:1212.50ms
step:261/3300 train_loss:4.08414 train_time:316.452s step_avg:1212.46ms
step:262/3300 train_loss:4.16054 train_time:317.653s step_avg:1212.42ms
step:263/3300 train_loss:4.12329 train_time:318.866s step_avg:1212.42ms
step:264/3300 train_loss:4.17399 train_time:320.067s step_avg:1212.38ms
step:265/3300 train_loss:4.03468 train_time:321.267s step_avg:1212.33ms
step:266/3300 train_loss:4.13827 train_time:322.468s step_avg:1212.28ms
step:267/3300 train_loss:4.07886 train_time:323.675s step_avg:1212.27ms
step:268/3300 train_loss:4.05863 train_time:324.897s step_avg:1212.30ms
step:269/3300 train_loss:4.10081 train_time:326.094s step_avg:1212.25ms
step:270/3300 train_loss:4.10241 train_time:327.295s step_avg:1212.20ms
step:271/3300 train_loss:4.14933 train_time:328.512s step_avg:1212.22ms
step:272/3300 train_loss:4.08228 train_time:329.720s step_avg:1212.20ms
step:273/3300 train_loss:4.11694 train_time:330.917s step_avg:1212.15ms
step:274/3300 train_loss:4.03477 train_time:332.117s step_avg:1212.11ms
step:275/3300 train_loss:4.10119 train_time:333.316s step_avg:1212.06ms
step:276/3300 train_loss:4.15338 train_time:334.517s step_avg:1212.02ms
step:277/3300 train_loss:4.05756 train_time:335.715s step_avg:1211.97ms
step:278/3300 train_loss:4.10128 train_time:336.914s step_avg:1211.92ms
step:279/3300 train_loss:4.03198 train_time:338.116s step_avg:1211.88ms
step:280/3300 train_loss:4.14916 train_time:339.325s step_avg:1211.87ms
step:281/3300 train_loss:4.11885 train_time:340.519s step_avg:1211.81ms
step:282/3300 train_loss:4.07740 train_time:341.726s step_avg:1211.79ms
step:283/3300 train_loss:4.09080 train_time:342.926s step_avg:1211.75ms
step:284/3300 train_loss:4.03363 train_time:344.124s step_avg:1211.71ms
step:285/3300 train_loss:4.12076 train_time:345.320s step_avg:1211.65ms
step:286/3300 train_loss:4.08963 train_time:346.514s step_avg:1211.59ms
step:287/3300 train_loss:4.05745 train_time:347.716s step_avg:1211.55ms
step:288/3300 train_loss:4.08398 train_time:348.919s step_avg:1211.52ms
step:289/3300 train_loss:4.07374 train_time:350.119s step_avg:1211.49ms
step:290/3300 train_loss:4.03935 train_time:351.321s step_avg:1211.45ms
step:291/3300 train_loss:4.04298 train_time:352.518s step_avg:1211.40ms
step:292/3300 train_loss:4.09681 train_time:353.724s step_avg:1211.38ms
step:293/3300 train_loss:4.03268 train_time:354.919s step_avg:1211.33ms
step:294/3300 train_loss:4.20850 train_time:356.122s step_avg:1211.30ms
step:295/3300 train_loss:4.04198 train_time:357.325s step_avg:1211.27ms
step:296/3300 train_loss:4.04100 train_time:358.521s step_avg:1211.22ms
step:297/3300 train_loss:4.05586 train_time:359.721s step_avg:1211.18ms
step:298/3300 train_loss:4.05712 train_time:360.923s step_avg:1211.15ms
step:299/3300 train_loss:4.02775 train_time:362.116s step_avg:1211.09ms
step:300/3300 train_loss:4.03835 train_time:363.308s step_avg:1211.03ms
step:301/3300 train_loss:4.08985 train_time:364.496s step_avg:1210.95ms
step:302/3300 train_loss:4.01667 train_time:365.694s step_avg:1210.91ms
step:303/3300 train_loss:4.05693 train_time:366.896s step_avg:1210.88ms
step:304/3300 train_loss:4.04610 train_time:368.102s step_avg:1210.86ms
step:305/3300 train_loss:4.06496 train_time:369.297s step_avg:1210.81ms
step:306/3300 train_loss:4.01491 train_time:370.493s step_avg:1210.76ms
step:307/3300 train_loss:4.05547 train_time:371.688s step_avg:1210.71ms
step:308/3300 train_loss:4.04182 train_time:372.875s step_avg:1210.63ms
step:309/3300 train_loss:4.05208 train_time:374.084s step_avg:1210.63ms
step:310/3300 train_loss:4.10641 train_time:375.278s step_avg:1210.57ms
step:311/3300 train_loss:4.08002 train_time:376.472s step_avg:1210.52ms
step:312/3300 train_loss:4.01306 train_time:377.664s step_avg:1210.46ms
step:313/3300 train_loss:4.06446 train_time:378.863s step_avg:1210.42ms
step:314/3300 train_loss:4.01748 train_time:380.058s step_avg:1210.37ms
step:315/3300 train_loss:3.98938 train_time:381.279s step_avg:1210.41ms
step:316/3300 train_loss:3.99889 train_time:382.476s step_avg:1210.37ms
step:317/3300 train_loss:3.99735 train_time:383.679s step_avg:1210.34ms
step:318/3300 train_loss:3.98895 train_time:384.889s step_avg:1210.34ms
step:319/3300 train_loss:4.04760 train_time:386.083s step_avg:1210.29ms
step:320/3300 train_loss:4.02455 train_time:387.282s step_avg:1210.26ms
step:321/3300 train_loss:4.04882 train_time:388.501s step_avg:1210.28ms
step:322/3300 train_loss:4.01059 train_time:389.714s step_avg:1210.29ms
step:323/3300 train_loss:4.05334 train_time:390.927s step_avg:1210.30ms
step:324/3300 train_loss:3.99269 train_time:392.118s step_avg:1210.24ms
step:325/3300 train_loss:4.08818 train_time:393.325s step_avg:1210.23ms
step:326/3300 train_loss:4.01597 train_time:394.531s step_avg:1210.22ms
step:327/3300 train_loss:4.14719 train_time:395.717s step_avg:1210.14ms
step:328/3300 train_loss:4.06529 train_time:396.911s step_avg:1210.09ms
step:329/3300 train_loss:4.03199 train_time:398.099s step_avg:1210.03ms
step:330/3300 train_loss:3.95993 train_time:399.294s step_avg:1209.98ms
step:331/3300 train_loss:4.06680 train_time:400.482s step_avg:1209.91ms
step:332/3300 train_loss:3.98000 train_time:401.676s step_avg:1209.87ms
step:333/3300 train_loss:3.95033 train_time:402.875s step_avg:1209.84ms
step:334/3300 train_loss:3.98636 train_time:404.084s step_avg:1209.83ms
step:335/3300 train_loss:4.07153 train_time:405.279s step_avg:1209.79ms
step:336/3300 train_loss:4.02934 train_time:406.472s step_avg:1209.74ms
step:337/3300 train_loss:4.30469 train_time:407.659s step_avg:1209.67ms
step:338/3300 train_loss:3.99709 train_time:408.853s step_avg:1209.62ms
step:339/3300 train_loss:3.97063 train_time:410.047s step_avg:1209.58ms
step:340/3300 train_loss:3.97260 train_time:411.237s step_avg:1209.52ms
step:341/3300 train_loss:4.00063 train_time:412.433s step_avg:1209.48ms
step:342/3300 train_loss:3.98490 train_time:413.624s step_avg:1209.43ms
step:343/3300 train_loss:4.05880 train_time:414.830s step_avg:1209.42ms
step:344/3300 train_loss:3.99033 train_time:416.032s step_avg:1209.40ms
step:345/3300 train_loss:3.95699 train_time:417.226s step_avg:1209.35ms
step:346/3300 train_loss:3.96974 train_time:418.432s step_avg:1209.34ms
step:347/3300 train_loss:3.96907 train_time:419.645s step_avg:1209.35ms
step:348/3300 train_loss:4.00200 train_time:420.847s step_avg:1209.33ms
step:349/3300 train_loss:3.93400 train_time:422.058s step_avg:1209.34ms
step:350/3300 train_loss:3.92033 train_time:423.271s step_avg:1209.35ms
step:351/3300 train_loss:3.91225 train_time:424.464s step_avg:1209.30ms
step:352/3300 train_loss:4.02947 train_time:425.664s step_avg:1209.27ms
step:353/3300 train_loss:3.93222 train_time:426.866s step_avg:1209.25ms
step:354/3300 train_loss:3.92423 train_time:428.070s step_avg:1209.24ms
step:355/3300 train_loss:4.00627 train_time:429.265s step_avg:1209.20ms
step:356/3300 train_loss:3.92389 train_time:430.465s step_avg:1209.17ms
step:357/3300 train_loss:4.00627 train_time:431.673s step_avg:1209.17ms
step:358/3300 train_loss:3.99390 train_time:432.869s step_avg:1209.13ms
step:359/3300 train_loss:3.91202 train_time:434.097s step_avg:1209.18ms
step:360/3300 train_loss:3.91398 train_time:435.287s step_avg:1209.13ms
step:361/3300 train_loss:4.02430 train_time:436.488s step_avg:1209.11ms
step:362/3300 train_loss:3.96864 train_time:437.689s step_avg:1209.09ms
step:363/3300 train_loss:3.94127 train_time:438.892s step_avg:1209.07ms
step:364/3300 train_loss:3.96076 train_time:440.086s step_avg:1209.03ms
step:365/3300 train_loss:4.00384 train_time:441.289s step_avg:1209.01ms
step:366/3300 train_loss:3.94984 train_time:442.485s step_avg:1208.98ms
step:367/3300 train_loss:3.98871 train_time:443.692s step_avg:1208.97ms
step:368/3300 train_loss:3.97127 train_time:444.887s step_avg:1208.93ms
step:369/3300 train_loss:3.96801 train_time:446.086s step_avg:1208.91ms
step:370/3300 train_loss:3.94233 train_time:447.287s step_avg:1208.88ms
step:371/3300 train_loss:3.97347 train_time:448.485s step_avg:1208.86ms
step:372/3300 train_loss:3.95512 train_time:449.685s step_avg:1208.83ms
step:373/3300 train_loss:3.98006 train_time:450.884s step_avg:1208.80ms
step:374/3300 train_loss:4.00246 train_time:452.082s step_avg:1208.78ms
step:375/3300 train_loss:3.97359 train_time:453.287s step_avg:1208.77ms
step:375/3300 val_loss:3.94005 train_time:453.287s step_avg:1200.16ms
step:376/3300 train_loss:4.06253 train_time:454.485s step_avg:1208.74ms
step:377/3300 train_loss:3.85928 train_time:455.699s step_avg:1208.75ms
step:378/3300 train_loss:3.97151 train_time:456.889s step_avg:1208.70ms
step:379/3300 train_loss:3.96636 train_time:458.083s step_avg:1208.66ms
step:380/3300 train_loss:3.92893 train_time:459.272s step_avg:1208.61ms
step:381/3300 train_loss:4.00288 train_time:460.539s step_avg:1208.76ms
step:382/3300 train_loss:3.92249 train_time:461.732s step_avg:1208.72ms
step:383/3300 train_loss:3.94146 train_time:462.945s step_avg:1208.73ms
step:384/3300 train_loss:3.93162 train_time:464.165s step_avg:1208.76ms
step:385/3300 train_loss:3.96342 train_time:465.377s step_avg:1208.77ms
step:386/3300 train_loss:3.95736 train_time:466.609s step_avg:1208.83ms
step:387/3300 train_loss:3.97746 train_time:467.809s step_avg:1208.81ms
step:388/3300 train_loss:3.96123 train_time:469.002s step_avg:1208.77ms
step:389/3300 train_loss:3.90929 train_time:470.211s step_avg:1208.77ms
step:390/3300 train_loss:3.96140 train_time:471.417s step_avg:1208.76ms
step:391/3300 train_loss:3.89297 train_time:472.622s step_avg:1208.75ms
step:392/3300 train_loss:3.94145 train_time:473.822s step_avg:1208.73ms
step:393/3300 train_loss:3.97553 train_time:475.031s step_avg:1208.73ms
step:394/3300 train_loss:3.96788 train_time:476.236s step_avg:1208.72ms
step:395/3300 train_loss:3.89018 train_time:477.436s step_avg:1208.70ms
step:396/3300 train_loss:3.80698 train_time:478.637s step_avg:1208.68ms
step:397/3300 train_loss:3.99824 train_time:479.836s step_avg:1208.65ms
step:398/3300 train_loss:3.93192 train_time:481.040s step_avg:1208.64ms
step:399/3300 train_loss:3.88448 train_time:482.247s step_avg:1208.64ms
step:400/3300 train_loss:3.96932 train_time:483.444s step_avg:1208.61ms
step:401/3300 train_loss:3.91613 train_time:484.640s step_avg:1208.58ms
step:402/3300 train_loss:3.93289 train_time:485.839s step_avg:1208.55ms
step:403/3300 train_loss:3.94185 train_time:487.039s step_avg:1208.53ms
step:404/3300 train_loss:3.91737 train_time:488.238s step_avg:1208.51ms
step:405/3300 train_loss:3.97669 train_time:489.439s step_avg:1208.49ms
step:406/3300 train_loss:3.94269 train_time:490.642s step_avg:1208.48ms
step:407/3300 train_loss:4.03977 train_time:491.845s step_avg:1208.46ms
step:408/3300 train_loss:3.95690 train_time:493.035s step_avg:1208.42ms
step:409/3300 train_loss:3.90817 train_time:494.235s step_avg:1208.40ms
step:410/3300 train_loss:3.91864 train_time:495.436s step_avg:1208.38ms
step:411/3300 train_loss:3.89847 train_time:496.635s step_avg:1208.36ms
step:412/3300 train_loss:3.98767 train_time:497.834s step_avg:1208.33ms
step:413/3300 train_loss:3.90950 train_time:499.035s step_avg:1208.32ms
step:414/3300 train_loss:3.95084 train_time:500.247s step_avg:1208.33ms
step:415/3300 train_loss:3.99013 train_time:501.464s step_avg:1208.35ms
step:416/3300 train_loss:3.90914 train_time:502.653s step_avg:1208.30ms
step:417/3300 train_loss:3.92811 train_time:503.855s step_avg:1208.28ms
step:418/3300 train_loss:3.92054 train_time:505.055s step_avg:1208.27ms
step:419/3300 train_loss:3.89678 train_time:506.255s step_avg:1208.25ms
step:420/3300 train_loss:3.88629 train_time:507.454s step_avg:1208.22ms
step:421/3300 train_loss:3.88889 train_time:508.655s step_avg:1208.21ms
step:422/3300 train_loss:3.87327 train_time:509.856s step_avg:1208.19ms
step:423/3300 train_loss:3.90679 train_time:511.063s step_avg:1208.19ms
step:424/3300 train_loss:3.92669 train_time:512.256s step_avg:1208.15ms
step:425/3300 train_loss:3.93675 train_time:513.456s step_avg:1208.13ms
step:426/3300 train_loss:3.86739 train_time:514.657s step_avg:1208.12ms
step:427/3300 train_loss:3.92733 train_time:515.861s step_avg:1208.11ms
step:428/3300 train_loss:3.87000 train_time:517.057s step_avg:1208.08ms
step:429/3300 train_loss:3.85089 train_time:518.256s step_avg:1208.06ms
step:430/3300 train_loss:3.87337 train_time:519.456s step_avg:1208.04ms
step:431/3300 train_loss:3.95108 train_time:520.672s step_avg:1208.05ms
step:432/3300 train_loss:3.88940 train_time:521.872s step_avg:1208.04ms
step:433/3300 train_loss:3.95094 train_time:523.071s step_avg:1208.02ms
step:434/3300 train_loss:3.89834 train_time:524.270s step_avg:1208.00ms
step:435/3300 train_loss:3.92277 train_time:525.469s step_avg:1207.98ms
step:436/3300 train_loss:3.95705 train_time:526.681s step_avg:1207.98ms
step:437/3300 train_loss:3.90658 train_time:527.874s step_avg:1207.95ms
step:438/3300 train_loss:3.91864 train_time:529.071s step_avg:1207.92ms
step:439/3300 train_loss:3.84359 train_time:530.281s step_avg:1207.93ms
step:440/3300 train_loss:3.90332 train_time:531.481s step_avg:1207.91ms
step:441/3300 train_loss:3.84326 train_time:532.680s step_avg:1207.89ms
step:442/3300 train_loss:3.88379 train_time:533.885s step_avg:1207.88ms
step:443/3300 train_loss:3.84441 train_time:535.082s step_avg:1207.86ms
step:444/3300 train_loss:3.94969 train_time:536.281s step_avg:1207.84ms
step:445/3300 train_loss:3.91720 train_time:537.486s step_avg:1207.83ms
step:446/3300 train_loss:3.88902 train_time:538.682s step_avg:1207.81ms
step:447/3300 train_loss:3.87738 train_time:539.879s step_avg:1207.78ms
step:448/3300 train_loss:3.93285 train_time:541.084s step_avg:1207.78ms
step:449/3300 train_loss:3.89931 train_time:542.276s step_avg:1207.74ms
step:450/3300 train_loss:3.89349 train_time:543.503s step_avg:1207.78ms
step:451/3300 train_loss:4.02033 train_time:544.702s step_avg:1207.76ms
step:452/3300 train_loss:3.92089 train_time:545.910s step_avg:1207.77ms
step:453/3300 train_loss:3.97057 train_time:547.117s step_avg:1207.76ms
step:454/3300 train_loss:3.81045 train_time:548.320s step_avg:1207.75ms
step:455/3300 train_loss:3.86786 train_time:549.523s step_avg:1207.74ms
step:456/3300 train_loss:3.86935 train_time:550.723s step_avg:1207.73ms
step:457/3300 train_loss:3.86310 train_time:551.924s step_avg:1207.71ms
step:458/3300 train_loss:3.90892 train_time:553.115s step_avg:1207.67ms
step:459/3300 train_loss:3.88811 train_time:554.318s step_avg:1207.66ms
step:460/3300 train_loss:3.94158 train_time:555.579s step_avg:1207.78ms
step:461/3300 train_loss:3.91165 train_time:556.782s step_avg:1207.77ms
step:462/3300 train_loss:3.79415 train_time:557.980s step_avg:1207.75ms
step:463/3300 train_loss:3.88342 train_time:559.183s step_avg:1207.74ms
step:464/3300 train_loss:3.89947 train_time:560.391s step_avg:1207.74ms
step:465/3300 train_loss:3.87972 train_time:561.600s step_avg:1207.74ms
step:466/3300 train_loss:3.89931 train_time:562.845s step_avg:1207.82ms
step:467/3300 train_loss:3.86168 train_time:564.056s step_avg:1207.83ms
step:468/3300 train_loss:3.90897 train_time:565.258s step_avg:1207.82ms
step:469/3300 train_loss:3.87522 train_time:566.459s step_avg:1207.80ms
step:470/3300 train_loss:3.80921 train_time:567.655s step_avg:1207.78ms
step:471/3300 train_loss:3.93705 train_time:568.850s step_avg:1207.75ms
step:472/3300 train_loss:3.85344 train_time:570.042s step_avg:1207.72ms
step:473/3300 train_loss:3.87117 train_time:571.240s step_avg:1207.70ms
step:474/3300 train_loss:3.86991 train_time:572.439s step_avg:1207.68ms
step:475/3300 train_loss:3.93897 train_time:573.638s step_avg:1207.66ms
step:476/3300 train_loss:3.88735 train_time:574.837s step_avg:1207.64ms
step:477/3300 train_loss:3.84221 train_time:576.035s step_avg:1207.62ms
step:478/3300 train_loss:3.88916 train_time:577.241s step_avg:1207.62ms
step:479/3300 train_loss:3.82254 train_time:578.442s step_avg:1207.60ms
step:480/3300 train_loss:3.96009 train_time:579.638s step_avg:1207.58ms
step:481/3300 train_loss:3.86650 train_time:580.839s step_avg:1207.57ms
step:482/3300 train_loss:3.78507 train_time:582.050s step_avg:1207.57ms
step:483/3300 train_loss:3.89924 train_time:583.256s step_avg:1207.57ms
step:484/3300 train_loss:3.87699 train_time:584.456s step_avg:1207.55ms
step:485/3300 train_loss:3.77463 train_time:585.652s step_avg:1207.53ms
step:486/3300 train_loss:3.88079 train_time:586.862s step_avg:1207.54ms
step:487/3300 train_loss:3.84519 train_time:588.059s step_avg:1207.51ms
step:488/3300 train_loss:3.85137 train_time:589.256s step_avg:1207.49ms
step:489/3300 train_loss:3.86751 train_time:590.466s step_avg:1207.50ms
step:490/3300 train_loss:3.81755 train_time:591.661s step_avg:1207.47ms
step:491/3300 train_loss:3.85300 train_time:592.862s step_avg:1207.46ms
step:492/3300 train_loss:3.89859 train_time:594.074s step_avg:1207.47ms
step:493/3300 train_loss:3.83053 train_time:595.281s step_avg:1207.47ms
step:494/3300 train_loss:3.82979 train_time:596.485s step_avg:1207.46ms
step:495/3300 train_loss:3.88135 train_time:597.684s step_avg:1207.44ms
step:496/3300 train_loss:3.79967 train_time:598.883s step_avg:1207.43ms
step:497/3300 train_loss:3.87078 train_time:600.090s step_avg:1207.42ms
step:498/3300 train_loss:3.84425 train_time:601.297s step_avg:1207.42ms
step:499/3300 train_loss:3.91069 train_time:602.506s step_avg:1207.43ms
step:500/3300 train_loss:3.84432 train_time:603.710s step_avg:1207.42ms
step:500/3300 val_loss:3.83783 train_time:603.710s step_avg:1203.39ms
step:501/3300 train_loss:3.90924 train_time:604.906s step_avg:1207.40ms
step:502/3300 train_loss:3.86469 train_time:606.098s step_avg:1207.37ms
step:503/3300 train_loss:3.80682 train_time:607.295s step_avg:1207.35ms
step:504/3300 train_loss:3.89109 train_time:608.494s step_avg:1207.33ms
step:505/3300 train_loss:3.84537 train_time:609.706s step_avg:1207.34ms
step:506/3300 train_loss:3.79465 train_time:610.909s step_avg:1207.33ms
step:507/3300 train_loss:3.92347 train_time:612.106s step_avg:1207.31ms
step:508/3300 train_loss:3.81664 train_time:613.295s step_avg:1207.27ms
step:509/3300 train_loss:3.85577 train_time:614.494s step_avg:1207.26ms
step:510/3300 train_loss:3.81719 train_time:615.694s step_avg:1207.24ms
step:511/3300 train_loss:3.79552 train_time:616.893s step_avg:1207.23ms
step:512/3300 train_loss:3.84814 train_time:618.102s step_avg:1207.23ms
step:513/3300 train_loss:3.84435 train_time:619.305s step_avg:1207.22ms
step:514/3300 train_loss:3.93442 train_time:620.503s step_avg:1207.20ms
step:515/3300 train_loss:3.80604 train_time:621.704s step_avg:1207.19ms
step:516/3300 train_loss:3.88735 train_time:622.903s step_avg:1207.18ms
step:517/3300 train_loss:3.85730 train_time:624.099s step_avg:1207.16ms
step:518/3300 train_loss:3.80955 train_time:625.302s step_avg:1207.15ms
step:519/3300 train_loss:3.89149 train_time:626.495s step_avg:1207.12ms
step:520/3300 train_loss:3.82265 train_time:627.698s step_avg:1207.11ms
step:521/3300 train_loss:3.80667 train_time:628.903s step_avg:1207.11ms
step:522/3300 train_loss:3.86508 train_time:630.103s step_avg:1207.09ms
step:523/3300 train_loss:3.83607 train_time:631.306s step_avg:1207.09ms
step:524/3300 train_loss:3.80536 train_time:632.494s step_avg:1207.05ms
step:525/3300 train_loss:3.77944 train_time:633.695s step_avg:1207.04ms
step:526/3300 train_loss:3.88785 train_time:634.896s step_avg:1207.03ms
step:527/3300 train_loss:3.82101 train_time:636.094s step_avg:1207.01ms
step:528/3300 train_loss:3.83273 train_time:637.292s step_avg:1206.99ms
step:529/3300 train_loss:3.86266 train_time:638.506s step_avg:1207.01ms
step:530/3300 train_loss:3.83282 train_time:639.709s step_avg:1207.00ms
step:531/3300 train_loss:3.78376 train_time:640.907s step_avg:1206.98ms
step:532/3300 train_loss:3.85926 train_time:642.103s step_avg:1206.96ms
step:533/3300 train_loss:3.81551 train_time:643.297s step_avg:1206.94ms
step:534/3300 train_loss:3.84085 train_time:644.496s step_avg:1206.92ms
step:535/3300 train_loss:3.93667 train_time:645.692s step_avg:1206.90ms
step:536/3300 train_loss:3.79625 train_time:646.892s step_avg:1206.89ms
step:537/3300 train_loss:3.77583 train_time:648.088s step_avg:1206.87ms
step:538/3300 train_loss:3.78523 train_time:649.302s step_avg:1206.88ms
step:539/3300 train_loss:3.98115 train_time:650.504s step_avg:1206.87ms
step:540/3300 train_loss:3.77469 train_time:651.704s step_avg:1206.86ms
step:541/3300 train_loss:3.87355 train_time:652.902s step_avg:1206.84ms
step:542/3300 train_loss:3.80602 train_time:654.099s step_avg:1206.82ms
step:543/3300 train_loss:3.80299 train_time:655.297s step_avg:1206.81ms
step:544/3300 train_loss:3.83533 train_time:656.495s step_avg:1206.79ms
step:545/3300 train_loss:3.79655 train_time:657.732s step_avg:1206.85ms
step:546/3300 train_loss:3.77961 train_time:658.935s step_avg:1206.84ms
step:547/3300 train_loss:3.82315 train_time:660.131s step_avg:1206.82ms
step:548/3300 train_loss:3.74191 train_time:661.326s step_avg:1206.80ms
step:549/3300 train_loss:3.79239 train_time:662.523s step_avg:1206.78ms
step:550/3300 train_loss:3.82753 train_time:663.757s step_avg:1206.83ms
step:551/3300 train_loss:3.78764 train_time:664.954s step_avg:1206.81ms
step:552/3300 train_loss:3.93396 train_time:666.154s step_avg:1206.80ms
step:553/3300 train_loss:3.81751 train_time:667.359s step_avg:1206.80ms
step:554/3300 train_loss:3.80600 train_time:668.555s step_avg:1206.78ms
step:555/3300 train_loss:3.86443 train_time:669.752s step_avg:1206.76ms
step:556/3300 train_loss:3.79822 train_time:670.954s step_avg:1206.75ms
step:557/3300 train_loss:3.75507 train_time:672.154s step_avg:1206.74ms
step:558/3300 train_loss:3.80100 train_time:673.357s step_avg:1206.73ms
step:559/3300 train_loss:3.87266 train_time:674.561s step_avg:1206.73ms
step:560/3300 train_loss:3.81515 train_time:675.762s step_avg:1206.72ms
step:561/3300 train_loss:3.78665 train_time:676.962s step_avg:1206.71ms
step:562/3300 train_loss:3.78644 train_time:678.203s step_avg:1206.77ms
step:563/3300 train_loss:3.79002 train_time:679.400s step_avg:1206.75ms
step:564/3300 train_loss:3.83231 train_time:680.600s step_avg:1206.74ms
step:565/3300 train_loss:3.79530 train_time:681.813s step_avg:1206.75ms
step:566/3300 train_loss:3.83015 train_time:683.016s step_avg:1206.74ms
step:567/3300 train_loss:3.79759 train_time:684.238s step_avg:1206.77ms
step:568/3300 train_loss:3.88115 train_time:685.441s step_avg:1206.76ms
step:569/3300 train_loss:3.80473 train_time:686.644s step_avg:1206.76ms
step:570/3300 train_loss:3.78385 train_time:687.856s step_avg:1206.76ms
step:571/3300 train_loss:3.74424 train_time:689.084s step_avg:1206.80ms
step:572/3300 train_loss:3.81596 train_time:690.286s step_avg:1206.79ms
step:573/3300 train_loss:3.88658 train_time:691.491s step_avg:1206.79ms
step:574/3300 train_loss:3.78332 train_time:692.697s step_avg:1206.79ms
step:575/3300 train_loss:3.83516 train_time:693.897s step_avg:1206.78ms
step:576/3300 train_loss:3.81407 train_time:695.099s step_avg:1206.77ms
step:577/3300 train_loss:3.80807 train_time:696.298s step_avg:1206.76ms
step:578/3300 train_loss:3.86559 train_time:697.508s step_avg:1206.76ms
step:579/3300 train_loss:3.76658 train_time:698.705s step_avg:1206.75ms
step:580/3300 train_loss:3.83993 train_time:699.899s step_avg:1206.72ms
step:581/3300 train_loss:3.83000 train_time:701.112s step_avg:1206.73ms
step:582/3300 train_loss:3.85545 train_time:702.306s step_avg:1206.71ms
step:583/3300 train_loss:3.81213 train_time:703.508s step_avg:1206.70ms
step:584/3300 train_loss:3.77360 train_time:704.704s step_avg:1206.68ms
step:585/3300 train_loss:3.80409 train_time:705.905s step_avg:1206.67ms
step:586/3300 train_loss:3.90425 train_time:707.097s step_avg:1206.65ms
step:587/3300 train_loss:3.76775 train_time:708.320s step_avg:1206.68ms
step:588/3300 train_loss:3.83638 train_time:709.525s step_avg:1206.67ms
step:589/3300 train_loss:3.88847 train_time:710.725s step_avg:1206.66ms
step:590/3300 train_loss:3.78844 train_time:711.928s step_avg:1206.66ms
step:591/3300 train_loss:3.80447 train_time:713.120s step_avg:1206.63ms
step:592/3300 train_loss:3.78096 train_time:714.325s step_avg:1206.63ms
step:593/3300 train_loss:3.74184 train_time:715.523s step_avg:1206.62ms
step:594/3300 train_loss:3.86806 train_time:716.721s step_avg:1206.60ms
step:595/3300 train_loss:3.81187 train_time:717.924s step_avg:1206.59ms
step:596/3300 train_loss:3.78921 train_time:719.129s step_avg:1206.59ms
step:597/3300 train_loss:3.80058 train_time:720.323s step_avg:1206.57ms
step:598/3300 train_loss:3.81956 train_time:721.524s step_avg:1206.56ms
step:599/3300 train_loss:3.77152 train_time:722.716s step_avg:1206.54ms
step:600/3300 train_loss:3.78935 train_time:723.905s step_avg:1206.51ms
step:601/3300 train_loss:3.79160 train_time:725.097s step_avg:1206.49ms
step:602/3300 train_loss:3.80187 train_time:726.290s step_avg:1206.46ms
step:603/3300 train_loss:3.82801 train_time:727.489s step_avg:1206.45ms
step:604/3300 train_loss:3.84342 train_time:728.688s step_avg:1206.44ms
step:605/3300 train_loss:3.79001 train_time:729.887s step_avg:1206.43ms
step:606/3300 train_loss:3.80157 train_time:731.096s step_avg:1206.43ms
step:607/3300 train_loss:3.78992 train_time:732.291s step_avg:1206.41ms
step:608/3300 train_loss:3.77850 train_time:733.487s step_avg:1206.39ms
step:609/3300 train_loss:3.79993 train_time:734.685s step_avg:1206.38ms
step:610/3300 train_loss:3.76965 train_time:735.892s step_avg:1206.38ms
step:611/3300 train_loss:3.79043 train_time:737.087s step_avg:1206.36ms
step:612/3300 train_loss:3.73034 train_time:738.293s step_avg:1206.36ms
step:613/3300 train_loss:3.76945 train_time:739.513s step_avg:1206.38ms
step:614/3300 train_loss:3.80609 train_time:740.703s step_avg:1206.36ms
step:615/3300 train_loss:3.77272 train_time:741.909s step_avg:1206.36ms
step:616/3300 train_loss:3.79294 train_time:743.108s step_avg:1206.34ms
step:617/3300 train_loss:3.77510 train_time:744.308s step_avg:1206.33ms
step:618/3300 train_loss:3.80862 train_time:745.508s step_avg:1206.32ms
step:619/3300 train_loss:3.82698 train_time:746.707s step_avg:1206.31ms
step:620/3300 train_loss:3.76003 train_time:747.909s step_avg:1206.31ms
step:621/3300 train_loss:3.86472 train_time:749.106s step_avg:1206.29ms
step:622/3300 train_loss:3.80938 train_time:750.306s step_avg:1206.28ms
step:623/3300 train_loss:3.78870 train_time:751.516s step_avg:1206.29ms
step:624/3300 train_loss:3.82093 train_time:752.722s step_avg:1206.29ms
step:625/3300 train_loss:3.79923 train_time:753.926s step_avg:1206.28ms
step:625/3300 val_loss:3.76924 train_time:753.926s step_avg:1201.73ms
step:626/3300 train_loss:3.80456 train_time:755.122s step_avg:1206.27ms
step:627/3300 train_loss:3.80486 train_time:756.324s step_avg:1206.26ms
step:628/3300 train_loss:3.74538 train_time:757.523s step_avg:1206.25ms
step:629/3300 train_loss:3.76804 train_time:758.717s step_avg:1206.23ms
step:630/3300 train_loss:3.76602 train_time:759.914s step_avg:1206.21ms
step:631/3300 train_loss:3.77031 train_time:761.117s step_avg:1206.21ms
step:632/3300 train_loss:3.77777 train_time:762.318s step_avg:1206.20ms
step:633/3300 train_loss:3.78794 train_time:763.512s step_avg:1206.18ms
step:634/3300 train_loss:3.73073 train_time:764.712s step_avg:1206.17ms
step:635/3300 train_loss:3.82652 train_time:765.911s step_avg:1206.16ms
step:636/3300 train_loss:3.72789 train_time:767.109s step_avg:1206.15ms
step:637/3300 train_loss:3.69959 train_time:768.308s step_avg:1206.14ms
step:638/3300 train_loss:3.81548 train_time:769.508s step_avg:1206.12ms
step:639/3300 train_loss:3.76307 train_time:770.709s step_avg:1206.12ms
step:640/3300 train_loss:3.77467 train_time:771.929s step_avg:1206.14ms
step:641/3300 train_loss:3.84870 train_time:773.143s step_avg:1206.15ms
step:642/3300 train_loss:3.72091 train_time:774.340s step_avg:1206.14ms
step:643/3300 train_loss:3.81047 train_time:775.546s step_avg:1206.14ms
step:644/3300 train_loss:3.75532 train_time:776.732s step_avg:1206.11ms
step:645/3300 train_loss:3.79368 train_time:777.925s step_avg:1206.08ms
step:646/3300 train_loss:3.80368 train_time:779.115s step_avg:1206.06ms
step:647/3300 train_loss:3.87854 train_time:780.324s step_avg:1206.07ms
step:648/3300 train_loss:3.78824 train_time:781.521s step_avg:1206.05ms
step:649/3300 train_loss:3.77954 train_time:782.718s step_avg:1206.04ms
step:650/3300 train_loss:3.74889 train_time:783.917s step_avg:1206.03ms
step:651/3300 train_loss:3.72466 train_time:785.122s step_avg:1206.02ms
step:652/3300 train_loss:3.72961 train_time:786.321s step_avg:1206.01ms
step:653/3300 train_loss:3.74517 train_time:787.513s step_avg:1205.99ms
step:654/3300 train_loss:3.79432 train_time:788.705s step_avg:1205.97ms
step:655/3300 train_loss:3.75613 train_time:789.903s step_avg:1205.96ms
step:656/3300 train_loss:3.81435 train_time:791.093s step_avg:1205.93ms
step:657/3300 train_loss:3.71598 train_time:792.296s step_avg:1205.93ms
step:658/3300 train_loss:3.82736 train_time:793.494s step_avg:1205.92ms
step:659/3300 train_loss:3.79614 train_time:794.696s step_avg:1205.91ms
step:660/3300 train_loss:3.82931 train_time:795.894s step_avg:1205.90ms
step:661/3300 train_loss:3.82436 train_time:797.127s step_avg:1205.94ms
step:662/3300 train_loss:3.82778 train_time:798.324s step_avg:1205.93ms
step:663/3300 train_loss:3.72423 train_time:799.517s step_avg:1205.91ms
step:664/3300 train_loss:3.72621 train_time:800.739s step_avg:1205.93ms
step:665/3300 train_loss:3.74765 train_time:801.979s step_avg:1205.98ms
step:666/3300 train_loss:3.80237 train_time:803.177s step_avg:1205.97ms
step:667/3300 train_loss:3.80683 train_time:804.387s step_avg:1205.98ms
step:668/3300 train_loss:3.78622 train_time:805.581s step_avg:1205.96ms
step:669/3300 train_loss:3.78500 train_time:806.780s step_avg:1205.95ms
step:670/3300 train_loss:3.76692 train_time:807.976s step_avg:1205.93ms
step:671/3300 train_loss:3.75275 train_time:809.176s step_avg:1205.93ms
step:672/3300 train_loss:3.81615 train_time:810.379s step_avg:1205.92ms
step:673/3300 train_loss:3.76092 train_time:811.571s step_avg:1205.90ms
step:674/3300 train_loss:3.75250 train_time:812.768s step_avg:1205.89ms
step:675/3300 train_loss:3.81211 train_time:813.963s step_avg:1205.87ms
step:676/3300 train_loss:3.74813 train_time:815.170s step_avg:1205.87ms
step:677/3300 train_loss:3.74110 train_time:816.377s step_avg:1205.87ms
step:678/3300 train_loss:3.75565 train_time:817.575s step_avg:1205.86ms
step:679/3300 train_loss:3.77169 train_time:818.776s step_avg:1205.86ms
step:680/3300 train_loss:3.77360 train_time:819.994s step_avg:1205.87ms
step:681/3300 train_loss:3.69343 train_time:821.195s step_avg:1205.87ms
step:682/3300 train_loss:3.79010 train_time:822.427s step_avg:1205.90ms
step:683/3300 train_loss:3.83585 train_time:823.618s step_avg:1205.88ms
step:684/3300 train_loss:3.77081 train_time:824.823s step_avg:1205.88ms
step:685/3300 train_loss:3.80830 train_time:826.015s step_avg:1205.86ms
step:686/3300 train_loss:3.81094 train_time:827.213s step_avg:1205.85ms
step:687/3300 train_loss:3.73196 train_time:828.413s step_avg:1205.84ms
step:688/3300 train_loss:3.72442 train_time:829.616s step_avg:1205.84ms
step:689/3300 train_loss:3.73393 train_time:830.822s step_avg:1205.84ms
step:690/3300 train_loss:3.75559 train_time:832.021s step_avg:1205.83ms
step:691/3300 train_loss:3.76984 train_time:833.222s step_avg:1205.82ms
step:692/3300 train_loss:3.73764 train_time:834.421s step_avg:1205.81ms
step:693/3300 train_loss:3.78354 train_time:835.624s step_avg:1205.81ms
step:694/3300 train_loss:3.73809 train_time:836.818s step_avg:1205.79ms
step:695/3300 train_loss:3.69265 train_time:838.019s step_avg:1205.78ms
step:696/3300 train_loss:3.81031 train_time:839.219s step_avg:1205.77ms
step:697/3300 train_loss:3.70858 train_time:840.410s step_avg:1205.75ms
step:698/3300 train_loss:3.74364 train_time:841.603s step_avg:1205.74ms
step:699/3300 train_loss:3.78487 train_time:842.799s step_avg:1205.72ms
step:700/3300 train_loss:3.71563 train_time:844.000s step_avg:1205.71ms
step:701/3300 train_loss:3.72842 train_time:845.199s step_avg:1205.70ms
step:702/3300 train_loss:3.72926 train_time:846.389s step_avg:1205.68ms
step:703/3300 train_loss:3.66604 train_time:847.574s step_avg:1205.65ms
step:704/3300 train_loss:3.73968 train_time:848.774s step_avg:1205.64ms
step:705/3300 train_loss:3.66022 train_time:849.978s step_avg:1205.64ms
step:706/3300 train_loss:3.70153 train_time:851.186s step_avg:1205.65ms
step:707/3300 train_loss:3.77708 train_time:852.379s step_avg:1205.63ms
step:708/3300 train_loss:3.75919 train_time:853.580s step_avg:1205.62ms
step:709/3300 train_loss:3.74442 train_time:854.780s step_avg:1205.61ms
step:710/3300 train_loss:3.72827 train_time:856.002s step_avg:1205.64ms
step:711/3300 train_loss:3.73634 train_time:857.198s step_avg:1205.62ms
step:712/3300 train_loss:3.68959 train_time:858.399s step_avg:1205.62ms
step:713/3300 train_loss:3.78019 train_time:859.601s step_avg:1205.61ms
step:714/3300 train_loss:3.65310 train_time:860.799s step_avg:1205.60ms
step:715/3300 train_loss:3.83255 train_time:862.000s step_avg:1205.59ms
step:716/3300 train_loss:3.72638 train_time:863.202s step_avg:1205.59ms
step:717/3300 train_loss:3.78134 train_time:864.403s step_avg:1205.58ms
step:718/3300 train_loss:3.76444 train_time:865.615s step_avg:1205.59ms
step:719/3300 train_loss:3.77499 train_time:866.822s step_avg:1205.59ms
step:720/3300 train_loss:3.77771 train_time:868.021s step_avg:1205.58ms
step:721/3300 train_loss:3.75723 train_time:869.221s step_avg:1205.58ms
step:722/3300 train_loss:3.75404 train_time:870.465s step_avg:1205.63ms
step:723/3300 train_loss:3.78643 train_time:871.664s step_avg:1205.62ms
step:724/3300 train_loss:3.70619 train_time:872.860s step_avg:1205.61ms
step:725/3300 train_loss:3.71312 train_time:874.058s step_avg:1205.60ms
step:726/3300 train_loss:3.75387 train_time:875.255s step_avg:1205.59ms
step:727/3300 train_loss:3.70835 train_time:876.465s step_avg:1205.59ms
step:728/3300 train_loss:3.74303 train_time:877.661s step_avg:1205.58ms
step:729/3300 train_loss:3.78578 train_time:878.859s step_avg:1205.57ms
step:730/3300 train_loss:3.80616 train_time:880.066s step_avg:1205.57ms
step:731/3300 train_loss:3.76763 train_time:881.262s step_avg:1205.56ms
step:732/3300 train_loss:3.77012 train_time:882.462s step_avg:1205.55ms
step:733/3300 train_loss:3.76897 train_time:883.663s step_avg:1205.54ms
step:734/3300 train_loss:3.83057 train_time:884.878s step_avg:1205.56ms
step:735/3300 train_loss:3.74609 train_time:886.075s step_avg:1205.54ms
step:736/3300 train_loss:3.75057 train_time:887.275s step_avg:1205.54ms
step:737/3300 train_loss:3.78236 train_time:888.475s step_avg:1205.53ms
step:738/3300 train_loss:3.75162 train_time:889.677s step_avg:1205.52ms
step:739/3300 train_loss:3.75252 train_time:890.880s step_avg:1205.52ms
step:740/3300 train_loss:3.85882 train_time:892.090s step_avg:1205.53ms
step:741/3300 train_loss:3.73403 train_time:893.285s step_avg:1205.51ms
step:742/3300 train_loss:3.71344 train_time:894.482s step_avg:1205.50ms
step:743/3300 train_loss:3.75983 train_time:895.690s step_avg:1205.50ms
step:744/3300 train_loss:3.66564 train_time:896.882s step_avg:1205.49ms
step:745/3300 train_loss:3.72489 train_time:898.083s step_avg:1205.48ms
step:746/3300 train_loss:3.75323 train_time:899.283s step_avg:1205.47ms
step:747/3300 train_loss:3.71602 train_time:900.487s step_avg:1205.47ms
step:748/3300 train_loss:3.76376 train_time:901.698s step_avg:1205.48ms
step:749/3300 train_loss:3.68831 train_time:902.901s step_avg:1205.47ms
step:750/3300 train_loss:3.76763 train_time:904.098s step_avg:1205.46ms
step:750/3300 val_loss:3.72080 train_time:904.099s step_avg:1201.38ms
step:751/3300 train_loss:3.69593 train_time:905.289s step_avg:1205.44ms
step:752/3300 train_loss:3.74085 train_time:906.480s step_avg:1205.43ms
step:753/3300 train_loss:3.73802 train_time:907.675s step_avg:1205.41ms
step:754/3300 train_loss:3.82511 train_time:908.867s step_avg:1205.39ms
step:755/3300 train_loss:3.77147 train_time:910.081s step_avg:1205.41ms
step:756/3300 train_loss:3.82896 train_time:911.280s step_avg:1205.40ms
step:757/3300 train_loss:3.74026 train_time:912.495s step_avg:1205.41ms
step:758/3300 train_loss:3.74865 train_time:913.698s step_avg:1205.41ms
step:759/3300 train_loss:3.70386 train_time:914.897s step_avg:1205.40ms
step:760/3300 train_loss:3.75063 train_time:916.097s step_avg:1205.39ms
step:761/3300 train_loss:3.69807 train_time:917.340s step_avg:1205.44ms
step:762/3300 train_loss:3.69437 train_time:918.546s step_avg:1205.44ms
step:763/3300 train_loss:3.75075 train_time:919.764s step_avg:1205.46ms
step:764/3300 train_loss:3.71341 train_time:920.972s step_avg:1205.46ms
step:765/3300 train_loss:3.87330 train_time:922.169s step_avg:1205.45ms
step:766/3300 train_loss:3.81812 train_time:923.370s step_avg:1205.44ms
step:767/3300 train_loss:3.77157 train_time:924.564s step_avg:1205.43ms
step:768/3300 train_loss:3.81683 train_time:925.763s step_avg:1205.42ms
step:769/3300 train_loss:3.88348 train_time:926.962s step_avg:1205.41ms
step:770/3300 train_loss:3.72556 train_time:928.164s step_avg:1205.41ms
step:771/3300 train_loss:3.77787 train_time:929.358s step_avg:1205.39ms
step:772/3300 train_loss:3.70043 train_time:930.561s step_avg:1205.39ms
step:773/3300 train_loss:3.74665 train_time:931.757s step_avg:1205.38ms
step:774/3300 train_loss:3.75182 train_time:932.950s step_avg:1205.36ms
step:775/3300 train_loss:3.75270 train_time:934.147s step_avg:1205.35ms
step:776/3300 train_loss:3.67832 train_time:935.345s step_avg:1205.34ms
step:777/3300 train_loss:3.71081 train_time:936.548s step_avg:1205.34ms
step:778/3300 train_loss:3.76506 train_time:937.749s step_avg:1205.33ms
step:779/3300 train_loss:3.71634 train_time:938.947s step_avg:1205.32ms
step:780/3300 train_loss:3.72738 train_time:940.146s step_avg:1205.32ms
step:781/3300 train_loss:3.71399 train_time:941.346s step_avg:1205.31ms
step:782/3300 train_loss:3.73411 train_time:942.543s step_avg:1205.30ms
step:783/3300 train_loss:3.70630 train_time:943.746s step_avg:1205.30ms
step:784/3300 train_loss:3.71371 train_time:944.946s step_avg:1205.29ms
step:785/3300 train_loss:3.66637 train_time:946.148s step_avg:1205.28ms
step:786/3300 train_loss:3.72978 train_time:947.348s step_avg:1205.28ms
step:787/3300 train_loss:3.72478 train_time:948.546s step_avg:1205.27ms
step:788/3300 train_loss:3.70420 train_time:949.785s step_avg:1205.31ms
step:789/3300 train_loss:3.78432 train_time:950.985s step_avg:1205.30ms
step:790/3300 train_loss:3.72492 train_time:952.189s step_avg:1205.30ms
step:791/3300 train_loss:3.82095 train_time:953.389s step_avg:1205.30ms
step:792/3300 train_loss:3.78473 train_time:954.589s step_avg:1205.29ms
step:793/3300 train_loss:3.71181 train_time:955.789s step_avg:1205.28ms
step:794/3300 train_loss:4.05584 train_time:957.034s step_avg:1205.33ms
step:795/3300 train_loss:3.71311 train_time:958.236s step_avg:1205.33ms
step:796/3300 train_loss:3.74409 train_time:959.433s step_avg:1205.32ms
step:797/3300 train_loss:3.73444 train_time:960.630s step_avg:1205.31ms
step:798/3300 train_loss:3.79915 train_time:961.827s step_avg:1205.30ms
step:799/3300 train_loss:3.73304 train_time:963.086s step_avg:1205.36ms
step:800/3300 train_loss:3.73230 train_time:964.287s step_avg:1205.36ms
step:801/3300 train_loss:3.86933 train_time:965.480s step_avg:1205.34ms
step:802/3300 train_loss:3.70037 train_time:966.667s step_avg:1205.32ms
step:803/3300 train_loss:3.72139 train_time:967.886s step_avg:1205.34ms
step:804/3300 train_loss:3.72234 train_time:969.084s step_avg:1205.33ms
step:805/3300 train_loss:3.73402 train_time:970.285s step_avg:1205.32ms
step:806/3300 train_loss:3.72575 train_time:971.483s step_avg:1205.31ms
step:807/3300 train_loss:3.70219 train_time:972.679s step_avg:1205.30ms
step:808/3300 train_loss:3.72911 train_time:973.870s step_avg:1205.28ms
step:809/3300 train_loss:3.72289 train_time:975.070s step_avg:1205.28ms
step:810/3300 train_loss:3.73917 train_time:976.269s step_avg:1205.27ms
step:811/3300 train_loss:3.73208 train_time:977.503s step_avg:1205.31ms
step:812/3300 train_loss:3.82029 train_time:978.702s step_avg:1205.30ms
step:813/3300 train_loss:3.78824 train_time:979.890s step_avg:1205.28ms
step:814/3300 train_loss:3.71369 train_time:981.111s step_avg:1205.30ms
step:815/3300 train_loss:3.73682 train_time:982.309s step_avg:1205.29ms
step:816/3300 train_loss:3.71485 train_time:983.516s step_avg:1205.29ms
step:817/3300 train_loss:3.75179 train_time:984.710s step_avg:1205.28ms
step:818/3300 train_loss:3.68960 train_time:985.905s step_avg:1205.26ms
step:819/3300 train_loss:3.68056 train_time:987.128s step_avg:1205.29ms
step:820/3300 train_loss:3.69363 train_time:988.345s step_avg:1205.30ms
step:821/3300 train_loss:3.73507 train_time:989.545s step_avg:1205.29ms
step:822/3300 train_loss:3.66433 train_time:990.741s step_avg:1205.28ms
step:823/3300 train_loss:3.65112 train_time:991.929s step_avg:1205.26ms
step:824/3300 train_loss:3.71330 train_time:993.125s step_avg:1205.25ms
step:825/3300 train_loss:3.62174 train_time:994.328s step_avg:1205.25ms
step:826/3300 train_loss:3.67603 train_time:995.529s step_avg:1205.24ms
step:827/3300 train_loss:3.71685 train_time:996.730s step_avg:1205.24ms
step:828/3300 train_loss:3.69081 train_time:997.933s step_avg:1205.23ms
step:829/3300 train_loss:3.73769 train_time:999.130s step_avg:1205.22ms
step:830/3300 train_loss:3.76092 train_time:1000.328s step_avg:1205.21ms
step:831/3300 train_loss:3.81419 train_time:1001.528s step_avg:1205.21ms
step:832/3300 train_loss:3.72368 train_time:1002.731s step_avg:1205.21ms
step:833/3300 train_loss:3.70530 train_time:1003.932s step_avg:1205.20ms
step:834/3300 train_loss:3.70630 train_time:1005.133s step_avg:1205.20ms
step:835/3300 train_loss:3.67313 train_time:1006.334s step_avg:1205.19ms
step:836/3300 train_loss:3.70172 train_time:1007.537s step_avg:1205.19ms
step:837/3300 train_loss:3.68021 train_time:1008.736s step_avg:1205.18ms
step:838/3300 train_loss:3.76109 train_time:1009.928s step_avg:1205.16ms
step:839/3300 train_loss:3.71026 train_time:1011.133s step_avg:1205.16ms
step:840/3300 train_loss:3.69812 train_time:1012.329s step_avg:1205.15ms
step:841/3300 train_loss:3.72506 train_time:1013.536s step_avg:1205.16ms
step:842/3300 train_loss:3.67520 train_time:1014.731s step_avg:1205.14ms
step:843/3300 train_loss:3.70542 train_time:1015.932s step_avg:1205.14ms
step:844/3300 train_loss:3.73564 train_time:1017.142s step_avg:1205.14ms
step:845/3300 train_loss:3.72329 train_time:1018.338s step_avg:1205.13ms
step:846/3300 train_loss:3.70646 train_time:1019.544s step_avg:1205.14ms
step:847/3300 train_loss:3.69351 train_time:1020.743s step_avg:1205.13ms
step:848/3300 train_loss:3.75015 train_time:1021.944s step_avg:1205.12ms
step:849/3300 train_loss:3.69497 train_time:1023.151s step_avg:1205.12ms
step:850/3300 train_loss:3.77392 train_time:1024.368s step_avg:1205.14ms
step:851/3300 train_loss:3.70645 train_time:1025.564s step_avg:1205.13ms
step:852/3300 train_loss:3.71603 train_time:1026.751s step_avg:1205.11ms
step:853/3300 train_loss:3.70981 train_time:1027.943s step_avg:1205.09ms
step:854/3300 train_loss:3.67740 train_time:1029.133s step_avg:1205.07ms
step:855/3300 train_loss:3.72995 train_time:1030.333s step_avg:1205.07ms
step:856/3300 train_loss:3.75420 train_time:1031.532s step_avg:1205.06ms
step:857/3300 train_loss:3.66454 train_time:1032.733s step_avg:1205.06ms
step:858/3300 train_loss:3.69002 train_time:1033.951s step_avg:1205.07ms
step:859/3300 train_loss:3.71260 train_time:1035.153s step_avg:1205.07ms
step:860/3300 train_loss:3.68027 train_time:1036.350s step_avg:1205.06ms
step:861/3300 train_loss:3.68367 train_time:1037.565s step_avg:1205.07ms
step:862/3300 train_loss:3.65719 train_time:1038.754s step_avg:1205.05ms
step:863/3300 train_loss:3.71858 train_time:1039.972s step_avg:1205.07ms
step:864/3300 train_loss:3.71577 train_time:1041.176s step_avg:1205.06ms
step:865/3300 train_loss:3.82145 train_time:1042.387s step_avg:1205.07ms
step:866/3300 train_loss:3.74303 train_time:1043.602s step_avg:1205.08ms
step:867/3300 train_loss:3.69028 train_time:1044.792s step_avg:1205.07ms
step:868/3300 train_loss:3.65001 train_time:1045.994s step_avg:1205.06ms
step:869/3300 train_loss:3.67615 train_time:1047.204s step_avg:1205.07ms
step:870/3300 train_loss:3.71412 train_time:1048.405s step_avg:1205.06ms
step:871/3300 train_loss:3.67857 train_time:1049.646s step_avg:1205.10ms
step:872/3300 train_loss:3.72787 train_time:1050.860s step_avg:1205.11ms
step:873/3300 train_loss:3.70066 train_time:1052.059s step_avg:1205.11ms
step:874/3300 train_loss:3.65513 train_time:1053.252s step_avg:1205.09ms
step:875/3300 train_loss:3.68905 train_time:1054.450s step_avg:1205.09ms
step:875/3300 val_loss:3.67898 train_time:1054.450s step_avg:1202.81ms
step:876/3300 train_loss:3.73811 train_time:1055.650s step_avg:1205.08ms
step:877/3300 train_loss:3.68289 train_time:1056.843s step_avg:1205.07ms
step:878/3300 train_loss:3.74599 train_time:1058.036s step_avg:1205.05ms
step:879/3300 train_loss:3.69380 train_time:1059.228s step_avg:1205.04ms
step:880/3300 train_loss:3.66115 train_time:1060.428s step_avg:1205.03ms
step:881/3300 train_loss:3.68527 train_time:1061.632s step_avg:1205.03ms
step:882/3300 train_loss:3.70044 train_time:1062.832s step_avg:1205.02ms
step:883/3300 train_loss:3.70685 train_time:1064.037s step_avg:1205.02ms
step:884/3300 train_loss:3.69298 train_time:1065.239s step_avg:1205.02ms
step:885/3300 train_loss:3.66840 train_time:1066.438s step_avg:1205.01ms
step:886/3300 train_loss:3.69742 train_time:1067.640s step_avg:1205.01ms
step:887/3300 train_loss:3.82122 train_time:1068.831s step_avg:1205.00ms
step:888/3300 train_loss:3.71016 train_time:1070.023s step_avg:1204.98ms
step:889/3300 train_loss:3.64435 train_time:1071.218s step_avg:1204.97ms
step:890/3300 train_loss:3.62307 train_time:1072.428s step_avg:1204.97ms
step:891/3300 train_loss:3.68765 train_time:1073.628s step_avg:1204.97ms
step:892/3300 train_loss:3.72760 train_time:1074.830s step_avg:1204.97ms
step:893/3300 train_loss:3.62139 train_time:1076.028s step_avg:1204.96ms
step:894/3300 train_loss:3.71470 train_time:1077.226s step_avg:1204.95ms
step:895/3300 train_loss:3.70667 train_time:1078.423s step_avg:1204.94ms
step:896/3300 train_loss:3.70322 train_time:1079.628s step_avg:1204.94ms
step:897/3300 train_loss:3.69672 train_time:1080.829s step_avg:1204.94ms
step:898/3300 train_loss:3.73600 train_time:1082.035s step_avg:1204.94ms
step:899/3300 train_loss:3.69637 train_time:1083.234s step_avg:1204.93ms
step:900/3300 train_loss:3.63587 train_time:1084.436s step_avg:1204.93ms
step:901/3300 train_loss:3.67872 train_time:1085.642s step_avg:1204.93ms
step:902/3300 train_loss:3.97918 train_time:1086.837s step_avg:1204.92ms
step:903/3300 train_loss:3.67167 train_time:1088.035s step_avg:1204.91ms
step:904/3300 train_loss:3.68062 train_time:1089.235s step_avg:1204.91ms
step:905/3300 train_loss:3.73740 train_time:1090.433s step_avg:1204.90ms
step:906/3300 train_loss:3.73515 train_time:1091.634s step_avg:1204.89ms
step:907/3300 train_loss:3.66470 train_time:1092.836s step_avg:1204.89ms
step:908/3300 train_loss:3.72715 train_time:1094.038s step_avg:1204.89ms
step:909/3300 train_loss:3.83312 train_time:1095.245s step_avg:1204.89ms
step:910/3300 train_loss:3.64734 train_time:1096.450s step_avg:1204.89ms
step:911/3300 train_loss:3.69736 train_time:1097.649s step_avg:1204.88ms
step:912/3300 train_loss:3.64997 train_time:1098.850s step_avg:1204.88ms
step:913/3300 train_loss:3.68416 train_time:1100.055s step_avg:1204.88ms
step:914/3300 train_loss:3.75772 train_time:1101.262s step_avg:1204.88ms
step:915/3300 train_loss:3.70503 train_time:1102.461s step_avg:1204.88ms
step:916/3300 train_loss:3.79026 train_time:1103.664s step_avg:1204.87ms
step:917/3300 train_loss:3.68231 train_time:1104.863s step_avg:1204.87ms
step:918/3300 train_loss:3.83294 train_time:1106.053s step_avg:1204.85ms
step:919/3300 train_loss:3.69643 train_time:1107.245s step_avg:1204.84ms
step:920/3300 train_loss:3.73113 train_time:1108.436s step_avg:1204.82ms
step:921/3300 train_loss:3.64845 train_time:1109.635s step_avg:1204.82ms
step:922/3300 train_loss:3.66768 train_time:1110.834s step_avg:1204.81ms
step:923/3300 train_loss:3.64811 train_time:1112.038s step_avg:1204.81ms
step:924/3300 train_loss:3.70004 train_time:1113.236s step_avg:1204.80ms
step:925/3300 train_loss:3.69219 train_time:1114.439s step_avg:1204.80ms
step:926/3300 train_loss:3.72112 train_time:1115.640s step_avg:1204.79ms
step:927/3300 train_loss:3.65933 train_time:1116.834s step_avg:1204.78ms
step:928/3300 train_loss:3.67963 train_time:1118.032s step_avg:1204.78ms
step:929/3300 train_loss:3.80678 train_time:1119.233s step_avg:1204.77ms
step:930/3300 train_loss:3.65813 train_time:1120.440s step_avg:1204.77ms
step:931/3300 train_loss:3.65984 train_time:1121.641s step_avg:1204.77ms
step:932/3300 train_loss:3.82508 train_time:1122.844s step_avg:1204.77ms
step:933/3300 train_loss:3.65490 train_time:1124.038s step_avg:1204.76ms
step:934/3300 train_loss:3.78721 train_time:1125.247s step_avg:1204.76ms
step:935/3300 train_loss:3.72196 train_time:1126.459s step_avg:1204.77ms
step:936/3300 train_loss:3.68168 train_time:1127.661s step_avg:1204.77ms
step:937/3300 train_loss:3.63364 train_time:1128.861s step_avg:1204.76ms
step:938/3300 train_loss:3.70469 train_time:1130.059s step_avg:1204.75ms
step:939/3300 train_loss:3.65910 train_time:1131.272s step_avg:1204.76ms
step:940/3300 train_loss:3.64279 train_time:1132.485s step_avg:1204.77ms
step:941/3300 train_loss:3.77212 train_time:1133.686s step_avg:1204.77ms
step:942/3300 train_loss:3.66240 train_time:1134.885s step_avg:1204.76ms
step:943/3300 train_loss:3.72683 train_time:1136.090s step_avg:1204.76ms
step:944/3300 train_loss:3.71471 train_time:1137.279s step_avg:1204.74ms
step:945/3300 train_loss:3.68659 train_time:1138.479s step_avg:1204.74ms
step:946/3300 train_loss:3.85867 train_time:1139.682s step_avg:1204.74ms
step:947/3300 train_loss:3.72105 train_time:1140.883s step_avg:1204.73ms
step:948/3300 train_loss:3.65929 train_time:1142.079s step_avg:1204.72ms
step:949/3300 train_loss:3.68191 train_time:1143.276s step_avg:1204.72ms
step:950/3300 train_loss:3.68542 train_time:1144.472s step_avg:1204.71ms
step:951/3300 train_loss:3.66405 train_time:1145.725s step_avg:1204.76ms
step:952/3300 train_loss:3.72752 train_time:1146.921s step_avg:1204.75ms
step:953/3300 train_loss:3.65193 train_time:1148.124s step_avg:1204.75ms
step:954/3300 train_loss:3.68325 train_time:1149.318s step_avg:1204.74ms
step:955/3300 train_loss:3.70742 train_time:1150.529s step_avg:1204.74ms
step:956/3300 train_loss:3.69140 train_time:1151.723s step_avg:1204.73ms
step:957/3300 train_loss:3.76095 train_time:1152.933s step_avg:1204.74ms
step:958/3300 train_loss:3.72260 train_time:1154.132s step_avg:1204.73ms
step:959/3300 train_loss:3.72080 train_time:1155.342s step_avg:1204.74ms
step:960/3300 train_loss:3.64831 train_time:1156.584s step_avg:1204.78ms
step:961/3300 train_loss:3.67925 train_time:1157.777s step_avg:1204.76ms
step:962/3300 train_loss:3.65670 train_time:1158.977s step_avg:1204.76ms
step:963/3300 train_loss:3.65694 train_time:1160.171s step_avg:1204.75ms
step:964/3300 train_loss:3.64665 train_time:1161.369s step_avg:1204.74ms
step:965/3300 train_loss:3.69077 train_time:1162.584s step_avg:1204.75ms
step:966/3300 train_loss:3.69522 train_time:1163.785s step_avg:1204.75ms
step:967/3300 train_loss:3.70335 train_time:1164.982s step_avg:1204.74ms
step:968/3300 train_loss:3.67570 train_time:1166.179s step_avg:1204.73ms
step:969/3300 train_loss:3.66019 train_time:1167.376s step_avg:1204.72ms
step:970/3300 train_loss:3.65983 train_time:1168.574s step_avg:1204.72ms
step:971/3300 train_loss:3.64616 train_time:1169.769s step_avg:1204.71ms
step:972/3300 train_loss:3.67218 train_time:1170.955s step_avg:1204.69ms
step:973/3300 train_loss:3.73171 train_time:1172.155s step_avg:1204.68ms
step:974/3300 train_loss:3.67115 train_time:1173.355s step_avg:1204.68ms
step:975/3300 train_loss:3.71156 train_time:1174.556s step_avg:1204.67ms
step:976/3300 train_loss:3.68617 train_time:1175.756s step_avg:1204.67ms
step:977/3300 train_loss:3.65852 train_time:1177.040s step_avg:1204.75ms
step:978/3300 train_loss:3.62835 train_time:1178.235s step_avg:1204.74ms
step:979/3300 train_loss:3.69651 train_time:1179.433s step_avg:1204.73ms
step:980/3300 train_loss:3.66291 train_time:1180.638s step_avg:1204.73ms
step:981/3300 train_loss:3.69057 train_time:1181.846s step_avg:1204.74ms
step:982/3300 train_loss:3.69117 train_time:1183.062s step_avg:1204.75ms
step:983/3300 train_loss:3.67411 train_time:1184.261s step_avg:1204.74ms
step:984/3300 train_loss:3.75663 train_time:1185.461s step_avg:1204.74ms
step:985/3300 train_loss:3.73497 train_time:1186.663s step_avg:1204.73ms
step:986/3300 train_loss:3.66702 train_time:1187.860s step_avg:1204.73ms
step:987/3300 train_loss:3.69088 train_time:1189.060s step_avg:1204.72ms
step:988/3300 train_loss:3.62157 train_time:1190.262s step_avg:1204.72ms
step:989/3300 train_loss:3.65601 train_time:1191.459s step_avg:1204.71ms
step:990/3300 train_loss:3.66925 train_time:1192.662s step_avg:1204.71ms
step:991/3300 train_loss:3.67133 train_time:1193.861s step_avg:1204.70ms
step:992/3300 train_loss:3.66535 train_time:1195.064s step_avg:1204.70ms
step:993/3300 train_loss:3.65847 train_time:1196.265s step_avg:1204.70ms
step:994/3300 train_loss:3.64200 train_time:1197.466s step_avg:1204.69ms
step:995/3300 train_loss:3.72494 train_time:1198.665s step_avg:1204.69ms
step:996/3300 train_loss:3.62680 train_time:1199.868s step_avg:1204.69ms
step:997/3300 train_loss:3.67747 train_time:1201.060s step_avg:1204.67ms
step:998/3300 train_loss:3.70070 train_time:1202.261s step_avg:1204.67ms
step:999/3300 train_loss:3.70185 train_time:1203.463s step_avg:1204.67ms
step:1000/3300 train_loss:3.69915 train_time:1204.662s step_avg:1204.66ms
step:1000/3300 val_loss:3.64398 train_time:1204.663s step_avg:1201.70ms
step:1001/3300 train_loss:3.62134 train_time:1205.863s step_avg:1204.66ms
step:1002/3300 train_loss:3.68528 train_time:1207.057s step_avg:1204.65ms
step:1003/3300 train_loss:3.68823 train_time:1208.270s step_avg:1204.66ms
step:1004/3300 train_loss:3.70317 train_time:1209.463s step_avg:1204.64ms
step:1005/3300 train_loss:3.67370 train_time:1210.654s step_avg:1204.63ms
step:1006/3300 train_loss:3.62431 train_time:1211.851s step_avg:1204.62ms
step:1007/3300 train_loss:3.69759 train_time:1213.045s step_avg:1204.61ms
step:1008/3300 train_loss:3.72416 train_time:1214.237s step_avg:1204.60ms
step:1009/3300 train_loss:3.71898 train_time:1215.440s step_avg:1204.60ms
step:1010/3300 train_loss:3.64780 train_time:1216.647s step_avg:1204.60ms
step:1011/3300 train_loss:3.68571 train_time:1217.848s step_avg:1204.60ms
step:1012/3300 train_loss:3.58989 train_time:1219.043s step_avg:1204.59ms
step:1013/3300 train_loss:3.67881 train_time:1220.240s step_avg:1204.58ms
step:1014/3300 train_loss:3.69061 train_time:1221.435s step_avg:1204.57ms
step:1015/3300 train_loss:3.65935 train_time:1222.628s step_avg:1204.56ms
step:1016/3300 train_loss:3.67444 train_time:1223.818s step_avg:1204.55ms
step:1017/3300 train_loss:3.64387 train_time:1225.006s step_avg:1204.53ms
step:1018/3300 train_loss:3.66988 train_time:1226.194s step_avg:1204.51ms
step:1019/3300 train_loss:3.67894 train_time:1227.395s step_avg:1204.51ms
step:1020/3300 train_loss:3.67999 train_time:1228.602s step_avg:1204.51ms
step:1021/3300 train_loss:3.67779 train_time:1229.795s step_avg:1204.50ms
step:1022/3300 train_loss:3.69393 train_time:1230.989s step_avg:1204.49ms
step:1023/3300 train_loss:3.67432 train_time:1232.190s step_avg:1204.49ms
step:1024/3300 train_loss:3.68201 train_time:1233.374s step_avg:1204.47ms
step:1025/3300 train_loss:3.64643 train_time:1234.568s step_avg:1204.46ms
step:1026/3300 train_loss:3.66372 train_time:1235.756s step_avg:1204.44ms
step:1027/3300 train_loss:3.65703 train_time:1236.978s step_avg:1204.46ms
step:1028/3300 train_loss:3.66988 train_time:1238.181s step_avg:1204.46ms
step:1029/3300 train_loss:3.72986 train_time:1239.380s step_avg:1204.45ms
step:1030/3300 train_loss:3.66377 train_time:1240.578s step_avg:1204.44ms
step:1031/3300 train_loss:3.62651 train_time:1241.793s step_avg:1204.46ms
step:1032/3300 train_loss:3.68685 train_time:1243.000s step_avg:1204.46ms
step:1033/3300 train_loss:3.67417 train_time:1244.228s step_avg:1204.48ms
step:1034/3300 train_loss:3.65381 train_time:1245.436s step_avg:1204.48ms
step:1035/3300 train_loss:3.65403 train_time:1246.634s step_avg:1204.48ms
step:1036/3300 train_loss:3.87972 train_time:1247.831s step_avg:1204.47ms
step:1037/3300 train_loss:3.67088 train_time:1249.023s step_avg:1204.46ms
step:1038/3300 train_loss:3.67696 train_time:1250.225s step_avg:1204.46ms
step:1039/3300 train_loss:3.68190 train_time:1251.424s step_avg:1204.45ms
step:1040/3300 train_loss:3.64660 train_time:1252.625s step_avg:1204.45ms
step:1041/3300 train_loss:3.64564 train_time:1253.817s step_avg:1204.44ms
step:1042/3300 train_loss:3.70779 train_time:1255.014s step_avg:1204.43ms
step:1043/3300 train_loss:3.66919 train_time:1256.214s step_avg:1204.42ms
step:1044/3300 train_loss:3.58608 train_time:1257.420s step_avg:1204.43ms
step:1045/3300 train_loss:3.66436 train_time:1258.621s step_avg:1204.42ms
step:1046/3300 train_loss:3.66300 train_time:1259.818s step_avg:1204.42ms
step:1047/3300 train_loss:3.73865 train_time:1261.011s step_avg:1204.40ms
step:1048/3300 train_loss:3.63030 train_time:1262.214s step_avg:1204.40ms
step:1049/3300 train_loss:3.61410 train_time:1263.424s step_avg:1204.41ms
step:1050/3300 train_loss:3.75616 train_time:1264.621s step_avg:1204.40ms
step:1051/3300 train_loss:3.66142 train_time:1265.820s step_avg:1204.40ms
step:1052/3300 train_loss:3.64078 train_time:1267.020s step_avg:1204.39ms
step:1053/3300 train_loss:3.67563 train_time:1268.224s step_avg:1204.39ms
step:1054/3300 train_loss:3.59560 train_time:1269.420s step_avg:1204.38ms
step:1055/3300 train_loss:3.61983 train_time:1270.619s step_avg:1204.38ms
step:1056/3300 train_loss:3.61724 train_time:1271.816s step_avg:1204.37ms
step:1057/3300 train_loss:3.66273 train_time:1273.015s step_avg:1204.37ms
step:1058/3300 train_loss:3.64905 train_time:1274.222s step_avg:1204.37ms
step:1059/3300 train_loss:3.69129 train_time:1275.415s step_avg:1204.36ms
step:1060/3300 train_loss:3.57823 train_time:1276.607s step_avg:1204.35ms
step:1061/3300 train_loss:3.71963 train_time:1277.810s step_avg:1204.35ms
step:1062/3300 train_loss:3.65177 train_time:1279.001s step_avg:1204.33ms
step:1063/3300 train_loss:3.62193 train_time:1280.197s step_avg:1204.32ms
step:1064/3300 train_loss:3.67488 train_time:1281.396s step_avg:1204.32ms
step:1065/3300 train_loss:3.60883 train_time:1282.608s step_avg:1204.33ms
step:1066/3300 train_loss:3.64029 train_time:1283.802s step_avg:1204.32ms
step:1067/3300 train_loss:3.65461 train_time:1285.003s step_avg:1204.31ms
step:1068/3300 train_loss:3.66891 train_time:1286.201s step_avg:1204.31ms
step:1069/3300 train_loss:3.65418 train_time:1287.408s step_avg:1204.31ms
step:1070/3300 train_loss:3.67074 train_time:1288.625s step_avg:1204.32ms
step:1071/3300 train_loss:3.59148 train_time:1289.824s step_avg:1204.32ms
step:1072/3300 train_loss:3.68104 train_time:1291.020s step_avg:1204.31ms
step:1073/3300 train_loss:3.56912 train_time:1292.231s step_avg:1204.32ms
step:1074/3300 train_loss:3.66651 train_time:1293.422s step_avg:1204.30ms
step:1075/3300 train_loss:3.63412 train_time:1294.624s step_avg:1204.30ms
step:1076/3300 train_loss:3.71164 train_time:1295.831s step_avg:1204.30ms
step:1077/3300 train_loss:3.67373 train_time:1297.030s step_avg:1204.30ms
step:1078/3300 train_loss:3.61446 train_time:1298.226s step_avg:1204.29ms
step:1079/3300 train_loss:3.65006 train_time:1299.422s step_avg:1204.28ms
step:1080/3300 train_loss:3.64679 train_time:1300.619s step_avg:1204.28ms
step:1081/3300 train_loss:3.62221 train_time:1301.826s step_avg:1204.28ms
step:1082/3300 train_loss:3.62218 train_time:1303.035s step_avg:1204.28ms
step:1083/3300 train_loss:3.65734 train_time:1304.236s step_avg:1204.28ms
step:1084/3300 train_loss:3.62844 train_time:1305.473s step_avg:1204.31ms
step:1085/3300 train_loss:3.64434 train_time:1306.673s step_avg:1204.31ms
step:1086/3300 train_loss:3.65654 train_time:1307.874s step_avg:1204.30ms
step:1087/3300 train_loss:3.63134 train_time:1309.064s step_avg:1204.29ms
step:1088/3300 train_loss:3.61781 train_time:1310.269s step_avg:1204.29ms
step:1089/3300 train_loss:3.60779 train_time:1311.466s step_avg:1204.28ms
step:1090/3300 train_loss:3.66600 train_time:1312.668s step_avg:1204.28ms
step:1091/3300 train_loss:3.64041 train_time:1313.871s step_avg:1204.28ms
step:1092/3300 train_loss:3.59943 train_time:1315.068s step_avg:1204.28ms
step:1093/3300 train_loss:3.64621 train_time:1316.266s step_avg:1204.27ms
step:1094/3300 train_loss:3.67792 train_time:1317.470s step_avg:1204.27ms
step:1095/3300 train_loss:3.58307 train_time:1318.668s step_avg:1204.26ms
step:1096/3300 train_loss:3.61161 train_time:1319.878s step_avg:1204.27ms
step:1097/3300 train_loss:3.67783 train_time:1321.093s step_avg:1204.28ms
step:1098/3300 train_loss:3.68166 train_time:1322.294s step_avg:1204.28ms
step:1099/3300 train_loss:3.67918 train_time:1323.508s step_avg:1204.28ms
step:1100/3300 train_loss:3.65771 train_time:1324.705s step_avg:1204.28ms
step:1101/3300 train_loss:3.65883 train_time:1325.906s step_avg:1204.27ms
step:1102/3300 train_loss:3.65821 train_time:1327.115s step_avg:1204.28ms
step:1103/3300 train_loss:3.65058 train_time:1328.308s step_avg:1204.27ms
step:1104/3300 train_loss:3.70541 train_time:1329.520s step_avg:1204.28ms
step:1105/3300 train_loss:3.75638 train_time:1330.717s step_avg:1204.27ms
step:1106/3300 train_loss:3.68029 train_time:1331.913s step_avg:1204.26ms
step:1107/3300 train_loss:3.67815 train_time:1333.112s step_avg:1204.26ms
step:1108/3300 train_loss:3.62088 train_time:1334.319s step_avg:1204.26ms
step:1109/3300 train_loss:3.63231 train_time:1335.516s step_avg:1204.25ms
step:1110/3300 train_loss:3.59146 train_time:1336.708s step_avg:1204.24ms
step:1111/3300 train_loss:3.54996 train_time:1337.902s step_avg:1204.23ms
step:1112/3300 train_loss:3.58405 train_time:1339.103s step_avg:1204.23ms
step:1113/3300 train_loss:3.69225 train_time:1340.301s step_avg:1204.22ms
step:1114/3300 train_loss:3.65914 train_time:1341.500s step_avg:1204.22ms
step:1115/3300 train_loss:3.68276 train_time:1342.711s step_avg:1204.22ms
step:1116/3300 train_loss:3.69968 train_time:1343.934s step_avg:1204.24ms
step:1117/3300 train_loss:3.70750 train_time:1345.130s step_avg:1204.23ms
step:1118/3300 train_loss:3.62990 train_time:1346.320s step_avg:1204.22ms
step:1119/3300 train_loss:3.62441 train_time:1347.521s step_avg:1204.22ms
step:1120/3300 train_loss:3.72078 train_time:1348.724s step_avg:1204.22ms
step:1121/3300 train_loss:3.65221 train_time:1349.922s step_avg:1204.21ms
step:1122/3300 train_loss:3.58855 train_time:1351.116s step_avg:1204.20ms
step:1123/3300 train_loss:3.61782 train_time:1352.308s step_avg:1204.19ms
step:1124/3300 train_loss:3.63280 train_time:1353.502s step_avg:1204.18ms
step:1125/3300 train_loss:3.65122 train_time:1354.693s step_avg:1204.17ms
step:1125/3300 val_loss:3.61774 train_time:1354.694s step_avg:1200.25ms
step:1126/3300 train_loss:3.59967 train_time:1355.890s step_avg:1204.17ms
step:1127/3300 train_loss:3.68418 train_time:1357.083s step_avg:1204.15ms
step:1128/3300 train_loss:3.62794 train_time:1358.282s step_avg:1204.15ms
step:1129/3300 train_loss:3.62856 train_time:1359.485s step_avg:1204.15ms
step:1130/3300 train_loss:3.61245 train_time:1360.693s step_avg:1204.15ms
step:1131/3300 train_loss:3.63992 train_time:1361.903s step_avg:1204.16ms
step:1132/3300 train_loss:3.63248 train_time:1363.099s step_avg:1204.15ms
step:1133/3300 train_loss:3.68764 train_time:1364.304s step_avg:1204.15ms
step:1134/3300 train_loss:3.64588 train_time:1365.496s step_avg:1204.14ms
step:1135/3300 train_loss:3.67346 train_time:1366.686s step_avg:1204.13ms
step:1136/3300 train_loss:3.61400 train_time:1367.881s step_avg:1204.12ms
step:1137/3300 train_loss:3.72807 train_time:1369.085s step_avg:1204.12ms
step:1138/3300 train_loss:3.60129 train_time:1370.295s step_avg:1204.13ms
step:1139/3300 train_loss:3.64438 train_time:1371.487s step_avg:1204.12ms
step:1140/3300 train_loss:3.62667 train_time:1372.695s step_avg:1204.12ms
step:1141/3300 train_loss:3.68925 train_time:1373.924s step_avg:1204.14ms
step:1142/3300 train_loss:3.63181 train_time:1375.131s step_avg:1204.14ms
step:1143/3300 train_loss:3.60866 train_time:1376.330s step_avg:1204.14ms
step:1144/3300 train_loss:3.62018 train_time:1377.528s step_avg:1204.13ms
step:1145/3300 train_loss:3.66948 train_time:1378.723s step_avg:1204.13ms
step:1146/3300 train_loss:3.71673 train_time:1379.921s step_avg:1204.12ms
step:1147/3300 train_loss:3.66210 train_time:1381.135s step_avg:1204.13ms
step:1148/3300 train_loss:3.70001 train_time:1382.351s step_avg:1204.14ms
step:1149/3300 train_loss:3.60482 train_time:1383.550s step_avg:1204.13ms
step:1150/3300 train_loss:3.58902 train_time:1384.751s step_avg:1204.13ms
step:1151/3300 train_loss:3.61346 train_time:1385.957s step_avg:1204.13ms
step:1152/3300 train_loss:3.69535 train_time:1387.153s step_avg:1204.13ms
step:1153/3300 train_loss:3.59266 train_time:1388.345s step_avg:1204.12ms
step:1154/3300 train_loss:3.63446 train_time:1389.543s step_avg:1204.11ms
step:1155/3300 train_loss:3.67512 train_time:1390.740s step_avg:1204.10ms
step:1156/3300 train_loss:3.66489 train_time:1391.923s step_avg:1204.09ms
step:1157/3300 train_loss:3.63014 train_time:1393.115s step_avg:1204.08ms
step:1158/3300 train_loss:3.67669 train_time:1394.307s step_avg:1204.06ms
step:1159/3300 train_loss:3.63558 train_time:1395.499s step_avg:1204.05ms
step:1160/3300 train_loss:3.60728 train_time:1396.683s step_avg:1204.04ms
step:1161/3300 train_loss:3.54897 train_time:1397.877s step_avg:1204.03ms
step:1162/3300 train_loss:3.65131 train_time:1399.069s step_avg:1204.02ms
step:1163/3300 train_loss:3.61502 train_time:1400.264s step_avg:1204.01ms
step:1164/3300 train_loss:3.59022 train_time:1401.460s step_avg:1204.00ms
step:1165/3300 train_loss:3.62705 train_time:1402.643s step_avg:1203.99ms
step:1166/3300 train_loss:3.63575 train_time:1403.837s step_avg:1203.98ms
step:1167/3300 train_loss:3.64859 train_time:1405.028s step_avg:1203.97ms
step:1168/3300 train_loss:3.64461 train_time:1406.224s step_avg:1203.96ms
step:1169/3300 train_loss:3.58868 train_time:1407.428s step_avg:1203.96ms
step:1170/3300 train_loss:3.65582 train_time:1408.621s step_avg:1203.95ms
step:1171/3300 train_loss:3.56309 train_time:1409.814s step_avg:1203.94ms
step:1172/3300 train_loss:3.61660 train_time:1411.007s step_avg:1203.93ms
step:1173/3300 train_loss:3.77008 train_time:1412.207s step_avg:1203.93ms
step:1174/3300 train_loss:3.59386 train_time:1413.404s step_avg:1203.92ms
step:1175/3300 train_loss:3.61339 train_time:1414.609s step_avg:1203.92ms
step:1176/3300 train_loss:3.57692 train_time:1415.818s step_avg:1203.93ms
step:1177/3300 train_loss:3.63032 train_time:1417.013s step_avg:1203.92ms
step:1178/3300 train_loss:3.60682 train_time:1418.202s step_avg:1203.91ms
step:1179/3300 train_loss:3.69341 train_time:1419.387s step_avg:1203.89ms
step:1180/3300 train_loss:3.61093 train_time:1420.586s step_avg:1203.89ms
step:1181/3300 train_loss:3.58401 train_time:1421.782s step_avg:1203.88ms
step:1182/3300 train_loss:3.62233 train_time:1422.993s step_avg:1203.89ms
step:1183/3300 train_loss:3.60706 train_time:1424.199s step_avg:1203.89ms
step:1184/3300 train_loss:3.59420 train_time:1425.407s step_avg:1203.89ms
step:1185/3300 train_loss:3.64176 train_time:1426.606s step_avg:1203.89ms
step:1186/3300 train_loss:3.55948 train_time:1427.801s step_avg:1203.88ms
step:1187/3300 train_loss:3.64742 train_time:1428.991s step_avg:1203.87ms
step:1188/3300 train_loss:3.62968 train_time:1430.193s step_avg:1203.87ms
step:1189/3300 train_loss:3.63006 train_time:1431.393s step_avg:1203.86ms
step:1190/3300 train_loss:3.62822 train_time:1432.609s step_avg:1203.87ms
step:1191/3300 train_loss:3.74882 train_time:1433.807s step_avg:1203.87ms
step:1192/3300 train_loss:3.69734 train_time:1435.018s step_avg:1203.87ms
step:1193/3300 train_loss:3.59328 train_time:1436.225s step_avg:1203.88ms
step:1194/3300 train_loss:3.62727 train_time:1437.417s step_avg:1203.87ms
step:1195/3300 train_loss:3.61471 train_time:1438.616s step_avg:1203.86ms
step:1196/3300 train_loss:3.61545 train_time:1439.815s step_avg:1203.86ms
step:1197/3300 train_loss:3.69818 train_time:1441.017s step_avg:1203.86ms
step:1198/3300 train_loss:3.63987 train_time:1442.216s step_avg:1203.85ms
step:1199/3300 train_loss:3.59105 train_time:1443.408s step_avg:1203.84ms
step:1200/3300 train_loss:3.59831 train_time:1444.595s step_avg:1203.83ms
step:1201/3300 train_loss:3.64026 train_time:1445.793s step_avg:1203.82ms
step:1202/3300 train_loss:3.64336 train_time:1446.983s step_avg:1203.81ms
step:1203/3300 train_loss:3.57890 train_time:1448.172s step_avg:1203.80ms
step:1204/3300 train_loss:3.63907 train_time:1449.373s step_avg:1203.80ms
step:1205/3300 train_loss:3.63692 train_time:1450.567s step_avg:1203.79ms
step:1206/3300 train_loss:3.56452 train_time:1451.767s step_avg:1203.79ms
step:1207/3300 train_loss:3.66787 train_time:1452.968s step_avg:1203.78ms
step:1208/3300 train_loss:3.60397 train_time:1454.215s step_avg:1203.82ms
step:1209/3300 train_loss:3.61090 train_time:1455.412s step_avg:1203.81ms
step:1210/3300 train_loss:3.59170 train_time:1456.611s step_avg:1203.81ms
step:1211/3300 train_loss:3.65762 train_time:1457.806s step_avg:1203.80ms
step:1212/3300 train_loss:3.58208 train_time:1459.004s step_avg:1203.80ms
step:1213/3300 train_loss:3.60939 train_time:1460.198s step_avg:1203.79ms
step:1214/3300 train_loss:3.56942 train_time:1461.404s step_avg:1203.79ms
step:1215/3300 train_loss:3.60790 train_time:1462.600s step_avg:1203.79ms
step:1216/3300 train_loss:3.59024 train_time:1463.799s step_avg:1203.78ms
step:1217/3300 train_loss:3.58096 train_time:1465.007s step_avg:1203.79ms
step:1218/3300 train_loss:3.59431 train_time:1466.208s step_avg:1203.78ms
step:1219/3300 train_loss:3.69259 train_time:1467.407s step_avg:1203.78ms
step:1220/3300 train_loss:3.63860 train_time:1468.608s step_avg:1203.78ms
step:1221/3300 train_loss:3.59128 train_time:1469.800s step_avg:1203.77ms
step:1222/3300 train_loss:3.64963 train_time:1471.001s step_avg:1203.77ms
step:1223/3300 train_loss:3.60138 train_time:1472.195s step_avg:1203.76ms
step:1224/3300 train_loss:3.62057 train_time:1473.394s step_avg:1203.75ms
step:1225/3300 train_loss:3.57222 train_time:1474.590s step_avg:1203.75ms
step:1226/3300 train_loss:3.61735 train_time:1475.791s step_avg:1203.74ms
step:1227/3300 train_loss:3.60685 train_time:1476.991s step_avg:1203.74ms
step:1228/3300 train_loss:3.58717 train_time:1478.192s step_avg:1203.74ms
step:1229/3300 train_loss:3.60398 train_time:1479.392s step_avg:1203.74ms
step:1230/3300 train_loss:3.57851 train_time:1480.600s step_avg:1203.74ms
step:1231/3300 train_loss:3.65662 train_time:1481.796s step_avg:1203.73ms
step:1232/3300 train_loss:3.61324 train_time:1483.004s step_avg:1203.74ms
step:1233/3300 train_loss:3.57446 train_time:1484.202s step_avg:1203.73ms
step:1234/3300 train_loss:3.64751 train_time:1485.401s step_avg:1203.73ms
step:1235/3300 train_loss:3.61000 train_time:1486.595s step_avg:1203.72ms
step:1236/3300 train_loss:3.61994 train_time:1487.788s step_avg:1203.71ms
step:1237/3300 train_loss:3.57318 train_time:1488.975s step_avg:1203.70ms
step:1238/3300 train_loss:3.56666 train_time:1490.175s step_avg:1203.70ms
step:1239/3300 train_loss:3.62729 train_time:1491.371s step_avg:1203.69ms
step:1240/3300 train_loss:3.55793 train_time:1492.574s step_avg:1203.69ms
step:1241/3300 train_loss:3.67144 train_time:1493.772s step_avg:1203.68ms
step:1242/3300 train_loss:3.69306 train_time:1495.022s step_avg:1203.72ms
step:1243/3300 train_loss:3.62938 train_time:1496.219s step_avg:1203.72ms
step:1244/3300 train_loss:3.59516 train_time:1497.416s step_avg:1203.71ms
step:1245/3300 train_loss:3.61751 train_time:1498.615s step_avg:1203.71ms
step:1246/3300 train_loss:3.56090 train_time:1499.825s step_avg:1203.71ms
step:1247/3300 train_loss:3.56922 train_time:1501.037s step_avg:1203.72ms
step:1248/3300 train_loss:3.63103 train_time:1502.249s step_avg:1203.73ms
step:1249/3300 train_loss:3.59583 train_time:1503.493s step_avg:1203.76ms
step:1250/3300 train_loss:3.53871 train_time:1504.710s step_avg:1203.77ms
step:1250/3300 val_loss:3.58408 train_time:1504.710s step_avg:1200.13ms
step:1251/3300 train_loss:3.57731 train_time:1505.907s step_avg:1203.76ms
step:1252/3300 train_loss:3.58649 train_time:1507.100s step_avg:1203.75ms
step:1253/3300 train_loss:3.61583 train_time:1508.296s step_avg:1203.75ms
step:1254/3300 train_loss:3.62898 train_time:1509.496s step_avg:1203.74ms
step:1255/3300 train_loss:3.62319 train_time:1510.694s step_avg:1203.74ms
step:1256/3300 train_loss:3.60889 train_time:1511.896s step_avg:1203.74ms
step:1257/3300 train_loss:3.56866 train_time:1513.096s step_avg:1203.74ms
step:1258/3300 train_loss:3.78718 train_time:1514.293s step_avg:1203.73ms
step:1259/3300 train_loss:3.61721 train_time:1515.490s step_avg:1203.73ms
step:1260/3300 train_loss:3.57323 train_time:1516.702s step_avg:1203.73ms
step:1261/3300 train_loss:3.60248 train_time:1517.902s step_avg:1203.73ms
step:1262/3300 train_loss:3.63076 train_time:1519.097s step_avg:1203.72ms
step:1263/3300 train_loss:3.59807 train_time:1520.296s step_avg:1203.72ms
step:1264/3300 train_loss:3.58292 train_time:1521.506s step_avg:1203.72ms
step:1265/3300 train_loss:3.61455 train_time:1522.706s step_avg:1203.72ms
step:1266/3300 train_loss:3.59688 train_time:1523.905s step_avg:1203.72ms
step:1267/3300 train_loss:3.53053 train_time:1525.100s step_avg:1203.71ms
step:1268/3300 train_loss:3.55140 train_time:1526.299s step_avg:1203.71ms
step:1269/3300 train_loss:3.57616 train_time:1527.503s step_avg:1203.71ms
step:1270/3300 train_loss:3.62166 train_time:1528.699s step_avg:1203.70ms
step:1271/3300 train_loss:3.58447 train_time:1529.898s step_avg:1203.70ms
step:1272/3300 train_loss:3.61289 train_time:1531.096s step_avg:1203.69ms
step:1273/3300 train_loss:3.62528 train_time:1532.293s step_avg:1203.69ms
step:1274/3300 train_loss:3.63676 train_time:1533.505s step_avg:1203.69ms
step:1275/3300 train_loss:3.55342 train_time:1534.714s step_avg:1203.70ms
step:1276/3300 train_loss:3.62154 train_time:1535.917s step_avg:1203.70ms
step:1277/3300 train_loss:3.56252 train_time:1537.147s step_avg:1203.72ms
step:1278/3300 train_loss:3.63561 train_time:1538.352s step_avg:1203.72ms
step:1279/3300 train_loss:3.58590 train_time:1539.545s step_avg:1203.71ms
step:1280/3300 train_loss:3.63617 train_time:1540.740s step_avg:1203.70ms
step:1281/3300 train_loss:3.60809 train_time:1541.946s step_avg:1203.70ms
step:1282/3300 train_loss:3.64584 train_time:1543.155s step_avg:1203.71ms
step:1283/3300 train_loss:3.53366 train_time:1544.357s step_avg:1203.71ms
step:1284/3300 train_loss:3.57287 train_time:1545.568s step_avg:1203.71ms
step:1285/3300 train_loss:3.59196 train_time:1546.759s step_avg:1203.70ms
step:1286/3300 train_loss:3.69431 train_time:1547.965s step_avg:1203.71ms
step:1287/3300 train_loss:3.61052 train_time:1549.162s step_avg:1203.70ms
step:1288/3300 train_loss:3.59777 train_time:1550.361s step_avg:1203.70ms
step:1289/3300 train_loss:3.57133 train_time:1551.568s step_avg:1203.70ms
step:1290/3300 train_loss:3.57504 train_time:1552.767s step_avg:1203.70ms
step:1291/3300 train_loss:3.58719 train_time:1553.962s step_avg:1203.69ms
step:1292/3300 train_loss:3.64301 train_time:1555.171s step_avg:1203.69ms
step:1293/3300 train_loss:3.62871 train_time:1556.365s step_avg:1203.69ms
step:1294/3300 train_loss:3.59376 train_time:1557.562s step_avg:1203.68ms
step:1295/3300 train_loss:3.62944 train_time:1558.764s step_avg:1203.68ms
step:1296/3300 train_loss:3.66185 train_time:1559.963s step_avg:1203.68ms
step:1297/3300 train_loss:3.55425 train_time:1561.161s step_avg:1203.67ms
step:1298/3300 train_loss:3.64251 train_time:1562.362s step_avg:1203.67ms
step:1299/3300 train_loss:3.57142 train_time:1563.556s step_avg:1203.66ms
step:1300/3300 train_loss:3.61452 train_time:1564.749s step_avg:1203.65ms
step:1301/3300 train_loss:3.62560 train_time:1565.976s step_avg:1203.67ms
step:1302/3300 train_loss:3.62832 train_time:1567.173s step_avg:1203.67ms
step:1303/3300 train_loss:3.61841 train_time:1568.363s step_avg:1203.66ms
step:1304/3300 train_loss:3.59278 train_time:1569.562s step_avg:1203.65ms
step:1305/3300 train_loss:3.54588 train_time:1570.761s step_avg:1203.65ms
step:1306/3300 train_loss:3.59420 train_time:1571.959s step_avg:1203.64ms
step:1307/3300 train_loss:3.54451 train_time:1573.172s step_avg:1203.65ms
step:1308/3300 train_loss:3.57373 train_time:1574.364s step_avg:1203.64ms
step:1309/3300 train_loss:3.66671 train_time:1575.576s step_avg:1203.65ms
step:1310/3300 train_loss:3.52647 train_time:1576.800s step_avg:1203.66ms
step:1311/3300 train_loss:3.58647 train_time:1577.998s step_avg:1203.66ms
step:1312/3300 train_loss:3.58601 train_time:1579.197s step_avg:1203.66ms
step:1313/3300 train_loss:3.56419 train_time:1580.395s step_avg:1203.65ms
step:1314/3300 train_loss:3.49541 train_time:1581.598s step_avg:1203.65ms
step:1315/3300 train_loss:3.64981 train_time:1582.811s step_avg:1203.66ms
step:1316/3300 train_loss:3.64804 train_time:1584.005s step_avg:1203.65ms
step:1317/3300 train_loss:3.58676 train_time:1585.208s step_avg:1203.65ms
step:1318/3300 train_loss:3.57164 train_time:1586.405s step_avg:1203.65ms
step:1319/3300 train_loss:3.67045 train_time:1587.604s step_avg:1203.64ms
step:1320/3300 train_loss:3.62185 train_time:1588.805s step_avg:1203.64ms
step:1321/3300 train_loss:3.72207 train_time:1590.005s step_avg:1203.64ms
step:1322/3300 train_loss:3.56851 train_time:1591.213s step_avg:1203.64ms
step:1323/3300 train_loss:3.63171 train_time:1592.409s step_avg:1203.64ms
step:1324/3300 train_loss:3.64211 train_time:1593.629s step_avg:1203.65ms
step:1325/3300 train_loss:3.56258 train_time:1594.836s step_avg:1203.65ms
step:1326/3300 train_loss:3.56095 train_time:1596.039s step_avg:1203.65ms
step:1327/3300 train_loss:3.60351 train_time:1597.270s step_avg:1203.67ms
step:1328/3300 train_loss:3.50713 train_time:1598.461s step_avg:1203.66ms
step:1329/3300 train_loss:3.60728 train_time:1599.656s step_avg:1203.65ms
step:1330/3300 train_loss:3.63078 train_time:1600.859s step_avg:1203.65ms
step:1331/3300 train_loss:3.61601 train_time:1602.100s step_avg:1203.68ms
step:1332/3300 train_loss:3.68346 train_time:1603.303s step_avg:1203.68ms
step:1333/3300 train_loss:3.61088 train_time:1604.507s step_avg:1203.68ms
step:1334/3300 train_loss:3.61381 train_time:1605.704s step_avg:1203.68ms
step:1335/3300 train_loss:3.65921 train_time:1606.911s step_avg:1203.68ms
step:1336/3300 train_loss:3.60436 train_time:1608.112s step_avg:1203.68ms
step:1337/3300 train_loss:3.60807 train_time:1609.304s step_avg:1203.67ms
step:1338/3300 train_loss:3.59561 train_time:1610.502s step_avg:1203.66ms
step:1339/3300 train_loss:3.58468 train_time:1611.703s step_avg:1203.66ms
step:1340/3300 train_loss:3.60578 train_time:1612.911s step_avg:1203.66ms
step:1341/3300 train_loss:3.61103 train_time:1614.118s step_avg:1203.67ms
step:1342/3300 train_loss:3.67784 train_time:1615.319s step_avg:1203.67ms
step:1343/3300 train_loss:3.61930 train_time:1616.516s step_avg:1203.66ms
step:1344/3300 train_loss:3.57185 train_time:1617.712s step_avg:1203.65ms
step:1345/3300 train_loss:3.50299 train_time:1618.907s step_avg:1203.65ms
step:1346/3300 train_loss:3.57708 train_time:1620.107s step_avg:1203.65ms
step:1347/3300 train_loss:3.60066 train_time:1621.310s step_avg:1203.64ms
step:1348/3300 train_loss:3.59481 train_time:1622.519s step_avg:1203.65ms
step:1349/3300 train_loss:3.57689 train_time:1623.753s step_avg:1203.67ms
step:1350/3300 train_loss:3.60341 train_time:1624.982s step_avg:1203.69ms
step:1351/3300 train_loss:3.63016 train_time:1626.182s step_avg:1203.69ms
step:1352/3300 train_loss:3.55493 train_time:1627.416s step_avg:1203.71ms
step:1353/3300 train_loss:3.59723 train_time:1628.630s step_avg:1203.72ms
step:1354/3300 train_loss:3.58053 train_time:1629.832s step_avg:1203.72ms
step:1355/3300 train_loss:3.52254 train_time:1631.028s step_avg:1203.71ms
step:1356/3300 train_loss:3.62134 train_time:1632.241s step_avg:1203.72ms
step:1357/3300 train_loss:3.76851 train_time:1633.430s step_avg:1203.71ms
step:1358/3300 train_loss:3.60064 train_time:1634.638s step_avg:1203.71ms
step:1359/3300 train_loss:3.52846 train_time:1635.828s step_avg:1203.70ms
step:1360/3300 train_loss:3.56443 train_time:1637.035s step_avg:1203.70ms
step:1361/3300 train_loss:3.53631 train_time:1638.230s step_avg:1203.70ms
step:1362/3300 train_loss:3.58039 train_time:1639.425s step_avg:1203.69ms
step:1363/3300 train_loss:3.52588 train_time:1640.626s step_avg:1203.69ms
step:1364/3300 train_loss:3.53791 train_time:1641.826s step_avg:1203.69ms
step:1365/3300 train_loss:3.57989 train_time:1643.034s step_avg:1203.69ms
step:1366/3300 train_loss:3.59993 train_time:1644.234s step_avg:1203.69ms
step:1367/3300 train_loss:3.58128 train_time:1645.441s step_avg:1203.69ms
step:1368/3300 train_loss:3.64673 train_time:1646.655s step_avg:1203.70ms
step:1369/3300 train_loss:3.58509 train_time:1647.848s step_avg:1203.69ms
step:1370/3300 train_loss:3.65362 train_time:1649.046s step_avg:1203.68ms
step:1371/3300 train_loss:3.57636 train_time:1650.248s step_avg:1203.68ms
step:1372/3300 train_loss:3.61630 train_time:1651.461s step_avg:1203.69ms
step:1373/3300 train_loss:3.59491 train_time:1652.668s step_avg:1203.69ms
step:1374/3300 train_loss:3.55714 train_time:1653.866s step_avg:1203.69ms
step:1375/3300 train_loss:3.58053 train_time:1655.072s step_avg:1203.69ms
step:1375/3300 val_loss:3.55761 train_time:1655.072s step_avg:1202.89ms
step:1376/3300 train_loss:3.61959 train_time:1656.268s step_avg:1203.68ms
step:1377/3300 train_loss:3.57327 train_time:1657.464s step_avg:1203.68ms
step:1378/3300 train_loss:3.60199 train_time:1658.662s step_avg:1203.67ms
step:1379/3300 train_loss:3.52017 train_time:1659.864s step_avg:1203.67ms
step:1380/3300 train_loss:3.51334 train_time:1661.073s step_avg:1203.68ms
step:1381/3300 train_loss:3.63028 train_time:1662.272s step_avg:1203.67ms
step:1382/3300 train_loss:3.58335 train_time:1663.468s step_avg:1203.67ms
step:1383/3300 train_loss:3.58302 train_time:1664.651s step_avg:1203.65ms
step:1384/3300 train_loss:3.55959 train_time:1665.846s step_avg:1203.65ms
step:1385/3300 train_loss:3.53811 train_time:1667.037s step_avg:1203.64ms
step:1386/3300 train_loss:3.60204 train_time:1668.236s step_avg:1203.63ms
step:1387/3300 train_loss:3.59239 train_time:1669.441s step_avg:1203.63ms
step:1388/3300 train_loss:3.57434 train_time:1670.645s step_avg:1203.63ms
step:1389/3300 train_loss:3.60529 train_time:1671.841s step_avg:1203.63ms
step:1390/3300 train_loss:3.58402 train_time:1673.040s step_avg:1203.63ms
step:1391/3300 train_loss:3.62697 train_time:1674.239s step_avg:1203.62ms
step:1392/3300 train_loss:3.57698 train_time:1675.440s step_avg:1203.62ms
step:1393/3300 train_loss:3.57806 train_time:1676.638s step_avg:1203.62ms
step:1394/3300 train_loss:3.62537 train_time:1677.840s step_avg:1203.62ms
step:1395/3300 train_loss:3.58241 train_time:1679.040s step_avg:1203.61ms
step:1396/3300 train_loss:3.58114 train_time:1680.244s step_avg:1203.61ms
step:1397/3300 train_loss:3.55015 train_time:1681.447s step_avg:1203.61ms
step:1398/3300 train_loss:3.55748 train_time:1682.643s step_avg:1203.61ms
step:1399/3300 train_loss:3.53903 train_time:1683.839s step_avg:1203.60ms
step:1400/3300 train_loss:3.57950 train_time:1685.040s step_avg:1203.60ms
step:1401/3300 train_loss:3.53453 train_time:1686.236s step_avg:1203.59ms
step:1402/3300 train_loss:3.57376 train_time:1687.431s step_avg:1203.59ms
step:1403/3300 train_loss:3.60776 train_time:1688.623s step_avg:1203.58ms
step:1404/3300 train_loss:3.55625 train_time:1689.848s step_avg:1203.60ms
step:1405/3300 train_loss:3.51962 train_time:1691.079s step_avg:1203.62ms
step:1406/3300 train_loss:3.56826 train_time:1692.278s step_avg:1203.61ms
step:1407/3300 train_loss:3.58665 train_time:1693.479s step_avg:1203.61ms
step:1408/3300 train_loss:3.63800 train_time:1694.703s step_avg:1203.62ms
step:1409/3300 train_loss:3.57036 train_time:1695.899s step_avg:1203.62ms
step:1410/3300 train_loss:3.58310 train_time:1697.101s step_avg:1203.62ms
step:1411/3300 train_loss:3.57689 train_time:1698.299s step_avg:1203.61ms
step:1412/3300 train_loss:3.60146 train_time:1699.510s step_avg:1203.62ms
step:1413/3300 train_loss:3.57562 train_time:1700.713s step_avg:1203.62ms
step:1414/3300 train_loss:3.51561 train_time:1701.917s step_avg:1203.62ms
step:1415/3300 train_loss:3.57092 train_time:1703.119s step_avg:1203.62ms
step:1416/3300 train_loss:3.55230 train_time:1704.326s step_avg:1203.62ms
step:1417/3300 train_loss:3.57231 train_time:1705.534s step_avg:1203.62ms
step:1418/3300 train_loss:3.58398 train_time:1706.733s step_avg:1203.62ms
step:1419/3300 train_loss:3.68082 train_time:1707.937s step_avg:1203.62ms
step:1420/3300 train_loss:3.57430 train_time:1709.143s step_avg:1203.62ms
step:1421/3300 train_loss:3.53470 train_time:1710.345s step_avg:1203.62ms
step:1422/3300 train_loss:3.55633 train_time:1711.542s step_avg:1203.62ms
step:1423/3300 train_loss:3.53367 train_time:1712.775s step_avg:1203.64ms
step:1424/3300 train_loss:3.55481 train_time:1713.999s step_avg:1203.65ms
step:1425/3300 train_loss:3.53840 train_time:1715.213s step_avg:1203.66ms
step:1426/3300 train_loss:3.57647 train_time:1716.407s step_avg:1203.65ms
step:1427/3300 train_loss:3.56507 train_time:1717.602s step_avg:1203.65ms
step:1428/3300 train_loss:3.56907 train_time:1718.809s step_avg:1203.65ms
step:1429/3300 train_loss:3.58319 train_time:1720.007s step_avg:1203.64ms
step:1430/3300 train_loss:3.51693 train_time:1721.204s step_avg:1203.64ms
step:1431/3300 train_loss:3.52226 train_time:1722.401s step_avg:1203.63ms
step:1432/3300 train_loss:3.59270 train_time:1723.600s step_avg:1203.63ms
step:1433/3300 train_loss:3.51159 train_time:1724.803s step_avg:1203.63ms
step:1434/3300 train_loss:3.52584 train_time:1726.008s step_avg:1203.63ms
step:1435/3300 train_loss:3.52368 train_time:1727.201s step_avg:1203.62ms
step:1436/3300 train_loss:3.50678 train_time:1728.401s step_avg:1203.62ms
step:1437/3300 train_loss:3.64144 train_time:1729.599s step_avg:1203.62ms
step:1438/3300 train_loss:3.59067 train_time:1730.808s step_avg:1203.62ms
step:1439/3300 train_loss:3.54208 train_time:1732.005s step_avg:1203.62ms
step:1440/3300 train_loss:3.48498 train_time:1733.206s step_avg:1203.62ms
step:1441/3300 train_loss:3.53129 train_time:1734.403s step_avg:1203.61ms
step:1442/3300 train_loss:3.53785 train_time:1735.604s step_avg:1203.61ms
step:1443/3300 train_loss:3.57050 train_time:1736.804s step_avg:1203.61ms
step:1444/3300 train_loss:3.55273 train_time:1738.005s step_avg:1203.60ms
step:1445/3300 train_loss:3.54793 train_time:1739.208s step_avg:1203.60ms
step:1446/3300 train_loss:3.58845 train_time:1740.405s step_avg:1203.60ms
step:1447/3300 train_loss:3.52238 train_time:1741.609s step_avg:1203.60ms
step:1448/3300 train_loss:3.54544 train_time:1742.802s step_avg:1203.59ms
step:1449/3300 train_loss:3.55146 train_time:1744.005s step_avg:1203.59ms
step:1450/3300 train_loss:3.55892 train_time:1745.201s step_avg:1203.59ms
step:1451/3300 train_loss:3.50094 train_time:1746.400s step_avg:1203.58ms
step:1452/3300 train_loss:3.54278 train_time:1747.607s step_avg:1203.59ms
step:1453/3300 train_loss:3.49352 train_time:1748.813s step_avg:1203.59ms
step:1454/3300 train_loss:3.60447 train_time:1750.005s step_avg:1203.58ms
step:1455/3300 train_loss:3.58425 train_time:1751.209s step_avg:1203.58ms
step:1456/3300 train_loss:3.52860 train_time:1752.414s step_avg:1203.58ms
step:1457/3300 train_loss:3.55834 train_time:1753.603s step_avg:1203.57ms
step:1458/3300 train_loss:3.58335 train_time:1754.810s step_avg:1203.57ms
step:1459/3300 train_loss:3.58227 train_time:1756.012s step_avg:1203.57ms
step:1460/3300 train_loss:3.50887 train_time:1757.201s step_avg:1203.56ms
step:1461/3300 train_loss:3.54784 train_time:1758.403s step_avg:1203.56ms
step:1462/3300 train_loss:3.48550 train_time:1759.601s step_avg:1203.56ms
step:1463/3300 train_loss:3.63128 train_time:1760.805s step_avg:1203.56ms
step:1464/3300 train_loss:3.54541 train_time:1762.012s step_avg:1203.56ms
step:1465/3300 train_loss:3.54400 train_time:1763.206s step_avg:1203.55ms
step:1466/3300 train_loss:3.55065 train_time:1764.405s step_avg:1203.55ms
step:1467/3300 train_loss:3.52141 train_time:1765.630s step_avg:1203.57ms
step:1468/3300 train_loss:3.53762 train_time:1766.824s step_avg:1203.56ms
step:1469/3300 train_loss:3.54253 train_time:1768.024s step_avg:1203.56ms
step:1470/3300 train_loss:3.46067 train_time:1769.226s step_avg:1203.55ms
step:1471/3300 train_loss:3.50915 train_time:1770.429s step_avg:1203.55ms
step:1472/3300 train_loss:3.59781 train_time:1771.638s step_avg:1203.56ms
step:1473/3300 train_loss:3.57662 train_time:1772.835s step_avg:1203.55ms
step:1474/3300 train_loss:3.52962 train_time:1774.030s step_avg:1203.55ms
step:1475/3300 train_loss:3.50868 train_time:1775.270s step_avg:1203.57ms
step:1476/3300 train_loss:3.53901 train_time:1776.466s step_avg:1203.57ms
step:1477/3300 train_loss:3.48968 train_time:1777.664s step_avg:1203.56ms
step:1478/3300 train_loss:3.54002 train_time:1778.896s step_avg:1203.58ms
step:1479/3300 train_loss:3.58163 train_time:1780.087s step_avg:1203.57ms
step:1480/3300 train_loss:3.57532 train_time:1781.294s step_avg:1203.58ms
step:1481/3300 train_loss:3.60363 train_time:1782.497s step_avg:1203.58ms
step:1482/3300 train_loss:3.53759 train_time:1783.686s step_avg:1203.57ms
step:1483/3300 train_loss:3.53052 train_time:1784.876s step_avg:1203.56ms
step:1484/3300 train_loss:3.52799 train_time:1786.070s step_avg:1203.55ms
step:1485/3300 train_loss:3.51579 train_time:1787.270s step_avg:1203.55ms
step:1486/3300 train_loss:3.55914 train_time:1788.469s step_avg:1203.55ms
step:1487/3300 train_loss:3.59791 train_time:1789.676s step_avg:1203.55ms
step:1488/3300 train_loss:3.53780 train_time:1790.867s step_avg:1203.54ms
step:1489/3300 train_loss:3.52555 train_time:1792.068s step_avg:1203.54ms
step:1490/3300 train_loss:3.55064 train_time:1793.266s step_avg:1203.53ms
step:1491/3300 train_loss:3.52723 train_time:1794.469s step_avg:1203.53ms
step:1492/3300 train_loss:3.46698 train_time:1795.670s step_avg:1203.53ms
step:1493/3300 train_loss:3.58985 train_time:1796.867s step_avg:1203.53ms
step:1494/3300 train_loss:3.50027 train_time:1798.068s step_avg:1203.53ms
step:1495/3300 train_loss:3.47841 train_time:1799.275s step_avg:1203.53ms
step:1496/3300 train_loss:3.50894 train_time:1800.469s step_avg:1203.52ms
step:1497/3300 train_loss:3.55426 train_time:1801.667s step_avg:1203.52ms
step:1498/3300 train_loss:3.48599 train_time:1802.866s step_avg:1203.52ms
step:1499/3300 train_loss:3.51739 train_time:1804.060s step_avg:1203.51ms
step:1500/3300 train_loss:3.56571 train_time:1805.258s step_avg:1203.51ms
step:1500/3300 val_loss:3.52809 train_time:1805.258s step_avg:1201.49ms
step:1501/3300 train_loss:3.43415 train_time:1806.482s step_avg:1203.52ms
step:1502/3300 train_loss:3.48643 train_time:1807.713s step_avg:1203.54ms
step:1503/3300 train_loss:3.46876 train_time:1808.906s step_avg:1203.53ms
step:1504/3300 train_loss:3.50942 train_time:1810.106s step_avg:1203.53ms
step:1505/3300 train_loss:3.50212 train_time:1811.312s step_avg:1203.53ms
step:1506/3300 train_loss:3.52480 train_time:1812.516s step_avg:1203.53ms
step:1507/3300 train_loss:3.46894 train_time:1813.722s step_avg:1203.53ms
step:1508/3300 train_loss:3.53586 train_time:1814.922s step_avg:1203.53ms
step:1509/3300 train_loss:3.53730 train_time:1816.126s step_avg:1203.53ms
step:1510/3300 train_loss:3.50695 train_time:1817.327s step_avg:1203.53ms
step:1511/3300 train_loss:3.56906 train_time:1818.524s step_avg:1203.52ms
step:1512/3300 train_loss:3.52401 train_time:1819.716s step_avg:1203.52ms
step:1513/3300 train_loss:3.52188 train_time:1820.911s step_avg:1203.51ms
step:1514/3300 train_loss:3.59898 train_time:1822.120s step_avg:1203.51ms
step:1515/3300 train_loss:3.53772 train_time:1823.319s step_avg:1203.51ms
step:1516/3300 train_loss:3.59409 train_time:1824.516s step_avg:1203.51ms
step:1517/3300 train_loss:3.49936 train_time:1825.711s step_avg:1203.50ms
step:1518/3300 train_loss:3.53451 train_time:1826.917s step_avg:1203.50ms
step:1519/3300 train_loss:3.58104 train_time:1828.118s step_avg:1203.50ms
step:1520/3300 train_loss:3.46072 train_time:1829.313s step_avg:1203.50ms
step:1521/3300 train_loss:3.51590 train_time:1830.547s step_avg:1203.52ms
step:1522/3300 train_loss:3.51204 train_time:1831.747s step_avg:1203.51ms
step:1523/3300 train_loss:3.54832 train_time:1832.949s step_avg:1203.51ms
step:1524/3300 train_loss:3.56261 train_time:1834.161s step_avg:1203.52ms
step:1525/3300 train_loss:3.56940 train_time:1835.356s step_avg:1203.51ms
step:1526/3300 train_loss:3.55632 train_time:1836.552s step_avg:1203.51ms
step:1527/3300 train_loss:3.48865 train_time:1837.751s step_avg:1203.50ms
step:1528/3300 train_loss:3.59243 train_time:1838.950s step_avg:1203.50ms
step:1529/3300 train_loss:3.52408 train_time:1840.153s step_avg:1203.50ms
step:1530/3300 train_loss:3.52217 train_time:1841.360s step_avg:1203.50ms
step:1531/3300 train_loss:3.53357 train_time:1842.554s step_avg:1203.50ms
step:1532/3300 train_loss:3.57340 train_time:1843.763s step_avg:1203.50ms
step:1533/3300 train_loss:3.56122 train_time:1844.969s step_avg:1203.50ms
step:1534/3300 train_loss:3.53075 train_time:1846.178s step_avg:1203.51ms
step:1535/3300 train_loss:3.53514 train_time:1847.375s step_avg:1203.50ms
step:1536/3300 train_loss:3.50016 train_time:1848.576s step_avg:1203.50ms
step:1537/3300 train_loss:3.58373 train_time:1849.774s step_avg:1203.50ms
step:1538/3300 train_loss:3.53956 train_time:1850.975s step_avg:1203.49ms
step:1539/3300 train_loss:3.63487 train_time:1852.176s step_avg:1203.49ms
step:1540/3300 train_loss:3.49258 train_time:1853.385s step_avg:1203.50ms
step:1541/3300 train_loss:3.49369 train_time:1854.582s step_avg:1203.49ms
step:1542/3300 train_loss:3.51298 train_time:1855.774s step_avg:1203.49ms
step:1543/3300 train_loss:3.53477 train_time:1856.979s step_avg:1203.49ms
step:1544/3300 train_loss:3.49850 train_time:1858.176s step_avg:1203.48ms
step:1545/3300 train_loss:3.55424 train_time:1859.373s step_avg:1203.48ms
step:1546/3300 train_loss:3.53446 train_time:1860.574s step_avg:1203.48ms
step:1547/3300 train_loss:3.53609 train_time:1861.772s step_avg:1203.47ms
step:1548/3300 train_loss:3.55723 train_time:1862.972s step_avg:1203.47ms
step:1549/3300 train_loss:3.55216 train_time:1864.171s step_avg:1203.47ms
step:1550/3300 train_loss:3.55341 train_time:1865.367s step_avg:1203.46ms
step:1551/3300 train_loss:3.49694 train_time:1866.557s step_avg:1203.45ms
step:1552/3300 train_loss:3.54706 train_time:1867.761s step_avg:1203.45ms
step:1553/3300 train_loss:3.54225 train_time:1868.952s step_avg:1203.45ms
step:1554/3300 train_loss:3.52925 train_time:1870.153s step_avg:1203.44ms
step:1555/3300 train_loss:3.53262 train_time:1871.423s step_avg:1203.49ms
step:1556/3300 train_loss:3.56387 train_time:1872.619s step_avg:1203.48ms
step:1557/3300 train_loss:3.52547 train_time:1873.818s step_avg:1203.48ms
step:1558/3300 train_loss:3.40797 train_time:1875.013s step_avg:1203.47ms
step:1559/3300 train_loss:3.52375 train_time:1876.279s step_avg:1203.51ms
step:1560/3300 train_loss:3.51734 train_time:1877.477s step_avg:1203.51ms
step:1561/3300 train_loss:3.61325 train_time:1878.675s step_avg:1203.51ms
step:1562/3300 train_loss:3.55718 train_time:1879.874s step_avg:1203.50ms
step:1563/3300 train_loss:3.53943 train_time:1881.091s step_avg:1203.51ms
step:1564/3300 train_loss:3.45619 train_time:1882.294s step_avg:1203.51ms
step:1565/3300 train_loss:3.51392 train_time:1883.493s step_avg:1203.51ms
step:1566/3300 train_loss:3.51762 train_time:1884.693s step_avg:1203.51ms
step:1567/3300 train_loss:3.49399 train_time:1885.887s step_avg:1203.50ms
step:1568/3300 train_loss:3.52332 train_time:1887.098s step_avg:1203.51ms
step:1569/3300 train_loss:3.55882 train_time:1888.300s step_avg:1203.51ms
step:1570/3300 train_loss:3.49095 train_time:1889.496s step_avg:1203.50ms
step:1571/3300 train_loss:3.47776 train_time:1890.697s step_avg:1203.50ms
step:1572/3300 train_loss:3.49880 train_time:1891.897s step_avg:1203.50ms
step:1573/3300 train_loss:3.52733 train_time:1893.105s step_avg:1203.50ms
step:1574/3300 train_loss:3.50808 train_time:1894.304s step_avg:1203.50ms
step:1575/3300 train_loss:3.55555 train_time:1895.496s step_avg:1203.49ms
step:1576/3300 train_loss:3.57975 train_time:1896.694s step_avg:1203.49ms
step:1577/3300 train_loss:3.55545 train_time:1897.903s step_avg:1203.49ms
step:1578/3300 train_loss:3.54818 train_time:1899.093s step_avg:1203.48ms
step:1579/3300 train_loss:3.48311 train_time:1900.292s step_avg:1203.48ms
step:1580/3300 train_loss:3.42983 train_time:1901.502s step_avg:1203.48ms
step:1581/3300 train_loss:3.59296 train_time:1902.710s step_avg:1203.49ms
step:1582/3300 train_loss:3.48243 train_time:1903.914s step_avg:1203.49ms
step:1583/3300 train_loss:3.52472 train_time:1905.110s step_avg:1203.48ms
step:1584/3300 train_loss:3.50311 train_time:1906.324s step_avg:1203.49ms
step:1585/3300 train_loss:3.52264 train_time:1907.519s step_avg:1203.48ms
step:1586/3300 train_loss:3.46942 train_time:1908.716s step_avg:1203.48ms
step:1587/3300 train_loss:3.49184 train_time:1909.915s step_avg:1203.48ms
step:1588/3300 train_loss:3.49555 train_time:1911.125s step_avg:1203.48ms
step:1589/3300 train_loss:3.51151 train_time:1912.322s step_avg:1203.48ms
step:1590/3300 train_loss:3.50806 train_time:1913.550s step_avg:1203.49ms
step:1591/3300 train_loss:3.49945 train_time:1914.756s step_avg:1203.49ms
step:1592/3300 train_loss:3.47652 train_time:1915.950s step_avg:1203.49ms
step:1593/3300 train_loss:3.50562 train_time:1917.161s step_avg:1203.49ms
step:1594/3300 train_loss:3.53051 train_time:1918.359s step_avg:1203.49ms
step:1595/3300 train_loss:3.51823 train_time:1919.556s step_avg:1203.48ms
step:1596/3300 train_loss:3.45303 train_time:1920.756s step_avg:1203.48ms
step:1597/3300 train_loss:3.47541 train_time:1921.970s step_avg:1203.49ms
step:1598/3300 train_loss:3.63852 train_time:1923.179s step_avg:1203.49ms
step:1599/3300 train_loss:3.50180 train_time:1924.376s step_avg:1203.49ms
step:1600/3300 train_loss:3.49188 train_time:1925.574s step_avg:1203.48ms
step:1601/3300 train_loss:3.55435 train_time:1926.780s step_avg:1203.49ms
step:1602/3300 train_loss:3.55543 train_time:1927.978s step_avg:1203.48ms
step:1603/3300 train_loss:3.50841 train_time:1929.177s step_avg:1203.48ms
step:1604/3300 train_loss:3.47664 train_time:1930.378s step_avg:1203.48ms
step:1605/3300 train_loss:3.53669 train_time:1931.587s step_avg:1203.48ms
step:1606/3300 train_loss:3.57475 train_time:1932.800s step_avg:1203.49ms
step:1607/3300 train_loss:3.46323 train_time:1933.999s step_avg:1203.48ms
step:1608/3300 train_loss:3.46113 train_time:1935.199s step_avg:1203.48ms
step:1609/3300 train_loss:3.52372 train_time:1936.410s step_avg:1203.49ms
step:1610/3300 train_loss:3.55656 train_time:1937.613s step_avg:1203.49ms
step:1611/3300 train_loss:3.55717 train_time:1938.812s step_avg:1203.48ms
step:1612/3300 train_loss:3.51657 train_time:1940.014s step_avg:1203.48ms
step:1613/3300 train_loss:3.50499 train_time:1941.218s step_avg:1203.48ms
step:1614/3300 train_loss:3.63762 train_time:1942.415s step_avg:1203.48ms
step:1615/3300 train_loss:3.56862 train_time:1943.619s step_avg:1203.48ms
step:1616/3300 train_loss:3.53270 train_time:1944.834s step_avg:1203.49ms
step:1617/3300 train_loss:3.47527 train_time:1946.032s step_avg:1203.48ms
step:1618/3300 train_loss:3.53782 train_time:1947.232s step_avg:1203.48ms
step:1619/3300 train_loss:3.44269 train_time:1948.432s step_avg:1203.48ms
step:1620/3300 train_loss:3.58577 train_time:1949.629s step_avg:1203.47ms
step:1621/3300 train_loss:3.49773 train_time:1950.818s step_avg:1203.47ms
step:1622/3300 train_loss:3.48924 train_time:1952.024s step_avg:1203.47ms
step:1623/3300 train_loss:3.45812 train_time:1953.222s step_avg:1203.46ms
step:1624/3300 train_loss:3.51736 train_time:1954.419s step_avg:1203.46ms
step:1625/3300 train_loss:3.52070 train_time:1955.616s step_avg:1203.46ms
step:1625/3300 val_loss:3.50984 train_time:1955.616s step_avg:1202.87ms
step:1626/3300 train_loss:3.51571 train_time:1956.810s step_avg:1203.45ms
step:1627/3300 train_loss:3.51851 train_time:1958.003s step_avg:1203.44ms
step:1628/3300 train_loss:3.45661 train_time:1959.199s step_avg:1203.44ms
step:1629/3300 train_loss:3.54102 train_time:1960.402s step_avg:1203.44ms
step:1630/3300 train_loss:3.52770 train_time:1961.601s step_avg:1203.44ms
step:1631/3300 train_loss:3.44793 train_time:1962.810s step_avg:1203.44ms
step:1632/3300 train_loss:3.50979 train_time:1964.013s step_avg:1203.44ms
step:1633/3300 train_loss:3.56651 train_time:1965.212s step_avg:1203.44ms
step:1634/3300 train_loss:3.55094 train_time:1966.411s step_avg:1203.43ms
step:1635/3300 train_loss:3.51178 train_time:1967.615s step_avg:1203.43ms
step:1636/3300 train_loss:3.51662 train_time:1968.816s step_avg:1203.43ms
step:1637/3300 train_loss:3.58893 train_time:1970.013s step_avg:1203.43ms
step:1638/3300 train_loss:3.48280 train_time:1971.226s step_avg:1203.43ms
step:1639/3300 train_loss:3.52204 train_time:1972.427s step_avg:1203.43ms
step:1640/3300 train_loss:3.50096 train_time:1973.623s step_avg:1203.43ms
step:1641/3300 train_loss:3.49558 train_time:1974.823s step_avg:1203.43ms
step:1642/3300 train_loss:3.54732 train_time:1976.015s step_avg:1203.42ms
step:1643/3300 train_loss:3.50376 train_time:1977.213s step_avg:1203.42ms
step:1644/3300 train_loss:3.48782 train_time:1978.437s step_avg:1203.43ms
step:1645/3300 train_loss:3.48679 train_time:1979.634s step_avg:1203.42ms
step:1646/3300 train_loss:3.47429 train_time:1980.863s step_avg:1203.44ms
step:1647/3300 train_loss:3.53937 train_time:1982.060s step_avg:1203.44ms
step:1648/3300 train_loss:3.54541 train_time:1983.257s step_avg:1203.43ms
step:1649/3300 train_loss:3.53971 train_time:1984.454s step_avg:1203.43ms
step:1650/3300 train_loss:3.51160 train_time:1985.653s step_avg:1203.43ms
step:1651/3300 train_loss:3.51085 train_time:1986.842s step_avg:1203.42ms
step:1652/3300 train_loss:3.47559 train_time:1988.042s step_avg:1203.42ms
step:1653/3300 train_loss:3.50598 train_time:1989.243s step_avg:1203.41ms
step:1654/3300 train_loss:3.51443 train_time:1990.440s step_avg:1203.41ms
step:1655/3300 train_loss:3.50336 train_time:1991.671s step_avg:1203.43ms
step:1656/3300 train_loss:3.56202 train_time:1992.861s step_avg:1203.42ms
step:1657/3300 train_loss:3.49944 train_time:1994.062s step_avg:1203.42ms
step:1658/3300 train_loss:3.49588 train_time:1995.260s step_avg:1203.41ms
step:1659/3300 train_loss:3.51844 train_time:1996.457s step_avg:1203.41ms
step:1660/3300 train_loss:3.58695 train_time:1997.659s step_avg:1203.41ms
step:1661/3300 train_loss:3.48996 train_time:1998.860s step_avg:1203.41ms
step:1662/3300 train_loss:3.52276 train_time:2000.059s step_avg:1203.40ms
step:1663/3300 train_loss:3.54711 train_time:2001.263s step_avg:1203.41ms
step:1664/3300 train_loss:3.48157 train_time:2002.472s step_avg:1203.41ms
step:1665/3300 train_loss:3.50556 train_time:2003.666s step_avg:1203.40ms
step:1666/3300 train_loss:3.52399 train_time:2004.874s step_avg:1203.41ms
step:1667/3300 train_loss:3.54204 train_time:2006.070s step_avg:1203.40ms
step:1668/3300 train_loss:3.47891 train_time:2007.263s step_avg:1203.40ms
step:1669/3300 train_loss:3.55142 train_time:2008.465s step_avg:1203.39ms
step:1670/3300 train_loss:3.43587 train_time:2009.671s step_avg:1203.40ms
step:1671/3300 train_loss:3.80805 train_time:2010.870s step_avg:1203.39ms
step:1672/3300 train_loss:3.51510 train_time:2012.074s step_avg:1203.39ms
step:1673/3300 train_loss:3.48859 train_time:2013.265s step_avg:1203.39ms
step:1674/3300 train_loss:3.53737 train_time:2014.472s step_avg:1203.39ms
step:1675/3300 train_loss:3.49070 train_time:2015.662s step_avg:1203.38ms
step:1676/3300 train_loss:3.49499 train_time:2016.857s step_avg:1203.38ms
step:1677/3300 train_loss:3.58953 train_time:2018.049s step_avg:1203.37ms
step:1678/3300 train_loss:3.49874 train_time:2019.251s step_avg:1203.37ms
step:1679/3300 train_loss:3.45183 train_time:2020.445s step_avg:1203.36ms
step:1680/3300 train_loss:3.48389 train_time:2021.653s step_avg:1203.37ms
step:1681/3300 train_loss:3.47964 train_time:2022.863s step_avg:1203.37ms
step:1682/3300 train_loss:3.51226 train_time:2024.076s step_avg:1203.37ms
step:1683/3300 train_loss:3.47702 train_time:2025.277s step_avg:1203.37ms
step:1684/3300 train_loss:3.51096 train_time:2026.475s step_avg:1203.37ms
step:1685/3300 train_loss:3.50762 train_time:2027.666s step_avg:1203.36ms
step:1686/3300 train_loss:3.47952 train_time:2028.868s step_avg:1203.36ms
step:1687/3300 train_loss:3.50023 train_time:2030.071s step_avg:1203.36ms
step:1688/3300 train_loss:3.49842 train_time:2031.278s step_avg:1203.36ms
step:1689/3300 train_loss:3.46382 train_time:2032.479s step_avg:1203.36ms
step:1690/3300 train_loss:3.45616 train_time:2033.667s step_avg:1203.35ms
step:1691/3300 train_loss:3.44910 train_time:2034.868s step_avg:1203.35ms
step:1692/3300 train_loss:3.53201 train_time:2036.066s step_avg:1203.35ms
step:1693/3300 train_loss:3.46008 train_time:2037.266s step_avg:1203.35ms
step:1694/3300 train_loss:3.51424 train_time:2038.475s step_avg:1203.35ms
step:1695/3300 train_loss:3.54251 train_time:2039.673s step_avg:1203.35ms
step:1696/3300 train_loss:3.50038 train_time:2040.873s step_avg:1203.34ms
step:1697/3300 train_loss:3.50255 train_time:2042.067s step_avg:1203.34ms
step:1698/3300 train_loss:3.44288 train_time:2043.261s step_avg:1203.33ms
step:1699/3300 train_loss:3.51083 train_time:2044.476s step_avg:1203.34ms
step:1700/3300 train_loss:3.54959 train_time:2045.669s step_avg:1203.33ms
step:1701/3300 train_loss:3.52902 train_time:2046.866s step_avg:1203.33ms
step:1702/3300 train_loss:3.53190 train_time:2048.065s step_avg:1203.33ms
step:1703/3300 train_loss:3.47852 train_time:2049.267s step_avg:1203.33ms
step:1704/3300 train_loss:3.51216 train_time:2050.488s step_avg:1203.34ms
step:1705/3300 train_loss:3.49305 train_time:2051.697s step_avg:1203.34ms
step:1706/3300 train_loss:3.47220 train_time:2052.887s step_avg:1203.33ms
step:1707/3300 train_loss:3.48849 train_time:2054.090s step_avg:1203.33ms
step:1708/3300 train_loss:3.47005 train_time:2055.298s step_avg:1203.34ms
step:1709/3300 train_loss:3.73322 train_time:2056.492s step_avg:1203.33ms
step:1710/3300 train_loss:3.57547 train_time:2057.688s step_avg:1203.33ms
step:1711/3300 train_loss:3.47560 train_time:2058.936s step_avg:1203.35ms
step:1712/3300 train_loss:3.48791 train_time:2060.141s step_avg:1203.35ms
step:1713/3300 train_loss:3.54202 train_time:2061.346s step_avg:1203.35ms
step:1714/3300 train_loss:3.45194 train_time:2062.543s step_avg:1203.35ms
step:1715/3300 train_loss:3.53213 train_time:2063.742s step_avg:1203.35ms
step:1716/3300 train_loss:3.47026 train_time:2064.938s step_avg:1203.34ms
step:1717/3300 train_loss:3.48871 train_time:2066.127s step_avg:1203.34ms
step:1718/3300 train_loss:3.52807 train_time:2067.318s step_avg:1203.33ms
step:1719/3300 train_loss:3.53193 train_time:2068.561s step_avg:1203.35ms
step:1720/3300 train_loss:3.48416 train_time:2069.763s step_avg:1203.35ms
step:1721/3300 train_loss:3.51755 train_time:2070.963s step_avg:1203.35ms
step:1722/3300 train_loss:3.52239 train_time:2072.165s step_avg:1203.35ms
step:1723/3300 train_loss:3.51370 train_time:2073.360s step_avg:1203.34ms
step:1724/3300 train_loss:3.48498 train_time:2074.547s step_avg:1203.33ms
step:1725/3300 train_loss:3.51343 train_time:2075.739s step_avg:1203.33ms
step:1726/3300 train_loss:3.47893 train_time:2076.929s step_avg:1203.32ms
step:1727/3300 train_loss:3.47103 train_time:2078.126s step_avg:1203.32ms
step:1728/3300 train_loss:3.45482 train_time:2079.382s step_avg:1203.35ms
step:1729/3300 train_loss:3.53169 train_time:2080.569s step_avg:1203.34ms
step:1730/3300 train_loss:3.58904 train_time:2081.760s step_avg:1203.33ms
step:1731/3300 train_loss:3.49042 train_time:2082.949s step_avg:1203.32ms
step:1732/3300 train_loss:3.51306 train_time:2084.186s step_avg:1203.34ms
step:1733/3300 train_loss:3.44307 train_time:2085.385s step_avg:1203.34ms
step:1734/3300 train_loss:3.60824 train_time:2086.582s step_avg:1203.33ms
step:1735/3300 train_loss:3.51602 train_time:2087.772s step_avg:1203.33ms
step:1736/3300 train_loss:3.58659 train_time:2088.979s step_avg:1203.33ms
step:1737/3300 train_loss:3.58200 train_time:2090.169s step_avg:1203.32ms
step:1738/3300 train_loss:3.45639 train_time:2091.380s step_avg:1203.33ms
step:1739/3300 train_loss:3.47410 train_time:2092.572s step_avg:1203.32ms
step:1740/3300 train_loss:3.46059 train_time:2093.780s step_avg:1203.32ms
step:1741/3300 train_loss:3.46076 train_time:2094.981s step_avg:1203.32ms
step:1742/3300 train_loss:3.50867 train_time:2096.171s step_avg:1203.31ms
step:1743/3300 train_loss:3.44230 train_time:2097.370s step_avg:1203.31ms
step:1744/3300 train_loss:3.45315 train_time:2098.579s step_avg:1203.31ms
step:1745/3300 train_loss:3.51268 train_time:2099.785s step_avg:1203.32ms
step:1746/3300 train_loss:3.52159 train_time:2100.994s step_avg:1203.32ms
step:1747/3300 train_loss:3.49465 train_time:2102.198s step_avg:1203.32ms
step:1748/3300 train_loss:3.54651 train_time:2103.403s step_avg:1203.32ms
step:1749/3300 train_loss:3.50237 train_time:2104.595s step_avg:1203.31ms
step:1750/3300 train_loss:3.48800 train_time:2105.792s step_avg:1203.31ms
step:1750/3300 val_loss:3.48562 train_time:2105.792s step_avg:1201.41ms
step:1751/3300 train_loss:3.53267 train_time:2106.995s step_avg:1203.31ms
step:1752/3300 train_loss:3.52384 train_time:2108.189s step_avg:1203.30ms
step:1753/3300 train_loss:3.46367 train_time:2109.391s step_avg:1203.30ms
step:1754/3300 train_loss:3.50046 train_time:2110.588s step_avg:1203.30ms
step:1755/3300 train_loss:3.50367 train_time:2111.786s step_avg:1203.30ms
step:1756/3300 train_loss:3.47130 train_time:2112.985s step_avg:1203.29ms
step:1757/3300 train_loss:3.47700 train_time:2114.183s step_avg:1203.29ms
step:1758/3300 train_loss:3.61534 train_time:2115.380s step_avg:1203.29ms
step:1759/3300 train_loss:3.60501 train_time:2116.575s step_avg:1203.28ms
step:1760/3300 train_loss:3.54821 train_time:2117.774s step_avg:1203.28ms
step:1761/3300 train_loss:3.49270 train_time:2118.971s step_avg:1203.28ms
step:1762/3300 train_loss:3.49376 train_time:2120.174s step_avg:1203.28ms
step:1763/3300 train_loss:3.46147 train_time:2121.380s step_avg:1203.28ms
step:1764/3300 train_loss:3.48489 train_time:2122.574s step_avg:1203.27ms
step:1765/3300 train_loss:3.48639 train_time:2123.779s step_avg:1203.27ms
step:1766/3300 train_loss:3.45577 train_time:2124.986s step_avg:1203.28ms
step:1767/3300 train_loss:3.56935 train_time:2126.188s step_avg:1203.28ms
step:1768/3300 train_loss:3.50198 train_time:2127.398s step_avg:1203.28ms
step:1769/3300 train_loss:3.60724 train_time:2128.602s step_avg:1203.28ms
step:1770/3300 train_loss:3.50066 train_time:2129.794s step_avg:1203.27ms
step:1771/3300 train_loss:3.50617 train_time:2130.995s step_avg:1203.27ms
step:1772/3300 train_loss:3.45603 train_time:2132.207s step_avg:1203.28ms
step:1773/3300 train_loss:3.52410 train_time:2133.446s step_avg:1203.30ms
step:1774/3300 train_loss:3.51231 train_time:2134.649s step_avg:1203.30ms
step:1775/3300 train_loss:3.52506 train_time:2135.856s step_avg:1203.30ms
step:1776/3300 train_loss:3.53017 train_time:2137.058s step_avg:1203.30ms
step:1777/3300 train_loss:3.53116 train_time:2138.248s step_avg:1203.29ms
step:1778/3300 train_loss:3.53155 train_time:2139.445s step_avg:1203.29ms
step:1779/3300 train_loss:3.55302 train_time:2140.646s step_avg:1203.29ms
step:1780/3300 train_loss:3.47926 train_time:2141.845s step_avg:1203.28ms
step:1781/3300 train_loss:3.46244 train_time:2143.040s step_avg:1203.28ms
step:1782/3300 train_loss:3.48729 train_time:2144.233s step_avg:1203.27ms
step:1783/3300 train_loss:3.51974 train_time:2145.432s step_avg:1203.27ms
step:1784/3300 train_loss:3.42021 train_time:2146.639s step_avg:1203.27ms
step:1785/3300 train_loss:3.52765 train_time:2147.837s step_avg:1203.27ms
step:1786/3300 train_loss:3.51938 train_time:2149.033s step_avg:1203.27ms
step:1787/3300 train_loss:3.56014 train_time:2150.234s step_avg:1203.26ms
step:1788/3300 train_loss:3.45328 train_time:2151.441s step_avg:1203.27ms
step:1789/3300 train_loss:3.51828 train_time:2152.633s step_avg:1203.26ms
step:1790/3300 train_loss:3.43955 train_time:2153.831s step_avg:1203.26ms
step:1791/3300 train_loss:3.48548 train_time:2155.025s step_avg:1203.25ms
step:1792/3300 train_loss:3.50037 train_time:2156.223s step_avg:1203.25ms
step:1793/3300 train_loss:3.44534 train_time:2157.414s step_avg:1203.24ms
step:1794/3300 train_loss:3.51942 train_time:2158.612s step_avg:1203.24ms
step:1795/3300 train_loss:3.54957 train_time:2159.813s step_avg:1203.24ms
step:1796/3300 train_loss:3.54420 train_time:2161.072s step_avg:1203.27ms
step:1797/3300 train_loss:3.51839 train_time:2162.277s step_avg:1203.27ms
step:1798/3300 train_loss:3.52966 train_time:2163.474s step_avg:1203.27ms
step:1799/3300 train_loss:3.54577 train_time:2164.672s step_avg:1203.26ms
step:1800/3300 train_loss:3.47262 train_time:2165.873s step_avg:1203.26ms
step:1801/3300 train_loss:3.51608 train_time:2167.079s step_avg:1203.26ms
step:1802/3300 train_loss:3.45608 train_time:2168.273s step_avg:1203.26ms
step:1803/3300 train_loss:3.51542 train_time:2169.469s step_avg:1203.26ms
step:1804/3300 train_loss:3.48101 train_time:2170.673s step_avg:1203.26ms
step:1805/3300 train_loss:3.49266 train_time:2171.883s step_avg:1203.26ms
step:1806/3300 train_loss:3.50125 train_time:2173.077s step_avg:1203.25ms
step:1807/3300 train_loss:3.47191 train_time:2174.274s step_avg:1203.25ms
step:1808/3300 train_loss:3.52768 train_time:2175.470s step_avg:1203.25ms
step:1809/3300 train_loss:3.55207 train_time:2176.675s step_avg:1203.25ms
step:1810/3300 train_loss:3.49893 train_time:2177.872s step_avg:1203.24ms
step:1811/3300 train_loss:3.46257 train_time:2179.065s step_avg:1203.24ms
step:1812/3300 train_loss:3.47376 train_time:2180.258s step_avg:1203.23ms
step:1813/3300 train_loss:3.50462 train_time:2181.461s step_avg:1203.23ms
step:1814/3300 train_loss:3.46442 train_time:2182.671s step_avg:1203.24ms
step:1815/3300 train_loss:3.52284 train_time:2183.873s step_avg:1203.24ms
step:1816/3300 train_loss:3.47508 train_time:2185.068s step_avg:1203.23ms
step:1817/3300 train_loss:3.46389 train_time:2186.267s step_avg:1203.23ms
step:1818/3300 train_loss:3.46656 train_time:2187.466s step_avg:1203.23ms
step:1819/3300 train_loss:3.49815 train_time:2188.666s step_avg:1203.22ms
step:1820/3300 train_loss:3.45911 train_time:2189.857s step_avg:1203.22ms
step:1821/3300 train_loss:3.49123 train_time:2191.054s step_avg:1203.21ms
step:1822/3300 train_loss:3.45038 train_time:2192.255s step_avg:1203.21ms
step:1823/3300 train_loss:3.50772 train_time:2193.457s step_avg:1203.21ms
step:1824/3300 train_loss:3.52228 train_time:2194.654s step_avg:1203.21ms
step:1825/3300 train_loss:3.62631 train_time:2195.851s step_avg:1203.21ms
step:1826/3300 train_loss:3.46355 train_time:2197.047s step_avg:1203.20ms
step:1827/3300 train_loss:3.45358 train_time:2198.246s step_avg:1203.20ms
step:1828/3300 train_loss:3.51900 train_time:2199.455s step_avg:1203.20ms
step:1829/3300 train_loss:3.45821 train_time:2200.673s step_avg:1203.21ms
step:1830/3300 train_loss:3.48685 train_time:2201.870s step_avg:1203.21ms
step:1831/3300 train_loss:3.45174 train_time:2203.074s step_avg:1203.21ms
step:1832/3300 train_loss:3.47445 train_time:2204.276s step_avg:1203.21ms
step:1833/3300 train_loss:3.53255 train_time:2205.473s step_avg:1203.20ms
step:1834/3300 train_loss:3.49499 train_time:2206.696s step_avg:1203.21ms
step:1835/3300 train_loss:3.53975 train_time:2207.894s step_avg:1203.21ms
step:1836/3300 train_loss:3.47297 train_time:2209.092s step_avg:1203.21ms
step:1837/3300 train_loss:3.46720 train_time:2210.296s step_avg:1203.21ms
step:1838/3300 train_loss:3.44109 train_time:2211.499s step_avg:1203.21ms
step:1839/3300 train_loss:3.49697 train_time:2212.703s step_avg:1203.21ms
step:1840/3300 train_loss:3.46004 train_time:2213.904s step_avg:1203.21ms
step:1841/3300 train_loss:3.55864 train_time:2215.096s step_avg:1203.20ms
step:1842/3300 train_loss:3.48441 train_time:2216.295s step_avg:1203.20ms
step:1843/3300 train_loss:3.44079 train_time:2217.498s step_avg:1203.20ms
step:1844/3300 train_loss:3.43993 train_time:2218.697s step_avg:1203.20ms
step:1845/3300 train_loss:3.46238 train_time:2219.898s step_avg:1203.20ms
step:1846/3300 train_loss:3.48844 train_time:2221.111s step_avg:1203.20ms
step:1847/3300 train_loss:3.48482 train_time:2222.337s step_avg:1203.21ms
step:1848/3300 train_loss:3.48081 train_time:2223.547s step_avg:1203.22ms
step:1849/3300 train_loss:3.50997 train_time:2224.738s step_avg:1203.21ms
step:1850/3300 train_loss:3.45928 train_time:2225.953s step_avg:1203.22ms
step:1851/3300 train_loss:3.48895 train_time:2227.150s step_avg:1203.21ms
step:1852/3300 train_loss:3.46415 train_time:2228.347s step_avg:1203.21ms
step:1853/3300 train_loss:3.52350 train_time:2229.541s step_avg:1203.21ms
step:1854/3300 train_loss:3.46677 train_time:2230.741s step_avg:1203.20ms
step:1855/3300 train_loss:3.45039 train_time:2231.940s step_avg:1203.20ms
step:1856/3300 train_loss:3.47206 train_time:2233.136s step_avg:1203.20ms
step:1857/3300 train_loss:3.50332 train_time:2234.337s step_avg:1203.20ms
step:1858/3300 train_loss:3.51957 train_time:2235.537s step_avg:1203.20ms
step:1859/3300 train_loss:3.47857 train_time:2236.738s step_avg:1203.19ms
step:1860/3300 train_loss:3.42410 train_time:2237.941s step_avg:1203.19ms
step:1861/3300 train_loss:3.47490 train_time:2239.144s step_avg:1203.19ms
step:1862/3300 train_loss:3.50698 train_time:2240.343s step_avg:1203.19ms
step:1863/3300 train_loss:3.54352 train_time:2241.549s step_avg:1203.19ms
step:1864/3300 train_loss:3.51035 train_time:2242.748s step_avg:1203.19ms
step:1865/3300 train_loss:3.44213 train_time:2243.943s step_avg:1203.19ms
step:1866/3300 train_loss:3.46332 train_time:2245.140s step_avg:1203.18ms
step:1867/3300 train_loss:3.48434 train_time:2246.351s step_avg:1203.19ms
step:1868/3300 train_loss:3.56503 train_time:2247.560s step_avg:1203.19ms
step:1869/3300 train_loss:3.42968 train_time:2248.753s step_avg:1203.19ms
step:1870/3300 train_loss:3.48244 train_time:2249.954s step_avg:1203.18ms
step:1871/3300 train_loss:3.51659 train_time:2251.154s step_avg:1203.18ms
step:1872/3300 train_loss:3.45354 train_time:2252.354s step_avg:1203.18ms
step:1873/3300 train_loss:3.48748 train_time:2253.552s step_avg:1203.18ms
step:1874/3300 train_loss:3.46601 train_time:2254.763s step_avg:1203.18ms
step:1875/3300 train_loss:3.54104 train_time:2255.960s step_avg:1203.18ms
step:1875/3300 val_loss:3.46524 train_time:2255.960s step_avg:1201.34ms
step:1876/3300 train_loss:3.50511 train_time:2257.160s step_avg:1203.18ms
step:1877/3300 train_loss:3.52780 train_time:2258.365s step_avg:1203.18ms
step:1878/3300 train_loss:3.56550 train_time:2259.564s step_avg:1203.18ms
step:1879/3300 train_loss:3.56832 train_time:2260.763s step_avg:1203.17ms
step:1880/3300 train_loss:3.46404 train_time:2261.960s step_avg:1203.17ms
step:1881/3300 train_loss:3.40114 train_time:2263.179s step_avg:1203.18ms
step:1882/3300 train_loss:3.48082 train_time:2264.378s step_avg:1203.18ms
step:1883/3300 train_loss:3.44405 train_time:2265.579s step_avg:1203.18ms
step:1884/3300 train_loss:3.48147 train_time:2266.835s step_avg:1203.20ms
step:1885/3300 train_loss:3.47478 train_time:2268.036s step_avg:1203.20ms
step:1886/3300 train_loss:3.43020 train_time:2269.227s step_avg:1203.20ms
step:1887/3300 train_loss:3.47216 train_time:2270.424s step_avg:1203.19ms
step:1888/3300 train_loss:3.43432 train_time:2271.623s step_avg:1203.19ms
step:1889/3300 train_loss:3.46558 train_time:2272.824s step_avg:1203.19ms
step:1890/3300 train_loss:3.48739 train_time:2274.022s step_avg:1203.19ms
step:1891/3300 train_loss:3.50913 train_time:2275.217s step_avg:1203.18ms
step:1892/3300 train_loss:3.41562 train_time:2276.401s step_avg:1203.17ms
step:1893/3300 train_loss:3.48828 train_time:2277.603s step_avg:1203.17ms
step:1894/3300 train_loss:3.47610 train_time:2278.799s step_avg:1203.17ms
step:1895/3300 train_loss:3.43402 train_time:2279.986s step_avg:1203.16ms
step:1896/3300 train_loss:3.53145 train_time:2281.197s step_avg:1203.16ms
step:1897/3300 train_loss:3.51768 train_time:2282.390s step_avg:1203.16ms
step:1898/3300 train_loss:3.43204 train_time:2283.591s step_avg:1203.16ms
step:1899/3300 train_loss:3.42824 train_time:2284.788s step_avg:1203.15ms
step:1900/3300 train_loss:3.45134 train_time:2286.000s step_avg:1203.16ms
step:1901/3300 train_loss:3.41145 train_time:2287.237s step_avg:1203.18ms
step:1902/3300 train_loss:3.49165 train_time:2288.447s step_avg:1203.18ms
step:1903/3300 train_loss:3.51366 train_time:2289.648s step_avg:1203.18ms
step:1904/3300 train_loss:3.46763 train_time:2290.846s step_avg:1203.18ms
step:1905/3300 train_loss:3.45254 train_time:2292.044s step_avg:1203.17ms
step:1906/3300 train_loss:3.49618 train_time:2293.254s step_avg:1203.18ms
step:1907/3300 train_loss:3.45479 train_time:2294.446s step_avg:1203.17ms
step:1908/3300 train_loss:3.47154 train_time:2295.652s step_avg:1203.17ms
step:1909/3300 train_loss:3.41798 train_time:2296.863s step_avg:1203.18ms
step:1910/3300 train_loss:3.50544 train_time:2298.067s step_avg:1203.18ms
step:1911/3300 train_loss:3.48107 train_time:2299.285s step_avg:1203.18ms
step:1912/3300 train_loss:3.39898 train_time:2300.497s step_avg:1203.19ms
step:1913/3300 train_loss:3.51348 train_time:2301.688s step_avg:1203.18ms
step:1914/3300 train_loss:3.60175 train_time:2302.891s step_avg:1203.18ms
step:1915/3300 train_loss:3.43850 train_time:2304.095s step_avg:1203.18ms
step:1916/3300 train_loss:3.41316 train_time:2305.294s step_avg:1203.18ms
step:1917/3300 train_loss:3.50922 train_time:2306.513s step_avg:1203.19ms
step:1918/3300 train_loss:3.50195 train_time:2307.699s step_avg:1203.18ms
step:1919/3300 train_loss:3.49809 train_time:2308.890s step_avg:1203.17ms
step:1920/3300 train_loss:3.43776 train_time:2310.078s step_avg:1203.17ms
step:1921/3300 train_loss:3.47588 train_time:2311.271s step_avg:1203.16ms
step:1922/3300 train_loss:3.42636 train_time:2312.463s step_avg:1203.15ms
step:1923/3300 train_loss:3.46767 train_time:2313.656s step_avg:1203.15ms
step:1924/3300 train_loss:3.50605 train_time:2314.856s step_avg:1203.15ms
step:1925/3300 train_loss:3.44259 train_time:2316.049s step_avg:1203.14ms
step:1926/3300 train_loss:3.46160 train_time:2317.245s step_avg:1203.14ms
step:1927/3300 train_loss:3.48953 train_time:2318.453s step_avg:1203.14ms
step:1928/3300 train_loss:3.53921 train_time:2319.646s step_avg:1203.14ms
step:1929/3300 train_loss:3.47536 train_time:2320.845s step_avg:1203.13ms
step:1930/3300 train_loss:3.49300 train_time:2322.039s step_avg:1203.13ms
step:1931/3300 train_loss:3.38775 train_time:2323.247s step_avg:1203.13ms
step:1932/3300 train_loss:3.80660 train_time:2324.454s step_avg:1203.13ms
step:1933/3300 train_loss:3.50981 train_time:2325.653s step_avg:1203.13ms
step:1934/3300 train_loss:3.48178 train_time:2326.858s step_avg:1203.13ms
step:1935/3300 train_loss:3.51181 train_time:2328.074s step_avg:1203.14ms
step:1936/3300 train_loss:3.48188 train_time:2329.294s step_avg:1203.15ms
step:1937/3300 train_loss:3.50222 train_time:2330.488s step_avg:1203.14ms
step:1938/3300 train_loss:3.43050 train_time:2331.683s step_avg:1203.14ms
step:1939/3300 train_loss:3.44232 train_time:2332.880s step_avg:1203.14ms
step:1940/3300 train_loss:3.49937 train_time:2334.083s step_avg:1203.14ms
step:1941/3300 train_loss:3.48197 train_time:2335.307s step_avg:1203.15ms
step:1942/3300 train_loss:3.40327 train_time:2336.512s step_avg:1203.15ms
step:1943/3300 train_loss:3.53196 train_time:2337.708s step_avg:1203.14ms
step:1944/3300 train_loss:3.41729 train_time:2338.915s step_avg:1203.15ms
step:1945/3300 train_loss:3.50537 train_time:2340.112s step_avg:1203.14ms
step:1946/3300 train_loss:3.49296 train_time:2341.311s step_avg:1203.14ms
step:1947/3300 train_loss:3.43189 train_time:2342.509s step_avg:1203.14ms
step:1948/3300 train_loss:3.48307 train_time:2343.737s step_avg:1203.15ms
step:1949/3300 train_loss:3.39538 train_time:2344.940s step_avg:1203.15ms
step:1950/3300 train_loss:3.52692 train_time:2346.138s step_avg:1203.15ms
step:1951/3300 train_loss:3.49618 train_time:2347.337s step_avg:1203.15ms
step:1952/3300 train_loss:3.55281 train_time:2348.536s step_avg:1203.14ms
step:1953/3300 train_loss:3.41968 train_time:2349.735s step_avg:1203.14ms
step:1954/3300 train_loss:3.46234 train_time:2350.931s step_avg:1203.14ms
step:1955/3300 train_loss:3.48313 train_time:2352.132s step_avg:1203.14ms
step:1956/3300 train_loss:3.44379 train_time:2353.340s step_avg:1203.14ms
step:1957/3300 train_loss:3.46682 train_time:2354.558s step_avg:1203.15ms
step:1958/3300 train_loss:3.49531 train_time:2355.752s step_avg:1203.14ms
step:1959/3300 train_loss:3.55061 train_time:2356.949s step_avg:1203.14ms
step:1960/3300 train_loss:3.42596 train_time:2358.186s step_avg:1203.16ms
step:1961/3300 train_loss:3.48768 train_time:2359.386s step_avg:1203.15ms
step:1962/3300 train_loss:3.43929 train_time:2360.582s step_avg:1203.15ms
step:1963/3300 train_loss:3.46559 train_time:2361.772s step_avg:1203.14ms
step:1964/3300 train_loss:3.46173 train_time:2362.970s step_avg:1203.14ms
step:1965/3300 train_loss:3.46420 train_time:2364.170s step_avg:1203.14ms
step:1966/3300 train_loss:3.52391 train_time:2365.379s step_avg:1203.14ms
step:1967/3300 train_loss:3.42005 train_time:2366.595s step_avg:1203.15ms
step:1968/3300 train_loss:3.47568 train_time:2367.791s step_avg:1203.15ms
step:1969/3300 train_loss:3.42681 train_time:2368.991s step_avg:1203.14ms
step:1970/3300 train_loss:3.45836 train_time:2370.203s step_avg:1203.15ms
step:1971/3300 train_loss:3.47838 train_time:2371.401s step_avg:1203.15ms
step:1972/3300 train_loss:3.43668 train_time:2372.594s step_avg:1203.14ms
step:1973/3300 train_loss:3.42396 train_time:2373.796s step_avg:1203.14ms
step:1974/3300 train_loss:3.43983 train_time:2375.002s step_avg:1203.14ms
step:1975/3300 train_loss:3.45703 train_time:2376.194s step_avg:1203.14ms
step:1976/3300 train_loss:3.46601 train_time:2377.391s step_avg:1203.13ms
step:1977/3300 train_loss:3.50324 train_time:2378.590s step_avg:1203.13ms
step:1978/3300 train_loss:3.50163 train_time:2379.790s step_avg:1203.13ms
step:1979/3300 train_loss:3.48559 train_time:2380.988s step_avg:1203.13ms
step:1980/3300 train_loss:3.48309 train_time:2382.209s step_avg:1203.14ms
step:1981/3300 train_loss:3.44321 train_time:2383.411s step_avg:1203.14ms
step:1982/3300 train_loss:3.46265 train_time:2384.625s step_avg:1203.14ms
step:1983/3300 train_loss:3.60745 train_time:2385.826s step_avg:1203.14ms
step:1984/3300 train_loss:3.41512 train_time:2387.021s step_avg:1203.14ms
step:1985/3300 train_loss:3.43763 train_time:2388.242s step_avg:1203.14ms
step:1986/3300 train_loss:3.43688 train_time:2389.461s step_avg:1203.15ms
step:1987/3300 train_loss:3.44794 train_time:2390.653s step_avg:1203.15ms
step:1988/3300 train_loss:3.47037 train_time:2391.858s step_avg:1203.15ms
step:1989/3300 train_loss:3.43579 train_time:2393.053s step_avg:1203.14ms
step:1990/3300 train_loss:3.47526 train_time:2394.250s step_avg:1203.14ms
step:1991/3300 train_loss:3.45734 train_time:2395.454s step_avg:1203.14ms
step:1992/3300 train_loss:3.44310 train_time:2396.659s step_avg:1203.14ms
step:1993/3300 train_loss:3.54129 train_time:2397.855s step_avg:1203.14ms
step:1994/3300 train_loss:3.46474 train_time:2399.055s step_avg:1203.14ms
step:1995/3300 train_loss:3.45739 train_time:2400.259s step_avg:1203.14ms
step:1996/3300 train_loss:3.51925 train_time:2401.466s step_avg:1203.14ms
step:1997/3300 train_loss:3.57925 train_time:2402.657s step_avg:1203.13ms
step:1998/3300 train_loss:3.46416 train_time:2403.855s step_avg:1203.13ms
step:1999/3300 train_loss:3.52407 train_time:2405.062s step_avg:1203.13ms
step:2000/3300 train_loss:3.43331 train_time:2406.262s step_avg:1203.13ms
step:2000/3300 val_loss:3.44600 train_time:2406.263s step_avg:1202.42ms
step:2001/3300 train_loss:3.49154 train_time:2407.461s step_avg:1203.13ms
step:2002/3300 train_loss:3.46273 train_time:2408.663s step_avg:1203.13ms
step:2003/3300 train_loss:3.44828 train_time:2409.857s step_avg:1203.12ms
step:2004/3300 train_loss:3.59432 train_time:2411.060s step_avg:1203.12ms
step:2005/3300 train_loss:3.43513 train_time:2412.278s step_avg:1203.13ms
step:2006/3300 train_loss:3.46148 train_time:2413.483s step_avg:1203.13ms
step:2007/3300 train_loss:3.46220 train_time:2414.680s step_avg:1203.13ms
step:2008/3300 train_loss:3.39782 train_time:2415.920s step_avg:1203.15ms
step:2009/3300 train_loss:3.47427 train_time:2417.152s step_avg:1203.16ms
step:2010/3300 train_loss:3.46914 train_time:2418.376s step_avg:1203.17ms
step:2011/3300 train_loss:3.47402 train_time:2419.574s step_avg:1203.17ms
step:2012/3300 train_loss:3.43932 train_time:2420.781s step_avg:1203.17ms
step:2013/3300 train_loss:3.46440 train_time:2421.980s step_avg:1203.17ms
step:2014/3300 train_loss:3.46772 train_time:2423.174s step_avg:1203.16ms
step:2015/3300 train_loss:3.41392 train_time:2424.369s step_avg:1203.16ms
step:2016/3300 train_loss:3.49685 train_time:2425.565s step_avg:1203.16ms
step:2017/3300 train_loss:3.44036 train_time:2426.770s step_avg:1203.16ms
step:2018/3300 train_loss:3.51931 train_time:2427.978s step_avg:1203.16ms
step:2019/3300 train_loss:3.47537 train_time:2429.172s step_avg:1203.16ms
step:2020/3300 train_loss:3.39585 train_time:2430.360s step_avg:1203.15ms
step:2021/3300 train_loss:3.46952 train_time:2431.555s step_avg:1203.14ms
step:2022/3300 train_loss:3.37256 train_time:2432.748s step_avg:1203.14ms
step:2023/3300 train_loss:3.42203 train_time:2433.966s step_avg:1203.15ms
step:2024/3300 train_loss:3.44864 train_time:2435.165s step_avg:1203.14ms
step:2025/3300 train_loss:3.37601 train_time:2436.366s step_avg:1203.14ms
step:2026/3300 train_loss:3.45395 train_time:2437.565s step_avg:1203.14ms
step:2027/3300 train_loss:3.41575 train_time:2438.763s step_avg:1203.14ms
step:2028/3300 train_loss:3.44596 train_time:2439.956s step_avg:1203.13ms
step:2029/3300 train_loss:3.45816 train_time:2441.147s step_avg:1203.13ms
step:2030/3300 train_loss:3.46760 train_time:2442.365s step_avg:1203.14ms
step:2031/3300 train_loss:3.45291 train_time:2443.571s step_avg:1203.14ms
step:2032/3300 train_loss:3.45553 train_time:2444.771s step_avg:1203.14ms
step:2033/3300 train_loss:3.42311 train_time:2445.996s step_avg:1203.15ms
step:2034/3300 train_loss:3.46514 train_time:2447.189s step_avg:1203.14ms
step:2035/3300 train_loss:3.46905 train_time:2448.388s step_avg:1203.14ms
step:2036/3300 train_loss:3.41571 train_time:2449.588s step_avg:1203.14ms
step:2037/3300 train_loss:3.50960 train_time:2450.789s step_avg:1203.14ms
step:2038/3300 train_loss:3.45192 train_time:2451.987s step_avg:1203.13ms
step:2039/3300 train_loss:3.43115 train_time:2453.193s step_avg:1203.14ms
step:2040/3300 train_loss:3.45705 train_time:2454.398s step_avg:1203.14ms
step:2041/3300 train_loss:3.45235 train_time:2455.618s step_avg:1203.14ms
step:2042/3300 train_loss:3.45076 train_time:2456.809s step_avg:1203.14ms
step:2043/3300 train_loss:3.42741 train_time:2458.008s step_avg:1203.14ms
step:2044/3300 train_loss:3.46429 train_time:2459.208s step_avg:1203.13ms
step:2045/3300 train_loss:3.39066 train_time:2460.417s step_avg:1203.14ms
step:2046/3300 train_loss:3.46977 train_time:2461.626s step_avg:1203.14ms
step:2047/3300 train_loss:3.46045 train_time:2462.829s step_avg:1203.14ms
step:2048/3300 train_loss:3.45272 train_time:2464.025s step_avg:1203.14ms
step:2049/3300 train_loss:3.41188 train_time:2465.225s step_avg:1203.14ms
step:2050/3300 train_loss:3.49395 train_time:2466.422s step_avg:1203.13ms
step:2051/3300 train_loss:3.49438 train_time:2467.613s step_avg:1203.13ms
step:2052/3300 train_loss:3.44606 train_time:2468.811s step_avg:1203.12ms
step:2053/3300 train_loss:3.54927 train_time:2470.009s step_avg:1203.12ms
step:2054/3300 train_loss:3.45255 train_time:2471.211s step_avg:1203.12ms
step:2055/3300 train_loss:3.41621 train_time:2472.400s step_avg:1203.11ms
step:2056/3300 train_loss:3.46912 train_time:2473.593s step_avg:1203.11ms
step:2057/3300 train_loss:3.37409 train_time:2474.790s step_avg:1203.11ms
step:2058/3300 train_loss:3.47971 train_time:2475.994s step_avg:1203.11ms
step:2059/3300 train_loss:3.48671 train_time:2477.204s step_avg:1203.11ms
step:2060/3300 train_loss:3.34570 train_time:2478.396s step_avg:1203.10ms
step:2061/3300 train_loss:3.41020 train_time:2479.593s step_avg:1203.10ms
step:2062/3300 train_loss:3.45895 train_time:2480.805s step_avg:1203.11ms
step:2063/3300 train_loss:3.46241 train_time:2482.005s step_avg:1203.10ms
step:2064/3300 train_loss:3.45318 train_time:2483.218s step_avg:1203.11ms
step:2065/3300 train_loss:3.46507 train_time:2484.418s step_avg:1203.11ms
step:2066/3300 train_loss:3.42676 train_time:2485.634s step_avg:1203.11ms
step:2067/3300 train_loss:3.45625 train_time:2486.834s step_avg:1203.11ms
step:2068/3300 train_loss:3.43305 train_time:2488.029s step_avg:1203.11ms
step:2069/3300 train_loss:3.52723 train_time:2489.227s step_avg:1203.11ms
step:2070/3300 train_loss:3.47550 train_time:2490.435s step_avg:1203.11ms
step:2071/3300 train_loss:3.47957 train_time:2491.634s step_avg:1203.11ms
step:2072/3300 train_loss:3.45555 train_time:2492.839s step_avg:1203.11ms
step:2073/3300 train_loss:3.52315 train_time:2494.034s step_avg:1203.10ms
step:2074/3300 train_loss:3.48547 train_time:2495.233s step_avg:1203.10ms
step:2075/3300 train_loss:3.49353 train_time:2496.441s step_avg:1203.10ms
step:2076/3300 train_loss:3.46269 train_time:2497.635s step_avg:1203.10ms
step:2077/3300 train_loss:3.44605 train_time:2498.827s step_avg:1203.09ms
step:2078/3300 train_loss:3.40246 train_time:2500.027s step_avg:1203.09ms
step:2079/3300 train_loss:3.42348 train_time:2501.214s step_avg:1203.09ms
step:2080/3300 train_loss:3.52028 train_time:2502.412s step_avg:1203.08ms
step:2081/3300 train_loss:3.46618 train_time:2503.612s step_avg:1203.08ms
step:2082/3300 train_loss:3.42275 train_time:2504.813s step_avg:1203.08ms
step:2083/3300 train_loss:3.40142 train_time:2506.005s step_avg:1203.07ms
step:2084/3300 train_loss:3.40674 train_time:2507.193s step_avg:1203.07ms
step:2085/3300 train_loss:3.46958 train_time:2508.385s step_avg:1203.06ms
step:2086/3300 train_loss:3.44105 train_time:2509.584s step_avg:1203.06ms
step:2087/3300 train_loss:3.43044 train_time:2510.775s step_avg:1203.05ms
step:2088/3300 train_loss:3.48700 train_time:2511.989s step_avg:1203.06ms
step:2089/3300 train_loss:3.40928 train_time:2513.192s step_avg:1203.06ms
step:2090/3300 train_loss:3.40824 train_time:2514.400s step_avg:1203.06ms
step:2091/3300 train_loss:3.46824 train_time:2515.634s step_avg:1203.08ms
step:2092/3300 train_loss:3.46482 train_time:2516.834s step_avg:1203.08ms
step:2093/3300 train_loss:3.42143 train_time:2518.033s step_avg:1203.07ms
step:2094/3300 train_loss:3.52232 train_time:2519.232s step_avg:1203.07ms
step:2095/3300 train_loss:3.44213 train_time:2520.449s step_avg:1203.08ms
step:2096/3300 train_loss:3.45224 train_time:2521.655s step_avg:1203.08ms
step:2097/3300 train_loss:3.45376 train_time:2522.854s step_avg:1203.08ms
step:2098/3300 train_loss:3.41060 train_time:2524.052s step_avg:1203.08ms
step:2099/3300 train_loss:3.42693 train_time:2525.250s step_avg:1203.07ms
step:2100/3300 train_loss:3.53377 train_time:2526.449s step_avg:1203.07ms
step:2101/3300 train_loss:3.43803 train_time:2527.651s step_avg:1203.07ms
step:2102/3300 train_loss:3.44000 train_time:2528.847s step_avg:1203.07ms
step:2103/3300 train_loss:3.40947 train_time:2530.046s step_avg:1203.07ms
step:2104/3300 train_loss:3.48554 train_time:2531.247s step_avg:1203.06ms
step:2105/3300 train_loss:3.43617 train_time:2532.434s step_avg:1203.06ms
step:2106/3300 train_loss:3.42472 train_time:2533.642s step_avg:1203.06ms
step:2107/3300 train_loss:3.45179 train_time:2534.839s step_avg:1203.06ms
step:2108/3300 train_loss:3.48104 train_time:2536.040s step_avg:1203.06ms
step:2109/3300 train_loss:3.45675 train_time:2537.247s step_avg:1203.06ms
step:2110/3300 train_loss:3.37769 train_time:2538.436s step_avg:1203.05ms
step:2111/3300 train_loss:3.43517 train_time:2539.633s step_avg:1203.05ms
step:2112/3300 train_loss:3.39686 train_time:2540.831s step_avg:1203.05ms
step:2113/3300 train_loss:3.41199 train_time:2542.025s step_avg:1203.04ms
step:2114/3300 train_loss:3.44370 train_time:2543.232s step_avg:1203.04ms
step:2115/3300 train_loss:3.45706 train_time:2544.434s step_avg:1203.04ms
step:2116/3300 train_loss:3.49810 train_time:2545.643s step_avg:1203.05ms
step:2117/3300 train_loss:3.42886 train_time:2546.832s step_avg:1203.04ms
step:2118/3300 train_loss:3.50352 train_time:2548.028s step_avg:1203.03ms
step:2119/3300 train_loss:3.41123 train_time:2549.216s step_avg:1203.03ms
step:2120/3300 train_loss:3.41802 train_time:2550.411s step_avg:1203.02ms
step:2121/3300 train_loss:3.37773 train_time:2551.615s step_avg:1203.02ms
step:2122/3300 train_loss:3.42621 train_time:2552.860s step_avg:1203.04ms
step:2123/3300 train_loss:3.41769 train_time:2554.061s step_avg:1203.04ms
step:2124/3300 train_loss:3.48117 train_time:2555.256s step_avg:1203.04ms
step:2125/3300 train_loss:3.38029 train_time:2556.450s step_avg:1203.04ms
step:2125/3300 val_loss:3.42868 train_time:2556.450s step_avg:1201.50ms
step:2126/3300 train_loss:3.48475 train_time:2557.657s step_avg:1203.04ms
step:2127/3300 train_loss:3.46649 train_time:2558.859s step_avg:1203.04ms
step:2128/3300 train_loss:3.40274 train_time:2560.057s step_avg:1203.03ms
step:2129/3300 train_loss:3.44493 train_time:2561.256s step_avg:1203.03ms
step:2130/3300 train_loss:3.43704 train_time:2562.453s step_avg:1203.03ms
step:2131/3300 train_loss:3.48327 train_time:2563.652s step_avg:1203.03ms
step:2132/3300 train_loss:3.44023 train_time:2564.858s step_avg:1203.03ms
step:2133/3300 train_loss:3.39259 train_time:2566.055s step_avg:1203.03ms
step:2134/3300 train_loss:3.46911 train_time:2567.252s step_avg:1203.02ms
step:2135/3300 train_loss:3.43090 train_time:2568.445s step_avg:1203.02ms
step:2136/3300 train_loss:3.40321 train_time:2569.655s step_avg:1203.02ms
step:2137/3300 train_loss:3.44583 train_time:2570.855s step_avg:1203.02ms
step:2138/3300 train_loss:3.40339 train_time:2572.057s step_avg:1203.02ms
step:2139/3300 train_loss:3.45238 train_time:2573.261s step_avg:1203.02ms
step:2140/3300 train_loss:3.53735 train_time:2574.461s step_avg:1203.02ms
step:2141/3300 train_loss:3.47151 train_time:2575.669s step_avg:1203.02ms
step:2142/3300 train_loss:3.42813 train_time:2576.861s step_avg:1203.02ms
step:2143/3300 train_loss:3.40752 train_time:2578.069s step_avg:1203.02ms
step:2144/3300 train_loss:3.38510 train_time:2579.255s step_avg:1203.01ms
step:2145/3300 train_loss:3.49112 train_time:2580.451s step_avg:1203.01ms
step:2146/3300 train_loss:3.43613 train_time:2581.641s step_avg:1203.00ms
step:2147/3300 train_loss:3.52160 train_time:2582.841s step_avg:1203.00ms
step:2148/3300 train_loss:3.46952 train_time:2584.041s step_avg:1203.00ms
step:2149/3300 train_loss:3.40854 train_time:2585.243s step_avg:1203.00ms
step:2150/3300 train_loss:3.49503 train_time:2586.441s step_avg:1203.00ms
step:2151/3300 train_loss:3.42779 train_time:2587.657s step_avg:1203.00ms
step:2152/3300 train_loss:3.56221 train_time:2588.866s step_avg:1203.00ms
step:2153/3300 train_loss:3.47901 train_time:2590.061s step_avg:1203.00ms
step:2154/3300 train_loss:3.51392 train_time:2591.260s step_avg:1203.00ms
step:2155/3300 train_loss:3.40979 train_time:2592.462s step_avg:1203.00ms
step:2156/3300 train_loss:3.40183 train_time:2593.674s step_avg:1203.00ms
step:2157/3300 train_loss:3.42775 train_time:2594.873s step_avg:1203.00ms
step:2158/3300 train_loss:3.39095 train_time:2596.068s step_avg:1203.00ms
step:2159/3300 train_loss:3.50402 train_time:2597.264s step_avg:1202.99ms
step:2160/3300 train_loss:3.50896 train_time:2598.464s step_avg:1202.99ms
step:2161/3300 train_loss:3.42907 train_time:2599.662s step_avg:1202.99ms
step:2162/3300 train_loss:3.38546 train_time:2600.860s step_avg:1202.99ms
step:2163/3300 train_loss:3.53562 train_time:2602.059s step_avg:1202.99ms
step:2164/3300 train_loss:3.43897 train_time:2603.257s step_avg:1202.98ms
step:2165/3300 train_loss:3.48359 train_time:2604.468s step_avg:1202.99ms
step:2166/3300 train_loss:3.48311 train_time:2605.663s step_avg:1202.98ms
step:2167/3300 train_loss:3.44038 train_time:2606.872s step_avg:1202.99ms
step:2168/3300 train_loss:3.43977 train_time:2608.092s step_avg:1202.99ms
step:2169/3300 train_loss:3.48718 train_time:2609.293s step_avg:1202.99ms
step:2170/3300 train_loss:3.44672 train_time:2610.489s step_avg:1202.99ms
step:2171/3300 train_loss:3.47201 train_time:2611.686s step_avg:1202.99ms
step:2172/3300 train_loss:3.42586 train_time:2612.895s step_avg:1202.99ms
step:2173/3300 train_loss:3.48259 train_time:2614.090s step_avg:1202.99ms
step:2174/3300 train_loss:3.46113 train_time:2615.285s step_avg:1202.98ms
step:2175/3300 train_loss:3.42109 train_time:2616.485s step_avg:1202.98ms
step:2176/3300 train_loss:3.42454 train_time:2617.694s step_avg:1202.98ms
step:2177/3300 train_loss:3.48409 train_time:2618.880s step_avg:1202.98ms
step:2178/3300 train_loss:3.36053 train_time:2620.081s step_avg:1202.98ms
step:2179/3300 train_loss:3.42794 train_time:2621.278s step_avg:1202.97ms
step:2180/3300 train_loss:3.45527 train_time:2622.478s step_avg:1202.97ms
step:2181/3300 train_loss:3.45348 train_time:2623.677s step_avg:1202.97ms
step:2182/3300 train_loss:3.41363 train_time:2624.873s step_avg:1202.97ms
step:2183/3300 train_loss:3.38996 train_time:2626.062s step_avg:1202.96ms
step:2184/3300 train_loss:3.44812 train_time:2627.260s step_avg:1202.96ms
step:2185/3300 train_loss:3.49079 train_time:2628.471s step_avg:1202.96ms
step:2186/3300 train_loss:3.35134 train_time:2629.673s step_avg:1202.96ms
step:2187/3300 train_loss:3.41762 train_time:2630.864s step_avg:1202.96ms
step:2188/3300 train_loss:3.36078 train_time:2632.060s step_avg:1202.95ms
step:2189/3300 train_loss:3.39846 train_time:2633.273s step_avg:1202.96ms
step:2190/3300 train_loss:3.43978 train_time:2634.467s step_avg:1202.95ms
step:2191/3300 train_loss:3.38111 train_time:2635.671s step_avg:1202.95ms
step:2192/3300 train_loss:3.48009 train_time:2636.891s step_avg:1202.96ms
step:2193/3300 train_loss:3.44082 train_time:2638.105s step_avg:1202.97ms
step:2194/3300 train_loss:3.46027 train_time:2639.319s step_avg:1202.97ms
step:2195/3300 train_loss:3.38971 train_time:2640.518s step_avg:1202.97ms
step:2196/3300 train_loss:3.39738 train_time:2641.724s step_avg:1202.97ms
step:2197/3300 train_loss:3.44170 train_time:2642.929s step_avg:1202.97ms
step:2198/3300 train_loss:3.42278 train_time:2644.128s step_avg:1202.97ms
step:2199/3300 train_loss:3.40774 train_time:2645.343s step_avg:1202.98ms
step:2200/3300 train_loss:3.44895 train_time:2646.540s step_avg:1202.97ms
step:2201/3300 train_loss:3.38676 train_time:2647.739s step_avg:1202.97ms
step:2202/3300 train_loss:3.64655 train_time:2648.969s step_avg:1202.98ms
step:2203/3300 train_loss:3.49715 train_time:2650.170s step_avg:1202.98ms
step:2204/3300 train_loss:3.39652 train_time:2651.366s step_avg:1202.98ms
step:2205/3300 train_loss:3.45260 train_time:2652.556s step_avg:1202.97ms
step:2206/3300 train_loss:3.45607 train_time:2653.760s step_avg:1202.97ms
step:2207/3300 train_loss:3.50892 train_time:2654.961s step_avg:1202.97ms
step:2208/3300 train_loss:3.45415 train_time:2656.158s step_avg:1202.97ms
step:2209/3300 train_loss:3.39333 train_time:2657.351s step_avg:1202.97ms
step:2210/3300 train_loss:3.41362 train_time:2658.578s step_avg:1202.98ms
step:2211/3300 train_loss:3.39667 train_time:2659.792s step_avg:1202.98ms
step:2212/3300 train_loss:3.46345 train_time:2660.990s step_avg:1202.98ms
step:2213/3300 train_loss:3.36608 train_time:2662.189s step_avg:1202.98ms
step:2214/3300 train_loss:3.41775 train_time:2663.388s step_avg:1202.98ms
step:2215/3300 train_loss:3.46432 train_time:2664.587s step_avg:1202.97ms
step:2216/3300 train_loss:3.47336 train_time:2665.797s step_avg:1202.98ms
step:2217/3300 train_loss:3.43029 train_time:2666.986s step_avg:1202.97ms
step:2218/3300 train_loss:3.38908 train_time:2668.201s step_avg:1202.98ms
step:2219/3300 train_loss:3.44992 train_time:2669.407s step_avg:1202.98ms
step:2220/3300 train_loss:3.43370 train_time:2670.602s step_avg:1202.97ms
step:2221/3300 train_loss:3.48120 train_time:2671.866s step_avg:1203.00ms
step:2222/3300 train_loss:3.42902 train_time:2673.059s step_avg:1203.00ms
step:2223/3300 train_loss:3.44298 train_time:2674.249s step_avg:1202.99ms
step:2224/3300 train_loss:3.51254 train_time:2675.445s step_avg:1202.99ms
step:2225/3300 train_loss:3.39321 train_time:2676.647s step_avg:1202.99ms
step:2226/3300 train_loss:3.44739 train_time:2677.849s step_avg:1202.99ms
step:2227/3300 train_loss:3.45863 train_time:2679.052s step_avg:1202.99ms
step:2228/3300 train_loss:3.40964 train_time:2680.247s step_avg:1202.98ms
step:2229/3300 train_loss:3.45851 train_time:2681.441s step_avg:1202.98ms
step:2230/3300 train_loss:3.44828 train_time:2682.643s step_avg:1202.98ms
step:2231/3300 train_loss:3.43816 train_time:2683.848s step_avg:1202.98ms
step:2232/3300 train_loss:3.39036 train_time:2685.056s step_avg:1202.98ms
step:2233/3300 train_loss:3.41524 train_time:2686.256s step_avg:1202.98ms
step:2234/3300 train_loss:3.42810 train_time:2687.453s step_avg:1202.98ms
step:2235/3300 train_loss:3.37751 train_time:2688.661s step_avg:1202.98ms
step:2236/3300 train_loss:3.54933 train_time:2689.880s step_avg:1202.99ms
step:2237/3300 train_loss:3.41341 train_time:2691.072s step_avg:1202.98ms
step:2238/3300 train_loss:3.45468 train_time:2692.270s step_avg:1202.98ms
step:2239/3300 train_loss:3.36989 train_time:2693.485s step_avg:1202.99ms
step:2240/3300 train_loss:3.36781 train_time:2694.693s step_avg:1202.99ms
step:2241/3300 train_loss:3.43321 train_time:2695.891s step_avg:1202.99ms
step:2242/3300 train_loss:3.43284 train_time:2697.091s step_avg:1202.98ms
step:2243/3300 train_loss:3.42261 train_time:2698.300s step_avg:1202.99ms
step:2244/3300 train_loss:3.40466 train_time:2699.502s step_avg:1202.99ms
step:2245/3300 train_loss:3.37991 train_time:2700.697s step_avg:1202.98ms
step:2246/3300 train_loss:3.42801 train_time:2701.892s step_avg:1202.98ms
step:2247/3300 train_loss:3.38821 train_time:2703.092s step_avg:1202.98ms
step:2248/3300 train_loss:3.43699 train_time:2704.292s step_avg:1202.98ms
step:2249/3300 train_loss:3.43513 train_time:2705.487s step_avg:1202.97ms
step:2250/3300 train_loss:3.39231 train_time:2706.684s step_avg:1202.97ms
step:2250/3300 val_loss:3.41007 train_time:2706.685s step_avg:1201.88ms
step:2251/3300 train_loss:3.37679 train_time:2707.881s step_avg:1202.97ms
step:2252/3300 train_loss:3.48632 train_time:2709.074s step_avg:1202.96ms
step:2253/3300 train_loss:3.35523 train_time:2710.276s step_avg:1202.96ms
step:2254/3300 train_loss:3.40699 train_time:2711.473s step_avg:1202.96ms
step:2255/3300 train_loss:3.51599 train_time:2712.675s step_avg:1202.96ms
step:2256/3300 train_loss:3.42605 train_time:2713.874s step_avg:1202.96ms
step:2257/3300 train_loss:3.56760 train_time:2715.085s step_avg:1202.96ms
step:2258/3300 train_loss:3.45242 train_time:2716.277s step_avg:1202.96ms
step:2259/3300 train_loss:3.38077 train_time:2717.477s step_avg:1202.96ms
step:2260/3300 train_loss:3.41716 train_time:2718.677s step_avg:1202.95ms
step:2261/3300 train_loss:3.44838 train_time:2719.877s step_avg:1202.95ms
step:2262/3300 train_loss:3.39799 train_time:2721.079s step_avg:1202.95ms
step:2263/3300 train_loss:3.40392 train_time:2722.276s step_avg:1202.95ms
step:2264/3300 train_loss:3.41238 train_time:2723.471s step_avg:1202.95ms
step:2265/3300 train_loss:3.43442 train_time:2724.668s step_avg:1202.94ms
step:2266/3300 train_loss:3.40099 train_time:2725.863s step_avg:1202.94ms
step:2267/3300 train_loss:3.40072 train_time:2727.064s step_avg:1202.94ms
step:2268/3300 train_loss:3.36711 train_time:2728.258s step_avg:1202.94ms
step:2269/3300 train_loss:3.38127 train_time:2729.458s step_avg:1202.93ms
step:2270/3300 train_loss:3.44992 train_time:2730.667s step_avg:1202.94ms
step:2271/3300 train_loss:3.42733 train_time:2731.869s step_avg:1202.94ms
step:2272/3300 train_loss:3.40707 train_time:2733.067s step_avg:1202.93ms
step:2273/3300 train_loss:3.35356 train_time:2734.260s step_avg:1202.93ms
step:2274/3300 train_loss:3.42726 train_time:2735.456s step_avg:1202.93ms
step:2275/3300 train_loss:3.41686 train_time:2736.667s step_avg:1202.93ms
step:2276/3300 train_loss:3.36126 train_time:2737.858s step_avg:1202.93ms
step:2277/3300 train_loss:3.35991 train_time:2739.061s step_avg:1202.93ms
step:2278/3300 train_loss:3.43568 train_time:2740.262s step_avg:1202.92ms
step:2279/3300 train_loss:3.44588 train_time:2741.459s step_avg:1202.92ms
step:2280/3300 train_loss:3.37425 train_time:2742.663s step_avg:1202.92ms
step:2281/3300 train_loss:3.43362 train_time:2743.896s step_avg:1202.94ms
step:2282/3300 train_loss:3.40890 train_time:2745.111s step_avg:1202.94ms
step:2283/3300 train_loss:3.39426 train_time:2746.302s step_avg:1202.94ms
step:2284/3300 train_loss:3.47202 train_time:2747.499s step_avg:1202.93ms
step:2285/3300 train_loss:3.39939 train_time:2748.696s step_avg:1202.93ms
step:2286/3300 train_loss:3.42920 train_time:2749.894s step_avg:1202.93ms
step:2287/3300 train_loss:3.43614 train_time:2751.092s step_avg:1202.93ms
step:2288/3300 train_loss:3.47749 train_time:2752.291s step_avg:1202.92ms
step:2289/3300 train_loss:3.39952 train_time:2753.481s step_avg:1202.92ms
step:2290/3300 train_loss:3.38062 train_time:2754.680s step_avg:1202.92ms
step:2291/3300 train_loss:3.44746 train_time:2755.878s step_avg:1202.91ms
step:2292/3300 train_loss:3.41782 train_time:2757.076s step_avg:1202.91ms
step:2293/3300 train_loss:3.35896 train_time:2758.273s step_avg:1202.91ms
step:2294/3300 train_loss:3.44930 train_time:2759.473s step_avg:1202.91ms
step:2295/3300 train_loss:3.42304 train_time:2760.674s step_avg:1202.91ms
step:2296/3300 train_loss:3.41864 train_time:2761.884s step_avg:1202.91ms
step:2297/3300 train_loss:3.40071 train_time:2763.089s step_avg:1202.91ms
step:2298/3300 train_loss:3.44776 train_time:2764.285s step_avg:1202.91ms
step:2299/3300 train_loss:3.43726 train_time:2765.496s step_avg:1202.91ms
step:2300/3300 train_loss:3.42450 train_time:2766.700s step_avg:1202.91ms
step:2301/3300 train_loss:3.45008 train_time:2767.895s step_avg:1202.91ms
step:2302/3300 train_loss:3.36546 train_time:2769.088s step_avg:1202.91ms
step:2303/3300 train_loss:3.40208 train_time:2770.281s step_avg:1202.90ms
step:2304/3300 train_loss:3.35458 train_time:2771.477s step_avg:1202.90ms
step:2305/3300 train_loss:3.43024 train_time:2772.674s step_avg:1202.90ms
step:2306/3300 train_loss:3.34236 train_time:2773.866s step_avg:1202.89ms
step:2307/3300 train_loss:3.42844 train_time:2775.067s step_avg:1202.89ms
step:2308/3300 train_loss:3.45382 train_time:2776.266s step_avg:1202.89ms
step:2309/3300 train_loss:3.46056 train_time:2777.465s step_avg:1202.89ms
step:2310/3300 train_loss:3.33584 train_time:2778.664s step_avg:1202.88ms
step:2311/3300 train_loss:3.40139 train_time:2779.864s step_avg:1202.88ms
step:2312/3300 train_loss:3.44343 train_time:2781.067s step_avg:1202.88ms
step:2313/3300 train_loss:3.39700 train_time:2782.272s step_avg:1202.88ms
step:2314/3300 train_loss:3.40574 train_time:2783.470s step_avg:1202.88ms
step:2315/3300 train_loss:3.40627 train_time:2784.662s step_avg:1202.88ms
step:2316/3300 train_loss:3.39246 train_time:2785.861s step_avg:1202.88ms
step:2317/3300 train_loss:3.39854 train_time:2787.057s step_avg:1202.87ms
step:2318/3300 train_loss:3.35953 train_time:2788.254s step_avg:1202.87ms
step:2319/3300 train_loss:3.48034 train_time:2789.452s step_avg:1202.87ms
step:2320/3300 train_loss:3.44946 train_time:2790.677s step_avg:1202.88ms
step:2321/3300 train_loss:3.43529 train_time:2791.870s step_avg:1202.87ms
step:2322/3300 train_loss:3.42761 train_time:2793.067s step_avg:1202.87ms
step:2323/3300 train_loss:3.37373 train_time:2794.269s step_avg:1202.87ms
step:2324/3300 train_loss:3.38756 train_time:2795.461s step_avg:1202.87ms
step:2325/3300 train_loss:3.34060 train_time:2796.676s step_avg:1202.87ms
step:2326/3300 train_loss:3.41586 train_time:2797.876s step_avg:1202.87ms
step:2327/3300 train_loss:3.37943 train_time:2799.066s step_avg:1202.86ms
step:2328/3300 train_loss:3.40785 train_time:2800.274s step_avg:1202.87ms
step:2329/3300 train_loss:3.56746 train_time:2801.469s step_avg:1202.86ms
step:2330/3300 train_loss:3.36535 train_time:2802.676s step_avg:1202.87ms
step:2331/3300 train_loss:3.43673 train_time:2803.874s step_avg:1202.86ms
step:2332/3300 train_loss:3.41588 train_time:2805.076s step_avg:1202.86ms
step:2333/3300 train_loss:3.46793 train_time:2806.267s step_avg:1202.86ms
step:2334/3300 train_loss:3.40175 train_time:2807.466s step_avg:1202.86ms
step:2335/3300 train_loss:3.38214 train_time:2808.663s step_avg:1202.85ms
step:2336/3300 train_loss:3.45843 train_time:2809.861s step_avg:1202.85ms
step:2337/3300 train_loss:3.38981 train_time:2811.065s step_avg:1202.85ms
step:2338/3300 train_loss:3.41900 train_time:2812.280s step_avg:1202.86ms
step:2339/3300 train_loss:3.42169 train_time:2813.481s step_avg:1202.86ms
step:2340/3300 train_loss:3.37535 train_time:2814.679s step_avg:1202.85ms
step:2341/3300 train_loss:3.41121 train_time:2815.867s step_avg:1202.85ms
step:2342/3300 train_loss:3.41801 train_time:2817.067s step_avg:1202.85ms
step:2343/3300 train_loss:3.40892 train_time:2818.270s step_avg:1202.85ms
step:2344/3300 train_loss:3.40219 train_time:2819.468s step_avg:1202.84ms
step:2345/3300 train_loss:3.41276 train_time:2820.668s step_avg:1202.84ms
step:2346/3300 train_loss:3.37880 train_time:2821.877s step_avg:1202.85ms
step:2347/3300 train_loss:3.48083 train_time:2823.064s step_avg:1202.84ms
step:2348/3300 train_loss:3.45820 train_time:2824.260s step_avg:1202.84ms
step:2349/3300 train_loss:3.41473 train_time:2825.456s step_avg:1202.83ms
step:2350/3300 train_loss:3.38115 train_time:2826.652s step_avg:1202.83ms
step:2351/3300 train_loss:3.37270 train_time:2827.846s step_avg:1202.83ms
step:2352/3300 train_loss:3.38633 train_time:2829.046s step_avg:1202.83ms
step:2353/3300 train_loss:3.48427 train_time:2830.246s step_avg:1202.82ms
step:2354/3300 train_loss:3.41868 train_time:2831.444s step_avg:1202.82ms
step:2355/3300 train_loss:3.33466 train_time:2832.647s step_avg:1202.82ms
step:2356/3300 train_loss:3.50593 train_time:2833.852s step_avg:1202.82ms
step:2357/3300 train_loss:3.39981 train_time:2835.054s step_avg:1202.82ms
step:2358/3300 train_loss:3.39866 train_time:2836.250s step_avg:1202.82ms
step:2359/3300 train_loss:3.37814 train_time:2837.446s step_avg:1202.82ms
step:2360/3300 train_loss:3.42589 train_time:2838.646s step_avg:1202.82ms
step:2361/3300 train_loss:3.41749 train_time:2839.842s step_avg:1202.81ms
step:2362/3300 train_loss:3.41979 train_time:2841.040s step_avg:1202.81ms
step:2363/3300 train_loss:3.41531 train_time:2842.241s step_avg:1202.81ms
step:2364/3300 train_loss:3.44137 train_time:2843.443s step_avg:1202.81ms
step:2365/3300 train_loss:3.37828 train_time:2844.641s step_avg:1202.81ms
step:2366/3300 train_loss:3.38709 train_time:2845.845s step_avg:1202.81ms
step:2367/3300 train_loss:3.50261 train_time:2847.056s step_avg:1202.81ms
step:2368/3300 train_loss:3.44256 train_time:2848.253s step_avg:1202.81ms
step:2369/3300 train_loss:3.41485 train_time:2849.448s step_avg:1202.81ms
step:2370/3300 train_loss:3.35633 train_time:2850.646s step_avg:1202.80ms
step:2371/3300 train_loss:3.43937 train_time:2851.859s step_avg:1202.81ms
step:2372/3300 train_loss:3.38550 train_time:2853.066s step_avg:1202.81ms
step:2373/3300 train_loss:3.47323 train_time:2854.283s step_avg:1202.82ms
step:2374/3300 train_loss:3.55084 train_time:2855.496s step_avg:1202.82ms
step:2375/3300 train_loss:3.36052 train_time:2856.691s step_avg:1202.82ms
step:2375/3300 val_loss:3.39380 train_time:2856.691s step_avg:1200.05ms
step:2376/3300 train_loss:3.39736 train_time:2857.907s step_avg:1202.82ms
step:2377/3300 train_loss:3.40788 train_time:2859.102s step_avg:1202.82ms
step:2378/3300 train_loss:3.39037 train_time:2860.297s step_avg:1202.82ms
step:2379/3300 train_loss:3.42093 train_time:2861.499s step_avg:1202.82ms
step:2380/3300 train_loss:3.36518 train_time:2862.709s step_avg:1202.82ms
step:2381/3300 train_loss:3.42013 train_time:2863.909s step_avg:1202.82ms
step:2382/3300 train_loss:3.43060 train_time:2865.107s step_avg:1202.82ms
step:2383/3300 train_loss:3.41208 train_time:2866.299s step_avg:1202.81ms
step:2384/3300 train_loss:3.38377 train_time:2867.500s step_avg:1202.81ms
step:2385/3300 train_loss:3.45208 train_time:2868.702s step_avg:1202.81ms
step:2386/3300 train_loss:3.39160 train_time:2869.899s step_avg:1202.81ms
step:2387/3300 train_loss:3.41694 train_time:2871.100s step_avg:1202.81ms
step:2388/3300 train_loss:3.38910 train_time:2872.317s step_avg:1202.81ms
step:2389/3300 train_loss:3.43152 train_time:2873.530s step_avg:1202.82ms
step:2390/3300 train_loss:3.38625 train_time:2874.721s step_avg:1202.81ms
step:2391/3300 train_loss:3.43913 train_time:2875.925s step_avg:1202.81ms
step:2392/3300 train_loss:3.36825 train_time:2877.121s step_avg:1202.81ms
step:2393/3300 train_loss:3.40432 train_time:2878.320s step_avg:1202.81ms
step:2394/3300 train_loss:3.44624 train_time:2879.518s step_avg:1202.81ms
step:2395/3300 train_loss:3.35528 train_time:2880.721s step_avg:1202.81ms
step:2396/3300 train_loss:3.42101 train_time:2881.922s step_avg:1202.81ms
step:2397/3300 train_loss:3.40233 train_time:2883.120s step_avg:1202.80ms
step:2398/3300 train_loss:3.39244 train_time:2884.320s step_avg:1202.80ms
step:2399/3300 train_loss:3.39729 train_time:2885.531s step_avg:1202.81ms
step:2400/3300 train_loss:3.36052 train_time:2886.737s step_avg:1202.81ms
step:2401/3300 train_loss:3.39299 train_time:2887.931s step_avg:1202.80ms
step:2402/3300 train_loss:3.41796 train_time:2889.126s step_avg:1202.80ms
step:2403/3300 train_loss:3.37600 train_time:2890.320s step_avg:1202.80ms
step:2404/3300 train_loss:3.49644 train_time:2891.519s step_avg:1202.80ms
step:2405/3300 train_loss:3.37758 train_time:2892.716s step_avg:1202.79ms
step:2406/3300 train_loss:3.52484 train_time:2893.931s step_avg:1202.80ms
step:2407/3300 train_loss:3.35049 train_time:2895.120s step_avg:1202.79ms
step:2408/3300 train_loss:3.38854 train_time:2896.322s step_avg:1202.79ms
step:2409/3300 train_loss:3.39433 train_time:2897.529s step_avg:1202.79ms
step:2410/3300 train_loss:3.43715 train_time:2898.723s step_avg:1202.79ms
step:2411/3300 train_loss:3.42350 train_time:2899.921s step_avg:1202.79ms
step:2412/3300 train_loss:3.37613 train_time:2901.116s step_avg:1202.78ms
step:2413/3300 train_loss:3.37798 train_time:2902.325s step_avg:1202.79ms
step:2414/3300 train_loss:3.46839 train_time:2903.525s step_avg:1202.79ms
step:2415/3300 train_loss:3.43270 train_time:2904.754s step_avg:1202.80ms
step:2416/3300 train_loss:3.38013 train_time:2905.952s step_avg:1202.79ms
step:2417/3300 train_loss:3.39261 train_time:2907.145s step_avg:1202.79ms
step:2418/3300 train_loss:3.41608 train_time:2908.360s step_avg:1202.80ms
step:2419/3300 train_loss:3.37449 train_time:2909.552s step_avg:1202.79ms
step:2420/3300 train_loss:3.39150 train_time:2910.744s step_avg:1202.79ms
step:2421/3300 train_loss:3.49755 train_time:2911.943s step_avg:1202.79ms
step:2422/3300 train_loss:3.47560 train_time:2913.150s step_avg:1202.79ms
step:2423/3300 train_loss:3.46509 train_time:2914.365s step_avg:1202.79ms
step:2424/3300 train_loss:3.42603 train_time:2915.563s step_avg:1202.79ms
step:2425/3300 train_loss:3.37116 train_time:2916.763s step_avg:1202.79ms
step:2426/3300 train_loss:3.32002 train_time:2917.961s step_avg:1202.79ms
step:2427/3300 train_loss:3.45464 train_time:2919.161s step_avg:1202.79ms
step:2428/3300 train_loss:3.38901 train_time:2920.363s step_avg:1202.79ms
step:2429/3300 train_loss:3.36043 train_time:2921.567s step_avg:1202.79ms
step:2430/3300 train_loss:3.41992 train_time:2922.775s step_avg:1202.79ms
step:2431/3300 train_loss:3.48401 train_time:2923.974s step_avg:1202.79ms
step:2432/3300 train_loss:3.42113 train_time:2925.169s step_avg:1202.78ms
step:2433/3300 train_loss:3.40433 train_time:2926.366s step_avg:1202.78ms
step:2434/3300 train_loss:3.39000 train_time:2927.569s step_avg:1202.78ms
step:2435/3300 train_loss:3.38616 train_time:2928.765s step_avg:1202.78ms
step:2436/3300 train_loss:3.39885 train_time:2929.959s step_avg:1202.77ms
step:2437/3300 train_loss:3.38767 train_time:2931.155s step_avg:1202.77ms
step:2438/3300 train_loss:3.40202 train_time:2932.344s step_avg:1202.77ms
step:2439/3300 train_loss:3.36294 train_time:2933.545s step_avg:1202.77ms
step:2440/3300 train_loss:3.39517 train_time:2934.746s step_avg:1202.76ms
step:2441/3300 train_loss:3.36773 train_time:2935.941s step_avg:1202.76ms
step:2442/3300 train_loss:3.43413 train_time:2937.135s step_avg:1202.76ms
step:2443/3300 train_loss:3.40235 train_time:2938.334s step_avg:1202.76ms
step:2444/3300 train_loss:3.33276 train_time:2939.524s step_avg:1202.75ms
step:2445/3300 train_loss:3.45255 train_time:2940.723s step_avg:1202.75ms
step:2446/3300 train_loss:3.38299 train_time:2941.924s step_avg:1202.75ms
step:2447/3300 train_loss:3.38280 train_time:2943.125s step_avg:1202.75ms
step:2448/3300 train_loss:3.45775 train_time:2944.326s step_avg:1202.75ms
step:2449/3300 train_loss:3.40279 train_time:2945.534s step_avg:1202.75ms
step:2450/3300 train_loss:3.42525 train_time:2946.726s step_avg:1202.75ms
step:2451/3300 train_loss:3.42024 train_time:2947.924s step_avg:1202.74ms
step:2452/3300 train_loss:3.43345 train_time:2949.119s step_avg:1202.74ms
step:2453/3300 train_loss:3.37682 train_time:2950.310s step_avg:1202.74ms
step:2454/3300 train_loss:3.44717 train_time:2951.505s step_avg:1202.73ms
step:2455/3300 train_loss:3.46684 train_time:2952.703s step_avg:1202.73ms
step:2456/3300 train_loss:3.33485 train_time:2953.900s step_avg:1202.73ms
step:2457/3300 train_loss:3.38135 train_time:2955.102s step_avg:1202.73ms
step:2458/3300 train_loss:3.52067 train_time:2956.301s step_avg:1202.73ms
step:2459/3300 train_loss:3.59635 train_time:2957.501s step_avg:1202.73ms
step:2460/3300 train_loss:3.41283 train_time:2958.716s step_avg:1202.73ms
step:2461/3300 train_loss:3.38301 train_time:2959.904s step_avg:1202.72ms
step:2462/3300 train_loss:3.44355 train_time:2961.100s step_avg:1202.72ms
step:2463/3300 train_loss:3.45591 train_time:2962.292s step_avg:1202.72ms
step:2464/3300 train_loss:3.48090 train_time:2963.490s step_avg:1202.72ms
step:2465/3300 train_loss:3.38210 train_time:2964.687s step_avg:1202.71ms
step:2466/3300 train_loss:3.42197 train_time:2965.885s step_avg:1202.71ms
step:2467/3300 train_loss:3.35749 train_time:2967.080s step_avg:1202.71ms
step:2468/3300 train_loss:3.41959 train_time:2968.274s step_avg:1202.70ms
step:2469/3300 train_loss:3.49248 train_time:2969.466s step_avg:1202.70ms
step:2470/3300 train_loss:3.39476 train_time:2970.659s step_avg:1202.70ms
step:2471/3300 train_loss:3.38964 train_time:2971.882s step_avg:1202.70ms
step:2472/3300 train_loss:3.38755 train_time:2973.081s step_avg:1202.70ms
step:2473/3300 train_loss:3.57191 train_time:2974.275s step_avg:1202.70ms
step:2474/3300 train_loss:3.42883 train_time:2975.466s step_avg:1202.69ms
step:2475/3300 train_loss:3.39443 train_time:2976.662s step_avg:1202.69ms
step:2476/3300 train_loss:3.37814 train_time:2977.860s step_avg:1202.69ms
step:2477/3300 train_loss:3.38910 train_time:2979.059s step_avg:1202.69ms
step:2478/3300 train_loss:3.39776 train_time:2980.255s step_avg:1202.69ms
step:2479/3300 train_loss:3.42138 train_time:2981.448s step_avg:1202.68ms
step:2480/3300 train_loss:3.34632 train_time:2982.648s step_avg:1202.68ms
step:2481/3300 train_loss:3.45758 train_time:2983.864s step_avg:1202.69ms
step:2482/3300 train_loss:3.36801 train_time:2985.066s step_avg:1202.69ms
step:2483/3300 train_loss:3.39107 train_time:2986.266s step_avg:1202.68ms
step:2484/3300 train_loss:3.45353 train_time:2987.466s step_avg:1202.68ms
step:2485/3300 train_loss:3.45109 train_time:2988.667s step_avg:1202.68ms
step:2486/3300 train_loss:3.40261 train_time:2989.867s step_avg:1202.68ms
step:2487/3300 train_loss:3.42767 train_time:2991.064s step_avg:1202.68ms
step:2488/3300 train_loss:3.38081 train_time:2992.264s step_avg:1202.68ms
step:2489/3300 train_loss:3.40788 train_time:2993.464s step_avg:1202.68ms
step:2490/3300 train_loss:3.41340 train_time:2994.666s step_avg:1202.68ms
step:2491/3300 train_loss:3.43424 train_time:2995.861s step_avg:1202.67ms
step:2492/3300 train_loss:3.36965 train_time:2997.060s step_avg:1202.67ms
step:2493/3300 train_loss:3.42140 train_time:2998.254s step_avg:1202.67ms
step:2494/3300 train_loss:3.41339 train_time:2999.456s step_avg:1202.67ms
step:2495/3300 train_loss:3.34976 train_time:3000.648s step_avg:1202.66ms
step:2496/3300 train_loss:3.37765 train_time:3001.847s step_avg:1202.66ms
step:2497/3300 train_loss:3.38009 train_time:3003.060s step_avg:1202.67ms
step:2498/3300 train_loss:3.35266 train_time:3004.274s step_avg:1202.67ms
step:2499/3300 train_loss:3.39634 train_time:3005.472s step_avg:1202.67ms
step:2500/3300 train_loss:3.33820 train_time:3006.678s step_avg:1202.67ms
step:2500/3300 val_loss:3.37664 train_time:3006.678s step_avg:1199.90ms
step:2501/3300 train_loss:3.36308 train_time:3007.874s step_avg:1202.67ms
step:2502/3300 train_loss:3.36901 train_time:3009.067s step_avg:1202.66ms
step:2503/3300 train_loss:3.38367 train_time:3010.275s step_avg:1202.67ms
step:2504/3300 train_loss:3.44568 train_time:3011.474s step_avg:1202.67ms
step:2505/3300 train_loss:3.39993 train_time:3012.678s step_avg:1202.67ms
step:2506/3300 train_loss:3.37955 train_time:3013.870s step_avg:1202.66ms
step:2507/3300 train_loss:3.43671 train_time:3015.070s step_avg:1202.66ms
step:2508/3300 train_loss:3.38141 train_time:3016.278s step_avg:1202.66ms
step:2509/3300 train_loss:3.47238 train_time:3017.466s step_avg:1202.66ms
step:2510/3300 train_loss:3.40829 train_time:3018.666s step_avg:1202.66ms
step:2511/3300 train_loss:3.40601 train_time:3019.876s step_avg:1202.66ms
step:2512/3300 train_loss:3.41122 train_time:3021.071s step_avg:1202.66ms
step:2513/3300 train_loss:3.38041 train_time:3022.287s step_avg:1202.66ms
step:2514/3300 train_loss:3.41290 train_time:3023.484s step_avg:1202.66ms
step:2515/3300 train_loss:3.33497 train_time:3024.704s step_avg:1202.67ms
step:2516/3300 train_loss:3.40084 train_time:3025.908s step_avg:1202.67ms
step:2517/3300 train_loss:3.37563 train_time:3027.106s step_avg:1202.66ms
step:2518/3300 train_loss:3.43510 train_time:3028.305s step_avg:1202.66ms
step:2519/3300 train_loss:3.42842 train_time:3029.506s step_avg:1202.66ms
step:2520/3300 train_loss:3.42320 train_time:3030.707s step_avg:1202.66ms
step:2521/3300 train_loss:3.42637 train_time:3031.914s step_avg:1202.66ms
step:2522/3300 train_loss:3.39206 train_time:3033.135s step_avg:1202.67ms
step:2523/3300 train_loss:3.34848 train_time:3034.332s step_avg:1202.67ms
step:2524/3300 train_loss:3.42689 train_time:3035.558s step_avg:1202.68ms
step:2525/3300 train_loss:3.36312 train_time:3036.778s step_avg:1202.68ms
step:2526/3300 train_loss:3.42672 train_time:3037.990s step_avg:1202.69ms
step:2527/3300 train_loss:3.38983 train_time:3039.213s step_avg:1202.70ms
step:2528/3300 train_loss:3.30512 train_time:3040.405s step_avg:1202.69ms
step:2529/3300 train_loss:3.42394 train_time:3041.604s step_avg:1202.69ms
step:2530/3300 train_loss:3.41411 train_time:3042.812s step_avg:1202.69ms
step:2531/3300 train_loss:3.41184 train_time:3044.007s step_avg:1202.69ms
step:2532/3300 train_loss:3.36143 train_time:3045.208s step_avg:1202.69ms
step:2533/3300 train_loss:3.39266 train_time:3046.411s step_avg:1202.69ms
step:2534/3300 train_loss:3.39042 train_time:3047.608s step_avg:1202.69ms
step:2535/3300 train_loss:3.39019 train_time:3048.810s step_avg:1202.69ms
step:2536/3300 train_loss:3.38908 train_time:3050.010s step_avg:1202.69ms
step:2537/3300 train_loss:3.33018 train_time:3051.210s step_avg:1202.68ms
step:2538/3300 train_loss:3.34559 train_time:3052.410s step_avg:1202.68ms
step:2539/3300 train_loss:3.38108 train_time:3053.607s step_avg:1202.68ms
step:2540/3300 train_loss:3.39491 train_time:3054.842s step_avg:1202.69ms
step:2541/3300 train_loss:3.37692 train_time:3056.044s step_avg:1202.69ms
step:2542/3300 train_loss:3.56895 train_time:3057.249s step_avg:1202.69ms
step:2543/3300 train_loss:3.60043 train_time:3058.452s step_avg:1202.69ms
step:2544/3300 train_loss:3.36395 train_time:3059.652s step_avg:1202.69ms
step:2545/3300 train_loss:3.37259 train_time:3060.853s step_avg:1202.69ms
step:2546/3300 train_loss:3.52122 train_time:3062.053s step_avg:1202.69ms
step:2547/3300 train_loss:3.38293 train_time:3063.245s step_avg:1202.69ms
step:2548/3300 train_loss:3.33274 train_time:3064.441s step_avg:1202.68ms
step:2549/3300 train_loss:3.42434 train_time:3065.633s step_avg:1202.68ms
step:2550/3300 train_loss:3.41056 train_time:3066.828s step_avg:1202.68ms
step:2551/3300 train_loss:3.37397 train_time:3068.028s step_avg:1202.68ms
step:2552/3300 train_loss:3.36688 train_time:3069.228s step_avg:1202.68ms
step:2553/3300 train_loss:3.43185 train_time:3070.428s step_avg:1202.67ms
step:2554/3300 train_loss:3.41626 train_time:3071.629s step_avg:1202.67ms
step:2555/3300 train_loss:3.34708 train_time:3072.860s step_avg:1202.68ms
step:2556/3300 train_loss:3.40714 train_time:3074.051s step_avg:1202.68ms
step:2557/3300 train_loss:3.39140 train_time:3075.247s step_avg:1202.68ms
step:2558/3300 train_loss:3.36652 train_time:3076.443s step_avg:1202.68ms
step:2559/3300 train_loss:3.35779 train_time:3077.630s step_avg:1202.67ms
step:2560/3300 train_loss:3.39294 train_time:3078.826s step_avg:1202.67ms
step:2561/3300 train_loss:3.41535 train_time:3080.027s step_avg:1202.67ms
step:2562/3300 train_loss:3.35871 train_time:3081.230s step_avg:1202.67ms
step:2563/3300 train_loss:3.45475 train_time:3082.436s step_avg:1202.67ms
step:2564/3300 train_loss:3.39849 train_time:3083.633s step_avg:1202.67ms
step:2565/3300 train_loss:3.33764 train_time:3084.836s step_avg:1202.66ms
step:2566/3300 train_loss:3.40864 train_time:3086.034s step_avg:1202.66ms
step:2567/3300 train_loss:3.42043 train_time:3087.235s step_avg:1202.66ms
step:2568/3300 train_loss:3.38991 train_time:3088.447s step_avg:1202.67ms
step:2569/3300 train_loss:3.35357 train_time:3089.649s step_avg:1202.67ms
step:2570/3300 train_loss:3.40896 train_time:3090.851s step_avg:1202.67ms
step:2571/3300 train_loss:3.35334 train_time:3092.054s step_avg:1202.67ms
step:2572/3300 train_loss:3.36722 train_time:3093.256s step_avg:1202.67ms
step:2573/3300 train_loss:3.32945 train_time:3094.458s step_avg:1202.67ms
step:2574/3300 train_loss:3.37389 train_time:3095.654s step_avg:1202.66ms
step:2575/3300 train_loss:3.36601 train_time:3096.863s step_avg:1202.67ms
step:2576/3300 train_loss:3.40071 train_time:3098.058s step_avg:1202.66ms
step:2577/3300 train_loss:3.36955 train_time:3099.265s step_avg:1202.66ms
step:2578/3300 train_loss:3.37513 train_time:3100.460s step_avg:1202.66ms
step:2579/3300 train_loss:3.31541 train_time:3101.652s step_avg:1202.66ms
step:2580/3300 train_loss:3.35672 train_time:3102.852s step_avg:1202.66ms
step:2581/3300 train_loss:3.43881 train_time:3104.048s step_avg:1202.65ms
step:2582/3300 train_loss:3.33721 train_time:3105.246s step_avg:1202.65ms
step:2583/3300 train_loss:3.42628 train_time:3106.440s step_avg:1202.65ms
step:2584/3300 train_loss:3.44345 train_time:3107.636s step_avg:1202.65ms
step:2585/3300 train_loss:3.42222 train_time:3108.834s step_avg:1202.64ms
step:2586/3300 train_loss:3.40279 train_time:3110.032s step_avg:1202.64ms
step:2587/3300 train_loss:3.37975 train_time:3111.233s step_avg:1202.64ms
step:2588/3300 train_loss:3.40615 train_time:3112.433s step_avg:1202.64ms
step:2589/3300 train_loss:3.31602 train_time:3113.634s step_avg:1202.64ms
step:2590/3300 train_loss:3.44113 train_time:3114.839s step_avg:1202.64ms
step:2591/3300 train_loss:3.42974 train_time:3116.037s step_avg:1202.64ms
step:2592/3300 train_loss:3.45474 train_time:3117.243s step_avg:1202.64ms
step:2593/3300 train_loss:3.38868 train_time:3118.435s step_avg:1202.64ms
step:2594/3300 train_loss:3.37783 train_time:3119.633s step_avg:1202.63ms
step:2595/3300 train_loss:3.42544 train_time:3120.832s step_avg:1202.63ms
step:2596/3300 train_loss:3.33304 train_time:3122.033s step_avg:1202.63ms
step:2597/3300 train_loss:3.46975 train_time:3123.233s step_avg:1202.63ms
step:2598/3300 train_loss:3.38377 train_time:3124.430s step_avg:1202.63ms
step:2599/3300 train_loss:3.33494 train_time:3125.671s step_avg:1202.64ms
step:2600/3300 train_loss:3.39590 train_time:3126.874s step_avg:1202.64ms
step:2601/3300 train_loss:3.33284 train_time:3128.073s step_avg:1202.64ms
step:2602/3300 train_loss:3.38698 train_time:3129.274s step_avg:1202.64ms
step:2603/3300 train_loss:3.41051 train_time:3130.474s step_avg:1202.64ms
step:2604/3300 train_loss:3.39131 train_time:3131.669s step_avg:1202.64ms
step:2605/3300 train_loss:3.35881 train_time:3132.873s step_avg:1202.64ms
step:2606/3300 train_loss:3.35492 train_time:3134.073s step_avg:1202.64ms
step:2607/3300 train_loss:3.33643 train_time:3135.277s step_avg:1202.64ms
step:2608/3300 train_loss:3.41113 train_time:3136.477s step_avg:1202.64ms
step:2609/3300 train_loss:3.39025 train_time:3137.689s step_avg:1202.64ms
step:2610/3300 train_loss:3.37038 train_time:3138.885s step_avg:1202.64ms
step:2611/3300 train_loss:3.33792 train_time:3140.093s step_avg:1202.64ms
step:2612/3300 train_loss:3.36438 train_time:3141.301s step_avg:1202.64ms
step:2613/3300 train_loss:3.37732 train_time:3142.497s step_avg:1202.64ms
step:2614/3300 train_loss:3.43076 train_time:3143.693s step_avg:1202.64ms
step:2615/3300 train_loss:3.32416 train_time:3144.886s step_avg:1202.63ms
step:2616/3300 train_loss:3.32411 train_time:3146.080s step_avg:1202.63ms
step:2617/3300 train_loss:3.41303 train_time:3147.280s step_avg:1202.63ms
step:2618/3300 train_loss:3.37234 train_time:3148.478s step_avg:1202.63ms
step:2619/3300 train_loss:3.37876 train_time:3149.679s step_avg:1202.63ms
step:2620/3300 train_loss:3.42279 train_time:3150.877s step_avg:1202.62ms
step:2621/3300 train_loss:3.37627 train_time:3152.103s step_avg:1202.63ms
step:2622/3300 train_loss:3.38425 train_time:3153.298s step_avg:1202.63ms
step:2623/3300 train_loss:3.39017 train_time:3154.498s step_avg:1202.63ms
step:2624/3300 train_loss:3.37807 train_time:3155.716s step_avg:1202.64ms
step:2625/3300 train_loss:3.34898 train_time:3156.915s step_avg:1202.63ms
step:2625/3300 val_loss:3.35907 train_time:3156.915s step_avg:1201.89ms
step:2626/3300 train_loss:3.39890 train_time:3158.125s step_avg:1202.64ms
step:2627/3300 train_loss:3.38073 train_time:3159.319s step_avg:1202.63ms
step:2628/3300 train_loss:3.41667 train_time:3160.519s step_avg:1202.63ms
step:2629/3300 train_loss:3.39284 train_time:3161.716s step_avg:1202.63ms
step:2630/3300 train_loss:3.36571 train_time:3162.916s step_avg:1202.63ms
step:2631/3300 train_loss:3.43007 train_time:3164.117s step_avg:1202.63ms
step:2632/3300 train_loss:3.33713 train_time:3165.322s step_avg:1202.63ms
step:2633/3300 train_loss:3.40255 train_time:3166.521s step_avg:1202.63ms
step:2634/3300 train_loss:3.31227 train_time:3167.714s step_avg:1202.62ms
step:2635/3300 train_loss:3.33567 train_time:3168.915s step_avg:1202.62ms
step:2636/3300 train_loss:3.36898 train_time:3170.108s step_avg:1202.62ms
step:2637/3300 train_loss:3.36142 train_time:3171.292s step_avg:1202.61ms
step:2638/3300 train_loss:3.39501 train_time:3172.485s step_avg:1202.61ms
step:2639/3300 train_loss:3.38163 train_time:3173.698s step_avg:1202.61ms
step:2640/3300 train_loss:3.42452 train_time:3174.894s step_avg:1202.61ms
step:2641/3300 train_loss:3.36362 train_time:3176.093s step_avg:1202.61ms
step:2642/3300 train_loss:3.32857 train_time:3177.298s step_avg:1202.61ms
step:2643/3300 train_loss:3.36715 train_time:3178.501s step_avg:1202.61ms
step:2644/3300 train_loss:3.36653 train_time:3179.696s step_avg:1202.61ms
step:2645/3300 train_loss:3.41538 train_time:3180.897s step_avg:1202.61ms
step:2646/3300 train_loss:3.35771 train_time:3182.096s step_avg:1202.61ms
step:2647/3300 train_loss:3.36365 train_time:3183.295s step_avg:1202.60ms
step:2648/3300 train_loss:3.39337 train_time:3184.505s step_avg:1202.61ms
step:2649/3300 train_loss:3.40945 train_time:3185.700s step_avg:1202.60ms
step:2650/3300 train_loss:3.40617 train_time:3186.901s step_avg:1202.60ms
step:2651/3300 train_loss:3.40062 train_time:3188.100s step_avg:1202.60ms
step:2652/3300 train_loss:3.38466 train_time:3189.303s step_avg:1202.60ms
step:2653/3300 train_loss:3.41237 train_time:3190.499s step_avg:1202.60ms
step:2654/3300 train_loss:3.40777 train_time:3191.692s step_avg:1202.60ms
step:2655/3300 train_loss:3.37167 train_time:3192.890s step_avg:1202.59ms
step:2656/3300 train_loss:3.38790 train_time:3194.095s step_avg:1202.60ms
step:2657/3300 train_loss:3.33531 train_time:3195.297s step_avg:1202.60ms
step:2658/3300 train_loss:3.35920 train_time:3196.494s step_avg:1202.59ms
step:2659/3300 train_loss:3.38409 train_time:3197.694s step_avg:1202.59ms
step:2660/3300 train_loss:3.36142 train_time:3198.889s step_avg:1202.59ms
step:2661/3300 train_loss:3.38350 train_time:3200.113s step_avg:1202.60ms
step:2662/3300 train_loss:3.37400 train_time:3201.311s step_avg:1202.60ms
step:2663/3300 train_loss:3.36184 train_time:3202.513s step_avg:1202.60ms
step:2664/3300 train_loss:3.33522 train_time:3203.715s step_avg:1202.60ms
step:2665/3300 train_loss:3.39130 train_time:3204.915s step_avg:1202.59ms
step:2666/3300 train_loss:3.40447 train_time:3206.113s step_avg:1202.59ms
step:2667/3300 train_loss:3.40224 train_time:3207.316s step_avg:1202.59ms
step:2668/3300 train_loss:3.35694 train_time:3208.514s step_avg:1202.59ms
step:2669/3300 train_loss:3.38906 train_time:3209.714s step_avg:1202.59ms
step:2670/3300 train_loss:3.34739 train_time:3210.912s step_avg:1202.59ms
step:2671/3300 train_loss:3.33647 train_time:3212.114s step_avg:1202.59ms
step:2672/3300 train_loss:3.30374 train_time:3213.363s step_avg:1202.61ms
step:2673/3300 train_loss:3.35562 train_time:3214.564s step_avg:1202.61ms
step:2674/3300 train_loss:3.37120 train_time:3215.762s step_avg:1202.60ms
step:2675/3300 train_loss:3.41939 train_time:3216.960s step_avg:1202.60ms
step:2676/3300 train_loss:3.34001 train_time:3218.162s step_avg:1202.60ms
step:2677/3300 train_loss:3.28489 train_time:3219.361s step_avg:1202.60ms
step:2678/3300 train_loss:3.41885 train_time:3220.559s step_avg:1202.60ms
step:2679/3300 train_loss:3.41890 train_time:3221.757s step_avg:1202.60ms
step:2680/3300 train_loss:3.31612 train_time:3222.955s step_avg:1202.59ms
step:2681/3300 train_loss:3.35732 train_time:3224.162s step_avg:1202.60ms
step:2682/3300 train_loss:3.41363 train_time:3225.366s step_avg:1202.60ms
step:2683/3300 train_loss:3.40608 train_time:3226.562s step_avg:1202.60ms
step:2684/3300 train_loss:3.45281 train_time:3227.773s step_avg:1202.60ms
step:2685/3300 train_loss:3.38998 train_time:3228.983s step_avg:1202.60ms
step:2686/3300 train_loss:3.34446 train_time:3230.182s step_avg:1202.60ms
step:2687/3300 train_loss:3.39508 train_time:3231.381s step_avg:1202.60ms
step:2688/3300 train_loss:3.35448 train_time:3232.600s step_avg:1202.60ms
step:2689/3300 train_loss:3.40479 train_time:3233.814s step_avg:1202.61ms
step:2690/3300 train_loss:3.38223 train_time:3235.026s step_avg:1202.61ms
step:2691/3300 train_loss:3.36529 train_time:3236.231s step_avg:1202.61ms
step:2692/3300 train_loss:3.41629 train_time:3237.432s step_avg:1202.61ms
step:2693/3300 train_loss:3.41021 train_time:3238.643s step_avg:1202.62ms
step:2694/3300 train_loss:3.33979 train_time:3239.837s step_avg:1202.61ms
step:2695/3300 train_loss:3.32361 train_time:3241.032s step_avg:1202.61ms
step:2696/3300 train_loss:3.47343 train_time:3242.225s step_avg:1202.61ms
step:2697/3300 train_loss:3.35391 train_time:3243.425s step_avg:1202.60ms
step:2698/3300 train_loss:3.28146 train_time:3244.629s step_avg:1202.61ms
step:2699/3300 train_loss:3.36669 train_time:3245.820s step_avg:1202.60ms
step:2700/3300 train_loss:3.37509 train_time:3247.039s step_avg:1202.61ms
step:2701/3300 train_loss:3.35892 train_time:3248.233s step_avg:1202.60ms
step:2702/3300 train_loss:3.35862 train_time:3249.423s step_avg:1202.60ms
step:2703/3300 train_loss:3.41587 train_time:3250.617s step_avg:1202.60ms
step:2704/3300 train_loss:3.36049 train_time:3251.819s step_avg:1202.60ms
step:2705/3300 train_loss:3.36092 train_time:3253.033s step_avg:1202.60ms
step:2706/3300 train_loss:3.38051 train_time:3254.235s step_avg:1202.60ms
step:2707/3300 train_loss:3.39295 train_time:3255.440s step_avg:1202.60ms
step:2708/3300 train_loss:3.35000 train_time:3256.631s step_avg:1202.60ms
step:2709/3300 train_loss:3.39812 train_time:3257.823s step_avg:1202.59ms
step:2710/3300 train_loss:3.32981 train_time:3259.023s step_avg:1202.59ms
step:2711/3300 train_loss:3.42768 train_time:3260.217s step_avg:1202.59ms
step:2712/3300 train_loss:3.36921 train_time:3261.419s step_avg:1202.59ms
step:2713/3300 train_loss:3.35487 train_time:3262.617s step_avg:1202.59ms
step:2714/3300 train_loss:3.35993 train_time:3263.823s step_avg:1202.59ms
step:2715/3300 train_loss:3.31766 train_time:3265.023s step_avg:1202.59ms
step:2716/3300 train_loss:3.34698 train_time:3266.223s step_avg:1202.59ms
step:2717/3300 train_loss:3.34934 train_time:3267.417s step_avg:1202.58ms
step:2718/3300 train_loss:3.41103 train_time:3268.607s step_avg:1202.58ms
step:2719/3300 train_loss:3.35151 train_time:3269.801s step_avg:1202.57ms
step:2720/3300 train_loss:3.37210 train_time:3271.004s step_avg:1202.57ms
step:2721/3300 train_loss:3.40815 train_time:3272.212s step_avg:1202.58ms
step:2722/3300 train_loss:3.49155 train_time:3273.410s step_avg:1202.58ms
step:2723/3300 train_loss:3.34222 train_time:3274.604s step_avg:1202.57ms
step:2724/3300 train_loss:3.37362 train_time:3275.815s step_avg:1202.58ms
step:2725/3300 train_loss:3.40884 train_time:3277.011s step_avg:1202.57ms
step:2726/3300 train_loss:3.36210 train_time:3278.207s step_avg:1202.57ms
step:2727/3300 train_loss:3.34878 train_time:3279.411s step_avg:1202.57ms
step:2728/3300 train_loss:3.37823 train_time:3280.604s step_avg:1202.57ms
step:2729/3300 train_loss:3.40533 train_time:3281.806s step_avg:1202.57ms
step:2730/3300 train_loss:3.40855 train_time:3283.005s step_avg:1202.57ms
step:2731/3300 train_loss:3.33257 train_time:3284.208s step_avg:1202.57ms
step:2732/3300 train_loss:3.32277 train_time:3285.404s step_avg:1202.56ms
step:2733/3300 train_loss:3.29274 train_time:3286.605s step_avg:1202.56ms
step:2734/3300 train_loss:3.35160 train_time:3287.808s step_avg:1202.56ms
step:2735/3300 train_loss:3.36398 train_time:3289.015s step_avg:1202.56ms
step:2736/3300 train_loss:3.35602 train_time:3290.216s step_avg:1202.56ms
step:2737/3300 train_loss:3.36673 train_time:3291.418s step_avg:1202.56ms
step:2738/3300 train_loss:3.33926 train_time:3292.621s step_avg:1202.56ms
step:2739/3300 train_loss:3.30476 train_time:3293.823s step_avg:1202.56ms
step:2740/3300 train_loss:3.37042 train_time:3295.023s step_avg:1202.56ms
step:2741/3300 train_loss:3.36768 train_time:3296.222s step_avg:1202.56ms
step:2742/3300 train_loss:3.39895 train_time:3297.422s step_avg:1202.56ms
step:2743/3300 train_loss:3.39108 train_time:3298.628s step_avg:1202.56ms
step:2744/3300 train_loss:3.41627 train_time:3299.818s step_avg:1202.56ms
step:2745/3300 train_loss:3.31922 train_time:3301.007s step_avg:1202.55ms
step:2746/3300 train_loss:3.36459 train_time:3302.197s step_avg:1202.55ms
step:2747/3300 train_loss:3.34702 train_time:3303.411s step_avg:1202.55ms
step:2748/3300 train_loss:3.37805 train_time:3304.609s step_avg:1202.55ms
step:2749/3300 train_loss:3.36728 train_time:3305.814s step_avg:1202.55ms
step:2750/3300 train_loss:3.38302 train_time:3307.014s step_avg:1202.55ms
step:2750/3300 val_loss:3.34247 train_time:3307.014s step_avg:1200.80ms
step:2751/3300 train_loss:3.33618 train_time:3308.250s step_avg:1202.56ms
step:2752/3300 train_loss:3.31483 train_time:3309.439s step_avg:1202.56ms
step:2753/3300 train_loss:3.33147 train_time:3310.636s step_avg:1202.56ms
step:2754/3300 train_loss:3.32921 train_time:3311.836s step_avg:1202.55ms
step:2755/3300 train_loss:3.30045 train_time:3313.033s step_avg:1202.55ms
step:2756/3300 train_loss:3.33716 train_time:3314.236s step_avg:1202.55ms
step:2757/3300 train_loss:3.42531 train_time:3315.434s step_avg:1202.55ms
step:2758/3300 train_loss:3.32183 train_time:3316.635s step_avg:1202.55ms
step:2759/3300 train_loss:3.34372 train_time:3317.832s step_avg:1202.55ms
step:2760/3300 train_loss:3.37104 train_time:3319.034s step_avg:1202.55ms
step:2761/3300 train_loss:3.37087 train_time:3320.233s step_avg:1202.55ms
step:2762/3300 train_loss:3.31808 train_time:3321.473s step_avg:1202.56ms
step:2763/3300 train_loss:3.36489 train_time:3322.672s step_avg:1202.56ms
step:2764/3300 train_loss:3.40148 train_time:3323.870s step_avg:1202.56ms
step:2765/3300 train_loss:3.33440 train_time:3325.074s step_avg:1202.56ms
step:2766/3300 train_loss:3.32392 train_time:3326.276s step_avg:1202.56ms
step:2767/3300 train_loss:3.34682 train_time:3327.478s step_avg:1202.56ms
step:2768/3300 train_loss:3.35935 train_time:3328.676s step_avg:1202.56ms
step:2769/3300 train_loss:3.33238 train_time:3329.881s step_avg:1202.56ms
step:2770/3300 train_loss:3.27514 train_time:3331.095s step_avg:1202.56ms
step:2771/3300 train_loss:3.46972 train_time:3332.298s step_avg:1202.56ms
step:2772/3300 train_loss:3.33392 train_time:3333.499s step_avg:1202.56ms
step:2773/3300 train_loss:3.31570 train_time:3334.705s step_avg:1202.56ms
step:2774/3300 train_loss:3.33611 train_time:3335.900s step_avg:1202.56ms
step:2775/3300 train_loss:3.37120 train_time:3337.099s step_avg:1202.56ms
step:2776/3300 train_loss:3.42425 train_time:3338.298s step_avg:1202.56ms
step:2777/3300 train_loss:3.41575 train_time:3339.498s step_avg:1202.56ms
step:2778/3300 train_loss:3.39151 train_time:3340.693s step_avg:1202.55ms
step:2779/3300 train_loss:3.35370 train_time:3341.892s step_avg:1202.55ms
step:2780/3300 train_loss:3.36654 train_time:3343.090s step_avg:1202.55ms
step:2781/3300 train_loss:3.32688 train_time:3344.283s step_avg:1202.55ms
step:2782/3300 train_loss:3.37062 train_time:3345.510s step_avg:1202.56ms
step:2783/3300 train_loss:3.36782 train_time:3346.733s step_avg:1202.56ms
step:2784/3300 train_loss:3.37043 train_time:3347.935s step_avg:1202.56ms
step:2785/3300 train_loss:3.33097 train_time:3349.133s step_avg:1202.56ms
step:2786/3300 train_loss:3.37137 train_time:3350.324s step_avg:1202.56ms
step:2787/3300 train_loss:3.38072 train_time:3351.516s step_avg:1202.55ms
step:2788/3300 train_loss:3.39414 train_time:3352.713s step_avg:1202.55ms
step:2789/3300 train_loss:3.39620 train_time:3353.907s step_avg:1202.55ms
step:2790/3300 train_loss:3.34049 train_time:3355.101s step_avg:1202.55ms
step:2791/3300 train_loss:3.32115 train_time:3356.296s step_avg:1202.54ms
step:2792/3300 train_loss:3.36325 train_time:3357.491s step_avg:1202.54ms
step:2793/3300 train_loss:3.42363 train_time:3358.682s step_avg:1202.54ms
step:2794/3300 train_loss:3.32240 train_time:3359.899s step_avg:1202.54ms
step:2795/3300 train_loss:3.41643 train_time:3361.096s step_avg:1202.54ms
step:2796/3300 train_loss:3.32740 train_time:3362.289s step_avg:1202.54ms
step:2797/3300 train_loss:3.37129 train_time:3363.473s step_avg:1202.53ms
step:2798/3300 train_loss:3.33948 train_time:3364.666s step_avg:1202.53ms
step:2799/3300 train_loss:3.36615 train_time:3365.861s step_avg:1202.52ms
step:2800/3300 train_loss:3.39741 train_time:3367.054s step_avg:1202.52ms
step:2801/3300 train_loss:3.38162 train_time:3368.246s step_avg:1202.52ms
step:2802/3300 train_loss:3.30986 train_time:3369.441s step_avg:1202.51ms
step:2803/3300 train_loss:3.39888 train_time:3370.638s step_avg:1202.51ms
step:2804/3300 train_loss:3.46461 train_time:3371.850s step_avg:1202.51ms
step:2805/3300 train_loss:3.32855 train_time:3373.043s step_avg:1202.51ms
step:2806/3300 train_loss:3.43475 train_time:3374.260s step_avg:1202.52ms
step:2807/3300 train_loss:3.39166 train_time:3375.457s step_avg:1202.51ms
step:2808/3300 train_loss:3.34334 train_time:3376.653s step_avg:1202.51ms
step:2809/3300 train_loss:3.39008 train_time:3377.852s step_avg:1202.51ms
step:2810/3300 train_loss:3.35369 train_time:3379.040s step_avg:1202.51ms
step:2811/3300 train_loss:3.38500 train_time:3380.234s step_avg:1202.50ms
step:2812/3300 train_loss:3.31000 train_time:3381.440s step_avg:1202.50ms
step:2813/3300 train_loss:3.39382 train_time:3382.633s step_avg:1202.50ms
step:2814/3300 train_loss:3.34253 train_time:3383.823s step_avg:1202.50ms
step:2815/3300 train_loss:3.25989 train_time:3385.020s step_avg:1202.49ms
step:2816/3300 train_loss:3.31326 train_time:3386.227s step_avg:1202.50ms
step:2817/3300 train_loss:3.36509 train_time:3387.421s step_avg:1202.49ms
step:2818/3300 train_loss:3.36057 train_time:3388.630s step_avg:1202.49ms
step:2819/3300 train_loss:3.37424 train_time:3389.823s step_avg:1202.49ms
step:2820/3300 train_loss:3.37143 train_time:3391.026s step_avg:1202.49ms
step:2821/3300 train_loss:3.40366 train_time:3392.223s step_avg:1202.49ms
step:2822/3300 train_loss:3.36562 train_time:3393.417s step_avg:1202.49ms
step:2823/3300 train_loss:3.33623 train_time:3394.625s step_avg:1202.49ms
step:2824/3300 train_loss:3.28823 train_time:3395.832s step_avg:1202.49ms
step:2825/3300 train_loss:3.38009 train_time:3397.033s step_avg:1202.49ms
step:2826/3300 train_loss:3.33910 train_time:3398.229s step_avg:1202.49ms
step:2827/3300 train_loss:3.35307 train_time:3399.434s step_avg:1202.49ms
step:2828/3300 train_loss:3.34119 train_time:3400.635s step_avg:1202.49ms
step:2829/3300 train_loss:3.34863 train_time:3401.827s step_avg:1202.48ms
step:2830/3300 train_loss:3.37734 train_time:3403.025s step_avg:1202.48ms
step:2831/3300 train_loss:3.36523 train_time:3404.225s step_avg:1202.48ms
step:2832/3300 train_loss:3.37085 train_time:3405.430s step_avg:1202.48ms
step:2833/3300 train_loss:3.45762 train_time:3406.638s step_avg:1202.48ms
step:2834/3300 train_loss:3.35344 train_time:3407.839s step_avg:1202.48ms
step:2835/3300 train_loss:3.39818 train_time:3409.040s step_avg:1202.48ms
step:2836/3300 train_loss:3.33880 train_time:3410.254s step_avg:1202.49ms
step:2837/3300 train_loss:3.34474 train_time:3411.446s step_avg:1202.48ms
step:2838/3300 train_loss:3.38446 train_time:3412.645s step_avg:1202.48ms
step:2839/3300 train_loss:3.36460 train_time:3413.846s step_avg:1202.48ms
step:2840/3300 train_loss:3.33549 train_time:3415.055s step_avg:1202.48ms
step:2841/3300 train_loss:3.37136 train_time:3416.250s step_avg:1202.48ms
step:2842/3300 train_loss:3.35690 train_time:3417.439s step_avg:1202.48ms
step:2843/3300 train_loss:3.35848 train_time:3418.645s step_avg:1202.48ms
step:2844/3300 train_loss:3.45641 train_time:3419.841s step_avg:1202.48ms
step:2845/3300 train_loss:3.31830 train_time:3421.055s step_avg:1202.48ms
step:2846/3300 train_loss:3.32323 train_time:3422.244s step_avg:1202.48ms
step:2847/3300 train_loss:3.34429 train_time:3423.442s step_avg:1202.47ms
step:2848/3300 train_loss:3.37229 train_time:3424.641s step_avg:1202.47ms
step:2849/3300 train_loss:3.32925 train_time:3425.838s step_avg:1202.47ms
step:2850/3300 train_loss:3.35782 train_time:3427.036s step_avg:1202.47ms
step:2851/3300 train_loss:3.30569 train_time:3428.261s step_avg:1202.48ms
step:2852/3300 train_loss:3.36466 train_time:3429.460s step_avg:1202.48ms
step:2853/3300 train_loss:3.31992 train_time:3430.658s step_avg:1202.47ms
step:2854/3300 train_loss:3.32941 train_time:3431.858s step_avg:1202.47ms
step:2855/3300 train_loss:3.37717 train_time:3433.048s step_avg:1202.47ms
step:2856/3300 train_loss:3.44377 train_time:3434.243s step_avg:1202.47ms
step:2857/3300 train_loss:3.35401 train_time:3435.461s step_avg:1202.47ms
step:2858/3300 train_loss:3.39135 train_time:3436.663s step_avg:1202.47ms
step:2859/3300 train_loss:3.33951 train_time:3437.868s step_avg:1202.47ms
step:2860/3300 train_loss:3.30733 train_time:3439.073s step_avg:1202.47ms
step:2861/3300 train_loss:3.42626 train_time:3440.265s step_avg:1202.47ms
step:2862/3300 train_loss:3.39268 train_time:3441.477s step_avg:1202.47ms
step:2863/3300 train_loss:3.40369 train_time:3442.672s step_avg:1202.47ms
step:2864/3300 train_loss:3.33377 train_time:3443.867s step_avg:1202.47ms
step:2865/3300 train_loss:3.37938 train_time:3445.072s step_avg:1202.47ms
step:2866/3300 train_loss:3.29256 train_time:3446.269s step_avg:1202.47ms
step:2867/3300 train_loss:3.33319 train_time:3447.469s step_avg:1202.47ms
step:2868/3300 train_loss:3.36390 train_time:3448.669s step_avg:1202.46ms
step:2869/3300 train_loss:3.32518 train_time:3449.868s step_avg:1202.46ms
step:2870/3300 train_loss:3.33220 train_time:3451.076s step_avg:1202.47ms
step:2871/3300 train_loss:3.32628 train_time:3452.272s step_avg:1202.46ms
step:2872/3300 train_loss:3.30711 train_time:3453.466s step_avg:1202.46ms
step:2873/3300 train_loss:3.26214 train_time:3454.666s step_avg:1202.46ms
step:2874/3300 train_loss:3.37105 train_time:3455.865s step_avg:1202.46ms
step:2875/3300 train_loss:3.41011 train_time:3457.066s step_avg:1202.46ms
step:2875/3300 val_loss:3.32637 train_time:3457.066s step_avg:1200.41ms
step:2876/3300 train_loss:3.35419 train_time:3458.267s step_avg:1202.46ms
step:2877/3300 train_loss:3.33853 train_time:3459.454s step_avg:1202.45ms
step:2878/3300 train_loss:3.37416 train_time:3460.653s step_avg:1202.45ms
step:2879/3300 train_loss:3.36633 train_time:3461.847s step_avg:1202.45ms
step:2880/3300 train_loss:3.33318 train_time:3463.044s step_avg:1202.45ms
step:2881/3300 train_loss:3.31531 train_time:3464.247s step_avg:1202.45ms
step:2882/3300 train_loss:3.38596 train_time:3465.441s step_avg:1202.44ms
step:2883/3300 train_loss:3.32491 train_time:3466.647s step_avg:1202.44ms
step:2884/3300 train_loss:3.35266 train_time:3467.843s step_avg:1202.44ms
step:2885/3300 train_loss:3.31180 train_time:3469.038s step_avg:1202.44ms
step:2886/3300 train_loss:3.35563 train_time:3470.235s step_avg:1202.44ms
step:2887/3300 train_loss:3.41703 train_time:3471.424s step_avg:1202.43ms
step:2888/3300 train_loss:3.41158 train_time:3472.622s step_avg:1202.43ms
step:2889/3300 train_loss:3.48112 train_time:3473.823s step_avg:1202.43ms
step:2890/3300 train_loss:3.30709 train_time:3475.022s step_avg:1202.43ms
step:2891/3300 train_loss:3.34563 train_time:3476.226s step_avg:1202.43ms
step:2892/3300 train_loss:3.27846 train_time:3477.426s step_avg:1202.43ms
step:2893/3300 train_loss:3.29686 train_time:3478.654s step_avg:1202.44ms
step:2894/3300 train_loss:3.33091 train_time:3479.857s step_avg:1202.44ms
step:2895/3300 train_loss:3.40139 train_time:3481.057s step_avg:1202.44ms
step:2896/3300 train_loss:3.39267 train_time:3482.268s step_avg:1202.44ms
step:2897/3300 train_loss:3.31110 train_time:3483.477s step_avg:1202.44ms
step:2898/3300 train_loss:3.56426 train_time:3484.704s step_avg:1202.45ms
step:2899/3300 train_loss:3.34704 train_time:3485.914s step_avg:1202.45ms
step:2900/3300 train_loss:3.36002 train_time:3487.105s step_avg:1202.45ms
step:2901/3300 train_loss:3.32434 train_time:3488.309s step_avg:1202.45ms
step:2902/3300 train_loss:3.42292 train_time:3489.506s step_avg:1202.45ms
step:2903/3300 train_loss:3.32013 train_time:3490.706s step_avg:1202.45ms
step:2904/3300 train_loss:3.37536 train_time:3491.920s step_avg:1202.45ms
step:2905/3300 train_loss:3.39849 train_time:3493.122s step_avg:1202.45ms
step:2906/3300 train_loss:3.34711 train_time:3494.329s step_avg:1202.45ms
step:2907/3300 train_loss:3.36637 train_time:3495.525s step_avg:1202.45ms
step:2908/3300 train_loss:3.38069 train_time:3496.730s step_avg:1202.45ms
step:2909/3300 train_loss:3.40383 train_time:3497.922s step_avg:1202.45ms
step:2910/3300 train_loss:3.35333 train_time:3499.122s step_avg:1202.45ms
step:2911/3300 train_loss:3.33565 train_time:3500.319s step_avg:1202.45ms
step:2912/3300 train_loss:3.31308 train_time:3501.521s step_avg:1202.45ms
step:2913/3300 train_loss:3.39719 train_time:3502.753s step_avg:1202.46ms
step:2914/3300 train_loss:3.35744 train_time:3503.946s step_avg:1202.45ms
step:2915/3300 train_loss:3.35911 train_time:3505.195s step_avg:1202.47ms
step:2916/3300 train_loss:3.33410 train_time:3506.392s step_avg:1202.47ms
step:2917/3300 train_loss:3.40558 train_time:3507.585s step_avg:1202.46ms
step:2918/3300 train_loss:3.23714 train_time:3508.798s step_avg:1202.47ms
step:2919/3300 train_loss:3.30387 train_time:3509.988s step_avg:1202.46ms
step:2920/3300 train_loss:3.27616 train_time:3511.184s step_avg:1202.46ms
step:2921/3300 train_loss:3.35902 train_time:3512.391s step_avg:1202.46ms
step:2922/3300 train_loss:3.49248 train_time:3513.587s step_avg:1202.46ms
step:2923/3300 train_loss:3.35057 train_time:3514.790s step_avg:1202.46ms
step:2924/3300 train_loss:3.30672 train_time:3515.988s step_avg:1202.46ms
step:2925/3300 train_loss:3.35618 train_time:3517.185s step_avg:1202.46ms
step:2926/3300 train_loss:3.36359 train_time:3518.390s step_avg:1202.46ms
step:2927/3300 train_loss:3.29252 train_time:3519.590s step_avg:1202.46ms
step:2928/3300 train_loss:3.39068 train_time:3520.788s step_avg:1202.45ms
step:2929/3300 train_loss:3.29836 train_time:3521.994s step_avg:1202.46ms
step:2930/3300 train_loss:3.41050 train_time:3523.196s step_avg:1202.46ms
step:2931/3300 train_loss:3.36330 train_time:3524.400s step_avg:1202.46ms
step:2932/3300 train_loss:3.35968 train_time:3525.604s step_avg:1202.46ms
step:2933/3300 train_loss:3.58185 train_time:3526.804s step_avg:1202.46ms
step:2934/3300 train_loss:3.33595 train_time:3528.002s step_avg:1202.45ms
step:2935/3300 train_loss:3.45869 train_time:3529.199s step_avg:1202.45ms
step:2936/3300 train_loss:3.38651 train_time:3530.398s step_avg:1202.45ms
step:2937/3300 train_loss:3.33306 train_time:3531.599s step_avg:1202.45ms
step:2938/3300 train_loss:3.37156 train_time:3532.803s step_avg:1202.45ms
step:2939/3300 train_loss:3.37900 train_time:3534.004s step_avg:1202.45ms
step:2940/3300 train_loss:3.30874 train_time:3535.199s step_avg:1202.45ms
step:2941/3300 train_loss:3.31543 train_time:3536.389s step_avg:1202.44ms
step:2942/3300 train_loss:3.27550 train_time:3537.594s step_avg:1202.45ms
step:2943/3300 train_loss:3.31687 train_time:3538.787s step_avg:1202.44ms
step:2944/3300 train_loss:3.26788 train_time:3539.988s step_avg:1202.44ms
step:2945/3300 train_loss:3.35675 train_time:3541.189s step_avg:1202.44ms
step:2946/3300 train_loss:3.34427 train_time:3542.387s step_avg:1202.44ms
step:2947/3300 train_loss:3.31690 train_time:3543.586s step_avg:1202.44ms
step:2948/3300 train_loss:3.36925 train_time:3544.820s step_avg:1202.45ms
step:2949/3300 train_loss:3.30283 train_time:3546.020s step_avg:1202.45ms
step:2950/3300 train_loss:3.32138 train_time:3547.226s step_avg:1202.45ms
step:2951/3300 train_loss:3.37432 train_time:3548.430s step_avg:1202.45ms
step:2952/3300 train_loss:3.28913 train_time:3549.627s step_avg:1202.45ms
step:2953/3300 train_loss:3.37426 train_time:3550.825s step_avg:1202.45ms
step:2954/3300 train_loss:3.36042 train_time:3552.025s step_avg:1202.45ms
step:2955/3300 train_loss:3.33183 train_time:3553.234s step_avg:1202.45ms
step:2956/3300 train_loss:3.33311 train_time:3554.425s step_avg:1202.44ms
step:2957/3300 train_loss:3.34260 train_time:3555.620s step_avg:1202.44ms
step:2958/3300 train_loss:3.35700 train_time:3556.811s step_avg:1202.44ms
step:2959/3300 train_loss:3.27447 train_time:3558.037s step_avg:1202.45ms
step:2960/3300 train_loss:3.32234 train_time:3559.229s step_avg:1202.44ms
step:2961/3300 train_loss:3.39233 train_time:3560.427s step_avg:1202.44ms
step:2962/3300 train_loss:3.29588 train_time:3561.628s step_avg:1202.44ms
step:2963/3300 train_loss:3.26243 train_time:3562.836s step_avg:1202.44ms
step:2964/3300 train_loss:3.29233 train_time:3564.031s step_avg:1202.44ms
step:2965/3300 train_loss:3.34758 train_time:3565.229s step_avg:1202.44ms
step:2966/3300 train_loss:3.28474 train_time:3566.423s step_avg:1202.44ms
step:2967/3300 train_loss:3.34106 train_time:3567.612s step_avg:1202.43ms
step:2968/3300 train_loss:3.32487 train_time:3568.812s step_avg:1202.43ms
step:2969/3300 train_loss:3.49729 train_time:3570.008s step_avg:1202.43ms
step:2970/3300 train_loss:3.32612 train_time:3571.209s step_avg:1202.43ms
step:2971/3300 train_loss:3.38023 train_time:3572.407s step_avg:1202.43ms
step:2972/3300 train_loss:3.30147 train_time:3573.605s step_avg:1202.42ms
step:2973/3300 train_loss:3.35810 train_time:3574.832s step_avg:1202.43ms
step:2974/3300 train_loss:3.25647 train_time:3576.036s step_avg:1202.43ms
step:2975/3300 train_loss:3.32068 train_time:3577.232s step_avg:1202.43ms
step:2976/3300 train_loss:3.33206 train_time:3578.428s step_avg:1202.43ms
step:2977/3300 train_loss:3.30314 train_time:3579.623s step_avg:1202.43ms
step:2978/3300 train_loss:3.39604 train_time:3580.820s step_avg:1202.42ms
step:2979/3300 train_loss:3.32327 train_time:3582.012s step_avg:1202.42ms
step:2980/3300 train_loss:3.36655 train_time:3583.212s step_avg:1202.42ms
step:2981/3300 train_loss:3.31983 train_time:3584.439s step_avg:1202.43ms
step:2982/3300 train_loss:3.37883 train_time:3585.651s step_avg:1202.43ms
step:2983/3300 train_loss:3.33658 train_time:3586.868s step_avg:1202.44ms
step:2984/3300 train_loss:3.36665 train_time:3588.074s step_avg:1202.44ms
step:2985/3300 train_loss:3.37271 train_time:3589.268s step_avg:1202.43ms
step:2986/3300 train_loss:3.36010 train_time:3590.462s step_avg:1202.43ms
step:2987/3300 train_loss:3.28600 train_time:3591.665s step_avg:1202.43ms
step:2988/3300 train_loss:3.24589 train_time:3592.870s step_avg:1202.43ms
step:2989/3300 train_loss:3.39198 train_time:3594.069s step_avg:1202.43ms
step:2990/3300 train_loss:3.35244 train_time:3595.270s step_avg:1202.43ms
step:2991/3300 train_loss:3.30057 train_time:3596.465s step_avg:1202.43ms
step:2992/3300 train_loss:3.31138 train_time:3597.663s step_avg:1202.43ms
step:2993/3300 train_loss:3.31125 train_time:3598.853s step_avg:1202.42ms
step:2994/3300 train_loss:3.29534 train_time:3600.051s step_avg:1202.42ms
step:2995/3300 train_loss:3.38478 train_time:3601.254s step_avg:1202.42ms
step:2996/3300 train_loss:3.27290 train_time:3602.470s step_avg:1202.43ms
step:2997/3300 train_loss:3.28303 train_time:3603.671s step_avg:1202.43ms
step:2998/3300 train_loss:3.35199 train_time:3604.891s step_avg:1202.43ms
step:2999/3300 train_loss:3.38870 train_time:3606.088s step_avg:1202.43ms
step:3000/3300 train_loss:3.35368 train_time:3607.293s step_avg:1202.43ms
step:3000/3300 val_loss:3.31054 train_time:3607.293s step_avg:1201.82ms
step:3001/3300 train_loss:3.31622 train_time:3608.496s step_avg:1202.43ms
step:3002/3300 train_loss:3.32466 train_time:3609.685s step_avg:1202.43ms
step:3003/3300 train_loss:3.30656 train_time:3610.885s step_avg:1202.43ms
step:3004/3300 train_loss:3.36328 train_time:3612.079s step_avg:1202.42ms
step:3005/3300 train_loss:3.33117 train_time:3613.274s step_avg:1202.42ms
step:3006/3300 train_loss:3.29294 train_time:3614.472s step_avg:1202.42ms
step:3007/3300 train_loss:3.31247 train_time:3615.662s step_avg:1202.41ms
step:3008/3300 train_loss:3.36099 train_time:3616.854s step_avg:1202.41ms
step:3009/3300 train_loss:3.30002 train_time:3618.057s step_avg:1202.41ms
step:3010/3300 train_loss:3.34496 train_time:3619.270s step_avg:1202.42ms
step:3011/3300 train_loss:3.34521 train_time:3620.477s step_avg:1202.42ms
step:3012/3300 train_loss:3.30189 train_time:3621.679s step_avg:1202.42ms
step:3013/3300 train_loss:3.38233 train_time:3622.879s step_avg:1202.42ms
step:3014/3300 train_loss:3.35909 train_time:3624.080s step_avg:1202.42ms
step:3015/3300 train_loss:3.33756 train_time:3625.287s step_avg:1202.42ms
step:3016/3300 train_loss:3.32559 train_time:3626.501s step_avg:1202.42ms
step:3017/3300 train_loss:3.33298 train_time:3627.720s step_avg:1202.43ms
step:3018/3300 train_loss:3.26936 train_time:3628.916s step_avg:1202.42ms
step:3019/3300 train_loss:3.33728 train_time:3630.110s step_avg:1202.42ms
step:3020/3300 train_loss:3.33936 train_time:3631.307s step_avg:1202.42ms
step:3021/3300 train_loss:3.29211 train_time:3632.505s step_avg:1202.42ms
step:3022/3300 train_loss:3.30979 train_time:3633.701s step_avg:1202.42ms
step:3023/3300 train_loss:3.26998 train_time:3634.901s step_avg:1202.42ms
step:3024/3300 train_loss:3.33620 train_time:3636.130s step_avg:1202.42ms
step:3025/3300 train_loss:3.32468 train_time:3637.334s step_avg:1202.42ms
step:3025/3300 val_loss:3.30680 train_time:3637.334s step_avg:1201.64ms
step:3026/3300 train_loss:3.28197 train_time:3638.532s step_avg:1202.42ms
step:3027/3300 train_loss:3.34522 train_time:3639.722s step_avg:1202.42ms
step:3028/3300 train_loss:3.24678 train_time:3640.920s step_avg:1202.42ms
step:3029/3300 train_loss:3.38015 train_time:3642.125s step_avg:1202.42ms
step:3030/3300 train_loss:3.21441 train_time:3643.333s step_avg:1202.42ms
step:3031/3300 train_loss:3.26173 train_time:3644.544s step_avg:1202.42ms
step:3032/3300 train_loss:3.35699 train_time:3645.740s step_avg:1202.42ms
step:3033/3300 train_loss:3.32678 train_time:3646.948s step_avg:1202.42ms
step:3034/3300 train_loss:3.28723 train_time:3648.152s step_avg:1202.42ms
step:3035/3300 train_loss:3.25780 train_time:3649.343s step_avg:1202.42ms
step:3036/3300 train_loss:3.31045 train_time:3650.542s step_avg:1202.42ms
step:3037/3300 train_loss:3.29664 train_time:3651.749s step_avg:1202.42ms
step:3038/3300 train_loss:3.29656 train_time:3652.950s step_avg:1202.42ms
step:3039/3300 train_loss:3.31058 train_time:3654.139s step_avg:1202.41ms
step:3040/3300 train_loss:3.33691 train_time:3655.339s step_avg:1202.41ms
step:3041/3300 train_loss:3.24117 train_time:3656.564s step_avg:1202.42ms
step:3042/3300 train_loss:3.26899 train_time:3657.765s step_avg:1202.42ms
step:3043/3300 train_loss:3.35693 train_time:3658.963s step_avg:1202.42ms
step:3044/3300 train_loss:3.41530 train_time:3660.161s step_avg:1202.42ms
step:3045/3300 train_loss:3.26950 train_time:3661.359s step_avg:1202.42ms
step:3046/3300 train_loss:3.27922 train_time:3662.562s step_avg:1202.42ms
step:3047/3300 train_loss:3.32656 train_time:3663.760s step_avg:1202.42ms
step:3048/3300 train_loss:3.27104 train_time:3664.962s step_avg:1202.42ms
step:3049/3300 train_loss:3.28987 train_time:3666.162s step_avg:1202.41ms
step:3050/3300 train_loss:3.30951 train_time:3667.361s step_avg:1202.41ms
step:3050/3300 val_loss:3.30380 train_time:3667.361s step_avg:1201.07ms
step:3051/3300 train_loss:3.26527 train_time:3668.556s step_avg:1202.41ms
step:3052/3300 train_loss:3.33626 train_time:3669.747s step_avg:1202.41ms
step:3053/3300 train_loss:3.31046 train_time:3670.944s step_avg:1202.41ms
step:3054/3300 train_loss:3.34916 train_time:3672.165s step_avg:1202.41ms
step:3055/3300 train_loss:3.36219 train_time:3673.366s step_avg:1202.41ms
step:3056/3300 train_loss:3.24417 train_time:3674.560s step_avg:1202.41ms
step:3057/3300 train_loss:3.30393 train_time:3675.759s step_avg:1202.41ms
step:3058/3300 train_loss:3.34794 train_time:3676.957s step_avg:1202.41ms
step:3059/3300 train_loss:3.37535 train_time:3678.147s step_avg:1202.40ms
step:3060/3300 train_loss:3.28515 train_time:3679.347s step_avg:1202.40ms
step:3061/3300 train_loss:3.32531 train_time:3680.577s step_avg:1202.41ms
step:3062/3300 train_loss:3.31536 train_time:3681.772s step_avg:1202.41ms
step:3063/3300 train_loss:3.35483 train_time:3682.970s step_avg:1202.41ms
step:3064/3300 train_loss:3.28808 train_time:3684.170s step_avg:1202.41ms
step:3065/3300 train_loss:3.32938 train_time:3685.377s step_avg:1202.41ms
step:3066/3300 train_loss:3.26295 train_time:3686.569s step_avg:1202.40ms
step:3067/3300 train_loss:3.25381 train_time:3687.769s step_avg:1202.40ms
step:3068/3300 train_loss:3.30208 train_time:3688.984s step_avg:1202.41ms
step:3069/3300 train_loss:3.34120 train_time:3690.183s step_avg:1202.41ms
step:3070/3300 train_loss:3.33191 train_time:3691.375s step_avg:1202.40ms
step:3071/3300 train_loss:3.36071 train_time:3692.571s step_avg:1202.40ms
step:3072/3300 train_loss:3.35400 train_time:3693.777s step_avg:1202.40ms
step:3073/3300 train_loss:3.27097 train_time:3694.979s step_avg:1202.40ms
step:3074/3300 train_loss:3.36102 train_time:3696.169s step_avg:1202.40ms
step:3075/3300 train_loss:3.28402 train_time:3697.371s step_avg:1202.40ms
step:3075/3300 val_loss:3.30104 train_time:3697.371s step_avg:1200.41ms
step:3076/3300 train_loss:3.35157 train_time:3698.566s step_avg:1202.39ms
step:3077/3300 train_loss:3.31976 train_time:3699.760s step_avg:1202.39ms
step:3078/3300 train_loss:3.39073 train_time:3700.957s step_avg:1202.39ms
step:3079/3300 train_loss:3.27485 train_time:3702.158s step_avg:1202.39ms
step:3080/3300 train_loss:3.33706 train_time:3703.359s step_avg:1202.39ms
step:3081/3300 train_loss:3.28781 train_time:3704.566s step_avg:1202.39ms
step:3082/3300 train_loss:3.28351 train_time:3705.756s step_avg:1202.39ms
step:3083/3300 train_loss:3.32369 train_time:3706.962s step_avg:1202.39ms
step:3084/3300 train_loss:3.29905 train_time:3708.171s step_avg:1202.39ms
step:3085/3300 train_loss:3.38969 train_time:3709.360s step_avg:1202.39ms
step:3086/3300 train_loss:3.31374 train_time:3710.560s step_avg:1202.38ms
step:3087/3300 train_loss:3.31679 train_time:3711.768s step_avg:1202.39ms
step:3088/3300 train_loss:3.31004 train_time:3712.962s step_avg:1202.38ms
step:3089/3300 train_loss:3.30855 train_time:3714.176s step_avg:1202.39ms
step:3090/3300 train_loss:3.34902 train_time:3715.376s step_avg:1202.39ms
step:3091/3300 train_loss:3.42457 train_time:3716.574s step_avg:1202.39ms
step:3092/3300 train_loss:3.34721 train_time:3717.766s step_avg:1202.38ms
step:3093/3300 train_loss:3.26690 train_time:3718.965s step_avg:1202.38ms
step:3094/3300 train_loss:3.34314 train_time:3720.164s step_avg:1202.38ms
step:3095/3300 train_loss:3.32244 train_time:3721.362s step_avg:1202.38ms
step:3096/3300 train_loss:3.32017 train_time:3722.559s step_avg:1202.38ms
step:3097/3300 train_loss:3.30458 train_time:3723.751s step_avg:1202.37ms
step:3098/3300 train_loss:3.25996 train_time:3724.940s step_avg:1202.37ms
step:3099/3300 train_loss:3.33087 train_time:3726.140s step_avg:1202.37ms
step:3100/3300 train_loss:3.24878 train_time:3727.339s step_avg:1202.37ms
step:3100/3300 val_loss:3.29831 train_time:3727.339s step_avg:1198.70ms
step:3101/3300 train_loss:3.29646 train_time:3728.535s step_avg:1202.37ms
step:3102/3300 train_loss:3.22371 train_time:3729.738s step_avg:1202.37ms
step:3103/3300 train_loss:3.35232 train_time:3730.942s step_avg:1202.37ms
step:3104/3300 train_loss:3.26751 train_time:3732.141s step_avg:1202.36ms
step:3105/3300 train_loss:3.30218 train_time:3733.341s step_avg:1202.36ms
step:3106/3300 train_loss:3.20641 train_time:3734.539s step_avg:1202.36ms
step:3107/3300 train_loss:3.19071 train_time:3735.735s step_avg:1202.36ms
step:3108/3300 train_loss:3.30600 train_time:3736.933s step_avg:1202.36ms
step:3109/3300 train_loss:3.29949 train_time:3738.124s step_avg:1202.36ms
step:3110/3300 train_loss:3.31073 train_time:3739.319s step_avg:1202.35ms
step:3111/3300 train_loss:3.24620 train_time:3740.517s step_avg:1202.35ms
step:3112/3300 train_loss:3.34440 train_time:3741.717s step_avg:1202.35ms
step:3113/3300 train_loss:3.25375 train_time:3742.916s step_avg:1202.35ms
step:3114/3300 train_loss:3.32177 train_time:3744.116s step_avg:1202.35ms
step:3115/3300 train_loss:3.32914 train_time:3745.316s step_avg:1202.35ms
step:3116/3300 train_loss:3.43613 train_time:3746.518s step_avg:1202.35ms
step:3117/3300 train_loss:3.29234 train_time:3747.718s step_avg:1202.35ms
step:3118/3300 train_loss:3.31430 train_time:3748.921s step_avg:1202.35ms
step:3119/3300 train_loss:3.30517 train_time:3750.123s step_avg:1202.35ms
step:3120/3300 train_loss:3.25649 train_time:3751.325s step_avg:1202.35ms
step:3121/3300 train_loss:3.35158 train_time:3752.530s step_avg:1202.35ms
step:3122/3300 train_loss:3.32360 train_time:3753.721s step_avg:1202.35ms
step:3123/3300 train_loss:3.31550 train_time:3754.921s step_avg:1202.34ms
step:3124/3300 train_loss:3.19612 train_time:3756.119s step_avg:1202.34ms
step:3125/3300 train_loss:3.31255 train_time:3757.316s step_avg:1202.34ms
step:3125/3300 val_loss:3.29567 train_time:3757.316s step_avg:1199.09ms
step:3126/3300 train_loss:3.26135 train_time:3758.506s step_avg:1202.34ms
step:3127/3300 train_loss:3.41258 train_time:3759.694s step_avg:1202.33ms
step:3128/3300 train_loss:3.30650 train_time:3760.896s step_avg:1202.33ms
step:3129/3300 train_loss:3.28416 train_time:3762.108s step_avg:1202.34ms
step:3130/3300 train_loss:3.30625 train_time:3763.301s step_avg:1202.33ms
step:3131/3300 train_loss:3.31124 train_time:3764.500s step_avg:1202.33ms
step:3132/3300 train_loss:3.24337 train_time:3765.710s step_avg:1202.33ms
step:3133/3300 train_loss:3.32375 train_time:3766.923s step_avg:1202.34ms
step:3134/3300 train_loss:3.28243 train_time:3768.118s step_avg:1202.34ms
step:3135/3300 train_loss:3.26104 train_time:3769.320s step_avg:1202.33ms
step:3136/3300 train_loss:3.28550 train_time:3770.520s step_avg:1202.33ms
step:3137/3300 train_loss:3.38586 train_time:3771.729s step_avg:1202.34ms
step:3138/3300 train_loss:3.29579 train_time:3772.928s step_avg:1202.34ms
step:3139/3300 train_loss:3.34631 train_time:3774.130s step_avg:1202.34ms
step:3140/3300 train_loss:3.34124 train_time:3775.328s step_avg:1202.33ms
step:3141/3300 train_loss:3.29385 train_time:3776.529s step_avg:1202.33ms
step:3142/3300 train_loss:3.30774 train_time:3777.723s step_avg:1202.33ms
step:3143/3300 train_loss:3.25075 train_time:3778.923s step_avg:1202.33ms
step:3144/3300 train_loss:3.34911 train_time:3780.122s step_avg:1202.33ms
step:3145/3300 train_loss:3.27281 train_time:3781.321s step_avg:1202.33ms
step:3146/3300 train_loss:3.33353 train_time:3782.524s step_avg:1202.33ms
step:3147/3300 train_loss:3.33468 train_time:3783.731s step_avg:1202.33ms
step:3148/3300 train_loss:3.31390 train_time:3784.923s step_avg:1202.33ms
step:3149/3300 train_loss:3.24791 train_time:3786.134s step_avg:1202.33ms
step:3150/3300 train_loss:3.29826 train_time:3787.322s step_avg:1202.32ms
step:3150/3300 val_loss:3.29282 train_time:3787.322s step_avg:1200.23ms
step:3151/3300 train_loss:3.28929 train_time:3788.515s step_avg:1202.32ms
step:3152/3300 train_loss:3.31869 train_time:3789.711s step_avg:1202.32ms
step:3153/3300 train_loss:3.31544 train_time:3790.912s step_avg:1202.32ms
step:3154/3300 train_loss:3.28370 train_time:3792.107s step_avg:1202.32ms
step:3155/3300 train_loss:3.30439 train_time:3793.313s step_avg:1202.32ms
step:3156/3300 train_loss:3.33627 train_time:3794.518s step_avg:1202.32ms
step:3157/3300 train_loss:3.29306 train_time:3795.732s step_avg:1202.32ms
step:3158/3300 train_loss:3.37123 train_time:3796.938s step_avg:1202.32ms
step:3159/3300 train_loss:3.29821 train_time:3798.146s step_avg:1202.33ms
step:3160/3300 train_loss:3.26434 train_time:3799.347s step_avg:1202.32ms
step:3161/3300 train_loss:3.27382 train_time:3800.547s step_avg:1202.32ms
step:3162/3300 train_loss:3.27163 train_time:3801.748s step_avg:1202.32ms
step:3163/3300 train_loss:3.23270 train_time:3802.947s step_avg:1202.32ms
step:3164/3300 train_loss:3.32075 train_time:3804.158s step_avg:1202.33ms
step:3165/3300 train_loss:3.29802 train_time:3805.371s step_avg:1202.33ms
step:3166/3300 train_loss:3.30537 train_time:3806.573s step_avg:1202.33ms
step:3167/3300 train_loss:3.28376 train_time:3807.762s step_avg:1202.32ms
step:3168/3300 train_loss:3.25231 train_time:3808.966s step_avg:1202.33ms
step:3169/3300 train_loss:3.34117 train_time:3810.180s step_avg:1202.33ms
step:3170/3300 train_loss:3.25751 train_time:3811.381s step_avg:1202.33ms
step:3171/3300 train_loss:3.34590 train_time:3812.583s step_avg:1202.33ms
step:3172/3300 train_loss:3.34502 train_time:3813.806s step_avg:1202.33ms
step:3173/3300 train_loss:3.29362 train_time:3815.059s step_avg:1202.35ms
step:3174/3300 train_loss:3.29040 train_time:3816.246s step_avg:1202.35ms
step:3175/3300 train_loss:3.34356 train_time:3817.441s step_avg:1202.34ms
step:3175/3300 val_loss:3.29059 train_time:3817.441s step_avg:1204.77ms
step:3176/3300 train_loss:3.30366 train_time:3818.635s step_avg:1202.34ms
step:3177/3300 train_loss:3.32608 train_time:3819.829s step_avg:1202.34ms
step:3178/3300 train_loss:3.38050 train_time:3821.035s step_avg:1202.34ms
step:3179/3300 train_loss:3.29457 train_time:3822.244s step_avg:1202.34ms
step:3180/3300 train_loss:3.27032 train_time:3823.447s step_avg:1202.34ms
step:3181/3300 train_loss:3.26312 train_time:3824.648s step_avg:1202.34ms
step:3182/3300 train_loss:3.24645 train_time:3825.857s step_avg:1202.34ms
step:3183/3300 train_loss:3.30495 train_time:3827.052s step_avg:1202.34ms
step:3184/3300 train_loss:3.28788 train_time:3828.251s step_avg:1202.34ms
step:3185/3300 train_loss:3.25506 train_time:3829.452s step_avg:1202.34ms
step:3186/3300 train_loss:3.32147 train_time:3830.656s step_avg:1202.34ms
step:3187/3300 train_loss:3.27344 train_time:3831.854s step_avg:1202.34ms
step:3188/3300 train_loss:3.30686 train_time:3833.047s step_avg:1202.34ms
step:3189/3300 train_loss:3.28996 train_time:3834.258s step_avg:1202.34ms
step:3190/3300 train_loss:3.30243 train_time:3835.462s step_avg:1202.34ms
step:3191/3300 train_loss:3.25634 train_time:3836.659s step_avg:1202.34ms
step:3192/3300 train_loss:3.33764 train_time:3837.851s step_avg:1202.33ms
step:3193/3300 train_loss:3.38440 train_time:3839.053s step_avg:1202.33ms
step:3194/3300 train_loss:3.35670 train_time:3840.269s step_avg:1202.34ms
step:3195/3300 train_loss:3.20074 train_time:3841.482s step_avg:1202.34ms
step:3196/3300 train_loss:3.47565 train_time:3842.683s step_avg:1202.34ms
step:3197/3300 train_loss:3.22658 train_time:3843.881s step_avg:1202.34ms
step:3198/3300 train_loss:3.30755 train_time:3845.073s step_avg:1202.34ms
step:3199/3300 train_loss:3.29374 train_time:3846.284s step_avg:1202.34ms
step:3200/3300 train_loss:3.27184 train_time:3847.476s step_avg:1202.34ms
step:3200/3300 val_loss:3.28827 train_time:3847.476s step_avg:1201.38ms
step:3201/3300 train_loss:3.30871 train_time:3848.691s step_avg:1202.34ms
step:3202/3300 train_loss:3.30634 train_time:3849.905s step_avg:1202.34ms
step:3203/3300 train_loss:3.25556 train_time:3851.105s step_avg:1202.34ms
step:3204/3300 train_loss:3.36153 train_time:3852.310s step_avg:1202.34ms
step:3205/3300 train_loss:3.37329 train_time:3853.542s step_avg:1202.35ms
step:3206/3300 train_loss:3.23043 train_time:3854.738s step_avg:1202.35ms
step:3207/3300 train_loss:3.32789 train_time:3855.927s step_avg:1202.35ms
step:3208/3300 train_loss:3.34470 train_time:3857.125s step_avg:1202.35ms
step:3209/3300 train_loss:3.27106 train_time:3858.315s step_avg:1202.34ms
step:3210/3300 train_loss:3.34324 train_time:3859.512s step_avg:1202.34ms
step:3211/3300 train_loss:3.25433 train_time:3860.709s step_avg:1202.34ms
step:3212/3300 train_loss:3.30546 train_time:3861.903s step_avg:1202.34ms
step:3213/3300 train_loss:3.32432 train_time:3863.093s step_avg:1202.33ms
step:3214/3300 train_loss:3.31794 train_time:3864.288s step_avg:1202.33ms
step:3215/3300 train_loss:3.25403 train_time:3865.484s step_avg:1202.33ms
step:3216/3300 train_loss:3.28906 train_time:3866.669s step_avg:1202.32ms
step:3217/3300 train_loss:3.31213 train_time:3867.865s step_avg:1202.32ms
step:3218/3300 train_loss:3.30618 train_time:3869.053s step_avg:1202.32ms
step:3219/3300 train_loss:3.33328 train_time:3870.248s step_avg:1202.31ms
step:3220/3300 train_loss:3.35551 train_time:3871.436s step_avg:1202.31ms
step:3221/3300 train_loss:3.29775 train_time:3872.634s step_avg:1202.31ms
step:3222/3300 train_loss:3.30409 train_time:3873.839s step_avg:1202.31ms
step:3223/3300 train_loss:3.27694 train_time:3875.038s step_avg:1202.31ms
step:3224/3300 train_loss:3.26604 train_time:3876.234s step_avg:1202.31ms
step:3225/3300 train_loss:3.26250 train_time:3877.431s step_avg:1202.30ms
step:3225/3300 val_loss:3.28626 train_time:3877.432s step_avg:1198.23ms
step:3226/3300 train_loss:3.28525 train_time:3878.626s step_avg:1202.30ms
step:3227/3300 train_loss:3.29172 train_time:3879.825s step_avg:1202.30ms
step:3228/3300 train_loss:3.29225 train_time:3881.027s step_avg:1202.30ms
step:3229/3300 train_loss:3.21312 train_time:3882.236s step_avg:1202.30ms
step:3230/3300 train_loss:3.30849 train_time:3883.447s step_avg:1202.31ms
step:3231/3300 train_loss:3.35266 train_time:3884.670s step_avg:1202.31ms
step:3232/3300 train_loss:3.27121 train_time:3885.875s step_avg:1202.31ms
step:3233/3300 train_loss:3.37163 train_time:3887.071s step_avg:1202.31ms
step:3234/3300 train_loss:3.22127 train_time:3888.271s step_avg:1202.31ms
step:3235/3300 train_loss:3.31333 train_time:3889.471s step_avg:1202.31ms
step:3236/3300 train_loss:3.33823 train_time:3890.671s step_avg:1202.31ms
step:3237/3300 train_loss:3.31142 train_time:3891.871s step_avg:1202.31ms
step:3238/3300 train_loss:3.28643 train_time:3893.076s step_avg:1202.31ms
step:3239/3300 train_loss:3.23895 train_time:3894.270s step_avg:1202.31ms
step:3240/3300 train_loss:3.30823 train_time:3895.465s step_avg:1202.30ms
step:3241/3300 train_loss:3.37695 train_time:3896.661s step_avg:1202.30ms
step:3242/3300 train_loss:3.34000 train_time:3897.855s step_avg:1202.30ms
step:3243/3300 train_loss:3.34369 train_time:3899.055s step_avg:1202.30ms
step:3244/3300 train_loss:3.34668 train_time:3900.259s step_avg:1202.30ms
step:3245/3300 train_loss:3.30821 train_time:3901.455s step_avg:1202.30ms
step:3246/3300 train_loss:3.32055 train_time:3902.656s step_avg:1202.30ms
step:3247/3300 train_loss:3.21725 train_time:3903.853s step_avg:1202.30ms
step:3248/3300 train_loss:3.22269 train_time:3905.045s step_avg:1202.29ms
step:3249/3300 train_loss:3.30176 train_time:3906.237s step_avg:1202.29ms
step:3250/3300 train_loss:3.30805 train_time:3907.433s step_avg:1202.29ms
step:3250/3300 val_loss:3.28470 train_time:3907.434s step_avg:1200.08ms
step:3251/3300 train_loss:3.28842 train_time:3908.630s step_avg:1202.29ms
step:3252/3300 train_loss:3.27102 train_time:3909.829s step_avg:1202.28ms
step:3253/3300 train_loss:3.33525 train_time:3911.029s step_avg:1202.28ms
step:3254/3300 train_loss:3.33463 train_time:3912.234s step_avg:1202.28ms
step:3255/3300 train_loss:3.30933 train_time:3913.435s step_avg:1202.28ms
step:3256/3300 train_loss:3.29388 train_time:3914.636s step_avg:1202.28ms
step:3257/3300 train_loss:3.31187 train_time:3915.838s step_avg:1202.28ms
step:3258/3300 train_loss:3.29587 train_time:3917.039s step_avg:1202.28ms
step:3259/3300 train_loss:3.33715 train_time:3918.247s step_avg:1202.28ms
step:3260/3300 train_loss:3.28175 train_time:3919.444s step_avg:1202.28ms
step:3261/3300 train_loss:3.29387 train_time:3920.642s step_avg:1202.28ms
step:3262/3300 train_loss:3.26480 train_time:3921.840s step_avg:1202.28ms
step:3263/3300 train_loss:3.41999 train_time:3923.037s step_avg:1202.28ms
step:3264/3300 train_loss:3.28896 train_time:3924.248s step_avg:1202.28ms
step:3265/3300 train_loss:3.34942 train_time:3925.443s step_avg:1202.28ms
step:3266/3300 train_loss:3.28018 train_time:3926.646s step_avg:1202.28ms
step:3267/3300 train_loss:3.35633 train_time:3927.843s step_avg:1202.28ms
step:3268/3300 train_loss:3.23448 train_time:3929.040s step_avg:1202.28ms
step:3269/3300 train_loss:3.35170 train_time:3930.234s step_avg:1202.27ms
step:3270/3300 train_loss:3.24563 train_time:3931.428s step_avg:1202.27ms
step:3271/3300 train_loss:3.29671 train_time:3932.625s step_avg:1202.27ms
step:3272/3300 train_loss:3.27006 train_time:3933.823s step_avg:1202.27ms
step:3273/3300 train_loss:3.29353 train_time:3935.028s step_avg:1202.27ms
step:3274/3300 train_loss:3.27700 train_time:3936.227s step_avg:1202.27ms
step:3275/3300 train_loss:3.27478 train_time:3937.424s step_avg:1202.27ms
step:3275/3300 val_loss:3.28349 train_time:3937.424s step_avg:1199.62ms
step:3276/3300 train_loss:3.26211 train_time:3938.622s step_avg:1202.27ms
step:3277/3300 train_loss:3.32716 train_time:3939.816s step_avg:1202.26ms
step:3278/3300 train_loss:3.24355 train_time:3941.030s step_avg:1202.27ms
step:3279/3300 train_loss:3.32692 train_time:3942.230s step_avg:1202.27ms
step:3280/3300 train_loss:3.21348 train_time:3943.432s step_avg:1202.27ms
step:3281/3300 train_loss:3.31608 train_time:3944.643s step_avg:1202.27ms
step:3282/3300 train_loss:3.29382 train_time:3945.845s step_avg:1202.27ms
step:3283/3300 train_loss:3.34139 train_time:3947.044s step_avg:1202.27ms
step:3284/3300 train_loss:3.24630 train_time:3948.238s step_avg:1202.26ms
step:3285/3300 train_loss:3.32157 train_time:3949.435s step_avg:1202.26ms
step:3286/3300 train_loss:3.25328 train_time:3950.664s step_avg:1202.27ms
step:3287/3300 train_loss:3.28015 train_time:3951.856s step_avg:1202.27ms
step:3288/3300 train_loss:3.37599 train_time:3953.060s step_avg:1202.27ms
step:3289/3300 train_loss:3.33501 train_time:3954.258s step_avg:1202.27ms
step:3290/3300 train_loss:3.20530 train_time:3955.458s step_avg:1202.27ms
step:3291/3300 train_loss:3.32071 train_time:3956.656s step_avg:1202.27ms
step:3292/3300 train_loss:3.30067 train_time:3957.864s step_avg:1202.27ms
step:3293/3300 train_loss:3.27179 train_time:3959.057s step_avg:1202.26ms
step:3294/3300 train_loss:3.33966 train_time:3960.265s step_avg:1202.27ms
step:3295/3300 train_loss:3.26405 train_time:3961.456s step_avg:1202.26ms
step:3296/3300 train_loss:3.29749 train_time:3962.654s step_avg:1202.26ms
step:3297/3300 train_loss:3.29642 train_time:3963.855s step_avg:1202.26ms
step:3298/3300 train_loss:3.27108 train_time:3965.058s step_avg:1202.26ms
step:3299/3300 train_loss:3.28699 train_time:3966.254s step_avg:1202.26ms
step:3300/3300 train_loss:3.28762 train_time:3967.458s step_avg:1202.26ms
step:3300/3300 val_loss:3.28294 train_time:3967.458s step_avg:1201.36ms
