[1;11rlogfile: ../../../../records/track_3_optimization/results/muonl_draft/runs/seed42_h100_mainpdf_loss_only_20260727T111653Z/plain_muon/raw/seed42_plain_muon_lr0p035_mainpdf_h100_loss_only.txt
scheme:plain_muon opt_mode:plain rho:0.0 ns_steps:12 momentum:0.95 nesterov:True scale_ema_beta:0.9 interval:5
matrix_lr:0.035 matrix_weight_decay:0.025 weight_decay_mode:decoupled zero_init_trust_floor_scale:1.0
schedule_cooldown_frac:0.7 previous_muonl_experiment_cooldown_frac:0.7
seed:42 train_steps:3300 schedule_steps:3300 diag_freq:250
batch_tokens:524288 train_microbatches:8 train_microbatch_sequences:64 val_tokens:10485760
save_log:True save_diag:False save_orscale_state:False orscale_state_freq:250
step:S val_loss is after S optimizer updates
step:0/3300 val_loss:10.82583 train_time:0.000s step_avg:nanms
step:1/3300 train_loss:10.82584 train_time:3.690s step_avg:3690.34ms
step:2/3300 train_loss:10.43467 train_time:4.804s step_avg:2401.76ms
step:3/3300 train_loss:9.11073 train_time:5.991s step_avg:1996.86ms
step:4/3300 train_loss:7.94105 train_time:7.216s step_avg:1804.07ms
step:5/3300 train_loss:7.31366 train_time:8.403s step_avg:1680.59ms
step:6/3300 train_loss:6.93703 train_time:9.603s step_avg:1600.56ms
step:7/3300 train_loss:6.89409 train_time:10.803s step_avg:1543.31ms
step:8/3300 train_loss:6.68984 train_time:12.003s step_avg:1500.43ms
step:9/3300 train_loss:6.74562 train_time:13.201s step_avg:1466.80ms
step:10/3300 train_loss:6.61106 train_time:14.400s step_avg:1440.03ms
step:11/3300 train_loss:6.57197 train_time:15.641s step_avg:1421.92ms
step:12/3300 train_loss:6.49268 train_time:16.836s step_avg:1403.03ms
step:13/3300 train_loss:6.46361 train_time:18.029s step_avg:1386.88ms
step:14/3300 train_loss:6.33151 train_time:19.232s step_avg:1373.75ms
step:15/3300 train_loss:6.35725 train_time:20.427s step_avg:1361.83ms
step:16/3300 train_loss:6.27552 train_time:21.633s step_avg:1352.07ms
step:17/3300 train_loss:6.25993 train_time:22.828s step_avg:1342.81ms
step:18/3300 train_loss:6.28244 train_time:24.044s step_avg:1335.80ms
step:19/3300 train_loss:6.28135 train_time:25.255s step_avg:1329.22ms
step:20/3300 train_loss:6.13454 train_time:26.464s step_avg:1323.22ms
step:21/3300 train_loss:6.17618 train_time:27.664s step_avg:1317.32ms
step:22/3300 train_loss:6.21391 train_time:28.871s step_avg:1312.32ms
step:23/3300 train_loss:6.04786 train_time:30.083s step_avg:1307.94ms
step:24/3300 train_loss:6.09006 train_time:31.287s step_avg:1303.63ms
step:25/3300 train_loss:6.00703 train_time:32.490s step_avg:1299.61ms
step:26/3300 train_loss:6.01438 train_time:33.703s step_avg:1296.29ms
step:27/3300 train_loss:6.01557 train_time:34.914s step_avg:1293.09ms
step:28/3300 train_loss:5.92886 train_time:36.108s step_avg:1289.58ms
step:29/3300 train_loss:5.97166 train_time:37.309s step_avg:1286.52ms
step:30/3300 train_loss:5.89044 train_time:38.514s step_avg:1283.79ms
step:31/3300 train_loss:5.95035 train_time:39.717s step_avg:1281.19ms
step:32/3300 train_loss:5.81159 train_time:40.913s step_avg:1278.52ms
step:33/3300 train_loss:5.82328 train_time:42.111s step_avg:1276.09ms
step:34/3300 train_loss:5.81319 train_time:43.328s step_avg:1274.36ms
step:35/3300 train_loss:5.87053 train_time:44.531s step_avg:1272.32ms
step:36/3300 train_loss:5.76607 train_time:45.733s step_avg:1270.35ms
step:37/3300 train_loss:5.77396 train_time:46.951s step_avg:1268.96ms
step:38/3300 train_loss:5.71531 train_time:48.152s step_avg:1267.17ms
step:39/3300 train_loss:5.73301 train_time:49.353s step_avg:1265.47ms
step:40/3300 train_loss:5.63798 train_time:50.554s step_avg:1263.85ms
step:41/3300 train_loss:5.67024 train_time:51.755s step_avg:1262.32ms
step:42/3300 train_loss:5.59822 train_time:52.952s step_avg:1260.77ms
step:43/3300 train_loss:5.67302 train_time:54.163s step_avg:1259.61ms
step:44/3300 train_loss:5.57697 train_time:55.371s step_avg:1258.44ms
step:45/3300 train_loss:5.58223 train_time:56.574s step_avg:1257.19ms
step:46/3300 train_loss:5.54740 train_time:57.774s step_avg:1255.95ms
step:47/3300 train_loss:5.52855 train_time:58.979s step_avg:1254.87ms
step:48/3300 train_loss:5.52965 train_time:60.188s step_avg:1253.91ms
step:49/3300 train_loss:5.46791 train_time:61.393s step_avg:1252.92ms
step:50/3300 train_loss:5.49435 train_time:62.597s step_avg:1251.93ms
step:51/3300 train_loss:5.43427 train_time:63.792s step_avg:1250.82ms
step:52/3300 train_loss:5.46975 train_time:65.007s step_avg:1250.14ms
step:53/3300 train_loss:5.41664 train_time:66.215s step_avg:1249.33ms
step:54/3300 train_loss:5.39782 train_time:67.419s step_avg:1248.50ms
step:55/3300 train_loss:5.38828 train_time:68.613s step_avg:1247.51ms
step:56/3300 train_loss:5.35750 train_time:69.816s step_avg:1246.71ms
step:57/3300 train_loss:5.33176 train_time:71.011s step_avg:1245.81ms
step:58/3300 train_loss:5.33945 train_time:72.212s step_avg:1245.04ms
step:59/3300 train_loss:5.27179 train_time:73.417s step_avg:1244.35ms
step:60/3300 train_loss:5.27417 train_time:74.614s step_avg:1243.56ms
step:61/3300 train_loss:5.27889 train_time:75.827s step_avg:1243.07ms
step:62/3300 train_loss:5.27350 train_time:77.036s step_avg:1242.52ms
step:63/3300 train_loss:5.22637 train_time:78.247s step_avg:1242.02ms
step:64/3300 train_loss:5.21403 train_time:79.452s step_avg:1241.43ms
step:65/3300 train_loss:5.17148 train_time:80.654s step_avg:1240.83ms
step:66/3300 train_loss:5.21791 train_time:81.854s step_avg:1240.21ms
step:67/3300 train_loss:5.18698 train_time:83.054s step_avg:1239.61ms
step:68/3300 train_loss:5.28845 train_time:84.253s step_avg:1239.01ms
step:69/3300 train_loss:5.17733 train_time:85.457s step_avg:1238.50ms
step:70/3300 train_loss:5.18179 train_time:86.655s step_avg:1237.93ms
step:71/3300 train_loss:5.17082 train_time:87.851s step_avg:1237.34ms
step:72/3300 train_loss:5.16501 train_time:89.053s step_avg:1236.85ms
step:73/3300 train_loss:5.14032 train_time:90.265s step_avg:1236.51ms
step:74/3300 train_loss:5.16225 train_time:91.473s step_avg:1236.12ms
step:75/3300 train_loss:5.11916 train_time:92.672s step_avg:1235.63ms
step:76/3300 train_loss:5.06274 train_time:93.874s step_avg:1235.19ms
step:77/3300 train_loss:5.13897 train_time:95.089s step_avg:1234.92ms
step:78/3300 train_loss:5.12719 train_time:96.319s step_avg:1234.87ms
step:79/3300 train_loss:4.93024 train_time:97.522s step_avg:1234.46ms
step:80/3300 train_loss:5.03302 train_time:98.727s step_avg:1234.09ms
step:81/3300 train_loss:4.99407 train_time:99.931s step_avg:1233.72ms
step:82/3300 train_loss:5.18918 train_time:101.136s step_avg:1233.36ms
step:83/3300 train_loss:5.04531 train_time:102.332s step_avg:1232.92ms
step:84/3300 train_loss:5.03459 train_time:103.537s step_avg:1232.58ms
step:85/3300 train_loss:4.99244 train_time:104.741s step_avg:1232.25ms
step:86/3300 train_loss:5.02085 train_time:105.941s step_avg:1231.88ms
step:87/3300 train_loss:5.00157 train_time:107.136s step_avg:1231.45ms
step:88/3300 train_loss:4.99365 train_time:108.343s step_avg:1231.17ms
step:89/3300 train_loss:4.98506 train_time:109.554s step_avg:1230.94ms
step:90/3300 train_loss:4.93949 train_time:110.757s step_avg:1230.64ms
step:91/3300 train_loss:4.95845 train_time:111.955s step_avg:1230.27ms
step:92/3300 train_loss:4.94440 train_time:113.163s step_avg:1230.03ms
step:93/3300 train_loss:4.92573 train_time:114.359s step_avg:1229.67ms
step:94/3300 train_loss:4.95419 train_time:115.565s step_avg:1229.41ms
step:95/3300 train_loss:4.91340 train_time:116.774s step_avg:1229.20ms
step:96/3300 train_loss:4.85623 train_time:117.977s step_avg:1228.93ms
step:97/3300 train_loss:4.95187 train_time:119.181s step_avg:1228.67ms
step:98/3300 train_loss:4.89978 train_time:120.382s step_avg:1228.39ms
step:99/3300 train_loss:4.88379 train_time:121.580s step_avg:1228.08ms
step:100/3300 train_loss:4.84939 train_time:122.776s step_avg:1227.76ms
step:101/3300 train_loss:4.81038 train_time:124.003s step_avg:1227.75ms
step:102/3300 train_loss:4.82423 train_time:125.200s step_avg:1227.45ms
step:103/3300 train_loss:4.84190 train_time:126.404s step_avg:1227.22ms
step:104/3300 train_loss:4.92610 train_time:127.603s step_avg:1226.95ms
step:105/3300 train_loss:4.84405 train_time:128.796s step_avg:1226.63ms
step:106/3300 train_loss:4.88373 train_time:129.995s step_avg:1226.37ms
step:107/3300 train_loss:4.84644 train_time:131.198s step_avg:1226.15ms
step:108/3300 train_loss:4.77115 train_time:132.399s step_avg:1225.91ms
step:109/3300 train_loss:4.83982 train_time:133.596s step_avg:1225.65ms
step:110/3300 train_loss:4.86994 train_time:134.799s step_avg:1225.44ms
step:111/3300 train_loss:4.76748 train_time:136.014s step_avg:1225.35ms
step:112/3300 train_loss:4.82350 train_time:137.219s step_avg:1225.17ms
step:113/3300 train_loss:4.84862 train_time:138.422s step_avg:1224.98ms
step:114/3300 train_loss:4.78057 train_time:139.624s step_avg:1224.77ms
step:115/3300 train_loss:4.80043 train_time:140.819s step_avg:1224.51ms
step:116/3300 train_loss:4.78343 train_time:142.019s step_avg:1224.30ms
step:117/3300 train_loss:4.73467 train_time:143.224s step_avg:1224.14ms
step:118/3300 train_loss:4.73943 train_time:144.443s step_avg:1224.10ms
step:119/3300 train_loss:4.73111 train_time:145.665s step_avg:1224.07ms
step:120/3300 train_loss:4.70999 train_time:146.862s step_avg:1223.85ms
step:121/3300 train_loss:4.70966 train_time:148.077s step_avg:1223.78ms
step:122/3300 train_loss:4.64739 train_time:149.292s step_avg:1223.71ms
step:123/3300 train_loss:4.71112 train_time:150.498s step_avg:1223.56ms
step:124/3300 train_loss:4.67857 train_time:151.700s step_avg:1223.39ms
step:125/3300 train_loss:4.68693 train_time:152.904s step_avg:1223.23ms
step:125/3300 val_loss:4.68192 train_time:152.904s step_avg:1223.23ms
step:126/3300 train_loss:4.66561 train_time:154.109s step_avg:1223.08ms
step:127/3300 train_loss:4.75681 train_time:155.331s step_avg:1223.08ms
step:128/3300 train_loss:4.67717 train_time:156.542s step_avg:1222.99ms
step:129/3300 train_loss:4.73517 train_time:157.767s step_avg:1223.00ms
step:130/3300 train_loss:4.60194 train_time:158.972s step_avg:1222.86ms
step:131/3300 train_loss:4.67141 train_time:160.176s step_avg:1222.72ms
step:132/3300 train_loss:4.64450 train_time:161.378s step_avg:1222.56ms
step:133/3300 train_loss:4.60562 train_time:162.579s step_avg:1222.40ms
step:134/3300 train_loss:4.61583 train_time:163.781s step_avg:1222.25ms
step:135/3300 train_loss:4.66089 train_time:164.980s step_avg:1222.07ms
step:136/3300 train_loss:4.58295 train_time:166.194s step_avg:1222.01ms
step:137/3300 train_loss:4.61800 train_time:167.422s step_avg:1222.06ms
step:138/3300 train_loss:4.61552 train_time:168.633s step_avg:1221.98ms
step:139/3300 train_loss:4.58494 train_time:169.836s step_avg:1221.84ms
step:140/3300 train_loss:4.62836 train_time:171.048s step_avg:1221.77ms
step:141/3300 train_loss:4.54499 train_time:172.244s step_avg:1221.59ms
step:142/3300 train_loss:4.64886 train_time:173.441s step_avg:1221.42ms
step:143/3300 train_loss:4.56939 train_time:174.648s step_avg:1221.31ms
step:144/3300 train_loss:4.58457 train_time:175.877s step_avg:1221.37ms
step:145/3300 train_loss:4.55473 train_time:177.078s step_avg:1221.23ms
step:146/3300 train_loss:4.48955 train_time:178.294s step_avg:1221.19ms
step:147/3300 train_loss:4.52365 train_time:179.504s step_avg:1221.12ms
step:148/3300 train_loss:4.54828 train_time:180.701s step_avg:1220.95ms
step:149/3300 train_loss:4.56619 train_time:181.903s step_avg:1220.83ms
step:150/3300 train_loss:4.54525 train_time:183.098s step_avg:1220.65ms
step:151/3300 train_loss:4.51357 train_time:184.295s step_avg:1220.50ms
step:152/3300 train_loss:4.42952 train_time:185.506s step_avg:1220.44ms
step:153/3300 train_loss:4.47295 train_time:186.717s step_avg:1220.37ms
step:154/3300 train_loss:4.48920 train_time:187.921s step_avg:1220.26ms
step:155/3300 train_loss:4.53243 train_time:189.121s step_avg:1220.14ms
step:156/3300 train_loss:4.52105 train_time:190.331s step_avg:1220.07ms
step:157/3300 train_loss:4.52221 train_time:191.543s step_avg:1220.02ms
step:158/3300 train_loss:4.43332 train_time:192.742s step_avg:1219.88ms
step:159/3300 train_loss:4.46359 train_time:193.942s step_avg:1219.76ms
step:160/3300 train_loss:4.45575 train_time:195.139s step_avg:1219.62ms
step:161/3300 train_loss:4.47358 train_time:196.350s step_avg:1219.56ms
step:162/3300 train_loss:4.46305 train_time:197.575s step_avg:1219.60ms
step:163/3300 train_loss:4.42143 train_time:198.781s step_avg:1219.52ms
step:164/3300 train_loss:4.45669 train_time:199.981s step_avg:1219.40ms
step:165/3300 train_loss:4.40440 train_time:201.187s step_avg:1219.31ms
step:166/3300 train_loss:4.45419 train_time:202.385s step_avg:1219.19ms
step:167/3300 train_loss:4.37320 train_time:203.578s step_avg:1219.03ms
step:168/3300 train_loss:4.39741 train_time:204.776s step_avg:1218.90ms
step:169/3300 train_loss:4.37244 train_time:205.973s step_avg:1218.77ms
step:170/3300 train_loss:4.34988 train_time:207.177s step_avg:1218.69ms
step:171/3300 train_loss:4.35036 train_time:208.401s step_avg:1218.72ms
step:172/3300 train_loss:4.43138 train_time:209.609s step_avg:1218.66ms
step:173/3300 train_loss:4.36244 train_time:210.810s step_avg:1218.55ms
step:174/3300 train_loss:4.42117 train_time:212.017s step_avg:1218.49ms
step:175/3300 train_loss:4.39738 train_time:213.222s step_avg:1218.41ms
step:176/3300 train_loss:4.36303 train_time:214.421s step_avg:1218.30ms
step:177/3300 train_loss:4.35605 train_time:215.625s step_avg:1218.22ms
step:178/3300 train_loss:4.36814 train_time:216.827s step_avg:1218.13ms
step:179/3300 train_loss:4.37505 train_time:218.021s step_avg:1218.00ms
step:180/3300 train_loss:4.34056 train_time:219.224s step_avg:1217.91ms
step:181/3300 train_loss:4.31807 train_time:220.421s step_avg:1217.79ms
step:182/3300 train_loss:4.35353 train_time:221.629s step_avg:1217.74ms
step:183/3300 train_loss:4.29198 train_time:222.820s step_avg:1217.60ms
step:184/3300 train_loss:4.35891 train_time:224.021s step_avg:1217.51ms
step:185/3300 train_loss:4.30990 train_time:225.218s step_avg:1217.40ms
step:186/3300 train_loss:4.30355 train_time:226.427s step_avg:1217.35ms
step:187/3300 train_loss:4.36800 train_time:227.629s step_avg:1217.27ms
step:188/3300 train_loss:4.33502 train_time:228.834s step_avg:1217.20ms
step:189/3300 train_loss:4.25064 train_time:230.037s step_avg:1217.13ms
step:190/3300 train_loss:4.29108 train_time:231.251s step_avg:1217.11ms
step:191/3300 train_loss:4.21627 train_time:232.600s step_avg:1217.80ms
step:192/3300 train_loss:4.34220 train_time:233.804s step_avg:1217.73ms
step:193/3300 train_loss:4.29462 train_time:235.003s step_avg:1217.63ms
step:194/3300 train_loss:4.34994 train_time:236.215s step_avg:1217.60ms
step:195/3300 train_loss:4.31578 train_time:237.428s step_avg:1217.58ms
step:196/3300 train_loss:4.34280 train_time:238.625s step_avg:1217.48ms
step:197/3300 train_loss:4.25900 train_time:239.823s step_avg:1217.38ms
step:198/3300 train_loss:4.30797 train_time:241.024s step_avg:1217.29ms
step:199/3300 train_loss:4.25698 train_time:242.243s step_avg:1217.30ms
step:200/3300 train_loss:4.44909 train_time:243.445s step_avg:1217.22ms
step:201/3300 train_loss:4.28465 train_time:244.649s step_avg:1217.16ms
step:202/3300 train_loss:4.28223 train_time:245.872s step_avg:1217.19ms
step:203/3300 train_loss:4.33193 train_time:247.084s step_avg:1217.16ms
step:204/3300 train_loss:4.28594 train_time:248.295s step_avg:1217.13ms
step:205/3300 train_loss:4.24645 train_time:249.504s step_avg:1217.10ms
step:206/3300 train_loss:4.20541 train_time:250.704s step_avg:1217.01ms
step:207/3300 train_loss:4.29112 train_time:251.916s step_avg:1216.99ms
step:208/3300 train_loss:4.26611 train_time:253.125s step_avg:1216.95ms
step:209/3300 train_loss:4.18359 train_time:254.326s step_avg:1216.87ms
step:210/3300 train_loss:4.27368 train_time:255.531s step_avg:1216.81ms
step:211/3300 train_loss:4.23224 train_time:256.729s step_avg:1216.72ms
step:212/3300 train_loss:4.24280 train_time:257.926s step_avg:1216.63ms
step:213/3300 train_loss:4.23383 train_time:259.139s step_avg:1216.61ms
step:214/3300 train_loss:4.23830 train_time:260.349s step_avg:1216.58ms
step:215/3300 train_loss:4.22662 train_time:261.564s step_avg:1216.58ms
step:216/3300 train_loss:4.19610 train_time:262.764s step_avg:1216.50ms
step:217/3300 train_loss:4.26578 train_time:263.966s step_avg:1216.43ms
step:218/3300 train_loss:4.20148 train_time:265.180s step_avg:1216.42ms
step:219/3300 train_loss:4.21875 train_time:266.393s step_avg:1216.41ms
step:220/3300 train_loss:4.18889 train_time:267.598s step_avg:1216.36ms
step:221/3300 train_loss:4.17940 train_time:268.805s step_avg:1216.31ms
step:222/3300 train_loss:4.17969 train_time:270.017s step_avg:1216.29ms
step:223/3300 train_loss:4.26996 train_time:271.232s step_avg:1216.29ms
step:224/3300 train_loss:4.23600 train_time:272.429s step_avg:1216.20ms
step:225/3300 train_loss:4.16113 train_time:273.632s step_avg:1216.14ms
step:226/3300 train_loss:4.16984 train_time:274.842s step_avg:1216.11ms
step:227/3300 train_loss:4.16561 train_time:276.062s step_avg:1216.13ms
step:228/3300 train_loss:4.22536 train_time:277.268s step_avg:1216.09ms
step:229/3300 train_loss:4.20825 train_time:278.471s step_avg:1216.03ms
step:230/3300 train_loss:4.14290 train_time:279.667s step_avg:1215.94ms
step:231/3300 train_loss:4.16800 train_time:280.867s step_avg:1215.87ms
step:232/3300 train_loss:4.14680 train_time:282.075s step_avg:1215.84ms
step:233/3300 train_loss:4.19545 train_time:283.278s step_avg:1215.78ms
step:234/3300 train_loss:4.19876 train_time:284.491s step_avg:1215.77ms
step:235/3300 train_loss:4.22228 train_time:285.693s step_avg:1215.72ms
step:236/3300 train_loss:4.21873 train_time:286.890s step_avg:1215.63ms
step:237/3300 train_loss:4.24319 train_time:288.086s step_avg:1215.55ms
step:238/3300 train_loss:4.19373 train_time:289.296s step_avg:1215.53ms
step:239/3300 train_loss:4.13252 train_time:290.503s step_avg:1215.49ms
step:240/3300 train_loss:4.16481 train_time:291.713s step_avg:1215.47ms
step:241/3300 train_loss:4.29286 train_time:292.912s step_avg:1215.40ms
step:242/3300 train_loss:4.24168 train_time:294.107s step_avg:1215.32ms
step:243/3300 train_loss:4.13016 train_time:295.317s step_avg:1215.30ms
step:244/3300 train_loss:4.20036 train_time:296.512s step_avg:1215.21ms
step:245/3300 train_loss:4.11505 train_time:297.721s step_avg:1215.19ms
step:246/3300 train_loss:4.15314 train_time:298.935s step_avg:1215.18ms
step:247/3300 train_loss:4.08645 train_time:300.130s step_avg:1215.10ms
step:248/3300 train_loss:4.13991 train_time:301.325s step_avg:1215.02ms
step:249/3300 train_loss:4.14007 train_time:302.533s step_avg:1214.99ms
step:250/3300 train_loss:4.08571 train_time:303.730s step_avg:1214.92ms
step:250/3300 val_loss:4.12661 train_time:303.730s step_avg:1206.61ms
step:251/3300 train_loss:4.16483 train_time:304.936s step_avg:1214.88ms
step:252/3300 train_loss:4.17766 train_time:306.143s step_avg:1214.86ms
step:253/3300 train_loss:4.12793 train_time:307.347s step_avg:1214.81ms
step:254/3300 train_loss:4.08740 train_time:308.566s step_avg:1214.83ms
step:255/3300 train_loss:4.16252 train_time:309.788s step_avg:1214.85ms
step:256/3300 train_loss:4.10915 train_time:311.014s step_avg:1214.90ms
step:257/3300 train_loss:4.12378 train_time:312.220s step_avg:1214.86ms
step:258/3300 train_loss:4.20657 train_time:313.448s step_avg:1214.91ms
step:259/3300 train_loss:4.09627 train_time:314.678s step_avg:1214.97ms
step:260/3300 train_loss:4.08480 train_time:315.884s step_avg:1214.94ms
step:261/3300 train_loss:4.08002 train_time:317.090s step_avg:1214.90ms
step:262/3300 train_loss:4.15604 train_time:318.315s step_avg:1214.94ms
step:263/3300 train_loss:4.11891 train_time:319.525s step_avg:1214.92ms
step:264/3300 train_loss:4.17166 train_time:320.745s step_avg:1214.94ms
step:265/3300 train_loss:4.03206 train_time:321.973s step_avg:1214.99ms
step:266/3300 train_loss:4.13327 train_time:323.182s step_avg:1214.97ms
step:267/3300 train_loss:4.07482 train_time:324.393s step_avg:1214.95ms
step:268/3300 train_loss:4.05742 train_time:325.585s step_avg:1214.87ms
step:269/3300 train_loss:4.09831 train_time:326.788s step_avg:1214.82ms
step:270/3300 train_loss:4.10020 train_time:328.027s step_avg:1214.91ms
step:271/3300 train_loss:4.15086 train_time:329.237s step_avg:1214.90ms
step:272/3300 train_loss:4.08085 train_time:330.456s step_avg:1214.91ms
step:273/3300 train_loss:4.12030 train_time:331.672s step_avg:1214.91ms
step:274/3300 train_loss:4.03931 train_time:332.884s step_avg:1214.90ms
step:275/3300 train_loss:4.10312 train_time:334.105s step_avg:1214.93ms
step:276/3300 train_loss:4.15113 train_time:335.316s step_avg:1214.91ms
step:277/3300 train_loss:4.05382 train_time:336.514s step_avg:1214.85ms
step:278/3300 train_loss:4.09927 train_time:337.731s step_avg:1214.86ms
step:279/3300 train_loss:4.02864 train_time:338.959s step_avg:1214.91ms
step:280/3300 train_loss:4.14409 train_time:340.157s step_avg:1214.85ms
step:281/3300 train_loss:4.11243 train_time:341.359s step_avg:1214.80ms
step:282/3300 train_loss:4.07586 train_time:342.555s step_avg:1214.73ms
step:283/3300 train_loss:4.08714 train_time:343.755s step_avg:1214.68ms
step:284/3300 train_loss:4.03054 train_time:344.950s step_avg:1214.61ms
step:285/3300 train_loss:4.12097 train_time:346.150s step_avg:1214.56ms
step:286/3300 train_loss:4.09606 train_time:347.352s step_avg:1214.52ms
step:287/3300 train_loss:4.05583 train_time:348.568s step_avg:1214.52ms
step:288/3300 train_loss:4.07525 train_time:349.769s step_avg:1214.48ms
step:289/3300 train_loss:4.06799 train_time:350.968s step_avg:1214.42ms
step:290/3300 train_loss:4.03822 train_time:352.173s step_avg:1214.39ms
step:291/3300 train_loss:4.04513 train_time:353.371s step_avg:1214.34ms
step:292/3300 train_loss:4.09311 train_time:354.584s step_avg:1214.33ms
step:293/3300 train_loss:4.03211 train_time:355.783s step_avg:1214.28ms
step:294/3300 train_loss:4.21239 train_time:356.988s step_avg:1214.24ms
step:295/3300 train_loss:4.03993 train_time:358.189s step_avg:1214.20ms
step:296/3300 train_loss:4.03416 train_time:359.397s step_avg:1214.18ms
step:297/3300 train_loss:4.05615 train_time:360.608s step_avg:1214.17ms
step:298/3300 train_loss:4.05738 train_time:361.818s step_avg:1214.16ms
step:299/3300 train_loss:4.02553 train_time:363.020s step_avg:1214.11ms
step:300/3300 train_loss:4.02985 train_time:364.219s step_avg:1214.06ms
step:301/3300 train_loss:4.08663 train_time:365.424s step_avg:1214.03ms
step:302/3300 train_loss:4.01402 train_time:366.632s step_avg:1214.01ms
step:303/3300 train_loss:4.06477 train_time:367.832s step_avg:1213.97ms
step:304/3300 train_loss:4.04561 train_time:369.033s step_avg:1213.92ms
step:305/3300 train_loss:4.06434 train_time:370.239s step_avg:1213.90ms
step:306/3300 train_loss:4.01636 train_time:371.437s step_avg:1213.85ms
step:307/3300 train_loss:4.05654 train_time:372.644s step_avg:1213.82ms
step:308/3300 train_loss:4.03770 train_time:373.871s step_avg:1213.87ms
step:309/3300 train_loss:4.04786 train_time:375.072s step_avg:1213.82ms
step:310/3300 train_loss:4.10598 train_time:376.273s step_avg:1213.78ms
step:311/3300 train_loss:4.07529 train_time:377.474s step_avg:1213.74ms
step:312/3300 train_loss:4.00364 train_time:378.677s step_avg:1213.71ms
step:313/3300 train_loss:4.05867 train_time:379.885s step_avg:1213.69ms
step:314/3300 train_loss:4.01265 train_time:381.102s step_avg:1213.70ms
step:315/3300 train_loss:3.98661 train_time:382.309s step_avg:1213.68ms
step:316/3300 train_loss:3.99603 train_time:383.522s step_avg:1213.68ms
step:317/3300 train_loss:3.99782 train_time:384.720s step_avg:1213.63ms
step:318/3300 train_loss:3.98777 train_time:385.915s step_avg:1213.57ms
step:319/3300 train_loss:4.04726 train_time:387.112s step_avg:1213.52ms
step:320/3300 train_loss:4.02225 train_time:388.322s step_avg:1213.51ms
step:321/3300 train_loss:4.04684 train_time:389.521s step_avg:1213.46ms
step:322/3300 train_loss:4.00661 train_time:390.718s step_avg:1213.41ms
step:323/3300 train_loss:4.04920 train_time:391.913s step_avg:1213.35ms
step:324/3300 train_loss:3.99102 train_time:393.128s step_avg:1213.36ms
step:325/3300 train_loss:4.08533 train_time:394.365s step_avg:1213.43ms
step:326/3300 train_loss:4.01457 train_time:395.558s step_avg:1213.37ms
step:327/3300 train_loss:4.14557 train_time:396.752s step_avg:1213.31ms
step:328/3300 train_loss:4.06559 train_time:397.952s step_avg:1213.27ms
step:329/3300 train_loss:4.03840 train_time:399.163s step_avg:1213.26ms
step:330/3300 train_loss:3.96084 train_time:400.394s step_avg:1213.31ms
step:331/3300 train_loss:4.06090 train_time:401.606s step_avg:1213.31ms
step:332/3300 train_loss:3.97280 train_time:402.829s step_avg:1213.34ms
step:333/3300 train_loss:3.93910 train_time:404.037s step_avg:1213.32ms
step:334/3300 train_loss:3.98236 train_time:405.236s step_avg:1213.28ms
step:335/3300 train_loss:4.07278 train_time:406.436s step_avg:1213.24ms
step:336/3300 train_loss:4.02835 train_time:407.656s step_avg:1213.26ms
step:337/3300 train_loss:4.29648 train_time:408.855s step_avg:1213.22ms
step:338/3300 train_loss:3.99176 train_time:410.092s step_avg:1213.29ms
step:339/3300 train_loss:3.96631 train_time:411.299s step_avg:1213.27ms
step:340/3300 train_loss:3.97647 train_time:412.494s step_avg:1213.22ms
step:341/3300 train_loss:4.00629 train_time:413.709s step_avg:1213.22ms
step:342/3300 train_loss:3.98426 train_time:414.913s step_avg:1213.20ms
step:343/3300 train_loss:4.05611 train_time:416.119s step_avg:1213.18ms
step:344/3300 train_loss:3.98929 train_time:417.314s step_avg:1213.12ms
step:345/3300 train_loss:3.95532 train_time:418.512s step_avg:1213.08ms
step:346/3300 train_loss:3.96716 train_time:419.715s step_avg:1213.05ms
step:347/3300 train_loss:3.96343 train_time:420.925s step_avg:1213.04ms
step:348/3300 train_loss:3.99550 train_time:422.129s step_avg:1213.01ms
step:349/3300 train_loss:3.93245 train_time:423.335s step_avg:1212.99ms
step:350/3300 train_loss:3.92255 train_time:424.533s step_avg:1212.95ms
step:351/3300 train_loss:3.91270 train_time:425.733s step_avg:1212.91ms
step:352/3300 train_loss:4.02379 train_time:426.934s step_avg:1212.88ms
step:353/3300 train_loss:3.93115 train_time:428.142s step_avg:1212.87ms
step:354/3300 train_loss:3.92125 train_time:429.337s step_avg:1212.82ms
step:355/3300 train_loss:4.00309 train_time:430.537s step_avg:1212.78ms
step:356/3300 train_loss:3.92361 train_time:431.733s step_avg:1212.73ms
step:357/3300 train_loss:4.00092 train_time:432.930s step_avg:1212.69ms
step:358/3300 train_loss:3.99003 train_time:434.155s step_avg:1212.72ms
step:359/3300 train_loss:3.90641 train_time:435.356s step_avg:1212.69ms
step:360/3300 train_loss:3.91125 train_time:436.557s step_avg:1212.66ms
step:361/3300 train_loss:4.02505 train_time:437.786s step_avg:1212.70ms
step:362/3300 train_loss:3.96615 train_time:438.981s step_avg:1212.65ms
step:363/3300 train_loss:3.93813 train_time:440.173s step_avg:1212.60ms
step:364/3300 train_loss:3.95889 train_time:441.379s step_avg:1212.58ms
step:365/3300 train_loss:4.00304 train_time:442.578s step_avg:1212.54ms
step:366/3300 train_loss:3.94832 train_time:443.777s step_avg:1212.51ms
step:367/3300 train_loss:3.98326 train_time:444.974s step_avg:1212.46ms
step:368/3300 train_loss:3.96725 train_time:446.177s step_avg:1212.44ms
step:369/3300 train_loss:3.96341 train_time:447.381s step_avg:1212.41ms
step:370/3300 train_loss:3.93839 train_time:448.629s step_avg:1212.51ms
step:371/3300 train_loss:3.96903 train_time:449.836s step_avg:1212.50ms
step:372/3300 train_loss:3.95014 train_time:451.050s step_avg:1212.50ms
step:373/3300 train_loss:3.97794 train_time:452.259s step_avg:1212.49ms
step:374/3300 train_loss:4.00319 train_time:453.471s step_avg:1212.49ms
step:375/3300 train_loss:3.96929 train_time:454.682s step_avg:1212.48ms
step:375/3300 val_loss:3.94221 train_time:454.682s step_avg:1207.61ms
step:376/3300 train_loss:4.06295 train_time:455.895s step_avg:1212.49ms
step:377/3300 train_loss:3.86419 train_time:457.099s step_avg:1212.46ms
step:378/3300 train_loss:3.96876 train_time:458.300s step_avg:1212.43ms
step:379/3300 train_loss:3.95956 train_time:459.505s step_avg:1212.41ms
step:380/3300 train_loss:3.92561 train_time:460.699s step_avg:1212.37ms
step:381/3300 train_loss:3.99904 train_time:461.938s step_avg:1212.44ms
step:382/3300 train_loss:3.92260 train_time:463.146s step_avg:1212.42ms
step:383/3300 train_loss:3.94009 train_time:464.348s step_avg:1212.40ms
step:384/3300 train_loss:3.92789 train_time:465.549s step_avg:1212.37ms
step:385/3300 train_loss:3.96027 train_time:466.752s step_avg:1212.34ms
step:386/3300 train_loss:3.95587 train_time:467.952s step_avg:1212.31ms
step:387/3300 train_loss:3.97913 train_time:469.155s step_avg:1212.29ms
step:388/3300 train_loss:3.95699 train_time:470.407s step_avg:1212.39ms
step:389/3300 train_loss:3.90632 train_time:471.602s step_avg:1212.34ms
step:390/3300 train_loss:3.95709 train_time:472.798s step_avg:1212.30ms
step:391/3300 train_loss:3.88902 train_time:473.997s step_avg:1212.27ms
step:392/3300 train_loss:3.94060 train_time:475.194s step_avg:1212.23ms
step:393/3300 train_loss:3.97667 train_time:476.396s step_avg:1212.20ms
step:394/3300 train_loss:3.96439 train_time:477.597s step_avg:1212.17ms
step:395/3300 train_loss:3.88948 train_time:478.800s step_avg:1212.15ms
step:396/3300 train_loss:3.80535 train_time:480.006s step_avg:1212.14ms
step:397/3300 train_loss:3.99395 train_time:481.211s step_avg:1212.12ms
step:398/3300 train_loss:3.92873 train_time:482.416s step_avg:1212.10ms
step:399/3300 train_loss:3.87891 train_time:483.614s step_avg:1212.07ms
step:400/3300 train_loss:3.96201 train_time:484.816s step_avg:1212.04ms
step:401/3300 train_loss:3.91105 train_time:486.026s step_avg:1212.03ms
step:402/3300 train_loss:3.92557 train_time:487.224s step_avg:1212.00ms
step:403/3300 train_loss:3.93291 train_time:488.414s step_avg:1211.95ms
step:404/3300 train_loss:3.91219 train_time:489.615s step_avg:1211.92ms
step:405/3300 train_loss:3.96992 train_time:490.832s step_avg:1211.93ms
step:406/3300 train_loss:3.94182 train_time:492.043s step_avg:1211.93ms
step:407/3300 train_loss:4.03637 train_time:493.248s step_avg:1211.91ms
step:408/3300 train_loss:3.95390 train_time:494.443s step_avg:1211.87ms
step:409/3300 train_loss:3.90652 train_time:495.648s step_avg:1211.85ms
step:410/3300 train_loss:3.91787 train_time:496.854s step_avg:1211.84ms
step:411/3300 train_loss:3.89464 train_time:498.051s step_avg:1211.80ms
step:412/3300 train_loss:3.98242 train_time:499.252s step_avg:1211.78ms
step:413/3300 train_loss:3.90476 train_time:500.453s step_avg:1211.75ms
step:414/3300 train_loss:3.94573 train_time:501.649s step_avg:1211.71ms
step:415/3300 train_loss:3.98208 train_time:502.843s step_avg:1211.67ms
step:416/3300 train_loss:3.90519 train_time:504.047s step_avg:1211.65ms
step:417/3300 train_loss:3.92144 train_time:505.271s step_avg:1211.68ms
step:418/3300 train_loss:3.91998 train_time:506.471s step_avg:1211.65ms
step:419/3300 train_loss:3.89464 train_time:507.664s step_avg:1211.61ms
step:420/3300 train_loss:3.88346 train_time:508.862s step_avg:1211.58ms
step:421/3300 train_loss:3.88884 train_time:510.066s step_avg:1211.56ms
step:422/3300 train_loss:3.87161 train_time:511.271s step_avg:1211.54ms
step:423/3300 train_loss:3.90798 train_time:512.477s step_avg:1211.53ms
step:424/3300 train_loss:3.92970 train_time:513.685s step_avg:1211.52ms
step:425/3300 train_loss:3.94135 train_time:514.884s step_avg:1211.49ms
step:426/3300 train_loss:3.86729 train_time:516.084s step_avg:1211.46ms
step:427/3300 train_loss:3.92404 train_time:517.283s step_avg:1211.43ms
step:428/3300 train_loss:3.86777 train_time:518.484s step_avg:1211.41ms
step:429/3300 train_loss:3.84924 train_time:519.685s step_avg:1211.39ms
step:430/3300 train_loss:3.87171 train_time:520.887s step_avg:1211.36ms
step:431/3300 train_loss:3.94939 train_time:522.084s step_avg:1211.33ms
step:432/3300 train_loss:3.89057 train_time:523.285s step_avg:1211.31ms
step:433/3300 train_loss:3.95072 train_time:524.484s step_avg:1211.28ms
step:434/3300 train_loss:3.89622 train_time:525.683s step_avg:1211.25ms
step:435/3300 train_loss:3.91992 train_time:526.882s step_avg:1211.22ms
step:436/3300 train_loss:3.95490 train_time:528.087s step_avg:1211.21ms
step:437/3300 train_loss:3.90418 train_time:529.287s step_avg:1211.18ms
step:438/3300 train_loss:3.91189 train_time:530.489s step_avg:1211.16ms
step:439/3300 train_loss:3.83836 train_time:531.688s step_avg:1211.13ms
step:440/3300 train_loss:3.89670 train_time:532.890s step_avg:1211.11ms
step:441/3300 train_loss:3.83788 train_time:534.091s step_avg:1211.09ms
step:442/3300 train_loss:3.88190 train_time:535.287s step_avg:1211.06ms
step:443/3300 train_loss:3.84512 train_time:536.497s step_avg:1211.06ms
step:444/3300 train_loss:3.94533 train_time:537.701s step_avg:1211.04ms
step:445/3300 train_loss:3.91160 train_time:538.907s step_avg:1211.03ms
step:446/3300 train_loss:3.88866 train_time:540.111s step_avg:1211.01ms
step:447/3300 train_loss:3.87349 train_time:541.315s step_avg:1211.00ms
step:448/3300 train_loss:3.92880 train_time:542.509s step_avg:1210.96ms
step:449/3300 train_loss:3.89959 train_time:543.752s step_avg:1211.03ms
step:450/3300 train_loss:3.89272 train_time:544.948s step_avg:1210.99ms
step:451/3300 train_loss:4.01802 train_time:546.147s step_avg:1210.97ms
step:452/3300 train_loss:3.91845 train_time:547.347s step_avg:1210.94ms
step:453/3300 train_loss:3.96752 train_time:548.547s step_avg:1210.92ms
step:454/3300 train_loss:3.80881 train_time:549.747s step_avg:1210.90ms
step:455/3300 train_loss:3.86265 train_time:550.947s step_avg:1210.87ms
step:456/3300 train_loss:3.86714 train_time:552.149s step_avg:1210.85ms
step:457/3300 train_loss:3.86097 train_time:553.370s step_avg:1210.87ms
step:458/3300 train_loss:3.90575 train_time:554.565s step_avg:1210.84ms
step:459/3300 train_loss:3.87970 train_time:555.772s step_avg:1210.83ms
step:460/3300 train_loss:3.93458 train_time:556.969s step_avg:1210.80ms
step:461/3300 train_loss:3.90643 train_time:558.170s step_avg:1210.78ms
step:462/3300 train_loss:3.79247 train_time:559.367s step_avg:1210.75ms
step:463/3300 train_loss:3.87970 train_time:560.565s step_avg:1210.72ms
step:464/3300 train_loss:3.89440 train_time:561.767s step_avg:1210.70ms
step:465/3300 train_loss:3.87482 train_time:562.981s step_avg:1210.71ms
step:466/3300 train_loss:3.89668 train_time:564.187s step_avg:1210.70ms
step:467/3300 train_loss:3.86072 train_time:565.389s step_avg:1210.68ms
step:468/3300 train_loss:3.90355 train_time:566.591s step_avg:1210.66ms
step:469/3300 train_loss:3.87203 train_time:567.784s step_avg:1210.63ms
step:470/3300 train_loss:3.80347 train_time:568.987s step_avg:1210.61ms
step:471/3300 train_loss:3.92991 train_time:570.187s step_avg:1210.59ms
step:472/3300 train_loss:3.84751 train_time:571.400s step_avg:1210.59ms
step:473/3300 train_loss:3.86757 train_time:572.611s step_avg:1210.59ms
step:474/3300 train_loss:3.86968 train_time:573.808s step_avg:1210.57ms
step:475/3300 train_loss:3.93547 train_time:575.013s step_avg:1210.55ms
step:476/3300 train_loss:3.88342 train_time:576.206s step_avg:1210.52ms
step:477/3300 train_loss:3.83852 train_time:577.406s step_avg:1210.50ms
step:478/3300 train_loss:3.88842 train_time:578.607s step_avg:1210.48ms
step:479/3300 train_loss:3.82266 train_time:579.805s step_avg:1210.45ms
step:480/3300 train_loss:3.96021 train_time:581.008s step_avg:1210.43ms
step:481/3300 train_loss:3.86325 train_time:582.209s step_avg:1210.41ms
step:482/3300 train_loss:3.78162 train_time:583.409s step_avg:1210.39ms
step:483/3300 train_loss:3.89488 train_time:584.614s step_avg:1210.38ms
step:484/3300 train_loss:3.87446 train_time:585.809s step_avg:1210.35ms
step:485/3300 train_loss:3.77476 train_time:587.011s step_avg:1210.33ms
step:486/3300 train_loss:3.87826 train_time:588.208s step_avg:1210.30ms
step:487/3300 train_loss:3.84154 train_time:589.409s step_avg:1210.28ms
step:488/3300 train_loss:3.84762 train_time:590.610s step_avg:1210.27ms
step:489/3300 train_loss:3.86498 train_time:591.820s step_avg:1210.27ms
step:490/3300 train_loss:3.81648 train_time:593.038s step_avg:1210.28ms
step:491/3300 train_loss:3.84958 train_time:594.239s step_avg:1210.26ms
step:492/3300 train_loss:3.89310 train_time:595.450s step_avg:1210.26ms
step:493/3300 train_loss:3.82655 train_time:596.651s step_avg:1210.25ms
step:494/3300 train_loss:3.83114 train_time:597.851s step_avg:1210.22ms
step:495/3300 train_loss:3.88100 train_time:599.050s step_avg:1210.20ms
step:496/3300 train_loss:3.79667 train_time:600.277s step_avg:1210.24ms
step:497/3300 train_loss:3.86418 train_time:601.506s step_avg:1210.27ms
step:498/3300 train_loss:3.83689 train_time:602.709s step_avg:1210.26ms
step:499/3300 train_loss:3.90598 train_time:603.916s step_avg:1210.25ms
step:500/3300 train_loss:3.84381 train_time:605.112s step_avg:1210.22ms
step:500/3300 val_loss:3.83341 train_time:605.112s step_avg:1203.44ms
step:501/3300 train_loss:3.90272 train_time:606.314s step_avg:1210.21ms
step:502/3300 train_loss:3.86176 train_time:607.545s step_avg:1210.25ms
step:503/3300 train_loss:3.80119 train_time:608.758s step_avg:1210.25ms
step:504/3300 train_loss:3.88843 train_time:609.964s step_avg:1210.25ms
step:505/3300 train_loss:3.84221 train_time:611.163s step_avg:1210.22ms
step:506/3300 train_loss:3.79025 train_time:612.372s step_avg:1210.22ms
step:507/3300 train_loss:3.91940 train_time:613.575s step_avg:1210.21ms
step:508/3300 train_loss:3.81345 train_time:614.777s step_avg:1210.19ms
step:509/3300 train_loss:3.84710 train_time:615.977s step_avg:1210.17ms
step:510/3300 train_loss:3.80802 train_time:617.176s step_avg:1210.15ms
step:511/3300 train_loss:3.79338 train_time:618.382s step_avg:1210.14ms
step:512/3300 train_loss:3.84180 train_time:619.586s step_avg:1210.13ms
step:513/3300 train_loss:3.84009 train_time:620.784s step_avg:1210.11ms
step:514/3300 train_loss:3.93174 train_time:621.983s step_avg:1210.08ms
step:515/3300 train_loss:3.80660 train_time:623.201s step_avg:1210.10ms
step:516/3300 train_loss:3.88783 train_time:624.406s step_avg:1210.09ms
step:517/3300 train_loss:3.85841 train_time:625.608s step_avg:1210.07ms
step:518/3300 train_loss:3.80873 train_time:626.805s step_avg:1210.05ms
step:519/3300 train_loss:3.88833 train_time:628.046s step_avg:1210.11ms
step:520/3300 train_loss:3.81842 train_time:629.297s step_avg:1210.19ms
step:521/3300 train_loss:3.79974 train_time:630.491s step_avg:1210.15ms
step:522/3300 train_loss:3.86152 train_time:631.688s step_avg:1210.13ms
step:523/3300 train_loss:3.83769 train_time:632.888s step_avg:1210.11ms
step:524/3300 train_loss:3.80352 train_time:634.098s step_avg:1210.11ms
step:525/3300 train_loss:3.77684 train_time:635.303s step_avg:1210.10ms
step:526/3300 train_loss:3.88572 train_time:636.500s step_avg:1210.08ms
step:527/3300 train_loss:3.81803 train_time:637.707s step_avg:1210.07ms
step:528/3300 train_loss:3.82731 train_time:638.914s step_avg:1210.06ms
step:529/3300 train_loss:3.86187 train_time:640.108s step_avg:1210.03ms
step:530/3300 train_loss:3.82802 train_time:641.307s step_avg:1210.01ms
step:531/3300 train_loss:3.78075 train_time:642.508s step_avg:1210.00ms
step:532/3300 train_loss:3.85811 train_time:643.716s step_avg:1209.99ms
step:533/3300 train_loss:3.81657 train_time:644.933s step_avg:1210.01ms
step:534/3300 train_loss:3.84066 train_time:646.138s step_avg:1210.00ms
step:535/3300 train_loss:3.93291 train_time:647.341s step_avg:1209.98ms
step:536/3300 train_loss:3.79306 train_time:648.545s step_avg:1209.97ms
step:537/3300 train_loss:3.77479 train_time:649.754s step_avg:1209.97ms
step:538/3300 train_loss:3.78484 train_time:650.962s step_avg:1209.97ms
step:539/3300 train_loss:3.97874 train_time:652.170s step_avg:1209.96ms
step:540/3300 train_loss:3.77711 train_time:653.366s step_avg:1209.94ms
step:541/3300 train_loss:3.87059 train_time:654.589s step_avg:1209.96ms
step:542/3300 train_loss:3.80274 train_time:655.786s step_avg:1209.94ms
step:543/3300 train_loss:3.79948 train_time:656.989s step_avg:1209.92ms
step:544/3300 train_loss:3.83402 train_time:658.188s step_avg:1209.90ms
step:545/3300 train_loss:3.79537 train_time:659.389s step_avg:1209.89ms
step:546/3300 train_loss:3.77712 train_time:660.588s step_avg:1209.87ms
step:547/3300 train_loss:3.82111 train_time:661.791s step_avg:1209.86ms
step:548/3300 train_loss:3.73888 train_time:663.008s step_avg:1209.87ms
step:549/3300 train_loss:3.78659 train_time:664.211s step_avg:1209.86ms
step:550/3300 train_loss:3.82195 train_time:665.409s step_avg:1209.83ms
step:551/3300 train_loss:3.78529 train_time:666.605s step_avg:1209.81ms
step:552/3300 train_loss:3.92338 train_time:667.818s step_avg:1209.82ms
step:553/3300 train_loss:3.81516 train_time:669.072s step_avg:1209.89ms
step:554/3300 train_loss:3.80383 train_time:670.273s step_avg:1209.88ms
step:555/3300 train_loss:3.85860 train_time:671.470s step_avg:1209.86ms
step:556/3300 train_loss:3.79117 train_time:672.677s step_avg:1209.85ms
step:557/3300 train_loss:3.75090 train_time:673.880s step_avg:1209.84ms
step:558/3300 train_loss:3.79531 train_time:675.101s step_avg:1209.86ms
step:559/3300 train_loss:3.86713 train_time:676.319s step_avg:1209.87ms
step:560/3300 train_loss:3.80911 train_time:677.521s step_avg:1209.86ms
step:561/3300 train_loss:3.78223 train_time:678.721s step_avg:1209.84ms
step:562/3300 train_loss:3.78107 train_time:679.920s step_avg:1209.82ms
step:563/3300 train_loss:3.78638 train_time:681.126s step_avg:1209.82ms
step:564/3300 train_loss:3.82737 train_time:682.334s step_avg:1209.81ms
step:565/3300 train_loss:3.79022 train_time:683.530s step_avg:1209.79ms
step:566/3300 train_loss:3.82782 train_time:684.731s step_avg:1209.77ms
step:567/3300 train_loss:3.79369 train_time:685.931s step_avg:1209.75ms
step:568/3300 train_loss:3.88078 train_time:687.132s step_avg:1209.74ms
step:569/3300 train_loss:3.80495 train_time:688.348s step_avg:1209.75ms
step:570/3300 train_loss:3.78480 train_time:689.549s step_avg:1209.73ms
step:571/3300 train_loss:3.74470 train_time:690.812s step_avg:1209.83ms
step:572/3300 train_loss:3.81193 train_time:692.013s step_avg:1209.81ms
step:573/3300 train_loss:3.88072 train_time:693.219s step_avg:1209.81ms
step:574/3300 train_loss:3.78003 train_time:694.412s step_avg:1209.78ms
step:575/3300 train_loss:3.83072 train_time:695.610s step_avg:1209.76ms
step:576/3300 train_loss:3.80723 train_time:696.809s step_avg:1209.74ms
step:577/3300 train_loss:3.80799 train_time:698.033s step_avg:1209.76ms
step:578/3300 train_loss:3.86489 train_time:699.238s step_avg:1209.75ms
step:579/3300 train_loss:3.76480 train_time:700.434s step_avg:1209.73ms
step:580/3300 train_loss:3.83773 train_time:701.636s step_avg:1209.72ms
step:581/3300 train_loss:3.82704 train_time:702.848s step_avg:1209.72ms
step:582/3300 train_loss:3.84825 train_time:704.067s step_avg:1209.74ms
step:583/3300 train_loss:3.80648 train_time:705.275s step_avg:1209.73ms
step:584/3300 train_loss:3.76981 train_time:706.481s step_avg:1209.73ms
step:585/3300 train_loss:3.80223 train_time:707.684s step_avg:1209.72ms
step:586/3300 train_loss:3.89856 train_time:708.899s step_avg:1209.72ms
step:587/3300 train_loss:3.76174 train_time:710.093s step_avg:1209.70ms
step:588/3300 train_loss:3.83091 train_time:711.291s step_avg:1209.68ms
step:589/3300 train_loss:3.88459 train_time:712.495s step_avg:1209.67ms
step:590/3300 train_loss:3.78668 train_time:713.698s step_avg:1209.66ms
step:591/3300 train_loss:3.79903 train_time:714.893s step_avg:1209.63ms
step:592/3300 train_loss:3.77660 train_time:716.094s step_avg:1209.62ms
step:593/3300 train_loss:3.73566 train_time:717.297s step_avg:1209.61ms
step:594/3300 train_loss:3.86461 train_time:718.492s step_avg:1209.58ms
step:595/3300 train_loss:3.80804 train_time:719.694s step_avg:1209.57ms
step:596/3300 train_loss:3.78649 train_time:720.893s step_avg:1209.55ms
step:597/3300 train_loss:3.79710 train_time:722.093s step_avg:1209.54ms
step:598/3300 train_loss:3.81623 train_time:723.300s step_avg:1209.53ms
step:599/3300 train_loss:3.76943 train_time:724.496s step_avg:1209.51ms
step:600/3300 train_loss:3.78541 train_time:725.707s step_avg:1209.51ms
step:601/3300 train_loss:3.78969 train_time:726.910s step_avg:1209.50ms
step:602/3300 train_loss:3.79948 train_time:728.112s step_avg:1209.49ms
step:603/3300 train_loss:3.82640 train_time:729.312s step_avg:1209.47ms
step:604/3300 train_loss:3.84352 train_time:730.514s step_avg:1209.46ms
step:605/3300 train_loss:3.78502 train_time:731.716s step_avg:1209.45ms
step:606/3300 train_loss:3.79560 train_time:732.920s step_avg:1209.44ms
step:607/3300 train_loss:3.77947 train_time:734.115s step_avg:1209.41ms
step:608/3300 train_loss:3.77411 train_time:735.315s step_avg:1209.40ms
step:609/3300 train_loss:3.79620 train_time:736.513s step_avg:1209.38ms
step:610/3300 train_loss:3.76490 train_time:737.716s step_avg:1209.37ms
step:611/3300 train_loss:3.78445 train_time:738.916s step_avg:1209.36ms
step:612/3300 train_loss:3.72572 train_time:740.117s step_avg:1209.34ms
step:613/3300 train_loss:3.76773 train_time:741.313s step_avg:1209.32ms
step:614/3300 train_loss:3.80238 train_time:742.517s step_avg:1209.31ms
step:615/3300 train_loss:3.76960 train_time:743.718s step_avg:1209.30ms
step:616/3300 train_loss:3.79089 train_time:744.913s step_avg:1209.27ms
step:617/3300 train_loss:3.77209 train_time:746.116s step_avg:1209.26ms
step:618/3300 train_loss:3.80516 train_time:747.320s step_avg:1209.26ms
step:619/3300 train_loss:3.82509 train_time:748.530s step_avg:1209.26ms
step:620/3300 train_loss:3.75716 train_time:749.736s step_avg:1209.25ms
step:621/3300 train_loss:3.86492 train_time:750.936s step_avg:1209.24ms
step:622/3300 train_loss:3.80915 train_time:752.137s step_avg:1209.22ms
step:623/3300 train_loss:3.78709 train_time:753.346s step_avg:1209.22ms
step:624/3300 train_loss:3.81809 train_time:754.560s step_avg:1209.23ms
step:625/3300 train_loss:3.79862 train_time:755.758s step_avg:1209.21ms
step:625/3300 val_loss:3.76539 train_time:755.758s step_avg:1205.17ms
step:626/3300 train_loss:3.80071 train_time:756.963s step_avg:1209.21ms
step:627/3300 train_loss:3.80016 train_time:758.157s step_avg:1209.18ms
step:628/3300 train_loss:3.74116 train_time:759.355s step_avg:1209.16ms
step:629/3300 train_loss:3.76252 train_time:760.564s step_avg:1209.16ms
step:630/3300 train_loss:3.76375 train_time:761.772s step_avg:1209.16ms
step:631/3300 train_loss:3.77143 train_time:762.982s step_avg:1209.16ms
step:632/3300 train_loss:3.77917 train_time:764.177s step_avg:1209.14ms
step:633/3300 train_loss:3.78622 train_time:765.386s step_avg:1209.14ms
step:634/3300 train_loss:3.72950 train_time:766.590s step_avg:1209.13ms
step:635/3300 train_loss:3.82362 train_time:767.796s step_avg:1209.13ms
step:636/3300 train_loss:3.72415 train_time:768.996s step_avg:1209.11ms
step:637/3300 train_loss:3.69625 train_time:770.207s step_avg:1209.12ms
step:638/3300 train_loss:3.81158 train_time:771.413s step_avg:1209.11ms
step:639/3300 train_loss:3.75636 train_time:772.621s step_avg:1209.11ms
step:640/3300 train_loss:3.76720 train_time:773.814s step_avg:1209.08ms
step:641/3300 train_loss:3.84293 train_time:775.020s step_avg:1209.08ms
step:642/3300 train_loss:3.71585 train_time:776.222s step_avg:1209.07ms
step:643/3300 train_loss:3.80876 train_time:777.416s step_avg:1209.04ms
step:644/3300 train_loss:3.75226 train_time:778.618s step_avg:1209.03ms
step:645/3300 train_loss:3.78945 train_time:779.850s step_avg:1209.07ms
step:646/3300 train_loss:3.80103 train_time:781.051s step_avg:1209.06ms
step:647/3300 train_loss:3.86854 train_time:782.253s step_avg:1209.05ms
step:648/3300 train_loss:3.78551 train_time:783.464s step_avg:1209.05ms
step:649/3300 train_loss:3.77621 train_time:784.669s step_avg:1209.04ms
step:650/3300 train_loss:3.74786 train_time:785.875s step_avg:1209.04ms
step:651/3300 train_loss:3.72190 train_time:787.075s step_avg:1209.03ms
step:652/3300 train_loss:3.72828 train_time:788.277s step_avg:1209.01ms
step:653/3300 train_loss:3.74250 train_time:789.481s step_avg:1209.01ms
step:654/3300 train_loss:3.79414 train_time:790.680s step_avg:1208.99ms
step:655/3300 train_loss:3.75275 train_time:791.879s step_avg:1208.98ms
step:656/3300 train_loss:3.81277 train_time:793.084s step_avg:1208.97ms
step:657/3300 train_loss:3.71493 train_time:794.279s step_avg:1208.95ms
step:658/3300 train_loss:3.82651 train_time:795.483s step_avg:1208.94ms
step:659/3300 train_loss:3.79593 train_time:796.680s step_avg:1208.92ms
step:660/3300 train_loss:3.82644 train_time:797.880s step_avg:1208.91ms
step:661/3300 train_loss:3.81697 train_time:799.079s step_avg:1208.89ms
step:662/3300 train_loss:3.82183 train_time:800.280s step_avg:1208.88ms
step:663/3300 train_loss:3.72247 train_time:801.480s step_avg:1208.87ms
step:664/3300 train_loss:3.72349 train_time:802.683s step_avg:1208.86ms
step:665/3300 train_loss:3.74335 train_time:803.894s step_avg:1208.86ms
step:666/3300 train_loss:3.79660 train_time:805.099s step_avg:1208.86ms
step:667/3300 train_loss:3.80525 train_time:806.306s step_avg:1208.85ms
step:668/3300 train_loss:3.78158 train_time:807.500s step_avg:1208.83ms
step:669/3300 train_loss:3.78306 train_time:808.701s step_avg:1208.82ms
step:670/3300 train_loss:3.76859 train_time:809.919s step_avg:1208.83ms
step:671/3300 train_loss:3.75434 train_time:811.139s step_avg:1208.85ms
step:672/3300 train_loss:3.81613 train_time:812.339s step_avg:1208.84ms
step:673/3300 train_loss:3.75503 train_time:813.555s step_avg:1208.85ms
step:674/3300 train_loss:3.74643 train_time:814.772s step_avg:1208.86ms
step:675/3300 train_loss:3.80779 train_time:815.987s step_avg:1208.87ms
step:676/3300 train_loss:3.74618 train_time:817.195s step_avg:1208.87ms
step:677/3300 train_loss:3.73972 train_time:818.396s step_avg:1208.86ms
step:678/3300 train_loss:3.75447 train_time:819.598s step_avg:1208.85ms
step:679/3300 train_loss:3.76739 train_time:820.811s step_avg:1208.85ms
step:680/3300 train_loss:3.76728 train_time:822.013s step_avg:1208.84ms
step:681/3300 train_loss:3.68912 train_time:823.244s step_avg:1208.88ms
step:682/3300 train_loss:3.78275 train_time:824.440s step_avg:1208.86ms
step:683/3300 train_loss:3.82621 train_time:825.641s step_avg:1208.84ms
step:684/3300 train_loss:3.76428 train_time:826.841s step_avg:1208.83ms
step:685/3300 train_loss:3.80843 train_time:828.040s step_avg:1208.82ms
step:686/3300 train_loss:3.80899 train_time:829.242s step_avg:1208.81ms
step:687/3300 train_loss:3.73073 train_time:830.443s step_avg:1208.80ms
step:688/3300 train_loss:3.72607 train_time:831.644s step_avg:1208.78ms
step:689/3300 train_loss:3.73293 train_time:832.849s step_avg:1208.78ms
step:690/3300 train_loss:3.75285 train_time:834.043s step_avg:1208.76ms
step:691/3300 train_loss:3.76759 train_time:835.256s step_avg:1208.76ms
step:692/3300 train_loss:3.73075 train_time:836.462s step_avg:1208.76ms
step:693/3300 train_loss:3.77532 train_time:837.658s step_avg:1208.74ms
step:694/3300 train_loss:3.73341 train_time:838.859s step_avg:1208.73ms
step:695/3300 train_loss:3.69204 train_time:840.058s step_avg:1208.72ms
step:696/3300 train_loss:3.81230 train_time:841.261s step_avg:1208.71ms
step:697/3300 train_loss:3.71107 train_time:842.462s step_avg:1208.70ms
step:698/3300 train_loss:3.74293 train_time:843.663s step_avg:1208.69ms
step:699/3300 train_loss:3.78153 train_time:844.866s step_avg:1208.68ms
step:700/3300 train_loss:3.71317 train_time:846.065s step_avg:1208.66ms
step:701/3300 train_loss:3.72029 train_time:847.262s step_avg:1208.65ms
step:702/3300 train_loss:3.72645 train_time:848.463s step_avg:1208.64ms
step:703/3300 train_loss:3.66241 train_time:849.664s step_avg:1208.63ms
step:704/3300 train_loss:3.73667 train_time:850.876s step_avg:1208.63ms
step:705/3300 train_loss:3.65843 train_time:852.077s step_avg:1208.62ms
step:706/3300 train_loss:3.69812 train_time:853.284s step_avg:1208.62ms
step:707/3300 train_loss:3.77419 train_time:854.485s step_avg:1208.61ms
step:708/3300 train_loss:3.75425 train_time:855.697s step_avg:1208.61ms
step:709/3300 train_loss:3.74133 train_time:856.900s step_avg:1208.60ms
step:710/3300 train_loss:3.72758 train_time:858.104s step_avg:1208.60ms
step:711/3300 train_loss:3.73497 train_time:859.306s step_avg:1208.59ms
step:712/3300 train_loss:3.68947 train_time:860.519s step_avg:1208.59ms
step:713/3300 train_loss:3.78060 train_time:861.721s step_avg:1208.59ms
step:714/3300 train_loss:3.64698 train_time:862.931s step_avg:1208.59ms
step:715/3300 train_loss:3.82709 train_time:864.129s step_avg:1208.57ms
step:716/3300 train_loss:3.72278 train_time:865.327s step_avg:1208.56ms
step:717/3300 train_loss:3.78036 train_time:866.536s step_avg:1208.56ms
step:718/3300 train_loss:3.76156 train_time:867.741s step_avg:1208.55ms
step:719/3300 train_loss:3.77326 train_time:868.948s step_avg:1208.55ms
step:720/3300 train_loss:3.77151 train_time:870.154s step_avg:1208.55ms
step:721/3300 train_loss:3.75238 train_time:871.354s step_avg:1208.54ms
step:722/3300 train_loss:3.75049 train_time:872.562s step_avg:1208.53ms
step:723/3300 train_loss:3.78751 train_time:873.782s step_avg:1208.55ms
step:724/3300 train_loss:3.70200 train_time:875.016s step_avg:1208.59ms
step:725/3300 train_loss:3.71043 train_time:876.216s step_avg:1208.57ms
step:726/3300 train_loss:3.75143 train_time:877.419s step_avg:1208.57ms
step:727/3300 train_loss:3.70621 train_time:878.620s step_avg:1208.56ms
step:728/3300 train_loss:3.73915 train_time:879.833s step_avg:1208.56ms
step:729/3300 train_loss:3.77800 train_time:881.030s step_avg:1208.55ms
step:730/3300 train_loss:3.80374 train_time:882.228s step_avg:1208.53ms
step:731/3300 train_loss:3.76532 train_time:883.434s step_avg:1208.53ms
step:732/3300 train_loss:3.76824 train_time:884.646s step_avg:1208.53ms
step:733/3300 train_loss:3.76537 train_time:885.848s step_avg:1208.52ms
step:734/3300 train_loss:3.82603 train_time:887.051s step_avg:1208.52ms
step:735/3300 train_loss:3.74463 train_time:888.247s step_avg:1208.50ms
step:736/3300 train_loss:3.74660 train_time:889.446s step_avg:1208.49ms
step:737/3300 train_loss:3.77718 train_time:890.650s step_avg:1208.48ms
step:738/3300 train_loss:3.74595 train_time:891.847s step_avg:1208.46ms
step:739/3300 train_loss:3.75019 train_time:893.054s step_avg:1208.46ms
step:740/3300 train_loss:3.86008 train_time:894.260s step_avg:1208.46ms
step:741/3300 train_loss:3.73240 train_time:895.468s step_avg:1208.46ms
step:742/3300 train_loss:3.70962 train_time:896.673s step_avg:1208.45ms
step:743/3300 train_loss:3.75555 train_time:897.870s step_avg:1208.44ms
step:744/3300 train_loss:3.66557 train_time:899.066s step_avg:1208.42ms
step:745/3300 train_loss:3.71907 train_time:900.274s step_avg:1208.42ms
step:746/3300 train_loss:3.74769 train_time:901.480s step_avg:1208.42ms
step:747/3300 train_loss:3.71482 train_time:902.688s step_avg:1208.42ms
step:748/3300 train_loss:3.76179 train_time:903.890s step_avg:1208.41ms
step:749/3300 train_loss:3.68967 train_time:905.087s step_avg:1208.39ms
step:750/3300 train_loss:3.76713 train_time:906.294s step_avg:1208.39ms
step:750/3300 val_loss:3.71992 train_time:906.294s step_avg:1204.29ms
step:751/3300 train_loss:3.69648 train_time:907.496s step_avg:1208.38ms
step:752/3300 train_loss:3.74098 train_time:908.691s step_avg:1208.37ms
step:753/3300 train_loss:3.73654 train_time:909.886s step_avg:1208.35ms
step:754/3300 train_loss:3.82202 train_time:911.087s step_avg:1208.34ms
step:755/3300 train_loss:3.76867 train_time:912.287s step_avg:1208.33ms
step:756/3300 train_loss:3.82476 train_time:913.491s step_avg:1208.32ms
step:757/3300 train_loss:3.74156 train_time:914.689s step_avg:1208.31ms
step:758/3300 train_loss:3.74900 train_time:915.891s step_avg:1208.30ms
step:759/3300 train_loss:3.70232 train_time:917.093s step_avg:1208.29ms
step:760/3300 train_loss:3.74710 train_time:918.301s step_avg:1208.29ms
step:761/3300 train_loss:3.69458 train_time:919.541s step_avg:1208.33ms
step:762/3300 train_loss:3.69345 train_time:920.739s step_avg:1208.32ms
step:763/3300 train_loss:3.74842 train_time:921.953s step_avg:1208.33ms
step:764/3300 train_loss:3.71195 train_time:923.157s step_avg:1208.32ms
step:765/3300 train_loss:3.87047 train_time:924.359s step_avg:1208.31ms
step:766/3300 train_loss:3.81159 train_time:925.558s step_avg:1208.30ms
step:767/3300 train_loss:3.76292 train_time:926.760s step_avg:1208.29ms
step:768/3300 train_loss:3.80953 train_time:927.962s step_avg:1208.28ms
step:769/3300 train_loss:3.87753 train_time:929.170s step_avg:1208.28ms
step:770/3300 train_loss:3.72051 train_time:930.368s step_avg:1208.27ms
step:771/3300 train_loss:3.77403 train_time:931.567s step_avg:1208.26ms
step:772/3300 train_loss:3.69736 train_time:932.784s step_avg:1208.27ms
step:773/3300 train_loss:3.74165 train_time:933.988s step_avg:1208.26ms
step:774/3300 train_loss:3.74617 train_time:935.188s step_avg:1208.25ms
step:775/3300 train_loss:3.74905 train_time:936.388s step_avg:1208.24ms
step:776/3300 train_loss:3.67737 train_time:937.609s step_avg:1208.26ms
step:777/3300 train_loss:3.70702 train_time:938.808s step_avg:1208.25ms
step:778/3300 train_loss:3.76001 train_time:940.008s step_avg:1208.24ms
step:779/3300 train_loss:3.71002 train_time:941.210s step_avg:1208.23ms
step:780/3300 train_loss:3.72662 train_time:942.416s step_avg:1208.23ms
step:781/3300 train_loss:3.71665 train_time:943.620s step_avg:1208.22ms
step:782/3300 train_loss:3.73076 train_time:944.828s step_avg:1208.22ms
step:783/3300 train_loss:3.70416 train_time:946.058s step_avg:1208.25ms
step:784/3300 train_loss:3.71496 train_time:947.265s step_avg:1208.25ms
step:785/3300 train_loss:3.66785 train_time:948.487s step_avg:1208.26ms
step:786/3300 train_loss:3.72530 train_time:949.688s step_avg:1208.25ms
step:787/3300 train_loss:3.72618 train_time:950.890s step_avg:1208.25ms
step:788/3300 train_loss:3.70021 train_time:952.106s step_avg:1208.26ms
step:789/3300 train_loss:3.78010 train_time:953.348s step_avg:1208.30ms
step:790/3300 train_loss:3.72323 train_time:954.586s step_avg:1208.34ms
step:791/3300 train_loss:3.81582 train_time:955.809s step_avg:1208.36ms
step:792/3300 train_loss:3.78099 train_time:957.035s step_avg:1208.38ms
step:793/3300 train_loss:3.71139 train_time:958.246s step_avg:1208.38ms
step:794/3300 train_loss:4.05289 train_time:959.451s step_avg:1208.38ms
step:795/3300 train_loss:3.71624 train_time:960.651s step_avg:1208.37ms
step:796/3300 train_loss:3.74194 train_time:961.882s step_avg:1208.40ms
step:797/3300 train_loss:3.72961 train_time:963.099s step_avg:1208.41ms
step:798/3300 train_loss:3.79047 train_time:964.313s step_avg:1208.41ms
step:799/3300 train_loss:3.73124 train_time:965.538s step_avg:1208.43ms
step:800/3300 train_loss:3.72940 train_time:966.730s step_avg:1208.41ms
step:801/3300 train_loss:3.87011 train_time:967.924s step_avg:1208.39ms
step:802/3300 train_loss:3.69894 train_time:969.126s step_avg:1208.39ms
step:803/3300 train_loss:3.71926 train_time:970.329s step_avg:1208.38ms
step:804/3300 train_loss:3.72141 train_time:971.523s step_avg:1208.36ms
step:805/3300 train_loss:3.73318 train_time:972.726s step_avg:1208.35ms
step:806/3300 train_loss:3.72698 train_time:973.926s step_avg:1208.34ms
step:807/3300 train_loss:3.70035 train_time:975.134s step_avg:1208.34ms
step:808/3300 train_loss:3.72602 train_time:976.332s step_avg:1208.33ms
step:809/3300 train_loss:3.71901 train_time:977.539s step_avg:1208.33ms
step:810/3300 train_loss:3.73510 train_time:978.733s step_avg:1208.31ms
step:811/3300 train_loss:3.73187 train_time:979.929s step_avg:1208.30ms
step:812/3300 train_loss:3.81616 train_time:981.126s step_avg:1208.28ms
step:813/3300 train_loss:3.78961 train_time:982.329s step_avg:1208.28ms
step:814/3300 train_loss:3.71068 train_time:983.547s step_avg:1208.29ms
step:815/3300 train_loss:3.73423 train_time:984.751s step_avg:1208.28ms
step:816/3300 train_loss:3.71603 train_time:985.953s step_avg:1208.28ms
step:817/3300 train_loss:3.75046 train_time:987.191s step_avg:1208.31ms
step:818/3300 train_loss:3.68340 train_time:988.393s step_avg:1208.30ms
step:819/3300 train_loss:3.67583 train_time:989.593s step_avg:1208.29ms
step:820/3300 train_loss:3.69344 train_time:990.794s step_avg:1208.29ms
step:821/3300 train_loss:3.73364 train_time:992.008s step_avg:1208.29ms
step:822/3300 train_loss:3.66319 train_time:993.237s step_avg:1208.32ms
step:823/3300 train_loss:3.65406 train_time:994.447s step_avg:1208.32ms
step:824/3300 train_loss:3.71056 train_time:995.646s step_avg:1208.31ms
step:825/3300 train_loss:3.62170 train_time:996.881s step_avg:1208.34ms
step:826/3300 train_loss:3.67519 train_time:998.087s step_avg:1208.34ms
step:827/3300 train_loss:3.71402 train_time:999.289s step_avg:1208.33ms
step:828/3300 train_loss:3.68822 train_time:1000.493s step_avg:1208.33ms
step:829/3300 train_loss:3.73335 train_time:1001.691s step_avg:1208.31ms
step:830/3300 train_loss:3.75781 train_time:1002.916s step_avg:1208.33ms
step:831/3300 train_loss:3.81050 train_time:1004.116s step_avg:1208.32ms
step:832/3300 train_loss:3.72110 train_time:1005.315s step_avg:1208.31ms
step:833/3300 train_loss:3.70522 train_time:1006.514s step_avg:1208.30ms
step:834/3300 train_loss:3.70220 train_time:1007.718s step_avg:1208.29ms
step:835/3300 train_loss:3.66665 train_time:1008.912s step_avg:1208.28ms
step:836/3300 train_loss:3.69989 train_time:1010.112s step_avg:1208.27ms
step:837/3300 train_loss:3.67717 train_time:1011.319s step_avg:1208.27ms
step:838/3300 train_loss:3.75403 train_time:1012.518s step_avg:1208.25ms
step:839/3300 train_loss:3.70925 train_time:1013.717s step_avg:1208.24ms
step:840/3300 train_loss:3.69518 train_time:1014.917s step_avg:1208.24ms
step:841/3300 train_loss:3.71926 train_time:1016.118s step_avg:1208.23ms
step:842/3300 train_loss:3.67393 train_time:1017.341s step_avg:1208.24ms
step:843/3300 train_loss:3.70540 train_time:1018.564s step_avg:1208.26ms
step:844/3300 train_loss:3.73431 train_time:1019.768s step_avg:1208.26ms
step:845/3300 train_loss:3.72014 train_time:1021.009s step_avg:1208.29ms
step:846/3300 train_loss:3.70090 train_time:1022.228s step_avg:1208.31ms
step:847/3300 train_loss:3.68864 train_time:1023.432s step_avg:1208.30ms
step:848/3300 train_loss:3.74696 train_time:1024.650s step_avg:1208.31ms
step:849/3300 train_loss:3.69219 train_time:1025.858s step_avg:1208.31ms
step:850/3300 train_loss:3.76481 train_time:1027.061s step_avg:1208.31ms
step:851/3300 train_loss:3.70558 train_time:1028.259s step_avg:1208.29ms
step:852/3300 train_loss:3.71095 train_time:1029.457s step_avg:1208.28ms
step:853/3300 train_loss:3.70726 train_time:1030.658s step_avg:1208.27ms
step:854/3300 train_loss:3.67516 train_time:1031.877s step_avg:1208.29ms
step:855/3300 train_loss:3.72619 train_time:1033.092s step_avg:1208.29ms
step:856/3300 train_loss:3.75244 train_time:1034.298s step_avg:1208.29ms
step:857/3300 train_loss:3.66032 train_time:1035.502s step_avg:1208.29ms
step:858/3300 train_loss:3.68862 train_time:1036.697s step_avg:1208.27ms
step:859/3300 train_loss:3.70948 train_time:1037.905s step_avg:1208.27ms
step:860/3300 train_loss:3.67701 train_time:1039.109s step_avg:1208.27ms
step:861/3300 train_loss:3.68310 train_time:1040.314s step_avg:1208.26ms
step:862/3300 train_loss:3.65620 train_time:1041.516s step_avg:1208.26ms
step:863/3300 train_loss:3.71798 train_time:1042.721s step_avg:1208.25ms
step:864/3300 train_loss:3.71329 train_time:1043.920s step_avg:1208.24ms
step:865/3300 train_loss:3.81764 train_time:1045.122s step_avg:1208.23ms
step:866/3300 train_loss:3.73795 train_time:1046.324s step_avg:1208.23ms
step:867/3300 train_loss:3.68601 train_time:1047.520s step_avg:1208.21ms
step:868/3300 train_loss:3.64511 train_time:1048.730s step_avg:1208.21ms
step:869/3300 train_loss:3.67521 train_time:1049.928s step_avg:1208.20ms
step:870/3300 train_loss:3.71176 train_time:1051.128s step_avg:1208.19ms
step:871/3300 train_loss:3.67827 train_time:1052.324s step_avg:1208.18ms
step:872/3300 train_loss:3.72425 train_time:1053.515s step_avg:1208.16ms
step:873/3300 train_loss:3.69582 train_time:1054.718s step_avg:1208.15ms
step:874/3300 train_loss:3.65199 train_time:1055.925s step_avg:1208.15ms
step:875/3300 train_loss:3.68480 train_time:1057.121s step_avg:1208.14ms
step:875/3300 val_loss:3.67561 train_time:1057.121s step_avg:1206.62ms
step:876/3300 train_loss:3.73418 train_time:1058.331s step_avg:1208.14ms
step:877/3300 train_loss:3.67945 train_time:1059.539s step_avg:1208.14ms
step:878/3300 train_loss:3.74391 train_time:1060.738s step_avg:1208.13ms
step:879/3300 train_loss:3.69214 train_time:1061.930s step_avg:1208.11ms
step:880/3300 train_loss:3.66143 train_time:1063.130s step_avg:1208.10ms
step:881/3300 train_loss:3.68974 train_time:1064.345s step_avg:1208.11ms
step:882/3300 train_loss:3.70149 train_time:1065.547s step_avg:1208.10ms
step:883/3300 train_loss:3.70249 train_time:1066.748s step_avg:1208.09ms
step:884/3300 train_loss:3.68949 train_time:1067.949s step_avg:1208.09ms
step:885/3300 train_loss:3.66544 train_time:1069.171s step_avg:1208.10ms
step:886/3300 train_loss:3.69452 train_time:1070.388s step_avg:1208.11ms
step:887/3300 train_loss:3.81907 train_time:1071.596s step_avg:1208.11ms
step:888/3300 train_loss:3.70743 train_time:1072.798s step_avg:1208.11ms
step:889/3300 train_loss:3.64516 train_time:1073.996s step_avg:1208.09ms
step:890/3300 train_loss:3.62198 train_time:1075.194s step_avg:1208.08ms
step:891/3300 train_loss:3.68370 train_time:1076.403s step_avg:1208.08ms
step:892/3300 train_loss:3.72161 train_time:1077.600s step_avg:1208.07ms
step:893/3300 train_loss:3.61975 train_time:1078.791s step_avg:1208.05ms
step:894/3300 train_loss:3.71621 train_time:1079.995s step_avg:1208.05ms
step:895/3300 train_loss:3.70452 train_time:1081.207s step_avg:1208.05ms
step:896/3300 train_loss:3.69821 train_time:1082.409s step_avg:1208.05ms
step:897/3300 train_loss:3.69399 train_time:1083.613s step_avg:1208.04ms
step:898/3300 train_loss:3.73589 train_time:1084.828s step_avg:1208.05ms
step:899/3300 train_loss:3.68983 train_time:1086.035s step_avg:1208.05ms
step:900/3300 train_loss:3.63300 train_time:1087.238s step_avg:1208.04ms
step:901/3300 train_loss:3.67478 train_time:1088.437s step_avg:1208.03ms
step:902/3300 train_loss:3.98220 train_time:1089.637s step_avg:1208.02ms
step:903/3300 train_loss:3.67031 train_time:1090.837s step_avg:1208.01ms
step:904/3300 train_loss:3.67776 train_time:1092.034s step_avg:1208.00ms
step:905/3300 train_loss:3.73562 train_time:1093.238s step_avg:1208.00ms
step:906/3300 train_loss:3.73272 train_time:1094.439s step_avg:1207.99ms
step:907/3300 train_loss:3.66165 train_time:1095.645s step_avg:1207.99ms
step:908/3300 train_loss:3.72749 train_time:1096.847s step_avg:1207.98ms
step:909/3300 train_loss:3.82891 train_time:1098.053s step_avg:1207.98ms
step:910/3300 train_loss:3.64709 train_time:1099.259s step_avg:1207.98ms
step:911/3300 train_loss:3.69719 train_time:1100.458s step_avg:1207.97ms
step:912/3300 train_loss:3.64773 train_time:1101.659s step_avg:1207.96ms
step:913/3300 train_loss:3.67863 train_time:1102.854s step_avg:1207.95ms
step:914/3300 train_loss:3.75323 train_time:1104.051s step_avg:1207.93ms
step:915/3300 train_loss:3.70395 train_time:1105.253s step_avg:1207.93ms
step:916/3300 train_loss:3.78633 train_time:1106.456s step_avg:1207.92ms
step:917/3300 train_loss:3.67896 train_time:1107.662s step_avg:1207.92ms
step:918/3300 train_loss:3.83290 train_time:1108.858s step_avg:1207.91ms
step:919/3300 train_loss:3.69221 train_time:1110.058s step_avg:1207.90ms
step:920/3300 train_loss:3.72719 train_time:1111.260s step_avg:1207.89ms
step:921/3300 train_loss:3.64339 train_time:1112.457s step_avg:1207.88ms
step:922/3300 train_loss:3.66443 train_time:1113.656s step_avg:1207.87ms
step:923/3300 train_loss:3.64529 train_time:1114.854s step_avg:1207.86ms
step:924/3300 train_loss:3.69791 train_time:1116.052s step_avg:1207.85ms
step:925/3300 train_loss:3.69060 train_time:1117.254s step_avg:1207.84ms
step:926/3300 train_loss:3.71743 train_time:1118.453s step_avg:1207.83ms
step:927/3300 train_loss:3.65305 train_time:1119.652s step_avg:1207.82ms
step:928/3300 train_loss:3.67655 train_time:1120.851s step_avg:1207.81ms
step:929/3300 train_loss:3.80143 train_time:1122.051s step_avg:1207.81ms
step:930/3300 train_loss:3.65608 train_time:1123.256s step_avg:1207.80ms
step:931/3300 train_loss:3.65678 train_time:1124.461s step_avg:1207.80ms
step:932/3300 train_loss:3.82010 train_time:1125.657s step_avg:1207.79ms
step:933/3300 train_loss:3.64928 train_time:1126.850s step_avg:1207.77ms
step:934/3300 train_loss:3.78352 train_time:1128.071s step_avg:1207.78ms
step:935/3300 train_loss:3.71708 train_time:1129.281s step_avg:1207.79ms
step:936/3300 train_loss:3.67780 train_time:1130.492s step_avg:1207.79ms
step:937/3300 train_loss:3.63191 train_time:1131.695s step_avg:1207.79ms
step:938/3300 train_loss:3.69922 train_time:1132.903s step_avg:1207.79ms
step:939/3300 train_loss:3.65951 train_time:1134.097s step_avg:1207.77ms
step:940/3300 train_loss:3.64271 train_time:1135.322s step_avg:1207.79ms
step:941/3300 train_loss:3.76644 train_time:1136.523s step_avg:1207.78ms
step:942/3300 train_loss:3.66021 train_time:1137.720s step_avg:1207.77ms
step:943/3300 train_loss:3.72485 train_time:1138.920s step_avg:1207.76ms
step:944/3300 train_loss:3.71172 train_time:1140.153s step_avg:1207.79ms
step:945/3300 train_loss:3.68273 train_time:1141.356s step_avg:1207.78ms
step:946/3300 train_loss:3.85665 train_time:1142.555s step_avg:1207.78ms
step:947/3300 train_loss:3.71658 train_time:1143.759s step_avg:1207.77ms
step:948/3300 train_loss:3.65550 train_time:1144.958s step_avg:1207.76ms
step:949/3300 train_loss:3.68197 train_time:1146.159s step_avg:1207.75ms
step:950/3300 train_loss:3.68041 train_time:1147.360s step_avg:1207.75ms
step:951/3300 train_loss:3.65845 train_time:1148.599s step_avg:1207.78ms
step:952/3300 train_loss:3.72322 train_time:1149.803s step_avg:1207.78ms
step:953/3300 train_loss:3.65097 train_time:1151.002s step_avg:1207.77ms
step:954/3300 train_loss:3.68296 train_time:1152.203s step_avg:1207.76ms
step:955/3300 train_loss:3.70735 train_time:1153.398s step_avg:1207.75ms
step:956/3300 train_loss:3.69097 train_time:1154.596s step_avg:1207.74ms
step:957/3300 train_loss:3.75771 train_time:1155.807s step_avg:1207.74ms
step:958/3300 train_loss:3.71918 train_time:1157.003s step_avg:1207.73ms
step:959/3300 train_loss:3.71930 train_time:1158.202s step_avg:1207.72ms
step:960/3300 train_loss:3.64728 train_time:1159.399s step_avg:1207.71ms
step:961/3300 train_loss:3.67863 train_time:1160.605s step_avg:1207.71ms
step:962/3300 train_loss:3.65456 train_time:1161.803s step_avg:1207.70ms
step:963/3300 train_loss:3.65934 train_time:1163.004s step_avg:1207.69ms
step:964/3300 train_loss:3.64393 train_time:1164.200s step_avg:1207.68ms
step:965/3300 train_loss:3.68911 train_time:1165.419s step_avg:1207.69ms
step:966/3300 train_loss:3.69217 train_time:1166.621s step_avg:1207.68ms
step:967/3300 train_loss:3.70309 train_time:1167.819s step_avg:1207.67ms
step:968/3300 train_loss:3.67703 train_time:1169.019s step_avg:1207.66ms
step:969/3300 train_loss:3.65847 train_time:1170.222s step_avg:1207.66ms
step:970/3300 train_loss:3.65915 train_time:1171.447s step_avg:1207.68ms
step:971/3300 train_loss:3.64750 train_time:1172.641s step_avg:1207.66ms
step:972/3300 train_loss:3.67017 train_time:1173.839s step_avg:1207.65ms
step:973/3300 train_loss:3.73338 train_time:1175.041s step_avg:1207.65ms
step:974/3300 train_loss:3.66812 train_time:1176.240s step_avg:1207.64ms
step:975/3300 train_loss:3.70788 train_time:1177.440s step_avg:1207.63ms
step:976/3300 train_loss:3.68391 train_time:1178.642s step_avg:1207.62ms
step:977/3300 train_loss:3.65365 train_time:1179.845s step_avg:1207.62ms
step:978/3300 train_loss:3.62367 train_time:1181.044s step_avg:1207.61ms
step:979/3300 train_loss:3.69179 train_time:1182.243s step_avg:1207.60ms
step:980/3300 train_loss:3.65974 train_time:1183.441s step_avg:1207.59ms
step:981/3300 train_loss:3.69086 train_time:1184.643s step_avg:1207.59ms
step:982/3300 train_loss:3.69077 train_time:1185.844s step_avg:1207.58ms
step:983/3300 train_loss:3.67212 train_time:1187.059s step_avg:1207.59ms
step:984/3300 train_loss:3.75407 train_time:1188.257s step_avg:1207.58ms
step:985/3300 train_loss:3.73117 train_time:1189.464s step_avg:1207.58ms
step:986/3300 train_loss:3.66498 train_time:1190.687s step_avg:1207.59ms
step:987/3300 train_loss:3.69018 train_time:1191.876s step_avg:1207.57ms
step:988/3300 train_loss:3.61559 train_time:1193.066s step_avg:1207.56ms
step:989/3300 train_loss:3.65099 train_time:1194.265s step_avg:1207.55ms
step:990/3300 train_loss:3.66644 train_time:1195.464s step_avg:1207.54ms
step:991/3300 train_loss:3.66841 train_time:1196.667s step_avg:1207.53ms
step:992/3300 train_loss:3.66414 train_time:1197.873s step_avg:1207.53ms
step:993/3300 train_loss:3.65382 train_time:1199.074s step_avg:1207.53ms
step:994/3300 train_loss:3.63745 train_time:1200.286s step_avg:1207.53ms
step:995/3300 train_loss:3.71791 train_time:1201.492s step_avg:1207.53ms
step:996/3300 train_loss:3.62593 train_time:1202.691s step_avg:1207.52ms
step:997/3300 train_loss:3.67491 train_time:1203.890s step_avg:1207.51ms
step:998/3300 train_loss:3.69578 train_time:1205.109s step_avg:1207.52ms
step:999/3300 train_loss:3.69816 train_time:1206.305s step_avg:1207.51ms
step:1000/3300 train_loss:3.69801 train_time:1207.517s step_avg:1207.52ms
step:1000/3300 val_loss:3.64517 train_time:1207.517s step_avg:1203.16ms
step:1001/3300 train_loss:3.62202 train_time:1208.721s step_avg:1207.51ms
step:1002/3300 train_loss:3.68332 train_time:1209.921s step_avg:1207.51ms
step:1003/3300 train_loss:3.68815 train_time:1211.121s step_avg:1207.50ms
step:1004/3300 train_loss:3.70026 train_time:1212.333s step_avg:1207.50ms
step:1005/3300 train_loss:3.67058 train_time:1213.542s step_avg:1207.50ms
step:1006/3300 train_loss:3.61999 train_time:1214.746s step_avg:1207.50ms
step:1007/3300 train_loss:3.69653 train_time:1215.944s step_avg:1207.49ms
step:1008/3300 train_loss:3.72160 train_time:1217.158s step_avg:1207.50ms
step:1009/3300 train_loss:3.71634 train_time:1218.362s step_avg:1207.49ms
step:1010/3300 train_loss:3.64278 train_time:1219.559s step_avg:1207.48ms
step:1011/3300 train_loss:3.68337 train_time:1220.759s step_avg:1207.48ms
step:1012/3300 train_loss:3.58654 train_time:1221.958s step_avg:1207.47ms
step:1013/3300 train_loss:3.67576 train_time:1223.160s step_avg:1207.46ms
step:1014/3300 train_loss:3.68841 train_time:1224.364s step_avg:1207.46ms
step:1015/3300 train_loss:3.65592 train_time:1225.564s step_avg:1207.45ms
step:1016/3300 train_loss:3.67227 train_time:1226.764s step_avg:1207.45ms
step:1017/3300 train_loss:3.63983 train_time:1227.963s step_avg:1207.44ms
step:1018/3300 train_loss:3.66674 train_time:1229.165s step_avg:1207.43ms
step:1019/3300 train_loss:3.67614 train_time:1230.369s step_avg:1207.43ms
step:1020/3300 train_loss:3.67440 train_time:1231.564s step_avg:1207.42ms
step:1021/3300 train_loss:3.67328 train_time:1232.761s step_avg:1207.41ms
step:1022/3300 train_loss:3.68918 train_time:1233.955s step_avg:1207.39ms
step:1023/3300 train_loss:3.67136 train_time:1235.142s step_avg:1207.37ms
step:1024/3300 train_loss:3.67913 train_time:1236.334s step_avg:1207.36ms
step:1025/3300 train_loss:3.64062 train_time:1237.534s step_avg:1207.35ms
step:1026/3300 train_loss:3.66071 train_time:1238.729s step_avg:1207.34ms
step:1027/3300 train_loss:3.65428 train_time:1239.928s step_avg:1207.33ms
step:1028/3300 train_loss:3.66755 train_time:1241.123s step_avg:1207.32ms
step:1029/3300 train_loss:3.72679 train_time:1242.327s step_avg:1207.32ms
step:1030/3300 train_loss:3.66031 train_time:1243.525s step_avg:1207.31ms
step:1031/3300 train_loss:3.62240 train_time:1244.727s step_avg:1207.30ms
step:1032/3300 train_loss:3.68397 train_time:1245.925s step_avg:1207.29ms
step:1033/3300 train_loss:3.66977 train_time:1247.147s step_avg:1207.31ms
step:1034/3300 train_loss:3.64976 train_time:1248.341s step_avg:1207.29ms
step:1035/3300 train_loss:3.64918 train_time:1249.546s step_avg:1207.29ms
step:1036/3300 train_loss:3.87373 train_time:1250.745s step_avg:1207.28ms
step:1037/3300 train_loss:3.66798 train_time:1251.944s step_avg:1207.27ms
step:1038/3300 train_loss:3.67358 train_time:1253.155s step_avg:1207.28ms
step:1039/3300 train_loss:3.67794 train_time:1254.357s step_avg:1207.27ms
step:1040/3300 train_loss:3.64614 train_time:1255.560s step_avg:1207.27ms
step:1041/3300 train_loss:3.64466 train_time:1256.770s step_avg:1207.27ms
step:1042/3300 train_loss:3.70256 train_time:1257.973s step_avg:1207.27ms
step:1043/3300 train_loss:3.66793 train_time:1259.171s step_avg:1207.26ms
step:1044/3300 train_loss:3.58372 train_time:1260.363s step_avg:1207.24ms
step:1045/3300 train_loss:3.66031 train_time:1261.572s step_avg:1207.25ms
step:1046/3300 train_loss:3.65893 train_time:1262.779s step_avg:1207.25ms
step:1047/3300 train_loss:3.73804 train_time:1263.990s step_avg:1207.25ms
step:1048/3300 train_loss:3.62744 train_time:1265.211s step_avg:1207.26ms
step:1049/3300 train_loss:3.61329 train_time:1266.408s step_avg:1207.25ms
step:1050/3300 train_loss:3.75113 train_time:1267.605s step_avg:1207.24ms
step:1051/3300 train_loss:3.65877 train_time:1268.808s step_avg:1207.24ms
step:1052/3300 train_loss:3.64202 train_time:1270.007s step_avg:1207.23ms
step:1053/3300 train_loss:3.67439 train_time:1271.206s step_avg:1207.22ms
step:1054/3300 train_loss:3.59102 train_time:1272.410s step_avg:1207.22ms
step:1055/3300 train_loss:3.61686 train_time:1273.608s step_avg:1207.21ms
step:1056/3300 train_loss:3.61679 train_time:1274.817s step_avg:1207.21ms
step:1057/3300 train_loss:3.65695 train_time:1276.020s step_avg:1207.21ms
step:1058/3300 train_loss:3.64867 train_time:1277.226s step_avg:1207.21ms
step:1059/3300 train_loss:3.68896 train_time:1278.434s step_avg:1207.21ms
step:1060/3300 train_loss:3.57500 train_time:1279.642s step_avg:1207.21ms
step:1061/3300 train_loss:3.71720 train_time:1280.848s step_avg:1207.21ms
step:1062/3300 train_loss:3.64915 train_time:1282.048s step_avg:1207.20ms
step:1063/3300 train_loss:3.61824 train_time:1283.262s step_avg:1207.21ms
step:1064/3300 train_loss:3.67059 train_time:1284.461s step_avg:1207.20ms
step:1065/3300 train_loss:3.60385 train_time:1285.671s step_avg:1207.20ms
step:1066/3300 train_loss:3.63863 train_time:1286.868s step_avg:1207.19ms
step:1067/3300 train_loss:3.65179 train_time:1288.068s step_avg:1207.19ms
step:1068/3300 train_loss:3.66688 train_time:1289.268s step_avg:1207.18ms
step:1069/3300 train_loss:3.65445 train_time:1290.471s step_avg:1207.18ms
step:1070/3300 train_loss:3.66511 train_time:1291.675s step_avg:1207.17ms
step:1071/3300 train_loss:3.58860 train_time:1292.900s step_avg:1207.19ms
step:1072/3300 train_loss:3.68086 train_time:1294.102s step_avg:1207.18ms
step:1073/3300 train_loss:3.56452 train_time:1295.306s step_avg:1207.18ms
step:1074/3300 train_loss:3.66650 train_time:1296.510s step_avg:1207.18ms
step:1075/3300 train_loss:3.63322 train_time:1297.721s step_avg:1207.18ms
step:1076/3300 train_loss:3.70767 train_time:1298.920s step_avg:1207.18ms
step:1077/3300 train_loss:3.67190 train_time:1300.127s step_avg:1207.17ms
step:1078/3300 train_loss:3.61248 train_time:1301.330s step_avg:1207.17ms
step:1079/3300 train_loss:3.64857 train_time:1302.540s step_avg:1207.17ms
step:1080/3300 train_loss:3.64462 train_time:1303.749s step_avg:1207.18ms
step:1081/3300 train_loss:3.62219 train_time:1304.947s step_avg:1207.17ms
step:1082/3300 train_loss:3.62320 train_time:1306.147s step_avg:1207.16ms
step:1083/3300 train_loss:3.65360 train_time:1307.356s step_avg:1207.16ms
step:1084/3300 train_loss:3.62612 train_time:1308.561s step_avg:1207.16ms
step:1085/3300 train_loss:3.64289 train_time:1309.760s step_avg:1207.15ms
step:1086/3300 train_loss:3.65532 train_time:1310.959s step_avg:1207.14ms
step:1087/3300 train_loss:3.62788 train_time:1312.160s step_avg:1207.14ms
step:1088/3300 train_loss:3.61283 train_time:1313.390s step_avg:1207.16ms
step:1089/3300 train_loss:3.60301 train_time:1314.590s step_avg:1207.15ms
step:1090/3300 train_loss:3.66288 train_time:1315.787s step_avg:1207.14ms
step:1091/3300 train_loss:3.63671 train_time:1316.998s step_avg:1207.15ms
step:1092/3300 train_loss:3.59677 train_time:1318.250s step_avg:1207.19ms
step:1093/3300 train_loss:3.64283 train_time:1319.453s step_avg:1207.18ms
step:1094/3300 train_loss:3.67325 train_time:1320.668s step_avg:1207.19ms
step:1095/3300 train_loss:3.57874 train_time:1321.872s step_avg:1207.19ms
step:1096/3300 train_loss:3.60657 train_time:1323.081s step_avg:1207.19ms
step:1097/3300 train_loss:3.67279 train_time:1324.308s step_avg:1207.21ms
step:1098/3300 train_loss:3.67904 train_time:1325.515s step_avg:1207.21ms
step:1099/3300 train_loss:3.67783 train_time:1326.725s step_avg:1207.21ms
step:1100/3300 train_loss:3.65577 train_time:1327.938s step_avg:1207.22ms
step:1101/3300 train_loss:3.65954 train_time:1329.132s step_avg:1207.20ms
step:1102/3300 train_loss:3.65219 train_time:1330.330s step_avg:1207.20ms
step:1103/3300 train_loss:3.64784 train_time:1331.540s step_avg:1207.20ms
step:1104/3300 train_loss:3.70375 train_time:1332.759s step_avg:1207.21ms
step:1105/3300 train_loss:3.75447 train_time:1333.953s step_avg:1207.20ms
step:1106/3300 train_loss:3.67499 train_time:1335.161s step_avg:1207.20ms
step:1107/3300 train_loss:3.67330 train_time:1336.360s step_avg:1207.19ms
step:1108/3300 train_loss:3.62019 train_time:1337.556s step_avg:1207.18ms
step:1109/3300 train_loss:3.63207 train_time:1338.748s step_avg:1207.17ms
step:1110/3300 train_loss:3.58918 train_time:1339.946s step_avg:1207.16ms
step:1111/3300 train_loss:3.54547 train_time:1341.150s step_avg:1207.16ms
step:1112/3300 train_loss:3.58631 train_time:1342.388s step_avg:1207.18ms
step:1113/3300 train_loss:3.68844 train_time:1343.595s step_avg:1207.18ms
step:1114/3300 train_loss:3.65611 train_time:1344.791s step_avg:1207.17ms
step:1115/3300 train_loss:3.68226 train_time:1345.991s step_avg:1207.17ms
step:1116/3300 train_loss:3.69746 train_time:1347.190s step_avg:1207.16ms
step:1117/3300 train_loss:3.70394 train_time:1348.392s step_avg:1207.15ms
step:1118/3300 train_loss:3.62830 train_time:1349.591s step_avg:1207.15ms
step:1119/3300 train_loss:3.62135 train_time:1350.786s step_avg:1207.14ms
step:1120/3300 train_loss:3.71551 train_time:1351.987s step_avg:1207.13ms
step:1121/3300 train_loss:3.64970 train_time:1353.190s step_avg:1207.13ms
step:1122/3300 train_loss:3.58425 train_time:1354.394s step_avg:1207.12ms
step:1123/3300 train_loss:3.61229 train_time:1355.600s step_avg:1207.12ms
step:1124/3300 train_loss:3.63125 train_time:1356.804s step_avg:1207.12ms
step:1125/3300 train_loss:3.64887 train_time:1358.011s step_avg:1207.12ms
step:1125/3300 val_loss:3.61362 train_time:1358.011s step_avg:1203.95ms
step:1126/3300 train_loss:3.59557 train_time:1359.215s step_avg:1207.12ms
step:1127/3300 train_loss:3.68027 train_time:1360.420s step_avg:1207.12ms
step:1128/3300 train_loss:3.62562 train_time:1361.622s step_avg:1207.11ms
step:1129/3300 train_loss:3.62669 train_time:1362.826s step_avg:1207.11ms
step:1130/3300 train_loss:3.60922 train_time:1364.028s step_avg:1207.10ms
step:1131/3300 train_loss:3.63491 train_time:1365.230s step_avg:1207.10ms
step:1132/3300 train_loss:3.62683 train_time:1366.429s step_avg:1207.09ms
step:1133/3300 train_loss:3.68608 train_time:1367.628s step_avg:1207.09ms
step:1134/3300 train_loss:3.64608 train_time:1368.831s step_avg:1207.08ms
step:1135/3300 train_loss:3.67551 train_time:1370.034s step_avg:1207.08ms
step:1136/3300 train_loss:3.61181 train_time:1371.224s step_avg:1207.06ms
step:1137/3300 train_loss:3.72457 train_time:1372.418s step_avg:1207.05ms
step:1138/3300 train_loss:3.60041 train_time:1373.614s step_avg:1207.04ms
step:1139/3300 train_loss:3.64223 train_time:1374.813s step_avg:1207.04ms
step:1140/3300 train_loss:3.62373 train_time:1376.012s step_avg:1207.03ms
step:1141/3300 train_loss:3.68639 train_time:1377.257s step_avg:1207.06ms
step:1142/3300 train_loss:3.63360 train_time:1378.448s step_avg:1207.05ms
step:1143/3300 train_loss:3.60676 train_time:1379.654s step_avg:1207.05ms
step:1144/3300 train_loss:3.61502 train_time:1380.850s step_avg:1207.04ms
step:1145/3300 train_loss:3.66728 train_time:1382.051s step_avg:1207.03ms
step:1146/3300 train_loss:3.71128 train_time:1383.251s step_avg:1207.03ms
step:1147/3300 train_loss:3.65726 train_time:1384.460s step_avg:1207.03ms
step:1148/3300 train_loss:3.69850 train_time:1385.668s step_avg:1207.03ms
step:1149/3300 train_loss:3.60245 train_time:1386.869s step_avg:1207.02ms
step:1150/3300 train_loss:3.58905 train_time:1388.072s step_avg:1207.02ms
step:1151/3300 train_loss:3.60977 train_time:1389.271s step_avg:1207.01ms
step:1152/3300 train_loss:3.69060 train_time:1390.468s step_avg:1207.00ms
step:1153/3300 train_loss:3.59205 train_time:1391.669s step_avg:1207.00ms
step:1154/3300 train_loss:3.63377 train_time:1392.867s step_avg:1206.99ms
step:1155/3300 train_loss:3.67693 train_time:1394.079s step_avg:1206.99ms
step:1156/3300 train_loss:3.66177 train_time:1395.275s step_avg:1206.99ms
step:1157/3300 train_loss:3.62421 train_time:1396.472s step_avg:1206.98ms
step:1158/3300 train_loss:3.67292 train_time:1397.681s step_avg:1206.98ms
step:1159/3300 train_loss:3.62934 train_time:1398.877s step_avg:1206.97ms
step:1160/3300 train_loss:3.60226 train_time:1400.080s step_avg:1206.97ms
step:1161/3300 train_loss:3.54491 train_time:1401.273s step_avg:1206.95ms
step:1162/3300 train_loss:3.64743 train_time:1402.473s step_avg:1206.95ms
step:1163/3300 train_loss:3.61473 train_time:1403.676s step_avg:1206.94ms
step:1164/3300 train_loss:3.58650 train_time:1404.874s step_avg:1206.94ms
step:1165/3300 train_loss:3.62135 train_time:1406.069s step_avg:1206.93ms
step:1166/3300 train_loss:3.63429 train_time:1407.273s step_avg:1206.92ms
step:1167/3300 train_loss:3.64731 train_time:1408.470s step_avg:1206.92ms
step:1168/3300 train_loss:3.64260 train_time:1409.680s step_avg:1206.92ms
step:1169/3300 train_loss:3.58649 train_time:1410.884s step_avg:1206.92ms
step:1170/3300 train_loss:3.65628 train_time:1412.086s step_avg:1206.91ms
step:1171/3300 train_loss:3.55932 train_time:1413.290s step_avg:1206.91ms
step:1172/3300 train_loss:3.61591 train_time:1414.492s step_avg:1206.90ms
step:1173/3300 train_loss:3.77036 train_time:1415.698s step_avg:1206.90ms
step:1174/3300 train_loss:3.59549 train_time:1416.890s step_avg:1206.89ms
step:1175/3300 train_loss:3.60978 train_time:1418.098s step_avg:1206.89ms
step:1176/3300 train_loss:3.57181 train_time:1419.294s step_avg:1206.88ms
step:1177/3300 train_loss:3.62279 train_time:1420.490s step_avg:1206.87ms
step:1178/3300 train_loss:3.60194 train_time:1421.691s step_avg:1206.87ms
step:1179/3300 train_loss:3.68880 train_time:1422.892s step_avg:1206.86ms
step:1180/3300 train_loss:3.60861 train_time:1424.097s step_avg:1206.86ms
step:1181/3300 train_loss:3.58158 train_time:1425.311s step_avg:1206.87ms
step:1182/3300 train_loss:3.61902 train_time:1426.514s step_avg:1206.86ms
step:1183/3300 train_loss:3.60294 train_time:1427.715s step_avg:1206.86ms
step:1184/3300 train_loss:3.58940 train_time:1428.912s step_avg:1206.85ms
step:1185/3300 train_loss:3.64146 train_time:1430.120s step_avg:1206.85ms
step:1186/3300 train_loss:3.55742 train_time:1431.322s step_avg:1206.85ms
step:1187/3300 train_loss:3.64576 train_time:1432.524s step_avg:1206.84ms
step:1188/3300 train_loss:3.62621 train_time:1433.748s step_avg:1206.86ms
step:1189/3300 train_loss:3.62733 train_time:1434.959s step_avg:1206.86ms
step:1190/3300 train_loss:3.62841 train_time:1436.199s step_avg:1206.89ms
step:1191/3300 train_loss:3.74887 train_time:1437.403s step_avg:1206.89ms
step:1192/3300 train_loss:3.69514 train_time:1438.608s step_avg:1206.89ms
step:1193/3300 train_loss:3.59164 train_time:1439.817s step_avg:1206.89ms
step:1194/3300 train_loss:3.62510 train_time:1441.017s step_avg:1206.88ms
step:1195/3300 train_loss:3.61062 train_time:1442.211s step_avg:1206.87ms
step:1196/3300 train_loss:3.60961 train_time:1443.416s step_avg:1206.87ms
step:1197/3300 train_loss:3.69428 train_time:1444.615s step_avg:1206.86ms
step:1198/3300 train_loss:3.63783 train_time:1445.821s step_avg:1206.86ms
step:1199/3300 train_loss:3.58882 train_time:1447.017s step_avg:1206.85ms
step:1200/3300 train_loss:3.59425 train_time:1448.213s step_avg:1206.84ms
step:1201/3300 train_loss:3.63591 train_time:1449.422s step_avg:1206.85ms
step:1202/3300 train_loss:3.64342 train_time:1450.618s step_avg:1206.84ms
step:1203/3300 train_loss:3.57856 train_time:1451.818s step_avg:1206.83ms
step:1204/3300 train_loss:3.63772 train_time:1453.018s step_avg:1206.83ms
step:1205/3300 train_loss:3.63331 train_time:1454.230s step_avg:1206.83ms
step:1206/3300 train_loss:3.55992 train_time:1455.433s step_avg:1206.83ms
step:1207/3300 train_loss:3.66347 train_time:1456.677s step_avg:1206.86ms
step:1208/3300 train_loss:3.60221 train_time:1457.873s step_avg:1206.85ms
step:1209/3300 train_loss:3.60797 train_time:1459.087s step_avg:1206.85ms
step:1210/3300 train_loss:3.58759 train_time:1460.297s step_avg:1206.86ms
step:1211/3300 train_loss:3.65322 train_time:1461.503s step_avg:1206.86ms
step:1212/3300 train_loss:3.57873 train_time:1462.722s step_avg:1206.87ms
step:1213/3300 train_loss:3.60556 train_time:1463.934s step_avg:1206.87ms
step:1214/3300 train_loss:3.56591 train_time:1465.160s step_avg:1206.89ms
step:1215/3300 train_loss:3.60329 train_time:1466.361s step_avg:1206.88ms
step:1216/3300 train_loss:3.58758 train_time:1467.561s step_avg:1206.88ms
step:1217/3300 train_loss:3.58176 train_time:1468.758s step_avg:1206.87ms
step:1218/3300 train_loss:3.59142 train_time:1469.961s step_avg:1206.86ms
step:1219/3300 train_loss:3.68923 train_time:1471.176s step_avg:1206.87ms
step:1220/3300 train_loss:3.63803 train_time:1472.380s step_avg:1206.87ms
step:1221/3300 train_loss:3.59059 train_time:1473.579s step_avg:1206.86ms
step:1222/3300 train_loss:3.64441 train_time:1474.786s step_avg:1206.86ms
step:1223/3300 train_loss:3.59781 train_time:1475.994s step_avg:1206.86ms
step:1224/3300 train_loss:3.61633 train_time:1477.199s step_avg:1206.86ms
step:1225/3300 train_loss:3.56948 train_time:1478.396s step_avg:1206.85ms
step:1226/3300 train_loss:3.61552 train_time:1479.607s step_avg:1206.86ms
step:1227/3300 train_loss:3.60554 train_time:1480.803s step_avg:1206.85ms
step:1228/3300 train_loss:3.58717 train_time:1481.998s step_avg:1206.84ms
step:1229/3300 train_loss:3.60279 train_time:1483.198s step_avg:1206.83ms
step:1230/3300 train_loss:3.57633 train_time:1484.396s step_avg:1206.83ms
step:1231/3300 train_loss:3.65657 train_time:1485.597s step_avg:1206.82ms
step:1232/3300 train_loss:3.61185 train_time:1486.798s step_avg:1206.82ms
step:1233/3300 train_loss:3.57026 train_time:1488.008s step_avg:1206.82ms
step:1234/3300 train_loss:3.64257 train_time:1489.219s step_avg:1206.82ms
step:1235/3300 train_loss:3.60540 train_time:1490.419s step_avg:1206.82ms
step:1236/3300 train_loss:3.61486 train_time:1491.620s step_avg:1206.81ms
step:1237/3300 train_loss:3.56911 train_time:1492.821s step_avg:1206.81ms
step:1238/3300 train_loss:3.56229 train_time:1494.015s step_avg:1206.80ms
step:1239/3300 train_loss:3.62260 train_time:1495.239s step_avg:1206.81ms
step:1240/3300 train_loss:3.55511 train_time:1496.443s step_avg:1206.81ms
step:1241/3300 train_loss:3.66781 train_time:1497.640s step_avg:1206.80ms
step:1242/3300 train_loss:3.69108 train_time:1498.863s step_avg:1206.81ms
step:1243/3300 train_loss:3.62381 train_time:1500.059s step_avg:1206.81ms
step:1244/3300 train_loss:3.59150 train_time:1501.260s step_avg:1206.80ms
step:1245/3300 train_loss:3.61292 train_time:1502.461s step_avg:1206.80ms
step:1246/3300 train_loss:3.55978 train_time:1503.660s step_avg:1206.79ms
step:1247/3300 train_loss:3.56467 train_time:1504.867s step_avg:1206.79ms
step:1248/3300 train_loss:3.62898 train_time:1506.056s step_avg:1206.78ms
step:1249/3300 train_loss:3.59150 train_time:1507.254s step_avg:1206.77ms
step:1250/3300 train_loss:3.53625 train_time:1508.444s step_avg:1206.75ms
step:1250/3300 val_loss:3.58005 train_time:1508.444s step_avg:1203.46ms
step:1251/3300 train_loss:3.57278 train_time:1509.643s step_avg:1206.75ms
step:1252/3300 train_loss:3.58072 train_time:1510.837s step_avg:1206.74ms
step:1253/3300 train_loss:3.61116 train_time:1512.041s step_avg:1206.74ms
step:1254/3300 train_loss:3.62599 train_time:1513.239s step_avg:1206.73ms
step:1255/3300 train_loss:3.62117 train_time:1514.436s step_avg:1206.72ms
step:1256/3300 train_loss:3.60316 train_time:1515.620s step_avg:1206.70ms
step:1257/3300 train_loss:3.56521 train_time:1516.816s step_avg:1206.70ms
step:1258/3300 train_loss:3.78538 train_time:1518.007s step_avg:1206.68ms
step:1259/3300 train_loss:3.61472 train_time:1519.206s step_avg:1206.68ms
step:1260/3300 train_loss:3.56957 train_time:1520.406s step_avg:1206.67ms
step:1261/3300 train_loss:3.60057 train_time:1521.607s step_avg:1206.67ms
step:1262/3300 train_loss:3.62751 train_time:1522.806s step_avg:1206.66ms
step:1263/3300 train_loss:3.59558 train_time:1524.024s step_avg:1206.67ms
step:1264/3300 train_loss:3.58257 train_time:1525.222s step_avg:1206.66ms
step:1265/3300 train_loss:3.61162 train_time:1526.433s step_avg:1206.67ms
step:1266/3300 train_loss:3.59412 train_time:1527.623s step_avg:1206.65ms
step:1267/3300 train_loss:3.52864 train_time:1528.825s step_avg:1206.65ms
step:1268/3300 train_loss:3.54987 train_time:1530.025s step_avg:1206.64ms
step:1269/3300 train_loss:3.57439 train_time:1531.239s step_avg:1206.65ms
step:1270/3300 train_loss:3.61932 train_time:1532.442s step_avg:1206.65ms
step:1271/3300 train_loss:3.58275 train_time:1533.650s step_avg:1206.65ms
step:1272/3300 train_loss:3.61100 train_time:1534.847s step_avg:1206.64ms
step:1273/3300 train_loss:3.62320 train_time:1536.046s step_avg:1206.64ms
step:1274/3300 train_loss:3.63206 train_time:1537.247s step_avg:1206.63ms
step:1275/3300 train_loss:3.55107 train_time:1538.442s step_avg:1206.62ms
step:1276/3300 train_loss:3.61822 train_time:1539.640s step_avg:1206.61ms
step:1277/3300 train_loss:3.56433 train_time:1540.846s step_avg:1206.61ms
step:1278/3300 train_loss:3.63589 train_time:1542.049s step_avg:1206.61ms
step:1279/3300 train_loss:3.58225 train_time:1543.250s step_avg:1206.61ms
step:1280/3300 train_loss:3.63629 train_time:1544.454s step_avg:1206.61ms
step:1281/3300 train_loss:3.60530 train_time:1545.646s step_avg:1206.59ms
step:1282/3300 train_loss:3.64241 train_time:1546.848s step_avg:1206.59ms
step:1283/3300 train_loss:3.53310 train_time:1548.056s step_avg:1206.59ms
step:1284/3300 train_loss:3.57114 train_time:1549.259s step_avg:1206.59ms
step:1285/3300 train_loss:3.59061 train_time:1550.460s step_avg:1206.58ms
step:1286/3300 train_loss:3.69178 train_time:1551.672s step_avg:1206.59ms
step:1287/3300 train_loss:3.60806 train_time:1552.866s step_avg:1206.58ms
step:1288/3300 train_loss:3.59403 train_time:1554.065s step_avg:1206.57ms
step:1289/3300 train_loss:3.56762 train_time:1555.269s step_avg:1206.57ms
step:1290/3300 train_loss:3.56984 train_time:1556.476s step_avg:1206.57ms
step:1291/3300 train_loss:3.58519 train_time:1557.677s step_avg:1206.57ms
step:1292/3300 train_loss:3.64414 train_time:1558.878s step_avg:1206.56ms
step:1293/3300 train_loss:3.62526 train_time:1560.074s step_avg:1206.55ms
step:1294/3300 train_loss:3.59035 train_time:1561.272s step_avg:1206.55ms
step:1295/3300 train_loss:3.62704 train_time:1562.467s step_avg:1206.54ms
step:1296/3300 train_loss:3.66256 train_time:1563.677s step_avg:1206.54ms
step:1297/3300 train_loss:3.54999 train_time:1564.881s step_avg:1206.54ms
step:1298/3300 train_loss:3.63911 train_time:1566.082s step_avg:1206.53ms
step:1299/3300 train_loss:3.56747 train_time:1567.283s step_avg:1206.53ms
step:1300/3300 train_loss:3.61260 train_time:1568.488s step_avg:1206.53ms
step:1301/3300 train_loss:3.62389 train_time:1569.688s step_avg:1206.52ms
step:1302/3300 train_loss:3.62499 train_time:1570.891s step_avg:1206.52ms
step:1303/3300 train_loss:3.61607 train_time:1572.102s step_avg:1206.53ms
step:1304/3300 train_loss:3.58876 train_time:1573.306s step_avg:1206.52ms
step:1305/3300 train_loss:3.53893 train_time:1574.507s step_avg:1206.52ms
step:1306/3300 train_loss:3.59225 train_time:1575.705s step_avg:1206.51ms
step:1307/3300 train_loss:3.54038 train_time:1576.902s step_avg:1206.50ms
step:1308/3300 train_loss:3.57271 train_time:1578.098s step_avg:1206.50ms
step:1309/3300 train_loss:3.66449 train_time:1579.289s step_avg:1206.49ms
step:1310/3300 train_loss:3.52445 train_time:1580.487s step_avg:1206.48ms
step:1311/3300 train_loss:3.58372 train_time:1581.694s step_avg:1206.48ms
step:1312/3300 train_loss:3.58241 train_time:1582.891s step_avg:1206.47ms
step:1313/3300 train_loss:3.56260 train_time:1584.091s step_avg:1206.47ms
step:1314/3300 train_loss:3.49435 train_time:1585.290s step_avg:1206.46ms
step:1315/3300 train_loss:3.64699 train_time:1586.491s step_avg:1206.46ms
step:1316/3300 train_loss:3.64636 train_time:1587.690s step_avg:1206.45ms
step:1317/3300 train_loss:3.58410 train_time:1588.890s step_avg:1206.45ms
step:1318/3300 train_loss:3.56588 train_time:1590.086s step_avg:1206.44ms
step:1319/3300 train_loss:3.66659 train_time:1591.284s step_avg:1206.43ms
step:1320/3300 train_loss:3.61722 train_time:1592.487s step_avg:1206.43ms
step:1321/3300 train_loss:3.71999 train_time:1593.683s step_avg:1206.42ms
step:1322/3300 train_loss:3.56752 train_time:1594.875s step_avg:1206.41ms
step:1323/3300 train_loss:3.63190 train_time:1596.073s step_avg:1206.40ms
step:1324/3300 train_loss:3.64214 train_time:1597.275s step_avg:1206.40ms
step:1325/3300 train_loss:3.55933 train_time:1598.471s step_avg:1206.39ms
step:1326/3300 train_loss:3.55692 train_time:1599.668s step_avg:1206.39ms
step:1327/3300 train_loss:3.60180 train_time:1600.867s step_avg:1206.38ms
step:1328/3300 train_loss:3.49833 train_time:1602.066s step_avg:1206.37ms
step:1329/3300 train_loss:3.60504 train_time:1603.264s step_avg:1206.37ms
step:1330/3300 train_loss:3.62783 train_time:1604.470s step_avg:1206.37ms
step:1331/3300 train_loss:3.61337 train_time:1605.710s step_avg:1206.39ms
step:1332/3300 train_loss:3.67994 train_time:1606.928s step_avg:1206.40ms
step:1333/3300 train_loss:3.60789 train_time:1608.131s step_avg:1206.40ms
step:1334/3300 train_loss:3.60849 train_time:1609.332s step_avg:1206.40ms
step:1335/3300 train_loss:3.65498 train_time:1610.534s step_avg:1206.39ms
step:1336/3300 train_loss:3.60138 train_time:1611.733s step_avg:1206.39ms
step:1337/3300 train_loss:3.60412 train_time:1612.931s step_avg:1206.38ms
step:1338/3300 train_loss:3.58991 train_time:1614.128s step_avg:1206.37ms
step:1339/3300 train_loss:3.58318 train_time:1615.330s step_avg:1206.37ms
step:1340/3300 train_loss:3.60406 train_time:1616.544s step_avg:1206.38ms
step:1341/3300 train_loss:3.61024 train_time:1617.744s step_avg:1206.37ms
step:1342/3300 train_loss:3.67597 train_time:1618.938s step_avg:1206.36ms
step:1343/3300 train_loss:3.61866 train_time:1620.131s step_avg:1206.35ms
step:1344/3300 train_loss:3.57039 train_time:1621.335s step_avg:1206.35ms
step:1345/3300 train_loss:3.49865 train_time:1622.530s step_avg:1206.34ms
step:1346/3300 train_loss:3.57501 train_time:1623.730s step_avg:1206.34ms
step:1347/3300 train_loss:3.60115 train_time:1624.927s step_avg:1206.33ms
step:1348/3300 train_loss:3.58883 train_time:1626.124s step_avg:1206.32ms
step:1349/3300 train_loss:3.57421 train_time:1627.322s step_avg:1206.32ms
step:1350/3300 train_loss:3.59948 train_time:1628.512s step_avg:1206.31ms
step:1351/3300 train_loss:3.62660 train_time:1629.711s step_avg:1206.30ms
step:1352/3300 train_loss:3.54914 train_time:1630.905s step_avg:1206.29ms
step:1353/3300 train_loss:3.59588 train_time:1632.109s step_avg:1206.29ms
step:1354/3300 train_loss:3.57784 train_time:1633.314s step_avg:1206.29ms
step:1355/3300 train_loss:3.51872 train_time:1634.515s step_avg:1206.28ms
step:1356/3300 train_loss:3.61928 train_time:1635.717s step_avg:1206.28ms
step:1357/3300 train_loss:3.76847 train_time:1636.922s step_avg:1206.28ms
step:1358/3300 train_loss:3.59765 train_time:1638.114s step_avg:1206.27ms
step:1359/3300 train_loss:3.52549 train_time:1639.316s step_avg:1206.27ms
step:1360/3300 train_loss:3.55747 train_time:1640.512s step_avg:1206.26ms
step:1361/3300 train_loss:3.53265 train_time:1641.722s step_avg:1206.26ms
step:1362/3300 train_loss:3.57668 train_time:1642.936s step_avg:1206.27ms
step:1363/3300 train_loss:3.52405 train_time:1644.137s step_avg:1206.26ms
step:1364/3300 train_loss:3.53426 train_time:1645.333s step_avg:1206.26ms
step:1365/3300 train_loss:3.57433 train_time:1646.539s step_avg:1206.26ms
step:1366/3300 train_loss:3.59879 train_time:1647.745s step_avg:1206.26ms
step:1367/3300 train_loss:3.57891 train_time:1648.944s step_avg:1206.25ms
step:1368/3300 train_loss:3.64364 train_time:1650.149s step_avg:1206.25ms
step:1369/3300 train_loss:3.58344 train_time:1651.357s step_avg:1206.25ms
step:1370/3300 train_loss:3.65969 train_time:1652.560s step_avg:1206.25ms
step:1371/3300 train_loss:3.57470 train_time:1653.765s step_avg:1206.25ms
step:1372/3300 train_loss:3.61347 train_time:1654.980s step_avg:1206.25ms
step:1373/3300 train_loss:3.59292 train_time:1656.189s step_avg:1206.26ms
step:1374/3300 train_loss:3.55269 train_time:1657.397s step_avg:1206.26ms
step:1375/3300 train_loss:3.57659 train_time:1658.605s step_avg:1206.26ms
step:1375/3300 val_loss:3.55289 train_time:1658.605s step_avg:1201.29ms
step:1376/3300 train_loss:3.61516 train_time:1659.810s step_avg:1206.26ms
step:1377/3300 train_loss:3.57119 train_time:1661.010s step_avg:1206.25ms
step:1378/3300 train_loss:3.60167 train_time:1662.206s step_avg:1206.25ms
step:1379/3300 train_loss:3.51927 train_time:1663.411s step_avg:1206.24ms
step:1380/3300 train_loss:3.51062 train_time:1664.618s step_avg:1206.24ms
step:1381/3300 train_loss:3.62891 train_time:1665.823s step_avg:1206.24ms
step:1382/3300 train_loss:3.58048 train_time:1667.024s step_avg:1206.24ms
step:1383/3300 train_loss:3.57883 train_time:1668.229s step_avg:1206.24ms
step:1384/3300 train_loss:3.55592 train_time:1669.429s step_avg:1206.23ms
step:1385/3300 train_loss:3.53512 train_time:1670.631s step_avg:1206.23ms
step:1386/3300 train_loss:3.59626 train_time:1671.834s step_avg:1206.23ms
step:1387/3300 train_loss:3.58829 train_time:1673.028s step_avg:1206.22ms
step:1388/3300 train_loss:3.57161 train_time:1674.234s step_avg:1206.22ms
step:1389/3300 train_loss:3.60265 train_time:1675.431s step_avg:1206.21ms
step:1390/3300 train_loss:3.58066 train_time:1676.626s step_avg:1206.21ms
step:1391/3300 train_loss:3.62556 train_time:1677.822s step_avg:1206.20ms
step:1392/3300 train_loss:3.57221 train_time:1679.084s step_avg:1206.24ms
step:1393/3300 train_loss:3.57705 train_time:1680.282s step_avg:1206.23ms
step:1394/3300 train_loss:3.62270 train_time:1681.485s step_avg:1206.23ms
step:1395/3300 train_loss:3.57890 train_time:1682.687s step_avg:1206.23ms
step:1396/3300 train_loss:3.57826 train_time:1683.888s step_avg:1206.22ms
step:1397/3300 train_loss:3.54809 train_time:1685.104s step_avg:1206.23ms
step:1398/3300 train_loss:3.55417 train_time:1686.313s step_avg:1206.23ms
step:1399/3300 train_loss:3.53374 train_time:1687.515s step_avg:1206.23ms
step:1400/3300 train_loss:3.57805 train_time:1688.713s step_avg:1206.22ms
step:1401/3300 train_loss:3.53159 train_time:1689.921s step_avg:1206.22ms
step:1402/3300 train_loss:3.57100 train_time:1691.122s step_avg:1206.22ms
step:1403/3300 train_loss:3.60525 train_time:1692.322s step_avg:1206.22ms
step:1404/3300 train_loss:3.55288 train_time:1693.527s step_avg:1206.22ms
step:1405/3300 train_loss:3.51886 train_time:1694.725s step_avg:1206.21ms
step:1406/3300 train_loss:3.56565 train_time:1695.925s step_avg:1206.21ms
step:1407/3300 train_loss:3.58319 train_time:1697.130s step_avg:1206.20ms
step:1408/3300 train_loss:3.63495 train_time:1698.333s step_avg:1206.20ms
step:1409/3300 train_loss:3.56634 train_time:1699.541s step_avg:1206.20ms
step:1410/3300 train_loss:3.57766 train_time:1700.736s step_avg:1206.20ms
step:1411/3300 train_loss:3.57575 train_time:1701.934s step_avg:1206.19ms
step:1412/3300 train_loss:3.60022 train_time:1703.128s step_avg:1206.18ms
step:1413/3300 train_loss:3.57328 train_time:1704.339s step_avg:1206.18ms
step:1414/3300 train_loss:3.50861 train_time:1705.544s step_avg:1206.18ms
step:1415/3300 train_loss:3.57259 train_time:1706.752s step_avg:1206.19ms
step:1416/3300 train_loss:3.54978 train_time:1707.951s step_avg:1206.18ms
step:1417/3300 train_loss:3.56926 train_time:1709.151s step_avg:1206.18ms
step:1418/3300 train_loss:3.58030 train_time:1710.351s step_avg:1206.17ms
step:1419/3300 train_loss:3.67510 train_time:1711.550s step_avg:1206.17ms
step:1420/3300 train_loss:3.57380 train_time:1712.750s step_avg:1206.16ms
step:1421/3300 train_loss:3.53281 train_time:1713.949s step_avg:1206.16ms
step:1422/3300 train_loss:3.55535 train_time:1715.173s step_avg:1206.17ms
step:1423/3300 train_loss:3.53092 train_time:1716.382s step_avg:1206.17ms
step:1424/3300 train_loss:3.55331 train_time:1717.576s step_avg:1206.16ms
step:1425/3300 train_loss:3.53571 train_time:1718.775s step_avg:1206.16ms
step:1426/3300 train_loss:3.57524 train_time:1719.975s step_avg:1206.15ms
step:1427/3300 train_loss:3.56211 train_time:1721.178s step_avg:1206.15ms
step:1428/3300 train_loss:3.56675 train_time:1722.376s step_avg:1206.15ms
step:1429/3300 train_loss:3.58242 train_time:1723.583s step_avg:1206.15ms
step:1430/3300 train_loss:3.51549 train_time:1724.811s step_avg:1206.16ms
step:1431/3300 train_loss:3.52021 train_time:1726.023s step_avg:1206.17ms
step:1432/3300 train_loss:3.59127 train_time:1727.246s step_avg:1206.18ms
step:1433/3300 train_loss:3.50927 train_time:1728.453s step_avg:1206.18ms
step:1434/3300 train_loss:3.52072 train_time:1729.656s step_avg:1206.18ms
step:1435/3300 train_loss:3.51862 train_time:1730.854s step_avg:1206.17ms
step:1436/3300 train_loss:3.50375 train_time:1732.055s step_avg:1206.17ms
step:1437/3300 train_loss:3.64024 train_time:1733.256s step_avg:1206.16ms
step:1438/3300 train_loss:3.58935 train_time:1734.453s step_avg:1206.16ms
step:1439/3300 train_loss:3.53923 train_time:1735.657s step_avg:1206.15ms
step:1440/3300 train_loss:3.48258 train_time:1736.855s step_avg:1206.15ms
step:1441/3300 train_loss:3.52702 train_time:1738.053s step_avg:1206.14ms
step:1442/3300 train_loss:3.53762 train_time:1739.258s step_avg:1206.14ms
step:1443/3300 train_loss:3.56970 train_time:1740.451s step_avg:1206.13ms
step:1444/3300 train_loss:3.54910 train_time:1741.649s step_avg:1206.13ms
step:1445/3300 train_loss:3.54540 train_time:1742.849s step_avg:1206.12ms
step:1446/3300 train_loss:3.58818 train_time:1744.064s step_avg:1206.13ms
step:1447/3300 train_loss:3.51853 train_time:1745.268s step_avg:1206.13ms
step:1448/3300 train_loss:3.53392 train_time:1746.469s step_avg:1206.12ms
step:1449/3300 train_loss:3.55014 train_time:1747.669s step_avg:1206.12ms
step:1450/3300 train_loss:3.55656 train_time:1748.868s step_avg:1206.12ms
step:1451/3300 train_loss:3.49733 train_time:1750.065s step_avg:1206.11ms
step:1452/3300 train_loss:3.53912 train_time:1751.267s step_avg:1206.11ms
step:1453/3300 train_loss:3.48963 train_time:1752.468s step_avg:1206.10ms
step:1454/3300 train_loss:3.59973 train_time:1753.674s step_avg:1206.10ms
step:1455/3300 train_loss:3.57959 train_time:1754.884s step_avg:1206.11ms
step:1456/3300 train_loss:3.52452 train_time:1756.082s step_avg:1206.10ms
step:1457/3300 train_loss:3.55766 train_time:1757.274s step_avg:1206.09ms
step:1458/3300 train_loss:3.58196 train_time:1758.479s step_avg:1206.09ms
step:1459/3300 train_loss:3.57912 train_time:1759.676s step_avg:1206.08ms
step:1460/3300 train_loss:3.50460 train_time:1760.897s step_avg:1206.09ms
step:1461/3300 train_loss:3.54483 train_time:1762.094s step_avg:1206.09ms
step:1462/3300 train_loss:3.48082 train_time:1763.298s step_avg:1206.09ms
step:1463/3300 train_loss:3.62517 train_time:1764.498s step_avg:1206.08ms
step:1464/3300 train_loss:3.54045 train_time:1765.716s step_avg:1206.09ms
step:1465/3300 train_loss:3.54186 train_time:1766.915s step_avg:1206.09ms
step:1466/3300 train_loss:3.54871 train_time:1768.114s step_avg:1206.08ms
step:1467/3300 train_loss:3.51891 train_time:1769.317s step_avg:1206.08ms
step:1468/3300 train_loss:3.53371 train_time:1770.519s step_avg:1206.08ms
step:1469/3300 train_loss:3.54240 train_time:1771.720s step_avg:1206.07ms
step:1470/3300 train_loss:3.45789 train_time:1772.916s step_avg:1206.07ms
step:1471/3300 train_loss:3.50749 train_time:1774.133s step_avg:1206.07ms
step:1472/3300 train_loss:3.59344 train_time:1775.350s step_avg:1206.08ms
step:1473/3300 train_loss:3.57544 train_time:1776.558s step_avg:1206.08ms
step:1474/3300 train_loss:3.52783 train_time:1777.757s step_avg:1206.08ms
step:1475/3300 train_loss:3.50424 train_time:1778.964s step_avg:1206.08ms
step:1476/3300 train_loss:3.53865 train_time:1780.167s step_avg:1206.08ms
step:1477/3300 train_loss:3.48740 train_time:1781.368s step_avg:1206.07ms
step:1478/3300 train_loss:3.53897 train_time:1782.570s step_avg:1206.07ms
step:1479/3300 train_loss:3.57788 train_time:1783.771s step_avg:1206.07ms
step:1480/3300 train_loss:3.57247 train_time:1784.981s step_avg:1206.07ms
step:1481/3300 train_loss:3.60103 train_time:1786.178s step_avg:1206.06ms
step:1482/3300 train_loss:3.53359 train_time:1787.382s step_avg:1206.06ms
step:1483/3300 train_loss:3.52628 train_time:1788.587s step_avg:1206.06ms
step:1484/3300 train_loss:3.52375 train_time:1789.811s step_avg:1206.07ms
step:1485/3300 train_loss:3.50975 train_time:1791.016s step_avg:1206.07ms
step:1486/3300 train_loss:3.55360 train_time:1792.217s step_avg:1206.07ms
step:1487/3300 train_loss:3.59521 train_time:1793.427s step_avg:1206.07ms
step:1488/3300 train_loss:3.53236 train_time:1794.628s step_avg:1206.07ms
step:1489/3300 train_loss:3.52137 train_time:1795.826s step_avg:1206.06ms
step:1490/3300 train_loss:3.54652 train_time:1797.028s step_avg:1206.06ms
step:1491/3300 train_loss:3.52391 train_time:1798.229s step_avg:1206.06ms
step:1492/3300 train_loss:3.46424 train_time:1799.433s step_avg:1206.05ms
step:1493/3300 train_loss:3.58666 train_time:1800.638s step_avg:1206.05ms
step:1494/3300 train_loss:3.49309 train_time:1801.835s step_avg:1206.05ms
step:1495/3300 train_loss:3.47529 train_time:1803.033s step_avg:1206.04ms
step:1496/3300 train_loss:3.50467 train_time:1804.236s step_avg:1206.04ms
step:1497/3300 train_loss:3.55023 train_time:1805.438s step_avg:1206.04ms
step:1498/3300 train_loss:3.48421 train_time:1806.637s step_avg:1206.03ms
step:1499/3300 train_loss:3.51456 train_time:1807.835s step_avg:1206.03ms
step:1500/3300 train_loss:3.56310 train_time:1809.069s step_avg:1206.05ms
step:1500/3300 val_loss:3.52589 train_time:1809.069s step_avg:1203.71ms
step:1501/3300 train_loss:3.43090 train_time:1810.268s step_avg:1206.04ms
step:1502/3300 train_loss:3.48241 train_time:1811.471s step_avg:1206.04ms
step:1503/3300 train_loss:3.46756 train_time:1812.673s step_avg:1206.04ms
step:1504/3300 train_loss:3.50724 train_time:1813.872s step_avg:1206.03ms
step:1505/3300 train_loss:3.49723 train_time:1815.073s step_avg:1206.03ms
step:1506/3300 train_loss:3.52396 train_time:1816.274s step_avg:1206.03ms
step:1507/3300 train_loss:3.46546 train_time:1817.473s step_avg:1206.02ms
step:1508/3300 train_loss:3.53054 train_time:1818.672s step_avg:1206.02ms
step:1509/3300 train_loss:3.53501 train_time:1819.870s step_avg:1206.01ms
step:1510/3300 train_loss:3.50434 train_time:1821.073s step_avg:1206.01ms
step:1511/3300 train_loss:3.56596 train_time:1822.278s step_avg:1206.01ms
step:1512/3300 train_loss:3.52120 train_time:1823.474s step_avg:1206.00ms
step:1513/3300 train_loss:3.51788 train_time:1824.674s step_avg:1206.00ms
step:1514/3300 train_loss:3.59429 train_time:1825.876s step_avg:1205.99ms
step:1515/3300 train_loss:3.53344 train_time:1827.076s step_avg:1205.99ms
step:1516/3300 train_loss:3.58994 train_time:1828.313s step_avg:1206.01ms
step:1517/3300 train_loss:3.49831 train_time:1829.517s step_avg:1206.01ms
step:1518/3300 train_loss:3.53385 train_time:1830.729s step_avg:1206.01ms
step:1519/3300 train_loss:3.57759 train_time:1831.932s step_avg:1206.01ms
step:1520/3300 train_loss:3.45826 train_time:1833.133s step_avg:1206.01ms
step:1521/3300 train_loss:3.51620 train_time:1834.365s step_avg:1206.03ms
step:1522/3300 train_loss:3.51110 train_time:1835.549s step_avg:1206.01ms
step:1523/3300 train_loss:3.54661 train_time:1836.746s step_avg:1206.01ms
step:1524/3300 train_loss:3.56092 train_time:1837.957s step_avg:1206.01ms
step:1525/3300 train_loss:3.56614 train_time:1839.155s step_avg:1206.00ms
step:1526/3300 train_loss:3.55404 train_time:1840.354s step_avg:1206.00ms
step:1527/3300 train_loss:3.48594 train_time:1841.554s step_avg:1205.99ms
step:1528/3300 train_loss:3.59316 train_time:1842.755s step_avg:1205.99ms
step:1529/3300 train_loss:3.52121 train_time:1843.959s step_avg:1205.99ms
step:1530/3300 train_loss:3.52009 train_time:1845.158s step_avg:1205.99ms
step:1531/3300 train_loss:3.53056 train_time:1846.358s step_avg:1205.98ms
step:1532/3300 train_loss:3.57125 train_time:1847.566s step_avg:1205.98ms
step:1533/3300 train_loss:3.55948 train_time:1848.798s step_avg:1206.00ms
step:1534/3300 train_loss:3.52618 train_time:1850.000s step_avg:1206.00ms
step:1535/3300 train_loss:3.53334 train_time:1851.204s step_avg:1206.00ms
step:1536/3300 train_loss:3.49631 train_time:1852.407s step_avg:1205.99ms
step:1537/3300 train_loss:3.57883 train_time:1853.609s step_avg:1205.99ms
step:1538/3300 train_loss:3.53653 train_time:1854.814s step_avg:1205.99ms
step:1539/3300 train_loss:3.63294 train_time:1856.030s step_avg:1206.00ms
step:1540/3300 train_loss:3.48831 train_time:1857.232s step_avg:1205.99ms
step:1541/3300 train_loss:3.49172 train_time:1858.466s step_avg:1206.01ms
step:1542/3300 train_loss:3.51129 train_time:1859.663s step_avg:1206.01ms
step:1543/3300 train_loss:3.53193 train_time:1860.882s step_avg:1206.02ms
step:1544/3300 train_loss:3.49636 train_time:1862.089s step_avg:1206.02ms
step:1545/3300 train_loss:3.55086 train_time:1863.304s step_avg:1206.02ms
step:1546/3300 train_loss:3.53342 train_time:1864.503s step_avg:1206.02ms
step:1547/3300 train_loss:3.53430 train_time:1865.706s step_avg:1206.02ms
step:1548/3300 train_loss:3.55471 train_time:1866.912s step_avg:1206.02ms
step:1549/3300 train_loss:3.54540 train_time:1868.118s step_avg:1206.02ms
step:1550/3300 train_loss:3.54771 train_time:1869.324s step_avg:1206.02ms
step:1551/3300 train_loss:3.49450 train_time:1870.519s step_avg:1206.01ms
step:1552/3300 train_loss:3.54339 train_time:1871.734s step_avg:1206.01ms
step:1553/3300 train_loss:3.53901 train_time:1872.941s step_avg:1206.01ms
step:1554/3300 train_loss:3.52689 train_time:1874.141s step_avg:1206.01ms
step:1555/3300 train_loss:3.53191 train_time:1875.340s step_avg:1206.01ms
step:1556/3300 train_loss:3.56108 train_time:1876.537s step_avg:1206.00ms
step:1557/3300 train_loss:3.52219 train_time:1877.749s step_avg:1206.00ms
step:1558/3300 train_loss:3.40387 train_time:1878.955s step_avg:1206.00ms
step:1559/3300 train_loss:3.52230 train_time:1880.150s step_avg:1206.00ms
step:1560/3300 train_loss:3.51651 train_time:1881.354s step_avg:1206.00ms
step:1561/3300 train_loss:3.61485 train_time:1882.558s step_avg:1205.99ms
step:1562/3300 train_loss:3.55399 train_time:1883.754s step_avg:1205.99ms
step:1563/3300 train_loss:3.53821 train_time:1884.951s step_avg:1205.98ms
step:1564/3300 train_loss:3.45278 train_time:1886.150s step_avg:1205.98ms
step:1565/3300 train_loss:3.51117 train_time:1887.346s step_avg:1205.97ms
step:1566/3300 train_loss:3.51378 train_time:1888.542s step_avg:1205.97ms
step:1567/3300 train_loss:3.49250 train_time:1889.739s step_avg:1205.96ms
step:1568/3300 train_loss:3.52194 train_time:1890.942s step_avg:1205.96ms
step:1569/3300 train_loss:3.55677 train_time:1892.142s step_avg:1205.95ms
step:1570/3300 train_loss:3.49009 train_time:1893.339s step_avg:1205.95ms
step:1571/3300 train_loss:3.47200 train_time:1894.538s step_avg:1205.94ms
step:1572/3300 train_loss:3.49704 train_time:1895.752s step_avg:1205.95ms
step:1573/3300 train_loss:3.52495 train_time:1896.966s step_avg:1205.95ms
step:1574/3300 train_loss:3.50621 train_time:1898.190s step_avg:1205.97ms
step:1575/3300 train_loss:3.55288 train_time:1899.400s step_avg:1205.97ms
step:1576/3300 train_loss:3.57807 train_time:1900.603s step_avg:1205.97ms
step:1577/3300 train_loss:3.55332 train_time:1901.839s step_avg:1205.99ms
step:1578/3300 train_loss:3.54767 train_time:1903.053s step_avg:1205.99ms
step:1579/3300 train_loss:3.47630 train_time:1904.257s step_avg:1205.99ms
step:1580/3300 train_loss:3.42795 train_time:1905.462s step_avg:1205.99ms
step:1581/3300 train_loss:3.58912 train_time:1906.663s step_avg:1205.99ms
step:1582/3300 train_loss:3.48111 train_time:1907.871s step_avg:1205.99ms
step:1583/3300 train_loss:3.52505 train_time:1909.060s step_avg:1205.98ms
step:1584/3300 train_loss:3.50131 train_time:1910.256s step_avg:1205.97ms
step:1585/3300 train_loss:3.51953 train_time:1911.460s step_avg:1205.97ms
step:1586/3300 train_loss:3.46646 train_time:1912.666s step_avg:1205.97ms
step:1587/3300 train_loss:3.48889 train_time:1913.860s step_avg:1205.96ms
step:1588/3300 train_loss:3.49503 train_time:1915.062s step_avg:1205.96ms
step:1589/3300 train_loss:3.50999 train_time:1916.265s step_avg:1205.96ms
step:1590/3300 train_loss:3.50739 train_time:1917.490s step_avg:1205.97ms
step:1591/3300 train_loss:3.49670 train_time:1918.707s step_avg:1205.98ms
step:1592/3300 train_loss:3.47298 train_time:1919.904s step_avg:1205.97ms
step:1593/3300 train_loss:3.50357 train_time:1921.104s step_avg:1205.97ms
step:1594/3300 train_loss:3.52915 train_time:1922.304s step_avg:1205.96ms
step:1595/3300 train_loss:3.51536 train_time:1923.503s step_avg:1205.96ms
step:1596/3300 train_loss:3.44916 train_time:1924.707s step_avg:1205.96ms
step:1597/3300 train_loss:3.47258 train_time:1925.924s step_avg:1205.96ms
step:1598/3300 train_loss:3.63838 train_time:1927.151s step_avg:1205.98ms
step:1599/3300 train_loss:3.50037 train_time:1928.353s step_avg:1205.97ms
step:1600/3300 train_loss:3.48954 train_time:1929.561s step_avg:1205.98ms
step:1601/3300 train_loss:3.55260 train_time:1930.781s step_avg:1205.98ms
step:1602/3300 train_loss:3.55111 train_time:1931.990s step_avg:1205.99ms
step:1603/3300 train_loss:3.50474 train_time:1933.184s step_avg:1205.98ms
step:1604/3300 train_loss:3.46839 train_time:1934.380s step_avg:1205.97ms
step:1605/3300 train_loss:3.53415 train_time:1935.582s step_avg:1205.97ms
step:1606/3300 train_loss:3.57229 train_time:1936.783s step_avg:1205.97ms
step:1607/3300 train_loss:3.46045 train_time:1937.985s step_avg:1205.96ms
step:1608/3300 train_loss:3.45773 train_time:1939.182s step_avg:1205.96ms
step:1609/3300 train_loss:3.51962 train_time:1940.380s step_avg:1205.95ms
step:1610/3300 train_loss:3.54983 train_time:1941.586s step_avg:1205.95ms
step:1611/3300 train_loss:3.55670 train_time:1942.793s step_avg:1205.95ms
step:1612/3300 train_loss:3.51393 train_time:1943.982s step_avg:1205.94ms
step:1613/3300 train_loss:3.50200 train_time:1945.182s step_avg:1205.94ms
step:1614/3300 train_loss:3.63529 train_time:1946.388s step_avg:1205.94ms
step:1615/3300 train_loss:3.56554 train_time:1947.585s step_avg:1205.94ms
step:1616/3300 train_loss:3.52962 train_time:1948.807s step_avg:1205.95ms
step:1617/3300 train_loss:3.47049 train_time:1950.004s step_avg:1205.94ms
step:1618/3300 train_loss:3.53325 train_time:1951.203s step_avg:1205.94ms
step:1619/3300 train_loss:3.44009 train_time:1952.407s step_avg:1205.93ms
step:1620/3300 train_loss:3.58204 train_time:1953.607s step_avg:1205.93ms
step:1621/3300 train_loss:3.49356 train_time:1954.808s step_avg:1205.93ms
step:1622/3300 train_loss:3.48791 train_time:1956.005s step_avg:1205.92ms
step:1623/3300 train_loss:3.45242 train_time:1957.206s step_avg:1205.92ms
step:1624/3300 train_loss:3.51358 train_time:1958.406s step_avg:1205.92ms
step:1625/3300 train_loss:3.51660 train_time:1959.599s step_avg:1205.91ms
step:1625/3300 val_loss:3.50425 train_time:1959.599s step_avg:1204.24ms
step:1626/3300 train_loss:3.51246 train_time:1960.796s step_avg:1205.90ms
step:1627/3300 train_loss:3.51529 train_time:1961.989s step_avg:1205.89ms
step:1628/3300 train_loss:3.45446 train_time:1963.193s step_avg:1205.89ms
step:1629/3300 train_loss:3.53965 train_time:1964.389s step_avg:1205.89ms
step:1630/3300 train_loss:3.52271 train_time:1965.588s step_avg:1205.88ms
step:1631/3300 train_loss:3.44673 train_time:1966.783s step_avg:1205.88ms
step:1632/3300 train_loss:3.50774 train_time:1967.976s step_avg:1205.87ms
step:1633/3300 train_loss:3.56184 train_time:1969.171s step_avg:1205.86ms
step:1634/3300 train_loss:3.54630 train_time:1970.365s step_avg:1205.85ms
step:1635/3300 train_loss:3.50772 train_time:1971.549s step_avg:1205.84ms
step:1636/3300 train_loss:3.51342 train_time:1972.744s step_avg:1205.83ms
step:1637/3300 train_loss:3.58525 train_time:1973.942s step_avg:1205.83ms
step:1638/3300 train_loss:3.48334 train_time:1975.147s step_avg:1205.83ms
step:1639/3300 train_loss:3.52021 train_time:1976.351s step_avg:1205.83ms
step:1640/3300 train_loss:3.49486 train_time:1977.567s step_avg:1205.83ms
step:1641/3300 train_loss:3.49376 train_time:1978.761s step_avg:1205.83ms
step:1642/3300 train_loss:3.54041 train_time:1979.966s step_avg:1205.83ms
step:1643/3300 train_loss:3.49974 train_time:1981.193s step_avg:1205.84ms
step:1644/3300 train_loss:3.48544 train_time:1982.394s step_avg:1205.84ms
step:1645/3300 train_loss:3.48516 train_time:1983.606s step_avg:1205.84ms
step:1646/3300 train_loss:3.47017 train_time:1984.832s step_avg:1205.85ms
step:1647/3300 train_loss:3.53818 train_time:1986.054s step_avg:1205.86ms
step:1648/3300 train_loss:3.54011 train_time:1987.259s step_avg:1205.86ms
step:1649/3300 train_loss:3.53770 train_time:1988.470s step_avg:1205.86ms
step:1650/3300 train_loss:3.50753 train_time:1989.672s step_avg:1205.86ms
step:1651/3300 train_loss:3.50625 train_time:1990.870s step_avg:1205.86ms
step:1652/3300 train_loss:3.47550 train_time:1992.080s step_avg:1205.86ms
step:1653/3300 train_loss:3.50230 train_time:1993.286s step_avg:1205.86ms
step:1654/3300 train_loss:3.51000 train_time:1994.494s step_avg:1205.86ms
step:1655/3300 train_loss:3.49891 train_time:1995.712s step_avg:1205.87ms
step:1656/3300 train_loss:3.56017 train_time:1996.925s step_avg:1205.87ms
step:1657/3300 train_loss:3.49356 train_time:1998.135s step_avg:1205.87ms
step:1658/3300 train_loss:3.49231 train_time:1999.333s step_avg:1205.87ms
step:1659/3300 train_loss:3.51704 train_time:2000.534s step_avg:1205.87ms
step:1660/3300 train_loss:3.58197 train_time:2001.736s step_avg:1205.87ms
step:1661/3300 train_loss:3.48733 train_time:2002.939s step_avg:1205.86ms
step:1662/3300 train_loss:3.51838 train_time:2004.150s step_avg:1205.87ms
step:1663/3300 train_loss:3.54481 train_time:2005.358s step_avg:1205.87ms
step:1664/3300 train_loss:3.48111 train_time:2006.564s step_avg:1205.87ms
step:1665/3300 train_loss:3.50397 train_time:2007.757s step_avg:1205.86ms
step:1666/3300 train_loss:3.52195 train_time:2008.966s step_avg:1205.86ms
step:1667/3300 train_loss:3.54070 train_time:2010.167s step_avg:1205.86ms
step:1668/3300 train_loss:3.47608 train_time:2011.365s step_avg:1205.85ms
step:1669/3300 train_loss:3.54941 train_time:2012.560s step_avg:1205.85ms
step:1670/3300 train_loss:3.43415 train_time:2013.770s step_avg:1205.85ms
step:1671/3300 train_loss:3.80251 train_time:2014.966s step_avg:1205.84ms
step:1672/3300 train_loss:3.51408 train_time:2016.159s step_avg:1205.84ms
step:1673/3300 train_loss:3.48622 train_time:2017.361s step_avg:1205.83ms
step:1674/3300 train_loss:3.53478 train_time:2018.561s step_avg:1205.83ms
step:1675/3300 train_loss:3.48840 train_time:2019.774s step_avg:1205.84ms
step:1676/3300 train_loss:3.49370 train_time:2020.978s step_avg:1205.83ms
step:1677/3300 train_loss:3.58474 train_time:2022.191s step_avg:1205.84ms
step:1678/3300 train_loss:3.49511 train_time:2023.410s step_avg:1205.85ms
step:1679/3300 train_loss:3.44954 train_time:2024.626s step_avg:1205.85ms
step:1680/3300 train_loss:3.48158 train_time:2025.828s step_avg:1205.85ms
step:1681/3300 train_loss:3.47561 train_time:2027.030s step_avg:1205.85ms
step:1682/3300 train_loss:3.51113 train_time:2028.235s step_avg:1205.85ms
step:1683/3300 train_loss:3.47366 train_time:2029.437s step_avg:1205.85ms
step:1684/3300 train_loss:3.50651 train_time:2030.639s step_avg:1205.84ms
step:1685/3300 train_loss:3.50544 train_time:2031.843s step_avg:1205.84ms
step:1686/3300 train_loss:3.47508 train_time:2033.056s step_avg:1205.85ms
step:1687/3300 train_loss:3.49972 train_time:2034.270s step_avg:1205.85ms
step:1688/3300 train_loss:3.49677 train_time:2035.472s step_avg:1205.85ms
step:1689/3300 train_loss:3.46185 train_time:2036.668s step_avg:1205.84ms
step:1690/3300 train_loss:3.45585 train_time:2037.861s step_avg:1205.84ms
step:1691/3300 train_loss:3.44520 train_time:2039.063s step_avg:1205.83ms
step:1692/3300 train_loss:3.53064 train_time:2040.261s step_avg:1205.83ms
step:1693/3300 train_loss:3.45741 train_time:2041.466s step_avg:1205.83ms
step:1694/3300 train_loss:3.51229 train_time:2042.659s step_avg:1205.82ms
step:1695/3300 train_loss:3.53986 train_time:2043.859s step_avg:1205.82ms
step:1696/3300 train_loss:3.49895 train_time:2045.076s step_avg:1205.82ms
step:1697/3300 train_loss:3.50224 train_time:2046.290s step_avg:1205.83ms
step:1698/3300 train_loss:3.43942 train_time:2047.485s step_avg:1205.82ms
step:1699/3300 train_loss:3.50956 train_time:2048.683s step_avg:1205.82ms
step:1700/3300 train_loss:3.54828 train_time:2049.887s step_avg:1205.82ms
step:1701/3300 train_loss:3.52606 train_time:2051.081s step_avg:1205.81ms
step:1702/3300 train_loss:3.52950 train_time:2052.283s step_avg:1205.81ms
step:1703/3300 train_loss:3.47690 train_time:2053.482s step_avg:1205.80ms
step:1704/3300 train_loss:3.50967 train_time:2054.690s step_avg:1205.80ms
step:1705/3300 train_loss:3.49132 train_time:2055.888s step_avg:1205.80ms
step:1706/3300 train_loss:3.46960 train_time:2057.082s step_avg:1205.79ms
step:1707/3300 train_loss:3.48771 train_time:2058.311s step_avg:1205.81ms
step:1708/3300 train_loss:3.47010 train_time:2059.516s step_avg:1205.81ms
step:1709/3300 train_loss:3.73333 train_time:2060.717s step_avg:1205.80ms
step:1710/3300 train_loss:3.57198 train_time:2061.918s step_avg:1205.80ms
step:1711/3300 train_loss:3.46958 train_time:2063.167s step_avg:1205.83ms
step:1712/3300 train_loss:3.48338 train_time:2064.360s step_avg:1205.82ms
step:1713/3300 train_loss:3.53956 train_time:2065.565s step_avg:1205.82ms
step:1714/3300 train_loss:3.44838 train_time:2066.765s step_avg:1205.81ms
step:1715/3300 train_loss:3.52847 train_time:2067.981s step_avg:1205.82ms
step:1716/3300 train_loss:3.46595 train_time:2069.190s step_avg:1205.82ms
step:1717/3300 train_loss:3.48822 train_time:2070.389s step_avg:1205.82ms
step:1718/3300 train_loss:3.52749 train_time:2071.585s step_avg:1205.81ms
step:1719/3300 train_loss:3.52904 train_time:2072.784s step_avg:1205.81ms
step:1720/3300 train_loss:3.48231 train_time:2073.994s step_avg:1205.81ms
step:1721/3300 train_loss:3.51459 train_time:2075.199s step_avg:1205.81ms
step:1722/3300 train_loss:3.51796 train_time:2076.406s step_avg:1205.81ms
step:1723/3300 train_loss:3.51174 train_time:2077.603s step_avg:1205.81ms
step:1724/3300 train_loss:3.48450 train_time:2078.804s step_avg:1205.80ms
step:1725/3300 train_loss:3.50956 train_time:2080.006s step_avg:1205.80ms
step:1726/3300 train_loss:3.47830 train_time:2081.206s step_avg:1205.80ms
step:1727/3300 train_loss:3.46937 train_time:2082.404s step_avg:1205.79ms
step:1728/3300 train_loss:3.45586 train_time:2083.607s step_avg:1205.79ms
step:1729/3300 train_loss:3.52975 train_time:2084.833s step_avg:1205.80ms
step:1730/3300 train_loss:3.58718 train_time:2086.041s step_avg:1205.80ms
step:1731/3300 train_loss:3.48585 train_time:2087.243s step_avg:1205.80ms
step:1732/3300 train_loss:3.50808 train_time:2088.448s step_avg:1205.80ms
step:1733/3300 train_loss:3.44017 train_time:2089.646s step_avg:1205.80ms
step:1734/3300 train_loss:3.60503 train_time:2090.839s step_avg:1205.79ms
step:1735/3300 train_loss:3.51538 train_time:2092.038s step_avg:1205.79ms
step:1736/3300 train_loss:3.58445 train_time:2093.260s step_avg:1205.79ms
step:1737/3300 train_loss:3.58062 train_time:2094.458s step_avg:1205.79ms
step:1738/3300 train_loss:3.45381 train_time:2095.675s step_avg:1205.80ms
step:1739/3300 train_loss:3.47325 train_time:2096.878s step_avg:1205.80ms
step:1740/3300 train_loss:3.45893 train_time:2098.095s step_avg:1205.80ms
step:1741/3300 train_loss:3.45599 train_time:2099.298s step_avg:1205.80ms
step:1742/3300 train_loss:3.50544 train_time:2100.502s step_avg:1205.80ms
step:1743/3300 train_loss:3.43929 train_time:2101.703s step_avg:1205.80ms
step:1744/3300 train_loss:3.45229 train_time:2102.903s step_avg:1205.79ms
step:1745/3300 train_loss:3.51014 train_time:2104.107s step_avg:1205.79ms
step:1746/3300 train_loss:3.52091 train_time:2105.317s step_avg:1205.79ms
step:1747/3300 train_loss:3.49031 train_time:2106.525s step_avg:1205.80ms
step:1748/3300 train_loss:3.54494 train_time:2107.721s step_avg:1205.79ms
step:1749/3300 train_loss:3.49911 train_time:2108.931s step_avg:1205.79ms
step:1750/3300 train_loss:3.48706 train_time:2110.130s step_avg:1205.79ms
step:1750/3300 val_loss:3.48317 train_time:2110.130s step_avg:1204.25ms
step:1751/3300 train_loss:3.52932 train_time:2111.343s step_avg:1205.79ms
step:1752/3300 train_loss:3.52153 train_time:2112.539s step_avg:1205.79ms
step:1753/3300 train_loss:3.46091 train_time:2113.744s step_avg:1205.79ms
step:1754/3300 train_loss:3.49909 train_time:2114.944s step_avg:1205.78ms
step:1755/3300 train_loss:3.50215 train_time:2116.150s step_avg:1205.78ms
step:1756/3300 train_loss:3.46778 train_time:2117.358s step_avg:1205.78ms
step:1757/3300 train_loss:3.47633 train_time:2118.572s step_avg:1205.79ms
step:1758/3300 train_loss:3.61107 train_time:2119.778s step_avg:1205.79ms
step:1759/3300 train_loss:3.60250 train_time:2120.981s step_avg:1205.79ms
step:1760/3300 train_loss:3.54427 train_time:2122.196s step_avg:1205.79ms
step:1761/3300 train_loss:3.48908 train_time:2123.402s step_avg:1205.79ms
step:1762/3300 train_loss:3.49235 train_time:2124.608s step_avg:1205.79ms
step:1763/3300 train_loss:3.45934 train_time:2125.807s step_avg:1205.79ms
step:1764/3300 train_loss:3.48271 train_time:2127.004s step_avg:1205.78ms
step:1765/3300 train_loss:3.48346 train_time:2128.202s step_avg:1205.78ms
step:1766/3300 train_loss:3.45301 train_time:2129.401s step_avg:1205.78ms
step:1767/3300 train_loss:3.56941 train_time:2130.606s step_avg:1205.78ms
step:1768/3300 train_loss:3.50115 train_time:2131.800s step_avg:1205.77ms
step:1769/3300 train_loss:3.60292 train_time:2133.000s step_avg:1205.77ms
step:1770/3300 train_loss:3.49767 train_time:2134.197s step_avg:1205.76ms
step:1771/3300 train_loss:3.50402 train_time:2135.398s step_avg:1205.76ms
step:1772/3300 train_loss:3.45285 train_time:2136.612s step_avg:1205.76ms
step:1773/3300 train_loss:3.52179 train_time:2137.829s step_avg:1205.77ms
step:1774/3300 train_loss:3.51237 train_time:2139.027s step_avg:1205.76ms
step:1775/3300 train_loss:3.52474 train_time:2140.225s step_avg:1205.76ms
step:1776/3300 train_loss:3.52583 train_time:2141.431s step_avg:1205.76ms
step:1777/3300 train_loss:3.52966 train_time:2142.633s step_avg:1205.76ms
step:1778/3300 train_loss:3.52783 train_time:2143.834s step_avg:1205.76ms
step:1779/3300 train_loss:3.54794 train_time:2145.031s step_avg:1205.75ms
step:1780/3300 train_loss:3.47570 train_time:2146.228s step_avg:1205.75ms
step:1781/3300 train_loss:3.46260 train_time:2147.429s step_avg:1205.74ms
step:1782/3300 train_loss:3.48362 train_time:2148.627s step_avg:1205.74ms
step:1783/3300 train_loss:3.51765 train_time:2149.828s step_avg:1205.74ms
step:1784/3300 train_loss:3.41639 train_time:2151.021s step_avg:1205.73ms
step:1785/3300 train_loss:3.52535 train_time:2152.218s step_avg:1205.72ms
step:1786/3300 train_loss:3.51602 train_time:2153.417s step_avg:1205.72ms
step:1787/3300 train_loss:3.55951 train_time:2154.618s step_avg:1205.72ms
step:1788/3300 train_loss:3.45239 train_time:2155.825s step_avg:1205.72ms
step:1789/3300 train_loss:3.51670 train_time:2157.031s step_avg:1205.72ms
step:1790/3300 train_loss:3.43525 train_time:2158.237s step_avg:1205.72ms
step:1791/3300 train_loss:3.48184 train_time:2159.450s step_avg:1205.72ms
step:1792/3300 train_loss:3.49697 train_time:2160.679s step_avg:1205.74ms
step:1793/3300 train_loss:3.44295 train_time:2161.911s step_avg:1205.75ms
step:1794/3300 train_loss:3.51801 train_time:2163.108s step_avg:1205.75ms
step:1795/3300 train_loss:3.54754 train_time:2164.299s step_avg:1205.74ms
step:1796/3300 train_loss:3.54177 train_time:2165.510s step_avg:1205.74ms
step:1797/3300 train_loss:3.51437 train_time:2166.705s step_avg:1205.73ms
step:1798/3300 train_loss:3.52705 train_time:2167.932s step_avg:1205.75ms
step:1799/3300 train_loss:3.54478 train_time:2169.131s step_avg:1205.74ms
step:1800/3300 train_loss:3.46847 train_time:2170.339s step_avg:1205.74ms
step:1801/3300 train_loss:3.51365 train_time:2171.542s step_avg:1205.74ms
step:1802/3300 train_loss:3.45520 train_time:2172.744s step_avg:1205.74ms
step:1803/3300 train_loss:3.51505 train_time:2173.947s step_avg:1205.74ms
step:1804/3300 train_loss:3.47694 train_time:2175.146s step_avg:1205.73ms
step:1805/3300 train_loss:3.49029 train_time:2176.349s step_avg:1205.73ms
step:1806/3300 train_loss:3.49941 train_time:2177.561s step_avg:1205.74ms
step:1807/3300 train_loss:3.46778 train_time:2178.772s step_avg:1205.74ms
step:1808/3300 train_loss:3.52456 train_time:2180.001s step_avg:1205.75ms
step:1809/3300 train_loss:3.54963 train_time:2181.206s step_avg:1205.75ms
step:1810/3300 train_loss:3.49642 train_time:2182.412s step_avg:1205.75ms
step:1811/3300 train_loss:3.45866 train_time:2183.605s step_avg:1205.75ms
step:1812/3300 train_loss:3.47353 train_time:2184.800s step_avg:1205.74ms
step:1813/3300 train_loss:3.50121 train_time:2186.001s step_avg:1205.74ms
step:1814/3300 train_loss:3.46092 train_time:2187.202s step_avg:1205.73ms
step:1815/3300 train_loss:3.51831 train_time:2188.398s step_avg:1205.73ms
step:1816/3300 train_loss:3.47277 train_time:2189.597s step_avg:1205.72ms
step:1817/3300 train_loss:3.45990 train_time:2190.807s step_avg:1205.73ms
step:1818/3300 train_loss:3.46277 train_time:2192.009s step_avg:1205.73ms
step:1819/3300 train_loss:3.49383 train_time:2193.204s step_avg:1205.72ms
step:1820/3300 train_loss:3.45563 train_time:2194.410s step_avg:1205.72ms
step:1821/3300 train_loss:3.49046 train_time:2195.610s step_avg:1205.72ms
step:1822/3300 train_loss:3.44922 train_time:2196.808s step_avg:1205.71ms
step:1823/3300 train_loss:3.50714 train_time:2198.000s step_avg:1205.71ms
step:1824/3300 train_loss:3.52356 train_time:2199.199s step_avg:1205.70ms
step:1825/3300 train_loss:3.62336 train_time:2200.399s step_avg:1205.70ms
step:1826/3300 train_loss:3.46114 train_time:2201.597s step_avg:1205.69ms
step:1827/3300 train_loss:3.45398 train_time:2202.787s step_avg:1205.69ms
step:1828/3300 train_loss:3.51717 train_time:2203.984s step_avg:1205.68ms
step:1829/3300 train_loss:3.45447 train_time:2205.180s step_avg:1205.68ms
step:1830/3300 train_loss:3.48146 train_time:2206.377s step_avg:1205.67ms
step:1831/3300 train_loss:3.44847 train_time:2207.574s step_avg:1205.67ms
step:1832/3300 train_loss:3.47119 train_time:2208.769s step_avg:1205.66ms
step:1833/3300 train_loss:3.52990 train_time:2209.978s step_avg:1205.66ms
step:1834/3300 train_loss:3.48920 train_time:2211.194s step_avg:1205.67ms
step:1835/3300 train_loss:3.53682 train_time:2212.390s step_avg:1205.66ms
step:1836/3300 train_loss:3.46841 train_time:2213.586s step_avg:1205.66ms
step:1837/3300 train_loss:3.46389 train_time:2214.789s step_avg:1205.66ms
step:1838/3300 train_loss:3.43930 train_time:2215.986s step_avg:1205.65ms
step:1839/3300 train_loss:3.49454 train_time:2217.248s step_avg:1205.68ms
step:1840/3300 train_loss:3.45925 train_time:2218.455s step_avg:1205.68ms
step:1841/3300 train_loss:3.55559 train_time:2219.651s step_avg:1205.68ms
step:1842/3300 train_loss:3.48252 train_time:2220.852s step_avg:1205.67ms
step:1843/3300 train_loss:3.43622 train_time:2222.062s step_avg:1205.68ms
step:1844/3300 train_loss:3.43805 train_time:2223.265s step_avg:1205.67ms
step:1845/3300 train_loss:3.45954 train_time:2224.470s step_avg:1205.67ms
step:1846/3300 train_loss:3.48681 train_time:2225.674s step_avg:1205.67ms
step:1847/3300 train_loss:3.48412 train_time:2226.870s step_avg:1205.67ms
step:1848/3300 train_loss:3.47662 train_time:2228.069s step_avg:1205.66ms
step:1849/3300 train_loss:3.50981 train_time:2229.271s step_avg:1205.66ms
step:1850/3300 train_loss:3.45611 train_time:2230.505s step_avg:1205.68ms
step:1851/3300 train_loss:3.48595 train_time:2231.740s step_avg:1205.69ms
step:1852/3300 train_loss:3.46193 train_time:2232.938s step_avg:1205.69ms
step:1853/3300 train_loss:3.51819 train_time:2234.130s step_avg:1205.68ms
step:1854/3300 train_loss:3.46674 train_time:2235.345s step_avg:1205.69ms
step:1855/3300 train_loss:3.44778 train_time:2236.550s step_avg:1205.69ms
step:1856/3300 train_loss:3.47074 train_time:2237.771s step_avg:1205.70ms
step:1857/3300 train_loss:3.50085 train_time:2238.988s step_avg:1205.70ms
step:1858/3300 train_loss:3.51676 train_time:2240.189s step_avg:1205.70ms
step:1859/3300 train_loss:3.47593 train_time:2241.397s step_avg:1205.70ms
step:1860/3300 train_loss:3.42300 train_time:2242.590s step_avg:1205.69ms
step:1861/3300 train_loss:3.46933 train_time:2243.789s step_avg:1205.69ms
step:1862/3300 train_loss:3.50358 train_time:2244.992s step_avg:1205.69ms
step:1863/3300 train_loss:3.54198 train_time:2246.193s step_avg:1205.69ms
step:1864/3300 train_loss:3.50907 train_time:2247.431s step_avg:1205.70ms
step:1865/3300 train_loss:3.44036 train_time:2248.632s step_avg:1205.70ms
step:1866/3300 train_loss:3.46279 train_time:2249.831s step_avg:1205.70ms
step:1867/3300 train_loss:3.48201 train_time:2251.038s step_avg:1205.70ms
step:1868/3300 train_loss:3.56125 train_time:2252.235s step_avg:1205.69ms
step:1869/3300 train_loss:3.42623 train_time:2253.430s step_avg:1205.69ms
step:1870/3300 train_loss:3.48036 train_time:2254.637s step_avg:1205.69ms
step:1871/3300 train_loss:3.51382 train_time:2255.832s step_avg:1205.68ms
step:1872/3300 train_loss:3.45251 train_time:2257.032s step_avg:1205.68ms
step:1873/3300 train_loss:3.48420 train_time:2258.238s step_avg:1205.68ms
step:1874/3300 train_loss:3.46481 train_time:2259.434s step_avg:1205.67ms
step:1875/3300 train_loss:3.53817 train_time:2260.643s step_avg:1205.68ms
step:1875/3300 val_loss:3.46306 train_time:2260.644s step_avg:1204.11ms
step:1876/3300 train_loss:3.50694 train_time:2261.855s step_avg:1205.68ms
step:1877/3300 train_loss:3.52591 train_time:2263.059s step_avg:1205.68ms
step:1878/3300 train_loss:3.56134 train_time:2264.266s step_avg:1205.68ms
step:1879/3300 train_loss:3.56309 train_time:2265.472s step_avg:1205.68ms
step:1880/3300 train_loss:3.45977 train_time:2266.671s step_avg:1205.68ms
step:1881/3300 train_loss:3.39774 train_time:2267.878s step_avg:1205.68ms
step:1882/3300 train_loss:3.47733 train_time:2269.072s step_avg:1205.67ms
step:1883/3300 train_loss:3.43803 train_time:2270.284s step_avg:1205.67ms
step:1884/3300 train_loss:3.47787 train_time:2271.490s step_avg:1205.67ms
step:1885/3300 train_loss:3.47054 train_time:2272.697s step_avg:1205.67ms
step:1886/3300 train_loss:3.42691 train_time:2273.910s step_avg:1205.68ms
step:1887/3300 train_loss:3.46848 train_time:2275.110s step_avg:1205.68ms
step:1888/3300 train_loss:3.43102 train_time:2276.314s step_avg:1205.67ms
step:1889/3300 train_loss:3.46384 train_time:2277.513s step_avg:1205.67ms
step:1890/3300 train_loss:3.48486 train_time:2278.715s step_avg:1205.67ms
step:1891/3300 train_loss:3.50602 train_time:2279.917s step_avg:1205.67ms
step:1892/3300 train_loss:3.41314 train_time:2281.116s step_avg:1205.66ms
step:1893/3300 train_loss:3.48770 train_time:2282.310s step_avg:1205.66ms
step:1894/3300 train_loss:3.47389 train_time:2283.517s step_avg:1205.66ms
step:1895/3300 train_loss:3.43063 train_time:2284.719s step_avg:1205.66ms
step:1896/3300 train_loss:3.52882 train_time:2285.912s step_avg:1205.65ms
step:1897/3300 train_loss:3.51534 train_time:2287.114s step_avg:1205.65ms
step:1898/3300 train_loss:3.42928 train_time:2288.324s step_avg:1205.65ms
step:1899/3300 train_loss:3.42351 train_time:2289.532s step_avg:1205.65ms
step:1900/3300 train_loss:3.44634 train_time:2290.736s step_avg:1205.65ms
step:1901/3300 train_loss:3.40812 train_time:2291.973s step_avg:1205.67ms
step:1902/3300 train_loss:3.48739 train_time:2293.171s step_avg:1205.66ms
step:1903/3300 train_loss:3.51166 train_time:2294.385s step_avg:1205.67ms
step:1904/3300 train_loss:3.46277 train_time:2295.578s step_avg:1205.66ms
step:1905/3300 train_loss:3.44773 train_time:2296.773s step_avg:1205.66ms
step:1906/3300 train_loss:3.49189 train_time:2297.980s step_avg:1205.66ms
step:1907/3300 train_loss:3.45070 train_time:2299.184s step_avg:1205.66ms
step:1908/3300 train_loss:3.46870 train_time:2300.389s step_avg:1205.65ms
step:1909/3300 train_loss:3.41547 train_time:2301.589s step_avg:1205.65ms
step:1910/3300 train_loss:3.50308 train_time:2302.796s step_avg:1205.65ms
step:1911/3300 train_loss:3.47934 train_time:2303.992s step_avg:1205.65ms
step:1912/3300 train_loss:3.39817 train_time:2305.194s step_avg:1205.65ms
step:1913/3300 train_loss:3.51057 train_time:2306.395s step_avg:1205.64ms
step:1914/3300 train_loss:3.60312 train_time:2307.595s step_avg:1205.64ms
step:1915/3300 train_loss:3.43398 train_time:2308.795s step_avg:1205.64ms
step:1916/3300 train_loss:3.41200 train_time:2309.996s step_avg:1205.63ms
step:1917/3300 train_loss:3.50907 train_time:2311.196s step_avg:1205.63ms
step:1918/3300 train_loss:3.49957 train_time:2312.395s step_avg:1205.63ms
step:1919/3300 train_loss:3.49469 train_time:2313.596s step_avg:1205.63ms
step:1920/3300 train_loss:3.43381 train_time:2314.797s step_avg:1205.62ms
step:1921/3300 train_loss:3.47607 train_time:2315.996s step_avg:1205.62ms
step:1922/3300 train_loss:3.42288 train_time:2317.194s step_avg:1205.62ms
step:1923/3300 train_loss:3.46526 train_time:2318.391s step_avg:1205.61ms
step:1924/3300 train_loss:3.50303 train_time:2319.592s step_avg:1205.61ms
step:1925/3300 train_loss:3.43923 train_time:2320.792s step_avg:1205.61ms
step:1926/3300 train_loss:3.46104 train_time:2321.995s step_avg:1205.60ms
step:1927/3300 train_loss:3.48572 train_time:2323.193s step_avg:1205.60ms
step:1928/3300 train_loss:3.53818 train_time:2324.395s step_avg:1205.60ms
step:1929/3300 train_loss:3.47432 train_time:2325.594s step_avg:1205.60ms
step:1930/3300 train_loss:3.49115 train_time:2326.794s step_avg:1205.59ms
step:1931/3300 train_loss:3.38595 train_time:2327.998s step_avg:1205.59ms
step:1932/3300 train_loss:3.80618 train_time:2329.196s step_avg:1205.59ms
step:1933/3300 train_loss:3.50754 train_time:2330.404s step_avg:1205.59ms
step:1934/3300 train_loss:3.47782 train_time:2331.628s step_avg:1205.60ms
step:1935/3300 train_loss:3.50896 train_time:2332.833s step_avg:1205.60ms
step:1936/3300 train_loss:3.47753 train_time:2334.038s step_avg:1205.60ms
step:1937/3300 train_loss:3.50004 train_time:2335.230s step_avg:1205.59ms
step:1938/3300 train_loss:3.42973 train_time:2336.435s step_avg:1205.59ms
step:1939/3300 train_loss:3.44037 train_time:2337.643s step_avg:1205.59ms
step:1940/3300 train_loss:3.49558 train_time:2338.839s step_avg:1205.59ms
step:1941/3300 train_loss:3.48070 train_time:2340.038s step_avg:1205.58ms
step:1942/3300 train_loss:3.39947 train_time:2341.253s step_avg:1205.59ms
step:1943/3300 train_loss:3.52834 train_time:2342.452s step_avg:1205.59ms
step:1944/3300 train_loss:3.41290 train_time:2343.662s step_avg:1205.59ms
step:1945/3300 train_loss:3.49860 train_time:2344.856s step_avg:1205.58ms
step:1946/3300 train_loss:3.49013 train_time:2346.055s step_avg:1205.58ms
step:1947/3300 train_loss:3.42797 train_time:2347.259s step_avg:1205.58ms
step:1948/3300 train_loss:3.47925 train_time:2348.467s step_avg:1205.58ms
step:1949/3300 train_loss:3.39262 train_time:2349.673s step_avg:1205.58ms
step:1950/3300 train_loss:3.52158 train_time:2350.875s step_avg:1205.58ms
step:1951/3300 train_loss:3.49456 train_time:2352.073s step_avg:1205.57ms
step:1952/3300 train_loss:3.54898 train_time:2353.285s step_avg:1205.58ms
step:1953/3300 train_loss:3.41640 train_time:2354.480s step_avg:1205.57ms
step:1954/3300 train_loss:3.45986 train_time:2355.675s step_avg:1205.57ms
step:1955/3300 train_loss:3.48080 train_time:2356.878s step_avg:1205.56ms
step:1956/3300 train_loss:3.44279 train_time:2358.089s step_avg:1205.57ms
step:1957/3300 train_loss:3.46730 train_time:2359.296s step_avg:1205.57ms
step:1958/3300 train_loss:3.49373 train_time:2360.507s step_avg:1205.57ms
step:1959/3300 train_loss:3.54515 train_time:2361.729s step_avg:1205.58ms
step:1960/3300 train_loss:3.42405 train_time:2362.931s step_avg:1205.58ms
step:1961/3300 train_loss:3.48548 train_time:2364.130s step_avg:1205.57ms
step:1962/3300 train_loss:3.43437 train_time:2365.330s step_avg:1205.57ms
step:1963/3300 train_loss:3.46449 train_time:2366.530s step_avg:1205.57ms
step:1964/3300 train_loss:3.45836 train_time:2367.760s step_avg:1205.58ms
step:1965/3300 train_loss:3.46198 train_time:2368.972s step_avg:1205.58ms
step:1966/3300 train_loss:3.52030 train_time:2370.175s step_avg:1205.58ms
step:1967/3300 train_loss:3.41713 train_time:2371.377s step_avg:1205.58ms
step:1968/3300 train_loss:3.47239 train_time:2372.578s step_avg:1205.58ms
step:1969/3300 train_loss:3.42429 train_time:2373.780s step_avg:1205.58ms
step:1970/3300 train_loss:3.45750 train_time:2374.977s step_avg:1205.57ms
step:1971/3300 train_loss:3.47901 train_time:2376.177s step_avg:1205.57ms
step:1972/3300 train_loss:3.43347 train_time:2377.378s step_avg:1205.57ms
step:1973/3300 train_loss:3.42167 train_time:2378.584s step_avg:1205.57ms
step:1974/3300 train_loss:3.43654 train_time:2379.791s step_avg:1205.57ms
step:1975/3300 train_loss:3.45425 train_time:2380.991s step_avg:1205.57ms
step:1976/3300 train_loss:3.46435 train_time:2382.182s step_avg:1205.56ms
step:1977/3300 train_loss:3.50144 train_time:2383.379s step_avg:1205.55ms
step:1978/3300 train_loss:3.49898 train_time:2384.578s step_avg:1205.55ms
step:1979/3300 train_loss:3.48177 train_time:2385.799s step_avg:1205.56ms
step:1980/3300 train_loss:3.48015 train_time:2387.001s step_avg:1205.56ms
step:1981/3300 train_loss:3.44246 train_time:2388.205s step_avg:1205.56ms
step:1982/3300 train_loss:3.46151 train_time:2389.400s step_avg:1205.55ms
step:1983/3300 train_loss:3.60298 train_time:2390.603s step_avg:1205.55ms
step:1984/3300 train_loss:3.41140 train_time:2391.801s step_avg:1205.55ms
step:1985/3300 train_loss:3.43554 train_time:2393.006s step_avg:1205.54ms
step:1986/3300 train_loss:3.43596 train_time:2394.203s step_avg:1205.54ms
step:1987/3300 train_loss:3.44533 train_time:2395.401s step_avg:1205.54ms
step:1988/3300 train_loss:3.46867 train_time:2396.602s step_avg:1205.53ms
step:1989/3300 train_loss:3.43421 train_time:2397.821s step_avg:1205.54ms
step:1990/3300 train_loss:3.47265 train_time:2399.020s step_avg:1205.54ms
step:1991/3300 train_loss:3.45369 train_time:2400.225s step_avg:1205.54ms
step:1992/3300 train_loss:3.43947 train_time:2401.423s step_avg:1205.53ms
step:1993/3300 train_loss:3.53819 train_time:2402.626s step_avg:1205.53ms
step:1994/3300 train_loss:3.46096 train_time:2403.826s step_avg:1205.53ms
step:1995/3300 train_loss:3.45506 train_time:2405.023s step_avg:1205.53ms
step:1996/3300 train_loss:3.51619 train_time:2406.221s step_avg:1205.52ms
step:1997/3300 train_loss:3.57770 train_time:2407.423s step_avg:1205.52ms
step:1998/3300 train_loss:3.46174 train_time:2408.628s step_avg:1205.52ms
step:1999/3300 train_loss:3.52091 train_time:2409.828s step_avg:1205.52ms
step:2000/3300 train_loss:3.43149 train_time:2411.033s step_avg:1205.52ms
step:2000/3300 val_loss:3.44290 train_time:2411.033s step_avg:1203.11ms
step:2001/3300 train_loss:3.48789 train_time:2412.236s step_avg:1205.52ms
step:2002/3300 train_loss:3.45966 train_time:2413.448s step_avg:1205.52ms
step:2003/3300 train_loss:3.44606 train_time:2414.644s step_avg:1205.51ms
step:2004/3300 train_loss:3.59160 train_time:2415.850s step_avg:1205.51ms
step:2005/3300 train_loss:3.43308 train_time:2417.044s step_avg:1205.51ms
step:2006/3300 train_loss:3.45994 train_time:2418.245s step_avg:1205.51ms
step:2007/3300 train_loss:3.46185 train_time:2419.444s step_avg:1205.50ms
step:2008/3300 train_loss:3.39821 train_time:2420.643s step_avg:1205.50ms
step:2009/3300 train_loss:3.47379 train_time:2421.853s step_avg:1205.50ms
step:2010/3300 train_loss:3.46769 train_time:2423.055s step_avg:1205.50ms
step:2011/3300 train_loss:3.47070 train_time:2424.257s step_avg:1205.50ms
step:2012/3300 train_loss:3.43587 train_time:2425.466s step_avg:1205.50ms
step:2013/3300 train_loss:3.45966 train_time:2426.664s step_avg:1205.50ms
step:2014/3300 train_loss:3.46430 train_time:2427.868s step_avg:1205.50ms
step:2015/3300 train_loss:3.41047 train_time:2429.069s step_avg:1205.49ms
step:2016/3300 train_loss:3.49430 train_time:2430.266s step_avg:1205.49ms
step:2017/3300 train_loss:3.43852 train_time:2431.470s step_avg:1205.49ms
step:2018/3300 train_loss:3.51688 train_time:2432.703s step_avg:1205.50ms
step:2019/3300 train_loss:3.47178 train_time:2433.920s step_avg:1205.51ms
step:2020/3300 train_loss:3.39114 train_time:2435.117s step_avg:1205.50ms
step:2021/3300 train_loss:3.46493 train_time:2436.326s step_avg:1205.51ms
step:2022/3300 train_loss:3.36988 train_time:2437.524s step_avg:1205.50ms
step:2023/3300 train_loss:3.41905 train_time:2438.725s step_avg:1205.50ms
step:2024/3300 train_loss:3.44686 train_time:2439.933s step_avg:1205.50ms
step:2025/3300 train_loss:3.37486 train_time:2441.145s step_avg:1205.50ms
step:2026/3300 train_loss:3.45042 train_time:2442.385s step_avg:1205.52ms
step:2027/3300 train_loss:3.41371 train_time:2443.595s step_avg:1205.52ms
step:2028/3300 train_loss:3.44538 train_time:2444.793s step_avg:1205.52ms
step:2029/3300 train_loss:3.45403 train_time:2445.987s step_avg:1205.51ms
step:2030/3300 train_loss:3.46547 train_time:2447.186s step_avg:1205.51ms
step:2031/3300 train_loss:3.45088 train_time:2448.389s step_avg:1205.51ms
step:2032/3300 train_loss:3.45567 train_time:2449.586s step_avg:1205.51ms
step:2033/3300 train_loss:3.42391 train_time:2450.812s step_avg:1205.52ms
step:2034/3300 train_loss:3.46387 train_time:2452.008s step_avg:1205.51ms
step:2035/3300 train_loss:3.46725 train_time:2453.226s step_avg:1205.52ms
step:2036/3300 train_loss:3.41217 train_time:2454.437s step_avg:1205.52ms
step:2037/3300 train_loss:3.50686 train_time:2455.634s step_avg:1205.51ms
step:2038/3300 train_loss:3.44710 train_time:2456.837s step_avg:1205.51ms
step:2039/3300 train_loss:3.42982 train_time:2458.039s step_avg:1205.51ms
step:2040/3300 train_loss:3.45493 train_time:2459.244s step_avg:1205.51ms
step:2041/3300 train_loss:3.45117 train_time:2460.449s step_avg:1205.51ms
step:2042/3300 train_loss:3.44694 train_time:2461.652s step_avg:1205.51ms
step:2043/3300 train_loss:3.42445 train_time:2462.848s step_avg:1205.51ms
step:2044/3300 train_loss:3.46004 train_time:2464.053s step_avg:1205.51ms
step:2045/3300 train_loss:3.39000 train_time:2465.266s step_avg:1205.51ms
step:2046/3300 train_loss:3.46760 train_time:2466.471s step_avg:1205.51ms
step:2047/3300 train_loss:3.45981 train_time:2467.664s step_avg:1205.50ms
step:2048/3300 train_loss:3.44866 train_time:2468.863s step_avg:1205.50ms
step:2049/3300 train_loss:3.40983 train_time:2470.073s step_avg:1205.50ms
step:2050/3300 train_loss:3.49375 train_time:2471.307s step_avg:1205.52ms
step:2051/3300 train_loss:3.49195 train_time:2472.507s step_avg:1205.51ms
step:2052/3300 train_loss:3.44407 train_time:2473.710s step_avg:1205.51ms
step:2053/3300 train_loss:3.54486 train_time:2474.910s step_avg:1205.51ms
step:2054/3300 train_loss:3.44939 train_time:2476.106s step_avg:1205.50ms
step:2055/3300 train_loss:3.41408 train_time:2477.305s step_avg:1205.50ms
step:2056/3300 train_loss:3.46704 train_time:2478.508s step_avg:1205.50ms
step:2057/3300 train_loss:3.37075 train_time:2479.712s step_avg:1205.50ms
step:2058/3300 train_loss:3.47892 train_time:2480.916s step_avg:1205.50ms
step:2059/3300 train_loss:3.48468 train_time:2482.127s step_avg:1205.50ms
step:2060/3300 train_loss:3.34386 train_time:2483.331s step_avg:1205.50ms
step:2061/3300 train_loss:3.40951 train_time:2484.529s step_avg:1205.50ms
step:2062/3300 train_loss:3.45642 train_time:2485.738s step_avg:1205.50ms
step:2063/3300 train_loss:3.45956 train_time:2486.936s step_avg:1205.49ms
step:2064/3300 train_loss:3.45083 train_time:2488.128s step_avg:1205.49ms
step:2065/3300 train_loss:3.46353 train_time:2489.333s step_avg:1205.49ms
step:2066/3300 train_loss:3.42418 train_time:2490.529s step_avg:1205.48ms
step:2067/3300 train_loss:3.45433 train_time:2491.756s step_avg:1205.49ms
step:2068/3300 train_loss:3.43120 train_time:2492.950s step_avg:1205.49ms
step:2069/3300 train_loss:3.52742 train_time:2494.166s step_avg:1205.49ms
step:2070/3300 train_loss:3.47361 train_time:2495.380s step_avg:1205.50ms
step:2071/3300 train_loss:3.47656 train_time:2496.606s step_avg:1205.51ms
step:2072/3300 train_loss:3.45198 train_time:2497.814s step_avg:1205.51ms
step:2073/3300 train_loss:3.52067 train_time:2499.008s step_avg:1205.50ms
step:2074/3300 train_loss:3.48524 train_time:2500.214s step_avg:1205.50ms
step:2075/3300 train_loss:3.48995 train_time:2501.416s step_avg:1205.50ms
step:2076/3300 train_loss:3.45917 train_time:2502.620s step_avg:1205.50ms
step:2077/3300 train_loss:3.44239 train_time:2503.825s step_avg:1205.50ms
step:2078/3300 train_loss:3.39866 train_time:2505.027s step_avg:1205.50ms
step:2079/3300 train_loss:3.42273 train_time:2506.227s step_avg:1205.50ms
step:2080/3300 train_loss:3.51787 train_time:2507.430s step_avg:1205.50ms
step:2081/3300 train_loss:3.46563 train_time:2508.631s step_avg:1205.49ms
step:2082/3300 train_loss:3.41910 train_time:2509.831s step_avg:1205.49ms
step:2083/3300 train_loss:3.39778 train_time:2511.032s step_avg:1205.49ms
step:2084/3300 train_loss:3.40508 train_time:2512.234s step_avg:1205.49ms
step:2085/3300 train_loss:3.46626 train_time:2513.439s step_avg:1205.49ms
step:2086/3300 train_loss:3.43999 train_time:2514.630s step_avg:1205.48ms
step:2087/3300 train_loss:3.42804 train_time:2515.830s step_avg:1205.48ms
step:2088/3300 train_loss:3.48462 train_time:2517.040s step_avg:1205.48ms
step:2089/3300 train_loss:3.40493 train_time:2518.231s step_avg:1205.47ms
step:2090/3300 train_loss:3.40616 train_time:2519.435s step_avg:1205.47ms
step:2091/3300 train_loss:3.46577 train_time:2520.675s step_avg:1205.49ms
step:2092/3300 train_loss:3.45979 train_time:2521.877s step_avg:1205.49ms
step:2093/3300 train_loss:3.42080 train_time:2523.088s step_avg:1205.49ms
step:2094/3300 train_loss:3.51854 train_time:2524.303s step_avg:1205.49ms
step:2095/3300 train_loss:3.43859 train_time:2525.525s step_avg:1205.50ms
step:2096/3300 train_loss:3.44962 train_time:2526.728s step_avg:1205.50ms
step:2097/3300 train_loss:3.44996 train_time:2527.928s step_avg:1205.50ms
step:2098/3300 train_loss:3.40851 train_time:2529.135s step_avg:1205.50ms
step:2099/3300 train_loss:3.42499 train_time:2530.337s step_avg:1205.50ms
step:2100/3300 train_loss:3.52974 train_time:2531.533s step_avg:1205.49ms
step:2101/3300 train_loss:3.43422 train_time:2532.736s step_avg:1205.49ms
step:2102/3300 train_loss:3.43889 train_time:2533.942s step_avg:1205.49ms
step:2103/3300 train_loss:3.40876 train_time:2535.153s step_avg:1205.49ms
step:2104/3300 train_loss:3.48329 train_time:2536.359s step_avg:1205.49ms
step:2105/3300 train_loss:3.43359 train_time:2537.553s step_avg:1205.49ms
step:2106/3300 train_loss:3.42196 train_time:2538.755s step_avg:1205.49ms
step:2107/3300 train_loss:3.45031 train_time:2539.951s step_avg:1205.48ms
step:2108/3300 train_loss:3.48034 train_time:2541.160s step_avg:1205.48ms
step:2109/3300 train_loss:3.45099 train_time:2542.353s step_avg:1205.48ms
step:2110/3300 train_loss:3.37375 train_time:2543.562s step_avg:1205.48ms
step:2111/3300 train_loss:3.43357 train_time:2544.754s step_avg:1205.47ms
step:2112/3300 train_loss:3.39536 train_time:2545.956s step_avg:1205.47ms
step:2113/3300 train_loss:3.41037 train_time:2547.157s step_avg:1205.47ms
step:2114/3300 train_loss:3.44053 train_time:2548.350s step_avg:1205.46ms
step:2115/3300 train_loss:3.45636 train_time:2549.550s step_avg:1205.46ms
step:2116/3300 train_loss:3.49334 train_time:2550.758s step_avg:1205.46ms
step:2117/3300 train_loss:3.42851 train_time:2551.954s step_avg:1205.46ms
step:2118/3300 train_loss:3.49762 train_time:2553.168s step_avg:1205.46ms
step:2119/3300 train_loss:3.40865 train_time:2554.373s step_avg:1205.46ms
step:2120/3300 train_loss:3.41308 train_time:2555.592s step_avg:1205.47ms
step:2121/3300 train_loss:3.37472 train_time:2556.801s step_avg:1205.47ms
step:2122/3300 train_loss:3.42369 train_time:2557.992s step_avg:1205.46ms
step:2123/3300 train_loss:3.41638 train_time:2559.195s step_avg:1205.46ms
step:2124/3300 train_loss:3.47748 train_time:2560.405s step_avg:1205.46ms
step:2125/3300 train_loss:3.37822 train_time:2561.610s step_avg:1205.46ms
step:2125/3300 val_loss:3.42513 train_time:2561.610s step_avg:1204.61ms
step:2126/3300 train_loss:3.48176 train_time:2562.843s step_avg:1205.48ms
step:2127/3300 train_loss:3.46343 train_time:2564.059s step_avg:1205.48ms
step:2128/3300 train_loss:3.39882 train_time:2565.258s step_avg:1205.48ms
step:2129/3300 train_loss:3.44217 train_time:2566.459s step_avg:1205.48ms
step:2130/3300 train_loss:3.43389 train_time:2567.653s step_avg:1205.47ms
step:2131/3300 train_loss:3.47855 train_time:2568.854s step_avg:1205.47ms
step:2132/3300 train_loss:3.43591 train_time:2570.051s step_avg:1205.46ms
step:2133/3300 train_loss:3.38804 train_time:2571.249s step_avg:1205.46ms
step:2134/3300 train_loss:3.46598 train_time:2572.450s step_avg:1205.46ms
step:2135/3300 train_loss:3.42959 train_time:2573.651s step_avg:1205.46ms
step:2136/3300 train_loss:3.40219 train_time:2574.858s step_avg:1205.46ms
step:2137/3300 train_loss:3.44227 train_time:2576.050s step_avg:1205.45ms
step:2138/3300 train_loss:3.39805 train_time:2577.258s step_avg:1205.45ms
step:2139/3300 train_loss:3.44820 train_time:2578.453s step_avg:1205.45ms
step:2140/3300 train_loss:3.53590 train_time:2579.655s step_avg:1205.45ms
step:2141/3300 train_loss:3.47110 train_time:2580.849s step_avg:1205.44ms
step:2142/3300 train_loss:3.42480 train_time:2582.053s step_avg:1205.44ms
step:2143/3300 train_loss:3.40753 train_time:2583.253s step_avg:1205.44ms
step:2144/3300 train_loss:3.38122 train_time:2584.456s step_avg:1205.44ms
step:2145/3300 train_loss:3.48863 train_time:2585.656s step_avg:1205.43ms
step:2146/3300 train_loss:3.43400 train_time:2586.853s step_avg:1205.43ms
step:2147/3300 train_loss:3.51981 train_time:2588.058s step_avg:1205.43ms
step:2148/3300 train_loss:3.46798 train_time:2589.257s step_avg:1205.43ms
step:2149/3300 train_loss:3.40915 train_time:2590.457s step_avg:1205.42ms
step:2150/3300 train_loss:3.49270 train_time:2591.657s step_avg:1205.42ms
step:2151/3300 train_loss:3.42347 train_time:2592.856s step_avg:1205.42ms
step:2152/3300 train_loss:3.55981 train_time:2594.061s step_avg:1205.42ms
step:2153/3300 train_loss:3.47663 train_time:2595.263s step_avg:1205.42ms
step:2154/3300 train_loss:3.50976 train_time:2596.468s step_avg:1205.42ms
step:2155/3300 train_loss:3.40720 train_time:2597.670s step_avg:1205.42ms
step:2156/3300 train_loss:3.40050 train_time:2598.882s step_avg:1205.42ms
step:2157/3300 train_loss:3.42501 train_time:2600.077s step_avg:1205.41ms
step:2158/3300 train_loss:3.38963 train_time:2601.275s step_avg:1205.41ms
step:2159/3300 train_loss:3.50134 train_time:2602.486s step_avg:1205.41ms
step:2160/3300 train_loss:3.50680 train_time:2603.692s step_avg:1205.41ms
step:2161/3300 train_loss:3.42702 train_time:2604.902s step_avg:1205.41ms
step:2162/3300 train_loss:3.38299 train_time:2606.099s step_avg:1205.41ms
step:2163/3300 train_loss:3.53272 train_time:2607.297s step_avg:1205.41ms
step:2164/3300 train_loss:3.43601 train_time:2608.520s step_avg:1205.42ms
step:2165/3300 train_loss:3.48180 train_time:2609.717s step_avg:1205.41ms
step:2166/3300 train_loss:3.48101 train_time:2610.915s step_avg:1205.41ms
step:2167/3300 train_loss:3.43721 train_time:2612.116s step_avg:1205.41ms
step:2168/3300 train_loss:3.43557 train_time:2613.316s step_avg:1205.40ms
step:2169/3300 train_loss:3.48462 train_time:2614.519s step_avg:1205.40ms
step:2170/3300 train_loss:3.44520 train_time:2615.713s step_avg:1205.40ms
step:2171/3300 train_loss:3.46828 train_time:2616.917s step_avg:1205.40ms
step:2172/3300 train_loss:3.42312 train_time:2618.126s step_avg:1205.40ms
step:2173/3300 train_loss:3.48204 train_time:2619.332s step_avg:1205.40ms
step:2174/3300 train_loss:3.45692 train_time:2620.533s step_avg:1205.40ms
step:2175/3300 train_loss:3.41965 train_time:2621.735s step_avg:1205.40ms
step:2176/3300 train_loss:3.42339 train_time:2622.960s step_avg:1205.40ms
step:2177/3300 train_loss:3.48084 train_time:2624.156s step_avg:1205.40ms
step:2178/3300 train_loss:3.35975 train_time:2625.357s step_avg:1205.40ms
step:2179/3300 train_loss:3.42577 train_time:2626.556s step_avg:1205.40ms
step:2180/3300 train_loss:3.45178 train_time:2627.765s step_avg:1205.40ms
step:2181/3300 train_loss:3.45151 train_time:2628.971s step_avg:1205.40ms
step:2182/3300 train_loss:3.41243 train_time:2630.170s step_avg:1205.39ms
step:2183/3300 train_loss:3.38790 train_time:2631.371s step_avg:1205.39ms
step:2184/3300 train_loss:3.44595 train_time:2632.572s step_avg:1205.39ms
step:2185/3300 train_loss:3.48755 train_time:2633.778s step_avg:1205.39ms
step:2186/3300 train_loss:3.34841 train_time:2634.975s step_avg:1205.39ms
step:2187/3300 train_loss:3.41392 train_time:2636.178s step_avg:1205.39ms
step:2188/3300 train_loss:3.35766 train_time:2637.372s step_avg:1205.38ms
step:2189/3300 train_loss:3.39563 train_time:2638.585s step_avg:1205.38ms
step:2190/3300 train_loss:3.43760 train_time:2639.778s step_avg:1205.38ms
step:2191/3300 train_loss:3.38000 train_time:2640.977s step_avg:1205.38ms
step:2192/3300 train_loss:3.47684 train_time:2642.176s step_avg:1205.37ms
step:2193/3300 train_loss:3.43871 train_time:2643.397s step_avg:1205.38ms
step:2194/3300 train_loss:3.45781 train_time:2644.597s step_avg:1205.38ms
step:2195/3300 train_loss:3.38906 train_time:2645.813s step_avg:1205.38ms
step:2196/3300 train_loss:3.39567 train_time:2647.017s step_avg:1205.38ms
step:2197/3300 train_loss:3.43896 train_time:2648.222s step_avg:1205.38ms
step:2198/3300 train_loss:3.41888 train_time:2649.417s step_avg:1205.38ms
step:2199/3300 train_loss:3.40454 train_time:2650.616s step_avg:1205.37ms
step:2200/3300 train_loss:3.44723 train_time:2651.816s step_avg:1205.37ms
step:2201/3300 train_loss:3.38511 train_time:2653.021s step_avg:1205.37ms
step:2202/3300 train_loss:3.64070 train_time:2654.219s step_avg:1205.37ms
step:2203/3300 train_loss:3.49454 train_time:2655.419s step_avg:1205.36ms
step:2204/3300 train_loss:3.39402 train_time:2656.617s step_avg:1205.36ms
step:2205/3300 train_loss:3.45007 train_time:2657.824s step_avg:1205.36ms
step:2206/3300 train_loss:3.45515 train_time:2659.028s step_avg:1205.36ms
step:2207/3300 train_loss:3.50584 train_time:2660.225s step_avg:1205.36ms
step:2208/3300 train_loss:3.45037 train_time:2661.416s step_avg:1205.35ms
step:2209/3300 train_loss:3.39032 train_time:2662.624s step_avg:1205.35ms
step:2210/3300 train_loss:3.41069 train_time:2663.827s step_avg:1205.35ms
step:2211/3300 train_loss:3.39421 train_time:2665.055s step_avg:1205.36ms
step:2212/3300 train_loss:3.46159 train_time:2666.260s step_avg:1205.36ms
step:2213/3300 train_loss:3.36583 train_time:2667.458s step_avg:1205.36ms
step:2214/3300 train_loss:3.41747 train_time:2668.702s step_avg:1205.38ms
step:2215/3300 train_loss:3.45922 train_time:2669.898s step_avg:1205.37ms
step:2216/3300 train_loss:3.47036 train_time:2671.109s step_avg:1205.37ms
step:2217/3300 train_loss:3.42666 train_time:2672.299s step_avg:1205.37ms
step:2218/3300 train_loss:3.38780 train_time:2673.501s step_avg:1205.37ms
step:2219/3300 train_loss:3.44906 train_time:2674.699s step_avg:1205.36ms
step:2220/3300 train_loss:3.43082 train_time:2675.898s step_avg:1205.36ms
step:2221/3300 train_loss:3.47830 train_time:2677.097s step_avg:1205.36ms
step:2222/3300 train_loss:3.42589 train_time:2678.298s step_avg:1205.35ms
step:2223/3300 train_loss:3.43999 train_time:2679.501s step_avg:1205.35ms
step:2224/3300 train_loss:3.51008 train_time:2680.704s step_avg:1205.35ms
step:2225/3300 train_loss:3.39121 train_time:2681.900s step_avg:1205.35ms
step:2226/3300 train_loss:3.44506 train_time:2683.102s step_avg:1205.35ms
step:2227/3300 train_loss:3.45612 train_time:2684.329s step_avg:1205.36ms
step:2228/3300 train_loss:3.40654 train_time:2685.549s step_avg:1205.36ms
step:2229/3300 train_loss:3.45578 train_time:2686.738s step_avg:1205.36ms
step:2230/3300 train_loss:3.44458 train_time:2687.938s step_avg:1205.35ms
step:2231/3300 train_loss:3.43522 train_time:2689.138s step_avg:1205.35ms
step:2232/3300 train_loss:3.38768 train_time:2690.338s step_avg:1205.35ms
step:2233/3300 train_loss:3.41167 train_time:2691.540s step_avg:1205.35ms
step:2234/3300 train_loss:3.42459 train_time:2692.755s step_avg:1205.35ms
step:2235/3300 train_loss:3.37528 train_time:2693.957s step_avg:1205.35ms
step:2236/3300 train_loss:3.54518 train_time:2695.163s step_avg:1205.35ms
step:2237/3300 train_loss:3.41033 train_time:2696.365s step_avg:1205.35ms
step:2238/3300 train_loss:3.45384 train_time:2697.561s step_avg:1205.34ms
step:2239/3300 train_loss:3.36504 train_time:2698.761s step_avg:1205.34ms
step:2240/3300 train_loss:3.36530 train_time:2699.960s step_avg:1205.34ms
step:2241/3300 train_loss:3.43186 train_time:2701.162s step_avg:1205.34ms
step:2242/3300 train_loss:3.43002 train_time:2702.366s step_avg:1205.34ms
step:2243/3300 train_loss:3.42083 train_time:2703.567s step_avg:1205.34ms
step:2244/3300 train_loss:3.40305 train_time:2704.768s step_avg:1205.33ms
step:2245/3300 train_loss:3.37789 train_time:2705.957s step_avg:1205.33ms
step:2246/3300 train_loss:3.42365 train_time:2707.152s step_avg:1205.32ms
step:2247/3300 train_loss:3.38488 train_time:2708.362s step_avg:1205.32ms
step:2248/3300 train_loss:3.43269 train_time:2709.562s step_avg:1205.32ms
step:2249/3300 train_loss:3.43379 train_time:2710.763s step_avg:1205.32ms
step:2250/3300 train_loss:3.38918 train_time:2711.964s step_avg:1205.32ms
step:2250/3300 val_loss:3.40730 train_time:2711.964s step_avg:1202.83ms
step:2251/3300 train_loss:3.37334 train_time:2713.169s step_avg:1205.32ms
step:2252/3300 train_loss:3.48794 train_time:2714.372s step_avg:1205.32ms
step:2253/3300 train_loss:3.35533 train_time:2715.574s step_avg:1205.31ms
step:2254/3300 train_loss:3.40526 train_time:2716.769s step_avg:1205.31ms
step:2255/3300 train_loss:3.51406 train_time:2717.973s step_avg:1205.31ms
step:2256/3300 train_loss:3.42360 train_time:2719.172s step_avg:1205.31ms
step:2257/3300 train_loss:3.56520 train_time:2720.383s step_avg:1205.31ms
step:2258/3300 train_loss:3.44881 train_time:2721.586s step_avg:1205.31ms
step:2259/3300 train_loss:3.37697 train_time:2722.790s step_avg:1205.31ms
step:2260/3300 train_loss:3.41642 train_time:2723.989s step_avg:1205.30ms
step:2261/3300 train_loss:3.44757 train_time:2725.190s step_avg:1205.30ms
step:2262/3300 train_loss:3.39642 train_time:2726.402s step_avg:1205.31ms
step:2263/3300 train_loss:3.39887 train_time:2727.617s step_avg:1205.31ms
step:2264/3300 train_loss:3.41090 train_time:2728.811s step_avg:1205.31ms
step:2265/3300 train_loss:3.43221 train_time:2730.008s step_avg:1205.30ms
step:2266/3300 train_loss:3.39907 train_time:2731.210s step_avg:1205.30ms
step:2267/3300 train_loss:3.39873 train_time:2732.410s step_avg:1205.30ms
step:2268/3300 train_loss:3.36421 train_time:2733.612s step_avg:1205.30ms
step:2269/3300 train_loss:3.38031 train_time:2734.820s step_avg:1205.30ms
step:2270/3300 train_loss:3.44828 train_time:2736.020s step_avg:1205.30ms
step:2271/3300 train_loss:3.42652 train_time:2737.226s step_avg:1205.30ms
step:2272/3300 train_loss:3.40507 train_time:2738.427s step_avg:1205.29ms
step:2273/3300 train_loss:3.35168 train_time:2739.628s step_avg:1205.29ms
step:2274/3300 train_loss:3.42397 train_time:2740.830s step_avg:1205.29ms
step:2275/3300 train_loss:3.41633 train_time:2742.035s step_avg:1205.29ms
step:2276/3300 train_loss:3.36097 train_time:2743.230s step_avg:1205.29ms
step:2277/3300 train_loss:3.35618 train_time:2744.433s step_avg:1205.28ms
step:2278/3300 train_loss:3.43440 train_time:2745.637s step_avg:1205.28ms
step:2279/3300 train_loss:3.44247 train_time:2746.839s step_avg:1205.28ms
step:2280/3300 train_loss:3.37262 train_time:2748.055s step_avg:1205.29ms
step:2281/3300 train_loss:3.43235 train_time:2749.292s step_avg:1205.30ms
step:2282/3300 train_loss:3.40690 train_time:2750.503s step_avg:1205.30ms
step:2283/3300 train_loss:3.39164 train_time:2751.704s step_avg:1205.30ms
step:2284/3300 train_loss:3.46769 train_time:2752.893s step_avg:1205.29ms
step:2285/3300 train_loss:3.39735 train_time:2754.095s step_avg:1205.29ms
step:2286/3300 train_loss:3.42666 train_time:2755.296s step_avg:1205.29ms
step:2287/3300 train_loss:3.43452 train_time:2756.494s step_avg:1205.29ms
step:2288/3300 train_loss:3.47762 train_time:2757.692s step_avg:1205.28ms
step:2289/3300 train_loss:3.40040 train_time:2758.890s step_avg:1205.28ms
step:2290/3300 train_loss:3.37860 train_time:2760.093s step_avg:1205.28ms
step:2291/3300 train_loss:3.44272 train_time:2761.294s step_avg:1205.28ms
step:2292/3300 train_loss:3.41610 train_time:2762.507s step_avg:1205.28ms
step:2293/3300 train_loss:3.35918 train_time:2763.709s step_avg:1205.28ms
step:2294/3300 train_loss:3.44383 train_time:2764.916s step_avg:1205.28ms
step:2295/3300 train_loss:3.42272 train_time:2766.125s step_avg:1205.28ms
step:2296/3300 train_loss:3.41784 train_time:2767.339s step_avg:1205.29ms
step:2297/3300 train_loss:3.40078 train_time:2768.533s step_avg:1205.28ms
step:2298/3300 train_loss:3.44575 train_time:2769.736s step_avg:1205.28ms
step:2299/3300 train_loss:3.43449 train_time:2770.946s step_avg:1205.28ms
step:2300/3300 train_loss:3.42139 train_time:2772.150s step_avg:1205.28ms
step:2301/3300 train_loss:3.44652 train_time:2773.356s step_avg:1205.28ms
step:2302/3300 train_loss:3.36378 train_time:2774.556s step_avg:1205.28ms
step:2303/3300 train_loss:3.40233 train_time:2775.755s step_avg:1205.28ms
step:2304/3300 train_loss:3.35091 train_time:2776.953s step_avg:1205.27ms
step:2305/3300 train_loss:3.42805 train_time:2778.160s step_avg:1205.28ms
step:2306/3300 train_loss:3.34038 train_time:2779.352s step_avg:1205.27ms
step:2307/3300 train_loss:3.42694 train_time:2780.550s step_avg:1205.27ms
step:2308/3300 train_loss:3.45118 train_time:2781.756s step_avg:1205.27ms
step:2309/3300 train_loss:3.45724 train_time:2782.958s step_avg:1205.27ms
step:2310/3300 train_loss:3.33403 train_time:2784.154s step_avg:1205.26ms
step:2311/3300 train_loss:3.39723 train_time:2785.361s step_avg:1205.26ms
step:2312/3300 train_loss:3.44201 train_time:2786.565s step_avg:1205.26ms
step:2313/3300 train_loss:3.39672 train_time:2787.775s step_avg:1205.26ms
step:2314/3300 train_loss:3.40386 train_time:2788.978s step_avg:1205.26ms
step:2315/3300 train_loss:3.40430 train_time:2790.189s step_avg:1205.27ms
step:2316/3300 train_loss:3.38989 train_time:2791.393s step_avg:1205.26ms
step:2317/3300 train_loss:3.39485 train_time:2792.588s step_avg:1205.26ms
step:2318/3300 train_loss:3.35759 train_time:2793.775s step_avg:1205.25ms
step:2319/3300 train_loss:3.47834 train_time:2794.976s step_avg:1205.25ms
step:2320/3300 train_loss:3.44536 train_time:2796.177s step_avg:1205.25ms
step:2321/3300 train_loss:3.43273 train_time:2797.373s step_avg:1205.24ms
step:2322/3300 train_loss:3.42654 train_time:2798.580s step_avg:1205.25ms
step:2323/3300 train_loss:3.37164 train_time:2799.782s step_avg:1205.24ms
step:2324/3300 train_loss:3.38668 train_time:2800.977s step_avg:1205.24ms
step:2325/3300 train_loss:3.33903 train_time:2802.177s step_avg:1205.24ms
step:2326/3300 train_loss:3.41438 train_time:2803.377s step_avg:1205.24ms
step:2327/3300 train_loss:3.37768 train_time:2804.581s step_avg:1205.23ms
step:2328/3300 train_loss:3.40435 train_time:2805.778s step_avg:1205.23ms
step:2329/3300 train_loss:3.56384 train_time:2806.994s step_avg:1205.24ms
step:2330/3300 train_loss:3.36271 train_time:2808.206s step_avg:1205.24ms
step:2331/3300 train_loss:3.43273 train_time:2809.397s step_avg:1205.23ms
step:2332/3300 train_loss:3.41411 train_time:2810.599s step_avg:1205.23ms
step:2333/3300 train_loss:3.46469 train_time:2811.797s step_avg:1205.23ms
step:2334/3300 train_loss:3.39835 train_time:2813.000s step_avg:1205.23ms
step:2335/3300 train_loss:3.38006 train_time:2814.199s step_avg:1205.22ms
step:2336/3300 train_loss:3.45839 train_time:2815.400s step_avg:1205.22ms
step:2337/3300 train_loss:3.38629 train_time:2816.609s step_avg:1205.22ms
step:2338/3300 train_loss:3.41721 train_time:2817.811s step_avg:1205.22ms
step:2339/3300 train_loss:3.41717 train_time:2819.024s step_avg:1205.23ms
step:2340/3300 train_loss:3.37382 train_time:2820.225s step_avg:1205.22ms
step:2341/3300 train_loss:3.40751 train_time:2821.429s step_avg:1205.22ms
step:2342/3300 train_loss:3.41489 train_time:2822.638s step_avg:1205.23ms
step:2343/3300 train_loss:3.40474 train_time:2823.843s step_avg:1205.23ms
step:2344/3300 train_loss:3.39985 train_time:2825.045s step_avg:1205.22ms
step:2345/3300 train_loss:3.41013 train_time:2826.235s step_avg:1205.22ms
step:2346/3300 train_loss:3.37644 train_time:2827.436s step_avg:1205.22ms
step:2347/3300 train_loss:3.47866 train_time:2828.639s step_avg:1205.21ms
step:2348/3300 train_loss:3.45411 train_time:2829.838s step_avg:1205.21ms
step:2349/3300 train_loss:3.41138 train_time:2831.037s step_avg:1205.21ms
step:2350/3300 train_loss:3.37780 train_time:2832.235s step_avg:1205.21ms
step:2351/3300 train_loss:3.37066 train_time:2833.437s step_avg:1205.20ms
step:2352/3300 train_loss:3.38171 train_time:2834.639s step_avg:1205.20ms
step:2353/3300 train_loss:3.48320 train_time:2835.844s step_avg:1205.20ms
step:2354/3300 train_loss:3.41720 train_time:2837.041s step_avg:1205.20ms
step:2355/3300 train_loss:3.33186 train_time:2838.246s step_avg:1205.20ms
step:2356/3300 train_loss:3.50258 train_time:2839.442s step_avg:1205.20ms
step:2357/3300 train_loss:3.39643 train_time:2840.639s step_avg:1205.19ms
step:2358/3300 train_loss:3.39798 train_time:2841.848s step_avg:1205.19ms
step:2359/3300 train_loss:3.37643 train_time:2843.045s step_avg:1205.19ms
step:2360/3300 train_loss:3.42285 train_time:2844.239s step_avg:1205.19ms
step:2361/3300 train_loss:3.41508 train_time:2845.453s step_avg:1205.19ms
step:2362/3300 train_loss:3.41663 train_time:2846.662s step_avg:1205.19ms
step:2363/3300 train_loss:3.41290 train_time:2847.860s step_avg:1205.19ms
step:2364/3300 train_loss:3.43869 train_time:2849.065s step_avg:1205.19ms
step:2365/3300 train_loss:3.37364 train_time:2850.260s step_avg:1205.18ms
step:2366/3300 train_loss:3.38625 train_time:2851.454s step_avg:1205.18ms
step:2367/3300 train_loss:3.49843 train_time:2852.653s step_avg:1205.18ms
step:2368/3300 train_loss:3.44183 train_time:2853.858s step_avg:1205.18ms
step:2369/3300 train_loss:3.41122 train_time:2855.060s step_avg:1205.18ms
step:2370/3300 train_loss:3.35548 train_time:2856.273s step_avg:1205.18ms
step:2371/3300 train_loss:3.43725 train_time:2857.478s step_avg:1205.18ms
step:2372/3300 train_loss:3.38156 train_time:2858.687s step_avg:1205.18ms
step:2373/3300 train_loss:3.47074 train_time:2859.895s step_avg:1205.18ms
step:2374/3300 train_loss:3.54812 train_time:2861.113s step_avg:1205.19ms
step:2375/3300 train_loss:3.35879 train_time:2862.311s step_avg:1205.18ms
step:2375/3300 val_loss:3.39090 train_time:2862.311s step_avg:1202.78ms
step:2376/3300 train_loss:3.39428 train_time:2863.514s step_avg:1205.18ms
step:2377/3300 train_loss:3.40490 train_time:2864.706s step_avg:1205.18ms
step:2378/3300 train_loss:3.38974 train_time:2865.901s step_avg:1205.17ms
step:2379/3300 train_loss:3.41831 train_time:2867.107s step_avg:1205.17ms
step:2380/3300 train_loss:3.36155 train_time:2868.305s step_avg:1205.17ms
step:2381/3300 train_loss:3.41856 train_time:2869.501s step_avg:1205.17ms
step:2382/3300 train_loss:3.42965 train_time:2870.694s step_avg:1205.16ms
step:2383/3300 train_loss:3.40893 train_time:2871.888s step_avg:1205.16ms
step:2384/3300 train_loss:3.38136 train_time:2873.091s step_avg:1205.16ms
step:2385/3300 train_loss:3.44983 train_time:2874.290s step_avg:1205.15ms
step:2386/3300 train_loss:3.39082 train_time:2875.488s step_avg:1205.15ms
step:2387/3300 train_loss:3.41855 train_time:2876.689s step_avg:1205.15ms
step:2388/3300 train_loss:3.38814 train_time:2877.892s step_avg:1205.15ms
step:2389/3300 train_loss:3.43014 train_time:2879.099s step_avg:1205.15ms
step:2390/3300 train_loss:3.38474 train_time:2880.295s step_avg:1205.14ms
step:2391/3300 train_loss:3.43695 train_time:2881.489s step_avg:1205.14ms
step:2392/3300 train_loss:3.36780 train_time:2882.682s step_avg:1205.13ms
step:2393/3300 train_loss:3.40399 train_time:2883.887s step_avg:1205.13ms
step:2394/3300 train_loss:3.44241 train_time:2885.088s step_avg:1205.13ms
step:2395/3300 train_loss:3.35228 train_time:2886.282s step_avg:1205.13ms
step:2396/3300 train_loss:3.41658 train_time:2887.489s step_avg:1205.13ms
step:2397/3300 train_loss:3.39991 train_time:2888.702s step_avg:1205.13ms
step:2398/3300 train_loss:3.38958 train_time:2889.903s step_avg:1205.13ms
step:2399/3300 train_loss:3.39434 train_time:2891.114s step_avg:1205.13ms
step:2400/3300 train_loss:3.36298 train_time:2892.321s step_avg:1205.13ms
step:2401/3300 train_loss:3.39003 train_time:2893.524s step_avg:1205.13ms
step:2402/3300 train_loss:3.41637 train_time:2894.730s step_avg:1205.13ms
step:2403/3300 train_loss:3.37195 train_time:2895.933s step_avg:1205.13ms
step:2404/3300 train_loss:3.49360 train_time:2897.154s step_avg:1205.14ms
step:2405/3300 train_loss:3.37471 train_time:2898.354s step_avg:1205.14ms
step:2406/3300 train_loss:3.52306 train_time:2899.555s step_avg:1205.13ms
step:2407/3300 train_loss:3.34923 train_time:2900.756s step_avg:1205.13ms
step:2408/3300 train_loss:3.38465 train_time:2901.947s step_avg:1205.13ms
step:2409/3300 train_loss:3.39102 train_time:2903.157s step_avg:1205.13ms
step:2410/3300 train_loss:3.43448 train_time:2904.365s step_avg:1205.13ms
step:2411/3300 train_loss:3.42052 train_time:2905.568s step_avg:1205.13ms
step:2412/3300 train_loss:3.37210 train_time:2906.770s step_avg:1205.13ms
step:2413/3300 train_loss:3.37449 train_time:2907.968s step_avg:1205.13ms
step:2414/3300 train_loss:3.46577 train_time:2909.195s step_avg:1205.13ms
step:2415/3300 train_loss:3.42889 train_time:2910.396s step_avg:1205.13ms
step:2416/3300 train_loss:3.37909 train_time:2911.591s step_avg:1205.13ms
step:2417/3300 train_loss:3.38985 train_time:2912.805s step_avg:1205.13ms
step:2418/3300 train_loss:3.41363 train_time:2914.018s step_avg:1205.14ms
step:2419/3300 train_loss:3.37142 train_time:2915.214s step_avg:1205.13ms
step:2420/3300 train_loss:3.38943 train_time:2916.416s step_avg:1205.13ms
step:2421/3300 train_loss:3.49404 train_time:2917.611s step_avg:1205.13ms
step:2422/3300 train_loss:3.47171 train_time:2918.809s step_avg:1205.12ms
step:2423/3300 train_loss:3.46311 train_time:2920.011s step_avg:1205.12ms
step:2424/3300 train_loss:3.42521 train_time:2921.213s step_avg:1205.12ms
step:2425/3300 train_loss:3.36841 train_time:2922.417s step_avg:1205.12ms
step:2426/3300 train_loss:3.31853 train_time:2923.637s step_avg:1205.13ms
step:2427/3300 train_loss:3.45458 train_time:2924.836s step_avg:1205.12ms
step:2428/3300 train_loss:3.38854 train_time:2926.037s step_avg:1205.12ms
step:2429/3300 train_loss:3.35876 train_time:2927.236s step_avg:1205.12ms
step:2430/3300 train_loss:3.41727 train_time:2928.436s step_avg:1205.12ms
step:2431/3300 train_loss:3.48305 train_time:2929.637s step_avg:1205.12ms
step:2432/3300 train_loss:3.42017 train_time:2930.833s step_avg:1205.11ms
step:2433/3300 train_loss:3.40149 train_time:2932.035s step_avg:1205.11ms
step:2434/3300 train_loss:3.38994 train_time:2933.251s step_avg:1205.12ms
step:2435/3300 train_loss:3.38407 train_time:2934.464s step_avg:1205.12ms
step:2436/3300 train_loss:3.39684 train_time:2935.669s step_avg:1205.12ms
step:2437/3300 train_loss:3.38485 train_time:2936.873s step_avg:1205.12ms
step:2438/3300 train_loss:3.40021 train_time:2938.108s step_avg:1205.13ms
step:2439/3300 train_loss:3.35959 train_time:2939.331s step_avg:1205.14ms
step:2440/3300 train_loss:3.39124 train_time:2940.538s step_avg:1205.14ms
step:2441/3300 train_loss:3.36481 train_time:2941.737s step_avg:1205.14ms
step:2442/3300 train_loss:3.43384 train_time:2942.934s step_avg:1205.13ms
step:2443/3300 train_loss:3.39956 train_time:2944.129s step_avg:1205.13ms
step:2444/3300 train_loss:3.33025 train_time:2945.328s step_avg:1205.13ms
step:2445/3300 train_loss:3.45093 train_time:2946.526s step_avg:1205.12ms
step:2446/3300 train_loss:3.38164 train_time:2947.747s step_avg:1205.13ms
step:2447/3300 train_loss:3.38089 train_time:2948.951s step_avg:1205.13ms
step:2448/3300 train_loss:3.45676 train_time:2950.147s step_avg:1205.13ms
step:2449/3300 train_loss:3.40064 train_time:2951.347s step_avg:1205.12ms
step:2450/3300 train_loss:3.42086 train_time:2952.557s step_avg:1205.13ms
step:2451/3300 train_loss:3.41631 train_time:2953.755s step_avg:1205.12ms
step:2452/3300 train_loss:3.43188 train_time:2954.953s step_avg:1205.12ms
step:2453/3300 train_loss:3.37619 train_time:2956.153s step_avg:1205.12ms
step:2454/3300 train_loss:3.44273 train_time:2957.357s step_avg:1205.12ms
step:2455/3300 train_loss:3.46454 train_time:2958.579s step_avg:1205.12ms
step:2456/3300 train_loss:3.33208 train_time:2959.776s step_avg:1205.12ms
step:2457/3300 train_loss:3.38088 train_time:2960.993s step_avg:1205.13ms
step:2458/3300 train_loss:3.51851 train_time:2962.219s step_avg:1205.13ms
step:2459/3300 train_loss:3.59550 train_time:2963.432s step_avg:1205.14ms
step:2460/3300 train_loss:3.41273 train_time:2964.646s step_avg:1205.14ms
step:2461/3300 train_loss:3.38040 train_time:2965.845s step_avg:1205.14ms
step:2462/3300 train_loss:3.44106 train_time:2967.039s step_avg:1205.13ms
step:2463/3300 train_loss:3.45401 train_time:2968.248s step_avg:1205.14ms
step:2464/3300 train_loss:3.47738 train_time:2969.455s step_avg:1205.14ms
step:2465/3300 train_loss:3.38042 train_time:2970.683s step_avg:1205.15ms
step:2466/3300 train_loss:3.41902 train_time:2971.879s step_avg:1205.14ms
step:2467/3300 train_loss:3.35536 train_time:2973.079s step_avg:1205.14ms
step:2468/3300 train_loss:3.41633 train_time:2974.280s step_avg:1205.14ms
step:2469/3300 train_loss:3.48910 train_time:2975.519s step_avg:1205.15ms
step:2470/3300 train_loss:3.39208 train_time:2976.775s step_avg:1205.17ms
step:2471/3300 train_loss:3.38961 train_time:2978.019s step_avg:1205.19ms
step:2472/3300 train_loss:3.38403 train_time:2979.238s step_avg:1205.19ms
step:2473/3300 train_loss:3.56997 train_time:2980.440s step_avg:1205.19ms
step:2474/3300 train_loss:3.42801 train_time:2981.647s step_avg:1205.19ms
step:2475/3300 train_loss:3.39183 train_time:2982.834s step_avg:1205.19ms
step:2476/3300 train_loss:3.37425 train_time:2984.047s step_avg:1205.19ms
step:2477/3300 train_loss:3.38840 train_time:2985.251s step_avg:1205.19ms
step:2478/3300 train_loss:3.39592 train_time:2986.457s step_avg:1205.19ms
step:2479/3300 train_loss:3.41930 train_time:2987.661s step_avg:1205.19ms
step:2480/3300 train_loss:3.34292 train_time:2988.860s step_avg:1205.19ms
step:2481/3300 train_loss:3.45480 train_time:2990.061s step_avg:1205.18ms
step:2482/3300 train_loss:3.36425 train_time:2991.261s step_avg:1205.18ms
step:2483/3300 train_loss:3.38793 train_time:2992.458s step_avg:1205.18ms
step:2484/3300 train_loss:3.45323 train_time:2993.669s step_avg:1205.18ms
step:2485/3300 train_loss:3.44935 train_time:2994.871s step_avg:1205.18ms
step:2486/3300 train_loss:3.40031 train_time:2996.070s step_avg:1205.18ms
step:2487/3300 train_loss:3.42352 train_time:2997.265s step_avg:1205.17ms
step:2488/3300 train_loss:3.37935 train_time:2998.459s step_avg:1205.17ms
step:2489/3300 train_loss:3.40663 train_time:2999.659s step_avg:1205.17ms
step:2490/3300 train_loss:3.41129 train_time:3000.863s step_avg:1205.17ms
step:2491/3300 train_loss:3.43424 train_time:3002.073s step_avg:1205.17ms
step:2492/3300 train_loss:3.36993 train_time:3003.288s step_avg:1205.17ms
step:2493/3300 train_loss:3.41652 train_time:3004.484s step_avg:1205.17ms
step:2494/3300 train_loss:3.41122 train_time:3005.680s step_avg:1205.16ms
step:2495/3300 train_loss:3.34757 train_time:3006.882s step_avg:1205.16ms
step:2496/3300 train_loss:3.37767 train_time:3008.082s step_avg:1205.16ms
step:2497/3300 train_loss:3.37679 train_time:3009.283s step_avg:1205.16ms
step:2498/3300 train_loss:3.34833 train_time:3010.485s step_avg:1205.16ms
step:2499/3300 train_loss:3.39509 train_time:3011.681s step_avg:1205.15ms
step:2500/3300 train_loss:3.33552 train_time:3012.907s step_avg:1205.16ms
step:2500/3300 val_loss:3.37392 train_time:3012.907s step_avg:1204.77ms
step:2501/3300 train_loss:3.36080 train_time:3014.103s step_avg:1205.16ms
step:2502/3300 train_loss:3.36626 train_time:3015.304s step_avg:1205.16ms
step:2503/3300 train_loss:3.38045 train_time:3016.504s step_avg:1205.16ms
step:2504/3300 train_loss:3.44170 train_time:3017.705s step_avg:1205.15ms
step:2505/3300 train_loss:3.39883 train_time:3018.905s step_avg:1205.15ms
step:2506/3300 train_loss:3.37749 train_time:3020.114s step_avg:1205.15ms
step:2507/3300 train_loss:3.43769 train_time:3021.312s step_avg:1205.15ms
step:2508/3300 train_loss:3.37771 train_time:3022.509s step_avg:1205.15ms
step:2509/3300 train_loss:3.46840 train_time:3023.711s step_avg:1205.15ms
step:2510/3300 train_loss:3.40557 train_time:3024.910s step_avg:1205.14ms
step:2511/3300 train_loss:3.40290 train_time:3026.110s step_avg:1205.14ms
step:2512/3300 train_loss:3.40712 train_time:3027.311s step_avg:1205.14ms
step:2513/3300 train_loss:3.37721 train_time:3028.509s step_avg:1205.14ms
step:2514/3300 train_loss:3.40966 train_time:3029.722s step_avg:1205.14ms
step:2515/3300 train_loss:3.33341 train_time:3030.922s step_avg:1205.14ms
step:2516/3300 train_loss:3.39989 train_time:3032.138s step_avg:1205.14ms
step:2517/3300 train_loss:3.37273 train_time:3033.332s step_avg:1205.14ms
step:2518/3300 train_loss:3.43277 train_time:3034.534s step_avg:1205.14ms
step:2519/3300 train_loss:3.42515 train_time:3035.738s step_avg:1205.14ms
step:2520/3300 train_loss:3.41921 train_time:3036.929s step_avg:1205.13ms
step:2521/3300 train_loss:3.42454 train_time:3038.129s step_avg:1205.13ms
step:2522/3300 train_loss:3.38688 train_time:3039.328s step_avg:1205.13ms
step:2523/3300 train_loss:3.34682 train_time:3040.529s step_avg:1205.12ms
step:2524/3300 train_loss:3.42222 train_time:3041.729s step_avg:1205.12ms
step:2525/3300 train_loss:3.35623 train_time:3042.932s step_avg:1205.12ms
step:2526/3300 train_loss:3.42592 train_time:3044.132s step_avg:1205.12ms
step:2527/3300 train_loss:3.38625 train_time:3045.331s step_avg:1205.12ms
step:2528/3300 train_loss:3.30269 train_time:3046.535s step_avg:1205.12ms
step:2529/3300 train_loss:3.42009 train_time:3047.733s step_avg:1205.11ms
step:2530/3300 train_loss:3.40941 train_time:3048.933s step_avg:1205.11ms
step:2531/3300 train_loss:3.40862 train_time:3050.140s step_avg:1205.11ms
step:2532/3300 train_loss:3.36022 train_time:3051.335s step_avg:1205.11ms
step:2533/3300 train_loss:3.39051 train_time:3052.535s step_avg:1205.11ms
step:2534/3300 train_loss:3.39025 train_time:3053.743s step_avg:1205.11ms
step:2535/3300 train_loss:3.38544 train_time:3054.961s step_avg:1205.11ms
step:2536/3300 train_loss:3.38705 train_time:3056.155s step_avg:1205.11ms
step:2537/3300 train_loss:3.32834 train_time:3057.354s step_avg:1205.11ms
step:2538/3300 train_loss:3.34403 train_time:3058.552s step_avg:1205.10ms
step:2539/3300 train_loss:3.37872 train_time:3059.753s step_avg:1205.10ms
step:2540/3300 train_loss:3.39369 train_time:3060.954s step_avg:1205.10ms
step:2541/3300 train_loss:3.37280 train_time:3062.167s step_avg:1205.10ms
step:2542/3300 train_loss:3.56611 train_time:3063.368s step_avg:1205.10ms
step:2543/3300 train_loss:3.59568 train_time:3064.568s step_avg:1205.10ms
step:2544/3300 train_loss:3.36095 train_time:3065.771s step_avg:1205.10ms
step:2545/3300 train_loss:3.37073 train_time:3066.975s step_avg:1205.10ms
step:2546/3300 train_loss:3.51932 train_time:3068.174s step_avg:1205.10ms
step:2547/3300 train_loss:3.37964 train_time:3069.380s step_avg:1205.10ms
step:2548/3300 train_loss:3.32951 train_time:3070.580s step_avg:1205.09ms
step:2549/3300 train_loss:3.42292 train_time:3071.788s step_avg:1205.10ms
step:2550/3300 train_loss:3.40764 train_time:3072.992s step_avg:1205.09ms
step:2551/3300 train_loss:3.37165 train_time:3074.198s step_avg:1205.10ms
step:2552/3300 train_loss:3.36244 train_time:3075.397s step_avg:1205.09ms
step:2553/3300 train_loss:3.42928 train_time:3076.593s step_avg:1205.09ms
step:2554/3300 train_loss:3.41391 train_time:3077.795s step_avg:1205.09ms
step:2555/3300 train_loss:3.34508 train_time:3078.994s step_avg:1205.09ms
step:2556/3300 train_loss:3.40591 train_time:3080.209s step_avg:1205.09ms
step:2557/3300 train_loss:3.38850 train_time:3081.411s step_avg:1205.09ms
step:2558/3300 train_loss:3.36374 train_time:3082.614s step_avg:1205.09ms
step:2559/3300 train_loss:3.35599 train_time:3083.814s step_avg:1205.09ms
step:2560/3300 train_loss:3.39037 train_time:3085.044s step_avg:1205.10ms
step:2561/3300 train_loss:3.41306 train_time:3086.252s step_avg:1205.10ms
step:2562/3300 train_loss:3.35432 train_time:3087.454s step_avg:1205.10ms
step:2563/3300 train_loss:3.45177 train_time:3088.658s step_avg:1205.09ms
step:2564/3300 train_loss:3.39749 train_time:3089.854s step_avg:1205.09ms
step:2565/3300 train_loss:3.33584 train_time:3091.072s step_avg:1205.10ms
step:2566/3300 train_loss:3.40672 train_time:3092.287s step_avg:1205.10ms
step:2567/3300 train_loss:3.41857 train_time:3093.498s step_avg:1205.10ms
step:2568/3300 train_loss:3.38912 train_time:3094.710s step_avg:1205.11ms
step:2569/3300 train_loss:3.35139 train_time:3095.919s step_avg:1205.11ms
step:2570/3300 train_loss:3.40784 train_time:3097.115s step_avg:1205.10ms
step:2571/3300 train_loss:3.35140 train_time:3098.314s step_avg:1205.10ms
step:2572/3300 train_loss:3.36466 train_time:3099.517s step_avg:1205.10ms
step:2573/3300 train_loss:3.32750 train_time:3100.723s step_avg:1205.10ms
step:2574/3300 train_loss:3.37177 train_time:3101.932s step_avg:1205.10ms
step:2575/3300 train_loss:3.36528 train_time:3103.134s step_avg:1205.10ms
step:2576/3300 train_loss:3.39838 train_time:3104.336s step_avg:1205.10ms
step:2577/3300 train_loss:3.36605 train_time:3105.543s step_avg:1205.10ms
step:2578/3300 train_loss:3.37520 train_time:3106.736s step_avg:1205.10ms
step:2579/3300 train_loss:3.31333 train_time:3107.934s step_avg:1205.09ms
step:2580/3300 train_loss:3.35440 train_time:3109.132s step_avg:1205.09ms
step:2581/3300 train_loss:3.43747 train_time:3110.335s step_avg:1205.09ms
step:2582/3300 train_loss:3.33402 train_time:3111.536s step_avg:1205.09ms
step:2583/3300 train_loss:3.42324 train_time:3112.734s step_avg:1205.08ms
step:2584/3300 train_loss:3.44093 train_time:3113.938s step_avg:1205.08ms
step:2585/3300 train_loss:3.41917 train_time:3115.146s step_avg:1205.09ms
step:2586/3300 train_loss:3.39911 train_time:3116.342s step_avg:1205.08ms
step:2587/3300 train_loss:3.37543 train_time:3117.538s step_avg:1205.08ms
step:2588/3300 train_loss:3.40366 train_time:3118.749s step_avg:1205.08ms
step:2589/3300 train_loss:3.31317 train_time:3119.956s step_avg:1205.08ms
step:2590/3300 train_loss:3.43989 train_time:3121.161s step_avg:1205.08ms
step:2591/3300 train_loss:3.42670 train_time:3122.370s step_avg:1205.08ms
step:2592/3300 train_loss:3.45363 train_time:3123.570s step_avg:1205.08ms
step:2593/3300 train_loss:3.38520 train_time:3124.774s step_avg:1205.08ms
step:2594/3300 train_loss:3.37531 train_time:3125.976s step_avg:1205.08ms
step:2595/3300 train_loss:3.42282 train_time:3127.176s step_avg:1205.08ms
step:2596/3300 train_loss:3.33161 train_time:3128.376s step_avg:1205.08ms
step:2597/3300 train_loss:3.46751 train_time:3129.587s step_avg:1205.08ms
step:2598/3300 train_loss:3.38244 train_time:3130.789s step_avg:1205.08ms
step:2599/3300 train_loss:3.33090 train_time:3131.991s step_avg:1205.08ms
step:2600/3300 train_loss:3.39186 train_time:3133.195s step_avg:1205.08ms
step:2601/3300 train_loss:3.32888 train_time:3134.400s step_avg:1205.07ms
step:2602/3300 train_loss:3.38377 train_time:3135.604s step_avg:1205.07ms
step:2603/3300 train_loss:3.40697 train_time:3136.802s step_avg:1205.07ms
step:2604/3300 train_loss:3.38927 train_time:3138.001s step_avg:1205.07ms
step:2605/3300 train_loss:3.35544 train_time:3139.215s step_avg:1205.07ms
step:2606/3300 train_loss:3.35130 train_time:3140.420s step_avg:1205.07ms
step:2607/3300 train_loss:3.33472 train_time:3141.626s step_avg:1205.07ms
step:2608/3300 train_loss:3.40825 train_time:3142.827s step_avg:1205.07ms
step:2609/3300 train_loss:3.38811 train_time:3144.024s step_avg:1205.07ms
step:2610/3300 train_loss:3.36859 train_time:3145.234s step_avg:1205.07ms
step:2611/3300 train_loss:3.33537 train_time:3146.433s step_avg:1205.07ms
step:2612/3300 train_loss:3.36298 train_time:3147.634s step_avg:1205.07ms
step:2613/3300 train_loss:3.37549 train_time:3148.840s step_avg:1205.07ms
step:2614/3300 train_loss:3.42781 train_time:3150.050s step_avg:1205.07ms
step:2615/3300 train_loss:3.32215 train_time:3151.268s step_avg:1205.07ms
step:2616/3300 train_loss:3.32323 train_time:3152.459s step_avg:1205.07ms
step:2617/3300 train_loss:3.40933 train_time:3153.672s step_avg:1205.07ms
step:2618/3300 train_loss:3.37095 train_time:3154.878s step_avg:1205.07ms
step:2619/3300 train_loss:3.37486 train_time:3156.078s step_avg:1205.07ms
step:2620/3300 train_loss:3.41959 train_time:3157.278s step_avg:1205.07ms
step:2621/3300 train_loss:3.37422 train_time:3158.478s step_avg:1205.07ms
step:2622/3300 train_loss:3.38199 train_time:3159.678s step_avg:1205.06ms
step:2623/3300 train_loss:3.39018 train_time:3160.890s step_avg:1205.07ms
step:2624/3300 train_loss:3.37742 train_time:3162.085s step_avg:1205.06ms
step:2625/3300 train_loss:3.34664 train_time:3163.281s step_avg:1205.06ms
step:2625/3300 val_loss:3.35633 train_time:3163.281s step_avg:1202.99ms
step:2626/3300 train_loss:3.39521 train_time:3164.481s step_avg:1205.06ms
step:2627/3300 train_loss:3.37715 train_time:3165.681s step_avg:1205.06ms
step:2628/3300 train_loss:3.41463 train_time:3166.894s step_avg:1205.06ms
step:2629/3300 train_loss:3.38892 train_time:3168.094s step_avg:1205.06ms
step:2630/3300 train_loss:3.36168 train_time:3169.296s step_avg:1205.06ms
step:2631/3300 train_loss:3.42919 train_time:3170.483s step_avg:1205.05ms
step:2632/3300 train_loss:3.33293 train_time:3171.714s step_avg:1205.06ms
step:2633/3300 train_loss:3.40135 train_time:3172.919s step_avg:1205.06ms
step:2634/3300 train_loss:3.31252 train_time:3174.126s step_avg:1205.06ms
step:2635/3300 train_loss:3.33578 train_time:3175.327s step_avg:1205.06ms
step:2636/3300 train_loss:3.36813 train_time:3176.534s step_avg:1205.06ms
step:2637/3300 train_loss:3.35860 train_time:3177.737s step_avg:1205.06ms
step:2638/3300 train_loss:3.39251 train_time:3178.940s step_avg:1205.06ms
step:2639/3300 train_loss:3.37991 train_time:3180.147s step_avg:1205.06ms
step:2640/3300 train_loss:3.42425 train_time:3181.349s step_avg:1205.06ms
step:2641/3300 train_loss:3.36074 train_time:3182.555s step_avg:1205.06ms
step:2642/3300 train_loss:3.32640 train_time:3183.750s step_avg:1205.05ms
step:2643/3300 train_loss:3.36512 train_time:3184.950s step_avg:1205.05ms
step:2644/3300 train_loss:3.36303 train_time:3186.152s step_avg:1205.05ms
step:2645/3300 train_loss:3.41351 train_time:3187.364s step_avg:1205.05ms
step:2646/3300 train_loss:3.35480 train_time:3188.566s step_avg:1205.05ms
step:2647/3300 train_loss:3.36191 train_time:3189.769s step_avg:1205.05ms
step:2648/3300 train_loss:3.39012 train_time:3190.972s step_avg:1205.05ms
step:2649/3300 train_loss:3.40641 train_time:3192.173s step_avg:1205.05ms
step:2650/3300 train_loss:3.40421 train_time:3193.373s step_avg:1205.05ms
step:2651/3300 train_loss:3.39899 train_time:3194.569s step_avg:1205.04ms
step:2652/3300 train_loss:3.38303 train_time:3195.769s step_avg:1205.04ms
step:2653/3300 train_loss:3.40931 train_time:3196.968s step_avg:1205.04ms
step:2654/3300 train_loss:3.40516 train_time:3198.169s step_avg:1205.04ms
step:2655/3300 train_loss:3.36953 train_time:3199.369s step_avg:1205.04ms
step:2656/3300 train_loss:3.37933 train_time:3200.588s step_avg:1205.04ms
step:2657/3300 train_loss:3.33388 train_time:3201.801s step_avg:1205.04ms
step:2658/3300 train_loss:3.35913 train_time:3203.010s step_avg:1205.05ms
step:2659/3300 train_loss:3.38351 train_time:3204.214s step_avg:1205.04ms
step:2660/3300 train_loss:3.35940 train_time:3205.414s step_avg:1205.04ms
step:2661/3300 train_loss:3.38057 train_time:3206.694s step_avg:1205.07ms
step:2662/3300 train_loss:3.37164 train_time:3207.890s step_avg:1205.07ms
step:2663/3300 train_loss:3.36045 train_time:3209.094s step_avg:1205.07ms
step:2664/3300 train_loss:3.33450 train_time:3210.298s step_avg:1205.07ms
step:2665/3300 train_loss:3.38848 train_time:3211.492s step_avg:1205.06ms
step:2666/3300 train_loss:3.40315 train_time:3212.692s step_avg:1205.06ms
step:2667/3300 train_loss:3.39918 train_time:3213.899s step_avg:1205.06ms
step:2668/3300 train_loss:3.35333 train_time:3215.092s step_avg:1205.06ms
step:2669/3300 train_loss:3.38643 train_time:3216.292s step_avg:1205.05ms
step:2670/3300 train_loss:3.34552 train_time:3217.559s step_avg:1205.08ms
step:2671/3300 train_loss:3.33242 train_time:3218.757s step_avg:1205.08ms
step:2672/3300 train_loss:3.30361 train_time:3219.960s step_avg:1205.07ms
step:2673/3300 train_loss:3.35337 train_time:3221.150s step_avg:1205.07ms
step:2674/3300 train_loss:3.36839 train_time:3222.364s step_avg:1205.07ms
step:2675/3300 train_loss:3.41439 train_time:3223.568s step_avg:1205.07ms
step:2676/3300 train_loss:3.33693 train_time:3224.767s step_avg:1205.07ms
step:2677/3300 train_loss:3.28051 train_time:3225.968s step_avg:1205.07ms
step:2678/3300 train_loss:3.41637 train_time:3227.167s step_avg:1205.07ms
step:2679/3300 train_loss:3.41839 train_time:3228.368s step_avg:1205.06ms
step:2680/3300 train_loss:3.31330 train_time:3229.568s step_avg:1205.06ms
step:2681/3300 train_loss:3.35516 train_time:3230.767s step_avg:1205.06ms
step:2682/3300 train_loss:3.41148 train_time:3231.975s step_avg:1205.06ms
step:2683/3300 train_loss:3.40529 train_time:3233.182s step_avg:1205.06ms
step:2684/3300 train_loss:3.45103 train_time:3234.387s step_avg:1205.06ms
step:2685/3300 train_loss:3.38797 train_time:3235.587s step_avg:1205.06ms
step:2686/3300 train_loss:3.34155 train_time:3236.797s step_avg:1205.06ms
step:2687/3300 train_loss:3.39222 train_time:3237.990s step_avg:1205.06ms
step:2688/3300 train_loss:3.35163 train_time:3239.184s step_avg:1205.05ms
step:2689/3300 train_loss:3.40229 train_time:3240.379s step_avg:1205.05ms
step:2690/3300 train_loss:3.37909 train_time:3241.577s step_avg:1205.05ms
step:2691/3300 train_loss:3.36434 train_time:3242.772s step_avg:1205.04ms
step:2692/3300 train_loss:3.41543 train_time:3243.980s step_avg:1205.04ms
step:2693/3300 train_loss:3.40673 train_time:3245.177s step_avg:1205.04ms
step:2694/3300 train_loss:3.33874 train_time:3246.376s step_avg:1205.04ms
step:2695/3300 train_loss:3.32270 train_time:3247.574s step_avg:1205.04ms
step:2696/3300 train_loss:3.46912 train_time:3248.774s step_avg:1205.03ms
step:2697/3300 train_loss:3.35273 train_time:3249.977s step_avg:1205.03ms
step:2698/3300 train_loss:3.28157 train_time:3251.174s step_avg:1205.03ms
step:2699/3300 train_loss:3.36497 train_time:3252.377s step_avg:1205.03ms
step:2700/3300 train_loss:3.37265 train_time:3253.592s step_avg:1205.03ms
step:2701/3300 train_loss:3.35907 train_time:3254.797s step_avg:1205.03ms
step:2702/3300 train_loss:3.35615 train_time:3255.995s step_avg:1205.03ms
step:2703/3300 train_loss:3.41430 train_time:3257.201s step_avg:1205.03ms
step:2704/3300 train_loss:3.36004 train_time:3258.403s step_avg:1205.03ms
step:2705/3300 train_loss:3.35759 train_time:3259.600s step_avg:1205.03ms
step:2706/3300 train_loss:3.37836 train_time:3260.794s step_avg:1205.02ms
step:2707/3300 train_loss:3.39003 train_time:3261.993s step_avg:1205.02ms
step:2708/3300 train_loss:3.34800 train_time:3263.205s step_avg:1205.02ms
step:2709/3300 train_loss:3.39705 train_time:3264.413s step_avg:1205.03ms
step:2710/3300 train_loss:3.32992 train_time:3265.617s step_avg:1205.02ms
step:2711/3300 train_loss:3.42515 train_time:3266.819s step_avg:1205.02ms
step:2712/3300 train_loss:3.36807 train_time:3268.038s step_avg:1205.03ms
step:2713/3300 train_loss:3.35109 train_time:3269.249s step_avg:1205.03ms
step:2714/3300 train_loss:3.35688 train_time:3270.461s step_avg:1205.03ms
step:2715/3300 train_loss:3.31511 train_time:3271.659s step_avg:1205.03ms
step:2716/3300 train_loss:3.34611 train_time:3272.860s step_avg:1205.03ms
step:2717/3300 train_loss:3.34867 train_time:3274.069s step_avg:1205.03ms
step:2718/3300 train_loss:3.41111 train_time:3275.271s step_avg:1205.03ms
step:2719/3300 train_loss:3.35270 train_time:3276.474s step_avg:1205.03ms
step:2720/3300 train_loss:3.37077 train_time:3277.682s step_avg:1205.03ms
step:2721/3300 train_loss:3.40439 train_time:3278.879s step_avg:1205.03ms
step:2722/3300 train_loss:3.48769 train_time:3280.083s step_avg:1205.03ms
step:2723/3300 train_loss:3.33957 train_time:3281.281s step_avg:1205.02ms
step:2724/3300 train_loss:3.36893 train_time:3282.481s step_avg:1205.02ms
step:2725/3300 train_loss:3.40515 train_time:3283.680s step_avg:1205.02ms
step:2726/3300 train_loss:3.36109 train_time:3284.875s step_avg:1205.02ms
step:2727/3300 train_loss:3.34626 train_time:3286.070s step_avg:1205.01ms
step:2728/3300 train_loss:3.37414 train_time:3287.280s step_avg:1205.01ms
step:2729/3300 train_loss:3.40291 train_time:3288.477s step_avg:1205.01ms
step:2730/3300 train_loss:3.40689 train_time:3289.677s step_avg:1205.01ms
step:2731/3300 train_loss:3.32946 train_time:3290.879s step_avg:1205.01ms
step:2732/3300 train_loss:3.31939 train_time:3292.076s step_avg:1205.01ms
step:2733/3300 train_loss:3.29195 train_time:3293.277s step_avg:1205.00ms
step:2734/3300 train_loss:3.34858 train_time:3294.479s step_avg:1205.00ms
step:2735/3300 train_loss:3.36273 train_time:3295.681s step_avg:1205.00ms
step:2736/3300 train_loss:3.35627 train_time:3296.883s step_avg:1205.00ms
step:2737/3300 train_loss:3.36386 train_time:3298.078s step_avg:1205.00ms
step:2738/3300 train_loss:3.33629 train_time:3299.270s step_avg:1204.99ms
step:2739/3300 train_loss:3.30005 train_time:3300.464s step_avg:1204.99ms
step:2740/3300 train_loss:3.36918 train_time:3301.663s step_avg:1204.99ms
step:2741/3300 train_loss:3.36497 train_time:3302.863s step_avg:1204.98ms
step:2742/3300 train_loss:3.39487 train_time:3304.056s step_avg:1204.98ms
step:2743/3300 train_loss:3.38807 train_time:3305.250s step_avg:1204.98ms
step:2744/3300 train_loss:3.41111 train_time:3306.443s step_avg:1204.97ms
step:2745/3300 train_loss:3.31584 train_time:3307.640s step_avg:1204.97ms
step:2746/3300 train_loss:3.36146 train_time:3308.841s step_avg:1204.97ms
step:2747/3300 train_loss:3.34359 train_time:3310.040s step_avg:1204.97ms
step:2748/3300 train_loss:3.37574 train_time:3311.238s step_avg:1204.96ms
step:2749/3300 train_loss:3.36407 train_time:3312.454s step_avg:1204.97ms
step:2750/3300 train_loss:3.38213 train_time:3313.652s step_avg:1204.96ms
step:2750/3300 val_loss:3.34034 train_time:3313.654s step_avg:1202.98ms
step:2751/3300 train_loss:3.33474 train_time:3314.856s step_avg:1204.96ms
step:2752/3300 train_loss:3.31323 train_time:3316.056s step_avg:1204.96ms
step:2753/3300 train_loss:3.32943 train_time:3317.253s step_avg:1204.96ms
step:2754/3300 train_loss:3.32829 train_time:3318.452s step_avg:1204.96ms
step:2755/3300 train_loss:3.29687 train_time:3319.651s step_avg:1204.96ms
step:2756/3300 train_loss:3.33501 train_time:3320.853s step_avg:1204.95ms
step:2757/3300 train_loss:3.42266 train_time:3322.051s step_avg:1204.95ms
step:2758/3300 train_loss:3.31887 train_time:3323.244s step_avg:1204.95ms
step:2759/3300 train_loss:3.34183 train_time:3324.439s step_avg:1204.94ms
step:2760/3300 train_loss:3.37019 train_time:3325.641s step_avg:1204.94ms
step:2761/3300 train_loss:3.36873 train_time:3326.842s step_avg:1204.94ms
step:2762/3300 train_loss:3.31677 train_time:3328.041s step_avg:1204.94ms
step:2763/3300 train_loss:3.36330 train_time:3329.241s step_avg:1204.94ms
step:2764/3300 train_loss:3.39796 train_time:3330.440s step_avg:1204.93ms
step:2765/3300 train_loss:3.33235 train_time:3331.639s step_avg:1204.93ms
step:2766/3300 train_loss:3.32062 train_time:3332.843s step_avg:1204.93ms
step:2767/3300 train_loss:3.34523 train_time:3334.045s step_avg:1204.93ms
step:2768/3300 train_loss:3.35671 train_time:3335.247s step_avg:1204.93ms
step:2769/3300 train_loss:3.33132 train_time:3336.443s step_avg:1204.93ms
step:2770/3300 train_loss:3.27358 train_time:3337.644s step_avg:1204.93ms
step:2771/3300 train_loss:3.46782 train_time:3338.840s step_avg:1204.92ms
step:2772/3300 train_loss:3.33058 train_time:3340.035s step_avg:1204.92ms
step:2773/3300 train_loss:3.31267 train_time:3341.226s step_avg:1204.91ms
step:2774/3300 train_loss:3.33274 train_time:3342.419s step_avg:1204.91ms
step:2775/3300 train_loss:3.36798 train_time:3343.611s step_avg:1204.90ms
step:2776/3300 train_loss:3.42179 train_time:3344.797s step_avg:1204.90ms
step:2777/3300 train_loss:3.41242 train_time:3345.993s step_avg:1204.89ms
step:2778/3300 train_loss:3.38657 train_time:3347.186s step_avg:1204.89ms
step:2779/3300 train_loss:3.35271 train_time:3348.383s step_avg:1204.89ms
step:2780/3300 train_loss:3.36671 train_time:3349.579s step_avg:1204.88ms
step:2781/3300 train_loss:3.32406 train_time:3350.770s step_avg:1204.88ms
step:2782/3300 train_loss:3.37021 train_time:3351.963s step_avg:1204.88ms
step:2783/3300 train_loss:3.36573 train_time:3353.156s step_avg:1204.87ms
step:2784/3300 train_loss:3.36741 train_time:3354.371s step_avg:1204.87ms
step:2785/3300 train_loss:3.32872 train_time:3355.556s step_avg:1204.87ms
step:2786/3300 train_loss:3.36817 train_time:3356.746s step_avg:1204.86ms
step:2787/3300 train_loss:3.37710 train_time:3357.938s step_avg:1204.86ms
step:2788/3300 train_loss:3.39377 train_time:3359.142s step_avg:1204.86ms
step:2789/3300 train_loss:3.39438 train_time:3360.335s step_avg:1204.85ms
step:2790/3300 train_loss:3.33779 train_time:3361.531s step_avg:1204.85ms
step:2791/3300 train_loss:3.32049 train_time:3362.719s step_avg:1204.84ms
step:2792/3300 train_loss:3.36094 train_time:3363.912s step_avg:1204.84ms
step:2793/3300 train_loss:3.42163 train_time:3365.106s step_avg:1204.84ms
step:2794/3300 train_loss:3.32039 train_time:3366.301s step_avg:1204.83ms
step:2795/3300 train_loss:3.41387 train_time:3367.505s step_avg:1204.83ms
step:2796/3300 train_loss:3.32360 train_time:3368.708s step_avg:1204.83ms
step:2797/3300 train_loss:3.36907 train_time:3369.904s step_avg:1204.83ms
step:2798/3300 train_loss:3.33829 train_time:3371.143s step_avg:1204.84ms
step:2799/3300 train_loss:3.36405 train_time:3372.387s step_avg:1204.85ms
step:2800/3300 train_loss:3.39590 train_time:3373.590s step_avg:1204.85ms
step:2801/3300 train_loss:3.37756 train_time:3374.781s step_avg:1204.85ms
step:2802/3300 train_loss:3.30950 train_time:3375.986s step_avg:1204.85ms
step:2803/3300 train_loss:3.39881 train_time:3377.188s step_avg:1204.85ms
step:2804/3300 train_loss:3.46125 train_time:3378.391s step_avg:1204.85ms
step:2805/3300 train_loss:3.32768 train_time:3379.586s step_avg:1204.84ms
step:2806/3300 train_loss:3.43335 train_time:3380.779s step_avg:1204.84ms
step:2807/3300 train_loss:3.38640 train_time:3381.974s step_avg:1204.84ms
step:2808/3300 train_loss:3.33903 train_time:3383.159s step_avg:1204.83ms
step:2809/3300 train_loss:3.38904 train_time:3384.356s step_avg:1204.83ms
step:2810/3300 train_loss:3.35354 train_time:3385.564s step_avg:1204.83ms
step:2811/3300 train_loss:3.38388 train_time:3386.770s step_avg:1204.83ms
step:2812/3300 train_loss:3.30789 train_time:3387.967s step_avg:1204.82ms
step:2813/3300 train_loss:3.39050 train_time:3389.171s step_avg:1204.82ms
step:2814/3300 train_loss:3.34097 train_time:3390.366s step_avg:1204.82ms
step:2815/3300 train_loss:3.25937 train_time:3391.562s step_avg:1204.82ms
step:2816/3300 train_loss:3.31050 train_time:3392.758s step_avg:1204.81ms
step:2817/3300 train_loss:3.36251 train_time:3393.970s step_avg:1204.82ms
step:2818/3300 train_loss:3.35878 train_time:3395.177s step_avg:1204.82ms
step:2819/3300 train_loss:3.37008 train_time:3396.375s step_avg:1204.82ms
step:2820/3300 train_loss:3.36727 train_time:3397.567s step_avg:1204.81ms
step:2821/3300 train_loss:3.39973 train_time:3398.767s step_avg:1204.81ms
step:2822/3300 train_loss:3.36449 train_time:3399.966s step_avg:1204.81ms
step:2823/3300 train_loss:3.33598 train_time:3401.183s step_avg:1204.81ms
step:2824/3300 train_loss:3.28591 train_time:3402.386s step_avg:1204.81ms
step:2825/3300 train_loss:3.37777 train_time:3403.588s step_avg:1204.81ms
step:2826/3300 train_loss:3.33875 train_time:3404.801s step_avg:1204.81ms
step:2827/3300 train_loss:3.35063 train_time:3406.012s step_avg:1204.82ms
step:2828/3300 train_loss:3.33853 train_time:3407.207s step_avg:1204.81ms
step:2829/3300 train_loss:3.34642 train_time:3408.408s step_avg:1204.81ms
step:2830/3300 train_loss:3.37315 train_time:3409.630s step_avg:1204.82ms
step:2831/3300 train_loss:3.36326 train_time:3410.834s step_avg:1204.82ms
step:2832/3300 train_loss:3.36780 train_time:3412.029s step_avg:1204.81ms
step:2833/3300 train_loss:3.45751 train_time:3413.242s step_avg:1204.82ms
step:2834/3300 train_loss:3.35114 train_time:3414.447s step_avg:1204.82ms
step:2835/3300 train_loss:3.39669 train_time:3415.646s step_avg:1204.81ms
step:2836/3300 train_loss:3.33103 train_time:3416.851s step_avg:1204.81ms
step:2837/3300 train_loss:3.34363 train_time:3418.049s step_avg:1204.81ms
step:2838/3300 train_loss:3.38381 train_time:3419.251s step_avg:1204.81ms
step:2839/3300 train_loss:3.36213 train_time:3420.447s step_avg:1204.81ms
step:2840/3300 train_loss:3.33390 train_time:3421.650s step_avg:1204.81ms
step:2841/3300 train_loss:3.36861 train_time:3422.861s step_avg:1204.81ms
step:2842/3300 train_loss:3.35569 train_time:3424.066s step_avg:1204.81ms
step:2843/3300 train_loss:3.35599 train_time:3425.267s step_avg:1204.81ms
step:2844/3300 train_loss:3.45349 train_time:3426.468s step_avg:1204.81ms
step:2845/3300 train_loss:3.31611 train_time:3427.675s step_avg:1204.81ms
step:2846/3300 train_loss:3.32078 train_time:3428.876s step_avg:1204.81ms
step:2847/3300 train_loss:3.33995 train_time:3430.082s step_avg:1204.81ms
step:2848/3300 train_loss:3.37021 train_time:3431.291s step_avg:1204.81ms
step:2849/3300 train_loss:3.32801 train_time:3432.487s step_avg:1204.80ms
step:2850/3300 train_loss:3.34909 train_time:3433.689s step_avg:1204.80ms
step:2851/3300 train_loss:3.30296 train_time:3434.930s step_avg:1204.82ms
step:2852/3300 train_loss:3.36184 train_time:3436.135s step_avg:1204.82ms
step:2853/3300 train_loss:3.31914 train_time:3437.330s step_avg:1204.81ms
step:2854/3300 train_loss:3.32789 train_time:3438.530s step_avg:1204.81ms
step:2855/3300 train_loss:3.37478 train_time:3439.734s step_avg:1204.81ms
step:2856/3300 train_loss:3.44184 train_time:3440.936s step_avg:1204.81ms
step:2857/3300 train_loss:3.34923 train_time:3442.135s step_avg:1204.81ms
step:2858/3300 train_loss:3.38941 train_time:3443.331s step_avg:1204.80ms
step:2859/3300 train_loss:3.33857 train_time:3444.530s step_avg:1204.80ms
step:2860/3300 train_loss:3.30717 train_time:3445.731s step_avg:1204.80ms
step:2861/3300 train_loss:3.42423 train_time:3446.931s step_avg:1204.80ms
step:2862/3300 train_loss:3.38690 train_time:3448.130s step_avg:1204.80ms
step:2863/3300 train_loss:3.40042 train_time:3449.331s step_avg:1204.80ms
step:2864/3300 train_loss:3.33163 train_time:3450.532s step_avg:1204.79ms
step:2865/3300 train_loss:3.37788 train_time:3451.745s step_avg:1204.80ms
step:2866/3300 train_loss:3.28987 train_time:3452.960s step_avg:1204.80ms
step:2867/3300 train_loss:3.32909 train_time:3454.155s step_avg:1204.80ms
step:2868/3300 train_loss:3.35977 train_time:3455.358s step_avg:1204.80ms
step:2869/3300 train_loss:3.32312 train_time:3456.558s step_avg:1204.80ms
step:2870/3300 train_loss:3.33004 train_time:3457.764s step_avg:1204.80ms
step:2871/3300 train_loss:3.32396 train_time:3458.981s step_avg:1204.80ms
step:2872/3300 train_loss:3.30302 train_time:3460.199s step_avg:1204.80ms
step:2873/3300 train_loss:3.26019 train_time:3461.404s step_avg:1204.80ms
step:2874/3300 train_loss:3.36632 train_time:3462.619s step_avg:1204.81ms
step:2875/3300 train_loss:3.40840 train_time:3463.822s step_avg:1204.81ms
step:2875/3300 val_loss:3.32365 train_time:3463.822s step_avg:1201.35ms
step:2876/3300 train_loss:3.34517 train_time:3465.032s step_avg:1204.81ms
step:2877/3300 train_loss:3.33679 train_time:3466.243s step_avg:1204.81ms
step:2878/3300 train_loss:3.37229 train_time:3467.467s step_avg:1204.82ms
step:2879/3300 train_loss:3.36300 train_time:3468.678s step_avg:1204.82ms
step:2880/3300 train_loss:3.33165 train_time:3469.886s step_avg:1204.82ms
step:2881/3300 train_loss:3.31551 train_time:3471.080s step_avg:1204.82ms
step:2882/3300 train_loss:3.38223 train_time:3472.306s step_avg:1204.83ms
step:2883/3300 train_loss:3.32247 train_time:3473.507s step_avg:1204.82ms
step:2884/3300 train_loss:3.35061 train_time:3474.706s step_avg:1204.82ms
step:2885/3300 train_loss:3.31017 train_time:3475.898s step_avg:1204.82ms
step:2886/3300 train_loss:3.35375 train_time:3477.104s step_avg:1204.82ms
step:2887/3300 train_loss:3.41497 train_time:3478.326s step_avg:1204.82ms
step:2888/3300 train_loss:3.40769 train_time:3479.524s step_avg:1204.82ms
step:2889/3300 train_loss:3.48031 train_time:3480.722s step_avg:1204.82ms
step:2890/3300 train_loss:3.30660 train_time:3481.924s step_avg:1204.82ms
step:2891/3300 train_loss:3.34395 train_time:3483.122s step_avg:1204.82ms
step:2892/3300 train_loss:3.27547 train_time:3484.346s step_avg:1204.82ms
step:2893/3300 train_loss:3.29478 train_time:3485.545s step_avg:1204.82ms
step:2894/3300 train_loss:3.32967 train_time:3486.749s step_avg:1204.82ms
step:2895/3300 train_loss:3.39950 train_time:3487.945s step_avg:1204.82ms
step:2896/3300 train_loss:3.39070 train_time:3489.145s step_avg:1204.82ms
step:2897/3300 train_loss:3.30934 train_time:3490.342s step_avg:1204.81ms
step:2898/3300 train_loss:3.55857 train_time:3491.537s step_avg:1204.81ms
step:2899/3300 train_loss:3.34317 train_time:3492.742s step_avg:1204.81ms
step:2900/3300 train_loss:3.36005 train_time:3493.947s step_avg:1204.81ms
step:2901/3300 train_loss:3.32266 train_time:3495.151s step_avg:1204.81ms
step:2902/3300 train_loss:3.42083 train_time:3496.351s step_avg:1204.81ms
step:2903/3300 train_loss:3.31725 train_time:3497.547s step_avg:1204.80ms
step:2904/3300 train_loss:3.37327 train_time:3498.741s step_avg:1204.80ms
step:2905/3300 train_loss:3.39669 train_time:3499.942s step_avg:1204.80ms
step:2906/3300 train_loss:3.34478 train_time:3501.149s step_avg:1204.80ms
step:2907/3300 train_loss:3.36328 train_time:3502.354s step_avg:1204.80ms
step:2908/3300 train_loss:3.37738 train_time:3503.558s step_avg:1204.80ms
step:2909/3300 train_loss:3.40360 train_time:3504.771s step_avg:1204.80ms
step:2910/3300 train_loss:3.35304 train_time:3505.963s step_avg:1204.80ms
step:2911/3300 train_loss:3.33501 train_time:3507.161s step_avg:1204.80ms
step:2912/3300 train_loss:3.31031 train_time:3508.367s step_avg:1204.80ms
step:2913/3300 train_loss:3.39426 train_time:3509.565s step_avg:1204.79ms
step:2914/3300 train_loss:3.35442 train_time:3510.769s step_avg:1204.79ms
step:2915/3300 train_loss:3.35589 train_time:3511.974s step_avg:1204.79ms
step:2916/3300 train_loss:3.33307 train_time:3513.162s step_avg:1204.79ms
step:2917/3300 train_loss:3.40320 train_time:3514.366s step_avg:1204.79ms
step:2918/3300 train_loss:3.23571 train_time:3515.561s step_avg:1204.78ms
step:2919/3300 train_loss:3.30255 train_time:3516.768s step_avg:1204.79ms
step:2920/3300 train_loss:3.27406 train_time:3517.970s step_avg:1204.78ms
step:2921/3300 train_loss:3.35544 train_time:3519.165s step_avg:1204.78ms
step:2922/3300 train_loss:3.49011 train_time:3520.370s step_avg:1204.78ms
step:2923/3300 train_loss:3.34786 train_time:3521.573s step_avg:1204.78ms
step:2924/3300 train_loss:3.30530 train_time:3522.766s step_avg:1204.78ms
step:2925/3300 train_loss:3.35434 train_time:3523.972s step_avg:1204.78ms
step:2926/3300 train_loss:3.36164 train_time:3525.173s step_avg:1204.78ms
step:2927/3300 train_loss:3.28932 train_time:3526.369s step_avg:1204.77ms
step:2928/3300 train_loss:3.38779 train_time:3527.568s step_avg:1204.77ms
step:2929/3300 train_loss:3.29685 train_time:3528.774s step_avg:1204.77ms
step:2930/3300 train_loss:3.40930 train_time:3529.966s step_avg:1204.77ms
step:2931/3300 train_loss:3.36029 train_time:3531.164s step_avg:1204.76ms
step:2932/3300 train_loss:3.35939 train_time:3532.382s step_avg:1204.77ms
step:2933/3300 train_loss:3.57743 train_time:3533.587s step_avg:1204.77ms
step:2934/3300 train_loss:3.33368 train_time:3534.795s step_avg:1204.77ms
step:2935/3300 train_loss:3.45812 train_time:3535.991s step_avg:1204.77ms
step:2936/3300 train_loss:3.38400 train_time:3537.186s step_avg:1204.76ms
step:2937/3300 train_loss:3.33248 train_time:3538.405s step_avg:1204.77ms
step:2938/3300 train_loss:3.36989 train_time:3539.608s step_avg:1204.77ms
step:2939/3300 train_loss:3.37736 train_time:3540.810s step_avg:1204.77ms
step:2940/3300 train_loss:3.30620 train_time:3542.008s step_avg:1204.76ms
step:2941/3300 train_loss:3.31336 train_time:3543.242s step_avg:1204.77ms
step:2942/3300 train_loss:3.27241 train_time:3544.453s step_avg:1204.78ms
step:2943/3300 train_loss:3.31337 train_time:3545.649s step_avg:1204.77ms
step:2944/3300 train_loss:3.26499 train_time:3546.844s step_avg:1204.77ms
step:2945/3300 train_loss:3.35503 train_time:3548.049s step_avg:1204.77ms
step:2946/3300 train_loss:3.34099 train_time:3549.250s step_avg:1204.77ms
step:2947/3300 train_loss:3.31532 train_time:3550.450s step_avg:1204.77ms
step:2948/3300 train_loss:3.36590 train_time:3551.647s step_avg:1204.76ms
step:2949/3300 train_loss:3.30058 train_time:3552.866s step_avg:1204.77ms
step:2950/3300 train_loss:3.31903 train_time:3554.077s step_avg:1204.77ms
step:2951/3300 train_loss:3.37061 train_time:3555.274s step_avg:1204.77ms
step:2952/3300 train_loss:3.28610 train_time:3556.492s step_avg:1204.77ms
step:2953/3300 train_loss:3.37259 train_time:3557.710s step_avg:1204.78ms
step:2954/3300 train_loss:3.35771 train_time:3558.908s step_avg:1204.78ms
step:2955/3300 train_loss:3.32945 train_time:3560.110s step_avg:1204.77ms
step:2956/3300 train_loss:3.32907 train_time:3561.324s step_avg:1204.78ms
step:2957/3300 train_loss:3.33954 train_time:3562.554s step_avg:1204.79ms
step:2958/3300 train_loss:3.35447 train_time:3563.777s step_avg:1204.79ms
step:2959/3300 train_loss:3.27141 train_time:3564.980s step_avg:1204.79ms
step:2960/3300 train_loss:3.32176 train_time:3566.204s step_avg:1204.80ms
step:2961/3300 train_loss:3.38891 train_time:3567.413s step_avg:1204.80ms
step:2962/3300 train_loss:3.29347 train_time:3568.610s step_avg:1204.80ms
step:2963/3300 train_loss:3.25901 train_time:3569.811s step_avg:1204.80ms
step:2964/3300 train_loss:3.29190 train_time:3571.012s step_avg:1204.79ms
step:2965/3300 train_loss:3.34484 train_time:3572.212s step_avg:1204.79ms
step:2966/3300 train_loss:3.28132 train_time:3573.411s step_avg:1204.79ms
step:2967/3300 train_loss:3.33928 train_time:3574.618s step_avg:1204.79ms
step:2968/3300 train_loss:3.32163 train_time:3575.821s step_avg:1204.79ms
step:2969/3300 train_loss:3.49602 train_time:3577.016s step_avg:1204.79ms
step:2970/3300 train_loss:3.32266 train_time:3578.214s step_avg:1204.79ms
step:2971/3300 train_loss:3.37723 train_time:3579.429s step_avg:1204.79ms
step:2972/3300 train_loss:3.29999 train_time:3580.633s step_avg:1204.79ms
step:2973/3300 train_loss:3.35676 train_time:3581.830s step_avg:1204.79ms
step:2974/3300 train_loss:3.25484 train_time:3583.036s step_avg:1204.79ms
step:2975/3300 train_loss:3.31797 train_time:3584.237s step_avg:1204.79ms
step:2976/3300 train_loss:3.32958 train_time:3585.459s step_avg:1204.79ms
step:2977/3300 train_loss:3.29937 train_time:3586.668s step_avg:1204.79ms
step:2978/3300 train_loss:3.39514 train_time:3587.901s step_avg:1204.80ms
step:2979/3300 train_loss:3.31954 train_time:3589.096s step_avg:1204.80ms
step:2980/3300 train_loss:3.36309 train_time:3590.293s step_avg:1204.80ms
step:2981/3300 train_loss:3.31807 train_time:3591.501s step_avg:1204.80ms
step:2982/3300 train_loss:3.37569 train_time:3592.706s step_avg:1204.80ms
step:2983/3300 train_loss:3.33488 train_time:3593.916s step_avg:1204.80ms
step:2984/3300 train_loss:3.36473 train_time:3595.125s step_avg:1204.80ms
step:2985/3300 train_loss:3.36980 train_time:3596.336s step_avg:1204.80ms
step:2986/3300 train_loss:3.35697 train_time:3597.543s step_avg:1204.80ms
step:2987/3300 train_loss:3.28348 train_time:3598.743s step_avg:1204.80ms
step:2988/3300 train_loss:3.24331 train_time:3599.949s step_avg:1204.80ms
step:2989/3300 train_loss:3.39005 train_time:3601.167s step_avg:1204.81ms
step:2990/3300 train_loss:3.35012 train_time:3602.368s step_avg:1204.81ms
step:2991/3300 train_loss:3.29873 train_time:3603.583s step_avg:1204.81ms
step:2992/3300 train_loss:3.30867 train_time:3604.797s step_avg:1204.81ms
step:2993/3300 train_loss:3.30682 train_time:3605.995s step_avg:1204.81ms
step:2994/3300 train_loss:3.29207 train_time:3607.193s step_avg:1204.81ms
step:2995/3300 train_loss:3.38207 train_time:3608.397s step_avg:1204.81ms
step:2996/3300 train_loss:3.26991 train_time:3609.592s step_avg:1204.80ms
step:2997/3300 train_loss:3.28255 train_time:3610.791s step_avg:1204.80ms
step:2998/3300 train_loss:3.35119 train_time:3611.991s step_avg:1204.80ms
step:2999/3300 train_loss:3.38505 train_time:3613.189s step_avg:1204.80ms
step:3000/3300 train_loss:3.35095 train_time:3614.399s step_avg:1204.80ms
step:3000/3300 val_loss:3.30797 train_time:3614.399s step_avg:1204.62ms
step:3001/3300 train_loss:3.31356 train_time:3615.604s step_avg:1204.80ms
step:3002/3300 train_loss:3.32174 train_time:3616.801s step_avg:1204.80ms
step:3003/3300 train_loss:3.30487 train_time:3618.005s step_avg:1204.80ms
step:3004/3300 train_loss:3.36291 train_time:3619.216s step_avg:1204.80ms
step:3005/3300 train_loss:3.32876 train_time:3620.417s step_avg:1204.80ms
step:3006/3300 train_loss:3.28939 train_time:3621.618s step_avg:1204.80ms
step:3007/3300 train_loss:3.31236 train_time:3622.820s step_avg:1204.80ms
step:3008/3300 train_loss:3.36043 train_time:3624.027s step_avg:1204.80ms
step:3009/3300 train_loss:3.29610 train_time:3625.226s step_avg:1204.79ms
step:3010/3300 train_loss:3.34344 train_time:3626.426s step_avg:1204.79ms
step:3011/3300 train_loss:3.34262 train_time:3627.631s step_avg:1204.79ms
step:3012/3300 train_loss:3.30068 train_time:3628.846s step_avg:1204.80ms
step:3013/3300 train_loss:3.37935 train_time:3630.057s step_avg:1204.80ms
step:3014/3300 train_loss:3.35847 train_time:3631.261s step_avg:1204.80ms
step:3015/3300 train_loss:3.33472 train_time:3632.464s step_avg:1204.80ms
step:3016/3300 train_loss:3.32274 train_time:3633.685s step_avg:1204.80ms
step:3017/3300 train_loss:3.32897 train_time:3634.895s step_avg:1204.80ms
step:3018/3300 train_loss:3.26949 train_time:3636.096s step_avg:1204.80ms
step:3019/3300 train_loss:3.33335 train_time:3637.297s step_avg:1204.80ms
step:3020/3300 train_loss:3.33732 train_time:3638.505s step_avg:1204.80ms
step:3021/3300 train_loss:3.29024 train_time:3639.710s step_avg:1204.80ms
step:3022/3300 train_loss:3.30895 train_time:3640.914s step_avg:1204.80ms
step:3023/3300 train_loss:3.26756 train_time:3642.119s step_avg:1204.80ms
step:3024/3300 train_loss:3.33488 train_time:3643.320s step_avg:1204.80ms
step:3025/3300 train_loss:3.32249 train_time:3644.524s step_avg:1204.80ms
step:3025/3300 val_loss:3.30420 train_time:3644.524s step_avg:1205.00ms
step:3026/3300 train_loss:3.27896 train_time:3645.720s step_avg:1204.80ms
step:3027/3300 train_loss:3.34345 train_time:3646.913s step_avg:1204.79ms
step:3028/3300 train_loss:3.24333 train_time:3648.115s step_avg:1204.79ms
step:3029/3300 train_loss:3.37896 train_time:3649.309s step_avg:1204.79ms
step:3030/3300 train_loss:3.21101 train_time:3650.510s step_avg:1204.79ms
step:3031/3300 train_loss:3.25892 train_time:3651.711s step_avg:1204.79ms
step:3032/3300 train_loss:3.35677 train_time:3652.912s step_avg:1204.79ms
step:3033/3300 train_loss:3.32519 train_time:3654.119s step_avg:1204.79ms
step:3034/3300 train_loss:3.28500 train_time:3655.313s step_avg:1204.78ms
step:3035/3300 train_loss:3.25563 train_time:3656.528s step_avg:1204.79ms
step:3036/3300 train_loss:3.30894 train_time:3657.742s step_avg:1204.79ms
step:3037/3300 train_loss:3.29480 train_time:3658.946s step_avg:1204.79ms
step:3038/3300 train_loss:3.29380 train_time:3660.149s step_avg:1204.79ms
step:3039/3300 train_loss:3.30712 train_time:3661.348s step_avg:1204.79ms
step:3040/3300 train_loss:3.33380 train_time:3662.559s step_avg:1204.79ms
step:3041/3300 train_loss:3.24057 train_time:3663.803s step_avg:1204.80ms
step:3042/3300 train_loss:3.26624 train_time:3665.002s step_avg:1204.80ms
step:3043/3300 train_loss:3.35575 train_time:3666.213s step_avg:1204.80ms
step:3044/3300 train_loss:3.41442 train_time:3667.419s step_avg:1204.80ms
step:3045/3300 train_loss:3.26581 train_time:3668.615s step_avg:1204.80ms
step:3046/3300 train_loss:3.27815 train_time:3669.813s step_avg:1204.80ms
step:3047/3300 train_loss:3.32337 train_time:3671.020s step_avg:1204.80ms
step:3048/3300 train_loss:3.26795 train_time:3672.216s step_avg:1204.80ms
step:3049/3300 train_loss:3.28741 train_time:3673.426s step_avg:1204.80ms
step:3050/3300 train_loss:3.30692 train_time:3674.633s step_avg:1204.80ms
step:3050/3300 val_loss:3.30133 train_time:3674.633s step_avg:1204.34ms
step:3051/3300 train_loss:3.26379 train_time:3675.839s step_avg:1204.80ms
step:3052/3300 train_loss:3.33242 train_time:3677.040s step_avg:1204.80ms
step:3053/3300 train_loss:3.30786 train_time:3678.250s step_avg:1204.80ms
step:3054/3300 train_loss:3.34896 train_time:3679.476s step_avg:1204.81ms
step:3055/3300 train_loss:3.36233 train_time:3680.692s step_avg:1204.81ms
step:3056/3300 train_loss:3.24077 train_time:3681.900s step_avg:1204.81ms
step:3057/3300 train_loss:3.30006 train_time:3683.100s step_avg:1204.81ms
step:3058/3300 train_loss:3.34578 train_time:3684.309s step_avg:1204.81ms
step:3059/3300 train_loss:3.37308 train_time:3685.514s step_avg:1204.81ms
step:3060/3300 train_loss:3.28264 train_time:3686.716s step_avg:1204.81ms
step:3061/3300 train_loss:3.32408 train_time:3687.917s step_avg:1204.81ms
step:3062/3300 train_loss:3.31557 train_time:3689.132s step_avg:1204.81ms
step:3063/3300 train_loss:3.35229 train_time:3690.332s step_avg:1204.81ms
step:3064/3300 train_loss:3.28531 train_time:3691.545s step_avg:1204.81ms
step:3065/3300 train_loss:3.32713 train_time:3692.739s step_avg:1204.81ms
step:3066/3300 train_loss:3.26206 train_time:3693.939s step_avg:1204.81ms
step:3067/3300 train_loss:3.25533 train_time:3695.145s step_avg:1204.81ms
step:3068/3300 train_loss:3.30191 train_time:3696.341s step_avg:1204.80ms
step:3069/3300 train_loss:3.33811 train_time:3697.537s step_avg:1204.80ms
step:3070/3300 train_loss:3.33027 train_time:3698.747s step_avg:1204.80ms
step:3071/3300 train_loss:3.35854 train_time:3699.943s step_avg:1204.80ms
step:3072/3300 train_loss:3.35173 train_time:3701.151s step_avg:1204.80ms
step:3073/3300 train_loss:3.26741 train_time:3702.355s step_avg:1204.80ms
step:3074/3300 train_loss:3.35834 train_time:3703.566s step_avg:1204.80ms
step:3075/3300 train_loss:3.28279 train_time:3704.775s step_avg:1204.80ms
step:3075/3300 val_loss:3.29846 train_time:3704.775s step_avg:1205.69ms
step:3076/3300 train_loss:3.34909 train_time:3705.982s step_avg:1204.81ms
step:3077/3300 train_loss:3.31817 train_time:3707.182s step_avg:1204.80ms
step:3078/3300 train_loss:3.39028 train_time:3708.380s step_avg:1204.80ms
step:3079/3300 train_loss:3.27218 train_time:3709.575s step_avg:1204.80ms
step:3080/3300 train_loss:3.33443 train_time:3710.782s step_avg:1204.80ms
step:3081/3300 train_loss:3.28534 train_time:3711.981s step_avg:1204.80ms
step:3082/3300 train_loss:3.27933 train_time:3713.182s step_avg:1204.80ms
step:3083/3300 train_loss:3.32056 train_time:3714.382s step_avg:1204.79ms
step:3084/3300 train_loss:3.29564 train_time:3715.578s step_avg:1204.79ms
step:3085/3300 train_loss:3.38905 train_time:3716.781s step_avg:1204.79ms
step:3086/3300 train_loss:3.31139 train_time:3717.974s step_avg:1204.79ms
step:3087/3300 train_loss:3.31424 train_time:3719.179s step_avg:1204.79ms
step:3088/3300 train_loss:3.30645 train_time:3720.385s step_avg:1204.79ms
step:3089/3300 train_loss:3.30548 train_time:3721.596s step_avg:1204.79ms
step:3090/3300 train_loss:3.34658 train_time:3722.802s step_avg:1204.79ms
step:3091/3300 train_loss:3.42103 train_time:3724.001s step_avg:1204.79ms
step:3092/3300 train_loss:3.34601 train_time:3725.197s step_avg:1204.79ms
step:3093/3300 train_loss:3.26541 train_time:3726.392s step_avg:1204.78ms
step:3094/3300 train_loss:3.34043 train_time:3727.586s step_avg:1204.78ms
step:3095/3300 train_loss:3.32107 train_time:3728.775s step_avg:1204.77ms
step:3096/3300 train_loss:3.31793 train_time:3729.971s step_avg:1204.77ms
step:3097/3300 train_loss:3.30242 train_time:3731.195s step_avg:1204.78ms
step:3098/3300 train_loss:3.25792 train_time:3732.405s step_avg:1204.78ms
step:3099/3300 train_loss:3.32773 train_time:3733.611s step_avg:1204.78ms
step:3100/3300 train_loss:3.24758 train_time:3734.820s step_avg:1204.78ms
step:3100/3300 val_loss:3.29565 train_time:3734.820s step_avg:1201.80ms
step:3101/3300 train_loss:3.29528 train_time:3736.028s step_avg:1204.78ms
step:3102/3300 train_loss:3.22094 train_time:3737.222s step_avg:1204.78ms
step:3103/3300 train_loss:3.34797 train_time:3738.423s step_avg:1204.78ms
step:3104/3300 train_loss:3.26474 train_time:3739.628s step_avg:1204.78ms
step:3105/3300 train_loss:3.29958 train_time:3740.820s step_avg:1204.77ms
step:3106/3300 train_loss:3.20394 train_time:3742.015s step_avg:1204.77ms
step:3107/3300 train_loss:3.18959 train_time:3743.213s step_avg:1204.77ms
step:3108/3300 train_loss:3.30377 train_time:3744.431s step_avg:1204.77ms
step:3109/3300 train_loss:3.29699 train_time:3745.629s step_avg:1204.77ms
step:3110/3300 train_loss:3.31105 train_time:3746.822s step_avg:1204.77ms
step:3111/3300 train_loss:3.24579 train_time:3748.028s step_avg:1204.77ms
step:3112/3300 train_loss:3.34228 train_time:3749.228s step_avg:1204.76ms
step:3113/3300 train_loss:3.25240 train_time:3750.450s step_avg:1204.77ms
step:3114/3300 train_loss:3.31901 train_time:3751.642s step_avg:1204.77ms
step:3115/3300 train_loss:3.32682 train_time:3752.845s step_avg:1204.77ms
step:3116/3300 train_loss:3.43409 train_time:3754.048s step_avg:1204.77ms
step:3117/3300 train_loss:3.28975 train_time:3755.242s step_avg:1204.76ms
step:3118/3300 train_loss:3.31316 train_time:3756.442s step_avg:1204.76ms
step:3119/3300 train_loss:3.30169 train_time:3757.647s step_avg:1204.76ms
step:3120/3300 train_loss:3.25440 train_time:3758.852s step_avg:1204.76ms
step:3121/3300 train_loss:3.35138 train_time:3760.062s step_avg:1204.76ms
step:3122/3300 train_loss:3.32336 train_time:3761.259s step_avg:1204.76ms
step:3123/3300 train_loss:3.31337 train_time:3762.459s step_avg:1204.76ms
step:3124/3300 train_loss:3.19486 train_time:3763.656s step_avg:1204.76ms
step:3125/3300 train_loss:3.30994 train_time:3764.852s step_avg:1204.75ms
step:3125/3300 val_loss:3.29319 train_time:3764.852s step_avg:1201.27ms
step:3126/3300 train_loss:3.25805 train_time:3766.062s step_avg:1204.75ms
step:3127/3300 train_loss:3.40777 train_time:3767.269s step_avg:1204.75ms
step:3128/3300 train_loss:3.30431 train_time:3768.472s step_avg:1204.75ms
step:3129/3300 train_loss:3.28400 train_time:3769.674s step_avg:1204.75ms
step:3130/3300 train_loss:3.30359 train_time:3770.873s step_avg:1204.75ms
step:3131/3300 train_loss:3.30879 train_time:3772.084s step_avg:1204.75ms
step:3132/3300 train_loss:3.24134 train_time:3773.304s step_avg:1204.76ms
step:3133/3300 train_loss:3.32200 train_time:3774.509s step_avg:1204.76ms
step:3134/3300 train_loss:3.28102 train_time:3775.722s step_avg:1204.76ms
step:3135/3300 train_loss:3.25969 train_time:3776.929s step_avg:1204.76ms
step:3136/3300 train_loss:3.28254 train_time:3778.128s step_avg:1204.76ms
step:3137/3300 train_loss:3.38324 train_time:3779.330s step_avg:1204.76ms
step:3138/3300 train_loss:3.29507 train_time:3780.536s step_avg:1204.76ms
step:3139/3300 train_loss:3.34499 train_time:3781.751s step_avg:1204.76ms
step:3140/3300 train_loss:3.33906 train_time:3782.948s step_avg:1204.76ms
step:3141/3300 train_loss:3.29252 train_time:3784.145s step_avg:1204.76ms
step:3142/3300 train_loss:3.30467 train_time:3785.344s step_avg:1204.76ms
step:3143/3300 train_loss:3.24912 train_time:3786.544s step_avg:1204.75ms
step:3144/3300 train_loss:3.34535 train_time:3787.745s step_avg:1204.75ms
step:3145/3300 train_loss:3.27103 train_time:3788.950s step_avg:1204.75ms
step:3146/3300 train_loss:3.33318 train_time:3790.158s step_avg:1204.75ms
step:3147/3300 train_loss:3.33400 train_time:3791.359s step_avg:1204.75ms
step:3148/3300 train_loss:3.31326 train_time:3792.570s step_avg:1204.76ms
step:3149/3300 train_loss:3.24763 train_time:3793.777s step_avg:1204.76ms
step:3150/3300 train_loss:3.29692 train_time:3794.970s step_avg:1204.75ms
step:3150/3300 val_loss:3.29039 train_time:3794.971s step_avg:1204.75ms
step:3151/3300 train_loss:3.28763 train_time:3796.180s step_avg:1204.75ms
step:3152/3300 train_loss:3.31693 train_time:3797.382s step_avg:1204.75ms
step:3153/3300 train_loss:3.31597 train_time:3798.596s step_avg:1204.76ms
step:3154/3300 train_loss:3.28278 train_time:3799.800s step_avg:1204.76ms
step:3155/3300 train_loss:3.30539 train_time:3801.003s step_avg:1204.76ms
step:3156/3300 train_loss:3.33264 train_time:3802.205s step_avg:1204.75ms
step:3157/3300 train_loss:3.29043 train_time:3803.420s step_avg:1204.76ms
step:3158/3300 train_loss:3.36868 train_time:3804.633s step_avg:1204.76ms
step:3159/3300 train_loss:3.29470 train_time:3805.838s step_avg:1204.76ms
step:3160/3300 train_loss:3.26407 train_time:3807.037s step_avg:1204.76ms
step:3161/3300 train_loss:3.27404 train_time:3808.242s step_avg:1204.76ms
step:3162/3300 train_loss:3.26764 train_time:3809.454s step_avg:1204.76ms
step:3163/3300 train_loss:3.22845 train_time:3810.656s step_avg:1204.76ms
step:3164/3300 train_loss:3.31935 train_time:3811.857s step_avg:1204.76ms
step:3165/3300 train_loss:3.29536 train_time:3813.065s step_avg:1204.76ms
step:3166/3300 train_loss:3.30422 train_time:3814.263s step_avg:1204.76ms
step:3167/3300 train_loss:3.28285 train_time:3815.465s step_avg:1204.76ms
step:3168/3300 train_loss:3.24943 train_time:3816.671s step_avg:1204.76ms
step:3169/3300 train_loss:3.33957 train_time:3817.866s step_avg:1204.75ms
step:3170/3300 train_loss:3.25371 train_time:3819.063s step_avg:1204.75ms
step:3171/3300 train_loss:3.34434 train_time:3820.264s step_avg:1204.75ms
step:3172/3300 train_loss:3.34343 train_time:3821.469s step_avg:1204.75ms
step:3173/3300 train_loss:3.29154 train_time:3822.668s step_avg:1204.75ms
step:3174/3300 train_loss:3.28861 train_time:3823.872s step_avg:1204.75ms
step:3175/3300 train_loss:3.34095 train_time:3825.077s step_avg:1204.75ms
step:3175/3300 val_loss:3.28808 train_time:3825.077s step_avg:1204.26ms
step:3176/3300 train_loss:3.30181 train_time:3826.282s step_avg:1204.75ms
step:3177/3300 train_loss:3.32630 train_time:3827.486s step_avg:1204.75ms
step:3178/3300 train_loss:3.37796 train_time:3828.685s step_avg:1204.75ms
step:3179/3300 train_loss:3.29351 train_time:3829.886s step_avg:1204.75ms
step:3180/3300 train_loss:3.26689 train_time:3831.082s step_avg:1204.74ms
step:3181/3300 train_loss:3.26264 train_time:3832.278s step_avg:1204.74ms
step:3182/3300 train_loss:3.24677 train_time:3833.477s step_avg:1204.74ms
step:3183/3300 train_loss:3.30278 train_time:3834.669s step_avg:1204.73ms
step:3184/3300 train_loss:3.28507 train_time:3835.875s step_avg:1204.73ms
step:3185/3300 train_loss:3.25131 train_time:3837.092s step_avg:1204.74ms
step:3186/3300 train_loss:3.32164 train_time:3838.291s step_avg:1204.74ms
step:3187/3300 train_loss:3.27214 train_time:3839.493s step_avg:1204.74ms
step:3188/3300 train_loss:3.30466 train_time:3840.690s step_avg:1204.73ms
step:3189/3300 train_loss:3.28833 train_time:3841.892s step_avg:1204.73ms
step:3190/3300 train_loss:3.30087 train_time:3843.101s step_avg:1204.73ms
step:3191/3300 train_loss:3.25471 train_time:3844.305s step_avg:1204.73ms
step:3192/3300 train_loss:3.33645 train_time:3845.509s step_avg:1204.73ms
step:3193/3300 train_loss:3.38295 train_time:3846.725s step_avg:1204.74ms
step:3194/3300 train_loss:3.35364 train_time:3847.925s step_avg:1204.74ms
step:3195/3300 train_loss:3.19991 train_time:3849.128s step_avg:1204.73ms
step:3196/3300 train_loss:3.47320 train_time:3850.335s step_avg:1204.74ms
step:3197/3300 train_loss:3.22387 train_time:3851.537s step_avg:1204.73ms
step:3198/3300 train_loss:3.30398 train_time:3852.740s step_avg:1204.73ms
step:3199/3300 train_loss:3.29270 train_time:3853.940s step_avg:1204.73ms
step:3200/3300 train_loss:3.27036 train_time:3855.150s step_avg:1204.73ms
step:3200/3300 val_loss:3.28582 train_time:3855.150s step_avg:1202.94ms
step:3201/3300 train_loss:3.30726 train_time:3856.376s step_avg:1204.74ms
step:3202/3300 train_loss:3.30511 train_time:3857.582s step_avg:1204.74ms
step:3203/3300 train_loss:3.25383 train_time:3858.777s step_avg:1204.74ms
step:3204/3300 train_loss:3.35938 train_time:3859.976s step_avg:1204.74ms
step:3205/3300 train_loss:3.36918 train_time:3861.172s step_avg:1204.73ms
step:3206/3300 train_loss:3.22873 train_time:3862.369s step_avg:1204.73ms
step:3207/3300 train_loss:3.32583 train_time:3863.565s step_avg:1204.73ms
step:3208/3300 train_loss:3.34381 train_time:3864.754s step_avg:1204.72ms
step:3209/3300 train_loss:3.26727 train_time:3865.953s step_avg:1204.72ms
step:3210/3300 train_loss:3.34079 train_time:3867.153s step_avg:1204.72ms
step:3211/3300 train_loss:3.25301 train_time:3868.354s step_avg:1204.72ms
step:3212/3300 train_loss:3.30311 train_time:3869.560s step_avg:1204.72ms
step:3213/3300 train_loss:3.32046 train_time:3870.759s step_avg:1204.72ms
step:3214/3300 train_loss:3.31786 train_time:3871.970s step_avg:1204.72ms
step:3215/3300 train_loss:3.25398 train_time:3873.178s step_avg:1204.72ms
step:3216/3300 train_loss:3.28626 train_time:3874.389s step_avg:1204.72ms
step:3217/3300 train_loss:3.30956 train_time:3875.598s step_avg:1204.72ms
step:3218/3300 train_loss:3.30559 train_time:3876.800s step_avg:1204.72ms
step:3219/3300 train_loss:3.33436 train_time:3878.000s step_avg:1204.72ms
step:3220/3300 train_loss:3.35393 train_time:3879.203s step_avg:1204.72ms
step:3221/3300 train_loss:3.29748 train_time:3880.402s step_avg:1204.72ms
step:3222/3300 train_loss:3.30279 train_time:3881.601s step_avg:1204.72ms
step:3223/3300 train_loss:3.27448 train_time:3882.801s step_avg:1204.72ms
step:3224/3300 train_loss:3.26321 train_time:3884.005s step_avg:1204.72ms
step:3225/3300 train_loss:3.26232 train_time:3885.224s step_avg:1204.72ms
step:3225/3300 val_loss:3.28387 train_time:3885.225s step_avg:1202.97ms
step:3226/3300 train_loss:3.28263 train_time:3886.432s step_avg:1204.72ms
step:3227/3300 train_loss:3.28971 train_time:3887.639s step_avg:1204.72ms
step:3228/3300 train_loss:3.29078 train_time:3888.856s step_avg:1204.73ms
step:3229/3300 train_loss:3.20958 train_time:3890.077s step_avg:1204.73ms
step:3230/3300 train_loss:3.30679 train_time:3891.279s step_avg:1204.73ms
step:3231/3300 train_loss:3.35123 train_time:3892.522s step_avg:1204.74ms
step:3232/3300 train_loss:3.26817 train_time:3893.722s step_avg:1204.74ms
step:3233/3300 train_loss:3.36903 train_time:3894.922s step_avg:1204.74ms
step:3234/3300 train_loss:3.21835 train_time:3896.122s step_avg:1204.74ms
step:3235/3300 train_loss:3.31092 train_time:3897.320s step_avg:1204.74ms
step:3236/3300 train_loss:3.33877 train_time:3898.519s step_avg:1204.73ms
step:3237/3300 train_loss:3.30846 train_time:3899.764s step_avg:1204.75ms
step:3238/3300 train_loss:3.28392 train_time:3900.971s step_avg:1204.75ms
step:3239/3300 train_loss:3.23650 train_time:3902.175s step_avg:1204.75ms
step:3240/3300 train_loss:3.30703 train_time:3903.375s step_avg:1204.75ms
step:3241/3300 train_loss:3.37559 train_time:3904.579s step_avg:1204.74ms
step:3242/3300 train_loss:3.33592 train_time:3905.782s step_avg:1204.74ms
step:3243/3300 train_loss:3.34214 train_time:3906.985s step_avg:1204.74ms
step:3244/3300 train_loss:3.34408 train_time:3908.176s step_avg:1204.74ms
step:3245/3300 train_loss:3.30636 train_time:3909.382s step_avg:1204.74ms
step:3246/3300 train_loss:3.31849 train_time:3910.584s step_avg:1204.74ms
step:3247/3300 train_loss:3.21811 train_time:3911.795s step_avg:1204.74ms
step:3248/3300 train_loss:3.22193 train_time:3913.004s step_avg:1204.74ms
step:3249/3300 train_loss:3.30192 train_time:3914.205s step_avg:1204.74ms
step:3250/3300 train_loss:3.30558 train_time:3915.414s step_avg:1204.74ms
step:3250/3300 val_loss:3.28231 train_time:3915.414s step_avg:1207.57ms
step:3251/3300 train_loss:3.28708 train_time:3916.626s step_avg:1204.75ms
step:3252/3300 train_loss:3.26821 train_time:3917.833s step_avg:1204.75ms
step:3253/3300 train_loss:3.33359 train_time:3919.036s step_avg:1204.75ms
step:3254/3300 train_loss:3.33230 train_time:3920.238s step_avg:1204.74ms
step:3255/3300 train_loss:3.30659 train_time:3921.435s step_avg:1204.74ms
step:3256/3300 train_loss:3.29206 train_time:3922.651s step_avg:1204.75ms
step:3257/3300 train_loss:3.31042 train_time:3923.860s step_avg:1204.75ms
step:3258/3300 train_loss:3.29218 train_time:3925.074s step_avg:1204.75ms
step:3259/3300 train_loss:3.33729 train_time:3926.273s step_avg:1204.75ms
step:3260/3300 train_loss:3.28018 train_time:3927.474s step_avg:1204.75ms
step:3261/3300 train_loss:3.29161 train_time:3928.673s step_avg:1204.74ms
step:3262/3300 train_loss:3.26099 train_time:3929.880s step_avg:1204.75ms
step:3263/3300 train_loss:3.41711 train_time:3931.084s step_avg:1204.75ms
step:3264/3300 train_loss:3.28560 train_time:3932.288s step_avg:1204.75ms
step:3265/3300 train_loss:3.34788 train_time:3933.486s step_avg:1204.74ms
step:3266/3300 train_loss:3.27624 train_time:3934.688s step_avg:1204.74ms
step:3267/3300 train_loss:3.35469 train_time:3935.890s step_avg:1204.74ms
step:3268/3300 train_loss:3.23275 train_time:3937.090s step_avg:1204.74ms
step:3269/3300 train_loss:3.34880 train_time:3938.289s step_avg:1204.74ms
step:3270/3300 train_loss:3.24529 train_time:3939.486s step_avg:1204.74ms
step:3271/3300 train_loss:3.29409 train_time:3940.680s step_avg:1204.73ms
step:3272/3300 train_loss:3.26796 train_time:3941.885s step_avg:1204.73ms
step:3273/3300 train_loss:3.29194 train_time:3943.085s step_avg:1204.73ms
step:3274/3300 train_loss:3.27560 train_time:3944.290s step_avg:1204.73ms
step:3275/3300 train_loss:3.27397 train_time:3945.488s step_avg:1204.73ms
step:3275/3300 val_loss:3.28109 train_time:3945.488s step_avg:1202.98ms
step:3276/3300 train_loss:3.25998 train_time:3946.693s step_avg:1204.73ms
step:3277/3300 train_loss:3.32379 train_time:3947.890s step_avg:1204.73ms
step:3278/3300 train_loss:3.24245 train_time:3949.092s step_avg:1204.73ms
step:3279/3300 train_loss:3.32408 train_time:3950.300s step_avg:1204.73ms
step:3280/3300 train_loss:3.21200 train_time:3951.519s step_avg:1204.73ms
step:3281/3300 train_loss:3.31406 train_time:3952.719s step_avg:1204.73ms
step:3282/3300 train_loss:3.28999 train_time:3953.939s step_avg:1204.73ms
step:3283/3300 train_loss:3.33821 train_time:3955.149s step_avg:1204.74ms
step:3284/3300 train_loss:3.24523 train_time:3956.351s step_avg:1204.74ms
step:3285/3300 train_loss:3.31831 train_time:3957.550s step_avg:1204.73ms
step:3286/3300 train_loss:3.25280 train_time:3958.753s step_avg:1204.73ms
step:3287/3300 train_loss:3.27745 train_time:3959.961s step_avg:1204.73ms
step:3288/3300 train_loss:3.37028 train_time:3961.172s step_avg:1204.74ms
step:3289/3300 train_loss:3.33482 train_time:3962.394s step_avg:1204.74ms
step:3290/3300 train_loss:3.20467 train_time:3963.594s step_avg:1204.74ms
step:3291/3300 train_loss:3.31765 train_time:3964.797s step_avg:1204.74ms
step:3292/3300 train_loss:3.29650 train_time:3966.007s step_avg:1204.74ms
step:3293/3300 train_loss:3.27186 train_time:3967.217s step_avg:1204.74ms
step:3294/3300 train_loss:3.33942 train_time:3968.410s step_avg:1204.74ms
step:3295/3300 train_loss:3.26241 train_time:3969.643s step_avg:1204.75ms
step:3296/3300 train_loss:3.29431 train_time:3970.844s step_avg:1204.75ms
step:3297/3300 train_loss:3.29480 train_time:3972.078s step_avg:1204.76ms
step:3298/3300 train_loss:3.26894 train_time:3973.293s step_avg:1204.76ms
step:3299/3300 train_loss:3.28413 train_time:3974.494s step_avg:1204.76ms
step:3300/3300 train_loss:3.28488 train_time:3975.714s step_avg:1204.76ms
step:3300/3300 val_loss:3.28055 train_time:3975.714s step_avg:1209.04ms
logfile: ../../../../records/track_3_optimization/results/muonl_draft/runs/seed42_h100_mainpdf_loss_only_20260727T111653Z/typed_muonl/raw/seed42_typed_muonl_lr0p035_mainpdf_h100_loss_only.txt
scheme:typed_muonl opt_mode:kindwise rho:1.0 ns_steps:12 momentum:0.95 nesterov:True scale_ema_beta:0.9 interval:5
matrix_lr:0.035 matrix_weight_decay:0.025 weight_decay_mode:decoupled zero_init_trust_floor_scale:1.0
schedule_cooldown_frac:0.7 previous_muonl_experiment_cooldown_frac:0.7
seed:42 train_steps:3300 schedule_steps:3300 diag_freq:250
batch_tokens:524288 train_microbatches:8 train_microbatch_sequences:64 val_tokens:10485760
save_log:True save_diag:False save_orscale_state:False orscale_state_freq:250
step:S val_loss is after S optimizer updates
step:0/3300 val_loss:10.82583 train_time:0.000s step_avg:nanms
step:1/3300 train_loss:10.82584 train_time:3.811s step_avg:3811.46ms
step:2/3300 train_loss:10.43467 train_time:4.930s step_avg:2465.22ms
step:3/3300 train_loss:9.11073 train_time:6.139s step_avg:2046.23ms
step:4/3300 train_loss:7.94105 train_time:7.336s step_avg:1834.05ms
step:5/3300 train_loss:7.31366 train_time:8.542s step_avg:1708.42ms
step:6/3300 train_loss:6.93701 train_time:9.759s step_avg:1626.53ms
step:7/3300 train_loss:6.89408 train_time:10.953s step_avg:1564.66ms
step:8/3300 train_loss:6.69004 train_time:12.155s step_avg:1519.31ms
step:9/3300 train_loss:6.74628 train_time:13.359s step_avg:1484.29ms
step:10/3300 train_loss:6.61022 train_time:14.572s step_avg:1457.18ms
step:11/3300 train_loss:6.57082 train_time:15.788s step_avg:1435.23ms
step:12/3300 train_loss:6.49165 train_time:16.993s step_avg:1416.08ms
step:13/3300 train_loss:6.46353 train_time:18.210s step_avg:1400.78ms
step:14/3300 train_loss:6.33113 train_time:19.446s step_avg:1389.02ms
step:15/3300 train_loss:6.35595 train_time:20.651s step_avg:1376.70ms
step:16/3300 train_loss:6.27587 train_time:21.871s step_avg:1366.93ms
step:17/3300 train_loss:6.25974 train_time:23.087s step_avg:1358.07ms
step:18/3300 train_loss:6.28149 train_time:24.294s step_avg:1349.68ms
step:19/3300 train_loss:6.27936 train_time:25.505s step_avg:1342.37ms
step:20/3300 train_loss:6.12962 train_time:26.724s step_avg:1336.21ms
step:21/3300 train_loss:6.16885 train_time:27.949s step_avg:1330.91ms
step:22/3300 train_loss:6.22486 train_time:29.166s step_avg:1325.71ms
step:23/3300 train_loss:6.05859 train_time:30.372s step_avg:1320.51ms
step:24/3300 train_loss:6.08811 train_time:31.577s step_avg:1315.71ms
step:25/3300 train_loss:5.99786 train_time:32.785s step_avg:1311.39ms
step:26/3300 train_loss:6.02193 train_time:34.005s step_avg:1307.88ms
step:27/3300 train_loss:6.01974 train_time:35.220s step_avg:1304.45ms
step:28/3300 train_loss:5.91941 train_time:36.429s step_avg:1301.02ms
step:29/3300 train_loss:5.96816 train_time:37.635s step_avg:1297.75ms
step:30/3300 train_loss:5.88120 train_time:38.834s step_avg:1294.48ms
step:31/3300 train_loss:5.93996 train_time:40.048s step_avg:1291.87ms
step:32/3300 train_loss:5.81530 train_time:41.256s step_avg:1289.24ms
step:33/3300 train_loss:5.82967 train_time:42.455s step_avg:1286.52ms
step:34/3300 train_loss:5.79825 train_time:43.660s step_avg:1284.12ms
step:35/3300 train_loss:5.84755 train_time:44.874s step_avg:1282.12ms
step:36/3300 train_loss:5.75534 train_time:46.099s step_avg:1280.53ms
step:37/3300 train_loss:5.78033 train_time:47.302s step_avg:1278.44ms
step:38/3300 train_loss:5.71475 train_time:48.516s step_avg:1276.73ms
step:39/3300 train_loss:5.71520 train_time:49.718s step_avg:1274.82ms
step:40/3300 train_loss:5.64307 train_time:50.914s step_avg:1272.86ms
step:41/3300 train_loss:5.67442 train_time:52.131s step_avg:1271.48ms
step:42/3300 train_loss:5.58720 train_time:53.338s step_avg:1269.96ms
step:43/3300 train_loss:5.66663 train_time:54.537s step_avg:1268.31ms
step:44/3300 train_loss:5.55217 train_time:55.746s step_avg:1266.95ms
step:45/3300 train_loss:5.52948 train_time:56.952s step_avg:1265.60ms
step:46/3300 train_loss:5.56576 train_time:58.169s step_avg:1264.55ms
step:47/3300 train_loss:5.54212 train_time:59.374s step_avg:1263.28ms
step:48/3300 train_loss:5.52950 train_time:60.575s step_avg:1261.98ms
step:49/3300 train_loss:5.47789 train_time:61.777s step_avg:1260.75ms
step:50/3300 train_loss:5.47917 train_time:62.978s step_avg:1259.57ms
step:51/3300 train_loss:5.40582 train_time:64.206s step_avg:1258.94ms
step:52/3300 train_loss:5.44444 train_time:65.420s step_avg:1258.09ms
step:53/3300 train_loss:5.41540 train_time:66.620s step_avg:1256.99ms
step:54/3300 train_loss:5.41470 train_time:67.832s step_avg:1256.16ms
step:55/3300 train_loss:5.37496 train_time:69.052s step_avg:1255.49ms
step:56/3300 train_loss:5.34038 train_time:70.277s step_avg:1254.94ms
step:57/3300 train_loss:5.31928 train_time:71.480s step_avg:1254.04ms
step:58/3300 train_loss:5.32390 train_time:72.686s step_avg:1253.20ms
step:59/3300 train_loss:5.27400 train_time:73.895s step_avg:1252.45ms
step:60/3300 train_loss:5.27974 train_time:75.098s step_avg:1251.64ms
step:61/3300 train_loss:5.26757 train_time:76.330s step_avg:1251.32ms
step:62/3300 train_loss:5.26521 train_time:77.554s step_avg:1250.87ms
step:63/3300 train_loss:5.22609 train_time:78.759s step_avg:1250.14ms
step:64/3300 train_loss:5.22150 train_time:79.956s step_avg:1249.31ms
step:65/3300 train_loss:5.17705 train_time:81.158s step_avg:1248.58ms
step:66/3300 train_loss:5.21565 train_time:82.379s step_avg:1248.17ms
step:67/3300 train_loss:5.18137 train_time:83.579s step_avg:1247.44ms
step:68/3300 train_loss:5.27924 train_time:84.797s step_avg:1247.01ms
step:69/3300 train_loss:5.17196 train_time:85.998s step_avg:1246.35ms
step:70/3300 train_loss:5.15873 train_time:87.209s step_avg:1245.84ms
step:71/3300 train_loss:5.14383 train_time:88.432s step_avg:1245.52ms
step:72/3300 train_loss:5.15347 train_time:89.637s step_avg:1244.95ms
step:73/3300 train_loss:5.12823 train_time:90.841s step_avg:1244.39ms
step:74/3300 train_loss:5.14844 train_time:92.042s step_avg:1243.81ms
step:75/3300 train_loss:5.10392 train_time:93.239s step_avg:1243.19ms
step:76/3300 train_loss:5.05145 train_time:94.483s step_avg:1243.19ms
step:77/3300 train_loss:5.12088 train_time:95.688s step_avg:1242.70ms
step:78/3300 train_loss:5.12094 train_time:96.899s step_avg:1242.30ms
step:79/3300 train_loss:4.93354 train_time:98.114s step_avg:1241.95ms
step:80/3300 train_loss:5.03588 train_time:99.320s step_avg:1241.50ms
step:81/3300 train_loss:4.98572 train_time:100.533s step_avg:1241.15ms
step:82/3300 train_loss:5.17108 train_time:101.739s step_avg:1240.72ms
step:83/3300 train_loss:5.04615 train_time:102.939s step_avg:1240.23ms
step:84/3300 train_loss:5.02301 train_time:104.144s step_avg:1239.80ms
step:85/3300 train_loss:4.97331 train_time:105.348s step_avg:1239.39ms
step:86/3300 train_loss:5.02177 train_time:106.568s step_avg:1239.16ms
step:87/3300 train_loss:5.00326 train_time:107.782s step_avg:1238.87ms
step:88/3300 train_loss:4.98718 train_time:108.978s step_avg:1238.39ms
step:89/3300 train_loss:4.97864 train_time:110.181s step_avg:1237.98ms
step:90/3300 train_loss:4.93291 train_time:111.384s step_avg:1237.60ms
step:91/3300 train_loss:4.96620 train_time:112.611s step_avg:1237.48ms
step:92/3300 train_loss:4.95147 train_time:113.827s step_avg:1237.25ms
step:93/3300 train_loss:4.91522 train_time:115.024s step_avg:1236.82ms
step:94/3300 train_loss:4.94912 train_time:116.230s step_avg:1236.49ms
step:95/3300 train_loss:4.91607 train_time:117.436s step_avg:1236.17ms
step:96/3300 train_loss:4.85129 train_time:118.654s step_avg:1235.98ms
step:97/3300 train_loss:4.95504 train_time:119.856s step_avg:1235.63ms
step:98/3300 train_loss:4.90177 train_time:121.059s step_avg:1235.29ms
step:99/3300 train_loss:4.87917 train_time:122.268s step_avg:1235.03ms
step:100/3300 train_loss:4.83684 train_time:123.494s step_avg:1234.94ms
step:101/3300 train_loss:4.80233 train_time:124.735s step_avg:1235.00ms
step:102/3300 train_loss:4.81830 train_time:125.941s step_avg:1234.71ms
step:103/3300 train_loss:4.83508 train_time:127.143s step_avg:1234.40ms
step:104/3300 train_loss:4.92241 train_time:128.342s step_avg:1234.06ms
step:105/3300 train_loss:4.84193 train_time:129.543s step_avg:1233.75ms
step:106/3300 train_loss:4.87607 train_time:130.758s step_avg:1233.57ms
step:107/3300 train_loss:4.84253 train_time:131.964s step_avg:1233.31ms
step:108/3300 train_loss:4.77108 train_time:133.170s step_avg:1233.05ms
step:109/3300 train_loss:4.83362 train_time:134.389s step_avg:1232.93ms
step:110/3300 train_loss:4.86122 train_time:135.602s step_avg:1232.74ms
step:111/3300 train_loss:4.76600 train_time:136.817s step_avg:1232.59ms
step:112/3300 train_loss:4.82092 train_time:138.029s step_avg:1232.41ms
step:113/3300 train_loss:4.83815 train_time:139.240s step_avg:1232.21ms
step:114/3300 train_loss:4.77348 train_time:140.443s step_avg:1231.96ms
step:115/3300 train_loss:4.80432 train_time:141.645s step_avg:1231.69ms
step:116/3300 train_loss:4.77685 train_time:142.880s step_avg:1231.73ms
step:117/3300 train_loss:4.73410 train_time:144.080s step_avg:1231.45ms
step:118/3300 train_loss:4.73972 train_time:145.282s step_avg:1231.20ms
step:119/3300 train_loss:4.72165 train_time:146.515s step_avg:1231.22ms
step:120/3300 train_loss:4.69843 train_time:147.722s step_avg:1231.02ms
step:121/3300 train_loss:4.69801 train_time:148.942s step_avg:1230.92ms
step:122/3300 train_loss:4.64694 train_time:150.140s step_avg:1230.66ms
step:123/3300 train_loss:4.70304 train_time:151.342s step_avg:1230.43ms
step:124/3300 train_loss:4.66561 train_time:152.544s step_avg:1230.19ms
step:125/3300 train_loss:4.68494 train_time:153.750s step_avg:1230.00ms
step:125/3300 val_loss:4.66656 train_time:153.750s step_avg:1230.00ms
step:126/3300 train_loss:4.65111 train_time:154.984s step_avg:1230.03ms
step:127/3300 train_loss:4.72953 train_time:156.187s step_avg:1229.81ms
step:128/3300 train_loss:4.65799 train_time:157.386s step_avg:1229.58ms
step:129/3300 train_loss:4.73535 train_time:158.602s step_avg:1229.47ms
step:130/3300 train_loss:4.59240 train_time:159.809s step_avg:1229.30ms
step:131/3300 train_loss:4.66073 train_time:161.024s step_avg:1229.19ms
step:132/3300 train_loss:4.63717 train_time:162.229s step_avg:1229.00ms
step:133/3300 train_loss:4.59817 train_time:163.428s step_avg:1228.78ms
step:134/3300 train_loss:4.60225 train_time:164.628s step_avg:1228.57ms
step:135/3300 train_loss:4.64908 train_time:165.828s step_avg:1228.36ms
step:136/3300 train_loss:4.56714 train_time:167.057s step_avg:1228.36ms
step:137/3300 train_loss:4.60816 train_time:168.285s step_avg:1228.36ms
step:138/3300 train_loss:4.61219 train_time:169.485s step_avg:1228.16ms
step:139/3300 train_loss:4.58143 train_time:170.687s step_avg:1227.97ms
step:140/3300 train_loss:4.61562 train_time:171.892s step_avg:1227.80ms
step:141/3300 train_loss:4.53233 train_time:173.115s step_avg:1227.77ms
step:142/3300 train_loss:4.63458 train_time:174.322s step_avg:1227.62ms
step:143/3300 train_loss:4.55731 train_time:175.555s step_avg:1227.66ms
step:144/3300 train_loss:4.56433 train_time:176.764s step_avg:1227.53ms
step:145/3300 train_loss:4.53919 train_time:177.984s step_avg:1227.48ms
step:146/3300 train_loss:4.48754 train_time:179.201s step_avg:1227.40ms
step:147/3300 train_loss:4.51821 train_time:180.406s step_avg:1227.25ms
step:148/3300 train_loss:4.53410 train_time:181.605s step_avg:1227.06ms
step:149/3300 train_loss:4.55120 train_time:182.807s step_avg:1226.90ms
step:150/3300 train_loss:4.53914 train_time:184.011s step_avg:1226.74ms
step:151/3300 train_loss:4.50910 train_time:185.242s step_avg:1226.77ms
step:152/3300 train_loss:4.42867 train_time:186.447s step_avg:1226.62ms
step:153/3300 train_loss:4.46846 train_time:187.646s step_avg:1226.45ms
step:154/3300 train_loss:4.47237 train_time:188.851s step_avg:1226.30ms
step:155/3300 train_loss:4.51510 train_time:190.056s step_avg:1226.17ms
step:156/3300 train_loss:4.50926 train_time:191.273s step_avg:1226.11ms
step:157/3300 train_loss:4.50872 train_time:192.476s step_avg:1225.96ms
step:158/3300 train_loss:4.41881 train_time:193.680s step_avg:1225.82ms
step:159/3300 train_loss:4.44897 train_time:194.888s step_avg:1225.71ms
step:160/3300 train_loss:4.44177 train_time:196.097s step_avg:1225.61ms
step:161/3300 train_loss:4.46619 train_time:197.322s step_avg:1225.60ms
step:162/3300 train_loss:4.45049 train_time:198.537s step_avg:1225.54ms
step:163/3300 train_loss:4.41314 train_time:199.741s step_avg:1225.41ms
step:164/3300 train_loss:4.44855 train_time:200.944s step_avg:1225.27ms
step:165/3300 train_loss:4.39876 train_time:202.148s step_avg:1225.14ms
step:166/3300 train_loss:4.45118 train_time:203.362s step_avg:1225.07ms
step:167/3300 train_loss:4.36279 train_time:204.568s step_avg:1224.96ms
step:168/3300 train_loss:4.38874 train_time:205.767s step_avg:1224.80ms
step:169/3300 train_loss:4.36932 train_time:206.966s step_avg:1224.65ms
step:170/3300 train_loss:4.34463 train_time:208.167s step_avg:1224.51ms
step:171/3300 train_loss:4.33636 train_time:209.383s step_avg:1224.46ms
step:172/3300 train_loss:4.41862 train_time:210.591s step_avg:1224.36ms
step:173/3300 train_loss:4.35493 train_time:211.793s step_avg:1224.24ms
step:174/3300 train_loss:4.40911 train_time:212.997s step_avg:1224.12ms
step:175/3300 train_loss:4.38650 train_time:214.206s step_avg:1224.03ms
step:176/3300 train_loss:4.35243 train_time:215.438s step_avg:1224.08ms
step:177/3300 train_loss:4.33956 train_time:216.650s step_avg:1224.01ms
step:178/3300 train_loss:4.35099 train_time:217.855s step_avg:1223.90ms
step:179/3300 train_loss:4.36486 train_time:219.052s step_avg:1223.75ms
step:180/3300 train_loss:4.32594 train_time:220.244s step_avg:1223.58ms
step:181/3300 train_loss:4.30089 train_time:221.464s step_avg:1223.56ms
step:182/3300 train_loss:4.33912 train_time:222.670s step_avg:1223.46ms
step:183/3300 train_loss:4.27809 train_time:223.871s step_avg:1223.34ms
step:184/3300 train_loss:4.35205 train_time:225.067s step_avg:1223.19ms
step:185/3300 train_loss:4.30377 train_time:226.285s step_avg:1223.16ms
step:186/3300 train_loss:4.29971 train_time:227.517s step_avg:1223.21ms
step:187/3300 train_loss:4.35911 train_time:228.728s step_avg:1223.14ms
step:188/3300 train_loss:4.32719 train_time:229.944s step_avg:1223.10ms
step:189/3300 train_loss:4.24666 train_time:231.152s step_avg:1223.03ms
step:190/3300 train_loss:4.28924 train_time:232.348s step_avg:1222.89ms
step:191/3300 train_loss:4.20974 train_time:233.727s step_avg:1223.70ms
step:192/3300 train_loss:4.33614 train_time:234.927s step_avg:1223.58ms
step:193/3300 train_loss:4.28409 train_time:236.143s step_avg:1223.54ms
step:194/3300 train_loss:4.34360 train_time:237.343s step_avg:1223.42ms
step:195/3300 train_loss:4.30906 train_time:238.550s step_avg:1223.33ms
step:196/3300 train_loss:4.33380 train_time:239.784s step_avg:1223.39ms
step:197/3300 train_loss:4.24712 train_time:240.999s step_avg:1223.35ms
step:198/3300 train_loss:4.29861 train_time:242.206s step_avg:1223.26ms
step:199/3300 train_loss:4.25116 train_time:243.412s step_avg:1223.18ms
step:200/3300 train_loss:4.43239 train_time:244.625s step_avg:1223.12ms
step:201/3300 train_loss:4.27534 train_time:245.850s step_avg:1223.13ms
step:202/3300 train_loss:4.27567 train_time:247.083s step_avg:1223.18ms
step:203/3300 train_loss:4.32397 train_time:248.298s step_avg:1223.14ms
step:204/3300 train_loss:4.28102 train_time:249.501s step_avg:1223.04ms
step:205/3300 train_loss:4.24466 train_time:250.709s step_avg:1222.97ms
step:206/3300 train_loss:4.20351 train_time:251.929s step_avg:1222.95ms
step:207/3300 train_loss:4.28418 train_time:253.131s step_avg:1222.86ms
step:208/3300 train_loss:4.25294 train_time:254.330s step_avg:1222.74ms
step:209/3300 train_loss:4.17088 train_time:255.531s step_avg:1222.63ms
step:210/3300 train_loss:4.26318 train_time:256.771s step_avg:1222.72ms
step:211/3300 train_loss:4.22113 train_time:257.990s step_avg:1222.70ms
step:212/3300 train_loss:4.23317 train_time:259.192s step_avg:1222.61ms
step:213/3300 train_loss:4.22239 train_time:260.390s step_avg:1222.49ms
step:214/3300 train_loss:4.23148 train_time:261.599s step_avg:1222.42ms
step:215/3300 train_loss:4.21733 train_time:262.795s step_avg:1222.30ms
step:216/3300 train_loss:4.18894 train_time:264.006s step_avg:1222.25ms
step:217/3300 train_loss:4.25937 train_time:265.216s step_avg:1222.20ms
step:218/3300 train_loss:4.19512 train_time:266.415s step_avg:1222.09ms
step:219/3300 train_loss:4.21118 train_time:267.615s step_avg:1221.98ms
step:220/3300 train_loss:4.18222 train_time:268.826s step_avg:1221.94ms
step:221/3300 train_loss:4.16763 train_time:270.095s step_avg:1222.15ms
step:222/3300 train_loss:4.16549 train_time:271.302s step_avg:1222.08ms
step:223/3300 train_loss:4.25949 train_time:272.505s step_avg:1222.00ms
step:224/3300 train_loss:4.23051 train_time:273.714s step_avg:1221.94ms
step:225/3300 train_loss:4.15695 train_time:274.931s step_avg:1221.91ms
step:226/3300 train_loss:4.16287 train_time:276.149s step_avg:1221.90ms
step:227/3300 train_loss:4.16029 train_time:277.354s step_avg:1221.82ms
step:228/3300 train_loss:4.22085 train_time:278.548s step_avg:1221.70ms
step:229/3300 train_loss:4.20871 train_time:279.752s step_avg:1221.62ms
step:230/3300 train_loss:4.14164 train_time:280.948s step_avg:1221.51ms
step:231/3300 train_loss:4.16365 train_time:282.162s step_avg:1221.48ms
step:232/3300 train_loss:4.14240 train_time:283.367s step_avg:1221.41ms
step:233/3300 train_loss:4.19470 train_time:284.589s step_avg:1221.41ms
step:234/3300 train_loss:4.19086 train_time:285.787s step_avg:1221.31ms
step:235/3300 train_loss:4.21262 train_time:287.003s step_avg:1221.29ms
step:236/3300 train_loss:4.21000 train_time:288.218s step_avg:1221.26ms
step:237/3300 train_loss:4.23742 train_time:289.419s step_avg:1221.18ms
step:238/3300 train_loss:4.19079 train_time:290.635s step_avg:1221.15ms
step:239/3300 train_loss:4.12001 train_time:291.834s step_avg:1221.06ms
step:240/3300 train_loss:4.14535 train_time:293.032s step_avg:1220.97ms
step:241/3300 train_loss:4.28906 train_time:294.248s step_avg:1220.95ms
step:242/3300 train_loss:4.23435 train_time:295.452s step_avg:1220.87ms
step:243/3300 train_loss:4.12211 train_time:296.668s step_avg:1220.85ms
step:244/3300 train_loss:4.19574 train_time:297.870s step_avg:1220.78ms
step:245/3300 train_loss:4.11167 train_time:299.072s step_avg:1220.70ms
step:246/3300 train_loss:4.13999 train_time:300.299s step_avg:1220.73ms
step:247/3300 train_loss:4.07205 train_time:301.495s step_avg:1220.63ms
step:248/3300 train_loss:4.13287 train_time:302.694s step_avg:1220.54ms
step:249/3300 train_loss:4.13552 train_time:303.891s step_avg:1220.45ms
step:250/3300 train_loss:4.07977 train_time:305.135s step_avg:1220.54ms
step:250/3300 val_loss:4.11998 train_time:305.135s step_avg:1211.08ms
step:251/3300 train_loss:4.15673 train_time:306.355s step_avg:1220.54ms
step:252/3300 train_loss:4.17024 train_time:307.567s step_avg:1220.50ms
step:253/3300 train_loss:4.12519 train_time:308.768s step_avg:1220.43ms
step:254/3300 train_loss:4.09073 train_time:309.965s step_avg:1220.34ms
step:255/3300 train_loss:4.16534 train_time:311.182s step_avg:1220.32ms
step:256/3300 train_loss:4.10276 train_time:312.398s step_avg:1220.31ms
step:257/3300 train_loss:4.11249 train_time:313.604s step_avg:1220.25ms
step:258/3300 train_loss:4.19541 train_time:314.801s step_avg:1220.16ms
step:259/3300 train_loss:4.08808 train_time:316.004s step_avg:1220.09ms
step:260/3300 train_loss:4.08075 train_time:317.209s step_avg:1220.03ms
step:261/3300 train_loss:4.07055 train_time:318.426s step_avg:1220.02ms
step:262/3300 train_loss:4.15040 train_time:319.634s step_avg:1219.98ms
step:263/3300 train_loss:4.10921 train_time:320.847s step_avg:1219.95ms
step:264/3300 train_loss:4.16507 train_time:322.045s step_avg:1219.87ms
step:265/3300 train_loss:4.02350 train_time:323.250s step_avg:1219.81ms
step:266/3300 train_loss:4.13271 train_time:324.462s step_avg:1219.78ms
step:267/3300 train_loss:4.07509 train_time:325.668s step_avg:1219.73ms
step:268/3300 train_loss:4.05146 train_time:326.876s step_avg:1219.69ms
step:269/3300 train_loss:4.09239 train_time:328.085s step_avg:1219.65ms
step:270/3300 train_loss:4.09501 train_time:329.286s step_avg:1219.58ms
step:271/3300 train_loss:4.14155 train_time:330.512s step_avg:1219.60ms
step:272/3300 train_loss:4.07314 train_time:331.719s step_avg:1219.56ms
step:273/3300 train_loss:4.11495 train_time:332.942s step_avg:1219.57ms
step:274/3300 train_loss:4.03144 train_time:334.148s step_avg:1219.52ms
step:275/3300 train_loss:4.09485 train_time:335.347s step_avg:1219.44ms
step:276/3300 train_loss:4.14419 train_time:336.561s step_avg:1219.43ms
step:277/3300 train_loss:4.04904 train_time:337.773s step_avg:1219.40ms
step:278/3300 train_loss:4.09503 train_time:338.976s step_avg:1219.34ms
step:279/3300 train_loss:4.02204 train_time:340.183s step_avg:1219.30ms
step:280/3300 train_loss:4.13733 train_time:341.386s step_avg:1219.24ms
step:281/3300 train_loss:4.10172 train_time:342.602s step_avg:1219.22ms
step:282/3300 train_loss:4.06891 train_time:343.808s step_avg:1219.18ms
step:283/3300 train_loss:4.07878 train_time:345.008s step_avg:1219.11ms
step:284/3300 train_loss:4.02464 train_time:346.210s step_avg:1219.05ms
step:285/3300 train_loss:4.10940 train_time:347.407s step_avg:1218.97ms
step:286/3300 train_loss:4.08308 train_time:348.636s step_avg:1219.01ms
step:287/3300 train_loss:4.05077 train_time:349.839s step_avg:1218.95ms
step:288/3300 train_loss:4.07395 train_time:351.045s step_avg:1218.91ms
step:289/3300 train_loss:4.06406 train_time:352.257s step_avg:1218.88ms
step:290/3300 train_loss:4.03271 train_time:353.465s step_avg:1218.85ms
step:291/3300 train_loss:4.04212 train_time:354.687s step_avg:1218.86ms
step:292/3300 train_loss:4.09211 train_time:355.889s step_avg:1218.80ms
step:293/3300 train_loss:4.02841 train_time:357.090s step_avg:1218.74ms
step:294/3300 train_loss:4.20143 train_time:358.290s step_avg:1218.67ms
step:295/3300 train_loss:4.03166 train_time:359.487s step_avg:1218.60ms
step:296/3300 train_loss:4.02993 train_time:360.713s step_avg:1218.62ms
step:297/3300 train_loss:4.04802 train_time:361.906s step_avg:1218.54ms
step:298/3300 train_loss:4.05221 train_time:363.116s step_avg:1218.51ms
step:299/3300 train_loss:4.01957 train_time:364.318s step_avg:1218.46ms
step:300/3300 train_loss:4.03068 train_time:365.522s step_avg:1218.41ms
step:301/3300 train_loss:4.08550 train_time:366.741s step_avg:1218.41ms
step:302/3300 train_loss:4.00460 train_time:367.954s step_avg:1218.39ms
step:303/3300 train_loss:4.04678 train_time:369.170s step_avg:1218.38ms
step:304/3300 train_loss:4.03453 train_time:370.386s step_avg:1218.37ms
step:305/3300 train_loss:4.05959 train_time:371.605s step_avg:1218.38ms
step:306/3300 train_loss:4.00762 train_time:372.826s step_avg:1218.39ms
step:307/3300 train_loss:4.04724 train_time:374.030s step_avg:1218.34ms
step:308/3300 train_loss:4.03001 train_time:375.229s step_avg:1218.28ms
step:309/3300 train_loss:4.03986 train_time:376.429s step_avg:1218.22ms
step:310/3300 train_loss:4.09720 train_time:377.633s step_avg:1218.17ms
step:311/3300 train_loss:4.07451 train_time:378.859s step_avg:1218.20ms
step:312/3300 train_loss:4.00426 train_time:380.070s step_avg:1218.17ms
step:313/3300 train_loss:4.05943 train_time:381.272s step_avg:1218.12ms
step:314/3300 train_loss:4.01193 train_time:382.493s step_avg:1218.13ms
step:315/3300 train_loss:3.98108 train_time:383.699s step_avg:1218.09ms
step:316/3300 train_loss:3.99031 train_time:384.915s step_avg:1218.09ms
step:317/3300 train_loss:3.98867 train_time:386.115s step_avg:1218.03ms
step:318/3300 train_loss:3.98099 train_time:387.314s step_avg:1217.97ms
step:319/3300 train_loss:4.04228 train_time:388.509s step_avg:1217.90ms
step:320/3300 train_loss:4.01955 train_time:389.740s step_avg:1217.94ms
step:321/3300 train_loss:4.04009 train_time:390.959s step_avg:1217.94ms
step:322/3300 train_loss:3.99871 train_time:392.161s step_avg:1217.89ms
step:323/3300 train_loss:4.04046 train_time:393.366s step_avg:1217.85ms
step:324/3300 train_loss:3.98581 train_time:394.568s step_avg:1217.80ms
step:325/3300 train_loss:4.08052 train_time:395.774s step_avg:1217.77ms
step:326/3300 train_loss:4.00673 train_time:396.989s step_avg:1217.76ms
step:327/3300 train_loss:4.13815 train_time:398.190s step_avg:1217.71ms
step:328/3300 train_loss:4.05582 train_time:399.390s step_avg:1217.65ms
step:329/3300 train_loss:4.02428 train_time:400.597s step_avg:1217.62ms
step:330/3300 train_loss:3.94964 train_time:401.798s step_avg:1217.57ms
step:331/3300 train_loss:4.05312 train_time:403.017s step_avg:1217.57ms
step:332/3300 train_loss:3.96706 train_time:404.210s step_avg:1217.50ms
step:333/3300 train_loss:3.93836 train_time:405.419s step_avg:1217.48ms
step:334/3300 train_loss:3.97808 train_time:406.622s step_avg:1217.43ms
step:335/3300 train_loss:4.06009 train_time:407.833s step_avg:1217.41ms
step:336/3300 train_loss:4.01671 train_time:409.050s step_avg:1217.41ms
step:337/3300 train_loss:4.29371 train_time:410.250s step_avg:1217.36ms
step:338/3300 train_loss:3.98590 train_time:411.449s step_avg:1217.31ms
step:339/3300 train_loss:3.95971 train_time:412.683s step_avg:1217.35ms
step:340/3300 train_loss:3.96556 train_time:413.891s step_avg:1217.33ms
step:341/3300 train_loss:3.99272 train_time:415.108s step_avg:1217.32ms
step:342/3300 train_loss:3.97809 train_time:416.318s step_avg:1217.30ms
step:343/3300 train_loss:4.05253 train_time:417.529s step_avg:1217.29ms
step:344/3300 train_loss:3.97903 train_time:418.733s step_avg:1217.25ms
step:345/3300 train_loss:3.94701 train_time:419.932s step_avg:1217.19ms
step:346/3300 train_loss:3.95470 train_time:421.151s step_avg:1217.20ms
step:347/3300 train_loss:3.95802 train_time:422.355s step_avg:1217.16ms
step:348/3300 train_loss:3.99247 train_time:423.554s step_avg:1217.11ms
step:349/3300 train_loss:3.92725 train_time:424.751s step_avg:1217.05ms
step:350/3300 train_loss:3.91548 train_time:425.954s step_avg:1217.01ms
step:351/3300 train_loss:3.90888 train_time:427.183s step_avg:1217.05ms
step:352/3300 train_loss:4.02446 train_time:428.393s step_avg:1217.02ms
step:353/3300 train_loss:3.92665 train_time:429.608s step_avg:1217.02ms
step:354/3300 train_loss:3.91464 train_time:430.809s step_avg:1216.98ms
step:355/3300 train_loss:3.99562 train_time:432.015s step_avg:1216.94ms
step:356/3300 train_loss:3.91508 train_time:433.227s step_avg:1216.93ms
step:357/3300 train_loss:3.99619 train_time:434.431s step_avg:1216.89ms
step:358/3300 train_loss:3.98263 train_time:435.632s step_avg:1216.85ms
step:359/3300 train_loss:3.89201 train_time:436.835s step_avg:1216.81ms
step:360/3300 train_loss:3.90190 train_time:438.043s step_avg:1216.79ms
step:361/3300 train_loss:4.01665 train_time:439.273s step_avg:1216.82ms
step:362/3300 train_loss:3.95980 train_time:440.478s step_avg:1216.79ms
step:363/3300 train_loss:3.93280 train_time:441.672s step_avg:1216.73ms
step:364/3300 train_loss:3.95226 train_time:442.885s step_avg:1216.72ms
step:365/3300 train_loss:3.99596 train_time:444.092s step_avg:1216.69ms
step:366/3300 train_loss:3.93998 train_time:445.310s step_avg:1216.69ms
step:367/3300 train_loss:3.97720 train_time:446.518s step_avg:1216.67ms
step:368/3300 train_loss:3.96159 train_time:447.728s step_avg:1216.65ms
step:369/3300 train_loss:3.95912 train_time:448.934s step_avg:1216.62ms
step:370/3300 train_loss:3.93361 train_time:450.157s step_avg:1216.64ms
step:371/3300 train_loss:3.96619 train_time:451.387s step_avg:1216.68ms
step:372/3300 train_loss:3.94267 train_time:452.591s step_avg:1216.64ms
step:373/3300 train_loss:3.96559 train_time:453.803s step_avg:1216.63ms
step:374/3300 train_loss:3.99210 train_time:455.011s step_avg:1216.61ms
step:375/3300 train_loss:3.96002 train_time:456.216s step_avg:1216.57ms
step:375/3300 val_loss:3.93380 train_time:456.216s step_avg:1208.64ms
step:376/3300 train_loss:4.05406 train_time:457.439s step_avg:1216.59ms
step:377/3300 train_loss:3.85367 train_time:458.646s step_avg:1216.57ms
step:378/3300 train_loss:3.96081 train_time:459.873s step_avg:1216.59ms
step:379/3300 train_loss:3.95534 train_time:461.071s step_avg:1216.55ms
step:380/3300 train_loss:3.92048 train_time:462.275s step_avg:1216.51ms
step:381/3300 train_loss:3.99503 train_time:463.525s step_avg:1216.60ms
step:382/3300 train_loss:3.91401 train_time:464.730s step_avg:1216.57ms
step:383/3300 train_loss:3.93418 train_time:465.931s step_avg:1216.53ms
step:384/3300 train_loss:3.92452 train_time:467.130s step_avg:1216.48ms
step:385/3300 train_loss:3.95811 train_time:468.327s step_avg:1216.43ms
step:386/3300 train_loss:3.95184 train_time:469.554s step_avg:1216.46ms
step:387/3300 train_loss:3.96690 train_time:470.753s step_avg:1216.42ms
step:388/3300 train_loss:3.94770 train_time:471.963s step_avg:1216.40ms
step:389/3300 train_loss:3.89915 train_time:473.165s step_avg:1216.36ms
step:390/3300 train_loss:3.95361 train_time:474.371s step_avg:1216.34ms
step:391/3300 train_loss:3.88491 train_time:475.588s step_avg:1216.34ms
step:392/3300 train_loss:3.92727 train_time:476.791s step_avg:1216.30ms
step:393/3300 train_loss:3.96352 train_time:477.987s step_avg:1216.25ms
step:394/3300 train_loss:3.95527 train_time:479.187s step_avg:1216.21ms
step:395/3300 train_loss:3.87918 train_time:480.408s step_avg:1216.22ms
step:396/3300 train_loss:3.80145 train_time:481.630s step_avg:1216.24ms
step:397/3300 train_loss:3.98784 train_time:482.845s step_avg:1216.23ms
step:398/3300 train_loss:3.92375 train_time:484.060s step_avg:1216.23ms
step:399/3300 train_loss:3.87580 train_time:485.266s step_avg:1216.20ms
step:400/3300 train_loss:3.95804 train_time:486.464s step_avg:1216.16ms
step:401/3300 train_loss:3.90800 train_time:487.680s step_avg:1216.16ms
step:402/3300 train_loss:3.92235 train_time:488.883s step_avg:1216.13ms
step:403/3300 train_loss:3.93025 train_time:490.092s step_avg:1216.11ms
step:404/3300 train_loss:3.90477 train_time:491.307s step_avg:1216.11ms
step:405/3300 train_loss:3.96155 train_time:492.526s step_avg:1216.11ms
step:406/3300 train_loss:3.93347 train_time:493.748s step_avg:1216.13ms
step:407/3300 train_loss:4.02804 train_time:494.956s step_avg:1216.11ms
step:408/3300 train_loss:3.94623 train_time:496.155s step_avg:1216.07ms
step:409/3300 train_loss:3.90059 train_time:497.353s step_avg:1216.02ms
step:410/3300 train_loss:3.91055 train_time:498.556s step_avg:1215.99ms
step:411/3300 train_loss:3.88649 train_time:499.784s step_avg:1216.02ms
step:412/3300 train_loss:3.97365 train_time:500.997s step_avg:1216.01ms
step:413/3300 train_loss:3.89943 train_time:502.196s step_avg:1215.97ms
step:414/3300 train_loss:3.93803 train_time:503.392s step_avg:1215.92ms
step:415/3300 train_loss:3.97870 train_time:504.601s step_avg:1215.90ms
step:416/3300 train_loss:3.89908 train_time:505.884s step_avg:1216.07ms
step:417/3300 train_loss:3.91642 train_time:507.090s step_avg:1216.04ms
step:418/3300 train_loss:3.91323 train_time:508.295s step_avg:1216.02ms
step:419/3300 train_loss:3.89375 train_time:509.551s step_avg:1216.11ms
step:420/3300 train_loss:3.88404 train_time:510.756s step_avg:1216.09ms
step:421/3300 train_loss:3.88613 train_time:511.966s step_avg:1216.07ms
step:422/3300 train_loss:3.86493 train_time:513.178s step_avg:1216.06ms
step:423/3300 train_loss:3.90323 train_time:514.375s step_avg:1216.02ms
step:424/3300 train_loss:3.92684 train_time:515.580s step_avg:1215.99ms
step:425/3300 train_loss:3.93087 train_time:516.774s step_avg:1215.94ms
step:426/3300 train_loss:3.85712 train_time:517.992s step_avg:1215.94ms
step:427/3300 train_loss:3.91289 train_time:519.194s step_avg:1215.91ms
step:428/3300 train_loss:3.85786 train_time:520.397s step_avg:1215.88ms
step:429/3300 train_loss:3.84495 train_time:521.606s step_avg:1215.86ms
step:430/3300 train_loss:3.86847 train_time:522.815s step_avg:1215.85ms
step:431/3300 train_loss:3.94638 train_time:524.028s step_avg:1215.84ms
step:432/3300 train_loss:3.88355 train_time:525.232s step_avg:1215.81ms
step:433/3300 train_loss:3.94368 train_time:526.441s step_avg:1215.80ms
step:434/3300 train_loss:3.88830 train_time:527.635s step_avg:1215.75ms
step:435/3300 train_loss:3.91000 train_time:528.835s step_avg:1215.71ms
step:436/3300 train_loss:3.94972 train_time:530.059s step_avg:1215.73ms
step:437/3300 train_loss:3.90216 train_time:531.255s step_avg:1215.69ms
step:438/3300 train_loss:3.91015 train_time:532.462s step_avg:1215.67ms
step:439/3300 train_loss:3.83477 train_time:533.661s step_avg:1215.63ms
step:440/3300 train_loss:3.88971 train_time:534.861s step_avg:1215.59ms
step:441/3300 train_loss:3.83156 train_time:536.070s step_avg:1215.58ms
step:442/3300 train_loss:3.87816 train_time:537.276s step_avg:1215.56ms
step:443/3300 train_loss:3.83677 train_time:538.476s step_avg:1215.52ms
step:444/3300 train_loss:3.93709 train_time:539.684s step_avg:1215.50ms
step:445/3300 train_loss:3.90370 train_time:540.895s step_avg:1215.49ms
step:446/3300 train_loss:3.88421 train_time:542.120s step_avg:1215.52ms
step:447/3300 train_loss:3.87397 train_time:543.316s step_avg:1215.47ms
step:448/3300 train_loss:3.92478 train_time:544.519s step_avg:1215.44ms
step:449/3300 train_loss:3.89443 train_time:545.716s step_avg:1215.40ms
step:450/3300 train_loss:3.88636 train_time:546.918s step_avg:1215.37ms
step:451/3300 train_loss:4.01328 train_time:548.127s step_avg:1215.36ms
step:452/3300 train_loss:3.91281 train_time:549.320s step_avg:1215.31ms
step:453/3300 train_loss:3.95912 train_time:550.513s step_avg:1215.26ms
step:454/3300 train_loss:3.80051 train_time:551.717s step_avg:1215.24ms
step:455/3300 train_loss:3.85778 train_time:552.932s step_avg:1215.23ms
step:456/3300 train_loss:3.86137 train_time:554.154s step_avg:1215.25ms
step:457/3300 train_loss:3.85746 train_time:555.372s step_avg:1215.26ms
step:458/3300 train_loss:3.90180 train_time:556.576s step_avg:1215.23ms
step:459/3300 train_loss:3.87481 train_time:557.778s step_avg:1215.20ms
step:460/3300 train_loss:3.92719 train_time:558.982s step_avg:1215.18ms
step:461/3300 train_loss:3.89838 train_time:560.194s step_avg:1215.17ms
step:462/3300 train_loss:3.78813 train_time:561.443s step_avg:1215.24ms
step:463/3300 train_loss:3.87547 train_time:562.641s step_avg:1215.21ms
step:464/3300 train_loss:3.89580 train_time:563.840s step_avg:1215.17ms
step:465/3300 train_loss:3.87206 train_time:565.038s step_avg:1215.14ms
step:466/3300 train_loss:3.88762 train_time:566.252s step_avg:1215.13ms
step:467/3300 train_loss:3.85178 train_time:567.456s step_avg:1215.11ms
step:468/3300 train_loss:3.90142 train_time:568.658s step_avg:1215.08ms
step:469/3300 train_loss:3.86646 train_time:569.872s step_avg:1215.08ms
step:470/3300 train_loss:3.79993 train_time:571.076s step_avg:1215.05ms
step:471/3300 train_loss:3.92433 train_time:572.291s step_avg:1215.06ms
step:472/3300 train_loss:3.84084 train_time:573.494s step_avg:1215.03ms
step:473/3300 train_loss:3.86181 train_time:574.699s step_avg:1215.01ms
step:474/3300 train_loss:3.86383 train_time:575.904s step_avg:1214.99ms
step:475/3300 train_loss:3.92858 train_time:577.122s step_avg:1214.99ms
step:476/3300 train_loss:3.87751 train_time:578.337s step_avg:1214.99ms
step:477/3300 train_loss:3.83616 train_time:579.542s step_avg:1214.97ms
step:478/3300 train_loss:3.88389 train_time:580.757s step_avg:1214.97ms
step:479/3300 train_loss:3.81675 train_time:581.966s step_avg:1214.96ms
step:480/3300 train_loss:3.95044 train_time:583.167s step_avg:1214.93ms
step:481/3300 train_loss:3.85468 train_time:584.383s step_avg:1214.93ms
step:482/3300 train_loss:3.77792 train_time:585.603s step_avg:1214.94ms
step:483/3300 train_loss:3.89088 train_time:586.801s step_avg:1214.91ms
step:484/3300 train_loss:3.86426 train_time:588.002s step_avg:1214.88ms
step:485/3300 train_loss:3.76807 train_time:589.203s step_avg:1214.85ms
step:486/3300 train_loss:3.87319 train_time:590.412s step_avg:1214.84ms
step:487/3300 train_loss:3.83371 train_time:591.617s step_avg:1214.82ms
step:488/3300 train_loss:3.84237 train_time:592.820s step_avg:1214.80ms
step:489/3300 train_loss:3.86124 train_time:594.022s step_avg:1214.77ms
step:490/3300 train_loss:3.80935 train_time:595.225s step_avg:1214.75ms
step:491/3300 train_loss:3.84327 train_time:596.437s step_avg:1214.74ms
step:492/3300 train_loss:3.88922 train_time:597.642s step_avg:1214.72ms
step:493/3300 train_loss:3.82002 train_time:598.843s step_avg:1214.69ms
step:494/3300 train_loss:3.82437 train_time:600.042s step_avg:1214.66ms
step:495/3300 train_loss:3.87382 train_time:601.239s step_avg:1214.62ms
step:496/3300 train_loss:3.79243 train_time:602.458s step_avg:1214.63ms
step:497/3300 train_loss:3.86206 train_time:603.660s step_avg:1214.61ms
step:498/3300 train_loss:3.83330 train_time:604.865s step_avg:1214.59ms
step:499/3300 train_loss:3.90400 train_time:606.057s step_avg:1214.54ms
step:500/3300 train_loss:3.83853 train_time:607.259s step_avg:1214.52ms
step:500/3300 val_loss:3.82849 train_time:607.259s step_avg:1208.34ms
step:501/3300 train_loss:3.89966 train_time:608.483s step_avg:1214.54ms
step:502/3300 train_loss:3.85495 train_time:609.690s step_avg:1214.52ms
step:503/3300 train_loss:3.79837 train_time:610.895s step_avg:1214.50ms
step:504/3300 train_loss:3.88413 train_time:612.092s step_avg:1214.47ms
step:505/3300 train_loss:3.84014 train_time:613.302s step_avg:1214.46ms
step:506/3300 train_loss:3.78910 train_time:614.523s step_avg:1214.47ms
step:507/3300 train_loss:3.91516 train_time:615.725s step_avg:1214.45ms
step:508/3300 train_loss:3.80751 train_time:616.934s step_avg:1214.44ms
step:509/3300 train_loss:3.84526 train_time:618.132s step_avg:1214.40ms
step:510/3300 train_loss:3.80382 train_time:619.333s step_avg:1214.38ms
step:511/3300 train_loss:3.78415 train_time:620.555s step_avg:1214.39ms
step:512/3300 train_loss:3.83884 train_time:621.760s step_avg:1214.37ms
step:513/3300 train_loss:3.83484 train_time:622.957s step_avg:1214.34ms
step:514/3300 train_loss:3.92430 train_time:624.152s step_avg:1214.30ms
step:515/3300 train_loss:3.79663 train_time:625.352s step_avg:1214.28ms
step:516/3300 train_loss:3.88174 train_time:626.573s step_avg:1214.29ms
step:517/3300 train_loss:3.85096 train_time:627.776s step_avg:1214.27ms
step:518/3300 train_loss:3.80085 train_time:628.975s step_avg:1214.24ms
step:519/3300 train_loss:3.88246 train_time:630.174s step_avg:1214.21ms
step:520/3300 train_loss:3.81288 train_time:631.383s step_avg:1214.20ms
step:521/3300 train_loss:3.79512 train_time:632.594s step_avg:1214.19ms
step:522/3300 train_loss:3.85469 train_time:633.818s step_avg:1214.21ms
step:523/3300 train_loss:3.82928 train_time:635.012s step_avg:1214.17ms
step:524/3300 train_loss:3.80027 train_time:636.213s step_avg:1214.15ms
step:525/3300 train_loss:3.77485 train_time:637.414s step_avg:1214.12ms
step:526/3300 train_loss:3.87905 train_time:638.631s step_avg:1214.13ms
step:527/3300 train_loss:3.81371 train_time:639.838s step_avg:1214.11ms
step:528/3300 train_loss:3.82607 train_time:641.033s step_avg:1214.08ms
step:529/3300 train_loss:3.85689 train_time:642.256s step_avg:1214.09ms
step:530/3300 train_loss:3.82482 train_time:643.475s step_avg:1214.10ms
step:531/3300 train_loss:3.77553 train_time:644.703s step_avg:1214.13ms
step:532/3300 train_loss:3.85111 train_time:645.896s step_avg:1214.09ms
step:533/3300 train_loss:3.80893 train_time:647.107s step_avg:1214.08ms
step:534/3300 train_loss:3.83302 train_time:648.319s step_avg:1214.08ms
step:535/3300 train_loss:3.93113 train_time:649.517s step_avg:1214.05ms
step:536/3300 train_loss:3.79383 train_time:650.731s step_avg:1214.05ms
step:537/3300 train_loss:3.77432 train_time:651.953s step_avg:1214.07ms
step:538/3300 train_loss:3.78196 train_time:653.167s step_avg:1214.06ms
step:539/3300 train_loss:3.97331 train_time:654.378s step_avg:1214.06ms
step:540/3300 train_loss:3.76848 train_time:655.576s step_avg:1214.03ms
step:541/3300 train_loss:3.86355 train_time:656.794s step_avg:1214.04ms
step:542/3300 train_loss:3.79474 train_time:657.999s step_avg:1214.02ms
step:543/3300 train_loss:3.79326 train_time:659.197s step_avg:1213.99ms
step:544/3300 train_loss:3.82656 train_time:660.398s step_avg:1213.97ms
step:545/3300 train_loss:3.78705 train_time:661.596s step_avg:1213.94ms
step:546/3300 train_loss:3.76983 train_time:662.858s step_avg:1214.02ms
step:547/3300 train_loss:3.81676 train_time:664.062s step_avg:1214.01ms
step:548/3300 train_loss:3.73351 train_time:665.271s step_avg:1214.00ms
step:549/3300 train_loss:3.78154 train_time:666.507s step_avg:1214.04ms
step:550/3300 train_loss:3.81894 train_time:667.725s step_avg:1214.04ms
step:551/3300 train_loss:3.78046 train_time:668.936s step_avg:1214.04ms
step:552/3300 train_loss:3.91771 train_time:670.142s step_avg:1214.03ms
step:553/3300 train_loss:3.80866 train_time:671.340s step_avg:1214.00ms
step:554/3300 train_loss:3.79879 train_time:672.558s step_avg:1214.00ms
step:555/3300 train_loss:3.85426 train_time:673.762s step_avg:1213.98ms
step:556/3300 train_loss:3.78849 train_time:674.972s step_avg:1213.98ms
step:557/3300 train_loss:3.74770 train_time:676.172s step_avg:1213.95ms
step:558/3300 train_loss:3.79273 train_time:677.376s step_avg:1213.93ms
step:559/3300 train_loss:3.86454 train_time:678.597s step_avg:1213.95ms
step:560/3300 train_loss:3.80700 train_time:679.800s step_avg:1213.93ms
step:561/3300 train_loss:3.77605 train_time:681.012s step_avg:1213.93ms
step:562/3300 train_loss:3.77885 train_time:682.227s step_avg:1213.93ms
step:563/3300 train_loss:3.78278 train_time:683.431s step_avg:1213.91ms
step:564/3300 train_loss:3.82467 train_time:684.654s step_avg:1213.93ms
step:565/3300 train_loss:3.78545 train_time:685.871s step_avg:1213.93ms
step:566/3300 train_loss:3.81773 train_time:687.102s step_avg:1213.96ms
step:567/3300 train_loss:3.78474 train_time:688.302s step_avg:1213.94ms
step:568/3300 train_loss:3.87183 train_time:689.501s step_avg:1213.91ms
step:569/3300 train_loss:3.79710 train_time:690.704s step_avg:1213.89ms
step:570/3300 train_loss:3.77900 train_time:691.935s step_avg:1213.92ms
step:571/3300 train_loss:3.73674 train_time:693.186s step_avg:1213.99ms
step:572/3300 train_loss:3.80489 train_time:694.380s step_avg:1213.95ms
step:573/3300 train_loss:3.87723 train_time:695.583s step_avg:1213.93ms
step:574/3300 train_loss:3.77370 train_time:696.790s step_avg:1213.92ms
step:575/3300 train_loss:3.82581 train_time:697.984s step_avg:1213.89ms
step:576/3300 train_loss:3.80171 train_time:699.189s step_avg:1213.87ms
step:577/3300 train_loss:3.80048 train_time:700.388s step_avg:1213.84ms
step:578/3300 train_loss:3.85848 train_time:701.586s step_avg:1213.82ms
step:579/3300 train_loss:3.75757 train_time:702.785s step_avg:1213.79ms
step:580/3300 train_loss:3.83231 train_time:703.990s step_avg:1213.78ms
step:581/3300 train_loss:3.82322 train_time:705.205s step_avg:1213.78ms
step:582/3300 train_loss:3.84500 train_time:706.413s step_avg:1213.77ms
step:583/3300 train_loss:3.79962 train_time:707.636s step_avg:1213.78ms
step:584/3300 train_loss:3.76469 train_time:708.843s step_avg:1213.77ms
step:585/3300 train_loss:3.79993 train_time:710.041s step_avg:1213.74ms
step:586/3300 train_loss:3.89721 train_time:711.259s step_avg:1213.75ms
step:587/3300 train_loss:3.75810 train_time:712.525s step_avg:1213.84ms
step:588/3300 train_loss:3.82616 train_time:713.722s step_avg:1213.81ms
step:589/3300 train_loss:3.88039 train_time:714.922s step_avg:1213.79ms
step:590/3300 train_loss:3.78276 train_time:716.125s step_avg:1213.77ms
step:591/3300 train_loss:3.79457 train_time:717.336s step_avg:1213.77ms
step:592/3300 train_loss:3.76882 train_time:718.561s step_avg:1213.79ms
step:593/3300 train_loss:3.72702 train_time:719.762s step_avg:1213.76ms
step:594/3300 train_loss:3.85635 train_time:720.962s step_avg:1213.74ms
step:595/3300 train_loss:3.80184 train_time:722.171s step_avg:1213.73ms
step:596/3300 train_loss:3.78040 train_time:723.396s step_avg:1213.75ms
step:597/3300 train_loss:3.79574 train_time:724.601s step_avg:1213.74ms
step:598/3300 train_loss:3.81151 train_time:725.803s step_avg:1213.72ms
step:599/3300 train_loss:3.76431 train_time:727.015s step_avg:1213.71ms
step:600/3300 train_loss:3.78113 train_time:728.233s step_avg:1213.72ms
step:601/3300 train_loss:3.78458 train_time:729.458s step_avg:1213.74ms
step:602/3300 train_loss:3.79376 train_time:730.666s step_avg:1213.73ms
step:603/3300 train_loss:3.81928 train_time:731.884s step_avg:1213.74ms
step:604/3300 train_loss:3.83530 train_time:733.092s step_avg:1213.73ms
step:605/3300 train_loss:3.78106 train_time:734.320s step_avg:1213.75ms
step:606/3300 train_loss:3.79258 train_time:735.543s step_avg:1213.77ms
step:607/3300 train_loss:3.77757 train_time:736.774s step_avg:1213.80ms
step:608/3300 train_loss:3.76869 train_time:737.983s step_avg:1213.79ms
step:609/3300 train_loss:3.79293 train_time:739.186s step_avg:1213.77ms
step:610/3300 train_loss:3.76194 train_time:740.381s step_avg:1213.74ms
step:611/3300 train_loss:3.77997 train_time:741.600s step_avg:1213.75ms
step:612/3300 train_loss:3.72220 train_time:742.802s step_avg:1213.73ms
step:613/3300 train_loss:3.76488 train_time:744.007s step_avg:1213.71ms
step:614/3300 train_loss:3.79870 train_time:745.207s step_avg:1213.69ms
step:615/3300 train_loss:3.76460 train_time:746.421s step_avg:1213.69ms
step:616/3300 train_loss:3.78479 train_time:747.640s step_avg:1213.70ms
step:617/3300 train_loss:3.76900 train_time:748.843s step_avg:1213.68ms
step:618/3300 train_loss:3.80244 train_time:750.043s step_avg:1213.66ms
step:619/3300 train_loss:3.82020 train_time:751.247s step_avg:1213.65ms
step:620/3300 train_loss:3.75340 train_time:752.446s step_avg:1213.62ms
step:621/3300 train_loss:3.85815 train_time:753.671s step_avg:1213.64ms
step:622/3300 train_loss:3.80280 train_time:754.881s step_avg:1213.64ms
step:623/3300 train_loss:3.78234 train_time:756.081s step_avg:1213.61ms
step:624/3300 train_loss:3.81460 train_time:757.294s step_avg:1213.61ms
step:625/3300 train_loss:3.79425 train_time:758.499s step_avg:1213.60ms
step:625/3300 val_loss:3.76097 train_time:758.499s step_avg:1209.93ms
step:626/3300 train_loss:3.79732 train_time:759.735s step_avg:1213.63ms
step:627/3300 train_loss:3.79526 train_time:760.936s step_avg:1213.61ms
step:628/3300 train_loss:3.73581 train_time:762.134s step_avg:1213.59ms
step:629/3300 train_loss:3.75734 train_time:763.379s step_avg:1213.64ms
step:630/3300 train_loss:3.75799 train_time:764.592s step_avg:1213.64ms
step:631/3300 train_loss:3.76214 train_time:765.819s step_avg:1213.66ms
step:632/3300 train_loss:3.77047 train_time:767.022s step_avg:1213.64ms
step:633/3300 train_loss:3.77935 train_time:768.225s step_avg:1213.63ms
step:634/3300 train_loss:3.72387 train_time:769.426s step_avg:1213.61ms
step:635/3300 train_loss:3.81880 train_time:770.633s step_avg:1213.60ms
step:636/3300 train_loss:3.72117 train_time:771.849s step_avg:1213.60ms
step:637/3300 train_loss:3.69340 train_time:773.045s step_avg:1213.57ms
step:638/3300 train_loss:3.80579 train_time:774.259s step_avg:1213.57ms
step:639/3300 train_loss:3.75621 train_time:775.472s step_avg:1213.57ms
step:640/3300 train_loss:3.76753 train_time:776.692s step_avg:1213.58ms
step:641/3300 train_loss:3.84174 train_time:777.926s step_avg:1213.61ms
step:642/3300 train_loss:3.71068 train_time:779.142s step_avg:1213.62ms
step:643/3300 train_loss:3.80003 train_time:780.353s step_avg:1213.61ms
step:644/3300 train_loss:3.74575 train_time:781.551s step_avg:1213.59ms
step:645/3300 train_loss:3.78637 train_time:782.750s step_avg:1213.57ms
step:646/3300 train_loss:3.79604 train_time:783.972s step_avg:1213.58ms
step:647/3300 train_loss:3.86623 train_time:785.174s step_avg:1213.56ms
step:648/3300 train_loss:3.78014 train_time:786.376s step_avg:1213.54ms
step:649/3300 train_loss:3.76784 train_time:787.587s step_avg:1213.54ms
step:650/3300 train_loss:3.74378 train_time:788.795s step_avg:1213.53ms
step:651/3300 train_loss:3.71762 train_time:790.036s step_avg:1213.57ms
step:652/3300 train_loss:3.72463 train_time:791.239s step_avg:1213.56ms
step:653/3300 train_loss:3.74092 train_time:792.440s step_avg:1213.54ms
step:654/3300 train_loss:3.79233 train_time:793.652s step_avg:1213.53ms
step:655/3300 train_loss:3.74836 train_time:794.864s step_avg:1213.53ms
step:656/3300 train_loss:3.80355 train_time:796.088s step_avg:1213.55ms
step:657/3300 train_loss:3.70694 train_time:797.305s step_avg:1213.55ms
step:658/3300 train_loss:3.82050 train_time:798.499s step_avg:1213.52ms
step:659/3300 train_loss:3.79073 train_time:799.721s step_avg:1213.54ms
step:660/3300 train_loss:3.82173 train_time:800.914s step_avg:1213.51ms
step:661/3300 train_loss:3.81425 train_time:802.129s step_avg:1213.51ms
step:662/3300 train_loss:3.81683 train_time:803.335s step_avg:1213.50ms
step:663/3300 train_loss:3.71901 train_time:804.537s step_avg:1213.48ms
step:664/3300 train_loss:3.72088 train_time:805.746s step_avg:1213.47ms
step:665/3300 train_loss:3.74209 train_time:806.968s step_avg:1213.49ms
step:666/3300 train_loss:3.79312 train_time:808.187s step_avg:1213.49ms
step:667/3300 train_loss:3.79746 train_time:809.425s step_avg:1213.53ms
step:668/3300 train_loss:3.77442 train_time:810.647s step_avg:1213.54ms
step:669/3300 train_loss:3.77346 train_time:811.869s step_avg:1213.56ms
step:670/3300 train_loss:3.76207 train_time:813.075s step_avg:1213.54ms
step:671/3300 train_loss:3.74704 train_time:814.302s step_avg:1213.56ms
step:672/3300 train_loss:3.80985 train_time:815.506s step_avg:1213.55ms
step:673/3300 train_loss:3.75327 train_time:816.710s step_avg:1213.54ms
step:674/3300 train_loss:3.74623 train_time:817.912s step_avg:1213.52ms
step:675/3300 train_loss:3.80721 train_time:819.117s step_avg:1213.51ms
step:676/3300 train_loss:3.74032 train_time:820.344s step_avg:1213.53ms
step:677/3300 train_loss:3.73487 train_time:821.543s step_avg:1213.51ms
step:678/3300 train_loss:3.75036 train_time:822.744s step_avg:1213.49ms
step:679/3300 train_loss:3.76401 train_time:823.958s step_avg:1213.49ms
step:680/3300 train_loss:3.76500 train_time:825.214s step_avg:1213.55ms
step:681/3300 train_loss:3.68427 train_time:826.436s step_avg:1213.56ms
step:682/3300 train_loss:3.77954 train_time:827.651s step_avg:1213.56ms
step:683/3300 train_loss:3.82419 train_time:828.865s step_avg:1213.57ms
step:684/3300 train_loss:3.76313 train_time:830.059s step_avg:1213.54ms
step:685/3300 train_loss:3.80624 train_time:831.256s step_avg:1213.51ms
step:686/3300 train_loss:3.80531 train_time:832.469s step_avg:1213.51ms
step:687/3300 train_loss:3.72530 train_time:833.694s step_avg:1213.53ms
step:688/3300 train_loss:3.71928 train_time:834.900s step_avg:1213.52ms
step:689/3300 train_loss:3.72647 train_time:836.102s step_avg:1213.50ms
step:690/3300 train_loss:3.74824 train_time:837.303s step_avg:1213.48ms
step:691/3300 train_loss:3.76331 train_time:838.517s step_avg:1213.48ms
step:692/3300 train_loss:3.72591 train_time:839.725s step_avg:1213.47ms
step:693/3300 train_loss:3.77068 train_time:840.921s step_avg:1213.45ms
step:694/3300 train_loss:3.73069 train_time:842.122s step_avg:1213.43ms
step:695/3300 train_loss:3.68824 train_time:843.323s step_avg:1213.41ms
step:696/3300 train_loss:3.80730 train_time:844.541s step_avg:1213.42ms
step:697/3300 train_loss:3.70628 train_time:845.757s step_avg:1213.42ms
step:698/3300 train_loss:3.73757 train_time:846.974s step_avg:1213.43ms
step:699/3300 train_loss:3.77668 train_time:848.245s step_avg:1213.51ms
step:700/3300 train_loss:3.70790 train_time:849.457s step_avg:1213.51ms
step:701/3300 train_loss:3.72229 train_time:850.683s step_avg:1213.53ms
step:702/3300 train_loss:3.72207 train_time:851.883s step_avg:1213.51ms
step:703/3300 train_loss:3.65982 train_time:853.085s step_avg:1213.49ms
step:704/3300 train_loss:3.73363 train_time:854.294s step_avg:1213.49ms
step:705/3300 train_loss:3.65463 train_time:855.507s step_avg:1213.49ms
step:706/3300 train_loss:3.69490 train_time:856.721s step_avg:1213.49ms
step:707/3300 train_loss:3.76822 train_time:857.927s step_avg:1213.47ms
step:708/3300 train_loss:3.75074 train_time:859.134s step_avg:1213.47ms
step:709/3300 train_loss:3.73975 train_time:860.349s step_avg:1213.47ms
step:710/3300 train_loss:3.72349 train_time:861.552s step_avg:1213.45ms
step:711/3300 train_loss:3.73333 train_time:862.770s step_avg:1213.46ms
step:712/3300 train_loss:3.68360 train_time:863.975s step_avg:1213.45ms
step:713/3300 train_loss:3.77401 train_time:865.179s step_avg:1213.43ms
step:714/3300 train_loss:3.64475 train_time:866.392s step_avg:1213.43ms
step:715/3300 train_loss:3.82533 train_time:867.593s step_avg:1213.42ms
step:716/3300 train_loss:3.72003 train_time:868.816s step_avg:1213.43ms
step:717/3300 train_loss:3.77485 train_time:870.025s step_avg:1213.42ms
step:718/3300 train_loss:3.75785 train_time:871.253s step_avg:1213.44ms
step:719/3300 train_loss:3.76727 train_time:872.459s step_avg:1213.43ms
step:720/3300 train_loss:3.76987 train_time:873.670s step_avg:1213.43ms
step:721/3300 train_loss:3.74966 train_time:874.901s step_avg:1213.45ms
step:722/3300 train_loss:3.74770 train_time:876.108s step_avg:1213.45ms
step:723/3300 train_loss:3.78390 train_time:877.302s step_avg:1213.42ms
step:724/3300 train_loss:3.70094 train_time:878.500s step_avg:1213.40ms
step:725/3300 train_loss:3.70748 train_time:879.701s step_avg:1213.38ms
step:726/3300 train_loss:3.74767 train_time:880.916s step_avg:1213.38ms
step:727/3300 train_loss:3.70354 train_time:882.122s step_avg:1213.37ms
step:728/3300 train_loss:3.73623 train_time:883.322s step_avg:1213.35ms
step:729/3300 train_loss:3.77498 train_time:884.524s step_avg:1213.34ms
step:730/3300 train_loss:3.79832 train_time:885.722s step_avg:1213.32ms
step:731/3300 train_loss:3.76103 train_time:886.944s step_avg:1213.33ms
step:732/3300 train_loss:3.76215 train_time:888.144s step_avg:1213.31ms
step:733/3300 train_loss:3.76038 train_time:889.341s step_avg:1213.29ms
step:734/3300 train_loss:3.82386 train_time:890.544s step_avg:1213.27ms
step:735/3300 train_loss:3.73669 train_time:891.741s step_avg:1213.25ms
step:736/3300 train_loss:3.74244 train_time:892.956s step_avg:1213.26ms
step:737/3300 train_loss:3.77428 train_time:894.165s step_avg:1213.25ms
step:738/3300 train_loss:3.74278 train_time:895.366s step_avg:1213.23ms
step:739/3300 train_loss:3.74765 train_time:896.565s step_avg:1213.21ms
step:740/3300 train_loss:3.85366 train_time:897.764s step_avg:1213.19ms
step:741/3300 train_loss:3.72768 train_time:898.986s step_avg:1213.21ms
step:742/3300 train_loss:3.70630 train_time:900.193s step_avg:1213.20ms
step:743/3300 train_loss:3.75171 train_time:901.400s step_avg:1213.19ms
step:744/3300 train_loss:3.65953 train_time:902.604s step_avg:1213.18ms
step:745/3300 train_loss:3.71645 train_time:903.815s step_avg:1213.17ms
step:746/3300 train_loss:3.74690 train_time:905.033s step_avg:1213.18ms
step:747/3300 train_loss:3.71119 train_time:906.227s step_avg:1213.16ms
step:748/3300 train_loss:3.75420 train_time:907.425s step_avg:1213.14ms
step:749/3300 train_loss:3.68186 train_time:908.628s step_avg:1213.12ms
step:750/3300 train_loss:3.75914 train_time:909.821s step_avg:1213.09ms
step:750/3300 val_loss:3.71310 train_time:909.821s step_avg:1210.58ms
step:751/3300 train_loss:3.68849 train_time:911.057s step_avg:1213.12ms
step:752/3300 train_loss:3.73558 train_time:912.254s step_avg:1213.10ms
step:753/3300 train_loss:3.73286 train_time:913.452s step_avg:1213.08ms
step:754/3300 train_loss:3.81735 train_time:914.653s step_avg:1213.07ms
step:755/3300 train_loss:3.76408 train_time:915.853s step_avg:1213.05ms
step:756/3300 train_loss:3.82163 train_time:917.073s step_avg:1213.06ms
step:757/3300 train_loss:3.73267 train_time:918.278s step_avg:1213.05ms
step:758/3300 train_loss:3.74258 train_time:919.479s step_avg:1213.03ms
step:759/3300 train_loss:3.69733 train_time:920.688s step_avg:1213.03ms
step:760/3300 train_loss:3.74556 train_time:921.920s step_avg:1213.05ms
step:761/3300 train_loss:3.69318 train_time:923.169s step_avg:1213.10ms
step:762/3300 train_loss:3.68879 train_time:924.375s step_avg:1213.09ms
step:763/3300 train_loss:3.74418 train_time:925.573s step_avg:1213.07ms
step:764/3300 train_loss:3.70659 train_time:926.802s step_avg:1213.09ms
step:765/3300 train_loss:3.86324 train_time:928.024s step_avg:1213.10ms
step:766/3300 train_loss:3.80766 train_time:929.266s step_avg:1213.14ms
step:767/3300 train_loss:3.75876 train_time:930.473s step_avg:1213.13ms
step:768/3300 train_loss:3.80508 train_time:931.685s step_avg:1213.13ms
step:769/3300 train_loss:3.87347 train_time:932.893s step_avg:1213.12ms
step:770/3300 train_loss:3.71629 train_time:934.092s step_avg:1213.11ms
step:771/3300 train_loss:3.76891 train_time:935.310s step_avg:1213.11ms
step:772/3300 train_loss:3.69090 train_time:936.515s step_avg:1213.10ms
step:773/3300 train_loss:3.73848 train_time:937.715s step_avg:1213.09ms
step:774/3300 train_loss:3.74638 train_time:938.937s step_avg:1213.10ms
step:775/3300 train_loss:3.74743 train_time:940.151s step_avg:1213.10ms
step:776/3300 train_loss:3.67212 train_time:941.372s step_avg:1213.11ms
step:777/3300 train_loss:3.70343 train_time:942.577s step_avg:1213.10ms
step:778/3300 train_loss:3.75908 train_time:943.776s step_avg:1213.08ms
step:779/3300 train_loss:3.71126 train_time:944.977s step_avg:1213.06ms
step:780/3300 train_loss:3.72172 train_time:946.182s step_avg:1213.05ms
step:781/3300 train_loss:3.70959 train_time:947.412s step_avg:1213.08ms
step:782/3300 train_loss:3.72687 train_time:948.621s step_avg:1213.07ms
step:783/3300 train_loss:3.70081 train_time:949.820s step_avg:1213.05ms
step:784/3300 train_loss:3.71009 train_time:951.022s step_avg:1213.04ms
step:785/3300 train_loss:3.66294 train_time:952.222s step_avg:1213.02ms
step:786/3300 train_loss:3.72155 train_time:953.435s step_avg:1213.02ms
step:787/3300 train_loss:3.72025 train_time:954.638s step_avg:1213.01ms
step:788/3300 train_loss:3.69682 train_time:955.839s step_avg:1212.99ms
step:789/3300 train_loss:3.77641 train_time:957.036s step_avg:1212.97ms
step:790/3300 train_loss:3.71974 train_time:958.239s step_avg:1212.96ms
step:791/3300 train_loss:3.81113 train_time:959.462s step_avg:1212.97ms
step:792/3300 train_loss:3.77912 train_time:960.657s step_avg:1212.95ms
step:793/3300 train_loss:3.70887 train_time:961.863s step_avg:1212.94ms
step:794/3300 train_loss:4.04463 train_time:963.071s step_avg:1212.94ms
step:795/3300 train_loss:3.70675 train_time:964.278s step_avg:1212.93ms
step:796/3300 train_loss:3.73828 train_time:965.498s step_avg:1212.94ms
step:797/3300 train_loss:3.72614 train_time:966.736s step_avg:1212.97ms
step:798/3300 train_loss:3.79634 train_time:967.971s step_avg:1213.00ms
step:799/3300 train_loss:3.72816 train_time:969.180s step_avg:1212.99ms
step:800/3300 train_loss:3.72283 train_time:970.386s step_avg:1212.98ms
step:801/3300 train_loss:3.86305 train_time:971.630s step_avg:1213.02ms
step:802/3300 train_loss:3.69613 train_time:972.836s step_avg:1213.01ms
step:803/3300 train_loss:3.71776 train_time:974.042s step_avg:1213.00ms
step:804/3300 train_loss:3.71923 train_time:975.237s step_avg:1212.98ms
step:805/3300 train_loss:3.72970 train_time:976.440s step_avg:1212.97ms
step:806/3300 train_loss:3.72026 train_time:977.669s step_avg:1212.99ms
step:807/3300 train_loss:3.69581 train_time:978.887s step_avg:1213.00ms
step:808/3300 train_loss:3.72141 train_time:980.091s step_avg:1212.98ms
step:809/3300 train_loss:3.71622 train_time:981.312s step_avg:1212.99ms
step:810/3300 train_loss:3.73053 train_time:982.524s step_avg:1212.99ms
step:811/3300 train_loss:3.72442 train_time:983.734s step_avg:1212.99ms
step:812/3300 train_loss:3.81218 train_time:984.938s step_avg:1212.98ms
step:813/3300 train_loss:3.78181 train_time:986.140s step_avg:1212.96ms
step:814/3300 train_loss:3.70726 train_time:987.342s step_avg:1212.95ms
step:815/3300 train_loss:3.72982 train_time:988.543s step_avg:1212.94ms
step:816/3300 train_loss:3.70674 train_time:989.760s step_avg:1212.94ms
step:817/3300 train_loss:3.74549 train_time:990.961s step_avg:1212.93ms
step:818/3300 train_loss:3.68336 train_time:992.161s step_avg:1212.91ms
step:819/3300 train_loss:3.67197 train_time:993.360s step_avg:1212.89ms
step:820/3300 train_loss:3.68801 train_time:994.561s step_avg:1212.88ms
step:821/3300 train_loss:3.72836 train_time:995.768s step_avg:1212.87ms
step:822/3300 train_loss:3.65767 train_time:996.982s step_avg:1212.87ms
step:823/3300 train_loss:3.64859 train_time:998.189s step_avg:1212.87ms
step:824/3300 train_loss:3.70831 train_time:999.407s step_avg:1212.87ms
step:825/3300 train_loss:3.61839 train_time:1000.603s step_avg:1212.85ms
step:826/3300 train_loss:3.67021 train_time:1001.827s step_avg:1212.87ms
step:827/3300 train_loss:3.71037 train_time:1003.043s step_avg:1212.87ms
step:828/3300 train_loss:3.68523 train_time:1004.241s step_avg:1212.85ms
step:829/3300 train_loss:3.73339 train_time:1005.443s step_avg:1212.84ms
step:830/3300 train_loss:3.75366 train_time:1006.647s step_avg:1212.83ms
step:831/3300 train_loss:3.80702 train_time:1007.860s step_avg:1212.83ms
step:832/3300 train_loss:3.72180 train_time:1009.061s step_avg:1212.81ms
step:833/3300 train_loss:3.70094 train_time:1010.307s step_avg:1212.85ms
step:834/3300 train_loss:3.69809 train_time:1011.518s step_avg:1212.85ms
step:835/3300 train_loss:3.66337 train_time:1012.721s step_avg:1212.84ms
step:836/3300 train_loss:3.69481 train_time:1013.933s step_avg:1212.84ms
step:837/3300 train_loss:3.67342 train_time:1015.174s step_avg:1212.87ms
step:838/3300 train_loss:3.75177 train_time:1016.387s step_avg:1212.87ms
step:839/3300 train_loss:3.70730 train_time:1017.606s step_avg:1212.88ms
step:840/3300 train_loss:3.69439 train_time:1018.803s step_avg:1212.86ms
step:841/3300 train_loss:3.71834 train_time:1020.016s step_avg:1212.86ms
step:842/3300 train_loss:3.67173 train_time:1021.238s step_avg:1212.87ms
step:843/3300 train_loss:3.69940 train_time:1022.446s step_avg:1212.87ms
step:844/3300 train_loss:3.72886 train_time:1023.642s step_avg:1212.85ms
step:845/3300 train_loss:3.71575 train_time:1024.844s step_avg:1212.83ms
step:846/3300 train_loss:3.69885 train_time:1026.070s step_avg:1212.85ms
step:847/3300 train_loss:3.68547 train_time:1027.296s step_avg:1212.86ms
step:848/3300 train_loss:3.74478 train_time:1028.504s step_avg:1212.86ms
step:849/3300 train_loss:3.68780 train_time:1029.719s step_avg:1212.86ms
step:850/3300 train_loss:3.76853 train_time:1030.926s step_avg:1212.85ms
step:851/3300 train_loss:3.70125 train_time:1032.157s step_avg:1212.88ms
step:852/3300 train_loss:3.70800 train_time:1033.360s step_avg:1212.86ms
step:853/3300 train_loss:3.70458 train_time:1034.562s step_avg:1212.85ms
step:854/3300 train_loss:3.67303 train_time:1035.762s step_avg:1212.84ms
step:855/3300 train_loss:3.72586 train_time:1036.964s step_avg:1212.82ms
step:856/3300 train_loss:3.74950 train_time:1038.176s step_avg:1212.82ms
step:857/3300 train_loss:3.65675 train_time:1039.390s step_avg:1212.82ms
step:858/3300 train_loss:3.68857 train_time:1040.592s step_avg:1212.81ms
step:859/3300 train_loss:3.70571 train_time:1041.815s step_avg:1212.82ms
step:860/3300 train_loss:3.67224 train_time:1043.023s step_avg:1212.82ms
step:861/3300 train_loss:3.68062 train_time:1044.235s step_avg:1212.82ms
step:862/3300 train_loss:3.64849 train_time:1045.441s step_avg:1212.81ms
step:863/3300 train_loss:3.71136 train_time:1046.643s step_avg:1212.80ms
step:864/3300 train_loss:3.70747 train_time:1047.847s step_avg:1212.79ms
step:865/3300 train_loss:3.80940 train_time:1049.054s step_avg:1212.78ms
step:866/3300 train_loss:3.73286 train_time:1050.273s step_avg:1212.79ms
step:867/3300 train_loss:3.68108 train_time:1051.487s step_avg:1212.79ms
step:868/3300 train_loss:3.64087 train_time:1052.685s step_avg:1212.77ms
step:869/3300 train_loss:3.67098 train_time:1053.880s step_avg:1212.75ms
step:870/3300 train_loss:3.70703 train_time:1055.085s step_avg:1212.74ms
step:871/3300 train_loss:3.67302 train_time:1056.299s step_avg:1212.74ms
step:872/3300 train_loss:3.71983 train_time:1057.504s step_avg:1212.73ms
step:873/3300 train_loss:3.69309 train_time:1058.702s step_avg:1212.72ms
step:874/3300 train_loss:3.64825 train_time:1059.899s step_avg:1212.70ms
step:875/3300 train_loss:3.68578 train_time:1061.100s step_avg:1212.69ms
step:875/3300 val_loss:3.67422 train_time:1061.100s step_avg:1210.23ms
step:876/3300 train_loss:3.73143 train_time:1062.321s step_avg:1212.70ms
step:877/3300 train_loss:3.67659 train_time:1063.563s step_avg:1212.73ms
step:878/3300 train_loss:3.73891 train_time:1064.767s step_avg:1212.72ms
step:879/3300 train_loss:3.68870 train_time:1065.981s step_avg:1212.72ms
step:880/3300 train_loss:3.65541 train_time:1067.184s step_avg:1212.71ms
step:881/3300 train_loss:3.68140 train_time:1068.412s step_avg:1212.73ms
step:882/3300 train_loss:3.69652 train_time:1069.629s step_avg:1212.73ms
step:883/3300 train_loss:3.69786 train_time:1070.839s step_avg:1212.73ms
step:884/3300 train_loss:3.68590 train_time:1072.044s step_avg:1212.72ms
step:885/3300 train_loss:3.66309 train_time:1073.251s step_avg:1212.71ms
step:886/3300 train_loss:3.68892 train_time:1074.470s step_avg:1212.72ms
step:887/3300 train_loss:3.81614 train_time:1075.682s step_avg:1212.72ms
step:888/3300 train_loss:3.70640 train_time:1076.891s step_avg:1212.72ms
step:889/3300 train_loss:3.63946 train_time:1078.097s step_avg:1212.71ms
step:890/3300 train_loss:3.61721 train_time:1079.331s step_avg:1212.73ms
step:891/3300 train_loss:3.68033 train_time:1080.562s step_avg:1212.75ms
step:892/3300 train_loss:3.72078 train_time:1081.790s step_avg:1212.77ms
step:893/3300 train_loss:3.61627 train_time:1082.991s step_avg:1212.76ms
step:894/3300 train_loss:3.70201 train_time:1084.210s step_avg:1212.76ms
step:895/3300 train_loss:3.70159 train_time:1085.415s step_avg:1212.75ms
step:896/3300 train_loss:3.69635 train_time:1086.633s step_avg:1212.76ms
step:897/3300 train_loss:3.69207 train_time:1087.838s step_avg:1212.75ms
step:898/3300 train_loss:3.73145 train_time:1089.034s step_avg:1212.73ms
step:899/3300 train_loss:3.68887 train_time:1090.242s step_avg:1212.73ms
step:900/3300 train_loss:3.62964 train_time:1091.454s step_avg:1212.73ms
step:901/3300 train_loss:3.67132 train_time:1092.699s step_avg:1212.76ms
step:902/3300 train_loss:3.97687 train_time:1093.948s step_avg:1212.80ms
step:903/3300 train_loss:3.66623 train_time:1095.165s step_avg:1212.81ms
step:904/3300 train_loss:3.67627 train_time:1096.369s step_avg:1212.80ms
step:905/3300 train_loss:3.73041 train_time:1097.573s step_avg:1212.79ms
step:906/3300 train_loss:3.72877 train_time:1098.789s step_avg:1212.79ms
step:907/3300 train_loss:3.65722 train_time:1099.995s step_avg:1212.78ms
step:908/3300 train_loss:3.72118 train_time:1101.205s step_avg:1212.78ms
step:909/3300 train_loss:3.82010 train_time:1102.411s step_avg:1212.77ms
step:910/3300 train_loss:3.64245 train_time:1103.629s step_avg:1212.78ms
step:911/3300 train_loss:3.69405 train_time:1104.851s step_avg:1212.79ms
step:912/3300 train_loss:3.64633 train_time:1106.045s step_avg:1212.77ms
step:913/3300 train_loss:3.67819 train_time:1107.236s step_avg:1212.74ms
step:914/3300 train_loss:3.75469 train_time:1108.446s step_avg:1212.74ms
step:915/3300 train_loss:3.70152 train_time:1109.650s step_avg:1212.73ms
step:916/3300 train_loss:3.78310 train_time:1110.869s step_avg:1212.74ms
step:917/3300 train_loss:3.67457 train_time:1112.070s step_avg:1212.73ms
step:918/3300 train_loss:3.82478 train_time:1113.284s step_avg:1212.73ms
step:919/3300 train_loss:3.68734 train_time:1114.482s step_avg:1212.71ms
step:920/3300 train_loss:3.72434 train_time:1115.676s step_avg:1212.69ms
step:921/3300 train_loss:3.64209 train_time:1116.889s step_avg:1212.69ms
step:922/3300 train_loss:3.65982 train_time:1118.090s step_avg:1212.68ms
step:923/3300 train_loss:3.63962 train_time:1119.315s step_avg:1212.69ms
step:924/3300 train_loss:3.69431 train_time:1120.518s step_avg:1212.68ms
step:925/3300 train_loss:3.68990 train_time:1121.721s step_avg:1212.67ms
step:926/3300 train_loss:3.71367 train_time:1122.932s step_avg:1212.67ms
step:927/3300 train_loss:3.65066 train_time:1124.141s step_avg:1212.67ms
step:928/3300 train_loss:3.67662 train_time:1125.356s step_avg:1212.67ms
step:929/3300 train_loss:3.79839 train_time:1126.560s step_avg:1212.66ms
step:930/3300 train_loss:3.65301 train_time:1127.763s step_avg:1212.65ms
step:931/3300 train_loss:3.65073 train_time:1128.976s step_avg:1212.65ms
step:932/3300 train_loss:3.81771 train_time:1130.191s step_avg:1212.65ms
step:933/3300 train_loss:3.64577 train_time:1131.404s step_avg:1212.65ms
step:934/3300 train_loss:3.77947 train_time:1132.598s step_avg:1212.63ms
step:935/3300 train_loss:3.71610 train_time:1133.805s step_avg:1212.63ms
step:936/3300 train_loss:3.67562 train_time:1135.021s step_avg:1212.63ms
step:937/3300 train_loss:3.62766 train_time:1136.219s step_avg:1212.61ms
step:938/3300 train_loss:3.69815 train_time:1137.422s step_avg:1212.60ms
step:939/3300 train_loss:3.65662 train_time:1138.642s step_avg:1212.61ms
step:940/3300 train_loss:3.63790 train_time:1139.846s step_avg:1212.60ms
step:941/3300 train_loss:3.76282 train_time:1141.055s step_avg:1212.60ms
step:942/3300 train_loss:3.65594 train_time:1142.256s step_avg:1212.59ms
step:943/3300 train_loss:3.72226 train_time:1143.463s step_avg:1212.58ms
step:944/3300 train_loss:3.70783 train_time:1144.672s step_avg:1212.58ms
step:945/3300 train_loss:3.68344 train_time:1145.878s step_avg:1212.57ms
step:946/3300 train_loss:3.85373 train_time:1147.101s step_avg:1212.58ms
step:947/3300 train_loss:3.71533 train_time:1148.312s step_avg:1212.58ms
step:948/3300 train_loss:3.65203 train_time:1149.541s step_avg:1212.60ms
step:949/3300 train_loss:3.67978 train_time:1150.745s step_avg:1212.59ms
step:950/3300 train_loss:3.67760 train_time:1151.949s step_avg:1212.58ms
step:951/3300 train_loss:3.65577 train_time:1153.198s step_avg:1212.62ms
step:952/3300 train_loss:3.72006 train_time:1154.407s step_avg:1212.61ms
step:953/3300 train_loss:3.64606 train_time:1155.602s step_avg:1212.59ms
step:954/3300 train_loss:3.67810 train_time:1156.806s step_avg:1212.59ms
step:955/3300 train_loss:3.69915 train_time:1158.001s step_avg:1212.57ms
step:956/3300 train_loss:3.68722 train_time:1159.217s step_avg:1212.57ms
step:957/3300 train_loss:3.75809 train_time:1160.430s step_avg:1212.57ms
step:958/3300 train_loss:3.71620 train_time:1161.634s step_avg:1212.56ms
step:959/3300 train_loss:3.72025 train_time:1162.840s step_avg:1212.55ms
step:960/3300 train_loss:3.64367 train_time:1164.049s step_avg:1212.55ms
step:961/3300 train_loss:3.67639 train_time:1165.267s step_avg:1212.56ms
step:962/3300 train_loss:3.65039 train_time:1166.464s step_avg:1212.54ms
step:963/3300 train_loss:3.64994 train_time:1167.665s step_avg:1212.53ms
step:964/3300 train_loss:3.63837 train_time:1168.864s step_avg:1212.51ms
step:965/3300 train_loss:3.68664 train_time:1170.068s step_avg:1212.51ms
step:966/3300 train_loss:3.69081 train_time:1171.289s step_avg:1212.51ms
step:967/3300 train_loss:3.69965 train_time:1172.493s step_avg:1212.51ms
step:968/3300 train_loss:3.67457 train_time:1173.719s step_avg:1212.52ms
step:969/3300 train_loss:3.65575 train_time:1174.918s step_avg:1212.51ms
step:970/3300 train_loss:3.65500 train_time:1176.125s step_avg:1212.50ms
step:971/3300 train_loss:3.64354 train_time:1177.338s step_avg:1212.50ms
step:972/3300 train_loss:3.66791 train_time:1178.550s step_avg:1212.50ms
step:973/3300 train_loss:3.72765 train_time:1179.754s step_avg:1212.49ms
step:974/3300 train_loss:3.66690 train_time:1180.961s step_avg:1212.49ms
step:975/3300 train_loss:3.70403 train_time:1182.158s step_avg:1212.47ms
step:976/3300 train_loss:3.68112 train_time:1183.402s step_avg:1212.50ms
step:977/3300 train_loss:3.65054 train_time:1184.635s step_avg:1212.52ms
step:978/3300 train_loss:3.62151 train_time:1185.838s step_avg:1212.51ms
step:979/3300 train_loss:3.69115 train_time:1187.047s step_avg:1212.51ms
step:980/3300 train_loss:3.65769 train_time:1188.268s step_avg:1212.52ms
step:981/3300 train_loss:3.68252 train_time:1189.486s step_avg:1212.52ms
step:982/3300 train_loss:3.68408 train_time:1190.704s step_avg:1212.53ms
step:983/3300 train_loss:3.66747 train_time:1191.913s step_avg:1212.53ms
step:984/3300 train_loss:3.74999 train_time:1193.119s step_avg:1212.52ms
step:985/3300 train_loss:3.72855 train_time:1194.334s step_avg:1212.52ms
step:986/3300 train_loss:3.65943 train_time:1195.545s step_avg:1212.52ms
step:987/3300 train_loss:3.68664 train_time:1196.766s step_avg:1212.53ms
step:988/3300 train_loss:3.61263 train_time:1197.967s step_avg:1212.52ms
step:989/3300 train_loss:3.64737 train_time:1199.168s step_avg:1212.51ms
step:990/3300 train_loss:3.66397 train_time:1200.385s step_avg:1212.51ms
step:991/3300 train_loss:3.66440 train_time:1201.616s step_avg:1212.53ms
step:992/3300 train_loss:3.66086 train_time:1202.817s step_avg:1212.52ms
step:993/3300 train_loss:3.64916 train_time:1204.023s step_avg:1212.51ms
step:994/3300 train_loss:3.63302 train_time:1205.257s step_avg:1212.53ms
step:995/3300 train_loss:3.71578 train_time:1206.456s step_avg:1212.52ms
step:996/3300 train_loss:3.61994 train_time:1207.674s step_avg:1212.52ms
step:997/3300 train_loss:3.67062 train_time:1208.881s step_avg:1212.52ms
step:998/3300 train_loss:3.69388 train_time:1210.107s step_avg:1212.53ms
step:999/3300 train_loss:3.69748 train_time:1211.331s step_avg:1212.54ms
step:1000/3300 train_loss:3.69616 train_time:1212.535s step_avg:1212.53ms
step:1000/3300 val_loss:3.64015 train_time:1212.535s step_avg:1211.48ms
step:1001/3300 train_loss:3.61739 train_time:1213.759s step_avg:1212.55ms
step:1002/3300 train_loss:3.67992 train_time:1214.964s step_avg:1212.54ms
step:1003/3300 train_loss:3.68347 train_time:1216.163s step_avg:1212.53ms
step:1004/3300 train_loss:3.69398 train_time:1217.361s step_avg:1212.51ms
step:1005/3300 train_loss:3.66706 train_time:1218.570s step_avg:1212.51ms
step:1006/3300 train_loss:3.61567 train_time:1219.782s step_avg:1212.51ms
step:1007/3300 train_loss:3.68986 train_time:1220.988s step_avg:1212.50ms
step:1008/3300 train_loss:3.71565 train_time:1222.191s step_avg:1212.49ms
step:1009/3300 train_loss:3.71378 train_time:1223.385s step_avg:1212.47ms
step:1010/3300 train_loss:3.64126 train_time:1224.586s step_avg:1212.46ms
step:1011/3300 train_loss:3.68070 train_time:1225.830s step_avg:1212.49ms
step:1012/3300 train_loss:3.58334 train_time:1227.043s step_avg:1212.49ms
step:1013/3300 train_loss:3.67166 train_time:1228.247s step_avg:1212.48ms
step:1014/3300 train_loss:3.68394 train_time:1229.463s step_avg:1212.49ms
step:1015/3300 train_loss:3.65088 train_time:1230.675s step_avg:1212.49ms
step:1016/3300 train_loss:3.66781 train_time:1231.892s step_avg:1212.49ms
step:1017/3300 train_loss:3.63440 train_time:1233.092s step_avg:1212.48ms
step:1018/3300 train_loss:3.66531 train_time:1234.289s step_avg:1212.46ms
step:1019/3300 train_loss:3.67352 train_time:1235.485s step_avg:1212.45ms
step:1020/3300 train_loss:3.67243 train_time:1236.683s step_avg:1212.43ms
step:1021/3300 train_loss:3.66808 train_time:1237.913s step_avg:1212.45ms
step:1022/3300 train_loss:3.68823 train_time:1239.114s step_avg:1212.44ms
step:1023/3300 train_loss:3.66940 train_time:1240.308s step_avg:1212.42ms
step:1024/3300 train_loss:3.67605 train_time:1241.511s step_avg:1212.41ms
step:1025/3300 train_loss:3.63824 train_time:1242.715s step_avg:1212.41ms
step:1026/3300 train_loss:3.66049 train_time:1243.929s step_avg:1212.41ms
step:1027/3300 train_loss:3.65110 train_time:1245.130s step_avg:1212.40ms
step:1028/3300 train_loss:3.66516 train_time:1246.330s step_avg:1212.38ms
step:1029/3300 train_loss:3.72379 train_time:1247.536s step_avg:1212.38ms
step:1030/3300 train_loss:3.65561 train_time:1248.746s step_avg:1212.37ms
step:1031/3300 train_loss:3.62051 train_time:1249.967s step_avg:1212.38ms
step:1032/3300 train_loss:3.67952 train_time:1251.171s step_avg:1212.37ms
step:1033/3300 train_loss:3.66792 train_time:1252.369s step_avg:1212.36ms
step:1034/3300 train_loss:3.64726 train_time:1253.574s step_avg:1212.35ms
step:1035/3300 train_loss:3.64575 train_time:1254.778s step_avg:1212.35ms
step:1036/3300 train_loss:3.87431 train_time:1256.005s step_avg:1212.36ms
step:1037/3300 train_loss:3.66673 train_time:1257.214s step_avg:1212.36ms
step:1038/3300 train_loss:3.67094 train_time:1258.413s step_avg:1212.34ms
step:1039/3300 train_loss:3.67836 train_time:1259.608s step_avg:1212.33ms
step:1040/3300 train_loss:3.64269 train_time:1260.810s step_avg:1212.32ms
step:1041/3300 train_loss:3.64009 train_time:1262.031s step_avg:1212.33ms
step:1042/3300 train_loss:3.70211 train_time:1263.230s step_avg:1212.31ms
step:1043/3300 train_loss:3.66560 train_time:1264.430s step_avg:1212.30ms
step:1044/3300 train_loss:3.58028 train_time:1265.646s step_avg:1212.30ms
step:1045/3300 train_loss:3.65710 train_time:1266.858s step_avg:1212.30ms
step:1046/3300 train_loss:3.65770 train_time:1268.075s step_avg:1212.31ms
step:1047/3300 train_loss:3.73475 train_time:1269.278s step_avg:1212.30ms
step:1048/3300 train_loss:3.62588 train_time:1270.482s step_avg:1212.29ms
step:1049/3300 train_loss:3.60963 train_time:1271.685s step_avg:1212.28ms
step:1050/3300 train_loss:3.75285 train_time:1272.893s step_avg:1212.28ms
step:1051/3300 train_loss:3.65646 train_time:1274.104s step_avg:1212.28ms
step:1052/3300 train_loss:3.63392 train_time:1275.309s step_avg:1212.27ms
step:1053/3300 train_loss:3.66783 train_time:1276.506s step_avg:1212.26ms
step:1054/3300 train_loss:3.59059 train_time:1277.727s step_avg:1212.27ms
step:1055/3300 train_loss:3.61307 train_time:1278.936s step_avg:1212.26ms
step:1056/3300 train_loss:3.61374 train_time:1280.149s step_avg:1212.26ms
step:1057/3300 train_loss:3.65592 train_time:1281.366s step_avg:1212.27ms
step:1058/3300 train_loss:3.64524 train_time:1282.570s step_avg:1212.26ms
step:1059/3300 train_loss:3.68419 train_time:1283.773s step_avg:1212.25ms
step:1060/3300 train_loss:3.57123 train_time:1284.975s step_avg:1212.24ms
step:1061/3300 train_loss:3.71348 train_time:1286.199s step_avg:1212.25ms
step:1062/3300 train_loss:3.64383 train_time:1287.398s step_avg:1212.24ms
step:1063/3300 train_loss:3.61295 train_time:1288.618s step_avg:1212.25ms
step:1064/3300 train_loss:3.66959 train_time:1289.810s step_avg:1212.23ms
step:1065/3300 train_loss:3.60110 train_time:1291.014s step_avg:1212.22ms
step:1066/3300 train_loss:3.63563 train_time:1292.228s step_avg:1212.22ms
step:1067/3300 train_loss:3.64934 train_time:1293.432s step_avg:1212.21ms
step:1068/3300 train_loss:3.66610 train_time:1294.632s step_avg:1212.20ms
step:1069/3300 train_loss:3.64918 train_time:1295.844s step_avg:1212.20ms
step:1070/3300 train_loss:3.66315 train_time:1297.058s step_avg:1212.20ms
step:1071/3300 train_loss:3.58481 train_time:1298.288s step_avg:1212.22ms
step:1072/3300 train_loss:3.67411 train_time:1299.489s step_avg:1212.21ms
step:1073/3300 train_loss:3.55763 train_time:1300.694s step_avg:1212.20ms
step:1074/3300 train_loss:3.66057 train_time:1301.893s step_avg:1212.19ms
step:1075/3300 train_loss:3.62590 train_time:1303.111s step_avg:1212.20ms
step:1076/3300 train_loss:3.70311 train_time:1304.328s step_avg:1212.20ms
step:1077/3300 train_loss:3.66507 train_time:1305.535s step_avg:1212.20ms
step:1078/3300 train_loss:3.60901 train_time:1306.733s step_avg:1212.18ms
step:1079/3300 train_loss:3.64572 train_time:1307.943s step_avg:1212.18ms
step:1080/3300 train_loss:3.64313 train_time:1309.144s step_avg:1212.17ms
step:1081/3300 train_loss:3.61715 train_time:1310.353s step_avg:1212.17ms
step:1082/3300 train_loss:3.62025 train_time:1311.568s step_avg:1212.17ms
step:1083/3300 train_loss:3.65400 train_time:1312.778s step_avg:1212.17ms
step:1084/3300 train_loss:3.62384 train_time:1313.971s step_avg:1212.15ms
step:1085/3300 train_loss:3.63845 train_time:1315.168s step_avg:1212.14ms
step:1086/3300 train_loss:3.64906 train_time:1316.385s step_avg:1212.14ms
step:1087/3300 train_loss:3.62348 train_time:1317.591s step_avg:1212.14ms
step:1088/3300 train_loss:3.61082 train_time:1318.803s step_avg:1212.13ms
step:1089/3300 train_loss:3.60053 train_time:1320.010s step_avg:1212.13ms
step:1090/3300 train_loss:3.65882 train_time:1321.213s step_avg:1212.12ms
step:1091/3300 train_loss:3.63289 train_time:1322.429s step_avg:1212.13ms
step:1092/3300 train_loss:3.59445 train_time:1323.626s step_avg:1212.11ms
step:1093/3300 train_loss:3.64039 train_time:1324.808s step_avg:1212.08ms
step:1094/3300 train_loss:3.67001 train_time:1326.003s step_avg:1212.07ms
step:1095/3300 train_loss:3.57932 train_time:1327.199s step_avg:1212.05ms
step:1096/3300 train_loss:3.60712 train_time:1328.410s step_avg:1212.05ms
step:1097/3300 train_loss:3.67248 train_time:1329.612s step_avg:1212.04ms
step:1098/3300 train_loss:3.67769 train_time:1330.820s step_avg:1212.04ms
step:1099/3300 train_loss:3.67597 train_time:1332.014s step_avg:1212.02ms
step:1100/3300 train_loss:3.65185 train_time:1333.208s step_avg:1212.01ms
step:1101/3300 train_loss:3.65498 train_time:1334.418s step_avg:1212.01ms
step:1102/3300 train_loss:3.65173 train_time:1335.617s step_avg:1211.99ms
step:1103/3300 train_loss:3.64569 train_time:1336.826s step_avg:1211.99ms
step:1104/3300 train_loss:3.70078 train_time:1338.036s step_avg:1211.99ms
step:1105/3300 train_loss:3.75024 train_time:1339.233s step_avg:1211.98ms
step:1106/3300 train_loss:3.67037 train_time:1340.451s step_avg:1211.98ms
step:1107/3300 train_loss:3.66902 train_time:1341.662s step_avg:1211.98ms
step:1108/3300 train_loss:3.61735 train_time:1342.864s step_avg:1211.97ms
step:1109/3300 train_loss:3.62913 train_time:1344.061s step_avg:1211.96ms
step:1110/3300 train_loss:3.58457 train_time:1345.255s step_avg:1211.94ms
step:1111/3300 train_loss:3.54079 train_time:1346.471s step_avg:1211.94ms
step:1112/3300 train_loss:3.58044 train_time:1347.678s step_avg:1211.94ms
step:1113/3300 train_loss:3.68394 train_time:1348.886s step_avg:1211.94ms
step:1114/3300 train_loss:3.65142 train_time:1350.079s step_avg:1211.92ms
step:1115/3300 train_loss:3.67775 train_time:1351.276s step_avg:1211.91ms
step:1116/3300 train_loss:3.69164 train_time:1352.498s step_avg:1211.92ms
step:1117/3300 train_loss:3.70107 train_time:1353.699s step_avg:1211.91ms
step:1118/3300 train_loss:3.62683 train_time:1354.894s step_avg:1211.89ms
step:1119/3300 train_loss:3.61908 train_time:1356.109s step_avg:1211.89ms
step:1120/3300 train_loss:3.71507 train_time:1357.321s step_avg:1211.89ms
step:1121/3300 train_loss:3.64616 train_time:1358.532s step_avg:1211.89ms
step:1122/3300 train_loss:3.58320 train_time:1359.735s step_avg:1211.89ms
step:1123/3300 train_loss:3.61222 train_time:1360.937s step_avg:1211.88ms
step:1124/3300 train_loss:3.62832 train_time:1362.138s step_avg:1211.87ms
step:1125/3300 train_loss:3.64440 train_time:1363.339s step_avg:1211.86ms
step:1125/3300 val_loss:3.61015 train_time:1363.339s step_avg:1206.43ms
step:1126/3300 train_loss:3.59189 train_time:1364.561s step_avg:1211.87ms
step:1127/3300 train_loss:3.67911 train_time:1365.755s step_avg:1211.85ms
step:1128/3300 train_loss:3.62127 train_time:1366.956s step_avg:1211.84ms
step:1129/3300 train_loss:3.62193 train_time:1368.163s step_avg:1211.84ms
step:1130/3300 train_loss:3.60602 train_time:1369.362s step_avg:1211.82ms
step:1131/3300 train_loss:3.63263 train_time:1370.574s step_avg:1211.83ms
step:1132/3300 train_loss:3.62893 train_time:1371.787s step_avg:1211.83ms
step:1133/3300 train_loss:3.68134 train_time:1372.995s step_avg:1211.82ms
step:1134/3300 train_loss:3.64002 train_time:1374.198s step_avg:1211.81ms
step:1135/3300 train_loss:3.67176 train_time:1375.401s step_avg:1211.81ms
step:1136/3300 train_loss:3.61091 train_time:1376.613s step_avg:1211.81ms
step:1137/3300 train_loss:3.72241 train_time:1377.817s step_avg:1211.80ms
step:1138/3300 train_loss:3.59593 train_time:1379.020s step_avg:1211.79ms
step:1139/3300 train_loss:3.63973 train_time:1380.223s step_avg:1211.78ms
step:1140/3300 train_loss:3.61976 train_time:1381.427s step_avg:1211.78ms
step:1141/3300 train_loss:3.68297 train_time:1382.674s step_avg:1211.81ms
step:1142/3300 train_loss:3.62737 train_time:1383.880s step_avg:1211.80ms
step:1143/3300 train_loss:3.60279 train_time:1385.085s step_avg:1211.80ms
step:1144/3300 train_loss:3.61388 train_time:1386.285s step_avg:1211.79ms
step:1145/3300 train_loss:3.66292 train_time:1387.483s step_avg:1211.78ms
step:1146/3300 train_loss:3.70968 train_time:1388.694s step_avg:1211.77ms
step:1147/3300 train_loss:3.65542 train_time:1389.914s step_avg:1211.78ms
step:1148/3300 train_loss:3.69388 train_time:1391.115s step_avg:1211.77ms
step:1149/3300 train_loss:3.59940 train_time:1392.316s step_avg:1211.76ms
step:1150/3300 train_loss:3.58548 train_time:1393.518s step_avg:1211.76ms
step:1151/3300 train_loss:3.60782 train_time:1394.732s step_avg:1211.76ms
step:1152/3300 train_loss:3.68935 train_time:1395.934s step_avg:1211.75ms
step:1153/3300 train_loss:3.58868 train_time:1397.138s step_avg:1211.74ms
step:1154/3300 train_loss:3.62832 train_time:1398.423s step_avg:1211.81ms
step:1155/3300 train_loss:3.67005 train_time:1399.619s step_avg:1211.79ms
step:1156/3300 train_loss:3.65966 train_time:1400.841s step_avg:1211.80ms
step:1157/3300 train_loss:3.62290 train_time:1402.039s step_avg:1211.79ms
step:1158/3300 train_loss:3.67194 train_time:1403.246s step_avg:1211.78ms
step:1159/3300 train_loss:3.62503 train_time:1404.440s step_avg:1211.77ms
step:1160/3300 train_loss:3.59920 train_time:1405.646s step_avg:1211.76ms
step:1161/3300 train_loss:3.53957 train_time:1406.866s step_avg:1211.77ms
step:1162/3300 train_loss:3.64364 train_time:1408.064s step_avg:1211.76ms
step:1163/3300 train_loss:3.61011 train_time:1409.265s step_avg:1211.75ms
step:1164/3300 train_loss:3.58360 train_time:1410.472s step_avg:1211.75ms
step:1165/3300 train_loss:3.61800 train_time:1411.682s step_avg:1211.74ms
step:1166/3300 train_loss:3.63170 train_time:1412.902s step_avg:1211.75ms
step:1167/3300 train_loss:3.64697 train_time:1414.108s step_avg:1211.75ms
step:1168/3300 train_loss:3.63896 train_time:1415.317s step_avg:1211.74ms
step:1169/3300 train_loss:3.58476 train_time:1416.524s step_avg:1211.74ms
step:1170/3300 train_loss:3.65362 train_time:1417.721s step_avg:1211.73ms
step:1171/3300 train_loss:3.55497 train_time:1418.948s step_avg:1211.74ms
step:1172/3300 train_loss:3.61030 train_time:1420.152s step_avg:1211.73ms
step:1173/3300 train_loss:3.76591 train_time:1421.363s step_avg:1211.73ms
step:1174/3300 train_loss:3.59107 train_time:1422.563s step_avg:1211.72ms
step:1175/3300 train_loss:3.60591 train_time:1423.761s step_avg:1211.71ms
step:1176/3300 train_loss:3.56443 train_time:1424.975s step_avg:1211.71ms
step:1177/3300 train_loss:3.62273 train_time:1426.177s step_avg:1211.71ms
step:1178/3300 train_loss:3.60220 train_time:1427.380s step_avg:1211.70ms
step:1179/3300 train_loss:3.68905 train_time:1428.582s step_avg:1211.69ms
step:1180/3300 train_loss:3.60367 train_time:1429.783s step_avg:1211.68ms
step:1181/3300 train_loss:3.57721 train_time:1430.994s step_avg:1211.68ms
step:1182/3300 train_loss:3.61570 train_time:1432.194s step_avg:1211.67ms
step:1183/3300 train_loss:3.60021 train_time:1433.393s step_avg:1211.66ms
step:1184/3300 train_loss:3.58679 train_time:1434.593s step_avg:1211.65ms
step:1185/3300 train_loss:3.63636 train_time:1435.781s step_avg:1211.63ms
step:1186/3300 train_loss:3.55454 train_time:1437.019s step_avg:1211.65ms
step:1187/3300 train_loss:3.64123 train_time:1438.237s step_avg:1211.66ms
step:1188/3300 train_loss:3.62246 train_time:1439.442s step_avg:1211.65ms
step:1189/3300 train_loss:3.62253 train_time:1440.662s step_avg:1211.66ms
step:1190/3300 train_loss:3.62601 train_time:1441.862s step_avg:1211.65ms
step:1191/3300 train_loss:3.74499 train_time:1443.079s step_avg:1211.65ms
step:1192/3300 train_loss:3.69201 train_time:1444.283s step_avg:1211.65ms
step:1193/3300 train_loss:3.58985 train_time:1445.503s step_avg:1211.65ms
step:1194/3300 train_loss:3.62099 train_time:1446.705s step_avg:1211.65ms
step:1195/3300 train_loss:3.60886 train_time:1447.906s step_avg:1211.64ms
step:1196/3300 train_loss:3.60722 train_time:1449.117s step_avg:1211.64ms
step:1197/3300 train_loss:3.68760 train_time:1450.320s step_avg:1211.63ms
step:1198/3300 train_loss:3.63502 train_time:1451.518s step_avg:1211.62ms
step:1199/3300 train_loss:3.58586 train_time:1452.718s step_avg:1211.61ms
step:1200/3300 train_loss:3.59256 train_time:1453.918s step_avg:1211.60ms
step:1201/3300 train_loss:3.63478 train_time:1455.139s step_avg:1211.61ms
step:1202/3300 train_loss:3.64116 train_time:1456.340s step_avg:1211.60ms
step:1203/3300 train_loss:3.57402 train_time:1457.543s step_avg:1211.59ms
step:1204/3300 train_loss:3.63226 train_time:1458.745s step_avg:1211.58ms
step:1205/3300 train_loss:3.63167 train_time:1459.946s step_avg:1211.57ms
step:1206/3300 train_loss:3.55841 train_time:1461.162s step_avg:1211.58ms
step:1207/3300 train_loss:3.66153 train_time:1462.365s step_avg:1211.57ms
step:1208/3300 train_loss:3.59901 train_time:1463.570s step_avg:1211.56ms
step:1209/3300 train_loss:3.60551 train_time:1464.768s step_avg:1211.55ms
step:1210/3300 train_loss:3.58587 train_time:1465.966s step_avg:1211.54ms
step:1211/3300 train_loss:3.65009 train_time:1467.179s step_avg:1211.54ms
step:1212/3300 train_loss:3.57469 train_time:1468.384s step_avg:1211.54ms
step:1213/3300 train_loss:3.59969 train_time:1469.582s step_avg:1211.53ms
step:1214/3300 train_loss:3.56182 train_time:1470.786s step_avg:1211.52ms
step:1215/3300 train_loss:3.60120 train_time:1471.988s step_avg:1211.51ms
step:1216/3300 train_loss:3.58696 train_time:1473.218s step_avg:1211.53ms
step:1217/3300 train_loss:3.57937 train_time:1474.424s step_avg:1211.52ms
step:1218/3300 train_loss:3.58805 train_time:1475.627s step_avg:1211.52ms
step:1219/3300 train_loss:3.68408 train_time:1476.826s step_avg:1211.51ms
step:1220/3300 train_loss:3.63588 train_time:1478.053s step_avg:1211.52ms
step:1221/3300 train_loss:3.58659 train_time:1479.265s step_avg:1211.52ms
step:1222/3300 train_loss:3.64429 train_time:1480.467s step_avg:1211.51ms
step:1223/3300 train_loss:3.59415 train_time:1481.665s step_avg:1211.50ms
step:1224/3300 train_loss:3.61428 train_time:1482.865s step_avg:1211.49ms
step:1225/3300 train_loss:3.56846 train_time:1484.066s step_avg:1211.48ms
step:1226/3300 train_loss:3.61143 train_time:1485.282s step_avg:1211.49ms
step:1227/3300 train_loss:3.59967 train_time:1486.486s step_avg:1211.48ms
step:1228/3300 train_loss:3.58249 train_time:1487.687s step_avg:1211.47ms
step:1229/3300 train_loss:3.59987 train_time:1488.893s step_avg:1211.47ms
step:1230/3300 train_loss:3.57105 train_time:1490.086s step_avg:1211.45ms
step:1231/3300 train_loss:3.65293 train_time:1491.295s step_avg:1211.45ms
step:1232/3300 train_loss:3.60773 train_time:1492.492s step_avg:1211.44ms
step:1233/3300 train_loss:3.56684 train_time:1493.686s step_avg:1211.42ms
step:1234/3300 train_loss:3.64001 train_time:1494.912s step_avg:1211.44ms
step:1235/3300 train_loss:3.60227 train_time:1496.108s step_avg:1211.42ms
step:1236/3300 train_loss:3.61010 train_time:1497.318s step_avg:1211.42ms
step:1237/3300 train_loss:3.56475 train_time:1498.526s step_avg:1211.42ms
step:1238/3300 train_loss:3.56067 train_time:1499.726s step_avg:1211.41ms
step:1239/3300 train_loss:3.62124 train_time:1500.931s step_avg:1211.41ms
step:1240/3300 train_loss:3.55314 train_time:1502.130s step_avg:1211.40ms
step:1241/3300 train_loss:3.66687 train_time:1503.354s step_avg:1211.41ms
step:1242/3300 train_loss:3.68860 train_time:1504.564s step_avg:1211.40ms
step:1243/3300 train_loss:3.62206 train_time:1505.770s step_avg:1211.40ms
step:1244/3300 train_loss:3.58736 train_time:1506.967s step_avg:1211.39ms
step:1245/3300 train_loss:3.61033 train_time:1508.169s step_avg:1211.38ms
step:1246/3300 train_loss:3.55538 train_time:1509.384s step_avg:1211.38ms
step:1247/3300 train_loss:3.56144 train_time:1510.583s step_avg:1211.37ms
step:1248/3300 train_loss:3.62507 train_time:1511.775s step_avg:1211.36ms
step:1249/3300 train_loss:3.58841 train_time:1512.961s step_avg:1211.34ms
step:1250/3300 train_loss:3.53350 train_time:1514.160s step_avg:1211.33ms
step:1250/3300 val_loss:3.57849 train_time:1514.160s step_avg:1206.57ms
step:1251/3300 train_loss:3.57066 train_time:1515.375s step_avg:1211.33ms
step:1252/3300 train_loss:3.58045 train_time:1516.570s step_avg:1211.32ms
step:1253/3300 train_loss:3.60710 train_time:1517.764s step_avg:1211.30ms
step:1254/3300 train_loss:3.62287 train_time:1518.969s step_avg:1211.30ms
step:1255/3300 train_loss:3.61757 train_time:1520.169s step_avg:1211.29ms
step:1256/3300 train_loss:3.60396 train_time:1521.391s step_avg:1211.30ms
step:1257/3300 train_loss:3.56253 train_time:1522.588s step_avg:1211.29ms
step:1258/3300 train_loss:3.78177 train_time:1523.794s step_avg:1211.28ms
step:1259/3300 train_loss:3.61045 train_time:1524.992s step_avg:1211.27ms
step:1260/3300 train_loss:3.56888 train_time:1526.189s step_avg:1211.26ms
step:1261/3300 train_loss:3.60030 train_time:1527.403s step_avg:1211.26ms
step:1262/3300 train_loss:3.62477 train_time:1528.600s step_avg:1211.25ms
step:1263/3300 train_loss:3.59423 train_time:1529.803s step_avg:1211.25ms
step:1264/3300 train_loss:3.57609 train_time:1531.024s step_avg:1211.25ms
step:1265/3300 train_loss:3.60871 train_time:1532.229s step_avg:1211.25ms
step:1266/3300 train_loss:3.59129 train_time:1533.438s step_avg:1211.25ms
step:1267/3300 train_loss:3.52223 train_time:1534.639s step_avg:1211.24ms
step:1268/3300 train_loss:3.54164 train_time:1535.841s step_avg:1211.23ms
step:1269/3300 train_loss:3.57036 train_time:1537.042s step_avg:1211.22ms
step:1270/3300 train_loss:3.61383 train_time:1538.242s step_avg:1211.21ms
step:1271/3300 train_loss:3.58136 train_time:1539.460s step_avg:1211.22ms
step:1272/3300 train_loss:3.60734 train_time:1540.678s step_avg:1211.22ms
step:1273/3300 train_loss:3.62020 train_time:1541.887s step_avg:1211.22ms
step:1274/3300 train_loss:3.62558 train_time:1543.091s step_avg:1211.22ms
step:1275/3300 train_loss:3.54537 train_time:1544.298s step_avg:1211.21ms
step:1276/3300 train_loss:3.61427 train_time:1545.507s step_avg:1211.21ms
step:1277/3300 train_loss:3.55745 train_time:1546.710s step_avg:1211.21ms
step:1278/3300 train_loss:3.63063 train_time:1547.910s step_avg:1211.20ms
step:1279/3300 train_loss:3.58077 train_time:1549.111s step_avg:1211.19ms
step:1280/3300 train_loss:3.63887 train_time:1550.316s step_avg:1211.18ms
step:1281/3300 train_loss:3.59999 train_time:1551.535s step_avg:1211.19ms
step:1282/3300 train_loss:3.63781 train_time:1552.736s step_avg:1211.18ms
step:1283/3300 train_loss:3.52921 train_time:1553.930s step_avg:1211.17ms
step:1284/3300 train_loss:3.56739 train_time:1555.133s step_avg:1211.16ms
step:1285/3300 train_loss:3.58767 train_time:1556.327s step_avg:1211.15ms
step:1286/3300 train_loss:3.68915 train_time:1557.566s step_avg:1211.17ms
step:1287/3300 train_loss:3.60596 train_time:1558.771s step_avg:1211.17ms
step:1288/3300 train_loss:3.58872 train_time:1559.971s step_avg:1211.16ms
step:1289/3300 train_loss:3.56384 train_time:1561.170s step_avg:1211.15ms
step:1290/3300 train_loss:3.56660 train_time:1562.401s step_avg:1211.16ms
step:1291/3300 train_loss:3.58228 train_time:1563.617s step_avg:1211.17ms
step:1292/3300 train_loss:3.64045 train_time:1564.812s step_avg:1211.15ms
step:1293/3300 train_loss:3.62049 train_time:1566.010s step_avg:1211.14ms
step:1294/3300 train_loss:3.58781 train_time:1567.224s step_avg:1211.15ms
step:1295/3300 train_loss:3.62283 train_time:1568.424s step_avg:1211.14ms
step:1296/3300 train_loss:3.65753 train_time:1569.637s step_avg:1211.14ms
step:1297/3300 train_loss:3.54622 train_time:1570.836s step_avg:1211.13ms
step:1298/3300 train_loss:3.63846 train_time:1572.032s step_avg:1211.12ms
step:1299/3300 train_loss:3.56729 train_time:1573.236s step_avg:1211.11ms
step:1300/3300 train_loss:3.60959 train_time:1574.436s step_avg:1211.10ms
step:1301/3300 train_loss:3.62197 train_time:1575.656s step_avg:1211.11ms
step:1302/3300 train_loss:3.62178 train_time:1576.855s step_avg:1211.10ms
step:1303/3300 train_loss:3.61201 train_time:1578.051s step_avg:1211.09ms
step:1304/3300 train_loss:3.58843 train_time:1579.253s step_avg:1211.08ms
step:1305/3300 train_loss:3.53715 train_time:1580.453s step_avg:1211.08ms
step:1306/3300 train_loss:3.58735 train_time:1581.669s step_avg:1211.08ms
step:1307/3300 train_loss:3.53503 train_time:1582.870s step_avg:1211.07ms
step:1308/3300 train_loss:3.56607 train_time:1584.072s step_avg:1211.06ms
step:1309/3300 train_loss:3.66225 train_time:1585.280s step_avg:1211.06ms
step:1310/3300 train_loss:3.52072 train_time:1586.490s step_avg:1211.06ms
step:1311/3300 train_loss:3.58123 train_time:1587.721s step_avg:1211.08ms
step:1312/3300 train_loss:3.58120 train_time:1588.923s step_avg:1211.07ms
step:1313/3300 train_loss:3.55968 train_time:1590.130s step_avg:1211.07ms
step:1314/3300 train_loss:3.49179 train_time:1591.341s step_avg:1211.07ms
step:1315/3300 train_loss:3.64531 train_time:1592.550s step_avg:1211.06ms
step:1316/3300 train_loss:3.64195 train_time:1593.783s step_avg:1211.08ms
step:1317/3300 train_loss:3.58244 train_time:1594.979s step_avg:1211.07ms
step:1318/3300 train_loss:3.56508 train_time:1596.183s step_avg:1211.06ms
step:1319/3300 train_loss:3.66509 train_time:1597.385s step_avg:1211.06ms
step:1320/3300 train_loss:3.61361 train_time:1598.595s step_avg:1211.06ms
step:1321/3300 train_loss:3.71703 train_time:1599.806s step_avg:1211.06ms
step:1322/3300 train_loss:3.56478 train_time:1601.017s step_avg:1211.06ms
step:1323/3300 train_loss:3.62973 train_time:1602.225s step_avg:1211.05ms
step:1324/3300 train_loss:3.63769 train_time:1603.442s step_avg:1211.06ms
step:1325/3300 train_loss:3.55461 train_time:1604.638s step_avg:1211.05ms
step:1326/3300 train_loss:3.55230 train_time:1605.876s step_avg:1211.07ms
step:1327/3300 train_loss:3.59757 train_time:1607.097s step_avg:1211.08ms
step:1328/3300 train_loss:3.49538 train_time:1608.303s step_avg:1211.07ms
step:1329/3300 train_loss:3.59981 train_time:1609.509s step_avg:1211.07ms
step:1330/3300 train_loss:3.62370 train_time:1610.743s step_avg:1211.09ms
step:1331/3300 train_loss:3.60831 train_time:1612.012s step_avg:1211.13ms
step:1332/3300 train_loss:3.67595 train_time:1613.216s step_avg:1211.12ms
step:1333/3300 train_loss:3.60376 train_time:1614.416s step_avg:1211.11ms
step:1334/3300 train_loss:3.60687 train_time:1615.637s step_avg:1211.12ms
step:1335/3300 train_loss:3.65425 train_time:1616.846s step_avg:1211.12ms
step:1336/3300 train_loss:3.60086 train_time:1618.061s step_avg:1211.12ms
step:1337/3300 train_loss:3.60611 train_time:1619.258s step_avg:1211.11ms
step:1338/3300 train_loss:3.58780 train_time:1620.465s step_avg:1211.11ms
step:1339/3300 train_loss:3.57872 train_time:1621.671s step_avg:1211.11ms
step:1340/3300 train_loss:3.59909 train_time:1622.881s step_avg:1211.11ms
step:1341/3300 train_loss:3.60454 train_time:1624.102s step_avg:1211.11ms
step:1342/3300 train_loss:3.67158 train_time:1625.295s step_avg:1211.10ms
step:1343/3300 train_loss:3.61492 train_time:1626.498s step_avg:1211.09ms
step:1344/3300 train_loss:3.56479 train_time:1627.695s step_avg:1211.08ms
step:1345/3300 train_loss:3.49472 train_time:1628.897s step_avg:1211.08ms
step:1346/3300 train_loss:3.57218 train_time:1630.115s step_avg:1211.08ms
step:1347/3300 train_loss:3.59771 train_time:1631.319s step_avg:1211.08ms
step:1348/3300 train_loss:3.58837 train_time:1632.517s step_avg:1211.07ms
step:1349/3300 train_loss:3.57193 train_time:1633.719s step_avg:1211.06ms
step:1350/3300 train_loss:3.59701 train_time:1634.912s step_avg:1211.05ms
step:1351/3300 train_loss:3.62566 train_time:1636.132s step_avg:1211.05ms
step:1352/3300 train_loss:3.54655 train_time:1637.336s step_avg:1211.05ms
step:1353/3300 train_loss:3.59135 train_time:1638.539s step_avg:1211.04ms
step:1354/3300 train_loss:3.57629 train_time:1639.734s step_avg:1211.03ms
step:1355/3300 train_loss:3.51790 train_time:1640.948s step_avg:1211.03ms
step:1356/3300 train_loss:3.61733 train_time:1642.167s step_avg:1211.04ms
step:1357/3300 train_loss:3.76368 train_time:1643.381s step_avg:1211.04ms
step:1358/3300 train_loss:3.59384 train_time:1644.578s step_avg:1211.03ms
step:1359/3300 train_loss:3.52142 train_time:1645.789s step_avg:1211.03ms
step:1360/3300 train_loss:3.55568 train_time:1646.987s step_avg:1211.02ms
step:1361/3300 train_loss:3.53168 train_time:1648.195s step_avg:1211.02ms
step:1362/3300 train_loss:3.57548 train_time:1649.404s step_avg:1211.02ms
step:1363/3300 train_loss:3.52045 train_time:1650.600s step_avg:1211.00ms
step:1364/3300 train_loss:3.53200 train_time:1651.802s step_avg:1211.00ms
step:1365/3300 train_loss:3.57289 train_time:1653.000s step_avg:1210.99ms
step:1366/3300 train_loss:3.59527 train_time:1654.214s step_avg:1210.99ms
step:1367/3300 train_loss:3.57576 train_time:1655.417s step_avg:1210.99ms
step:1368/3300 train_loss:3.64139 train_time:1656.619s step_avg:1210.98ms
step:1369/3300 train_loss:3.58115 train_time:1657.819s step_avg:1210.97ms
step:1370/3300 train_loss:3.64936 train_time:1659.013s step_avg:1210.96ms
step:1371/3300 train_loss:3.56998 train_time:1660.228s step_avg:1210.96ms
step:1372/3300 train_loss:3.61015 train_time:1661.435s step_avg:1210.96ms
step:1373/3300 train_loss:3.58908 train_time:1662.637s step_avg:1210.95ms
step:1374/3300 train_loss:3.55029 train_time:1663.839s step_avg:1210.95ms
step:1375/3300 train_loss:3.57682 train_time:1665.038s step_avg:1210.94ms
step:1375/3300 val_loss:3.55231 train_time:1665.039s step_avg:1207.03ms
step:1376/3300 train_loss:3.61367 train_time:1666.256s step_avg:1210.94ms
step:1377/3300 train_loss:3.56754 train_time:1667.459s step_avg:1210.94ms
step:1378/3300 train_loss:3.59568 train_time:1668.670s step_avg:1210.94ms
step:1379/3300 train_loss:3.51505 train_time:1669.879s step_avg:1210.93ms
step:1380/3300 train_loss:3.50546 train_time:1671.094s step_avg:1210.94ms
step:1381/3300 train_loss:3.62140 train_time:1672.317s step_avg:1210.95ms
step:1382/3300 train_loss:3.57749 train_time:1673.523s step_avg:1210.94ms
step:1383/3300 train_loss:3.57229 train_time:1674.721s step_avg:1210.93ms
step:1384/3300 train_loss:3.55141 train_time:1675.921s step_avg:1210.93ms
step:1385/3300 train_loss:3.53172 train_time:1677.122s step_avg:1210.92ms
step:1386/3300 train_loss:3.59450 train_time:1678.339s step_avg:1210.92ms
step:1387/3300 train_loss:3.58493 train_time:1679.540s step_avg:1210.92ms
step:1388/3300 train_loss:3.56715 train_time:1680.742s step_avg:1210.91ms
step:1389/3300 train_loss:3.60022 train_time:1681.943s step_avg:1210.90ms
step:1390/3300 train_loss:3.58087 train_time:1683.147s step_avg:1210.90ms
step:1391/3300 train_loss:3.62194 train_time:1684.370s step_avg:1210.91ms
step:1392/3300 train_loss:3.56676 train_time:1685.570s step_avg:1210.90ms
step:1393/3300 train_loss:3.57332 train_time:1686.774s step_avg:1210.89ms
step:1394/3300 train_loss:3.62149 train_time:1687.978s step_avg:1210.89ms
step:1395/3300 train_loss:3.57692 train_time:1689.186s step_avg:1210.89ms
step:1396/3300 train_loss:3.57615 train_time:1690.397s step_avg:1210.89ms
step:1397/3300 train_loss:3.54393 train_time:1691.610s step_avg:1210.89ms
step:1398/3300 train_loss:3.54900 train_time:1692.825s step_avg:1210.89ms
step:1399/3300 train_loss:3.53214 train_time:1694.028s step_avg:1210.88ms
step:1400/3300 train_loss:3.57473 train_time:1695.222s step_avg:1210.87ms
step:1401/3300 train_loss:3.53074 train_time:1696.434s step_avg:1210.87ms
step:1402/3300 train_loss:3.56650 train_time:1697.645s step_avg:1210.87ms
step:1403/3300 train_loss:3.60348 train_time:1698.845s step_avg:1210.87ms
step:1404/3300 train_loss:3.54989 train_time:1700.038s step_avg:1210.85ms
step:1405/3300 train_loss:3.51612 train_time:1701.249s step_avg:1210.85ms
step:1406/3300 train_loss:3.56154 train_time:1702.476s step_avg:1210.87ms
step:1407/3300 train_loss:3.58115 train_time:1703.680s step_avg:1210.86ms
step:1408/3300 train_loss:3.63249 train_time:1704.883s step_avg:1210.85ms
step:1409/3300 train_loss:3.56442 train_time:1706.089s step_avg:1210.85ms
step:1410/3300 train_loss:3.57681 train_time:1707.288s step_avg:1210.84ms
step:1411/3300 train_loss:3.57222 train_time:1708.504s step_avg:1210.85ms
step:1412/3300 train_loss:3.59841 train_time:1709.699s step_avg:1210.84ms
step:1413/3300 train_loss:3.57048 train_time:1710.902s step_avg:1210.83ms
step:1414/3300 train_loss:3.51141 train_time:1712.110s step_avg:1210.83ms
step:1415/3300 train_loss:3.56503 train_time:1713.315s step_avg:1210.82ms
step:1416/3300 train_loss:3.54695 train_time:1714.541s step_avg:1210.83ms
step:1417/3300 train_loss:3.56857 train_time:1715.749s step_avg:1210.83ms
step:1418/3300 train_loss:3.58009 train_time:1716.948s step_avg:1210.82ms
step:1419/3300 train_loss:3.67482 train_time:1718.154s step_avg:1210.82ms
step:1420/3300 train_loss:3.57058 train_time:1719.384s step_avg:1210.83ms
step:1421/3300 train_loss:3.53055 train_time:1720.598s step_avg:1210.84ms
step:1422/3300 train_loss:3.55145 train_time:1721.800s step_avg:1210.83ms
step:1423/3300 train_loss:3.52885 train_time:1723.006s step_avg:1210.83ms
step:1424/3300 train_loss:3.55044 train_time:1724.217s step_avg:1210.83ms
step:1425/3300 train_loss:3.53244 train_time:1725.419s step_avg:1210.82ms
step:1426/3300 train_loss:3.57129 train_time:1726.639s step_avg:1210.83ms
step:1427/3300 train_loss:3.55877 train_time:1727.839s step_avg:1210.82ms
step:1428/3300 train_loss:3.56487 train_time:1729.057s step_avg:1210.82ms
step:1429/3300 train_loss:3.57765 train_time:1730.274s step_avg:1210.83ms
step:1430/3300 train_loss:3.50993 train_time:1731.463s step_avg:1210.81ms
step:1431/3300 train_loss:3.51772 train_time:1732.690s step_avg:1210.82ms
step:1432/3300 train_loss:3.58864 train_time:1733.901s step_avg:1210.82ms
step:1433/3300 train_loss:3.50888 train_time:1735.104s step_avg:1210.82ms
step:1434/3300 train_loss:3.51873 train_time:1736.305s step_avg:1210.81ms
step:1435/3300 train_loss:3.51665 train_time:1737.519s step_avg:1210.81ms
step:1436/3300 train_loss:3.49976 train_time:1738.737s step_avg:1210.82ms
step:1437/3300 train_loss:3.63649 train_time:1739.938s step_avg:1210.81ms
step:1438/3300 train_loss:3.58500 train_time:1741.145s step_avg:1210.81ms
step:1439/3300 train_loss:3.53627 train_time:1742.345s step_avg:1210.80ms
step:1440/3300 train_loss:3.47971 train_time:1743.549s step_avg:1210.80ms
step:1441/3300 train_loss:3.52401 train_time:1744.765s step_avg:1210.80ms
step:1442/3300 train_loss:3.53627 train_time:1745.965s step_avg:1210.79ms
step:1443/3300 train_loss:3.56755 train_time:1747.169s step_avg:1210.79ms
step:1444/3300 train_loss:3.54657 train_time:1748.368s step_avg:1210.78ms
step:1445/3300 train_loss:3.54320 train_time:1749.571s step_avg:1210.78ms
step:1446/3300 train_loss:3.58382 train_time:1750.803s step_avg:1210.79ms
step:1447/3300 train_loss:3.51472 train_time:1752.006s step_avg:1210.79ms
step:1448/3300 train_loss:3.53163 train_time:1753.209s step_avg:1210.78ms
step:1449/3300 train_loss:3.54740 train_time:1754.404s step_avg:1210.77ms
step:1450/3300 train_loss:3.55589 train_time:1755.606s step_avg:1210.76ms
step:1451/3300 train_loss:3.49403 train_time:1756.822s step_avg:1210.77ms
step:1452/3300 train_loss:3.53866 train_time:1758.026s step_avg:1210.76ms
step:1453/3300 train_loss:3.48951 train_time:1759.237s step_avg:1210.76ms
step:1454/3300 train_loss:3.59799 train_time:1760.457s step_avg:1210.77ms
step:1455/3300 train_loss:3.57814 train_time:1761.656s step_avg:1210.76ms
step:1456/3300 train_loss:3.52185 train_time:1762.875s step_avg:1210.77ms
step:1457/3300 train_loss:3.55343 train_time:1764.079s step_avg:1210.76ms
step:1458/3300 train_loss:3.58091 train_time:1765.283s step_avg:1210.76ms
step:1459/3300 train_loss:3.57617 train_time:1766.488s step_avg:1210.75ms
step:1460/3300 train_loss:3.50156 train_time:1767.738s step_avg:1210.78ms
step:1461/3300 train_loss:3.53961 train_time:1768.954s step_avg:1210.78ms
step:1462/3300 train_loss:3.47907 train_time:1770.170s step_avg:1210.79ms
step:1463/3300 train_loss:3.62565 train_time:1771.371s step_avg:1210.78ms
step:1464/3300 train_loss:3.54186 train_time:1772.575s step_avg:1210.77ms
step:1465/3300 train_loss:3.54041 train_time:1773.771s step_avg:1210.77ms
step:1466/3300 train_loss:3.54510 train_time:1774.983s step_avg:1210.77ms
step:1467/3300 train_loss:3.51753 train_time:1776.184s step_avg:1210.76ms
step:1468/3300 train_loss:3.53166 train_time:1777.388s step_avg:1210.75ms
step:1469/3300 train_loss:3.53799 train_time:1778.587s step_avg:1210.75ms
step:1470/3300 train_loss:3.45773 train_time:1779.813s step_avg:1210.76ms
step:1471/3300 train_loss:3.50441 train_time:1781.030s step_avg:1210.76ms
step:1472/3300 train_loss:3.59214 train_time:1782.230s step_avg:1210.75ms
step:1473/3300 train_loss:3.57058 train_time:1783.434s step_avg:1210.75ms
step:1474/3300 train_loss:3.52564 train_time:1784.631s step_avg:1210.74ms
step:1475/3300 train_loss:3.50589 train_time:1785.830s step_avg:1210.73ms
step:1476/3300 train_loss:3.53553 train_time:1787.047s step_avg:1210.74ms
step:1477/3300 train_loss:3.48452 train_time:1788.250s step_avg:1210.73ms
step:1478/3300 train_loss:3.53575 train_time:1789.453s step_avg:1210.73ms
step:1479/3300 train_loss:3.57644 train_time:1790.659s step_avg:1210.72ms
step:1480/3300 train_loss:3.57014 train_time:1791.864s step_avg:1210.72ms
step:1481/3300 train_loss:3.59926 train_time:1793.083s step_avg:1210.72ms
step:1482/3300 train_loss:3.53277 train_time:1794.284s step_avg:1210.72ms
step:1483/3300 train_loss:3.52481 train_time:1795.485s step_avg:1210.71ms
step:1484/3300 train_loss:3.52253 train_time:1796.687s step_avg:1210.71ms
step:1485/3300 train_loss:3.50925 train_time:1797.893s step_avg:1210.70ms
step:1486/3300 train_loss:3.55218 train_time:1799.108s step_avg:1210.71ms
step:1487/3300 train_loss:3.59424 train_time:1800.309s step_avg:1210.70ms
step:1488/3300 train_loss:3.52777 train_time:1801.515s step_avg:1210.70ms
step:1489/3300 train_loss:3.51865 train_time:1802.712s step_avg:1210.69ms
step:1490/3300 train_loss:3.54306 train_time:1803.909s step_avg:1210.68ms
step:1491/3300 train_loss:3.52193 train_time:1805.122s step_avg:1210.68ms
step:1492/3300 train_loss:3.46096 train_time:1806.324s step_avg:1210.67ms
step:1493/3300 train_loss:3.58689 train_time:1807.536s step_avg:1210.67ms
step:1494/3300 train_loss:3.49424 train_time:1808.732s step_avg:1210.66ms
step:1495/3300 train_loss:3.47351 train_time:1809.991s step_avg:1210.70ms
step:1496/3300 train_loss:3.50070 train_time:1811.204s step_avg:1210.70ms
step:1497/3300 train_loss:3.54782 train_time:1812.397s step_avg:1210.69ms
step:1498/3300 train_loss:3.48019 train_time:1813.597s step_avg:1210.68ms
step:1499/3300 train_loss:3.51249 train_time:1814.791s step_avg:1210.67ms
step:1500/3300 train_loss:3.55906 train_time:1815.991s step_avg:1210.66ms
step:1500/3300 val_loss:3.52218 train_time:1815.991s step_avg:1207.62ms
step:1501/3300 train_loss:3.42766 train_time:1817.209s step_avg:1210.67ms
step:1502/3300 train_loss:3.47854 train_time:1818.400s step_avg:1210.65ms
step:1503/3300 train_loss:3.46570 train_time:1819.603s step_avg:1210.65ms
step:1504/3300 train_loss:3.50403 train_time:1820.804s step_avg:1210.64ms
step:1505/3300 train_loss:3.49414 train_time:1822.005s step_avg:1210.63ms
step:1506/3300 train_loss:3.51964 train_time:1823.219s step_avg:1210.64ms
step:1507/3300 train_loss:3.46241 train_time:1824.422s step_avg:1210.63ms
step:1508/3300 train_loss:3.52909 train_time:1825.636s step_avg:1210.63ms
step:1509/3300 train_loss:3.53102 train_time:1826.840s step_avg:1210.63ms
step:1510/3300 train_loss:3.50483 train_time:1828.040s step_avg:1210.62ms
step:1511/3300 train_loss:3.56504 train_time:1829.259s step_avg:1210.63ms
step:1512/3300 train_loss:3.51666 train_time:1830.464s step_avg:1210.62ms
step:1513/3300 train_loss:3.51483 train_time:1831.665s step_avg:1210.62ms
step:1514/3300 train_loss:3.59109 train_time:1832.862s step_avg:1210.61ms
step:1515/3300 train_loss:3.52929 train_time:1834.058s step_avg:1210.60ms
step:1516/3300 train_loss:3.58758 train_time:1835.283s step_avg:1210.61ms
step:1517/3300 train_loss:3.49476 train_time:1836.485s step_avg:1210.60ms
step:1518/3300 train_loss:3.52857 train_time:1837.683s step_avg:1210.60ms
step:1519/3300 train_loss:3.57661 train_time:1838.887s step_avg:1210.59ms
step:1520/3300 train_loss:3.45510 train_time:1840.086s step_avg:1210.58ms
step:1521/3300 train_loss:3.51279 train_time:1841.344s step_avg:1210.61ms
step:1522/3300 train_loss:3.50893 train_time:1842.552s step_avg:1210.61ms
step:1523/3300 train_loss:3.54319 train_time:1843.755s step_avg:1210.61ms
step:1524/3300 train_loss:3.55794 train_time:1844.977s step_avg:1210.61ms
step:1525/3300 train_loss:3.56655 train_time:1846.190s step_avg:1210.62ms
step:1526/3300 train_loss:3.54951 train_time:1847.402s step_avg:1210.62ms
step:1527/3300 train_loss:3.48272 train_time:1848.603s step_avg:1210.61ms
step:1528/3300 train_loss:3.59178 train_time:1849.816s step_avg:1210.61ms
step:1529/3300 train_loss:3.51874 train_time:1851.020s step_avg:1210.61ms
step:1530/3300 train_loss:3.51750 train_time:1852.220s step_avg:1210.60ms
step:1531/3300 train_loss:3.52971 train_time:1853.434s step_avg:1210.60ms
step:1532/3300 train_loss:3.56823 train_time:1854.644s step_avg:1210.60ms
step:1533/3300 train_loss:3.55588 train_time:1855.852s step_avg:1210.60ms
step:1534/3300 train_loss:3.52407 train_time:1857.052s step_avg:1210.59ms
step:1535/3300 train_loss:3.53204 train_time:1858.249s step_avg:1210.59ms
step:1536/3300 train_loss:3.49215 train_time:1859.463s step_avg:1210.59ms
step:1537/3300 train_loss:3.57559 train_time:1860.678s step_avg:1210.59ms
step:1538/3300 train_loss:3.53445 train_time:1861.901s step_avg:1210.60ms
step:1539/3300 train_loss:3.63257 train_time:1863.148s step_avg:1210.62ms
step:1540/3300 train_loss:3.48773 train_time:1864.363s step_avg:1210.63ms
step:1541/3300 train_loss:3.48840 train_time:1865.580s step_avg:1210.63ms
step:1542/3300 train_loss:3.50839 train_time:1866.783s step_avg:1210.62ms
step:1543/3300 train_loss:3.52993 train_time:1867.985s step_avg:1210.62ms
step:1544/3300 train_loss:3.49498 train_time:1869.187s step_avg:1210.61ms
step:1545/3300 train_loss:3.54859 train_time:1870.395s step_avg:1210.61ms
step:1546/3300 train_loss:3.53068 train_time:1871.619s step_avg:1210.62ms
step:1547/3300 train_loss:3.52978 train_time:1872.822s step_avg:1210.62ms
step:1548/3300 train_loss:3.54992 train_time:1874.029s step_avg:1210.61ms
step:1549/3300 train_loss:3.54374 train_time:1875.228s step_avg:1210.61ms
step:1550/3300 train_loss:3.54436 train_time:1876.428s step_avg:1210.60ms
step:1551/3300 train_loss:3.49050 train_time:1877.642s step_avg:1210.60ms
step:1552/3300 train_loss:3.54436 train_time:1878.839s step_avg:1210.59ms
step:1553/3300 train_loss:3.53696 train_time:1880.041s step_avg:1210.59ms
step:1554/3300 train_loss:3.52573 train_time:1881.245s step_avg:1210.58ms
step:1555/3300 train_loss:3.52994 train_time:1882.485s step_avg:1210.60ms
step:1556/3300 train_loss:3.55818 train_time:1883.711s step_avg:1210.61ms
step:1557/3300 train_loss:3.51873 train_time:1884.914s step_avg:1210.61ms
step:1558/3300 train_loss:3.40245 train_time:1886.106s step_avg:1210.59ms
step:1559/3300 train_loss:3.52013 train_time:1887.305s step_avg:1210.59ms
step:1560/3300 train_loss:3.51532 train_time:1888.510s step_avg:1210.58ms
step:1561/3300 train_loss:3.61190 train_time:1889.740s step_avg:1210.60ms
step:1562/3300 train_loss:3.55281 train_time:1890.949s step_avg:1210.59ms
step:1563/3300 train_loss:3.53517 train_time:1892.151s step_avg:1210.59ms
step:1564/3300 train_loss:3.44966 train_time:1893.359s step_avg:1210.59ms
step:1565/3300 train_loss:3.50932 train_time:1894.567s step_avg:1210.59ms
step:1566/3300 train_loss:3.51323 train_time:1895.788s step_avg:1210.59ms
step:1567/3300 train_loss:3.49081 train_time:1896.990s step_avg:1210.59ms
step:1568/3300 train_loss:3.51944 train_time:1898.194s step_avg:1210.58ms
step:1569/3300 train_loss:3.55419 train_time:1899.387s step_avg:1210.57ms
step:1570/3300 train_loss:3.48353 train_time:1900.600s step_avg:1210.57ms
step:1571/3300 train_loss:3.46954 train_time:1901.843s step_avg:1210.59ms
step:1572/3300 train_loss:3.49539 train_time:1903.050s step_avg:1210.59ms
step:1573/3300 train_loss:3.52092 train_time:1904.252s step_avg:1210.59ms
step:1574/3300 train_loss:3.50247 train_time:1905.466s step_avg:1210.59ms
step:1575/3300 train_loss:3.55091 train_time:1906.673s step_avg:1210.59ms
step:1576/3300 train_loss:3.57638 train_time:1907.888s step_avg:1210.59ms
step:1577/3300 train_loss:3.55175 train_time:1909.092s step_avg:1210.58ms
step:1578/3300 train_loss:3.54325 train_time:1910.337s step_avg:1210.61ms
step:1579/3300 train_loss:3.47302 train_time:1911.529s step_avg:1210.59ms
step:1580/3300 train_loss:3.42489 train_time:1912.729s step_avg:1210.59ms
step:1581/3300 train_loss:3.58983 train_time:1913.945s step_avg:1210.59ms
step:1582/3300 train_loss:3.48060 train_time:1915.146s step_avg:1210.59ms
step:1583/3300 train_loss:3.52079 train_time:1916.350s step_avg:1210.58ms
step:1584/3300 train_loss:3.49888 train_time:1917.548s step_avg:1210.57ms
step:1585/3300 train_loss:3.51616 train_time:1918.749s step_avg:1210.57ms
step:1586/3300 train_loss:3.46392 train_time:1919.965s step_avg:1210.57ms
step:1587/3300 train_loss:3.48780 train_time:1921.174s step_avg:1210.57ms
step:1588/3300 train_loss:3.49080 train_time:1922.376s step_avg:1210.56ms
step:1589/3300 train_loss:3.50683 train_time:1923.584s step_avg:1210.56ms
step:1590/3300 train_loss:3.50429 train_time:1924.789s step_avg:1210.56ms
step:1591/3300 train_loss:3.49313 train_time:1926.013s step_avg:1210.57ms
step:1592/3300 train_loss:3.46860 train_time:1927.213s step_avg:1210.56ms
step:1593/3300 train_loss:3.49836 train_time:1928.415s step_avg:1210.56ms
step:1594/3300 train_loss:3.52673 train_time:1929.615s step_avg:1210.55ms
step:1595/3300 train_loss:3.51615 train_time:1930.812s step_avg:1210.54ms
step:1596/3300 train_loss:3.44535 train_time:1932.031s step_avg:1210.55ms
step:1597/3300 train_loss:3.46979 train_time:1933.234s step_avg:1210.54ms
step:1598/3300 train_loss:3.63565 train_time:1934.433s step_avg:1210.53ms
step:1599/3300 train_loss:3.49577 train_time:1935.635s step_avg:1210.53ms
step:1600/3300 train_loss:3.48865 train_time:1936.830s step_avg:1210.52ms
step:1601/3300 train_loss:3.54969 train_time:1938.049s step_avg:1210.52ms
step:1602/3300 train_loss:3.54927 train_time:1939.255s step_avg:1210.52ms
step:1603/3300 train_loss:3.50273 train_time:1940.456s step_avg:1210.52ms
step:1604/3300 train_loss:3.46776 train_time:1941.657s step_avg:1210.51ms
step:1605/3300 train_loss:3.53084 train_time:1942.855s step_avg:1210.50ms
step:1606/3300 train_loss:3.57093 train_time:1944.084s step_avg:1210.51ms
step:1607/3300 train_loss:3.45724 train_time:1945.300s step_avg:1210.52ms
step:1608/3300 train_loss:3.45525 train_time:1946.497s step_avg:1210.51ms
step:1609/3300 train_loss:3.51817 train_time:1947.695s step_avg:1210.50ms
step:1610/3300 train_loss:3.54826 train_time:1948.894s step_avg:1210.49ms
step:1611/3300 train_loss:3.55165 train_time:1950.160s step_avg:1210.53ms
step:1612/3300 train_loss:3.51086 train_time:1951.378s step_avg:1210.53ms
step:1613/3300 train_loss:3.49979 train_time:1952.581s step_avg:1210.53ms
step:1614/3300 train_loss:3.63393 train_time:1953.798s step_avg:1210.53ms
step:1615/3300 train_loss:3.56272 train_time:1955.009s step_avg:1210.53ms
step:1616/3300 train_loss:3.52741 train_time:1956.229s step_avg:1210.54ms
step:1617/3300 train_loss:3.46750 train_time:1957.431s step_avg:1210.53ms
step:1618/3300 train_loss:3.53151 train_time:1958.637s step_avg:1210.53ms
step:1619/3300 train_loss:3.43649 train_time:1959.849s step_avg:1210.53ms
step:1620/3300 train_loss:3.58055 train_time:1961.059s step_avg:1210.53ms
step:1621/3300 train_loss:3.49255 train_time:1962.270s step_avg:1210.53ms
step:1622/3300 train_loss:3.48422 train_time:1963.474s step_avg:1210.53ms
step:1623/3300 train_loss:3.45020 train_time:1964.676s step_avg:1210.52ms
step:1624/3300 train_loss:3.50964 train_time:1965.881s step_avg:1210.52ms
step:1625/3300 train_loss:3.51502 train_time:1967.080s step_avg:1210.51ms
step:1625/3300 val_loss:3.50232 train_time:1967.080s step_avg:1208.71ms
step:1626/3300 train_loss:3.51032 train_time:1968.305s step_avg:1210.52ms
step:1627/3300 train_loss:3.51144 train_time:1969.501s step_avg:1210.51ms
step:1628/3300 train_loss:3.45037 train_time:1970.698s step_avg:1210.50ms
step:1629/3300 train_loss:3.53857 train_time:1971.897s step_avg:1210.50ms
step:1630/3300 train_loss:3.52177 train_time:1973.106s step_avg:1210.49ms
step:1631/3300 train_loss:3.44577 train_time:1974.319s step_avg:1210.50ms
step:1632/3300 train_loss:3.50418 train_time:1975.531s step_avg:1210.50ms
step:1633/3300 train_loss:3.55969 train_time:1976.728s step_avg:1210.49ms
step:1634/3300 train_loss:3.54238 train_time:1977.937s step_avg:1210.49ms
step:1635/3300 train_loss:3.50519 train_time:1979.144s step_avg:1210.49ms
step:1636/3300 train_loss:3.51043 train_time:1980.365s step_avg:1210.49ms
step:1637/3300 train_loss:3.58342 train_time:1981.575s step_avg:1210.49ms
step:1638/3300 train_loss:3.48043 train_time:1982.776s step_avg:1210.49ms
step:1639/3300 train_loss:3.51677 train_time:1983.989s step_avg:1210.49ms
step:1640/3300 train_loss:3.49127 train_time:1985.197s step_avg:1210.49ms
step:1641/3300 train_loss:3.49014 train_time:1986.413s step_avg:1210.49ms
step:1642/3300 train_loss:3.53970 train_time:1987.610s step_avg:1210.48ms
step:1643/3300 train_loss:3.49782 train_time:1988.814s step_avg:1210.48ms
step:1644/3300 train_loss:3.48303 train_time:1990.006s step_avg:1210.47ms
step:1645/3300 train_loss:3.48362 train_time:1991.210s step_avg:1210.46ms
step:1646/3300 train_loss:3.46673 train_time:1992.438s step_avg:1210.47ms
step:1647/3300 train_loss:3.53523 train_time:1993.642s step_avg:1210.47ms
step:1648/3300 train_loss:3.53743 train_time:1994.862s step_avg:1210.47ms
step:1649/3300 train_loss:3.53459 train_time:1996.077s step_avg:1210.48ms
step:1650/3300 train_loss:3.50650 train_time:1997.286s step_avg:1210.48ms
step:1651/3300 train_loss:3.50346 train_time:1998.506s step_avg:1210.48ms
step:1652/3300 train_loss:3.47070 train_time:1999.705s step_avg:1210.48ms
step:1653/3300 train_loss:3.49960 train_time:2000.906s step_avg:1210.47ms
step:1654/3300 train_loss:3.50768 train_time:2002.108s step_avg:1210.46ms
step:1655/3300 train_loss:3.49624 train_time:2003.310s step_avg:1210.46ms
step:1656/3300 train_loss:3.55777 train_time:2004.529s step_avg:1210.46ms
step:1657/3300 train_loss:3.49087 train_time:2005.731s step_avg:1210.46ms
step:1658/3300 train_loss:3.48987 train_time:2006.930s step_avg:1210.45ms
step:1659/3300 train_loss:3.51532 train_time:2008.129s step_avg:1210.45ms
step:1660/3300 train_loss:3.58108 train_time:2009.330s step_avg:1210.44ms
step:1661/3300 train_loss:3.48367 train_time:2010.550s step_avg:1210.45ms
step:1662/3300 train_loss:3.51513 train_time:2011.756s step_avg:1210.44ms
step:1663/3300 train_loss:3.53996 train_time:2012.974s step_avg:1210.45ms
step:1664/3300 train_loss:3.47744 train_time:2014.191s step_avg:1210.45ms
step:1665/3300 train_loss:3.50149 train_time:2015.404s step_avg:1210.45ms
step:1666/3300 train_loss:3.52070 train_time:2016.625s step_avg:1210.46ms
step:1667/3300 train_loss:3.53754 train_time:2017.840s step_avg:1210.46ms
step:1668/3300 train_loss:3.47354 train_time:2019.044s step_avg:1210.46ms
step:1669/3300 train_loss:3.54709 train_time:2020.248s step_avg:1210.45ms
step:1670/3300 train_loss:3.43039 train_time:2021.450s step_avg:1210.45ms
step:1671/3300 train_loss:3.80135 train_time:2022.675s step_avg:1210.46ms
step:1672/3300 train_loss:3.50992 train_time:2023.882s step_avg:1210.46ms
step:1673/3300 train_loss:3.48184 train_time:2025.093s step_avg:1210.46ms
step:1674/3300 train_loss:3.53051 train_time:2026.291s step_avg:1210.45ms
step:1675/3300 train_loss:3.48606 train_time:2027.491s step_avg:1210.44ms
step:1676/3300 train_loss:3.49004 train_time:2028.718s step_avg:1210.45ms
step:1677/3300 train_loss:3.58383 train_time:2029.909s step_avg:1210.44ms
step:1678/3300 train_loss:3.49294 train_time:2031.111s step_avg:1210.44ms
step:1679/3300 train_loss:3.45096 train_time:2032.330s step_avg:1210.44ms
step:1680/3300 train_loss:3.48004 train_time:2033.553s step_avg:1210.45ms
step:1681/3300 train_loss:3.47412 train_time:2034.784s step_avg:1210.46ms
step:1682/3300 train_loss:3.50802 train_time:2035.991s step_avg:1210.46ms
step:1683/3300 train_loss:3.47039 train_time:2037.191s step_avg:1210.45ms
step:1684/3300 train_loss:3.50664 train_time:2038.387s step_avg:1210.44ms
step:1685/3300 train_loss:3.50348 train_time:2039.590s step_avg:1210.44ms
step:1686/3300 train_loss:3.47419 train_time:2040.809s step_avg:1210.44ms
step:1687/3300 train_loss:3.49594 train_time:2042.014s step_avg:1210.44ms
step:1688/3300 train_loss:3.49349 train_time:2043.212s step_avg:1210.43ms
step:1689/3300 train_loss:3.45805 train_time:2044.414s step_avg:1210.43ms
step:1690/3300 train_loss:3.45109 train_time:2045.612s step_avg:1210.42ms
step:1691/3300 train_loss:3.44192 train_time:2046.831s step_avg:1210.43ms
step:1692/3300 train_loss:3.52656 train_time:2048.069s step_avg:1210.44ms
step:1693/3300 train_loss:3.45496 train_time:2049.271s step_avg:1210.44ms
step:1694/3300 train_loss:3.51037 train_time:2050.477s step_avg:1210.44ms
step:1695/3300 train_loss:3.53616 train_time:2051.674s step_avg:1210.43ms
step:1696/3300 train_loss:3.49616 train_time:2052.888s step_avg:1210.43ms
step:1697/3300 train_loss:3.49846 train_time:2054.088s step_avg:1210.42ms
step:1698/3300 train_loss:3.43858 train_time:2055.296s step_avg:1210.42ms
step:1699/3300 train_loss:3.50722 train_time:2056.493s step_avg:1210.41ms
step:1700/3300 train_loss:3.54428 train_time:2057.699s step_avg:1210.41ms
step:1701/3300 train_loss:3.52507 train_time:2058.909s step_avg:1210.41ms
step:1702/3300 train_loss:3.52545 train_time:2060.106s step_avg:1210.40ms
step:1703/3300 train_loss:3.47409 train_time:2061.303s step_avg:1210.40ms
step:1704/3300 train_loss:3.50823 train_time:2062.501s step_avg:1210.39ms
step:1705/3300 train_loss:3.48897 train_time:2063.694s step_avg:1210.38ms
step:1706/3300 train_loss:3.46800 train_time:2064.907s step_avg:1210.38ms
step:1707/3300 train_loss:3.48401 train_time:2066.120s step_avg:1210.38ms
step:1708/3300 train_loss:3.46381 train_time:2067.323s step_avg:1210.38ms
step:1709/3300 train_loss:3.72719 train_time:2068.526s step_avg:1210.37ms
step:1710/3300 train_loss:3.57087 train_time:2069.727s step_avg:1210.37ms
step:1711/3300 train_loss:3.46883 train_time:2070.968s step_avg:1210.38ms
step:1712/3300 train_loss:3.48183 train_time:2072.170s step_avg:1210.38ms
step:1713/3300 train_loss:3.53663 train_time:2073.387s step_avg:1210.38ms
step:1714/3300 train_loss:3.44986 train_time:2074.594s step_avg:1210.38ms
step:1715/3300 train_loss:3.52692 train_time:2075.796s step_avg:1210.38ms
step:1716/3300 train_loss:3.46475 train_time:2077.017s step_avg:1210.38ms
step:1717/3300 train_loss:3.48479 train_time:2078.218s step_avg:1210.38ms
step:1718/3300 train_loss:3.52496 train_time:2079.415s step_avg:1210.37ms
step:1719/3300 train_loss:3.52834 train_time:2080.620s step_avg:1210.37ms
step:1720/3300 train_loss:3.47661 train_time:2081.820s step_avg:1210.36ms
step:1721/3300 train_loss:3.51358 train_time:2083.049s step_avg:1210.37ms
step:1722/3300 train_loss:3.51658 train_time:2084.255s step_avg:1210.37ms
step:1723/3300 train_loss:3.50936 train_time:2085.463s step_avg:1210.37ms
step:1724/3300 train_loss:3.47678 train_time:2086.658s step_avg:1210.36ms
step:1725/3300 train_loss:3.50702 train_time:2087.853s step_avg:1210.35ms
step:1726/3300 train_loss:3.47237 train_time:2089.079s step_avg:1210.36ms
step:1727/3300 train_loss:3.46491 train_time:2090.281s step_avg:1210.35ms
step:1728/3300 train_loss:3.44965 train_time:2091.481s step_avg:1210.35ms
step:1729/3300 train_loss:3.52810 train_time:2092.680s step_avg:1210.34ms
step:1730/3300 train_loss:3.58288 train_time:2093.875s step_avg:1210.33ms
step:1731/3300 train_loss:3.48377 train_time:2095.093s step_avg:1210.34ms
step:1732/3300 train_loss:3.50687 train_time:2096.308s step_avg:1210.34ms
step:1733/3300 train_loss:3.43798 train_time:2097.522s step_avg:1210.34ms
step:1734/3300 train_loss:3.60486 train_time:2098.717s step_avg:1210.33ms
step:1735/3300 train_loss:3.51342 train_time:2099.919s step_avg:1210.33ms
step:1736/3300 train_loss:3.58279 train_time:2101.137s step_avg:1210.33ms
step:1737/3300 train_loss:3.57912 train_time:2102.334s step_avg:1210.32ms
step:1738/3300 train_loss:3.45341 train_time:2103.537s step_avg:1210.32ms
step:1739/3300 train_loss:3.46872 train_time:2104.739s step_avg:1210.32ms
step:1740/3300 train_loss:3.45776 train_time:2105.941s step_avg:1210.31ms
step:1741/3300 train_loss:3.45312 train_time:2107.172s step_avg:1210.32ms
step:1742/3300 train_loss:3.50141 train_time:2108.373s step_avg:1210.32ms
step:1743/3300 train_loss:3.43675 train_time:2109.577s step_avg:1210.31ms
step:1744/3300 train_loss:3.45171 train_time:2110.777s step_avg:1210.31ms
step:1745/3300 train_loss:3.50984 train_time:2111.977s step_avg:1210.30ms
step:1746/3300 train_loss:3.51656 train_time:2113.196s step_avg:1210.31ms
step:1747/3300 train_loss:3.48889 train_time:2114.399s step_avg:1210.30ms
step:1748/3300 train_loss:3.54371 train_time:2115.599s step_avg:1210.30ms
step:1749/3300 train_loss:3.49549 train_time:2116.799s step_avg:1210.29ms
step:1750/3300 train_loss:3.48358 train_time:2118.024s step_avg:1210.30ms
step:1750/3300 val_loss:3.48088 train_time:2118.024s step_avg:1207.55ms
step:1751/3300 train_loss:3.52726 train_time:2119.234s step_avg:1210.30ms
step:1752/3300 train_loss:3.51871 train_time:2120.428s step_avg:1210.29ms
step:1753/3300 train_loss:3.45697 train_time:2121.629s step_avg:1210.28ms
step:1754/3300 train_loss:3.49661 train_time:2122.831s step_avg:1210.28ms
step:1755/3300 train_loss:3.49820 train_time:2124.026s step_avg:1210.27ms
step:1756/3300 train_loss:3.46382 train_time:2125.258s step_avg:1210.28ms
step:1757/3300 train_loss:3.47075 train_time:2126.457s step_avg:1210.28ms
step:1758/3300 train_loss:3.60948 train_time:2127.670s step_avg:1210.28ms
step:1759/3300 train_loss:3.59903 train_time:2128.870s step_avg:1210.27ms
step:1760/3300 train_loss:3.54116 train_time:2130.072s step_avg:1210.27ms
step:1761/3300 train_loss:3.48610 train_time:2131.335s step_avg:1210.30ms
step:1762/3300 train_loss:3.48890 train_time:2132.531s step_avg:1210.29ms
step:1763/3300 train_loss:3.45369 train_time:2133.727s step_avg:1210.28ms
step:1764/3300 train_loss:3.47777 train_time:2134.946s step_avg:1210.29ms
step:1765/3300 train_loss:3.47996 train_time:2136.159s step_avg:1210.29ms
step:1766/3300 train_loss:3.44959 train_time:2137.374s step_avg:1210.29ms
step:1767/3300 train_loss:3.56523 train_time:2138.589s step_avg:1210.29ms
step:1768/3300 train_loss:3.49593 train_time:2139.796s step_avg:1210.29ms
step:1769/3300 train_loss:3.60233 train_time:2140.994s step_avg:1210.29ms
step:1770/3300 train_loss:3.49498 train_time:2142.189s step_avg:1210.28ms
step:1771/3300 train_loss:3.50104 train_time:2143.400s step_avg:1210.28ms
step:1772/3300 train_loss:3.45350 train_time:2144.636s step_avg:1210.29ms
step:1773/3300 train_loss:3.51979 train_time:2145.834s step_avg:1210.28ms
step:1774/3300 train_loss:3.50864 train_time:2147.040s step_avg:1210.28ms
step:1775/3300 train_loss:3.52173 train_time:2148.243s step_avg:1210.28ms
step:1776/3300 train_loss:3.52521 train_time:2149.486s step_avg:1210.30ms
step:1777/3300 train_loss:3.52651 train_time:2150.725s step_avg:1210.31ms
step:1778/3300 train_loss:3.52538 train_time:2151.922s step_avg:1210.30ms
step:1779/3300 train_loss:3.54524 train_time:2153.121s step_avg:1210.30ms
step:1780/3300 train_loss:3.47439 train_time:2154.327s step_avg:1210.30ms
step:1781/3300 train_loss:3.45788 train_time:2155.534s step_avg:1210.29ms
step:1782/3300 train_loss:3.48057 train_time:2156.738s step_avg:1210.29ms
step:1783/3300 train_loss:3.51338 train_time:2157.931s step_avg:1210.28ms
step:1784/3300 train_loss:3.41432 train_time:2159.135s step_avg:1210.28ms
step:1785/3300 train_loss:3.52176 train_time:2160.329s step_avg:1210.27ms
step:1786/3300 train_loss:3.51330 train_time:2161.547s step_avg:1210.27ms
step:1787/3300 train_loss:3.55355 train_time:2162.750s step_avg:1210.27ms
step:1788/3300 train_loss:3.44893 train_time:2163.952s step_avg:1210.26ms
step:1789/3300 train_loss:3.51400 train_time:2165.149s step_avg:1210.26ms
step:1790/3300 train_loss:3.43518 train_time:2166.357s step_avg:1210.26ms
step:1791/3300 train_loss:3.48021 train_time:2167.571s step_avg:1210.26ms
step:1792/3300 train_loss:3.49501 train_time:2168.779s step_avg:1210.26ms
step:1793/3300 train_loss:3.44120 train_time:2169.986s step_avg:1210.25ms
step:1794/3300 train_loss:3.51539 train_time:2171.208s step_avg:1210.26ms
step:1795/3300 train_loss:3.54471 train_time:2172.414s step_avg:1210.26ms
step:1796/3300 train_loss:3.53873 train_time:2173.629s step_avg:1210.26ms
step:1797/3300 train_loss:3.51238 train_time:2174.836s step_avg:1210.26ms
step:1798/3300 train_loss:3.52248 train_time:2176.048s step_avg:1210.26ms
step:1799/3300 train_loss:3.54127 train_time:2177.250s step_avg:1210.26ms
step:1800/3300 train_loss:3.46702 train_time:2178.457s step_avg:1210.25ms
step:1801/3300 train_loss:3.50953 train_time:2179.675s step_avg:1210.26ms
step:1802/3300 train_loss:3.45113 train_time:2180.873s step_avg:1210.25ms
step:1803/3300 train_loss:3.51050 train_time:2182.074s step_avg:1210.25ms
step:1804/3300 train_loss:3.47229 train_time:2183.274s step_avg:1210.24ms
step:1805/3300 train_loss:3.48781 train_time:2184.491s step_avg:1210.24ms
step:1806/3300 train_loss:3.49678 train_time:2185.723s step_avg:1210.26ms
step:1807/3300 train_loss:3.46523 train_time:2186.925s step_avg:1210.25ms
step:1808/3300 train_loss:3.52261 train_time:2188.145s step_avg:1210.26ms
step:1809/3300 train_loss:3.54535 train_time:2189.386s step_avg:1210.27ms
step:1810/3300 train_loss:3.49520 train_time:2190.609s step_avg:1210.28ms
step:1811/3300 train_loss:3.45724 train_time:2191.831s step_avg:1210.29ms
step:1812/3300 train_loss:3.46817 train_time:2193.033s step_avg:1210.28ms
step:1813/3300 train_loss:3.49651 train_time:2194.233s step_avg:1210.28ms
step:1814/3300 train_loss:3.45644 train_time:2195.456s step_avg:1210.28ms
step:1815/3300 train_loss:3.51630 train_time:2196.655s step_avg:1210.28ms
step:1816/3300 train_loss:3.46986 train_time:2197.897s step_avg:1210.30ms
step:1817/3300 train_loss:3.45745 train_time:2199.098s step_avg:1210.29ms
step:1818/3300 train_loss:3.46186 train_time:2200.303s step_avg:1210.29ms
step:1819/3300 train_loss:3.49260 train_time:2201.522s step_avg:1210.29ms
step:1820/3300 train_loss:3.45442 train_time:2202.721s step_avg:1210.29ms
step:1821/3300 train_loss:3.48529 train_time:2203.931s step_avg:1210.29ms
step:1822/3300 train_loss:3.44423 train_time:2205.161s step_avg:1210.30ms
step:1823/3300 train_loss:3.50429 train_time:2206.361s step_avg:1210.29ms
step:1824/3300 train_loss:3.51786 train_time:2207.567s step_avg:1210.29ms
step:1825/3300 train_loss:3.61795 train_time:2208.764s step_avg:1210.28ms
step:1826/3300 train_loss:3.45786 train_time:2209.981s step_avg:1210.29ms
step:1827/3300 train_loss:3.45056 train_time:2211.179s step_avg:1210.28ms
step:1828/3300 train_loss:3.51348 train_time:2212.381s step_avg:1210.27ms
step:1829/3300 train_loss:3.45230 train_time:2213.580s step_avg:1210.27ms
step:1830/3300 train_loss:3.47888 train_time:2214.776s step_avg:1210.26ms
step:1831/3300 train_loss:3.44691 train_time:2215.989s step_avg:1210.26ms
step:1832/3300 train_loss:3.46723 train_time:2217.206s step_avg:1210.27ms
step:1833/3300 train_loss:3.52839 train_time:2218.414s step_avg:1210.26ms
step:1834/3300 train_loss:3.48772 train_time:2219.625s step_avg:1210.26ms
step:1835/3300 train_loss:3.53579 train_time:2220.829s step_avg:1210.26ms
step:1836/3300 train_loss:3.46669 train_time:2222.048s step_avg:1210.27ms
step:1837/3300 train_loss:3.46290 train_time:2223.250s step_avg:1210.26ms
step:1838/3300 train_loss:3.43412 train_time:2224.448s step_avg:1210.25ms
step:1839/3300 train_loss:3.49083 train_time:2225.665s step_avg:1210.26ms
step:1840/3300 train_loss:3.45696 train_time:2226.879s step_avg:1210.26ms
step:1841/3300 train_loss:3.55244 train_time:2228.106s step_avg:1210.27ms
step:1842/3300 train_loss:3.48197 train_time:2229.307s step_avg:1210.26ms
step:1843/3300 train_loss:3.43615 train_time:2230.511s step_avg:1210.26ms
step:1844/3300 train_loss:3.43614 train_time:2231.711s step_avg:1210.26ms
step:1845/3300 train_loss:3.45662 train_time:2232.919s step_avg:1210.25ms
step:1846/3300 train_loss:3.48420 train_time:2234.130s step_avg:1210.25ms
step:1847/3300 train_loss:3.48153 train_time:2235.331s step_avg:1210.25ms
step:1848/3300 train_loss:3.47527 train_time:2236.539s step_avg:1210.25ms
step:1849/3300 train_loss:3.50733 train_time:2237.742s step_avg:1210.24ms
step:1850/3300 train_loss:3.45566 train_time:2238.941s step_avg:1210.24ms
step:1851/3300 train_loss:3.48218 train_time:2240.149s step_avg:1210.24ms
step:1852/3300 train_loss:3.45939 train_time:2241.353s step_avg:1210.23ms
step:1853/3300 train_loss:3.51713 train_time:2242.553s step_avg:1210.23ms
step:1854/3300 train_loss:3.46255 train_time:2243.753s step_avg:1210.22ms
step:1855/3300 train_loss:3.44391 train_time:2244.965s step_avg:1210.22ms
step:1856/3300 train_loss:3.46676 train_time:2246.190s step_avg:1210.23ms
step:1857/3300 train_loss:3.49926 train_time:2247.396s step_avg:1210.23ms
step:1858/3300 train_loss:3.51474 train_time:2248.597s step_avg:1210.22ms
step:1859/3300 train_loss:3.47265 train_time:2249.805s step_avg:1210.22ms
step:1860/3300 train_loss:3.41970 train_time:2251.016s step_avg:1210.22ms
step:1861/3300 train_loss:3.46764 train_time:2252.231s step_avg:1210.23ms
step:1862/3300 train_loss:3.50116 train_time:2253.435s step_avg:1210.22ms
step:1863/3300 train_loss:3.53952 train_time:2254.641s step_avg:1210.22ms
step:1864/3300 train_loss:3.50571 train_time:2255.843s step_avg:1210.22ms
step:1865/3300 train_loss:3.43865 train_time:2257.051s step_avg:1210.22ms
step:1866/3300 train_loss:3.45882 train_time:2258.276s step_avg:1210.22ms
step:1867/3300 train_loss:3.47884 train_time:2259.492s step_avg:1210.23ms
step:1868/3300 train_loss:3.55814 train_time:2260.714s step_avg:1210.23ms
step:1869/3300 train_loss:3.42437 train_time:2261.918s step_avg:1210.23ms
step:1870/3300 train_loss:3.47680 train_time:2263.119s step_avg:1210.22ms
step:1871/3300 train_loss:3.51117 train_time:2264.343s step_avg:1210.23ms
step:1872/3300 train_loss:3.45093 train_time:2265.550s step_avg:1210.23ms
step:1873/3300 train_loss:3.48199 train_time:2266.754s step_avg:1210.23ms
step:1874/3300 train_loss:3.46062 train_time:2267.961s step_avg:1210.22ms
step:1875/3300 train_loss:3.53418 train_time:2269.152s step_avg:1210.21ms
step:1875/3300 val_loss:3.46032 train_time:2269.152s step_avg:1209.03ms
step:1876/3300 train_loss:3.50297 train_time:2270.359s step_avg:1210.21ms
step:1877/3300 train_loss:3.52422 train_time:2271.558s step_avg:1210.21ms
step:1878/3300 train_loss:3.55966 train_time:2272.773s step_avg:1210.21ms
step:1879/3300 train_loss:3.56034 train_time:2273.987s step_avg:1210.21ms
step:1880/3300 train_loss:3.45853 train_time:2275.195s step_avg:1210.21ms
step:1881/3300 train_loss:3.39662 train_time:2276.411s step_avg:1210.21ms
step:1882/3300 train_loss:3.47463 train_time:2277.658s step_avg:1210.23ms
step:1883/3300 train_loss:3.43573 train_time:2278.867s step_avg:1210.23ms
step:1884/3300 train_loss:3.47604 train_time:2280.070s step_avg:1210.23ms
step:1885/3300 train_loss:3.47096 train_time:2281.272s step_avg:1210.22ms
step:1886/3300 train_loss:3.42515 train_time:2282.502s step_avg:1210.23ms
step:1887/3300 train_loss:3.46520 train_time:2283.714s step_avg:1210.24ms
step:1888/3300 train_loss:3.42724 train_time:2284.928s step_avg:1210.24ms
step:1889/3300 train_loss:3.46264 train_time:2286.133s step_avg:1210.23ms
step:1890/3300 train_loss:3.48218 train_time:2287.361s step_avg:1210.24ms
step:1891/3300 train_loss:3.50438 train_time:2288.578s step_avg:1210.25ms
step:1892/3300 train_loss:3.41066 train_time:2289.779s step_avg:1210.24ms
step:1893/3300 train_loss:3.48475 train_time:2290.981s step_avg:1210.24ms
step:1894/3300 train_loss:3.47326 train_time:2292.182s step_avg:1210.23ms
step:1895/3300 train_loss:3.42939 train_time:2293.379s step_avg:1210.23ms
step:1896/3300 train_loss:3.52509 train_time:2294.591s step_avg:1210.23ms
step:1897/3300 train_loss:3.51392 train_time:2295.802s step_avg:1210.23ms
step:1898/3300 train_loss:3.42668 train_time:2297.012s step_avg:1210.23ms
step:1899/3300 train_loss:3.42172 train_time:2298.222s step_avg:1210.23ms
step:1900/3300 train_loss:3.44638 train_time:2299.418s step_avg:1210.22ms
step:1901/3300 train_loss:3.40563 train_time:2300.669s step_avg:1210.24ms
step:1902/3300 train_loss:3.48731 train_time:2301.866s step_avg:1210.23ms
step:1903/3300 train_loss:3.50893 train_time:2303.061s step_avg:1210.23ms
step:1904/3300 train_loss:3.46169 train_time:2304.261s step_avg:1210.22ms
step:1905/3300 train_loss:3.44696 train_time:2305.462s step_avg:1210.22ms
step:1906/3300 train_loss:3.49187 train_time:2306.675s step_avg:1210.22ms
step:1907/3300 train_loss:3.44994 train_time:2307.879s step_avg:1210.21ms
step:1908/3300 train_loss:3.46660 train_time:2309.092s step_avg:1210.22ms
step:1909/3300 train_loss:3.41319 train_time:2310.296s step_avg:1210.21ms
step:1910/3300 train_loss:3.50096 train_time:2311.504s step_avg:1210.21ms
step:1911/3300 train_loss:3.47674 train_time:2312.726s step_avg:1210.22ms
step:1912/3300 train_loss:3.39470 train_time:2313.927s step_avg:1210.21ms
step:1913/3300 train_loss:3.50756 train_time:2315.131s step_avg:1210.21ms
step:1914/3300 train_loss:3.59933 train_time:2316.334s step_avg:1210.21ms
step:1915/3300 train_loss:3.43270 train_time:2317.547s step_avg:1210.21ms
step:1916/3300 train_loss:3.40830 train_time:2318.766s step_avg:1210.21ms
step:1917/3300 train_loss:3.50594 train_time:2319.958s step_avg:1210.20ms
step:1918/3300 train_loss:3.49657 train_time:2321.161s step_avg:1210.20ms
step:1919/3300 train_loss:3.49405 train_time:2322.373s step_avg:1210.20ms
step:1920/3300 train_loss:3.43281 train_time:2323.572s step_avg:1210.19ms
step:1921/3300 train_loss:3.47321 train_time:2324.791s step_avg:1210.20ms
step:1922/3300 train_loss:3.42109 train_time:2326.005s step_avg:1210.20ms
step:1923/3300 train_loss:3.46293 train_time:2327.210s step_avg:1210.20ms
step:1924/3300 train_loss:3.50157 train_time:2328.418s step_avg:1210.20ms
step:1925/3300 train_loss:3.43773 train_time:2329.626s step_avg:1210.20ms
step:1926/3300 train_loss:3.45847 train_time:2330.836s step_avg:1210.20ms
step:1927/3300 train_loss:3.48275 train_time:2332.052s step_avg:1210.20ms
step:1928/3300 train_loss:3.53429 train_time:2333.265s step_avg:1210.20ms
step:1929/3300 train_loss:3.47189 train_time:2334.464s step_avg:1210.19ms
step:1930/3300 train_loss:3.48746 train_time:2335.664s step_avg:1210.19ms
step:1931/3300 train_loss:3.38537 train_time:2336.884s step_avg:1210.19ms
step:1932/3300 train_loss:3.80194 train_time:2338.083s step_avg:1210.19ms
step:1933/3300 train_loss:3.50375 train_time:2339.283s step_avg:1210.18ms
step:1934/3300 train_loss:3.47477 train_time:2340.482s step_avg:1210.18ms
step:1935/3300 train_loss:3.50521 train_time:2341.690s step_avg:1210.18ms
step:1936/3300 train_loss:3.47743 train_time:2342.915s step_avg:1210.18ms
step:1937/3300 train_loss:3.49516 train_time:2344.130s step_avg:1210.19ms
step:1938/3300 train_loss:3.42574 train_time:2345.331s step_avg:1210.18ms
step:1939/3300 train_loss:3.43589 train_time:2346.524s step_avg:1210.17ms
step:1940/3300 train_loss:3.49305 train_time:2347.723s step_avg:1210.17ms
step:1941/3300 train_loss:3.47871 train_time:2348.971s step_avg:1210.19ms
step:1942/3300 train_loss:3.39728 train_time:2350.162s step_avg:1210.18ms
step:1943/3300 train_loss:3.52519 train_time:2351.363s step_avg:1210.17ms
step:1944/3300 train_loss:3.41047 train_time:2352.562s step_avg:1210.17ms
step:1945/3300 train_loss:3.49498 train_time:2353.762s step_avg:1210.16ms
step:1946/3300 train_loss:3.48788 train_time:2354.977s step_avg:1210.16ms
step:1947/3300 train_loss:3.42713 train_time:2356.188s step_avg:1210.16ms
step:1948/3300 train_loss:3.47825 train_time:2357.383s step_avg:1210.16ms
step:1949/3300 train_loss:3.39305 train_time:2358.585s step_avg:1210.15ms
step:1950/3300 train_loss:3.51834 train_time:2359.786s step_avg:1210.15ms
step:1951/3300 train_loss:3.48979 train_time:2360.997s step_avg:1210.15ms
step:1952/3300 train_loss:3.54867 train_time:2362.199s step_avg:1210.14ms
step:1953/3300 train_loss:3.41207 train_time:2363.401s step_avg:1210.14ms
step:1954/3300 train_loss:3.45857 train_time:2364.617s step_avg:1210.14ms
step:1955/3300 train_loss:3.47698 train_time:2365.821s step_avg:1210.14ms
step:1956/3300 train_loss:3.43976 train_time:2367.053s step_avg:1210.15ms
step:1957/3300 train_loss:3.46207 train_time:2368.268s step_avg:1210.15ms
step:1958/3300 train_loss:3.49172 train_time:2369.464s step_avg:1210.14ms
step:1959/3300 train_loss:3.54206 train_time:2370.664s step_avg:1210.14ms
step:1960/3300 train_loss:3.42033 train_time:2371.881s step_avg:1210.14ms
step:1961/3300 train_loss:3.48322 train_time:2373.107s step_avg:1210.15ms
step:1962/3300 train_loss:3.43313 train_time:2374.311s step_avg:1210.15ms
step:1963/3300 train_loss:3.46209 train_time:2375.500s step_avg:1210.14ms
step:1964/3300 train_loss:3.45510 train_time:2376.705s step_avg:1210.13ms
step:1965/3300 train_loss:3.45822 train_time:2377.909s step_avg:1210.13ms
step:1966/3300 train_loss:3.51681 train_time:2379.120s step_avg:1210.13ms
step:1967/3300 train_loss:3.41439 train_time:2380.324s step_avg:1210.13ms
step:1968/3300 train_loss:3.46918 train_time:2381.520s step_avg:1210.12ms
step:1969/3300 train_loss:3.42214 train_time:2382.718s step_avg:1210.12ms
step:1970/3300 train_loss:3.45283 train_time:2383.928s step_avg:1210.12ms
step:1971/3300 train_loss:3.47590 train_time:2385.144s step_avg:1210.12ms
step:1972/3300 train_loss:3.43081 train_time:2386.345s step_avg:1210.11ms
step:1973/3300 train_loss:3.41924 train_time:2387.545s step_avg:1210.11ms
step:1974/3300 train_loss:3.43347 train_time:2388.768s step_avg:1210.12ms
step:1975/3300 train_loss:3.45135 train_time:2389.966s step_avg:1210.11ms
step:1976/3300 train_loss:3.46093 train_time:2391.180s step_avg:1210.11ms
step:1977/3300 train_loss:3.50180 train_time:2392.378s step_avg:1210.11ms
step:1978/3300 train_loss:3.49630 train_time:2393.576s step_avg:1210.10ms
step:1979/3300 train_loss:3.48091 train_time:2394.774s step_avg:1210.09ms
step:1980/3300 train_loss:3.47937 train_time:2395.981s step_avg:1210.09ms
step:1981/3300 train_loss:3.44057 train_time:2397.207s step_avg:1210.10ms
step:1982/3300 train_loss:3.45827 train_time:2398.406s step_avg:1210.09ms
step:1983/3300 train_loss:3.60056 train_time:2399.609s step_avg:1210.09ms
step:1984/3300 train_loss:3.40879 train_time:2400.808s step_avg:1210.08ms
step:1985/3300 train_loss:3.43355 train_time:2402.022s step_avg:1210.09ms
step:1986/3300 train_loss:3.43127 train_time:2403.242s step_avg:1210.09ms
step:1987/3300 train_loss:3.44464 train_time:2404.447s step_avg:1210.09ms
step:1988/3300 train_loss:3.46590 train_time:2405.660s step_avg:1210.09ms
step:1989/3300 train_loss:3.42875 train_time:2406.877s step_avg:1210.09ms
step:1990/3300 train_loss:3.46921 train_time:2408.087s step_avg:1210.09ms
step:1991/3300 train_loss:3.45241 train_time:2409.304s step_avg:1210.10ms
step:1992/3300 train_loss:3.43682 train_time:2410.504s step_avg:1210.09ms
step:1993/3300 train_loss:3.53647 train_time:2411.718s step_avg:1210.09ms
step:1994/3300 train_loss:3.46014 train_time:2412.924s step_avg:1210.09ms
step:1995/3300 train_loss:3.45372 train_time:2414.128s step_avg:1210.09ms
step:1996/3300 train_loss:3.51260 train_time:2415.343s step_avg:1210.09ms
step:1997/3300 train_loss:3.57284 train_time:2416.542s step_avg:1210.09ms
step:1998/3300 train_loss:3.45952 train_time:2417.746s step_avg:1210.08ms
step:1999/3300 train_loss:3.51832 train_time:2418.956s step_avg:1210.08ms
step:2000/3300 train_loss:3.42723 train_time:2420.166s step_avg:1210.08ms
step:2000/3300 val_loss:3.44088 train_time:2420.166s step_avg:1208.11ms
step:2001/3300 train_loss:3.48726 train_time:2421.392s step_avg:1210.09ms
step:2002/3300 train_loss:3.45795 train_time:2422.595s step_avg:1210.09ms
step:2003/3300 train_loss:3.44230 train_time:2423.798s step_avg:1210.08ms
step:2004/3300 train_loss:3.58941 train_time:2425.000s step_avg:1210.08ms
step:2005/3300 train_loss:3.43056 train_time:2426.205s step_avg:1210.08ms
step:2006/3300 train_loss:3.45748 train_time:2427.417s step_avg:1210.08ms
step:2007/3300 train_loss:3.45892 train_time:2428.622s step_avg:1210.08ms
step:2008/3300 train_loss:3.39451 train_time:2429.823s step_avg:1210.07ms
step:2009/3300 train_loss:3.47105 train_time:2431.024s step_avg:1210.07ms
step:2010/3300 train_loss:3.46541 train_time:2432.221s step_avg:1210.06ms
step:2011/3300 train_loss:3.46690 train_time:2433.436s step_avg:1210.06ms
step:2012/3300 train_loss:3.43567 train_time:2434.638s step_avg:1210.06ms
step:2013/3300 train_loss:3.45818 train_time:2435.862s step_avg:1210.07ms
step:2014/3300 train_loss:3.46275 train_time:2437.065s step_avg:1210.06ms
step:2015/3300 train_loss:3.40880 train_time:2438.267s step_avg:1210.06ms
step:2016/3300 train_loss:3.49071 train_time:2439.489s step_avg:1210.06ms
step:2017/3300 train_loss:3.43593 train_time:2440.710s step_avg:1210.07ms
step:2018/3300 train_loss:3.51353 train_time:2441.908s step_avg:1210.06ms
step:2019/3300 train_loss:3.46931 train_time:2443.102s step_avg:1210.06ms
step:2020/3300 train_loss:3.39008 train_time:2444.302s step_avg:1210.05ms
step:2021/3300 train_loss:3.46220 train_time:2445.513s step_avg:1210.05ms
step:2022/3300 train_loss:3.36836 train_time:2446.721s step_avg:1210.05ms
step:2023/3300 train_loss:3.41775 train_time:2447.925s step_avg:1210.05ms
step:2024/3300 train_loss:3.44309 train_time:2449.149s step_avg:1210.05ms
step:2025/3300 train_loss:3.37080 train_time:2450.350s step_avg:1210.05ms
step:2026/3300 train_loss:3.44922 train_time:2451.556s step_avg:1210.05ms
step:2027/3300 train_loss:3.40901 train_time:2452.758s step_avg:1210.04ms
step:2028/3300 train_loss:3.44277 train_time:2453.963s step_avg:1210.04ms
step:2029/3300 train_loss:3.45232 train_time:2455.163s step_avg:1210.04ms
step:2030/3300 train_loss:3.46157 train_time:2456.387s step_avg:1210.04ms
step:2031/3300 train_loss:3.44847 train_time:2457.619s step_avg:1210.05ms
step:2032/3300 train_loss:3.45184 train_time:2458.837s step_avg:1210.06ms
step:2033/3300 train_loss:3.41998 train_time:2460.044s step_avg:1210.06ms
step:2034/3300 train_loss:3.46076 train_time:2461.246s step_avg:1210.05ms
step:2035/3300 train_loss:3.46299 train_time:2462.442s step_avg:1210.05ms
step:2036/3300 train_loss:3.40984 train_time:2463.711s step_avg:1210.07ms
step:2037/3300 train_loss:3.50311 train_time:2464.912s step_avg:1210.07ms
step:2038/3300 train_loss:3.44558 train_time:2466.114s step_avg:1210.07ms
step:2039/3300 train_loss:3.42634 train_time:2467.314s step_avg:1210.06ms
step:2040/3300 train_loss:3.45100 train_time:2468.516s step_avg:1210.06ms
step:2041/3300 train_loss:3.44825 train_time:2469.733s step_avg:1210.06ms
step:2042/3300 train_loss:3.44619 train_time:2470.937s step_avg:1210.06ms
step:2043/3300 train_loss:3.42264 train_time:2472.147s step_avg:1210.06ms
step:2044/3300 train_loss:3.45687 train_time:2473.347s step_avg:1210.05ms
step:2045/3300 train_loss:3.38582 train_time:2474.596s step_avg:1210.07ms
step:2046/3300 train_loss:3.46339 train_time:2475.828s step_avg:1210.08ms
step:2047/3300 train_loss:3.45396 train_time:2477.028s step_avg:1210.08ms
step:2048/3300 train_loss:3.44808 train_time:2478.229s step_avg:1210.07ms
step:2049/3300 train_loss:3.40655 train_time:2479.427s step_avg:1210.07ms
step:2050/3300 train_loss:3.49100 train_time:2480.625s step_avg:1210.06ms
step:2051/3300 train_loss:3.48955 train_time:2481.838s step_avg:1210.06ms
step:2052/3300 train_loss:3.44241 train_time:2483.046s step_avg:1210.06ms
step:2053/3300 train_loss:3.54274 train_time:2484.250s step_avg:1210.06ms
step:2054/3300 train_loss:3.44906 train_time:2485.447s step_avg:1210.05ms
step:2055/3300 train_loss:3.41031 train_time:2486.643s step_avg:1210.05ms
step:2056/3300 train_loss:3.46259 train_time:2487.852s step_avg:1210.04ms
step:2057/3300 train_loss:3.36792 train_time:2489.061s step_avg:1210.04ms
step:2058/3300 train_loss:3.47560 train_time:2490.264s step_avg:1210.04ms
step:2059/3300 train_loss:3.48078 train_time:2491.467s step_avg:1210.04ms
step:2060/3300 train_loss:3.34052 train_time:2492.671s step_avg:1210.03ms
step:2061/3300 train_loss:3.40650 train_time:2493.883s step_avg:1210.04ms
step:2062/3300 train_loss:3.45479 train_time:2495.088s step_avg:1210.03ms
step:2063/3300 train_loss:3.45739 train_time:2496.293s step_avg:1210.03ms
step:2064/3300 train_loss:3.44803 train_time:2497.495s step_avg:1210.03ms
step:2065/3300 train_loss:3.45974 train_time:2498.702s step_avg:1210.03ms
step:2066/3300 train_loss:3.42196 train_time:2499.950s step_avg:1210.04ms
step:2067/3300 train_loss:3.45157 train_time:2501.146s step_avg:1210.04ms
step:2068/3300 train_loss:3.42723 train_time:2502.347s step_avg:1210.03ms
step:2069/3300 train_loss:3.52571 train_time:2503.546s step_avg:1210.03ms
step:2070/3300 train_loss:3.47130 train_time:2504.758s step_avg:1210.03ms
step:2071/3300 train_loss:3.47369 train_time:2505.979s step_avg:1210.03ms
step:2072/3300 train_loss:3.45107 train_time:2507.178s step_avg:1210.03ms
step:2073/3300 train_loss:3.51878 train_time:2508.381s step_avg:1210.02ms
step:2074/3300 train_loss:3.48156 train_time:2509.588s step_avg:1210.02ms
step:2075/3300 train_loss:3.48624 train_time:2510.805s step_avg:1210.03ms
step:2076/3300 train_loss:3.45845 train_time:2512.021s step_avg:1210.03ms
step:2077/3300 train_loss:3.44117 train_time:2513.225s step_avg:1210.03ms
step:2078/3300 train_loss:3.39828 train_time:2514.442s step_avg:1210.03ms
step:2079/3300 train_loss:3.41955 train_time:2515.644s step_avg:1210.03ms
step:2080/3300 train_loss:3.51686 train_time:2516.845s step_avg:1210.02ms
step:2081/3300 train_loss:3.46223 train_time:2518.111s step_avg:1210.05ms
step:2082/3300 train_loss:3.41668 train_time:2519.310s step_avg:1210.04ms
step:2083/3300 train_loss:3.39557 train_time:2520.513s step_avg:1210.04ms
step:2084/3300 train_loss:3.39997 train_time:2521.707s step_avg:1210.03ms
step:2085/3300 train_loss:3.46245 train_time:2522.908s step_avg:1210.03ms
step:2086/3300 train_loss:3.43590 train_time:2524.168s step_avg:1210.05ms
step:2087/3300 train_loss:3.42595 train_time:2525.380s step_avg:1210.05ms
step:2088/3300 train_loss:3.48238 train_time:2526.586s step_avg:1210.05ms
step:2089/3300 train_loss:3.40255 train_time:2527.791s step_avg:1210.05ms
step:2090/3300 train_loss:3.40340 train_time:2528.995s step_avg:1210.05ms
step:2091/3300 train_loss:3.46274 train_time:2530.265s step_avg:1210.07ms
step:2092/3300 train_loss:3.45866 train_time:2531.469s step_avg:1210.07ms
step:2093/3300 train_loss:3.41777 train_time:2532.668s step_avg:1210.07ms
step:2094/3300 train_loss:3.51617 train_time:2533.864s step_avg:1210.06ms
step:2095/3300 train_loss:3.43612 train_time:2535.070s step_avg:1210.06ms
step:2096/3300 train_loss:3.44678 train_time:2536.291s step_avg:1210.06ms
step:2097/3300 train_loss:3.44856 train_time:2537.501s step_avg:1210.06ms
step:2098/3300 train_loss:3.40649 train_time:2538.697s step_avg:1210.06ms
step:2099/3300 train_loss:3.42186 train_time:2539.905s step_avg:1210.05ms
step:2100/3300 train_loss:3.52714 train_time:2541.109s step_avg:1210.05ms
step:2101/3300 train_loss:3.43127 train_time:2542.323s step_avg:1210.05ms
step:2102/3300 train_loss:3.43513 train_time:2543.525s step_avg:1210.05ms
step:2103/3300 train_loss:3.40402 train_time:2544.728s step_avg:1210.05ms
step:2104/3300 train_loss:3.47991 train_time:2545.955s step_avg:1210.05ms
step:2105/3300 train_loss:3.43169 train_time:2547.192s step_avg:1210.07ms
step:2106/3300 train_loss:3.41906 train_time:2548.407s step_avg:1210.07ms
step:2107/3300 train_loss:3.44623 train_time:2549.613s step_avg:1210.07ms
step:2108/3300 train_loss:3.47646 train_time:2550.813s step_avg:1210.06ms
step:2109/3300 train_loss:3.44754 train_time:2552.012s step_avg:1210.06ms
step:2110/3300 train_loss:3.37154 train_time:2553.213s step_avg:1210.05ms
step:2111/3300 train_loss:3.43086 train_time:2554.434s step_avg:1210.06ms
step:2112/3300 train_loss:3.39180 train_time:2555.632s step_avg:1210.05ms
step:2113/3300 train_loss:3.40721 train_time:2556.830s step_avg:1210.05ms
step:2114/3300 train_loss:3.43766 train_time:2558.032s step_avg:1210.04ms
step:2115/3300 train_loss:3.45364 train_time:2559.277s step_avg:1210.06ms
step:2116/3300 train_loss:3.48962 train_time:2560.513s step_avg:1210.07ms
step:2117/3300 train_loss:3.42461 train_time:2561.713s step_avg:1210.07ms
step:2118/3300 train_loss:3.49597 train_time:2562.913s step_avg:1210.06ms
step:2119/3300 train_loss:3.40727 train_time:2564.157s step_avg:1210.08ms
step:2120/3300 train_loss:3.41408 train_time:2565.353s step_avg:1210.07ms
step:2121/3300 train_loss:3.37376 train_time:2566.594s step_avg:1210.09ms
step:2122/3300 train_loss:3.42018 train_time:2567.790s step_avg:1210.08ms
step:2123/3300 train_loss:3.41348 train_time:2568.991s step_avg:1210.08ms
step:2124/3300 train_loss:3.47655 train_time:2570.195s step_avg:1210.07ms
step:2125/3300 train_loss:3.37522 train_time:2571.392s step_avg:1210.07ms
step:2125/3300 val_loss:3.42306 train_time:2571.393s step_avg:1209.81ms
step:2126/3300 train_loss:3.47879 train_time:2572.607s step_avg:1210.07ms
step:2127/3300 train_loss:3.46116 train_time:2573.802s step_avg:1210.06ms
step:2128/3300 train_loss:3.39665 train_time:2575.007s step_avg:1210.06ms
step:2129/3300 train_loss:3.43963 train_time:2576.205s step_avg:1210.05ms
step:2130/3300 train_loss:3.43128 train_time:2577.409s step_avg:1210.05ms
step:2131/3300 train_loss:3.47738 train_time:2578.621s step_avg:1210.05ms
step:2132/3300 train_loss:3.43380 train_time:2579.853s step_avg:1210.06ms
step:2133/3300 train_loss:3.38527 train_time:2581.053s step_avg:1210.06ms
step:2134/3300 train_loss:3.46398 train_time:2582.258s step_avg:1210.06ms
step:2135/3300 train_loss:3.42640 train_time:2583.463s step_avg:1210.05ms
step:2136/3300 train_loss:3.39964 train_time:2584.678s step_avg:1210.06ms
step:2137/3300 train_loss:3.44252 train_time:2585.880s step_avg:1210.05ms
step:2138/3300 train_loss:3.39724 train_time:2587.086s step_avg:1210.05ms
step:2139/3300 train_loss:3.44577 train_time:2588.285s step_avg:1210.04ms
step:2140/3300 train_loss:3.53203 train_time:2589.486s step_avg:1210.04ms
step:2141/3300 train_loss:3.46759 train_time:2590.698s step_avg:1210.04ms
step:2142/3300 train_loss:3.42413 train_time:2591.913s step_avg:1210.04ms
step:2143/3300 train_loss:3.40437 train_time:2593.122s step_avg:1210.04ms
step:2144/3300 train_loss:3.37774 train_time:2594.328s step_avg:1210.04ms
step:2145/3300 train_loss:3.48755 train_time:2595.526s step_avg:1210.04ms
step:2146/3300 train_loss:3.43091 train_time:2596.742s step_avg:1210.04ms
step:2147/3300 train_loss:3.51897 train_time:2597.953s step_avg:1210.04ms
step:2148/3300 train_loss:3.46801 train_time:2599.156s step_avg:1210.04ms
step:2149/3300 train_loss:3.40655 train_time:2600.364s step_avg:1210.03ms
step:2150/3300 train_loss:3.48935 train_time:2601.581s step_avg:1210.04ms
step:2151/3300 train_loss:3.42217 train_time:2602.832s step_avg:1210.06ms
step:2152/3300 train_loss:3.55653 train_time:2604.033s step_avg:1210.05ms
step:2153/3300 train_loss:3.47266 train_time:2605.228s step_avg:1210.05ms
step:2154/3300 train_loss:3.50806 train_time:2606.431s step_avg:1210.04ms
step:2155/3300 train_loss:3.40477 train_time:2607.634s step_avg:1210.04ms
step:2156/3300 train_loss:3.39802 train_time:2608.860s step_avg:1210.05ms
step:2157/3300 train_loss:3.42346 train_time:2610.079s step_avg:1210.05ms
step:2158/3300 train_loss:3.38587 train_time:2611.282s step_avg:1210.05ms
step:2159/3300 train_loss:3.49780 train_time:2612.487s step_avg:1210.04ms
step:2160/3300 train_loss:3.50378 train_time:2613.701s step_avg:1210.05ms
step:2161/3300 train_loss:3.42444 train_time:2614.920s step_avg:1210.05ms
step:2162/3300 train_loss:3.38184 train_time:2616.128s step_avg:1210.05ms
step:2163/3300 train_loss:3.52916 train_time:2617.329s step_avg:1210.05ms
step:2164/3300 train_loss:3.43253 train_time:2618.542s step_avg:1210.05ms
step:2165/3300 train_loss:3.47854 train_time:2619.772s step_avg:1210.06ms
step:2166/3300 train_loss:3.47963 train_time:2620.981s step_avg:1210.06ms
step:2167/3300 train_loss:3.43444 train_time:2622.188s step_avg:1210.05ms
step:2168/3300 train_loss:3.43288 train_time:2623.393s step_avg:1210.05ms
step:2169/3300 train_loss:3.48064 train_time:2624.590s step_avg:1210.05ms
step:2170/3300 train_loss:3.44141 train_time:2625.787s step_avg:1210.04ms
step:2171/3300 train_loss:3.46587 train_time:2627.026s step_avg:1210.05ms
step:2172/3300 train_loss:3.42014 train_time:2628.235s step_avg:1210.05ms
step:2173/3300 train_loss:3.47869 train_time:2629.446s step_avg:1210.05ms
step:2174/3300 train_loss:3.45779 train_time:2630.656s step_avg:1210.05ms
step:2175/3300 train_loss:3.41905 train_time:2631.863s step_avg:1210.05ms
step:2176/3300 train_loss:3.42117 train_time:2633.084s step_avg:1210.06ms
step:2177/3300 train_loss:3.48077 train_time:2634.286s step_avg:1210.05ms
step:2178/3300 train_loss:3.35769 train_time:2635.494s step_avg:1210.05ms
step:2179/3300 train_loss:3.42357 train_time:2636.704s step_avg:1210.05ms
step:2180/3300 train_loss:3.44958 train_time:2637.924s step_avg:1210.06ms
step:2181/3300 train_loss:3.44848 train_time:2639.152s step_avg:1210.07ms
step:2182/3300 train_loss:3.40844 train_time:2640.349s step_avg:1210.06ms
step:2183/3300 train_loss:3.38416 train_time:2641.550s step_avg:1210.05ms
step:2184/3300 train_loss:3.44264 train_time:2642.755s step_avg:1210.05ms
step:2185/3300 train_loss:3.48499 train_time:2643.945s step_avg:1210.04ms
step:2186/3300 train_loss:3.34680 train_time:2645.155s step_avg:1210.04ms
step:2187/3300 train_loss:3.41075 train_time:2646.356s step_avg:1210.04ms
step:2188/3300 train_loss:3.35552 train_time:2647.570s step_avg:1210.04ms
step:2189/3300 train_loss:3.39275 train_time:2648.781s step_avg:1210.04ms
step:2190/3300 train_loss:3.43383 train_time:2649.976s step_avg:1210.03ms
step:2191/3300 train_loss:3.37725 train_time:2651.186s step_avg:1210.03ms
step:2192/3300 train_loss:3.47363 train_time:2652.396s step_avg:1210.03ms
step:2193/3300 train_loss:3.43588 train_time:2653.597s step_avg:1210.03ms
step:2194/3300 train_loss:3.45500 train_time:2654.791s step_avg:1210.02ms
step:2195/3300 train_loss:3.38599 train_time:2655.990s step_avg:1210.02ms
step:2196/3300 train_loss:3.39146 train_time:2657.209s step_avg:1210.02ms
step:2197/3300 train_loss:3.43485 train_time:2658.417s step_avg:1210.02ms
step:2198/3300 train_loss:3.41674 train_time:2659.647s step_avg:1210.03ms
step:2199/3300 train_loss:3.40193 train_time:2660.849s step_avg:1210.03ms
step:2200/3300 train_loss:3.44394 train_time:2662.051s step_avg:1210.02ms
step:2201/3300 train_loss:3.38189 train_time:2663.265s step_avg:1210.02ms
step:2202/3300 train_loss:3.63688 train_time:2664.470s step_avg:1210.02ms
step:2203/3300 train_loss:3.49259 train_time:2665.671s step_avg:1210.02ms
step:2204/3300 train_loss:3.39181 train_time:2666.877s step_avg:1210.02ms
step:2205/3300 train_loss:3.44769 train_time:2668.086s step_avg:1210.02ms
step:2206/3300 train_loss:3.45257 train_time:2669.315s step_avg:1210.03ms
step:2207/3300 train_loss:3.50464 train_time:2670.517s step_avg:1210.02ms
step:2208/3300 train_loss:3.44955 train_time:2671.710s step_avg:1210.01ms
step:2209/3300 train_loss:3.38748 train_time:2672.915s step_avg:1210.01ms
step:2210/3300 train_loss:3.40836 train_time:2674.113s step_avg:1210.01ms
step:2211/3300 train_loss:3.39048 train_time:2675.333s step_avg:1210.01ms
step:2212/3300 train_loss:3.45838 train_time:2676.542s step_avg:1210.01ms
step:2213/3300 train_loss:3.36064 train_time:2677.761s step_avg:1210.01ms
step:2214/3300 train_loss:3.41293 train_time:2678.959s step_avg:1210.01ms
step:2215/3300 train_loss:3.45691 train_time:2680.151s step_avg:1210.00ms
step:2216/3300 train_loss:3.46987 train_time:2681.369s step_avg:1210.00ms
step:2217/3300 train_loss:3.42427 train_time:2682.582s step_avg:1210.01ms
step:2218/3300 train_loss:3.38522 train_time:2683.786s step_avg:1210.00ms
step:2219/3300 train_loss:3.44492 train_time:2684.991s step_avg:1210.00ms
step:2220/3300 train_loss:3.42762 train_time:2686.192s step_avg:1210.00ms
step:2221/3300 train_loss:3.47607 train_time:2687.416s step_avg:1210.00ms
step:2222/3300 train_loss:3.42381 train_time:2688.615s step_avg:1210.00ms
step:2223/3300 train_loss:3.43734 train_time:2689.821s step_avg:1210.00ms
step:2224/3300 train_loss:3.50882 train_time:2691.018s step_avg:1209.99ms
step:2225/3300 train_loss:3.38804 train_time:2692.223s step_avg:1209.99ms
step:2226/3300 train_loss:3.44376 train_time:2693.453s step_avg:1210.00ms
step:2227/3300 train_loss:3.45348 train_time:2694.654s step_avg:1209.99ms
step:2228/3300 train_loss:3.40499 train_time:2695.854s step_avg:1209.99ms
step:2229/3300 train_loss:3.45233 train_time:2697.067s step_avg:1209.99ms
step:2230/3300 train_loss:3.44103 train_time:2698.274s step_avg:1209.99ms
step:2231/3300 train_loss:3.43167 train_time:2699.517s step_avg:1210.00ms
step:2232/3300 train_loss:3.38568 train_time:2700.728s step_avg:1210.00ms
step:2233/3300 train_loss:3.40963 train_time:2701.943s step_avg:1210.01ms
step:2234/3300 train_loss:3.42319 train_time:2703.148s step_avg:1210.00ms
step:2235/3300 train_loss:3.37371 train_time:2704.374s step_avg:1210.01ms
step:2236/3300 train_loss:3.54108 train_time:2705.588s step_avg:1210.01ms
step:2237/3300 train_loss:3.40746 train_time:2706.816s step_avg:1210.02ms
step:2238/3300 train_loss:3.45201 train_time:2708.037s step_avg:1210.03ms
step:2239/3300 train_loss:3.36434 train_time:2709.241s step_avg:1210.02ms
step:2240/3300 train_loss:3.36402 train_time:2710.440s step_avg:1210.02ms
step:2241/3300 train_loss:3.43033 train_time:2711.680s step_avg:1210.03ms
step:2242/3300 train_loss:3.42887 train_time:2712.897s step_avg:1210.03ms
step:2243/3300 train_loss:3.41716 train_time:2714.108s step_avg:1210.03ms
step:2244/3300 train_loss:3.39976 train_time:2715.312s step_avg:1210.03ms
step:2245/3300 train_loss:3.37482 train_time:2716.516s step_avg:1210.03ms
step:2246/3300 train_loss:3.41967 train_time:2717.729s step_avg:1210.03ms
step:2247/3300 train_loss:3.38235 train_time:2718.955s step_avg:1210.04ms
step:2248/3300 train_loss:3.42962 train_time:2720.155s step_avg:1210.03ms
step:2249/3300 train_loss:3.42972 train_time:2721.356s step_avg:1210.03ms
step:2250/3300 train_loss:3.38802 train_time:2722.556s step_avg:1210.03ms
step:2250/3300 val_loss:3.40469 train_time:2722.557s step_avg:1209.31ms
step:2251/3300 train_loss:3.37227 train_time:2723.780s step_avg:1210.03ms
step:2252/3300 train_loss:3.48271 train_time:2724.974s step_avg:1210.02ms
step:2253/3300 train_loss:3.35201 train_time:2726.173s step_avg:1210.02ms
step:2254/3300 train_loss:3.40096 train_time:2727.375s step_avg:1210.02ms
step:2255/3300 train_loss:3.51278 train_time:2728.577s step_avg:1210.01ms
step:2256/3300 train_loss:3.42230 train_time:2729.792s step_avg:1210.01ms
step:2257/3300 train_loss:3.56193 train_time:2730.996s step_avg:1210.01ms
step:2258/3300 train_loss:3.44628 train_time:2732.195s step_avg:1210.01ms
step:2259/3300 train_loss:3.37485 train_time:2733.396s step_avg:1210.00ms
step:2260/3300 train_loss:3.41224 train_time:2734.608s step_avg:1210.00ms
step:2261/3300 train_loss:3.44488 train_time:2735.825s step_avg:1210.01ms
step:2262/3300 train_loss:3.39418 train_time:2737.017s step_avg:1210.00ms
step:2263/3300 train_loss:3.39621 train_time:2738.216s step_avg:1209.99ms
step:2264/3300 train_loss:3.40933 train_time:2739.457s step_avg:1210.01ms
step:2265/3300 train_loss:3.42889 train_time:2740.680s step_avg:1210.01ms
step:2266/3300 train_loss:3.39624 train_time:2741.908s step_avg:1210.02ms
step:2267/3300 train_loss:3.39492 train_time:2743.103s step_avg:1210.01ms
step:2268/3300 train_loss:3.36412 train_time:2744.302s step_avg:1210.01ms
step:2269/3300 train_loss:3.37775 train_time:2745.513s step_avg:1210.01ms
step:2270/3300 train_loss:3.44405 train_time:2746.718s step_avg:1210.01ms
step:2271/3300 train_loss:3.42361 train_time:2747.936s step_avg:1210.01ms
step:2272/3300 train_loss:3.40226 train_time:2749.139s step_avg:1210.01ms
step:2273/3300 train_loss:3.34997 train_time:2750.349s step_avg:1210.01ms
step:2274/3300 train_loss:3.42318 train_time:2751.557s step_avg:1210.01ms
step:2275/3300 train_loss:3.41327 train_time:2752.758s step_avg:1210.00ms
step:2276/3300 train_loss:3.35719 train_time:2753.983s step_avg:1210.01ms
step:2277/3300 train_loss:3.35336 train_time:2755.201s step_avg:1210.01ms
step:2278/3300 train_loss:3.43220 train_time:2756.396s step_avg:1210.01ms
step:2279/3300 train_loss:3.44101 train_time:2757.593s step_avg:1210.00ms
step:2280/3300 train_loss:3.36884 train_time:2758.819s step_avg:1210.01ms
step:2281/3300 train_loss:3.42950 train_time:2760.067s step_avg:1210.03ms
step:2282/3300 train_loss:3.40316 train_time:2761.272s step_avg:1210.02ms
step:2283/3300 train_loss:3.39065 train_time:2762.473s step_avg:1210.02ms
step:2284/3300 train_loss:3.46675 train_time:2763.686s step_avg:1210.02ms
step:2285/3300 train_loss:3.39506 train_time:2764.883s step_avg:1210.01ms
step:2286/3300 train_loss:3.42425 train_time:2766.099s step_avg:1210.02ms
step:2287/3300 train_loss:3.43002 train_time:2767.295s step_avg:1210.01ms
step:2288/3300 train_loss:3.47348 train_time:2768.493s step_avg:1210.01ms
step:2289/3300 train_loss:3.39595 train_time:2769.710s step_avg:1210.01ms
step:2290/3300 train_loss:3.37450 train_time:2770.918s step_avg:1210.01ms
step:2291/3300 train_loss:3.44171 train_time:2772.151s step_avg:1210.02ms
step:2292/3300 train_loss:3.41303 train_time:2773.344s step_avg:1210.01ms
step:2293/3300 train_loss:3.35503 train_time:2774.540s step_avg:1210.00ms
step:2294/3300 train_loss:3.44233 train_time:2775.742s step_avg:1210.00ms
step:2295/3300 train_loss:3.41876 train_time:2776.941s step_avg:1210.00ms
step:2296/3300 train_loss:3.41409 train_time:2778.159s step_avg:1210.00ms
step:2297/3300 train_loss:3.39805 train_time:2779.375s step_avg:1210.00ms
step:2298/3300 train_loss:3.44237 train_time:2780.615s step_avg:1210.02ms
step:2299/3300 train_loss:3.43322 train_time:2781.814s step_avg:1210.01ms
step:2300/3300 train_loss:3.41992 train_time:2783.069s step_avg:1210.03ms
step:2301/3300 train_loss:3.44355 train_time:2784.282s step_avg:1210.03ms
step:2302/3300 train_loss:3.36213 train_time:2785.485s step_avg:1210.03ms
step:2303/3300 train_loss:3.39861 train_time:2786.678s step_avg:1210.02ms
step:2304/3300 train_loss:3.34751 train_time:2787.881s step_avg:1210.02ms
step:2305/3300 train_loss:3.42745 train_time:2789.081s step_avg:1210.01ms
step:2306/3300 train_loss:3.33813 train_time:2790.297s step_avg:1210.02ms
step:2307/3300 train_loss:3.42343 train_time:2791.517s step_avg:1210.02ms
step:2308/3300 train_loss:3.44641 train_time:2792.724s step_avg:1210.02ms
step:2309/3300 train_loss:3.45585 train_time:2793.962s step_avg:1210.03ms
step:2310/3300 train_loss:3.33130 train_time:2795.174s step_avg:1210.03ms
step:2311/3300 train_loss:3.39514 train_time:2796.390s step_avg:1210.03ms
step:2312/3300 train_loss:3.43950 train_time:2797.588s step_avg:1210.03ms
step:2313/3300 train_loss:3.39178 train_time:2798.792s step_avg:1210.03ms
step:2314/3300 train_loss:3.40134 train_time:2799.999s step_avg:1210.03ms
step:2315/3300 train_loss:3.40320 train_time:2801.205s step_avg:1210.02ms
step:2316/3300 train_loss:3.38853 train_time:2802.420s step_avg:1210.03ms
step:2317/3300 train_loss:3.39389 train_time:2803.621s step_avg:1210.02ms
step:2318/3300 train_loss:3.35478 train_time:2804.821s step_avg:1210.02ms
step:2319/3300 train_loss:3.47703 train_time:2806.034s step_avg:1210.02ms
step:2320/3300 train_loss:3.43978 train_time:2807.235s step_avg:1210.02ms
step:2321/3300 train_loss:3.43048 train_time:2808.455s step_avg:1210.02ms
step:2322/3300 train_loss:3.42305 train_time:2809.661s step_avg:1210.02ms
step:2323/3300 train_loss:3.36933 train_time:2810.875s step_avg:1210.02ms
step:2324/3300 train_loss:3.38271 train_time:2812.082s step_avg:1210.02ms
step:2325/3300 train_loss:3.33531 train_time:2813.288s step_avg:1210.02ms
step:2326/3300 train_loss:3.41070 train_time:2814.499s step_avg:1210.02ms
step:2327/3300 train_loss:3.37516 train_time:2815.703s step_avg:1210.01ms
step:2328/3300 train_loss:3.40286 train_time:2816.903s step_avg:1210.01ms
step:2329/3300 train_loss:3.56017 train_time:2818.107s step_avg:1210.01ms
step:2330/3300 train_loss:3.36113 train_time:2819.341s step_avg:1210.02ms
step:2331/3300 train_loss:3.43175 train_time:2820.561s step_avg:1210.02ms
step:2332/3300 train_loss:3.41218 train_time:2821.779s step_avg:1210.03ms
step:2333/3300 train_loss:3.46324 train_time:2822.988s step_avg:1210.02ms
step:2334/3300 train_loss:3.39656 train_time:2824.187s step_avg:1210.02ms
step:2335/3300 train_loss:3.37709 train_time:2825.390s step_avg:1210.02ms
step:2336/3300 train_loss:3.45468 train_time:2826.601s step_avg:1210.02ms
step:2337/3300 train_loss:3.38407 train_time:2827.800s step_avg:1210.01ms
step:2338/3300 train_loss:3.41421 train_time:2829.005s step_avg:1210.01ms
step:2339/3300 train_loss:3.41533 train_time:2830.206s step_avg:1210.01ms
step:2340/3300 train_loss:3.36945 train_time:2831.406s step_avg:1210.00ms
step:2341/3300 train_loss:3.40460 train_time:2832.620s step_avg:1210.00ms
step:2342/3300 train_loss:3.41323 train_time:2833.820s step_avg:1210.00ms
step:2343/3300 train_loss:3.40387 train_time:2835.019s step_avg:1210.00ms
step:2344/3300 train_loss:3.39722 train_time:2836.247s step_avg:1210.00ms
step:2345/3300 train_loss:3.40742 train_time:2837.447s step_avg:1210.00ms
step:2346/3300 train_loss:3.37207 train_time:2838.671s step_avg:1210.00ms
step:2347/3300 train_loss:3.47492 train_time:2839.870s step_avg:1210.00ms
step:2348/3300 train_loss:3.45301 train_time:2841.078s step_avg:1210.00ms
step:2349/3300 train_loss:3.40967 train_time:2842.299s step_avg:1210.00ms
step:2350/3300 train_loss:3.37532 train_time:2843.505s step_avg:1210.00ms
step:2351/3300 train_loss:3.36922 train_time:2844.726s step_avg:1210.01ms
step:2352/3300 train_loss:3.37912 train_time:2845.926s step_avg:1210.00ms
step:2353/3300 train_loss:3.48051 train_time:2847.125s step_avg:1210.00ms
step:2354/3300 train_loss:3.41448 train_time:2848.329s step_avg:1210.00ms
step:2355/3300 train_loss:3.32890 train_time:2849.530s step_avg:1209.99ms
step:2356/3300 train_loss:3.50015 train_time:2850.745s step_avg:1209.99ms
step:2357/3300 train_loss:3.39627 train_time:2851.948s step_avg:1209.99ms
step:2358/3300 train_loss:3.39477 train_time:2853.143s step_avg:1209.98ms
step:2359/3300 train_loss:3.37347 train_time:2854.359s step_avg:1209.99ms
step:2360/3300 train_loss:3.41985 train_time:2855.586s step_avg:1209.99ms
step:2361/3300 train_loss:3.41185 train_time:2856.799s step_avg:1210.00ms
step:2362/3300 train_loss:3.41591 train_time:2857.997s step_avg:1209.99ms
step:2363/3300 train_loss:3.41016 train_time:2859.198s step_avg:1209.99ms
step:2364/3300 train_loss:3.43712 train_time:2860.409s step_avg:1209.99ms
step:2365/3300 train_loss:3.36945 train_time:2861.612s step_avg:1209.98ms
step:2366/3300 train_loss:3.38303 train_time:2862.840s step_avg:1209.99ms
step:2367/3300 train_loss:3.49687 train_time:2864.058s step_avg:1210.00ms
step:2368/3300 train_loss:3.43778 train_time:2865.261s step_avg:1209.99ms
step:2369/3300 train_loss:3.40945 train_time:2866.466s step_avg:1209.99ms
step:2370/3300 train_loss:3.35350 train_time:2867.662s step_avg:1209.98ms
step:2371/3300 train_loss:3.43425 train_time:2868.877s step_avg:1209.99ms
step:2372/3300 train_loss:3.37787 train_time:2870.079s step_avg:1209.98ms
step:2373/3300 train_loss:3.47052 train_time:2871.281s step_avg:1209.98ms
step:2374/3300 train_loss:3.54520 train_time:2872.481s step_avg:1209.97ms
step:2375/3300 train_loss:3.35548 train_time:2873.702s step_avg:1209.98ms
step:2375/3300 val_loss:3.38822 train_time:2873.703s step_avg:1209.17ms
step:2376/3300 train_loss:3.39302 train_time:2874.921s step_avg:1209.98ms
step:2377/3300 train_loss:3.40349 train_time:2876.127s step_avg:1209.98ms
step:2378/3300 train_loss:3.38424 train_time:2877.331s step_avg:1209.98ms
step:2379/3300 train_loss:3.41533 train_time:2878.545s step_avg:1209.98ms
step:2380/3300 train_loss:3.35937 train_time:2879.751s step_avg:1209.98ms
step:2381/3300 train_loss:3.41646 train_time:2880.978s step_avg:1209.99ms
step:2382/3300 train_loss:3.42554 train_time:2882.184s step_avg:1209.98ms
step:2383/3300 train_loss:3.40828 train_time:2883.397s step_avg:1209.99ms
step:2384/3300 train_loss:3.37759 train_time:2884.604s step_avg:1209.98ms
step:2385/3300 train_loss:3.44773 train_time:2885.798s step_avg:1209.98ms
step:2386/3300 train_loss:3.38817 train_time:2887.006s step_avg:1209.98ms
step:2387/3300 train_loss:3.41446 train_time:2888.213s step_avg:1209.98ms
step:2388/3300 train_loss:3.38548 train_time:2889.407s step_avg:1209.97ms
step:2389/3300 train_loss:3.42822 train_time:2890.617s step_avg:1209.97ms
step:2390/3300 train_loss:3.38222 train_time:2891.832s step_avg:1209.97ms
step:2391/3300 train_loss:3.43360 train_time:2893.047s step_avg:1209.97ms
step:2392/3300 train_loss:3.36546 train_time:2894.249s step_avg:1209.97ms
step:2393/3300 train_loss:3.40118 train_time:2895.451s step_avg:1209.97ms
step:2394/3300 train_loss:3.43879 train_time:2896.653s step_avg:1209.96ms
step:2395/3300 train_loss:3.35133 train_time:2897.853s step_avg:1209.96ms
step:2396/3300 train_loss:3.41517 train_time:2899.067s step_avg:1209.96ms
step:2397/3300 train_loss:3.39824 train_time:2900.271s step_avg:1209.96ms
step:2398/3300 train_loss:3.38726 train_time:2901.473s step_avg:1209.96ms
step:2399/3300 train_loss:3.38946 train_time:2902.674s step_avg:1209.95ms
step:2400/3300 train_loss:3.35656 train_time:2903.873s step_avg:1209.95ms
step:2401/3300 train_loss:3.38785 train_time:2905.088s step_avg:1209.95ms
step:2402/3300 train_loss:3.41253 train_time:2906.314s step_avg:1209.96ms
step:2403/3300 train_loss:3.36933 train_time:2907.512s step_avg:1209.95ms
step:2404/3300 train_loss:3.49064 train_time:2908.713s step_avg:1209.95ms
step:2405/3300 train_loss:3.37191 train_time:2909.913s step_avg:1209.94ms
step:2406/3300 train_loss:3.51927 train_time:2911.137s step_avg:1209.95ms
step:2407/3300 train_loss:3.34785 train_time:2912.347s step_avg:1209.95ms
step:2408/3300 train_loss:3.38263 train_time:2913.550s step_avg:1209.95ms
step:2409/3300 train_loss:3.38799 train_time:2914.753s step_avg:1209.94ms
step:2410/3300 train_loss:3.43108 train_time:2915.961s step_avg:1209.94ms
step:2411/3300 train_loss:3.41839 train_time:2917.168s step_avg:1209.94ms
step:2412/3300 train_loss:3.37091 train_time:2918.375s step_avg:1209.94ms
step:2413/3300 train_loss:3.37236 train_time:2919.576s step_avg:1209.94ms
step:2414/3300 train_loss:3.46434 train_time:2920.778s step_avg:1209.93ms
step:2415/3300 train_loss:3.42707 train_time:2921.971s step_avg:1209.93ms
step:2416/3300 train_loss:3.37520 train_time:2923.190s step_avg:1209.93ms
step:2417/3300 train_loss:3.38789 train_time:2924.395s step_avg:1209.93ms
step:2418/3300 train_loss:3.41054 train_time:2925.608s step_avg:1209.93ms
step:2419/3300 train_loss:3.36924 train_time:2926.814s step_avg:1209.93ms
step:2420/3300 train_loss:3.38835 train_time:2928.019s step_avg:1209.93ms
step:2421/3300 train_loss:3.48953 train_time:2929.235s step_avg:1209.93ms
step:2422/3300 train_loss:3.46845 train_time:2930.444s step_avg:1209.93ms
step:2423/3300 train_loss:3.46291 train_time:2931.653s step_avg:1209.93ms
step:2424/3300 train_loss:3.42169 train_time:2932.855s step_avg:1209.92ms
step:2425/3300 train_loss:3.36640 train_time:2934.056s step_avg:1209.92ms
step:2426/3300 train_loss:3.31713 train_time:2935.271s step_avg:1209.92ms
step:2427/3300 train_loss:3.45039 train_time:2936.477s step_avg:1209.92ms
step:2428/3300 train_loss:3.38441 train_time:2937.698s step_avg:1209.92ms
step:2429/3300 train_loss:3.35517 train_time:2938.900s step_avg:1209.92ms
step:2430/3300 train_loss:3.41435 train_time:2940.095s step_avg:1209.92ms
step:2431/3300 train_loss:3.48133 train_time:2941.329s step_avg:1209.93ms
step:2432/3300 train_loss:3.41513 train_time:2942.540s step_avg:1209.93ms
step:2433/3300 train_loss:3.40053 train_time:2943.747s step_avg:1209.92ms
step:2434/3300 train_loss:3.38735 train_time:2944.964s step_avg:1209.93ms
step:2435/3300 train_loss:3.38084 train_time:2946.172s step_avg:1209.93ms
step:2436/3300 train_loss:3.39536 train_time:2947.398s step_avg:1209.93ms
step:2437/3300 train_loss:3.38311 train_time:2948.605s step_avg:1209.93ms
step:2438/3300 train_loss:3.39759 train_time:2949.807s step_avg:1209.93ms
step:2439/3300 train_loss:3.35784 train_time:2951.016s step_avg:1209.93ms
step:2440/3300 train_loss:3.39076 train_time:2952.216s step_avg:1209.92ms
step:2441/3300 train_loss:3.36100 train_time:2953.448s step_avg:1209.93ms
step:2442/3300 train_loss:3.42891 train_time:2954.652s step_avg:1209.93ms
step:2443/3300 train_loss:3.39641 train_time:2955.849s step_avg:1209.93ms
step:2444/3300 train_loss:3.32798 train_time:2957.044s step_avg:1209.92ms
step:2445/3300 train_loss:3.44576 train_time:2958.237s step_avg:1209.91ms
step:2446/3300 train_loss:3.37862 train_time:2959.450s step_avg:1209.91ms
step:2447/3300 train_loss:3.37652 train_time:2960.650s step_avg:1209.91ms
step:2448/3300 train_loss:3.45441 train_time:2961.858s step_avg:1209.91ms
step:2449/3300 train_loss:3.39891 train_time:2963.056s step_avg:1209.90ms
step:2450/3300 train_loss:3.41934 train_time:2964.256s step_avg:1209.90ms
step:2451/3300 train_loss:3.41416 train_time:2965.474s step_avg:1209.90ms
step:2452/3300 train_loss:3.42981 train_time:2966.692s step_avg:1209.91ms
step:2453/3300 train_loss:3.37338 train_time:2967.888s step_avg:1209.90ms
step:2454/3300 train_loss:3.44001 train_time:2969.084s step_avg:1209.90ms
step:2455/3300 train_loss:3.46275 train_time:2970.281s step_avg:1209.89ms
step:2456/3300 train_loss:3.32949 train_time:2971.493s step_avg:1209.89ms
step:2457/3300 train_loss:3.37753 train_time:2972.686s step_avg:1209.88ms
step:2458/3300 train_loss:3.51582 train_time:2973.878s step_avg:1209.88ms
step:2459/3300 train_loss:3.59028 train_time:2975.074s step_avg:1209.87ms
step:2460/3300 train_loss:3.41049 train_time:2976.272s step_avg:1209.87ms
step:2461/3300 train_loss:3.37600 train_time:2977.481s step_avg:1209.87ms
step:2462/3300 train_loss:3.43790 train_time:2978.680s step_avg:1209.86ms
step:2463/3300 train_loss:3.45106 train_time:2979.880s step_avg:1209.86ms
step:2464/3300 train_loss:3.47575 train_time:2981.090s step_avg:1209.86ms
step:2465/3300 train_loss:3.37447 train_time:2982.310s step_avg:1209.86ms
step:2466/3300 train_loss:3.41575 train_time:2983.537s step_avg:1209.87ms
step:2467/3300 train_loss:3.35271 train_time:2984.755s step_avg:1209.87ms
step:2468/3300 train_loss:3.41504 train_time:2985.961s step_avg:1209.87ms
step:2469/3300 train_loss:3.48840 train_time:2987.168s step_avg:1209.87ms
step:2470/3300 train_loss:3.39053 train_time:2988.378s step_avg:1209.87ms
step:2471/3300 train_loss:3.38549 train_time:2989.632s step_avg:1209.89ms
step:2472/3300 train_loss:3.38220 train_time:2990.837s step_avg:1209.89ms
step:2473/3300 train_loss:3.56786 train_time:2992.057s step_avg:1209.89ms
step:2474/3300 train_loss:3.42422 train_time:2993.263s step_avg:1209.89ms
step:2475/3300 train_loss:3.39017 train_time:2994.461s step_avg:1209.88ms
step:2476/3300 train_loss:3.37117 train_time:2995.676s step_avg:1209.89ms
step:2477/3300 train_loss:3.38506 train_time:2996.892s step_avg:1209.89ms
step:2478/3300 train_loss:3.39215 train_time:2998.122s step_avg:1209.90ms
step:2479/3300 train_loss:3.41579 train_time:2999.318s step_avg:1209.89ms
step:2480/3300 train_loss:3.34069 train_time:3000.517s step_avg:1209.89ms
step:2481/3300 train_loss:3.45162 train_time:3001.747s step_avg:1209.89ms
step:2482/3300 train_loss:3.36236 train_time:3002.964s step_avg:1209.90ms
step:2483/3300 train_loss:3.38563 train_time:3004.162s step_avg:1209.89ms
step:2484/3300 train_loss:3.44944 train_time:3005.368s step_avg:1209.89ms
step:2485/3300 train_loss:3.44640 train_time:3006.576s step_avg:1209.89ms
step:2486/3300 train_loss:3.39963 train_time:3007.798s step_avg:1209.89ms
step:2487/3300 train_loss:3.42241 train_time:3009.000s step_avg:1209.89ms
step:2488/3300 train_loss:3.37823 train_time:3010.205s step_avg:1209.89ms
step:2489/3300 train_loss:3.40443 train_time:3011.408s step_avg:1209.89ms
step:2490/3300 train_loss:3.40844 train_time:3012.615s step_avg:1209.89ms
step:2491/3300 train_loss:3.42890 train_time:3013.840s step_avg:1209.89ms
step:2492/3300 train_loss:3.36607 train_time:3015.043s step_avg:1209.89ms
step:2493/3300 train_loss:3.41483 train_time:3016.249s step_avg:1209.89ms
step:2494/3300 train_loss:3.40915 train_time:3017.442s step_avg:1209.88ms
step:2495/3300 train_loss:3.34427 train_time:3018.641s step_avg:1209.88ms
step:2496/3300 train_loss:3.37371 train_time:3019.857s step_avg:1209.88ms
step:2497/3300 train_loss:3.37500 train_time:3021.066s step_avg:1209.88ms
step:2498/3300 train_loss:3.34601 train_time:3022.258s step_avg:1209.87ms
step:2499/3300 train_loss:3.39261 train_time:3023.455s step_avg:1209.87ms
step:2500/3300 train_loss:3.32907 train_time:3024.655s step_avg:1209.86ms
step:2500/3300 val_loss:3.37174 train_time:3024.655s step_avg:1207.62ms
step:2501/3300 train_loss:3.36002 train_time:3025.862s step_avg:1209.86ms
step:2502/3300 train_loss:3.36544 train_time:3027.071s step_avg:1209.86ms
step:2503/3300 train_loss:3.37781 train_time:3028.269s step_avg:1209.86ms
step:2504/3300 train_loss:3.43923 train_time:3029.483s step_avg:1209.86ms
step:2505/3300 train_loss:3.39606 train_time:3030.689s step_avg:1209.86ms
step:2506/3300 train_loss:3.37506 train_time:3031.904s step_avg:1209.86ms
step:2507/3300 train_loss:3.43768 train_time:3033.102s step_avg:1209.85ms
step:2508/3300 train_loss:3.37803 train_time:3034.307s step_avg:1209.85ms
step:2509/3300 train_loss:3.46629 train_time:3035.494s step_avg:1209.84ms
step:2510/3300 train_loss:3.40449 train_time:3036.691s step_avg:1209.84ms
step:2511/3300 train_loss:3.40227 train_time:3037.902s step_avg:1209.84ms
step:2512/3300 train_loss:3.40483 train_time:3039.104s step_avg:1209.83ms
step:2513/3300 train_loss:3.37428 train_time:3040.308s step_avg:1209.83ms
step:2514/3300 train_loss:3.40762 train_time:3041.518s step_avg:1209.83ms
step:2515/3300 train_loss:3.32997 train_time:3042.722s step_avg:1209.83ms
step:2516/3300 train_loss:3.39571 train_time:3043.955s step_avg:1209.84ms
step:2517/3300 train_loss:3.36912 train_time:3045.167s step_avg:1209.84ms
step:2518/3300 train_loss:3.43026 train_time:3046.369s step_avg:1209.84ms
step:2519/3300 train_loss:3.42378 train_time:3047.571s step_avg:1209.83ms
step:2520/3300 train_loss:3.41851 train_time:3048.782s step_avg:1209.83ms
step:2521/3300 train_loss:3.42319 train_time:3050.005s step_avg:1209.84ms
step:2522/3300 train_loss:3.38439 train_time:3051.200s step_avg:1209.83ms
step:2523/3300 train_loss:3.34508 train_time:3052.403s step_avg:1209.83ms
step:2524/3300 train_loss:3.42138 train_time:3053.601s step_avg:1209.83ms
step:2525/3300 train_loss:3.35167 train_time:3054.826s step_avg:1209.83ms
step:2526/3300 train_loss:3.42218 train_time:3056.033s step_avg:1209.83ms
step:2527/3300 train_loss:3.38475 train_time:3057.243s step_avg:1209.83ms
step:2528/3300 train_loss:3.30172 train_time:3058.452s step_avg:1209.83ms
step:2529/3300 train_loss:3.41714 train_time:3059.657s step_avg:1209.83ms
step:2530/3300 train_loss:3.40642 train_time:3060.862s step_avg:1209.83ms
step:2531/3300 train_loss:3.40592 train_time:3062.077s step_avg:1209.83ms
step:2532/3300 train_loss:3.35656 train_time:3063.284s step_avg:1209.83ms
step:2533/3300 train_loss:3.38541 train_time:3064.490s step_avg:1209.83ms
step:2534/3300 train_loss:3.38570 train_time:3065.710s step_avg:1209.83ms
step:2535/3300 train_loss:3.38415 train_time:3066.918s step_avg:1209.83ms
step:2536/3300 train_loss:3.38373 train_time:3068.136s step_avg:1209.83ms
step:2537/3300 train_loss:3.32601 train_time:3069.341s step_avg:1209.83ms
step:2538/3300 train_loss:3.34117 train_time:3070.549s step_avg:1209.83ms
step:2539/3300 train_loss:3.37657 train_time:3071.752s step_avg:1209.83ms
step:2540/3300 train_loss:3.38924 train_time:3072.954s step_avg:1209.82ms
step:2541/3300 train_loss:3.36681 train_time:3074.175s step_avg:1209.83ms
step:2542/3300 train_loss:3.56360 train_time:3075.390s step_avg:1209.83ms
step:2543/3300 train_loss:3.59248 train_time:3076.588s step_avg:1209.83ms
step:2544/3300 train_loss:3.36004 train_time:3077.782s step_avg:1209.82ms
step:2545/3300 train_loss:3.36738 train_time:3079.004s step_avg:1209.82ms
step:2546/3300 train_loss:3.51734 train_time:3080.222s step_avg:1209.83ms
step:2547/3300 train_loss:3.37583 train_time:3081.417s step_avg:1209.82ms
step:2548/3300 train_loss:3.32818 train_time:3082.619s step_avg:1209.82ms
step:2549/3300 train_loss:3.42166 train_time:3083.824s step_avg:1209.82ms
step:2550/3300 train_loss:3.40645 train_time:3085.025s step_avg:1209.81ms
step:2551/3300 train_loss:3.36884 train_time:3086.238s step_avg:1209.81ms
step:2552/3300 train_loss:3.36116 train_time:3087.448s step_avg:1209.81ms
step:2553/3300 train_loss:3.42748 train_time:3088.673s step_avg:1209.82ms
step:2554/3300 train_loss:3.41148 train_time:3089.880s step_avg:1209.82ms
step:2555/3300 train_loss:3.34146 train_time:3091.080s step_avg:1209.82ms
step:2556/3300 train_loss:3.40253 train_time:3092.300s step_avg:1209.82ms
step:2557/3300 train_loss:3.38640 train_time:3093.510s step_avg:1209.82ms
step:2558/3300 train_loss:3.36050 train_time:3094.716s step_avg:1209.82ms
step:2559/3300 train_loss:3.35460 train_time:3095.926s step_avg:1209.82ms
step:2560/3300 train_loss:3.38740 train_time:3097.137s step_avg:1209.82ms
step:2561/3300 train_loss:3.41037 train_time:3098.360s step_avg:1209.82ms
step:2562/3300 train_loss:3.35382 train_time:3099.576s step_avg:1209.83ms
step:2563/3300 train_loss:3.44939 train_time:3100.772s step_avg:1209.82ms
step:2564/3300 train_loss:3.39452 train_time:3101.968s step_avg:1209.82ms
step:2565/3300 train_loss:3.33324 train_time:3103.166s step_avg:1209.81ms
step:2566/3300 train_loss:3.40487 train_time:3104.381s step_avg:1209.81ms
step:2567/3300 train_loss:3.41679 train_time:3105.590s step_avg:1209.81ms
step:2568/3300 train_loss:3.38402 train_time:3106.794s step_avg:1209.81ms
step:2569/3300 train_loss:3.34804 train_time:3108.000s step_avg:1209.81ms
step:2570/3300 train_loss:3.40427 train_time:3109.235s step_avg:1209.82ms
step:2571/3300 train_loss:3.34869 train_time:3110.477s step_avg:1209.83ms
step:2572/3300 train_loss:3.36012 train_time:3111.682s step_avg:1209.83ms
step:2573/3300 train_loss:3.32362 train_time:3112.885s step_avg:1209.83ms
step:2574/3300 train_loss:3.36850 train_time:3114.092s step_avg:1209.83ms
step:2575/3300 train_loss:3.36083 train_time:3115.287s step_avg:1209.82ms
step:2576/3300 train_loss:3.39670 train_time:3116.504s step_avg:1209.82ms
step:2577/3300 train_loss:3.36454 train_time:3117.712s step_avg:1209.82ms
step:2578/3300 train_loss:3.37214 train_time:3118.913s step_avg:1209.82ms
step:2579/3300 train_loss:3.30999 train_time:3120.109s step_avg:1209.81ms
step:2580/3300 train_loss:3.35273 train_time:3121.305s step_avg:1209.81ms
step:2581/3300 train_loss:3.43554 train_time:3122.524s step_avg:1209.81ms
step:2582/3300 train_loss:3.33086 train_time:3123.734s step_avg:1209.81ms
step:2583/3300 train_loss:3.42018 train_time:3124.945s step_avg:1209.81ms
step:2584/3300 train_loss:3.43712 train_time:3126.153s step_avg:1209.81ms
step:2585/3300 train_loss:3.41447 train_time:3127.346s step_avg:1209.81ms
step:2586/3300 train_loss:3.39619 train_time:3128.560s step_avg:1209.81ms
step:2587/3300 train_loss:3.37335 train_time:3129.775s step_avg:1209.81ms
step:2588/3300 train_loss:3.40235 train_time:3130.970s step_avg:1209.80ms
step:2589/3300 train_loss:3.31024 train_time:3132.167s step_avg:1209.80ms
step:2590/3300 train_loss:3.43669 train_time:3133.368s step_avg:1209.79ms
step:2591/3300 train_loss:3.42569 train_time:3134.585s step_avg:1209.80ms
step:2592/3300 train_loss:3.45256 train_time:3135.793s step_avg:1209.80ms
step:2593/3300 train_loss:3.38445 train_time:3136.990s step_avg:1209.79ms
step:2594/3300 train_loss:3.37314 train_time:3138.188s step_avg:1209.79ms
step:2595/3300 train_loss:3.41963 train_time:3139.433s step_avg:1209.80ms
step:2596/3300 train_loss:3.32866 train_time:3140.699s step_avg:1209.82ms
step:2597/3300 train_loss:3.46675 train_time:3141.901s step_avg:1209.82ms
step:2598/3300 train_loss:3.37847 train_time:3143.104s step_avg:1209.82ms
step:2599/3300 train_loss:3.32937 train_time:3144.306s step_avg:1209.81ms
step:2600/3300 train_loss:3.39162 train_time:3145.512s step_avg:1209.81ms
step:2601/3300 train_loss:3.32757 train_time:3146.721s step_avg:1209.81ms
step:2602/3300 train_loss:3.38132 train_time:3147.924s step_avg:1209.81ms
step:2603/3300 train_loss:3.40383 train_time:3149.127s step_avg:1209.81ms
step:2604/3300 train_loss:3.38653 train_time:3150.330s step_avg:1209.80ms
step:2605/3300 train_loss:3.35360 train_time:3151.528s step_avg:1209.80ms
step:2606/3300 train_loss:3.35054 train_time:3152.744s step_avg:1209.80ms
step:2607/3300 train_loss:3.33209 train_time:3153.948s step_avg:1209.80ms
step:2608/3300 train_loss:3.40405 train_time:3155.152s step_avg:1209.80ms
step:2609/3300 train_loss:3.38651 train_time:3156.352s step_avg:1209.79ms
step:2610/3300 train_loss:3.36584 train_time:3157.558s step_avg:1209.79ms
step:2611/3300 train_loss:3.33266 train_time:3158.784s step_avg:1209.80ms
step:2612/3300 train_loss:3.36010 train_time:3159.993s step_avg:1209.80ms
step:2613/3300 train_loss:3.37368 train_time:3161.194s step_avg:1209.79ms
step:2614/3300 train_loss:3.42527 train_time:3162.391s step_avg:1209.79ms
step:2615/3300 train_loss:3.32015 train_time:3163.596s step_avg:1209.79ms
step:2616/3300 train_loss:3.31995 train_time:3164.802s step_avg:1209.79ms
step:2617/3300 train_loss:3.40677 train_time:3166.009s step_avg:1209.79ms
step:2618/3300 train_loss:3.36848 train_time:3167.218s step_avg:1209.79ms
step:2619/3300 train_loss:3.37334 train_time:3168.447s step_avg:1209.79ms
step:2620/3300 train_loss:3.41976 train_time:3169.658s step_avg:1209.79ms
step:2621/3300 train_loss:3.37416 train_time:3170.872s step_avg:1209.79ms
step:2622/3300 train_loss:3.38052 train_time:3172.075s step_avg:1209.79ms
step:2623/3300 train_loss:3.38587 train_time:3173.270s step_avg:1209.79ms
step:2624/3300 train_loss:3.37279 train_time:3174.473s step_avg:1209.78ms
step:2625/3300 train_loss:3.34269 train_time:3175.679s step_avg:1209.78ms
step:2625/3300 val_loss:3.35401 train_time:3175.680s step_avg:1208.19ms
step:2626/3300 train_loss:3.39371 train_time:3176.926s step_avg:1209.80ms
step:2627/3300 train_loss:3.37546 train_time:3178.135s step_avg:1209.80ms
step:2628/3300 train_loss:3.41228 train_time:3179.336s step_avg:1209.79ms
step:2629/3300 train_loss:3.38706 train_time:3180.532s step_avg:1209.79ms
step:2630/3300 train_loss:3.36053 train_time:3181.734s step_avg:1209.78ms
step:2631/3300 train_loss:3.42480 train_time:3182.943s step_avg:1209.78ms
step:2632/3300 train_loss:3.33120 train_time:3184.137s step_avg:1209.78ms
step:2633/3300 train_loss:3.40053 train_time:3185.333s step_avg:1209.77ms
step:2634/3300 train_loss:3.30870 train_time:3186.537s step_avg:1209.77ms
step:2635/3300 train_loss:3.33387 train_time:3187.735s step_avg:1209.77ms
step:2636/3300 train_loss:3.36370 train_time:3188.948s step_avg:1209.77ms
step:2637/3300 train_loss:3.35546 train_time:3190.150s step_avg:1209.76ms
step:2638/3300 train_loss:3.38989 train_time:3191.367s step_avg:1209.77ms
step:2639/3300 train_loss:3.37699 train_time:3192.584s step_avg:1209.77ms
step:2640/3300 train_loss:3.41947 train_time:3193.780s step_avg:1209.77ms
step:2641/3300 train_loss:3.35981 train_time:3194.989s step_avg:1209.76ms
step:2642/3300 train_loss:3.32512 train_time:3196.193s step_avg:1209.76ms
step:2643/3300 train_loss:3.36217 train_time:3197.424s step_avg:1209.77ms
step:2644/3300 train_loss:3.36154 train_time:3198.623s step_avg:1209.77ms
step:2645/3300 train_loss:3.41128 train_time:3199.833s step_avg:1209.77ms
step:2646/3300 train_loss:3.35224 train_time:3201.053s step_avg:1209.77ms
step:2647/3300 train_loss:3.35909 train_time:3202.265s step_avg:1209.77ms
step:2648/3300 train_loss:3.38766 train_time:3203.458s step_avg:1209.77ms
step:2649/3300 train_loss:3.40531 train_time:3204.657s step_avg:1209.76ms
step:2650/3300 train_loss:3.40165 train_time:3205.861s step_avg:1209.76ms
step:2651/3300 train_loss:3.39688 train_time:3207.087s step_avg:1209.77ms
step:2652/3300 train_loss:3.37975 train_time:3208.302s step_avg:1209.77ms
step:2653/3300 train_loss:3.40645 train_time:3209.501s step_avg:1209.76ms
step:2654/3300 train_loss:3.40278 train_time:3210.699s step_avg:1209.76ms
step:2655/3300 train_loss:3.36647 train_time:3211.896s step_avg:1209.75ms
step:2656/3300 train_loss:3.37774 train_time:3213.114s step_avg:1209.76ms
step:2657/3300 train_loss:3.33258 train_time:3214.319s step_avg:1209.75ms
step:2658/3300 train_loss:3.35491 train_time:3215.518s step_avg:1209.75ms
step:2659/3300 train_loss:3.37944 train_time:3216.730s step_avg:1209.75ms
step:2660/3300 train_loss:3.35712 train_time:3217.932s step_avg:1209.75ms
step:2661/3300 train_loss:3.37777 train_time:3219.175s step_avg:1209.76ms
step:2662/3300 train_loss:3.36937 train_time:3220.381s step_avg:1209.76ms
step:2663/3300 train_loss:3.35828 train_time:3221.577s step_avg:1209.75ms
step:2664/3300 train_loss:3.33071 train_time:3222.777s step_avg:1209.75ms
step:2665/3300 train_loss:3.38675 train_time:3223.977s step_avg:1209.75ms
step:2666/3300 train_loss:3.40069 train_time:3225.194s step_avg:1209.75ms
step:2667/3300 train_loss:3.39646 train_time:3226.401s step_avg:1209.75ms
step:2668/3300 train_loss:3.35181 train_time:3227.597s step_avg:1209.74ms
step:2669/3300 train_loss:3.38210 train_time:3228.809s step_avg:1209.75ms
step:2670/3300 train_loss:3.34155 train_time:3230.007s step_avg:1209.74ms
step:2671/3300 train_loss:3.33037 train_time:3231.223s step_avg:1209.74ms
step:2672/3300 train_loss:3.30016 train_time:3232.430s step_avg:1209.74ms
step:2673/3300 train_loss:3.35131 train_time:3233.642s step_avg:1209.74ms
step:2674/3300 train_loss:3.36578 train_time:3234.837s step_avg:1209.74ms
step:2675/3300 train_loss:3.41355 train_time:3236.045s step_avg:1209.74ms
step:2676/3300 train_loss:3.33328 train_time:3237.254s step_avg:1209.74ms
step:2677/3300 train_loss:3.27992 train_time:3238.489s step_avg:1209.75ms
step:2678/3300 train_loss:3.41598 train_time:3239.704s step_avg:1209.75ms
step:2679/3300 train_loss:3.41325 train_time:3240.899s step_avg:1209.74ms
step:2680/3300 train_loss:3.31063 train_time:3242.100s step_avg:1209.74ms
step:2681/3300 train_loss:3.35304 train_time:3243.316s step_avg:1209.74ms
step:2682/3300 train_loss:3.40951 train_time:3244.522s step_avg:1209.74ms
step:2683/3300 train_loss:3.40155 train_time:3245.725s step_avg:1209.74ms
step:2684/3300 train_loss:3.44934 train_time:3246.920s step_avg:1209.73ms
step:2685/3300 train_loss:3.38340 train_time:3248.133s step_avg:1209.73ms
step:2686/3300 train_loss:3.33855 train_time:3249.353s step_avg:1209.74ms
step:2687/3300 train_loss:3.39008 train_time:3250.558s step_avg:1209.74ms
step:2688/3300 train_loss:3.34816 train_time:3251.762s step_avg:1209.73ms
step:2689/3300 train_loss:3.40046 train_time:3252.960s step_avg:1209.73ms
step:2690/3300 train_loss:3.37602 train_time:3254.163s step_avg:1209.73ms
step:2691/3300 train_loss:3.36387 train_time:3255.374s step_avg:1209.73ms
step:2692/3300 train_loss:3.41193 train_time:3256.577s step_avg:1209.72ms
step:2693/3300 train_loss:3.40423 train_time:3257.777s step_avg:1209.72ms
step:2694/3300 train_loss:3.33535 train_time:3258.982s step_avg:1209.72ms
step:2695/3300 train_loss:3.31866 train_time:3260.182s step_avg:1209.72ms
step:2696/3300 train_loss:3.46206 train_time:3261.394s step_avg:1209.72ms
step:2697/3300 train_loss:3.35031 train_time:3262.602s step_avg:1209.72ms
step:2698/3300 train_loss:3.27824 train_time:3263.801s step_avg:1209.71ms
step:2699/3300 train_loss:3.36170 train_time:3265.001s step_avg:1209.71ms
step:2700/3300 train_loss:3.37113 train_time:3266.204s step_avg:1209.71ms
step:2701/3300 train_loss:3.35525 train_time:3267.426s step_avg:1209.71ms
step:2702/3300 train_loss:3.35294 train_time:3268.621s step_avg:1209.70ms
step:2703/3300 train_loss:3.41196 train_time:3269.827s step_avg:1209.70ms
step:2704/3300 train_loss:3.35666 train_time:3271.022s step_avg:1209.70ms
step:2705/3300 train_loss:3.35517 train_time:3272.241s step_avg:1209.70ms
step:2706/3300 train_loss:3.37552 train_time:3273.455s step_avg:1209.70ms
step:2707/3300 train_loss:3.38839 train_time:3274.661s step_avg:1209.70ms
step:2708/3300 train_loss:3.34595 train_time:3275.887s step_avg:1209.71ms
step:2709/3300 train_loss:3.39438 train_time:3277.105s step_avg:1209.71ms
step:2710/3300 train_loss:3.32624 train_time:3278.309s step_avg:1209.71ms
step:2711/3300 train_loss:3.42206 train_time:3279.530s step_avg:1209.71ms
step:2712/3300 train_loss:3.36587 train_time:3280.749s step_avg:1209.72ms
step:2713/3300 train_loss:3.34874 train_time:3281.967s step_avg:1209.72ms
step:2714/3300 train_loss:3.35461 train_time:3283.173s step_avg:1209.72ms
step:2715/3300 train_loss:3.31344 train_time:3284.372s step_avg:1209.71ms
step:2716/3300 train_loss:3.34213 train_time:3285.583s step_avg:1209.71ms
step:2717/3300 train_loss:3.34473 train_time:3286.813s step_avg:1209.72ms
step:2718/3300 train_loss:3.40824 train_time:3288.033s step_avg:1209.73ms
step:2719/3300 train_loss:3.34857 train_time:3289.251s step_avg:1209.73ms
step:2720/3300 train_loss:3.36793 train_time:3290.458s step_avg:1209.73ms
step:2721/3300 train_loss:3.40207 train_time:3291.680s step_avg:1209.73ms
step:2722/3300 train_loss:3.48591 train_time:3292.884s step_avg:1209.73ms
step:2723/3300 train_loss:3.33725 train_time:3294.094s step_avg:1209.73ms
step:2724/3300 train_loss:3.36720 train_time:3295.294s step_avg:1209.73ms
step:2725/3300 train_loss:3.40230 train_time:3296.512s step_avg:1209.73ms
step:2726/3300 train_loss:3.35783 train_time:3297.737s step_avg:1209.73ms
step:2727/3300 train_loss:3.34371 train_time:3298.971s step_avg:1209.74ms
step:2728/3300 train_loss:3.37344 train_time:3300.187s step_avg:1209.75ms
step:2729/3300 train_loss:3.40132 train_time:3301.408s step_avg:1209.75ms
step:2730/3300 train_loss:3.40302 train_time:3302.621s step_avg:1209.75ms
step:2731/3300 train_loss:3.32747 train_time:3303.840s step_avg:1209.75ms
step:2732/3300 train_loss:3.31838 train_time:3305.046s step_avg:1209.75ms
step:2733/3300 train_loss:3.29037 train_time:3306.252s step_avg:1209.75ms
step:2734/3300 train_loss:3.34653 train_time:3307.460s step_avg:1209.75ms
step:2735/3300 train_loss:3.36045 train_time:3308.682s step_avg:1209.76ms
step:2736/3300 train_loss:3.35403 train_time:3309.901s step_avg:1209.76ms
step:2737/3300 train_loss:3.36317 train_time:3311.106s step_avg:1209.76ms
step:2738/3300 train_loss:3.33315 train_time:3312.314s step_avg:1209.76ms
step:2739/3300 train_loss:3.29850 train_time:3313.571s step_avg:1209.77ms
step:2740/3300 train_loss:3.36651 train_time:3314.764s step_avg:1209.77ms
step:2741/3300 train_loss:3.36260 train_time:3315.999s step_avg:1209.78ms
step:2742/3300 train_loss:3.39352 train_time:3317.199s step_avg:1209.77ms
step:2743/3300 train_loss:3.38649 train_time:3318.397s step_avg:1209.77ms
step:2744/3300 train_loss:3.41090 train_time:3319.602s step_avg:1209.77ms
step:2745/3300 train_loss:3.31508 train_time:3320.810s step_avg:1209.77ms
step:2746/3300 train_loss:3.35931 train_time:3322.033s step_avg:1209.77ms
step:2747/3300 train_loss:3.34044 train_time:3323.222s step_avg:1209.76ms
step:2748/3300 train_loss:3.37236 train_time:3324.423s step_avg:1209.76ms
step:2749/3300 train_loss:3.36254 train_time:3325.639s step_avg:1209.76ms
step:2750/3300 train_loss:3.38136 train_time:3326.851s step_avg:1209.76ms
step:2750/3300 val_loss:3.33775 train_time:3326.851s step_avg:1209.37ms
step:2751/3300 train_loss:3.33045 train_time:3328.082s step_avg:1209.77ms
step:2752/3300 train_loss:3.31086 train_time:3329.287s step_avg:1209.77ms
step:2753/3300 train_loss:3.32613 train_time:3330.492s step_avg:1209.77ms
step:2754/3300 train_loss:3.32313 train_time:3331.705s step_avg:1209.77ms
step:2755/3300 train_loss:3.29548 train_time:3332.899s step_avg:1209.76ms
step:2756/3300 train_loss:3.33199 train_time:3334.120s step_avg:1209.77ms
step:2757/3300 train_loss:3.42041 train_time:3335.327s step_avg:1209.77ms
step:2758/3300 train_loss:3.31681 train_time:3336.521s step_avg:1209.76ms
step:2759/3300 train_loss:3.34027 train_time:3337.724s step_avg:1209.76ms
step:2760/3300 train_loss:3.36650 train_time:3338.924s step_avg:1209.76ms
step:2761/3300 train_loss:3.36642 train_time:3340.145s step_avg:1209.76ms
step:2762/3300 train_loss:3.31302 train_time:3341.353s step_avg:1209.76ms
step:2763/3300 train_loss:3.36051 train_time:3342.575s step_avg:1209.76ms
step:2764/3300 train_loss:3.39645 train_time:3343.790s step_avg:1209.76ms
step:2765/3300 train_loss:3.32977 train_time:3344.999s step_avg:1209.76ms
step:2766/3300 train_loss:3.31953 train_time:3346.224s step_avg:1209.77ms
step:2767/3300 train_loss:3.34286 train_time:3347.429s step_avg:1209.77ms
step:2768/3300 train_loss:3.35458 train_time:3348.631s step_avg:1209.77ms
step:2769/3300 train_loss:3.32827 train_time:3349.853s step_avg:1209.77ms
step:2770/3300 train_loss:3.27129 train_time:3351.074s step_avg:1209.77ms
step:2771/3300 train_loss:3.46476 train_time:3352.295s step_avg:1209.78ms
step:2772/3300 train_loss:3.32778 train_time:3353.507s step_avg:1209.78ms
step:2773/3300 train_loss:3.30950 train_time:3354.708s step_avg:1209.78ms
step:2774/3300 train_loss:3.33128 train_time:3355.902s step_avg:1209.77ms
step:2775/3300 train_loss:3.36447 train_time:3357.102s step_avg:1209.77ms
step:2776/3300 train_loss:3.41978 train_time:3358.322s step_avg:1209.77ms
step:2777/3300 train_loss:3.41029 train_time:3359.528s step_avg:1209.77ms
step:2778/3300 train_loss:3.38293 train_time:3360.724s step_avg:1209.76ms
step:2779/3300 train_loss:3.34839 train_time:3361.935s step_avg:1209.76ms
step:2780/3300 train_loss:3.36439 train_time:3363.145s step_avg:1209.76ms
step:2781/3300 train_loss:3.32186 train_time:3364.364s step_avg:1209.77ms
step:2782/3300 train_loss:3.36649 train_time:3365.560s step_avg:1209.76ms
step:2783/3300 train_loss:3.36318 train_time:3366.764s step_avg:1209.76ms
step:2784/3300 train_loss:3.36530 train_time:3367.973s step_avg:1209.76ms
step:2785/3300 train_loss:3.32675 train_time:3369.193s step_avg:1209.76ms
step:2786/3300 train_loss:3.36605 train_time:3370.415s step_avg:1209.77ms
step:2787/3300 train_loss:3.37537 train_time:3371.620s step_avg:1209.77ms
step:2788/3300 train_loss:3.39054 train_time:3372.824s step_avg:1209.76ms
step:2789/3300 train_loss:3.39167 train_time:3374.032s step_avg:1209.76ms
step:2790/3300 train_loss:3.33405 train_time:3375.230s step_avg:1209.76ms
step:2791/3300 train_loss:3.31738 train_time:3376.444s step_avg:1209.76ms
step:2792/3300 train_loss:3.35778 train_time:3377.644s step_avg:1209.76ms
step:2793/3300 train_loss:3.41935 train_time:3378.855s step_avg:1209.76ms
step:2794/3300 train_loss:3.31675 train_time:3380.071s step_avg:1209.76ms
step:2795/3300 train_loss:3.41035 train_time:3381.266s step_avg:1209.76ms
step:2796/3300 train_loss:3.32106 train_time:3382.481s step_avg:1209.76ms
step:2797/3300 train_loss:3.36461 train_time:3383.709s step_avg:1209.76ms
step:2798/3300 train_loss:3.33505 train_time:3384.909s step_avg:1209.76ms
step:2799/3300 train_loss:3.36216 train_time:3386.107s step_avg:1209.76ms
step:2800/3300 train_loss:3.39390 train_time:3387.308s step_avg:1209.75ms
step:2801/3300 train_loss:3.37666 train_time:3388.538s step_avg:1209.76ms
step:2802/3300 train_loss:3.30746 train_time:3389.752s step_avg:1209.76ms
step:2803/3300 train_loss:3.39473 train_time:3390.945s step_avg:1209.76ms
step:2804/3300 train_loss:3.45856 train_time:3392.148s step_avg:1209.75ms
step:2805/3300 train_loss:3.32410 train_time:3393.343s step_avg:1209.75ms
step:2806/3300 train_loss:3.43090 train_time:3394.559s step_avg:1209.75ms
step:2807/3300 train_loss:3.38541 train_time:3395.764s step_avg:1209.75ms
step:2808/3300 train_loss:3.33759 train_time:3396.969s step_avg:1209.75ms
step:2809/3300 train_loss:3.38666 train_time:3398.167s step_avg:1209.74ms
step:2810/3300 train_loss:3.35020 train_time:3399.371s step_avg:1209.74ms
step:2811/3300 train_loss:3.38273 train_time:3400.579s step_avg:1209.74ms
step:2812/3300 train_loss:3.30452 train_time:3401.790s step_avg:1209.74ms
step:2813/3300 train_loss:3.38850 train_time:3402.998s step_avg:1209.74ms
step:2814/3300 train_loss:3.33925 train_time:3404.201s step_avg:1209.74ms
step:2815/3300 train_loss:3.25651 train_time:3405.419s step_avg:1209.74ms
step:2816/3300 train_loss:3.30767 train_time:3406.640s step_avg:1209.74ms
step:2817/3300 train_loss:3.35906 train_time:3407.847s step_avg:1209.74ms
step:2818/3300 train_loss:3.35786 train_time:3409.050s step_avg:1209.74ms
step:2819/3300 train_loss:3.36859 train_time:3410.258s step_avg:1209.74ms
step:2820/3300 train_loss:3.36347 train_time:3411.451s step_avg:1209.73ms
step:2821/3300 train_loss:3.39768 train_time:3412.660s step_avg:1209.73ms
step:2822/3300 train_loss:3.36279 train_time:3413.872s step_avg:1209.73ms
step:2823/3300 train_loss:3.33442 train_time:3415.072s step_avg:1209.73ms
step:2824/3300 train_loss:3.28564 train_time:3416.271s step_avg:1209.73ms
step:2825/3300 train_loss:3.37556 train_time:3417.469s step_avg:1209.72ms
step:2826/3300 train_loss:3.33677 train_time:3418.698s step_avg:1209.73ms
step:2827/3300 train_loss:3.34928 train_time:3419.903s step_avg:1209.73ms
step:2828/3300 train_loss:3.33512 train_time:3421.119s step_avg:1209.73ms
step:2829/3300 train_loss:3.34437 train_time:3422.325s step_avg:1209.73ms
step:2830/3300 train_loss:3.37154 train_time:3423.540s step_avg:1209.73ms
step:2831/3300 train_loss:3.36050 train_time:3424.758s step_avg:1209.73ms
step:2832/3300 train_loss:3.36525 train_time:3425.962s step_avg:1209.73ms
step:2833/3300 train_loss:3.45277 train_time:3427.167s step_avg:1209.73ms
step:2834/3300 train_loss:3.34945 train_time:3428.400s step_avg:1209.74ms
step:2835/3300 train_loss:3.39365 train_time:3429.607s step_avg:1209.74ms
step:2836/3300 train_loss:3.33056 train_time:3430.828s step_avg:1209.74ms
step:2837/3300 train_loss:3.34201 train_time:3432.036s step_avg:1209.74ms
step:2838/3300 train_loss:3.37922 train_time:3433.243s step_avg:1209.74ms
step:2839/3300 train_loss:3.36001 train_time:3434.450s step_avg:1209.74ms
step:2840/3300 train_loss:3.33151 train_time:3435.651s step_avg:1209.74ms
step:2841/3300 train_loss:3.36767 train_time:3436.864s step_avg:1209.74ms
step:2842/3300 train_loss:3.35419 train_time:3438.073s step_avg:1209.74ms
step:2843/3300 train_loss:3.35438 train_time:3439.272s step_avg:1209.73ms
step:2844/3300 train_loss:3.45056 train_time:3440.473s step_avg:1209.73ms
step:2845/3300 train_loss:3.31538 train_time:3441.673s step_avg:1209.73ms
step:2846/3300 train_loss:3.31925 train_time:3442.888s step_avg:1209.73ms
step:2847/3300 train_loss:3.33814 train_time:3444.095s step_avg:1209.73ms
step:2848/3300 train_loss:3.36619 train_time:3445.303s step_avg:1209.73ms
step:2849/3300 train_loss:3.32587 train_time:3446.508s step_avg:1209.73ms
step:2850/3300 train_loss:3.34711 train_time:3447.713s step_avg:1209.72ms
step:2851/3300 train_loss:3.30201 train_time:3448.977s step_avg:1209.74ms
step:2852/3300 train_loss:3.36019 train_time:3450.183s step_avg:1209.74ms
step:2853/3300 train_loss:3.31517 train_time:3451.401s step_avg:1209.74ms
step:2854/3300 train_loss:3.32457 train_time:3452.604s step_avg:1209.74ms
step:2855/3300 train_loss:3.37233 train_time:3453.822s step_avg:1209.75ms
step:2856/3300 train_loss:3.43930 train_time:3455.047s step_avg:1209.75ms
step:2857/3300 train_loss:3.34901 train_time:3456.252s step_avg:1209.75ms
step:2858/3300 train_loss:3.38937 train_time:3457.454s step_avg:1209.75ms
step:2859/3300 train_loss:3.33641 train_time:3458.655s step_avg:1209.74ms
step:2860/3300 train_loss:3.30226 train_time:3459.871s step_avg:1209.75ms
step:2861/3300 train_loss:3.42211 train_time:3461.100s step_avg:1209.75ms
step:2862/3300 train_loss:3.38441 train_time:3462.302s step_avg:1209.75ms
step:2863/3300 train_loss:3.39737 train_time:3463.512s step_avg:1209.75ms
step:2864/3300 train_loss:3.32800 train_time:3464.730s step_avg:1209.75ms
step:2865/3300 train_loss:3.37468 train_time:3465.940s step_avg:1209.75ms
step:2866/3300 train_loss:3.28942 train_time:3467.153s step_avg:1209.75ms
step:2867/3300 train_loss:3.32660 train_time:3468.366s step_avg:1209.75ms
step:2868/3300 train_loss:3.35872 train_time:3469.570s step_avg:1209.75ms
step:2869/3300 train_loss:3.32251 train_time:3470.789s step_avg:1209.76ms
step:2870/3300 train_loss:3.32695 train_time:3471.992s step_avg:1209.75ms
step:2871/3300 train_loss:3.32087 train_time:3473.229s step_avg:1209.76ms
step:2872/3300 train_loss:3.29878 train_time:3474.437s step_avg:1209.76ms
step:2873/3300 train_loss:3.25698 train_time:3475.635s step_avg:1209.76ms
step:2874/3300 train_loss:3.36475 train_time:3476.832s step_avg:1209.75ms
step:2875/3300 train_loss:3.40826 train_time:3478.041s step_avg:1209.75ms
step:2875/3300 val_loss:3.32142 train_time:3478.041s step_avg:1209.52ms
step:2876/3300 train_loss:3.34801 train_time:3479.264s step_avg:1209.76ms
step:2877/3300 train_loss:3.33177 train_time:3480.471s step_avg:1209.76ms
step:2878/3300 train_loss:3.37103 train_time:3481.681s step_avg:1209.76ms
step:2879/3300 train_loss:3.36201 train_time:3482.889s step_avg:1209.76ms
step:2880/3300 train_loss:3.32804 train_time:3484.101s step_avg:1209.76ms
step:2881/3300 train_loss:3.31187 train_time:3485.325s step_avg:1209.76ms
step:2882/3300 train_loss:3.37946 train_time:3486.538s step_avg:1209.76ms
step:2883/3300 train_loss:3.31988 train_time:3487.737s step_avg:1209.76ms
step:2884/3300 train_loss:3.34743 train_time:3488.936s step_avg:1209.76ms
step:2885/3300 train_loss:3.30807 train_time:3490.139s step_avg:1209.75ms
step:2886/3300 train_loss:3.35200 train_time:3491.354s step_avg:1209.76ms
step:2887/3300 train_loss:3.41358 train_time:3492.559s step_avg:1209.75ms
step:2888/3300 train_loss:3.40573 train_time:3493.762s step_avg:1209.75ms
step:2889/3300 train_loss:3.47754 train_time:3494.958s step_avg:1209.75ms
step:2890/3300 train_loss:3.30206 train_time:3496.156s step_avg:1209.74ms
step:2891/3300 train_loss:3.34164 train_time:3497.391s step_avg:1209.75ms
step:2892/3300 train_loss:3.27354 train_time:3498.595s step_avg:1209.75ms
step:2893/3300 train_loss:3.29286 train_time:3499.803s step_avg:1209.75ms
step:2894/3300 train_loss:3.32623 train_time:3501.010s step_avg:1209.75ms
step:2895/3300 train_loss:3.39663 train_time:3502.216s step_avg:1209.75ms
step:2896/3300 train_loss:3.38779 train_time:3503.446s step_avg:1209.75ms
step:2897/3300 train_loss:3.30491 train_time:3504.659s step_avg:1209.75ms
step:2898/3300 train_loss:3.55782 train_time:3505.889s step_avg:1209.76ms
step:2899/3300 train_loss:3.33954 train_time:3507.095s step_avg:1209.76ms
step:2900/3300 train_loss:3.35648 train_time:3508.298s step_avg:1209.76ms
step:2901/3300 train_loss:3.32082 train_time:3509.515s step_avg:1209.76ms
step:2902/3300 train_loss:3.41842 train_time:3510.808s step_avg:1209.79ms
step:2903/3300 train_loss:3.31537 train_time:3511.995s step_avg:1209.78ms
step:2904/3300 train_loss:3.37103 train_time:3513.193s step_avg:1209.78ms
step:2905/3300 train_loss:3.39303 train_time:3514.395s step_avg:1209.77ms
step:2906/3300 train_loss:3.34276 train_time:3515.615s step_avg:1209.78ms
step:2907/3300 train_loss:3.36139 train_time:3516.826s step_avg:1209.78ms
step:2908/3300 train_loss:3.37606 train_time:3518.020s step_avg:1209.77ms
step:2909/3300 train_loss:3.40072 train_time:3519.221s step_avg:1209.77ms
step:2910/3300 train_loss:3.34870 train_time:3520.429s step_avg:1209.77ms
step:2911/3300 train_loss:3.33162 train_time:3521.661s step_avg:1209.78ms
step:2912/3300 train_loss:3.30726 train_time:3522.874s step_avg:1209.78ms
step:2913/3300 train_loss:3.39117 train_time:3524.086s step_avg:1209.78ms
step:2914/3300 train_loss:3.35323 train_time:3525.285s step_avg:1209.78ms
step:2915/3300 train_loss:3.35258 train_time:3526.490s step_avg:1209.77ms
step:2916/3300 train_loss:3.33077 train_time:3527.723s step_avg:1209.78ms
step:2917/3300 train_loss:3.40119 train_time:3528.921s step_avg:1209.78ms
step:2918/3300 train_loss:3.23388 train_time:3530.126s step_avg:1209.78ms
step:2919/3300 train_loss:3.30020 train_time:3531.327s step_avg:1209.77ms
step:2920/3300 train_loss:3.27133 train_time:3532.519s step_avg:1209.77ms
step:2921/3300 train_loss:3.35462 train_time:3533.736s step_avg:1209.77ms
step:2922/3300 train_loss:3.48858 train_time:3534.938s step_avg:1209.77ms
step:2923/3300 train_loss:3.34594 train_time:3536.155s step_avg:1209.77ms
step:2924/3300 train_loss:3.30241 train_time:3537.393s step_avg:1209.78ms
step:2925/3300 train_loss:3.35074 train_time:3538.594s step_avg:1209.78ms
step:2926/3300 train_loss:3.36012 train_time:3539.832s step_avg:1209.79ms
step:2927/3300 train_loss:3.28653 train_time:3541.042s step_avg:1209.79ms
step:2928/3300 train_loss:3.38547 train_time:3542.251s step_avg:1209.79ms
step:2929/3300 train_loss:3.29492 train_time:3543.469s step_avg:1209.79ms
step:2930/3300 train_loss:3.40614 train_time:3544.663s step_avg:1209.78ms
step:2931/3300 train_loss:3.35746 train_time:3545.876s step_avg:1209.78ms
step:2932/3300 train_loss:3.35584 train_time:3547.085s step_avg:1209.78ms
step:2933/3300 train_loss:3.57480 train_time:3548.280s step_avg:1209.78ms
step:2934/3300 train_loss:3.33100 train_time:3549.486s step_avg:1209.78ms
step:2935/3300 train_loss:3.45364 train_time:3550.698s step_avg:1209.78ms
step:2936/3300 train_loss:3.38183 train_time:3551.925s step_avg:1209.78ms
step:2937/3300 train_loss:3.33062 train_time:3553.124s step_avg:1209.78ms
step:2938/3300 train_loss:3.36620 train_time:3554.328s step_avg:1209.78ms
step:2939/3300 train_loss:3.37508 train_time:3555.535s step_avg:1209.78ms
step:2940/3300 train_loss:3.30346 train_time:3556.735s step_avg:1209.77ms
step:2941/3300 train_loss:3.31020 train_time:3557.962s step_avg:1209.78ms
step:2942/3300 train_loss:3.27092 train_time:3559.165s step_avg:1209.78ms
step:2943/3300 train_loss:3.31102 train_time:3560.366s step_avg:1209.77ms
step:2944/3300 train_loss:3.26404 train_time:3561.564s step_avg:1209.77ms
step:2945/3300 train_loss:3.35166 train_time:3562.772s step_avg:1209.77ms
step:2946/3300 train_loss:3.33858 train_time:3563.988s step_avg:1209.77ms
step:2947/3300 train_loss:3.31348 train_time:3565.182s step_avg:1209.77ms
step:2948/3300 train_loss:3.36362 train_time:3566.396s step_avg:1209.77ms
step:2949/3300 train_loss:3.29850 train_time:3567.614s step_avg:1209.77ms
step:2950/3300 train_loss:3.31760 train_time:3568.820s step_avg:1209.77ms
step:2951/3300 train_loss:3.36802 train_time:3570.033s step_avg:1209.77ms
step:2952/3300 train_loss:3.28304 train_time:3571.237s step_avg:1209.77ms
step:2953/3300 train_loss:3.36996 train_time:3572.450s step_avg:1209.77ms
step:2954/3300 train_loss:3.35377 train_time:3573.646s step_avg:1209.76ms
step:2955/3300 train_loss:3.32658 train_time:3574.868s step_avg:1209.77ms
step:2956/3300 train_loss:3.32771 train_time:3576.086s step_avg:1209.77ms
step:2957/3300 train_loss:3.33628 train_time:3577.294s step_avg:1209.77ms
step:2958/3300 train_loss:3.35118 train_time:3578.489s step_avg:1209.77ms
step:2959/3300 train_loss:3.27002 train_time:3579.687s step_avg:1209.76ms
step:2960/3300 train_loss:3.31945 train_time:3580.891s step_avg:1209.76ms
step:2961/3300 train_loss:3.38723 train_time:3582.104s step_avg:1209.76ms
step:2962/3300 train_loss:3.29103 train_time:3583.308s step_avg:1209.76ms
step:2963/3300 train_loss:3.25710 train_time:3584.505s step_avg:1209.76ms
step:2964/3300 train_loss:3.28724 train_time:3585.718s step_avg:1209.76ms
step:2965/3300 train_loss:3.34148 train_time:3586.934s step_avg:1209.76ms
step:2966/3300 train_loss:3.28088 train_time:3588.145s step_avg:1209.76ms
step:2967/3300 train_loss:3.33588 train_time:3589.349s step_avg:1209.76ms
step:2968/3300 train_loss:3.32130 train_time:3590.570s step_avg:1209.76ms
step:2969/3300 train_loss:3.49284 train_time:3591.767s step_avg:1209.76ms
step:2970/3300 train_loss:3.32245 train_time:3592.963s step_avg:1209.75ms
step:2971/3300 train_loss:3.37509 train_time:3594.187s step_avg:1209.76ms
step:2972/3300 train_loss:3.29734 train_time:3595.393s step_avg:1209.76ms
step:2973/3300 train_loss:3.35279 train_time:3596.589s step_avg:1209.75ms
step:2974/3300 train_loss:3.25299 train_time:3597.779s step_avg:1209.74ms
step:2975/3300 train_loss:3.31655 train_time:3598.984s step_avg:1209.74ms
step:2976/3300 train_loss:3.32739 train_time:3600.202s step_avg:1209.75ms
step:2977/3300 train_loss:3.29728 train_time:3601.406s step_avg:1209.74ms
step:2978/3300 train_loss:3.39233 train_time:3602.607s step_avg:1209.74ms
step:2979/3300 train_loss:3.31860 train_time:3603.815s step_avg:1209.74ms
step:2980/3300 train_loss:3.35923 train_time:3605.010s step_avg:1209.73ms
step:2981/3300 train_loss:3.31604 train_time:3606.229s step_avg:1209.74ms
step:2982/3300 train_loss:3.37338 train_time:3607.431s step_avg:1209.74ms
step:2983/3300 train_loss:3.33135 train_time:3608.626s step_avg:1209.73ms
step:2984/3300 train_loss:3.36082 train_time:3609.828s step_avg:1209.73ms
step:2985/3300 train_loss:3.36933 train_time:3611.033s step_avg:1209.73ms
step:2986/3300 train_loss:3.35514 train_time:3612.242s step_avg:1209.73ms
step:2987/3300 train_loss:3.28223 train_time:3613.447s step_avg:1209.72ms
step:2988/3300 train_loss:3.24107 train_time:3614.643s step_avg:1209.72ms
step:2989/3300 train_loss:3.38724 train_time:3615.843s step_avg:1209.72ms
step:2990/3300 train_loss:3.34773 train_time:3617.054s step_avg:1209.72ms
step:2991/3300 train_loss:3.29549 train_time:3618.262s step_avg:1209.72ms
step:2992/3300 train_loss:3.30795 train_time:3619.464s step_avg:1209.71ms
step:2993/3300 train_loss:3.30467 train_time:3620.684s step_avg:1209.72ms
step:2994/3300 train_loss:3.29160 train_time:3621.896s step_avg:1209.72ms
step:2995/3300 train_loss:3.38020 train_time:3623.108s step_avg:1209.72ms
step:2996/3300 train_loss:3.26946 train_time:3624.326s step_avg:1209.72ms
step:2997/3300 train_loss:3.27810 train_time:3625.529s step_avg:1209.72ms
step:2998/3300 train_loss:3.34923 train_time:3626.734s step_avg:1209.72ms
step:2999/3300 train_loss:3.38367 train_time:3627.927s step_avg:1209.71ms
step:3000/3300 train_loss:3.34731 train_time:3629.125s step_avg:1209.71ms
step:3000/3300 val_loss:3.30568 train_time:3629.126s step_avg:1208.67ms
step:3001/3300 train_loss:3.31036 train_time:3630.346s step_avg:1209.71ms
step:3002/3300 train_loss:3.31853 train_time:3631.550s step_avg:1209.71ms
step:3003/3300 train_loss:3.30086 train_time:3632.770s step_avg:1209.71ms
step:3004/3300 train_loss:3.36000 train_time:3633.975s step_avg:1209.71ms
step:3005/3300 train_loss:3.32726 train_time:3635.184s step_avg:1209.71ms
step:3006/3300 train_loss:3.28829 train_time:3636.408s step_avg:1209.72ms
step:3007/3300 train_loss:3.31002 train_time:3637.621s step_avg:1209.72ms
step:3008/3300 train_loss:3.35671 train_time:3638.842s step_avg:1209.72ms
step:3009/3300 train_loss:3.29368 train_time:3640.047s step_avg:1209.72ms
step:3010/3300 train_loss:3.34267 train_time:3641.248s step_avg:1209.72ms
step:3011/3300 train_loss:3.34096 train_time:3642.465s step_avg:1209.72ms
step:3012/3300 train_loss:3.29799 train_time:3643.671s step_avg:1209.72ms
step:3013/3300 train_loss:3.37686 train_time:3644.866s step_avg:1209.71ms
step:3014/3300 train_loss:3.35487 train_time:3646.073s step_avg:1209.71ms
step:3015/3300 train_loss:3.33089 train_time:3647.273s step_avg:1209.71ms
step:3016/3300 train_loss:3.32161 train_time:3648.503s step_avg:1209.72ms
step:3017/3300 train_loss:3.32688 train_time:3649.726s step_avg:1209.72ms
step:3018/3300 train_loss:3.26526 train_time:3650.932s step_avg:1209.72ms
step:3019/3300 train_loss:3.33218 train_time:3652.130s step_avg:1209.71ms
step:3020/3300 train_loss:3.33641 train_time:3653.327s step_avg:1209.71ms
step:3021/3300 train_loss:3.28672 train_time:3654.557s step_avg:1209.72ms
step:3022/3300 train_loss:3.30664 train_time:3655.756s step_avg:1209.71ms
step:3023/3300 train_loss:3.26459 train_time:3656.950s step_avg:1209.71ms
step:3024/3300 train_loss:3.33397 train_time:3658.151s step_avg:1209.71ms
step:3025/3300 train_loss:3.32109 train_time:3659.351s step_avg:1209.70ms
step:3025/3300 val_loss:3.30198 train_time:3659.351s step_avg:1209.02ms
step:3026/3300 train_loss:3.27722 train_time:3660.573s step_avg:1209.71ms
step:3027/3300 train_loss:3.34138 train_time:3661.772s step_avg:1209.70ms
step:3028/3300 train_loss:3.24268 train_time:3662.968s step_avg:1209.70ms
step:3029/3300 train_loss:3.37643 train_time:3664.167s step_avg:1209.70ms
step:3030/3300 train_loss:3.21088 train_time:3665.370s step_avg:1209.69ms
step:3031/3300 train_loss:3.25706 train_time:3666.588s step_avg:1209.70ms
step:3032/3300 train_loss:3.35240 train_time:3667.797s step_avg:1209.70ms
step:3033/3300 train_loss:3.32141 train_time:3668.994s step_avg:1209.69ms
step:3034/3300 train_loss:3.28276 train_time:3670.193s step_avg:1209.69ms
step:3035/3300 train_loss:3.25355 train_time:3671.437s step_avg:1209.70ms
step:3036/3300 train_loss:3.30529 train_time:3672.658s step_avg:1209.70ms
step:3037/3300 train_loss:3.29292 train_time:3673.850s step_avg:1209.70ms
step:3038/3300 train_loss:3.29283 train_time:3675.058s step_avg:1209.70ms
step:3039/3300 train_loss:3.30585 train_time:3676.264s step_avg:1209.70ms
step:3040/3300 train_loss:3.33125 train_time:3677.470s step_avg:1209.69ms
step:3041/3300 train_loss:3.23676 train_time:3678.721s step_avg:1209.71ms
step:3042/3300 train_loss:3.26388 train_time:3679.930s step_avg:1209.71ms
step:3043/3300 train_loss:3.35200 train_time:3681.124s step_avg:1209.70ms
step:3044/3300 train_loss:3.41315 train_time:3682.321s step_avg:1209.70ms
step:3045/3300 train_loss:3.26322 train_time:3683.527s step_avg:1209.70ms
step:3046/3300 train_loss:3.27383 train_time:3684.753s step_avg:1209.70ms
step:3047/3300 train_loss:3.32228 train_time:3685.957s step_avg:1209.70ms
step:3048/3300 train_loss:3.26745 train_time:3687.151s step_avg:1209.70ms
step:3049/3300 train_loss:3.28599 train_time:3688.349s step_avg:1209.69ms
step:3050/3300 train_loss:3.30461 train_time:3689.550s step_avg:1209.69ms
step:3050/3300 val_loss:3.29902 train_time:3689.551s step_avg:1207.98ms
step:3051/3300 train_loss:3.26188 train_time:3690.771s step_avg:1209.69ms
step:3052/3300 train_loss:3.33072 train_time:3691.974s step_avg:1209.69ms
step:3053/3300 train_loss:3.30712 train_time:3693.172s step_avg:1209.69ms
step:3054/3300 train_loss:3.34389 train_time:3694.372s step_avg:1209.68ms
step:3055/3300 train_loss:3.35974 train_time:3695.575s step_avg:1209.68ms
step:3056/3300 train_loss:3.23791 train_time:3696.794s step_avg:1209.68ms
step:3057/3300 train_loss:3.29788 train_time:3698.006s step_avg:1209.68ms
step:3058/3300 train_loss:3.34355 train_time:3699.213s step_avg:1209.68ms
step:3059/3300 train_loss:3.37022 train_time:3700.417s step_avg:1209.68ms
step:3060/3300 train_loss:3.28001 train_time:3701.616s step_avg:1209.68ms
step:3061/3300 train_loss:3.32235 train_time:3702.855s step_avg:1209.69ms
step:3062/3300 train_loss:3.31417 train_time:3704.068s step_avg:1209.69ms
step:3063/3300 train_loss:3.34995 train_time:3705.286s step_avg:1209.69ms
step:3064/3300 train_loss:3.28243 train_time:3706.488s step_avg:1209.69ms
step:3065/3300 train_loss:3.32622 train_time:3707.721s step_avg:1209.70ms
step:3066/3300 train_loss:3.25759 train_time:3708.928s step_avg:1209.70ms
step:3067/3300 train_loss:3.25034 train_time:3710.129s step_avg:1209.69ms
step:3068/3300 train_loss:3.29913 train_time:3711.332s step_avg:1209.69ms
step:3069/3300 train_loss:3.33712 train_time:3712.540s step_avg:1209.69ms
step:3070/3300 train_loss:3.32639 train_time:3713.742s step_avg:1209.69ms
step:3071/3300 train_loss:3.35586 train_time:3714.953s step_avg:1209.69ms
step:3072/3300 train_loss:3.34872 train_time:3716.163s step_avg:1209.69ms
step:3073/3300 train_loss:3.26764 train_time:3717.370s step_avg:1209.69ms
step:3074/3300 train_loss:3.35540 train_time:3718.583s step_avg:1209.69ms
step:3075/3300 train_loss:3.27933 train_time:3719.776s step_avg:1209.68ms
step:3075/3300 val_loss:3.29613 train_time:3719.776s step_avg:1209.03ms
step:3076/3300 train_loss:3.34474 train_time:3720.998s step_avg:1209.69ms
step:3077/3300 train_loss:3.31423 train_time:3722.197s step_avg:1209.68ms
step:3078/3300 train_loss:3.38786 train_time:3723.396s step_avg:1209.68ms
step:3079/3300 train_loss:3.27006 train_time:3724.622s step_avg:1209.69ms
step:3080/3300 train_loss:3.33196 train_time:3725.820s step_avg:1209.68ms
step:3081/3300 train_loss:3.28408 train_time:3727.034s step_avg:1209.68ms
step:3082/3300 train_loss:3.27831 train_time:3728.250s step_avg:1209.69ms
step:3083/3300 train_loss:3.31941 train_time:3729.456s step_avg:1209.68ms
step:3084/3300 train_loss:3.29376 train_time:3730.670s step_avg:1209.69ms
step:3085/3300 train_loss:3.38647 train_time:3731.875s step_avg:1209.68ms
step:3086/3300 train_loss:3.31003 train_time:3733.096s step_avg:1209.69ms
step:3087/3300 train_loss:3.31066 train_time:3734.298s step_avg:1209.69ms
step:3088/3300 train_loss:3.30454 train_time:3735.505s step_avg:1209.68ms
step:3089/3300 train_loss:3.30368 train_time:3736.722s step_avg:1209.69ms
step:3090/3300 train_loss:3.34416 train_time:3737.923s step_avg:1209.68ms
step:3091/3300 train_loss:3.41890 train_time:3739.137s step_avg:1209.69ms
step:3092/3300 train_loss:3.34205 train_time:3740.340s step_avg:1209.68ms
step:3093/3300 train_loss:3.26323 train_time:3741.573s step_avg:1209.69ms
step:3094/3300 train_loss:3.33866 train_time:3742.780s step_avg:1209.69ms
step:3095/3300 train_loss:3.31868 train_time:3743.976s step_avg:1209.69ms
step:3096/3300 train_loss:3.31621 train_time:3745.205s step_avg:1209.69ms
step:3097/3300 train_loss:3.30060 train_time:3746.409s step_avg:1209.69ms
step:3098/3300 train_loss:3.25631 train_time:3747.617s step_avg:1209.69ms
step:3099/3300 train_loss:3.32427 train_time:3748.836s step_avg:1209.69ms
step:3100/3300 train_loss:3.24470 train_time:3750.054s step_avg:1209.69ms
step:3100/3300 val_loss:3.29343 train_time:3750.055s step_avg:1211.12ms
step:3101/3300 train_loss:3.29292 train_time:3751.274s step_avg:1209.70ms
step:3102/3300 train_loss:3.21925 train_time:3752.482s step_avg:1209.70ms
step:3103/3300 train_loss:3.34729 train_time:3753.683s step_avg:1209.69ms
step:3104/3300 train_loss:3.26319 train_time:3754.908s step_avg:1209.70ms
step:3105/3300 train_loss:3.29834 train_time:3756.115s step_avg:1209.70ms
step:3106/3300 train_loss:3.20224 train_time:3757.369s step_avg:1209.71ms
step:3107/3300 train_loss:3.18632 train_time:3758.575s step_avg:1209.71ms
step:3108/3300 train_loss:3.30108 train_time:3759.778s step_avg:1209.71ms
step:3109/3300 train_loss:3.29531 train_time:3760.980s step_avg:1209.71ms
step:3110/3300 train_loss:3.30790 train_time:3762.189s step_avg:1209.71ms
step:3111/3300 train_loss:3.24266 train_time:3763.423s step_avg:1209.71ms
step:3112/3300 train_loss:3.34087 train_time:3764.628s step_avg:1209.71ms
step:3113/3300 train_loss:3.24860 train_time:3765.829s step_avg:1209.71ms
step:3114/3300 train_loss:3.31744 train_time:3767.050s step_avg:1209.71ms
step:3115/3300 train_loss:3.32489 train_time:3768.250s step_avg:1209.71ms
step:3116/3300 train_loss:3.43377 train_time:3769.475s step_avg:1209.72ms
step:3117/3300 train_loss:3.28857 train_time:3770.676s step_avg:1209.71ms
step:3118/3300 train_loss:3.31089 train_time:3771.886s step_avg:1209.71ms
step:3119/3300 train_loss:3.29882 train_time:3773.089s step_avg:1209.71ms
step:3120/3300 train_loss:3.25074 train_time:3774.294s step_avg:1209.71ms
step:3121/3300 train_loss:3.34768 train_time:3775.510s step_avg:1209.71ms
step:3122/3300 train_loss:3.32011 train_time:3776.713s step_avg:1209.71ms
step:3123/3300 train_loss:3.31198 train_time:3777.918s step_avg:1209.71ms
step:3124/3300 train_loss:3.19314 train_time:3779.114s step_avg:1209.70ms
step:3125/3300 train_loss:3.30936 train_time:3780.313s step_avg:1209.70ms
step:3125/3300 val_loss:3.29090 train_time:3780.313s step_avg:1210.35ms
step:3126/3300 train_loss:3.25607 train_time:3781.606s step_avg:1209.73ms
step:3127/3300 train_loss:3.40591 train_time:3782.809s step_avg:1209.72ms
step:3128/3300 train_loss:3.30282 train_time:3784.016s step_avg:1209.72ms
step:3129/3300 train_loss:3.28032 train_time:3785.218s step_avg:1209.72ms
step:3130/3300 train_loss:3.30169 train_time:3786.417s step_avg:1209.72ms
step:3131/3300 train_loss:3.30724 train_time:3787.631s step_avg:1209.72ms
step:3132/3300 train_loss:3.23859 train_time:3788.837s step_avg:1209.72ms
step:3133/3300 train_loss:3.32134 train_time:3790.035s step_avg:1209.71ms
step:3134/3300 train_loss:3.27754 train_time:3791.243s step_avg:1209.71ms
step:3135/3300 train_loss:3.25627 train_time:3792.448s step_avg:1209.71ms
step:3136/3300 train_loss:3.28133 train_time:3793.666s step_avg:1209.72ms
step:3137/3300 train_loss:3.38183 train_time:3794.877s step_avg:1209.72ms
step:3138/3300 train_loss:3.29287 train_time:3796.098s step_avg:1209.72ms
step:3139/3300 train_loss:3.34124 train_time:3797.296s step_avg:1209.72ms
step:3140/3300 train_loss:3.33682 train_time:3798.494s step_avg:1209.71ms
step:3141/3300 train_loss:3.28958 train_time:3799.735s step_avg:1209.72ms
step:3142/3300 train_loss:3.30387 train_time:3800.938s step_avg:1209.72ms
step:3143/3300 train_loss:3.24461 train_time:3802.133s step_avg:1209.71ms
step:3144/3300 train_loss:3.34465 train_time:3803.341s step_avg:1209.71ms
step:3145/3300 train_loss:3.26878 train_time:3804.547s step_avg:1209.71ms
step:3146/3300 train_loss:3.33074 train_time:3805.765s step_avg:1209.72ms
step:3147/3300 train_loss:3.33129 train_time:3806.960s step_avg:1209.71ms
step:3148/3300 train_loss:3.30970 train_time:3808.151s step_avg:1209.70ms
step:3149/3300 train_loss:3.24355 train_time:3809.349s step_avg:1209.70ms
step:3150/3300 train_loss:3.29541 train_time:3810.542s step_avg:1209.70ms
step:3150/3300 val_loss:3.28817 train_time:3810.543s step_avg:1209.17ms
step:3151/3300 train_loss:3.28408 train_time:3811.762s step_avg:1209.70ms
step:3152/3300 train_loss:3.31496 train_time:3812.961s step_avg:1209.70ms
step:3153/3300 train_loss:3.31282 train_time:3814.159s step_avg:1209.69ms
step:3154/3300 train_loss:3.28092 train_time:3815.358s step_avg:1209.69ms
step:3155/3300 train_loss:3.30290 train_time:3816.561s step_avg:1209.69ms
step:3156/3300 train_loss:3.33068 train_time:3817.775s step_avg:1209.69ms
step:3157/3300 train_loss:3.28875 train_time:3818.975s step_avg:1209.68ms
step:3158/3300 train_loss:3.36558 train_time:3820.179s step_avg:1209.68ms
step:3159/3300 train_loss:3.29354 train_time:3821.378s step_avg:1209.68ms
step:3160/3300 train_loss:3.26228 train_time:3822.581s step_avg:1209.68ms
step:3161/3300 train_loss:3.27156 train_time:3823.795s step_avg:1209.68ms
step:3162/3300 train_loss:3.26610 train_time:3825.005s step_avg:1209.68ms
step:3163/3300 train_loss:3.22505 train_time:3826.200s step_avg:1209.67ms
step:3164/3300 train_loss:3.31639 train_time:3827.399s step_avg:1209.67ms
step:3165/3300 train_loss:3.29440 train_time:3828.600s step_avg:1209.67ms
step:3166/3300 train_loss:3.30292 train_time:3829.817s step_avg:1209.67ms
step:3167/3300 train_loss:3.27924 train_time:3831.017s step_avg:1209.67ms
step:3168/3300 train_loss:3.24804 train_time:3832.222s step_avg:1209.67ms
step:3169/3300 train_loss:3.33664 train_time:3833.433s step_avg:1209.67ms
step:3170/3300 train_loss:3.25191 train_time:3834.634s step_avg:1209.66ms
step:3171/3300 train_loss:3.34200 train_time:3835.841s step_avg:1209.66ms
step:3172/3300 train_loss:3.34070 train_time:3837.055s step_avg:1209.66ms
step:3173/3300 train_loss:3.29059 train_time:3838.260s step_avg:1209.66ms
step:3174/3300 train_loss:3.28546 train_time:3839.464s step_avg:1209.66ms
step:3175/3300 train_loss:3.33815 train_time:3840.665s step_avg:1209.66ms
step:3175/3300 val_loss:3.28583 train_time:3840.665s step_avg:1204.91ms
step:3176/3300 train_loss:3.29922 train_time:3841.885s step_avg:1209.66ms
step:3177/3300 train_loss:3.32423 train_time:3843.090s step_avg:1209.66ms
step:3178/3300 train_loss:3.37660 train_time:3844.288s step_avg:1209.66ms
step:3179/3300 train_loss:3.29017 train_time:3845.494s step_avg:1209.66ms
step:3180/3300 train_loss:3.26438 train_time:3846.700s step_avg:1209.65ms
step:3181/3300 train_loss:3.25990 train_time:3847.927s step_avg:1209.66ms
step:3182/3300 train_loss:3.24293 train_time:3849.153s step_avg:1209.66ms
step:3183/3300 train_loss:3.30129 train_time:3850.361s step_avg:1209.66ms
step:3184/3300 train_loss:3.28347 train_time:3851.567s step_avg:1209.66ms
step:3185/3300 train_loss:3.24981 train_time:3852.767s step_avg:1209.66ms
step:3186/3300 train_loss:3.31791 train_time:3853.996s step_avg:1209.67ms
step:3187/3300 train_loss:3.26871 train_time:3855.205s step_avg:1209.67ms
step:3188/3300 train_loss:3.30266 train_time:3856.411s step_avg:1209.66ms
step:3189/3300 train_loss:3.28622 train_time:3857.616s step_avg:1209.66ms
step:3190/3300 train_loss:3.29774 train_time:3858.831s step_avg:1209.67ms
step:3191/3300 train_loss:3.25053 train_time:3860.042s step_avg:1209.67ms
step:3192/3300 train_loss:3.33339 train_time:3861.246s step_avg:1209.66ms
step:3193/3300 train_loss:3.38002 train_time:3862.447s step_avg:1209.66ms
step:3194/3300 train_loss:3.35241 train_time:3863.648s step_avg:1209.66ms
step:3195/3300 train_loss:3.19756 train_time:3864.855s step_avg:1209.66ms
step:3196/3300 train_loss:3.47292 train_time:3866.079s step_avg:1209.66ms
step:3197/3300 train_loss:3.22165 train_time:3867.283s step_avg:1209.66ms
step:3198/3300 train_loss:3.30201 train_time:3868.485s step_avg:1209.66ms
step:3199/3300 train_loss:3.28953 train_time:3869.686s step_avg:1209.66ms
step:3200/3300 train_loss:3.26679 train_time:3870.884s step_avg:1209.65ms
step:3200/3300 val_loss:3.28361 train_time:3870.884s step_avg:1208.76ms
step:3201/3300 train_loss:3.30572 train_time:3872.094s step_avg:1209.65ms
step:3202/3300 train_loss:3.30173 train_time:3873.290s step_avg:1209.65ms
step:3203/3300 train_loss:3.25192 train_time:3874.489s step_avg:1209.64ms
step:3204/3300 train_loss:3.35727 train_time:3875.691s step_avg:1209.64ms
step:3205/3300 train_loss:3.36712 train_time:3876.905s step_avg:1209.64ms
step:3206/3300 train_loss:3.22668 train_time:3878.124s step_avg:1209.65ms
step:3207/3300 train_loss:3.32326 train_time:3879.339s step_avg:1209.65ms
step:3208/3300 train_loss:3.34155 train_time:3880.535s step_avg:1209.64ms
step:3209/3300 train_loss:3.26691 train_time:3881.737s step_avg:1209.64ms
step:3210/3300 train_loss:3.33785 train_time:3882.933s step_avg:1209.64ms
step:3211/3300 train_loss:3.24890 train_time:3884.150s step_avg:1209.64ms
step:3212/3300 train_loss:3.30107 train_time:3885.354s step_avg:1209.64ms
step:3213/3300 train_loss:3.31948 train_time:3886.568s step_avg:1209.64ms
step:3214/3300 train_loss:3.31400 train_time:3887.775s step_avg:1209.64ms
step:3215/3300 train_loss:3.25119 train_time:3888.976s step_avg:1209.63ms
step:3216/3300 train_loss:3.28514 train_time:3890.195s step_avg:1209.64ms
step:3217/3300 train_loss:3.30781 train_time:3891.396s step_avg:1209.64ms
step:3218/3300 train_loss:3.30266 train_time:3892.601s step_avg:1209.63ms
step:3219/3300 train_loss:3.33074 train_time:3893.826s step_avg:1209.64ms
step:3220/3300 train_loss:3.35017 train_time:3895.029s step_avg:1209.64ms
step:3221/3300 train_loss:3.29467 train_time:3896.277s step_avg:1209.65ms
step:3222/3300 train_loss:3.29888 train_time:3897.473s step_avg:1209.64ms
step:3223/3300 train_loss:3.27152 train_time:3898.675s step_avg:1209.64ms
step:3224/3300 train_loss:3.26141 train_time:3899.915s step_avg:1209.65ms
step:3225/3300 train_loss:3.25954 train_time:3901.146s step_avg:1209.66ms
step:3225/3300 val_loss:3.28165 train_time:3901.146s step_avg:1210.49ms
step:3226/3300 train_loss:3.28016 train_time:3902.355s step_avg:1209.66ms
step:3227/3300 train_loss:3.28704 train_time:3903.555s step_avg:1209.65ms
step:3228/3300 train_loss:3.28822 train_time:3904.764s step_avg:1209.65ms
step:3229/3300 train_loss:3.20846 train_time:3905.965s step_avg:1209.65ms
step:3230/3300 train_loss:3.30329 train_time:3907.201s step_avg:1209.66ms
step:3231/3300 train_loss:3.34998 train_time:3908.453s step_avg:1209.67ms
step:3232/3300 train_loss:3.26672 train_time:3909.651s step_avg:1209.67ms
step:3233/3300 train_loss:3.36940 train_time:3910.857s step_avg:1209.67ms
step:3234/3300 train_loss:3.21659 train_time:3912.059s step_avg:1209.67ms
step:3235/3300 train_loss:3.30946 train_time:3913.259s step_avg:1209.66ms
step:3236/3300 train_loss:3.33648 train_time:3914.487s step_avg:1209.67ms
step:3237/3300 train_loss:3.30719 train_time:3915.690s step_avg:1209.67ms
step:3238/3300 train_loss:3.28151 train_time:3916.891s step_avg:1209.66ms
step:3239/3300 train_loss:3.23402 train_time:3918.088s step_avg:1209.66ms
step:3240/3300 train_loss:3.30396 train_time:3919.296s step_avg:1209.66ms
step:3241/3300 train_loss:3.37172 train_time:3920.539s step_avg:1209.67ms
step:3242/3300 train_loss:3.33315 train_time:3921.737s step_avg:1209.67ms
step:3243/3300 train_loss:3.33949 train_time:3922.938s step_avg:1209.66ms
step:3244/3300 train_loss:3.34311 train_time:3924.157s step_avg:1209.67ms
step:3245/3300 train_loss:3.30470 train_time:3925.381s step_avg:1209.67ms
step:3246/3300 train_loss:3.31614 train_time:3926.605s step_avg:1209.67ms
step:3247/3300 train_loss:3.21532 train_time:3927.813s step_avg:1209.67ms
step:3248/3300 train_loss:3.21928 train_time:3929.037s step_avg:1209.68ms
step:3249/3300 train_loss:3.29952 train_time:3930.237s step_avg:1209.68ms
step:3250/3300 train_loss:3.30312 train_time:3931.432s step_avg:1209.67ms
step:3250/3300 val_loss:3.28001 train_time:3931.432s step_avg:1211.41ms
step:3251/3300 train_loss:3.28440 train_time:3932.647s step_avg:1209.67ms
step:3252/3300 train_loss:3.26732 train_time:3933.841s step_avg:1209.67ms
step:3253/3300 train_loss:3.32962 train_time:3935.038s step_avg:1209.66ms
step:3254/3300 train_loss:3.32782 train_time:3936.253s step_avg:1209.67ms
step:3255/3300 train_loss:3.30471 train_time:3937.460s step_avg:1209.66ms
step:3256/3300 train_loss:3.28880 train_time:3938.670s step_avg:1209.67ms
step:3257/3300 train_loss:3.30846 train_time:3939.869s step_avg:1209.66ms
step:3258/3300 train_loss:3.29011 train_time:3941.075s step_avg:1209.66ms
step:3259/3300 train_loss:3.33278 train_time:3942.294s step_avg:1209.66ms
step:3260/3300 train_loss:3.27807 train_time:3943.499s step_avg:1209.66ms
step:3261/3300 train_loss:3.28988 train_time:3944.715s step_avg:1209.66ms
step:3262/3300 train_loss:3.26002 train_time:3945.924s step_avg:1209.66ms
step:3263/3300 train_loss:3.41441 train_time:3947.133s step_avg:1209.66ms
step:3264/3300 train_loss:3.28244 train_time:3948.331s step_avg:1209.66ms
step:3265/3300 train_loss:3.34467 train_time:3949.537s step_avg:1209.66ms
step:3266/3300 train_loss:3.27380 train_time:3950.781s step_avg:1209.67ms
step:3267/3300 train_loss:3.35232 train_time:3952.000s step_avg:1209.67ms
step:3268/3300 train_loss:3.22978 train_time:3953.220s step_avg:1209.68ms
step:3269/3300 train_loss:3.34657 train_time:3954.436s step_avg:1209.68ms
step:3270/3300 train_loss:3.24064 train_time:3955.648s step_avg:1209.68ms
step:3271/3300 train_loss:3.29141 train_time:3956.878s step_avg:1209.68ms
step:3272/3300 train_loss:3.26639 train_time:3958.084s step_avg:1209.68ms
step:3273/3300 train_loss:3.29035 train_time:3959.291s step_avg:1209.68ms
step:3274/3300 train_loss:3.27218 train_time:3960.491s step_avg:1209.68ms
step:3275/3300 train_loss:3.27128 train_time:3961.712s step_avg:1209.68ms
step:3275/3300 val_loss:3.27881 train_time:3961.712s step_avg:1211.20ms
step:3276/3300 train_loss:3.25836 train_time:3962.928s step_avg:1209.68ms
step:3277/3300 train_loss:3.32122 train_time:3964.117s step_avg:1209.68ms
step:3278/3300 train_loss:3.23907 train_time:3965.319s step_avg:1209.68ms
step:3279/3300 train_loss:3.32168 train_time:3966.524s step_avg:1209.67ms
step:3280/3300 train_loss:3.20889 train_time:3967.726s step_avg:1209.67ms
step:3281/3300 train_loss:3.31128 train_time:3968.940s step_avg:1209.67ms
step:3282/3300 train_loss:3.28639 train_time:3970.143s step_avg:1209.67ms
step:3283/3300 train_loss:3.33589 train_time:3971.340s step_avg:1209.67ms
step:3284/3300 train_loss:3.24368 train_time:3972.543s step_avg:1209.67ms
step:3285/3300 train_loss:3.31796 train_time:3973.743s step_avg:1209.66ms
step:3286/3300 train_loss:3.25054 train_time:3974.957s step_avg:1209.66ms
step:3287/3300 train_loss:3.27632 train_time:3976.161s step_avg:1209.66ms
step:3288/3300 train_loss:3.36939 train_time:3977.373s step_avg:1209.66ms
step:3289/3300 train_loss:3.33137 train_time:3978.584s step_avg:1209.66ms
step:3290/3300 train_loss:3.20334 train_time:3979.786s step_avg:1209.66ms
step:3291/3300 train_loss:3.31619 train_time:3980.995s step_avg:1209.66ms
step:3292/3300 train_loss:3.29513 train_time:3982.192s step_avg:1209.66ms
step:3293/3300 train_loss:3.26991 train_time:3983.443s step_avg:1209.67ms
step:3294/3300 train_loss:3.33851 train_time:3984.647s step_avg:1209.67ms
step:3295/3300 train_loss:3.25926 train_time:3985.861s step_avg:1209.67ms
step:3296/3300 train_loss:3.29171 train_time:3987.092s step_avg:1209.68ms
step:3297/3300 train_loss:3.29278 train_time:3988.289s step_avg:1209.67ms
step:3298/3300 train_loss:3.26804 train_time:3989.488s step_avg:1209.67ms
step:3299/3300 train_loss:3.28175 train_time:3990.689s step_avg:1209.67ms
step:3300/3300 train_loss:3.28310 train_time:3991.888s step_avg:1209.66ms
step:3300/3300 val_loss:3.27827 train_time:3991.888s step_avg:1207.06ms
logfile: ../../../../records/track_3_optimization/results/muonl_draft/runs/seed42_h100_mainpdf_loss_only_20260727T111653Z/alllayer_muonl/raw/seed42_alllayer_muonl_lr0p035_mainpdf_h100_loss_only.txt
scheme:alllayer_muonl opt_mode:alllayer rho:1.0 ns_steps:12 momentum:0.95 nesterov:True scale_ema_beta:0.9 interval:5
matrix_lr:0.035 matrix_weight_decay:0.025 weight_decay_mode:decoupled zero_init_trust_floor_scale:1.0
schedule_cooldown_frac:0.7 previous_muonl_experiment_cooldown_frac:0.7
seed:42 train_steps:3300 schedule_steps:3300 diag_freq:250
batch_tokens:524288 train_microbatches:8 train_microbatch_sequences:64 val_tokens:10485760
save_log:True save_diag:False save_orscale_state:False orscale_state_freq:250
step:S val_loss is after S optimizer updates
step:0/3300 val_loss:10.82583 train_time:0.000s step_avg:nanms
step:1/3300 train_loss:10.82584 train_time:3.921s step_avg:3920.78ms
step:2/3300 train_loss:10.43467 train_time:5.103s step_avg:2551.58ms
step:3/3300 train_loss:9.11073 train_time:6.309s step_avg:2102.92ms
step:4/3300 train_loss:7.93593 train_time:7.514s step_avg:1878.48ms
step:5/3300 train_loss:7.30646 train_time:8.726s step_avg:1745.14ms
step:6/3300 train_loss:6.94423 train_time:9.942s step_avg:1656.95ms
step:7/3300 train_loss:6.89416 train_time:11.154s step_avg:1593.36ms
step:8/3300 train_loss:6.74684 train_time:12.371s step_avg:1546.38ms
step:9/3300 train_loss:6.79584 train_time:13.581s step_avg:1509.03ms
step:10/3300 train_loss:6.55562 train_time:14.799s step_avg:1479.95ms
step:11/3300 train_loss:6.54269 train_time:16.031s step_avg:1457.35ms
step:12/3300 train_loss:6.48115 train_time:17.239s step_avg:1436.62ms
step:13/3300 train_loss:6.43399 train_time:18.465s step_avg:1420.41ms
step:14/3300 train_loss:6.33447 train_time:19.674s step_avg:1405.31ms
step:15/3300 train_loss:6.34823 train_time:20.894s step_avg:1392.96ms
step:16/3300 train_loss:6.25359 train_time:22.123s step_avg:1382.70ms
step:17/3300 train_loss:6.26393 train_time:23.338s step_avg:1372.84ms
step:18/3300 train_loss:6.28851 train_time:24.555s step_avg:1364.15ms
step:19/3300 train_loss:6.27643 train_time:25.767s step_avg:1356.14ms
step:20/3300 train_loss:6.11521 train_time:26.976s step_avg:1348.81ms
step:21/3300 train_loss:6.15262 train_time:28.215s step_avg:1343.56ms
step:22/3300 train_loss:6.22728 train_time:29.438s step_avg:1338.09ms
step:23/3300 train_loss:6.05875 train_time:30.668s step_avg:1333.40ms
step:24/3300 train_loss:6.09980 train_time:31.879s step_avg:1328.28ms
step:25/3300 train_loss:6.02283 train_time:33.097s step_avg:1323.87ms
step:26/3300 train_loss:6.02884 train_time:34.319s step_avg:1319.97ms
step:27/3300 train_loss:5.99340 train_time:35.560s step_avg:1317.03ms
step:28/3300 train_loss:5.89391 train_time:36.778s step_avg:1313.51ms
step:29/3300 train_loss:5.96312 train_time:38.008s step_avg:1310.64ms
step:30/3300 train_loss:5.87397 train_time:39.220s step_avg:1307.32ms
step:31/3300 train_loss:5.93094 train_time:40.444s step_avg:1304.63ms
step:32/3300 train_loss:5.80256 train_time:41.658s step_avg:1301.82ms
step:33/3300 train_loss:5.82219 train_time:42.872s step_avg:1299.14ms
step:34/3300 train_loss:5.79842 train_time:44.083s step_avg:1296.55ms
step:35/3300 train_loss:5.85061 train_time:45.294s step_avg:1294.11ms
step:36/3300 train_loss:5.77787 train_time:46.522s step_avg:1292.28ms
step:37/3300 train_loss:5.78837 train_time:47.735s step_avg:1290.13ms
step:38/3300 train_loss:5.71498 train_time:48.939s step_avg:1287.87ms
step:39/3300 train_loss:5.73416 train_time:50.186s step_avg:1286.83ms
step:40/3300 train_loss:5.65468 train_time:51.396s step_avg:1284.90ms
step:41/3300 train_loss:5.69551 train_time:52.617s step_avg:1283.34ms
step:42/3300 train_loss:5.60781 train_time:53.827s step_avg:1281.59ms
step:43/3300 train_loss:5.67622 train_time:55.036s step_avg:1279.91ms
step:44/3300 train_loss:5.57920 train_time:56.261s step_avg:1278.66ms
step:45/3300 train_loss:5.55431 train_time:57.483s step_avg:1277.40ms
step:46/3300 train_loss:5.56325 train_time:58.712s step_avg:1276.35ms
step:47/3300 train_loss:5.53625 train_time:59.919s step_avg:1274.87ms
step:48/3300 train_loss:5.54939 train_time:61.144s step_avg:1273.83ms
step:49/3300 train_loss:5.48848 train_time:62.356s step_avg:1272.57ms
step:50/3300 train_loss:5.49271 train_time:63.558s step_avg:1271.15ms
step:51/3300 train_loss:5.44261 train_time:64.782s step_avg:1270.23ms
step:52/3300 train_loss:5.47802 train_time:65.998s step_avg:1269.19ms
step:53/3300 train_loss:5.42704 train_time:67.222s step_avg:1268.34ms
step:54/3300 train_loss:5.41687 train_time:68.453s step_avg:1267.64ms
step:55/3300 train_loss:5.40112 train_time:69.665s step_avg:1266.63ms
step:56/3300 train_loss:5.35235 train_time:70.899s step_avg:1266.05ms
step:57/3300 train_loss:5.33253 train_time:72.123s step_avg:1265.31ms
step:58/3300 train_loss:5.34949 train_time:73.337s step_avg:1264.43ms
step:59/3300 train_loss:5.29228 train_time:74.536s step_avg:1263.32ms
step:60/3300 train_loss:5.29585 train_time:75.747s step_avg:1262.44ms
step:61/3300 train_loss:5.28117 train_time:76.968s step_avg:1261.76ms
step:62/3300 train_loss:5.28141 train_time:78.182s step_avg:1261.00ms
step:63/3300 train_loss:5.23266 train_time:79.405s step_avg:1260.40ms
step:64/3300 train_loss:5.22329 train_time:80.619s step_avg:1259.67ms
step:65/3300 train_loss:5.20079 train_time:81.848s step_avg:1259.19ms
step:66/3300 train_loss:5.22877 train_time:83.065s step_avg:1258.56ms
step:67/3300 train_loss:5.18937 train_time:84.279s step_avg:1257.90ms
step:68/3300 train_loss:5.31189 train_time:85.506s step_avg:1257.45ms
step:69/3300 train_loss:5.19123 train_time:86.720s step_avg:1256.81ms
step:70/3300 train_loss:5.17142 train_time:87.935s step_avg:1256.21ms
step:71/3300 train_loss:5.14710 train_time:89.145s step_avg:1255.57ms
step:72/3300 train_loss:5.16341 train_time:90.370s step_avg:1255.15ms
step:73/3300 train_loss:5.12544 train_time:91.579s step_avg:1254.50ms
step:74/3300 train_loss:5.14787 train_time:92.794s step_avg:1253.98ms
step:75/3300 train_loss:5.11692 train_time:94.001s step_avg:1253.35ms
step:76/3300 train_loss:5.07968 train_time:95.220s step_avg:1252.89ms
step:77/3300 train_loss:5.14899 train_time:96.434s step_avg:1252.39ms
step:78/3300 train_loss:5.13235 train_time:97.644s step_avg:1251.85ms
step:79/3300 train_loss:4.93423 train_time:98.858s step_avg:1251.37ms
step:80/3300 train_loss:5.03174 train_time:100.088s step_avg:1251.10ms
step:81/3300 train_loss:4.98436 train_time:101.306s step_avg:1250.70ms
step:82/3300 train_loss:5.18423 train_time:102.518s step_avg:1250.22ms
step:83/3300 train_loss:5.05219 train_time:103.727s step_avg:1249.72ms
step:84/3300 train_loss:5.02070 train_time:104.933s step_avg:1249.20ms
step:85/3300 train_loss:4.98642 train_time:106.141s step_avg:1248.72ms
step:86/3300 train_loss:5.02809 train_time:107.375s step_avg:1248.54ms
step:87/3300 train_loss:5.02977 train_time:108.580s step_avg:1248.04ms
step:88/3300 train_loss:5.01200 train_time:109.786s step_avg:1247.57ms
step:89/3300 train_loss:4.99369 train_time:111.002s step_avg:1247.22ms
step:90/3300 train_loss:4.93005 train_time:112.210s step_avg:1246.78ms
step:91/3300 train_loss:4.96215 train_time:113.429s step_avg:1246.48ms
step:92/3300 train_loss:4.94031 train_time:114.641s step_avg:1246.10ms
step:93/3300 train_loss:4.92088 train_time:115.856s step_avg:1245.76ms
step:94/3300 train_loss:4.95077 train_time:117.084s step_avg:1245.58ms
step:95/3300 train_loss:4.91566 train_time:118.316s step_avg:1245.43ms
step:96/3300 train_loss:4.84705 train_time:119.532s step_avg:1245.13ms
step:97/3300 train_loss:4.94357 train_time:120.744s step_avg:1244.79ms
step:98/3300 train_loss:4.89749 train_time:121.958s step_avg:1244.46ms
step:99/3300 train_loss:4.88087 train_time:123.161s step_avg:1244.05ms
step:100/3300 train_loss:4.83258 train_time:124.376s step_avg:1243.76ms
step:101/3300 train_loss:4.80013 train_time:125.601s step_avg:1243.57ms
step:102/3300 train_loss:4.81261 train_time:126.815s step_avg:1243.29ms
step:103/3300 train_loss:4.83311 train_time:128.023s step_avg:1242.95ms
step:104/3300 train_loss:4.91418 train_time:129.237s step_avg:1242.66ms
step:105/3300 train_loss:4.84435 train_time:130.448s step_avg:1242.36ms
step:106/3300 train_loss:4.88829 train_time:131.672s step_avg:1242.19ms
step:107/3300 train_loss:4.84013 train_time:132.883s step_avg:1241.89ms
step:108/3300 train_loss:4.75669 train_time:134.095s step_avg:1241.62ms
step:109/3300 train_loss:4.82284 train_time:135.306s step_avg:1241.34ms
step:110/3300 train_loss:4.86151 train_time:136.549s step_avg:1241.36ms
step:111/3300 train_loss:4.76628 train_time:137.773s step_avg:1241.20ms
step:112/3300 train_loss:4.80867 train_time:138.987s step_avg:1240.95ms
step:113/3300 train_loss:4.82155 train_time:140.209s step_avg:1240.79ms
step:114/3300 train_loss:4.75942 train_time:141.426s step_avg:1240.58ms
step:115/3300 train_loss:4.79915 train_time:142.639s step_avg:1240.34ms
step:116/3300 train_loss:4.77791 train_time:143.851s step_avg:1240.09ms
step:117/3300 train_loss:4.71354 train_time:145.074s step_avg:1239.95ms
step:118/3300 train_loss:4.73349 train_time:146.288s step_avg:1239.73ms
step:119/3300 train_loss:4.71929 train_time:147.503s step_avg:1239.52ms
step:120/3300 train_loss:4.68716 train_time:148.707s step_avg:1239.22ms
step:121/3300 train_loss:4.68642 train_time:149.941s step_avg:1239.19ms
step:122/3300 train_loss:4.63090 train_time:151.150s step_avg:1238.93ms
step:123/3300 train_loss:4.69011 train_time:152.361s step_avg:1238.71ms
step:124/3300 train_loss:4.66601 train_time:153.566s step_avg:1238.43ms
step:125/3300 train_loss:4.69057 train_time:154.768s step_avg:1238.14ms
step:125/3300 val_loss:4.66620 train_time:154.768s step_avg:1238.15ms
step:126/3300 train_loss:4.64988 train_time:155.991s step_avg:1238.02ms
step:127/3300 train_loss:4.72538 train_time:157.198s step_avg:1237.78ms
step:128/3300 train_loss:4.64973 train_time:158.415s step_avg:1237.62ms
step:129/3300 train_loss:4.72459 train_time:159.638s step_avg:1237.50ms
step:130/3300 train_loss:4.58540 train_time:160.856s step_avg:1237.35ms
step:131/3300 train_loss:4.64460 train_time:162.075s step_avg:1237.21ms
step:132/3300 train_loss:4.61365 train_time:163.293s step_avg:1237.07ms
step:133/3300 train_loss:4.58632 train_time:164.506s step_avg:1236.89ms
step:134/3300 train_loss:4.59809 train_time:165.716s step_avg:1236.69ms
step:135/3300 train_loss:4.63846 train_time:166.928s step_avg:1236.51ms
step:136/3300 train_loss:4.55757 train_time:168.140s step_avg:1236.33ms
step:137/3300 train_loss:4.58450 train_time:169.355s step_avg:1236.17ms
step:138/3300 train_loss:4.59018 train_time:170.568s step_avg:1236.00ms
step:139/3300 train_loss:4.56951 train_time:171.786s step_avg:1235.87ms
step:140/3300 train_loss:4.61094 train_time:173.001s step_avg:1235.72ms
step:141/3300 train_loss:4.52317 train_time:174.219s step_avg:1235.59ms
step:142/3300 train_loss:4.62310 train_time:175.432s step_avg:1235.44ms
step:143/3300 train_loss:4.54391 train_time:176.639s step_avg:1235.24ms
step:144/3300 train_loss:4.55063 train_time:177.860s step_avg:1235.14ms
step:145/3300 train_loss:4.53081 train_time:179.079s step_avg:1235.03ms
step:146/3300 train_loss:4.46467 train_time:180.298s step_avg:1234.92ms
step:147/3300 train_loss:4.50559 train_time:181.510s step_avg:1234.76ms
step:148/3300 train_loss:4.51977 train_time:182.719s step_avg:1234.59ms
step:149/3300 train_loss:4.53678 train_time:183.946s step_avg:1234.54ms
step:150/3300 train_loss:4.52130 train_time:185.150s step_avg:1234.33ms
step:151/3300 train_loss:4.49302 train_time:186.361s step_avg:1234.18ms
step:152/3300 train_loss:4.40543 train_time:187.575s step_avg:1234.04ms
step:153/3300 train_loss:4.44967 train_time:188.779s step_avg:1233.85ms
step:154/3300 train_loss:4.46550 train_time:189.977s step_avg:1233.62ms
step:155/3300 train_loss:4.50682 train_time:191.187s step_avg:1233.46ms
step:156/3300 train_loss:4.49325 train_time:192.403s step_avg:1233.35ms
step:157/3300 train_loss:4.49618 train_time:193.617s step_avg:1233.23ms
step:158/3300 train_loss:4.40521 train_time:194.820s step_avg:1233.04ms
step:159/3300 train_loss:4.44094 train_time:196.028s step_avg:1232.88ms
step:160/3300 train_loss:4.43762 train_time:197.234s step_avg:1232.71ms
step:161/3300 train_loss:4.45630 train_time:198.447s step_avg:1232.59ms
step:162/3300 train_loss:4.44461 train_time:199.660s step_avg:1232.47ms
step:163/3300 train_loss:4.40942 train_time:200.904s step_avg:1232.54ms
step:164/3300 train_loss:4.44306 train_time:202.117s step_avg:1232.42ms
step:165/3300 train_loss:4.38335 train_time:203.334s step_avg:1232.33ms
step:166/3300 train_loss:4.42869 train_time:204.556s step_avg:1232.26ms
step:167/3300 train_loss:4.34701 train_time:205.768s step_avg:1232.14ms
step:168/3300 train_loss:4.37489 train_time:206.981s step_avg:1232.03ms
step:169/3300 train_loss:4.35168 train_time:208.200s step_avg:1231.96ms
step:170/3300 train_loss:4.32696 train_time:209.411s step_avg:1231.83ms
step:171/3300 train_loss:4.32788 train_time:210.642s step_avg:1231.82ms
step:172/3300 train_loss:4.41276 train_time:211.861s step_avg:1231.75ms
step:173/3300 train_loss:4.34461 train_time:213.086s step_avg:1231.71ms
step:174/3300 train_loss:4.39911 train_time:214.299s step_avg:1231.60ms
step:175/3300 train_loss:4.37432 train_time:215.510s step_avg:1231.49ms
step:176/3300 train_loss:4.34313 train_time:216.721s step_avg:1231.37ms
step:177/3300 train_loss:4.33482 train_time:217.946s step_avg:1231.33ms
step:178/3300 train_loss:4.34167 train_time:219.173s step_avg:1231.31ms
step:179/3300 train_loss:4.34931 train_time:220.391s step_avg:1231.24ms
step:180/3300 train_loss:4.31931 train_time:221.609s step_avg:1231.16ms
step:181/3300 train_loss:4.29879 train_time:222.855s step_avg:1231.24ms
step:182/3300 train_loss:4.32817 train_time:224.076s step_avg:1231.19ms
step:183/3300 train_loss:4.26950 train_time:225.279s step_avg:1231.03ms
step:184/3300 train_loss:4.34095 train_time:226.493s step_avg:1230.94ms
step:185/3300 train_loss:4.29394 train_time:227.706s step_avg:1230.85ms
step:186/3300 train_loss:4.28770 train_time:228.929s step_avg:1230.80ms
step:187/3300 train_loss:4.35208 train_time:230.174s step_avg:1230.87ms
step:188/3300 train_loss:4.31962 train_time:231.380s step_avg:1230.74ms
step:189/3300 train_loss:4.24277 train_time:232.605s step_avg:1230.71ms
step:190/3300 train_loss:4.28247 train_time:233.829s step_avg:1230.68ms
step:191/3300 train_loss:4.19928 train_time:235.167s step_avg:1231.24ms
step:192/3300 train_loss:4.32706 train_time:236.378s step_avg:1231.14ms
step:193/3300 train_loss:4.27682 train_time:237.589s step_avg:1231.03ms
step:194/3300 train_loss:4.32932 train_time:238.817s step_avg:1231.01ms
step:195/3300 train_loss:4.29630 train_time:240.032s step_avg:1230.93ms
step:196/3300 train_loss:4.32880 train_time:241.260s step_avg:1230.92ms
step:197/3300 train_loss:4.24310 train_time:242.477s step_avg:1230.85ms
step:198/3300 train_loss:4.28809 train_time:243.685s step_avg:1230.73ms
step:199/3300 train_loss:4.23461 train_time:244.900s step_avg:1230.65ms
step:200/3300 train_loss:4.42807 train_time:246.118s step_avg:1230.59ms
step:201/3300 train_loss:4.26746 train_time:247.337s step_avg:1230.53ms
step:202/3300 train_loss:4.26538 train_time:248.550s step_avg:1230.45ms
step:203/3300 train_loss:4.30934 train_time:249.803s step_avg:1230.56ms
step:204/3300 train_loss:4.27314 train_time:251.019s step_avg:1230.49ms
step:205/3300 train_loss:4.23487 train_time:252.222s step_avg:1230.35ms
step:206/3300 train_loss:4.19548 train_time:253.458s step_avg:1230.38ms
step:207/3300 train_loss:4.27605 train_time:254.664s step_avg:1230.26ms
step:208/3300 train_loss:4.24413 train_time:255.884s step_avg:1230.21ms
step:209/3300 train_loss:4.16193 train_time:257.102s step_avg:1230.15ms
step:210/3300 train_loss:4.25095 train_time:258.310s step_avg:1230.05ms
step:211/3300 train_loss:4.21016 train_time:259.534s step_avg:1230.02ms
step:212/3300 train_loss:4.22277 train_time:260.744s step_avg:1229.93ms
step:213/3300 train_loss:4.21935 train_time:261.948s step_avg:1229.80ms
step:214/3300 train_loss:4.22068 train_time:263.167s step_avg:1229.75ms
step:215/3300 train_loss:4.21036 train_time:264.385s step_avg:1229.70ms
step:216/3300 train_loss:4.18607 train_time:265.595s step_avg:1229.61ms
step:217/3300 train_loss:4.24695 train_time:266.805s step_avg:1229.51ms
step:218/3300 train_loss:4.18456 train_time:268.021s step_avg:1229.45ms
step:219/3300 train_loss:4.20818 train_time:269.234s step_avg:1229.38ms
step:220/3300 train_loss:4.17897 train_time:270.442s step_avg:1229.28ms
step:221/3300 train_loss:4.16551 train_time:271.655s step_avg:1229.21ms
step:222/3300 train_loss:4.16134 train_time:272.861s step_avg:1229.10ms
step:223/3300 train_loss:4.24449 train_time:274.065s step_avg:1228.99ms
step:224/3300 train_loss:4.21590 train_time:275.276s step_avg:1228.91ms
step:225/3300 train_loss:4.14739 train_time:276.486s step_avg:1228.82ms
step:226/3300 train_loss:4.15770 train_time:277.700s step_avg:1228.76ms
step:227/3300 train_loss:4.15345 train_time:278.919s step_avg:1228.72ms
step:228/3300 train_loss:4.21381 train_time:280.125s step_avg:1228.62ms
step:229/3300 train_loss:4.19865 train_time:281.335s step_avg:1228.54ms
step:230/3300 train_loss:4.13288 train_time:282.549s step_avg:1228.47ms
step:231/3300 train_loss:4.14956 train_time:283.773s step_avg:1228.45ms
step:232/3300 train_loss:4.12763 train_time:284.980s step_avg:1228.36ms
step:233/3300 train_loss:4.17933 train_time:286.185s step_avg:1228.26ms
step:234/3300 train_loss:4.18270 train_time:287.423s step_avg:1228.30ms
step:235/3300 train_loss:4.20808 train_time:288.624s step_avg:1228.19ms
step:236/3300 train_loss:4.20477 train_time:289.836s step_avg:1228.12ms
step:237/3300 train_loss:4.22828 train_time:291.047s step_avg:1228.05ms
step:238/3300 train_loss:4.17864 train_time:292.258s step_avg:1227.97ms
step:239/3300 train_loss:4.11448 train_time:293.473s step_avg:1227.92ms
step:240/3300 train_loss:4.14284 train_time:294.681s step_avg:1227.84ms
step:241/3300 train_loss:4.27812 train_time:295.892s step_avg:1227.77ms
step:242/3300 train_loss:4.22439 train_time:297.104s step_avg:1227.70ms
step:243/3300 train_loss:4.11839 train_time:298.327s step_avg:1227.68ms
step:244/3300 train_loss:4.19181 train_time:299.545s step_avg:1227.64ms
step:245/3300 train_loss:4.10667 train_time:300.763s step_avg:1227.60ms
step:246/3300 train_loss:4.13223 train_time:301.974s step_avg:1227.54ms
step:247/3300 train_loss:4.06840 train_time:303.193s step_avg:1227.50ms
step:248/3300 train_loss:4.12995 train_time:304.411s step_avg:1227.47ms
step:249/3300 train_loss:4.12558 train_time:305.623s step_avg:1227.40ms
step:250/3300 train_loss:4.07260 train_time:306.828s step_avg:1227.31ms
step:250/3300 val_loss:4.11561 train_time:306.828s step_avg:1216.48ms
step:251/3300 train_loss:4.15313 train_time:308.045s step_avg:1227.27ms
step:252/3300 train_loss:4.16688 train_time:309.255s step_avg:1227.20ms
step:253/3300 train_loss:4.11610 train_time:310.472s step_avg:1227.16ms
step:254/3300 train_loss:4.07509 train_time:311.685s step_avg:1227.10ms
step:255/3300 train_loss:4.14894 train_time:312.884s step_avg:1226.99ms
step:256/3300 train_loss:4.09435 train_time:314.095s step_avg:1226.93ms
step:257/3300 train_loss:4.10862 train_time:315.311s step_avg:1226.89ms
step:258/3300 train_loss:4.19016 train_time:316.570s step_avg:1227.02ms
step:259/3300 train_loss:4.08100 train_time:317.786s step_avg:1226.97ms
step:260/3300 train_loss:4.07411 train_time:318.993s step_avg:1226.90ms
step:261/3300 train_loss:4.07033 train_time:320.210s step_avg:1226.86ms
step:262/3300 train_loss:4.14904 train_time:321.420s step_avg:1226.79ms
step:263/3300 train_loss:4.10388 train_time:322.629s step_avg:1226.73ms
step:264/3300 train_loss:4.15917 train_time:323.842s step_avg:1226.68ms
step:265/3300 train_loss:4.02091 train_time:325.047s step_avg:1226.59ms
step:266/3300 train_loss:4.12379 train_time:326.263s step_avg:1226.55ms
step:267/3300 train_loss:4.06000 train_time:327.470s step_avg:1226.48ms
step:268/3300 train_loss:4.04614 train_time:328.686s step_avg:1226.44ms
step:269/3300 train_loss:4.09161 train_time:329.894s step_avg:1226.37ms
step:270/3300 train_loss:4.09192 train_time:331.109s step_avg:1226.33ms
step:271/3300 train_loss:4.13467 train_time:332.329s step_avg:1226.31ms
step:272/3300 train_loss:4.07034 train_time:333.533s step_avg:1226.23ms
step:273/3300 train_loss:4.10643 train_time:334.746s step_avg:1226.18ms
step:274/3300 train_loss:4.02496 train_time:335.959s step_avg:1226.13ms
step:275/3300 train_loss:4.09114 train_time:337.171s step_avg:1226.08ms
step:276/3300 train_loss:4.13969 train_time:338.381s step_avg:1226.02ms
step:277/3300 train_loss:4.03781 train_time:339.593s step_avg:1225.97ms
step:278/3300 train_loss:4.08490 train_time:340.807s step_avg:1225.92ms
step:279/3300 train_loss:4.01406 train_time:342.012s step_avg:1225.85ms
step:280/3300 train_loss:4.13530 train_time:343.239s step_avg:1225.85ms
step:281/3300 train_loss:4.09395 train_time:344.456s step_avg:1225.82ms
step:282/3300 train_loss:4.05691 train_time:345.667s step_avg:1225.77ms
step:283/3300 train_loss:4.07308 train_time:346.874s step_avg:1225.70ms
step:284/3300 train_loss:4.01591 train_time:348.085s step_avg:1225.65ms
step:285/3300 train_loss:4.10369 train_time:349.291s step_avg:1225.58ms
step:286/3300 train_loss:4.07642 train_time:350.537s step_avg:1225.66ms
step:287/3300 train_loss:4.04234 train_time:351.753s step_avg:1225.62ms
step:288/3300 train_loss:4.06377 train_time:352.965s step_avg:1225.57ms
step:289/3300 train_loss:4.05657 train_time:354.177s step_avg:1225.53ms
step:290/3300 train_loss:4.02470 train_time:355.394s step_avg:1225.50ms
step:291/3300 train_loss:4.03188 train_time:356.631s step_avg:1225.54ms
step:292/3300 train_loss:4.07970 train_time:357.832s step_avg:1225.45ms
step:293/3300 train_loss:4.02263 train_time:359.044s step_avg:1225.41ms
step:294/3300 train_loss:4.19763 train_time:360.259s step_avg:1225.37ms
step:295/3300 train_loss:4.02889 train_time:361.480s step_avg:1225.36ms
step:296/3300 train_loss:4.02037 train_time:362.697s step_avg:1225.33ms
step:297/3300 train_loss:4.03970 train_time:363.918s step_avg:1225.31ms
step:298/3300 train_loss:4.04366 train_time:365.129s step_avg:1225.27ms
step:299/3300 train_loss:4.01289 train_time:366.334s step_avg:1225.20ms
step:300/3300 train_loss:4.01987 train_time:367.551s step_avg:1225.17ms
step:301/3300 train_loss:4.07264 train_time:368.760s step_avg:1225.12ms
step:302/3300 train_loss:3.99967 train_time:369.974s step_avg:1225.08ms
step:303/3300 train_loss:4.04238 train_time:371.187s step_avg:1225.04ms
step:304/3300 train_loss:4.02867 train_time:372.399s step_avg:1225.00ms
step:305/3300 train_loss:4.04916 train_time:373.613s step_avg:1224.96ms
step:306/3300 train_loss:4.00621 train_time:374.849s step_avg:1225.00ms
step:307/3300 train_loss:4.04347 train_time:376.055s step_avg:1224.93ms
step:308/3300 train_loss:4.02314 train_time:377.269s step_avg:1224.90ms
step:309/3300 train_loss:4.03720 train_time:378.475s step_avg:1224.84ms
step:310/3300 train_loss:4.09390 train_time:379.678s step_avg:1224.77ms
step:311/3300 train_loss:4.06427 train_time:380.903s step_avg:1224.77ms
step:312/3300 train_loss:3.99452 train_time:382.147s step_avg:1224.83ms
step:313/3300 train_loss:4.05098 train_time:383.362s step_avg:1224.80ms
step:314/3300 train_loss:4.00537 train_time:384.585s step_avg:1224.79ms
step:315/3300 train_loss:3.97645 train_time:385.797s step_avg:1224.75ms
step:316/3300 train_loss:3.98252 train_time:387.016s step_avg:1224.73ms
step:317/3300 train_loss:3.97915 train_time:388.229s step_avg:1224.70ms
step:318/3300 train_loss:3.97382 train_time:389.437s step_avg:1224.65ms
step:319/3300 train_loss:4.03598 train_time:390.655s step_avg:1224.62ms
step:320/3300 train_loss:4.01243 train_time:391.875s step_avg:1224.61ms
step:321/3300 train_loss:4.03552 train_time:393.098s step_avg:1224.60ms
step:322/3300 train_loss:3.99380 train_time:394.312s step_avg:1224.57ms
step:323/3300 train_loss:4.03666 train_time:395.531s step_avg:1224.55ms
step:324/3300 train_loss:3.97909 train_time:396.734s step_avg:1224.49ms
step:325/3300 train_loss:4.07057 train_time:397.944s step_avg:1224.44ms
step:326/3300 train_loss:3.99923 train_time:399.163s step_avg:1224.43ms
step:327/3300 train_loss:4.13777 train_time:400.381s step_avg:1224.41ms
step:328/3300 train_loss:4.06032 train_time:401.593s step_avg:1224.37ms
step:329/3300 train_loss:4.02106 train_time:402.809s step_avg:1224.34ms
step:330/3300 train_loss:3.94129 train_time:404.015s step_avg:1224.29ms
step:331/3300 train_loss:4.04880 train_time:405.251s step_avg:1224.32ms
step:332/3300 train_loss:3.96220 train_time:406.456s step_avg:1224.26ms
step:333/3300 train_loss:3.93258 train_time:407.667s step_avg:1224.23ms
step:334/3300 train_loss:3.97242 train_time:408.878s step_avg:1224.19ms
step:335/3300 train_loss:4.05946 train_time:410.094s step_avg:1224.16ms
step:336/3300 train_loss:4.01452 train_time:411.334s step_avg:1224.21ms
step:337/3300 train_loss:4.28987 train_time:412.538s step_avg:1224.15ms
step:338/3300 train_loss:3.98785 train_time:413.754s step_avg:1224.12ms
step:339/3300 train_loss:3.95522 train_time:414.959s step_avg:1224.07ms
step:340/3300 train_loss:3.96040 train_time:416.183s step_avg:1224.07ms
step:341/3300 train_loss:3.98828 train_time:417.400s step_avg:1224.05ms
step:342/3300 train_loss:3.96826 train_time:418.617s step_avg:1224.03ms
step:343/3300 train_loss:4.03997 train_time:419.836s step_avg:1224.01ms
step:344/3300 train_loss:3.97264 train_time:421.040s step_avg:1223.95ms
step:345/3300 train_loss:3.93914 train_time:422.254s step_avg:1223.92ms
step:346/3300 train_loss:3.94860 train_time:423.467s step_avg:1223.89ms
step:347/3300 train_loss:3.95177 train_time:424.682s step_avg:1223.87ms
step:348/3300 train_loss:3.98553 train_time:425.896s step_avg:1223.84ms
step:349/3300 train_loss:3.92243 train_time:427.101s step_avg:1223.79ms
step:350/3300 train_loss:3.90813 train_time:428.314s step_avg:1223.75ms
step:351/3300 train_loss:3.89972 train_time:429.526s step_avg:1223.72ms
step:352/3300 train_loss:4.01280 train_time:430.743s step_avg:1223.70ms
step:353/3300 train_loss:3.91595 train_time:431.955s step_avg:1223.67ms
step:354/3300 train_loss:3.91074 train_time:433.158s step_avg:1223.61ms
step:355/3300 train_loss:3.99466 train_time:434.372s step_avg:1223.58ms
step:356/3300 train_loss:3.91370 train_time:435.588s step_avg:1223.56ms
step:357/3300 train_loss:3.98585 train_time:436.796s step_avg:1223.52ms
step:358/3300 train_loss:3.97494 train_time:438.005s step_avg:1223.48ms
step:359/3300 train_loss:3.88801 train_time:439.214s step_avg:1223.44ms
step:360/3300 train_loss:3.89277 train_time:440.426s step_avg:1223.41ms
step:361/3300 train_loss:4.01044 train_time:441.649s step_avg:1223.40ms
step:362/3300 train_loss:3.95246 train_time:442.865s step_avg:1223.38ms
step:363/3300 train_loss:3.92617 train_time:444.082s step_avg:1223.37ms
step:364/3300 train_loss:3.94987 train_time:445.301s step_avg:1223.35ms
step:365/3300 train_loss:3.99067 train_time:446.522s step_avg:1223.35ms
step:366/3300 train_loss:3.93748 train_time:447.745s step_avg:1223.35ms
step:367/3300 train_loss:3.97667 train_time:448.964s step_avg:1223.33ms
step:368/3300 train_loss:3.95932 train_time:450.202s step_avg:1223.37ms
step:369/3300 train_loss:3.95422 train_time:451.419s step_avg:1223.36ms
step:370/3300 train_loss:3.92696 train_time:452.631s step_avg:1223.33ms
step:371/3300 train_loss:3.95555 train_time:453.846s step_avg:1223.30ms
step:372/3300 train_loss:3.93881 train_time:455.066s step_avg:1223.30ms
step:373/3300 train_loss:3.96295 train_time:456.292s step_avg:1223.30ms
step:374/3300 train_loss:3.98755 train_time:457.501s step_avg:1223.27ms
step:375/3300 train_loss:3.95877 train_time:458.717s step_avg:1223.24ms
step:375/3300 val_loss:3.92677 train_time:458.717s step_avg:1215.11ms
step:376/3300 train_loss:4.04712 train_time:459.934s step_avg:1223.23ms
step:377/3300 train_loss:3.84586 train_time:461.138s step_avg:1223.18ms
step:378/3300 train_loss:3.95938 train_time:462.361s step_avg:1223.18ms
step:379/3300 train_loss:3.94948 train_time:463.586s step_avg:1223.18ms
step:380/3300 train_loss:3.91301 train_time:464.827s step_avg:1223.23ms
step:381/3300 train_loss:3.99108 train_time:466.092s step_avg:1223.34ms
step:382/3300 train_loss:3.91286 train_time:467.302s step_avg:1223.30ms
step:383/3300 train_loss:3.93142 train_time:468.512s step_avg:1223.27ms
step:384/3300 train_loss:3.91712 train_time:469.718s step_avg:1223.22ms
step:385/3300 train_loss:3.94874 train_time:470.930s step_avg:1223.20ms
step:386/3300 train_loss:3.94414 train_time:472.146s step_avg:1223.18ms
step:387/3300 train_loss:3.96382 train_time:473.357s step_avg:1223.14ms
step:388/3300 train_loss:3.94459 train_time:474.574s step_avg:1223.13ms
step:389/3300 train_loss:3.89354 train_time:475.780s step_avg:1223.08ms
step:390/3300 train_loss:3.94570 train_time:476.986s step_avg:1223.04ms
step:391/3300 train_loss:3.87616 train_time:478.196s step_avg:1223.01ms
step:392/3300 train_loss:3.92286 train_time:479.400s step_avg:1222.96ms
step:393/3300 train_loss:3.95966 train_time:480.613s step_avg:1222.93ms
step:394/3300 train_loss:3.95009 train_time:481.819s step_avg:1222.89ms
step:395/3300 train_loss:3.87726 train_time:483.036s step_avg:1222.88ms
step:396/3300 train_loss:3.79448 train_time:484.252s step_avg:1222.86ms
step:397/3300 train_loss:3.98278 train_time:485.468s step_avg:1222.84ms
step:398/3300 train_loss:3.91630 train_time:486.677s step_avg:1222.81ms
step:399/3300 train_loss:3.86793 train_time:487.889s step_avg:1222.78ms
step:400/3300 train_loss:3.95285 train_time:489.116s step_avg:1222.79ms
step:401/3300 train_loss:3.90376 train_time:490.338s step_avg:1222.79ms
step:402/3300 train_loss:3.91520 train_time:491.545s step_avg:1222.75ms
step:403/3300 train_loss:3.92239 train_time:492.754s step_avg:1222.71ms
step:404/3300 train_loss:3.90103 train_time:493.963s step_avg:1222.68ms
step:405/3300 train_loss:3.95893 train_time:495.188s step_avg:1222.69ms
step:406/3300 train_loss:3.93358 train_time:496.405s step_avg:1222.67ms
step:407/3300 train_loss:4.02680 train_time:497.624s step_avg:1222.66ms
step:408/3300 train_loss:3.94338 train_time:498.835s step_avg:1222.63ms
step:409/3300 train_loss:3.89627 train_time:500.040s step_avg:1222.59ms
step:410/3300 train_loss:3.90564 train_time:501.258s step_avg:1222.58ms
step:411/3300 train_loss:3.88177 train_time:502.468s step_avg:1222.55ms
step:412/3300 train_loss:3.97111 train_time:503.684s step_avg:1222.53ms
step:413/3300 train_loss:3.89853 train_time:504.901s step_avg:1222.52ms
step:414/3300 train_loss:3.93492 train_time:506.102s step_avg:1222.47ms
step:415/3300 train_loss:3.97423 train_time:507.310s step_avg:1222.43ms
step:416/3300 train_loss:3.89526 train_time:508.532s step_avg:1222.43ms
step:417/3300 train_loss:3.91228 train_time:509.742s step_avg:1222.40ms
step:418/3300 train_loss:3.90692 train_time:510.944s step_avg:1222.35ms
step:419/3300 train_loss:3.88713 train_time:512.155s step_avg:1222.33ms
step:420/3300 train_loss:3.87629 train_time:513.374s step_avg:1222.32ms
step:421/3300 train_loss:3.87914 train_time:514.611s step_avg:1222.35ms
step:422/3300 train_loss:3.86264 train_time:515.820s step_avg:1222.32ms
step:423/3300 train_loss:3.89632 train_time:517.032s step_avg:1222.30ms
step:424/3300 train_loss:3.91672 train_time:518.243s step_avg:1222.27ms
step:425/3300 train_loss:3.92501 train_time:519.456s step_avg:1222.25ms
step:426/3300 train_loss:3.85302 train_time:520.665s step_avg:1222.22ms
step:427/3300 train_loss:3.90917 train_time:521.873s step_avg:1222.18ms
step:428/3300 train_loss:3.85457 train_time:523.082s step_avg:1222.15ms
step:429/3300 train_loss:3.83923 train_time:524.291s step_avg:1222.12ms
step:430/3300 train_loss:3.86126 train_time:525.502s step_avg:1222.10ms
step:431/3300 train_loss:3.93634 train_time:526.710s step_avg:1222.07ms
step:432/3300 train_loss:3.87462 train_time:527.922s step_avg:1222.04ms
step:433/3300 train_loss:3.93594 train_time:529.128s step_avg:1222.00ms
step:434/3300 train_loss:3.88505 train_time:530.342s step_avg:1221.99ms
step:435/3300 train_loss:3.90966 train_time:531.558s step_avg:1221.97ms
step:436/3300 train_loss:3.94554 train_time:532.770s step_avg:1221.95ms
step:437/3300 train_loss:3.89587 train_time:533.987s step_avg:1221.94ms
step:438/3300 train_loss:3.90528 train_time:535.207s step_avg:1221.93ms
step:439/3300 train_loss:3.82809 train_time:536.423s step_avg:1221.92ms
step:440/3300 train_loss:3.88411 train_time:537.628s step_avg:1221.88ms
step:441/3300 train_loss:3.82522 train_time:538.844s step_avg:1221.87ms
step:442/3300 train_loss:3.87266 train_time:540.048s step_avg:1221.83ms
step:443/3300 train_loss:3.83440 train_time:541.262s step_avg:1221.81ms
step:444/3300 train_loss:3.93550 train_time:542.475s step_avg:1221.79ms
step:445/3300 train_loss:3.90058 train_time:543.701s step_avg:1221.80ms
step:446/3300 train_loss:3.87392 train_time:544.913s step_avg:1221.78ms
step:447/3300 train_loss:3.86371 train_time:546.125s step_avg:1221.76ms
step:448/3300 train_loss:3.92099 train_time:547.337s step_avg:1221.73ms
step:449/3300 train_loss:3.88840 train_time:548.551s step_avg:1221.72ms
step:450/3300 train_loss:3.88179 train_time:549.765s step_avg:1221.70ms
step:451/3300 train_loss:4.00784 train_time:550.969s step_avg:1221.66ms
step:452/3300 train_loss:3.90904 train_time:552.193s step_avg:1221.67ms
step:453/3300 train_loss:3.95939 train_time:553.411s step_avg:1221.66ms
step:454/3300 train_loss:3.79940 train_time:554.630s step_avg:1221.65ms
step:455/3300 train_loss:3.85298 train_time:555.835s step_avg:1221.62ms
step:456/3300 train_loss:3.85675 train_time:557.049s step_avg:1221.60ms
step:457/3300 train_loss:3.85097 train_time:558.260s step_avg:1221.58ms
step:458/3300 train_loss:3.89857 train_time:559.468s step_avg:1221.55ms
step:459/3300 train_loss:3.87356 train_time:560.682s step_avg:1221.53ms
step:460/3300 train_loss:3.92599 train_time:561.887s step_avg:1221.49ms
step:461/3300 train_loss:3.89584 train_time:563.100s step_avg:1221.48ms
step:462/3300 train_loss:3.78158 train_time:564.307s step_avg:1221.44ms
step:463/3300 train_loss:3.87236 train_time:565.520s step_avg:1221.43ms
step:464/3300 train_loss:3.88772 train_time:566.724s step_avg:1221.39ms
step:465/3300 train_loss:3.86623 train_time:567.926s step_avg:1221.35ms
step:466/3300 train_loss:3.88286 train_time:569.133s step_avg:1221.31ms
step:467/3300 train_loss:3.84985 train_time:570.343s step_avg:1221.29ms
step:468/3300 train_loss:3.89561 train_time:571.546s step_avg:1221.25ms
step:469/3300 train_loss:3.86008 train_time:572.755s step_avg:1221.23ms
step:470/3300 train_loss:3.79469 train_time:573.983s step_avg:1221.24ms
step:471/3300 train_loss:3.92114 train_time:575.193s step_avg:1221.22ms
step:472/3300 train_loss:3.83791 train_time:576.403s step_avg:1221.19ms
step:473/3300 train_loss:3.85748 train_time:577.623s step_avg:1221.19ms
step:474/3300 train_loss:3.85717 train_time:578.842s step_avg:1221.19ms
step:475/3300 train_loss:3.92401 train_time:580.047s step_avg:1221.15ms
step:476/3300 train_loss:3.87244 train_time:581.270s step_avg:1221.16ms
step:477/3300 train_loss:3.82504 train_time:582.476s step_avg:1221.12ms
step:478/3300 train_loss:3.87945 train_time:583.688s step_avg:1221.10ms
step:479/3300 train_loss:3.81263 train_time:584.915s step_avg:1221.12ms
step:480/3300 train_loss:3.95047 train_time:586.127s step_avg:1221.10ms
step:481/3300 train_loss:3.85490 train_time:587.342s step_avg:1221.09ms
step:482/3300 train_loss:3.77376 train_time:588.555s step_avg:1221.07ms
step:483/3300 train_loss:3.88684 train_time:589.760s step_avg:1221.03ms
step:484/3300 train_loss:3.86524 train_time:590.968s step_avg:1221.01ms
step:485/3300 train_loss:3.76433 train_time:592.197s step_avg:1221.02ms
step:486/3300 train_loss:3.86692 train_time:593.414s step_avg:1221.02ms
step:487/3300 train_loss:3.82466 train_time:594.628s step_avg:1221.00ms
step:488/3300 train_loss:3.83599 train_time:595.840s step_avg:1220.98ms
step:489/3300 train_loss:3.85847 train_time:597.057s step_avg:1220.98ms
step:490/3300 train_loss:3.80510 train_time:598.281s step_avg:1220.98ms
step:491/3300 train_loss:3.84131 train_time:599.492s step_avg:1220.96ms
step:492/3300 train_loss:3.88751 train_time:600.702s step_avg:1220.94ms
step:493/3300 train_loss:3.81839 train_time:601.908s step_avg:1220.91ms
step:494/3300 train_loss:3.81961 train_time:603.129s step_avg:1220.91ms
step:495/3300 train_loss:3.87039 train_time:604.332s step_avg:1220.87ms
step:496/3300 train_loss:3.78582 train_time:605.555s step_avg:1220.88ms
step:497/3300 train_loss:3.85566 train_time:606.768s step_avg:1220.86ms
step:498/3300 train_loss:3.82598 train_time:607.977s step_avg:1220.84ms
step:499/3300 train_loss:3.89630 train_time:609.184s step_avg:1220.81ms
step:500/3300 train_loss:3.83308 train_time:610.385s step_avg:1220.77ms
step:500/3300 val_loss:3.82449 train_time:610.385s step_avg:1213.34ms
step:501/3300 train_loss:3.89483 train_time:611.603s step_avg:1220.76ms
step:502/3300 train_loss:3.85132 train_time:612.806s step_avg:1220.73ms
step:503/3300 train_loss:3.79476 train_time:614.005s step_avg:1220.68ms
step:504/3300 train_loss:3.87964 train_time:615.207s step_avg:1220.65ms
step:505/3300 train_loss:3.83400 train_time:616.406s step_avg:1220.61ms
step:506/3300 train_loss:3.78440 train_time:617.618s step_avg:1220.59ms
step:507/3300 train_loss:3.91243 train_time:618.831s step_avg:1220.57ms
step:508/3300 train_loss:3.80095 train_time:620.047s step_avg:1220.56ms
step:509/3300 train_loss:3.83568 train_time:621.261s step_avg:1220.55ms
step:510/3300 train_loss:3.79631 train_time:622.467s step_avg:1220.52ms
step:511/3300 train_loss:3.78338 train_time:623.675s step_avg:1220.50ms
step:512/3300 train_loss:3.83731 train_time:624.883s step_avg:1220.47ms
step:513/3300 train_loss:3.83196 train_time:626.089s step_avg:1220.45ms
step:514/3300 train_loss:3.92120 train_time:627.285s step_avg:1220.40ms
step:515/3300 train_loss:3.79688 train_time:628.487s step_avg:1220.36ms
step:516/3300 train_loss:3.88075 train_time:629.723s step_avg:1220.39ms
step:517/3300 train_loss:3.84707 train_time:630.932s step_avg:1220.37ms
step:518/3300 train_loss:3.79833 train_time:632.139s step_avg:1220.34ms
step:519/3300 train_loss:3.87746 train_time:633.348s step_avg:1220.32ms
step:520/3300 train_loss:3.80743 train_time:634.566s step_avg:1220.32ms
step:521/3300 train_loss:3.79136 train_time:635.773s step_avg:1220.29ms
step:522/3300 train_loss:3.85101 train_time:636.998s step_avg:1220.30ms
step:523/3300 train_loss:3.82238 train_time:638.210s step_avg:1220.29ms
step:524/3300 train_loss:3.79114 train_time:639.419s step_avg:1220.26ms
step:525/3300 train_loss:3.76700 train_time:640.662s step_avg:1220.31ms
step:526/3300 train_loss:3.87505 train_time:641.878s step_avg:1220.30ms
step:527/3300 train_loss:3.80908 train_time:643.090s step_avg:1220.28ms
step:528/3300 train_loss:3.82060 train_time:644.306s step_avg:1220.28ms
step:529/3300 train_loss:3.85319 train_time:645.525s step_avg:1220.27ms
step:530/3300 train_loss:3.81996 train_time:646.744s step_avg:1220.27ms
step:531/3300 train_loss:3.77033 train_time:647.974s step_avg:1220.29ms
step:532/3300 train_loss:3.84563 train_time:649.196s step_avg:1220.29ms
step:533/3300 train_loss:3.80555 train_time:650.409s step_avg:1220.28ms
step:534/3300 train_loss:3.82505 train_time:651.613s step_avg:1220.25ms
step:535/3300 train_loss:3.92515 train_time:652.840s step_avg:1220.26ms
step:536/3300 train_loss:3.79054 train_time:654.073s step_avg:1220.28ms
step:537/3300 train_loss:3.76690 train_time:655.288s step_avg:1220.28ms
step:538/3300 train_loss:3.77514 train_time:656.492s step_avg:1220.24ms
step:539/3300 train_loss:3.97096 train_time:657.700s step_avg:1220.22ms
step:540/3300 train_loss:3.76543 train_time:658.907s step_avg:1220.20ms
step:541/3300 train_loss:3.86196 train_time:660.123s step_avg:1220.19ms
step:542/3300 train_loss:3.79564 train_time:661.340s step_avg:1220.18ms
step:543/3300 train_loss:3.78778 train_time:662.553s step_avg:1220.17ms
step:544/3300 train_loss:3.82399 train_time:663.766s step_avg:1220.16ms
step:545/3300 train_loss:3.78173 train_time:664.970s step_avg:1220.13ms
step:546/3300 train_loss:3.76407 train_time:666.177s step_avg:1220.10ms
step:547/3300 train_loss:3.81284 train_time:667.385s step_avg:1220.08ms
step:548/3300 train_loss:3.73040 train_time:668.591s step_avg:1220.06ms
step:549/3300 train_loss:3.77835 train_time:669.814s step_avg:1220.06ms
step:550/3300 train_loss:3.81231 train_time:671.040s step_avg:1220.07ms
step:551/3300 train_loss:3.77321 train_time:672.258s step_avg:1220.07ms
step:552/3300 train_loss:3.91666 train_time:673.472s step_avg:1220.06ms
step:553/3300 train_loss:3.80508 train_time:674.693s step_avg:1220.06ms
step:554/3300 train_loss:3.79217 train_time:675.907s step_avg:1220.05ms
step:555/3300 train_loss:3.84636 train_time:677.123s step_avg:1220.04ms
step:556/3300 train_loss:3.78396 train_time:678.346s step_avg:1220.05ms
step:557/3300 train_loss:3.74346 train_time:679.565s step_avg:1220.04ms
step:558/3300 train_loss:3.79054 train_time:680.775s step_avg:1220.03ms
step:559/3300 train_loss:3.86200 train_time:681.995s step_avg:1220.03ms
step:560/3300 train_loss:3.80409 train_time:683.204s step_avg:1220.01ms
step:561/3300 train_loss:3.77646 train_time:684.419s step_avg:1220.00ms
step:562/3300 train_loss:3.77424 train_time:685.625s step_avg:1219.97ms
step:563/3300 train_loss:3.77732 train_time:686.852s step_avg:1219.99ms
step:564/3300 train_loss:3.81767 train_time:688.054s step_avg:1219.95ms
step:565/3300 train_loss:3.77962 train_time:689.272s step_avg:1219.95ms
step:566/3300 train_loss:3.81575 train_time:690.484s step_avg:1219.94ms
step:567/3300 train_loss:3.78230 train_time:691.693s step_avg:1219.92ms
step:568/3300 train_loss:3.86908 train_time:692.895s step_avg:1219.89ms
step:569/3300 train_loss:3.79299 train_time:694.106s step_avg:1219.87ms
step:570/3300 train_loss:3.77453 train_time:695.346s step_avg:1219.91ms
step:571/3300 train_loss:3.73374 train_time:696.604s step_avg:1219.97ms
step:572/3300 train_loss:3.80330 train_time:697.813s step_avg:1219.95ms
step:573/3300 train_loss:3.87233 train_time:699.025s step_avg:1219.94ms
step:574/3300 train_loss:3.76801 train_time:700.236s step_avg:1219.92ms
step:575/3300 train_loss:3.82102 train_time:701.446s step_avg:1219.91ms
step:576/3300 train_loss:3.79556 train_time:702.660s step_avg:1219.90ms
step:577/3300 train_loss:3.79799 train_time:703.869s step_avg:1219.88ms
step:578/3300 train_loss:3.85600 train_time:705.079s step_avg:1219.86ms
step:579/3300 train_loss:3.75590 train_time:706.293s step_avg:1219.85ms
step:580/3300 train_loss:3.82777 train_time:707.496s step_avg:1219.82ms
step:581/3300 train_loss:3.81838 train_time:708.769s step_avg:1219.91ms
step:582/3300 train_loss:3.83909 train_time:709.991s step_avg:1219.92ms
step:583/3300 train_loss:3.79559 train_time:711.195s step_avg:1219.89ms
step:584/3300 train_loss:3.75786 train_time:712.404s step_avg:1219.87ms
step:585/3300 train_loss:3.79491 train_time:713.612s step_avg:1219.85ms
step:586/3300 train_loss:3.89286 train_time:714.821s step_avg:1219.83ms
step:587/3300 train_loss:3.75213 train_time:716.034s step_avg:1219.82ms
step:588/3300 train_loss:3.81953 train_time:717.254s step_avg:1219.82ms
step:589/3300 train_loss:3.87487 train_time:718.462s step_avg:1219.80ms
step:590/3300 train_loss:3.77854 train_time:719.698s step_avg:1219.83ms
step:591/3300 train_loss:3.79151 train_time:720.916s step_avg:1219.82ms
step:592/3300 train_loss:3.76638 train_time:722.129s step_avg:1219.81ms
step:593/3300 train_loss:3.72666 train_time:723.337s step_avg:1219.79ms
step:594/3300 train_loss:3.85492 train_time:724.559s step_avg:1219.80ms
step:595/3300 train_loss:3.79743 train_time:725.773s step_avg:1219.79ms
step:596/3300 train_loss:3.77635 train_time:726.987s step_avg:1219.78ms
step:597/3300 train_loss:3.78895 train_time:728.199s step_avg:1219.76ms
step:598/3300 train_loss:3.80880 train_time:729.411s step_avg:1219.75ms
step:599/3300 train_loss:3.76399 train_time:730.625s step_avg:1219.74ms
step:600/3300 train_loss:3.78072 train_time:731.833s step_avg:1219.72ms
step:601/3300 train_loss:3.78076 train_time:733.046s step_avg:1219.71ms
step:602/3300 train_loss:3.79115 train_time:734.256s step_avg:1219.69ms
step:603/3300 train_loss:3.81898 train_time:735.458s step_avg:1219.67ms
step:604/3300 train_loss:3.83263 train_time:736.683s step_avg:1219.67ms
step:605/3300 train_loss:3.77526 train_time:737.896s step_avg:1219.66ms
step:606/3300 train_loss:3.79119 train_time:739.106s step_avg:1219.65ms
step:607/3300 train_loss:3.77461 train_time:740.329s step_avg:1219.65ms
step:608/3300 train_loss:3.76712 train_time:741.537s step_avg:1219.63ms
step:609/3300 train_loss:3.79035 train_time:742.742s step_avg:1219.61ms
step:610/3300 train_loss:3.75778 train_time:743.954s step_avg:1219.60ms
step:611/3300 train_loss:3.77784 train_time:745.182s step_avg:1219.61ms
step:612/3300 train_loss:3.71733 train_time:746.399s step_avg:1219.61ms
step:613/3300 train_loss:3.75690 train_time:747.621s step_avg:1219.61ms
step:614/3300 train_loss:3.79422 train_time:748.833s step_avg:1219.60ms
step:615/3300 train_loss:3.76414 train_time:750.042s step_avg:1219.58ms
step:616/3300 train_loss:3.78272 train_time:751.268s step_avg:1219.59ms
step:617/3300 train_loss:3.76304 train_time:752.475s step_avg:1219.57ms
step:618/3300 train_loss:3.79543 train_time:753.680s step_avg:1219.55ms
step:619/3300 train_loss:3.81444 train_time:754.910s step_avg:1219.56ms
step:620/3300 train_loss:3.75126 train_time:756.129s step_avg:1219.56ms
step:621/3300 train_loss:3.85501 train_time:757.353s step_avg:1219.57ms
step:622/3300 train_loss:3.79595 train_time:758.561s step_avg:1219.55ms
step:623/3300 train_loss:3.77626 train_time:759.776s step_avg:1219.54ms
step:624/3300 train_loss:3.80701 train_time:760.978s step_avg:1219.52ms
step:625/3300 train_loss:3.78587 train_time:762.181s step_avg:1219.49ms
step:625/3300 val_loss:3.75568 train_time:762.182s step_avg:1214.37ms
step:626/3300 train_loss:3.79314 train_time:763.388s step_avg:1219.47ms
step:627/3300 train_loss:3.79375 train_time:764.592s step_avg:1219.44ms
step:628/3300 train_loss:3.73117 train_time:765.801s step_avg:1219.43ms
step:629/3300 train_loss:3.75168 train_time:767.013s step_avg:1219.42ms
step:630/3300 train_loss:3.75569 train_time:768.226s step_avg:1219.41ms
step:631/3300 train_loss:3.76018 train_time:769.446s step_avg:1219.41ms
step:632/3300 train_loss:3.76661 train_time:770.666s step_avg:1219.41ms
step:633/3300 train_loss:3.77679 train_time:771.879s step_avg:1219.40ms
step:634/3300 train_loss:3.71942 train_time:773.085s step_avg:1219.38ms
step:635/3300 train_loss:3.81309 train_time:774.299s step_avg:1219.37ms
step:636/3300 train_loss:3.71836 train_time:775.505s step_avg:1219.35ms
step:637/3300 train_loss:3.68804 train_time:776.727s step_avg:1219.35ms
step:638/3300 train_loss:3.80486 train_time:777.938s step_avg:1219.34ms
step:639/3300 train_loss:3.75179 train_time:779.195s step_avg:1219.40ms
step:640/3300 train_loss:3.76149 train_time:780.409s step_avg:1219.39ms
step:641/3300 train_loss:3.83517 train_time:781.628s step_avg:1219.39ms
step:642/3300 train_loss:3.70691 train_time:782.850s step_avg:1219.39ms
step:643/3300 train_loss:3.79820 train_time:784.059s step_avg:1219.38ms
step:644/3300 train_loss:3.74081 train_time:785.261s step_avg:1219.35ms
step:645/3300 train_loss:3.78251 train_time:786.462s step_avg:1219.32ms
step:646/3300 train_loss:3.79457 train_time:787.678s step_avg:1219.32ms
step:647/3300 train_loss:3.86572 train_time:788.896s step_avg:1219.31ms
step:648/3300 train_loss:3.77608 train_time:790.102s step_avg:1219.29ms
step:649/3300 train_loss:3.76281 train_time:791.306s step_avg:1219.27ms
step:650/3300 train_loss:3.73739 train_time:792.517s step_avg:1219.26ms
step:651/3300 train_loss:3.71457 train_time:793.730s step_avg:1219.25ms
step:652/3300 train_loss:3.71714 train_time:794.944s step_avg:1219.24ms
step:653/3300 train_loss:3.73578 train_time:796.155s step_avg:1219.23ms
step:654/3300 train_loss:3.78311 train_time:797.376s step_avg:1219.23ms
step:655/3300 train_loss:3.74279 train_time:798.584s step_avg:1219.21ms
step:656/3300 train_loss:3.80212 train_time:799.798s step_avg:1219.20ms
step:657/3300 train_loss:3.70383 train_time:801.034s step_avg:1219.23ms
step:658/3300 train_loss:3.81593 train_time:802.242s step_avg:1219.21ms
step:659/3300 train_loss:3.78678 train_time:803.462s step_avg:1219.21ms
step:660/3300 train_loss:3.81888 train_time:804.665s step_avg:1219.19ms
step:661/3300 train_loss:3.81205 train_time:805.883s step_avg:1219.19ms
step:662/3300 train_loss:3.81337 train_time:807.108s step_avg:1219.20ms
step:663/3300 train_loss:3.71247 train_time:808.332s step_avg:1219.20ms
step:664/3300 train_loss:3.71437 train_time:809.551s step_avg:1219.20ms
step:665/3300 train_loss:3.73678 train_time:810.774s step_avg:1219.21ms
step:666/3300 train_loss:3.78860 train_time:811.990s step_avg:1219.20ms
step:667/3300 train_loss:3.79874 train_time:813.199s step_avg:1219.19ms
step:668/3300 train_loss:3.77309 train_time:814.403s step_avg:1219.17ms
step:669/3300 train_loss:3.77251 train_time:815.612s step_avg:1219.15ms
step:670/3300 train_loss:3.75850 train_time:816.827s step_avg:1219.14ms
step:671/3300 train_loss:3.74188 train_time:818.039s step_avg:1219.13ms
step:672/3300 train_loss:3.80378 train_time:819.246s step_avg:1219.12ms
step:673/3300 train_loss:3.74603 train_time:820.461s step_avg:1219.11ms
step:674/3300 train_loss:3.73922 train_time:821.665s step_avg:1219.09ms
step:675/3300 train_loss:3.79959 train_time:822.863s step_avg:1219.06ms
step:676/3300 train_loss:3.73646 train_time:824.073s step_avg:1219.04ms
step:677/3300 train_loss:3.73031 train_time:825.284s step_avg:1219.03ms
step:678/3300 train_loss:3.74665 train_time:826.498s step_avg:1219.02ms
step:679/3300 train_loss:3.75990 train_time:827.707s step_avg:1219.01ms
step:680/3300 train_loss:3.76062 train_time:828.926s step_avg:1219.01ms
step:681/3300 train_loss:3.67930 train_time:830.163s step_avg:1219.04ms
step:682/3300 train_loss:3.77301 train_time:831.375s step_avg:1219.02ms
step:683/3300 train_loss:3.82015 train_time:832.586s step_avg:1219.01ms
step:684/3300 train_loss:3.75902 train_time:833.792s step_avg:1218.99ms
step:685/3300 train_loss:3.80210 train_time:835.001s step_avg:1218.98ms
step:686/3300 train_loss:3.80204 train_time:836.211s step_avg:1218.97ms
step:687/3300 train_loss:3.72378 train_time:837.433s step_avg:1218.97ms
step:688/3300 train_loss:3.71674 train_time:838.648s step_avg:1218.97ms
step:689/3300 train_loss:3.72356 train_time:839.874s step_avg:1218.98ms
step:690/3300 train_loss:3.74562 train_time:841.086s step_avg:1218.97ms
step:691/3300 train_loss:3.75902 train_time:842.307s step_avg:1218.97ms
step:692/3300 train_loss:3.72103 train_time:843.526s step_avg:1218.97ms
step:693/3300 train_loss:3.76719 train_time:844.726s step_avg:1218.94ms
step:694/3300 train_loss:3.72438 train_time:845.932s step_avg:1218.92ms
step:695/3300 train_loss:3.68344 train_time:847.138s step_avg:1218.90ms
step:696/3300 train_loss:3.79984 train_time:848.347s step_avg:1218.89ms
step:697/3300 train_loss:3.70128 train_time:849.570s step_avg:1218.89ms
step:698/3300 train_loss:3.73497 train_time:850.785s step_avg:1218.89ms
step:699/3300 train_loss:3.77622 train_time:851.989s step_avg:1218.87ms
step:700/3300 train_loss:3.70901 train_time:853.211s step_avg:1218.87ms
step:701/3300 train_loss:3.71645 train_time:854.425s step_avg:1218.87ms
step:702/3300 train_loss:3.71930 train_time:855.619s step_avg:1218.83ms
step:703/3300 train_loss:3.65754 train_time:856.828s step_avg:1218.82ms
step:704/3300 train_loss:3.72888 train_time:858.047s step_avg:1218.82ms
step:705/3300 train_loss:3.64796 train_time:859.255s step_avg:1218.80ms
step:706/3300 train_loss:3.68885 train_time:860.472s step_avg:1218.80ms
step:707/3300 train_loss:3.76030 train_time:861.693s step_avg:1218.80ms
step:708/3300 train_loss:3.74287 train_time:862.910s step_avg:1218.80ms
step:709/3300 train_loss:3.73274 train_time:864.122s step_avg:1218.79ms
step:710/3300 train_loss:3.71736 train_time:865.326s step_avg:1218.77ms
step:711/3300 train_loss:3.72842 train_time:866.556s step_avg:1218.78ms
step:712/3300 train_loss:3.67850 train_time:867.768s step_avg:1218.77ms
step:713/3300 train_loss:3.77162 train_time:868.979s step_avg:1218.76ms
step:714/3300 train_loss:3.64204 train_time:870.185s step_avg:1218.75ms
step:715/3300 train_loss:3.82084 train_time:871.392s step_avg:1218.73ms
step:716/3300 train_loss:3.71422 train_time:872.640s step_avg:1218.77ms
step:717/3300 train_loss:3.77034 train_time:873.850s step_avg:1218.76ms
step:718/3300 train_loss:3.75160 train_time:875.060s step_avg:1218.75ms
step:719/3300 train_loss:3.76314 train_time:876.269s step_avg:1218.73ms
step:720/3300 train_loss:3.76520 train_time:877.509s step_avg:1218.76ms
step:721/3300 train_loss:3.74656 train_time:878.757s step_avg:1218.80ms
step:722/3300 train_loss:3.74460 train_time:879.987s step_avg:1218.82ms
step:723/3300 train_loss:3.77607 train_time:881.190s step_avg:1218.80ms
step:724/3300 train_loss:3.69683 train_time:882.406s step_avg:1218.79ms
step:725/3300 train_loss:3.70383 train_time:883.634s step_avg:1218.81ms
step:726/3300 train_loss:3.74496 train_time:884.850s step_avg:1218.80ms
step:727/3300 train_loss:3.70247 train_time:886.059s step_avg:1218.79ms
step:728/3300 train_loss:3.72983 train_time:887.269s step_avg:1218.78ms
step:729/3300 train_loss:3.76755 train_time:888.483s step_avg:1218.77ms
step:730/3300 train_loss:3.79552 train_time:889.689s step_avg:1218.75ms
step:731/3300 train_loss:3.75813 train_time:890.907s step_avg:1218.75ms
step:732/3300 train_loss:3.75995 train_time:892.123s step_avg:1218.75ms
step:733/3300 train_loss:3.75870 train_time:893.342s step_avg:1218.75ms
step:734/3300 train_loss:3.81913 train_time:894.546s step_avg:1218.73ms
step:735/3300 train_loss:3.73531 train_time:895.749s step_avg:1218.71ms
step:736/3300 train_loss:3.73916 train_time:896.973s step_avg:1218.71ms
step:737/3300 train_loss:3.77090 train_time:898.185s step_avg:1218.70ms
step:738/3300 train_loss:3.73740 train_time:899.389s step_avg:1218.68ms
step:739/3300 train_loss:3.74151 train_time:900.612s step_avg:1218.69ms
step:740/3300 train_loss:3.84599 train_time:901.823s step_avg:1218.68ms
step:741/3300 train_loss:3.72236 train_time:903.049s step_avg:1218.69ms
step:742/3300 train_loss:3.70271 train_time:904.260s step_avg:1218.68ms
step:743/3300 train_loss:3.74653 train_time:905.472s step_avg:1218.67ms
step:744/3300 train_loss:3.65013 train_time:906.715s step_avg:1218.70ms
step:745/3300 train_loss:3.71267 train_time:907.932s step_avg:1218.70ms
step:746/3300 train_loss:3.73894 train_time:909.152s step_avg:1218.70ms
step:747/3300 train_loss:3.70519 train_time:910.368s step_avg:1218.70ms
step:748/3300 train_loss:3.75037 train_time:911.584s step_avg:1218.70ms
step:749/3300 train_loss:3.67980 train_time:912.797s step_avg:1218.69ms
step:750/3300 train_loss:3.75734 train_time:914.020s step_avg:1218.69ms
step:750/3300 val_loss:3.70795 train_time:914.020s step_avg:1214.70ms
step:751/3300 train_loss:3.68533 train_time:915.235s step_avg:1218.69ms
step:752/3300 train_loss:3.73182 train_time:916.439s step_avg:1218.67ms
step:753/3300 train_loss:3.72862 train_time:917.648s step_avg:1218.66ms
step:754/3300 train_loss:3.81447 train_time:918.860s step_avg:1218.65ms
step:755/3300 train_loss:3.75988 train_time:920.062s step_avg:1218.62ms
step:756/3300 train_loss:3.81709 train_time:921.298s step_avg:1218.65ms
step:757/3300 train_loss:3.73047 train_time:922.521s step_avg:1218.65ms
step:758/3300 train_loss:3.73677 train_time:923.737s step_avg:1218.65ms
step:759/3300 train_loss:3.68980 train_time:924.944s step_avg:1218.63ms
step:760/3300 train_loss:3.74117 train_time:926.152s step_avg:1218.62ms
step:761/3300 train_loss:3.68834 train_time:927.404s step_avg:1218.67ms
step:762/3300 train_loss:3.68315 train_time:928.616s step_avg:1218.66ms
step:763/3300 train_loss:3.74144 train_time:929.822s step_avg:1218.64ms
step:764/3300 train_loss:3.70624 train_time:931.038s step_avg:1218.64ms
step:765/3300 train_loss:3.86073 train_time:932.243s step_avg:1218.62ms
step:766/3300 train_loss:3.80290 train_time:933.457s step_avg:1218.61ms
step:767/3300 train_loss:3.75570 train_time:934.664s step_avg:1218.60ms
step:768/3300 train_loss:3.80497 train_time:935.876s step_avg:1218.59ms
step:769/3300 train_loss:3.87426 train_time:937.080s step_avg:1218.57ms
step:770/3300 train_loss:3.71594 train_time:938.294s step_avg:1218.56ms
step:771/3300 train_loss:3.76381 train_time:939.505s step_avg:1218.55ms
step:772/3300 train_loss:3.68763 train_time:940.716s step_avg:1218.54ms
step:773/3300 train_loss:3.73476 train_time:941.921s step_avg:1218.53ms
step:774/3300 train_loss:3.74032 train_time:943.136s step_avg:1218.52ms
step:775/3300 train_loss:3.74285 train_time:944.345s step_avg:1218.51ms
step:776/3300 train_loss:3.67058 train_time:945.562s step_avg:1218.51ms
step:777/3300 train_loss:3.69953 train_time:946.771s step_avg:1218.50ms
step:778/3300 train_loss:3.75485 train_time:947.980s step_avg:1218.48ms
step:779/3300 train_loss:3.70432 train_time:949.183s step_avg:1218.46ms
step:780/3300 train_loss:3.71701 train_time:950.392s step_avg:1218.45ms
step:781/3300 train_loss:3.70512 train_time:951.602s step_avg:1218.44ms
step:782/3300 train_loss:3.72007 train_time:952.810s step_avg:1218.43ms
step:783/3300 train_loss:3.69266 train_time:954.020s step_avg:1218.42ms
step:784/3300 train_loss:3.70407 train_time:955.241s step_avg:1218.42ms
step:785/3300 train_loss:3.65973 train_time:956.450s step_avg:1218.41ms
step:786/3300 train_loss:3.71999 train_time:957.664s step_avg:1218.40ms
step:787/3300 train_loss:3.71570 train_time:958.902s step_avg:1218.43ms
step:788/3300 train_loss:3.69439 train_time:960.102s step_avg:1218.40ms
step:789/3300 train_loss:3.77155 train_time:961.333s step_avg:1218.42ms
step:790/3300 train_loss:3.71468 train_time:962.601s step_avg:1218.48ms
step:791/3300 train_loss:3.80941 train_time:963.808s step_avg:1218.47ms
step:792/3300 train_loss:3.77201 train_time:965.017s step_avg:1218.46ms
step:793/3300 train_loss:3.70192 train_time:966.222s step_avg:1218.44ms
step:794/3300 train_loss:4.04136 train_time:967.434s step_avg:1218.43ms
step:795/3300 train_loss:3.70761 train_time:968.641s step_avg:1218.42ms
step:796/3300 train_loss:3.73132 train_time:969.847s step_avg:1218.40ms
step:797/3300 train_loss:3.72429 train_time:971.067s step_avg:1218.40ms
step:798/3300 train_loss:3.78219 train_time:972.275s step_avg:1218.39ms
step:799/3300 train_loss:3.72303 train_time:973.493s step_avg:1218.39ms
step:800/3300 train_loss:3.72107 train_time:974.702s step_avg:1218.38ms
step:801/3300 train_loss:3.86028 train_time:975.917s step_avg:1218.37ms
step:802/3300 train_loss:3.69183 train_time:977.119s step_avg:1218.35ms
step:803/3300 train_loss:3.71249 train_time:978.324s step_avg:1218.34ms
step:804/3300 train_loss:3.71686 train_time:979.548s step_avg:1218.34ms
step:805/3300 train_loss:3.72342 train_time:980.760s step_avg:1218.34ms
step:806/3300 train_loss:3.71678 train_time:981.987s step_avg:1218.35ms
step:807/3300 train_loss:3.68768 train_time:983.201s step_avg:1218.34ms
step:808/3300 train_loss:3.71716 train_time:984.417s step_avg:1218.34ms
step:809/3300 train_loss:3.70827 train_time:985.656s step_avg:1218.36ms
step:810/3300 train_loss:3.72583 train_time:986.863s step_avg:1218.35ms
step:811/3300 train_loss:3.72188 train_time:988.071s step_avg:1218.34ms
step:812/3300 train_loss:3.81130 train_time:989.295s step_avg:1218.34ms
step:813/3300 train_loss:3.77924 train_time:990.521s step_avg:1218.35ms
step:814/3300 train_loss:3.69931 train_time:991.746s step_avg:1218.36ms
step:815/3300 train_loss:3.72450 train_time:992.953s step_avg:1218.35ms
step:816/3300 train_loss:3.70615 train_time:994.184s step_avg:1218.36ms
step:817/3300 train_loss:3.74464 train_time:995.419s step_avg:1218.38ms
step:818/3300 train_loss:3.67744 train_time:996.619s step_avg:1218.36ms
step:819/3300 train_loss:3.66754 train_time:997.824s step_avg:1218.34ms
step:820/3300 train_loss:3.68586 train_time:999.026s step_avg:1218.32ms
step:821/3300 train_loss:3.72542 train_time:1000.255s step_avg:1218.34ms
step:822/3300 train_loss:3.65114 train_time:1001.464s step_avg:1218.33ms
step:823/3300 train_loss:3.63974 train_time:1002.682s step_avg:1218.33ms
step:824/3300 train_loss:3.70415 train_time:1003.898s step_avg:1218.32ms
step:825/3300 train_loss:3.61568 train_time:1005.106s step_avg:1218.31ms
step:826/3300 train_loss:3.66907 train_time:1006.308s step_avg:1218.29ms
step:827/3300 train_loss:3.70680 train_time:1007.517s step_avg:1218.28ms
step:828/3300 train_loss:3.67831 train_time:1008.725s step_avg:1218.27ms
step:829/3300 train_loss:3.72531 train_time:1009.945s step_avg:1218.27ms
step:830/3300 train_loss:3.75104 train_time:1011.165s step_avg:1218.27ms
step:831/3300 train_loss:3.80364 train_time:1012.385s step_avg:1218.27ms
step:832/3300 train_loss:3.71301 train_time:1013.586s step_avg:1218.25ms
step:833/3300 train_loss:3.69728 train_time:1014.798s step_avg:1218.25ms
step:834/3300 train_loss:3.69586 train_time:1016.012s step_avg:1218.24ms
step:835/3300 train_loss:3.66131 train_time:1017.222s step_avg:1218.23ms
step:836/3300 train_loss:3.69346 train_time:1018.437s step_avg:1218.23ms
step:837/3300 train_loss:3.67008 train_time:1019.647s step_avg:1218.22ms
step:838/3300 train_loss:3.74545 train_time:1020.857s step_avg:1218.21ms
step:839/3300 train_loss:3.70331 train_time:1022.071s step_avg:1218.20ms
step:840/3300 train_loss:3.69009 train_time:1023.291s step_avg:1218.20ms
step:841/3300 train_loss:3.70996 train_time:1024.511s step_avg:1218.21ms
step:842/3300 train_loss:3.66449 train_time:1025.739s step_avg:1218.22ms
step:843/3300 train_loss:3.69549 train_time:1026.946s step_avg:1218.20ms
step:844/3300 train_loss:3.72726 train_time:1028.147s step_avg:1218.18ms
step:845/3300 train_loss:3.71457 train_time:1029.360s step_avg:1218.18ms
step:846/3300 train_loss:3.69485 train_time:1030.575s step_avg:1218.17ms
step:847/3300 train_loss:3.68186 train_time:1031.798s step_avg:1218.18ms
step:848/3300 train_loss:3.74049 train_time:1033.011s step_avg:1218.17ms
step:849/3300 train_loss:3.68375 train_time:1034.236s step_avg:1218.18ms
step:850/3300 train_loss:3.75762 train_time:1035.447s step_avg:1218.17ms
step:851/3300 train_loss:3.69626 train_time:1036.661s step_avg:1218.17ms
step:852/3300 train_loss:3.70328 train_time:1037.870s step_avg:1218.16ms
step:853/3300 train_loss:3.69938 train_time:1039.080s step_avg:1218.15ms
step:854/3300 train_loss:3.66763 train_time:1040.294s step_avg:1218.14ms
step:855/3300 train_loss:3.71813 train_time:1041.525s step_avg:1218.16ms
step:856/3300 train_loss:3.74486 train_time:1042.745s step_avg:1218.16ms
step:857/3300 train_loss:3.65170 train_time:1043.955s step_avg:1218.15ms
step:858/3300 train_loss:3.68083 train_time:1045.165s step_avg:1218.14ms
step:859/3300 train_loss:3.70075 train_time:1046.366s step_avg:1218.12ms
step:860/3300 train_loss:3.66691 train_time:1047.569s step_avg:1218.10ms
step:861/3300 train_loss:3.67455 train_time:1048.788s step_avg:1218.10ms
step:862/3300 train_loss:3.64593 train_time:1050.006s step_avg:1218.10ms
step:863/3300 train_loss:3.70946 train_time:1051.228s step_avg:1218.11ms
step:864/3300 train_loss:3.70634 train_time:1052.437s step_avg:1218.10ms
step:865/3300 train_loss:3.80978 train_time:1053.648s step_avg:1218.09ms
step:866/3300 train_loss:3.73114 train_time:1054.875s step_avg:1218.10ms
step:867/3300 train_loss:3.67701 train_time:1056.085s step_avg:1218.09ms
step:868/3300 train_loss:3.63783 train_time:1057.291s step_avg:1218.08ms
step:869/3300 train_loss:3.66562 train_time:1058.502s step_avg:1218.07ms
step:870/3300 train_loss:3.70457 train_time:1059.711s step_avg:1218.06ms
step:871/3300 train_loss:3.67019 train_time:1060.928s step_avg:1218.06ms
step:872/3300 train_loss:3.71453 train_time:1062.142s step_avg:1218.05ms
step:873/3300 train_loss:3.68991 train_time:1063.353s step_avg:1218.04ms
step:874/3300 train_loss:3.64518 train_time:1064.565s step_avg:1218.04ms
step:875/3300 train_loss:3.68059 train_time:1065.773s step_avg:1218.03ms
step:875/3300 val_loss:3.66999 train_time:1065.773s step_avg:1214.03ms
step:876/3300 train_loss:3.72887 train_time:1066.993s step_avg:1218.03ms
step:877/3300 train_loss:3.67244 train_time:1068.198s step_avg:1218.01ms
step:878/3300 train_loss:3.73536 train_time:1069.412s step_avg:1218.01ms
step:879/3300 train_loss:3.68566 train_time:1070.628s step_avg:1218.01ms
step:880/3300 train_loss:3.65439 train_time:1071.838s step_avg:1218.00ms
step:881/3300 train_loss:3.68003 train_time:1073.060s step_avg:1218.00ms
step:882/3300 train_loss:3.69444 train_time:1074.268s step_avg:1217.99ms
step:883/3300 train_loss:3.69575 train_time:1075.469s step_avg:1217.97ms
step:884/3300 train_loss:3.68498 train_time:1076.686s step_avg:1217.97ms
step:885/3300 train_loss:3.65838 train_time:1077.893s step_avg:1217.96ms
step:886/3300 train_loss:3.68678 train_time:1079.109s step_avg:1217.96ms
step:887/3300 train_loss:3.81341 train_time:1080.312s step_avg:1217.94ms
step:888/3300 train_loss:3.70094 train_time:1081.524s step_avg:1217.93ms
step:889/3300 train_loss:3.63534 train_time:1082.733s step_avg:1217.92ms
step:890/3300 train_loss:3.61299 train_time:1083.932s step_avg:1217.90ms
step:891/3300 train_loss:3.67830 train_time:1085.143s step_avg:1217.89ms
step:892/3300 train_loss:3.71624 train_time:1086.360s step_avg:1217.89ms
step:893/3300 train_loss:3.61286 train_time:1087.576s step_avg:1217.89ms
step:894/3300 train_loss:3.69918 train_time:1088.779s step_avg:1217.87ms
step:895/3300 train_loss:3.69852 train_time:1089.990s step_avg:1217.87ms
step:896/3300 train_loss:3.69367 train_time:1091.230s step_avg:1217.89ms
step:897/3300 train_loss:3.68768 train_time:1092.435s step_avg:1217.88ms
step:898/3300 train_loss:3.73149 train_time:1093.654s step_avg:1217.88ms
step:899/3300 train_loss:3.68606 train_time:1094.869s step_avg:1217.87ms
step:900/3300 train_loss:3.62468 train_time:1096.075s step_avg:1217.86ms
step:901/3300 train_loss:3.66914 train_time:1097.309s step_avg:1217.88ms
step:902/3300 train_loss:3.97416 train_time:1098.515s step_avg:1217.87ms
step:903/3300 train_loss:3.66179 train_time:1099.725s step_avg:1217.86ms
step:904/3300 train_loss:3.66956 train_time:1100.936s step_avg:1217.85ms
step:905/3300 train_loss:3.72452 train_time:1102.141s step_avg:1217.84ms
step:906/3300 train_loss:3.72396 train_time:1103.357s step_avg:1217.83ms
step:907/3300 train_loss:3.65293 train_time:1104.572s step_avg:1217.83ms
step:908/3300 train_loss:3.71711 train_time:1105.777s step_avg:1217.82ms
step:909/3300 train_loss:3.81859 train_time:1107.001s step_avg:1217.82ms
step:910/3300 train_loss:3.64210 train_time:1108.223s step_avg:1217.83ms
step:911/3300 train_loss:3.68890 train_time:1109.440s step_avg:1217.83ms
step:912/3300 train_loss:3.64184 train_time:1110.654s step_avg:1217.82ms
step:913/3300 train_loss:3.67208 train_time:1111.864s step_avg:1217.81ms
step:914/3300 train_loss:3.74686 train_time:1113.090s step_avg:1217.82ms
step:915/3300 train_loss:3.69542 train_time:1114.298s step_avg:1217.81ms
step:916/3300 train_loss:3.78036 train_time:1115.515s step_avg:1217.81ms
step:917/3300 train_loss:3.67291 train_time:1116.722s step_avg:1217.80ms
step:918/3300 train_loss:3.82647 train_time:1117.938s step_avg:1217.80ms
step:919/3300 train_loss:3.68459 train_time:1119.148s step_avg:1217.79ms
step:920/3300 train_loss:3.72149 train_time:1120.359s step_avg:1217.78ms
step:921/3300 train_loss:3.63525 train_time:1121.579s step_avg:1217.78ms
step:922/3300 train_loss:3.65632 train_time:1122.787s step_avg:1217.77ms
step:923/3300 train_loss:3.63807 train_time:1124.004s step_avg:1217.77ms
step:924/3300 train_loss:3.69081 train_time:1125.215s step_avg:1217.77ms
step:925/3300 train_loss:3.68638 train_time:1126.418s step_avg:1217.75ms
step:926/3300 train_loss:3.71056 train_time:1127.629s step_avg:1217.74ms
step:927/3300 train_loss:3.64821 train_time:1128.839s step_avg:1217.73ms
step:928/3300 train_loss:3.67127 train_time:1130.055s step_avg:1217.73ms
step:929/3300 train_loss:3.79535 train_time:1131.261s step_avg:1217.72ms
step:930/3300 train_loss:3.65334 train_time:1132.483s step_avg:1217.72ms
step:931/3300 train_loss:3.65145 train_time:1133.711s step_avg:1217.73ms
step:932/3300 train_loss:3.81389 train_time:1134.918s step_avg:1217.72ms
step:933/3300 train_loss:3.64517 train_time:1136.130s step_avg:1217.72ms
step:934/3300 train_loss:3.78026 train_time:1137.344s step_avg:1217.71ms
step:935/3300 train_loss:3.71412 train_time:1138.554s step_avg:1217.71ms
step:936/3300 train_loss:3.67058 train_time:1139.764s step_avg:1217.70ms
step:937/3300 train_loss:3.62298 train_time:1140.976s step_avg:1217.69ms
step:938/3300 train_loss:3.69465 train_time:1142.181s step_avg:1217.68ms
step:939/3300 train_loss:3.65555 train_time:1143.391s step_avg:1217.67ms
step:940/3300 train_loss:3.63634 train_time:1144.599s step_avg:1217.66ms
step:941/3300 train_loss:3.76088 train_time:1145.818s step_avg:1217.66ms
step:942/3300 train_loss:3.65385 train_time:1147.028s step_avg:1217.65ms
step:943/3300 train_loss:3.71694 train_time:1148.240s step_avg:1217.65ms
step:944/3300 train_loss:3.70534 train_time:1149.451s step_avg:1217.64ms
step:945/3300 train_loss:3.68392 train_time:1150.660s step_avg:1217.63ms
step:946/3300 train_loss:3.85293 train_time:1151.898s step_avg:1217.65ms
step:947/3300 train_loss:3.71071 train_time:1153.108s step_avg:1217.64ms
step:948/3300 train_loss:3.65029 train_time:1154.326s step_avg:1217.64ms
step:949/3300 train_loss:3.67379 train_time:1155.543s step_avg:1217.64ms
step:950/3300 train_loss:3.67434 train_time:1156.747s step_avg:1217.63ms
step:951/3300 train_loss:3.65111 train_time:1158.014s step_avg:1217.68ms
step:952/3300 train_loss:3.72003 train_time:1159.218s step_avg:1217.67ms
step:953/3300 train_loss:3.64384 train_time:1160.426s step_avg:1217.66ms
step:954/3300 train_loss:3.67586 train_time:1161.652s step_avg:1217.67ms
step:955/3300 train_loss:3.69850 train_time:1162.859s step_avg:1217.65ms
step:956/3300 train_loss:3.68256 train_time:1164.077s step_avg:1217.65ms
step:957/3300 train_loss:3.75217 train_time:1165.289s step_avg:1217.65ms
step:958/3300 train_loss:3.71380 train_time:1166.508s step_avg:1217.65ms
step:959/3300 train_loss:3.71420 train_time:1167.718s step_avg:1217.64ms
step:960/3300 train_loss:3.63792 train_time:1168.928s step_avg:1217.63ms
step:961/3300 train_loss:3.67229 train_time:1170.153s step_avg:1217.64ms
step:962/3300 train_loss:3.65033 train_time:1171.365s step_avg:1217.63ms
step:963/3300 train_loss:3.65041 train_time:1172.598s step_avg:1217.65ms
step:964/3300 train_loss:3.63932 train_time:1173.802s step_avg:1217.64ms
step:965/3300 train_loss:3.68289 train_time:1175.015s step_avg:1217.63ms
step:966/3300 train_loss:3.68675 train_time:1176.238s step_avg:1217.64ms
step:967/3300 train_loss:3.69439 train_time:1177.442s step_avg:1217.62ms
step:968/3300 train_loss:3.66884 train_time:1178.649s step_avg:1217.61ms
step:969/3300 train_loss:3.65360 train_time:1179.859s step_avg:1217.60ms
step:970/3300 train_loss:3.65388 train_time:1181.062s step_avg:1217.59ms
step:971/3300 train_loss:3.63900 train_time:1182.293s step_avg:1217.60ms
step:972/3300 train_loss:3.66194 train_time:1183.506s step_avg:1217.60ms
step:973/3300 train_loss:3.71816 train_time:1184.718s step_avg:1217.59ms
step:974/3300 train_loss:3.66441 train_time:1185.922s step_avg:1217.58ms
step:975/3300 train_loss:3.70282 train_time:1187.130s step_avg:1217.57ms
step:976/3300 train_loss:3.67713 train_time:1188.346s step_avg:1217.57ms
step:977/3300 train_loss:3.64989 train_time:1189.561s step_avg:1217.56ms
step:978/3300 train_loss:3.61938 train_time:1190.762s step_avg:1217.55ms
step:979/3300 train_loss:3.68557 train_time:1191.963s step_avg:1217.53ms
step:980/3300 train_loss:3.65246 train_time:1193.174s step_avg:1217.52ms
step:981/3300 train_loss:3.68157 train_time:1194.390s step_avg:1217.52ms
step:982/3300 train_loss:3.68093 train_time:1195.600s step_avg:1217.52ms
step:983/3300 train_loss:3.66122 train_time:1196.806s step_avg:1217.50ms
step:984/3300 train_loss:3.74600 train_time:1198.017s step_avg:1217.50ms
step:985/3300 train_loss:3.72540 train_time:1199.223s step_avg:1217.49ms
step:986/3300 train_loss:3.65626 train_time:1200.440s step_avg:1217.48ms
step:987/3300 train_loss:3.68289 train_time:1201.655s step_avg:1217.48ms
step:988/3300 train_loss:3.60889 train_time:1202.863s step_avg:1217.47ms
step:989/3300 train_loss:3.64297 train_time:1204.091s step_avg:1217.48ms
step:990/3300 train_loss:3.65748 train_time:1205.307s step_avg:1217.48ms
step:991/3300 train_loss:3.65911 train_time:1206.523s step_avg:1217.48ms
step:992/3300 train_loss:3.65895 train_time:1207.735s step_avg:1217.47ms
step:993/3300 train_loss:3.64778 train_time:1208.943s step_avg:1217.47ms
step:994/3300 train_loss:3.62979 train_time:1210.157s step_avg:1217.46ms
step:995/3300 train_loss:3.71381 train_time:1211.366s step_avg:1217.45ms
step:996/3300 train_loss:3.61734 train_time:1212.584s step_avg:1217.45ms
step:997/3300 train_loss:3.66808 train_time:1213.801s step_avg:1217.45ms
step:998/3300 train_loss:3.68948 train_time:1215.012s step_avg:1217.45ms
step:999/3300 train_loss:3.69160 train_time:1216.238s step_avg:1217.46ms
step:1000/3300 train_loss:3.69360 train_time:1217.451s step_avg:1217.45ms
step:1000/3300 val_loss:3.63732 train_time:1217.451s step_avg:1213.42ms
step:1001/3300 train_loss:3.61362 train_time:1218.674s step_avg:1217.46ms
step:1002/3300 train_loss:3.67677 train_time:1219.889s step_avg:1217.45ms
step:1003/3300 train_loss:3.67981 train_time:1221.099s step_avg:1217.45ms
step:1004/3300 train_loss:3.69267 train_time:1222.301s step_avg:1217.43ms
step:1005/3300 train_loss:3.66591 train_time:1223.511s step_avg:1217.42ms
step:1006/3300 train_loss:3.61514 train_time:1224.733s step_avg:1217.43ms
step:1007/3300 train_loss:3.68635 train_time:1225.969s step_avg:1217.45ms
step:1008/3300 train_loss:3.71387 train_time:1227.176s step_avg:1217.44ms
step:1009/3300 train_loss:3.71233 train_time:1228.380s step_avg:1217.42ms
step:1010/3300 train_loss:3.63653 train_time:1229.591s step_avg:1217.42ms
step:1011/3300 train_loss:3.67492 train_time:1230.803s step_avg:1217.41ms
step:1012/3300 train_loss:3.57909 train_time:1232.012s step_avg:1217.40ms
step:1013/3300 train_loss:3.66847 train_time:1233.215s step_avg:1217.39ms
step:1014/3300 train_loss:3.68428 train_time:1234.428s step_avg:1217.38ms
step:1015/3300 train_loss:3.65006 train_time:1235.644s step_avg:1217.38ms
step:1016/3300 train_loss:3.66287 train_time:1236.855s step_avg:1217.38ms
step:1017/3300 train_loss:3.63121 train_time:1238.065s step_avg:1217.37ms
step:1018/3300 train_loss:3.66233 train_time:1239.290s step_avg:1217.38ms
step:1019/3300 train_loss:3.67276 train_time:1240.508s step_avg:1217.38ms
step:1020/3300 train_loss:3.67234 train_time:1241.724s step_avg:1217.38ms
step:1021/3300 train_loss:3.66622 train_time:1242.943s step_avg:1217.38ms
step:1022/3300 train_loss:3.68375 train_time:1244.159s step_avg:1217.38ms
step:1023/3300 train_loss:3.66234 train_time:1245.367s step_avg:1217.37ms
step:1024/3300 train_loss:3.67435 train_time:1246.587s step_avg:1217.37ms
step:1025/3300 train_loss:3.63458 train_time:1247.798s step_avg:1217.36ms
step:1026/3300 train_loss:3.65718 train_time:1249.018s step_avg:1217.37ms
step:1027/3300 train_loss:3.64738 train_time:1250.227s step_avg:1217.36ms
step:1028/3300 train_loss:3.65985 train_time:1251.440s step_avg:1217.35ms
step:1029/3300 train_loss:3.71933 train_time:1252.648s step_avg:1217.35ms
step:1030/3300 train_loss:3.65184 train_time:1253.944s step_avg:1217.42ms
step:1031/3300 train_loss:3.61873 train_time:1255.188s step_avg:1217.45ms
step:1032/3300 train_loss:3.67706 train_time:1256.404s step_avg:1217.45ms
step:1033/3300 train_loss:3.66516 train_time:1257.606s step_avg:1217.43ms
step:1034/3300 train_loss:3.64221 train_time:1258.979s step_avg:1217.58ms
step:1035/3300 train_loss:3.64155 train_time:1260.188s step_avg:1217.57ms
step:1036/3300 train_loss:3.86820 train_time:1261.401s step_avg:1217.57ms
step:1037/3300 train_loss:3.66171 train_time:1262.606s step_avg:1217.56ms
step:1038/3300 train_loss:3.66603 train_time:1263.808s step_avg:1217.54ms
step:1039/3300 train_loss:3.67490 train_time:1265.031s step_avg:1217.55ms
step:1040/3300 train_loss:3.64030 train_time:1266.244s step_avg:1217.54ms
step:1041/3300 train_loss:3.63839 train_time:1267.452s step_avg:1217.53ms
step:1042/3300 train_loss:3.69759 train_time:1268.708s step_avg:1217.57ms
step:1043/3300 train_loss:3.66502 train_time:1269.913s step_avg:1217.56ms
step:1044/3300 train_loss:3.57971 train_time:1271.126s step_avg:1217.55ms
step:1045/3300 train_loss:3.65573 train_time:1272.338s step_avg:1217.55ms
step:1046/3300 train_loss:3.65614 train_time:1273.562s step_avg:1217.55ms
step:1047/3300 train_loss:3.73098 train_time:1274.766s step_avg:1217.54ms
step:1048/3300 train_loss:3.62197 train_time:1275.978s step_avg:1217.54ms
step:1049/3300 train_loss:3.60508 train_time:1277.200s step_avg:1217.54ms
step:1050/3300 train_loss:3.74982 train_time:1278.407s step_avg:1217.53ms
step:1051/3300 train_loss:3.65531 train_time:1279.633s step_avg:1217.54ms
step:1052/3300 train_loss:3.63172 train_time:1280.847s step_avg:1217.53ms
step:1053/3300 train_loss:3.66359 train_time:1282.059s step_avg:1217.53ms
step:1054/3300 train_loss:3.58688 train_time:1283.264s step_avg:1217.52ms
step:1055/3300 train_loss:3.61042 train_time:1284.477s step_avg:1217.51ms
step:1056/3300 train_loss:3.60961 train_time:1285.693s step_avg:1217.51ms
step:1057/3300 train_loss:3.65243 train_time:1286.900s step_avg:1217.50ms
step:1058/3300 train_loss:3.64123 train_time:1288.108s step_avg:1217.49ms
step:1059/3300 train_loss:3.68242 train_time:1289.319s step_avg:1217.49ms
step:1060/3300 train_loss:3.56853 train_time:1290.526s step_avg:1217.48ms
step:1061/3300 train_loss:3.71069 train_time:1291.733s step_avg:1217.47ms
step:1062/3300 train_loss:3.64049 train_time:1292.941s step_avg:1217.46ms
step:1063/3300 train_loss:3.61235 train_time:1294.168s step_avg:1217.47ms
step:1064/3300 train_loss:3.66388 train_time:1295.385s step_avg:1217.47ms
step:1065/3300 train_loss:3.59734 train_time:1296.597s step_avg:1217.46ms
step:1066/3300 train_loss:3.63061 train_time:1297.829s step_avg:1217.48ms
step:1067/3300 train_loss:3.64446 train_time:1299.045s step_avg:1217.47ms
step:1068/3300 train_loss:3.65966 train_time:1300.267s step_avg:1217.48ms
step:1069/3300 train_loss:3.64465 train_time:1301.467s step_avg:1217.46ms
step:1070/3300 train_loss:3.66126 train_time:1302.673s step_avg:1217.45ms
step:1071/3300 train_loss:3.58464 train_time:1303.896s step_avg:1217.46ms
step:1072/3300 train_loss:3.67611 train_time:1305.105s step_avg:1217.45ms
step:1073/3300 train_loss:3.55845 train_time:1306.316s step_avg:1217.44ms
step:1074/3300 train_loss:3.65999 train_time:1307.519s step_avg:1217.43ms
step:1075/3300 train_loss:3.62738 train_time:1308.732s step_avg:1217.43ms
step:1076/3300 train_loss:3.70002 train_time:1309.951s step_avg:1217.43ms
step:1077/3300 train_loss:3.66312 train_time:1311.164s step_avg:1217.42ms
step:1078/3300 train_loss:3.60433 train_time:1312.367s step_avg:1217.41ms
step:1079/3300 train_loss:3.64023 train_time:1313.579s step_avg:1217.40ms
step:1080/3300 train_loss:3.63901 train_time:1314.796s step_avg:1217.40ms
step:1081/3300 train_loss:3.61453 train_time:1316.009s step_avg:1217.40ms
step:1082/3300 train_loss:3.61541 train_time:1317.206s step_avg:1217.38ms
step:1083/3300 train_loss:3.65139 train_time:1318.404s step_avg:1217.36ms
step:1084/3300 train_loss:3.62066 train_time:1319.611s step_avg:1217.35ms
step:1085/3300 train_loss:3.63617 train_time:1320.822s step_avg:1217.35ms
step:1086/3300 train_loss:3.64609 train_time:1322.036s step_avg:1217.34ms
step:1087/3300 train_loss:3.62075 train_time:1323.239s step_avg:1217.33ms
step:1088/3300 train_loss:3.60602 train_time:1324.452s step_avg:1217.33ms
step:1089/3300 train_loss:3.59912 train_time:1325.680s step_avg:1217.34ms
step:1090/3300 train_loss:3.65670 train_time:1326.906s step_avg:1217.34ms
step:1091/3300 train_loss:3.62914 train_time:1328.116s step_avg:1217.34ms
step:1092/3300 train_loss:3.58992 train_time:1329.330s step_avg:1217.33ms
step:1093/3300 train_loss:3.63710 train_time:1330.545s step_avg:1217.33ms
step:1094/3300 train_loss:3.66556 train_time:1331.753s step_avg:1217.32ms
step:1095/3300 train_loss:3.57455 train_time:1332.966s step_avg:1217.32ms
step:1096/3300 train_loss:3.60440 train_time:1334.175s step_avg:1217.31ms
step:1097/3300 train_loss:3.66868 train_time:1335.403s step_avg:1217.32ms
step:1098/3300 train_loss:3.67117 train_time:1336.608s step_avg:1217.31ms
step:1099/3300 train_loss:3.67268 train_time:1337.812s step_avg:1217.30ms
step:1100/3300 train_loss:3.65226 train_time:1339.026s step_avg:1217.30ms
step:1101/3300 train_loss:3.65115 train_time:1340.271s step_avg:1217.32ms
step:1102/3300 train_loss:3.64800 train_time:1341.479s step_avg:1217.31ms
step:1103/3300 train_loss:3.64378 train_time:1342.695s step_avg:1217.31ms
step:1104/3300 train_loss:3.69844 train_time:1343.917s step_avg:1217.32ms
step:1105/3300 train_loss:3.74996 train_time:1345.135s step_avg:1217.32ms
step:1106/3300 train_loss:3.67057 train_time:1346.348s step_avg:1217.31ms
step:1107/3300 train_loss:3.66724 train_time:1347.554s step_avg:1217.30ms
step:1108/3300 train_loss:3.61483 train_time:1348.776s step_avg:1217.31ms
step:1109/3300 train_loss:3.62727 train_time:1350.002s step_avg:1217.31ms
step:1110/3300 train_loss:3.58220 train_time:1351.208s step_avg:1217.30ms
step:1111/3300 train_loss:3.54062 train_time:1352.417s step_avg:1217.30ms
step:1112/3300 train_loss:3.57921 train_time:1353.631s step_avg:1217.29ms
step:1113/3300 train_loss:3.68304 train_time:1354.836s step_avg:1217.28ms
step:1114/3300 train_loss:3.64950 train_time:1356.069s step_avg:1217.30ms
step:1115/3300 train_loss:3.67609 train_time:1357.274s step_avg:1217.29ms
step:1116/3300 train_loss:3.69053 train_time:1358.502s step_avg:1217.30ms
step:1117/3300 train_loss:3.69796 train_time:1359.717s step_avg:1217.29ms
step:1118/3300 train_loss:3.62004 train_time:1360.932s step_avg:1217.29ms
step:1119/3300 train_loss:3.61460 train_time:1362.138s step_avg:1217.28ms
step:1120/3300 train_loss:3.71253 train_time:1363.350s step_avg:1217.28ms
step:1121/3300 train_loss:3.64359 train_time:1364.568s step_avg:1217.28ms
step:1122/3300 train_loss:3.57918 train_time:1365.781s step_avg:1217.27ms
step:1123/3300 train_loss:3.61064 train_time:1366.995s step_avg:1217.27ms
step:1124/3300 train_loss:3.62553 train_time:1368.201s step_avg:1217.26ms
step:1125/3300 train_loss:3.64305 train_time:1369.413s step_avg:1217.26ms
step:1125/3300 val_loss:3.60719 train_time:1369.413s step_avg:1215.70ms
step:1126/3300 train_loss:3.58924 train_time:1370.635s step_avg:1217.26ms
step:1127/3300 train_loss:3.67619 train_time:1371.842s step_avg:1217.25ms
step:1128/3300 train_loss:3.62126 train_time:1373.055s step_avg:1217.25ms
step:1129/3300 train_loss:3.61923 train_time:1374.261s step_avg:1217.24ms
step:1130/3300 train_loss:3.60458 train_time:1375.468s step_avg:1217.23ms
step:1131/3300 train_loss:3.63071 train_time:1376.686s step_avg:1217.23ms
step:1132/3300 train_loss:3.62497 train_time:1377.899s step_avg:1217.23ms
step:1133/3300 train_loss:3.67933 train_time:1379.104s step_avg:1217.21ms
step:1134/3300 train_loss:3.64463 train_time:1380.305s step_avg:1217.20ms
step:1135/3300 train_loss:3.67211 train_time:1381.511s step_avg:1217.19ms
step:1136/3300 train_loss:3.60531 train_time:1382.740s step_avg:1217.20ms
step:1137/3300 train_loss:3.71759 train_time:1383.940s step_avg:1217.19ms
step:1138/3300 train_loss:3.59508 train_time:1385.142s step_avg:1217.17ms
step:1139/3300 train_loss:3.63556 train_time:1386.371s step_avg:1217.18ms
step:1140/3300 train_loss:3.61537 train_time:1387.581s step_avg:1217.18ms
step:1141/3300 train_loss:3.67777 train_time:1388.827s step_avg:1217.20ms
step:1142/3300 train_loss:3.62348 train_time:1390.032s step_avg:1217.19ms
step:1143/3300 train_loss:3.60200 train_time:1391.241s step_avg:1217.18ms
step:1144/3300 train_loss:3.60867 train_time:1392.443s step_avg:1217.17ms
step:1145/3300 train_loss:3.65954 train_time:1393.653s step_avg:1217.16ms
step:1146/3300 train_loss:3.70532 train_time:1394.870s step_avg:1217.16ms
step:1147/3300 train_loss:3.65114 train_time:1396.143s step_avg:1217.21ms
step:1148/3300 train_loss:3.68953 train_time:1397.355s step_avg:1217.21ms
step:1149/3300 train_loss:3.59488 train_time:1398.563s step_avg:1217.20ms
step:1150/3300 train_loss:3.58135 train_time:1399.765s step_avg:1217.19ms
step:1151/3300 train_loss:3.60571 train_time:1400.983s step_avg:1217.19ms
step:1152/3300 train_loss:3.68634 train_time:1402.201s step_avg:1217.19ms
step:1153/3300 train_loss:3.58678 train_time:1403.402s step_avg:1217.17ms
step:1154/3300 train_loss:3.62492 train_time:1404.602s step_avg:1217.16ms
step:1155/3300 train_loss:3.66752 train_time:1405.806s step_avg:1217.15ms
step:1156/3300 train_loss:3.65586 train_time:1407.024s step_avg:1217.15ms
step:1157/3300 train_loss:3.62350 train_time:1408.234s step_avg:1217.14ms
step:1158/3300 train_loss:3.67144 train_time:1409.444s step_avg:1217.14ms
step:1159/3300 train_loss:3.62586 train_time:1410.656s step_avg:1217.13ms
step:1160/3300 train_loss:3.59649 train_time:1411.865s step_avg:1217.12ms
step:1161/3300 train_loss:3.53940 train_time:1413.070s step_avg:1217.11ms
step:1162/3300 train_loss:3.64152 train_time:1414.284s step_avg:1217.11ms
step:1163/3300 train_loss:3.60613 train_time:1415.494s step_avg:1217.11ms
step:1164/3300 train_loss:3.58143 train_time:1416.702s step_avg:1217.10ms
step:1165/3300 train_loss:3.61650 train_time:1417.912s step_avg:1217.09ms
step:1166/3300 train_loss:3.62946 train_time:1419.127s step_avg:1217.09ms
step:1167/3300 train_loss:3.63844 train_time:1420.339s step_avg:1217.09ms
step:1168/3300 train_loss:3.63677 train_time:1421.552s step_avg:1217.08ms
step:1169/3300 train_loss:3.58234 train_time:1422.764s step_avg:1217.08ms
step:1170/3300 train_loss:3.64923 train_time:1423.965s step_avg:1217.06ms
step:1171/3300 train_loss:3.55536 train_time:1425.181s step_avg:1217.06ms
step:1172/3300 train_loss:3.60680 train_time:1426.388s step_avg:1217.05ms
step:1173/3300 train_loss:3.76186 train_time:1427.619s step_avg:1217.07ms
step:1174/3300 train_loss:3.58837 train_time:1428.825s step_avg:1217.06ms
step:1175/3300 train_loss:3.60354 train_time:1430.027s step_avg:1217.04ms
step:1176/3300 train_loss:3.56475 train_time:1431.249s step_avg:1217.05ms
step:1177/3300 train_loss:3.61725 train_time:1432.458s step_avg:1217.04ms
step:1178/3300 train_loss:3.59855 train_time:1433.667s step_avg:1217.03ms
step:1179/3300 train_loss:3.68382 train_time:1434.883s step_avg:1217.03ms
step:1180/3300 train_loss:3.59820 train_time:1436.099s step_avg:1217.03ms
step:1181/3300 train_loss:3.57384 train_time:1437.324s step_avg:1217.04ms
step:1182/3300 train_loss:3.61243 train_time:1438.523s step_avg:1217.02ms
step:1183/3300 train_loss:3.59884 train_time:1439.735s step_avg:1217.02ms
step:1184/3300 train_loss:3.58529 train_time:1440.945s step_avg:1217.01ms
step:1185/3300 train_loss:3.63718 train_time:1442.154s step_avg:1217.01ms
step:1186/3300 train_loss:3.55272 train_time:1443.369s step_avg:1217.01ms
step:1187/3300 train_loss:3.64068 train_time:1444.585s step_avg:1217.00ms
step:1188/3300 train_loss:3.62062 train_time:1445.794s step_avg:1217.00ms
step:1189/3300 train_loss:3.62145 train_time:1447.006s step_avg:1216.99ms
step:1190/3300 train_loss:3.62409 train_time:1448.215s step_avg:1216.99ms
step:1191/3300 train_loss:3.74018 train_time:1449.438s step_avg:1216.99ms
step:1192/3300 train_loss:3.68726 train_time:1450.658s step_avg:1217.00ms
step:1193/3300 train_loss:3.58335 train_time:1451.867s step_avg:1216.99ms
step:1194/3300 train_loss:3.61546 train_time:1453.078s step_avg:1216.98ms
step:1195/3300 train_loss:3.60400 train_time:1454.288s step_avg:1216.98ms
step:1196/3300 train_loss:3.60646 train_time:1455.497s step_avg:1216.97ms
step:1197/3300 train_loss:3.68883 train_time:1456.708s step_avg:1216.97ms
step:1198/3300 train_loss:3.63124 train_time:1457.925s step_avg:1216.97ms
step:1199/3300 train_loss:3.58383 train_time:1459.160s step_avg:1216.98ms
step:1200/3300 train_loss:3.58956 train_time:1460.367s step_avg:1216.97ms
step:1201/3300 train_loss:3.63301 train_time:1461.583s step_avg:1216.97ms
step:1202/3300 train_loss:3.64082 train_time:1462.802s step_avg:1216.97ms
step:1203/3300 train_loss:3.57022 train_time:1464.011s step_avg:1216.97ms
step:1204/3300 train_loss:3.63021 train_time:1465.213s step_avg:1216.95ms
step:1205/3300 train_loss:3.62791 train_time:1466.439s step_avg:1216.96ms
step:1206/3300 train_loss:3.55868 train_time:1467.666s step_avg:1216.97ms
step:1207/3300 train_loss:3.65785 train_time:1468.874s step_avg:1216.96ms
step:1208/3300 train_loss:3.59867 train_time:1470.089s step_avg:1216.96ms
step:1209/3300 train_loss:3.60219 train_time:1471.312s step_avg:1216.97ms
step:1210/3300 train_loss:3.58437 train_time:1472.520s step_avg:1216.96ms
step:1211/3300 train_loss:3.64793 train_time:1473.728s step_avg:1216.95ms
step:1212/3300 train_loss:3.57248 train_time:1474.937s step_avg:1216.95ms
step:1213/3300 train_loss:3.59799 train_time:1476.162s step_avg:1216.95ms
step:1214/3300 train_loss:3.56016 train_time:1477.370s step_avg:1216.94ms
step:1215/3300 train_loss:3.59868 train_time:1478.585s step_avg:1216.94ms
step:1216/3300 train_loss:3.58498 train_time:1479.795s step_avg:1216.94ms
step:1217/3300 train_loss:3.57440 train_time:1481.022s step_avg:1216.95ms
step:1218/3300 train_loss:3.58416 train_time:1482.236s step_avg:1216.94ms
step:1219/3300 train_loss:3.68276 train_time:1483.442s step_avg:1216.93ms
step:1220/3300 train_loss:3.63117 train_time:1484.646s step_avg:1216.92ms
step:1221/3300 train_loss:3.58407 train_time:1485.863s step_avg:1216.92ms
step:1222/3300 train_loss:3.63952 train_time:1487.071s step_avg:1216.92ms
step:1223/3300 train_loss:3.59096 train_time:1488.281s step_avg:1216.91ms
step:1224/3300 train_loss:3.60943 train_time:1489.489s step_avg:1216.90ms
step:1225/3300 train_loss:3.56296 train_time:1490.689s step_avg:1216.89ms
step:1226/3300 train_loss:3.61237 train_time:1491.898s step_avg:1216.88ms
step:1227/3300 train_loss:3.59855 train_time:1493.108s step_avg:1216.88ms
step:1228/3300 train_loss:3.57835 train_time:1494.311s step_avg:1216.87ms
step:1229/3300 train_loss:3.59376 train_time:1495.516s step_avg:1216.86ms
step:1230/3300 train_loss:3.56848 train_time:1496.738s step_avg:1216.86ms
step:1231/3300 train_loss:3.64718 train_time:1497.953s step_avg:1216.86ms
step:1232/3300 train_loss:3.60286 train_time:1499.163s step_avg:1216.85ms
step:1233/3300 train_loss:3.56456 train_time:1500.370s step_avg:1216.85ms
step:1234/3300 train_loss:3.63640 train_time:1501.572s step_avg:1216.83ms
step:1235/3300 train_loss:3.59888 train_time:1502.783s step_avg:1216.83ms
step:1236/3300 train_loss:3.60907 train_time:1503.998s step_avg:1216.83ms
step:1237/3300 train_loss:3.56169 train_time:1505.214s step_avg:1216.83ms
step:1238/3300 train_loss:3.55628 train_time:1506.451s step_avg:1216.84ms
step:1239/3300 train_loss:3.62011 train_time:1507.659s step_avg:1216.84ms
step:1240/3300 train_loss:3.55019 train_time:1508.870s step_avg:1216.83ms
step:1241/3300 train_loss:3.66337 train_time:1510.080s step_avg:1216.83ms
step:1242/3300 train_loss:3.68351 train_time:1511.292s step_avg:1216.82ms
step:1243/3300 train_loss:3.61818 train_time:1512.504s step_avg:1216.82ms
step:1244/3300 train_loss:3.58483 train_time:1513.711s step_avg:1216.81ms
step:1245/3300 train_loss:3.60826 train_time:1514.912s step_avg:1216.80ms
step:1246/3300 train_loss:3.55190 train_time:1516.120s step_avg:1216.79ms
step:1247/3300 train_loss:3.56059 train_time:1517.343s step_avg:1216.80ms
step:1248/3300 train_loss:3.62216 train_time:1518.557s step_avg:1216.79ms
step:1249/3300 train_loss:3.58773 train_time:1519.764s step_avg:1216.78ms
step:1250/3300 train_loss:3.53150 train_time:1521.016s step_avg:1216.81ms
step:1250/3300 val_loss:3.57473 train_time:1521.016s step_avg:1212.82ms
step:1251/3300 train_loss:3.56675 train_time:1522.227s step_avg:1216.81ms
step:1252/3300 train_loss:3.57589 train_time:1523.442s step_avg:1216.81ms
step:1253/3300 train_loss:3.60541 train_time:1524.649s step_avg:1216.80ms
step:1254/3300 train_loss:3.61856 train_time:1525.852s step_avg:1216.79ms
step:1255/3300 train_loss:3.61417 train_time:1527.051s step_avg:1216.77ms
step:1256/3300 train_loss:3.60168 train_time:1528.268s step_avg:1216.77ms
step:1257/3300 train_loss:3.56153 train_time:1529.473s step_avg:1216.76ms
step:1258/3300 train_loss:3.78038 train_time:1530.718s step_avg:1216.79ms
step:1259/3300 train_loss:3.60746 train_time:1531.930s step_avg:1216.78ms
step:1260/3300 train_loss:3.56590 train_time:1533.132s step_avg:1216.77ms
step:1261/3300 train_loss:3.59591 train_time:1534.341s step_avg:1216.77ms
step:1262/3300 train_loss:3.61929 train_time:1535.551s step_avg:1216.76ms
step:1263/3300 train_loss:3.59039 train_time:1536.756s step_avg:1216.75ms
step:1264/3300 train_loss:3.57494 train_time:1537.965s step_avg:1216.74ms
step:1265/3300 train_loss:3.60632 train_time:1539.184s step_avg:1216.75ms
step:1266/3300 train_loss:3.58907 train_time:1540.412s step_avg:1216.75ms
step:1267/3300 train_loss:3.52068 train_time:1541.626s step_avg:1216.75ms
step:1268/3300 train_loss:3.54237 train_time:1542.833s step_avg:1216.75ms
step:1269/3300 train_loss:3.57160 train_time:1544.045s step_avg:1216.74ms
step:1270/3300 train_loss:3.61571 train_time:1545.257s step_avg:1216.74ms
step:1271/3300 train_loss:3.57701 train_time:1546.476s step_avg:1216.74ms
step:1272/3300 train_loss:3.60492 train_time:1547.687s step_avg:1216.74ms
step:1273/3300 train_loss:3.61850 train_time:1548.895s step_avg:1216.73ms
step:1274/3300 train_loss:3.62771 train_time:1550.110s step_avg:1216.73ms
step:1275/3300 train_loss:3.54420 train_time:1551.319s step_avg:1216.72ms
step:1276/3300 train_loss:3.61264 train_time:1552.540s step_avg:1216.72ms
step:1277/3300 train_loss:3.55551 train_time:1553.751s step_avg:1216.72ms
step:1278/3300 train_loss:3.62623 train_time:1554.963s step_avg:1216.72ms
step:1279/3300 train_loss:3.57861 train_time:1556.175s step_avg:1216.71ms
step:1280/3300 train_loss:3.63701 train_time:1557.384s step_avg:1216.71ms
step:1281/3300 train_loss:3.59990 train_time:1558.614s step_avg:1216.72ms
step:1282/3300 train_loss:3.63706 train_time:1559.818s step_avg:1216.71ms
step:1283/3300 train_loss:3.52733 train_time:1561.032s step_avg:1216.70ms
step:1284/3300 train_loss:3.56713 train_time:1562.248s step_avg:1216.70ms
step:1285/3300 train_loss:3.58604 train_time:1563.461s step_avg:1216.70ms
step:1286/3300 train_loss:3.69063 train_time:1564.682s step_avg:1216.70ms
step:1287/3300 train_loss:3.60400 train_time:1565.891s step_avg:1216.70ms
step:1288/3300 train_loss:3.58811 train_time:1567.095s step_avg:1216.69ms
step:1289/3300 train_loss:3.56270 train_time:1568.305s step_avg:1216.68ms
step:1290/3300 train_loss:3.56423 train_time:1569.535s step_avg:1216.69ms
step:1291/3300 train_loss:3.58067 train_time:1570.745s step_avg:1216.69ms
step:1292/3300 train_loss:3.63494 train_time:1571.958s step_avg:1216.69ms
step:1293/3300 train_loss:3.61729 train_time:1573.173s step_avg:1216.68ms
step:1294/3300 train_loss:3.58653 train_time:1574.378s step_avg:1216.68ms
step:1295/3300 train_loss:3.62270 train_time:1575.591s step_avg:1216.67ms
step:1296/3300 train_loss:3.65546 train_time:1576.803s step_avg:1216.67ms
step:1297/3300 train_loss:3.54803 train_time:1578.017s step_avg:1216.67ms
step:1298/3300 train_loss:3.63594 train_time:1579.223s step_avg:1216.66ms
step:1299/3300 train_loss:3.56406 train_time:1580.432s step_avg:1216.65ms
step:1300/3300 train_loss:3.60659 train_time:1581.641s step_avg:1216.65ms
step:1301/3300 train_loss:3.62039 train_time:1582.854s step_avg:1216.64ms
step:1302/3300 train_loss:3.62017 train_time:1584.062s step_avg:1216.64ms
step:1303/3300 train_loss:3.61035 train_time:1585.280s step_avg:1216.64ms
step:1304/3300 train_loss:3.58215 train_time:1586.484s step_avg:1216.63ms
step:1305/3300 train_loss:3.53734 train_time:1587.701s step_avg:1216.63ms
step:1306/3300 train_loss:3.58823 train_time:1588.916s step_avg:1216.63ms
step:1307/3300 train_loss:3.53389 train_time:1590.158s step_avg:1216.65ms
step:1308/3300 train_loss:3.56500 train_time:1591.381s step_avg:1216.65ms
step:1309/3300 train_loss:3.65850 train_time:1592.591s step_avg:1216.65ms
step:1310/3300 train_loss:3.52063 train_time:1593.799s step_avg:1216.64ms
step:1311/3300 train_loss:3.57972 train_time:1595.026s step_avg:1216.65ms
step:1312/3300 train_loss:3.57795 train_time:1596.235s step_avg:1216.64ms
step:1313/3300 train_loss:3.55732 train_time:1597.440s step_avg:1216.63ms
step:1314/3300 train_loss:3.48631 train_time:1598.662s step_avg:1216.64ms
step:1315/3300 train_loss:3.64190 train_time:1599.881s step_avg:1216.64ms
step:1316/3300 train_loss:3.64066 train_time:1601.098s step_avg:1216.64ms
step:1317/3300 train_loss:3.57802 train_time:1602.303s step_avg:1216.63ms
step:1318/3300 train_loss:3.56150 train_time:1603.535s step_avg:1216.64ms
step:1319/3300 train_loss:3.66235 train_time:1604.774s step_avg:1216.66ms
step:1320/3300 train_loss:3.61106 train_time:1605.979s step_avg:1216.65ms
step:1321/3300 train_loss:3.71514 train_time:1607.192s step_avg:1216.65ms
step:1322/3300 train_loss:3.56455 train_time:1608.401s step_avg:1216.64ms
step:1323/3300 train_loss:3.62534 train_time:1609.613s step_avg:1216.64ms
step:1324/3300 train_loss:3.63805 train_time:1610.819s step_avg:1216.63ms
step:1325/3300 train_loss:3.55483 train_time:1612.029s step_avg:1216.63ms
step:1326/3300 train_loss:3.55215 train_time:1613.253s step_avg:1216.63ms
step:1327/3300 train_loss:3.59681 train_time:1614.485s step_avg:1216.64ms
step:1328/3300 train_loss:3.49515 train_time:1615.693s step_avg:1216.64ms
step:1329/3300 train_loss:3.59956 train_time:1616.901s step_avg:1216.63ms
step:1330/3300 train_loss:3.62176 train_time:1618.129s step_avg:1216.64ms
step:1331/3300 train_loss:3.60773 train_time:1619.381s step_avg:1216.66ms
step:1332/3300 train_loss:3.67364 train_time:1620.595s step_avg:1216.66ms
step:1333/3300 train_loss:3.60029 train_time:1621.819s step_avg:1216.67ms
step:1334/3300 train_loss:3.60409 train_time:1623.020s step_avg:1216.66ms
step:1335/3300 train_loss:3.65115 train_time:1624.229s step_avg:1216.65ms
step:1336/3300 train_loss:3.59799 train_time:1625.444s step_avg:1216.65ms
step:1337/3300 train_loss:3.59985 train_time:1626.656s step_avg:1216.65ms
step:1338/3300 train_loss:3.58537 train_time:1627.859s step_avg:1216.64ms
step:1339/3300 train_loss:3.57581 train_time:1629.062s step_avg:1216.63ms
step:1340/3300 train_loss:3.59785 train_time:1630.278s step_avg:1216.63ms
step:1341/3300 train_loss:3.60555 train_time:1631.502s step_avg:1216.63ms
step:1342/3300 train_loss:3.66935 train_time:1632.712s step_avg:1216.63ms
step:1343/3300 train_loss:3.61344 train_time:1633.921s step_avg:1216.62ms
step:1344/3300 train_loss:3.56493 train_time:1635.133s step_avg:1216.62ms
step:1345/3300 train_loss:3.49227 train_time:1636.338s step_avg:1216.61ms
step:1346/3300 train_loss:3.56916 train_time:1637.551s step_avg:1216.61ms
step:1347/3300 train_loss:3.59404 train_time:1638.764s step_avg:1216.60ms
step:1348/3300 train_loss:3.58388 train_time:1639.974s step_avg:1216.60ms
step:1349/3300 train_loss:3.56740 train_time:1641.185s step_avg:1216.59ms
step:1350/3300 train_loss:3.59268 train_time:1642.400s step_avg:1216.59ms
step:1351/3300 train_loss:3.61958 train_time:1643.609s step_avg:1216.59ms
step:1352/3300 train_loss:3.54541 train_time:1644.822s step_avg:1216.58ms
step:1353/3300 train_loss:3.59078 train_time:1646.031s step_avg:1216.58ms
step:1354/3300 train_loss:3.57376 train_time:1647.245s step_avg:1216.58ms
step:1355/3300 train_loss:3.51460 train_time:1648.462s step_avg:1216.58ms
step:1356/3300 train_loss:3.61594 train_time:1649.682s step_avg:1216.58ms
step:1357/3300 train_loss:3.76131 train_time:1650.891s step_avg:1216.57ms
step:1358/3300 train_loss:3.59247 train_time:1652.108s step_avg:1216.57ms
step:1359/3300 train_loss:3.52014 train_time:1653.316s step_avg:1216.57ms
step:1360/3300 train_loss:3.55494 train_time:1654.525s step_avg:1216.56ms
step:1361/3300 train_loss:3.52880 train_time:1655.729s step_avg:1216.55ms
step:1362/3300 train_loss:3.57304 train_time:1656.941s step_avg:1216.55ms
step:1363/3300 train_loss:3.51801 train_time:1658.162s step_avg:1216.55ms
step:1364/3300 train_loss:3.53128 train_time:1659.365s step_avg:1216.54ms
step:1365/3300 train_loss:3.57156 train_time:1660.572s step_avg:1216.54ms
step:1366/3300 train_loss:3.59247 train_time:1661.796s step_avg:1216.54ms
step:1367/3300 train_loss:3.57466 train_time:1662.998s step_avg:1216.53ms
step:1368/3300 train_loss:3.64049 train_time:1664.219s step_avg:1216.53ms
step:1369/3300 train_loss:3.57877 train_time:1665.422s step_avg:1216.52ms
step:1370/3300 train_loss:3.64919 train_time:1666.635s step_avg:1216.52ms
step:1371/3300 train_loss:3.56661 train_time:1667.854s step_avg:1216.52ms
step:1372/3300 train_loss:3.60945 train_time:1669.063s step_avg:1216.52ms
step:1373/3300 train_loss:3.58696 train_time:1670.292s step_avg:1216.53ms
step:1374/3300 train_loss:3.54849 train_time:1671.515s step_avg:1216.53ms
step:1375/3300 train_loss:3.57460 train_time:1672.740s step_avg:1216.54ms
step:1375/3300 val_loss:3.55028 train_time:1672.740s step_avg:1213.79ms
step:1376/3300 train_loss:3.61334 train_time:1673.957s step_avg:1216.54ms
step:1377/3300 train_loss:3.56810 train_time:1675.169s step_avg:1216.53ms
step:1378/3300 train_loss:3.59456 train_time:1676.374s step_avg:1216.53ms
step:1379/3300 train_loss:3.51350 train_time:1677.585s step_avg:1216.52ms
step:1380/3300 train_loss:3.50326 train_time:1678.797s step_avg:1216.52ms
step:1381/3300 train_loss:3.62341 train_time:1680.012s step_avg:1216.52ms
step:1382/3300 train_loss:3.57508 train_time:1681.224s step_avg:1216.52ms
step:1383/3300 train_loss:3.57635 train_time:1682.479s step_avg:1216.54ms
step:1384/3300 train_loss:3.55051 train_time:1683.688s step_avg:1216.54ms
step:1385/3300 train_loss:3.52985 train_time:1684.896s step_avg:1216.53ms
step:1386/3300 train_loss:3.59159 train_time:1686.130s step_avg:1216.54ms
step:1387/3300 train_loss:3.58467 train_time:1687.415s step_avg:1216.59ms
step:1388/3300 train_loss:3.56687 train_time:1688.638s step_avg:1216.60ms
step:1389/3300 train_loss:3.59548 train_time:1689.850s step_avg:1216.59ms
step:1390/3300 train_loss:3.57911 train_time:1691.061s step_avg:1216.59ms
step:1391/3300 train_loss:3.62108 train_time:1692.300s step_avg:1216.61ms
step:1392/3300 train_loss:3.56643 train_time:1693.512s step_avg:1216.60ms
step:1393/3300 train_loss:3.57237 train_time:1694.722s step_avg:1216.60ms
step:1394/3300 train_loss:3.61879 train_time:1695.942s step_avg:1216.60ms
step:1395/3300 train_loss:3.57480 train_time:1697.177s step_avg:1216.61ms
step:1396/3300 train_loss:3.57337 train_time:1698.392s step_avg:1216.61ms
step:1397/3300 train_loss:3.54372 train_time:1699.607s step_avg:1216.61ms
step:1398/3300 train_loss:3.54920 train_time:1700.828s step_avg:1216.62ms
step:1399/3300 train_loss:3.53005 train_time:1702.030s step_avg:1216.60ms
step:1400/3300 train_loss:3.57126 train_time:1703.234s step_avg:1216.60ms
step:1401/3300 train_loss:3.52856 train_time:1704.450s step_avg:1216.60ms
step:1402/3300 train_loss:3.56482 train_time:1705.654s step_avg:1216.59ms
step:1403/3300 train_loss:3.59944 train_time:1706.864s step_avg:1216.58ms
step:1404/3300 train_loss:3.54790 train_time:1708.081s step_avg:1216.58ms
step:1405/3300 train_loss:3.51320 train_time:1709.294s step_avg:1216.58ms
step:1406/3300 train_loss:3.55973 train_time:1710.514s step_avg:1216.58ms
step:1407/3300 train_loss:3.57856 train_time:1711.726s step_avg:1216.58ms
step:1408/3300 train_loss:3.62947 train_time:1712.934s step_avg:1216.57ms
step:1409/3300 train_loss:3.56238 train_time:1714.149s step_avg:1216.57ms
step:1410/3300 train_loss:3.57440 train_time:1715.352s step_avg:1216.56ms
step:1411/3300 train_loss:3.57113 train_time:1716.566s step_avg:1216.56ms
step:1412/3300 train_loss:3.59573 train_time:1717.771s step_avg:1216.55ms
step:1413/3300 train_loss:3.56959 train_time:1718.973s step_avg:1216.54ms
step:1414/3300 train_loss:3.51082 train_time:1720.180s step_avg:1216.53ms
step:1415/3300 train_loss:3.56870 train_time:1721.392s step_avg:1216.53ms
step:1416/3300 train_loss:3.54515 train_time:1722.625s step_avg:1216.54ms
step:1417/3300 train_loss:3.56527 train_time:1723.834s step_avg:1216.54ms
step:1418/3300 train_loss:3.57564 train_time:1725.035s step_avg:1216.53ms
step:1419/3300 train_loss:3.67317 train_time:1726.244s step_avg:1216.52ms
step:1420/3300 train_loss:3.56839 train_time:1727.454s step_avg:1216.52ms
step:1421/3300 train_loss:3.52752 train_time:1728.668s step_avg:1216.52ms
step:1422/3300 train_loss:3.54596 train_time:1729.878s step_avg:1216.51ms
step:1423/3300 train_loss:3.52432 train_time:1731.087s step_avg:1216.51ms
step:1424/3300 train_loss:3.54953 train_time:1732.293s step_avg:1216.50ms
step:1425/3300 train_loss:3.53012 train_time:1733.496s step_avg:1216.49ms
step:1426/3300 train_loss:3.57008 train_time:1734.713s step_avg:1216.49ms
step:1427/3300 train_loss:3.55612 train_time:1735.916s step_avg:1216.48ms
step:1428/3300 train_loss:3.56219 train_time:1737.125s step_avg:1216.47ms
step:1429/3300 train_loss:3.57624 train_time:1738.336s step_avg:1216.47ms
step:1430/3300 train_loss:3.50954 train_time:1739.545s step_avg:1216.46ms
step:1431/3300 train_loss:3.51463 train_time:1740.771s step_avg:1216.47ms
step:1432/3300 train_loss:3.58724 train_time:1741.986s step_avg:1216.47ms
step:1433/3300 train_loss:3.50717 train_time:1743.203s step_avg:1216.47ms
step:1434/3300 train_loss:3.51633 train_time:1744.418s step_avg:1216.47ms
step:1435/3300 train_loss:3.51345 train_time:1745.648s step_avg:1216.48ms
step:1436/3300 train_loss:3.49870 train_time:1746.862s step_avg:1216.48ms
step:1437/3300 train_loss:3.63379 train_time:1748.071s step_avg:1216.47ms
step:1438/3300 train_loss:3.58388 train_time:1749.313s step_avg:1216.49ms
step:1439/3300 train_loss:3.53313 train_time:1750.523s step_avg:1216.49ms
step:1440/3300 train_loss:3.47875 train_time:1751.745s step_avg:1216.49ms
step:1441/3300 train_loss:3.52234 train_time:1752.960s step_avg:1216.49ms
step:1442/3300 train_loss:3.53293 train_time:1754.175s step_avg:1216.49ms
step:1443/3300 train_loss:3.56523 train_time:1755.382s step_avg:1216.48ms
step:1444/3300 train_loss:3.54548 train_time:1756.600s step_avg:1216.48ms
step:1445/3300 train_loss:3.54163 train_time:1757.818s step_avg:1216.48ms
step:1446/3300 train_loss:3.58058 train_time:1759.045s step_avg:1216.49ms
step:1447/3300 train_loss:3.51549 train_time:1760.253s step_avg:1216.48ms
step:1448/3300 train_loss:3.52811 train_time:1761.460s step_avg:1216.48ms
step:1449/3300 train_loss:3.54611 train_time:1762.669s step_avg:1216.47ms
step:1450/3300 train_loss:3.55366 train_time:1763.877s step_avg:1216.47ms
step:1451/3300 train_loss:3.49336 train_time:1765.103s step_avg:1216.47ms
step:1452/3300 train_loss:3.53533 train_time:1766.312s step_avg:1216.47ms
step:1453/3300 train_loss:3.48564 train_time:1767.530s step_avg:1216.47ms
step:1454/3300 train_loss:3.59652 train_time:1768.742s step_avg:1216.47ms
step:1455/3300 train_loss:3.57676 train_time:1769.953s step_avg:1216.46ms
step:1456/3300 train_loss:3.52084 train_time:1771.176s step_avg:1216.47ms
step:1457/3300 train_loss:3.55348 train_time:1772.384s step_avg:1216.46ms
step:1458/3300 train_loss:3.57786 train_time:1773.595s step_avg:1216.46ms
step:1459/3300 train_loss:3.57344 train_time:1774.805s step_avg:1216.45ms
step:1460/3300 train_loss:3.49565 train_time:1776.024s step_avg:1216.45ms
step:1461/3300 train_loss:3.53895 train_time:1777.243s step_avg:1216.46ms
step:1462/3300 train_loss:3.47637 train_time:1778.459s step_avg:1216.46ms
step:1463/3300 train_loss:3.62188 train_time:1779.658s step_avg:1216.44ms
step:1464/3300 train_loss:3.53814 train_time:1780.870s step_avg:1216.44ms
step:1465/3300 train_loss:3.53671 train_time:1782.083s step_avg:1216.44ms
step:1466/3300 train_loss:3.54312 train_time:1783.296s step_avg:1216.44ms
step:1467/3300 train_loss:3.51479 train_time:1784.501s step_avg:1216.43ms
step:1468/3300 train_loss:3.52990 train_time:1785.715s step_avg:1216.43ms
step:1469/3300 train_loss:3.53602 train_time:1786.948s step_avg:1216.44ms
step:1470/3300 train_loss:3.45752 train_time:1788.160s step_avg:1216.44ms
step:1471/3300 train_loss:3.50223 train_time:1789.380s step_avg:1216.44ms
step:1472/3300 train_loss:3.59072 train_time:1790.588s step_avg:1216.43ms
step:1473/3300 train_loss:3.56833 train_time:1791.838s step_avg:1216.45ms
step:1474/3300 train_loss:3.52311 train_time:1793.049s step_avg:1216.45ms
step:1475/3300 train_loss:3.50090 train_time:1794.258s step_avg:1216.45ms
step:1476/3300 train_loss:3.53307 train_time:1795.507s step_avg:1216.47ms
step:1477/3300 train_loss:3.48076 train_time:1796.713s step_avg:1216.46ms
step:1478/3300 train_loss:3.53303 train_time:1797.917s step_avg:1216.45ms
step:1479/3300 train_loss:3.57065 train_time:1799.121s step_avg:1216.44ms
step:1480/3300 train_loss:3.56863 train_time:1800.323s step_avg:1216.43ms
step:1481/3300 train_loss:3.59714 train_time:1801.536s step_avg:1216.43ms
step:1482/3300 train_loss:3.52987 train_time:1802.746s step_avg:1216.43ms
step:1483/3300 train_loss:3.52283 train_time:1803.955s step_avg:1216.42ms
step:1484/3300 train_loss:3.51877 train_time:1805.156s step_avg:1216.41ms
step:1485/3300 train_loss:3.50568 train_time:1806.360s step_avg:1216.40ms
step:1486/3300 train_loss:3.54745 train_time:1807.566s step_avg:1216.40ms
step:1487/3300 train_loss:3.58901 train_time:1808.775s step_avg:1216.39ms
step:1488/3300 train_loss:3.52841 train_time:1809.982s step_avg:1216.39ms
step:1489/3300 train_loss:3.51846 train_time:1811.192s step_avg:1216.38ms
step:1490/3300 train_loss:3.54375 train_time:1812.401s step_avg:1216.38ms
step:1491/3300 train_loss:3.51865 train_time:1813.620s step_avg:1216.38ms
step:1492/3300 train_loss:3.46171 train_time:1814.831s step_avg:1216.37ms
step:1493/3300 train_loss:3.58319 train_time:1816.045s step_avg:1216.37ms
step:1494/3300 train_loss:3.49251 train_time:1817.294s step_avg:1216.39ms
step:1495/3300 train_loss:3.47205 train_time:1818.516s step_avg:1216.40ms
step:1496/3300 train_loss:3.50029 train_time:1819.729s step_avg:1216.40ms
step:1497/3300 train_loss:3.54777 train_time:1820.956s step_avg:1216.40ms
step:1498/3300 train_loss:3.47839 train_time:1822.161s step_avg:1216.40ms
step:1499/3300 train_loss:3.50916 train_time:1823.374s step_avg:1216.39ms
step:1500/3300 train_loss:3.55795 train_time:1824.582s step_avg:1216.39ms
step:1500/3300 val_loss:3.52084 train_time:1824.582s step_avg:1214.74ms
step:1501/3300 train_loss:3.42589 train_time:1825.809s step_avg:1216.40ms
step:1502/3300 train_loss:3.47881 train_time:1827.021s step_avg:1216.39ms
step:1503/3300 train_loss:3.46484 train_time:1828.264s step_avg:1216.41ms
step:1504/3300 train_loss:3.50247 train_time:1829.470s step_avg:1216.40ms
step:1505/3300 train_loss:3.49113 train_time:1830.676s step_avg:1216.40ms
step:1506/3300 train_loss:3.51598 train_time:1831.892s step_avg:1216.40ms
step:1507/3300 train_loss:3.46112 train_time:1833.127s step_avg:1216.41ms
step:1508/3300 train_loss:3.52618 train_time:1834.338s step_avg:1216.40ms
step:1509/3300 train_loss:3.52897 train_time:1835.551s step_avg:1216.40ms
step:1510/3300 train_loss:3.50198 train_time:1836.762s step_avg:1216.40ms
step:1511/3300 train_loss:3.56441 train_time:1837.981s step_avg:1216.40ms
step:1512/3300 train_loss:3.51537 train_time:1839.196s step_avg:1216.40ms
step:1513/3300 train_loss:3.51464 train_time:1840.419s step_avg:1216.40ms
step:1514/3300 train_loss:3.59276 train_time:1841.638s step_avg:1216.41ms
step:1515/3300 train_loss:3.53100 train_time:1842.869s step_avg:1216.42ms
step:1516/3300 train_loss:3.58809 train_time:1844.082s step_avg:1216.41ms
step:1517/3300 train_loss:3.49223 train_time:1845.292s step_avg:1216.41ms
step:1518/3300 train_loss:3.52757 train_time:1846.489s step_avg:1216.40ms
step:1519/3300 train_loss:3.57373 train_time:1847.687s step_avg:1216.38ms
step:1520/3300 train_loss:3.45605 train_time:1848.891s step_avg:1216.38ms
step:1521/3300 train_loss:3.51049 train_time:1850.138s step_avg:1216.40ms
step:1522/3300 train_loss:3.50667 train_time:1851.347s step_avg:1216.39ms
step:1523/3300 train_loss:3.54040 train_time:1852.550s step_avg:1216.38ms
step:1524/3300 train_loss:3.55542 train_time:1853.754s step_avg:1216.37ms
step:1525/3300 train_loss:3.56308 train_time:1854.967s step_avg:1216.37ms
step:1526/3300 train_loss:3.54885 train_time:1856.176s step_avg:1216.37ms
step:1527/3300 train_loss:3.48107 train_time:1857.387s step_avg:1216.36ms
step:1528/3300 train_loss:3.58800 train_time:1858.590s step_avg:1216.35ms
step:1529/3300 train_loss:3.51700 train_time:1859.799s step_avg:1216.35ms
step:1530/3300 train_loss:3.51531 train_time:1861.011s step_avg:1216.35ms
step:1531/3300 train_loss:3.52786 train_time:1862.228s step_avg:1216.35ms
step:1532/3300 train_loss:3.56669 train_time:1863.478s step_avg:1216.37ms
step:1533/3300 train_loss:3.55339 train_time:1864.685s step_avg:1216.36ms
step:1534/3300 train_loss:3.52126 train_time:1865.890s step_avg:1216.36ms
step:1535/3300 train_loss:3.53013 train_time:1867.093s step_avg:1216.35ms
step:1536/3300 train_loss:3.49338 train_time:1868.318s step_avg:1216.35ms
step:1537/3300 train_loss:3.57507 train_time:1869.529s step_avg:1216.35ms
step:1538/3300 train_loss:3.53262 train_time:1870.731s step_avg:1216.34ms
step:1539/3300 train_loss:3.63034 train_time:1871.936s step_avg:1216.33ms
step:1540/3300 train_loss:3.48498 train_time:1873.154s step_avg:1216.33ms
step:1541/3300 train_loss:3.48844 train_time:1874.361s step_avg:1216.33ms
step:1542/3300 train_loss:3.50710 train_time:1875.568s step_avg:1216.32ms
step:1543/3300 train_loss:3.52809 train_time:1876.770s step_avg:1216.31ms
step:1544/3300 train_loss:3.49033 train_time:1877.970s step_avg:1216.30ms
step:1545/3300 train_loss:3.54623 train_time:1879.207s step_avg:1216.32ms
step:1546/3300 train_loss:3.52754 train_time:1880.419s step_avg:1216.31ms
step:1547/3300 train_loss:3.53035 train_time:1881.629s step_avg:1216.31ms
step:1548/3300 train_loss:3.55186 train_time:1882.854s step_avg:1216.31ms
step:1549/3300 train_loss:3.54279 train_time:1884.065s step_avg:1216.31ms
step:1550/3300 train_loss:3.54380 train_time:1885.271s step_avg:1216.30ms
step:1551/3300 train_loss:3.48628 train_time:1886.480s step_avg:1216.30ms
step:1552/3300 train_loss:3.54042 train_time:1887.689s step_avg:1216.29ms
step:1553/3300 train_loss:3.53510 train_time:1888.896s step_avg:1216.29ms
step:1554/3300 train_loss:3.52288 train_time:1890.112s step_avg:1216.29ms
step:1555/3300 train_loss:3.52608 train_time:1891.314s step_avg:1216.28ms
step:1556/3300 train_loss:3.55688 train_time:1892.532s step_avg:1216.28ms
step:1557/3300 train_loss:3.51830 train_time:1893.739s step_avg:1216.27ms
step:1558/3300 train_loss:3.40075 train_time:1894.946s step_avg:1216.27ms
step:1559/3300 train_loss:3.51735 train_time:1896.156s step_avg:1216.26ms
step:1560/3300 train_loss:3.51152 train_time:1897.368s step_avg:1216.26ms
step:1561/3300 train_loss:3.60725 train_time:1898.626s step_avg:1216.29ms
step:1562/3300 train_loss:3.55033 train_time:1899.838s step_avg:1216.29ms
step:1563/3300 train_loss:3.53076 train_time:1901.054s step_avg:1216.29ms
step:1564/3300 train_loss:3.44960 train_time:1902.262s step_avg:1216.28ms
step:1565/3300 train_loss:3.50950 train_time:1903.474s step_avg:1216.28ms
step:1566/3300 train_loss:3.51003 train_time:1904.696s step_avg:1216.28ms
step:1567/3300 train_loss:3.48699 train_time:1905.897s step_avg:1216.27ms
step:1568/3300 train_loss:3.51542 train_time:1907.108s step_avg:1216.27ms
step:1569/3300 train_loss:3.55277 train_time:1908.327s step_avg:1216.27ms
step:1570/3300 train_loss:3.48401 train_time:1909.550s step_avg:1216.27ms
step:1571/3300 train_loss:3.46962 train_time:1910.782s step_avg:1216.28ms
step:1572/3300 train_loss:3.49295 train_time:1912.007s step_avg:1216.29ms
step:1573/3300 train_loss:3.52044 train_time:1913.215s step_avg:1216.28ms
step:1574/3300 train_loss:3.49969 train_time:1914.418s step_avg:1216.28ms
step:1575/3300 train_loss:3.54926 train_time:1915.629s step_avg:1216.27ms
step:1576/3300 train_loss:3.57327 train_time:1916.843s step_avg:1216.27ms
step:1577/3300 train_loss:3.54914 train_time:1918.074s step_avg:1216.28ms
step:1578/3300 train_loss:3.54503 train_time:1919.287s step_avg:1216.28ms
step:1579/3300 train_loss:3.47527 train_time:1920.510s step_avg:1216.28ms
step:1580/3300 train_loss:3.42192 train_time:1921.722s step_avg:1216.28ms
step:1581/3300 train_loss:3.58731 train_time:1922.940s step_avg:1216.28ms
step:1582/3300 train_loss:3.47810 train_time:1924.156s step_avg:1216.28ms
step:1583/3300 train_loss:3.52018 train_time:1925.360s step_avg:1216.27ms
step:1584/3300 train_loss:3.49556 train_time:1926.573s step_avg:1216.27ms
step:1585/3300 train_loss:3.51530 train_time:1927.779s step_avg:1216.26ms
step:1586/3300 train_loss:3.46026 train_time:1928.997s step_avg:1216.27ms
step:1587/3300 train_loss:3.48491 train_time:1930.200s step_avg:1216.26ms
step:1588/3300 train_loss:3.48898 train_time:1931.410s step_avg:1216.25ms
step:1589/3300 train_loss:3.50555 train_time:1932.617s step_avg:1216.25ms
step:1590/3300 train_loss:3.50511 train_time:1933.828s step_avg:1216.24ms
step:1591/3300 train_loss:3.49280 train_time:1935.053s step_avg:1216.25ms
step:1592/3300 train_loss:3.46753 train_time:1936.261s step_avg:1216.24ms
step:1593/3300 train_loss:3.49913 train_time:1937.471s step_avg:1216.24ms
step:1594/3300 train_loss:3.52371 train_time:1938.678s step_avg:1216.23ms
step:1595/3300 train_loss:3.51212 train_time:1939.886s step_avg:1216.23ms
step:1596/3300 train_loss:3.44520 train_time:1941.107s step_avg:1216.23ms
step:1597/3300 train_loss:3.46755 train_time:1942.318s step_avg:1216.23ms
step:1598/3300 train_loss:3.63387 train_time:1943.522s step_avg:1216.22ms
step:1599/3300 train_loss:3.49563 train_time:1944.739s step_avg:1216.22ms
step:1600/3300 train_loss:3.48605 train_time:1945.951s step_avg:1216.22ms
step:1601/3300 train_loss:3.54489 train_time:1947.166s step_avg:1216.22ms
step:1602/3300 train_loss:3.54823 train_time:1948.380s step_avg:1216.22ms
step:1603/3300 train_loss:3.50224 train_time:1949.601s step_avg:1216.22ms
step:1604/3300 train_loss:3.46440 train_time:1950.803s step_avg:1216.21ms
step:1605/3300 train_loss:3.53112 train_time:1952.012s step_avg:1216.21ms
step:1606/3300 train_loss:3.56872 train_time:1953.226s step_avg:1216.21ms
step:1607/3300 train_loss:3.45667 train_time:1954.445s step_avg:1216.21ms
step:1608/3300 train_loss:3.45385 train_time:1955.654s step_avg:1216.20ms
step:1609/3300 train_loss:3.51534 train_time:1956.861s step_avg:1216.20ms
step:1610/3300 train_loss:3.54357 train_time:1958.076s step_avg:1216.20ms
step:1611/3300 train_loss:3.55148 train_time:1959.293s step_avg:1216.20ms
step:1612/3300 train_loss:3.51065 train_time:1960.505s step_avg:1216.19ms
step:1613/3300 train_loss:3.50125 train_time:1961.714s step_avg:1216.19ms
step:1614/3300 train_loss:3.62965 train_time:1962.942s step_avg:1216.20ms
step:1615/3300 train_loss:3.56064 train_time:1964.161s step_avg:1216.20ms
step:1616/3300 train_loss:3.52433 train_time:1965.372s step_avg:1216.20ms
step:1617/3300 train_loss:3.46843 train_time:1966.581s step_avg:1216.19ms
step:1618/3300 train_loss:3.53181 train_time:1967.794s step_avg:1216.19ms
step:1619/3300 train_loss:3.43517 train_time:1969.007s step_avg:1216.19ms
step:1620/3300 train_loss:3.58007 train_time:1970.229s step_avg:1216.19ms
step:1621/3300 train_loss:3.48958 train_time:1971.449s step_avg:1216.19ms
step:1622/3300 train_loss:3.48204 train_time:1972.660s step_avg:1216.19ms
step:1623/3300 train_loss:3.44961 train_time:1973.872s step_avg:1216.19ms
step:1624/3300 train_loss:3.50867 train_time:1975.085s step_avg:1216.19ms
step:1625/3300 train_loss:3.51291 train_time:1976.293s step_avg:1216.18ms
step:1625/3300 val_loss:3.50207 train_time:1976.293s step_avg:1213.68ms
step:1626/3300 train_loss:3.50815 train_time:1977.512s step_avg:1216.18ms
step:1627/3300 train_loss:3.51110 train_time:1978.720s step_avg:1216.18ms
step:1628/3300 train_loss:3.44874 train_time:1979.925s step_avg:1216.17ms
step:1629/3300 train_loss:3.53570 train_time:1981.140s step_avg:1216.17ms
step:1630/3300 train_loss:3.51956 train_time:1982.352s step_avg:1216.17ms
step:1631/3300 train_loss:3.44344 train_time:1983.575s step_avg:1216.17ms
step:1632/3300 train_loss:3.50232 train_time:1984.781s step_avg:1216.16ms
step:1633/3300 train_loss:3.55843 train_time:1985.999s step_avg:1216.17ms
step:1634/3300 train_loss:3.54202 train_time:1987.204s step_avg:1216.16ms
step:1635/3300 train_loss:3.50407 train_time:1988.416s step_avg:1216.16ms
step:1636/3300 train_loss:3.50972 train_time:1989.627s step_avg:1216.15ms
step:1637/3300 train_loss:3.58298 train_time:1990.845s step_avg:1216.15ms
step:1638/3300 train_loss:3.47728 train_time:1992.059s step_avg:1216.15ms
step:1639/3300 train_loss:3.51438 train_time:1993.276s step_avg:1216.15ms
step:1640/3300 train_loss:3.49103 train_time:1994.479s step_avg:1216.15ms
step:1641/3300 train_loss:3.48868 train_time:1995.688s step_avg:1216.14ms
step:1642/3300 train_loss:3.53825 train_time:1996.908s step_avg:1216.14ms
step:1643/3300 train_loss:3.49610 train_time:1998.121s step_avg:1216.14ms
step:1644/3300 train_loss:3.48308 train_time:1999.329s step_avg:1216.14ms
step:1645/3300 train_loss:3.48214 train_time:2000.540s step_avg:1216.13ms
step:1646/3300 train_loss:3.46453 train_time:2001.761s step_avg:1216.14ms
step:1647/3300 train_loss:3.53604 train_time:2002.964s step_avg:1216.13ms
step:1648/3300 train_loss:3.53780 train_time:2004.180s step_avg:1216.13ms
step:1649/3300 train_loss:3.53126 train_time:2005.424s step_avg:1216.15ms
step:1650/3300 train_loss:3.50385 train_time:2006.643s step_avg:1216.15ms
step:1651/3300 train_loss:3.50310 train_time:2007.860s step_avg:1216.15ms
step:1652/3300 train_loss:3.46875 train_time:2009.067s step_avg:1216.14ms
step:1653/3300 train_loss:3.49765 train_time:2010.288s step_avg:1216.14ms
step:1654/3300 train_loss:3.50536 train_time:2011.497s step_avg:1216.14ms
step:1655/3300 train_loss:3.49599 train_time:2012.711s step_avg:1216.14ms
step:1656/3300 train_loss:3.55586 train_time:2013.926s step_avg:1216.14ms
step:1657/3300 train_loss:3.49085 train_time:2015.146s step_avg:1216.14ms
step:1658/3300 train_loss:3.48853 train_time:2016.356s step_avg:1216.14ms
step:1659/3300 train_loss:3.51404 train_time:2017.561s step_avg:1216.13ms
step:1660/3300 train_loss:3.57881 train_time:2018.766s step_avg:1216.12ms
step:1661/3300 train_loss:3.48285 train_time:2019.975s step_avg:1216.12ms
step:1662/3300 train_loss:3.51337 train_time:2021.185s step_avg:1216.12ms
step:1663/3300 train_loss:3.53984 train_time:2022.406s step_avg:1216.12ms
step:1664/3300 train_loss:3.47697 train_time:2023.608s step_avg:1216.11ms
step:1665/3300 train_loss:3.49784 train_time:2024.820s step_avg:1216.11ms
step:1666/3300 train_loss:3.51918 train_time:2026.030s step_avg:1216.10ms
step:1667/3300 train_loss:3.53720 train_time:2027.244s step_avg:1216.10ms
step:1668/3300 train_loss:3.47245 train_time:2028.442s step_avg:1216.09ms
step:1669/3300 train_loss:3.54458 train_time:2029.650s step_avg:1216.09ms
step:1670/3300 train_loss:3.42908 train_time:2030.878s step_avg:1216.09ms
step:1671/3300 train_loss:3.80128 train_time:2032.120s step_avg:1216.11ms
step:1672/3300 train_loss:3.50679 train_time:2033.330s step_avg:1216.11ms
step:1673/3300 train_loss:3.48168 train_time:2034.542s step_avg:1216.10ms
step:1674/3300 train_loss:3.52932 train_time:2035.755s step_avg:1216.10ms
step:1675/3300 train_loss:3.48520 train_time:2036.973s step_avg:1216.10ms
step:1676/3300 train_loss:3.48729 train_time:2038.188s step_avg:1216.10ms
step:1677/3300 train_loss:3.58085 train_time:2039.399s step_avg:1216.10ms
step:1678/3300 train_loss:3.49177 train_time:2040.601s step_avg:1216.09ms
step:1679/3300 train_loss:3.44725 train_time:2041.805s step_avg:1216.08ms
step:1680/3300 train_loss:3.47566 train_time:2043.044s step_avg:1216.10ms
step:1681/3300 train_loss:3.47546 train_time:2044.277s step_avg:1216.11ms
step:1682/3300 train_loss:3.50594 train_time:2045.484s step_avg:1216.10ms
step:1683/3300 train_loss:3.46959 train_time:2046.695s step_avg:1216.10ms
step:1684/3300 train_loss:3.50485 train_time:2047.903s step_avg:1216.09ms
step:1685/3300 train_loss:3.50117 train_time:2049.103s step_avg:1216.08ms
step:1686/3300 train_loss:3.47157 train_time:2050.316s step_avg:1216.08ms
step:1687/3300 train_loss:3.49506 train_time:2051.531s step_avg:1216.08ms
step:1688/3300 train_loss:3.49024 train_time:2052.754s step_avg:1216.09ms
step:1689/3300 train_loss:3.45614 train_time:2053.963s step_avg:1216.08ms
step:1690/3300 train_loss:3.44898 train_time:2055.176s step_avg:1216.08ms
step:1691/3300 train_loss:3.44185 train_time:2056.404s step_avg:1216.09ms
step:1692/3300 train_loss:3.52643 train_time:2057.618s step_avg:1216.09ms
step:1693/3300 train_loss:3.45352 train_time:2058.823s step_avg:1216.08ms
step:1694/3300 train_loss:3.50760 train_time:2060.039s step_avg:1216.08ms
step:1695/3300 train_loss:3.53426 train_time:2061.244s step_avg:1216.07ms
step:1696/3300 train_loss:3.49569 train_time:2062.456s step_avg:1216.07ms
step:1697/3300 train_loss:3.49691 train_time:2063.674s step_avg:1216.07ms
step:1698/3300 train_loss:3.43583 train_time:2064.883s step_avg:1216.07ms
step:1699/3300 train_loss:3.50483 train_time:2066.087s step_avg:1216.06ms
step:1700/3300 train_loss:3.54359 train_time:2067.302s step_avg:1216.06ms
step:1701/3300 train_loss:3.52205 train_time:2068.513s step_avg:1216.06ms
step:1702/3300 train_loss:3.52496 train_time:2069.729s step_avg:1216.06ms
step:1703/3300 train_loss:3.47020 train_time:2070.942s step_avg:1216.05ms
step:1704/3300 train_loss:3.50714 train_time:2072.149s step_avg:1216.05ms
step:1705/3300 train_loss:3.48732 train_time:2073.362s step_avg:1216.05ms
step:1706/3300 train_loss:3.46538 train_time:2074.576s step_avg:1216.05ms
step:1707/3300 train_loss:3.48416 train_time:2075.789s step_avg:1216.05ms
step:1708/3300 train_loss:3.46209 train_time:2077.004s step_avg:1216.04ms
step:1709/3300 train_loss:3.72702 train_time:2078.207s step_avg:1216.04ms
step:1710/3300 train_loss:3.57008 train_time:2079.419s step_avg:1216.03ms
step:1711/3300 train_loss:3.46683 train_time:2080.702s step_avg:1216.07ms
step:1712/3300 train_loss:3.48026 train_time:2081.906s step_avg:1216.07ms
step:1713/3300 train_loss:3.53507 train_time:2083.107s step_avg:1216.06ms
step:1714/3300 train_loss:3.43650 train_time:2084.308s step_avg:1216.05ms
step:1715/3300 train_loss:3.52585 train_time:2085.520s step_avg:1216.05ms
step:1716/3300 train_loss:3.46369 train_time:2086.740s step_avg:1216.05ms
step:1717/3300 train_loss:3.48229 train_time:2087.942s step_avg:1216.04ms
step:1718/3300 train_loss:3.52342 train_time:2089.156s step_avg:1216.04ms
step:1719/3300 train_loss:3.52551 train_time:2090.368s step_avg:1216.04ms
step:1720/3300 train_loss:3.47872 train_time:2091.584s step_avg:1216.04ms
step:1721/3300 train_loss:3.51351 train_time:2092.793s step_avg:1216.03ms
step:1722/3300 train_loss:3.51567 train_time:2094.006s step_avg:1216.03ms
step:1723/3300 train_loss:3.50723 train_time:2095.219s step_avg:1216.03ms
step:1724/3300 train_loss:3.48032 train_time:2096.428s step_avg:1216.03ms
step:1725/3300 train_loss:3.50753 train_time:2097.639s step_avg:1216.02ms
step:1726/3300 train_loss:3.47477 train_time:2098.855s step_avg:1216.02ms
step:1727/3300 train_loss:3.46355 train_time:2100.081s step_avg:1216.03ms
step:1728/3300 train_loss:3.45462 train_time:2101.299s step_avg:1216.03ms
step:1729/3300 train_loss:3.52539 train_time:2102.507s step_avg:1216.02ms
step:1730/3300 train_loss:3.58296 train_time:2103.706s step_avg:1216.02ms
step:1731/3300 train_loss:3.48179 train_time:2104.915s step_avg:1216.01ms
step:1732/3300 train_loss:3.50400 train_time:2106.128s step_avg:1216.01ms
step:1733/3300 train_loss:3.43713 train_time:2107.337s step_avg:1216.01ms
step:1734/3300 train_loss:3.60389 train_time:2108.551s step_avg:1216.00ms
step:1735/3300 train_loss:3.51215 train_time:2109.766s step_avg:1216.00ms
step:1736/3300 train_loss:3.58145 train_time:2110.990s step_avg:1216.01ms
step:1737/3300 train_loss:3.57804 train_time:2112.205s step_avg:1216.01ms
step:1738/3300 train_loss:3.44903 train_time:2113.427s step_avg:1216.01ms
step:1739/3300 train_loss:3.46885 train_time:2114.628s step_avg:1216.00ms
step:1740/3300 train_loss:3.45482 train_time:2115.837s step_avg:1216.00ms
step:1741/3300 train_loss:3.45103 train_time:2117.055s step_avg:1216.00ms
step:1742/3300 train_loss:3.50012 train_time:2118.258s step_avg:1215.99ms
step:1743/3300 train_loss:3.43525 train_time:2119.465s step_avg:1215.99ms
step:1744/3300 train_loss:3.44764 train_time:2120.669s step_avg:1215.98ms
step:1745/3300 train_loss:3.50741 train_time:2121.890s step_avg:1215.98ms
step:1746/3300 train_loss:3.51567 train_time:2123.115s step_avg:1215.99ms
step:1747/3300 train_loss:3.48958 train_time:2124.328s step_avg:1215.99ms
step:1748/3300 train_loss:3.53926 train_time:2125.543s step_avg:1215.99ms
step:1749/3300 train_loss:3.49535 train_time:2126.769s step_avg:1215.99ms
step:1750/3300 train_loss:3.48210 train_time:2127.980s step_avg:1215.99ms
step:1750/3300 val_loss:3.47850 train_time:2127.980s step_avg:1213.50ms
step:1751/3300 train_loss:3.52454 train_time:2129.201s step_avg:1215.99ms
step:1752/3300 train_loss:3.51669 train_time:2130.408s step_avg:1215.99ms
step:1753/3300 train_loss:3.45782 train_time:2131.620s step_avg:1215.98ms
step:1754/3300 train_loss:3.49732 train_time:2132.833s step_avg:1215.98ms
step:1755/3300 train_loss:3.49651 train_time:2134.051s step_avg:1215.98ms
step:1756/3300 train_loss:3.46277 train_time:2135.272s step_avg:1215.99ms
step:1757/3300 train_loss:3.47088 train_time:2136.485s step_avg:1215.98ms
step:1758/3300 train_loss:3.60830 train_time:2137.702s step_avg:1215.99ms
step:1759/3300 train_loss:3.59732 train_time:2138.918s step_avg:1215.99ms
step:1760/3300 train_loss:3.54117 train_time:2140.132s step_avg:1215.98ms
step:1761/3300 train_loss:3.48575 train_time:2141.347s step_avg:1215.98ms
step:1762/3300 train_loss:3.48777 train_time:2142.559s step_avg:1215.98ms
step:1763/3300 train_loss:3.45462 train_time:2143.774s step_avg:1215.98ms
step:1764/3300 train_loss:3.47694 train_time:2144.988s step_avg:1215.98ms
step:1765/3300 train_loss:3.48080 train_time:2146.193s step_avg:1215.97ms
step:1766/3300 train_loss:3.44830 train_time:2147.422s step_avg:1215.98ms
step:1767/3300 train_loss:3.56230 train_time:2148.640s step_avg:1215.98ms
step:1768/3300 train_loss:3.49635 train_time:2149.849s step_avg:1215.98ms
step:1769/3300 train_loss:3.59955 train_time:2151.054s step_avg:1215.97ms
step:1770/3300 train_loss:3.49391 train_time:2152.264s step_avg:1215.97ms
step:1771/3300 train_loss:3.49928 train_time:2153.480s step_avg:1215.97ms
step:1772/3300 train_loss:3.45155 train_time:2154.700s step_avg:1215.97ms
step:1773/3300 train_loss:3.51793 train_time:2155.911s step_avg:1215.97ms
step:1774/3300 train_loss:3.50732 train_time:2157.112s step_avg:1215.96ms
step:1775/3300 train_loss:3.51954 train_time:2158.324s step_avg:1215.96ms
step:1776/3300 train_loss:3.52277 train_time:2159.536s step_avg:1215.96ms
step:1777/3300 train_loss:3.52564 train_time:2160.749s step_avg:1215.95ms
step:1778/3300 train_loss:3.52453 train_time:2161.951s step_avg:1215.95ms
step:1779/3300 train_loss:3.54582 train_time:2163.169s step_avg:1215.95ms
step:1780/3300 train_loss:3.47428 train_time:2164.404s step_avg:1215.96ms
step:1781/3300 train_loss:3.45638 train_time:2165.618s step_avg:1215.96ms
step:1782/3300 train_loss:3.47919 train_time:2166.825s step_avg:1215.95ms
step:1783/3300 train_loss:3.51390 train_time:2168.031s step_avg:1215.95ms
step:1784/3300 train_loss:3.41224 train_time:2169.256s step_avg:1215.95ms
step:1785/3300 train_loss:3.51982 train_time:2170.471s step_avg:1215.95ms
step:1786/3300 train_loss:3.51310 train_time:2171.683s step_avg:1215.95ms
step:1787/3300 train_loss:3.55448 train_time:2172.897s step_avg:1215.95ms
step:1788/3300 train_loss:3.44842 train_time:2174.111s step_avg:1215.95ms
step:1789/3300 train_loss:3.51253 train_time:2175.339s step_avg:1215.95ms
step:1790/3300 train_loss:3.43221 train_time:2176.554s step_avg:1215.95ms
step:1791/3300 train_loss:3.47747 train_time:2177.778s step_avg:1215.96ms
step:1792/3300 train_loss:3.49492 train_time:2178.993s step_avg:1215.96ms
step:1793/3300 train_loss:3.44071 train_time:2180.195s step_avg:1215.95ms
step:1794/3300 train_loss:3.51324 train_time:2181.400s step_avg:1215.94ms
step:1795/3300 train_loss:3.54278 train_time:2182.622s step_avg:1215.95ms
step:1796/3300 train_loss:3.53851 train_time:2183.865s step_avg:1215.96ms
step:1797/3300 train_loss:3.51231 train_time:2185.073s step_avg:1215.96ms
step:1798/3300 train_loss:3.52273 train_time:2186.290s step_avg:1215.96ms
step:1799/3300 train_loss:3.54023 train_time:2187.507s step_avg:1215.96ms
step:1800/3300 train_loss:3.46635 train_time:2188.717s step_avg:1215.95ms
step:1801/3300 train_loss:3.50776 train_time:2189.934s step_avg:1215.95ms
step:1802/3300 train_loss:3.44919 train_time:2191.138s step_avg:1215.95ms
step:1803/3300 train_loss:3.50883 train_time:2192.364s step_avg:1215.95ms
step:1804/3300 train_loss:3.47221 train_time:2193.573s step_avg:1215.95ms
step:1805/3300 train_loss:3.48605 train_time:2194.774s step_avg:1215.94ms
step:1806/3300 train_loss:3.49693 train_time:2196.003s step_avg:1215.95ms
step:1807/3300 train_loss:3.46345 train_time:2197.213s step_avg:1215.95ms
step:1808/3300 train_loss:3.52094 train_time:2198.421s step_avg:1215.94ms
step:1809/3300 train_loss:3.54475 train_time:2199.627s step_avg:1215.94ms
step:1810/3300 train_loss:3.49311 train_time:2200.829s step_avg:1215.93ms
step:1811/3300 train_loss:3.45832 train_time:2202.038s step_avg:1215.92ms
step:1812/3300 train_loss:3.46811 train_time:2203.250s step_avg:1215.92ms
step:1813/3300 train_loss:3.49439 train_time:2204.465s step_avg:1215.92ms
step:1814/3300 train_loss:3.45638 train_time:2205.674s step_avg:1215.92ms
step:1815/3300 train_loss:3.51640 train_time:2206.882s step_avg:1215.91ms
step:1816/3300 train_loss:3.46915 train_time:2208.096s step_avg:1215.91ms
step:1817/3300 train_loss:3.45594 train_time:2209.325s step_avg:1215.92ms
step:1818/3300 train_loss:3.46299 train_time:2210.536s step_avg:1215.92ms
step:1819/3300 train_loss:3.48970 train_time:2211.750s step_avg:1215.92ms
step:1820/3300 train_loss:3.45286 train_time:2212.953s step_avg:1215.91ms
step:1821/3300 train_loss:3.48597 train_time:2214.166s step_avg:1215.91ms
step:1822/3300 train_loss:3.44393 train_time:2215.381s step_avg:1215.91ms
step:1823/3300 train_loss:3.50241 train_time:2216.593s step_avg:1215.90ms
step:1824/3300 train_loss:3.51680 train_time:2217.797s step_avg:1215.90ms
step:1825/3300 train_loss:3.62003 train_time:2219.009s step_avg:1215.90ms
step:1826/3300 train_loss:3.45872 train_time:2220.223s step_avg:1215.89ms
step:1827/3300 train_loss:3.44982 train_time:2221.447s step_avg:1215.90ms
step:1828/3300 train_loss:3.51282 train_time:2222.674s step_avg:1215.90ms
step:1829/3300 train_loss:3.45103 train_time:2223.882s step_avg:1215.90ms
step:1830/3300 train_loss:3.48058 train_time:2225.097s step_avg:1215.90ms
step:1831/3300 train_loss:3.44512 train_time:2226.304s step_avg:1215.90ms
step:1832/3300 train_loss:3.46738 train_time:2227.513s step_avg:1215.89ms
step:1833/3300 train_loss:3.52590 train_time:2228.723s step_avg:1215.89ms
step:1834/3300 train_loss:3.48686 train_time:2229.931s step_avg:1215.88ms
step:1835/3300 train_loss:3.53464 train_time:2231.135s step_avg:1215.88ms
step:1836/3300 train_loss:3.46424 train_time:2232.340s step_avg:1215.87ms
step:1837/3300 train_loss:3.46112 train_time:2233.550s step_avg:1215.87ms
step:1838/3300 train_loss:3.43504 train_time:2234.762s step_avg:1215.87ms
step:1839/3300 train_loss:3.48944 train_time:2235.981s step_avg:1215.87ms
step:1840/3300 train_loss:3.45502 train_time:2237.191s step_avg:1215.86ms
step:1841/3300 train_loss:3.55127 train_time:2238.414s step_avg:1215.87ms
step:1842/3300 train_loss:3.47862 train_time:2239.637s step_avg:1215.87ms
step:1843/3300 train_loss:3.43449 train_time:2240.838s step_avg:1215.86ms
step:1844/3300 train_loss:3.43512 train_time:2242.046s step_avg:1215.86ms
step:1845/3300 train_loss:3.45550 train_time:2243.254s step_avg:1215.86ms
step:1846/3300 train_loss:3.48164 train_time:2244.469s step_avg:1215.86ms
step:1847/3300 train_loss:3.47811 train_time:2245.679s step_avg:1215.85ms
step:1848/3300 train_loss:3.47256 train_time:2246.891s step_avg:1215.85ms
step:1849/3300 train_loss:3.50472 train_time:2248.099s step_avg:1215.85ms
step:1850/3300 train_loss:3.45364 train_time:2249.324s step_avg:1215.85ms
step:1851/3300 train_loss:3.48300 train_time:2250.537s step_avg:1215.85ms
step:1852/3300 train_loss:3.45964 train_time:2251.752s step_avg:1215.85ms
step:1853/3300 train_loss:3.51664 train_time:2252.963s step_avg:1215.85ms
step:1854/3300 train_loss:3.46112 train_time:2254.175s step_avg:1215.84ms
step:1855/3300 train_loss:3.44390 train_time:2255.382s step_avg:1215.84ms
step:1856/3300 train_loss:3.46655 train_time:2256.592s step_avg:1215.84ms
step:1857/3300 train_loss:3.49667 train_time:2257.814s step_avg:1215.84ms
step:1858/3300 train_loss:3.51356 train_time:2259.024s step_avg:1215.84ms
step:1859/3300 train_loss:3.47167 train_time:2260.227s step_avg:1215.83ms
step:1860/3300 train_loss:3.41887 train_time:2261.436s step_avg:1215.83ms
step:1861/3300 train_loss:3.46636 train_time:2262.650s step_avg:1215.82ms
step:1862/3300 train_loss:3.50123 train_time:2263.920s step_avg:1215.85ms
step:1863/3300 train_loss:3.53937 train_time:2265.119s step_avg:1215.84ms
step:1864/3300 train_loss:3.50558 train_time:2266.316s step_avg:1215.83ms
step:1865/3300 train_loss:3.43549 train_time:2267.517s step_avg:1215.83ms
step:1866/3300 train_loss:3.45615 train_time:2268.725s step_avg:1215.82ms
step:1867/3300 train_loss:3.47677 train_time:2269.938s step_avg:1215.82ms
step:1868/3300 train_loss:3.55806 train_time:2271.142s step_avg:1215.81ms
step:1869/3300 train_loss:3.42274 train_time:2272.354s step_avg:1215.81ms
step:1870/3300 train_loss:3.47634 train_time:2273.562s step_avg:1215.81ms
step:1871/3300 train_loss:3.51236 train_time:2274.779s step_avg:1215.81ms
step:1872/3300 train_loss:3.44897 train_time:2275.990s step_avg:1215.81ms
step:1873/3300 train_loss:3.47867 train_time:2277.202s step_avg:1215.80ms
step:1874/3300 train_loss:3.46079 train_time:2278.422s step_avg:1215.81ms
step:1875/3300 train_loss:3.53396 train_time:2279.631s step_avg:1215.80ms
step:1875/3300 val_loss:3.45917 train_time:2279.631s step_avg:1213.21ms
step:1876/3300 train_loss:3.50209 train_time:2280.846s step_avg:1215.80ms
step:1877/3300 train_loss:3.52212 train_time:2282.061s step_avg:1215.80ms
step:1878/3300 train_loss:3.55855 train_time:2283.266s step_avg:1215.80ms
step:1879/3300 train_loss:3.56048 train_time:2284.468s step_avg:1215.79ms
step:1880/3300 train_loss:3.45743 train_time:2285.685s step_avg:1215.79ms
step:1881/3300 train_loss:3.39484 train_time:2286.906s step_avg:1215.79ms
step:1882/3300 train_loss:3.47521 train_time:2288.114s step_avg:1215.79ms
step:1883/3300 train_loss:3.43579 train_time:2289.325s step_avg:1215.79ms
step:1884/3300 train_loss:3.47270 train_time:2290.544s step_avg:1215.79ms
step:1885/3300 train_loss:3.46765 train_time:2291.771s step_avg:1215.79ms
step:1886/3300 train_loss:3.42506 train_time:2292.993s step_avg:1215.80ms
step:1887/3300 train_loss:3.46373 train_time:2294.213s step_avg:1215.80ms
step:1888/3300 train_loss:3.42655 train_time:2295.424s step_avg:1215.80ms
step:1889/3300 train_loss:3.45958 train_time:2296.634s step_avg:1215.79ms
step:1890/3300 train_loss:3.48170 train_time:2297.857s step_avg:1215.80ms
step:1891/3300 train_loss:3.50355 train_time:2299.080s step_avg:1215.80ms
step:1892/3300 train_loss:3.40711 train_time:2300.288s step_avg:1215.80ms
step:1893/3300 train_loss:3.48166 train_time:2301.512s step_avg:1215.80ms
step:1894/3300 train_loss:3.46967 train_time:2302.721s step_avg:1215.80ms
step:1895/3300 train_loss:3.42834 train_time:2303.928s step_avg:1215.79ms
step:1896/3300 train_loss:3.52614 train_time:2305.137s step_avg:1215.79ms
step:1897/3300 train_loss:3.51332 train_time:2306.351s step_avg:1215.79ms
step:1898/3300 train_loss:3.42486 train_time:2307.557s step_avg:1215.78ms
step:1899/3300 train_loss:3.41935 train_time:2308.764s step_avg:1215.78ms
step:1900/3300 train_loss:3.44473 train_time:2309.991s step_avg:1215.78ms
step:1901/3300 train_loss:3.40478 train_time:2311.235s step_avg:1215.80ms
step:1902/3300 train_loss:3.48645 train_time:2312.445s step_avg:1215.80ms
step:1903/3300 train_loss:3.50728 train_time:2313.649s step_avg:1215.79ms
step:1904/3300 train_loss:3.45860 train_time:2314.876s step_avg:1215.80ms
step:1905/3300 train_loss:3.44617 train_time:2316.086s step_avg:1215.79ms
step:1906/3300 train_loss:3.49069 train_time:2317.295s step_avg:1215.79ms
step:1907/3300 train_loss:3.44826 train_time:2318.509s step_avg:1215.79ms
step:1908/3300 train_loss:3.46577 train_time:2319.728s step_avg:1215.79ms
step:1909/3300 train_loss:3.41101 train_time:2320.928s step_avg:1215.78ms
step:1910/3300 train_loss:3.50003 train_time:2322.183s step_avg:1215.80ms
step:1911/3300 train_loss:3.47592 train_time:2323.390s step_avg:1215.80ms
step:1912/3300 train_loss:3.39235 train_time:2324.609s step_avg:1215.80ms
step:1913/3300 train_loss:3.50768 train_time:2325.829s step_avg:1215.80ms
step:1914/3300 train_loss:3.59833 train_time:2327.071s step_avg:1215.82ms
step:1915/3300 train_loss:3.43249 train_time:2328.282s step_avg:1215.81ms
step:1916/3300 train_loss:3.40514 train_time:2329.496s step_avg:1215.81ms
step:1917/3300 train_loss:3.50318 train_time:2330.710s step_avg:1215.81ms
step:1918/3300 train_loss:3.49819 train_time:2331.924s step_avg:1215.81ms
step:1919/3300 train_loss:3.49278 train_time:2333.133s step_avg:1215.81ms
step:1920/3300 train_loss:3.42926 train_time:2334.348s step_avg:1215.81ms
step:1921/3300 train_loss:3.47058 train_time:2335.559s step_avg:1215.80ms
step:1922/3300 train_loss:3.42109 train_time:2336.767s step_avg:1215.80ms
step:1923/3300 train_loss:3.46175 train_time:2337.968s step_avg:1215.79ms
step:1924/3300 train_loss:3.49875 train_time:2339.174s step_avg:1215.79ms
step:1925/3300 train_loss:3.43615 train_time:2340.395s step_avg:1215.79ms
step:1926/3300 train_loss:3.45570 train_time:2341.619s step_avg:1215.79ms
step:1927/3300 train_loss:3.48380 train_time:2342.826s step_avg:1215.79ms
step:1928/3300 train_loss:3.53444 train_time:2344.030s step_avg:1215.78ms
step:1929/3300 train_loss:3.47186 train_time:2345.232s step_avg:1215.78ms
step:1930/3300 train_loss:3.48556 train_time:2346.466s step_avg:1215.79ms
step:1931/3300 train_loss:3.38200 train_time:2347.682s step_avg:1215.79ms
step:1932/3300 train_loss:3.80122 train_time:2348.893s step_avg:1215.78ms
step:1933/3300 train_loss:3.50344 train_time:2350.103s step_avg:1215.78ms
step:1934/3300 train_loss:3.47255 train_time:2351.315s step_avg:1215.78ms
step:1935/3300 train_loss:3.50512 train_time:2352.528s step_avg:1215.78ms
step:1936/3300 train_loss:3.47527 train_time:2353.732s step_avg:1215.77ms
step:1937/3300 train_loss:3.49607 train_time:2354.949s step_avg:1215.77ms
step:1938/3300 train_loss:3.42554 train_time:2356.150s step_avg:1215.76ms
step:1939/3300 train_loss:3.43629 train_time:2357.354s step_avg:1215.76ms
step:1940/3300 train_loss:3.49107 train_time:2358.565s step_avg:1215.75ms
step:1941/3300 train_loss:3.47769 train_time:2359.789s step_avg:1215.76ms
step:1942/3300 train_loss:3.39786 train_time:2360.991s step_avg:1215.75ms
step:1943/3300 train_loss:3.52538 train_time:2362.192s step_avg:1215.74ms
step:1944/3300 train_loss:3.41057 train_time:2363.402s step_avg:1215.74ms
step:1945/3300 train_loss:3.49609 train_time:2364.620s step_avg:1215.74ms
step:1946/3300 train_loss:3.48683 train_time:2365.842s step_avg:1215.75ms
step:1947/3300 train_loss:3.42251 train_time:2367.053s step_avg:1215.74ms
step:1948/3300 train_loss:3.47700 train_time:2368.259s step_avg:1215.74ms
step:1949/3300 train_loss:3.38869 train_time:2369.471s step_avg:1215.74ms
step:1950/3300 train_loss:3.51716 train_time:2370.688s step_avg:1215.74ms
step:1951/3300 train_loss:3.48914 train_time:2371.902s step_avg:1215.74ms
step:1952/3300 train_loss:3.54394 train_time:2373.114s step_avg:1215.73ms
step:1953/3300 train_loss:3.41106 train_time:2374.335s step_avg:1215.74ms
step:1954/3300 train_loss:3.45729 train_time:2375.537s step_avg:1215.73ms
step:1955/3300 train_loss:3.47690 train_time:2376.751s step_avg:1215.73ms
step:1956/3300 train_loss:3.43756 train_time:2377.979s step_avg:1215.74ms
step:1957/3300 train_loss:3.46302 train_time:2379.194s step_avg:1215.74ms
step:1958/3300 train_loss:3.49180 train_time:2380.405s step_avg:1215.73ms
step:1959/3300 train_loss:3.54190 train_time:2381.616s step_avg:1215.73ms
step:1960/3300 train_loss:3.41855 train_time:2382.816s step_avg:1215.72ms
step:1961/3300 train_loss:3.48172 train_time:2384.025s step_avg:1215.72ms
step:1962/3300 train_loss:3.43170 train_time:2385.240s step_avg:1215.72ms
step:1963/3300 train_loss:3.45859 train_time:2386.450s step_avg:1215.72ms
step:1964/3300 train_loss:3.45511 train_time:2387.656s step_avg:1215.71ms
step:1965/3300 train_loss:3.45769 train_time:2388.863s step_avg:1215.71ms
step:1966/3300 train_loss:3.51736 train_time:2390.081s step_avg:1215.71ms
step:1967/3300 train_loss:3.41409 train_time:2391.295s step_avg:1215.71ms
step:1968/3300 train_loss:3.46997 train_time:2392.506s step_avg:1215.70ms
step:1969/3300 train_loss:3.42177 train_time:2393.718s step_avg:1215.70ms
step:1970/3300 train_loss:3.45277 train_time:2394.940s step_avg:1215.71ms
step:1971/3300 train_loss:3.47355 train_time:2396.157s step_avg:1215.71ms
step:1972/3300 train_loss:3.43046 train_time:2397.373s step_avg:1215.71ms
step:1973/3300 train_loss:3.41742 train_time:2398.587s step_avg:1215.71ms
step:1974/3300 train_loss:3.43256 train_time:2399.796s step_avg:1215.70ms
step:1975/3300 train_loss:3.44947 train_time:2401.024s step_avg:1215.71ms
step:1976/3300 train_loss:3.45917 train_time:2402.238s step_avg:1215.71ms
step:1977/3300 train_loss:3.49661 train_time:2403.451s step_avg:1215.71ms
step:1978/3300 train_loss:3.49287 train_time:2404.666s step_avg:1215.71ms
step:1979/3300 train_loss:3.47924 train_time:2405.879s step_avg:1215.70ms
step:1980/3300 train_loss:3.47815 train_time:2407.104s step_avg:1215.71ms
step:1981/3300 train_loss:3.43887 train_time:2408.337s step_avg:1215.72ms
step:1982/3300 train_loss:3.45741 train_time:2409.549s step_avg:1215.72ms
step:1983/3300 train_loss:3.59974 train_time:2410.756s step_avg:1215.71ms
step:1984/3300 train_loss:3.40953 train_time:2411.998s step_avg:1215.72ms
step:1985/3300 train_loss:3.43406 train_time:2413.204s step_avg:1215.72ms
step:1986/3300 train_loss:3.43086 train_time:2414.421s step_avg:1215.72ms
step:1987/3300 train_loss:3.44214 train_time:2415.631s step_avg:1215.72ms
step:1988/3300 train_loss:3.46537 train_time:2416.838s step_avg:1215.71ms
step:1989/3300 train_loss:3.42917 train_time:2418.069s step_avg:1215.72ms
step:1990/3300 train_loss:3.46787 train_time:2419.277s step_avg:1215.72ms
step:1991/3300 train_loss:3.45084 train_time:2420.491s step_avg:1215.72ms
step:1992/3300 train_loss:3.43617 train_time:2421.709s step_avg:1215.72ms
step:1993/3300 train_loss:3.53547 train_time:2422.920s step_avg:1215.72ms
step:1994/3300 train_loss:3.45765 train_time:2424.126s step_avg:1215.71ms
step:1995/3300 train_loss:3.45286 train_time:2425.357s step_avg:1215.72ms
step:1996/3300 train_loss:3.51208 train_time:2426.562s step_avg:1215.71ms
step:1997/3300 train_loss:3.57433 train_time:2427.766s step_avg:1215.71ms
step:1998/3300 train_loss:3.45901 train_time:2428.975s step_avg:1215.70ms
step:1999/3300 train_loss:3.51847 train_time:2430.193s step_avg:1215.70ms
step:2000/3300 train_loss:3.42665 train_time:2431.411s step_avg:1215.71ms
step:2000/3300 val_loss:3.43972 train_time:2431.411s step_avg:1214.24ms
step:2001/3300 train_loss:3.48615 train_time:2432.648s step_avg:1215.72ms
step:2002/3300 train_loss:3.45698 train_time:2433.858s step_avg:1215.71ms
step:2003/3300 train_loss:3.44173 train_time:2435.069s step_avg:1215.71ms
step:2004/3300 train_loss:3.58769 train_time:2436.264s step_avg:1215.70ms
step:2005/3300 train_loss:3.42859 train_time:2437.486s step_avg:1215.70ms
step:2006/3300 train_loss:3.45607 train_time:2438.711s step_avg:1215.71ms
step:2007/3300 train_loss:3.45686 train_time:2439.920s step_avg:1215.70ms
step:2008/3300 train_loss:3.39470 train_time:2441.130s step_avg:1215.70ms
step:2009/3300 train_loss:3.46947 train_time:2442.371s step_avg:1215.71ms
step:2010/3300 train_loss:3.46322 train_time:2443.589s step_avg:1215.72ms
step:2011/3300 train_loss:3.46696 train_time:2444.796s step_avg:1215.71ms
step:2012/3300 train_loss:3.43272 train_time:2446.017s step_avg:1215.71ms
step:2013/3300 train_loss:3.45742 train_time:2447.239s step_avg:1215.72ms
step:2014/3300 train_loss:3.46073 train_time:2448.482s step_avg:1215.73ms
step:2015/3300 train_loss:3.40745 train_time:2449.739s step_avg:1215.75ms
step:2016/3300 train_loss:3.49088 train_time:2450.985s step_avg:1215.77ms
step:2017/3300 train_loss:3.43491 train_time:2452.212s step_avg:1215.77ms
step:2018/3300 train_loss:3.50982 train_time:2453.421s step_avg:1215.77ms
step:2019/3300 train_loss:3.46823 train_time:2454.629s step_avg:1215.76ms
step:2020/3300 train_loss:3.38895 train_time:2455.831s step_avg:1215.76ms
step:2021/3300 train_loss:3.46068 train_time:2457.089s step_avg:1215.78ms
step:2022/3300 train_loss:3.36676 train_time:2458.319s step_avg:1215.79ms
step:2023/3300 train_loss:3.41546 train_time:2459.530s step_avg:1215.78ms
step:2024/3300 train_loss:3.44117 train_time:2460.736s step_avg:1215.78ms
step:2025/3300 train_loss:3.36930 train_time:2461.951s step_avg:1215.78ms
step:2026/3300 train_loss:3.44862 train_time:2463.160s step_avg:1215.77ms
step:2027/3300 train_loss:3.40965 train_time:2464.370s step_avg:1215.77ms
step:2028/3300 train_loss:3.44215 train_time:2465.573s step_avg:1215.77ms
step:2029/3300 train_loss:3.45203 train_time:2466.778s step_avg:1215.76ms
step:2030/3300 train_loss:3.45894 train_time:2467.994s step_avg:1215.76ms
step:2031/3300 train_loss:3.44805 train_time:2469.215s step_avg:1215.76ms
step:2032/3300 train_loss:3.44964 train_time:2470.429s step_avg:1215.76ms
step:2033/3300 train_loss:3.41857 train_time:2471.633s step_avg:1215.76ms
step:2034/3300 train_loss:3.45995 train_time:2472.846s step_avg:1215.76ms
step:2035/3300 train_loss:3.46125 train_time:2474.083s step_avg:1215.77ms
step:2036/3300 train_loss:3.40853 train_time:2475.299s step_avg:1215.77ms
step:2037/3300 train_loss:3.50380 train_time:2476.510s step_avg:1215.76ms
step:2038/3300 train_loss:3.44354 train_time:2477.712s step_avg:1215.76ms
step:2039/3300 train_loss:3.42702 train_time:2478.918s step_avg:1215.75ms
step:2040/3300 train_loss:3.44979 train_time:2480.145s step_avg:1215.76ms
step:2041/3300 train_loss:3.44551 train_time:2481.360s step_avg:1215.76ms
step:2042/3300 train_loss:3.44468 train_time:2482.571s step_avg:1215.75ms
step:2043/3300 train_loss:3.42131 train_time:2483.778s step_avg:1215.75ms
step:2044/3300 train_loss:3.45612 train_time:2484.988s step_avg:1215.75ms
step:2045/3300 train_loss:3.38504 train_time:2486.195s step_avg:1215.74ms
step:2046/3300 train_loss:3.46295 train_time:2487.445s step_avg:1215.76ms
step:2047/3300 train_loss:3.45446 train_time:2488.658s step_avg:1215.76ms
step:2048/3300 train_loss:3.44805 train_time:2489.868s step_avg:1215.76ms
step:2049/3300 train_loss:3.40743 train_time:2491.082s step_avg:1215.76ms
step:2050/3300 train_loss:3.48941 train_time:2492.299s step_avg:1215.76ms
step:2051/3300 train_loss:3.48715 train_time:2493.519s step_avg:1215.76ms
step:2052/3300 train_loss:3.43954 train_time:2494.731s step_avg:1215.76ms
step:2053/3300 train_loss:3.54106 train_time:2495.937s step_avg:1215.75ms
step:2054/3300 train_loss:3.44635 train_time:2497.173s step_avg:1215.76ms
step:2055/3300 train_loss:3.41047 train_time:2498.376s step_avg:1215.75ms
step:2056/3300 train_loss:3.46095 train_time:2499.609s step_avg:1215.76ms
step:2057/3300 train_loss:3.36778 train_time:2500.831s step_avg:1215.77ms
step:2058/3300 train_loss:3.47649 train_time:2502.047s step_avg:1215.77ms
step:2059/3300 train_loss:3.47984 train_time:2503.257s step_avg:1215.76ms
step:2060/3300 train_loss:3.34192 train_time:2504.469s step_avg:1215.76ms
step:2061/3300 train_loss:3.40419 train_time:2505.678s step_avg:1215.76ms
step:2062/3300 train_loss:3.45223 train_time:2506.887s step_avg:1215.76ms
step:2063/3300 train_loss:3.45811 train_time:2508.101s step_avg:1215.75ms
step:2064/3300 train_loss:3.44850 train_time:2509.342s step_avg:1215.77ms
step:2065/3300 train_loss:3.45953 train_time:2510.557s step_avg:1215.77ms
step:2066/3300 train_loss:3.42124 train_time:2511.774s step_avg:1215.77ms
step:2067/3300 train_loss:3.45056 train_time:2512.989s step_avg:1215.77ms
step:2068/3300 train_loss:3.42642 train_time:2514.196s step_avg:1215.76ms
step:2069/3300 train_loss:3.52194 train_time:2515.399s step_avg:1215.76ms
step:2070/3300 train_loss:3.47011 train_time:2516.609s step_avg:1215.75ms
step:2071/3300 train_loss:3.47367 train_time:2517.826s step_avg:1215.75ms
step:2072/3300 train_loss:3.44867 train_time:2519.039s step_avg:1215.75ms
step:2073/3300 train_loss:3.51754 train_time:2520.256s step_avg:1215.75ms
step:2074/3300 train_loss:3.47938 train_time:2521.458s step_avg:1215.75ms
step:2075/3300 train_loss:3.48636 train_time:2522.677s step_avg:1215.75ms
step:2076/3300 train_loss:3.45791 train_time:2523.899s step_avg:1215.75ms
step:2077/3300 train_loss:3.43941 train_time:2525.110s step_avg:1215.75ms
step:2078/3300 train_loss:3.39516 train_time:2526.320s step_avg:1215.75ms
step:2079/3300 train_loss:3.41952 train_time:2527.559s step_avg:1215.76ms
step:2080/3300 train_loss:3.51479 train_time:2528.777s step_avg:1215.76ms
step:2081/3300 train_loss:3.46227 train_time:2529.997s step_avg:1215.76ms
step:2082/3300 train_loss:3.41706 train_time:2531.205s step_avg:1215.76ms
step:2083/3300 train_loss:3.39377 train_time:2532.423s step_avg:1215.76ms
step:2084/3300 train_loss:3.39893 train_time:2533.632s step_avg:1215.75ms
step:2085/3300 train_loss:3.46304 train_time:2534.839s step_avg:1215.75ms
step:2086/3300 train_loss:3.43445 train_time:2536.057s step_avg:1215.75ms
step:2087/3300 train_loss:3.42510 train_time:2537.263s step_avg:1215.75ms
step:2088/3300 train_loss:3.48020 train_time:2538.485s step_avg:1215.75ms
step:2089/3300 train_loss:3.40377 train_time:2539.704s step_avg:1215.75ms
step:2090/3300 train_loss:3.40425 train_time:2540.917s step_avg:1215.75ms
step:2091/3300 train_loss:3.46185 train_time:2542.174s step_avg:1215.77ms
step:2092/3300 train_loss:3.45640 train_time:2543.387s step_avg:1215.77ms
step:2093/3300 train_loss:3.41578 train_time:2544.595s step_avg:1215.76ms
step:2094/3300 train_loss:3.51439 train_time:2545.799s step_avg:1215.76ms
step:2095/3300 train_loss:3.43466 train_time:2547.015s step_avg:1215.76ms
step:2096/3300 train_loss:3.44481 train_time:2548.227s step_avg:1215.76ms
step:2097/3300 train_loss:3.44744 train_time:2549.443s step_avg:1215.76ms
step:2098/3300 train_loss:3.40579 train_time:2550.649s step_avg:1215.75ms
step:2099/3300 train_loss:3.42116 train_time:2551.858s step_avg:1215.75ms
step:2100/3300 train_loss:3.52759 train_time:2553.064s step_avg:1215.74ms
step:2101/3300 train_loss:3.43156 train_time:2554.286s step_avg:1215.75ms
step:2102/3300 train_loss:3.43294 train_time:2555.494s step_avg:1215.74ms
step:2103/3300 train_loss:3.40416 train_time:2556.700s step_avg:1215.74ms
step:2104/3300 train_loss:3.47803 train_time:2557.921s step_avg:1215.74ms
step:2105/3300 train_loss:3.43047 train_time:2559.139s step_avg:1215.74ms
step:2106/3300 train_loss:3.41898 train_time:2560.355s step_avg:1215.74ms
step:2107/3300 train_loss:3.44521 train_time:2561.563s step_avg:1215.74ms
step:2108/3300 train_loss:3.47482 train_time:2562.772s step_avg:1215.74ms
step:2109/3300 train_loss:3.44722 train_time:2563.979s step_avg:1215.73ms
step:2110/3300 train_loss:3.37020 train_time:2565.197s step_avg:1215.73ms
step:2111/3300 train_loss:3.42999 train_time:2566.404s step_avg:1215.73ms
step:2112/3300 train_loss:3.39353 train_time:2567.613s step_avg:1215.73ms
step:2113/3300 train_loss:3.40871 train_time:2568.821s step_avg:1215.72ms
step:2114/3300 train_loss:3.43799 train_time:2570.025s step_avg:1215.72ms
step:2115/3300 train_loss:3.45057 train_time:2571.227s step_avg:1215.71ms
step:2116/3300 train_loss:3.49032 train_time:2572.446s step_avg:1215.71ms
step:2117/3300 train_loss:3.42432 train_time:2573.667s step_avg:1215.71ms
step:2118/3300 train_loss:3.49552 train_time:2574.893s step_avg:1215.72ms
step:2119/3300 train_loss:3.40750 train_time:2576.103s step_avg:1215.72ms
step:2120/3300 train_loss:3.41083 train_time:2577.333s step_avg:1215.72ms
step:2121/3300 train_loss:3.36996 train_time:2578.557s step_avg:1215.73ms
step:2122/3300 train_loss:3.42036 train_time:2579.763s step_avg:1215.72ms
step:2123/3300 train_loss:3.41360 train_time:2580.964s step_avg:1215.72ms
step:2124/3300 train_loss:3.47516 train_time:2582.178s step_avg:1215.71ms
step:2125/3300 train_loss:3.37439 train_time:2583.377s step_avg:1215.71ms
step:2125/3300 val_loss:3.42165 train_time:2583.377s step_avg:1215.73ms
step:2126/3300 train_loss:3.47680 train_time:2584.607s step_avg:1215.71ms
step:2127/3300 train_loss:3.45808 train_time:2585.818s step_avg:1215.71ms
step:2128/3300 train_loss:3.39530 train_time:2587.024s step_avg:1215.71ms
step:2129/3300 train_loss:3.43828 train_time:2588.240s step_avg:1215.71ms
step:2130/3300 train_loss:3.43150 train_time:2589.480s step_avg:1215.72ms
step:2131/3300 train_loss:3.47625 train_time:2590.698s step_avg:1215.72ms
step:2132/3300 train_loss:3.43335 train_time:2591.896s step_avg:1215.71ms
step:2133/3300 train_loss:3.38479 train_time:2593.101s step_avg:1215.71ms
step:2134/3300 train_loss:3.46309 train_time:2594.318s step_avg:1215.71ms
step:2135/3300 train_loss:3.42498 train_time:2595.529s step_avg:1215.70ms
step:2136/3300 train_loss:3.39833 train_time:2596.765s step_avg:1215.71ms
step:2137/3300 train_loss:3.43988 train_time:2597.975s step_avg:1215.71ms
step:2138/3300 train_loss:3.39708 train_time:2599.181s step_avg:1215.71ms
step:2139/3300 train_loss:3.44534 train_time:2600.386s step_avg:1215.70ms
step:2140/3300 train_loss:3.53343 train_time:2601.601s step_avg:1215.70ms
step:2141/3300 train_loss:3.46521 train_time:2602.807s step_avg:1215.70ms
step:2142/3300 train_loss:3.42284 train_time:2604.046s step_avg:1215.71ms
step:2143/3300 train_loss:3.40241 train_time:2605.260s step_avg:1215.71ms
step:2144/3300 train_loss:3.37584 train_time:2606.489s step_avg:1215.71ms
step:2145/3300 train_loss:3.48673 train_time:2607.708s step_avg:1215.71ms
step:2146/3300 train_loss:3.42965 train_time:2608.924s step_avg:1215.71ms
step:2147/3300 train_loss:3.51788 train_time:2610.151s step_avg:1215.72ms
step:2148/3300 train_loss:3.46431 train_time:2611.386s step_avg:1215.73ms
step:2149/3300 train_loss:3.40397 train_time:2612.596s step_avg:1215.73ms
step:2150/3300 train_loss:3.48882 train_time:2613.801s step_avg:1215.72ms
step:2151/3300 train_loss:3.42226 train_time:2615.016s step_avg:1215.72ms
step:2152/3300 train_loss:3.55706 train_time:2616.257s step_avg:1215.73ms
step:2153/3300 train_loss:3.47090 train_time:2617.480s step_avg:1215.74ms
step:2154/3300 train_loss:3.50771 train_time:2618.683s step_avg:1215.73ms
step:2155/3300 train_loss:3.40348 train_time:2619.895s step_avg:1215.73ms
step:2156/3300 train_loss:3.39716 train_time:2621.110s step_avg:1215.73ms
step:2157/3300 train_loss:3.42229 train_time:2622.325s step_avg:1215.73ms
step:2158/3300 train_loss:3.38617 train_time:2623.535s step_avg:1215.72ms
step:2159/3300 train_loss:3.49761 train_time:2624.749s step_avg:1215.72ms
step:2160/3300 train_loss:3.50254 train_time:2625.977s step_avg:1215.73ms
step:2161/3300 train_loss:3.42348 train_time:2627.196s step_avg:1215.73ms
step:2162/3300 train_loss:3.37807 train_time:2628.417s step_avg:1215.73ms
step:2163/3300 train_loss:3.52846 train_time:2629.637s step_avg:1215.74ms
step:2164/3300 train_loss:3.43080 train_time:2630.860s step_avg:1215.74ms
step:2165/3300 train_loss:3.47887 train_time:2632.065s step_avg:1215.73ms
step:2166/3300 train_loss:3.47483 train_time:2633.282s step_avg:1215.74ms
step:2167/3300 train_loss:3.43174 train_time:2634.486s step_avg:1215.73ms
step:2168/3300 train_loss:3.43160 train_time:2635.704s step_avg:1215.73ms
step:2169/3300 train_loss:3.48137 train_time:2636.925s step_avg:1215.73ms
step:2170/3300 train_loss:3.44118 train_time:2638.140s step_avg:1215.73ms
step:2171/3300 train_loss:3.46537 train_time:2639.368s step_avg:1215.74ms
step:2172/3300 train_loss:3.41908 train_time:2640.580s step_avg:1215.74ms
step:2173/3300 train_loss:3.47838 train_time:2641.780s step_avg:1215.73ms
step:2174/3300 train_loss:3.45380 train_time:2642.984s step_avg:1215.72ms
step:2175/3300 train_loss:3.41422 train_time:2644.183s step_avg:1215.72ms
step:2176/3300 train_loss:3.41871 train_time:2645.426s step_avg:1215.73ms
step:2177/3300 train_loss:3.47966 train_time:2646.659s step_avg:1215.74ms
step:2178/3300 train_loss:3.35528 train_time:2647.885s step_avg:1215.74ms
step:2179/3300 train_loss:3.42300 train_time:2649.085s step_avg:1215.73ms
step:2180/3300 train_loss:3.44981 train_time:2650.285s step_avg:1215.73ms
step:2181/3300 train_loss:3.44733 train_time:2651.492s step_avg:1215.72ms
step:2182/3300 train_loss:3.40723 train_time:2652.704s step_avg:1215.72ms
step:2183/3300 train_loss:3.38319 train_time:2653.917s step_avg:1215.72ms
step:2184/3300 train_loss:3.44039 train_time:2655.132s step_avg:1215.72ms
step:2185/3300 train_loss:3.48507 train_time:2656.363s step_avg:1215.73ms
step:2186/3300 train_loss:3.34509 train_time:2657.575s step_avg:1215.72ms
step:2187/3300 train_loss:3.41079 train_time:2658.784s step_avg:1215.72ms
step:2188/3300 train_loss:3.35338 train_time:2659.985s step_avg:1215.72ms
step:2189/3300 train_loss:3.39132 train_time:2661.193s step_avg:1215.71ms
step:2190/3300 train_loss:3.43562 train_time:2662.396s step_avg:1215.71ms
step:2191/3300 train_loss:3.37541 train_time:2663.614s step_avg:1215.71ms
step:2192/3300 train_loss:3.47359 train_time:2664.825s step_avg:1215.70ms
step:2193/3300 train_loss:3.43552 train_time:2666.026s step_avg:1215.70ms
step:2194/3300 train_loss:3.45405 train_time:2667.230s step_avg:1215.69ms
step:2195/3300 train_loss:3.38400 train_time:2668.442s step_avg:1215.69ms
step:2196/3300 train_loss:3.39167 train_time:2669.665s step_avg:1215.69ms
step:2197/3300 train_loss:3.43605 train_time:2670.876s step_avg:1215.69ms
step:2198/3300 train_loss:3.41719 train_time:2672.083s step_avg:1215.69ms
step:2199/3300 train_loss:3.40158 train_time:2673.285s step_avg:1215.68ms
step:2200/3300 train_loss:3.44172 train_time:2674.490s step_avg:1215.68ms
step:2201/3300 train_loss:3.38104 train_time:2675.712s step_avg:1215.68ms
step:2202/3300 train_loss:3.63512 train_time:2676.927s step_avg:1215.68ms
step:2203/3300 train_loss:3.49189 train_time:2678.138s step_avg:1215.68ms
step:2204/3300 train_loss:3.38908 train_time:2679.349s step_avg:1215.68ms
step:2205/3300 train_loss:3.44714 train_time:2680.564s step_avg:1215.68ms
step:2206/3300 train_loss:3.44875 train_time:2681.775s step_avg:1215.67ms
step:2207/3300 train_loss:3.50347 train_time:2682.983s step_avg:1215.67ms
step:2208/3300 train_loss:3.44637 train_time:2684.188s step_avg:1215.66ms
step:2209/3300 train_loss:3.38730 train_time:2685.402s step_avg:1215.66ms
step:2210/3300 train_loss:3.40661 train_time:2686.628s step_avg:1215.67ms
step:2211/3300 train_loss:3.39138 train_time:2687.844s step_avg:1215.67ms
step:2212/3300 train_loss:3.45652 train_time:2689.050s step_avg:1215.66ms
step:2213/3300 train_loss:3.36120 train_time:2690.263s step_avg:1215.66ms
step:2214/3300 train_loss:3.41163 train_time:2691.467s step_avg:1215.66ms
step:2215/3300 train_loss:3.45645 train_time:2692.687s step_avg:1215.66ms
step:2216/3300 train_loss:3.46740 train_time:2693.894s step_avg:1215.66ms
step:2217/3300 train_loss:3.42400 train_time:2695.102s step_avg:1215.65ms
step:2218/3300 train_loss:3.38462 train_time:2696.315s step_avg:1215.65ms
step:2219/3300 train_loss:3.44554 train_time:2697.555s step_avg:1215.66ms
step:2220/3300 train_loss:3.42742 train_time:2698.763s step_avg:1215.66ms
step:2221/3300 train_loss:3.47305 train_time:2700.003s step_avg:1215.67ms
step:2222/3300 train_loss:3.42544 train_time:2701.222s step_avg:1215.67ms
step:2223/3300 train_loss:3.43678 train_time:2702.428s step_avg:1215.67ms
step:2224/3300 train_loss:3.50748 train_time:2703.627s step_avg:1215.66ms
step:2225/3300 train_loss:3.38745 train_time:2704.837s step_avg:1215.66ms
step:2226/3300 train_loss:3.44127 train_time:2706.064s step_avg:1215.66ms
step:2227/3300 train_loss:3.45141 train_time:2707.308s step_avg:1215.68ms
step:2228/3300 train_loss:3.40306 train_time:2708.510s step_avg:1215.67ms
step:2229/3300 train_loss:3.45228 train_time:2709.712s step_avg:1215.66ms
step:2230/3300 train_loss:3.44104 train_time:2710.936s step_avg:1215.67ms
step:2231/3300 train_loss:3.43142 train_time:2712.149s step_avg:1215.66ms
step:2232/3300 train_loss:3.38378 train_time:2713.349s step_avg:1215.66ms
step:2233/3300 train_loss:3.40874 train_time:2714.556s step_avg:1215.65ms
step:2234/3300 train_loss:3.42211 train_time:2715.808s step_avg:1215.67ms
step:2235/3300 train_loss:3.37417 train_time:2717.012s step_avg:1215.67ms
step:2236/3300 train_loss:3.54098 train_time:2718.233s step_avg:1215.67ms
step:2237/3300 train_loss:3.40783 train_time:2719.454s step_avg:1215.67ms
step:2238/3300 train_loss:3.45194 train_time:2720.671s step_avg:1215.67ms
step:2239/3300 train_loss:3.36534 train_time:2721.880s step_avg:1215.67ms
step:2240/3300 train_loss:3.36305 train_time:2723.093s step_avg:1215.67ms
step:2241/3300 train_loss:3.42792 train_time:2724.335s step_avg:1215.68ms
step:2242/3300 train_loss:3.42564 train_time:2725.564s step_avg:1215.68ms
step:2243/3300 train_loss:3.41719 train_time:2726.778s step_avg:1215.68ms
step:2244/3300 train_loss:3.40001 train_time:2727.998s step_avg:1215.69ms
step:2245/3300 train_loss:3.37364 train_time:2729.214s step_avg:1215.69ms
step:2246/3300 train_loss:3.41822 train_time:2730.431s step_avg:1215.69ms
step:2247/3300 train_loss:3.38074 train_time:2731.633s step_avg:1215.68ms
step:2248/3300 train_loss:3.42892 train_time:2732.834s step_avg:1215.67ms
step:2249/3300 train_loss:3.42835 train_time:2734.038s step_avg:1215.67ms
step:2250/3300 train_loss:3.38593 train_time:2735.252s step_avg:1215.67ms
step:2250/3300 val_loss:3.40446 train_time:2735.253s step_avg:1215.01ms
step:2251/3300 train_loss:3.37065 train_time:2736.465s step_avg:1215.67ms
step:2252/3300 train_loss:3.48246 train_time:2737.679s step_avg:1215.67ms
step:2253/3300 train_loss:3.35021 train_time:2738.887s step_avg:1215.66ms
step:2254/3300 train_loss:3.40075 train_time:2740.087s step_avg:1215.66ms
step:2255/3300 train_loss:3.50955 train_time:2741.285s step_avg:1215.65ms
step:2256/3300 train_loss:3.41914 train_time:2742.514s step_avg:1215.65ms
step:2257/3300 train_loss:3.55978 train_time:2743.727s step_avg:1215.65ms
step:2258/3300 train_loss:3.44786 train_time:2744.931s step_avg:1215.65ms
step:2259/3300 train_loss:3.37352 train_time:2746.132s step_avg:1215.64ms
step:2260/3300 train_loss:3.41115 train_time:2747.353s step_avg:1215.64ms
step:2261/3300 train_loss:3.44307 train_time:2748.585s step_avg:1215.65ms
step:2262/3300 train_loss:3.39258 train_time:2749.801s step_avg:1215.65ms
step:2263/3300 train_loss:3.39531 train_time:2751.011s step_avg:1215.65ms
step:2264/3300 train_loss:3.40509 train_time:2752.213s step_avg:1215.64ms
step:2265/3300 train_loss:3.42860 train_time:2753.413s step_avg:1215.63ms
step:2266/3300 train_loss:3.39512 train_time:2754.617s step_avg:1215.63ms
step:2267/3300 train_loss:3.39280 train_time:2755.824s step_avg:1215.63ms
step:2268/3300 train_loss:3.36148 train_time:2757.063s step_avg:1215.64ms
step:2269/3300 train_loss:3.37623 train_time:2758.274s step_avg:1215.63ms
step:2270/3300 train_loss:3.44498 train_time:2759.485s step_avg:1215.63ms
step:2271/3300 train_loss:3.42213 train_time:2760.699s step_avg:1215.63ms
step:2272/3300 train_loss:3.40181 train_time:2761.930s step_avg:1215.64ms
step:2273/3300 train_loss:3.34694 train_time:2763.131s step_avg:1215.63ms
step:2274/3300 train_loss:3.42195 train_time:2764.333s step_avg:1215.63ms
step:2275/3300 train_loss:3.40971 train_time:2765.531s step_avg:1215.62ms
step:2276/3300 train_loss:3.35645 train_time:2766.795s step_avg:1215.64ms
step:2277/3300 train_loss:3.35408 train_time:2768.008s step_avg:1215.64ms
step:2278/3300 train_loss:3.43031 train_time:2769.212s step_avg:1215.63ms
step:2279/3300 train_loss:3.43894 train_time:2770.412s step_avg:1215.63ms
step:2280/3300 train_loss:3.36949 train_time:2771.613s step_avg:1215.62ms
step:2281/3300 train_loss:3.42878 train_time:2772.857s step_avg:1215.63ms
step:2282/3300 train_loss:3.40375 train_time:2774.068s step_avg:1215.63ms
step:2283/3300 train_loss:3.38975 train_time:2775.272s step_avg:1215.62ms
step:2284/3300 train_loss:3.46460 train_time:2776.476s step_avg:1215.62ms
step:2285/3300 train_loss:3.39158 train_time:2777.689s step_avg:1215.62ms
step:2286/3300 train_loss:3.42256 train_time:2778.910s step_avg:1215.62ms
step:2287/3300 train_loss:3.42956 train_time:2780.119s step_avg:1215.62ms
step:2288/3300 train_loss:3.47236 train_time:2781.330s step_avg:1215.62ms
step:2289/3300 train_loss:3.39721 train_time:2782.551s step_avg:1215.62ms
step:2290/3300 train_loss:3.37420 train_time:2783.756s step_avg:1215.61ms
step:2291/3300 train_loss:3.43926 train_time:2784.971s step_avg:1215.61ms
step:2292/3300 train_loss:3.41103 train_time:2786.175s step_avg:1215.61ms
step:2293/3300 train_loss:3.35409 train_time:2787.400s step_avg:1215.61ms
step:2294/3300 train_loss:3.44145 train_time:2788.618s step_avg:1215.61ms
step:2295/3300 train_loss:3.41777 train_time:2789.848s step_avg:1215.62ms
step:2296/3300 train_loss:3.41289 train_time:2791.062s step_avg:1215.62ms
step:2297/3300 train_loss:3.39658 train_time:2792.274s step_avg:1215.62ms
step:2298/3300 train_loss:3.44244 train_time:2793.485s step_avg:1215.62ms
step:2299/3300 train_loss:3.43179 train_time:2794.698s step_avg:1215.61ms
step:2300/3300 train_loss:3.41673 train_time:2795.915s step_avg:1215.62ms
step:2301/3300 train_loss:3.44306 train_time:2797.133s step_avg:1215.62ms
step:2302/3300 train_loss:3.35927 train_time:2798.362s step_avg:1215.62ms
step:2303/3300 train_loss:3.39771 train_time:2799.580s step_avg:1215.62ms
step:2304/3300 train_loss:3.34624 train_time:2800.795s step_avg:1215.62ms
step:2305/3300 train_loss:3.42540 train_time:2802.001s step_avg:1215.62ms
step:2306/3300 train_loss:3.33759 train_time:2803.218s step_avg:1215.62ms
step:2307/3300 train_loss:3.42359 train_time:2804.427s step_avg:1215.62ms
step:2308/3300 train_loss:3.44720 train_time:2805.634s step_avg:1215.61ms
step:2309/3300 train_loss:3.45244 train_time:2806.854s step_avg:1215.61ms
step:2310/3300 train_loss:3.32934 train_time:2808.067s step_avg:1215.61ms
step:2311/3300 train_loss:3.39625 train_time:2809.285s step_avg:1215.61ms
step:2312/3300 train_loss:3.43894 train_time:2810.497s step_avg:1215.61ms
step:2313/3300 train_loss:3.39292 train_time:2811.727s step_avg:1215.62ms
step:2314/3300 train_loss:3.39897 train_time:2812.954s step_avg:1215.62ms
step:2315/3300 train_loss:3.40200 train_time:2814.152s step_avg:1215.62ms
step:2316/3300 train_loss:3.38604 train_time:2815.364s step_avg:1215.62ms
step:2317/3300 train_loss:3.39212 train_time:2816.576s step_avg:1215.61ms
step:2318/3300 train_loss:3.35364 train_time:2817.778s step_avg:1215.61ms
step:2319/3300 train_loss:3.47525 train_time:2818.987s step_avg:1215.60ms
step:2320/3300 train_loss:3.44139 train_time:2820.194s step_avg:1215.60ms
step:2321/3300 train_loss:3.42901 train_time:2821.403s step_avg:1215.60ms
step:2322/3300 train_loss:3.42323 train_time:2822.614s step_avg:1215.60ms
step:2323/3300 train_loss:3.36740 train_time:2823.812s step_avg:1215.59ms
step:2324/3300 train_loss:3.38123 train_time:2825.019s step_avg:1215.58ms
step:2325/3300 train_loss:3.33493 train_time:2826.220s step_avg:1215.58ms
step:2326/3300 train_loss:3.41151 train_time:2827.430s step_avg:1215.58ms
step:2327/3300 train_loss:3.37381 train_time:2828.640s step_avg:1215.57ms
step:2328/3300 train_loss:3.40025 train_time:2829.867s step_avg:1215.58ms
step:2329/3300 train_loss:3.55898 train_time:2831.079s step_avg:1215.58ms
step:2330/3300 train_loss:3.36106 train_time:2832.292s step_avg:1215.58ms
step:2331/3300 train_loss:3.42935 train_time:2833.504s step_avg:1215.57ms
step:2332/3300 train_loss:3.40958 train_time:2834.713s step_avg:1215.57ms
step:2333/3300 train_loss:3.46250 train_time:2835.920s step_avg:1215.57ms
step:2334/3300 train_loss:3.39561 train_time:2837.140s step_avg:1215.57ms
step:2335/3300 train_loss:3.37552 train_time:2838.354s step_avg:1215.57ms
step:2336/3300 train_loss:3.45415 train_time:2839.567s step_avg:1215.57ms
step:2337/3300 train_loss:3.38312 train_time:2840.776s step_avg:1215.57ms
step:2338/3300 train_loss:3.41368 train_time:2841.988s step_avg:1215.56ms
step:2339/3300 train_loss:3.41295 train_time:2843.199s step_avg:1215.56ms
step:2340/3300 train_loss:3.36813 train_time:2844.402s step_avg:1215.56ms
step:2341/3300 train_loss:3.40734 train_time:2845.624s step_avg:1215.56ms
step:2342/3300 train_loss:3.41216 train_time:2846.838s step_avg:1215.56ms
step:2343/3300 train_loss:3.40251 train_time:2848.042s step_avg:1215.55ms
step:2344/3300 train_loss:3.39804 train_time:2849.285s step_avg:1215.57ms
step:2345/3300 train_loss:3.40566 train_time:2850.494s step_avg:1215.56ms
step:2346/3300 train_loss:3.37279 train_time:2851.737s step_avg:1215.57ms
step:2347/3300 train_loss:3.47520 train_time:2852.940s step_avg:1215.57ms
step:2348/3300 train_loss:3.45179 train_time:2854.152s step_avg:1215.57ms
step:2349/3300 train_loss:3.40704 train_time:2855.362s step_avg:1215.56ms
step:2350/3300 train_loss:3.37544 train_time:2856.589s step_avg:1215.57ms
step:2351/3300 train_loss:3.36879 train_time:2857.817s step_avg:1215.58ms
step:2352/3300 train_loss:3.37821 train_time:2859.018s step_avg:1215.57ms
step:2353/3300 train_loss:3.47935 train_time:2860.216s step_avg:1215.56ms
step:2354/3300 train_loss:3.41225 train_time:2861.421s step_avg:1215.56ms
step:2355/3300 train_loss:3.32511 train_time:2862.620s step_avg:1215.55ms
step:2356/3300 train_loss:3.49880 train_time:2863.856s step_avg:1215.56ms
step:2357/3300 train_loss:3.39378 train_time:2865.060s step_avg:1215.55ms
step:2358/3300 train_loss:3.39522 train_time:2866.270s step_avg:1215.55ms
step:2359/3300 train_loss:3.37194 train_time:2867.529s step_avg:1215.57ms
step:2360/3300 train_loss:3.41954 train_time:2868.740s step_avg:1215.57ms
step:2361/3300 train_loss:3.41095 train_time:2869.952s step_avg:1215.57ms
step:2362/3300 train_loss:3.41329 train_time:2871.160s step_avg:1215.56ms
step:2363/3300 train_loss:3.41000 train_time:2872.361s step_avg:1215.56ms
step:2364/3300 train_loss:3.43520 train_time:2873.562s step_avg:1215.55ms
step:2365/3300 train_loss:3.37067 train_time:2874.762s step_avg:1215.54ms
step:2366/3300 train_loss:3.38129 train_time:2875.968s step_avg:1215.54ms
step:2367/3300 train_loss:3.49683 train_time:2877.176s step_avg:1215.54ms
step:2368/3300 train_loss:3.43735 train_time:2878.398s step_avg:1215.54ms
step:2369/3300 train_loss:3.40900 train_time:2879.605s step_avg:1215.54ms
step:2370/3300 train_loss:3.35063 train_time:2880.816s step_avg:1215.53ms
step:2371/3300 train_loss:3.43377 train_time:2882.028s step_avg:1215.53ms
step:2372/3300 train_loss:3.37750 train_time:2883.241s step_avg:1215.53ms
step:2373/3300 train_loss:3.46879 train_time:2884.439s step_avg:1215.52ms
step:2374/3300 train_loss:3.54551 train_time:2885.648s step_avg:1215.52ms
step:2375/3300 train_loss:3.35432 train_time:2886.862s step_avg:1215.52ms
step:2375/3300 val_loss:3.38752 train_time:2886.862s step_avg:1212.88ms
step:2376/3300 train_loss:3.39144 train_time:2888.081s step_avg:1215.52ms
step:2377/3300 train_loss:3.40528 train_time:2889.295s step_avg:1215.52ms
step:2378/3300 train_loss:3.38581 train_time:2890.520s step_avg:1215.53ms
step:2379/3300 train_loss:3.41419 train_time:2891.737s step_avg:1215.53ms
step:2380/3300 train_loss:3.35760 train_time:2892.953s step_avg:1215.53ms
step:2381/3300 train_loss:3.41390 train_time:2894.178s step_avg:1215.53ms
step:2382/3300 train_loss:3.42708 train_time:2895.392s step_avg:1215.53ms
step:2383/3300 train_loss:3.40509 train_time:2896.600s step_avg:1215.53ms
step:2384/3300 train_loss:3.37769 train_time:2897.811s step_avg:1215.52ms
step:2385/3300 train_loss:3.44437 train_time:2899.029s step_avg:1215.53ms
step:2386/3300 train_loss:3.38600 train_time:2900.241s step_avg:1215.52ms
step:2387/3300 train_loss:3.41421 train_time:2901.466s step_avg:1215.53ms
step:2388/3300 train_loss:3.38490 train_time:2902.671s step_avg:1215.52ms
step:2389/3300 train_loss:3.42682 train_time:2903.882s step_avg:1215.52ms
step:2390/3300 train_loss:3.38145 train_time:2905.099s step_avg:1215.52ms
step:2391/3300 train_loss:3.43378 train_time:2906.319s step_avg:1215.52ms
step:2392/3300 train_loss:3.36356 train_time:2907.531s step_avg:1215.52ms
step:2393/3300 train_loss:3.39967 train_time:2908.745s step_avg:1215.52ms
step:2394/3300 train_loss:3.43865 train_time:2909.959s step_avg:1215.52ms
step:2395/3300 train_loss:3.34984 train_time:2911.183s step_avg:1215.53ms
step:2396/3300 train_loss:3.41422 train_time:2912.405s step_avg:1215.53ms
step:2397/3300 train_loss:3.39530 train_time:2913.617s step_avg:1215.53ms
step:2398/3300 train_loss:3.38568 train_time:2914.834s step_avg:1215.53ms
step:2399/3300 train_loss:3.38693 train_time:2916.043s step_avg:1215.52ms
step:2400/3300 train_loss:3.35500 train_time:2917.250s step_avg:1215.52ms
step:2401/3300 train_loss:3.38675 train_time:2918.459s step_avg:1215.52ms
step:2402/3300 train_loss:3.41053 train_time:2919.673s step_avg:1215.52ms
step:2403/3300 train_loss:3.36934 train_time:2920.891s step_avg:1215.52ms
step:2404/3300 train_loss:3.49014 train_time:2922.096s step_avg:1215.51ms
step:2405/3300 train_loss:3.37034 train_time:2923.308s step_avg:1215.51ms
step:2406/3300 train_loss:3.51861 train_time:2924.615s step_avg:1215.55ms
step:2407/3300 train_loss:3.34633 train_time:2925.835s step_avg:1215.55ms
step:2408/3300 train_loss:3.38227 train_time:2927.189s step_avg:1215.61ms
step:2409/3300 train_loss:3.38709 train_time:2928.398s step_avg:1215.61ms
step:2410/3300 train_loss:3.43060 train_time:2929.619s step_avg:1215.61ms
step:2411/3300 train_loss:3.41752 train_time:2930.851s step_avg:1215.62ms
step:2412/3300 train_loss:3.36920 train_time:2932.144s step_avg:1215.65ms
step:2413/3300 train_loss:3.37211 train_time:2933.380s step_avg:1215.66ms
step:2414/3300 train_loss:3.46205 train_time:2934.590s step_avg:1215.65ms
step:2415/3300 train_loss:3.42567 train_time:2935.804s step_avg:1215.65ms
step:2416/3300 train_loss:3.37633 train_time:2937.019s step_avg:1215.65ms
step:2417/3300 train_loss:3.38825 train_time:2938.228s step_avg:1215.65ms
step:2418/3300 train_loss:3.40827 train_time:2939.450s step_avg:1215.65ms
step:2419/3300 train_loss:3.36854 train_time:2940.681s step_avg:1215.66ms
step:2420/3300 train_loss:3.38565 train_time:2941.889s step_avg:1215.66ms
step:2421/3300 train_loss:3.49038 train_time:2943.120s step_avg:1215.66ms
step:2422/3300 train_loss:3.47020 train_time:2944.340s step_avg:1215.66ms
step:2423/3300 train_loss:3.45918 train_time:2945.550s step_avg:1215.66ms
step:2424/3300 train_loss:3.42250 train_time:2946.752s step_avg:1215.66ms
step:2425/3300 train_loss:3.36516 train_time:2947.950s step_avg:1215.65ms
step:2426/3300 train_loss:3.31552 train_time:2949.161s step_avg:1215.65ms
step:2427/3300 train_loss:3.45044 train_time:2950.369s step_avg:1215.64ms
step:2428/3300 train_loss:3.38380 train_time:2951.572s step_avg:1215.64ms
step:2429/3300 train_loss:3.35400 train_time:2952.788s step_avg:1215.64ms
step:2430/3300 train_loss:3.41529 train_time:2954.005s step_avg:1215.64ms
step:2431/3300 train_loss:3.48004 train_time:2955.230s step_avg:1215.64ms
step:2432/3300 train_loss:3.41755 train_time:2956.434s step_avg:1215.64ms
step:2433/3300 train_loss:3.39919 train_time:2957.647s step_avg:1215.64ms
step:2434/3300 train_loss:3.38574 train_time:2958.870s step_avg:1215.64ms
step:2435/3300 train_loss:3.38100 train_time:2960.072s step_avg:1215.64ms
step:2436/3300 train_loss:3.39363 train_time:2961.281s step_avg:1215.63ms
step:2437/3300 train_loss:3.38168 train_time:2962.488s step_avg:1215.63ms
step:2438/3300 train_loss:3.39729 train_time:2963.694s step_avg:1215.63ms
step:2439/3300 train_loss:3.35588 train_time:2964.920s step_avg:1215.63ms
step:2440/3300 train_loss:3.38720 train_time:2966.126s step_avg:1215.63ms
step:2441/3300 train_loss:3.36106 train_time:2967.342s step_avg:1215.63ms
step:2442/3300 train_loss:3.42923 train_time:2968.551s step_avg:1215.62ms
step:2443/3300 train_loss:3.39766 train_time:2969.774s step_avg:1215.63ms
step:2444/3300 train_loss:3.32803 train_time:2970.979s step_avg:1215.62ms
step:2445/3300 train_loss:3.44608 train_time:2972.193s step_avg:1215.62ms
step:2446/3300 train_loss:3.37719 train_time:2973.417s step_avg:1215.62ms
step:2447/3300 train_loss:3.37637 train_time:2974.631s step_avg:1215.62ms
step:2448/3300 train_loss:3.45352 train_time:2975.839s step_avg:1215.62ms
step:2449/3300 train_loss:3.39701 train_time:2977.055s step_avg:1215.62ms
step:2450/3300 train_loss:3.41643 train_time:2978.257s step_avg:1215.61ms
step:2451/3300 train_loss:3.41210 train_time:2979.490s step_avg:1215.62ms
step:2452/3300 train_loss:3.42730 train_time:2980.715s step_avg:1215.63ms
step:2453/3300 train_loss:3.37288 train_time:2981.920s step_avg:1215.62ms
step:2454/3300 train_loss:3.43834 train_time:2983.141s step_avg:1215.62ms
step:2455/3300 train_loss:3.46104 train_time:2984.360s step_avg:1215.63ms
step:2456/3300 train_loss:3.32996 train_time:2985.579s step_avg:1215.63ms
step:2457/3300 train_loss:3.37780 train_time:2986.789s step_avg:1215.62ms
step:2458/3300 train_loss:3.51355 train_time:2988.000s step_avg:1215.62ms
step:2459/3300 train_loss:3.58986 train_time:2989.220s step_avg:1215.62ms
step:2460/3300 train_loss:3.40887 train_time:2990.434s step_avg:1215.62ms
step:2461/3300 train_loss:3.37626 train_time:2991.652s step_avg:1215.62ms
step:2462/3300 train_loss:3.43728 train_time:2992.863s step_avg:1215.62ms
step:2463/3300 train_loss:3.44986 train_time:2994.089s step_avg:1215.63ms
step:2464/3300 train_loss:3.47389 train_time:2995.301s step_avg:1215.63ms
step:2465/3300 train_loss:3.37634 train_time:2996.500s step_avg:1215.62ms
step:2466/3300 train_loss:3.41482 train_time:2997.714s step_avg:1215.62ms
step:2467/3300 train_loss:3.35223 train_time:2998.951s step_avg:1215.63ms
step:2468/3300 train_loss:3.41361 train_time:3000.175s step_avg:1215.63ms
step:2469/3300 train_loss:3.48627 train_time:3001.386s step_avg:1215.63ms
step:2470/3300 train_loss:3.38929 train_time:3002.605s step_avg:1215.63ms
step:2471/3300 train_loss:3.38673 train_time:3003.853s step_avg:1215.64ms
step:2472/3300 train_loss:3.38175 train_time:3005.062s step_avg:1215.64ms
step:2473/3300 train_loss:3.56537 train_time:3006.270s step_avg:1215.64ms
step:2474/3300 train_loss:3.42236 train_time:3007.481s step_avg:1215.63ms
step:2475/3300 train_loss:3.38752 train_time:3008.685s step_avg:1215.63ms
step:2476/3300 train_loss:3.37273 train_time:3009.905s step_avg:1215.63ms
step:2477/3300 train_loss:3.38222 train_time:3011.116s step_avg:1215.63ms
step:2478/3300 train_loss:3.39137 train_time:3012.325s step_avg:1215.63ms
step:2479/3300 train_loss:3.41542 train_time:3013.536s step_avg:1215.63ms
step:2480/3300 train_loss:3.33944 train_time:3014.742s step_avg:1215.62ms
step:2481/3300 train_loss:3.44991 train_time:3015.959s step_avg:1215.62ms
step:2482/3300 train_loss:3.36137 train_time:3017.160s step_avg:1215.62ms
step:2483/3300 train_loss:3.38696 train_time:3018.359s step_avg:1215.61ms
step:2484/3300 train_loss:3.44948 train_time:3019.567s step_avg:1215.61ms
step:2485/3300 train_loss:3.44645 train_time:3020.805s step_avg:1215.62ms
step:2486/3300 train_loss:3.39860 train_time:3022.020s step_avg:1215.62ms
step:2487/3300 train_loss:3.42046 train_time:3023.225s step_avg:1215.61ms
step:2488/3300 train_loss:3.37607 train_time:3024.435s step_avg:1215.61ms
step:2489/3300 train_loss:3.40395 train_time:3025.638s step_avg:1215.60ms
step:2490/3300 train_loss:3.40796 train_time:3026.847s step_avg:1215.60ms
step:2491/3300 train_loss:3.42729 train_time:3028.069s step_avg:1215.60ms
step:2492/3300 train_loss:3.36531 train_time:3029.281s step_avg:1215.60ms
step:2493/3300 train_loss:3.41527 train_time:3030.493s step_avg:1215.60ms
step:2494/3300 train_loss:3.40928 train_time:3031.701s step_avg:1215.60ms
step:2495/3300 train_loss:3.34274 train_time:3032.920s step_avg:1215.60ms
step:2496/3300 train_loss:3.37247 train_time:3034.143s step_avg:1215.60ms
step:2497/3300 train_loss:3.37406 train_time:3035.363s step_avg:1215.60ms
step:2498/3300 train_loss:3.34452 train_time:3036.563s step_avg:1215.60ms
step:2499/3300 train_loss:3.38973 train_time:3037.773s step_avg:1215.60ms
step:2500/3300 train_loss:3.32861 train_time:3038.989s step_avg:1215.60ms
step:2500/3300 val_loss:3.37056 train_time:3038.989s step_avg:1217.02ms
step:2501/3300 train_loss:3.35728 train_time:3040.222s step_avg:1215.60ms
step:2502/3300 train_loss:3.36464 train_time:3041.430s step_avg:1215.60ms
step:2503/3300 train_loss:3.37868 train_time:3042.647s step_avg:1215.60ms
step:2504/3300 train_loss:3.43853 train_time:3043.854s step_avg:1215.60ms
step:2505/3300 train_loss:3.39659 train_time:3045.064s step_avg:1215.59ms
step:2506/3300 train_loss:3.37468 train_time:3046.273s step_avg:1215.59ms
step:2507/3300 train_loss:3.42849 train_time:3047.489s step_avg:1215.59ms
step:2508/3300 train_loss:3.37617 train_time:3048.691s step_avg:1215.59ms
step:2509/3300 train_loss:3.46328 train_time:3049.900s step_avg:1215.58ms
step:2510/3300 train_loss:3.40311 train_time:3051.108s step_avg:1215.58ms
step:2511/3300 train_loss:3.39938 train_time:3052.332s step_avg:1215.58ms
step:2512/3300 train_loss:3.40429 train_time:3053.550s step_avg:1215.59ms
step:2513/3300 train_loss:3.37384 train_time:3054.758s step_avg:1215.58ms
step:2514/3300 train_loss:3.40604 train_time:3055.967s step_avg:1215.58ms
step:2515/3300 train_loss:3.32775 train_time:3057.169s step_avg:1215.57ms
step:2516/3300 train_loss:3.39488 train_time:3058.385s step_avg:1215.57ms
step:2517/3300 train_loss:3.36801 train_time:3059.587s step_avg:1215.57ms
step:2518/3300 train_loss:3.43027 train_time:3060.814s step_avg:1215.57ms
step:2519/3300 train_loss:3.42172 train_time:3062.038s step_avg:1215.58ms
step:2520/3300 train_loss:3.41585 train_time:3063.268s step_avg:1215.58ms
step:2521/3300 train_loss:3.42213 train_time:3064.486s step_avg:1215.58ms
step:2522/3300 train_loss:3.38420 train_time:3065.697s step_avg:1215.58ms
step:2523/3300 train_loss:3.34321 train_time:3066.908s step_avg:1215.58ms
step:2524/3300 train_loss:3.41909 train_time:3068.120s step_avg:1215.58ms
step:2525/3300 train_loss:3.35215 train_time:3069.330s step_avg:1215.58ms
step:2526/3300 train_loss:3.42071 train_time:3070.537s step_avg:1215.57ms
step:2527/3300 train_loss:3.38179 train_time:3071.792s step_avg:1215.59ms
step:2528/3300 train_loss:3.29987 train_time:3073.009s step_avg:1215.59ms
step:2529/3300 train_loss:3.41773 train_time:3074.208s step_avg:1215.58ms
step:2530/3300 train_loss:3.40626 train_time:3075.409s step_avg:1215.58ms
step:2531/3300 train_loss:3.40486 train_time:3076.628s step_avg:1215.58ms
step:2532/3300 train_loss:3.35409 train_time:3077.832s step_avg:1215.57ms
step:2533/3300 train_loss:3.38611 train_time:3079.042s step_avg:1215.57ms
step:2534/3300 train_loss:3.38416 train_time:3080.250s step_avg:1215.57ms
step:2535/3300 train_loss:3.38266 train_time:3081.456s step_avg:1215.56ms
step:2536/3300 train_loss:3.38445 train_time:3082.670s step_avg:1215.56ms
step:2537/3300 train_loss:3.32542 train_time:3083.874s step_avg:1215.56ms
step:2538/3300 train_loss:3.34117 train_time:3085.099s step_avg:1215.56ms
step:2539/3300 train_loss:3.37694 train_time:3086.339s step_avg:1215.57ms
step:2540/3300 train_loss:3.38871 train_time:3087.552s step_avg:1215.57ms
step:2541/3300 train_loss:3.36750 train_time:3088.769s step_avg:1215.57ms
step:2542/3300 train_loss:3.56383 train_time:3089.972s step_avg:1215.57ms
step:2543/3300 train_loss:3.59180 train_time:3091.194s step_avg:1215.57ms
step:2544/3300 train_loss:3.35980 train_time:3092.409s step_avg:1215.57ms
step:2545/3300 train_loss:3.36784 train_time:3093.635s step_avg:1215.57ms
step:2546/3300 train_loss:3.51577 train_time:3094.856s step_avg:1215.58ms
step:2547/3300 train_loss:3.37648 train_time:3096.063s step_avg:1215.57ms
step:2548/3300 train_loss:3.32704 train_time:3097.272s step_avg:1215.57ms
step:2549/3300 train_loss:3.42126 train_time:3098.482s step_avg:1215.57ms
step:2550/3300 train_loss:3.40456 train_time:3099.700s step_avg:1215.57ms
step:2551/3300 train_loss:3.36797 train_time:3100.912s step_avg:1215.57ms
step:2552/3300 train_loss:3.35832 train_time:3102.127s step_avg:1215.57ms
step:2553/3300 train_loss:3.42539 train_time:3103.341s step_avg:1215.57ms
step:2554/3300 train_loss:3.41134 train_time:3104.554s step_avg:1215.57ms
step:2555/3300 train_loss:3.34182 train_time:3105.768s step_avg:1215.56ms
step:2556/3300 train_loss:3.40237 train_time:3106.979s step_avg:1215.56ms
step:2557/3300 train_loss:3.38603 train_time:3108.211s step_avg:1215.57ms
step:2558/3300 train_loss:3.36071 train_time:3109.413s step_avg:1215.56ms
step:2559/3300 train_loss:3.35258 train_time:3110.622s step_avg:1215.56ms
step:2560/3300 train_loss:3.38719 train_time:3111.845s step_avg:1215.56ms
step:2561/3300 train_loss:3.41044 train_time:3113.063s step_avg:1215.57ms
step:2562/3300 train_loss:3.35175 train_time:3114.277s step_avg:1215.56ms
step:2563/3300 train_loss:3.44847 train_time:3115.497s step_avg:1215.57ms
step:2564/3300 train_loss:3.39385 train_time:3116.705s step_avg:1215.56ms
step:2565/3300 train_loss:3.33211 train_time:3117.922s step_avg:1215.56ms
step:2566/3300 train_loss:3.40271 train_time:3119.137s step_avg:1215.56ms
step:2567/3300 train_loss:3.41457 train_time:3120.347s step_avg:1215.56ms
step:2568/3300 train_loss:3.38608 train_time:3121.578s step_avg:1215.57ms
step:2569/3300 train_loss:3.34791 train_time:3122.793s step_avg:1215.57ms
step:2570/3300 train_loss:3.40494 train_time:3123.994s step_avg:1215.56ms
step:2571/3300 train_loss:3.34681 train_time:3125.230s step_avg:1215.57ms
step:2572/3300 train_loss:3.36205 train_time:3126.440s step_avg:1215.57ms
step:2573/3300 train_loss:3.32310 train_time:3127.658s step_avg:1215.57ms
step:2574/3300 train_loss:3.36754 train_time:3128.870s step_avg:1215.57ms
step:2575/3300 train_loss:3.35966 train_time:3130.077s step_avg:1215.56ms
step:2576/3300 train_loss:3.39351 train_time:3131.302s step_avg:1215.57ms
step:2577/3300 train_loss:3.36369 train_time:3132.515s step_avg:1215.57ms
step:2578/3300 train_loss:3.37202 train_time:3133.711s step_avg:1215.56ms
step:2579/3300 train_loss:3.31006 train_time:3134.920s step_avg:1215.56ms
step:2580/3300 train_loss:3.35135 train_time:3136.133s step_avg:1215.56ms
step:2581/3300 train_loss:3.43534 train_time:3137.368s step_avg:1215.56ms
step:2582/3300 train_loss:3.33200 train_time:3138.578s step_avg:1215.56ms
step:2583/3300 train_loss:3.41932 train_time:3139.788s step_avg:1215.56ms
step:2584/3300 train_loss:3.43662 train_time:3140.997s step_avg:1215.56ms
step:2585/3300 train_loss:3.41445 train_time:3142.213s step_avg:1215.56ms
step:2586/3300 train_loss:3.39511 train_time:3143.424s step_avg:1215.55ms
step:2587/3300 train_loss:3.37154 train_time:3144.639s step_avg:1215.55ms
step:2588/3300 train_loss:3.40140 train_time:3145.852s step_avg:1215.55ms
step:2589/3300 train_loss:3.31059 train_time:3147.059s step_avg:1215.55ms
step:2590/3300 train_loss:3.43535 train_time:3148.280s step_avg:1215.55ms
step:2591/3300 train_loss:3.42355 train_time:3149.497s step_avg:1215.55ms
step:2592/3300 train_loss:3.44954 train_time:3150.710s step_avg:1215.55ms
step:2593/3300 train_loss:3.38294 train_time:3151.926s step_avg:1215.55ms
step:2594/3300 train_loss:3.37153 train_time:3153.150s step_avg:1215.56ms
step:2595/3300 train_loss:3.41782 train_time:3154.357s step_avg:1215.55ms
step:2596/3300 train_loss:3.32851 train_time:3155.565s step_avg:1215.55ms
step:2597/3300 train_loss:3.46617 train_time:3156.786s step_avg:1215.55ms
step:2598/3300 train_loss:3.37736 train_time:3158.006s step_avg:1215.55ms
step:2599/3300 train_loss:3.32830 train_time:3159.215s step_avg:1215.55ms
step:2600/3300 train_loss:3.38980 train_time:3160.424s step_avg:1215.55ms
step:2601/3300 train_loss:3.32605 train_time:3161.646s step_avg:1215.55ms
step:2602/3300 train_loss:3.38028 train_time:3162.864s step_avg:1215.55ms
step:2603/3300 train_loss:3.40283 train_time:3164.078s step_avg:1215.55ms
step:2604/3300 train_loss:3.38662 train_time:3165.294s step_avg:1215.55ms
step:2605/3300 train_loss:3.35176 train_time:3166.506s step_avg:1215.55ms
step:2606/3300 train_loss:3.34947 train_time:3167.727s step_avg:1215.55ms
step:2607/3300 train_loss:3.33041 train_time:3168.934s step_avg:1215.55ms
step:2608/3300 train_loss:3.40444 train_time:3170.143s step_avg:1215.55ms
step:2609/3300 train_loss:3.38687 train_time:3171.365s step_avg:1215.55ms
step:2610/3300 train_loss:3.36524 train_time:3172.579s step_avg:1215.55ms
step:2611/3300 train_loss:3.33077 train_time:3173.796s step_avg:1215.55ms
step:2612/3300 train_loss:3.36004 train_time:3175.012s step_avg:1215.55ms
step:2613/3300 train_loss:3.37191 train_time:3176.230s step_avg:1215.55ms
step:2614/3300 train_loss:3.42659 train_time:3177.446s step_avg:1215.55ms
step:2615/3300 train_loss:3.32045 train_time:3178.663s step_avg:1215.55ms
step:2616/3300 train_loss:3.31971 train_time:3179.880s step_avg:1215.55ms
step:2617/3300 train_loss:3.40675 train_time:3181.089s step_avg:1215.55ms
step:2618/3300 train_loss:3.36517 train_time:3182.314s step_avg:1215.55ms
step:2619/3300 train_loss:3.37316 train_time:3183.520s step_avg:1215.55ms
step:2620/3300 train_loss:3.41590 train_time:3184.745s step_avg:1215.55ms
step:2621/3300 train_loss:3.37228 train_time:3185.961s step_avg:1215.55ms
step:2622/3300 train_loss:3.37973 train_time:3187.175s step_avg:1215.55ms
step:2623/3300 train_loss:3.38587 train_time:3188.380s step_avg:1215.55ms
step:2624/3300 train_loss:3.37372 train_time:3189.592s step_avg:1215.55ms
step:2625/3300 train_loss:3.34371 train_time:3190.803s step_avg:1215.54ms
step:2625/3300 val_loss:3.35296 train_time:3190.803s step_avg:1214.51ms
step:2626/3300 train_loss:3.39356 train_time:3192.019s step_avg:1215.54ms
step:2627/3300 train_loss:3.37403 train_time:3193.221s step_avg:1215.54ms
step:2628/3300 train_loss:3.41220 train_time:3194.431s step_avg:1215.54ms
step:2629/3300 train_loss:3.38623 train_time:3195.641s step_avg:1215.53ms
step:2630/3300 train_loss:3.35890 train_time:3196.846s step_avg:1215.53ms
step:2631/3300 train_loss:3.42513 train_time:3198.065s step_avg:1215.53ms
step:2632/3300 train_loss:3.33104 train_time:3199.277s step_avg:1215.53ms
step:2633/3300 train_loss:3.39787 train_time:3200.494s step_avg:1215.53ms
step:2634/3300 train_loss:3.30799 train_time:3201.702s step_avg:1215.53ms
step:2635/3300 train_loss:3.33194 train_time:3202.904s step_avg:1215.52ms
step:2636/3300 train_loss:3.36302 train_time:3204.138s step_avg:1215.53ms
step:2637/3300 train_loss:3.35398 train_time:3205.345s step_avg:1215.53ms
step:2638/3300 train_loss:3.38970 train_time:3206.544s step_avg:1215.52ms
step:2639/3300 train_loss:3.37441 train_time:3207.752s step_avg:1215.52ms
step:2640/3300 train_loss:3.42077 train_time:3208.965s step_avg:1215.52ms
step:2641/3300 train_loss:3.35819 train_time:3210.186s step_avg:1215.52ms
step:2642/3300 train_loss:3.32377 train_time:3211.403s step_avg:1215.52ms
step:2643/3300 train_loss:3.35960 train_time:3212.606s step_avg:1215.52ms
step:2644/3300 train_loss:3.36104 train_time:3213.845s step_avg:1215.52ms
step:2645/3300 train_loss:3.40833 train_time:3215.059s step_avg:1215.52ms
step:2646/3300 train_loss:3.35060 train_time:3216.274s step_avg:1215.52ms
step:2647/3300 train_loss:3.35821 train_time:3217.488s step_avg:1215.52ms
step:2648/3300 train_loss:3.38734 train_time:3218.708s step_avg:1215.52ms
step:2649/3300 train_loss:3.40422 train_time:3219.924s step_avg:1215.52ms
step:2650/3300 train_loss:3.40150 train_time:3221.122s step_avg:1215.52ms
step:2651/3300 train_loss:3.39550 train_time:3222.333s step_avg:1215.52ms
step:2652/3300 train_loss:3.37877 train_time:3223.549s step_avg:1215.52ms
step:2653/3300 train_loss:3.40470 train_time:3224.761s step_avg:1215.51ms
step:2654/3300 train_loss:3.40248 train_time:3225.978s step_avg:1215.52ms
step:2655/3300 train_loss:3.36674 train_time:3227.215s step_avg:1215.52ms
step:2656/3300 train_loss:3.38005 train_time:3228.439s step_avg:1215.53ms
step:2657/3300 train_loss:3.33033 train_time:3229.649s step_avg:1215.52ms
step:2658/3300 train_loss:3.35348 train_time:3230.863s step_avg:1215.52ms
step:2659/3300 train_loss:3.37935 train_time:3232.070s step_avg:1215.52ms
step:2660/3300 train_loss:3.35666 train_time:3233.280s step_avg:1215.52ms
step:2661/3300 train_loss:3.38095 train_time:3234.529s step_avg:1215.53ms
step:2662/3300 train_loss:3.36892 train_time:3235.746s step_avg:1215.53ms
step:2663/3300 train_loss:3.35703 train_time:3236.965s step_avg:1215.53ms
step:2664/3300 train_loss:3.33118 train_time:3238.167s step_avg:1215.53ms
step:2665/3300 train_loss:3.38606 train_time:3239.373s step_avg:1215.52ms
step:2666/3300 train_loss:3.39751 train_time:3240.592s step_avg:1215.53ms
step:2667/3300 train_loss:3.39563 train_time:3241.798s step_avg:1215.52ms
step:2668/3300 train_loss:3.35030 train_time:3243.009s step_avg:1215.52ms
step:2669/3300 train_loss:3.38118 train_time:3244.225s step_avg:1215.52ms
step:2670/3300 train_loss:3.34162 train_time:3245.430s step_avg:1215.52ms
step:2671/3300 train_loss:3.33104 train_time:3246.647s step_avg:1215.52ms
step:2672/3300 train_loss:3.30054 train_time:3247.851s step_avg:1215.51ms
step:2673/3300 train_loss:3.35094 train_time:3249.061s step_avg:1215.51ms
step:2674/3300 train_loss:3.36694 train_time:3250.273s step_avg:1215.51ms
step:2675/3300 train_loss:3.41158 train_time:3251.482s step_avg:1215.51ms
step:2676/3300 train_loss:3.33433 train_time:3252.693s step_avg:1215.51ms
step:2677/3300 train_loss:3.27908 train_time:3253.906s step_avg:1215.50ms
step:2678/3300 train_loss:3.41556 train_time:3255.107s step_avg:1215.50ms
step:2679/3300 train_loss:3.41241 train_time:3256.310s step_avg:1215.49ms
step:2680/3300 train_loss:3.31073 train_time:3257.534s step_avg:1215.50ms
step:2681/3300 train_loss:3.35217 train_time:3258.751s step_avg:1215.50ms
step:2682/3300 train_loss:3.40871 train_time:3259.977s step_avg:1215.50ms
step:2683/3300 train_loss:3.40103 train_time:3261.197s step_avg:1215.50ms
step:2684/3300 train_loss:3.44814 train_time:3262.410s step_avg:1215.50ms
step:2685/3300 train_loss:3.38547 train_time:3263.623s step_avg:1215.50ms
step:2686/3300 train_loss:3.33837 train_time:3264.840s step_avg:1215.50ms
step:2687/3300 train_loss:3.38963 train_time:3266.051s step_avg:1215.50ms
step:2688/3300 train_loss:3.34937 train_time:3267.252s step_avg:1215.50ms
step:2689/3300 train_loss:3.40029 train_time:3268.452s step_avg:1215.49ms
step:2690/3300 train_loss:3.37703 train_time:3269.652s step_avg:1215.48ms
step:2691/3300 train_loss:3.36287 train_time:3270.866s step_avg:1215.48ms
step:2692/3300 train_loss:3.41134 train_time:3272.072s step_avg:1215.48ms
step:2693/3300 train_loss:3.40602 train_time:3273.272s step_avg:1215.47ms
step:2694/3300 train_loss:3.33408 train_time:3274.477s step_avg:1215.47ms
step:2695/3300 train_loss:3.31718 train_time:3275.691s step_avg:1215.47ms
step:2696/3300 train_loss:3.46097 train_time:3276.907s step_avg:1215.47ms
step:2697/3300 train_loss:3.34925 train_time:3278.113s step_avg:1215.47ms
step:2698/3300 train_loss:3.27722 train_time:3279.324s step_avg:1215.46ms
step:2699/3300 train_loss:3.36134 train_time:3280.543s step_avg:1215.47ms
step:2700/3300 train_loss:3.36928 train_time:3281.750s step_avg:1215.46ms
step:2701/3300 train_loss:3.35388 train_time:3282.957s step_avg:1215.46ms
step:2702/3300 train_loss:3.35224 train_time:3284.173s step_avg:1215.46ms
step:2703/3300 train_loss:3.40990 train_time:3285.372s step_avg:1215.45ms
step:2704/3300 train_loss:3.35601 train_time:3286.570s step_avg:1215.45ms
step:2705/3300 train_loss:3.35451 train_time:3287.778s step_avg:1215.44ms
step:2706/3300 train_loss:3.37394 train_time:3288.995s step_avg:1215.45ms
step:2707/3300 train_loss:3.38878 train_time:3290.216s step_avg:1215.45ms
step:2708/3300 train_loss:3.34287 train_time:3291.424s step_avg:1215.44ms
step:2709/3300 train_loss:3.39384 train_time:3292.633s step_avg:1215.44ms
step:2710/3300 train_loss:3.32735 train_time:3293.849s step_avg:1215.44ms
step:2711/3300 train_loss:3.42102 train_time:3295.064s step_avg:1215.44ms
step:2712/3300 train_loss:3.36386 train_time:3296.274s step_avg:1215.44ms
step:2713/3300 train_loss:3.34647 train_time:3297.484s step_avg:1215.44ms
step:2714/3300 train_loss:3.35443 train_time:3298.691s step_avg:1215.44ms
step:2715/3300 train_loss:3.31136 train_time:3299.928s step_avg:1215.44ms
step:2716/3300 train_loss:3.34067 train_time:3301.140s step_avg:1215.44ms
step:2717/3300 train_loss:3.34543 train_time:3302.353s step_avg:1215.44ms
step:2718/3300 train_loss:3.40571 train_time:3303.563s step_avg:1215.44ms
step:2719/3300 train_loss:3.34590 train_time:3304.784s step_avg:1215.44ms
step:2720/3300 train_loss:3.36845 train_time:3305.997s step_avg:1215.44ms
step:2721/3300 train_loss:3.40184 train_time:3307.220s step_avg:1215.44ms
step:2722/3300 train_loss:3.48529 train_time:3308.427s step_avg:1215.44ms
step:2723/3300 train_loss:3.33681 train_time:3309.646s step_avg:1215.44ms
step:2724/3300 train_loss:3.36764 train_time:3310.854s step_avg:1215.44ms
step:2725/3300 train_loss:3.40056 train_time:3312.059s step_avg:1215.43ms
step:2726/3300 train_loss:3.35613 train_time:3313.278s step_avg:1215.44ms
step:2727/3300 train_loss:3.34219 train_time:3314.492s step_avg:1215.44ms
step:2728/3300 train_loss:3.37233 train_time:3315.694s step_avg:1215.43ms
step:2729/3300 train_loss:3.39918 train_time:3316.901s step_avg:1215.43ms
step:2730/3300 train_loss:3.40262 train_time:3318.119s step_avg:1215.43ms
step:2731/3300 train_loss:3.32610 train_time:3319.335s step_avg:1215.43ms
step:2732/3300 train_loss:3.31636 train_time:3320.536s step_avg:1215.42ms
step:2733/3300 train_loss:3.28651 train_time:3321.742s step_avg:1215.42ms
step:2734/3300 train_loss:3.34482 train_time:3322.953s step_avg:1215.42ms
step:2735/3300 train_loss:3.35912 train_time:3324.155s step_avg:1215.41ms
step:2736/3300 train_loss:3.35194 train_time:3325.366s step_avg:1215.41ms
step:2737/3300 train_loss:3.36237 train_time:3326.577s step_avg:1215.41ms
step:2738/3300 train_loss:3.32960 train_time:3327.797s step_avg:1215.41ms
step:2739/3300 train_loss:3.29714 train_time:3329.006s step_avg:1215.41ms
step:2740/3300 train_loss:3.36393 train_time:3330.270s step_avg:1215.43ms
step:2741/3300 train_loss:3.36005 train_time:3331.479s step_avg:1215.42ms
step:2742/3300 train_loss:3.39079 train_time:3332.688s step_avg:1215.42ms
step:2743/3300 train_loss:3.38428 train_time:3333.901s step_avg:1215.42ms
step:2744/3300 train_loss:3.40823 train_time:3335.110s step_avg:1215.42ms
step:2745/3300 train_loss:3.31292 train_time:3336.314s step_avg:1215.42ms
step:2746/3300 train_loss:3.35946 train_time:3337.522s step_avg:1215.41ms
step:2747/3300 train_loss:3.33943 train_time:3338.728s step_avg:1215.41ms
step:2748/3300 train_loss:3.37349 train_time:3339.937s step_avg:1215.41ms
step:2749/3300 train_loss:3.36067 train_time:3341.149s step_avg:1215.41ms
step:2750/3300 train_loss:3.37953 train_time:3342.356s step_avg:1215.40ms
step:2750/3300 val_loss:3.33660 train_time:3342.356s step_avg:1212.43ms
step:2751/3300 train_loss:3.32980 train_time:3343.575s step_avg:1215.40ms
step:2752/3300 train_loss:3.31133 train_time:3344.776s step_avg:1215.40ms
step:2753/3300 train_loss:3.32518 train_time:3345.982s step_avg:1215.39ms
step:2754/3300 train_loss:3.32492 train_time:3347.194s step_avg:1215.39ms
step:2755/3300 train_loss:3.29445 train_time:3348.407s step_avg:1215.39ms
step:2756/3300 train_loss:3.33142 train_time:3349.632s step_avg:1215.40ms
step:2757/3300 train_loss:3.41895 train_time:3350.841s step_avg:1215.39ms
step:2758/3300 train_loss:3.31512 train_time:3352.070s step_avg:1215.40ms
step:2759/3300 train_loss:3.33819 train_time:3353.278s step_avg:1215.40ms
step:2760/3300 train_loss:3.36683 train_time:3354.486s step_avg:1215.39ms
step:2761/3300 train_loss:3.36423 train_time:3355.704s step_avg:1215.39ms
step:2762/3300 train_loss:3.31245 train_time:3356.919s step_avg:1215.39ms
step:2763/3300 train_loss:3.36153 train_time:3358.143s step_avg:1215.40ms
step:2764/3300 train_loss:3.39447 train_time:3359.359s step_avg:1215.40ms
step:2765/3300 train_loss:3.32992 train_time:3360.582s step_avg:1215.40ms
step:2766/3300 train_loss:3.31764 train_time:3361.800s step_avg:1215.40ms
step:2767/3300 train_loss:3.34234 train_time:3363.024s step_avg:1215.40ms
step:2768/3300 train_loss:3.35368 train_time:3364.233s step_avg:1215.40ms
step:2769/3300 train_loss:3.32625 train_time:3365.441s step_avg:1215.40ms
step:2770/3300 train_loss:3.26910 train_time:3366.667s step_avg:1215.40ms
step:2771/3300 train_loss:3.46440 train_time:3367.880s step_avg:1215.40ms
step:2772/3300 train_loss:3.32819 train_time:3369.085s step_avg:1215.40ms
step:2773/3300 train_loss:3.30982 train_time:3370.297s step_avg:1215.40ms
step:2774/3300 train_loss:3.32924 train_time:3371.524s step_avg:1215.40ms
step:2775/3300 train_loss:3.36636 train_time:3372.791s step_avg:1215.42ms
step:2776/3300 train_loss:3.41716 train_time:3374.006s step_avg:1215.42ms
step:2777/3300 train_loss:3.40972 train_time:3375.214s step_avg:1215.42ms
step:2778/3300 train_loss:3.38293 train_time:3376.420s step_avg:1215.41ms
step:2779/3300 train_loss:3.34790 train_time:3377.633s step_avg:1215.41ms
step:2780/3300 train_loss:3.36347 train_time:3378.841s step_avg:1215.41ms
step:2781/3300 train_loss:3.32080 train_time:3380.063s step_avg:1215.41ms
step:2782/3300 train_loss:3.36529 train_time:3381.295s step_avg:1215.42ms
step:2783/3300 train_loss:3.36194 train_time:3382.515s step_avg:1215.42ms
step:2784/3300 train_loss:3.36511 train_time:3383.722s step_avg:1215.42ms
step:2785/3300 train_loss:3.32689 train_time:3384.938s step_avg:1215.42ms
step:2786/3300 train_loss:3.36606 train_time:3386.146s step_avg:1215.42ms
step:2787/3300 train_loss:3.37483 train_time:3387.369s step_avg:1215.42ms
step:2788/3300 train_loss:3.38861 train_time:3388.585s step_avg:1215.42ms
step:2789/3300 train_loss:3.38948 train_time:3389.813s step_avg:1215.42ms
step:2790/3300 train_loss:3.33286 train_time:3391.032s step_avg:1215.42ms
step:2791/3300 train_loss:3.31480 train_time:3392.253s step_avg:1215.43ms
step:2792/3300 train_loss:3.35646 train_time:3393.466s step_avg:1215.42ms
step:2793/3300 train_loss:3.41904 train_time:3394.675s step_avg:1215.42ms
step:2794/3300 train_loss:3.31554 train_time:3395.886s step_avg:1215.42ms
step:2795/3300 train_loss:3.41232 train_time:3397.099s step_avg:1215.42ms
step:2796/3300 train_loss:3.32240 train_time:3398.309s step_avg:1215.42ms
step:2797/3300 train_loss:3.36490 train_time:3399.524s step_avg:1215.42ms
step:2798/3300 train_loss:3.33385 train_time:3400.736s step_avg:1215.42ms
step:2799/3300 train_loss:3.35949 train_time:3401.958s step_avg:1215.42ms
step:2800/3300 train_loss:3.39185 train_time:3403.160s step_avg:1215.41ms
step:2801/3300 train_loss:3.37432 train_time:3404.368s step_avg:1215.41ms
step:2802/3300 train_loss:3.30655 train_time:3405.577s step_avg:1215.41ms
step:2803/3300 train_loss:3.39462 train_time:3406.795s step_avg:1215.41ms
step:2804/3300 train_loss:3.45863 train_time:3408.001s step_avg:1215.41ms
step:2805/3300 train_loss:3.32281 train_time:3409.202s step_avg:1215.40ms
step:2806/3300 train_loss:3.42942 train_time:3410.406s step_avg:1215.40ms
step:2807/3300 train_loss:3.38439 train_time:3411.619s step_avg:1215.40ms
step:2808/3300 train_loss:3.33594 train_time:3412.824s step_avg:1215.39ms
step:2809/3300 train_loss:3.38624 train_time:3414.036s step_avg:1215.39ms
step:2810/3300 train_loss:3.35055 train_time:3415.257s step_avg:1215.39ms
step:2811/3300 train_loss:3.37970 train_time:3416.482s step_avg:1215.40ms
step:2812/3300 train_loss:3.30359 train_time:3417.710s step_avg:1215.40ms
step:2813/3300 train_loss:3.38678 train_time:3418.921s step_avg:1215.40ms
step:2814/3300 train_loss:3.33701 train_time:3420.136s step_avg:1215.40ms
step:2815/3300 train_loss:3.25609 train_time:3421.345s step_avg:1215.40ms
step:2816/3300 train_loss:3.30791 train_time:3422.578s step_avg:1215.40ms
step:2817/3300 train_loss:3.35895 train_time:3423.783s step_avg:1215.40ms
step:2818/3300 train_loss:3.35525 train_time:3424.987s step_avg:1215.40ms
step:2819/3300 train_loss:3.36858 train_time:3426.204s step_avg:1215.40ms
step:2820/3300 train_loss:3.36359 train_time:3427.413s step_avg:1215.39ms
step:2821/3300 train_loss:3.39779 train_time:3428.628s step_avg:1215.39ms
step:2822/3300 train_loss:3.36111 train_time:3429.835s step_avg:1215.39ms
step:2823/3300 train_loss:3.33230 train_time:3431.102s step_avg:1215.41ms
step:2824/3300 train_loss:3.28241 train_time:3432.306s step_avg:1215.41ms
step:2825/3300 train_loss:3.37481 train_time:3433.516s step_avg:1215.40ms
step:2826/3300 train_loss:3.33422 train_time:3434.731s step_avg:1215.40ms
step:2827/3300 train_loss:3.34735 train_time:3435.948s step_avg:1215.40ms
step:2828/3300 train_loss:3.33599 train_time:3437.171s step_avg:1215.41ms
step:2829/3300 train_loss:3.34353 train_time:3438.385s step_avg:1215.41ms
step:2830/3300 train_loss:3.37102 train_time:3439.608s step_avg:1215.41ms
step:2831/3300 train_loss:3.36061 train_time:3440.829s step_avg:1215.41ms
step:2832/3300 train_loss:3.36499 train_time:3442.036s step_avg:1215.41ms
step:2833/3300 train_loss:3.45293 train_time:3443.243s step_avg:1215.41ms
step:2834/3300 train_loss:3.34863 train_time:3444.446s step_avg:1215.40ms
step:2835/3300 train_loss:3.39085 train_time:3445.639s step_avg:1215.39ms
step:2836/3300 train_loss:3.32958 train_time:3446.850s step_avg:1215.39ms
step:2837/3300 train_loss:3.33902 train_time:3448.063s step_avg:1215.39ms
step:2838/3300 train_loss:3.38058 train_time:3449.278s step_avg:1215.39ms
step:2839/3300 train_loss:3.35673 train_time:3450.484s step_avg:1215.39ms
step:2840/3300 train_loss:3.33046 train_time:3451.687s step_avg:1215.38ms
step:2841/3300 train_loss:3.36548 train_time:3452.909s step_avg:1215.39ms
step:2842/3300 train_loss:3.35131 train_time:3454.116s step_avg:1215.38ms
step:2843/3300 train_loss:3.35301 train_time:3455.328s step_avg:1215.38ms
step:2844/3300 train_loss:3.44944 train_time:3456.558s step_avg:1215.39ms
step:2845/3300 train_loss:3.31496 train_time:3457.772s step_avg:1215.39ms
step:2846/3300 train_loss:3.31709 train_time:3458.986s step_avg:1215.39ms
step:2847/3300 train_loss:3.33842 train_time:3460.184s step_avg:1215.38ms
step:2848/3300 train_loss:3.36636 train_time:3461.386s step_avg:1215.37ms
step:2849/3300 train_loss:3.32421 train_time:3462.584s step_avg:1215.37ms
step:2850/3300 train_loss:3.34650 train_time:3463.785s step_avg:1215.36ms
step:2851/3300 train_loss:3.30051 train_time:3465.033s step_avg:1215.37ms
step:2852/3300 train_loss:3.35969 train_time:3466.248s step_avg:1215.37ms
step:2853/3300 train_loss:3.31517 train_time:3467.456s step_avg:1215.37ms
step:2854/3300 train_loss:3.32336 train_time:3468.670s step_avg:1215.37ms
step:2855/3300 train_loss:3.37261 train_time:3469.877s step_avg:1215.37ms
step:2856/3300 train_loss:3.43745 train_time:3471.094s step_avg:1215.37ms
step:2857/3300 train_loss:3.34824 train_time:3472.317s step_avg:1215.37ms
step:2858/3300 train_loss:3.38888 train_time:3473.523s step_avg:1215.37ms
step:2859/3300 train_loss:3.33504 train_time:3474.727s step_avg:1215.36ms
step:2860/3300 train_loss:3.30253 train_time:3475.937s step_avg:1215.36ms
step:2861/3300 train_loss:3.42134 train_time:3477.165s step_avg:1215.37ms
step:2862/3300 train_loss:3.38519 train_time:3478.388s step_avg:1215.37ms
step:2863/3300 train_loss:3.39773 train_time:3479.649s step_avg:1215.39ms
step:2864/3300 train_loss:3.32646 train_time:3480.855s step_avg:1215.38ms
step:2865/3300 train_loss:3.37416 train_time:3482.083s step_avg:1215.39ms
step:2866/3300 train_loss:3.28924 train_time:3483.292s step_avg:1215.38ms
step:2867/3300 train_loss:3.32743 train_time:3484.498s step_avg:1215.38ms
step:2868/3300 train_loss:3.35832 train_time:3485.711s step_avg:1215.38ms
step:2869/3300 train_loss:3.31926 train_time:3486.923s step_avg:1215.38ms
step:2870/3300 train_loss:3.32684 train_time:3488.138s step_avg:1215.38ms
step:2871/3300 train_loss:3.31962 train_time:3489.356s step_avg:1215.38ms
step:2872/3300 train_loss:3.29919 train_time:3490.569s step_avg:1215.38ms
step:2873/3300 train_loss:3.25680 train_time:3491.770s step_avg:1215.37ms
step:2874/3300 train_loss:3.36477 train_time:3492.973s step_avg:1215.37ms
step:2875/3300 train_loss:3.40458 train_time:3494.183s step_avg:1215.37ms
step:2875/3300 val_loss:3.32032 train_time:3494.183s step_avg:1214.62ms
step:2876/3300 train_loss:3.34037 train_time:3495.404s step_avg:1215.37ms
step:2877/3300 train_loss:3.33369 train_time:3496.608s step_avg:1215.37ms
step:2878/3300 train_loss:3.36920 train_time:3497.811s step_avg:1215.36ms
step:2879/3300 train_loss:3.35993 train_time:3499.014s step_avg:1215.36ms
step:2880/3300 train_loss:3.32742 train_time:3500.227s step_avg:1215.36ms
step:2881/3300 train_loss:3.31066 train_time:3501.439s step_avg:1215.36ms
step:2882/3300 train_loss:3.37971 train_time:3502.703s step_avg:1215.37ms
step:2883/3300 train_loss:3.31779 train_time:3503.923s step_avg:1215.37ms
step:2884/3300 train_loss:3.34689 train_time:3505.132s step_avg:1215.37ms
step:2885/3300 train_loss:3.30590 train_time:3506.334s step_avg:1215.37ms
step:2886/3300 train_loss:3.35089 train_time:3507.548s step_avg:1215.37ms
step:2887/3300 train_loss:3.41263 train_time:3508.776s step_avg:1215.37ms
step:2888/3300 train_loss:3.40593 train_time:3509.986s step_avg:1215.37ms
step:2889/3300 train_loss:3.47575 train_time:3511.194s step_avg:1215.37ms
step:2890/3300 train_loss:3.30108 train_time:3512.408s step_avg:1215.37ms
step:2891/3300 train_loss:3.34081 train_time:3513.624s step_avg:1215.37ms
step:2892/3300 train_loss:3.27291 train_time:3514.843s step_avg:1215.37ms
step:2893/3300 train_loss:3.29205 train_time:3516.050s step_avg:1215.36ms
step:2894/3300 train_loss:3.32600 train_time:3517.253s step_avg:1215.36ms
step:2895/3300 train_loss:3.39521 train_time:3518.454s step_avg:1215.36ms
step:2896/3300 train_loss:3.38772 train_time:3519.672s step_avg:1215.36ms
step:2897/3300 train_loss:3.30424 train_time:3520.876s step_avg:1215.35ms
step:2898/3300 train_loss:3.55591 train_time:3522.087s step_avg:1215.35ms
step:2899/3300 train_loss:3.34145 train_time:3523.315s step_avg:1215.36ms
step:2900/3300 train_loss:3.35695 train_time:3524.536s step_avg:1215.36ms
step:2901/3300 train_loss:3.31871 train_time:3525.750s step_avg:1215.36ms
step:2902/3300 train_loss:3.41735 train_time:3526.949s step_avg:1215.35ms
step:2903/3300 train_loss:3.31358 train_time:3528.156s step_avg:1215.35ms
step:2904/3300 train_loss:3.36932 train_time:3529.371s step_avg:1215.35ms
step:2905/3300 train_loss:3.39249 train_time:3530.571s step_avg:1215.34ms
step:2906/3300 train_loss:3.34267 train_time:3531.777s step_avg:1215.34ms
step:2907/3300 train_loss:3.35932 train_time:3532.987s step_avg:1215.34ms
step:2908/3300 train_loss:3.37416 train_time:3534.208s step_avg:1215.34ms
step:2909/3300 train_loss:3.39828 train_time:3535.418s step_avg:1215.34ms
step:2910/3300 train_loss:3.34796 train_time:3536.626s step_avg:1215.34ms
step:2911/3300 train_loss:3.33069 train_time:3537.839s step_avg:1215.33ms
step:2912/3300 train_loss:3.30593 train_time:3539.061s step_avg:1215.34ms
step:2913/3300 train_loss:3.39001 train_time:3540.268s step_avg:1215.33ms
step:2914/3300 train_loss:3.35194 train_time:3541.488s step_avg:1215.34ms
step:2915/3300 train_loss:3.35117 train_time:3542.695s step_avg:1215.33ms
step:2916/3300 train_loss:3.33023 train_time:3543.926s step_avg:1215.34ms
step:2917/3300 train_loss:3.40018 train_time:3545.149s step_avg:1215.34ms
step:2918/3300 train_loss:3.23223 train_time:3546.353s step_avg:1215.34ms
step:2919/3300 train_loss:3.29976 train_time:3547.555s step_avg:1215.33ms
step:2920/3300 train_loss:3.26896 train_time:3548.763s step_avg:1215.33ms
step:2921/3300 train_loss:3.35397 train_time:3549.981s step_avg:1215.33ms
step:2922/3300 train_loss:3.48671 train_time:3551.203s step_avg:1215.33ms
step:2923/3300 train_loss:3.34379 train_time:3552.416s step_avg:1215.33ms
step:2924/3300 train_loss:3.30131 train_time:3553.633s step_avg:1215.33ms
step:2925/3300 train_loss:3.34967 train_time:3554.835s step_avg:1215.33ms
step:2926/3300 train_loss:3.35887 train_time:3556.046s step_avg:1215.33ms
step:2927/3300 train_loss:3.28527 train_time:3557.255s step_avg:1215.32ms
step:2928/3300 train_loss:3.38507 train_time:3558.472s step_avg:1215.33ms
step:2929/3300 train_loss:3.29361 train_time:3559.677s step_avg:1215.32ms
step:2930/3300 train_loss:3.40591 train_time:3560.887s step_avg:1215.32ms
step:2931/3300 train_loss:3.35892 train_time:3562.107s step_avg:1215.32ms
step:2932/3300 train_loss:3.35448 train_time:3563.338s step_avg:1215.33ms
step:2933/3300 train_loss:3.57601 train_time:3564.559s step_avg:1215.33ms
step:2934/3300 train_loss:3.33151 train_time:3565.766s step_avg:1215.33ms
step:2935/3300 train_loss:3.45359 train_time:3566.972s step_avg:1215.32ms
step:2936/3300 train_loss:3.37925 train_time:3568.185s step_avg:1215.32ms
step:2937/3300 train_loss:3.32925 train_time:3569.432s step_avg:1215.33ms
step:2938/3300 train_loss:3.36504 train_time:3570.641s step_avg:1215.33ms
step:2939/3300 train_loss:3.37387 train_time:3571.849s step_avg:1215.33ms
step:2940/3300 train_loss:3.30313 train_time:3573.056s step_avg:1215.33ms
step:2941/3300 train_loss:3.30930 train_time:3574.265s step_avg:1215.32ms
step:2942/3300 train_loss:3.27098 train_time:3575.475s step_avg:1215.32ms
step:2943/3300 train_loss:3.31133 train_time:3576.677s step_avg:1215.32ms
step:2944/3300 train_loss:3.26173 train_time:3577.876s step_avg:1215.31ms
step:2945/3300 train_loss:3.35146 train_time:3579.088s step_avg:1215.31ms
step:2946/3300 train_loss:3.33539 train_time:3580.305s step_avg:1215.31ms
step:2947/3300 train_loss:3.31237 train_time:3581.513s step_avg:1215.31ms
step:2948/3300 train_loss:3.36249 train_time:3582.718s step_avg:1215.30ms
step:2949/3300 train_loss:3.29685 train_time:3583.941s step_avg:1215.31ms
step:2950/3300 train_loss:3.31714 train_time:3585.151s step_avg:1215.31ms
step:2951/3300 train_loss:3.36613 train_time:3586.362s step_avg:1215.30ms
step:2952/3300 train_loss:3.28328 train_time:3587.577s step_avg:1215.30ms
step:2953/3300 train_loss:3.36735 train_time:3588.822s step_avg:1215.31ms
step:2954/3300 train_loss:3.35214 train_time:3590.029s step_avg:1215.31ms
step:2955/3300 train_loss:3.32634 train_time:3591.250s step_avg:1215.31ms
step:2956/3300 train_loss:3.32681 train_time:3592.462s step_avg:1215.31ms
step:2957/3300 train_loss:3.33735 train_time:3593.697s step_avg:1215.32ms
step:2958/3300 train_loss:3.34938 train_time:3594.898s step_avg:1215.31ms
step:2959/3300 train_loss:3.26984 train_time:3596.111s step_avg:1215.31ms
step:2960/3300 train_loss:3.31738 train_time:3597.317s step_avg:1215.31ms
step:2961/3300 train_loss:3.38686 train_time:3598.528s step_avg:1215.31ms
step:2962/3300 train_loss:3.28914 train_time:3599.741s step_avg:1215.31ms
step:2963/3300 train_loss:3.25753 train_time:3600.955s step_avg:1215.31ms
step:2964/3300 train_loss:3.28569 train_time:3602.158s step_avg:1215.30ms
step:2965/3300 train_loss:3.34115 train_time:3603.358s step_avg:1215.30ms
step:2966/3300 train_loss:3.27875 train_time:3604.562s step_avg:1215.29ms
step:2967/3300 train_loss:3.33606 train_time:3605.764s step_avg:1215.29ms
step:2968/3300 train_loss:3.32059 train_time:3606.967s step_avg:1215.29ms
step:2969/3300 train_loss:3.49249 train_time:3608.173s step_avg:1215.28ms
step:2970/3300 train_loss:3.32026 train_time:3609.386s step_avg:1215.28ms
step:2971/3300 train_loss:3.37366 train_time:3610.602s step_avg:1215.28ms
step:2972/3300 train_loss:3.29696 train_time:3611.814s step_avg:1215.28ms
step:2973/3300 train_loss:3.35268 train_time:3613.022s step_avg:1215.28ms
step:2974/3300 train_loss:3.25274 train_time:3614.242s step_avg:1215.28ms
step:2975/3300 train_loss:3.31501 train_time:3615.453s step_avg:1215.28ms
step:2976/3300 train_loss:3.32656 train_time:3616.665s step_avg:1215.28ms
step:2977/3300 train_loss:3.29495 train_time:3617.876s step_avg:1215.28ms
step:2978/3300 train_loss:3.39076 train_time:3619.086s step_avg:1215.27ms
step:2979/3300 train_loss:3.31620 train_time:3620.293s step_avg:1215.27ms
step:2980/3300 train_loss:3.35916 train_time:3621.504s step_avg:1215.27ms
step:2981/3300 train_loss:3.31408 train_time:3622.719s step_avg:1215.27ms
step:2982/3300 train_loss:3.37308 train_time:3623.934s step_avg:1215.27ms
step:2983/3300 train_loss:3.33246 train_time:3625.138s step_avg:1215.27ms
step:2984/3300 train_loss:3.36146 train_time:3626.339s step_avg:1215.26ms
step:2985/3300 train_loss:3.36573 train_time:3627.543s step_avg:1215.26ms
step:2986/3300 train_loss:3.35571 train_time:3628.768s step_avg:1215.26ms
step:2987/3300 train_loss:3.28049 train_time:3629.976s step_avg:1215.26ms
step:2988/3300 train_loss:3.24086 train_time:3631.185s step_avg:1215.26ms
step:2989/3300 train_loss:3.38645 train_time:3632.398s step_avg:1215.26ms
step:2990/3300 train_loss:3.34824 train_time:3633.601s step_avg:1215.25ms
step:2991/3300 train_loss:3.29571 train_time:3634.807s step_avg:1215.25ms
step:2992/3300 train_loss:3.30485 train_time:3636.017s step_avg:1215.25ms
step:2993/3300 train_loss:3.30386 train_time:3637.221s step_avg:1215.24ms
step:2994/3300 train_loss:3.28875 train_time:3638.432s step_avg:1215.24ms
step:2995/3300 train_loss:3.37896 train_time:3639.642s step_avg:1215.24ms
step:2996/3300 train_loss:3.26746 train_time:3640.848s step_avg:1215.24ms
step:2997/3300 train_loss:3.27771 train_time:3642.061s step_avg:1215.24ms
step:2998/3300 train_loss:3.34773 train_time:3643.276s step_avg:1215.24ms
step:2999/3300 train_loss:3.38258 train_time:3644.484s step_avg:1215.23ms
step:3000/3300 train_loss:3.34770 train_time:3645.696s step_avg:1215.23ms
step:3000/3300 val_loss:3.30473 train_time:3645.696s step_avg:1212.10ms
step:3001/3300 train_loss:3.31012 train_time:3646.907s step_avg:1215.23ms
step:3002/3300 train_loss:3.31896 train_time:3648.111s step_avg:1215.23ms
step:3003/3300 train_loss:3.30028 train_time:3649.318s step_avg:1215.22ms
step:3004/3300 train_loss:3.35804 train_time:3650.529s step_avg:1215.22ms
step:3005/3300 train_loss:3.32588 train_time:3651.738s step_avg:1215.22ms
step:3006/3300 train_loss:3.28643 train_time:3652.955s step_avg:1215.22ms
step:3007/3300 train_loss:3.30772 train_time:3654.174s step_avg:1215.22ms
step:3008/3300 train_loss:3.35644 train_time:3655.387s step_avg:1215.22ms
step:3009/3300 train_loss:3.29412 train_time:3656.593s step_avg:1215.22ms
step:3010/3300 train_loss:3.34090 train_time:3657.806s step_avg:1215.22ms
step:3011/3300 train_loss:3.34027 train_time:3659.012s step_avg:1215.21ms
step:3012/3300 train_loss:3.29633 train_time:3660.220s step_avg:1215.21ms
step:3013/3300 train_loss:3.37390 train_time:3661.425s step_avg:1215.21ms
step:3014/3300 train_loss:3.35714 train_time:3662.641s step_avg:1215.21ms
step:3015/3300 train_loss:3.33163 train_time:3663.861s step_avg:1215.21ms
step:3016/3300 train_loss:3.32044 train_time:3665.077s step_avg:1215.21ms
step:3017/3300 train_loss:3.32541 train_time:3666.305s step_avg:1215.22ms
step:3018/3300 train_loss:3.26416 train_time:3667.519s step_avg:1215.22ms
step:3019/3300 train_loss:3.33140 train_time:3668.732s step_avg:1215.21ms
step:3020/3300 train_loss:3.33442 train_time:3669.948s step_avg:1215.21ms
step:3021/3300 train_loss:3.28720 train_time:3671.158s step_avg:1215.21ms
step:3022/3300 train_loss:3.30576 train_time:3672.377s step_avg:1215.21ms
step:3023/3300 train_loss:3.26405 train_time:3673.598s step_avg:1215.22ms
step:3024/3300 train_loss:3.33019 train_time:3674.826s step_avg:1215.22ms
step:3025/3300 train_loss:3.31903 train_time:3676.045s step_avg:1215.22ms
step:3025/3300 val_loss:3.30091 train_time:3676.045s step_avg:1213.98ms
step:3026/3300 train_loss:3.27541 train_time:3677.263s step_avg:1215.22ms
step:3027/3300 train_loss:3.34151 train_time:3678.470s step_avg:1215.22ms
step:3028/3300 train_loss:3.24067 train_time:3679.675s step_avg:1215.22ms
step:3029/3300 train_loss:3.37398 train_time:3680.888s step_avg:1215.22ms
step:3030/3300 train_loss:3.20950 train_time:3682.094s step_avg:1215.21ms
step:3031/3300 train_loss:3.25693 train_time:3683.313s step_avg:1215.21ms
step:3032/3300 train_loss:3.35210 train_time:3684.526s step_avg:1215.21ms
step:3033/3300 train_loss:3.32174 train_time:3685.730s step_avg:1215.21ms
step:3034/3300 train_loss:3.28069 train_time:3686.930s step_avg:1215.20ms
step:3035/3300 train_loss:3.25180 train_time:3688.148s step_avg:1215.21ms
step:3036/3300 train_loss:3.30551 train_time:3689.366s step_avg:1215.21ms
step:3037/3300 train_loss:3.29042 train_time:3690.567s step_avg:1215.20ms
step:3038/3300 train_loss:3.29047 train_time:3691.774s step_avg:1215.20ms
step:3039/3300 train_loss:3.30512 train_time:3693.011s step_avg:1215.21ms
step:3040/3300 train_loss:3.33059 train_time:3694.221s step_avg:1215.20ms
step:3041/3300 train_loss:3.23607 train_time:3695.472s step_avg:1215.22ms
step:3042/3300 train_loss:3.26303 train_time:3696.680s step_avg:1215.21ms
step:3043/3300 train_loss:3.35010 train_time:3697.888s step_avg:1215.21ms
step:3044/3300 train_loss:3.41142 train_time:3699.106s step_avg:1215.21ms
step:3045/3300 train_loss:3.26301 train_time:3700.311s step_avg:1215.21ms
step:3046/3300 train_loss:3.27364 train_time:3701.520s step_avg:1215.21ms
step:3047/3300 train_loss:3.32118 train_time:3702.729s step_avg:1215.20ms
step:3048/3300 train_loss:3.26722 train_time:3703.939s step_avg:1215.20ms
step:3049/3300 train_loss:3.28435 train_time:3705.152s step_avg:1215.20ms
step:3050/3300 train_loss:3.30301 train_time:3706.357s step_avg:1215.20ms
step:3050/3300 val_loss:3.29799 train_time:3706.357s step_avg:1212.45ms
step:3051/3300 train_loss:3.26085 train_time:3707.572s step_avg:1215.20ms
step:3052/3300 train_loss:3.33040 train_time:3708.771s step_avg:1215.19ms
step:3053/3300 train_loss:3.30491 train_time:3709.974s step_avg:1215.19ms
step:3054/3300 train_loss:3.34449 train_time:3711.178s step_avg:1215.19ms
step:3055/3300 train_loss:3.35924 train_time:3712.395s step_avg:1215.19ms
step:3056/3300 train_loss:3.23881 train_time:3713.614s step_avg:1215.19ms
step:3057/3300 train_loss:3.29792 train_time:3714.819s step_avg:1215.18ms
step:3058/3300 train_loss:3.34216 train_time:3716.040s step_avg:1215.19ms
step:3059/3300 train_loss:3.37043 train_time:3717.245s step_avg:1215.18ms
step:3060/3300 train_loss:3.27921 train_time:3718.456s step_avg:1215.18ms
step:3061/3300 train_loss:3.31876 train_time:3719.673s step_avg:1215.18ms
step:3062/3300 train_loss:3.31245 train_time:3720.884s step_avg:1215.18ms
step:3063/3300 train_loss:3.34896 train_time:3722.107s step_avg:1215.18ms
step:3064/3300 train_loss:3.28079 train_time:3723.330s step_avg:1215.19ms
step:3065/3300 train_loss:3.32508 train_time:3724.536s step_avg:1215.18ms
step:3066/3300 train_loss:3.25601 train_time:3725.752s step_avg:1215.18ms
step:3067/3300 train_loss:3.25119 train_time:3726.969s step_avg:1215.18ms
step:3068/3300 train_loss:3.29837 train_time:3728.174s step_avg:1215.18ms
step:3069/3300 train_loss:3.33450 train_time:3729.377s step_avg:1215.18ms
step:3070/3300 train_loss:3.32509 train_time:3730.600s step_avg:1215.18ms
step:3071/3300 train_loss:3.35329 train_time:3731.814s step_avg:1215.18ms
step:3072/3300 train_loss:3.34974 train_time:3733.033s step_avg:1215.18ms
step:3073/3300 train_loss:3.26534 train_time:3734.241s step_avg:1215.18ms
step:3074/3300 train_loss:3.35445 train_time:3735.453s step_avg:1215.18ms
step:3075/3300 train_loss:3.27863 train_time:3736.685s step_avg:1215.18ms
step:3075/3300 val_loss:3.29525 train_time:3736.686s step_avg:1213.15ms
step:3076/3300 train_loss:3.34692 train_time:3737.916s step_avg:1215.19ms
step:3077/3300 train_loss:3.31299 train_time:3739.116s step_avg:1215.18ms
step:3078/3300 train_loss:3.38695 train_time:3740.351s step_avg:1215.19ms
step:3079/3300 train_loss:3.26824 train_time:3741.557s step_avg:1215.19ms
step:3080/3300 train_loss:3.33131 train_time:3742.771s step_avg:1215.19ms
step:3081/3300 train_loss:3.28072 train_time:3744.008s step_avg:1215.19ms
step:3082/3300 train_loss:3.27654 train_time:3745.223s step_avg:1215.19ms
step:3083/3300 train_loss:3.31814 train_time:3746.432s step_avg:1215.19ms
step:3084/3300 train_loss:3.29218 train_time:3747.656s step_avg:1215.19ms
step:3085/3300 train_loss:3.38603 train_time:3748.878s step_avg:1215.20ms
step:3086/3300 train_loss:3.30798 train_time:3750.082s step_avg:1215.19ms
step:3087/3300 train_loss:3.31128 train_time:3751.281s step_avg:1215.19ms
step:3088/3300 train_loss:3.30505 train_time:3752.496s step_avg:1215.19ms
step:3089/3300 train_loss:3.30216 train_time:3753.712s step_avg:1215.19ms
step:3090/3300 train_loss:3.34406 train_time:3754.917s step_avg:1215.18ms
step:3091/3300 train_loss:3.41559 train_time:3756.127s step_avg:1215.18ms
step:3092/3300 train_loss:3.34208 train_time:3757.333s step_avg:1215.18ms
step:3093/3300 train_loss:3.26151 train_time:3758.538s step_avg:1215.18ms
step:3094/3300 train_loss:3.33721 train_time:3759.739s step_avg:1215.17ms
step:3095/3300 train_loss:3.31909 train_time:3760.939s step_avg:1215.17ms
step:3096/3300 train_loss:3.31430 train_time:3762.144s step_avg:1215.16ms
step:3097/3300 train_loss:3.29933 train_time:3763.341s step_avg:1215.16ms
step:3098/3300 train_loss:3.25517 train_time:3764.543s step_avg:1215.15ms
step:3099/3300 train_loss:3.32512 train_time:3765.750s step_avg:1215.15ms
step:3100/3300 train_loss:3.24444 train_time:3766.955s step_avg:1215.15ms
step:3100/3300 val_loss:3.29242 train_time:3766.955s step_avg:1210.80ms
step:3101/3300 train_loss:3.29265 train_time:3768.164s step_avg:1215.14ms
step:3102/3300 train_loss:3.21686 train_time:3769.370s step_avg:1215.14ms
step:3103/3300 train_loss:3.34606 train_time:3770.571s step_avg:1215.14ms
step:3104/3300 train_loss:3.26189 train_time:3771.776s step_avg:1215.13ms
step:3105/3300 train_loss:3.29646 train_time:3772.987s step_avg:1215.13ms
step:3106/3300 train_loss:3.20195 train_time:3774.199s step_avg:1215.13ms
step:3107/3300 train_loss:3.18583 train_time:3775.408s step_avg:1215.13ms
step:3108/3300 train_loss:3.29990 train_time:3776.610s step_avg:1215.13ms
step:3109/3300 train_loss:3.29338 train_time:3777.808s step_avg:1215.12ms
step:3110/3300 train_loss:3.30655 train_time:3779.012s step_avg:1215.12ms
step:3111/3300 train_loss:3.24179 train_time:3780.226s step_avg:1215.12ms
step:3112/3300 train_loss:3.33899 train_time:3781.434s step_avg:1215.11ms
step:3113/3300 train_loss:3.24951 train_time:3782.642s step_avg:1215.11ms
step:3114/3300 train_loss:3.31470 train_time:3783.856s step_avg:1215.11ms
step:3115/3300 train_loss:3.32480 train_time:3785.054s step_avg:1215.11ms
step:3116/3300 train_loss:3.43150 train_time:3786.258s step_avg:1215.10ms
step:3117/3300 train_loss:3.28610 train_time:3787.463s step_avg:1215.10ms
step:3118/3300 train_loss:3.30893 train_time:3788.665s step_avg:1215.09ms
step:3119/3300 train_loss:3.29947 train_time:3789.886s step_avg:1215.10ms
step:3120/3300 train_loss:3.25139 train_time:3791.094s step_avg:1215.09ms
step:3121/3300 train_loss:3.34877 train_time:3792.301s step_avg:1215.09ms
step:3122/3300 train_loss:3.31990 train_time:3793.507s step_avg:1215.09ms
step:3123/3300 train_loss:3.31040 train_time:3794.714s step_avg:1215.09ms
step:3124/3300 train_loss:3.19102 train_time:3795.916s step_avg:1215.08ms
step:3125/3300 train_loss:3.30866 train_time:3797.111s step_avg:1215.08ms
step:3125/3300 val_loss:3.29001 train_time:3797.112s step_avg:1206.25ms
step:3126/3300 train_loss:3.25532 train_time:3798.323s step_avg:1215.07ms
step:3127/3300 train_loss:3.40432 train_time:3799.528s step_avg:1215.07ms
step:3128/3300 train_loss:3.30139 train_time:3800.739s step_avg:1215.07ms
step:3129/3300 train_loss:3.27958 train_time:3801.948s step_avg:1215.07ms
step:3130/3300 train_loss:3.29940 train_time:3803.160s step_avg:1215.07ms
step:3131/3300 train_loss:3.30593 train_time:3804.375s step_avg:1215.07ms
step:3132/3300 train_loss:3.23944 train_time:3805.600s step_avg:1215.07ms
step:3133/3300 train_loss:3.31808 train_time:3806.808s step_avg:1215.07ms
step:3134/3300 train_loss:3.27562 train_time:3808.010s step_avg:1215.06ms
step:3135/3300 train_loss:3.25698 train_time:3809.220s step_avg:1215.06ms
step:3136/3300 train_loss:3.27930 train_time:3810.432s step_avg:1215.06ms
step:3137/3300 train_loss:3.38030 train_time:3811.642s step_avg:1215.06ms
step:3138/3300 train_loss:3.29183 train_time:3812.850s step_avg:1215.06ms
step:3139/3300 train_loss:3.34041 train_time:3814.075s step_avg:1215.06ms
step:3140/3300 train_loss:3.33554 train_time:3815.289s step_avg:1215.06ms
step:3141/3300 train_loss:3.28892 train_time:3816.496s step_avg:1215.06ms
step:3142/3300 train_loss:3.30292 train_time:3817.710s step_avg:1215.06ms
step:3143/3300 train_loss:3.24303 train_time:3818.924s step_avg:1215.06ms
step:3144/3300 train_loss:3.34274 train_time:3820.133s step_avg:1215.05ms
step:3145/3300 train_loss:3.26903 train_time:3821.345s step_avg:1215.05ms
step:3146/3300 train_loss:3.32953 train_time:3822.559s step_avg:1215.05ms
step:3147/3300 train_loss:3.32885 train_time:3823.775s step_avg:1215.05ms
step:3148/3300 train_loss:3.30907 train_time:3824.993s step_avg:1215.05ms
step:3149/3300 train_loss:3.24298 train_time:3826.220s step_avg:1215.06ms
step:3150/3300 train_loss:3.29518 train_time:3827.448s step_avg:1215.06ms
step:3150/3300 val_loss:3.28713 train_time:3827.448s step_avg:1213.46ms
step:3151/3300 train_loss:3.28436 train_time:3828.664s step_avg:1215.06ms
step:3152/3300 train_loss:3.31361 train_time:3829.873s step_avg:1215.06ms
step:3153/3300 train_loss:3.31124 train_time:3831.085s step_avg:1215.06ms
step:3154/3300 train_loss:3.28057 train_time:3832.290s step_avg:1215.06ms
step:3155/3300 train_loss:3.30223 train_time:3833.500s step_avg:1215.06ms
step:3156/3300 train_loss:3.33006 train_time:3834.714s step_avg:1215.06ms
step:3157/3300 train_loss:3.28741 train_time:3835.931s step_avg:1215.06ms
step:3158/3300 train_loss:3.36488 train_time:3837.149s step_avg:1215.06ms
step:3159/3300 train_loss:3.29324 train_time:3838.362s step_avg:1215.06ms
step:3160/3300 train_loss:3.25943 train_time:3839.577s step_avg:1215.06ms
step:3161/3300 train_loss:3.27007 train_time:3840.802s step_avg:1215.06ms
step:3162/3300 train_loss:3.26642 train_time:3842.009s step_avg:1215.06ms
step:3163/3300 train_loss:3.22649 train_time:3843.215s step_avg:1215.05ms
step:3164/3300 train_loss:3.31483 train_time:3844.433s step_avg:1215.05ms
step:3165/3300 train_loss:3.29396 train_time:3845.650s step_avg:1215.06ms
step:3166/3300 train_loss:3.30044 train_time:3846.893s step_avg:1215.06ms
step:3167/3300 train_loss:3.27900 train_time:3848.099s step_avg:1215.06ms
step:3168/3300 train_loss:3.24634 train_time:3849.307s step_avg:1215.06ms
step:3169/3300 train_loss:3.33558 train_time:3850.513s step_avg:1215.06ms
step:3170/3300 train_loss:3.24967 train_time:3851.719s step_avg:1215.05ms
step:3171/3300 train_loss:3.34054 train_time:3852.932s step_avg:1215.05ms
step:3172/3300 train_loss:3.34049 train_time:3854.145s step_avg:1215.05ms
step:3173/3300 train_loss:3.29020 train_time:3855.355s step_avg:1215.05ms
step:3174/3300 train_loss:3.28386 train_time:3856.569s step_avg:1215.05ms
step:3175/3300 train_loss:3.33839 train_time:3857.775s step_avg:1215.05ms
step:3175/3300 val_loss:3.28471 train_time:3857.776s step_avg:1213.09ms
step:3176/3300 train_loss:3.29952 train_time:3858.996s step_avg:1215.05ms
step:3177/3300 train_loss:3.32145 train_time:3860.203s step_avg:1215.05ms
step:3178/3300 train_loss:3.37574 train_time:3861.406s step_avg:1215.04ms
step:3179/3300 train_loss:3.28874 train_time:3862.630s step_avg:1215.05ms
step:3180/3300 train_loss:3.26486 train_time:3863.845s step_avg:1215.05ms
step:3181/3300 train_loss:3.25818 train_time:3865.062s step_avg:1215.05ms
step:3182/3300 train_loss:3.24186 train_time:3866.263s step_avg:1215.04ms
step:3183/3300 train_loss:3.29907 train_time:3867.463s step_avg:1215.04ms
step:3184/3300 train_loss:3.28281 train_time:3868.667s step_avg:1215.03ms
step:3185/3300 train_loss:3.24754 train_time:3869.879s step_avg:1215.03ms
step:3186/3300 train_loss:3.31622 train_time:3871.089s step_avg:1215.03ms
step:3187/3300 train_loss:3.26786 train_time:3872.296s step_avg:1215.03ms
step:3188/3300 train_loss:3.30089 train_time:3873.504s step_avg:1215.03ms
step:3189/3300 train_loss:3.28411 train_time:3874.718s step_avg:1215.03ms
step:3190/3300 train_loss:3.29711 train_time:3875.924s step_avg:1215.02ms
step:3191/3300 train_loss:3.25028 train_time:3877.142s step_avg:1215.02ms
step:3192/3300 train_loss:3.33498 train_time:3878.362s step_avg:1215.03ms
step:3193/3300 train_loss:3.37892 train_time:3879.563s step_avg:1215.02ms
step:3194/3300 train_loss:3.35009 train_time:3880.768s step_avg:1215.02ms
step:3195/3300 train_loss:3.19477 train_time:3882.000s step_avg:1215.02ms
step:3196/3300 train_loss:3.47009 train_time:3883.212s step_avg:1215.02ms
step:3197/3300 train_loss:3.22088 train_time:3884.421s step_avg:1215.02ms
step:3198/3300 train_loss:3.30079 train_time:3885.631s step_avg:1215.02ms
step:3199/3300 train_loss:3.28852 train_time:3886.843s step_avg:1215.02ms
step:3200/3300 train_loss:3.26961 train_time:3888.052s step_avg:1215.02ms
step:3200/3300 val_loss:3.28250 train_time:3888.052s step_avg:1211.05ms
step:3201/3300 train_loss:3.30338 train_time:3889.308s step_avg:1215.03ms
step:3202/3300 train_loss:3.30144 train_time:3890.525s step_avg:1215.03ms
step:3203/3300 train_loss:3.25050 train_time:3891.730s step_avg:1215.03ms
step:3204/3300 train_loss:3.35615 train_time:3892.931s step_avg:1215.02ms
step:3205/3300 train_loss:3.36767 train_time:3894.143s step_avg:1215.02ms
step:3206/3300 train_loss:3.22486 train_time:3895.365s step_avg:1215.02ms
step:3207/3300 train_loss:3.32341 train_time:3896.578s step_avg:1215.02ms
step:3208/3300 train_loss:3.33921 train_time:3897.793s step_avg:1215.02ms
step:3209/3300 train_loss:3.26513 train_time:3899.033s step_avg:1215.03ms
step:3210/3300 train_loss:3.33737 train_time:3900.249s step_avg:1215.03ms
step:3211/3300 train_loss:3.24954 train_time:3901.456s step_avg:1215.03ms
step:3212/3300 train_loss:3.29900 train_time:3902.667s step_avg:1215.03ms
step:3213/3300 train_loss:3.31994 train_time:3903.870s step_avg:1215.02ms
step:3214/3300 train_loss:3.31444 train_time:3905.089s step_avg:1215.02ms
step:3215/3300 train_loss:3.24935 train_time:3906.298s step_avg:1215.02ms
step:3216/3300 train_loss:3.28230 train_time:3907.513s step_avg:1215.02ms
step:3217/3300 train_loss:3.30603 train_time:3908.721s step_avg:1215.02ms
step:3218/3300 train_loss:3.30380 train_time:3909.932s step_avg:1215.02ms
step:3219/3300 train_loss:3.32939 train_time:3911.134s step_avg:1215.02ms
step:3220/3300 train_loss:3.34925 train_time:3912.343s step_avg:1215.01ms
step:3221/3300 train_loss:3.29343 train_time:3913.553s step_avg:1215.01ms
step:3222/3300 train_loss:3.30009 train_time:3914.762s step_avg:1215.01ms
step:3223/3300 train_loss:3.27301 train_time:3916.029s step_avg:1215.03ms
step:3224/3300 train_loss:3.26073 train_time:3917.232s step_avg:1215.02ms
step:3225/3300 train_loss:3.25937 train_time:3918.437s step_avg:1215.02ms
step:3225/3300 val_loss:3.28052 train_time:3918.437s step_avg:1215.40ms
step:3226/3300 train_loss:3.27957 train_time:3919.650s step_avg:1215.02ms
step:3227/3300 train_loss:3.28724 train_time:3920.853s step_avg:1215.01ms
step:3228/3300 train_loss:3.28701 train_time:3922.059s step_avg:1215.01ms
step:3229/3300 train_loss:3.20727 train_time:3923.266s step_avg:1215.01ms
step:3230/3300 train_loss:3.30211 train_time:3924.473s step_avg:1215.01ms
step:3231/3300 train_loss:3.35104 train_time:3925.718s step_avg:1215.02ms
step:3232/3300 train_loss:3.26476 train_time:3926.928s step_avg:1215.01ms
step:3233/3300 train_loss:3.36673 train_time:3928.132s step_avg:1215.01ms
step:3234/3300 train_loss:3.21646 train_time:3929.333s step_avg:1215.01ms
step:3235/3300 train_loss:3.30863 train_time:3930.536s step_avg:1215.00ms
step:3236/3300 train_loss:3.33323 train_time:3931.760s step_avg:1215.01ms
step:3237/3300 train_loss:3.30619 train_time:3932.968s step_avg:1215.00ms
step:3238/3300 train_loss:3.28080 train_time:3934.194s step_avg:1215.01ms
step:3239/3300 train_loss:3.23386 train_time:3935.402s step_avg:1215.01ms
step:3240/3300 train_loss:3.30220 train_time:3936.629s step_avg:1215.01ms
step:3241/3300 train_loss:3.37039 train_time:3937.863s step_avg:1215.01ms
step:3242/3300 train_loss:3.33376 train_time:3939.072s step_avg:1215.01ms
step:3243/3300 train_loss:3.33929 train_time:3940.274s step_avg:1215.01ms
step:3244/3300 train_loss:3.34171 train_time:3941.484s step_avg:1215.01ms
step:3245/3300 train_loss:3.30220 train_time:3942.708s step_avg:1215.01ms
step:3246/3300 train_loss:3.31716 train_time:3943.937s step_avg:1215.01ms
step:3247/3300 train_loss:3.21336 train_time:3945.155s step_avg:1215.02ms
step:3248/3300 train_loss:3.21759 train_time:3946.372s step_avg:1215.02ms
step:3249/3300 train_loss:3.29887 train_time:3947.579s step_avg:1215.01ms
step:3250/3300 train_loss:3.30167 train_time:3948.785s step_avg:1215.01ms
step:3250/3300 val_loss:3.27894 train_time:3948.785s step_avg:1213.93ms
step:3251/3300 train_loss:3.28147 train_time:3949.992s step_avg:1215.01ms
step:3252/3300 train_loss:3.26736 train_time:3951.200s step_avg:1215.01ms
step:3253/3300 train_loss:3.32856 train_time:3952.401s step_avg:1215.00ms
step:3254/3300 train_loss:3.32818 train_time:3953.601s step_avg:1215.00ms
step:3255/3300 train_loss:3.30321 train_time:3954.811s step_avg:1215.00ms
step:3256/3300 train_loss:3.28931 train_time:3956.038s step_avg:1215.00ms
step:3257/3300 train_loss:3.30651 train_time:3957.240s step_avg:1215.00ms
step:3258/3300 train_loss:3.28906 train_time:3958.451s step_avg:1214.99ms
step:3259/3300 train_loss:3.33266 train_time:3959.670s step_avg:1215.00ms
step:3260/3300 train_loss:3.27782 train_time:3960.879s step_avg:1214.99ms
step:3261/3300 train_loss:3.28917 train_time:3962.091s step_avg:1214.99ms
step:3262/3300 train_loss:3.25906 train_time:3963.300s step_avg:1214.99ms
step:3263/3300 train_loss:3.41328 train_time:3964.506s step_avg:1214.99ms
step:3264/3300 train_loss:3.28276 train_time:3965.714s step_avg:1214.99ms
step:3265/3300 train_loss:3.34394 train_time:3966.925s step_avg:1214.98ms
step:3266/3300 train_loss:3.27172 train_time:3968.139s step_avg:1214.98ms
step:3267/3300 train_loss:3.35191 train_time:3969.351s step_avg:1214.98ms
step:3268/3300 train_loss:3.23010 train_time:3970.558s step_avg:1214.98ms
step:3269/3300 train_loss:3.34661 train_time:3971.768s step_avg:1214.98ms
step:3270/3300 train_loss:3.24162 train_time:3972.981s step_avg:1214.98ms
step:3271/3300 train_loss:3.29249 train_time:3974.211s step_avg:1214.98ms
step:3272/3300 train_loss:3.26457 train_time:3975.418s step_avg:1214.98ms
step:3273/3300 train_loss:3.28852 train_time:3976.621s step_avg:1214.98ms
step:3274/3300 train_loss:3.27228 train_time:3977.837s step_avg:1214.98ms
step:3275/3300 train_loss:3.27175 train_time:3979.044s step_avg:1214.98ms
step:3275/3300 val_loss:3.27774 train_time:3979.044s step_avg:1210.36ms
step:3276/3300 train_loss:3.25687 train_time:3980.264s step_avg:1214.98ms
step:3277/3300 train_loss:3.32090 train_time:3981.481s step_avg:1214.98ms
step:3278/3300 train_loss:3.23833 train_time:3982.710s step_avg:1214.98ms
step:3279/3300 train_loss:3.32161 train_time:3983.921s step_avg:1214.98ms
step:3280/3300 train_loss:3.20803 train_time:3985.131s step_avg:1214.98ms
step:3281/3300 train_loss:3.31118 train_time:3986.354s step_avg:1214.98ms
step:3282/3300 train_loss:3.28542 train_time:3987.568s step_avg:1214.98ms
step:3283/3300 train_loss:3.33575 train_time:3988.778s step_avg:1214.98ms
step:3284/3300 train_loss:3.24229 train_time:3989.986s step_avg:1214.98ms
step:3285/3300 train_loss:3.31708 train_time:3991.202s step_avg:1214.98ms
step:3286/3300 train_loss:3.25101 train_time:3992.413s step_avg:1214.98ms
step:3287/3300 train_loss:3.27471 train_time:3993.625s step_avg:1214.98ms
step:3288/3300 train_loss:3.36727 train_time:3994.822s step_avg:1214.97ms
step:3289/3300 train_loss:3.32900 train_time:3996.059s step_avg:1214.98ms
step:3290/3300 train_loss:3.20107 train_time:3997.312s step_avg:1214.99ms
step:3291/3300 train_loss:3.31511 train_time:3998.529s step_avg:1214.99ms
step:3292/3300 train_loss:3.29232 train_time:3999.739s step_avg:1214.99ms
step:3293/3300 train_loss:3.26723 train_time:4000.971s step_avg:1214.99ms
step:3294/3300 train_loss:3.33482 train_time:4002.212s step_avg:1215.00ms
step:3295/3300 train_loss:3.25997 train_time:4003.421s step_avg:1215.00ms
step:3296/3300 train_loss:3.29034 train_time:4004.629s step_avg:1215.00ms
step:3297/3300 train_loss:3.29100 train_time:4005.845s step_avg:1215.00ms
step:3298/3300 train_loss:3.26512 train_time:4007.061s step_avg:1215.00ms
step:3299/3300 train_loss:3.28008 train_time:4008.272s step_avg:1215.00ms
step:3300/3300 train_loss:3.28179 train_time:4009.490s step_avg:1215.00ms
step:3300/3300 val_loss:3.27719 train_time:4009.490s step_avg:1217.87ms
