diag_index,step,matrix_index,block_name,type,block_idx,w_norm,r_i,r_i_measured,r_i_ideal,r_i_typed_ideal,u_norm_ideal,vi_raw_norm,vi_raw_norm_over_ideal,rbar_C,rbar_all,x_plain,x_typed,x_all,base_lr,weight_decay_raw,x_typed_over_r,x_all_over_r,g_dot_v,v_h_v,cross_self_cii,cross_curvature_typed_sum,cross_curvature_all_sum,ltilde_typed_by_type,ltilde_typed_aggregate,ltilde_all_layer,t_i,t_i_valid,diag_g_frob_norm,train_grad_frob_norm,hvp_frob_norm
1,250,0,blocks.0.attn.k.weight,attn_k,0,51.71131134033203,0.5359139461521939,0.531554551148169,0.5359139461521939,0.5359139461521939,27.712812921102035,27.487382888793945,0.9918654943852186,0.4862113906324182,0.4192229630797687,0.5359139461521939,0.4862113906324182,0.4192229630797687,0.035,0.025,0.9072564618319138,0.7822579839351929,0.0018561285687610507,8.225809142459184e-05,8.225809142459184e-05,9.32665381556165e-05,0.001881290359756248,0.00017552462958020834,0.001811051113241384,0.00196354845118084,0.4363589373659071,True,0.008270167745649815,4337.84423828125,0.001036144676618278
1,250,1,blocks.0.attn.proj.weight,attn_proj,0,44.048824310302734,0.6291385378615018,0.621773019887603,0.6291385378615018,0.6291385378615018,27.712812921102035,27.388370513916016,0.9882926930546638,0.3924109177689501,0.4192229630797687,0.6291385378615018,0.3924109177689501,0.4192229630797687,0.035,0.025,0.6237273575749944,0.6663444342556809,0.004590405151247978,0.00026205903850495815,0.00026205903850495815,0.0004923657663244634,0.00495514263507765,0.0007544248048294216,0.0052793891192687206,0.005217201673582608,0.3976651693115997,True,0.023928843438625336,12558.1923828125,0.0027267485857009888
1,250,2,blocks.0.attn.q.weight,attn_q,0,59.88383102416992,0.4627762193423592,0.4590129739185729,0.4627762193423592,0.4627762193423592,27.712812921102035,27.487455368041992,0.9918681097548043,0.48474205835963585,0.4192229630797687,0.4627762193423592,0.48474205835963585,0.4192229630797687,0.035,0.025,1.0474653581994593,0.9058870044694971,0.0014257233124226332,5.427491123555228e-05,5.427491123555228e-05,3.966679704130077e-05,0.0010009194357517765,9.394170827685305e-05,0.0009720748578400747,0.0010551943469873288,0.4386585036751491,True,0.0064594498835504055,3389.712158203125,0.0007537470082752407
1,250,3,blocks.0.attn.v.weight,attn_v,0,46.42499542236328,0.5969373323352566,0.5841076943581133,0.5969373323352566,0.5969373323352566,27.712812921102035,27.117197036743164,0.9785075630519868,0.38608620781949105,0.4192229630797687,0.5969373323352566,0.38608620781949105,0.4192229630797687,0.035,0.025,0.6467784588192824,0.7022897385890441,0.005362545605748892,0.0005232059629634023,0.0005232059629634023,0.0011927096390911436,0.007023151636658175,0.001715915602054546,0.007686876611951347,0.007546357599621577,0.22077324651933453,True,0.04569132626056671,23973.953125,0.0075231799855828285
1,250,4,blocks.0.mlp.fc.weight,mlp_fc,0,117.89878845214844,0.4701119203162945,0.46982223133933415,0.4701119203162945,0.4701119203162945,55.42562584220407,55.39147186279297,0.9993837872122845,0.4206579202841302,0.4192229630797687,0.4701119203162945,0.4206579202841302,0.4192229630797687,0.035,0.025,0.8948037735378177,0.8917513999596365,0.006337989121675491,0.00046509449020959437,0.00046509449020959437,0.000716995780146789,0.003016632578897513,0.0011820902703563833,0.0034182568081384443,0.003481727069107107,0.11558486033980242,True,0.024815676733851433,13023.265625,0.0031899926252663136
1,250,5,blocks.0.mlp.proj.weight,mlp_proj,0,63.314517974853516,0.4377007644930452,0.4379916133258626,0.4377007644930452,0.4377007644930452,27.712812921102035,27.73122787475586,1.0006644924030719,0.3735735563224379,0.4192229630797687,0.4377007644930452,0.3735735563224379,0.4192229630797687,0.035,0.025,0.8534907558480487,0.9577843976702259,0.012164434418082237,0.0012555356370285153,0.0012555356370285153,0.001841715112175959,0.010812318305820384,0.0030972507492044742,0.012546638718973838,0.0120678539428489,0.15302400781309902,True,0.06702936440706253,35189.7265625,0.013187678530812263
1,250,6,blocks.1.attn.k.weight,attn_k,1,55.81649398803711,0.49649863223300256,0.48982965985620047,0.49649863223300256,0.49649863223300256,27.712812921102035,27.340574264526367,0.9865679944639534,0.4862113906324182,0.4192229630797687,0.49649863223300256,0.4862113906324182,0.4192229630797687,0.035,0.025,0.9792804230812933,0.8443587471617262,0.0009911976521834731,5.142269947100431e-05,5.142269947100431e-05,7.575800092881024e-05,0.00100816832296625,0.00012718070039981455,0.0009781388795413546,0.0010595910224372542,0.34533678346072605,True,0.0045070345513522625,2365.017822265625,0.0005553037044592202
1,250,7,blocks.1.attn.proj.weight,attn_proj,1,66.29634094238281,0.4180142150708866,0.411440626570119,0.4180142150708866,0.4180142150708866,27.712812921102035,27.277008056640625,0.984274246511816,0.3924109177689501,0.4192229630797687,0.4180142150708866,0.3924109177689501,0.4192229630797687,0.035,0.025,0.9387501755231106,1.002891643310927,0.0023425607942044735,5.943740688962862e-05,5.943740688962862e-05,0.00024518311748653146,0.0022965555217300477,0.0003046205243761601,0.002394182064976329,0.0023559929286196763,0.5944857614719983,True,0.014837167225778103,7787.58349609375,0.0005863955593667924
1,250,8,blocks.1.attn.q.weight,attn_q,1,58.09467315673828,0.4770284677621546,0.47091620882818147,0.4770284677621546,0.4770284677621546,27.712812921102035,27.357723236083984,0.9871868046730231,0.48474205835963585,0.4192229630797687,0.4770284677621546,0.48474205835963585,0.4192229630797687,0.035,0.025,1.0161700844263393,0.8788216876163298,0.0007428988465107977,2.2221171093406156e-05,2.2221171093406156e-05,3.379053056316782e-05,0.000550702735049003,5.601170165657398e-05,0.0005300439560091153,0.0005729239061424092,0.5754749555852774,True,0.0036523223388940096,1916.7508544921875,0.0002793155435938388
1,250,9,blocks.1.attn.v.weight,attn_v,1,65.90817260742188,0.42047612344180385,0.40601760145835875,0.42047612344180385,0.42047612344180385,27.712812921102035,26.759878158569336,0.9656139286457246,0.38608620781949105,0.4192229630797687,0.42047612344180385,0.38608620781949105,0.4192229630797687,0.035,0.025,0.9182119656621298,0.9970196634430097,0.0023502917028963566,0.00010083078086609021,0.00010083078086609021,0.0005493812829382717,0.002811063323020783,0.0006502120638043619,0.0029837909299580724,0.002911894103886873,0.35366278820214553,True,0.023677390068769455,12428.9931640625,0.0017429412109777331
1,250,10,blocks.1.mlp.fc.weight,mlp_fc,1,126.00511169433594,0.43986807437348996,0.44006121553605904,0.43986807437348996,0.43986807437348996,55.42562584220407,55.4499626159668,1.0004390888400974,0.4206579202841302,0.4192229630797687,0.43986807437348996,0.4206579202841302,0.4192229630797687,0.035,0.025,0.956327464509169,0.9530652200136908,0.0023200660943984985,6.70594527036883e-05,6.70594527036883e-05,0.000311409165577345,0.0010050021006943986,0.0003784686182810333,0.001052614734946566,0.001072061553398087,0.27456943433444103,True,0.009700832888484001,5090.0009765625,0.0005920365802012384
1,250,11,blocks.1.mlp.proj.weight,mlp_proj,1,70.00244140625,0.3958835201228819,0.3956892699577944,0.3958835201228819,0.3958835201228819,27.712812921102035,27.699214935302734,0.9995093249523961,0.3735735563224379,0.4192229630797687,0.3958835201228819,0.3735735563224379,0.4192229630797687,0.035,0.025,0.943645131291348,1.0589553284502529,0.0035112816840410233,8.566226460970938e-05,8.566226460970938e-05,0.0006433273043433332,0.002646346755394268,0.0007289895689530425,0.0028467418578704325,0.0027320090200039773,0.5855485810672624,True,0.014032202772796154,7363.33203125,0.0006134738214313984
1,250,12,blocks.2.attn.k.weight,attn_k,2,57.370704650878906,0.4830481530555418,0.47714853518620204,0.4830481530555418,0.4830481530555418,27.712812921102035,27.374347686767578,0.9877866878653545,0.4862113906324182,0.4192229630797687,0.4830481530555418,0.4862113906324182,0.4192229630797687,0.035,0.025,1.0065484932648374,0.8678699223420189,0.0013152817264199257,7.804947381373495e-05,7.804947381373495e-05,0.00010200105092669843,0.0013819153344609369,0.00018005052474043338,0.0013495694294937267,0.0014599648082746718,0.29373697818218314,True,0.00653731357306242,3436.495849609375,0.0009557958110235631
1,250,13,blocks.2.attn.proj.weight,attn_proj,2,70.81458282470703,0.39134330551239377,0.38647062226770124,0.39134330551239377,0.39134330551239377,27.712812921102035,27.367755889892578,0.9875488268840904,0.3924109177689501,0.4192229630797687,0.39134330551239377,0.3924109177689501,0.4192229630797687,0.035,0.025,1.0027280708306956,1.0712409211417875,0.0017873254837468266,3.170934724039398e-05,3.170934724039398e-05,0.00018986585438600837,0.0016115584604767521,0.00022157520162640235,0.0016700848430730479,0.0016432678077171461,0.795964401154446,True,0.010374474339187145,5446.29931640625,0.00027351477183401585
1,250,14,blocks.2.attn.q.weight,attn_q,2,57.8330078125,0.47918678224292877,0.4703866462593424,0.47918678224292877,0.47918678224292877,27.712812921102035,27.203874588012695,0.9816352697743719,0.48474205835963585,0.4192229630797687,0.47918678224292877,0.48474205835963585,0.4192229630797687,0.035,0.025,1.0115931330382373,0.8748633698064718,0.0012056834530085325,0.0001147196744568646,0.0001147196744568646,8.070029171447737e-05,0.0013313712104774064,0.00019541996617134197,0.0013432267215217905,0.001446090884934271,0.18172706594168275,True,0.010410981252789497,5475.18994140625,0.0024000131525099277
1,250,15,blocks.2.attn.v.weight,attn_v,2,70.58958435058594,0.39259067999983205,0.37966083202068396,0.39259067999983205,0.39259067999983205,27.712812921102035,26.800100326538086,0.9670653211147339,0.38608620781949105,0.4192229630797687,0.39259067999983205,0.38608620781949105,0.4192229630797687,0.035,0.025,0.9834319241089886,1.0678372779505312,0.002299998188391328,0.0001025008168653585,0.0001025008168653585,0.0005650860337582808,0.0028141769911239896,0.0006675868506236393,0.002990877411739714,0.002916677807989348,0.31787731997638324,True,0.024509800598025322,12867.75390625,0.00182804511860013
1,250,16,blocks.2.mlp.fc.weight,mlp_fc,2,129.73435974121094,0.42722395171768646,0.427359937127383,0.42722395171768646,0.42722395171768646,55.42562584220407,55.443267822265625,1.0003183000605493,0.4206579202841302,0.4192229630797687,0.42722395171768646,0.4206579202841302,0.4192229630797687,0.035,0.025,0.9846309379257482,0.9812721440224754,0.002083373023197055,4.5570399379357696e-05,4.5570399379357696e-05,0.0002764266288295576,0.0008936266679379356,0.0003219970282089153,0.0009226060186087299,0.0009391970673172932,0.3523945545198812,True,0.008834648877382278,4638.41357421875,0.00047514011384919286
1,250,17,blocks.2.mlp.proj.weight,mlp_proj,2,72.14911651611328,0.3841046745861794,0.3839274658288241,0.3841046745861794,0.3841046745861794,27.712812921102035,27.700027465820312,0.9995386446219616,0.3735735563224379,0.4192229630797687,0.3841046745861794,0.3735735563224379,0.4192229630797687,0.035,0.025,0.9725826865421844,1.0914289536606772,0.0031343933660537004,6.525551725644618e-05,6.525551725644618e-05,0.0005857913739442909,0.002360313985952552,0.0006510468912007371,0.002528750233905942,0.002425569503208998,0.6657409103451031,True,0.012622288428246975,6626.75146484375,0.00047571485629305243
1,250,18,blocks.3.attn.k.weight,attn_k,3,58.30560302734375,0.47530274076927864,0.4714919018422809,0.47530274076927864,0.47530274076927864,27.712812921102035,27.490619659423828,0.9919822912848729,0.4862113906324182,0.4192229630797687,0.47530274076927864,0.4862113906324182,0.4192229630797687,0.035,0.025,1.0229509508939163,0.8820125093351141,0.000828162650577724,2.7057774786953814e-05,2.7057774786953814e-05,5.98771946805737e-05,0.0006912864481748252,8.693496946752751e-05,0.0006626742790666652,0.000718344222961779,0.5249443566364608,True,0.0034929648973047733,1834.8663330078125,0.000259188876952976
1,250,19,blocks.3.attn.proj.weight,attn_proj,3,70.88959503173828,0.3909292034845821,0.38627837644609275,0.3909292034845821,0.3909292034845821,27.712812921102035,27.38311767578125,0.9881031475852191,0.3924109177689501,0.4192229630797687,0.3909292034845821,0.3924109177689501,0.4192229630797687,0.035,0.025,1.0037902368796208,1.0723756612271165,0.0014602544251829386,2.0724079149658792e-05,2.0724079149658792e-05,0.0001575109212253921,0.0012799760187598283,0.00017823500037505088,0.0013211271391727493,0.001300700097909487,0.9939643163146689,True,0.007799673359841108,4094.756591796875,0.00016547890845686197
1,250,20,blocks.3.attn.q.weight,attn_q,3,57.82619094848633,0.4792432713714382,0.47469006264285857,0.4792432713714382,0.4792432713714382,27.712812921102035,27.44951820373535,0.9904991702532587,0.48474205835963585,0.4192229630797687,0.4792432713714382,0.48474205835963585,0.4192229630797687,0.035,0.025,1.0114738950271789,0.8747602483391975,0.000708615523763001,1.8446393369231373e-05,1.8446393369231373e-05,4.397715655531666e-05,0.0005376415798856029,6.242354992454803e-05,0.0005149332885402583,0.0005560879732548343,0.6643158440615147,True,0.003920952323824167,2058.8486328125,0.00031306222081184387
1,250,21,blocks.3.attn.v.weight,attn_v,3,70.75049591064453,0.39169779044520586,0.38013922388195653,0.39169779044520586,0.39169779044520586,27.712812921102035,26.895038604736328,0.9704911111443686,0.38608620781949105,0.4192229630797687,0.39169779044520586,0.38608620781949105,0.4192229630797687,0.035,0.025,0.9856736934376458,1.0702714523951682,0.001861019991338253,6.0487043811008334e-05,6.0487043811008334e-05,0.000454782614768819,0.002191240050435138,0.0005152696585798273,0.0023089668720938394,0.0022517270942461463,0.4348697416516385,True,0.019501864910125732,10243.9365234375,0.0010434730211272836
1,250,22,blocks.3.mlp.fc.weight,mlp_fc,3,131.86666870117188,0.42031565965927453,0.4204567071981106,0.42031565965927453,0.42031565965927453,55.42562584220407,55.4442253112793,1.0003355752649177,0.4206579202841302,0.4192229630797687,0.42031565965927453,0.4206579202841302,0.4192229630797687,0.035,0.025,1.0008142942500242,0.997400295339004,0.00185862323269248,4.096446355106309e-05,4.096446355106309e-05,0.00023769437696677663,0.0007672416039075495,0.0002786588405178397,0.0007936072531371584,0.0008082060674586126,0.34407178034961516,True,0.007974816486239433,4188.27001953125,0.0004449192783795297
1,250,23,blocks.3.mlp.proj.weight,mlp_proj,3,73.81256103515625,0.37544846747564653,0.37529925806944575,0.37544846747564653,0.37544846747564653,27.712812921102035,27.701799392700195,0.9996025835257794,0.3735735563224379,0.4192229630797687,0.37544846747564653,0.3735735563224379,0.4192229630797687,0.035,0.025,0.995006209065615,1.1165925536956989,0.0026638517156243324,4.303097375668585e-05,4.303097375668585e-05,0.00048583199129406326,0.0019498337502936438,0.0005288629650507491,0.002078973680713594,0.0019928647240503297,0.8386844637608537,True,0.010298626497387886,5410.4189453125,0.00029238933348096907
1,250,24,blocks.4.attn.k.weight,attn_k,4,58.11391830444336,0.47687049384489927,0.4724016957880584,0.47687049384489927,0.47687049384489927,27.712812921102035,27.453113555908203,0.9906289063498104,0.4862113906324182,0.4192229630797687,0.47687049384489927,0.4862113906324182,0.4192229630797687,0.035,0.025,1.0195879109906871,0.8791128167726807,0.000901280262041837,3.994921644334681e-05,3.994921644334681e-05,7.719365553855263e-05,0.0008937761349617676,0.00011714287198189944,0.00086214986612024,0.0009337253514051144,0.3882142171717775,True,0.004291138611733913,2252.749267578125,0.0004683927691075951
1,250,25,blocks.4.attn.proj.weight,attn_proj,4,71.80860137939453,0.3859260922613405,0.3817375129049297,0.3859260922613405,0.3859260922613405,27.712812921102035,27.412036895751953,0.9891466800498965,0.3924109177689501,0.4192229630797687,0.3859260922613405,0.3924109177689501,0.4192229630797687,0.035,0.025,1.0168032834204386,1.086277843053639,0.0012375008082017303,1.4522965102514718e-05,1.4522965102514718e-05,0.00013087792792790647,0.0010257836027928798,0.0001454008930304212,0.0010563013678588232,0.0010403065678953945,1.1866256435714384,True,0.006127906963229179,3217.913818359375,0.00010561264207353815
1,250,26,blocks.4.attn.q.weight,attn_q,4,57.56838607788086,0.48138943627168934,0.4760074194197903,0.48138943627168934,0.48138943627168934,27.712812921102035,27.402978897094727,0.9888198276772047,0.48474205835963585,0.4192229630797687,0.48138943627168934,0.48474205835963585,0.4192229630797687,0.035,0.025,1.006964469586022,0.8708603294800288,0.0007542495150119066,2.7309170036460273e-05,2.7309170036460273e-05,4.789848360215987e-05,0.0006407310395747005,7.520765363862014e-05,0.0006196006743377703,0.0006680402096111607,0.4797582855232933,True,0.004876813851296902,2561.11669921875,0.00041891983710229397
1,250,27,blocks.4.attn.v.weight,attn_v,4,72.03053283691406,0.38473702511471397,0.37386788587789194,0.38473702511471397,0.38473702511471397,27.712812921102035,26.929903030395508,0.9717491727405854,0.38608620781949105,0.4192229630797687,0.38473702511471397,0.38608620781949105,0.4192229630797687,0.035,0.025,1.0035067659640369,1.0896350902405931,0.001742109190672636,5.101687565911561e-05,5.101687565911561e-05,0.0004328885814668964,0.002024861705319394,0.00048390545712601203,0.0021264036337280442,0.0020758785809785094,0.4740726339188252,True,0.018362298607826233,9645.208984375,0.000829831522423774
1,250,28,blocks.4.mlp.fc.weight,mlp_fc,4,132.76162719726562,0.4174822726438052,0.4175608798223001,0.4174822726438052,0.4174822726438052,55.42562584220407,55.43606185913086,1.000188288661936,0.4206579202841302,0.4192229630797687,0.4174822726438052,0.4206579202841302,0.4192229630797687,0.035,0.025,1.0076066646380322,1.004169495449328,0.001640405273064971,3.135131555609405e-05,3.135131555609405e-05,0.00020604841941074554,0.0006536038053462359,0.0002373997349668396,0.0006727482638038678,0.0006849551209023299,0.3941148695250365,True,0.006858433596789837,3602.052490234375,0.00037670566234737635
1,250,29,blocks.4.mlp.proj.weight,mlp_proj,4,75.01643371582031,0.36942322566392066,0.36923486512252585,0.36942322566392066,0.36942322566392066,27.712812921102035,27.69868278503418,0.9994901226335962,0.3735735563224379,0.4192229630797687,0.36942322566392066,0.3735735563224379,0.4192229630797687,0.035,0.025,1.0112346229749316,1.1348040241009452,0.002329509938135743,3.1165189284365624e-05,3.1165189284365624e-05,0.0004103804353213782,0.0016064618988269003,0.0004415456246057438,0.0017079208299458112,0.001637627088111266,0.9964107048256589,True,0.008763033896684647,4604.345703125,0.00020448208670131862
1,250,30,blocks.5.attn.k.weight,attn_k,5,57.286739349365234,0.4837561578098284,0.4789085309516393,0.4837561578098284,0.4837561578098284,27.712812921102035,27.435108184814453,0.9899791934843206,0.4862113906324182,0.4192229630797687,0.4837561578098284,0.4862113906324182,0.4192229630797687,0.035,0.025,1.00507535208173,0.8665997451645284,0.0010704840533435345,4.027337854495272e-05,4.027337854495272e-05,7.85483178851531e-05,0.0008832994948495276,0.00011882169643010582,0.000853115033368465,0.0009235728733944803,0.46398937340201174,True,0.004840529058128595,2547.241455078125,0.0003641934890765697
1,250,31,blocks.5.attn.proj.weight,attn_proj,5,74.83995056152344,0.3702943777110095,0.3665516174143545,0.3702943777110095,0.3702943777110095,27.712812921102035,27.43270492553711,0.9898924733349015,0.3924109177689501,0.4192229630797687,0.3702943777110095,0.3924109177689501,0.4192229630797687,0.035,0.025,1.059726912935203,1.1321342918334687,0.0010471708374097943,1.1067468221881427e-05,1.1067468221881427e-05,0.00010791989252736223,0.0008312001389639481,0.00011898736074924366,0.000855191480655208,0.0008422676071858296,1.264258154358573,True,0.005220911931246519,2743.63720703125,8.381855877814814e-05
1,250,32,blocks.5.attn.q.weight,attn_q,5,55.97945022583008,0.49505332419850684,0.4898166753516872,0.49505332419850684,0.49505332419850684,27.712812921102035,27.419668197631836,0.9894220509370601,0.48474205835963585,0.4192229630797687,0.49505332419850684,0.48474205835963585,0.4192229630797687,0.035,0.025,0.9791714036956222,0.8468238522758982,0.000825036782771349,2.309050250914879e-05,2.309050250914879e-05,4.3664424664535274e-05,0.0005529950941919604,6.675492717368407e-05,0.0005348506758717558,0.0005760855967011091,0.6382800903987941,True,0.00442244578152895,2324.435302734375,0.00030298842466436327
1,250,33,blocks.5.attn.v.weight,attn_v,5,75.66106414794922,0.3662757487379747,0.35590584576234774,0.3662757487379747,0.3662757487379747,27.712812921102035,26.92821502685547,0.9716882621594457,0.38608620781949105,0.4192229630797687,0.3662757487379747,0.38608620781949105,0.4192229630797687,0.035,0.025,1.0540861882059473,1.1445556101495304,0.0016302259173244238,4.4328644435154274e-05,4.4328644435154274e-05,0.000384321281795435,0.001811370591098268,0.00042864992623058926,0.001900625660577626,0.0018556992355334223,0.4860611356221627,True,0.017128804698586464,9002.91796875,0.0006879940046928823
1,250,34,blocks.5.mlp.fc.weight,mlp_fc,5,134.2578887939453,0.4128295651011579,0.41280995257835346,0.4128295651011579,0.4128295651011579,55.42562584220407,55.42299270629883,0.9999524924461343,0.4206579202841302,0.4192229630797687,0.4128295651011579,0.4206579202841302,0.4192229630797687,0.035,0.025,1.0189626805944823,1.0154867735237039,0.0015796193620190024,2.52907721005613e-05,2.52907721005613e-05,0.00019392415122486945,0.0006115709693153228,0.00021921492332543075,0.0006250418828855751,0.000636861741415884,0.4652116122348279,True,0.006608840078115463,3471.2001953125,0.0003173316945321858
1,250,35,blocks.5.mlp.proj.weight,mlp_proj,5,75.76912689208984,0.3657533623235561,0.36563562087241447,0.3657533623235561,0.3657533623235561,27.712812921102035,27.70389175415039,0.9996780851161864,0.3735735563224379,0.4192229630797687,0.3657533623235561,0.3735735563224379,0.4192229630797687,0.035,0.025,1.0213810583973904,1.1461903191170444,0.002190242288634181,2.6509651434025727e-05,2.6509651434025727e-05,0.0003723582849807718,0.0014428541727765003,0.00039886793641479755,0.0015321165854856817,0.001469363824210526,1.0904251502405797,True,0.008134824223816395,4275.45556640625,0.0001748569920891896
1,250,36,blocks.6.attn.k.weight,attn_k,6,58.00266647338867,0.47778515378799924,0.4743850908490787,0.47778515378799924,0.47778515378799924,27.712812921102035,27.515600204467773,0.9928836990602244,0.4862113906324182,0.4192229630797687,0.47778515378799924,0.4862113906324182,0.4192229630797687,0.035,0.025,1.0176360374063815,0.8774298651937278,0.0007704986492171884,2.6747846277430654e-05,2.6747846277430654e-05,5.378108820532704e-05,0.0006349980259599281,8.05289344827577e-05,0.0006105167498522789,0.0006617458722373588,0.4966324624450286,True,0.0033230138942599297,1748.5401611328125,0.00024370275787077844
1,250,37,blocks.6.attn.proj.weight,attn_proj,6,72.76001739501953,0.3808796907049529,0.3768521278780957,0.3808796907049529,0.3808796907049529,27.712812921102035,27.419767379760742,0.9894256298638615,0.3924109177689501,0.4192229630797687,0.3808796907049529,0.3924109177689501,0.4192229630797687,0.035,0.025,1.0302752479205561,1.100670299074881,0.0008314291480928659,6.461864359152969e-06,6.461864359152969e-06,8.574593768850621e-05,0.0006524516097404237,9.220780204765918e-05,0.0006688563450360088,0.0006589134740995767,1.7683760081263808,True,0.004089625086635351,2149.9384765625,4.693020673585124e-05
1,250,38,blocks.6.attn.q.weight,attn_q,6,57.143157958984375,0.48497167309152656,0.4810109136769749,0.48497167309152656,0.48497167309152656,27.712812921102035,27.486482620239258,0.9918330087419441,0.48474205835963585,0.4192229630797687,0.48497167309152656,0.48474205835963585,0.4192229630797687,0.035,0.025,0.9995265399102035,0.8644277312267898,0.0006175589514896274,1.3438648238661699e-05,1.3438648238661699e-05,2.464668933105111e-05,0.00039837000805360324,3.808533756971281e-05,0.0003811434244738846,0.00041180865629226494,0.8041898684196462,True,0.003501296741887927,1841.767822265625,0.00018338429799769074
1,250,39,blocks.6.attn.v.weight,attn_v,6,73.62714385986328,0.37639396923841906,0.36695839896493526,0.37639396923841906,0.37639396923841906,27.712812921102035,27.018098831176758,0.9749316645732384,0.38608620781949105,0.4192229630797687,0.37639396923841906,0.38608620781949105,0.4192229630797687,0.035,0.025,1.0257502494013995,1.113787672868426,0.0013040374033153057,2.793045132420957e-05,2.793045132420957e-05,0.0003114644533559914,0.0014507293313508088,0.00033939490468020095,0.0015133771735710393,0.0014786597826750183,0.6341239280510891,True,0.013468950055539608,7086.26220703125,0.00043259220547042787
1,250,40,blocks.6.mlp.fc.weight,mlp_fc,6,134.6939239501953,0.41149314101724704,0.4113119910604581,0.41149314101724704,0.41149314101724704,55.42562584220407,55.40122604370117,0.9995597740551931,0.4206579202841302,0.4192229630797687,0.41149314101724704,0.4206579202841302,0.4192229630797687,0.035,0.025,1.022272009793959,1.0187848138693463,0.0015254418831318617,2.5587105483282357e-05,2.5587105483282357e-05,0.00018114742573737034,0.0005758985518520329,0.0002067345312206527,0.0005903185548318991,0.0006014856573353152,0.4426153810385812,True,0.0063970331102609634,3363.0546875,0.00032497697975486517
1,250,41,blocks.6.mlp.proj.weight,mlp_proj,6,76.02769470214844,0.364509446586165,0.3643336515772696,0.364509446586165,0.364509446586165,27.712812921102035,27.699447631835938,0.9995177216652763,0.3735735563224379,0.4192229630797687,0.364509446586165,0.3735735563224379,0.4192229630797687,0.035,0.025,1.0248665976181504,1.1501017792708155,0.002162798773497343,2.6414982130518183e-05,2.6414982130518183e-05,0.00036523299144266083,0.001411002327191924,0.000391647973573179,0.0014990362560131382,0.001437417309322442,1.0769461085205783,True,0.00792051199823618,4166.26416015625,0.00017441301315557212
1,250,42,blocks.7.attn.k.weight,attn_k,7,56.53322219848633,0.4902040224030259,0.48556179231293395,0.4902040224030259,0.4902040224030259,27.712812921102035,27.45037269592285,0.9905300040841633,0.4862113906324182,0.4192229630797687,0.4902040224030259,0.4862113906324182,0.4192229630797687,0.035,0.025,0.9918551631807601,0.8552009855502584,0.0009232432348653674,2.8171922167530283e-05,2.8171922167530283e-05,6.067921682569514e-05,0.0007295478039762273,8.885113899322542e-05,0.0006989348640995374,0.0007577197261437576,0.5796901416138663,True,0.0040478999726474285,2130.365966796875,0.0002487054734956473
1,250,43,blocks.7.attn.proj.weight,attn_proj,7,75.70826721191406,0.3660473808432499,0.3610251456329613,0.3660473808432499,0.3660473808432499,27.712812921102035,27.33258819580078,0.9862798220309231,0.3924109177689501,0.4192229630797687,0.3660473808432499,0.3924109177689501,0.4192229630797687,0.035,0.025,1.0720221979596398,1.1452696700465939,0.0009936887072399259,1.019749470287934e-05,1.019749470287934e-05,9.973207866821478e-05,0.0007755512124921067,0.00010992957337109412,0.0007973976270688033,0.000785748707194986,1.2871037618255967,True,0.005243676248937845,2757.708251953125,7.147136784624308e-05
1,250,44,blocks.7.attn.q.weight,attn_q,7,55.28516387939453,0.5012703404761172,0.4967524971582104,0.5012703404761172,0.5012703404761172,27.712812921102035,27.463043212890625,0.9909872119830455,0.48474205835963585,0.4192229630797687,0.5012703404761172,0.48474205835963585,0.4192229630797687,0.035,0.025,0.9670272091087966,0.836321101068102,0.0007378327427431941,1.60350973601453e-05,1.60350973601453e-05,2.6655686556982084e-05,0.0004256459502035244,4.2690783917127385e-05,0.00040880683309702106,0.0004416810475636697,0.8322958353364743,True,0.003981634043157101,2088.09130859375,0.00021034276869613677
1,250,45,blocks.7.attn.v.weight,attn_v,7,77.53654479980469,0.35741614476960604,0.34721392677461727,0.35741614476960604,0.35741614476960604,27.712812921102035,26.921768188476562,0.971455631917353,0.38608620781949105,0.4192229630797687,0.35741614476960604,0.38608620781949105,0.4192229630797687,0.035,0.025,1.0802147957484294,1.1729267667805099,0.0015294718323275447,4.049306153319776e-05,4.049306153319776e-05,0.000359360812397774,0.0016735545852414623,0.00039985387393097173,0.0017532037518926688,0.00171404764677466,0.4871407111037546,True,0.014347052201628685,7549.443359375,0.0005461025284603238
1,250,46,blocks.7.mlp.fc.weight,mlp_fc,7,134.54452514648438,0.41195006472288503,0.41164427372353113,0.41195006472288503,0.41195006472288503,55.42562584220407,55.384483337402344,0.9992576988680496,0.4206579202841302,0.4192229630797687,0.41195006472288503,0.4206579202841302,0.4192229630797687,0.035,0.025,1.0211381337374055,1.0176548057148045,0.0015492257662117481,2.24440882448107e-05,2.24440882448107e-05,0.00016834736593647964,0.0005398444614204424,0.00019079145418129034,0.0005517514980268143,0.0005622885496652531,0.5130346683576194,True,0.0064325518906116486,3384.09814453125,0.0002882867702282965
1,250,47,blocks.7.mlp.proj.weight,mlp_proj,7,76.42516326904297,0.3626137221786935,0.36254950111303097,0.3626137221786935,0.3626137221786935,27.712812921102035,27.707904815673828,0.9998228940006133,0.3735735563224379,0.4192229630797687,0.3626137221786935,0.3735735563224379,0.4192229630797687,0.035,0.025,1.0302245432905694,1.1561144475199385,0.0021850154735147953,2.666674117790535e-05,2.666674117790535e-05,0.0003586375042211806,0.0013742784087459733,0.000385304245399086,0.0014599214559803159,0.0014009451499238787,1.0721318451090571,True,0.008278844878077507,4358.12158203125,0.00018528643704485148
1,250,48,blocks.8.attn.k.weight,attn_k,8,56.73664855957031,0.48844642087036794,0.4845722553332855,0.48844642087036794,0.48844642087036794,27.712812921102035,27.493005752563477,0.9920683920046534,0.4862113906324182,0.4192229630797687,0.48844642087036794,0.4862113906324182,0.4192229630797687,0.035,0.025,0.9954242059262772,0.8582782986366259,0.0007813044940121472,2.557869447628036e-05,2.557869447628036e-05,4.3067560248370875e-05,0.0005386429631710251,6.864625472465124e-05,0.0005205373683148491,0.0005642216576473055,0.5383667993175362,True,0.00335589493624866,1766.2568359375,0.000261683453572914
1,250,49,blocks.8.attn.proj.weight,attn_proj,8,76.70982360839844,0.3612681090569989,0.35694111398764866,0.3612681090569989,0.3612681090569989,27.712812921102035,27.380889892578125,0.9880227593832178,0.3924109177689501,0.4192229630797687,0.3612681090569989,0.3924109177689501,0.4192229630797687,0.035,0.025,1.0862041457056417,1.1604206199491192,0.0008074939833022654,6.513464541058056e-06,6.513464541058056e-06,7.874575658709387e-05,0.000598883192551983,8.525922112815193e-05,0.0006142005016570089,0.000605396657093041,1.6161298721780895,True,0.004640758968889713,2445.9033203125,5.197440987103619e-05
1,250,50,blocks.8.attn.q.weight,attn_q,8,55.78356170654297,0.49679174425772715,0.4928474548129386,0.49679174425772715,0.49679174425772715,27.712812921102035,27.492786407470703,0.992060477070381,0.48474205835963585,0.4192229630797687,0.49679174425772715,0.48474205835963585,0.4192229630797687,0.035,0.025,0.9757449956901053,0.8438605671802044,0.0006668985588476062,1.311737833020743e-05,1.311737833020743e-05,1.9197040928686167e-05,0.00034184184978747163,3.2314419258893596e-05,0.00032846565781147473,0.00035495922811767906,0.9113946908793985,True,0.0033185146749019623,1745.580322265625,0.00016367896751035005
1,250,51,blocks.8.attn.v.weight,attn_v,8,78.45863342285156,0.353215595430324,0.34524455134469256,0.353215595430324,0.353215595430324,27.712812921102035,27.08741569519043,0.9774329214543431,0.38608620781949105,0.4192229630797687,0.353215595430324,0.38608620781949105,0.4192229630797687,0.035,0.025,1.0930610449097544,1.1868755754372273,0.0011868614237755537,2.325491004739888e-05,2.325491004739888e-05,0.0002635751112905148,0.0012157244524925905,0.00028683002133791366,0.0012675022741629354,0.0012389793625399894,0.6504959709459034,True,0.010971851646900177,5774.5302734375,0.0003174732264596969
1,250,52,blocks.8.mlp.fc.weight,mlp_fc,8,134.93812561035156,0.41074844927260634,0.4103901765233669,0.41074844927260634,0.41074844927260634,55.42562584220407,55.377281188964844,0.9991277562949517,0.4206579202841302,0.4192229630797687,0.41074844927260634,0.4206579202841302,0.4192229630797687,0.035,0.025,1.0241254009091756,1.0206318826575482,0.0015465359902009368,2.415089329588227e-05,2.415089329588227e-05,0.00016085020971501977,0.0005137215502576616,0.00018500110301090204,0.000527477790764289,0.0005378724435535438,0.4745611249304638,True,0.006454936228692532,3399.273681640625,0.0002970020577777177
1,250,53,blocks.8.mlp.proj.weight,mlp_proj,8,76.57013702392578,0.361927168975062,0.3619082061030815,0.361927168975062,0.361927168975062,27.712812921102035,27.711360931396484,0.99994760583454,0.3735735563224379,0.4192229630797687,0.361927168975062,0.3735735563224379,0.4192229630797687,0.035,0.025,1.0321788148161333,1.158307524320327,0.002211707178503275,2.7831913030240685e-05,2.7831913030240685e-05,0.00034752249511129063,0.001314056081333507,0.0003753544081415313,0.0013979115148632882,0.0013418879943637477,1.037827429033835,True,0.008685172535479069,4579.609375,0.00021178481983952224
1,250,54,blocks.9.attn.k.weight,attn_k,9,57.281837463378906,0.4837975551817665,0.4803868050870682,0.4837975551817665,0.4837975551817665,27.712812921102035,27.517438888549805,0.9929500468570817,0.4862113906324182,0.4192229630797687,0.4837975551817665,0.4862113906324182,0.4192229630797687,0.035,0.025,1.004989350245362,0.8665255923467067,0.0006819537375122309,1.8060098227579147e-05,1.8060098227579147e-05,4.0048240678507655e-05,0.0004657111848203589,5.81083389060868e-05,0.000446265065219315,0.00048377128304793803,0.6592010116615128,True,0.0028118505142629147,1481.5047607421875,0.00015642210200894624
1,250,55,blocks.9.attn.proj.weight,attn_proj,9,76.0932388305664,0.3641954705438282,0.3589568578058251,0.3641954705438282,0.3641954705438282,27.712812921102035,27.314189910888672,0.9856159311092585,0.3924109177689501,0.4192229630797687,0.3641954705438282,0.3924109177689501,0.4192229630797687,0.035,0.025,1.0774733611678082,1.1510932918901262,0.000756007619202137,6.348324404825689e-06,6.348324404825689e-06,7.546423425849174e-05,0.0005733903606962305,8.181255866331743e-05,0.0005879669881682005,0.0005797386851010562,1.5650239611955228,True,0.0051821875385940075,2737.84716796875,6.977459997870028e-05
1,250,56,blocks.9.attn.q.weight,attn_q,9,56.1613883972168,0.49344956939268625,0.4894696309446265,0.49344956939268625,0.49344956939268625,27.712812921102035,27.489294052124023,0.9919344575516615,0.48474205835963585,0.4192229630797687,0.49344956939268625,0.48474205835963585,0.4192229630797687,0.035,0.025,0.9823537974837688,0.8495761047997832,0.000603905413299799,1.2157750461483374e-05,1.2157750461483374e-05,1.9187572703004436e-05,0.00031809890433875016,3.134532316448781e-05,0.0003056860938508083,0.00033025665480023353,0.8844593179085802,True,0.0030724196694791317,1617.2447509765625,0.0001388558157486841
1,250,57,blocks.9.attn.v.weight,attn_v,9,77.96255493164062,0.3554631187420842,0.34667976127705724,0.3554631187420842,0.3554631187420842,27.712812921102035,27.028039932250977,0.9752903831595661,0.38608620781949105,0.4192229630797687,0.3554631187420842,0.38608620781949105,0.4192229630797687,0.035,0.025,1.0861498351383854,1.1793711948607168,0.001102074165828526,2.1201927665970288e-05,2.1201927665970288e-05,0.0002381969920050138,0.001120712015125365,0.0002593989196709841,0.0011680651658668676,0.0011419139427913353,0.6667290996194041,True,0.010202767327427864,5379.06982421875,0.00029419027850963175
1,250,58,blocks.9.mlp.fc.weight,mlp_fc,9,135.2630615234375,0.40976172813152156,0.4094459986914213,0.40976172813152156,0.40976172813152156,55.42562584220407,55.38291931152344,0.9992294804067307,0.4206579202841302,0.4192229630797687,0.40976172813152156,0.4206579202841302,0.4192229630797687,0.035,0.025,1.026591532113783,1.0230896013431747,0.0016303561860695481,2.489401595084928e-05,2.489401595084928e-05,0.00016530697022910452,0.0005367974523812616,0.0001902009861799538,0.0005507537091776997,0.0005616914683321108,0.48418164233545447,True,0.006899214815348387,3636.55322265625,0.0002907270973082632
1,250,59,blocks.9.mlp.proj.weight,mlp_proj,9,76.77440643310547,0.3609642094107047,0.3608208059743717,0.3609642094107047,0.3609642094107047,27.712812921102035,27.70180320739746,0.9996027211768103,0.3735735563224379,0.4192229630797687,0.3609642094107047,0.3735735563224379,0.4192229630797687,0.035,0.025,1.0349324021135466,1.1613975905372305,0.002400184515863657,3.456499689491466e-05,3.456499689491466e-05,0.0003682305243933549,0.0013779376882096022,0.00040279552128826956,0.0014702738286004294,0.001412502685104517,0.9044647383285872,True,0.010227758437395096,5406.28515625,0.00031631949241273105
1,250,60,blocks.10.attn.k.weight,attn_k,10,58.15643310546875,0.47652188143732727,0.47225139321077864,0.47652188143732727,0.47652188143732727,27.712812921102035,27.46445655822754,0.9910382116899659,0.4862113906324182,0.4192229630797687,0.47652188143732727,0.4862113906324182,0.4192229630797687,0.035,0.025,1.020333817968368,0.8797559554144113,0.0006517828442156315,2.1860447304788977e-05,2.1860447304788977e-05,4.643780226126616e-05,0.0006307968721049047,6.829824956605513e-05,0.0006002408234156189,0.0006526573194096936,0.5126796967064957,True,0.003175288438796997,1679.5096435546875,0.00021371175535023212
1,250,61,blocks.10.attn.proj.weight,attn_proj,10,73.09807586669922,0.37911822701925546,0.3707283529018661,0.37911822701925546,0.37911822701925546,27.712812921102035,27.099529266357422,0.977870032302725,0.3924109177689501,0.4192229630797687,0.37911822701925546,0.3924109177689501,0.4192229630797687,0.035,0.025,1.0350621252220076,1.1057842467132986,0.0007456048624590039,9.494661753706168e-06,9.494661753706168e-06,8.12896473318139e-05,0.0006429930778507419,9.078430908552007e-05,0.0006611175057817374,0.0006524877396044481,1.0742943424442681,True,0.006998610217124224,3719.339599609375,0.00019297281687613577
1,250,62,blocks.10.attn.q.weight,attn_q,10,57.05582809448242,0.4857139725535243,0.48187505210824727,0.4857139725535243,0.4857139725535243,27.712812921102035,27.4937801361084,0.9920963351639106,0.48474205835963585,0.4192229630797687,0.4857139725535243,0.48474205835963585,0.4192229630797687,0.035,0.025,0.9979989988989223,0.8631066569401018,0.0005298785399645567,1.173104283225257e-05,1.173104283225257e-05,1.767055382852202e-05,0.0003726313154532122,2.940159666077459e-05,0.0003546988312199194,0.0003843623582854648,0.7916618146491468,True,0.0028997163753956556,1531.614990234375,0.00014969099720474333
1,250,63,blocks.10.attn.v.weight,attn_v,10,75.59249114990234,0.36660801224484896,0.35675312389641134,0.36660801224484896,0.36660801224484896,27.712812921102035,26.967857360839844,0.9731187316717697,0.38608620781949105,0.4192229630797687,0.36660801224484896,0.38608620781949105,0.4192229630797687,0.035,0.025,1.0531308507290154,1.1435182785906475,0.000969810935202986,1.9367382265045308e-05,1.9367382265045308e-05,0.00020439366790863612,0.0010042721813694015,0.00022376105017368143,0.001046690305594779,0.0010236395636344469,0.662426189760778,True,0.009128312580287457,4827.56591796875,0.0002921046398114413
1,250,64,blocks.10.mlp.fc.weight,mlp_fc,10,134.76473999023438,0.41127691001533817,0.4109450956539313,0.41127691001533817,0.41127691001533817,55.42562584220407,55.38090896606445,0.9991932093601086,0.4206579202841302,0.4192229630797687,0.41127691001533817,0.4206579202841302,0.4192229630797687,0.035,0.025,1.0228094746880931,1.0193204453518536,0.0016254507936537266,2.2110754798632115e-05,2.2110754798632115e-05,0.0001480072588963849,0.00048588651305822377,0.00017011801369501702,0.0004977942786286466,0.0005079972678568559,0.5454990275748781,True,0.006718509830534458,3545.575927734375,0.00026830093702301383
1,250,65,blocks.10.mlp.proj.weight,mlp_proj,10,76.87297058105469,0.3605013922531029,0.3605247583986049,0.3605013922531029,0.3605013922531029,27.712812921102035,27.714609146118164,1.0000648156872867,0.3735735563224379,0.4192229630797687,0.3605013922531029,0.3735735563224379,0.4192229630797687,0.035,0.025,1.0362610640353844,1.1628886103869418,0.002608440350741148,5.191192030906677e-05,5.191192030906677e-05,0.0004166969687996342,0.0015572183316539625,0.00046860888910870097,0.0016739612376358221,0.0016091302519630293,0.6536423032358634,True,0.013297324068844318,7062.9521484375,0.0007522894884459674
1,250,66,blocks.11.attn.k.weight,attn_k,11,58.653907775878906,0.4724802484941809,0.46875681673177194,0.4724802484941809,0.4724802484941809,27.712812921102035,27.49441909790039,0.9921193917115737,0.4862113906324182,0.4192229630797687,0.4724802484941809,0.4862113906324182,0.4192229630797687,0.035,0.025,1.0290618331284729,0.8872814565600446,0.0005121680442243814,1.1233418263145722e-05,1.1233418263145722e-05,2.6944836048288737e-05,0.00035687549565591083,3.817825431143446e-05,0.00033813649415475846,0.00036810891391905656,0.7773267197642809,True,0.0023895397316664457,1265.6707763671875,0.0001303243770962581
1,250,67,blocks.11.attn.proj.weight,attn_proj,11,74.39573669433594,0.372505390126904,0.35954489899599545,0.372505390126904,0.372505390126904,27.712812921102035,26.748607635498047,0.9652072386751548,0.3924109177689501,0.4192229630797687,0.372505390126904,0.3924109177689501,0.4192229630797687,0.035,0.025,1.0534368848602829,1.1254144884640438,0.00085745460819453,2.1674111849279143e-05,2.1674111849279143e-05,9.196205041918133e-05,0.0007927249662699488,0.00011363616226846048,0.000825857799223281,0.0008143990781192279,0.531767486234162,True,0.009782517328858376,5224.4580078125,0.0005556410760618746
1,250,68,blocks.11.attn.q.weight,attn_q,11,57.428070068359375,0.4825656318959378,0.47882193965042263,0.4825656318959378,0.4825656318959378,27.712812921102035,27.497819900512695,0.9922421076055534,0.48474205835963585,0.4192229630797687,0.4825656318959378,0.48474205835963585,0.4192229630797687,0.035,0.025,1.004510114935345,0.8687377122831894,0.00044629309559240937,7.77300647314405e-06,7.77300647314405e-06,9.918566688516373e-06,0.00021261605637160153,1.7691573161660424e-05,0.00020328434927129892,0.00022038906284474558,0.999785691761064,True,0.0022362309973686934,1183.2493896484375,0.00010264383308822289
1,250,69,blocks.11.attn.v.weight,attn_v,11,76.80364227294922,0.36082680587744315,0.3502682628165966,0.36082680587744315,0.36082680587744315,27.712812921102035,26.901878356933594,0.9707379194426362,0.38608620781949105,0.4192229630797687,0.36082680587744315,0.38608620781949105,0.4192229630797687,0.035,0.025,1.0700042278749862,1.1618398529464027,0.0009252788731828332,2.514043080736883e-05,2.514043080736883e-05,0.00018576385050274953,0.0009378329692615044,0.00021090428131011836,0.0009845462420658853,0.0009629734000688732,0.4792014399853696,True,0.008570446632802486,4555.74072265625,0.00043269339948892593
1,250,70,blocks.11.mlp.fc.weight,mlp_fc,11,134.3837127685547,0.4124430312299979,0.4120954298589121,0.4124430312299979,0.4124430312299979,55.42562584220407,55.37891387939453,0.999157213615548,0.4206579202841302,0.4192229630797687,0.4124430312299979,0.4206579202841302,0.4192229630797687,0.035,0.025,1.01991763330231,1.0164384686766352,0.001681546214967966,1.996723767661024e-05,1.996723767661024e-05,0.00013706068678910106,0.0004607419333444627,0.0001570279244657113,0.00047100986590395324,0.00048070917102107296,0.6266776188940159,True,0.006950008682906628,3669.856201171875,0.000272372824838385
1,250,71,blocks.11.mlp.proj.weight,mlp_proj,11,77.46161651611328,0.3577618718470369,0.3576712276282675,0.3577618718470369,0.3577618718470369,27.712812921102035,27.705791473388672,0.9997466353295368,0.3735735563224379,0.4192229630797687,0.3577618718470369,0.3735735563224379,0.4192229630797687,0.035,0.025,1.044196114006697,1.1717932962375874,0.0030256195459514856,0.00011346852988936007,0.00011346852988936007,0.0004741315507226088,0.001838962566543899,0.0005876000806119689,0.0020306918525365204,0.001952431096433259,0.3442328663316261,True,0.01924089342355728,10263.5693359375,0.0022474846336990595
2,500,0,blocks.0.attn.k.weight,attn_k,0,71.98041534423828,0.38500490430026846,0.38236594553864245,0.38500490430026846,0.38500490430026846,27.712812921102035,27.522859573364258,0.9931456489718827,0.364743327691787,0.32006829747967686,0.38500490430026846,0.364743327691787,0.32006829747967686,0.035,0.025,0.9473731986731284,0.831335637298929,0.0011009793961420655,3.784820364671759e-05,3.784820364671759e-05,5.3079554845591683e-05,0.0008078072751675307,9.092775849230928e-05,0.0007864193283760254,0.0008456554788142483,0.4041285861599441,True,0.00473902840167284,2486.317626953125,0.00041485278052277863
2,500,1,blocks.0.attn.proj.weight,attn_proj,0,56.465065002441406,0.49079573219129036,0.48569319586881377,0.49079573219129036,0.49079573219129036,27.712812921102035,27.424697875976562,0.9896035438212017,0.30375462456931657,0.32006829747967686,0.49079573219129036,0.30375462456931657,0.32006829747967686,0.035,0.025,0.6189023348127374,0.6521415662085025,0.002854406600818038,0.00011255419667577371,0.00011255419667577371,0.00028145300398988766,0.002850919632534077,0.00039400720066566137,0.0029842645881432944,0.002963473829209851,0.44913232357902133,True,0.013804691843688488,7228.25244140625,0.0008650236995890737
2,500,2,blocks.0.attn.q.weight,attn_q,0,79.21450805664062,0.3498451685300701,0.34739002103862837,0.3498451685300701,0.3498451685300701,27.712812921102035,27.518329620361328,0.9929821883727791,0.36308433239625526,0.32006829747967686,0.3498451685300701,0.36308433239625526,0.32006829747967686,0.035,0.025,1.037842923261772,0.9148855730221873,0.0009321743855252862,2.60571287071798e-05,2.60571287071798e-05,2.7486456305162276e-05,0.0005179122535599634,5.3543585012342075e-05,0.0005064420275777374,0.0005439693822671432,0.45161242038807575,True,0.003831611480563879,2009.6436767578125,0.00027123847394250333
2,500,3,blocks.0.attn.v.weight,attn_v,0,59.02588653564453,0.4695026969966276,0.45878783182519906,0.4695026969966276,0.4695026969966276,27.712812921102035,27.080358505249023,0.9771782670473185,0.292111093207526,0.32006829747967686,0.4695026969966276,0.292111093207526,0.32006829747967686,0.035,0.025,0.6221712784104075,0.6817176973149014,0.003373948857188225,0.00022948419791646302,0.00022948419791646302,0.0008570165213879974,0.004055432473945353,0.0010865007193044604,0.004384108872955964,0.004284916671861816,0.24908248553042298,True,0.03315988555550575,17356.556640625,0.0034382748417556286
2,500,4,blocks.0.mlp.fc.weight,mlp_fc,0,153.4564208984375,0.36118153621533094,0.36107235117709763,0.36118153621533094,0.36118153621533094,55.42562584220407,55.408870697021484,0.9996977003880788,0.3176544428106799,0.32006829747967686,0.36118153621533094,0.3176544428106799,0.32006829747967686,0.035,0.025,0.8794869365118906,0.88617015375021,0.004485110752284527,0.00027312571182847023,0.00027312571182847023,0.0004765116252379804,0.0020126618691327274,0.0007496373370664506,0.0022577847245043746,0.0022857875809611976,0.1070102849896572,True,0.017302554100751877,9058.8154296875,0.001848003943450749
2,500,5,blocks.0.mlp.proj.weight,mlp_proj,0,82.23014068603516,0.3370152682446815,0.3369662274383246,0.3370152682446815,0.3370152682446815,27.712812921102035,27.70878028869629,0.9998544849121875,0.2952811450365233,0.32006829747967686,0.3370152682446815,0.2952811450365233,0.32006829747967686,0.035,0.025,0.8761654822776215,0.9497145311745915,0.00922406930476427,0.0008465906139463186,0.0008465906139463186,0.0012063139128713533,0.007773572199838827,0.002052904526817672,0.008820364614875151,0.008620162813785146,0.13250067017006437,True,0.05070003867149353,26534.103515625,0.008579090237617493
2,500,6,blocks.1.attn.k.weight,attn_k,1,74.12833404541016,0.3738491263559962,0.3683212350901527,0.3738491263559962,0.3738491263559962,27.712812921102035,27.30303955078125,0.9852135771461596,0.364743327691787,0.32006829747967686,0.3738491263559962,0.364743327691787,0.32006829747967686,0.035,0.025,0.9756431190492117,0.8561429595929916,0.0007764355977997184,3.464798646746203e-05,3.464798646746203e-05,5.594981172541628e-05,0.0007826511293009791,9.059779819287832e-05,0.0007598450526788709,0.0008172991157684411,0.3023035154438607,True,0.0037978480104357004,1989.8892822265625,0.0003801706770900637
2,500,7,blocks.1.attn.proj.weight,attn_proj,1,79.5672836303711,0.3482940683238803,0.34257707059026943,0.3482940683238803,0.3482940683238803,27.712812921102035,27.25792694091797,0.9835857160556339,0.30375462456931657,0.32006829747967686,0.3482940683238803,0.30375462456931657,0.32006829747967686,0.035,0.025,0.8721211533434835,0.9189599438772061,0.0022685236763209105,6.718814984196797e-05,6.718814984196797e-05,0.0002238654056868055,0.0022550403782958875,0.0002910535555287735,0.0023423071634795897,0.0023222285281378555,0.42434208152223496,True,0.01660638488829136,8690.6708984375,0.0007878004107624292
2,500,8,blocks.1.attn.q.weight,attn_q,1,77.2549057006836,0.3587191346588728,0.353336549490883,0.3587191346588728,0.3587191346588728,27.712812921102035,27.296981811523438,0.984994987309211,0.36308433239625526,0.32006829747967686,0.3587191346588728,0.36308433239625526,0.32006829747967686,0.035,0.025,1.012168845527389,0.892253204680728,0.0006306159775704145,1.9287155737401918e-05,1.9287155737401918e-05,3.2197494442205024e-05,0.0005459553282850815,5.148465017960694e-05,0.0005264352234517365,0.0005652424840224834,0.4232244175726173,True,0.0034228863660246134,1793.5537109375,0.00022718824038747698
2,500,9,blocks.1.attn.v.weight,attn_v,1,78.95237731933594,0.3510066936808373,0.33638884041139666,0.3510066936808373,0.3510066936808373,27.712812921102035,26.558698654174805,0.9583544885821235,0.292111093207526,0.32006829747967686,0.3510066936808373,0.292111093207526,0.32006829747967686,0.035,0.025,0.8322094662762648,0.9118581019731434,0.0022741202265024185,0.00010815626592375338,0.00010815626592375338,0.0006022044478430931,0.0027014743924841707,0.0007103607137668465,0.0028869465013391126,0.002809630658407924,0.26631554947343283,True,0.02550671622157097,13350.5498046875,0.0019084028899669647
2,500,10,blocks.1.mlp.fc.weight,mlp_fc,1,169.07501220703125,0.3278167785925442,0.3278870312711501,0.3278167785925442,0.3278167785925442,55.42562584220407,55.437503814697266,1.0002143047067618,0.3176544428106799,0.32006829747967686,0.3278167785925442,0.3176544428106799,0.32006829747967686,0.035,0.025,0.9689999522736588,0.9763633785124274,0.0019129624124616385,5.726476956624538e-05,5.726476956624538e-05,0.00023772193613003496,0.0008040155740003567,0.00029498670569628034,0.0008504657195397196,0.0008612803435666021,0.19757841257416667,True,0.008805754594504833,4610.72509765625,0.00049271882744506
2,500,11,blocks.1.mlp.proj.weight,mlp_proj,1,89.13137817382812,0.3109209516210467,0.3109022644562473,0.3109209516210467,0.3109209516210467,27.712812921102035,27.71114730834961,0.9999398973768139,0.2952811450365233,0.32006829747967686,0.3109209516210467,0.2952811450365233,0.32006829747967686,0.035,0.025,0.9496984474575217,1.029420165514542,0.0030332328751683235,6.982363993301988e-05,6.982363993301988e-05,0.0004632097110512164,0.0020721813856101772,0.0005330333509842363,0.0021941669450825803,0.002142005025543197,0.48738554834063846,True,0.011490766890347004,6015.6494140625,0.0004752103122882545
2,500,12,blocks.2.attn.k.weight,attn_k,2,76.51235961914062,0.3622004740024943,0.35851170269751287,0.3622004740024943,0.3622004740024943,27.712812921102035,27.43057632446289,0.9898156640597017,0.364743327691787,0.32006829747967686,0.3622004740024943,0.364743327691787,0.32006829747967686,0.035,0.025,1.0070205697446857,0.8836771910946553,0.000986643135547638,4.1456361941527575e-05,4.1456361941527575e-05,7.84673448711961e-05,0.0008975395455435267,0.00011992370681272368,0.0008751521378863561,0.0009389959074850543,0.3110550923430342,True,0.004611289128661156,2414.595947265625,0.0005678639281541109
2,500,13,blocks.2.attn.proj.weight,attn_proj,2,84.51380157470703,0.32790872502173446,0.32422398483108417,0.32790872502173446,0.32790872502173446,27.712812921102035,27.40140151977539,0.988762908975959,0.30375462456931657,0.32006829747967686,0.32790872502173446,0.30375462456931657,0.32006829747967686,0.035,0.025,0.9263389516371762,0.9760896037714827,0.0016577928327023983,3.054449916817248e-05,3.054449916817248e-05,0.00016402607652448982,0.0014873024030971787,0.0001945705756926623,0.0015310269657384243,0.0015178469022653512,0.642198980432338,True,0.010630556382238865,5562.66796875,0.00030491346842609346
2,500,14,blocks.2.attn.q.weight,attn_q,2,76.88706970214844,0.36043528552275755,0.3553026808981569,0.36043528552275755,0.36043528552275755,27.712812921102035,27.31818199157715,0.9857599829130159,0.36308433239625526,0.32006829747967686,0.36043528552275755,0.36308433239625526,0.32006829747967686,0.035,0.025,1.007349576969568,0.8880048939033968,0.0008417125791311264,5.7088145695161074e-05,5.7088145695161074e-05,6.852540226684093e-05,0.0007538895534693716,0.000125613547962002,0.0007622692945907124,0.0008109776991645326,0.19176289228885587,True,0.0057382648810744286,3005.052001953125,0.0015185921220108867
2,500,15,blocks.2.attn.v.weight,attn_v,2,85.67559814453125,0.32346214699723075,0.3108292032037943,0.32346214699723075,0.32346214699723075,27.712812921102035,26.630477905273438,0.9609445992036251,0.292111093207526,0.32006829747967686,0.32346214699723075,0.292111093207526,0.32006829747967686,0.035,0.025,0.9030765915556321,0.9895077382344125,0.002435156609863043,0.00013808993389829993,0.00013808993389829993,0.0006668627714279471,0.002975317885679489,0.000804952705326247,0.0031996105962853513,0.0031134078195777888,0.205829552551732,True,0.030391044914722443,15910.7744140625,0.0025046824011951685
2,500,16,blocks.2.mlp.fc.weight,mlp_fc,2,172.40232849121094,0.32149000728275934,0.3216226511717095,0.32149000728275934,0.32149000728275934,55.42562584220407,55.44849395751953,1.0004125910166637,0.3176544428106799,0.32006829747967686,0.32149000728275934,0.3176544428106799,0.32006829747967686,0.035,0.025,0.9880694130915678,0.9955777480765302,0.001949045341461897,4.9166876124218106e-05,4.9166876124218106e-05,0.00023044852123122887,0.0007710252880028023,0.000279615397355447,0.0008094730831843585,0.0008201921641270204,0.22993559097295999,True,0.009639384225010872,5045.8505859375,0.0005083055584691465
2,500,17,blocks.2.mlp.proj.weight,mlp_proj,2,90.77947235107422,0.3052762062102259,0.305190665795864,0.3052762062102259,0.3052762062102259,27.712812921102035,27.705047607421875,0.9997197933785261,0.2952811450365233,0.32006829747967686,0.3052762062102259,0.2952811450365233,0.32006829747967686,0.035,0.025,0.9672589577229627,1.0484547795358297,0.0029746592044830322,6.285000563366339e-05,6.285000563366339e-05,0.0004529796821192186,0.001969611695493788,0.000515829687752882,0.0020790272872994045,0.0020324617011274514,0.5213678444251698,True,0.012138394638895988,6352.13720703125,0.0005052173510193825
2,500,18,blocks.3.attn.k.weight,attn_k,3,77.68167114257812,0.3567484132806247,0.35309088428751295,0.3567484132806247,0.3567484132806247,27.712812921102035,27.42868995666504,0.9897475956249591,0.364743327691787,0.32006829747967686,0.3567484132806247,0.364743327691787,0.32006829747967686,0.035,0.025,1.022410511479622,0.897182119287817,0.0008003197726793587,3.4684111597016454e-05,3.4684111597016454e-05,6.653750856112583e-05,0.0007418135527880689,0.00010122162015814229,0.0007232782817300704,0.0007764976643850854,0.29703964141472183,True,0.004442102741450071,2323.944580078125,0.0005302050849422812
2,500,19,blocks.3.attn.proj.weight,attn_proj,3,85.75041198730469,0.32317993906787185,0.32006399674432906,0.32317993906787185,0.32317993906787185,27.712812921102035,27.445619583129883,0.9903584908997565,0.30375462456931657,0.32006829747967686,0.32317993906787185,0.30375462456931657,0.32006829747967686,0.035,0.025,0.9398931921499134,0.9903717984563964,0.0013294974341988564,1.8046630430035293e-05,1.8046630430035293e-05,0.0001278465376560712,0.0011148028644643144,0.0001458931680861065,0.0011430078812799678,0.0011328494948943497,0.8591226392956747,True,0.006974103394895792,3650.612060546875,0.00014474662020802498
2,500,20,blocks.3.attn.q.weight,attn_q,3,77.02324676513672,0.3597980361124659,0.35573454788332387,0.3597980361124659,0.3597980361124659,27.712812921102035,27.399829864501953,0.9887061967512594,0.36308433239625526,0.32006829747967686,0.3597980361124659,0.36308433239625526,0.32006829747967686,0.035,0.025,1.0091337249066088,0.8895776667875688,0.0006766709266230464,2.6631820219336078e-05,2.6631820219336078e-05,5.001310620226871e-05,0.0005654279738758971,7.664492642160479e-05,0.0005544794910181052,0.0005920597940952332,0.3298791336826982,True,0.004542686976492405,2375.272705078125,0.0005435359198600054
2,500,21,blocks.3.attn.v.weight,attn_v,3,87.42716217041016,0.3169817277962783,0.3060748156969708,0.3169817277962783,0.3169817277962783,27.712812921102035,26.759252548217773,0.9655913538766695,0.292111093207526,0.32006829747967686,0.3169817277962783,0.292111093207526,0.32006829747967686,0.035,0.025,0.9215392169079963,1.0097373741535736,0.0019406451610848308,7.942840602481738e-05,7.942840602481738e-05,0.0005197650803087475,0.0022456185522060743,0.0005991934863335649,0.0023930658187089108,0.0023250469582308917,0.2794627348731008,True,0.02360227145254612,12350.91015625,0.0014506567968055606
2,500,22,blocks.3.mlp.fc.weight,mlp_fc,3,174.73394775390625,0.3172001008084876,0.31715344128437273,0.3172001008084876,0.3172001008084876,55.42562584220407,55.41747283935547,0.999852901925333,0.3176544428106799,0.32006829747967686,0.3172001008084876,0.3176544428106799,0.32006829747967686,0.035,0.025,1.001432351380199,1.0090422312725587,0.0018154979916289449,3.889295840053819e-05,3.889295840053819e-05,0.00021439718755824727,0.0007046167974856141,0.00025329014595878546,0.0007334981151016235,0.0007435097558861523,0.2671452796055992,True,0.008871834725141525,4643.7294921875,0.00043797926628030837
2,500,23,blocks.3.mlp.proj.weight,mlp_proj,3,92.47290802001953,0.2996857513673353,0.2996528268505288,0.2996857513673353,0.2996857513673353,27.712812921102035,27.709768295288086,0.9998901365291709,0.2952811450365233,0.32006829747967686,0.2996857513673353,0.2952811450365233,0.32006829747967686,0.035,0.025,0.985302583420414,1.06801306374876,0.0027025931049138308,4.9498077714815736e-05,4.9498077714815736e-05,0.00040183596520367726,0.0016950922671077767,0.000451334042918493,0.0017840094723933124,0.0017445903448225924,0.5904427795087608,True,0.011166022159159184,5843.783203125,0.0004392839618958533
2,500,24,blocks.4.attn.k.weight,attn_k,4,77.49103546142578,0.3576260499822225,0.3545792246752287,0.3576260499822225,0.3576260499822225,27.712812921102035,27.47671127319336,0.9914804156264883,0.364743327691787,0.32006829747967686,0.3576260499822225,0.364743327691787,0.32006829747967686,0.035,0.025,1.019901452117144,0.8949803782347157,0.0007426473894156516,2.032904558291193e-05,2.032904558291193e-05,4.7121466321511934e-05,0.0006461066882258887,6.745051190442387e-05,0.0006176896339879467,0.0006664357338088007,0.4714267315990389,True,0.003470528870820999,1819.6546630859375,0.00020358072652015835
2,500,25,blocks.4.attn.proj.weight,attn_proj,4,89.81084442138672,0.30856867118491055,0.3059838831936289,0.30856867118491055,0.30856867118491055,27.712812921102035,27.480670928955078,0.9916232973964837,0.30375462456931657,0.32006829747967686,0.30856867118491055,0.30375462456931657,0.32006829747967686,0.035,0.025,0.9843987835929424,1.0372676404594396,0.0011692694388329983,1.285088546865154e-05,1.285088546865154e-05,0.00010427419841157296,0.0008871744545797335,0.0001171250838802245,0.0009080590634925667,0.000900025340048385,1.0131010510444738,True,0.005611027125269175,2935.984375,9.203421359416097e-05
2,500,26,blocks.4.attn.q.weight,attn_q,4,77.2181396484375,0.35888993243393685,0.3555338550929415,0.35888993243393685,0.35888993243393685,27.712812921102035,27.453662872314453,0.9906487280982491,0.36308433239625526,0.32006829747967686,0.35888993243393685,0.36308433239625526,0.32006829747967686,0.035,0.025,1.011687148574697,0.8918285762685579,0.0006089572561904788,1.332715510216076e-05,1.332715510216076e-05,2.960412876763174e-05,0.0004303283727537984,4.29312838697925e-05,0.00041366351790749644,0.0004436555278559592,0.5917387682574029,True,0.0036840413231402636,1931.531005859375,0.00020935607608407736
2,500,27,blocks.4.attn.v.weight,attn_v,4,92.03704833984375,0.30110497262769004,0.29172744929323563,0.30110497262769004,0.30110497262769004,27.712812921102035,26.849733352661133,0.9688562986767862,0.292111093207526,0.32006829747967686,0.30110497262769004,0.292111093207526,0.32006829747967686,0.035,0.025,0.9701304188314259,1.062979115510771,0.0018118186853826046,6.76333875162527e-05,6.76333875162527e-05,0.0004790031620562239,0.0020711216710160418,0.0005466365495724766,0.0022013194969263883,0.0021387550585322945,0.2910656207762937,True,0.0212690569460392,11131.9677734375,0.0011901688994839787
2,500,28,blocks.4.mlp.fc.weight,mlp_fc,4,175.73251342773438,0.3153976732085863,0.3151799422513481,0.3153976732085863,0.3153976732085863,55.42562584220407,55.38736343383789,0.9993096621321857,0.3176544428106799,0.32006829747967686,0.3153976732085863,0.3176544428106799,0.32006829747967686,0.035,0.025,1.0071553146830006,1.01480868334752,0.001666637952439487,2.7451886126073077e-05,2.7451886126073077e-05,0.0001882145706120642,0.0006050971785315066,0.00021566645673813727,0.0006242713412105108,0.0006325490646575797,0.3454752644760628,True,0.008057339116930962,4217.4853515625,0.00035886859404854476
2,500,29,blocks.4.mlp.proj.weight,mlp_proj,4,93.8197021484375,0.29538372310387445,0.2953688362883814,0.29538372310387445,0.29538372310387445,27.712812921102035,27.711416244506836,0.9999496017744869,0.2952811450365233,0.32006829747967686,0.29538372310387445,0.2952811450365233,0.32006829747967686,0.035,0.025,0.9996527294521402,1.0835678219382516,0.002306789392605424,3.0424236683757044e-05,3.0424236683757044e-05,0.00031357522114539385,0.001279421008905933,0.0003439994578291509,0.001339989839154641,0.00130984524558969,0.8081541452181109,True,0.00843051914125681,4413.07177734375,0.0002195401320932433
2,500,30,blocks.5.attn.k.weight,attn_k,5,76.79309844970703,0.36087634801259616,0.35763345810037367,0.36087634801259616,0.36087634801259616,27.712812921102035,27.463781356811523,0.99101384745751,0.364743327691787,0.32006829747967686,0.36087634801259616,0.364743327691787,0.32006829747967686,0.035,0.025,1.0107155254160793,0.8869195757559182,0.0008247761870734394,1.9360768419574015e-05,1.9360768419574015e-05,4.394532582559379e-05,0.0004991763975534182,6.33060942451678e-05,0.0004826958552321185,0.0005185371659729922,0.5547423633468416,True,0.0032452389132231474,1698.2205810546875,0.00020701211178675294
2,500,31,blocks.5.attn.proj.weight,attn_proj,5,96.4905014038086,0.2872076786618105,0.28485426777762346,0.2872076786618105,0.2872076786618105,27.712812921102035,27.48573112487793,0.9918058914888718,0.30375462456931657,0.32006829747967686,0.2872076786618105,0.30375462456931657,0.32006829747967686,0.035,0.025,1.0576131738002388,1.1144141374317502,0.0009968364611268044,8.934060133469757e-06,8.934060133469757e-06,8.078573463978037e-05,0.0006725819072508519,8.971979477325013e-05,0.000687609577337081,0.0006815159673843217,1.1563531299369667,True,0.004850810393691063,2539.9208984375,6.668337300652638e-05
2,500,32,blocks.5.attn.q.weight,attn_q,5,75.05799102783203,0.3692186873323845,0.3662141577338681,0.3692186873323845,0.3692186873323845,27.712812921102035,27.4872989654541,0.9918624660625405,0.36308433239625526,0.32006829747967686,0.3692186873323845,0.36308433239625526,0.32006829747967686,0.035,0.025,0.9833855783940674,0.8668800048886458,0.0006505354540422559,1.2111715477658436e-05,1.2111715477658436e-05,2.6470426531772652e-05,0.0002833321904009167,3.858214200943109e-05,0.00027715808397364125,0.0002954439058785751,0.7155967745348772,True,0.0029227128252387047,1530.2972412109375,0.0001940227666636929
2,500,33,blocks.5.attn.v.weight,attn_v,5,100.13231658935547,0.2767619272682246,0.26937353171077766,0.2767619272682246,0.2767619272682246,27.712812921102035,26.97299575805664,0.9733041476102897,0.292111093207526,0.32006829747967686,0.2767619272682246,0.292111093207526,0.32006829747967686,0.035,0.025,1.0554598173629053,1.156475172141296,0.0016145671252161264,5.061251431470737e-05,5.061251431470737e-05,0.00039920897604822246,0.001710539304314227,0.00044982149036292983,0.0018134052775749987,0.0017611518186289345,0.318583976688897,True,0.017845461145043373,9334.25390625,0.0008504953584633768
2,500,34,blocks.5.mlp.fc.weight,mlp_fc,5,177.50148010253906,0.31225444323160456,0.3120476075406828,0.31225444323160456,0.31225444323160456,55.42562584220407,55.388912200927734,0.999337605291443,0.3176544428106799,0.32006829747967686,0.31225444323160456,0.3176544428106799,0.32006829747967686,0.035,0.025,1.0172935876370222,1.025023996991699,0.001562467310577631,2.263213536934927e-05,2.263213536934927e-05,0.00016159218883617636,0.0005141808843017505,0.00018422432420552563,0.0005296368784497568,0.0005368130196710997,0.3889407336480121,True,0.007215620018541813,3777.407958984375,0.0003060413582716137
2,500,35,blocks.5.mlp.proj.weight,mlp_proj,5,94.77755737304688,0.2923984716342045,0.29248985162948377,0.2923984716342045,0.2923984716342045,27.712812921102035,27.721473693847656,1.0003125187172546,0.2952811450365233,0.32006829747967686,0.2923984716342045,0.2952811450365233,0.32006829747967686,0.035,0.025,1.0098587156978203,1.0946305419820654,0.0021675231400877237,2.380326623097062e-05,2.380326623097062e-05,0.0002751496639678426,0.001095318639892777,0.0002989529301988132,0.001144759251781726,0.0011191219061237477,0.9607749620977504,True,0.00750224431976676,3926.474365234375,0.00016062981740105897
2,500,36,blocks.6.attn.k.weight,attn_k,6,77.00407409667969,0.3598876195343666,0.3576250723515615,0.3598876195343666,0.3598876195343666,27.712812921102035,27.53858757019043,0.9937131841719705,0.364743327691787,0.32006829747967686,0.3598876195343666,0.364743327691787,0.32006829747967686,0.035,0.025,1.0134922900757266,0.8893562326311497,0.0006938918959349394,1.3552933523897082e-05,1.3552933523897082e-05,4.323436750211444e-05,0.0005557009700906033,5.678730102601152e-05,0.0005284418912870556,0.0005692539036145004,0.6648823494519227,True,0.0028601009398698807,1497.0067138671875,0.00015528133371844888
2,500,37,blocks.6.attn.proj.weight,attn_proj,6,94.33827209472656,0.293760022372205,0.29160841807583066,0.293760022372205,0.293760022372205,27.712812921102035,27.50983428955078,0.9926756395271339,0.30375462456931657,0.32006829747967686,0.293760022372205,0.30375462456931657,0.32006829747967686,0.035,0.025,1.0340230168707165,1.0895570299015647,0.0007965704426169395,5.250909453025088e-06,5.250909453025088e-06,6.123374181386862e-05,0.0005008732004474442,6.648465126689371e-05,0.0005104649031541699,0.0005061241099004693,1.60805811765202,True,0.00343937985599041,1800.1884765625,3.296740396763198e-05
2,500,38,blocks.6.attn.q.weight,attn_q,6,76.39000701904297,0.3627806044603925,0.3598712111580262,0.3627806044603925,0.3627806044603925,27.712812921102035,27.490564346313477,0.9919802953449259,0.36308433239625526,0.32006829747967686,0.3627806044603925,0.36308433239625526,0.32006829747967686,0.035,0.025,1.0008372220899586,0.8822640834279252,0.0005803573876619339,1.0569159712758847e-05,1.0569159712758847e-05,2.5146689733356644e-05,0.0003660724830211533,3.571584944611549e-05,0.0003512994148169521,0.00037664164273391214,0.7188172763406122,True,0.0031586068216711283,1654.6370849609375,0.00017338315956294537
2,500,39,blocks.6.attn.v.weight,attn_v,6,98.29576873779297,0.281932918140422,0.2747848600527937,0.281932918140422,0.281932918140422,27.712812921102035,27.010189056396484,0.9746462451608247,0.292111093207526,0.32006829747967686,0.281932918140422,0.292111093207526,0.32006829747967686,0.035,0.025,1.036101407151167,1.135264018089086,0.00132133683655411,3.306481085019186e-05,3.306481085019186e-05,0.0003295656707294945,0.001409076599028001,0.00036263048157968636,0.0014848190725722337,0.0014421414098781929,0.40654879334828814,True,0.014582839794456959,7625.76220703125,0.0005596878472715616
2,500,40,blocks.6.mlp.fc.weight,mlp_fc,6,178.3024444580078,0.3108517441288216,0.3108748446436077,0.3108517441288216,0.3108517441288216,55.42562584220407,55.429744720458984,1.0000743136084136,0.3176544428106799,0.32006829747967686,0.3108517441288216,0.3176544428106799,0.32006829747967686,0.035,0.025,1.0218840614870064,1.0296493538316316,0.0014780211495235562,1.8606016965350136e-05,1.8606016965350136e-05,0.00013789357810269984,0.000434636281248275,0.00015649959506804998,0.00044703131803768985,0.00045324229821362515,0.4455228045198352,True,0.00650156382471323,3404.54638671875,0.0002519466506782919
2,500,41,blocks.6.mlp.proj.weight,mlp_proj,6,95.24259948730469,0.2909707743203292,0.2910856594848362,0.2909707743203292,0.2909707743203292,27.712812921102035,27.7237548828125,1.0003948340336875,0.2952811450365233,0.32006829747967686,0.2909707743203292,0.2952811450365233,0.32006829747967686,0.035,0.025,1.0148137582761108,1.1000015318628333,0.0021089990623295307,2.167858838220127e-05,2.167858838220127e-05,0.0002532393231267286,0.0009817241420492003,0.00027491791150892987,0.0010261161204528798,0.0010034027304314016,1.0214430247218789,True,0.007034976501017809,3683.119384765625,0.00014196599659044296
2,500,42,blocks.7.attn.k.weight,attn_k,7,75.77326965332031,0.3657333654452865,0.36290294242084054,0.3657333654452865,0.3657333654452865,27.712812921102035,27.498342514038086,0.9922609657967763,0.364743327691787,0.32006829747967686,0.3657333654452865,0.364743327691787,0.32006829747967686,0.035,0.025,0.9972930067446975,0.875141093812943,0.000773938896600157,2.244383722427301e-05,2.244383722427301e-05,4.509644032108297e-05,0.0005528119714322547,6.754027754535598e-05,0.000535476511950989,0.0005752558086565277,0.4550860635850068,True,0.0031263388227671385,1635.8094482421875,0.00020845807739533484
2,500,43,blocks.7.attn.proj.weight,attn_proj,7,100.74525451660156,0.2750780972669567,0.27233577323901603,0.2750780972669567,0.2750780972669567,27.712812921102035,27.43653678894043,0.9900307437953643,0.30375462456931657,0.32006829747967686,0.2750780972669567,0.30375462456931657,0.32006829747967686,0.035,0.025,1.1042486755117038,1.1635542802561203,0.0009484298061579466,8.196424460038543e-06,8.196424460038543e-06,7.195680924174469e-05,0.0005980412808601116,8.015323370178323e-05,0.0006113055350551931,0.0006062377053201502,1.1485665259426265,True,0.004717275500297546,2469.29248046875,5.919261457165703e-05
2,500,44,blocks.7.attn.q.weight,attn_q,7,74.0797348022461,0.3740943862053592,0.3711254138739874,0.3740943862053592,0.3740943862053592,27.712812921102035,27.49287223815918,0.9920635742185745,0.36308433239625526,0.32006829747967686,0.3740943862053592,0.36308433239625526,0.32006829747967686,0.035,0.025,0.9705687809945912,0.8555816640990045,0.0006484279874712229,1.3866761946701445e-05,1.3866761946701445e-05,2.6383808367021312e-05,0.0003410450128443521,4.025057031372276e-05,0.000332388250226959,0.00035491177479105354,0.6312294790526215,True,0.0034237527288496494,1788.71533203125,0.000262111600022763
2,500,45,blocks.7.attn.v.weight,attn_v,7,106.0615234375,0.26128997607160204,0.25463479420064766,0.26128997607160204,0.26128997607160204,27.712812921102035,27.006954193115234,0.9745295170866859,0.292111093207526,0.32006829747967686,0.26128997607160204,0.292111093207526,0.32006829747967686,0.035,0.025,1.1179575183070856,1.2249543679087316,0.0015207278775051236,4.57342503068503e-05,4.57342503068503e-05,0.00035407835044736716,0.0015164815610028762,0.00039981260075421746,0.0016078935355358656,0.0015622158113097265,0.3135104938099798,True,0.014766070991754532,7724.3291015625,0.0006651628063991666
2,500,46,blocks.7.mlp.fc.weight,mlp_fc,7,177.7714080810547,0.31178031630898045,0.3117019015697862,0.31178031630898045,0.31178031630898045,55.42562584220407,55.411685943603516,0.999748493618453,0.3176544428106799,0.32006829747967686,0.31178031630898045,0.3176544428106799,0.32006829747967686,0.035,0.025,1.0188405944648478,1.0265827595173866,0.001453283242881298,1.444820827600779e-05,1.444820827600779e-05,0.00012196410284597055,0.00038040483874024564,0.00013641231112197834,0.00038933776025750324,0.00039485304701625343,0.5658148742017122,True,0.006127885077148676,3209.63134765625,0.00020931924518663436
2,500,47,blocks.7.mlp.proj.weight,mlp_proj,7,96.1246566772461,0.28830077400590604,0.28832838952092965,0.28830077400590604,0.28830077400590604,27.712812921102035,27.71546745300293,1.0000957871692222,0.2952811450365233,0.32006829747967686,0.28830077400590604,0.2952811450365233,0.32006829747967686,0.035,0.025,1.0242121133898665,1.110188824790044,0.0021285968832671642,2.1035291865700856e-05,2.1035291865700856e-05,0.0002393977872594368,0.0009045423305049238,0.00026043307912513767,0.0009459023065264044,0.0009255776223706247,1.052713222768411,True,0.0071128117851912975,3727.143798828125,0.00013719548587687314
2,500,48,blocks.8.attn.k.weight,attn_k,8,75.33076477050781,0.3678817413513326,0.3656858880624282,0.3678817413513326,0.3678817413513326,27.712812921102035,27.54739761352539,0.9940310892276587,0.364743327691787,0.32006829747967686,0.3678817413513326,0.364743327691787,0.32006829747967686,0.035,0.025,0.9914689605197112,0.8700303970074089,0.0007432159618474543,1.8975832063006237e-05,1.8975832063006237e-05,3.828794749061072e-05,0.0005136059309762109,5.7263779553616955e-05,0.0004953189149713281,0.0005325817630392172,0.5199263446175572,True,0.0030741754453629255,1611.1405029296875,0.00017421305528841913
2,500,49,blocks.8.attn.proj.weight,attn_proj,8,102.83353424072266,0.26949198163537985,0.2672983694074365,0.26949198163537985,0.26949198163537985,27.712812921102035,27.48723602294922,0.9918601948205319,0.30375462456931657,0.32006829747967686,0.26949198163537985,0.30375462456931657,0.32006829747967686,0.035,0.025,1.1271378937733805,1.1876728039824438,0.0007879057666286826,5.162090928934049e-06,5.162090928934049e-06,5.396420689841564e-05,0.0004451185838966879,5.9126297827349686e-05,0.0004538578916681319,0.00045028067482562193,1.4842732709182473,True,0.0040715038776397705,2132.5,4.145220009377226e-05
2,500,50,blocks.8.attn.q.weight,attn_q,8,74.8729476928711,0.37013118589613997,0.3674332800713073,0.37013118589613997,0.37013118589613997,27.712812921102035,27.510812759399414,0.9927109470165403,0.36308433239625526,0.32006829747967686,0.37013118589613997,0.36308433239625526,0.32006829747967686,0.035,0.025,0.9809612003300309,0.8647428524693109,0.0006528516532853246,1.094999515771633e-05,1.094999515771633e-05,2.1360086531812042e-05,0.00034461305551863067,3.231008168952837e-05,0.0003318831136088214,0.000355563050676347,0.796298045607587,True,0.00346736260689795,1815.369384765625,0.00015188030374702066
2,500,51,blocks.8.attn.v.weight,attn_v,8,108.4576644897461,0.2555173306698125,0.25076139071817444,0.2555173306698125,0.2555173306698125,27.712812921102035,27.19699478149414,0.9813870161402807,0.292111093207526,0.32006829747967686,0.2555173306698125,0.292111093207526,0.32006829747967686,0.035,0.025,1.1432144052295266,1.2526285267643122,0.0011631677625700831,2.4332577595487237e-05,2.4332577595487237e-05,0.0002425333624830676,0.0010357025400737783,0.00026686594007855485,0.0010911948560274535,0.0010600351176692656,0.44075169582611656,True,0.010887151584029198,5697.38134765625,0.0003611443389672786
2,500,52,blocks.8.mlp.fc.weight,mlp_fc,8,178.6898193359375,0.31017786042977463,0.3100754050854353,0.31017786042977463,0.31017786042977463,55.42562584220407,55.407318115234375,0.9996696884033062,0.3176544428106799,0.32006829747967686,0.31017786042977463,0.3176544428106799,0.32006829747967686,0.035,0.025,1.0241041780691436,1.0318863410695989,0.0013986576814204454,1.2196707757539116e-05,1.2196707757539116e-05,0.00010709004750229094,0.0003330161140537981,0.00011928675525983005,0.00034035922930704247,0.0003452128218113372,0.6417546249050333,True,0.0057567935436964035,3016.343994140625,0.00018338665540795773
2,500,53,blocks.8.mlp.proj.weight,mlp_proj,8,96.79605865478516,0.28630104682193114,0.28631828339830245,0.28630104682193114,0.28630104682193114,27.712812921102035,27.714481353759766,1.000060204377754,0.2952811450365233,0.32006829747967686,0.28630104682193114,0.2952811450365233,0.32006829747967686,0.035,0.025,1.031365928676389,1.1179431616914335,0.0020559884142130613,1.8477023331797682e-05,1.8477023331797682e-05,0.00021074546440356652,0.0007705412610490768,0.0002292224877353642,0.0008061223938462816,0.0007890182843808745,1.1495582478246134,True,0.006664516404271126,3490.62646484375,0.00011673566768877208
2,500,54,blocks.9.attn.k.weight,attn_k,9,76.1013412475586,0.36415669509623905,0.3620965377094428,0.36415669509623905,0.36415669509623905,27.712812921102035,27.556032180786133,0.994342662335929,0.364743327691787,0.32006829747967686,0.36415669509623905,0.364743327691787,0.32006829747967686,0.035,0.025,1.0016109345329842,0.8789301468014736,0.0006103631458245218,1.2964469533471856e-05,1.2964469533471856e-05,2.8403005210018884e-05,0.0003980833840836777,4.136747474349074e-05,0.00038148196388570023,0.00041104785361714956,0.618644619614787,True,0.0023634349927306175,1237.0732421875,0.00012308366422075778
2,500,55,blocks.9.attn.proj.weight,attn_proj,9,103.4527816772461,0.2678788571153261,0.26536332161557435,0.2678788571153261,0.2678788571153261,27.712812921102035,27.452573776245117,0.9906094287289487,0.30375462456931657,0.32006829747967686,0.2678788571153261,0.30375462456931657,0.32006829747967686,0.035,0.025,1.133925341627635,1.194824783584478,0.0006988482782617211,4.272239948477363e-06,4.272239948477363e-06,4.7550685084956786e-05,0.0003951918207664896,5.182292503343415e-05,0.00040272535690180395,0.00039946406071496694,1.5811937544146717,True,0.004377767909318209,2293.4228515625,4.466631435207091e-05
2,500,56,blocks.9.attn.q.weight,attn_q,9,75.58255767822266,0.3666561938679515,0.36420462821485905,0.3666561938679515,0.3666561938679515,27.712812921102035,27.527517318725586,0.993313720880519,0.36308433239625526,0.32006829747967686,0.3666561938679515,0.36308433239625526,0.32006829747967686,0.035,0.025,0.9902582813779423,0.8729384716052201,0.0005341673968359828,7.278323209902737e-06,7.278323209902737e-06,1.4955107565909547e-05,0.00024709911762236955,2.2233430775812284e-05,0.00023719108741295785,0.0002543774408322723,0.971011683487477,True,0.0025350956711918116,1326.5545654296875,9.688107820693403e-05
2,500,57,blocks.9.attn.v.weight,attn_v,9,108.89188385009766,0.25449842487114965,0.24993671474524137,0.25449842487114965,0.25449842487114965,27.712812921102035,27.216079711914062,0.9820756842474936,0.292111093207526,0.32006829747967686,0.25449842487114965,0.292111093207526,0.32006829747967686,0.035,0.025,1.1477913600267635,1.2576435301779358,0.0009937520371749997,1.867886930995155e-05,1.867886930995155e-05,0.0002040043373829073,0.0008582233672141193,0.00022268320669285884,0.000902629156286159,0.0008769022365240709,0.4885757835777246,True,0.009140594862401485,4786.080078125,0.00029244626057334244
2,500,58,blocks.9.mlp.fc.weight,mlp_fc,9,179.21868896484375,0.3092625337365155,0.3091883919969169,0.3092625337365155,0.3092625337365155,55.42562584220407,55.41233825683594,0.9997602627815884,0.3176544428106799,0.32006829747967686,0.3092625337365155,0.3176544428106799,0.32006829747967686,0.035,0.025,1.0271352270602365,1.0349404229882162,0.0014474709751084447,1.238815821125172e-05,1.238815821125172e-05,0.00010005523641262547,0.0003148346624252257,0.00011244339462387719,0.0003226733525875312,0.0003272228206364774,0.6519583091936407,True,0.005545664578676224,2905.825439453125,0.00016721466090530157
2,500,59,blocks.9.mlp.proj.weight,mlp_proj,9,97.5738754272461,0.2840187785896186,0.2840733312310363,0.2840187785896186,0.2840187785896186,27.712812921102035,27.718135833740234,1.0001920740652837,0.2952811450365233,0.32006829747967686,0.2840187785896186,0.2952811450365233,0.32006829747967686,0.035,0.025,1.0396535979164174,1.1269265330590923,0.0022053502034395933,2.1238505723886192e-05,2.1238505723886192e-05,0.00021750331139453718,0.000785393020233468,0.00023874181711842338,0.0008244441798924716,0.0008066315259573542,1.0641921513506873,True,0.007149998564273119,3748.126708984375,0.0001417204039171338
2,500,60,blocks.10.attn.k.weight,attn_k,10,76.49071502685547,0.3623029659400127,0.35988315036688406,0.3623029659400127,0.3623029659400127,27.712812921102035,27.527719497680664,0.9933210163851526,0.364743327691787,0.32006829747967686,0.3623029659400127,0.364743327691787,0.32006829747967686,0.035,0.025,1.006735693552612,0.883427207528495,0.0005233314586803317,1.3553320968640037e-05,1.3553320968640037e-05,2.6251091724599877e-05,0.0003815155655749257,3.9804412693239913e-05,0.00036675816113421704,0.0003950688865435657,0.5048035471322861,True,0.0023947213776409626,1255.78369140625,0.00013524387031793594
2,500,61,blocks.10.attn.proj.weight,attn_proj,10,97.79051971435547,0.28338956579892116,0.2796326168418877,0.28338956579892116,0.28338956579892116,27.712812921102035,27.34541893005371,0.9867428112730999,0.30375462456931657,0.32006829747967686,0.28338956579892116,0.30375462456931657,0.32006829747967686,0.035,0.025,1.0718624156573409,1.1294286597227121,0.0006505083292722702,4.52701988251647e-06,4.52701988251647e-06,4.9711387189421894e-05,0.0004265045352553701,5.4238407071938364e-05,0.0004344259338299384,0.0004310315551378866,1.4694124175794858,True,0.005309623200446367,2784.273681640625,7.282372826011851e-05
2,500,62,blocks.10.attn.q.weight,attn_q,10,76.16514587402344,0.36385163585111246,0.36142878908172305,0.36385163585111246,0.36385163585111246,27.712812921102035,27.528276443481445,0.9933411134356529,0.36308433239625526,0.32006829747967686,0.36385163585111246,0.36308433239625526,0.32006829747967686,0.035,0.025,0.9978911639271255,0.8796670564115543,0.0004357359139248729,6.373305950546637e-06,6.373305950546637e-06,1.2006626467062748e-05,0.00022687177527413763,1.8379932417609385e-05,0.0002173513499167834,0.00023324508122468427,0.8976402355853735,True,0.002297023544088006,1204.4327392578125,9.779631363926455e-05
2,500,63,blocks.10.attn.v.weight,attn_v,10,104.24453735351562,0.26584426987403603,0.26103500630143917,0.26584426987403603,0.26584426987403603,27.712812921102035,27.21147346496582,0.9819094706277735,0.292111093207526,0.32006829747967686,0.26584426987403603,0.292111093207526,0.32006829747967686,0.035,0.025,1.0988053018631392,1.2039691419015108,0.000837413826957345,1.318777049164055e-05,1.318777049164055e-05,0.00016571959501244767,0.0007137860628717821,0.00017890736550408822,0.000748265851352556,0.0007269738333634227,0.6091376461625029,True,0.007775248493999243,4073.75830078125,0.00020547093299683183
2,500,64,blocks.10.mlp.fc.weight,mlp_fc,10,178.9071502685547,0.3098010658545818,0.3097913373627759,0.3098010658545818,0.3098010658545818,55.42562584220407,55.423885345458984,0.9999685976167406,0.3176544428106799,0.32006829747967686,0.3098010658545818,0.3176544428106799,0.32006829747967686,0.035,0.025,1.0253497415653967,1.033141369597206,0.0014495666837319732,1.3929926353739575e-05,1.3929926353739575e-05,9.333167089070553e-05,0.0002951133261064843,0.0001072615972444451,0.0003048087955568372,0.0003090432524602239,0.5816499302556581,True,0.005343455355614424,2801.0654296875,0.00017182221927214414
2,500,65,blocks.10.mlp.proj.weight,mlp_proj,10,98.09402465820312,0.2825127526132607,0.2824591207539921,0.2825127526132607,0.2825127526132607,27.712812921102035,27.707551956176758,0.9998101612802621,0.2952811450365233,0.32006829747967686,0.2825127526132607,0.2952811450365233,0.32006829747967686,0.035,0.025,1.045195809056951,1.1329339809230734,0.002466196194291115,3.252213355153799e-05,3.252213355153799e-05,0.0002683178880330217,0.0009847332745821689,0.0003008400215845597,0.001039565437856002,0.0010172554081337068,0.7730472524568267,True,0.010232703760266304,5367.296875,0.00032439615461044014
2,500,66,blocks.11.attn.k.weight,attn_k,11,76.46025085449219,0.362447318853831,0.36009454091969856,0.362447318853831,0.362447318853831,27.712812921102035,27.53291893005371,0.9935086347401658,0.364743327691787,0.32006829747967686,0.362447318853831,0.364743327691787,0.32006829747967686,0.035,0.025,1.0063347380943986,0.8830753624880726,0.0004839497269131243,8.719008292246144e-06,8.719008292246144e-06,1.7553934363221705e-05,0.00023485951651035854,2.627294265546785e-05,0.000226439918233692,0.00024357852480260468,0.7259345052983609,True,0.0019500143826007843,1022.740234375,9.497505379840732e-05
2,500,67,blocks.11.attn.proj.weight,attn_proj,11,103.05223846435547,0.26892004806559894,0.26402108628520565,0.26892004806559894,0.26892004806559894,27.712812921102035,27.207963943481445,0.9817828316794153,0.30375462456931657,0.32006829747967686,0.26892004806559894,0.30375462456931657,0.32006829747967686,0.035,0.025,1.1295350672227318,1.190198721820848,0.0007418023888021708,7.351573913183529e-06,7.351573913183529e-06,5.310725959539083e-05,0.0004658633075790897,6.045883350857436e-05,0.0004769500786586686,0.00047321488149227323,0.9791527989820674,True,0.0067748138681054115,3558.6845703125,0.00015683608944527805
2,500,68,blocks.11.attn.q.weight,attn_q,11,76.16700744628906,0.36384274307539743,0.3614578936434392,0.36384274307539743,0.36384274307539743,27.712812921102035,27.531166076660156,0.9934453840915022,0.36308433239625526,0.32006829747967686,0.36384274307539743,0.36308433239625526,0.32006829747967686,0.035,0.025,0.9979155536462493,0.8796885565843224,0.0004612624761648476,5.292270998324966e-06,5.292270998324966e-06,9.41348507682294e-06,0.00017546465236784018,1.4705756075147906e-05,0.00016847287848614073,0.00018075692336616515,1.1442980517836912,True,0.0023907835129648447,1254.0035400390625,8.54298923513852e-05
2,500,69,blocks.11.attn.v.weight,attn_v,11,109.2478256225586,0.2536692402176251,0.2494647445470719,0.2536692402176251,0.2536692402176251,27.712812921102035,27.253480911254883,0.9834252837792085,0.292111093207526,0.32006829747967686,0.2536692402176251,0.292111093207526,0.32006829747967686,0.035,0.025,1.1515432180776877,1.2617544689497528,0.0007890355191193521,1.11519948404748e-05,1.11519948404748e-05,0.00013198822867396966,0.0005799799635169985,0.00014314022351444446,0.0006087116166214034,0.0005911319583574733,0.6476363135910088,True,0.0063996464014053345,3359.777587890625,0.00015193576109595597
2,500,70,blocks.11.mlp.fc.weight,mlp_fc,11,178.01708984375,0.3113500276341587,0.31136210790390934,0.3113500276341587,0.3113500276341587,55.42562584220407,55.42777633666992,1.000038799642461,0.3176544428106799,0.32006829747967686,0.3113500276341587,0.3176544428106799,0.32006829747967686,0.035,0.025,1.0202486417760301,1.0280015065736954,0.001588756451383233,2.2580545191885903e-05,2.2580545191885903e-05,9.089763552727988e-05,0.0003074023566985271,0.00011347818071916579,0.00032565519559410883,0.000329982901890413,0.39524028751482004,True,0.006231361534446478,3292.1416015625,0.00040405752952210605
2,500,71,blocks.11.mlp.proj.weight,mlp_proj,11,99.1851577758789,0.27940483780569825,0.2791678400282671,0.27940483780569825,0.27940483780569825,27.712812921102035,27.689306259155273,0.9991517763998304,0.2952811450365233,0.32006829747967686,0.27940483780569825,0.2952811450365233,0.32006829747967686,0.035,0.025,1.0568218766557853,1.1455359899754367,0.003057073336094618,8.783912926446646e-05,8.783912926446646e-05,0.0003471591976147917,0.0013252474991960054,0.00043499832687925817,0.001445001975189972,0.0014130866284604718,0.3508901253533682,True,0.015233361162245274,8016.810546875,0.0015127381775528193
3,750,0,blocks.0.attn.k.weight,attn_k,0,84.73404693603516,0.3270564067596364,0.32508411246592867,0.3270564067596364,0.3270564067596364,27.712812921102035,27.545692443847656,0.9939695592168803,0.3202087303225945,0.2845178362011942,0.3270564067596364,0.3202087303225945,0.2845178362011942,0.035,0.025,0.9790627051006696,0.8699350641685945,0.0007637815433554351,1.6733472875785083e-05,1.6733472875785083e-05,2.169438448102401e-05,0.0004876929827943065,3.842785735680909e-05,0.00046979369599943553,0.0005044264556700916,0.5386728989937518,True,0.0027786255814135075,1456.41943359375,0.00016736950783524662
3,750,1,blocks.0.attn.proj.weight,attn_proj,0,67.79418182373047,0.4087786322601732,0.40478936393635223,0.4087786322601732,0.4087786322601732,27.712812921102035,27.442363739013672,0.9902410057449481,0.2750315639959619,0.2845178362011942,0.4087786322601732,0.2750315639959619,0.2845178362011942,0.035,0.025,0.672812965969596,0.6960193457962074,0.0019218417583033442,4.83616822748445e-05,4.83616822748445e-05,0.0001672844419405839,0.0016637424297164757,0.0002156461242154284,0.0017080350279881174,0.0017121041119913202,0.586170289773235,True,0.009309154003858566,4879.26708984375,0.00043227372225373983
3,750,2,blocks.0.attn.q.weight,attn_q,0,90.20752716064453,0.3072117570826451,0.3054834826819127,0.3072117570826451,0.3072117570826451,27.712812921102035,27.556909561157227,0.9943743220730186,0.31947585334503925,0.2845178362011942,0.3072117570826451,0.31947585334503925,0.2845178362011942,0.035,0.025,1.0399206605204725,0.9261293867885861,0.000698909570928663,1.0871602171391714e-05,1.0871602171391714e-05,1.2804073505900468e-05,0.00031198858496699647,2.3675675677292182e-05,0.00030080115607031423,0.0003228601871383882,0.7126637328549364,True,0.0023906396236270666,1253.0665283203125,0.00010886919335462153
3,750,3,blocks.0.attn.v.weight,attn_v,0,70.7271957397461,0.39182683027723164,0.38572926818875325,0.39182683027723164,0.39182683027723164,27.712812921102035,27.28154945373535,0.9844381200640121,0.26159150347168547,0.2845178362011942,0.39182683027723164,0.26159150347168547,0.2845178362011942,0.035,0.025,0.6676201915182787,0.7261315821580864,0.0020420916844159365,8.056814840529114e-05,8.056814840529114e-05,0.00046517684242147837,0.0022207469626508492,0.0005457449908267695,0.002344031837146166,0.0023013151110561404,0.3583648576359124,True,0.017432717606425285,9133.87109375,0.0013204090064391494
3,750,4,blocks.0.mlp.fc.weight,mlp_fc,0,177.7080535888672,0.311891468748135,0.31175500320917887,0.311891468748135,0.311891468748135,55.42562584220407,55.40137481689453,0.9995624582502942,0.27851742447924416,0.2845178362011942,0.311891468748135,0.27851742447924416,0.2845178362011942,0.035,0.025,0.8929946868926968,0.9122334680816611,0.003142045345157385,0.0001211499038618058,0.0001211499038618058,0.00033549895517396655,0.0012439943166290802,0.00045664885903577235,0.001354124609204094,0.001365144220490886,0.14594266228835487,True,0.010695120319724083,5605.7978515625,0.0008190342341549695
3,750,5,blocks.0.mlp.proj.weight,mlp_proj,0,93.77925872802734,0.2955111108467276,0.2953560229209033,0.2955111108467276,0.2955111108467276,27.712812921102035,27.69826889038086,0.9994751874967517,0.2641255115092508,0.2845178362011942,0.2955111108467276,0.2641255115092508,0.2845178362011942,0.035,0.025,0.8937921513423042,0.9627991156947217,0.007006005384027958,0.0004775819252245128,0.0004775819252245128,0.001134419555317805,0.005453249914543048,0.0016120014805423178,0.0060351859671252854,0.005930831839767561,0.15642846699980545,True,0.036245569586753845,18990.46875,0.00555661553516984
3,750,6,blocks.1.attn.k.weight,attn_k,1,84.2855453491211,0.3287967445225887,0.3243540265988344,0.3287967445225887,0.3287967445225887,27.712812921102035,27.338356018066406,0.9864879503895291,0.3202087303225945,0.2845178362011942,0.3287967445225887,0.3202087303225945,0.2845178362011942,0.035,0.025,0.9738804767898053,0.8653304539687968,0.0005693299463018775,1.9539253116818145e-05,1.9539253116818145e-05,2.7238497144402792e-05,0.0003969463930790748,4.677775026122094e-05,0.00038956561985710334,0.00041648564619589293,0.34570285635790193,True,0.0028088188264518976,1471.4354248046875,0.0002464681747369468
3,750,7,blocks.1.attn.proj.weight,attn_proj,1,85.30783081054688,0.32485661231554624,0.3201408124586108,0.32485661231554624,0.32485661231554624,27.712812921102035,27.310518264770508,0.9854834419920903,0.2750315639959619,0.2845178362011942,0.32485661231554624,0.2750315639959619,0.2845178362011942,0.035,0.025,0.8466244908347832,0.8758259041525392,0.0019359629368409514,5.0981572712771595e-05,5.0981572712771595e-05,0.00017564802248499754,0.0018598071459825496,0.00022662959519776914,0.0019068347239434588,0.0019107887186953212,0.4451382468111781,True,0.013299994170665741,6969.8955078125,0.0006624636007472873
3,750,8,blocks.1.attn.q.weight,attn_q,1,87.48966217041016,0.3167552855230338,0.31252855365776416,0.3167552855230338,0.3167552855230338,27.712812921102035,27.343017578125,0.9866561599491962,0.31947585334503925,0.2845178362011942,0.3167552855230338,0.31947585334503925,0.2845178362011942,0.035,0.025,1.0085888632213766,0.8982260098087761,0.0004933147574774921,1.2290352970012464e-05,1.2290352970012464e-05,1.8787379976019685e-05,0.00029002083406473784,3.107773294603215e-05,0.00028328672311966614,0.0003023111870347503,0.45877845265302447,True,0.0024937952402979136,1306.8260498046875,0.00020943520939908922
3,750,9,blocks.1.attn.v.weight,attn_v,1,84.71141815185547,0.3271437726543955,0.31670943174976063,0.3271437726543955,0.3271437726543955,27.712812921102035,26.82890510559082,0.9681047240484866,0.26159150347168547,0.2845178362011942,0.3271437726543955,0.26159150347168547,0.2845178362011942,0.035,0.025,0.7996224453523026,0.8697027422917427,0.001774781965650618,6.745535938534886e-05,6.745535938534886e-05,0.00042091390505750266,0.0019676919326318686,0.0004883692644428515,0.002078234492121388,0.0020351472920172174,0.310589374606388,True,0.017569037154316902,9212.2744140625,0.0012065074406564236
3,750,10,blocks.1.mlp.fc.weight,mlp_fc,1,194.80154418945312,0.28452354457878526,0.28447331041190893,0.28452354457878526,0.28452354457878526,55.42562584220407,55.41584014892578,0.9998234446047366,0.27851742447924416,0.2845178362011942,0.28452354457878526,0.27851742447924416,0.2845178362011942,0.035,0.025,0.9788906042611247,0.9999799370642611,0.0015260132495313883,2.725332888076082e-05,2.725332888076082e-05,0.00016515764069909114,0.0005329736429435569,0.00019241096957985196,0.0005557722056736131,0.0005602269718243177,0.2874394360058292,True,0.00632620882242918,3315.454345703125,0.0002675784344319254
3,750,11,blocks.1.mlp.proj.weight,mlp_proj,1,100.32979583740234,0.27621717646086213,0.2761580479477939,0.27621717646086213,0.27621717646086213,27.712812921102035,27.706880569458008,0.999785934698837,0.2641255115092508,0.2845178362011942,0.27621717646086213,0.2641255115092508,0.2845178362011942,0.035,0.025,0.9562240657639746,1.030051207700721,0.0027508335188031197,5.1627510401885957e-05,5.1627510401885957e-05,0.00043881710768187707,0.0017397725375432058,0.000490444618083763,0.0018249792109844261,0.0017914000479450918,0.5310717453144588,True,0.008903156965970993,4665.46630859375,0.0003671746817417443
3,750,12,blocks.2.attn.k.weight,attn_k,2,87.12223052978516,0.31809117779218976,0.31465717862370185,0.31809117779218976,0.31809117779218976,27.712812921102035,27.41363525390625,0.9892043558318119,0.3202087303225945,0.2845178362011942,0.31809117779218976,0.3202087303225945,0.2845178362011942,0.035,0.025,1.0066570614913066,0.8944537166229453,0.0008754968293942511,4.965960397385061e-05,4.965960397385061e-05,4.2078772902990645e-05,0.0007928701563513147,9.173837687684125e-05,0.0007884674785777766,0.0008425297603251653,0.2023589139863509,True,0.004983373451977968,2608.430908203125,0.0007594003109261394
3,750,13,blocks.2.attn.proj.weight,attn_proj,2,89.97725677490234,0.3079979754265198,0.30501418620546455,0.3079979754265198,0.3079979754265198,27.712812921102035,27.444339752197266,0.990312308978915,0.2750315639959619,0.2845178362011942,0.3079979754265198,0.2750315639959619,0.2845178362011942,0.035,0.025,0.8929654930851232,0.9237652806229977,0.0014705252833664417,2.6076657377416268e-05,2.6076657377416268e-05,0.00013483790573171823,0.0013178670983346702,0.0001609145631091345,0.0013413425019063868,0.0013439437557120864,0.6267405968248934,True,0.00905040092766285,4742.68017578125,0.00030452836654148996
3,750,14,blocks.2.attn.q.weight,attn_q,2,87.42575073242188,0.31698684528224164,0.31204084398486504,0.31698684528224164,0.31698684528224164,27.712812921102035,27.280405044555664,0.9843968247547649,0.31947585334503925,0.2845178362011942,0.31698684528224164,0.31947585334503925,0.2845178362011942,0.035,0.025,1.0078520862926708,0.8975698532469466,0.0008308286778628826,7.303433085326105e-05,7.303433085326105e-05,3.492046939397865e-05,0.0007600101518927496,0.00010795480024723971,0.0007830638799313089,0.0008330444827460106,0.13012029938337435,True,0.007386017125099897,3863.3759765625,0.0016501774080097675
3,750,15,blocks.2.attn.v.weight,attn_v,2,92.19686889648438,0.300583016026467,0.2911287774646812,0.300583016026467,0.300583016026467,27.712812921102035,26.841161727905273,0.9685469968105245,0.26159150347168547,0.2845178362011942,0.300583016026467,0.26159150347168547,0.2845178362011942,0.035,0.025,0.8702803868620833,0.9465532682529934,0.001962874550372362,0.00010744236351456493,0.00010744236351456493,0.000527449206117014,0.002510704714724039,0.0006348915696315789,0.002676097795117172,0.002618147078238604,0.19815307609928162,True,0.023477526381611824,12299.111328125,0.002092663897201419
3,750,16,blocks.2.mlp.fc.weight,mlp_fc,2,197.26551818847656,0.2809696613538301,0.28079505457652876,0.2809696613538301,0.2809696613538301,55.42562584220407,55.39118194580078,0.9993785564731131,0.27851742447924416,0.2845178362011942,0.2809696613538301,0.27851742447924416,0.2845178362011942,0.035,0.025,0.9912722360742792,1.0126283201903987,0.0017079059034585953,3.257460775785148e-05,3.257460775785148e-05,0.00018905603797171437,0.0006258341703415978,0.00022163064572956585,0.0006536388621246799,0.0006584087780994493,0.2657868971330754,True,0.007733624428510666,4052.55126953125,0.0003627974074333906
3,750,17,blocks.2.mlp.proj.weight,mlp_proj,2,101.3717269897461,0.273378127649983,0.27338651440750633,0.273378127649983,0.273378127649983,27.712812921102035,27.71366310119629,1.0000306782316424,0.2641255115092508,0.2845178362011942,0.273378127649983,0.2641255115092508,0.2845178362011942,0.035,0.025,0.9661545119930783,1.0407483533776845,0.0028766151517629623,5.8035864640260115e-05,5.8035864640260115e-05,0.0004948009708908838,0.0019521947460584194,0.000552836835531144,0.002048875236068097,0.0020102306106986796,0.4889545133082563,True,0.010291287675499916,5392.134765625,0.0004892395809292793
3,750,18,blocks.3.attn.k.weight,attn_k,3,88.15694427490234,0.31435768502461214,0.31202793324082656,0.31435768502461214,0.31435768502461214,27.712812921102035,27.507429122924805,0.9925888505521993,0.3202087303225945,0.2845178362011942,0.31435768502461214,0.3202087303225945,0.2845178362011942,0.035,0.025,1.018612700044296,0.9050767636837582,0.0006249748403206468,1.652322316658683e-05,1.652322316658683e-05,3.0556056223804445e-05,0.00045973968722698135,4.7079279390391276e-05,0.0004443926365529404,0.0004762629103935682,0.4290532910383649,True,0.0028640395030379295,1502.3287353515625,0.0002462392149027437
3,750,19,blocks.3.attn.proj.weight,attn_proj,3,91.70046997070312,0.3022101514851107,0.29959998299410523,0.3022101514851107,0.3022101514851107,27.712812921102035,27.473459243774414,0.9913630681227107,0.2750315639959619,0.2845178362011942,0.3022101514851107,0.2750315639959619,0.2845178362011942,0.035,0.025,0.9100672583115136,0.9414569126914714,0.0012072857934981585,1.5025443644844927e-05,1.5025443644844927e-05,0.00010402104807788721,0.0009685603374852377,0.00011904649172273214,0.0009815827271500604,0.0009835857811300826,0.8762160917958292,True,0.005801000632345676,3039.983642578125,0.0001298840215895325
3,750,20,blocks.3.attn.q.weight,attn_q,3,87.5276107788086,0.31661795260395265,0.3143528622864942,0.31661795260395265,0.31661795260395265,27.712812921102035,27.514554977416992,0.9928459826777787,0.31947585334503925,0.2845178362011942,0.31661795260395265,0.31947585334503925,0.2845178362011942,0.035,0.025,1.0090263382653524,0.8986156150061665,0.0005524302832782269,9.898201824398711e-06,9.898201824398711e-06,2.289094726648121e-05,0.00035222248797414125,3.278914909087992e-05,0.0003386697753048356,0.00036212068979853997,0.6376408017980665,True,0.002912346739321947,1527.211181640625,0.0002156501723220572
3,750,21,blocks.3.attn.v.weight,attn_v,3,94.61415100097656,0.2929034676939182,0.28515776131243076,0.2929034676939182,0.2929034676939182,27.712812921102035,26.97995948791504,0.9735554295670592,0.26159150347168547,0.2845178362011942,0.2929034676939182,0.26159150347168547,0.2845178362011942,0.035,0.025,0.8930980077881718,0.9713706650223517,0.00160219706594944,6.63524551782757e-05,6.63524551782757e-05,0.0004194762895541772,0.0019555957748443376,0.0004858287447324529,0.0020676950593666093,0.0020219482300226133,0.2552130267291802,True,0.01792391762137413,9387.5986328125,0.0012836268870159984
3,750,22,blocks.3.mlp.fc.weight,mlp_fc,3,199.41741943359375,0.27793773482592316,0.27772419049018077,0.27793773482592316,0.27793773482592316,55.42562584220407,55.38304138183594,0.9992316828232238,0.27851742447924416,0.2845178362011942,0.27793773482592316,0.27851742447924416,0.2845178362011942,0.035,0.025,1.0020856817217858,1.0236747319661084,0.0017049701418727636,3.463016400928609e-05,3.463016400928609e-05,0.00019441419838077173,0.0006403629702585402,0.00022904436239005782,0.0006698273199093506,0.0006749931342678263,0.24688752018453833,True,0.007677790243178606,4022.937255859375,0.0004137876385357231
3,750,23,blocks.3.mlp.proj.weight,mlp_proj,3,102.91558074951172,0.2692771368462935,0.26925074082511197,0.2692771368462935,0.2692771368462935,27.712812921102035,27.71009635925293,0.9999019745178218,0.2641255115092508,0.2845178362011942,0.2692771368462935,0.2641255115092508,0.2845178362011942,0.035,0.025,0.9808686864492944,1.056598564339312,0.0028691396582871675,6.598501931875944e-05,6.598501931875944e-05,0.0005295404958409383,0.002051724470314064,0.0005955255151596977,0.002157378975419222,0.0021177094896328236,0.4224985387128892,True,0.01199900358915329,6285.4501953125,0.0007676100358366966
3,750,24,blocks.4.attn.k.weight,attn_k,4,88.13395690917969,0.3144396767486514,0.3119884064033101,0.3144396767486514,0.3144396767486514,27.712812921102035,27.49677276611328,0.9922043223975922,0.3202087303225945,0.2845178362011942,0.3144396767486514,0.3202087303225945,0.2845178362011942,0.035,0.025,1.0183470916698423,0.9048407603746033,0.0006407893961295485,1.355832409899449e-05,1.355832409899449e-05,3.019504783136294e-05,0.0005307348938059073,4.375337193035743e-05,0.0005062860661505927,0.0005442932179049018,0.5362484333406656,True,0.0028887689113616943,1513.426513671875,0.00015050583169795573
3,750,25,blocks.4.attn.proj.weight,attn_proj,4,97.28262329101562,0.28486909566779134,0.282631290590842,0.28486909566779134,0.28486909566779134,27.712812921102035,27.495113372802734,0.9921444441991837,0.2750315639959619,0.2845178362011942,0.28486909566779134,0.2750315639959619,0.2845178362011942,0.035,0.025,0.965466483302556,0.9987669442844486,0.001083197770640254,1.1060890756198205e-05,1.1060890756198205e-05,8.658806102839197e-05,0.0007833434703683085,9.764895178459017e-05,0.0007928594093343162,0.0007944043611245067,1.0066590016104393,True,0.004773265216499567,2501.2353515625,8.469763270113617e-05
3,750,26,blocks.4.attn.q.weight,attn_q,4,87.99440002441406,0.314938370094155,0.31230390991469614,0.314938370094155,0.314938370094155,27.712812921102035,27.480995178222656,0.9916349977341037,0.31947585334503925,0.2845178362011942,0.314938370094155,0.31947585334503925,0.2845178362011942,0.035,0.025,1.0144075275728637,0.90340797825344,0.0005607708590105176,9.458231943426654e-06,9.458231943426654e-06,1.977207188400058e-05,0.0004052426295326263,2.9230303827427233e-05,0.0003866088307810243,0.000414700861476053,0.6737836102343274,True,0.003324652323499322,1740.1864013671875,0.000173321517650038
3,750,27,blocks.4.attn.v.weight,attn_v,4,100.71575927734375,0.2751586556061053,0.26789686112038386,0.2751586556061053,0.2751586556061053,27.712812921102035,26.981435775756836,0.973608700515988,0.26159150347168547,0.2845178362011942,0.2751586556061053,0.26159150347168547,0.2845178362011942,0.035,0.025,0.9506933477904418,1.034013760441128,0.0015461782459169626,6.626347021665424e-05,6.626347021665424e-05,0.00041024748997785807,0.0018957759773545694,0.0004765109601945123,0.002007076995208614,0.0019620394475712236,0.23167968356957783,True,0.016989968717098236,8898.0693359375,0.0012535516871139407
3,750,28,blocks.4.mlp.fc.weight,mlp_fc,4,200.45556640625,0.2764983124982253,0.2764111304694128,0.2764983124982253,0.2764983124982253,55.42562584220407,55.40814971923828,0.9996846923656659,0.27851742447924416,0.2845178362011942,0.2764983124982253,0.27851742447924416,0.2845178362011942,0.035,0.025,1.0073024387121052,1.0290038793745635,0.0016603178810328245,3.804927837336436e-05,3.804927837336436e-05,0.00018369584779273773,0.0006074081471077688,0.0002217451261661021,0.0006404686442243078,0.0006454574254811332,0.2176840956796522,True,0.00704137422144413,3690.048828125,0.0004258527187630534
3,750,29,blocks.4.mlp.proj.weight,mlp_proj,4,104.27796936035156,0.26575903895227715,0.26573044534494455,0.26575903895227715,0.26575903895227715,27.712812921102035,27.70983123779297,0.9998924077711795,0.2641255115092508,0.2845178362011942,0.26575903895227715,0.2641255115092508,0.2845178362011942,0.035,0.025,0.9938533513310918,1.0705857355703547,0.0026691900566220284,5.4270967666525394e-05,5.4270967666525394e-05,0.0004737234075795325,0.0017998375398838823,0.0005279943752460579,0.0018884677565199,0.0018541085075504077,0.47164948837583265,True,0.010671512223780155,5591.6611328125,0.0006468154024332762
3,750,30,blocks.5.attn.k.weight,attn_k,5,87.4251937866211,0.31698886466000603,0.31460058233727817,0.31698886466000603,0.31698886466000603,27.712812921102035,27.504016876220703,0.9924657217051271,0.3202087303225945,0.2845178362011942,0.31698886466000603,0.3202087303225945,0.2845178362011942,0.035,0.025,1.0101576617400805,0.8975641352776244,0.0006589769618585706,1.3911638234276325e-05,1.3911638234276325e-05,2.209927793826033e-05,0.00036500857371000404,3.6010916172536656e-05,0.0003533648168089761,0.00037892021194428036,0.5418204000077852,True,0.002712537534534931,1422.11572265625,0.00017295805446337909
3,750,31,blocks.5.attn.proj.weight,attn_proj,5,105.08110809326172,0.2637278329469682,0.2617134983461687,0.2637278329469682,0.2637278329469682,27.712812921102035,27.501144409179688,0.9923620704789166,0.2750315639959619,0.2845178362011942,0.2637278329469682,0.2750315639959619,0.2845178362011942,0.035,0.025,1.0428613503651951,1.0788312823182624,0.0009244035463780165,7.996855856617913e-06,7.996855856617913e-06,6.941179918922024e-05,0.0006178605297233068,7.740865504583816e-05,0.0006243260170344122,0.0006258573855799247,1.1000633381706706,True,0.004392520058900118,2299.765625,6.500458403024822e-05
3,750,32,blocks.5.attn.q.weight,attn_q,5,85.32621765136719,0.3247866093670448,0.3222958753663048,0.3247866093670448,0.3247866093670448,27.712812921102035,27.500288009643555,0.9923311678224965,0.31947585334503925,0.2845178362011942,0.3247866093670448,0.31947585334503925,0.2845178362011942,0.035,0.025,0.9836484760490732,0.8760146754685245,0.0005537660326808691,8.623889698355924e-06,8.623889698355924e-06,1.4014538522817063e-05,0.000248469718260555,2.2638428221172988e-05,0.00024054168296149464,0.00025709360795891093,0.752559123824376,True,0.0027120127342641354,1421.7376708984375,0.00017294115968979895
3,750,33,blocks.5.attn.v.weight,attn_v,5,110.1875991821289,0.2515057331932205,0.24608914905297744,0.2515057331932205,0.2515057331932205,27.712812921102035,27.1159725189209,0.9784633770710922,0.26159150347168547,0.2845178362011942,0.2515057331932205,0.26159150347168547,0.2845178362011942,0.035,0.025,1.0401015521611052,1.1312578547965424,0.001415751175954938,5.355958637665026e-05,5.355958637665026e-05,0.0003503651893997677,0.0016107408099639683,0.00040392477577641794,0.0017035544100402586,0.0016643003963406186,0.2398926798745223,True,0.014483246020972729,7583.84912109375,0.0009301969548687339
3,750,34,blocks.5.mlp.fc.weight,mlp_fc,5,201.91360473632812,0.27450169053532797,0.2745419082100948,0.27450169053532797,0.27450169053532797,55.42562584220407,55.433746337890625,1.0001465115740809,0.27851742447924416,0.2845178362011942,0.27450169053532797,0.27851742447924416,0.2845178362011942,0.035,0.025,1.0146291774600178,1.0364884662325136,0.0015990064712241292,2.4017437681322917e-05,2.4017437681322917e-05,0.00016643574824761175,0.0005382091041471242,0.00019045318592893467,0.000557839000186751,0.0005622265418284471,0.32972962342810724,True,0.006793997250497341,3558.542724609375,0.0002874481142498553
3,750,35,blocks.5.mlp.proj.weight,mlp_proj,5,105.3388671875,0.2630825037426505,0.2631991248481902,0.2630825037426505,0.2630825037426505,27.712812921102035,27.72509765625,1.0004432871965376,0.2641255115092508,0.2845178362011942,0.2630825037426505,0.2641255115092508,0.2845178362011942,0.035,0.025,1.0039645653046565,1.0814776055176665,0.002414303831756115,2.9723287298111245e-05,2.9723287298111245e-05,0.0003638561253597505,0.001353872391910042,0.00039357941265786173,0.0014095232080256115,0.0013835956792081533,0.7710924320243853,True,0.007192867808043957,3769.09619140625,0.00020534794020932168
3,750,36,blocks.6.attn.k.weight,attn_k,6,87.35172271728516,0.31725548230794337,0.31543858545866593,0.31725548230794337,0.31725548230794337,27.712812921102035,27.55410385131836,0.9942730797398475,0.3202087303225945,0.2845178362011942,0.31725548230794337,0.3202087303225945,0.2845178362011942,0.035,0.025,1.0093087375296625,0.8968098332971518,0.0005523342406377196,8.891409379430115e-06,8.891409379430115e-06,2.2222418534759562e-05,0.00036565281577731994,3.111382791418968e-05,0.0003487037928466098,0.00037454422515675005,0.711147825076748,True,0.002230997895821929,1170.5047607421875,0.00010128440044354647
3,750,37,blocks.6.attn.proj.weight,attn_proj,6,103.84964752197266,0.26685514666998283,0.2651184293958274,0.26685514666998283,0.26685514666998283,27.712812921102035,27.532455444335938,0.9934919101399208,0.2750315639959619,0.2845178362011942,0.26685514666998283,0.2750315639959619,0.2845178362011942,0.035,0.025,1.030639908684582,1.0661883038480597,0.0007948016282171011,5.325052370608319e-06,5.325052370608319e-06,5.5588246735702396e-05,0.0004879884902948846,6.0913299106310715e-05,0.0004921013814730221,0.0004933135426654929,1.4372417949487644,True,0.0032929314766079187,1726.0208740234375,3.695240957313217e-05
3,750,38,blocks.6.attn.q.weight,attn_q,6,86.8281478881836,0.3191685368757412,0.31699400188335386,0.3191685368757412,0.3191685368757412,27.712812921102035,27.524002075195312,0.9931868754556146,0.31947585334503925,0.2845178362011942,0.3191685368757412,0.31947585334503925,0.2845178362011942,0.035,0.025,1.000962865802207,0.8914344721640366,0.0004805853823199868,5.437518666440155e-06,5.437518666440155e-06,1.0979501146017406e-05,0.00024364634382355532,1.641701981245756e-05,0.0002323573258284655,0.0002490838624899955,1.017909713908779,True,0.0024109180085361004,1264.1273193359375,9.602018690202385e-05
3,750,39,blocks.6.attn.v.weight,attn_v,6,109.58393859863281,0.2528911925916832,0.24793704632041272,0.2528911925916832,0.2528911925916832,27.712812921102035,27.169918060302734,0.9804099691234912,0.26159150347168547,0.2845178362011942,0.2528911925916832,0.26159150347168547,0.2845178362011942,0.035,0.025,1.0344033763724219,1.1250602810062083,0.0011743861250579357,3.24599132000003e-05,3.24599132000003e-05,0.00028379703057991644,0.0012867211163477433,0.00031625694377991674,0.0013500269757960963,0.0013191810295477436,0.3301540672991014,True,0.011611288413405418,6084.6806640625,0.0005582584999501705
3,750,40,blocks.6.mlp.fc.weight,mlp_fc,6,202.85733032226562,0.2732246636301146,0.27314564083770715,0.2732246636301146,0.2732246636301146,55.42562584220407,55.40959548950195,0.9997107772360071,0.27851742447924416,0.2845178362011942,0.2732246636301146,0.27851742447924416,0.2845178362011942,0.035,0.025,1.019371460756174,1.0413329178304636,0.001542343758046627,2.1104811821714975e-05,2.1104811821714975e-05,0.00014604050160498176,0.0004664953094154591,0.00016714531342669673,0.0004838212829873416,0.0004876001212371741,0.3602541482316841,True,0.005986036267131567,3136.82666015625,0.00024335506896022707
3,750,41,blocks.6.mlp.proj.weight,mlp_proj,6,105.89508819580078,0.26170064535817605,0.26173352999207744,0.26170064535817605,0.26170064535817605,27.712812921102035,27.71629524230957,1.000125657442911,0.2641255115092508,0.2845178362011942,0.26170064535817605,0.2641255115092508,0.2845178362011942,0.035,0.025,1.009265801189584,1.0871881336470892,0.002406381070613861,2.905604924308136e-05,2.905604924308136e-05,0.000352327739393647,0.0012908228528518005,0.00038138378863672835,0.0013449637954064924,0.0013198789020948819,0.7820815189212144,True,0.006955414079129696,3644.88818359375,0.0001934028696268797
3,750,42,blocks.7.attn.k.weight,attn_k,7,86.37979888916016,0.3208251614091189,0.3187390351487288,0.3208251614091189,0.3208251614091189,27.712812921102035,27.53261375427246,0.9934976226576999,0.3202087303225945,0.2845178362011942,0.3208251614091189,0.3202087303225945,0.2845178362011942,0.035,0.025,0.9980786074140292,0.8868314285311766,0.0005910403560847044,1.1537210411916021e-05,1.1537210411916021e-05,2.3607755225589673e-05,0.0003997507261494863,3.5144965637505694e-05,0.0003832326418330903,0.0004112879365614023,0.5930675111755569,True,0.0024829686153680086,1300.328857421875,0.0001302272139582783
3,750,43,blocks.7.attn.proj.weight,attn_proj,7,111.85009002685547,0.24776746191664328,0.24570624364999,0.24776746191664328,0.24776746191664328,27.712812921102035,27.48226547241211,0.9916808355273681,0.2750315639959619,0.2845178362011942,0.24776746191664328,0.2750315639959619,0.2845178362011942,0.035,0.025,1.1100390740108204,1.1483260715521835,0.0008972786599770188,7.857252057874575e-06,7.857252057874575e-06,6.230061009045446e-05,0.0005535623484728294,7.015786214832903e-05,0.0005597897542735674,0.000561419600530704,1.0209872428624078,True,0.004326860420405865,2267.07470703125,6.089602175052278e-05
3,750,44,blocks.7.attn.q.weight,attn_q,7,84.26358032226562,0.32888245212361644,0.32652934973809433,0.32888245212361644,0.32888245212361644,27.712812921102035,27.5145320892334,0.9928451567715937,0.31947585334503925,0.2845178362011942,0.32888245212361644,0.31947585334503925,0.2845178362011942,0.035,0.025,0.9713982952941449,0.8651049466581239,0.0005234212148934603,7.663762517040595e-06,7.663762517040595e-06,1.1876217175678387e-05,0.00027105330282645217,1.9539979692718982e-05,0.00026037487043127226,0.00027871706534349276,0.8105305236375613,True,0.0026122266426682472,1369.2822265625,0.00014076271327212453
3,750,45,blocks.7.attn.v.weight,attn_v,7,119.33940124511719,0.23221846793232437,0.22710273535687642,0.23221846793232437,0.23221846793232437,27.712812921102035,27.102304458618164,0.9779701734276496,0.26159150347168547,0.2845178362011942,0.23221846793232437,0.26159150347168547,0.2845178362011942,0.035,0.025,1.1264888008300928,1.2252162316569561,0.0013745322357863188,4.951214214088395e-05,4.951214214088395e-05,0.00032059620627948745,0.001496571209948877,0.0003701083484203714,0.0015828747004555626,0.001546083352089761,0.23262659208022402,True,0.012747064232826233,6676.96142578125,0.0007242830470204353
3,750,46,blocks.7.mlp.fc.weight,mlp_fc,7,201.84555053710938,0.2745942414619343,0.2744994008988394,0.2745942414619343,0.2745942414619343,55.42562584220407,55.4064826965332,0.9996546156154309,0.27851742447924416,0.2845178362011942,0.2745942414619343,0.27851742447924416,0.2845178362011942,0.035,0.025,1.014287200621626,1.0361391218054206,0.001550970016978681,2.1917618141742423e-05,2.1917618141742423e-05,0.00014141999418345103,0.000455792227012205,0.00016333761232519345,0.00047400668451291707,0.0004777098451539474,0.35058301021992266,True,0.005889975465834141,3083.999755859375,0.00025958303012885153
3,750,47,blocks.7.mlp.proj.weight,mlp_proj,7,106.9350814819336,0.2591554851509048,0.25925666701982714,0.2591554851509048,0.2591554851509048,27.712812921102035,27.7236328125,1.000390429200701,0.2641255115092508,0.2845178362011942,0.2591554851509048,0.2641255115092508,0.2845178362011942,0.035,0.025,1.0191777779870335,1.0978653839239445,0.002443562028929591,2.9602344511658885e-05,2.9602344511658885e-05,0.0003492804189841183,0.0012593883454543836,0.00037888276349577716,0.0013134019648780935,0.0012889906899660425,0.7719284626479278,True,0.007193058263510466,3768.216064453125,0.00020266274805180728
3,750,48,blocks.8.attn.k.weight,attn_k,8,85.7920913696289,0.32302293228525486,0.32082658326086,0.32302293228525486,0.32302293228525486,27.712812921102035,27.524383544921875,0.993200640558697,0.3202087303225945,0.2845178362011942,0.32302293228525486,0.3202087303225945,0.2845178362011942,0.035,0.025,0.9912879189636753,0.8807976393141722,0.0006269851000979543,1.7162750737043098e-05,1.7162750737043098e-05,2.8294313193189892e-05,0.00041944085817768856,4.545706393023299e-05,0.0004077855636500283,0.00043660360891473166,0.4258170729776831,True,0.0028429480735212564,1492.192138671875,0.0002141136210411787
3,750,49,blocks.8.attn.proj.weight,attn_proj,8,114.33661651611328,0.24237915871156213,0.24064178759187582,0.24237915871156213,0.24237915871156213,27.712812921102035,27.51416778564453,0.99283201109815,0.2750315639959619,0.2845178362011942,0.24237915871156213,0.2750315639959619,0.2845178362011942,0.035,0.025,1.134716225016925,1.1738543763978415,0.0007973098545335233,5.5191326282511e-06,5.5191326282511e-06,5.053998727283614e-05,0.00044444126939833714,5.605911990108724e-05,0.0004485158634831188,0.00044996040202658824,1.2634875446279483,True,0.003878797637298703,2031.5460205078125,4.751660526380874e-05
3,750,50,blocks.8.attn.q.weight,attn_q,8,85.25569915771484,0.3250552537236953,0.3230623416335261,0.3250552537236953,0.3250552537236953,27.712812921102035,27.542905807495117,0.9938690051388633,0.31947585334503925,0.2845178362011942,0.3250552537236953,0.31947585334503925,0.2845178362011942,0.035,0.025,0.9828355323756782,0.8752906865582954,0.0005418224027380347,7.747411473246757e-06,7.747411473246757e-06,1.1534638584711614e-05,0.00026160390835499643,1.928205005795837e-05,0.0002517646956355718,0.0002693513198282432,0.8203079398466168,True,0.002483772812411189,1303.4632568359375,0.00011084879224654287
3,750,51,blocks.8.attn.v.weight,attn_v,8,122.34529876708984,0.22651310022021554,0.22275136702988205,0.22651310022021554,0.22651310022021554,27.712812921102035,27.252582550048828,0.9833928669614493,0.26159150347168547,0.2845178362011942,0.22651310022021554,0.26159150347168547,0.2845178362011942,0.035,0.025,1.15486258065148,1.2560767387165979,0.001136402366682887,2.9388411348918453e-05,2.9388411348918453e-05,0.0002283733727207284,0.001081307351019026,0.00025776178406964684,0.0011376434171680376,0.0011106957623679445,0.3160594162603985,True,0.009953497909009457,5213.541015625,0.0004348338406998664
3,750,52,blocks.8.mlp.fc.weight,mlp_fc,8,203.3141632080078,0.27261074667729324,0.272552240075103,0.27261074667729324,0.27261074667729324,55.42562584220407,55.41373062133789,0.9997853840947137,0.27851742447924416,0.2845178362011942,0.27261074667729324,0.27851742447924416,0.2845178362011942,0.035,0.025,1.0216670761294053,1.04367799020776,0.0014934823848307133,1.84760574484244e-05,1.84760574484244e-05,0.00012606171024142444,0.00040202347373269646,0.00014453776768984884,0.0004171122933096601,0.00042049953118112086,0.3975787530475978,True,0.005493227858096361,2878.170166015625,0.0002197963185608387
3,750,53,blocks.8.mlp.proj.weight,mlp_proj,8,107.9542465209961,0.25670887263996744,0.25679222622487363,0.25670887263996744,0.25670887263996744,27.712812921102035,27.721811294555664,1.0003247008334826,0.2641255115092508,0.2845178362011942,0.25670887263996744,0.2641255115092508,0.2845178362011942,0.035,0.025,1.0288912447513456,1.1083287978138123,0.002375636948272586,2.6090048777405173e-05,2.6090048777405173e-05,0.00032076583032873105,0.001124559547103349,0.0003468558791061362,0.0011720173055608054,0.0011506495958807541,0.8434618607342341,True,0.006816670764237642,3571.119873046875,0.00017589988419786096
3,750,54,blocks.9.attn.k.weight,attn_k,9,86.4603271484375,0.3205263481541529,0.3187490911118824,0.3205263481541529,0.3205263481541529,27.712812921102035,27.55915069580078,0.9944551920536278,0.3202087303225945,0.2845178362011942,0.3205263481541529,0.3202087303225945,0.2845178362011942,0.035,0.025,0.9990090741887915,0.8876581842325147,0.0005717551102861762,1.3034686162427533e-05,1.3034686162427533e-05,2.5190677594557213e-05,0.00039515240873758085,3.8225363756984746e-05,0.00038056349557243047,0.0004081870949000084,0.5073324031154421,True,0.0023665050975978374,1241.7481689453125,0.00014100506086833775
3,750,55,blocks.9.attn.proj.weight,attn_proj,9,115.94519805908203,0.23901647834505796,0.2369411533161189,0.23901647834505796,0.23901647834505796,27.712812921102035,27.47218894958496,0.9913172303294463,0.2750315639959619,0.2845178362011942,0.23901647834505796,0.2750315639959619,0.2845178362011942,0.035,0.025,1.1506803459756045,1.190369125054415,0.0006953703705221415,4.8735573727753945e-06,4.8735573727753945e-06,4.501895859177029e-05,0.0003952407151552167,4.989251596454568e-05,0.00039868202705819556,0.0004001142725279921,1.230601193004166,True,0.004177577793598175,2187.701416015625,5.7726152590475976e-05
3,750,56,blocks.9.attn.q.weight,attn_q,9,86.00189971923828,0.3222348926195033,0.3201114558949529,0.3222348926195033,0.3222348926195033,27.712812921102035,27.530193328857422,0.9934102830786421,0.31947585334503925,0.2845178362011942,0.3222348926195033,0.31947585334503925,0.2845178362011942,0.035,0.025,0.9914378010027551,0.8829516688534237,0.0005135768442414701,6.861760084575508e-06,6.861760084575508e-06,1.077314090603032e-05,0.00026262103444932316,1.7634900990605828e-05,0.0002516666177325634,0.00026948279453389867,0.870285726025587,True,0.002531815553084016,1328.3861083984375,0.00010727154585765675
3,750,57,blocks.9.attn.v.weight,attn_v,9,123.66104888916016,0.22410300713154696,0.22021660115268965,0.22410300713154696,0.22410300713154696,27.712812921102035,27.232215881347656,0.9826579481078795,0.26159150347168547,0.2845178362011942,0.22410300713154696,0.26159150347168547,0.2845178362011942,0.035,0.025,1.1672824332880682,1.2695850887631515,0.0009835693053901196,2.4132186808856204e-05,2.4132186808856204e-05,0.00019368012162546009,0.0009117118731040558,0.0002178123084343163,0.000958337432834666,0.000935844059912912,0.3295910141049519,True,0.008741465397179127,4577.953125,0.00037862214958295226
3,750,58,blocks.9.mlp.fc.weight,mlp_fc,9,203.63270568847656,0.2721843019018559,0.27214538810858213,0.2721843019018559,0.2721843019018559,55.42562584220407,55.417701721191406,0.9998570314562577,0.27851742447924416,0.2845178362011942,0.2721843019018559,0.27851742447924416,0.2845178362011942,0.035,0.025,1.0232677730976265,1.045313172777266,0.0015403713332489133,1.908046760945581e-05,1.908046760945581e-05,0.00011739634573309057,0.00037782946972089227,0.00013647681334254637,0.00039363852125802375,0.0003969099373303481,0.3964504197560354,True,0.005392778664827347,2823.23681640625,0.0002093680523103103
3,750,59,blocks.9.mlp.proj.weight,mlp_proj,9,109.08937072753906,0.25403770079779253,0.2540696749785025,0.25403770079779253,0.25403770079779253,27.712812921102035,27.71630096435547,1.0001258639194572,0.2641255115092508,0.2845178362011942,0.25403770079779253,0.2641255115092508,0.2845178362011942,0.035,0.025,1.0397098961287163,1.1199827242479379,0.0025147246196866035,3.065405326196924e-05,3.065405326196924e-05,0.0003252914675708408,0.001117392192715221,0.00035594552083281,0.0011694562576852138,0.0011480462459771902,0.7520038939460819,True,0.007442296948283911,3897.033935546875,0.0002309801202500239
3,750,60,blocks.10.attn.k.weight,attn_k,10,86.54049682617188,0.32022941787319426,0.3184843766695229,0.32022941787319426,0.32022941787319426,27.712812921102035,27.561796188354492,0.9945506530435043,0.3202087303225945,0.2845178362011942,0.32022941787319426,0.3202087303225945,0.2845178362011942,0.035,0.025,0.9999353977197437,0.8884812585015495,0.00043959126924164593,6.713831226079492e-06,6.713831226079492e-06,1.694723445840989e-05,0.0002606981090617924,2.3661065684489382e-05,0.0002493706678918332,0.0002674119402878719,0.756587661480048,True,0.0017841205699369311,935.4404296875,7.366760110016912e-05
3,750,61,blocks.10.attn.proj.weight,attn_proj,10,109.64413452148438,0.25275235234468296,0.24990942001252828,0.25275235234468296,0.25275235234468296,27.712812921102035,27.40110206604004,0.9887521033700393,0.2750315639959619,0.2845178362011942,0.25275235234468296,0.2750315639959619,0.2845178362011942,0.035,0.025,1.088146406728181,1.125678291663106,0.0006633445154875517,6.33018044027267e-06,6.33018044027267e-06,4.866595862230642e-05,0.00043928564260610774,5.499613906257909e-05,0.00044395090556311763,0.0004456158230463804,0.955735349242562,True,0.005070772022008896,2653.9951171875,0.00012028800119878724
3,750,62,blocks.10.attn.q.weight,attn_q,10,86.40103149414062,0.32074632029111144,0.31871359965724283,0.32074632029111144,0.32074632029111144,27.712812921102035,27.53718376159668,0.9936625285926272,0.31947585334503925,0.2845178362011942,0.32074632029111144,0.31947585334503925,0.2845178362011942,0.035,0.025,0.9960390287722737,0.8870494163205488,0.0003880696604028344,4.04810270993039e-06,4.04810270993039e-06,7.390635057452719e-06,0.00015729001964458715,1.143873776738311e-05,0.00015076684861967785,0.00016133812235451754,1.1095304875266807,True,0.0018005345482379198,944.6350708007812,6.246750854188576e-05
3,750,63,blocks.10.attn.v.weight,attn_v,10,118.32843780517578,0.2342024743598014,0.23056119634715072,0.2342024743598014,0.2342024743598014,27.712812921102035,27.281946182250977,0.9844524357712178,0.26159150347168547,0.2845178362011942,0.2342024743598014,0.26159150347168547,0.2845178362011942,0.035,0.025,1.1169459425514299,1.2148370207399863,0.0007999059744179249,1.4296299013949465e-05,1.4296299013949465e-05,0.00014370391184845294,0.0007095493593287998,0.0001580002108624024,0.0007410439055247386,0.0007238456583427492,0.4728530411242693,True,0.006590977311134338,3450.88623046875,0.00021345351706258953
3,750,64,blocks.10.mlp.fc.weight,mlp_fc,10,203.3571319580078,0.2725531448469148,0.272504555153428,0.2725531448469148,0.2725531448469148,55.42562584220407,55.41574478149414,0.9998217239668513,0.27851742447924416,0.2845178362011942,0.2725531448469148,0.27851742447924416,0.2845178362011942,0.035,0.025,1.0218829969314034,1.0438985628325794,0.0015731644816696644,2.1638918042299338e-05,2.1638918042299338e-05,0.00012122837590935022,0.0003923106049796514,0.00014286729395164956,0.0004103763377769945,0.0004139495230219507,0.3575025816161412,True,0.005496700294315815,2877.046630859375,0.00024780561216175556
3,750,65,blocks.10.mlp.proj.weight,mlp_proj,10,109.92818450927734,0.2520992504771442,0.25205880109576706,0.2520992504771442,0.2520992504771442,27.712812921102035,27.70836639404297,0.9998395497753431,0.2641255115092508,0.2845178362011942,0.2520992504771442,0.2641255115092508,0.2845178362011942,0.035,0.025,1.0477044696060962,1.1285945343458652,0.002805959200486541,5.285241059027612e-05,5.285241059027612e-05,0.00040538695082127944,0.001370748604670194,0.00045823936141155556,0.0014492994143814803,0.0014236010152604702,0.48295592251519365,True,0.01100010797381401,5760.75146484375,0.0007064193487167358
3,750,66,blocks.11.attn.k.weight,attn_k,11,86.17070007324219,0.3216036645582208,0.3196318034707981,0.3216036645582208,0.3216036645582208,27.712812921102035,27.542896270751953,0.9938686610112862,0.3202087303225945,0.2845178362011942,0.3216036645582208,0.3202087303225945,0.2845178362011942,0.035,0.025,0.9956625673480975,0.8846846835281852,0.0004474229644984007,5.752028755523497e-06,5.752028755523497e-06,1.2867968727858602e-05,0.00023261132352524723,1.86199974833821e-05,0.00022197680738446915,0.00023836335228077072,0.9026878587921681,True,0.0016395399579778314,859.3723754882812,6.908521754667163e-05
3,750,67,blocks.11.attn.proj.weight,attn_proj,11,116.3784408569336,0.23812669010723356,0.23334777767470596,0.23812669010723356,0.23812669010723356,27.712812921102035,27.15665054321289,0.979931218838285,0.2750315639959619,0.2845178362011942,0.23812669010723356,0.2750315639959619,0.2845178362011942,0.035,0.025,1.154979997715121,1.194817078560449,0.0008666632347740233,2.2637570509687066e-05,2.2637570509687066e-05,5.693683188106025e-05,0.0006157235994536552,7.957440239074732e-05,0.0006358748793626071,0.0006383611699633423,0.3289637342243802,True,0.008829241618514061,4617.3486328125,0.0006230533472262323
3,750,68,blocks.11.attn.q.weight,attn_q,11,86.2139663696289,0.32144226844044826,0.3195623463472455,0.32144226844044826,0.32144226844044826,27.712812921102035,27.550737380981445,0.9941516027051452,0.31947585334503925,0.2845178362011942,0.32144226844044826,0.31947585334503925,0.2845178362011942,0.035,0.025,0.993882524831132,0.8851288835833523,0.00043692486360669136,4.593815901898779e-06,4.593815901898779e-06,6.8633278194477164e-06,0.00017619617185694322,1.1457143721346495e-05,0.00016864316474544141,0.000180789987758842,1.1032032861359105,True,0.0018039412098005414,945.73291015625,7.790643576299772e-05
3,750,69,blocks.11.attn.v.weight,attn_v,11,124.86012268066406,0.22195087051114729,0.21829753216275902,0.22195087051114729,0.22195087051114729,27.712812921102035,27.256656646728516,0.9835398782623694,0.26159150347168547,0.2845178362011942,0.22195087051114729,0.26159150347168547,0.2845178362011942,0.035,0.025,1.1786009348341224,1.2818955634008407,0.0008339420310221612,1.7287440641666763e-05,1.7287440641666763e-05,0.00012019889704258913,0.0006574287364802812,0.0001374863376842559,0.000690867806576609,0.000674716177121948,0.3863504334124926,True,0.006674422416836023,3491.666259765625,0.00027884679730050266
3,750,70,blocks.11.mlp.fc.weight,mlp_fc,11,201.45977783203125,0.27512005839903014,0.27502306695787476,0.27512005839903014,0.27512005839903014,55.42562584220407,55.40608596801758,0.9996474577618281,0.27851742447924416,0.2845178362011942,0.27512005839903014,0.27851742447924416,0.2845178362011942,0.035,0.025,1.0123486673417557,1.034158824539553,0.001912637148052454,6.853458762634546e-05,6.853458762634546e-05,0.00014203357419208593,0.0005401745651274791,0.00021056816181843138,0.000603571865858144,0.0006087091527538246,0.13852700091769451,True,0.010355228558182716,5420.04833984375,0.001283097080886364
3,750,71,blocks.11.mlp.proj.weight,mlp_proj,11,111.25955200195312,0.24908254996942236,0.2491537070668232,0.24908254996942236,0.24908254996942236,27.712812921102035,27.72072982788086,1.000285676766244,0.2641255115092508,0.2845178362011942,0.24908254996942236,0.2641255115092508,0.2845178362011942,0.035,0.025,1.0603934781528257,1.1422632225184859,0.003930322360247374,0.0003272733010817319,0.0003272733010817319,0.0005744931695479738,0.00223124282628085,0.0009017664706297057,0.002604081082154003,0.002558516127362582,0.10793947172106909,True,0.026098739355802536,13655.986328125,0.007419949397444725
4,1000,0,blocks.0.attn.k.weight,attn_k,0,93.77615356445312,0.2955208959605577,0.2938262543619799,0.2955208959605577,0.2955208959605577,27.712812921102035,27.553895950317383,0.9942655777586675,0.2974847631176091,0.2666738179423482,0.2955208959605577,0.2974847631176091,0.2666738179423482,0.035,0.025,1.0066454426197784,0.9023856572834036,0.0006992528215050697,1.38313425850356e-05,1.38313425850356e-05,1.528533553054811e-05,0.0002158401449260775,2.911667811558371e-05,0.000215728665951768,0.0002296714875111131,0.5391101069510994,True,0.0025913254357874393,1358.64306640625,0.000141464319312945
4,1000,1,blocks.0.attn.proj.weight,attn_proj,0,77.28347778320312,0.3585865144273459,0.3552614341984416,0.3585865144273459,0.3585865144273459,27.712812921102035,27.455839157104492,0.9907272580113342,0.2617406280904998,0.2666738179423482,0.3585865144273459,0.2617406280904998,0.2666738179423482,0.035,0.025,0.7299232334726623,0.7436805546583922,0.0016221865080296993,3.4882239560829476e-05,3.4882239560829476e-05,0.0001231970607523509,0.0011083799029155581,0.00015807930031318037,0.0011337499385920178,0.0011432621424763876,0.6017412271532343,True,0.007271697279065847,3810.226318359375,0.0003858726122416556
4,1000,2,blocks.0.attn.q.weight,attn_q,0,97.76888275146484,0.283452281965315,0.28163004263129665,0.283452281965315,0.283452281965315,27.712812921102035,27.53465461730957,0.9935712659591909,0.2975568009678355,0.2666738179423482,0.283452281965315,0.2975568009678355,0.2666738179423482,0.035,0.025,1.04975976522301,0.940806742120284,0.0006790166953578591,1.4982781067374162e-05,1.4982781067374162e-05,9.6298615106159e-06,0.00016769391473238764,2.4612642577990062e-05,0.00017188688888180364,0.0001826766957997618,0.46354016047604646,True,0.0025170797016471624,1319.3470458984375,0.0001776064746081829
4,1000,3,blocks.0.attn.v.weight,attn_v,0,80.53874206542969,0.34409294471706725,0.3397740076279938,0.34409294471706725,0.34409294471706725,27.712812921102035,27.364971160888672,0.9874483416315888,0.2471434521985491,0.2666738179423482,0.34409294471706725,0.2471434521985491,0.2666738179423482,0.035,0.025,0.7182462064189211,0.7750051898379449,0.001629010308533907,5.3344148909673095e-05,5.3344148909673095e-05,0.00028296880931073744,0.0012349535650122143,0.00033631295822041053,0.0013097078890829943,0.0012882977139218874,0.3791684559337514,True,0.011544698849320412,6048.97412109375,0.0008496246300637722
4,1000,4,blocks.0.mlp.fc.weight,mlp_fc,0,194.88868713378906,0.2843963221126065,0.28429656931348934,0.2843963221126065,0.2843963221126065,55.42562584220407,55.406185150146484,0.9996492472252287,0.25817935322383767,0.2666738179423482,0.2843963221126065,0.25817935322383767,0.2666738179423482,0.035,0.025,0.9078153729485002,0.9376837786135606,0.0026663457974791527,7.501513027818874e-05,7.501513027818874e-05,0.00019156124343453753,0.0007644387530790916,0.00026657637371272627,0.000837668447839327,0.0008394538833572803,0.1823815802727914,True,0.00842700619250536,4416.5009765625,0.0005805744440294802
4,1000,5,blocks.0.mlp.proj.weight,mlp_proj,0,101.4931411743164,0.27305109094519747,0.2730882207793772,0.27305109094519747,0.27305109094519747,27.712812921102035,27.716581344604492,1.0001359812702229,0.2477030837476181,0.2666738179423482,0.27305109094519747,0.2477030837476181,0.2666738179423482,0.035,0.025,0.9071675300404977,0.9766443965458126,0.006142613478004932,0.0003373296349309385,0.0003373296349309385,0.0007427824508928424,0.003833126860692034,0.0010801120858237809,0.004246887421320934,0.004170456495622973,0.17941634207190782,True,0.028520042076706886,14958.05078125,0.003881275188177824
4,1000,6,blocks.1.attn.k.weight,attn_k,1,90.84886932373047,0.3050430140451206,0.3012635349956714,0.3050430140451206,0.3050430140451206,27.712812921102035,27.36945152282715,0.9876100127672918,0.2974847631176091,0.2666738179423482,0.3050430140451206,0.2974847631176091,0.2666738179423482,0.035,0.025,0.9752223438023284,0.8742170961597665,0.0004912114818580449,1.5899890058790334e-05,1.5899890058790334e-05,2.2529633299056277e-05,0.00028567725530547145,3.842952335784661e-05,0.0002836928557086313,0.0003015771453642618,0.34005946071074666,True,0.0022210439201444387,1162.8026123046875,0.00023461633827537298
4,1000,7,blocks.1.attn.proj.weight,attn_proj,1,88.5757827758789,0.3128712166306571,0.30919005530238963,0.3128712166306571,0.3128712166306571,27.712812921102035,27.386751174926758,0.988234260192079,0.2617406280904998,0.2666738179423482,0.3128712166306571,0.2617406280904998,0.2666738179423482,0.035,0.025,0.8365762466397901,0.8523437240861799,0.0017643066821619868,4.224957956466824e-05,4.224957956466824e-05,0.00014875158559887007,0.0014129097702625236,0.0001910011651635383,0.0014422594286712007,0.0014551593498271919,0.4714511380142516,True,0.01088624820113182,5708.34814453125,0.0005266435327939689
4,1000,8,blocks.1.attn.q.weight,attn_q,1,94.08137512207031,0.2945621583989896,0.29102472997057455,0.2945621583989896,0.2945621583989896,27.712812921102035,27.380006790161133,0.987990893169582,0.2975568009678355,0.2666738179423482,0.2945621583989896,0.2975568009678355,0.2666738179423482,0.035,0.025,1.010166419831802,0.9053227318531997,0.00042549832141958177,8.90636511030607e-06,8.90636511030607e-06,1.1730790060133978e-05,0.00017837600482375785,2.0637155170440047e-05,0.00017610402267159697,0.00018728236993406392,0.5078011730924299,True,0.001874608569778502,981.5960083007812,0.00013148739526513964
4,1000,9,blocks.1.attn.v.weight,attn_v,1,88.1287841796875,0.3144581328229587,0.3062757418786005,0.3144581328229587,0.3144581328229587,27.712812921102035,26.991708755493164,0.9739793947419974,0.2471434521985491,0.2666738179423482,0.3144581328229587,0.2471434521985491,0.2666738179423482,0.035,0.025,0.785934362644365,0.848042362741137,0.0015606118831783533,5.847481588716619e-05,5.847481588716619e-05,0.0003134922038012701,0.001408124232833903,0.0003719670196884363,0.001493068470345416,0.0014665990487210691,0.30283653454468584,True,0.01393068116158247,7304.150390625,0.0010899690678343177
4,1000,10,blocks.1.mlp.fc.weight,mlp_fc,1,211.67559814453125,0.2618423017487338,0.26169437714040417,0.2618423017487338,0.2618423017487338,55.42562584220407,55.39431381225586,0.9994350622212664,0.25817935322383767,0.2666738179423482,0.2618423017487338,0.25817935322383767,0.2666738179423482,0.035,0.025,0.986010860352079,1.01845200779762,0.001299467752687633,2.243940980406478e-05,2.243940980406478e-05,0.00010024159736539726,0.00034085570313126164,0.00012268100716946205,0.00036236169323050865,0.0003632951129353264,0.27357932956308306,True,0.005188780836760998,2720.068115234375,0.0002233019913546741
4,1000,11,blocks.1.mlp.proj.weight,mlp_proj,1,107.57298278808594,0.25761870873930365,0.2576305659808345,0.25761870873930365,0.25761870873930365,27.712812921102035,27.714088439941406,1.0000460263215791,0.2477030837476181,0.2666738179423482,0.25761870873930365,0.2477030837476181,0.2666738179423482,0.035,0.025,0.9615104623409955,1.035149268651167,0.00240602670237422,3.509382804622874e-05,3.509382804622874e-05,0.00028242713524600333,0.0011608256175670698,0.00031752096329223207,0.0012180948159675727,0.0011959194456132986,0.6373331204733664,True,0.006879265885800123,3606.791259765625,0.00023100753605831414
4,1000,12,blocks.2.attn.k.weight,attn_k,2,93.80565643310547,0.2954279515208611,0.2930554736588233,0.2954279515208611,0.2954279515208611,27.712812921102035,27.49026107788086,0.9919693520879754,0.2974847631176091,0.2666738179423482,0.2954279515208611,0.2974847631176091,0.2666738179423482,0.035,0.025,1.006962142837736,0.9026695563825737,0.0007329797372221947,3.466225462034345e-05,3.466225462034345e-05,2.5320885909542504e-05,0.00045751394281485645,5.998314052988595e-05,0.00046299554184448547,0.0004921761974351999,0.225427105107226,True,0.0034508686512708664,1811.5118408203125,0.0006250960868783295
4,1000,13,blocks.2.attn.proj.weight,attn_proj,2,92.7103271484375,0.29891829501077427,0.2964269155794107,0.29891829501077427,0.29891829501077427,27.712812921102035,27.481836318969727,0.9916653497864004,0.2617406280904998,0.2666738179423482,0.29891829501077427,0.2617406280904998,0.2666738179423482,0.035,0.025,0.8756259903097118,0.8921294627775664,0.0014186520129442215,2.3857746782596223e-05,2.3857746782596223e-05,0.000122347801084825,0.0010648298085567116,0.00014620554786742122,0.0010786604104840662,0.0010886875553393078,0.6413843225658871,True,0.007591615431010723,3980.65576171875,0.00025002265465445817
4,1000,14,blocks.2.attn.q.weight,attn_q,2,93.96916961669922,0.29491388541734226,0.29153120386608894,0.29491388541734226,0.29491388541734226,27.712812921102035,27.39494514465332,0.9885299346062891,0.2975568009678355,0.2666738179423482,0.29491388541734226,0.2975568009678355,0.2666738179423482,0.035,0.025,1.0089616517945676,0.9042430049197899,0.0007025437662377954,5.373066960601136e-05,5.373066960601136e-05,1.6940600581534846e-05,0.00045988717967238675,7.06712701875462e-05,0.0004840702512238392,0.0005136178492783981,0.13914440325111493,True,0.00494577968493104,2595.682373046875,0.0013762779999524355
4,1000,15,blocks.2.attn.v.weight,attn_v,2,95.79641723632812,0.28928861559336816,0.28216381942092505,0.28928861559336816,0.28928861559336816,27.712812921102035,27.030282974243164,0.9753713219656907,0.2471434521985491,0.2666738179423482,0.28928861559336816,0.2471434521985491,0.2666738179423482,0.035,0.025,0.854314476536265,0.9218261748578176,0.0016920323250815272,8.662136679049581e-05,8.662136679049581e-05,0.0004032219983799929,0.0017644270928011472,0.0004898433651704887,0.0018839519107188233,0.001851048459591643,0.20390804305860155,True,0.018352549523115158,9614.572265625,0.001763436128385365
4,1000,16,blocks.2.mlp.fc.weight,mlp_fc,2,213.32699584960938,0.25981533945791774,0.25966902488720317,0.25981533945791774,0.25981533945791774,55.42562584220407,55.394412994384766,0.9994368516846672,0.25817935322383767,0.2666738179423482,0.25981533945791774,0.25817935322383767,0.2666738179423482,0.035,0.025,0.9937032731112281,1.0263975117817912,0.0015117550501599908,2.5614390324335545e-05,2.5614390324335545e-05,0.00012237170670360625,0.0004273283985147165,0.0001479860970279418,0.0004519174055058081,0.00045294278883905204,0.27666332198739757,True,0.006730054505169392,3527.843017578125,0.00029809490661136806
4,1000,17,blocks.2.mlp.proj.weight,mlp_proj,2,108.1801528930664,0.25617280231148787,0.2562087830441754,0.25617280231148787,0.25617280231148787,27.712812921102035,27.716705322265625,1.0001404549287245,0.2477030837476181,0.2666738179423482,0.25617280231148787,0.2477030837476181,0.2666738179423482,0.035,0.025,0.9669374793598455,1.0409919223903084,0.002618181984871626,4.533671017270535e-05,4.533671017270535e-05,0.0003514613370228118,0.0014324765299451702,0.00039679804719551715,0.0015050024965231,0.0014778132401178756,0.5338290906735264,True,0.008907600305974483,4672.38671875,0.000395782757550478
4,1000,18,blocks.3.attn.k.weight,attn_k,3,94.60928344726562,0.29291853728655404,0.2907217682846354,0.29291853728655404,0.29291853728655404,27.712812921102035,27.50497817993164,0.9925004097648947,0.2974847631176091,0.2666738179423482,0.29291853728655404,0.2974847631176091,0.2666738179423482,0.035,0.025,1.0155887226303744,0.9104026683072933,0.0006036973791196942,1.2785728358721826e-05,1.2785728358721826e-05,2.5136462492200954e-05,0.00038046190186243766,3.792219085092278e-05,0.0003680654748008897,0.0003932476302211595,0.4990683905500721,True,0.00269571365788579,1411.8111572265625,0.00019660519319586456
4,1000,19,blocks.3.attn.proj.weight,attn_proj,3,94.58917999267578,0.2929807925520434,0.29055210790972075,0.2929807925520434,0.2929807925520434,27.712812921102035,27.48308563232422,0.9917104304989953,0.2617406280904998,0.2666738179423482,0.2929807925520434,0.2617406280904998,0.2666738179423482,0.035,0.025,0.8933712883038424,0.9102092175376234,0.0011903292033821344,1.559655720484443e-05,1.559655720484443e-05,0.00010210619360074,0.0008568660044969798,0.00011770275080558443,0.0008647595482727368,0.0008724625617018242,0.8068575843610053,True,0.005460829474031925,2863.1298828125,0.00013180001405999064
4,1000,20,blocks.3.attn.q.weight,attn_q,3,93.99185180664062,0.2948427165592251,0.29228992994958986,0.2948427165592251,0.2948427165592251,27.712812921102035,27.472871780395508,0.9913418698639638,0.2975568009678355,0.2666738179423482,0.2948427165592251,0.2975568009678355,0.2666738179423482,0.035,0.025,1.0092051940108386,0.9044612702473909,0.0005618620198220015,1.1941161574213766e-05,1.1941161574213766e-05,1.7536740344701783e-05,0.0003170715040579372,2.947790191891555e-05,0.000308291716083958,0.00032901266563215096,0.5006023629843653,True,0.0029412454459816217,1540.7760009765625,0.0002540794375818223
4,1000,21,blocks.3.attn.v.weight,attn_v,3,98.41439819335938,0.28159307408102396,0.27503645138693295,0.28159307408102396,0.28159307408102396,27.712812921102035,27.067546844482422,0.9767159660602958,0.2471434521985491,0.2666738179423482,0.28159307408102396,0.2471434521985491,0.2666738179423482,0.035,0.025,0.8776616861231377,0.9470183839309094,0.001510657137259841,6.485386256827042e-05,6.485386256827042e-05,0.0003708154121064945,0.0015838632368983085,0.00043566927467476494,0.0016792184416648192,0.001648717099466579,0.23668537258575592,True,0.01566413789987564,8213.759765625,0.0012670914875343442
4,1000,22,blocks.3.mlp.fc.weight,mlp_fc,3,215.29409790039062,0.257441455119906,0.25733517469134537,0.257441455119906,0.257441455119906,55.42562584220407,55.40274429321289,0.9995871666103271,0.25817935322383767,0.2666738179423482,0.257441455119906,0.25817935322383767,0.2666738179423482,0.035,0.025,1.0028662753773978,1.0358619897410932,0.0015949576627463102,2.9035827537882142e-05,2.9035827537882142e-05,0.0001446409846700816,0.0004988219066633948,0.00017367681220796375,0.0005267002574993631,0.000527857734201277,0.2551425120130263,True,0.007430071476846933,3893.24169921875,0.00036917856778018177
4,1000,23,blocks.3.mlp.proj.weight,mlp_proj,3,109.56785583496094,0.2529283128698355,0.25286429940287813,0.2529283128698355,0.2529283128698355,27.712812921102035,27.705799102783203,0.9997469106315985,0.2477030837476181,0.2666738179423482,0.2529283128698355,0.2477030837476181,0.2666738179423482,0.035,0.025,0.979341066791101,1.0543454582705674,0.002728668274357915,6.302169640548527e-05,6.302169640548527e-05,0.00040844848531764426,0.0016402682136989189,0.00047147018172312953,0.0017338685967475552,0.0017032899101044041,0.3951641059563522,True,0.011919104494154453,6251.09130859375,0.0008468921878375113
4,1000,24,blocks.4.attn.k.weight,attn_k,4,94.5802001953125,0.2930086092424608,0.29079852036199955,0.2930086092424608,0.2930086092424608,27.712812921102035,27.503782272338867,0.9924572561667314,0.2974847631176091,0.2666738179423482,0.2930086092424608,0.2974847631176091,0.2666738179423482,0.035,0.025,1.0152765268116895,0.9101228070799758,0.0006241790251806378,1.4634700164606329e-05,1.4634700164606329e-05,3.2252231756778714e-05,0.0004336448152630676,4.6886931921385043e-05,0.00041987773015023235,0.00044827951542767395,0.4509465956345315,True,0.0026593334041535854,1394.0172119140625,0.00015415057714562863
4,1000,25,blocks.4.attn.proj.weight,attn_proj,4,100.78739929199219,0.2749630719294082,0.27283633447752964,0.2749630719294082,0.2749630719294082,27.712812921102035,27.498464584350586,0.9922653706297626,0.2617406280904998,0.2666738179423482,0.2749630719294082,0.2617406280904998,0.2666738179423482,0.035,0.025,0.9519119285868939,0.9698532100005481,0.0011055804789066315,1.209170113725122e-05,1.209170113725122e-05,8.614735509001622e-05,0.0007116052427361343,9.823905622726744e-05,0.0007173578835650221,0.0007236969438733855,0.9071867918413039,True,0.004532007500529289,2376.559326171875,8.768137922743335e-05
4,1000,26,blocks.4.attn.q.weight,attn_q,4,94.50090789794922,0.2932544621796532,0.29102243642090714,0.2932544621796532,0.2932544621796532,27.712812921102035,27.50188446044922,0.9923887747788964,0.2975568009678355,0.2666738179423482,0.2932544621796532,0.2975568009678355,0.2666738179423482,0.035,0.025,1.0146710087758073,0.9093597961315207,0.0005249523092061281,8.98359576240182e-06,8.98359576240182e-06,1.6507465653671373e-05,0.0002831991960340687,2.5491061416073193e-05,0.0002740856063908159,0.0002921827917964705,0.6183490073446032,True,0.0028612695168703794,1500.4285888671875,0.000140475676744245
4,1000,27,blocks.4.attn.v.weight,attn_v,4,105.10478973388672,0.2636684112233867,0.25729673689478677,0.2636684112233867,0.2636684112233867,27.712812921102035,27.043119430541992,0.9758345176844136,0.2471434521985491,0.2666738179423482,0.2636684112233867,0.2471434521985491,0.2666738179423482,0.035,0.025,0.9373267394900893,1.0113984329977823,0.001568435924127698,6.877259875182062e-05,6.877259875182062e-05,0.00038638879674329004,0.0016417737720274056,0.00045516139549511066,0.0017424590609631788,0.0017105463707792262,0.21698456294003962,True,0.0164017453789711,8591.9970703125,0.0012776573421433568
4,1000,28,blocks.4.mlp.fc.weight,mlp_fc,4,216.24093627929688,0.256314215041209,0.25630184412929263,0.256314215041209,0.256314215041209,55.42562584220407,55.422950744628906,0.9999517353654647,0.25817935322383767,0.2666738179423482,0.256314215041209,0.25817935322383767,0.2666738179423482,0.035,0.025,1.0072767645069112,1.0404175901811517,0.0015373085625469685,3.246051346650347e-05,3.246051346650347e-05,0.00013705672643801682,0.00047305022771006676,0.0001695172399045203,0.0005043082581487539,0.0005055107411765702,0.219011917593742,True,0.007002794183790684,3670.2294921875,0.0003966199583373964
4,1000,29,blocks.4.mlp.proj.weight,mlp_proj,4,110.85567474365234,0.2499900251853267,0.24992983518667092,0.2499900251853267,0.2499900251853267,27.712812921102035,27.706140518188477,0.9997592303988572,0.2477030837476181,0.2666738179423482,0.2499900251853267,0.2477030837476181,0.2666738179423482,0.035,0.025,0.99085186924553,1.066737833818182,0.002532737795263529,5.82365391892381e-05,5.82365391892381e-05,0.0003728792819350053,0.001460164125900372,0.0004311158211242434,0.001545007915977016,0.0015184006650896102,0.3923166528256809,True,0.012088312767446041,6338.80419921875,0.0009400805574841797
4,1000,30,blocks.5.attn.k.weight,attn_k,5,93.89466094970703,0.29514790980443395,0.29283161375094646,0.29514790980443395,0.29514790980443395,27.712812921102035,27.495325088500977,0.9921520838313944,0.2974847631176091,0.2666738179423482,0.29514790980443395,0.2974847631176091,0.2666738179423482,0.035,0.025,1.0079175668725675,0.9035260257104555,0.0007910957792773843,2.4362674594158307e-05,2.4362674594158307e-05,3.934487406919695e-05,0.0004949686782772513,6.370754866335526e-05,0.00048781878250005753,0.0005193313528714097,0.3458304301708162,True,0.0034212761092931032,1797.5301513671875,0.00039186928188428283
4,1000,31,blocks.5.attn.proj.weight,attn_proj,5,108.84059143066406,0.25461836027192336,0.2528847176992136,0.25461836027192336,0.25461836027192336,27.712812921102035,27.52412223815918,0.9931912114630855,0.2617406280904998,0.2666738179423482,0.25461836027192336,0.2617406280904998,0.2666738179423482,0.035,0.025,1.0279723261549958,1.0473471656071858,0.000990264001302421,9.267891073250212e-06,9.267891073250212e-06,7.18905340622139e-05,0.0005880716115012177,8.115842513546412e-05,0.000592051038135006,0.0005973395025744679,0.9817008741963177,True,0.004330304451286793,2270.8857421875,7.375085260719061e-05
4,1000,32,blocks.5.attn.q.weight,attn_q,5,91.5146255493164,0.3028238683680987,0.30040568970166837,0.3028238683680987,0.3028238683680987,27.712812921102035,27.491514205932617,0.9920145704516011,0.2975568009678355,0.2666738179423482,0.3028238683680987,0.2975568009678355,0.2666738179423482,0.035,0.025,0.9826068287528088,0.8806235102253954,0.0006465553888119757,1.3517647857952397e-05,1.3517647857952397e-05,1.8352902096132477e-05,0.0003173851537590748,3.1870549954084874e-05,0.00031135028811949593,0.0003309028016170272,0.5226537852413217,True,0.003339200047776103,1755.0374755859375,0.0003063126641791314
4,1000,33,blocks.5.attn.v.weight,attn_v,5,114.7803955078125,0.2414420406768486,0.23614219113754087,0.2414420406768486,0.2414420406768486,27.712812921102035,27.104494094848633,0.9780491851193426,0.2471434521985491,0.2666738179423482,0.2414420406768486,0.2471434521985491,0.2666738179423482,0.035,0.025,1.0236139965753992,1.104504489751519,0.0014835796318948269,6.765566649846733e-05,6.765566649846733e-05,0.00034614178589796086,0.0015078880612548625,0.0004137974523964282,0.0016076993618250482,0.0015755437277533298,0.19104644845371302,True,0.014610711485147476,7664.8515625,0.0013589942827820778
4,1000,34,blocks.5.mlp.fc.weight,mlp_fc,5,217.36917114257812,0.2549838394785475,0.2550016124383355,0.2549838394785475,0.2549838394785475,55.42562584220407,55.42948913574219,1.000069702298881,0.25817935322383767,0.2666738179423482,0.2549838394785475,0.25817935322383767,0.2666738179423482,0.035,0.025,1.0125322206765146,1.045845958268207,0.0015068635111674666,2.37861222558422e-05,2.37861222558422e-05,0.00012741745454666347,0.00043555665555421473,0.00015120357680250567,0.0004584776828360875,0.00045934277781005693,0.29144212205116665,True,0.006903388071805239,3618.15185546875,0.0003370534395799041
4,1000,35,blocks.5.mlp.proj.weight,mlp_proj,5,111.92387390136719,0.2476041255105584,0.24743017866425376,0.2476041255105584,0.2476041255105584,27.712812921102035,27.693344116210938,0.9992974800159578,0.2477030837476181,0.2666738179423482,0.2476041255105584,0.2477030837476181,0.2666738179423482,0.035,0.025,1.0003996631189227,1.0770168606539499,0.002224224153906107,2.3522097762906924e-05,2.3522097762906924e-05,0.00024945483346480827,0.0009597191845091494,0.0002729769312277152,0.0010012802967580882,0.0009832412822720564,0.8448503113729613,True,0.006530288606882095,3423.888916015625,0.0001733103854348883
4,1000,36,blocks.6.attn.k.weight,attn_k,6,93.65296936035156,0.29590960233701236,0.29413350748275774,0.29590960233701236,0.29590960233701236,27.712812921102035,27.546476364135742,0.9939978465037147,0.2974847631176091,0.2666738179423482,0.29590960233701236,0.2974847631176091,0.2666738179423482,0.035,0.025,1.0053231147896402,0.901200284939157,0.0005966918542981148,1.0432647286506835e-05,1.0432647286506835e-05,2.9810286867255056e-05,0.00037764280118375885,4.024293415376189e-05,0.00036388657729354994,0.0003880754484702657,0.6107085957373457,True,0.002405491191893816,1262.0804443359375,0.0001066697295755148
4,1000,37,blocks.6.attn.proj.weight,attn_proj,6,108.49465942382812,0.25543020336921407,0.253804723734813,0.25543020336921407,0.25543020336921407,27.712812921102035,27.536457061767578,0.9936363060712552,0.2617406280904998,0.2666738179423482,0.25543020336921407,0.2617406280904998,0.2666738179423482,0.035,0.025,1.024705084355918,1.0440183440518267,0.0008036743965931237,5.5944146879483014e-06,5.5944146879483014e-06,5.4009789354742605e-05,0.00042860061911967096,5.9604204042690906e-05,0.00043005517305405236,0.00043419503380761926,1.3240888136280444,True,0.003095943247899413,1623.43701171875,3.6896992241963744e-05
4,1000,38,blocks.6.attn.q.weight,attn_q,6,92.9669189453125,0.29809327054717183,0.29571645811038505,0.29809327054717183,0.29809327054717183,27.712812921102035,27.49184799194336,0.9920266149167982,0.2975568009678355,0.2666738179423482,0.29809327054717183,0.2975568009678355,0.2666738179423482,0.035,0.025,0.9982003297882183,0.8945985847075616,0.0005281277117319405,8.504484867444262e-06,8.504484867444262e-06,1.6493496397199448e-05,0.0002587826819561147,2.499798126464371e-05,0.0002511173352473275,0.000267287166823559,0.6679785326716032,True,0.002887134673073888,1515.6666259765625,0.00014853666652925313
4,1000,39,blocks.6.attn.v.weight,attn_v,6,115.5483627319336,0.23983734832655632,0.23506108058979716,0.23983734832655632,0.23983734832655632,27.712812921102035,27.16092300415039,0.980085387992808,0.2471434521985491,0.2666738179423482,0.23983734832655632,0.2471434521985491,0.2666738179423482,0.035,0.025,1.030462744534871,1.1118944559846118,0.0012362431734800339,3.972658305428922e-05,3.972658305428922e-05,0.00029066289768413337,0.00123960398224577,0.0003303894807384226,0.0013041439384884666,0.0012793305653000591,0.269313979967931,True,0.012162500061094761,6378.7177734375,0.0006900688167661428
4,1000,40,blocks.6.mlp.fc.weight,mlp_fc,6,218.33912658691406,0.25385109260360095,0.2538005956081141,0.25385109260360095,0.25385109260360095,55.42562584220407,55.41460037231445,0.9998010763122277,0.25817935322383767,0.2666738179423482,0.25385109260360095,0.25817935322383767,0.2666738179423482,0.035,0.025,1.0170503919279776,1.0505127837238442,0.0014218782307580113,1.9063265426666476e-05,1.9063265426666476e-05,0.00010713052850459405,0.00035930495201326706,0.00012619379393126053,0.00037740147279756767,0.00037836821743993354,0.3416123332442961,True,0.005931289400905371,3108.54296875,0.0002559254062362015
4,1000,41,blocks.6.mlp.proj.weight,mlp_proj,6,112.53562927246094,0.24625812376279796,0.24615522292134095,0.24625812376279796,0.24625812376279796,27.712812921102035,27.70123291015625,0.999582142347702,0.2477030837476181,0.2666738179423482,0.24625812376279796,0.2477030837476181,0.2666738179423482,0.035,0.025,1.0058676642327218,1.0829036373200631,0.0021533584222197533,2.1014617232140154e-05,2.1014617232140154e-05,0.0002288794609238532,0.0008496591059120504,0.00024989407815599336,0.000886318617723889,0.0008706737231441906,0.9105520899496556,True,0.0061180503107607365,3207.31884765625,0.00014623781316913664
4,1000,42,blocks.7.attn.k.weight,attn_k,7,93.015869140625,0.29793639705935265,0.2958809692697734,0.29793639705935265,0.29793639705935265,27.712812921102035,27.521625518798828,0.9931011188634111,0.2974847631176091,0.2666738179423482,0.29793639705935265,0.2974847631176091,0.2666738179423482,0.035,0.025,0.9984841263229293,0.8950696208131409,0.000727611652109772,1.6380594388465397e-05,1.6380594388465397e-05,3.5544852871307815e-05,0.0004334130111278796,5.192544725977321e-05,0.0004223704690027124,0.000449793605516345,0.4775435023678707,True,0.002853605430573225,1496.19384765625,0.00018076943524647504
4,1000,43,blocks.7.attn.proj.weight,attn_proj,7,117.54051971435547,0.2357724211909998,0.23398295083865325,0.2357724211909998,0.2357724211909998,27.712812921102035,27.502477645874023,0.9924101795141896,0.2617406280904998,0.2666738179423482,0.2357724211909998,0.2617406280904998,0.2666738179423482,0.035,0.025,1.1101409858215057,1.1310645095607474,0.0009751695906743407,8.70602707436774e-06,8.70602707436774e-06,6.425436698828126e-05,0.0005207384906233322,7.2960394062649e-05,0.000524004004351194,0.0005294445176976999,0.9529553002079064,True,0.0042890338227152824,2249.38525390625,6.810986087657511e-05
4,1000,44,blocks.7.attn.q.weight,attn_q,7,90.51286315917969,0.3061754092605062,0.3039638048899037,0.3061754092605062,0.3061754092605062,27.712812921102035,27.51263427734375,0.9927766753837587,0.2975568009678355,0.2666738179423482,0.3061754092605062,0.2975568009678355,0.2666738179423482,0.035,0.025,0.9718507494985085,0.8709837886276867,0.0006232438609004021,1.0390562238171697e-05,1.0390562238171697e-05,1.8682907805965374e-05,0.0002680502845423431,2.907347004413707e-05,0.0002622074621366669,0.0002784408467805148,0.6626873161097891,True,0.002842795569449663,1491.5888671875,0.00017619234859012067
4,1000,45,blocks.7.attn.v.weight,attn_v,7,126.31758117675781,0.21938999039510693,0.2150729722798575,0.21938999039510693,0.21938999039510693,27.712812921102035,27.167497634887695,0.9803226295444333,0.2471434521985491,0.2666738179423482,0.21938999039510693,0.2471434521985491,0.2666738179423482,0.035,0.025,1.1265028625666105,1.2155240877766857,0.001416798448190093,5.2137103921268135e-05,5.2137103921268135e-05,0.0003000834142633025,0.001324193946932355,0.00035222051818457065,0.0014035250979552343,0.0013763310508536231,0.21512821217541256,True,0.012250254862010479,6423.0712890625,0.0007808614755049348
4,1000,46,blocks.7.mlp.fc.weight,mlp_fc,7,217.10813903808594,0.2552904100591139,0.2552347070109563,0.2552904100591139,0.2552904100591139,55.42562584220407,55.41353225708008,0.9997818051679124,0.25817935322383767,0.2666738179423482,0.2552904100591139,0.25817935322383767,0.2666738179423482,0.035,0.025,1.0113163011648374,1.044590033290316,0.0014340892666950822,1.6049005353124812e-05,1.6049005353124812e-05,0.00010140124467058501,0.00033806874287208277,0.00011745025002370982,0.00035335279724741265,0.0003541177482252076,0.4115778163866428,True,0.005727298092097044,3004.10693359375,0.00021657662000507116
4,1000,47,blocks.7.mlp.proj.weight,mlp_proj,7,113.64348602294922,0.24385746945060888,0.24370894685561761,0.24385746945060888,0.24385746945060888,27.712812921102035,27.695934295654297,0.9993909450658873,0.2477030837476181,0.2666738179423482,0.24385746945060888,0.2477030837476181,0.2666738179423482,0.035,0.025,1.0157699262018631,1.093564279753836,0.0022278500255197287,2.262710222566966e-05,2.262710222566966e-05,0.00023555380122621103,0.0008516088194033941,0.0002581809034518807,0.0008897695071697257,0.0008742359216290638,0.8663880738424427,True,0.0064813923090696335,3399.766845703125,0.00016451822011731565
4,1000,48,blocks.8.attn.k.weight,attn_k,8,92.23694610595703,0.3004524118704775,0.2986138137143537,0.3004524118704775,0.3004524118704775,27.712812921102035,27.54322624206543,0.9938805678254525,0.2974847631176091,0.2666738179423482,0.3004524118704775,0.2974847631176091,0.2666738179423482,0.035,0.025,0.9901227328002021,0.887574229416767,0.0006561549962498248,1.4844722500129137e-05,1.4844722500129137e-05,2.951493839171295e-05,0.0003932979111570717,4.435966089184209e-05,0.0003831130768606458,0.00040814263365720083,0.47921393812729046,True,0.0027040853165090084,1415.6153564453125,0.00017088510503526777
4,1000,49,blocks.8.attn.proj.weight,attn_proj,8,119.8515396118164,0.23122617373844542,0.2295542651141374,0.23122617373844542,0.23122617373844542,27.712812921102035,27.512432098388672,0.9927693798791251,0.2617406280904998,0.2666738179423482,0.23122617373844542,0.2617406280904998,0.2666738179423482,0.035,0.025,1.1319679941881113,1.1533029052498176,0.0008429193403571844,6.002038389851805e-06,6.002038389851805e-06,5.279780014722965e-05,0.00042596695485101445,5.879983853708146e-05,0.00042751477203545487,0.00043196899324086626,1.171773392829016,True,0.003998543601483107,2098.71875,5.7123146689264104e-05
4,1000,50,blocks.8.attn.q.weight,attn_q,8,91.41664123535156,0.3031484481009926,0.30116155164651925,0.3031484481009926,0.3031484481009926,27.712812921102035,27.531177520751953,0.9934457970445947,0.2975568009678355,0.2666738179423482,0.3031484481009926,0.2975568009678355,0.2666738179423482,0.035,0.025,0.9815547558689982,0.879680630439866,0.0005927446763962507,8.809634891804308e-06,8.809634891804308e-06,1.7275250584990244e-05,0.0002841918603113769,2.6084885476794552e-05,0.00027525617336930186,0.00029300149520318123,0.7360113161248489,True,0.0030765035189688206,1613.025390625,0.00016236236842814833
4,1000,51,blocks.8.attn.v.weight,attn_v,8,129.42784118652344,0.21411786418630002,0.21091268603848634,0.21411786418630002,0.21411786418630002,27.712812921102035,27.2979736328125,0.9850307765772253,0.2471434521985491,0.2666738179423482,0.21411786418630002,0.2471434521985491,0.2666738179423482,0.035,0.025,1.154240227165325,1.2454533812756519,0.001138320192694664,2.8644304620684125e-05,2.8644304620684125e-05,0.00021094184247722478,0.0009395990407470114,0.0002395861470979089,0.0009873696808063127,0.0009682433453676955,0.30704246846263833,True,0.0096225431188941,5049.65087890625,0.00044011836871504784
4,1000,52,blocks.8.mlp.fc.weight,mlp_fc,8,218.67645263671875,0.25345950683716806,0.25342801499946155,0.25345950683716806,0.25345950683716806,55.42562584220407,55.418739318847656,0.9998757519964498,0.25817935322383767,0.2666738179423482,0.25345950683716806,0.25817935322383767,0.2666738179423482,0.035,0.025,1.0186216979807423,1.0521357879610707,0.0013746912591159344,1.3029475667281076e-05,1.3029475667281076e-05,9.108242609224986e-05,0.00029698833905782114,0.00010411190175953093,0.0003092349133715981,0.0003100178147251022,0.4824765521198875,True,0.005302542820572853,2782.440673828125,0.00018437861581332982
4,1000,53,blocks.8.mlp.proj.weight,mlp_proj,8,114.81436920166016,0.24137059772045782,0.24125490424613497,0.24137059772045782,0.24137059772045782,27.712812921102035,27.69952964782715,0.9995206811624391,0.2477030837476181,0.2666738179423482,0.24137059772045782,0.2477030837476181,0.2666738179423482,0.035,0.025,1.0262355319453376,1.1048314105398833,0.0021244706586003304,1.86197976290714e-05,1.86197976290714e-05,0.00020559809694931243,0.000708004944444957,0.00022421789457838383,0.0007391672018544354,0.0007266247420740284,0.9937554804196364,True,0.0059969983994960785,3145.647216796875,0.00013196106010582298
4,1000,54,blocks.9.attn.k.weight,attn_k,9,92.72064971923828,0.29888501649867105,0.29705119631803334,0.29888501649867105,0.29888501649867105,27.712812921102035,27.54277992248535,0.9938644626548462,0.2974847631176091,0.2666738179423482,0.29888501649867105,0.2974847631176091,0.2666738179423482,0.035,0.025,0.9953150766891381,0.8922287944251428,0.0005471975891850889,8.022479050850961e-06,8.022479050850961e-06,1.9871974667141605e-05,0.00024406697972533664,2.7894453717992567e-05,0.0002366543507698899,0.0002520894587761876,0.7356294671004023,True,0.0019941721111536026,1045.5130615234375,8.776236791163683e-05
4,1000,55,blocks.9.attn.proj.weight,attn_proj,9,122.45404052734375,0.2263119518290931,0.22435419571078133,0.2263119518290931,0.2263119518290931,27.712812921102035,27.47307777404785,0.9913493030196283,0.2617406280904998,0.2666738179423482,0.2263119518290931,0.2617406280904998,0.2666738179423482,0.035,0.025,1.156547968302451,1.178346153559471,0.0007545012049376965,5.703409442503471e-06,5.703409442503471e-06,4.8777090754325825e-05,0.0003957775538839992,5.4480500196829296e-05,0.00039688620414382624,0.00040148096332650267,1.0803196301147675,True,0.004606956150382757,2418.4091796875,8.063114364631474e-05
4,1000,56,blocks.9.attn.q.weight,attn_q,9,92.15392303466797,0.3007230946714724,0.2986943279708488,0.3007230946714724,0.3007230946714724,27.712812921102035,27.525854110717773,0.9932537050310797,0.2975568009678355,0.2666738179423482,0.3007230946714724,0.2975568009678355,0.2666738179423482,0.035,0.025,0.9894710657088177,0.886775318116749,0.0005329357227310538,7.170535809564171e-06,7.170535809564171e-06,1.4050045553882124e-05,0.0002147688972745607,2.1220581363446296e-05,0.00020858689069630274,0.00022193943308412487,0.8065093283498054,True,0.002545940689742565,1335.02587890625,0.0001433249854017049
4,1000,57,blocks.9.attn.v.weight,attn_v,9,131.8398895263672,0.21020051685919866,0.2070482348966607,0.21020051685919866,0.21020051685919866,27.712812921102035,27.297216415405273,0.9850034528476067,0.2471434521985491,0.2666738179423482,0.21020051685919866,0.2471434521985491,0.2666738179423482,0.035,0.025,1.175750925313359,1.2686639496751464,0.0009764907881617546,2.059395774267614e-05,2.059395774267614e-05,0.00016841646396182294,0.0007385543421199913,0.00018901042170449907,0.0007735498415924565,0.0007591482998626674,0.35965119112063115,True,0.008029928430914879,4210.572265625,0.000305157620459795
4,1000,58,blocks.9.mlp.fc.weight,mlp_fc,9,218.913818359375,0.2531846836238351,0.25315334791132865,0.2531846836238351,0.2531846836238351,55.42562584220407,55.418766021728516,0.9998762337750577,0.25817935322383767,0.2666738179423482,0.2531846836238351,0.25817935322383767,0.2666738179423482,0.035,0.025,1.019727376587374,1.0532778449527156,0.0014252319233492017,1.383173730573617e-05,1.383173730573617e-05,8.660467828717591e-05,0.00028607735487149897,0.00010043641559291208,0.0002990607385446308,0.00029990909217723514,0.470690716920939,True,0.005173633806407452,2713.379638671875,0.00017719395691528916
4,1000,59,blocks.9.mlp.proj.weight,mlp_proj,9,116.17817687988281,0.23853716477023434,0.23853463220264226,0.23853716477023434,0.23853716477023434,27.712812921102035,27.7125186920166,0.9999893829223951,0.2477030837476181,0.2666738179423482,0.23853716477023434,0.2477030837476181,0.2666738179423482,0.035,0.025,1.0384255383693044,1.1179550079720946,0.0022738752886652946,2.2415590137825347e-05,2.2415590137825347e-05,0.00021827877743717827,0.0007452244754397051,0.00024069436757500362,0.0007810230840999367,0.0007676400655775305,0.8731561311232595,True,0.006601215340197086,3465.282470703125,0.00017906661378219724
4,1000,60,blocks.10.attn.k.weight,attn_k,10,92.5892333984375,0.2993092382766148,0.2975837674738363,0.2993092382766148,0.2993092382766148,27.712812921102035,27.55305290222168,0.9942351568808554,0.2974847631176091,0.2666738179423482,0.2993092382766148,0.2974847631176091,0.2666738179423482,0.035,0.025,0.9939043807350857,0.8909642063767316,0.00044882280053570867,8.768874977249652e-06,8.768874977249652e-06,1.9649726784813173e-05,0.00029125854802500333,2.8418601762062826e-05,0.0002812702513466721,0.000300027423002253,0.5528031954930406,True,0.001897481270134449,997.061279296875,9.971053805202246e-05
4,1000,61,blocks.10.attn.proj.weight,attn_proj,10,116.08189392089844,0.23873501702157227,0.2362208468621189,0.23873501702157227,0.23873501702157227,27.712812921102035,27.420963287353516,0.9894687834620249,0.2617406280904998,0.2666738179423482,0.23873501702157227,0.2617406280904998,0.2666738179423482,0.035,0.025,1.0963646278453099,1.1170284999215316,0.0006804220611229539,5.928543941990938e-06,5.928543941990938e-06,4.96523956338022e-05,0.00041616587206586643,5.558093957579314e-05,0.00041758167770049954,0.00042209441600785737,0.988703013419158,True,0.005096821114420891,2681.079833984375,0.0001141991961048916
4,1000,62,blocks.10.attn.q.weight,attn_q,10,92.48475646972656,0.29964735788836067,0.2977878657288989,0.29964735788836067,0.29964735788836067,27.712812921102035,27.54083824157715,0.9937943982801567,0.2975568009678355,0.2666738179423482,0.29964735788836067,0.2975568009678355,0.2666738179423482,0.035,0.025,0.9930232759759422,0.8899588497012632,0.0003974562860094011,4.68695998279145e-06,4.68695998279145e-06,9.678154285996105e-06,0.00019136056542311866,1.4365114268787555e-05,0.00018387195749949004,0.0001960475254059101,0.9169126557505399,True,0.0018953040707856417,995.508544921875,8.159291610354558e-05
4,1000,63,blocks.10.attn.v.weight,attn_v,10,126.35375213623047,0.2193271861940672,0.2161485937302895,0.2193271861940672,0.2193271861940672,27.712812921102035,27.311185836791992,0.9855075309224846,0.2471434521985491,0.2666738179423482,0.2193271861940672,0.2471434521985491,0.2666738179423482,0.035,0.025,1.1268254359487806,1.2158721523303877,0.0008158825221471488,1.497461289545754e-05,1.497461289545754e-05,0.00013648572807067912,0.0006347644593764987,0.00015146034096613666,0.0006625116973429099,0.0006497390722719562,0.4312050936462056,True,0.0068035670556128025,3570.96044921875,0.00023910071467980742
4,1000,64,blocks.10.mlp.fc.weight,mlp_fc,10,218.57412719726562,0.2535781638610036,0.25355555813078956,0.2535781638610036,0.2535781638610036,55.42562584220407,55.420684814453125,0.9999108530093099,0.25817935322383767,0.2666738179423482,0.2535781638610036,0.25817935322383767,0.2666738179423482,0.035,0.025,1.0181450535518355,1.0516434612584498,0.0014667469076812267,1.5943925973260775e-05,1.5943925973260775e-05,8.456383751302478e-05,0.00028001083961621366,0.00010050776348628555,0.00029501275900227736,0.00029595476558947443,0.420882781687842,True,0.005018776748329401,2635.664794921875,0.00018651749996934086
4,1000,65,blocks.10.mlp.proj.weight,mlp_proj,10,117.17900085449219,0.2364998226560628,0.2364413180747594,0.2364998226560628,0.2364998226560628,27.712812921102035,27.705957412719727,0.9997526231493776,0.2477030837476181,0.2666738179423482,0.2364998226560628,0.2477030837476181,0.2666738179423482,0.035,0.025,1.047371118361674,1.1275856994200237,0.0026106066070497036,4.283677117200568e-05,4.283677117200568e-05,0.00029567170970249464,0.0010114207952734472,0.0003385084808745003,0.0010725398589365145,0.001054257566445453,0.5200857012147153,True,0.010146423242986202,5343.78857421875,0.0006030258373357356
4,1000,66,blocks.11.attn.k.weight,attn_k,11,92.15451049804688,0.3007211776323133,0.29897858459677545,0.3007211776323133,0.3007211776323133,27.712812921102035,27.55222511291504,0.9942052866071666,0.2974847631176091,0.2666738179423482,0.3007211776323133,0.2974847631176091,0.2666738179423482,0.035,0.025,0.989237823088531,0.8867809711373428,0.0004846291267313063,7.644602192158345e-06,7.644602192158345e-06,1.3834049847739533e-05,0.00020898125144684483,2.1478652039897878e-05,0.00020314603241894513,0.00021662585363900317,0.6879201409446589,True,0.0018083786126226187,952.3657836914062,9.308076550951228e-05
4,1000,67,blocks.11.attn.proj.weight,attn_proj,11,123.33753204345703,0.22469083386018815,0.22089373211109467,0.22469083386018815,0.22469083386018815,27.712812921102035,27.244487762451172,0.9831007714740406,0.2617406280904998,0.2666738179423482,0.22469083386018815,0.2617406280904998,0.2666738179423482,0.035,0.025,1.1648923260188067,1.1868477826215358,0.0008983055013231933,1.739876825013198e-05,1.739876825013198e-05,6.488098695971633e-05,0.0006116231562475635,8.227975520984831e-05,0.0006219282915861665,0.0006290219244976955,0.41861067772515775,True,0.008813958615064621,4652.67333984375,0.0005017915391363204
4,1000,68,blocks.11.attn.q.weight,attn_q,11,92.25244903564453,0.3004019211500212,0.2985282978515915,0.3004019211500212,0.3004019211500212,27.712812921102035,27.539966583251953,0.9937629450196134,0.2975568009678355,0.2666738179423482,0.3004019211500212,0.2975568009678355,0.2666738179423482,0.035,0.025,0.9905289547706826,0.8877234104277612,0.000447286874987185,4.516555691225221e-06,4.516555691225221e-06,7.324884379804106e-06,0.0001322237600457976,1.1841440071029328e-05,0.0001283712046815134,0.0001367403157370228,1.0734971127102513,True,0.0019561436492949724,1030.4466552734375,7.758486754028127e-05
4,1000,69,blocks.11.attn.v.weight,attn_v,11,133.3390350341797,0.20783720921632756,0.20503143443153238,0.20783720921632756,0.20783720921632756,27.712812921102035,27.338693618774414,0.9865001325057571,0.2471434521985491,0.2666738179423482,0.20783720921632756,0.2471434521985491,0.2666738179423482,0.035,0.025,1.1891203366828775,1.2830898709036287,0.000835559971164912,1.3994074834045023e-05,1.3994074834045023e-05,0.00011893273535916926,0.0005636213706212896,0.00013292681019321428,0.0005888345136883141,0.0005776154454553346,0.4477917896076226,True,0.006182841956615448,3253.895751953125,0.00020312413107603788
4,1000,70,blocks.11.mlp.fc.weight,mlp_fc,11,215.7380828857422,0.25691164536563643,0.25688455181346903,0.25691164536563643,0.25691164536563643,55.42562584220407,55.41978073120117,0.9998945413621573,0.25817935322383767,0.2666738179423482,0.25691164536563643,0.25817935322383767,0.2666738179423482,0.035,0.025,1.0049344118146029,1.0379981707828707,0.0017316150479018688,4.874726801062934e-05,4.874726801062934e-05,0.00010517571055684643,0.00040433111773986486,0.00015392297856747577,0.0004513475956413577,0.0004530783857504942,0.16465474661730456,True,0.007398305460810661,3926.243896484375,0.0009996234439313412
4,1000,71,blocks.11.mlp.proj.weight,mlp_proj,11,118.60557556152344,0.23365522902190008,0.2335618238155838,0.23365522902190008,0.23365522902190008,27.712812921102035,27.70173454284668,0.9996002434582554,0.2477030837476181,0.2666738179423482,0.23365522902190008,0.2477030837476181,0.2666738179423482,0.035,0.025,1.0601221499922064,1.141313289065546,0.0036334942560642958,0.0002499947149772197,0.0002499947149772197,0.00047413777712634983,0.0019039765089588043,0.0007241324921035695,0.0021910661611647397,0.002153971223936024,0.12254301040689258,True,0.02148338407278061,11378.6689453125,0.006289016455411911
5,1250,0,blocks.0.attn.k.weight,attn_k,0,98.5788345336914,0.2811233572824458,0.2797000021283278,0.2811233572824458,0.2811233572824458,27.712812921102035,27.572500228881836,0.9949369018359967,0.2880373927309156,0.2598890311743324,0.2811233572824458,0.2880373927309156,0.2598890311743324,0.035,0.025,1.0245943116050769,0.9244661620671412,0.0005941013805568218,7.962916242831852e-06,7.962916242831852e-06,1.742702117933342e-05,0.00022755269732250205,2.5389937422165273e-05,0.00022144932367321293,0.0002355156135653339,0.7568411459058875,True,0.0018916038097813725,992.6295166015625,6.944672350073233e-05
5,1250,1,blocks.0.attn.proj.weight,attn_proj,0,82.95492553710938,0.3340707346992299,0.3311900100321231,0.3340707346992299,0.3340707346992299,27.712812921102035,27.47384262084961,0.9913769020513086,0.25803170392384334,0.2598890311743324,0.3340707346992299,0.25803170392384334,0.2598890311743324,0.035,0.025,0.7723864353342836,0.7779461179331237,0.0014495948562398553,3.308388841105625e-05,3.308388841105625e-05,0.00012182655275917305,0.0010845767795513747,0.0001549104411702293,0.0011036808192748469,0.001117660667962431,0.5281872507847291,True,0.006179938558489084,3236.238525390625,0.00029436039039865136
5,1250,2,blocks.0.attn.q.weight,attn_q,0,101.53124237060547,0.27294862422687377,0.2716064281502476,0.27294862422687377,0.27294862422687377,27.712812921102035,27.5765380859375,0.995082605452124,0.28864498834391467,0.2598890311743324,0.27294862422687377,0.28864498834391467,0.2598890311743324,0.035,0.025,1.0575066614147655,0.9521536586251986,0.0005946190212853253,8.028198863030411e-06,8.028198863030411e-06,1.4540856101097344e-05,0.0001971092993104544,2.2569054964127756e-05,0.00019278186028302453,0.00020513749817348482,0.7294927426719419,True,0.0018636463209986687,977.4575805664062,7.077096961438656e-05
5,1250,3,blocks.0.attn.v.weight,attn_v,0,86.63743591308594,0.31987111147776043,0.31615472595273464,0.31987111147776043,0.31987111147776043,27.712812921102035,27.39083480834961,0.9883816156205762,0.24249308475619233,0.2598890311743324,0.31987111147776043,0.24249308475619233,0.2598890311743324,0.035,0.025,0.7580962333106848,0.8124804705672884,0.0014379341155290604,4.424906364874914e-05,4.424906364874914e-05,0.00028694947641855835,0.0012313620063174441,0.0003311985400673075,0.0012940765910092796,0.0012756110699661933,0.37508466776559257,True,0.009651726111769676,5057.07666015625,0.0006150854751467705
5,1250,4,blocks.0.mlp.fc.weight,mlp_fc,0,203.532470703125,0.2723183463097079,0.27229159594515195,0.2723183463097079,0.2723183463097079,55.42562584220407,55.42018127441406,0.9999017680412755,0.24971112954039962,0.2598890311743324,0.2723183463097079,0.24971112954039962,0.2598890311743324,0.035,0.025,0.9169823955100069,0.9543574081445116,0.002443134319037199,7.298585842363536e-05,7.298585842363536e-05,0.0001939533370470506,0.0007906910568349966,0.00026693919547068597,0.000865655769062603,0.000863676915258632,0.16446554155082066,True,0.007454500999301672,3904.552734375,0.0005058803944848478
5,1250,5,blocks.0.mlp.proj.weight,mlp_proj,0,105.20684051513672,0.26341265249872065,0.26334817922776876,0.26341265249872065,0.26341265249872065,27.712812921102035,27.706029891967773,0.9997552385189633,0.2411618552873383,0.2598890311743324,0.26341265249872065,0.2411618552873383,0.2598890311743324,0.035,0.025,0.9155287454861706,0.9866231887839731,0.005675230175256729,0.00034774537198245525,0.00034774537198245525,0.0007378753989450886,0.004040177739576676,0.0010856207709275438,0.0044736288633710625,0.004387923111559131,0.15512369573774265,True,0.026111068204045296,13670.4736328125,0.0040356190875172615
5,1250,6,blocks.1.attn.k.weight,attn_k,1,94.13079833984375,0.29440749903182045,0.29069448704124023,0.29440749903182045,0.29440749903182045,27.712812921102035,27.363304138183594,0.9873881881311187,0.2880373927309156,0.2598890311743324,0.29440749903182045,0.2880373927309156,0.2598890311743324,0.035,0.025,0.9783629618068379,0.8827527560574902,0.0004958932986482978,1.644211806706153e-05,1.644211806706153e-05,3.394148804010808e-05,0.00040115341744157145,5.038360610716961e-05,0.00039371927391684933,0.000417595535508633,0.3204045943707188,True,0.002287529408931732,1196.174072265625,0.00026541799888946116
5,1250,7,blocks.1.attn.proj.weight,attn_proj,1,89.45660400390625,0.30979057644410374,0.30593796843326576,0.30979057644410374,0.30979057644410374,27.712812921102035,27.36817169189453,0.9875638308464503,0.25803170392384334,0.2598890311743324,0.30979057644410374,0.25803170392384334,0.2598890311743324,0.035,0.025,0.8329230245982018,0.8389184530964091,0.0018069965299218893,5.235409116721712e-05,5.235409116721712e-05,0.00017368750047737908,0.0016935273684043591,0.0002260415916445962,0.0017235897920981288,0.0017458814595715762,0.38582848388449076,True,0.011671080254018307,6111.68701171875,0.000707072380464524
5,1250,8,blocks.1.attn.q.weight,attn_q,1,97.27259826660156,0.2848984546002119,0.2814547840053481,0.2848984546002119,0.2848984546002119,27.712812921102035,27.377838134765625,0.9879126385585585,0.28864498834391467,0.2598890311743324,0.2848984546002119,0.28864498834391467,0.2598890311743324,0.035,0.025,1.0131504179233268,0.9122163598220482,0.0004428222309798002,8.924400390242226e-06,8.924400390242226e-06,2.5757341582364828e-05,0.0003069231567158255,3.4681741972607055e-05,0.0002973276934154491,0.0003158475571060677,0.5101053195668591,True,0.002183165168389678,1142.1976318359375,0.00014145647583063692
5,1250,9,blocks.1.attn.v.weight,attn_v,1,89.11492919921875,0.3109783419021668,0.30275953317639565,0.3109783419021668,0.3109783419021668,27.712812921102035,26.98039436340332,0.9735711217845731,0.24249308475619233,0.2598890311743324,0.3109783419021668,0.24249308475619233,0.2598890311743324,0.035,0.025,0.7797748334270822,0.8357142480877109,0.0015810730401426554,6.666292028967291e-05,6.666292028967291e-05,0.0004026445418771675,0.0017305366421571458,0.0004693074621668404,0.0018253227366263457,0.0017971995624468187,0.2661442771899821,True,0.014189559035003185,7430.37060546875,0.001240117591805756
5,1250,10,blocks.1.mlp.fc.weight,mlp_fc,1,219.89248657226562,0.2520578429312952,0.25197543535527295,0.2520578429312952,0.2520578429312952,55.42562584220407,55.40750503540039,0.9996730608535613,0.24971112954039962,0.2598890311743324,0.2520578429312952,0.24971112954039962,0.2598890311743324,0.035,0.025,0.9906897822991557,1.0310690123820976,0.0013020612532272935,2.4851789930835366e-05,2.4851789930835366e-05,0.00011262623834749222,0.00039669682718008076,0.00013747802827832758,0.00042225015241419134,0.00042154861711091613,0.238266700656782,True,0.005523353349417448,2893.677001953125,0.0002524216833990067
5,1250,11,blocks.1.mlp.proj.weight,mlp_proj,1,110.97180938720703,0.24972840466541768,0.24968316219324826,0.24972840466541768,0.24972840466541768,27.712812921102035,27.707792282104492,0.999818833295204,0.2411618552873383,0.2598890311743324,0.24972840466541768,0.2411618552873383,0.2598890311743324,0.035,0.025,0.9656965358443838,1.0406867073152042,0.0023719726596027613,3.71660316886846e-05,3.71660316886846e-05,0.0002834004744219869,0.0012428290614469764,0.0003205665061106715,0.001305832285977562,0.001279995093135661,0.5751098670518382,True,0.006959366612136364,3645.20263671875,0.0002671612019184977
5,1250,12,blocks.2.attn.k.weight,attn_k,2,97.1005859375,0.28540314822548785,0.2826542597693346,0.28540314822548785,0.28540314822548785,27.712812921102035,27.445894241333008,0.9903684017739758,0.2880373927309156,0.2598890311743324,0.28540314822548785,0.2880373927309156,0.2598890311743324,0.035,0.025,1.0092299069642585,0.9106032389278426,0.0007807038491591811,3.894550172844902e-05,3.894550172844902e-05,6.675830660298695e-05,0.0007336358258053519,0.00010570380833143597,0.0007309814099282084,0.0007725813275338009,0.20644633001612875,True,0.004362718667834997,2280.69677734375,0.0007013767026364803
5,1250,13,blocks.2.attn.proj.weight,attn_proj,2,92.87710571289062,0.2983815301778478,0.29577101672900064,0.2983815301778478,0.2983815301778478,27.712812921102035,27.470355987548828,0.9912510890091353,0.25803170392384334,0.2598890311743324,0.2983815301778478,0.25803170392384334,0.2598890311743324,0.035,0.025,0.8647710324765937,0.8709957047925443,0.0014580929419025779,2.908622809627559e-05,2.908622809627559e-05,0.00014143171242714538,0.0012708833873597918,0.00017051794052342097,0.0012834648190271736,0.0012999696154560674,0.539745622698447,True,0.008247135207057,4317.52685546875,0.0003342019917909056
5,1250,14,blocks.2.attn.q.weight,attn_q,2,96.98084259033203,0.2857555387321899,0.28129594028952926,0.2857555387321899,0.2857555387321899,27.712812921102035,27.280317306518555,0.9843936587810559,0.28864498834391467,0.2598890311743324,0.2857555387321899,0.28864498834391467,0.2598890311743324,0.035,0.025,1.0101116136700075,0.9094802932862848,0.0007899102056398988,6.501083407783881e-05,6.501083407783881e-05,7.715226862405641e-05,0.0008182449072561944,0.00014216310270189522,0.0008373254020730542,0.0008832557413340332,0.12528700684793784,True,0.007004544138908386,3656.835693359375,0.0015676915645599365
5,1250,15,blocks.2.attn.v.weight,attn_v,2,96.48545837402344,0.287222690217981,0.27927458351855894,0.287222690217981,0.287222690217981,27.712812921102035,26.94593620300293,0.972327720023139,0.24249308475619233,0.2598890311743324,0.287222690217981,0.24249308475619233,0.2598890311743324,0.035,0.025,0.8442685519453835,0.9048346110019915,0.0018318138318136334,0.00011993259249720722,0.00011993259249720722,0.0005277313123829992,0.002285679435803759,0.0006476639048802064,0.0024466125625298147,0.0024056120283009663,0.15830048592601995,True,0.020930752158164978,10948.099609375,0.002418382093310356
5,1250,16,blocks.2.mlp.fc.weight,mlp_fc,2,221.08819580078125,0.2506946408488816,0.25050770447799897,0.2506946408488816,0.2506946408488816,55.42562584220407,55.38429641723633,0.9992543264177944,0.24971112954039962,0.2598890311743324,0.2506946408488816,0.24971112954039962,0.2598890311743324,0.035,0.025,0.9960768554718533,1.0366756556674586,0.0015555009013041854,3.480520535958931e-05,3.480520535958931e-05,0.00014075705175895634,0.0005064441244166749,0.00017556225711854565,0.0005421142788224534,0.0005412493297762642,0.2021438397425366,True,0.007532085757702589,3942.26220703125,0.0004486672405619174
5,1250,17,blocks.2.mlp.proj.weight,mlp_proj,2,111.23424530029297,0.24913921828918134,0.2492090540988661,0.24913921828918134,0.24913921828918134,27.712812921102035,27.7205810546875,1.0002803083760419,0.2411618552873383,0.2598890311743324,0.24913921828918134,0.2411618552873383,0.2598890311743324,0.035,0.025,0.9679803001044037,1.0431478149404543,0.0026167547330260277,4.8629641241859645e-05,4.8629641241859645e-05,0.0003575793940542699,0.0015051617409432827,0.00040620903529612956,0.0015826517731997551,0.0015537913821851424,0.4837527425250362,True,0.009239453822374344,4835.5185546875,0.00043831532821059227
5,1250,18,blocks.3.attn.k.weight,attn_k,3,97.51123809814453,0.2842012209219335,0.2812977246760063,0.2842012209219335,0.2842012209219335,27.712812921102035,27.429689407348633,0.989783660195035,0.2880373927309156,0.2598890311743324,0.2842012209219335,0.2880373927309156,0.2598890311743324,0.035,0.025,1.0134980834935816,0.9144543092787086,0.0007264582673087716,3.4993696317542344e-05,3.4993696317542344e-05,6.844890294923519e-05,0.0007229876504765804,0.00010344259926677753,0.0007168315294444529,0.0007579813467941227,0.2128953526559544,True,0.004315114580094814,2254.204345703125,0.0005760614294558764
5,1250,19,blocks.3.attn.proj.weight,attn_proj,3,94.87521362304688,0.29209750221179054,0.2897564139843662,0.29209750221179054,0.29209750221179054,27.712812921102035,27.49070167541504,0.9919852507820356,0.25803170392384334,0.2598890311743324,0.29209750221179054,0.25803170392384334,0.2598890311743324,0.035,0.025,0.8833752495998847,0.8897338361554874,0.0012181048514321446,1.703977250144817e-05,1.703977250144817e-05,0.000112288891765582,0.0009594432566771515,0.00012932866426703017,0.0009643479011579847,0.0009764830291785996,0.7534737278738952,True,0.005479137413203716,2867.53125,0.00014429277507588267
5,1250,20,blocks.3.attn.q.weight,attn_q,3,96.91040802001953,0.28596322611062774,0.282745383275279,0.28596322611062774,0.28596322611062774,27.712812921102035,27.400970458984375,0.9887473544094758,0.28864498834391467,0.2598890311743324,0.28596322611062774,0.28864498834391467,0.2598890311743324,0.035,0.025,1.009377996848621,0.9088197622787753,0.0006412825314328074,2.5895586077240296e-05,2.5895586077240296e-05,5.983275300180904e-05,0.0005795488632040844,8.572833907904933e-05,0.0005726882277982577,0.0006054444492813247,0.25553667718553313,True,0.0047373101115226746,2472.767822265625,0.000578905048314482
5,1250,21,blocks.3.attn.v.weight,attn_v,3,99.23875427246094,0.27925393788213265,0.27226269356064287,0.27925393788213265,0.27925393788213265,27.712812921102035,27.019010543823242,0.9749645631696054,0.24249308475619233,0.2598890311743324,0.27925393788213265,0.24249308475619233,0.2598890311743324,0.035,0.025,0.8683604843507835,0.9306548482192799,0.0016213664785027504,8.586974581703544e-05,8.586974581703544e-05,0.00045710098763517546,0.0019420299115525167,0.0005429707334522109,0.0020645596485475057,0.002027899657369552,0.19026535179788737,True,0.01778385229408741,9308.9755859375,0.001713452860713005
5,1250,22,blocks.3.mlp.fc.weight,mlp_fc,3,222.73953247070312,0.24883605181084856,0.24872351062767117,0.24883605181084856,0.24883605181084856,55.42562584220407,55.40055847167969,0.9995477295899959,0.24971112954039962,0.2598890311743324,0.24883605181084856,0.24971112954039962,0.2598890311743324,0.035,0.025,1.003516683869491,1.0444187218172296,0.001567441620863974,3.613730223150924e-05,3.613730223150924e-05,0.0001470964257188003,0.0005254677987850998,0.00018323372795030953,0.0005624290388152962,0.000561605101016609,0.19473245672563272,True,0.007522644940763712,3937.674072265625,0.0004547281423583627
5,1250,23,blocks.3.mlp.proj.weight,mlp_proj,3,112.4133071899414,0.24652608853751204,0.24644216392066776,0.24652608853751204,0.24652608853751204,27.712812921102035,27.703378677368164,0.9996595710525406,0.2411618552873383,0.2598890311743324,0.24652608853751204,0.2411618552873383,0.2598890311743324,0.035,0.025,0.9782407075778614,1.0542049838055456,0.002677269047126174,6.428678170777857e-05,6.428678170777857e-05,0.0004106398680148487,0.0016627527679798399,0.0004749266497226273,0.0017581693120181706,0.0017270395496876184,0.3704696262481845,True,0.012467783875763416,6517.89892578125,0.0009137791930697858
5,1250,24,blocks.4.attn.k.weight,attn_k,4,97.4255599975586,0.28445115349397526,0.2823446684171009,0.28445115349397526,0.28445115349397526,27.712812921102035,27.507587432861328,0.9925945630699785,0.2880373927309156,0.2598890311743324,0.28445115349397526,0.2880373927309156,0.2598890311743324,0.035,0.025,1.0126075749487735,0.9136508253950072,0.000592353637330234,1.2550948667922057e-05,1.2550948667922057e-05,3.4902115702572596e-05,0.0004470204354402327,4.7453064370494654e-05,0.00043209501704312707,0.00045957138410815477,0.4844306301659007,True,0.002758841495960951,1446.0782470703125,0.00014974111400078982
5,1250,25,blocks.4.attn.proj.weight,attn_proj,4,101.20880126953125,0.27381821119785293,0.27179955132205946,0.27381821119785293,0.27381821119785293,27.712812921102035,27.508506774902344,0.9926277369684071,0.25803170392384334,0.2598890311743324,0.27381821119785293,0.25803170392384334,0.2598890311743324,0.035,0.025,0.9423467591693427,0.9491298260894132,0.0011124956654384732,1.2408820111886598e-05,1.2408820111886598e-05,9.179091267458032e-05,0.0007639876889720547,0.00010419973278646692,0.0007664773110005062,0.0007763965090839413,0.8858283142073624,True,0.004556131549179554,2384.424072265625,9.089954983210191e-05
5,1250,26,blocks.4.attn.q.weight,attn_q,4,97.33876037597656,0.2847048063285345,0.28239216543534296,0.2847048063285345,0.2847048063285345,27.712812921102035,27.487703323364258,0.9918770570718078,0.28864498834391467,0.2598890311743324,0.2847048063285345,0.28864498834391467,0.2598890311743324,0.035,0.025,1.0138395345909033,0.9128368239573518,0.0005298759206198156,1.0650376680132467e-05,1.0650376680132467e-05,2.8604817038594007e-05,0.0003462363193076632,3.9255193718726474e-05,0.0003361353021137171,0.00035688669598779566,0.511120623514606,True,0.0032869772985577583,1726.0189208984375,0.00023168581537902355
5,1250,27,blocks.4.attn.v.weight,attn_v,4,106.08985137939453,0.26122020684143027,0.25494523390142404,0.26122020684143027,0.26122020684143027,27.712812921102035,27.047101974487305,0.9759782253605941,0.24249308475619233,0.2598890311743324,0.26122020684143027,0.24249308475619233,0.2598890311743324,0.035,0.025,0.9283090603453739,0.9949040095971367,0.00157993845641613,7.96219683252275e-05,7.96219683252275e-05,0.00043170252788999675,0.0018164068481563232,0.0005113244962152243,0.0019291589323056793,0.0018960288164815507,0.1870395373660935,True,0.016650589182972908,8712.080078125,0.001533872215077281
5,1250,28,blocks.4.mlp.fc.weight,mlp_fc,4,223.6059112548828,0.2478719168520808,0.2479181959456493,0.2478719168520808,0.2478719168520808,55.42562584220407,55.43597412109375,1.0001867056750815,0.24971112954039962,0.2598890311743324,0.2478719168520808,0.24971112954039962,0.2598890311743324,0.035,0.025,1.0074200123663721,1.048481144918982,0.0015248173149302602,3.3794560295064e-05,3.3794560295064e-05,0.00013732632388484522,0.0004782726793491442,0.00017112088417990922,0.000513027040056027,0.0005120672396442082,0.2017844681018136,True,0.006982825230807066,3653.873046875,0.0004350113740656525
5,1250,29,blocks.4.mlp.proj.weight,mlp_proj,4,113.69334411621094,0.2437505303105128,0.24372267735085795,0.2437505303105128,0.2437505303105128,27.712812921102035,27.709646224975586,0.9998857316961846,0.2411618552873383,0.2598890311743324,0.2437505303105128,0.2411618552873383,0.2598890311743324,0.035,0.025,0.9893798178823373,1.0662090902664327,0.0025845346972346306,6.477592251030728e-05,6.477592251030728e-05,0.0003915667961301893,0.0015584799614735113,0.0004563427186404966,0.0016525270128015807,0.0016232558839838185,0.35094068496915476,True,0.012956485152244568,6768.78173828125,0.0010793749243021011
5,1250,30,blocks.5.attn.k.weight,attn_k,5,96.82424926757812,0.2862176895843152,0.2840044731094921,0.2862176895843152,0.2862176895843152,27.712812921102035,27.498519897460938,0.9922673665697096,0.2880373927309156,0.2598890311743324,0.2862176895843152,0.2880373927309156,0.2598890311743324,0.035,0.025,1.0063577591910662,0.9080117708719508,0.0007301517762243748,2.437202238070313e-05,2.437202238070313e-05,4.854477685603457e-05,0.0005077609569624871,7.29167992367377e-05,0.000503550648413769,0.0005321329793431903,0.3094122040460864,True,0.0031496586743742228,1644.983642578125,0.0003968006931245327
5,1250,31,blocks.5.attn.proj.weight,attn_proj,5,109.08002471923828,0.2540594668220163,0.25228677200516203,0.2540594668220163,0.2540594668220163,27.712812921102035,27.519447326660156,0.9930225201248106,0.25803170392384334,0.2598890311743324,0.2540594668220163,0.25803170392384334,0.2598890311743324,0.035,0.025,1.0156350682441202,1.0229456686863003,0.0010295589454472065,1.0858640962396748e-05,1.0858640962396748e-05,8.30606864397144e-05,0.000688264371240389,9.391932740211115e-05,0.0006903343296526166,0.0006991230122027857,0.8692216104308432,True,0.004327504895627499,2264.147216796875,8.348786650458351e-05
5,1250,32,blocks.5.attn.q.weight,attn_q,5,94.3274917602539,0.2937935951009691,0.2913231709975298,0.2937935951009691,0.2937935951009691,27.712812921102035,27.47978401184082,0.9915912935318171,0.28864498834391467,0.2598890311743324,0.2937935951009691,0.28864498834391467,0.2598890311743324,0.035,0.025,0.9824754288626171,0.8845973346866715,0.000652019924018532,2.5706758606247604e-05,2.5706758606247604e-05,5.1144334875047367e-05,0.00044115214563944944,7.685109348129497e-05,0.0004433167981263214,0.00046685890424569705,0.2688903776145297,True,0.0036129180807620287,1884.3968505859375,0.00058551732217893
5,1250,33,blocks.5.attn.v.weight,attn_v,5,115.53336334228516,0.2398684857723618,0.23493735368421864,0.2398684857723618,0.2398684857723618,27.712812921102035,27.143102645874023,0.9794423512023133,0.24249308475619233,0.2598890311743324,0.2398684857723618,0.24249308475619233,0.2598890311743324,0.035,0.025,1.0109418249562026,1.08346467580977,0.0014735960867255926,6.883406604174525e-05,6.883406604174525e-05,0.0003777291393017905,0.0016089976594175625,0.00044656320534353577,0.0017098970456511514,0.0016778317254593077,0.18529667183687895,True,0.014494369737803936,7574.25,0.0013261763378977776
5,1250,34,blocks.5.mlp.fc.weight,mlp_fc,5,224.55552673339844,0.2468236994585649,0.24678426641821832,0.2468236994585649,0.2468236994585649,55.42562584220407,55.416770935058594,0.9998402380304972,0.24971112954039962,0.2598890311743324,0.2468236994585649,0.24971112954039962,0.2598890311743324,0.035,0.025,1.0116983502320427,1.052933862284812,0.0015062745660543442,2.497640707588289e-05,2.497640707588289e-05,0.00012536090561725402,0.0004522088175667167,0.0001503373126931369,0.0004787505881600621,0.0004771852246425996,0.2685656287522488,True,0.006912379991263151,3617.464599609375,0.0003547442611306906
5,1250,35,blocks.5.mlp.proj.weight,mlp_proj,5,114.70323181152344,0.241604464699293,0.24147159823396588,0.241604464699293,0.241604464699293,27.712812921102035,27.697572708129883,0.9994500661836263,0.2411618552873383,0.2598890311743324,0.241604464699293,0.2411618552873383,0.2598890311743324,0.035,0.025,0.9981680412549264,1.0756797540881406,0.002281379885971546,2.689217944862321e-05,2.689217944862321e-05,0.00027264711020463475,0.0010693103383866366,0.00029953928965325796,0.00111704760809547,0.0010962025178352598,0.7395983832534956,True,0.006813989020884037,3566.55615234375,0.0002004862471949309
5,1250,36,blocks.6.attn.k.weight,attn_k,6,96.38870239257812,0.28751100734017043,0.2858452207005589,0.28751100734017043,0.28751100734017043,27.712812921102035,27.552249908447266,0.994206181338867,0.2880373927309156,0.2598890311743324,0.28751100734017043,0.2880373927309156,0.2598890311743324,0.035,0.025,1.001830835610834,0.9039272394424992,0.0005640964955091476,9.751479410624597e-06,9.751479410624597e-06,2.920119503202784e-05,0.00036983017335114147,3.895267444265244e-05,0.00035705940430530393,0.00037958165276176606,0.600145784338849,True,0.002311751712113619,1210.0494384765625,0.00011715989239746705
5,1250,37,blocks.6.attn.proj.weight,attn_proj,6,109.66361236572266,0.2527074598699265,0.25131518539701336,0.2527074598699265,0.2527074598699265,27.712812921102035,27.560131072998047,0.9944905683685495,0.25803170392384334,0.2598890311743324,0.2527074598699265,0.25803170392384334,0.2598890311743324,0.035,0.025,1.0210688044454934,1.028418517237688,0.0008343587396666408,6.005227533023572e-06,6.005227533023572e-06,5.880040677504039e-05,0.00047007951996058005,6.480563430806396e-05,0.00046943174672938403,0.0004760847474936036,1.2669538765529162,True,0.003118683584034443,1632.65087890625,3.970852048951201e-05
5,1250,38,blocks.6.attn.q.weight,attn_q,6,95.65418243408203,0.2897187787915046,0.2879183072338064,0.2897187787915046,0.2897187787915046,27.712812921102035,27.540590286254883,0.9937854509631531,0.28864498834391467,0.2598890311743324,0.2897187787915046,0.28864498834391467,0.2598890311743324,0.035,0.025,0.996293680195433,0.8970389570824502,0.0004913528100587428,5.842181963089388e-06,5.842181963089388e-06,1.8403164561415974e-05,0.00023929609432844366,2.424534652450536e-05,0.00023071446201856756,0.00024513827629153305,0.8792540966368134,True,0.002398609882220626,1255.540283203125,0.00011103293945780024
5,1250,39,blocks.6.attn.v.weight,attn_v,6,117.43712615966797,0.23597999906284822,0.23147055760583754,0.23597999906284822,0.23597999906284822,27.712812921102035,27.183237075805664,0.9808905776976136,0.24249308475619233,0.2598890311743324,0.23597999906284822,0.24249308475619233,0.2598890311743324,0.035,0.025,1.0276001598407054,1.1013180447768223,0.001287305960431695,4.465337406145409e-05,4.465337406145409e-05,0.00031976122182980307,0.0013753087932449645,0.00036441459589125715,0.0014457636330480507,0.0014199621673064186,0.2454833746583603,True,0.012682252563536167,6632.90234375,0.0007781568565405905
5,1250,40,blocks.6.mlp.fc.weight,mlp_fc,6,225.39425659179688,0.24590522704659398,0.24589714962077383,0.24590522704659398,0.24590522704659398,55.42562584220407,55.423805236816406,0.999967152280917,0.24971112954039962,0.2598890311743324,0.24590522704659398,0.24971112954039962,0.2598890311743324,0.035,0.025,1.0154771109972562,1.0568666404357836,0.0014624529285356402,2.0199404389131814e-05,2.0199404389131814e-05,0.000113161385854465,0.00039099758594054226,0.0001333607902435968,0.00041198320347588186,0.00041119699032967407,0.32121845387903997,True,0.0060830977745354176,3184.825927734375,0.0002638108271639794
5,1250,41,blocks.6.mlp.proj.weight,mlp_proj,6,115.32557678222656,0.24030066611704998,0.240272711203009,0.24030066611704998,0.24030066611704998,27.712812921102035,27.7095890045166,0.9998836669307222,0.2411618552873383,0.2598890311743324,0.24030066611704998,0.2411618552873383,0.2598890311743324,0.035,0.025,1.0035837985146028,1.0815160664088252,0.002246679738163948,2.4947788915596902e-05,2.4947788915596902e-05,0.0002570859750803852,0.0009618991316605453,0.0002820337639959821,0.0010052816900321439,0.0009868469205761422,0.7808785124740302,True,0.006303134374320507,3299.901611328125,0.0001754194381646812
5,1250,42,blocks.7.attn.k.weight,attn_k,7,96.03083038330078,0.2885824563891425,0.28674517176634906,0.2885824563891425,0.2885824563891425,27.712812921102035,27.536376953125,0.9936334153996079,0.2880373927309156,0.2598890311743324,0.2885824563891425,0.2880373927309156,0.2598890311743324,0.035,0.025,0.9981112377202449,0.9005711380593485,0.0006764839636161923,1.8413265934213996e-05,1.8413265934213996e-05,3.319334324431441e-05,0.0004391759639578951,5.160660917852841e-05,0.0004310851785952542,0.0004575892298921091,0.3825744795634896,True,0.002786451019346714,1454.897216796875,0.00022254273062571883
5,1250,43,blocks.7.attn.proj.weight,attn_proj,7,119.05034637451172,0.2327822956005717,0.23108332216644245,0.2327822956005717,0.2327822956005717,27.712812921102035,27.510549545288086,0.9927014490954134,0.25803170392384334,0.2598890311743324,0.2327822956005717,0.25803170392384334,0.2598890311743324,0.035,0.025,1.108467906711414,1.1164467233378985,0.0009874366223812103,9.36636388360057e-06,9.36636388360057e-06,6.859806248169791e-05,0.0005565664801072444,7.796442636529848e-05,0.00055765426944518,0.000565932843990845,0.8855386906749265,True,0.004187579266726971,2191.1044921875,7.212858326965943e-05
5,1250,44,blocks.7.attn.q.weight,attn_q,7,93.22836303710938,0.2972573154595775,0.2951391196196776,0.2972573154595775,0.2972573154595775,27.712812921102035,27.515336990356445,0.9928742011390976,0.28864498834391467,0.2598890311743324,0.2972573154595775,0.28864498834391467,0.2598890311743324,0.035,0.025,0.9710273669721209,0.8742897740717616,0.000605988665483892,1.1590326721488964e-05,1.1590326721488964e-05,2.4345860928364316e-05,0.00028811539225386353,3.593618764985328e-05,0.00028316243121150725,0.0002997057189753525,0.5608164757641599,True,0.003098925808444619,1617.4788818359375,0.0002172745153075084
5,1250,45,blocks.7.attn.v.weight,attn_v,7,128.52511596679688,0.2156217694311309,0.21177179639326435,0.2156217694311309,0.2156217694311309,27.712812921102035,27.217994689941406,0.9821447850649673,0.24249308475619233,0.2598890311743324,0.2156217694311309,0.24249308475619233,0.2598890311743324,0.035,0.025,1.1246224599489898,1.2053005216495096,0.00140085956081748,5.4180887673282996e-05,5.4180887673282996e-05,0.0003072487082383402,0.0013618388378960678,0.0003614295959116232,0.0014412462493368638,0.0014160197255693508,0.20116873181193493,True,0.012146935798227787,6355.55322265625,0.00084385194350034
5,1250,46,blocks.7.mlp.fc.weight,mlp_fc,7,223.9049072265625,0.2475409160466527,0.24748233794689647,0.2475409160466527,0.2475409160466527,55.42562584220407,55.41250991821289,0.9997633599297819,0.24971112954039962,0.2598890311743324,0.2475409160466527,0.24971112954039962,0.2598890311743324,0.035,0.025,1.008767090016496,1.0498831277062597,0.0014269209932535887,1.7681886674836278e-05,1.7681886674836278e-05,9.7978757069844e-05,0.00033561786698507203,0.00011566064374468028,0.00035396601369423454,0.0003532997536599083,0.3604190293568422,True,0.005627408158034086,2948.2431640625,0.00023462703393306583
5,1250,47,blocks.7.mlp.proj.weight,mlp_proj,7,116.41502380371094,0.23805185976535995,0.23798962890144795,0.23805185976535995,0.23805185976535995,27.712812921102035,27.705568313598633,0.9997385827442336,0.2411618552873383,0.2598890311743324,0.23805185976535995,0.2411618552873383,0.2598890311743324,0.035,0.025,1.013064361375054,1.091732832629397,0.0022341941948980093,2.4821907572913915e-05,2.4821907572913915e-05,0.0002504328520511467,0.0008936119292225907,0.0002752547596240606,0.0009350672449127975,0.0009184338367955046,0.7731730961530905,True,0.006297758314758539,3297.861572265625,0.00017764656513463706
5,1250,48,blocks.8.attn.k.weight,attn_k,8,95.18082427978516,0.29115962307323473,0.289426666947747,0.29115962307323473,0.29115962307323473,27.712812921102035,27.547868728637695,0.9940480891299655,0.2880373927309156,0.2598890311743324,0.29115962307323473,0.2880373927309156,0.2598890311743324,0.035,0.025,0.9892765682639526,0.8925998338339759,0.0005772942677140236,1.237331707670819e-05,1.237331707670819e-05,2.3004994804454726e-05,0.00030885626327409516,3.5378311881162917e-05,0.0003025535198130505,0.00032122958035080335,0.49018683298781124,True,0.00221180054359138,1155.06787109375,0.00016134275938384235
5,1250,49,blocks.8.attn.proj.weight,attn_proj,8,121.11758422851562,0.22880916175487423,0.22734850764000145,0.22880916175487423,0.22880916175487423,27.712812921102035,27.53590202331543,0.9936162778462703,0.25803170392384334,0.2598890311743324,0.22880916175487423,0.25803170392384334,0.2598890311743324,0.035,0.025,1.1277157870115164,1.135833151002731,0.0008612258243374527,6.7473893068381585e-06,6.7473893068381585e-06,5.7320493663396837e-05,0.0004579322850408066,6.4067882970235e-05,0.0004574654910996637,0.00046467967434764474,1.053838535826639,True,0.0037973870057612658,1986.5322265625,6.34189709671773e-05
5,1250,50,blocks.8.attn.q.weight,attn_q,8,94.0749282836914,0.294582344379063,0.29277050350149225,0.294582344379063,0.294582344379063,27.712812921102035,27.5423641204834,0.9938494586924863,0.28864498834391467,0.2598890311743324,0.294582344379063,0.28864498834391467,0.2598890311743324,0.035,0.025,0.9798448340559465,0.8822288101554113,0.0005462942062877119,8.322909707203507e-06,8.322909707203507e-06,1.6630807958627e-05,0.00022874946885208326,2.4953717665830507e-05,0.00022348198789005831,0.00023707237855928676,0.6977141256024557,True,0.002475133165717125,1295.0537109375,0.00016427702212240547
5,1250,51,blocks.8.attn.v.weight,attn_v,8,131.54470825195312,0.21067219874799156,0.20793765313051335,0.21067219874799156,0.21067219874799156,27.712812921102035,27.353097915649414,0.9870199027981489,0.24249308475619233,0.2598890311743324,0.21067219874799156,0.24249308475619233,0.2598890311743324,0.035,0.025,1.1510445431210659,1.2336180697730057,0.0010999783407896757,2.775914254016243e-05,2.775914254016243e-05,0.000210945525246836,0.0009432195886128006,0.00023870466778699842,0.0009873231942907853,0.000970978731152963,0.30123449662719,True,0.008718447759747505,4559.171875,0.0004184770805295557
5,1250,52,blocks.8.mlp.fc.weight,mlp_fc,8,225.50811767578125,0.24578106727798996,0.24578033547828215,0.24578106727798996,0.24578106727798996,55.42562584220407,55.42546081542969,0.9999970225546059,0.24971112954039962,0.2598890311743324,0.24578106727798996,0.24971112954039962,0.2598890311743324,0.035,0.025,1.015990093565525,1.057400531507928,0.0013511672150343657,1.3490018318407238e-05,1.3490018318407238e-05,8.05868699811735e-05,0.00026952209771379497,9.407688829958074e-05,0.0002832409041428199,0.0002830121160322022,0.44415482010756463,True,0.0047740451991558075,2498.193359375,0.00018461984291207045
5,1250,53,blocks.8.mlp.proj.weight,mlp_proj,8,117.71685791015625,0.23541923742352164,0.23540029206609733,0.23541923742352164,0.23541923742352164,27.712812921102035,27.710582733154297,0.9999195250242519,0.2411618552873383,0.2598890311743324,0.23541923742352164,0.2411618552873383,0.2598890311743324,0.035,0.025,1.0243931546404834,1.1039413516865206,0.0021729287691414356,2.1561074390774593e-05,2.1561074390774593e-05,0.0002240484442078848,0.0007516608975589172,0.0002456095185986594,0.0007864684180333556,0.0007732219719496918,0.8561235240686067,True,0.005876955110579729,3075.39453125,0.00015356425137724727
5,1250,54,blocks.9.attn.k.weight,attn_k,9,95.4913558959961,0.2902127911062997,0.28854950722832423,0.2902127911062997,0.2902127911062997,27.712812921102035,27.553983688354492,0.9942687437323765,0.2880373927309156,0.2598890311743324,0.2902127911062997,0.2880373927309156,0.2598890311743324,0.035,0.025,0.9925041264821877,0.8955119799634872,0.0005739136831834912,1.1117112080683e-05,1.1117112080683e-05,2.3588132782013085e-05,0.00033263124802307013,3.4705244862696085e-05,0.00032333730585356577,0.00034374836010375313,0.5406180417944242,True,0.0023178844712674618,1212.2781982421875,0.00013430386024992913
5,1250,55,blocks.9.attn.proj.weight,attn_proj,9,124.40355682373047,0.22276543877574814,0.22117555795864896,0.22276543877574814,0.22276543877574814,27.712812921102035,27.515026092529297,0.9928629825800854,0.25803170392384334,0.2598890311743324,0.22276543877574814,0.25803170392384334,0.2598890311743324,0.035,0.025,1.1583112054630555,1.1666487970602817,0.0007589536253362894,6.43479961581761e-06,6.43479961581761e-06,5.339671266738702e-05,0.00043322716611419077,5.983151228320463e-05,0.00043273713165941453,0.0004396619657300084,0.9480853048875489,True,0.004263318143785,2228.316162109375,9.226817201124504e-05
5,1250,56,blocks.9.attn.q.weight,attn_q,9,95.00082397460938,0.2917112900884814,0.2899619601687995,0.2917112900884814,0.2917112900884814,27.712812921102035,27.5466251373291,0.9940032148939169,0.28864498834391467,0.2598890311743324,0.2917112900884814,0.28864498834391467,0.2598890311743324,0.035,0.025,0.9894885736385566,0.8909118021983422,0.0005277679301798344,7.457018455170328e-06,7.457018455170328e-06,1.5464559128316844e-05,0.00024151929764429153,2.292157758348717e-05,0.00023430254471113547,0.00024897631609946186,0.744989937425369,True,0.0025312600191682577,1325.1475830078125,0.00013216181832831353
5,1250,57,blocks.9.attn.v.weight,attn_v,9,134.6800079345703,0.20576782958436832,0.20294597541531273,0.20576782958436832,0.20576782958436832,27.712812921102035,27.332765579223633,0.9862862228038565,0.24249308475619233,0.2598890311743324,0.20576782958436832,0.24249308475619233,0.2598890311743324,0.035,0.025,1.1784790909541378,1.2630207146534218,0.0009749397868290544,2.4121829483192414e-05,2.4121829483192414e-05,0.00017848707033887447,0.0008186385338737788,0.00020260889982206688,0.0008568005101141575,0.0008427603633569713,0.300098909774172,True,0.00773958396166563,4051.81787109375,0.00036087725311517715
5,1250,58,blocks.9.mlp.fc.weight,mlp_fc,9,225.8269500732422,0.24543406278226731,0.24544189632356286,0.24543406278226731,0.24543406278226731,55.42562584220407,55.42739486694336,1.0000319170909198,0.24971112954039962,0.2598890311743324,0.24543406278226731,0.24971112954039962,0.2598890311743324,0.035,0.025,1.0174265410010617,1.0588955266771123,0.0013756562257185578,1.388076452712994e-05,1.388076452712994e-05,7.574932047198167e-05,0.00025420483634840406,8.963008499911161e-05,0.0002681752547542235,0.000268085600875534,0.4388547080816665,True,0.004793786443769932,2508.3466796875,0.00018660178466234356
5,1250,59,blocks.9.mlp.proj.weight,mlp_proj,9,119.1637191772461,0.23256082566440828,0.23244196005295142,0.23256082566440828,0.23256082566440828,27.712812921102035,27.69864845275879,0.9994888837743187,0.2411618552873383,0.2598890311743324,0.23256082566440828,0.2411618552873383,0.2598890311743324,0.035,0.025,1.036984000200195,1.1175099264110777,0.0022421027533710003,2.5229215680155903e-05,2.5229215680155903e-05,0.00022552486211718423,0.0007270961600456633,0.00025075407779734014,0.0007650108964496388,0.0007523253757258192,0.7457748151930531,True,0.006237986031919718,3262.587890625,0.00021244084928184748
5,1250,60,blocks.10.attn.k.weight,attn_k,10,95.11872863769531,0.2913496986136074,0.2896755073751502,0.2913496986136074,0.2913496986136074,27.712812921102035,27.553565979003906,0.9942536709445012,0.2880373927309156,0.2598890311743324,0.2913496986136074,0.2880373927309156,0.2598890311743324,0.035,0.025,0.9886311676365088,0.8920175047752541,0.0004487680271267891,9.378559298056643e-06,9.378559298056643e-06,1.8613437751921598e-05,0.0002994057616752904,2.799199704997824e-05,0.0002902312747084497,0.00030878432097334707,0.5030599486319143,True,0.0018227881519123912,952.5059204101562,0.00011455464118625969
5,1250,61,blocks.10.attn.proj.weight,attn_proj,10,118.4081039428711,0.23404490063005118,0.2319713122182364,0.23404490063005118,0.23404490063005118,27.712812921102035,27.467283248901367,0.9911402111038065,0.25803170392384334,0.2598890311743324,0.23404490063005118,0.25803170392384334,0.2598890311743324,0.035,0.025,1.1024880406674935,1.110423813869512,0.0006770598702132702,6.790959560021292e-06,6.790959560021292e-06,5.33921814256153e-05,0.0004397724185539832,6.018314098563659e-05,0.00043941338355946743,0.0004465633781140045,0.8420046744417161,True,0.004355354700237513,2273.9091796875,0.00012941179738845676
5,1250,62,blocks.10.attn.q.weight,attn_q,10,95.00639343261719,0.29169418941007597,0.2897967409098639,0.29169418941007597,0.29169418941007597,27.712812921102035,27.532543182373047,0.9934950761136297,0.28864498834391467,0.2598890311743324,0.29169418941007597,0.28864498834391467,0.2598890311743324,0.035,0.025,0.9895465827676306,0.8909640322281821,0.0004117002245038748,6.325130925688427e-06,6.325130925688427e-06,1.083560766125664e-05,0.00021953179770791304,1.7160738586945068e-05,0.0002121523451013145,0.00022585692863360147,0.6851075480066179,True,0.001986913615837693,1039.7384033203125,0.00011271987023064867
5,1250,63,blocks.10.attn.v.weight,attn_v,10,129.52137756347656,0.21396323481442578,0.21149719325854102,0.21396323481442578,0.21396323481442578,27.712812921102035,27.393407821655273,0.988474461240867,0.24249308475619233,0.2598890311743324,0.21396323481442578,0.24249308475619233,0.2598890311743324,0.035,0.025,1.1333399635994053,1.2146434007680753,0.0007665953016839921,1.4256655049393885e-05,1.4256655049393885e-05,0.00012455928792490183,0.0006039500437522768,0.0001388159429742957,0.0006283080448141263,0.0006182066988016707,0.41515192567781023,True,0.005579579155892134,2915.326416015625,0.00021441781427711248
5,1250,64,blocks.10.mlp.fc.weight,mlp_fc,10,225.4946746826172,0.24579571965597594,0.24579087697748825,0.24579571965597594,0.24579571965597594,55.42562584220407,55.42453384399414,0.9999802979543607,0.24971112954039962,0.2598890311743324,0.24579571965597594,0.24971112954039962,0.2598890311743324,0.035,0.025,1.0159295283494107,1.0573374977321897,0.0014188139466568828,1.666781463427469e-05,1.666781463427469e-05,7.679812124473642e-05,0.0002629723375044493,9.346593587901112e-05,0.0002797105797275166,0.000279640152138724,0.3774943856844212,True,0.0047379848547279835,2476.3251953125,0.00020148578914813697
5,1250,65,blocks.10.mlp.proj.weight,mlp_proj,10,120.31285095214844,0.2303395913386189,0.2304178546557082,0.2303395913386189,0.2303395913386189,27.712812921102035,27.72222900390625,1.0003397736213577,0.2411618552873383,0.2598890311743324,0.2303395913386189,0.2411618552873383,0.2598890311743324,0.035,0.025,1.046983950461255,1.128286412526769,0.0025451057590544224,5.081892231828533e-05,5.081892231828533e-05,0.0003167956330617668,0.0010322893089303212,0.0003676145553800521,0.0011014546805154313,0.0010831082312486066,0.41626353173223,True,0.009572135284543037,4998.939453125,0.0007719697314314544
5,1250,66,blocks.11.attn.k.weight,attn_k,11,94.76892852783203,0.29242509492932856,0.29059564854732434,0.29242509492932856,0.29242509492932856,27.712812921102035,27.539438247680664,0.9937438803518442,0.2880373927309156,0.2598890311743324,0.29242509492932856,0.2880373927309156,0.2598890311743324,0.035,0.025,0.9849954662766773,0.8887371011613785,0.00046611297875642776,6.2571261878474616e-06,6.2571261878474616e-06,1.4880772876649818e-05,0.00024671734065672205,2.113789906449728e-05,0.00023747840565882785,0.0002529744668445695,0.7860502531841215,True,0.0018695963080972433,978.1210327148438,8.866748248692602e-05
5,1250,67,blocks.11.attn.proj.weight,attn_proj,11,125.71379089355469,0.22044369773692715,0.21691336179790546,0.22044369773692715,0.22044369773692715,27.712812921102035,27.269001007080078,0.9839853169981163,0.25803170392384334,0.2598890311743324,0.22044369773692715,0.25803170392384334,0.2598890311743324,0.035,0.025,1.170510686278602,1.1789360904500814,0.0009288302389904857,2.99510320473928e-05,2.99510320473928e-05,7.149478146160215e-05,0.0007248490754246032,0.00010144581350899495,0.0007421567159768406,0.000754800107471996,0.24668436885268766,True,0.008965489454567432,4670.20263671875,0.0008439985103905201
5,1250,68,blocks.11.attn.q.weight,attn_q,11,94.79428100585938,0.29234688661638847,0.2904509067132712,0.29234688661638847,0.29234688661638847,27.712812921102035,27.533084869384766,0.9935146225600067,0.28864498834391467,0.2598890311743324,0.29234688661638847,0.28864498834391467,0.2598890311743324,0.035,0.025,0.987337309060071,0.888974855119129,0.0004420021141413599,4.845257990382379e-06,4.845257990382379e-06,8.925215296041845e-06,0.00016033228624983,1.3770473286424224e-05,0.0001552101351738767,0.00016517754424021238,0.962332832887413,True,0.001812292612157762,949.1812744140625,8.981166320154443e-05
5,1250,69,blocks.11.attn.v.weight,attn_v,11,136.586669921875,0.2028954431420961,0.20056844257130405,0.2028954431420961,0.2028954431420961,27.712812921102035,27.394975662231445,0.9885310358145357,0.24249308475619233,0.2598890311743324,0.2028954431420961,0.24249308475619233,0.2598890311743324,0.035,0.025,1.195162794200185,1.2809012718551855,0.0008274724241346121,1.7219823348568752e-05,1.7219823348568752e-05,0.00011556271363851001,0.00060169144131972,0.00013278253698707876,0.0006288304780061989,0.0006189112646682888,0.35181675698731496,True,0.005882084369659424,3071.720947265625,0.0002607647329568863
5,1250,70,blocks.11.mlp.fc.weight,mlp_fc,11,221.9646453857422,0.2497047480056223,0.24971660190387038,0.2497047480056223,0.2497047480056223,55.42562584220407,55.42825698852539,1.0000474716574028,0.24971112954039962,0.2598890311743324,0.2497047480056223,0.24971112954039962,0.2598890311743324,0.035,0.025,1.0000255563213285,1.0407853004400252,0.0017203413881361485,7.165745773818344e-05,7.165745773818344e-05,0.0001040522332497499,0.0004338327074336211,0.00017570969098793334,0.0005057423972013981,0.0005054901651718046,0.1081606867724648,True,0.007374504115432501,3829.772216796875,0.001405277638696134
5,1250,71,blocks.11.mlp.proj.weight,mlp_proj,11,121.80818176269531,0.2275119168521182,0.22727690812558432,0.2275119168521182,0.2275119168521182,27.712812921102035,27.684186935424805,0.9989670487164646,0.2411618552873383,0.2598890311743324,0.2275119168521182,0.2411618552873383,0.2598890311743324,0.035,0.025,1.0599965866583265,1.1423095316069056,0.0036700498312711716,0.00034616264747455716,0.00034616264747455716,0.0005004908735288074,0.0020009056286712902,0.0008466535210033645,0.002387387004360233,0.0023470682761458474,0.08703928140537813,True,0.022755533456802368,11838.2109375,0.008193889632821083
6,1500,0,blocks.0.attn.k.weight,attn_k,0,99.78189086914062,0.2777338921893765,0.276562719346668,0.2777338921893765,0.2777338921893765,27.712812921102035,27.595951080322266,0.9957831115479878,0.28748983144890294,0.2605723617389406,0.2777338921893765,0.28748983144890294,0.2605723617389406,0.035,0.025,1.0351269309720192,0.938208728091658,0.00059341243468225,8.30085264169611e-06,8.30085264169611e-06,8.562083972777591e-06,0.00016454807888166892,1.68629366144737e-05,0.00016247320903814484,0.00017284893152336503,0.7164439319482933,True,0.0017647630302235484,925.5406494140625,8.050162432482466e-05
6,1500,1,blocks.0.attn.proj.weight,attn_proj,0,85.446533203125,0.3243292838484465,0.3217102671441065,0.3243292838484465,0.3243292838484465,27.712812921102035,27.48902702331543,0.9919248219795038,0.26092953213623576,0.2605723617389406,0.3243292838484465,0.26092953213623576,0.2605723617389406,0.035,0.025,0.8045204214682127,0.8034191629168509,0.0013509610434994102,2.151960870833136e-05,2.151960870833136e-05,0.00010395131005125566,0.0008687115150625686,0.00012547091875958702,0.0008749770536501942,0.0008902311237709,0.7347067140733201,True,0.0053222947753965855,2787.180908203125,0.00031629885779693723
6,1500,2,blocks.0.attn.q.weight,attn_q,0,102.06595611572266,0.27151867258933204,0.27033437163089047,0.27151867258933204,0.27151867258933204,27.712812921102035,27.591936111450195,0.9956382338380454,0.28852015586730045,0.2605723617389406,0.27151867258933204,0.28852015586730045,0.2605723617389406,0.035,0.025,1.0626162580858036,0.9596848690147084,0.0006063292967155576,7.64357355365064e-06,7.64357355365064e-06,8.387206073864285e-06,0.00014427071715427764,1.6030779627514925e-05,0.0001428359930399602,0.00015191429070792828,0.7771971434394734,True,0.0018021815922111273,945.5120849609375,6.429292261600494e-05
6,1500,3,blocks.0.attn.v.weight,attn_v,0,89.40955352783203,0.3099535992255615,0.30695860830137567,0.3099535992255615,0.3099535992255615,27.712812921102035,27.445032119750977,0.9903372926410096,0.24433663763918453,0.2605723617389406,0.3099535992255615,0.24433663763918453,0.2605723617389406,0.035,0.025,0.7883006948448895,0.8406818387977975,0.0013057811884209514,2.6096724468516186e-05,2.6096724468516186e-05,0.00023604399441098483,0.000950394951654162,0.000262140718879501,0.0009877449787162838,0.0009764916761226781,0.5596293474850608,True,0.007479421328753233,3919.36328125,0.0005352908046916127
6,1500,4,blocks.0.mlp.fc.weight,mlp_fc,0,205.5113525390625,0.26969617569749127,0.26967935370458346,0.26969617569749127,0.26969617569749127,55.42562584220407,55.42216873168945,0.9999376261348052,0.24903644021228782,0.2605723617389406,0.26969617569749127,0.24903644021228782,0.2605723617389406,0.035,0.025,0.9233962608784756,0.9661700284219658,0.002220326103270054,4.41394149675034e-05,4.41394149675034e-05,0.000148637586668564,0.0006058197509395056,0.0001927770016360674,0.0006525076190535718,0.000649959165907009,0.2447678508523963,True,0.0063660889863967896,3334.4462890625,0.0004599381936714053
6,1500,5,blocks.0.mlp.proj.weight,mlp_proj,0,105.70556640625,0.2621698540888143,0.2620738554345542,0.2621698540888143,0.2621698540888143,27.712812921102035,27.702665328979492,0.9996338303097765,0.24147333401563634,0.2605723617389406,0.2621698540888143,0.24147333401563634,0.2605723617389406,0.035,0.025,0.9210568272805053,0.9939066512607794,0.00518412608653307,0.00027969147777184844,0.00027969147777184844,0.0006726526305972679,0.0033953583745172386,0.0009523441083691163,0.0037470382722652506,0.003675049852289087,0.17534705028899372,True,0.021937495097517967,11478.5419921875,0.003577797207981348
6,1500,6,blocks.1.attn.k.weight,attn_k,1,94.79084014892578,0.29235749865242744,0.2887376478187089,0.29235749865242744,0.29235749865242744,27.712812921102035,27.36968421936035,0.987618409480172,0.28748983144890294,0.2605723617389406,0.29235749865242744,0.28748983144890294,0.2605723617389406,0.035,0.025,0.9833502912497158,0.8912798985488826,0.0004525513213593513,1.4609526260755956e-05,1.4609526260755956e-05,2.1996630491596355e-05,0.0002637643520120788,3.660615675235231e-05,0.0002632377408901021,0.0002783738782728348,0.3267874213276815,True,0.0019433837151154876,1019.9525756835938,0.00027031925856135786
6,1500,7,blocks.1.attn.proj.weight,attn_proj,1,88.45097351074219,0.3133126953965789,0.31001979480475084,0.3133126953965789,0.3133126953965789,27.712812921102035,27.421552658081055,0.9894900505462872,0.26092953213623576,0.2605723617389406,0.3133126953965789,0.26092953213623576,0.2605723617389406,0.035,0.025,0.8328086795396573,0.8316686989306907,0.0016737766563892365,4.658057514461689e-05,4.658057514461689e-05,0.00016012735463531683,0.0014959885565408388,0.00020670792977993372,0.0015164341566652187,0.0015425691316854557,0.4062468839285364,True,0.009567051194608212,5002.7998046875,0.0006385298911482096
6,1500,8,blocks.1.attn.q.weight,attn_q,1,97.71929168701172,0.28359612971678405,0.28051854103870005,0.28359612971678405,0.28359612971678405,27.712812921102035,27.412073135375977,0.9891479877346894,0.28852015586730045,0.2605723617389406,0.28359612971678405,0.28852015586730045,0.2605723617389406,0.035,0.025,1.0173628115286122,0.9188149429231056,0.0004090059082955122,6.902163477207068e-06,6.902163477207068e-06,1.614566639115412e-05,0.00020668185131221022,2.304782986836119e-05,0.00020131598293897607,0.00021358401478941728,0.6064067543960667,True,0.001695560640655458,888.4967041015625,0.00010057514009531587
6,1500,9,blocks.1.attn.v.weight,attn_v,1,88.37357330322266,0.3135871039865653,0.3066357336306775,0.3135871039865653,0.3135871039865653,27.712812921102035,27.098495483398438,0.9778327288733717,0.24433663763918453,0.2605723617389406,0.3135871039865653,0.24433663763918453,0.2605723617389406,0.035,0.025,0.7791667276268236,0.8309409361110208,0.0014461654936894774,6.224686512723565e-05,6.224686512723565e-05,0.00037255412247980113,0.0015355335131449893,0.0004348009876070368,0.0016191515138832104,0.001597780378272225,0.2628924384804498,True,0.011730550788342953,6135.26220703125,0.0012045369949191809
6,1500,10,blocks.1.mlp.fc.weight,mlp_fc,1,221.08633422851562,0.2506967517264814,0.25061692868176644,0.2506967517264814,0.2506967517264814,55.42562584220407,55.40797805786133,0.9996815952174725,0.24903644021228782,0.2605723617389406,0.2506967517264814,0.24903644021228782,0.2605723617389406,0.035,0.025,0.9933772116999543,1.0393926524554007,0.0012400762643665075,1.9816961867036298e-05,1.9816961867036298e-05,8.755109054512934e-05,0.00032631680615723526,0.00010736805241216564,0.0003477219389397443,0.00034613376802427155,0.2830410472559235,True,0.004604246001690626,2410.240234375,0.00020168229821138084
6,1500,11,blocks.1.mlp.proj.weight,mlp_proj,1,111.09598541259766,0.24944927414055376,0.249315544412679,0.24944927414055376,0.24944927414055376,27.712812921102035,27.697956085205078,0.9994639001122241,0.24147333401563634,0.2605723617389406,0.24944927414055376,0.24147333401563634,0.2605723617389406,0.035,0.025,0.968025803432792,1.0445905791336136,0.0023614466190338135,3.571606066543609e-05,3.571606066543609e-05,0.00027282961729501007,0.0011562510298575362,0.00030854567796044616,0.00121673420921804,0.0011919670905229723,0.5951359912063918,True,0.006161322817206383,3224.796630859375,0.00025355617981404066
6,1500,12,blocks.2.attn.k.weight,attn_k,2,97.44193267822266,0.284403358589126,0.2818920022057754,0.284403358589126,0.284403358589126,27.712812921102035,27.468101501464844,0.9911697372499183,0.28748983144890294,0.2605723617389406,0.284403358589126,0.28748983144890294,0.2605723617389406,0.035,0.025,1.0108524487020418,0.916207048438504,0.0007199849933385849,3.316046058898792e-05,3.316046058898792e-05,5.591412943625148e-05,0.00059007122504474,8.90745900252394e-05,0.0005914410097855918,0.0006232316856337279,0.22282145260827127,True,0.0038047386333346367,1997.9832763671875,0.000637003337033093
6,1500,13,blocks.2.attn.proj.weight,attn_proj,2,91.07709503173828,0.3042786214409315,0.3019726777205913,0.3042786214409315,0.3042786214409315,27.712812921102035,27.50279426574707,0.992421604549748,0.26092953213623576,0.2605723617389406,0.3042786214409315,0.26092953213623576,0.2605723617389406,0.035,0.025,0.8575348833269546,0.8563610565375346,0.0013826735084876418,2.6472202080185525e-05,2.6472202080185525e-05,0.00013244521817006342,0.0011575862406247503,0.00015891742025024894,0.001164521367317892,0.0011840584427049358,0.5734828073240121,True,0.006683668587356806,3496.741943359375,0.00030051509384065866
6,1500,14,blocks.2.attn.q.weight,attn_q,2,97.070068359375,0.2854928752960494,0.2818459011151911,0.2854928752960494,0.2854928752960494,27.712812921102035,27.358800888061523,0.9872256910892309,0.28852015586730045,0.2605723617389406,0.2854928752960494,0.28852015586730045,0.2605723617389406,0.035,0.025,1.0106036991925345,0.9127105587792101,0.0007214570068754256,5.908529783482663e-05,5.908529783482663e-05,6.47230044752256e-05,0.0006564538545625406,0.00012380830231005223,0.0006801899197145942,0.0007155391523973672,0.12578987662825067,True,0.00588588323444128,3091.955322265625,0.00147894152905792
6,1500,15,blocks.2.attn.v.weight,attn_v,2,95.12702178955078,0.29132429881396904,0.28547410596424017,0.29132429881396904,0.29132429881396904,27.712812921102035,27.156301498413086,0.9799186237689645,0.24433663763918453,0.2605723617389406,0.29132429881396904,0.24433663763918453,0.2605723617389406,0.035,0.025,0.8387101200755334,0.8944408784292116,0.001553389593027532,9.413900261279196e-05,9.413900261279196e-05,0.00045782932965111466,0.0018937749412136357,0.0005519683322639066,0.0020159812605217904,0.0019879139438264276,0.1734630180618812,True,0.015348773449659348,8029.40869140625,0.0019435817375779152
6,1500,16,blocks.2.mlp.fc.weight,mlp_fc,2,222.06167602539062,0.24959563862729145,0.24961039052062847,0.24959563862729145,0.24959563862729145,55.42562584220407,55.42890167236328,1.0000591031695074,0.24903644021228782,0.2605723617389406,0.24959563862729145,0.24903644021228782,0.2605723617389406,0.035,0.025,0.9977595825869432,1.0439780245040264,0.0014354977756738663,2.5479883333900943e-05,2.5479883333900943e-05,0.00010629587114624454,0.0004013396200274209,0.00013177575448014548,0.0004285646654162515,0.00042681950336132186,0.25370643067649723,True,0.005995600484311581,3136.3896484375,0.0003680129593703896
6,1500,17,blocks.2.mlp.proj.weight,mlp_proj,2,111.14250183105469,0.24934487225442956,0.24941562377511073,0.24934487225442956,0.24934487225442956,27.712812921102035,27.72067642211914,1.0002837496518124,0.24147333401563634,0.2605723617389406,0.24934487225442956,0.24147333401563634,0.2605723617389406,0.035,0.025,0.968431120449266,1.0450279541864995,0.0026041145902127028,5.077003879705444e-05,5.077003879705444e-05,0.0003680035324568637,0.0014683460575409728,0.00041877357125391814,0.001547633007984341,0.0015191160963380272,0.46150076678312846,True,0.008428140543401241,4404.931640625,0.000510787998791784
6,1500,18,blocks.3.attn.k.weight,attn_k,3,97.49478149414062,0.284249192586452,0.2818858853811069,0.284249192586452,0.284249192586452,27.712812921102035,27.482402801513672,0.9916857909644778,0.28748983144890294,0.2605723617389406,0.284249192586452,0.28748983144890294,0.2605723617389406,0.035,0.025,1.0114006968074865,0.916703964461358,0.0006313703488558531,2.7345013222657144e-05,2.7345013222657144e-05,5.8469802247167866e-05,0.000542579823482864,8.581481546982501e-05,0.0005410649063217285,0.0005699248367055211,0.23682343400196926,True,0.0033449355978518724,1753.4420166015625,0.0005450791213661432
6,1500,19,blocks.3.attn.proj.weight,attn_proj,3,93.11911010742188,0.29760607558569485,0.295422634971601,0.29760607558569485,0.29760607558569485,27.712812921102035,27.509492874145508,0.9926633197598751,0.26092953213623576,0.2605723617389406,0.29760607558569485,0.26092953213623576,0.2605723617389406,0.035,0.025,0.8767614425300999,0.8755612976856365,0.0011716894805431366,1.6581325326114893e-05,1.6581325326114893e-05,0.00010663027860029569,0.0009014621995456337,0.00012321160392641059,0.0009030649761318106,0.0009180435248717486,0.7588474403975695,True,0.0047632791101932526,2493.7021484375,0.00014485618157777935
6,1500,20,blocks.3.attn.q.weight,attn_q,3,96.93760681152344,0.2858829904371817,0.28319508026487755,0.2858829904371817,0.2858829904371817,27.712812921102035,27.452253341674805,0.9905978660423596,0.28852015586730045,0.2605723617389406,0.2858829904371817,0.28852015586730045,0.2605723617389406,0.035,0.025,1.0092246321688672,0.9114650764652517,0.0005810130387544632,2.0709978343802504e-05,2.0709978343802504e-05,4.895870896143748e-05,0.0004405133789150933,6.966868730523998e-05,0.0004374322934116752,0.0004612233572588958,0.2894102712163703,True,0.003488641232252121,1827.06591796875,0.0005259451572783291
6,1500,21,blocks.3.attn.v.weight,attn_v,3,97.8505630493164,0.283215671504464,0.278087043054719,0.283215671504464,0.283215671504464,27.712812921102035,27.210973739624023,0.9818914383427355,0.24433663763918453,0.2605723617389406,0.283215671504464,0.24433663763918453,0.2605723617389406,0.035,0.025,0.8627228724358685,0.9200492344041545,0.0014171601505950093,7.81557901063934e-05,7.81557901063934e-05,0.00041770515364612554,0.0016916306036984846,0.0004958609437525189,0.0017987673011158425,0.001769786393804878,0.18530811781327441,True,0.013481298461556435,7052.73583984375,0.0016412026016041636
6,1500,22,blocks.3.mlp.fc.weight,mlp_fc,3,223.563720703125,0.24791869480381806,0.2479130936468352,0.24791869480381806,0.24791869480381806,55.42562584220407,55.424373626708984,0.9999774072827134,0.24903644021228782,0.2605723617389406,0.24791869480381806,0.24903644021228782,0.2605723617389406,0.035,0.025,1.0045085160252003,1.05103958354224,0.0015024013118818402,2.7020711058867164e-05,2.7020711058867164e-05,0.00012215774410121117,0.00045455031622856153,0.00014917845516007833,0.00048365249373328917,0.0004815710272874287,0.24870691007000165,True,0.006305215880274773,3297.94775390625,0.0003579704207368195
6,1500,23,blocks.3.mlp.proj.weight,mlp_proj,3,112.18869018554688,0.24701966727009922,0.24695519407409444,0.24701966727009922,0.24701966727009922,27.712812921102035,27.70557975769043,0.999738995697326,0.24147333401563634,0.2605723617389406,0.24701966727009922,0.24147333401563634,0.2605723617389406,0.035,0.025,0.9775469973069053,1.0548648397863092,0.0027503566816449165,8.411171438638121e-05,8.411171438638121e-05,0.0004734868583514991,0.0018010560050540415,0.0005575985727378803,0.0019186251034576365,0.0018851677194404227,0.29146301737964375,True,0.013011475093662739,6775.5830078125,0.0014152335934340954
6,1500,24,blocks.4.attn.k.weight,attn_k,4,97.408203125,0.28450183898310194,0.2826523118721524,0.28450183898310194,0.28450183898310194,27.712812921102035,27.53265380859375,0.9934990679935236,0.28748983144890294,0.2605723617389406,0.28450183898310194,0.28748983144890294,0.2605723617389406,0.035,0.025,1.0105025418341091,0.9158899031032884,0.0005727789248339832,1.4692308468511328e-05,1.4692308468511328e-05,3.9862157203436736e-05,0.00047433540021459615,5.4554465671948064e-05,0.00046129758584305663,0.0004890277086831075,0.4002224626764229,True,0.002494137967005372,1307.900634765625,0.00019407318904995918
6,1500,25,blocks.4.attn.proj.weight,attn_proj,4,99.36639404296875,0.27889522597668437,0.277028496749728,0.27889522597668437,0.27889522597668437,27.712812921102035,27.52732276916504,0.9933067006779469,0.26092953213623576,0.2605723617389406,0.27889522597668437,0.26092953213623576,0.2605723617389406,0.035,0.025,0.9355826411960507,0.9343019796284517,0.0010983317624777555,1.3185969692131039e-05,1.3185969692131039e-05,9.084219627041531e-05,0.0007557081773870135,0.00010402816596254635,0.0007561994589985955,0.0007688941470791445,0.8382661709094866,True,0.004094662610441446,2143.30078125,9.712841711007059e-05
6,1500,26,blocks.4.attn.q.weight,attn_q,4,97.24162292480469,0.2849892061399663,0.28280739850618597,0.2849892061399663,0.2849892061399663,27.712812921102035,27.50065040588379,0.9923442446704248,0.28852015586730045,0.2605723617389406,0.2849892061399663,0.28852015586730045,0.2605723617389406,0.035,0.025,1.0123897665289119,0.9143236169125861,0.0005037329392507672,8.627423085272312e-06,8.627423085272312e-06,2.8189602075733857e-05,0.00033651617570127344,3.681702516100617e-05,0.00032544805836642627,0.00034514359878654575,0.6004364599980457,True,0.0026116869412362576,1370.9427490234375,0.00017112138448283076
6,1500,27,blocks.4.attn.v.weight,attn_v,4,104.66851806640625,0.2647674146252823,0.2594599234994194,0.2647674146252823,0.2647674146252823,27.712812921102035,27.157285690307617,0.9799541377349172,0.24433663763918453,0.2605723617389406,0.2647674146252823,0.24433663763918453,0.2605723617389406,0.035,0.025,0.9228350021281401,0.9841557055188274,0.001453363336622715,8.280693145934492e-05,8.280693145934492e-05,0.00042803814461376047,0.0017914638191363443,0.0005108450760731054,0.0019020265618284178,0.0018742707505956893,0.16768392593707673,True,0.013722579926252365,7185.7763671875,0.001628009951673448
6,1500,28,blocks.4.mlp.fc.weight,mlp_fc,4,224.2826690673828,0.24712398007690983,0.24703517460077182,0.24712398007690983,0.24712398007690983,55.42562584220407,55.40570831298828,0.9996406440358022,0.24903644021228782,0.2605723617389406,0.24712398007690983,0.24903644021228782,0.2605723617389406,0.035,0.025,1.0077388691084646,1.0544195737614996,0.0015198166947811842,2.8014204872306436e-05,2.8014204872306436e-05,0.00012346639769374575,0.00043855353900621146,0.00015148060256605218,0.0004682968956866495,0.0004665677438785179,0.24188959905716156,True,0.006076290737837553,3178.060791015625,0.00035849821870215237
6,1500,29,blocks.4.mlp.proj.weight,mlp_proj,4,113.43383026123047,0.2443081826407633,0.24431022964152527,0.2443081826407633,0.2443081826407633,27.712812921102035,27.713045120239258,1.0000083787646488,0.24147333401563634,0.2605723617389406,0.2443081826407633,0.24147333401563634,0.2605723617389406,0.035,0.025,0.9883964237526363,1.0665723878847422,0.0027180886827409267,9.08803049242124e-05,9.08803049242124e-05,0.00046726004081048113,0.0017419302840940853,0.0005581403457346935,0.0018646339796757972,0.0018328105890182977,0.2636642510092187,True,0.014184588566422462,7383.75634765625,0.0017486937576904893
6,1500,30,blocks.5.attn.k.weight,attn_k,5,96.88370513916016,0.2860420426871204,0.28357905716794785,0.2860420426871204,0.2860420426871204,27.712812921102035,27.47418975830078,0.9913894282951136,0.28748983144890294,0.2605723617389406,0.2860420426871204,0.28748983144890294,0.2605723617389406,0.035,0.025,1.0050614544218108,0.910958260859439,0.0007712131482549012,4.937287303619087e-05,4.937287303619087e-05,6.781507876312084e-05,0.0006976225520958182,0.0001171879517993117,0.000709968244528905,0.0007469954251320091,0.16122607676727063,True,0.003789171576499939,1992.645263671875,0.0007949047139845788
6,1500,31,blocks.5.attn.proj.weight,attn_proj,5,106.74260711669922,0.25962278484358414,0.2579920315729403,0.25962278484358414,0.25962278484358414,27.712812921102035,27.538742065429688,0.9937187590387189,0.26092953213623576,0.2605723617389406,0.25962278484358414,0.26092953213623576,0.2605723617389406,0.035,0.025,1.0050332535083117,1.003657525266623,0.0010019710753113031,1.1632658242888283e-05,1.1632658242888283e-05,8.179091988061343e-05,0.0006904522234036287,9.342357812350171e-05,0.0006903921019225039,0.000702084881646517,0.8069347335219944,True,0.0039047205355018377,2042.6025390625,9.727274300530553e-05
6,1500,32,blocks.5.attn.q.weight,attn_q,5,94.3760986328125,0.29364228149463784,0.29081595697483553,0.29364228149463784,0.29364228149463784,27.712812921102035,27.446075439453125,0.9903749401979399,0.28852015586730045,0.2605723617389406,0.29364228149463784,0.28852015586730045,0.2605723617389406,0.035,0.025,0.9825565800631102,0.8873802519604074,0.0006837829714640975,3.9391874452121556e-05,3.9391874452121556e-05,6.138536058574713e-05,0.0005966017569381151,0.00010077723503786869,0.0006046909786524701,0.0006359936313902367,0.18392874764943684,True,0.004185560159385204,2201.407470703125,0.000844480178784579
6,1500,33,blocks.5.attn.v.weight,attn_v,5,113.4295654296875,0.24431736836971837,0.2398952173339841,0.24431736836971837,0.24431736836971837,27.712812921102035,27.211210250854492,0.9818999727066466,0.24433663763918453,0.2605723617389406,0.24431736836971837,0.24433663763918453,0.2605723617389406,0.035,0.025,1.0000788698306418,1.0665322874001493,0.001417545136064291,8.911381883081049e-05,8.911381883081049e-05,0.0004043458049205758,0.0017367125749029335,0.0004934596237513863,0.0018579654196994998,0.001825826393733744,0.14023795589724028,True,0.01326536200940609,6938.5625,0.0019211105536669493
6,1500,34,blocks.5.mlp.fc.weight,mlp_fc,5,224.97410583496094,0.24636446775285256,0.2462920774777197,0.24636446775285256,0.24636446775285256,55.42562584220407,55.409339904785156,0.9997061659264745,0.24903644021228782,0.2605723617389406,0.24636446775285256,0.24903644021228782,0.2605723617389406,0.035,0.025,1.0108456080692436,1.0576702237773228,0.0014967399183660746,2.716726521612145e-05,2.716726521612145e-05,0.00011463357946331191,0.0004438909011398517,0.00014180084467943336,0.0004741631314744102,0.00047105816635597316,0.24488821444381162,True,0.0060746329836547375,3181.757568359375,0.00045276759192347527
6,1500,35,blocks.5.mlp.proj.weight,mlp_proj,5,114.38569641113281,0.24227516018694126,0.24226911959250527,0.24227516018694126,0.24227516018694126,27.712812921102035,27.712121963500977,0.9999750672151894,0.24147333401563634,0.2605723617389406,0.24227516018694126,0.24147333401563634,0.2605723617389406,0.035,0.025,0.9966904317772972,1.0755223999764612,0.0023254964035004377,2.8952246793778613e-05,2.8952246793778613e-05,0.000278195914891987,0.0010670511967598528,0.0003071481616857656,0.0011168227020504598,0.0010960034435536314,0.7022013813270102,True,0.0062600113451480865,3276.56494140625,0.00023947110457811505
6,1500,36,blocks.6.attn.k.weight,attn_k,6,96.29631805419922,0.28778683838674096,0.2861447274629299,0.28778683838674096,0.28778683838674096,27.712812921102035,27.554683685302734,0.9942940026965328,0.28748983144890294,0.2605723617389406,0.28778683838674096,0.28748983144890294,0.2605723617389406,0.035,0.025,0.9989679620530842,0.9054352978740873,0.0005372491432353854,8.28204611025285e-06,8.28204611025285e-06,2.727377295614975e-05,0.00031386650650178576,3.55558190664026e-05,0.00030403052031413,0.0003221485526120386,0.673640835048952,True,0.0018774019554257393,983.8425903320312,0.00010031273268396035
6,1500,37,blocks.6.attn.proj.weight,attn_proj,6,108.01083374023438,0.25657438204533484,0.25510637840995964,0.25657438204533484,0.25657438204533484,27.712812921102035,27.55425262451172,0.9942784481300496,0.26092953213623576,0.2605723617389406,0.25657438204533484,0.26092953213623576,0.2605723617389406,0.035,0.025,1.0169742203262186,1.01558214682906,0.0008558992412872612,6.713062248309143e-06,6.713062248309143e-06,6.017750060986795e-05,0.0004868107838627624,6.689056285817709e-05,0.0004845049261029847,0.0004935238461110716,1.1804148071879772,True,0.002936951583251357,1538.0986328125,4.75806555186864e-05
6,1500,38,blocks.6.attn.q.weight,attn_q,6,95.50541687011719,0.2901700639534419,0.28856841613006673,0.2901700639534419,0.2901700639534419,27.712812921102035,27.559846878051758,0.9944803133667531,0.28852015586730045,0.2605723617389406,0.2901700639534419,0.28852015586730045,0.2605723617389406,0.035,0.025,0.9943139962004964,0.8979987741972918,0.00048648484516888857,5.516468718269607e-06,5.516468718269607e-06,1.6767042033876516e-05,0.00021434749949082282,2.2283510752146123e-05,0.00020727638177034887,0.00021986396820909243,0.9233793360724621,True,0.0018734140321612358,981.6423950195312,0.00010356261918786913
6,1500,39,blocks.6.attn.v.weight,attn_v,6,116.11974334716797,0.23865720093996332,0.23495308523028668,0.23865720093996332,0.23865720093996332,27.712812921102035,27.282691955566406,0.9844793465477439,0.24433663763918453,0.2605723617389406,0.23865720093996332,0.24433663763918453,0.2605723617389406,0.035,0.025,1.0237974663108949,1.0918269413730797,0.001207059482112527,4.922480002278462e-05,4.922480002278462e-05,0.00033546879175195914,0.0013904621010407147,0.00038469359177474376,0.0014612829333398684,0.0014396869010634993,0.21117312377906947,True,0.010439715348184109,5456.79150390625,0.000879703089594841
6,1500,40,blocks.6.mlp.fc.weight,mlp_fc,6,225.79501342773438,0.24546877719220767,0.24544231597581734,0.24546877719220767,0.24546877719220767,55.42562584220407,55.41965103149414,0.9998922012946333,0.24903644021228782,0.2605723617389406,0.24546877719220767,0.24903644021228782,0.2605723617389406,0.035,0.025,1.0145340807123775,1.06152955467288,0.0014596343971788883,1.9320930732646957e-05,1.9320930732646957e-05,0.00010226268343690762,0.00037110518695489757,0.00012158361416955457,0.00039219642836262145,0.00039042611768754453,0.3345813269103531,True,0.005334850400686264,2793.23681640625,0.00027618196327239275
6,1500,41,blocks.6.mlp.proj.weight,mlp_proj,6,114.95782470703125,0.24106939211600284,0.24111245990775323,0.24106939211600284,0.24106939211600284,27.712812921102035,27.717763900756836,1.0001786530897783,0.24147333401563634,0.2605723617389406,0.24106939211600284,0.24147333401563634,0.2605723617389406,0.035,0.025,1.0016756249977978,1.080901890745022,0.0022980407811701298,2.6834833988687024e-05,2.6834833988687024e-05,0.00026514534948051587,0.0009685736839999564,0.0002919801834692029,0.0010139053524550897,0.0009954085179886434,0.744938261855143,True,0.005843473598361015,3059.784423828125,0.00020728632807731628
6,1500,42,blocks.7.attn.k.weight,attn_k,7,96.17736053466797,0.2881427891869907,0.286293727534292,0.2881427891869907,0.2881427891869907,27.712812921102035,27.534975051879883,0.9935828286457801,0.28748983144890294,0.2605723617389406,0.2881427891869907,0.28748983144890294,0.2605723617389406,0.035,0.025,0.9977339091499388,0.9043167884719884,0.000645358522888273,1.6284531739074737e-05,1.6284531739074737e-05,3.3786356285873374e-05,0.0004330112855077253,5.007088802494811e-05,0.0004239102423870143,0.0004492958172468,0.412052848467334,True,0.0023676797281950712,1240.7772216796875,0.00021118835138622671
6,1500,43,blocks.7.attn.proj.weight,attn_proj,7,117.66284942626953,0.23552729732648173,0.23402578278668262,0.23552729732648173,0.23552729732648173,27.712812921102035,27.53614044189453,0.9936248810356968,0.26092953213623576,0.2605723617389406,0.23552729732648173,0.26092953213623576,0.2605723617389406,0.035,0.025,1.1078526145296106,1.10633614318489,0.0009983249474316835,1.0376485079177655e-05,1.0376485079177655e-05,6.878850499682148e-05,0.000561745040867423,7.916499007599913e-05,0.0005608433032618499,0.0005721215259466007,0.8176779691050805,True,0.003952286206185818,2069.2294921875,8.729290857445449e-05
6,1500,44,blocks.7.attn.q.weight,attn_q,7,93.14382934570312,0.2975270945565915,0.2956703778369026,0.2975270945565915,0.2975270945565915,27.712812921102035,27.539871215820312,0.9937595037438428,0.28852015586730045,0.2605723617389406,0.2975270945565915,0.28852015586730045,0.2605723617389406,0.035,0.025,0.9697273328914323,0.8757937226768372,0.0005914467037655413,1.016277565213386e-05,1.016277565213386e-05,2.357886902997783e-05,0.00030936516239119487,3.374164468211169e-05,0.00030170822279987076,0.00031952793804332873,0.6248117505783586,True,0.002423387486487627,1270.99169921875,0.00018571667897049338
6,1500,45,blocks.7.attn.v.weight,attn_v,7,127.2776870727539,0.2177350449907293,0.21441696142092334,0.2177350449907293,0.2177350449907293,27.712812921102035,27.290494918823242,0.9847609117312947,0.24433663763918453,0.2605723617389406,0.2177350449907293,0.24433663763918453,0.2605723617389406,0.035,0.025,1.1221741435770611,1.1967405694845092,0.0013597295619547367,7.057996117509902e-05,7.057996117509902e-05,0.00035749232422689967,0.0015409863219456336,0.0004280722854019987,0.001633755500071254,0.0016115662831207326,0.15136269439315303,True,0.011125952936708927,5818.83544921875,0.001148659735918045
6,1500,46,blocks.7.mlp.fc.weight,mlp_fc,7,224.23008728027344,0.24718193046469067,0.24716504970383643,0.24718193046469067,0.24718193046469067,55.42562584220407,55.42184066772461,0.9999317071404799,0.24903644021228782,0.2605723617389406,0.24718193046469067,0.24903644021228782,0.2605723617389406,0.035,0.025,1.0075026105027611,1.0541723711319697,0.0014541636919602752,1.67528214660706e-05,1.67528214660706e-05,9.461504103376281e-05,0.00033474861972103263,0.00011136786249983341,0.00035269942578931146,0.00035150144118710323,0.3871073796458906,True,0.005059574730694294,2650.10986328125,0.00023094081552699208
6,1500,47,blocks.7.mlp.proj.weight,mlp_proj,7,116.06770324707031,0.23876420525105496,0.23877199024059517,0.23876420525105496,0.23876420525105496,27.712812921102035,27.713716506958008,1.000032605346074,0.24147333401563634,0.2605723617389406,0.23876420525105496,0.24147333401563634,0.2605723617389406,0.035,0.025,1.0113464610900649,1.0913376293777155,0.0023419251665472984,2.7358757506590337e-05,2.7358757506590337e-05,0.00025964668066872927,0.000904303144249539,0.0002870054381753196,0.0009482576370892785,0.0009316619017561294,0.7375054819564928,True,0.006048548500984907,3166.100341796875,0.00021640429622493684
6,1500,48,blocks.8.attn.k.weight,attn_k,8,95.22808074951172,0.29101513653307703,0.2893722907913012,0.29101513653307703,0.29101513653307703,27.712812921102035,27.556367874145508,0.9943547756266415,0.28748983144890294,0.2605723617389406,0.29101513653307703,0.28748983144890294,0.2605723617389406,0.035,0.025,0.9878861796462831,0.8953910949210153,0.0005710789118893445,1.271134169655852e-05,1.271134169655852e-05,2.3393238911985225e-05,0.0003092879715782413,3.6104580608543745e-05,0.00030376601093838086,0.0003219993132747998,0.4717801874126729,True,0.0020161890424788,1056.8392333984375,0.00016799691366031766
6,1500,49,blocks.8.attn.proj.weight,attn_proj,8,119.29293823242188,0.23230891393678613,0.23113592484607728,0.23230891393678613,0.23230891393678613,27.712812921102035,27.57288360595703,0.9949507357645945,0.26092953213623576,0.2605723617389406,0.23230891393678613,0.26092953213623576,0.2605723617389406,0.035,0.025,1.1232006887485928,1.1216632083685143,0.0008613243699073792,7.030560936982511e-06,7.030560936982511e-06,5.581340933980076e-05,0.00045099904067898866,6.284397027678327e-05,0.0004484603123693549,0.00045802960161597117,1.0269800869266061,True,0.0035094579216092825,1837.1109619140625,7.089192513376474e-05
6,1500,50,blocks.8.attn.q.weight,attn_q,8,94.06250762939453,0.29462124303862147,0.2929182353646801,0.29462124303862147,0.29462124303862147,27.712812921102035,27.552623748779297,0.9942196711398877,0.28852015586730045,0.2605723617389406,0.29462124303862147,0.28852015586730045,0.2605723617389406,0.035,0.025,0.9792917608099249,0.8844316826970368,0.0005449302261695266,7.292823738680454e-06,7.292823738680454e-06,1.5399665413721844e-05,0.00023777020882430816,2.2692489152402298e-05,0.00023089500947627594,0.0002450630325629886,0.7943805979225232,True,0.0020638692658394575,1081.083251953125,0.00014214476686902344
6,1500,51,blocks.8.attn.v.weight,attn_v,8,130.00985717773438,0.213159321321431,0.21065656701398353,0.213159321321431,0.213159321321431,27.712812921102035,27.38743019104004,0.9882587620755657,0.24433663763918453,0.2605723617389406,0.213159321321431,0.24433663763918453,0.2605723617389406,0.035,0.025,1.146262974213265,1.2224300589980472,0.0010791849344968796,3.55293886968866e-05,3.55293886968866e-05,0.00023621548547620482,0.0010098917542186445,0.0002717448741730914,0.0010589743180467643,0.0010454211429155311,0.23363174753278304,True,0.008182830177247524,4279.83544921875,0.0005769003764726222
6,1500,52,blocks.8.mlp.fc.weight,mlp_fc,8,225.7637176513672,0.2455028045196988,0.24549614275167642,0.2455028045196988,0.2455028045196988,55.42562584220407,55.42412185668945,0.9999728647986962,0.24903644021228782,0.2605723617389406,0.2455028045196988,0.24903644021228782,0.2605723617389406,0.035,0.025,1.0143934636490293,1.0613824239145613,0.0013937699841335416,1.2867240911873523e-05,1.2867240911873523e-05,7.628813755896334e-05,0.0002618650950800841,8.915537847083686e-05,0.00027534483282140327,0.00027473233599195764,0.4797903703041304,True,0.00446303142234683,2337.740478515625,0.00017614856187719852
6,1500,53,blocks.8.mlp.proj.weight,mlp_proj,8,117.44204711914062,0.23597011122420583,0.23604790025104125,0.23597011122420583,0.23597011122420583,27.712812921102035,27.721948623657227,1.0003296562705923,0.24147333401563634,0.2605723617389406,0.23597011122420583,0.24147333401563634,0.2605723617389406,0.035,0.025,1.0233216942725498,1.1042600284718223,0.002251944039016962,2.222702096332796e-05,2.222702096332796e-05,0.0002276715675208499,0.0007546306763760149,0.00024989858848417786,0.0007899992953616402,0.0007768576973393429,0.8626859443468111,True,0.005513820331543684,2888.005859375,0.00016469549154862761
6,1500,54,blocks.9.attn.k.weight,attn_k,9,95.5224609375,0.2901182889250982,0.2885432840374657,0.2901182889250982,0.2901182889250982,27.712812921102035,27.56236457824707,0.994571163047097,0.28748983144890294,0.2605723617389406,0.2901182889250982,0.28748983144890294,0.2605723617389406,0.035,0.025,0.9909400490195436,0.8981590326634469,0.0005148675409145653,7.671175808354747e-06,7.671175808354747e-06,1.7906313884913888e-05,0.00024142222718628105,2.5577489693268634e-05,0.00023471782435319542,0.0002490934029946358,0.7026322419600392,True,0.0018566064536571503,973.0494384765625,9.36266005737707e-05
6,1500,55,blocks.9.attn.proj.weight,attn_proj,9,122.899658203125,0.2254913750475945,0.22405817066351028,0.2254913750475945,0.2254913750475945,27.712812921102035,27.536672592163086,0.9936440833544968,0.26092953213623576,0.2605723617389406,0.2254913750475945,0.26092953213623576,0.2605723617389406,0.035,0.025,1.1571597010358436,1.1555757362512937,0.0007499185157939792,6.207316801010165e-06,6.207316801010165e-06,4.98693157234519e-05,0.0004043687346231536,5.6076632524462064e-05,0.0004016523970451943,0.00041057605142416376,0.983013519236036,True,0.0037163649685680866,1945.858642578125,8.840906230034307e-05
6,1500,56,blocks.9.attn.q.weight,attn_q,9,94.96163177490234,0.291831684051014,0.2900967765960263,0.291831684051014,0.291831684051014,27.712812921102035,27.548063278198242,0.9940551093325375,0.28852015586730045,0.2605723617389406,0.291831684051014,0.28852015586730045,0.2605723617389406,0.035,0.025,0.9886526091418687,0.8928857830714191,0.0004982327809557319,7.024199931038311e-06,7.024199931038311e-06,1.3747486523588736e-05,0.00021319064410451255,2.0771686454627047e-05,0.00020751089586496457,0.00022021484403555086,0.7469426620467088,True,0.002062346786260605,1078.9716796875,0.00013871837290935218
6,1500,57,blocks.9.attn.v.weight,attn_v,9,133.6288299560547,0.20738648187083356,0.2047826525586799,0.20738648187083356,0.20738648187083356,27.712812921102035,27.364866256713867,0.9874445562282412,0.24433663763918453,0.2605723617389406,0.20738648187083356,0.24433663763918453,0.2605723617389406,0.035,0.025,1.1781705125378645,1.2564577950709093,0.0009413196239620447,2.766929355857428e-05,2.766929355857428e-05,0.00019768639669202426,0.0008414333327058942,0.00022535569025059854,0.0008796609761039558,0.0008691026262644685,0.2545885548389603,True,0.007263947278261185,3802.172607421875,0.0004549229342956096
6,1500,58,blocks.9.mlp.fc.weight,mlp_fc,9,226.0908660888672,0.24514756744051083,0.2451945864407517,0.24514756744051083,0.24514756744051083,55.42562584220407,55.436256408691406,1.0001917987632218,0.24903644021228782,0.2605723617389406,0.24514756744051083,0.24903644021228782,0.2605723617389406,0.035,0.025,1.0158633953107477,1.0629204460785557,0.0014304353389889002,1.287077884626342e-05,1.287077884626342e-05,7.073658298609415e-05,0.00024164572535849302,8.360736183235757e-05,0.0002550063366212429,0.00025451650420475644,0.4915643573790055,True,0.004283443558961153,2243.654052734375,0.0001679723645793274
6,1500,59,blocks.9.mlp.proj.weight,mlp_proj,9,118.91326904296875,0.2330506355105597,0.23307175578396078,0.2330506355105597,0.2330506355105597,27.712812921102035,27.71532440185547,1.0000906252555661,0.24147333401563634,0.2605723617389406,0.2330506355105597,0.24147333401563634,0.2605723617389406,0.035,0.025,1.0361410664537536,1.1180933326703324,0.0023971963673830032,2.553670492488891e-05,2.553670492488891e-05,0.00022342654109403642,0.0007141296939495132,0.00024896324601892533,0.0007516579200412534,0.0007396663988744021,0.789420561877927,True,0.005798486527055502,3037.697998046875,0.0001986374700209126
6,1500,60,blocks.10.attn.k.weight,attn_k,10,95.00811004638672,0.291688919057242,0.29031130331617955,0.291688919057242,0.291688919057242,27.712812921102035,27.581928253173828,0.9952771063586784,0.28748983144890294,0.2605723617389406,0.291688919057242,0.28748983144890294,0.2605723617389406,0.035,0.025,0.9856042265098354,0.893322799443763,0.0004089662106707692,5.967258857708657e-06,5.967258857708657e-06,1.482200268170988e-05,0.00019840504559283996,2.0789261539418537e-05,0.0001925337693264581,0.00020437230445054862,0.7213596911919876,True,0.00140486063901335,736.7688598632812,8.700442413100973e-05
6,1500,61,blocks.10.attn.proj.weight,attn_proj,10,117.5159912109375,0.2358216327457802,0.23407247886393256,0.2358216327457802,0.2358216327457802,27.712812921102035,27.507259368896484,0.9925827250813276,0.26092953213623576,0.2605723617389406,0.2358216327457802,0.26092953213623576,0.2605723617389406,0.035,0.025,1.106469873429815,1.1049552948343893,0.0006404242012649775,5.3871754062129185e-06,5.3871754062129185e-06,4.4305454091242456e-05,0.0003641977322939555,4.9692629497455374e-05,0.00036172115311169825,0.0003695849077001684,1.011601933703375,True,0.0034508402459323406,1806.4765625,9.384060831507668e-05
6,1500,62,blocks.10.attn.q.weight,attn_q,10,94.90657043457031,0.2920009941799295,0.29033594263606693,0.2920009941799295,0.2920009941799295,27.712812921102035,27.55478858947754,0.9942977880998805,0.28852015586730045,0.2605723617389406,0.2920009941799295,0.28852015586730045,0.2605723617389406,0.035,0.025,0.9880793614336664,0.8923680635771305,0.0003832168295048177,3.478639428067254e-06,3.478639428067254e-06,8.403076697269028e-06,0.00014771271294076319,1.1881716125336282e-05,0.00014227051116536308,0.00015119135236883044,1.1607504974822458,True,0.0013857189333066344,726.2601928710938,7.347991777351126e-05
6,1500,63,blocks.10.attn.v.weight,attn_v,10,128.9873809814453,0.21484902406917225,0.21257624373958603,0.21484902406917225,0.21484902406917225,27.712812921102035,27.419652938842773,0.9894215003329369,0.24433663763918453,0.2605723617389406,0.21484902406917225,0.24433663763918453,0.2605723617389406,0.035,0.025,1.1372480684879376,1.21281612922313,0.0007329058717004955,1.550616798340343e-05,1.550616798340343e-05,0.00012947163360656772,0.0005891340749056746,0.00014497780158997115,0.0006124211001729805,0.000604640242889078,0.3664346146256455,True,0.004915021825581789,2571.788330078125,0.00024966022465378046
6,1500,64,blocks.10.mlp.fc.weight,mlp_fc,10,225.70156860351562,0.24557040602393376,0.245645140092557,0.24557040602393376,0.24557040602393376,55.42562584220407,55.4424934387207,1.0003043284809205,0.24903644021228782,0.2605723617389406,0.24557040602393376,0.24903644021228782,0.2605723617389406,0.035,0.025,1.01411421776945,1.0610902427450672,0.0014615115942433476,1.3711191058973782e-05,1.3711191058973782e-05,6.811999064028991e-05,0.00023160411566824338,8.183118169926369e-05,0.0002456615172349533,0.00024531530672721716,0.4722723339316734,True,0.0041358089074492455,2163.977783203125,0.0001592746120877564
6,1500,65,blocks.10.mlp.proj.weight,mlp_proj,10,120.14744567871094,0.23065669656606358,0.2307270983440001,0.23065669656606358,0.23065669656606358,27.712812921102035,27.721271514892578,1.000305223212621,0.24147333401563634,0.2605723617389406,0.23065669656606358,0.24147333401563634,0.2605723617389406,0.035,0.025,1.0468949638601743,1.1296977959810013,0.002626740373671055,4.204921060591005e-05,4.204921060591005e-05,0.0002847272910169755,0.0008974848303430393,0.00032677650162288557,0.0009545017667765606,0.0009395340409489493,0.5199298599679015,True,0.007777575869113207,4069.16162109375,0.0005414931220002472
6,1500,66,blocks.11.attn.k.weight,attn_k,11,94.7159423828125,0.29258868384685893,0.29101007458310096,0.29258868384685893,0.29258868384685893,27.712812921102035,27.56329345703125,0.9946046810731027,0.28748983144890294,0.2605723617389406,0.29258868384685893,0.28748983144890294,0.2605723617389406,0.035,0.025,0.9825733096341323,0.8905756651727663,0.0004507886478677392,8.641145541332662e-06,8.641145541332662e-06,1.2346989078893159e-05,0.00016640208076713857,2.098813462022582e-05,0.00016531303405187798,0.00017504322630847123,0.5507805129060502,True,0.0015950995730236173,837.0875854492188,0.00013797346036881208
6,1500,67,blocks.11.attn.proj.weight,attn_proj,11,124.91143798828125,0.22185969009260748,0.21958321667353015,0.22185969009260748,0.22185969009260748,27.712812921102035,27.428455352783203,0.9897391300865634,0.26092953213623576,0.2605723617389406,0.22185969009260748,0.26092953213623576,0.2605723617389406,0.035,0.025,1.1761015803606323,1.1744916872018252,0.0008449454326182604,1.646573764446657e-05,1.646573764446657e-05,5.751172615673289e-05,0.0005267118478791369,7.397746380119946e-05,0.0005310085818906747,0.0005431775855236035,0.4108140264829483,True,0.006300837267190218,3298.94384765625,0.000458686234196648
6,1500,68,blocks.11.attn.q.weight,attn_q,11,94.6281967163086,0.2928599918709631,0.2913172884826328,0.2928599918709631,0.2928599918709631,27.712812921102035,27.566829681396484,0.9947322835786767,0.28852015586730045,0.2605723617389406,0.2928599918709631,0.28852015586730045,0.2605723617389406,0.035,0.025,0.9851811919547726,0.8897506281901123,0.0004532058665063232,5.55136375623988e-06,5.55136375623988e-06,8.331358103126718e-06,0.00014060454309239398,1.3882721859366598e-05,0.0001378434016301917,0.00014615590684863386,0.8627307411322351,True,0.0017206012271344662,903.53564453125,0.00011736622400349006
6,1500,69,blocks.11.attn.v.weight,attn_v,11,136.16514587402344,0.20352354299786254,0.201618377943096,0.20352354299786254,0.20352354299786254,27.712812921102035,27.45339584350586,0.9906390925260914,0.24433663763918453,0.2605723617389406,0.20352354299786254,0.24433663763918453,0.2605723617389406,0.035,0.025,1.2005325479310796,1.2803057469458323,0.0007899003685452044,1.599746428837534e-05,1.599746428837534e-05,0.00012181375748937702,0.000533695873406356,0.00013781122177775236,0.000556535244807991,0.0005496933376947313,0.3626228872156188,True,0.004908818285912275,2570.53466796875,0.00023893617617432028
6,1500,70,blocks.11.mlp.fc.weight,mlp_fc,11,221.66253662109375,0.2500450761192349,0.2500910553652405,0.2500450761192349,0.2500450761192349,55.42562584220407,55.43581771850586,1.0001838838289496,0.24903644021228782,0.2605723617389406,0.2500450761192349,0.24903644021228782,0.2605723617389406,0.035,0.025,0.9959661836873521,1.0421015513806229,0.0016808942891657352,4.54930413980037e-05,4.54930413980037e-05,8.079665211307914e-05,0.0002898789418788497,0.00012628969351108284,0.00033544649666820975,0.0003353719832768534,0.16668753747210058,True,0.00526033341884613,2750.428955078125,0.0008461740217171609
6,1500,71,blocks.11.mlp.proj.weight,mlp_proj,11,121.7056884765625,0.22770351384552445,0.22761722076341848,0.22770351384552445,0.22770351384552445,27.712812921102035,27.70231056213379,0.9996210287639098,0.24147333401563634,0.2605723617389406,0.22770351384552445,0.24147333401563634,0.2605723617389406,0.035,0.025,1.0604725853262564,1.1443493222318677,0.0035925055854022503,0.00027487328043207526,0.00027487328043207526,0.00043299902049720776,0.0015049230817640918,0.000707872300929283,0.0018057270053657354,0.001779796362196167,0.10738757839022295,True,0.01616019755601883,8399.1728515625,0.006882209796458483
7,1750,0,blocks.0.attn.k.weight,attn_k,0,98.91194915771484,0.28017659299094416,0.27885180607758375,0.28017659299094416,0.28017659299094416,27.712812921102035,27.581775665283203,0.9952716003174454,0.29189919961550354,0.2653552950786345,0.28017659299094416,0.29189919961550354,0.2653552950786345,0.035,0.025,1.0418400641517482,0.9471001565331022,0.0006322038825601339,9.019005119625945e-06,9.019005119625945e-06,1.4606929066936599e-05,0.00020995362223173323,2.3625934186562544e-05,0.00020639362399708835,0.00021897262735135918,0.7086793285925235,True,0.0018713491735979915,981.3140869140625,8.656238060211763e-05
7,1750,1,blocks.0.attn.proj.weight,attn_proj,0,85.77711486816406,0.3230793314008696,0.32049822564804076,0.3230793314008696,0.3230793314008696,27.712812921102035,27.491413116455078,0.9920109226992843,0.2673462386318163,0.2653552950786345,0.3230793314008696,0.2673462386318163,0.2653552950786345,0.035,0.025,0.8274940940127768,0.8213316956180883,0.0014181355945765972,3.03576271107886e-05,3.03576271107886e-05,0.00010381417595484277,0.0009430994606522101,0.00013417180306563137,0.000954199947026317,0.0009734570877629987,0.5446010835253831,True,0.005382617469877005,2818.9580078125,0.00031541119096800685
7,1750,2,blocks.0.attn.q.weight,attn_q,0,100.77153778076172,0.27500635131116047,0.2735654560944747,0.27500635131116047,0.27500635131116047,27.712812921102035,27.567611694335938,0.9947605020399956,0.29322880612716407,0.2653552950786345,0.27500635131116047,0.29322880612716407,0.2653552950786345,0.035,0.025,1.0662619416937957,0.9649060605818295,0.0006356389494612813,9.116453838942107e-06,9.116453838942107e-06,1.076325337278085e-05,0.0001515397339146737,1.9879707211722957e-05,0.00015148394153697512,0.0001606561877536158,0.6919053329046746,True,0.001899701077491045,996.01318359375,9.288778528571129e-05
7,1750,3,blocks.0.attn.v.weight,attn_v,0,89.89859771728516,0.30826746606497496,0.30530673826923765,0.30826746606497496,0.30826746606497496,27.712812921102035,27.44664764404297,0.9903955878525635,0.24967203435130106,0.2653552950786345,0.30826746606497496,0.24967203435130106,0.2653552950786345,0.035,0.025,0.8099201564743668,0.8607956540658894,0.0013709141639992595,3.881895827362314e-05,3.881895827362314e-05,0.00026644888585647527,0.0010705480095475597,0.0003052678441300984,0.0011213509540670475,0.0011093669678211829,0.39283798013134674,True,0.007490065414458513,3917.93603515625,0.0005507564637809992
7,1750,4,blocks.0.mlp.fc.weight,mlp_fc,0,203.42539978027344,0.27246167834533513,0.27243945196132957,0.27246167834533513,0.27246167834533513,55.42562584220407,55.421104431152344,0.9999184238160053,0.25265846357170046,0.2653552950786345,0.27246167834533513,0.25265846357170046,0.2653552950786345,0.035,0.025,0.9273174308625713,0.9739178613673019,0.0022993425372987986,6.084400956751779e-05,6.084400956751779e-05,0.00015549446093576953,0.0006355744341585157,0.00021633847050328732,0.0007007043576660177,0.0006964184437260335,0.1857721766353261,True,0.006389474496245384,3346.561767578125,0.00047265863395296037
7,1750,5,blocks.0.mlp.proj.weight,mlp_proj,0,104.29634857177734,0.26571220661699313,0.26562469482267587,0.26571220661699313,0.26571220661699313,27.712812921102035,27.703685760498047,0.9996706519605218,0.2456149629209174,0.2653552950786345,0.26571220661699313,0.2456149629209174,0.2653552950786345,0.035,0.025,0.9243646200829433,0.998656774022907,0.005247735418379307,0.0002869425225071609,0.0002869425225071609,0.000645600435071324,0.0035930037019432652,0.0009325429575784849,0.00396002001009538,0.003879946224450426,0.17535086585526286,True,0.0210618507117033,11022.34765625,0.003501288825646043
7,1750,6,blocks.1.attn.k.weight,attn_k,1,93.77738952636719,0.29551700107103196,0.291655656428498,0.29551700107103196,0.29551700107103196,27.712812921102035,27.350706100463867,0.9869335956018221,0.29189919961550354,0.2653552950786345,0.29551700107103196,0.29189919961550354,0.2653552950786345,0.035,0.025,0.9877577214088646,0.8979358010433124,0.0005070185288786888,2.26607244258048e-05,2.26607244258048e-05,3.657408725645073e-05,0.0004166737216724331,5.923481168225553e-05,0.00041589623418533,0.0004393344460982379,0.2385898159987743,True,0.0027718646451830864,1452.6258544921875,0.0004046984831802547
7,1750,7,blocks.1.attn.proj.weight,attn_proj,1,86.42640686035156,0.32065214704437045,0.3174148103800766,0.32065214704437045,0.32065214704437045,27.712812921102035,27.433021545410156,0.9899038983704599,0.2673462386318163,0.2653552950786345,0.32065214704437045,0.2673462386318163,0.2653552950786345,0.035,0.025,0.8337578310206109,0.8275487861988828,0.0017357877222821116,5.1259135943837464e-05,5.1259135943837464e-05,0.00017074902548410133,0.0016538946545180489,0.0002220081614279388,0.0016716543615198898,0.0017051537904618863,0.39181302870378293,True,0.00994175486266613,5206.00146484375,0.0007495208410546184
7,1750,8,blocks.1.attn.q.weight,attn_q,1,96.54502868652344,0.2870454677794344,0.28375037042597706,0.2870454677794344,0.2870454677794344,27.712812921102035,27.39468765258789,0.9885206431617085,0.29322880612716407,0.2653552950786345,0.2870454677794344,0.29322880612716407,0.2653552950786345,0.035,0.025,1.0215413202499366,0.9244364564659608,0.0004338015569373965,8.975022865342908e-06,8.975022865342908e-06,2.107135290074085e-05,0.0002770038740448088,3.004637576608376e-05,0.00026965680938154183,0.0002859788969101517,0.5006400933433425,True,0.0020909151062369347,1098.5482177734375,0.00016451413102913648
7,1750,9,blocks.1.attn.v.weight,attn_v,1,86.55879974365234,0.3201617051434948,0.31372485938176536,0.3201617051434948,0.3201617051434948,27.712812921102035,27.15564727783203,0.9798950166171783,0.24967203435130106,0.2653552950786345,0.3201617051434948,0.24967203435130106,0.2653552950786345,0.035,0.025,0.7798310364426606,0.828816472475069,0.0014675273559987545,6.52504968456924e-05,6.52504968456924e-05,0.00041409377387345515,0.001609685553466034,0.00047934427071914755,0.0016954526377430132,0.0016749360503117265,0.25983111499368566,True,0.011355062946677208,5947.416015625,0.001309713115915656
7,1750,10,blocks.1.mlp.fc.weight,mlp_fc,1,218.33265686035156,0.2538586148276253,0.2537524856469666,0.2538586148276253,0.2538586148276253,55.42562584220407,55.4024543762207,0.9995819358711557,0.25265846357170046,0.2653552950786345,0.2538586148276253,0.25265846357170046,0.2653552950786345,0.035,0.025,0.9952723634896545,1.0452877293875398,0.001291878754273057,2.3301676264964044e-05,2.3301676264964044e-05,9.988558337525161e-05,0.0003582209225984102,0.00012318725964021566,0.00038366431633734426,0.0003815225988633742,0.2539310989339377,True,0.005014702212065458,2628.66552734375,0.00026209012139588594
7,1750,11,blocks.1.mlp.proj.weight,mlp_proj,1,109.38326263427734,0.2533551500814138,0.2532929466893626,0.2533551500814138,0.2533551500814138,27.712812921102035,27.706008911132812,0.9997544814382938,0.2456149629209174,0.2653552950786345,0.2533551500814138,0.2456149629209174,0.2653552950786345,0.035,0.025,0.9694492606208749,1.0473649144032182,0.0023920282255858183,3.5239310818724334e-05,3.5239310818724334e-05,0.0002717013797489462,0.0012121347583817132,0.00030694069056767055,0.0012731393060933527,0.0012473740692004376,0.6205660615345492,True,0.0063298423774540424,3315.6533203125,0.00027565917116589844
7,1750,12,blocks.2.attn.k.weight,attn_k,2,96.14567565917969,0.2882377468471834,0.285889980531668,0.2882377468471834,0.2882377468471834,27.712812921102035,27.487085342407227,0.9918547576048143,0.29189919961550354,0.2653552950786345,0.2882377468471834,0.29189919961550354,0.2653552950786345,0.035,0.025,1.0127028913054241,0.9206125775723586,0.0007277941331267357,3.5155288060195744e-05,3.5155288060195744e-05,6.007477148143141e-05,0.0006050354340327699,9.523005954162716e-05,0.0006083742257394852,0.0006401907220929656,0.21532186546035956,True,0.003464148845523596,1814.542236328125,0.000693460286129266
7,1750,13,blocks.2.attn.proj.weight,attn_proj,2,88.34092712402344,0.31370298935390967,0.3113891009102461,0.31370298935390967,0.31370298935390967,27.712812921102035,27.50840187072754,0.9926239515650594,0.2673462386318163,0.2653552950786345,0.31370298935390967,0.2673462386318163,0.2653552950786345,0.035,0.025,0.852227258600347,0.8458806708382021,0.0014665430644527078,3.08650778606534e-05,3.08650778606534e-05,0.00014635385849973492,0.0013258822498234573,0.00017721893636038832,0.001330119052514507,0.0013567473276841107,0.5378553473458813,True,0.00726972334086895,3808.51171875,0.00038352078991010785
7,1750,14,blocks.2.attn.q.weight,attn_q,2,95.64689636230469,0.28974084863274147,0.28626802019362163,0.28974084863274147,0.28974084863274147,27.712812921102035,27.380647659301758,0.9880140185427605,0.29322880612716407,0.2653552950786345,0.28974084863274147,0.29322880612716407,0.2653552950786345,0.035,0.025,1.0120381972748473,0.9158366738097855,0.0007106036064215004,5.747758041252382e-05,5.747758041252382e-05,6.091460561004663e-05,0.0006495513166371198,0.00011839218602257045,0.0006725367765545651,0.0007070288970496436,0.12925818319849572,True,0.004967052955180407,2601.02294921875,0.0015518260188400745
7,1750,15,blocks.2.attn.v.weight,attn_v,2,92.67232513427734,0.2990408720289215,0.2925142427021788,0.2990408720289215,0.2990408720289215,27.712812921102035,27.107975006103516,0.9781747916849696,0.24967203435130106,0.2653552950786345,0.2990408720289215,0.24967203435130106,0.2653552950786345,0.035,0.025,0.8349093976931495,0.8873546056706618,0.0017223223112523556,0.00013908786058891565,0.00013908786058891565,0.0005953990454957688,0.0023415544909177383,0.0007344869060846844,0.002511540967721076,0.002480642351506654,0.13362113027051306,True,0.017765065655112267,9311.6337890625,0.0030034752562642097
7,1750,16,blocks.2.mlp.fc.weight,mlp_fc,2,219.24249267578125,0.25280512534660987,0.252792158224131,0.25280512534660987,0.25280512534660987,55.42562584220407,55.42278289794922,0.9999487070427866,0.25265846357170046,0.2653552950786345,0.25280512534660987,0.25265846357170046,0.2653552950786345,0.035,0.025,0.9994198623358276,1.0496436522590973,0.0015660447534173727,3.5280729207443073e-05,3.5280729207443073e-05,0.00013297011206628954,0.0005018570386976051,0.0001682508412737326,0.0005403813234459467,0.0005371377679050482,0.2024612364920119,True,0.006956464145332575,3645.636962890625,0.0005024199490435421
7,1750,17,blocks.2.mlp.proj.weight,mlp_proj,2,109.32514953613281,0.25348982405866943,0.25346895341389325,0.25348982405866943,0.25348982405866943,27.712812921102035,27.71053123474121,0.9999176667353358,0.2456149629209174,0.2653552950786345,0.25348982405866943,0.2456149629209174,0.2653552950786345,0.035,0.025,0.9689342119866341,1.0468084707700882,0.0027379230596125126,5.798441270599142e-05,5.798441270599142e-05,0.0003803394950136989,0.0016227701303714152,0.00043832390771969033,0.0017130984582661136,0.0016807545430774066,0.43190665581771887,True,0.008771556429564953,4586.64404296875,0.0006015890394337475
7,1750,18,blocks.3.attn.k.weight,attn_k,3,95.96240234375,0.2887882362701913,0.2861818316830394,0.2887882362701913,0.2887882362701913,27.712812921102035,27.462696075439453,0.9909746857392405,0.29189919961550354,0.2653552950786345,0.2887882362701913,0.29189919961550354,0.2653552950786345,0.035,0.025,1.0107724725407499,0.9188577017741372,0.000694609247148037,3.881932934746146e-05,3.881932934746146e-05,6.640865522675704e-05,0.0007346459320177642,0.0001052279845742185,0.0007333895376790674,0.0007734652613652257,0.18646246485063395,True,0.004021996632218361,2113.532470703125,0.0007295941468328238
7,1750,19,blocks.3.attn.proj.weight,attn_proj,3,90.41975402832031,0.3064906913197543,0.3042746157489931,0.3064906913197543,0.3064906913197543,27.712812921102035,27.512435913085938,0.9927695175301559,0.2673462386318163,0.2653552950786345,0.3064906913197543,0.2673462386318163,0.2653552950786345,0.035,0.025,0.8722817566844157,0.8657858218662691,0.0012508233776316047,1.856478957051877e-05,1.856478957051877e-05,0.00011737379150895383,0.00101326562314477,0.0001359385810794726,0.0010114866783205527,0.0010318304127152887,0.7451481667678276,True,0.005160103086382151,2700.83203125,0.0001757780264597386
7,1750,20,blocks.3.attn.q.weight,attn_q,3,95.42276763916016,0.2904213911075986,0.2872913620600753,0.2904213911075986,0.2904213911075986,27.712812921102035,27.41413688659668,0.9892224569423652,0.29322880612716407,0.2653552950786345,0.2904213911075986,0.29322880612716407,0.2653552950786345,0.035,0.025,1.0096666950353024,0.9136905999473112,0.0006517330766655505,3.120016845059581e-05,3.120016845059581e-05,5.497312613851542e-05,0.0006552501789760845,8.617329458911123e-05,0.0006493658089119632,0.0006864503474266803,0.2189075877749412,True,0.004595487844198942,2409.094970703125,0.000740310933906585
7,1750,21,blocks.3.attn.v.weight,attn_v,3,95.2868881225586,0.2908355332735564,0.28508989552215924,0.2908355332735564,0.2908355332735564,27.712812921102035,27.165328979492188,0.9802443749334098,0.24967203435130106,0.2653552950786345,0.2908355332735564,0.24967203435130106,0.2653552950786345,0.035,0.025,0.8584646846314428,0.9123895285141946,0.001582093769684434,0.00011028626613551751,0.00011028626613551751,0.0005583558250164186,0.0021788518920345798,0.0006686420911519362,0.002319988723898759,0.0022891381581700973,0.1505489194779048,True,0.01603253372013569,8403.65625,0.0023998406250029802
7,1750,22,blocks.3.mlp.fc.weight,mlp_fc,3,220.46652221679688,0.25140155196760894,0.2514426417036948,0.25140155196760894,0.25140155196760894,55.42562584220407,55.43468475341797,1.000163442650872,0.25265846357170046,0.2653552950786345,0.25140155196760894,0.25265846357170046,0.2653552950786345,0.035,0.025,1.0049996175212692,1.0555038065668878,0.0016490418929606676,4.235778033034876e-05,4.235778033034876e-05,0.00015896179771901278,0.0005878405313980124,0.00020131957804936154,0.0006339917644096448,0.0006301983117283611,0.17658582704367196,True,0.007643524091690779,4003.20068359375,0.0005859403754584491
7,1750,23,blocks.3.mlp.proj.weight,mlp_proj,3,110.24274444580078,0.2513799258211195,0.2513676027459854,0.2513799258211195,0.2513799258211195,27.712812921102035,27.711454391479492,0.9999509782847952,0.2456149629209174,0.2653552950786345,0.2513799258211195,0.2456149629209174,0.2653552950786345,0.035,0.025,0.9770667332271216,1.0555946112716246,0.002891125623136759,9.360976400785148e-05,9.360976400785148e-05,0.000491237390111854,0.0019634461873345574,0.0005848471541197055,0.0020945896824243393,0.002057055951342409,0.28015333456368513,True,0.012973667122423649,6757.54150390625,0.001587084960192442
7,1750,24,blocks.4.attn.k.weight,attn_k,4,95.82278442382812,0.28920901315627734,0.2872948674504838,0.28920901315627734,0.28920901315627734,27.712812921102035,27.529394149780273,0.9933814451876845,0.29189919961550354,0.2653552950786345,0.28920901315627734,0.29189919961550354,0.2653552950786345,0.035,0.025,1.0093018762792587,0.9175208344397163,0.0005533621297217906,1.1590656868065707e-05,1.1590656868065707e-05,3.018205149495174e-05,0.00040923689008461294,4.1772708363017446e-05,0.00039666200944903584,0.00042082754695267865,0.4982331254497331,True,0.0022951853461563587,1202.158447265625,0.00015633463044650853
7,1750,25,blocks.4.attn.proj.weight,attn_proj,4,96.43106842041016,0.28738469224755026,0.28527669758081037,0.28738469224755026,0.28738469224755026,27.712812921102035,27.509536743164062,0.9926649027467296,0.2673462386318163,0.2653552950786345,0.28738469224755026,0.2673462386318163,0.2653552950786345,0.035,0.025,0.9302730654892605,0.9233452658990623,0.001182480831630528,1.4525227015838027e-05,1.4525227015838027e-05,0.00010081081552153536,0.0008517353899995873,0.00011533604253737339,0.0008484689752889457,0.0008662606170154253,0.8442172114593556,True,0.004523298237472773,2366.903076171875,0.00012308025907259434
7,1750,26,blocks.4.attn.q.weight,attn_q,4,95.56544494628906,0.2899877977513478,0.28778798006123624,0.2899877977513478,0.2899877977513478,27.712812921102035,27.502586364746094,0.9924141025685681,0.29322880612716407,0.2653552950786345,0.2899877977513478,0.29322880612716407,0.2653552950786345,0.035,0.025,1.0111763612157063,0.9150567614785134,0.0005011172033846378,7.883221769589e-06,7.883221769589e-06,1.7718125475938825e-05,0.00027501476289036565,2.5601347245527825e-05,0.00026634198160584486,0.00028289798465995465,0.6651731063610343,True,0.002523472299799323,1322.31494140625,0.0001543839171063155
7,1750,27,blocks.4.attn.v.weight,attn_v,4,101.91275024414062,0.271926847766483,0.2662106222022165,0.271926847766483,0.271926847766483,27.712812921102035,27.13025665283203,0.9789788113560131,0.24967203435130106,0.2653552950786345,0.271926847766483,0.24967203435130106,0.2653552950786345,0.035,0.025,0.9181588224995965,0.9758333804042334,0.0015929254004731774,0.00010563567047938704,0.00010563567047938704,0.000549147111195916,0.002132833352980468,0.0006547827816753031,0.0022662852396667893,0.002238469023459855,0.14796408832686594,True,0.01566389761865139,8198.6416015625,0.0020880422089248896
7,1750,28,blocks.4.mlp.fc.weight,mlp_fc,4,221.0742950439453,0.2507104040801601,0.25072339280075395,0.2507104040801601,0.2507104040801601,55.42562584220407,55.428497314453125,1.000051807664874,0.25265846357170046,0.2653552950786345,0.2507104040801601,0.25265846357170046,0.2653552950786345,0.035,0.025,1.007770158157926,1.0584135750257573,0.0016143744578585029,4.196456939098425e-05,4.196456939098425e-05,0.00016230991372873807,0.0005717140367133656,0.00020427448311972232,0.0006169856607973906,0.0006136786061043499,0.17401362643322138,True,0.007152618374675512,3744.508056640625,0.0005742169450968504
7,1750,29,blocks.4.mlp.proj.weight,mlp_proj,4,111.4210433959961,0.24872153478772657,0.24870403533125468,0.24872153478772657,0.24872153478772657,27.712812921102035,27.71086311340332,0.9999296423750175,0.2456149629209174,0.2653552950786345,0.24872153478772657,0.2456149629209174,0.2653552950786345,0.035,0.025,0.9875098395904459,1.0668770410455377,0.002769572427496314,9.934137051459402e-05,9.934137051459402e-05,0.00048101542110005847,0.0018620742093083276,0.0005803567916146525,0.001996320655961264,0.0019614155798229217,0.25021616220284437,True,0.013909229077398777,7239.27783203125,0.001988207921385765
7,1750,30,blocks.5.attn.k.weight,attn_k,5,95.31192779541016,0.2907591270275049,0.28854137107796435,0.2907591270275049,0.2907591270275049,27.712812921102035,27.501434326171875,0.9923725319572592,0.29189919961550354,0.2653552950786345,0.2907591270275049,0.29189919961550354,0.2653552950786345,0.035,0.025,1.0039210208107785,0.9126292880000727,0.0007034681621007621,1.9534225430106744e-05,1.9534225430106744e-05,4.0334616331415195e-05,0.0004325349039014064,5.986884176152194e-05,0.00042831990517213443,0.00045206912933151315,0.37783396662823754,True,0.002847384661436081,1487.6253662109375,0.00029724586056545377
7,1750,31,blocks.5.attn.proj.weight,attn_proj,5,103.2510986328125,0.2684021118230997,0.26681371352264316,0.2684021118230997,0.2684021118230997,27.712812921102035,27.548809051513672,0.9940820201090637,0.2673462386318163,0.2653552950786345,0.2684021118230997,0.2673462386318163,0.2653552950786345,0.035,0.025,0.9960660771850435,0.9886483130711232,0.0010763416066765785,1.2256462468940299e-05,1.2256462468940299e-05,8.909205459243523e-05,0.0007488028900891708,0.00010134851706137553,0.0007452883098682062,0.0007610593525581111,0.8505313135535093,True,0.004158607684075832,2175.77587890625,0.00010550451406743377
7,1750,32,blocks.5.attn.q.weight,attn_q,5,92.8402099609375,0.2985001103806443,0.29622554967016845,0.2985001103806443,0.2985001103806443,27.712812921102035,27.50164222717285,0.9923800339384391,0.29322880612716407,0.2653552950786345,0.2985001103806443,0.29322880612716407,0.2653552950786345,0.035,0.025,0.9823406957982083,0.8889621338506579,0.0006144392536953092,1.733334102027584e-05,1.733334102027584e-05,3.6343785089601654e-05,0.00035139470346415346,5.367712610987749e-05,0.0003500708010719034,0.0003687280444844293,0.3818216565512858,True,0.002846780000254512,1487.360595703125,0.0004611064796335995
7,1750,33,blocks.5.attn.v.weight,attn_v,5,110.01143646240234,0.2519084725393364,0.2471055179130288,0.2519084725393364,0.2519084725393364,27.712812921102035,27.184432983398438,0.9809337312957769,0.24967203435130106,0.2653552950786345,0.2519084725393364,0.24967203435130106,0.2653552950786345,0.035,0.025,0.9911220207661491,1.0533797946680745,0.001539816614240408,0.00010573383769951761,0.00010573383769951761,0.0005107635891395207,0.0019990203913926867,0.0006164974268390383,0.0021313081490717542,0.0021047542290922043,0.1323784129672278,True,0.014367134310305119,7507.306640625,0.0021780813112854958
7,1750,34,blocks.5.mlp.fc.weight,mlp_fc,5,221.6789093017578,0.2500266083804869,0.24995962953889664,0.2500266083804869,0.2500266083804869,55.42562584220407,55.4107780456543,0.9997321131457849,0.25265846357170046,0.2653552950786345,0.2500266083804869,0.25265846357170046,0.2653552950786345,0.035,0.025,1.0105263004136282,1.0613082215426473,0.0016014642314985394,2.8844006010331213e-05,2.8844006010331213e-05,0.00013838331456104332,0.0004980233270365619,0.00016722732057137453,0.0005299467369361306,0.0005268673330468931,0.2504593734619552,True,0.0067224963568151,3517.407470703125,0.0004144452977925539
7,1750,35,blocks.5.mlp.proj.weight,mlp_proj,5,112.34969329833984,0.24666567488984448,0.24665943994318906,0.24666567488984448,0.24666567488984448,27.712812921102035,27.712112426757812,0.9999747230876124,0.2456149629209174,0.2653552950786345,0.24666567488984448,0.2456149629209174,0.2653552950786345,0.035,0.025,0.9957403397558403,1.0757690351409306,0.002475160174071789,3.235041367588565e-05,3.235041367588565e-05,0.00029337330159589803,0.0011769224222191374,0.0003257237152717837,0.0012328233354746275,0.001209272835895023,0.6810070044029908,True,0.006784914061427116,3550.755615234375,0.0002681104524526745
7,1750,36,blocks.6.attn.k.weight,attn_k,6,94.75031280517578,0.2924825480849305,0.2908191792763269,0.2924825480849305,0.2924825480849305,27.712812921102035,27.555208206176758,0.994312929713271,0.29189919961550354,0.2653552950786345,0.2924825480849305,0.29189919961550354,0.2653552950786345,0.035,0.025,0.9980055272588175,0.9072517208841504,0.0005714719882234931,1.0282375114911702e-05,1.0282375114911702e-05,2.493763472468276e-05,0.0003812637050815571,3.522000983959446e-05,0.00036890065797128967,0.0003915460801964688,0.5865713564417395,True,0.0021155388094484806,1107.565673828125,0.00012040590809192508
7,1750,37,blocks.6.attn.proj.weight,attn_proj,6,105.10922241210938,0.2636572917688078,0.26219438281944074,0.2636572917688078,0.2636572917688078,27.712812921102035,27.55904769897461,0.9944514754757955,0.2673462386318163,0.2653552950786345,0.2636572917688078,0.2673462386318163,0.2653552950786345,0.035,0.025,1.0139914463895927,1.006440190970768,0.0009210766875185072,7.531704795837868e-06,7.531704795837868e-06,6.655760596392607e-05,0.0005409659261577369,7.408931075976394e-05,0.0005366646465382581,0.0005484976309535748,1.1634873817542082,True,0.0032344148494303226,1692.872802734375,5.6708333431743085e-05
7,1750,38,blocks.6.attn.q.weight,attn_q,6,93.91460418701172,0.295085233665231,0.29329089347113624,0.295085233665231,0.295085233665231,27.712812921102035,27.54429817199707,0.9939192477651142,0.29322880612716407,0.2653552950786345,0.295085233665231,0.29322880612716407,0.2653552950786345,0.035,0.025,0.9937088429840817,0.8992496567268947,0.0005119629204273224,7.048286533972714e-06,7.048286533972714e-06,1.1951714680521321e-05,0.00024174584525633842,1.9000001214494035e-05,0.00023397720590851725,0.00024879413179031113,0.7734314435712653,True,0.002238369779661298,1172.0938720703125,0.00016907750978134573
7,1750,39,blocks.6.attn.v.weight,attn_v,6,113.32288360595703,0.24454736800966173,0.24046198470833885,0.24454736800966173,0.24454736800966173,27.712812921102035,27.249845504760742,0.983294102346833,0.24967203435130106,0.2653552950786345,0.24454736800966173,0.24967203435130106,0.2653552950786345,0.035,0.025,1.020955720698809,1.0850875118318617,0.001352064311504364,6.703655526507646e-05,6.703655526507646e-05,0.0004271976713167714,0.0017322953225983183,0.0004942342265818479,0.0018220186452056928,0.0017993318778633948,0.1779787051851454,True,0.01214763056486845,6352.87841796875,0.0012031763326376677
7,1750,40,blocks.6.mlp.fc.weight,mlp_fc,6,222.45802307128906,0.24915094127417617,0.24912193963252124,0.24915094127417617,0.24915094127417617,55.42562584220407,55.41917419433594,0.9998835981052068,0.25265846357170046,0.2653552950786345,0.24915094127417617,0.25265846357170046,0.2653552950786345,0.035,0.025,1.0140779010490049,1.0650383005642605,0.0015527666546404362,2.4873617803677917e-05,2.4873617803677917e-05,0.0001245796177473178,0.00044505370789374503,0.00014945323555099572,0.0004727308612358729,0.00046992732569742295,0.28062035246573175,True,0.005985024850815535,3130.841796875,0.00033203724888153374
7,1750,41,blocks.6.mlp.proj.weight,mlp_proj,6,112.88921356201172,0.24548681000314504,0.2454886810260298,0.24548681000314504,0.24548681000314504,27.712812921102035,27.713024139404297,1.0000076216839793,0.2456149629209174,0.2653552950786345,0.24548681000314504,0.2456149629209174,0.2653552950786345,0.035,0.025,1.0005220358591596,1.0809350411748595,0.0024253507144749165,2.9556684239651076e-05,2.9556684239651076e-05,0.00027569979292876905,0.0010658805708919868,0.0003052564771684201,0.001116739421909006,0.001095437255131638,0.7268861409231877,True,0.006312430836260319,3302.6005859375,0.00023053660697769374
7,1750,42,blocks.7.attn.k.weight,attn_k,7,94.69181060791016,0.2926632487349125,0.2910621607717685,0.2926632487349125,0.2926632487349125,27.712812921102035,27.561203002929688,0.9945292483082111,0.29189919961550354,0.2653552950786345,0.2926632487349125,0.29189919961550354,0.2653552950786345,0.035,0.025,0.9973893233171172,0.90669155155517,0.0006918557337485254,1.792694820323959e-05,1.792694820323959e-05,3.081000141132382e-05,0.0004658724768701177,4.873694961456341e-05,0.00045637523835844075,0.0004837994250733573,0.40756488599098106,True,0.002726159757003188,1426.9935302734375,0.00026081467512995005
7,1750,43,blocks.7.attn.proj.weight,attn_proj,7,114.8484115600586,0.24129905276582736,0.23961848248214102,0.24129905276582736,0.24129905276582736,27.712812921102035,27.51980209350586,0.9930353216706772,0.2673462386318163,0.2653552950786345,0.24129905276582736,0.2673462386318163,0.2653552950786345,0.035,0.025,1.1079456614828358,1.0996947233611931,0.0010654582874849439,1.0952599950542208e-05,1.0952599950542208e-05,7.466040715460214e-05,0.0006067767628317717,8.561300710514435e-05,0.0006035518846278406,0.0006177293627823139,0.8470211090603262,True,0.004204365890473127,2200.015625,9.584840154275298e-05
7,1750,44,blocks.7.attn.q.weight,attn_q,7,91.54519653320312,0.30272274210532385,0.30079691144570575,0.30272274210532385,0.30272274210532385,27.712812921102035,27.53651237487793,0.9936383020112022,0.29322880612716407,0.2653552950786345,0.30272274210532385,0.29322880612716407,0.2653552950786345,0.035,0.025,0.9686381805604264,0.876562141427457,0.0006340382969938219,1.216681812366005e-05,1.216681812366005e-05,1.880320739522231e-05,0.000328018479438314,3.097002551888236e-05,0.00032083493355314444,0.00034018529756197404,0.5692498349921307,True,0.0029877792112529278,1564.755859375,0.0002602003514766693
7,1750,45,blocks.7.attn.v.weight,attn_v,7,124.31874084472656,0.22291741963277434,0.21946543558380074,0.22291741963277434,0.22291741963277434,27.712812921102035,27.283666610717773,0.9845145163861195,0.24967203435130106,0.2653552950786345,0.22291741963277434,0.24967203435130106,0.2653552950786345,0.035,0.025,1.1200202961374721,1.1903748729721109,0.0014826953411102295,8.412597526330501e-05,8.412597526330501e-05,0.0004209362075809994,0.0017275633428653805,0.0005050621828443044,0.0018337039439430926,0.0018116893181286855,0.14177028361885033,True,0.012385670095682144,6472.5576171875,0.001404420007020235
7,1750,46,blocks.7.mlp.fc.weight,mlp_fc,7,220.76043701171875,0.2510668423765708,0.25107653184087314,0.2510668423765708,0.2510668423765708,55.42562584220407,55.427764892578125,1.0000385931659148,0.25265846357170046,0.2653552950786345,0.2510668423765708,0.25265846357170046,0.2653552950786345,0.035,0.025,1.0063394320813674,1.0569109507524401,0.0015148676466196775,1.9107894331682473e-05,1.9107894331682473e-05,9.900879921749275e-05,0.0003459798617773733,0.00011811669354917522,0.0003670374179596912,0.0003650877561090558,0.3591208450335918,True,0.005320439115166664,2783.70263671875,0.00025764628662727773
7,1750,47,blocks.7.mlp.proj.weight,mlp_proj,7,113.97822570800781,0.2431412907944136,0.24310478886837866,0.2431412907944136,0.2431412907944136,27.712812921102035,27.70865249633789,0.9998498736026549,0.2456149629209174,0.2653552950786345,0.2431412907944136,0.2456149629209174,0.2653552950786345,0.035,0.025,1.0101738051913007,1.0913625333304813,0.002439037663862109,2.8905718863825314e-05,2.8905718863825314e-05,0.0002608732097758536,0.0009472512519821387,0.0002897789286396789,0.0009944174128841954,0.000976156970845964,0.740308678050723,True,0.006308802403509617,3300.04541015625,0.00022830803936813027
7,1750,48,blocks.8.attn.k.weight,attn_k,8,93.66791534423828,0.29586238595419656,0.2939787734068234,0.29586238595419656,0.29586238595419656,27.712812921102035,27.536378860473633,0.9936334842251233,0.29189919961550354,0.2653552950786345,0.29586238595419656,0.29189919961550354,0.2653552950786345,0.035,0.025,0.9866046292910429,0.8968875655579788,0.0005979655543342233,1.4854765140626114e-05,1.4854765140626114e-05,2.4692529369096965e-05,0.00037388028729754,3.954729450972308e-05,0.0003668637656190081,0.00038873505243816614,0.42975359927537793,True,0.002322301734238863,1214.1324462890625,0.0002282248460687697
7,1750,49,blocks.8.attn.proj.weight,attn_proj,8,115.9586410522461,0.23898876935454777,0.23770911914791698,0.23898876935454777,0.23898876935454777,27.712812921102035,27.56442642211914,0.9946455634292575,0.2673462386318163,0.2653552950786345,0.23898876935454777,0.2673462386318163,0.2653552950786345,0.035,0.025,1.1186560747346217,1.1103253755199312,0.0009051679517142475,7.559875029983232e-06,7.559875029983232e-06,6.0828818607637806e-05,0.0004803289117252573,6.838869363762104e-05,0.00047621148217465154,0.0004878887867552405,1.0325508189669048,True,0.0036735425237566233,1920.980224609375,7.996661588549614e-05
7,1750,50,blocks.8.attn.q.weight,attn_q,8,92.4345932006836,0.29980997331740394,0.2979476355540975,0.29980997331740394,0.29980997331740394,27.712812921102035,27.540668487548828,0.9937882728092851,0.29322880612716407,0.2653552950786345,0.29980997331740394,0.29322880612716407,0.2653552950786345,0.035,0.025,0.9780488716988994,0.8850782785591563,0.0005633440450765193,1.0047888281405903e-05,1.0047888281405903e-05,1.6836365577020786e-05,0.0002672850347620592,2.688425385842669e-05,0.0002616827134851502,0.0002773329230434651,0.6065468839890336,True,0.002399684861302376,1258.6409912109375,0.0002239573805127293
7,1750,51,blocks.8.attn.v.weight,attn_v,8,126.70811462402344,0.21871379748118971,0.21602731377129947,0.21871379748118971,0.21871379748118971,27.712812921102035,27.372413635253906,0.9877168987927266,0.24967203435130106,0.2653552950786345,0.21871379748118971,0.24967203435130106,0.2653552950786345,0.035,0.025,1.1415467941512647,1.2132535676056566,0.0011256973957642913,3.6890436604153365e-05,3.6890436604153365e-05,0.0002646748999667884,0.0010990318327880663,0.00030156533657094175,0.0011488167711069812,0.0011359222693922196,0.2408260360746602,True,0.008604612201452255,4493.63525390625,0.0006224281969480217
7,1750,52,blocks.8.mlp.fc.weight,mlp_fc,8,222.2702178955078,0.24936145906988041,0.24937659185837505,0.24936145906988041,0.24936145906988041,55.42562584220407,55.42898941040039,1.000060686156362,0.25265846357170046,0.2653552950786345,0.24936145906988041,0.25265846357170046,0.2653552950786345,0.035,0.025,1.0132217886200934,1.0641391659657877,0.0014464089181274176,1.3820595086144749e-05,1.3820595086144749e-05,7.729627926677436e-05,0.00025772691909245227,9.111687435291911e-05,0.00027257138138376684,0.000271547514178597,0.47085053949039907,True,0.004601579159498215,2408.3046875,0.00019535671162884682
7,1750,53,blocks.8.mlp.proj.weight,mlp_proj,8,115.37659454345703,0.24019440884662183,0.2402911138338845,0.24019440884662183,0.24019440884662183,27.712812921102035,27.723970413208008,1.000402611316929,0.2456149629209174,0.2653552950786345,0.24019440884662183,0.2456149629209174,0.2653552950786345,0.035,0.025,1.0225673615814967,1.1047521728454526,0.002378612756729126,2.3654152755625546e-05,2.3654152755625546e-05,0.00022286739460283925,0.0007446035813636894,0.0002465215473584648,0.0007815326304174791,0.000768257734119315,0.8715626896352566,True,0.005796930752694607,3031.92138671875,0.0001765693596098572
7,1750,54,blocks.9.attn.k.weight,attn_k,9,93.92144012451172,0.295063756309136,0.2933667403952263,0.295063756309136,0.295063756309136,27.712812921102035,27.55342674255371,0.9942486466818762,0.29189919961550354,0.2653552950786345,0.295063756309136,0.29189919961550354,0.2653552950786345,0.035,0.025,0.9892750070926468,0.8993151120892794,0.0005521373823285103,1.3709124687011354e-05,1.3709124687011354e-05,2.104522984843923e-05,0.00034324464550407406,3.4754354535450585e-05,0.0003366212372756577,0.0003569537701910854,0.42881767953208727,True,0.002205825177952647,1154.4193115234375,0.00020789518021047115
7,1750,55,blocks.9.attn.proj.weight,attn_proj,9,119.87750244140625,0.2311760952364478,0.22958416642354754,0.2311760952364478,0.2311760952364478,27.712812921102035,27.521976470947266,0.9931137827582469,0.2673462386318163,0.2653552950786345,0.2311760952364478,0.2673462386318163,0.2653552950786345,0.035,0.025,1.156461434121783,1.147849196117047,0.0007935531320981681,8.03241528046783e-06,8.03241528046783e-06,6.0595186899090075e-05,0.0004864259624056921,6.86276021795579e-05,0.0004825850420384021,0.0004944583776861599,0.824123257119028,True,0.004187637008726597,2186.005859375,0.00013626475993078202
7,1750,56,blocks.9.attn.q.weight,attn_q,9,93.35214233398438,0.29686317023078457,0.2951714968438619,0.29686317023078457,0.29686317023078457,27.712812921102035,27.55489158630371,0.9943015046777126,0.29322880612716407,0.2653552950786345,0.29686317023078457,0.29322880612716407,0.2653552950786345,0.035,0.025,0.9877574436034112,0.893863980743534,0.0005195642588660121,9.423662959306967e-06,9.423662959306967e-06,1.2657585031376673e-05,0.0002513688069250183,2.208124799068364e-05,0.0002457951539369322,0.0002607924698843253,0.5906024361394827,True,0.0022423940245062113,1173.7047119140625,0.00019566743867471814
7,1750,57,blocks.9.attn.v.weight,attn_v,9,130.79209899902344,0.2118844573425567,0.20924954305449087,0.2118844573425567,0.2118844573425567,27.712812921102035,27.368186950683594,0.9875643814505736,0.24967203435130106,0.2653552950786345,0.2118844573425567,0.24967203435130106,0.2653552950786345,0.035,0.025,1.1783404855772532,1.252358471247519,0.000989642459899187,3.2201511203311384e-05,3.2201511203311384e-05,0.0002153839613127645,0.0009267456207339329,0.0002475854725160759,0.0009696194527710898,0.0009589471319372443,0.23497440422989704,True,0.007699931040406227,4026.07421875,0.0005328404367901385
7,1750,58,blocks.9.mlp.fc.weight,mlp_fc,9,222.64915466308594,0.24893705941113706,0.24901444570430623,0.24893705941113706,0.24893705941113706,55.42562584220407,55.44285583496094,1.0003108669048848,0.25265846357170046,0.2653552950786345,0.24893705941113706,0.25265846357170046,0.2653552950786345,0.035,0.025,1.0149491769902257,1.0659533606861706,0.0014430652372539043,1.2489748769439757e-05,1.2489748769439757e-05,6.715437886951512e-05,0.00022087398017582268,7.964412763895488e-05,0.00023408153470457442,0.00023336372894526244,0.5189329072792963,True,0.004400731064379215,2302.468994140625,0.0001726296468405053
7,1750,59,blocks.9.mlp.proj.weight,mlp_proj,9,116.84272003173828,0.23718048427470992,0.23717306889037723,0.23718048427470992,0.23718048427470992,27.712812921102035,27.711946487426758,0.9999687352677715,0.2456149629209174,0.2653552950786345,0.23718048427470992,0.2456149629209174,0.2653552950786345,0.035,0.025,1.0355614361442924,1.118790594808347,0.0024266154505312443,2.712094646994956e-05,2.712094646994956e-05,0.00022117714096970892,0.0007053856441564024,0.0002482980874396585,0.0007448205686777707,0.0007325065906263519,0.7657631411502297,True,0.0060165454633533955,3145.83642578125,0.0002364891261095181
7,1750,60,blocks.10.attn.k.weight,attn_k,10,93.2126235961914,0.29730750891807706,0.29573006159574033,0.29730750891807706,0.29730750891807706,27.712812921102035,27.56577491760254,0.9946942230686538,0.29189919961550354,0.2653552950786345,0.29730750891807706,0.29189919961550354,0.2653552950786345,0.035,0.025,0.9818090389904556,0.8925280630962906,0.00041004561353474855,5.705488547391724e-06,5.705488547391724e-06,1.1582699382570393e-05,0.00019135481332180338,1.7288187929962117e-05,0.00018568994124167982,0.0001970603018691951,0.7710181480303376,True,0.0015172665007412434,794.22216796875,8.441547834081575e-05
7,1750,61,blocks.10.attn.proj.weight,attn_proj,10,115.084716796875,0.24080358967225218,0.23903031108197517,0.24080358967225218,0.24080358967225218,27.712812921102035,27.50873565673828,0.9926359960302565,0.2673462386318163,0.2653552950786345,0.24080358967225218,0.2673462386318163,0.2653552950786345,0.035,0.025,1.1102253043473738,1.1019573895879153,0.0007040736963972449,7.825779903214425e-06,7.825779903214425e-06,5.6996488446963236e-05,0.000458839290259053,6.482226835017766e-05,0.00045548795162569505,0.00046666507016226744,0.7817589050807778,True,0.003836376126855612,1999.7918701171875,0.00015499636356253177
7,1750,62,blocks.10.attn.q.weight,attn_q,10,93.17691802978516,0.29742143770245,0.29586397890424426,0.29742143770245,0.29742143770245,27.712812921102035,27.56769371032715,0.9947634615371583,0.29322880612716407,0.2653552950786345,0.29742143770245,0.29322880612716407,0.2653552950786345,0.035,0.025,0.9859033981959284,0.892186175712406,0.00038644939195364714,3.8197176763787866e-06,3.8197176763787866e-06,6.80315493552073e-06,0.00013171180018463786,1.0622872611899516e-05,0.00012757075988318353,0.00013553151786101664,1.085807963365678,True,0.0015608214307576418,818.4771728515625,8.508988685207441e-05
7,1750,63,blocks.10.attn.v.weight,attn_v,10,126.67503356933594,0.21877091436437907,0.21645726365746915,0.21877091436437907,0.21877091436437907,27.712812921102035,27.41973114013672,0.9894243221790687,0.24967203435130106,0.2653552950786345,0.21877091436437907,0.24967203435130106,0.2653552950786345,0.035,0.025,1.141248758212227,1.2129368104055447,0.0007825430948287249,1.7696542272460647e-05,1.7696542272460647e-05,0.00014493248288214203,0.0006461555166547715,0.00016262902515460268,0.0006711040021651686,0.0006638520589272322,0.3490830948959387,True,0.005307325161993504,2773.18994140625,0.00029138996615074575
7,1750,64,blocks.10.mlp.fc.weight,mlp_fc,10,222.14515686035156,0.24950184206377551,0.24955673676658308,0.24950184206377551,0.24950184206377551,55.42562584220407,55.43782043457031,1.0002200172245408,0.25265846357170046,0.2653552950786345,0.24950184206377551,0.25265846357170046,0.2653552950786345,0.035,0.025,1.012651696203181,1.0635404247268307,0.0015034545212984085,1.4985882444307208e-05,1.4985882444307208e-05,7.20679121796465e-05,0.00023415939952290375,8.705379462395371e-05,0.0002497861394993304,0.00024914528196721096,0.4516178767813417,True,0.004355983808636665,2275.924072265625,0.0001815506984712556
7,1750,65,blocks.10.mlp.proj.weight,mlp_proj,10,118.12339782714844,0.23460900575899932,0.2346273284904974,0.23460900575899932,0.23460900575899932,27.712812921102035,27.714977264404297,1.0000780990117613,0.2456149629209174,0.2653552950786345,0.23460900575899932,0.2456149629209174,0.2653552950786345,0.035,0.025,1.046911912551319,1.1310533209079754,0.002709261840209365,4.7161032853182405e-05,4.7161032853182405e-05,0.0002976192911817669,0.0009481794929031841,0.0003447803240349493,0.0010122015371407068,0.0009953405257563666,0.48633076228320693,True,0.008056229911744595,4206.220703125,0.0006516919820569456
7,1750,66,blocks.11.attn.k.weight,attn_k,11,93.09977722167969,0.2976678757792848,0.29594662246469217,0.2976678757792848,0.2976678757792848,27.712812921102035,27.55256462097168,0.99421753754891,0.29189919961550354,0.2653552950786345,0.2976678757792848,0.29189919961550354,0.2653552950786345,0.035,0.025,0.9806204275530941,0.8914475382469237,0.0005033296183682978,8.476820767100435e-06,8.476820767100435e-06,1.281037299326671e-05,0.00021886768563540504,2.1287193760367144e-05,0.00021440356564514558,0.00022734450640250547,0.6377799245657301,True,0.0017821749206632376,932.2692260742188,0.00014819391071796417
7,1750,67,blocks.11.attn.proj.weight,attn_proj,11,122.38175201416016,0.22644562988357553,0.22402420985808463,0.22644562988357553,0.22644562988357553,27.712812921102035,27.416475296020508,0.9893068370242604,0.2673462386318163,0.2653552950786345,0.22644562988357553,0.2673462386318163,0.2653552950786345,0.035,0.025,1.1806199959313384,1.1718278476606676,0.0009739130036905408,3.582837962312624e-05,3.582837962312624e-05,7.799649140584446e-05,0.000767659182936324,0.0001138248710289707,0.0007833135748327596,0.0008034875625594503,0.22211420347425492,True,0.007464099209755659,3879.421630859375,0.0010573333129286766
7,1750,68,blocks.11.attn.q.weight,attn_q,11,92.894775390625,0.298324774505013,0.29681024094802005,0.298324774505013,0.298324774505013,27.712812921102035,27.572120666503906,0.9949232055584297,0.29322880612716407,0.2653552950786345,0.298324774505013,0.29322880612716407,0.2653552950786345,0.035,0.025,0.9829180516894573,0.8894846079039792,0.00048526146565563977,5.754120138590224e-06,5.754120138590224e-06,7.411372806258924e-06,0.00014699909733754336,1.3165492944849148e-05,0.00014393457894209283,0.00015275321747613358,0.9078322182592377,True,0.001755669480189681,918.5122680664062,0.00012113014963688329
7,1750,69,blocks.11.attn.v.weight,attn_v,11,133.80470275878906,0.20711389323184082,0.2051450132711432,0.20711389323184082,0.20711389323184082,27.712812921102035,27.44936752319336,0.9904937330375412,0.24967203435130106,0.2653552950786345,0.20711389323184082,0.24967203435130106,0.2653552950786345,0.035,0.025,1.2054818267156089,1.2812047078927677,0.0008765131351538002,2.102139114867896e-05,2.102139114867896e-05,0.00013084756917746201,0.0006379046629066129,0.00015186896032614097,0.000665893867321487,0.0006589260540552918,0.3116201970069039,True,0.005441965069621801,2840.683349609375,0.00033062894362956285
7,1750,70,blocks.11.mlp.fc.weight,mlp_fc,11,217.93382263183594,0.2543231939534082,0.25433281654745327,0.2543231939534082,0.2543231939534082,55.42562584220407,55.4277229309082,1.000037836085245,0.25265846357170046,0.2653552950786345,0.2543231939534082,0.25265846357170046,0.2653552950786345,0.035,0.025,0.9934542722752503,1.043378273737972,0.001849818043410778,0.00010483601363375783,0.00010483601363375783,0.000110224252402778,0.00047838061392083673,0.00021506026603653584,0.0005845724889984777,0.0005832166275545946,0.0809643579164952,True,0.007271818816661835,3758.83203125,0.002158974064514041
7,1750,71,blocks.11.mlp.proj.weight,mlp_proj,11,119.7353515625,0.23145054956168376,0.23139976151322306,0.23145054956168376,0.23145054956168376,27.712812921102035,27.70673179626465,0.999780566308635,0.2456149629209174,0.2653552950786345,0.23145054956168376,0.2456149629209174,0.2653552950786345,0.035,0.025,1.0611984434085722,1.146488075233171,0.003829499240964651,0.0004176884249318391,0.0004176884249318391,0.000518847101305711,0.002031623420044417,0.0009365355262375501,0.002488988136365805,0.002449311844976256,0.07657149984237008,True,0.01961924135684967,10124.4736328125,0.010356433689594269
8,2000,0,blocks.0.attn.k.weight,attn_k,0,96.89784240722656,0.2860003095284115,0.28461277086724945,0.2860003095284115,0.2860003095284115,27.712812921102035,27.5783634185791,0.9951484714703733,0.2991229497071158,0.2725528559786352,0.2860003095284115,0.2991229497071158,0.2725528559786352,0.035,0.025,1.0458833076101992,0.952980982531278,0.0006191004067659378,1.041192444972694e-05,1.041192444972694e-05,8.809620055438682e-06,0.000161792620721064,1.922154450516562e-05,0.00016246742086588111,0.00017220454517079094,0.6136432682920319,True,0.0019265334121882915,1011.4716186523438,9.171985584544018e-05
8,2000,1,blocks.0.attn.proj.weight,attn_proj,0,84.85189819335938,0.32660215635895906,0.32417161105110454,0.32660215635895906,0.32660215635895906,27.712812921102035,27.506576538085938,0.9925580855468101,0.2758004551551245,0.2725528559786352,0.32660215635895906,0.2758004551551245,0.2725528559786352,0.035,0.025,0.8444538708189059,0.8345102770205846,0.001329815131612122,2.046934241661802e-05,2.046934241661802e-05,0.00010041275166472883,0.0008274385583362946,0.00012088209408134685,0.0008276900734109828,0.0008479079007529126,0.7656421199589148,True,0.0052714161574840546,2766.490966796875,0.0002936061646323651
8,2000,2,blocks.0.attn.q.weight,attn_q,0,98.42318725585938,0.281567928186071,0.28014065552685796,0.281567928186071,0.281567928186071,27.712812921102035,27.572336196899414,0.9949309828416713,0.30081606720250614,0.2725528559786352,0.281567928186071,0.30081606720250614,0.2725528559786352,0.035,0.025,1.0683605520715242,0.967982602757661,0.0006332917837426066,1.049123784468975e-05,1.049123784468975e-05,5.680804380368499e-06,0.00013092975355585192,1.617204222505825e-05,0.00013321653114837525,0.00014142099140054167,0.6133095056867772,True,0.0019344891188666224,1015.0502319335938,9.964843047782779e-05
8,2000,3,blocks.0.attn.v.weight,attn_v,0,89.17060089111328,0.3107841894543506,0.30779539705139275,0.3107841894543506,0.3107841894543506,27.712812921102035,27.446300506591797,0.9903830616087586,0.25697079322804633,0.2725528559786352,0.3107841894543506,0.25697079322804633,0.2725528559786352,0.035,0.025,0.826846416090904,0.876984303664743,0.0013019206235185266,2.9165134037612006e-05,2.9165134037612006e-05,0.00026797553300838834,0.0009812996283315458,0.00029714066704600035,0.0010185729494777288,0.0010104647623691578,0.5006092116174151,True,0.007600374519824982,3988.582275390625,0.0006974877323955297
8,2000,4,blocks.0.mlp.fc.weight,mlp_fc,0,199.3124237060547,0.2780841495558029,0.2780751108222001,0.2780841495558029,0.2780841495558029,55.42562584220407,55.423824310302734,0.999967496408494,0.2588768553268209,0.2725528559786352,0.2780841495558029,0.2588768553268209,0.2725528559786352,0.035,0.025,0.9309299208183468,0.9801092813596061,0.002146423328667879,3.690658195409924e-05,3.690658195409924e-05,0.00013092938643321407,0.0005170874606795747,0.0001678359683873133,0.0005567393789519482,0.000553994042633674,0.2917945553030655,True,0.006077628582715988,3189.50146484375,0.0004241633287165314
8,2000,5,blocks.0.mlp.proj.weight,mlp_proj,0,101.96427154541016,0.27178944645095643,0.2717402633706882,0.27178944645095643,0.27178944645095643,27.712812921102035,27.70779800415039,0.9998190397717502,0.252109015391696,0.2725528559786352,0.27178944645095643,0.252109015391696,0.2725528559786352,0.035,0.025,0.9275894214574969,1.0028088269711992,0.004924165550619364,0.00024584346101619303,0.00024584346101619303,0.0006324381854219368,0.0030419571232244607,0.0008782816464381299,0.003347510854669094,0.0032878005842406537,0.1964382078288653,True,0.02022361196577549,10617.7353515625,0.0035330255050212145
8,2000,6,blocks.1.attn.k.weight,attn_k,1,91.96338653564453,0.3013461548674123,0.2980045338305443,0.3013461548674123,0.3013461548674123,27.712812921102035,27.405506134033203,0.9889110214851257,0.2991229497071158,0.2725528559786352,0.3013461548674123,0.2991229497071158,0.2725528559786352,0.035,0.025,0.9926224206800492,0.9044510825052814,0.00047131022438406944,1.6943569789873436e-05,1.6943569789873436e-05,1.7314267849894422e-05,0.0002273018101355361,3.425783763976786e-05,0.00023140981394435318,0.0002442453799254095,0.3024732618124241,True,0.0021424039732664824,1123.2872314453125,0.0003267437277827412
8,2000,7,blocks.1.attn.proj.weight,attn_proj,1,83.98377227783203,0.32997818708861426,0.3268920852538783,0.32997818708861426,0.32997818708861426,27.712812921102035,27.453630447387695,0.990647558064487,0.2758004551551245,0.2725528559786352,0.32997818708861426,0.2758004551551245,0.2725528559786352,0.035,0.025,0.8358142021098488,0.8259723419398092,0.0016840726602822542,4.994709888705984e-05,4.994709888705984e-05,0.00016022941815920717,0.001497158073801596,0.000210176517046267,0.0015102564243940101,0.001547105172688656,0.40147192441689333,True,0.009410365484654903,4938.8115234375,0.0007452573045156896
8,2000,8,blocks.1.attn.q.weight,attn_q,1,94.50547790527344,0.2932402812552271,0.29013821885518265,0.2932402812552271,0.2932402812552271,27.712812921102035,27.41965103149414,0.9894214315074215,0.30081606720250614,0.2725528559786352,0.2932402812552271,0.30081606720250614,0.2725528559786352,0.035,0.025,1.0258347383751325,0.9294523072067776,0.0004198009555693716,8.921133485273458e-06,8.921133485273458e-06,9.158796886908128e-06,0.00015102965256971336,1.8079930372181586e-05,0.00015085299989294824,0.00015995078605498682,0.4979278324104155,True,0.001824293634854257,955.6990356445312,0.00015371716290246695
8,2000,9,blocks.1.attn.v.weight,attn_v,1,84.32498168945312,0.3286429758521749,0.3227223504167833,0.3286429758521749,0.3286429758521749,27.712812921102035,27.21355628967285,0.9819846280906035,0.25697079322804633,0.2725528559786352,0.3286429758521749,0.25697079322804633,0.2725528559786352,0.035,0.025,0.7819147589012612,0.8293281037633701,0.0014046754222363234,5.975436943117529e-05,5.975436943117529e-05,0.0003501948402846429,0.001318304725867227,0.00040994920971581817,0.0013900741541679666,0.0013780590952984023,0.27877258373096975,True,0.010736741125583649,5637.6552734375,0.0012114699929952621
8,2000,10,blocks.1.mlp.fc.weight,mlp_fc,1,213.5666046142578,0.2595238424205571,0.2595535777631521,0.2595238424205571,0.2595238424205571,55.42562584220407,55.431976318359375,1.0001145765349295,0.2588768553268209,0.2725528559786352,0.2595238424205571,0.2588768553268209,0.2725528559786352,0.035,0.025,0.9975070225236272,1.0502035321169632,0.0013097129995003343,2.0882373064523563e-05,2.0882373064523563e-05,8.472960110672763e-05,0.0003027950569987479,0.0001056119741712512,0.0003253368382180891,0.0003236774300632715,0.2936722731281266,True,0.004763894248753786,2498.802001953125,0.00022464829089585692
8,2000,11,blocks.1.mlp.proj.weight,mlp_proj,1,106.66680145263672,0.2598072928380379,0.2597947354526262,0.2598072928380379,0.2598072928380379,27.712812921102035,27.71147346496582,0.9999516665399493,0.252109015391696,0.2725528559786352,0.2598072928380379,0.252109015391696,0.2725528559786352,0.035,0.025,0.9703692788518414,1.049057757391525,0.0024851588532328606,3.5836765164276585e-05,3.5836765164276585e-05,0.00026832258108852494,0.0010875425326661169,0.0003041593462528015,0.0011441934099137817,0.0011233792978303935,0.6501238240129035,True,0.006373010575771332,3341.745849609375,0.00028386228950694203
8,2000,12,blocks.2.attn.k.weight,attn_k,2,93.87433624267578,0.2952118121981846,0.2932341238186921,0.2952118121981846,0.2952118121981846,27.712812921102035,27.527158737182617,0.9933007816836215,0.2991229497071158,0.2725528559786352,0.2952118121981846,0.2991229497071158,0.2725528559786352,0.035,0.025,1.013248580670971,0.9232450895144475,0.0006301625398918986,1.967368916666601e-05,1.967368916666601e-05,1.7451402767877175e-05,0.00027455820883324914,3.7125091934543184e-05,0.0002782000473739445,0.00029423189799991515,0.34120854447882615,True,0.002344912150874734,1230.415771484375,0.00043580259080044925
8,2000,13,blocks.2.attn.proj.weight,attn_proj,2,85.27645874023438,0.3249761227247916,0.32265242334591093,0.3249761227247916,0.3249761227247916,27.712812921102035,27.51465606689453,0.9928496304300956,0.2758004551551245,0.2725528559786352,0.3249761227247916,0.2758004551551245,0.2725528559786352,0.035,0.025,0.8486791363090025,0.8386857892616578,0.0014440956292673945,3.1363655580207705e-05,3.1363655580207705e-05,0.00014163351015890726,0.0012255595751772751,0.00017299716573911496,0.001226829001925642,0.0012569232307574829,0.5399333090095543,True,0.006912807002663612,3626.772705078125,0.00039762139203958213
8,2000,14,blocks.2.attn.q.weight,attn_q,2,93.27979278564453,0.29709342284652834,0.2947754766766782,0.29709342284652834,0.29709342284652834,27.712812921102035,27.49659538269043,0.9921979216246588,0.30081606720250614,0.2725528559786352,0.29709342284652834,0.30081606720250614,0.2725528559786352,0.035,0.025,1.0125302146385813,0.9173978116621915,0.0005753476289100945,1.902226358652115e-05,1.902226358652115e-05,1.003003991486052e-05,0.00021948109384524459,2.905230350138167e-05,0.0002251667820636553,0.00023850335743176573,0.32425042925858594,True,0.002441447926685214,1280.7344970703125,0.0006600201013498008
8,2000,15,blocks.2.attn.v.weight,attn_v,2,89.76795196533203,0.3087161098629564,0.3030680180672094,0.3087161098629564,0.3087161098629564,27.712812921102035,27.205795288085938,0.9817045770683919,0.25697079322804633,0.2725528559786352,0.3087161098629564,0.25697079322804633,0.2725528559786352,0.035,0.025,0.8323854344437012,0.8828591941626416,0.0016368509968742728,0.00012618029722943902,0.00012618029722943902,0.0005407724519009013,0.0020948539907067135,0.0006669527491303403,0.0022391518022033667,0.0022210342879361526,0.14450946199445455,True,0.016306227073073387,8558.857421875,0.0028206256683915854
8,2000,16,blocks.2.mlp.fc.weight,mlp_fc,2,214.20896911621094,0.2587455888092856,0.2586856592407712,0.2587455888092856,0.2587455888092856,55.42562584220407,55.41278839111328,0.999768384192407,0.2588768553268209,0.2725528559786352,0.2587455888092856,0.2588768553268209,0.2725528559786352,0.035,0.025,1.0005073188615095,1.0533623287372313,0.0015395231312140822,3.069424201385118e-05,3.069424201385118e-05,0.00011440140806796907,0.00042051325884397475,0.00014509565008182025,0.0004534231228255078,0.00045120750085782594,0.23414864791399775,True,0.006371651776134968,3342.318115234375,0.0004315377154853195
8,2000,17,blocks.2.mlp.proj.weight,mlp_proj,2,106.53042602539062,0.2601398863691479,0.26012045557608654,0.2601398863691479,0.2601398863691479,27.712812921102035,27.710742950439453,0.9999253063675465,0.252109015391696,0.2725528559786352,0.2601398863691479,0.252109015391696,0.2725528559786352,0.035,0.025,0.9691286442477498,1.0477165181500574,0.002800393383949995,5.846550266142003e-05,5.846550266142003e-05,0.00040160347955705525,0.001559205051074845,0.0004600689822184753,0.001646913937785212,0.001617670553736265,0.44962007240676566,True,0.008911456912755966,4679.9033203125,0.000669728557113558
8,2000,18,blocks.3.attn.k.weight,attn_k,3,93.56155395507812,0.29619872425812677,0.29431131913921715,0.29619872425812677,0.29619872425812677,27.712812921102035,27.536224365234375,0.993627909358375,0.2991229497071158,0.2725528559786352,0.29619872425812677,0.2991229497071158,0.2725528559786352,0.035,0.025,1.0098725119640983,0.9201689057280172,0.0005663822521455586,1.1430924132582732e-05,1.1430924132582732e-05,1.9611670688175284e-05,0.0002637601743620522,3.1042594820758016e-05,0.00025990592299805445,0.0002751910984946349,0.5295791368009588,True,0.0023009718861430883,1206.9798583984375,0.0002242360933450982
8,2000,19,blocks.3.attn.proj.weight,attn_proj,3,87.33507537841797,0.317315955829018,0.315308971648305,0.317315955829018,0.317315955829018,27.712812921102035,27.537532806396484,0.9936751236619477,0.2758004551551245,0.2725528559786352,0.317315955829018,0.2758004551551245,0.2725528559786352,0.035,0.025,0.8691666778450194,0.8589320863697668,0.0012334722559899092,1.895800232887268e-05,1.895800232887268e-05,0.00011321119006329407,0.0009303719761465457,0.00013216919239216675,0.0009263887047697443,0.0009493299784754184,0.7449860040886823,True,0.004988114349544048,2616.2294921875,0.00018698333587963134
8,2000,20,blocks.3.attn.q.weight,attn_q,3,93.01680755615234,0.2979333912784781,0.2957965777111475,0.2979333912784781,0.2979333912784781,27.712812921102035,27.514053344726562,0.9928278815672253,0.30081606720250614,0.2725528559786352,0.2979333912784781,0.30081606720250614,0.2725528559786352,0.035,0.025,1.009675571817103,0.9148113771640999,0.0005392454331740737,8.141546459228266e-06,8.141546459228266e-06,1.062147378389526e-05,0.0002139941803561415,1.8763020243123526e-05,0.0002091486432061199,0.00022213572681536976,0.7120625420111402,True,0.002396741881966591,1257.8802490234375,0.0001766094792401418
8,2000,21,blocks.3.attn.v.weight,attn_v,3,92.28446960449219,0.30029768865630496,0.29553344890958694,0.30029768865630496,0.30029768865630496,27.712812921102035,27.273147583007812,0.9841349436686221,0.25697079322804633,0.2725528559786352,0.30029768865630496,0.25697079322804633,0.2725528559786352,0.035,0.025,0.8557201834548688,0.9076089036788288,0.0014319972833618522,7.777586142765358e-05,7.777586142765358e-05,0.00044422897375524415,0.0016864655729455598,0.0005220048351828977,0.001779447734340115,0.0017642414343732133,0.19951187201618725,True,0.012918506748974323,6777.29931640625,0.0016371904639527202
8,2000,22,blocks.3.mlp.fc.weight,mlp_fc,3,215.2385711669922,0.2575078692526827,0.25743236417450055,0.2575078692526827,0.2575078692526827,55.42562584220407,55.40937423706055,0.9997067853561132,0.2588768553268209,0.2725528559786352,0.2575078692526827,0.2588768553268209,0.2725528559786352,0.035,0.025,1.0053162883064939,1.0584253474257497,0.0016364543698728085,3.6852197808912024e-05,3.6852197808912024e-05,0.00013772633295117224,0.0005061311337105902,0.00017457853076008426,0.0005457060357622726,0.0005429833315195022,0.20631006036970084,True,0.006988137029111385,3661.704833984375,0.0005295048467814922
8,2000,23,blocks.3.mlp.proj.weight,mlp_proj,3,107.36006164550781,0.2581296293644742,0.25812982015645414,0.2581296293644742,0.2581296293644742,27.712812921102035,27.712833404541016,1.0000007391324381,0.252109015391696,0.2725528559786352,0.2581296293644742,0.252109015391696,0.2725528559786352,0.035,0.025,0.9766760058207917,1.0558759048686956,0.0030247182585299015,0.00011197628919035196,0.00011197628919035196,0.0005489881650699714,0.00205441635881756,0.0006609644542603234,0.002203459853072166,0.002166392648007912,0.2516031676549898,True,0.013996797613799572,7367.388671875,0.0021055673714727163
8,2000,24,blocks.4.attn.k.weight,attn_k,4,93.44618225097656,0.29656442086281615,0.29449888383398426,0.29656442086281615,0.29656442086281615,27.712812921102035,27.51979637145996,0.993035115194131,0.2991229497071158,0.2725528559786352,0.29656442086281615,0.2991229497071158,0.2725528559786352,0.035,0.025,1.0086272278948902,0.9190342360883266,0.0005664617056027055,1.3898914403398521e-05,1.3898914403398521e-05,1.9938527642700363e-05,0.00037662988779715005,3.3837442046098884e-05,0.0003675564449792415,0.00039052880220054857,0.4361422024772587,True,0.002400781959295273,1259.682861328125,0.00019340476137585938
8,2000,25,blocks.4.attn.proj.weight,attn_proj,4,93.11199951171875,0.29762880258644,0.29565372699103676,0.29762880258644,0.29762880258644,27.712812921102035,27.52890968322754,0.9933639635067697,0.2758004551551245,0.2725528559786352,0.29762880258644,0.2758004551551245,0.2725528559786352,0.035,0.025,0.9266591565009039,0.915747580913235,0.0011688676895573735,1.447024078515824e-05,1.447024078515824e-05,9.425386379421397e-05,0.0007567029561584993,0.0001087241045793722,0.0007520012383636941,0.0007711731969436576,0.8675288834076277,True,0.004359785933047533,2285.797607421875,0.00011618719872785732
8,2000,26,blocks.4.attn.q.weight,attn_q,4,93.06996154785156,0.2977632359593659,0.2954565407964938,0.2977632359593659,0.2977632359593659,27.712812921102035,27.49812889099121,0.9922532573390501,0.30081606720250614,0.2725528559786352,0.2977632359593659,0.30081606720250614,0.2725528559786352,0.035,0.025,1.0102525458970928,0.9153341415722289,0.0005050157196819782,9.177858373732306e-06,9.177858373732306e-06,1.190825192183661e-05,0.00025451763117161086,2.1086110295568917e-05,0.0002479675444709172,0.00026369548954534316,0.5912266615833423,True,0.0025891000404953957,1356.9927978515625,0.000195077431271784
8,2000,27,blocks.4.attn.v.weight,attn_v,4,98.68321228027344,0.28082601164617504,0.2756758883880935,0.28082601164617504,0.28082601164617504,27.712812921102035,27.20458221435547,0.9816608040405898,0.25697079322804633,0.2725528559786352,0.28082601164617504,0.25697079322804633,0.2725528559786352,0.035,0.025,0.915053387404209,0.9705399239228468,0.0015197314787656069,0.0001075704421964474,0.0001075704421964474,0.0005102200099900968,0.0020211304905500068,0.0006177904521865442,0.0021459935884888307,0.002128700932746454,0.14316294623030304,True,0.014207360334694386,7453.23779296875,0.002214746782556176
8,2000,28,blocks.4.mlp.fc.weight,mlp_fc,4,215.83499145507812,0.25679629363406464,0.2567197600106655,0.25679629363406464,0.25679629363406464,55.42562584220407,55.40910720825195,0.9997019675700344,0.2588768553268209,0.2725528559786352,0.25679629363406464,0.2588768553268209,0.2725528559786352,0.035,0.025,1.0081019926857708,1.0613582155785461,0.001626107026822865,3.545107028912753e-05,3.545107028912753e-05,0.00013501093038928045,0.0004824403439691507,0.00017046200067840798,0.0005204697870228245,0.0005178914142582782,0.21251907685054783,True,0.006779090501368046,3551.230712890625,0.0004829287063330412
8,2000,29,blocks.4.mlp.proj.weight,mlp_proj,4,108.4915771484375,0.25543746021117875,0.25542787419143004,0.25543746021117875,0.25543746021117875,27.712812921102035,27.711772918701172,0.999962472145869,0.252109015391696,0.2725528559786352,0.25543746021117875,0.252109015391696,0.2725528559786352,0.035,0.025,0.9869696292128374,1.06700425126881,0.0029262953903526068,0.00011361399083398283,0.00011361399083398283,0.0005256040250613399,0.0019188635130600491,0.0006392180158953227,0.0020664821799471155,0.002032477503894032,0.2374052535965669,True,0.014896961860358715,7843.7119140625,0.0024124726187437773
8,2000,30,blocks.5.attn.k.weight,attn_k,5,92.97126007080078,0.2980793516189604,0.29592981790719125,0.2980793516189604,0.2980793516189604,27.712812921102035,27.512968063354492,0.9927887198489559,0.2991229497071158,0.2725528559786352,0.2980793516189604,0.2991229497071158,0.2725528559786352,0.035,0.025,1.0035010747389488,0.9143634220160406,0.000656641845125705,1.7029095033649355e-05,1.7029095033649355e-05,2.4354947797752917e-05,0.0003412020084892192,4.138404283140227e-05,0.00033846604118058086,0.00035823110352286853,0.41475178979119603,True,0.002809082390740514,1475.0089111328125,0.00029859793721698225
8,2000,31,blocks.5.attn.proj.weight,attn_proj,5,99.39929962158203,0.2788028992820479,0.2770948649744973,0.2788028992820479,0.2788028992820479,27.712812921102035,27.54303550720215,0.9938736852739114,0.2758004551551245,0.2725528559786352,0.2788028992820479,0.2758004551551245,0.2725528559786352,0.035,0.025,0.9892309436714789,0.9775825742145892,0.001074106665328145,1.2416419849614613e-05,1.2416419849614613e-05,8.368384646869668e-05,0.0006673708897640964,9.61002663183113e-05,0.0006626286940911128,0.000679787309613711,0.8702974235836238,True,0.004100197926163673,2150.298095703125,0.00010368615039624274
8,2000,32,blocks.5.attn.q.weight,attn_q,5,90.47794342041016,0.30629357690341286,0.30388321229432697,0.30629357690341286,0.30629357690341286,27.712812921102035,27.494728088378906,0.9921305414450704,0.30081606720250614,0.2725528559786352,0.30629357690341286,0.30081606720250614,0.2725528559786352,0.035,0.025,0.9821167986730783,0.8898418919982201,0.0005844841944053769,1.5227083167701494e-05,1.5227083167701494e-05,1.3229677427154928e-05,0.00027273020578676176,2.845676059485642e-05,0.000271388085873578,0.00028795728895446326,0.424241677399945,True,0.0027843324933201075,1463.1922607421875,0.00042254876461811364
8,2000,33,blocks.5.attn.v.weight,attn_v,5,106.15731811523438,0.26105419214735265,0.256840791729226,0.26105419214735265,0.26105419214735265,27.712812921102035,27.26552963256836,0.9838600545600663,0.25697079322804633,0.2725528559786352,0.26105419214735265,0.25697079322804633,0.2725528559786352,0.035,0.025,0.9843580411955176,1.0440470376541287,0.0014579205308109522,9.602510544937104e-05,9.602510544937104e-05,0.0004618846137168254,0.0018270151643867897,0.0005579097191661964,0.0019406237805233329,0.0019230402698361608,0.1430207729414559,True,0.013215676881372929,6925.677734375,0.0018991592805832624
8,2000,34,blocks.5.mlp.fc.weight,mlp_fc,5,216.24046325683594,0.25631477572434364,0.2562938136200477,0.25631477572434364,0.25631477572434364,55.42562584220407,55.42109298706055,0.9999182173394591,0.2588768553268209,0.2725528559786352,0.25631477572434364,0.2588768553268209,0.2725528559786352,0.035,0.025,1.0099958326445944,1.0633521037107707,0.001634059241041541,2.8039034077664837e-05,2.8039034077664837e-05,0.00012231502535183186,0.00044147603244126593,0.0001503540594294967,0.00047192402179969543,0.00046951506651893076,0.2695055950860967,True,0.006645325105637312,3482.85107421875,0.0004150912573095411
8,2000,35,blocks.5.mlp.proj.weight,mlp_proj,5,109.36565399169922,0.25339594204964405,0.2533459367168279,0.25339594204964405,0.25339594204964405,27.712812921102035,27.70734405517578,0.9998026592990822,0.252109015391696,0.2725528559786352,0.25339594204964405,0.252109015391696,0.2725528559786352,0.035,0.025,0.9949212815030166,1.0756007131528493,0.0025831321254372597,3.266468411311507e-05,3.266468411311507e-05,0.00029470607432413316,0.0011162589095086298,0.00032737075843724823,0.0011698256350033006,0.001148923593621745,0.7230814223286778,True,0.006828416604548693,3579.979248046875,0.0002865833812393248
8,2000,36,blocks.6.attn.k.weight,attn_k,6,92.31123352050781,0.30021062295679724,0.2987614569560256,0.30021062295679724,0.30021062295679724,27.712812921102035,27.579038619995117,0.9951728357028292,0.2991229497071158,0.2725528559786352,0.30021062295679724,0.2991229497071158,0.2725528559786352,0.035,0.025,0.99637696614807,0.9078721242247907,0.0005432431353256106,8.132821676554158e-06,8.132821676554158e-06,1.761788179659064e-05,0.0002472905283121635,2.5750703473144797e-05,0.0002410306643587572,0.00025542334998871765,0.7235998078554279,True,0.0019957663025707006,1046.154052734375,0.00010540679795667529
8,2000,37,blocks.6.attn.proj.weight,attn_proj,6,101.58759307861328,0.27279721943659546,0.27127918515324484,0.27279721943659546,0.27279721943659546,27.712812921102035,27.5585994720459,0.9944353014796736,0.2758004551551245,0.2725528559786352,0.27279721943659546,0.2758004551551245,0.2725528559786352,0.035,0.025,1.0110090407986254,0.9991042303933122,0.00093530782032758,7.66851553635206e-06,7.66851553635206e-06,6.20744245738597e-05,0.0004761049112508638,6.974294011021176e-05,0.0004710193150281757,0.00048377342678721587,1.2006117604764357,True,0.003217952558770776,1687.4329833984375,5.463587149279192e-05
8,2000,38,blocks.6.attn.q.weight,attn_q,6,91.4619369506836,0.30299831651329256,0.3011364020267067,0.30299831651329256,0.30299831651329256,27.712812921102035,27.542518615722656,0.9938550335592347,0.30081606720250614,0.2725528559786352,0.30299831651329256,0.30081606720250614,0.2725528559786352,0.035,0.025,0.9927978170443377,0.8995193739522915,0.0005109505727887154,7.413259936583927e-06,7.413259936583927e-06,1.167575233142096e-05,0.00018580058997991054,1.9089012268004886e-05,0.0001822388416610222,0.00019321384991649446,0.7535798329211111,True,0.0023257348220795393,1220.700927734375,0.00019587234419304878
8,2000,39,blocks.6.attn.v.weight,attn_v,6,109.75342559814453,0.2525006647407144,0.24881508252592072,0.2525006647407144,0.2525006647407144,27.712812921102035,27.308307647705078,0.9854036732197278,0.25697079322804633,0.2725528559786352,0.2525006647407144,0.25697079322804633,0.2725528559786352,0.035,0.025,1.0177034325510477,1.0794144096947698,0.0013058001641184092,6.578056490980089e-05,6.578056490980089e-05,0.00039396435115925197,0.0015321090112421752,0.00045974491606905286,0.001611834283551097,0.001597889576151976,0.18086770829254362,True,0.011101276613771915,5821.34912109375,0.0012357290834188461
8,2000,40,blocks.6.mlp.fc.weight,mlp_fc,6,217.00927734375,0.2554067112734909,0.2554034019316649,0.2554067112734909,0.2554067112734909,55.42562584220407,55.42490768432617,0.999987042854871,0.2588768553268209,0.2725528559786352,0.2554067112734909,0.2588768553268209,0.2725528559786352,0.035,0.025,1.0135867379366323,1.0671327100985382,0.0016129028517752886,2.4717284759390168e-05,2.4717284759390168e-05,0.00011277950358302876,0.00040380972862772937,0.00013749678834241893,0.0004306421276840458,0.00042852701338711954,0.30069703659340574,True,0.005867935251444578,3075.744873046875,0.0003414559760130942
8,2000,41,blocks.6.mlp.proj.weight,mlp_proj,6,109.87069702148438,0.25223115600771157,0.2522905051131248,0.25223115600771157,0.25223115600771157,27.712812921102035,27.71933364868164,1.0002352964889623,0.252109015391696,0.2725528559786352,0.25223115600771157,0.252109015391696,0.2725528559786352,0.035,0.025,0.9995157592029914,1.080567762890887,0.002593744546175003,3.221230144845322e-05,3.221230144845322e-05,0.0002884610414675638,0.0010603837905360182,0.00032067334291601703,0.0011122968121089509,0.0010925960919844714,0.732864300169609,True,0.0065384055487811565,3427.690673828125,0.00025782739976421
8,2000,42,blocks.7.attn.k.weight,attn_k,7,92.42040252685547,0.2998560075850055,0.2980429970066158,0.2998560075850055,0.2998560075850055,27.712812921102035,27.54525375366211,0.9939537293483356,0.2991229497071158,0.2725528559786352,0.2998560075850055,0.2991229497071158,0.2725528559786352,0.035,0.025,0.997555300346344,0.9089457909272329,0.0006765574216842651,1.6187274013645947e-05,1.6187274013645947e-05,2.6140991734706717e-05,0.00038839767018847575,4.2328265748352664e-05,0.00038199539778446026,0.0004045849442021217,0.4522338728704699,True,0.002682057209312916,1408.28271484375,0.0002516146341804415
8,2000,43,blocks.7.attn.proj.weight,attn_proj,7,111.26966857910156,0.2490599035207965,0.2473830317152529,0.2490599035207965,0.2490599035207965,27.712812921102035,27.526227951049805,0.9932671948321004,0.2758004551551245,0.2725528559786352,0.2490599035207965,0.2758004551551245,0.2725528559786352,0.035,0.025,1.1073659439207773,1.094326513925904,0.0011003739200532436,1.2089880328858271e-05,1.2089880328858271e-05,7.467555536587282e-05,0.000593498806725864,8.67654356947311e-05,0.0005891037523315412,0.0006055886870547223,0.8179777530486727,True,0.004293295554816723,2252.376708984375,0.00010217248200206086
8,2000,44,blocks.7.attn.q.weight,attn_q,7,89.2213363647461,0.3106074628585384,0.30862480213852095,0.3106074628585384,0.3106074628585384,27.712812921102035,27.535917282104492,0.9936168284503936,0.30081606720250614,0.2725528559786352,0.3106074628585384,0.30081606720250614,0.2725528559786352,0.035,0.025,0.968476624592592,0.8774832821797505,0.0006315800710581243,1.1902773621841334e-05,1.1902773621841334e-05,1.519348906492724e-05,0.00028513833893527817,2.7096262686768574e-05,0.0002803321042489182,0.0002970411125571195,0.5947185981804356,True,0.0029184946324676275,1531.9908447265625,0.00027799123199656606
8,2000,45,blocks.7.attn.v.weight,attn_v,7,120.51866912841797,0.2299462242781059,0.2267166849522186,0.2299462242781059,0.2299462242781059,27.712812921102035,27.323593139648438,0.9859552409002399,0.25697079322804633,0.2725528559786352,0.2299462242781059,0.25697079322804633,0.2725528559786352,0.035,0.025,1.1175256042354313,1.1852895468681373,0.0014800671488046646,8.980318671092391e-05,8.980318671092391e-05,0.0004123406352037032,0.0016650321378570165,0.0005021438219146271,0.001770359377097073,0.0017548353245679404,0.1367525218750362,True,0.01175570860505104,6171.0283203125,0.0015210985438898206
8,2000,46,blocks.7.mlp.fc.weight,mlp_fc,7,215.26071166992188,0.25748138344535926,0.2574753358644993,0.25748138344535926,0.25748138344535926,55.42562584220407,55.42432403564453,0.999976512551013,0.2588768553268209,0.2725528559786352,0.25748138344535926,0.2588768553268209,0.2725528559786352,0.035,0.025,1.0054197001072034,1.0585342222866931,0.00159919704310596,1.976983912754804e-05,1.976983912754804e-05,0.00010358052521395147,0.0003598471127853225,0.0001233503643414995,0.0003813856666881957,0.0003796169519128705,0.37578035381345065,True,0.005528149660676718,2899.365966796875,0.0002606395282782614
8,2000,47,blocks.7.mlp.proj.weight,mlp_proj,7,110.93858337402344,0.24980319811430965,0.2498150223004787,0.24980319811430965,0.24980319811430965,27.712812921102035,27.71412467956543,1.000047334006372,0.252109015391696,0.2725528559786352,0.24980319811430965,0.252109015391696,0.2725528559786352,0.035,0.025,1.0092305354566806,1.0910703227022551,0.0026271268725395203,3.188147093169391e-05,3.188147093169391e-05,0.0002873905291732173,0.0010001605836802284,0.0003192720001049112,0.0010501770800198003,0.0010320420546119223,0.7427797930534407,True,0.006706496234983206,3516.9375,0.0002584760950412601
8,2000,48,blocks.8.attn.k.weight,attn_k,8,91.36819458007812,0.3033091881531445,0.3016276683368076,0.3033091881531445,0.3033091881531445,27.712812921102035,27.559175491333008,0.9944560867853282,0.2991229497071158,0.2725528559786352,0.3033091881531445,0.2991229497071158,0.2725528559786352,0.035,0.025,0.9861981152911364,0.8985974267321567,0.0005851432215422392,1.1449132216512226e-05,1.1449132216512226e-05,1.9352418693946945e-05,0.00027952075161183446,3.080155091045917e-05,0.0002746646458008295,0.0002909698838283467,0.55936406701952,True,0.0022106333635747433,1158.89990234375,0.00015972320397850126
8,2000,49,blocks.8.attn.proj.weight,attn_proj,8,111.95378112792969,0.2475379807800737,0.24620790328148753,0.2475379807800737,0.2475379807800737,27.712812921102035,27.563905715942383,0.99462677406355,0.2758004551551245,0.2725528559786352,0.2475379807800737,0.2758004551551245,0.2725528559786352,0.035,0.025,1.1141742947324142,1.1010546952016471,0.0009632207220420241,8.270504622487351e-06,8.270504622487351e-06,6.071532230953986e-05,0.0004753492893401396,6.898582693202721e-05,0.00047051300269135586,0.00048361979396262695,1.04029148178833,True,0.003869282314553857,2031.9332275390625,8.099740807665512e-05
8,2000,50,blocks.8.attn.q.weight,attn_q,8,90.04596710205078,0.307762954999357,0.30594888542728516,0.307762954999357,0.307762954999357,27.712812921102035,27.549463272094727,0.9941056272608499,0.30081606720250614,0.2725528559786352,0.307762954999357,0.30081606720250614,0.2725528559786352,0.035,0.025,0.977427797322568,0.8855934463561562,0.0005413895705714822,6.5253825596300885e-06,6.5253825596300885e-06,9.592978907432374e-06,0.00016579280586261378,1.6118361467062463e-05,0.00016260479509125618,0.00017231818842224387,0.9213818235563122,True,0.0020541672129184008,1077.1478271484375,0.00014162353181745857
8,2000,51,blocks.8.attn.v.weight,attn_v,8,122.61285400390625,0.22601882279176985,0.22333638145263196,0.22601882279176985,0.22601882279176985,27.712812921102035,27.3839111328125,0.9881317789996305,0.25697079322804633,0.2725528559786352,0.22601882279176985,0.25697079322804633,0.2725528559786352,0.035,0.025,1.1369442157691105,1.2058856541772938,0.0011979396222159266,4.428833199199289e-05,4.428833199199289e-05,0.0002811093487067705,0.0011373555949432978,0.0003253976806987634,0.0011916426742044006,0.0011816439269352907,0.22060208060175512,True,0.009218534454703331,4836.998046875,0.0007573998882435262
8,2000,52,blocks.8.mlp.fc.weight,mlp_fc,8,216.6502685546875,0.2558299429396432,0.2558095134998374,0.2558299429396432,0.2558299429396432,55.42562584220407,55.421199798583984,0.9999201444538905,0.2588768553268209,0.2725528559786352,0.2558299429396432,0.2588768553268209,0.2725528559786352,0.035,0.025,1.0119099130937015,1.0653673016021326,0.0015368015738204122,1.7226713680429384e-05,1.7226713680429384e-05,8.042557796371229e-05,0.00027736074954933903,9.765229164414168e-05,0.0002959058906031907,0.0002945874632297684,0.4117713529921869,True,0.004982340149581432,2615.197265625,0.00024115598353091627
8,2000,53,blocks.8.mlp.proj.weight,mlp_proj,8,112.3169174194336,0.24673765589213933,0.2468281986683086,0.24673765589213933,0.24673765589213933,27.712812921102035,27.72298240661621,1.0003669596999456,0.252109015391696,0.2725528559786352,0.24673765589213933,0.252109015391696,0.2725528559786352,0.035,0.025,1.0217695166152698,1.104626105784927,0.002555234357714653,2.5814737455220893e-05,2.5814737455220893e-05,0.00024300074706466019,0.0008013843721539854,0.0002688154845198811,0.000841405010781176,0.0008271991096092063,0.8812879871951135,True,0.006236923858523369,3272.606689453125,0.00018522131722420454
8,2000,54,blocks.9.attn.k.weight,attn_k,9,91.52031707763672,0.30280503614944043,0.30118852083541586,0.30280503614944043,0.30280503614944043,27.712812921102035,27.564868927001953,0.994661530948833,0.2991229497071158,0.2725528559786352,0.30280503614944043,0.2991229497071158,0.2725528559786352,0.035,0.025,0.9878400752869002,0.9000935368991844,0.0005323917721398175,8.811441148282029e-06,8.811441148282029e-06,1.651517519346574e-05,0.00021071721141875606,2.5326616341747768e-05,0.00020755867618549737,0.0002195286525670381,0.6601868568370267,True,0.0019749521743506193,1035.044677734375,0.00011238274601055309
8,2000,55,blocks.9.attn.proj.weight,attn_proj,9,116.12443542480469,0.23864755785225938,0.23702996623931136,0.23864755785225938,0.23864755785225938,27.712812921102035,27.52497100830078,0.9932218388174439,0.2758004551551245,0.2725528559786352,0.23864755785225938,0.2758004551551245,0.2725528559786352,0.035,0.025,1.15568102869867,1.1420726800287047,0.0008497449452988803,8.388739843212534e-06,8.388739843212534e-06,5.7365258485016164e-05,0.00045466041508132664,6.57539983282287e-05,0.00044991543653497397,0.00046304915492453917,0.8723047720038779,True,0.00435984693467617,2291.5576171875,0.0001339746522717178
8,2000,56,blocks.9.attn.q.weight,attn_q,9,90.91605377197266,0.3048175956977717,0.3030471112064374,0.3048175956977717,0.3048175956977717,27.712812921102035,27.551847457885742,0.994191659155115,0.30081606720250614,0.2725528559786352,0.3048175956977717,0.30081606720250614,0.2725528559786352,0.035,0.025,0.9868723835115046,0.8941506652682637,0.0005308573599904776,7.5764264693134464e-06,7.5764264693134464e-06,1.0874056148790036e-05,0.00017869112540480357,1.8450482618103482e-05,0.00017578869285385097,0.000186267551874117,0.7706778079441255,True,0.0022353895474225283,1170.08349609375,0.00017258504522033036
8,2000,57,blocks.9.attn.v.weight,attn_v,9,127.02815246582031,0.21816276457739375,0.21568865191088224,0.21816276457739375,0.21816276457739375,27.712812921102035,27.398530960083008,0.9886593265752638,0.25697079322804633,0.2725528559786352,0.21816276457739375,0.25697079322804633,0.2725528559786352,0.035,0.025,1.1778856658964154,1.2493096908934083,0.0010245123412460089,3.331461630295962e-05,3.331461630295962e-05,0.00021550417581651569,0.0008815340587647529,0.0002488187921194753,0.0009221766905090679,0.0009148486750677126,0.24209309182498837,True,0.007735025137662888,4059.068359375,0.0005497113452292979
8,2000,58,blocks.9.mlp.fc.weight,mlp_fc,9,217.0727081298828,0.25533207891358145,0.2554090632294471,0.25533207891358145,0.25533207891358145,55.42562584220407,55.44233703613281,1.0003015066347887,0.2588768553268209,0.2725528559786352,0.25533207891358145,0.2588768553268209,0.2725528559786352,0.035,0.025,1.0138830045496916,1.0674446279461902,0.0016036576125770807,1.6984367903205566e-05,1.6984367903205566e-05,7.7498094759961e-05,0.000269571225383083,9.448246266316656e-05,0.0002876632329926256,0.00028655559328628856,0.4349677290672634,True,0.004944769199937582,2594.57470703125,0.00021411690977402031
8,2000,59,blocks.9.mlp.proj.weight,mlp_proj,9,113.7662124633789,0.243594405764565,0.24358083809445677,0.243594405764565,0.243594405764565,27.712812921102035,27.71126937866211,0.9999443022098002,0.252109015391696,0.2725528559786352,0.243594405764565,0.252109015391696,0.2725528559786352,0.035,0.025,1.034954044204777,1.118879783479341,0.002711025532335043,2.9928050935268402e-05,2.9928050935268402e-05,0.00024804620647771766,0.0007939777258776079,0.00027797425741298606,0.0008379247111463352,0.0008239057768128763,0.796236118142218,True,0.006660998798906803,3495.85791015625,0.00023347452224697918
8,2000,60,blocks.10.attn.k.weight,attn_k,10,90.7716064453125,0.3053026602299726,0.3037640481925085,0.3053026602299726,0.3053026602299726,27.712812921102035,27.573150634765625,0.9949603713367522,0.2991229497071158,0.2725528559786352,0.3053026602299726,0.2991229497071158,0.2725528559786352,0.035,0.025,0.979758740005076,0.892730039670574,0.0004439870244823396,9.912109817378223e-06,9.912109817378223e-06,1.286410178396923e-05,0.00020976168422795705,2.2776211601347454e-05,0.0002076230415681898,0.00021967379404533527,0.4934624964694026,True,0.0016794787952676415,881.3617553710938,0.00013039518671575934
8,2000,61,blocks.10.attn.proj.weight,attn_proj,10,111.76036071777344,0.24796638757353992,0.24623576336774478,0.24796638757353992,0.24796638757353992,27.712812921102035,27.519397735595703,0.9930207306614098,0.2758004551551245,0.2725528559786352,0.24796638757353992,0.2758004551551245,0.2725528559786352,0.035,0.025,1.112249357075986,1.0991524240268395,0.0007214886136353016,6.874561677250313e-06,6.874561677250313e-06,5.035993483456304e-05,0.0003984786605264178,5.7234496511813354e-05,0.00039420922344657447,0.0004053532222036681,0.93906720504605,True,0.003954081796109676,2079.568115234375,0.00013167971337679774
8,2000,62,blocks.10.attn.q.weight,attn_q,10,90.68106079101562,0.30560750700710515,0.30388914101156783,0.30560750700710515,0.30560750700710515,27.712812921102035,27.556989669799805,0.994377212744666,0.30081606720250614,0.2725528559786352,0.30560750700710515,0.30081606720250614,0.2725528559786352,0.035,0.025,0.9843215899651064,0.8918395318486027,0.0004133565234951675,5.8923460528603755e-06,5.8923460528603755e-06,6.973282064338092e-06,0.00014687506399265732,1.2865628117198468e-05,0.00014405762552221655,0.0001527674100455177,0.7736062314802843,True,0.001719766529276967,902.0993041992188,0.0001114469050662592
8,2000,63,blocks.10.attn.v.weight,attn_v,10,123.32478332519531,0.22471406130936453,0.2222753842295403,0.22471406130936453,0.22471406130936453,27.712812921102035,27.412063598632812,0.9891476436071123,0.25697079322804633,0.2725528559786352,0.22471406130936453,0.25697079322804633,0.2725528559786352,0.035,0.025,1.1435456763618983,1.2128874107411145,0.0008108553593046963,1.912249172164593e-05,1.912249172164593e-05,0.0001452698312443572,0.0006189722337120616,0.00016439232296600314,0.0006436064977179702,0.0006380947254337075,0.3438337855752955,True,0.005583771504461765,2930.47998046875,0.00032948091393336654
8,2000,64,blocks.10.mlp.fc.weight,mlp_fc,10,216.58497619628906,0.2559070662037625,0.2559469549101084,0.2559070662037625,0.2559070662037625,55.42562584220407,55.43426513671875,1.0001558718441768,0.2588768553268209,0.2725528559786352,0.2559070662037625,0.2588768553268209,0.2725528559786352,0.035,0.025,1.01160495162214,1.0650462295621752,0.0016210508765652776,1.753871219989378e-05,1.753871219989378e-05,6.707983668849419e-05,0.00023990217165948487,8.461854888838797e-05,0.0002582366325431911,0.00025744088385937865,0.4267471368531126,True,0.00469545042142272,2465.4267578125,0.00020426095579750836
8,2000,65,blocks.10.mlp.proj.weight,mlp_proj,10,115.07398223876953,0.2408260527875025,0.24083576140174243,0.2408260527875025,0.2408260527875025,27.712812921102035,27.713930130004883,1.0000403138038,0.252109015391696,0.2725528559786352,0.2408260527875025,0.252109015391696,0.2725528559786352,0.035,0.025,1.0468510880512967,1.131741573737155,0.002947371918708086,4.732927482109517e-05,4.732927482109517e-05,0.00030471454527289155,0.0009508025813098791,0.0003520438200939867,0.0010147172363108965,0.0009981318561309742,0.5411628168135215,True,0.008448772132396698,4440.0986328125,0.0006184297380968928
8,2000,66,blocks.11.attn.k.weight,attn_k,11,90.65644073486328,0.305690502477941,0.3040242260038893,0.305690502477941,0.305690502477941,27.712812921102035,27.56175422668457,0.9945491388821652,0.2991229497071158,0.2725528559786352,0.305690502477941,0.2991229497071158,0.2725528559786352,0.035,0.025,0.9785156793633157,0.8915973959586885,0.0004872556310147047,9.089579179999419e-06,9.089579179999419e-06,1.1888021385662025e-05,0.0001776341977585148,2.0977600565661444e-05,0.00017667963748357857,0.00018672377693851422,0.5913089131219995,True,0.0017737431917339563,930.0929565429688,0.0001577688381075859
8,2000,67,blocks.11.attn.proj.weight,attn_proj,11,119.12232971191406,0.2326416297273804,0.23034655936535145,0.2326416297273804,0.2326416297273804,27.712812921102035,27.43941879272461,0.9901347391491518,0.2758004551551245,0.2725528559786352,0.2326416297273804,0.2758004551551245,0.2725528559786352,0.035,0.025,1.1855163475183677,1.1715566826884103,0.0009743307018652558,2.8955919333384372e-05,2.8955919333384372e-05,6.718720874459923e-05,0.0006518130266984625,9.614312807798361e-05,0.0006609711166454103,0.0006807689460318468,0.28247229025057613,True,0.007672726176679134,4044.6552734375,0.000921813421882689
8,2000,68,blocks.11.attn.q.weight,attn_q,11,90.40576934814453,0.306538101726478,0.3048643780224977,0.306538101726478,0.306538101726478,27.712812921102035,27.561498641967773,0.9945399162631,0.30081606720250614,0.2725528559786352,0.306538101726478,0.30081606720250614,0.2725528559786352,0.035,0.025,0.9813333660913788,0.8891320669227357,0.0004848780808970332,6.200562438607449e-06,6.200562438607449e-06,7.267385738149525e-06,0.00012014209298817562,1.3467948176756974e-05,0.00011949389734129104,0.00012634265542678307,0.8649785157144989,True,0.001787508255802095,937.6039428710938,0.00014587525220122188
8,2000,69,blocks.11.attn.v.weight,attn_v,11,130.50413513183594,0.21235199093964655,0.210421709166405,0.21235199093964655,0.21235199093964655,27.712812921102035,27.46090316772461,0.9909099897547532,0.25697079322804633,0.2725528559786352,0.21235199093964655,0.25697079322804633,0.2725528559786352,0.035,0.025,1.2101171836956361,1.283495646886111,0.0008901701658032835,2.0197512640152127e-05,2.0197512640152127e-05,0.00012486128020587314,0.0005476504390662875,0.00014505879284602526,0.0005722201938394934,0.0005678479517064396,0.3377154063195847,True,0.005792358424514532,3043.2001953125,0.0003136481682304293
8,2000,70,blocks.11.mlp.fc.weight,mlp_fc,11,212.22425842285156,0.26116536466707724,0.2612082120001607,0.26116536466707724,0.26116536466707724,55.42562584220407,55.43471908569336,1.0001640620805108,0.2588768553268209,0.2725528559786352,0.26116536466707724,0.2588768553268209,0.2725528559786352,0.035,0.025,0.991237316850289,1.0436026091211377,0.001877546077594161,6.94179761921987e-05,6.94179761921987e-05,7.477643315561644e-05,0.000357203985017202,0.00014419440934781513,0.00042750680357683346,0.00042662196120940067,0.12744524343247007,True,0.006397890392690897,3393.22216796875,0.001887985854409635
8,2000,71,blocks.11.mlp.proj.weight,mlp_proj,11,116.74193572998047,0.23738524419537368,0.2373225013934798,0.23738524419537368,0.23738524419537368,27.712812921102035,27.705488204956055,0.9997356920725863,0.252109015391696,0.2725528559786352,0.23738524419537368,0.252109015391696,0.2725528559786352,0.035,0.025,1.0620247953752522,1.1481457362797063,0.004102482460439205,0.0004399740428198129,0.0004399740428198129,0.0005362147977797502,0.002016066005249416,0.0009761888405995631,0.0024935398674022914,0.0024560400480692288,0.07987167416508198,True,0.019208481535315514,10218.216796875,0.011831264942884445
9,2250,0,blocks.0.attn.k.weight,attn_k,0,94.18648529052734,0.29423343312598593,0.2928691133752159,0.29423343312598593,0.29423343312598593,27.712812921102035,27.584312438964844,0.9953631382529435,0.3083142850566244,0.2812799323104059,0.29423343312598593,0.3083142850566244,0.2812799323104059,0.035,0.025,1.0478560569444508,0.955975428495804,0.0006541124312207103,6.572524398507085e-06,6.572524398507085e-06,8.390475541437482e-06,0.00016724702433723528,1.4962999939944567e-05,0.00016344496923724475,0.00017381954873574236,1.0566510891688814,True,0.0018904585158452392,990.8200073242188,9.479917207499966e-05
9,2250,1,blocks.0.attn.proj.weight,attn_proj,0,83.18700408935547,0.33313873031578667,0.3307091116814242,0.33313873031578667,0.33313873031578667,27.712812921102035,27.510700225830078,0.9927068863111309,0.28543775002184396,0.2812799323104059,0.33313873031578667,0.28543775002184396,0.2812799323104059,0.035,0.025,0.8568134655231281,0.8443327260201083,0.0013080739881843328,9.345729267806746e-06,9.345729267806746e-06,8.719315285329713e-05,0.0007400958645271275,9.653888212110388e-05,0.0007300070783230332,0.0007494415937949342,1.6825331503583274,True,0.004672529175877571,2450.49462890625,0.000505647505633533
9,2250,2,blocks.0.attn.q.weight,attn_q,0,95.55221557617188,0.2900279470653411,0.28878818401465023,0.2900279470653411,0.2900279470653411,27.712812921102035,27.594350814819336,0.9957253669405571,0.3102503543435251,0.2812799323104059,0.2900279470653411,0.3102503543435251,0.2812799323104059,0.035,0.025,1.0697257194791234,0.9698373386308032,0.0006645238026976585,6.981174010434188e-06,6.981174010434188e-06,6.709731091192913e-06,0.00013922699742469538,1.3690905101627101e-05,0.00013724318913973653,0.00014620817143512957,0.9961880250722865,True,0.00198387517593801,1039.3507080078125,8.33096491987817e-05
9,2250,3,blocks.0.attn.v.weight,attn_v,0,87.58179473876953,0.31642207154764435,0.31405119168299434,0.31642207154764435,0.31642207154764435,27.712812921102035,27.50516700744629,0.9925072234909206,0.26543144571468136,0.2812799323104059,0.31642207154764435,0.26543144571468136,0.2812799323104059,0.035,0.025,0.8388524998159453,0.8889390393490707,0.0012424723245203495,1.521057311038021e-05,1.521057311038021e-05,0.0002567373471333455,0.0008775290823371916,0.0002719479202437257,0.000898693949774128,0.0008927396554475718,0.9326684918877528,True,0.005929121281951666,3106.4921875,0.0007068256381899118
9,2250,4,blocks.0.mlp.fc.weight,mlp_fc,0,194.00900268554688,0.2856858448576166,0.2857482091024034,0.2856858448576166,0.2856858448576166,55.42562584220407,55.43772506713867,1.0002182965866555,0.26674158403567716,0.2812799323104059,0.2856858448576166,0.26674158403567716,0.2812799323104059,0.035,0.025,0.9336884862763113,0.9845777709098377,0.002127294195815921,2.4577522708568722e-05,2.4577522708568722e-05,0.00012399297745750902,0.00048202902351159635,0.00014857050016607774,0.0005092767828353125,0.0005066065462201651,0.4461363049151123,True,0.0055255223996937275,2898.212646484375,0.0006028251373209059
9,2250,5,blocks.0.mlp.proj.weight,mlp_proj,0,99.07317352294922,0.27972065429682297,0.2796947361944274,0.27972065429682297,0.27972065429682297,27.712812921102035,27.71024513244629,0.999907342908024,0.26010322991369245,0.2812799323104059,0.27972065429682297,0.26010322991369245,0.2812799323104059,0.035,0.025,0.9298678017451165,1.0055744114338026,0.0047944458201527596,0.00023311798577196896,0.00023311798577196896,0.0007073529335420543,0.0031408444592407538,0.0009404709193140232,0.0034348978967065047,0.0033739624450127227,0.2075900620293912,True,0.016869796440005302,8835.8955078125,0.0035916331689804792
9,2250,6,blocks.1.attn.k.weight,attn_k,1,89.56512451171875,0.3094152224114429,0.3061749114952247,0.3094152224114429,0.3094152224114429,27.712812921102035,27.42259407043457,0.9895276292777022,0.3083142850566244,0.2812799323104059,0.3094152224114429,0.3083142850566244,0.2812799323104059,0.035,0.025,0.9964418772087607,0.9090694702032975,0.00043734360951930285,1.2385995432850905e-05,1.2385995432850905e-05,1.2968662260558064e-05,0.00021978474023909032,2.535465769340897e-05,0.00021926313781626028,0.00023217073567194122,0.3942329642126887,True,0.0019039945909753442,996.0501098632812,0.00020954814681317657
9,2250,7,blocks.1.attn.proj.weight,attn_proj,1,81.27796173095703,0.34096343376370397,0.3381458876691752,0.34096343376370397,0.34096343376370397,27.712812921102035,27.483808517456055,0.9917365153693365,0.28543775002184396,0.2812799323104059,0.34096343376370397,0.28543775002184396,0.2812799323104059,0.035,0.025,0.8371506201443857,0.82495629870193,0.001641365117393434,5.360432987799868e-05,5.360432987799868e-05,0.00016165424213234305,0.0016431537543922996,0.00021525857201034173,0.0016539962604110348,0.0016967580842702982,0.3767320114451208,True,0.008304048329591751,4350.326171875,0.0009868494234979153
9,2250,8,blocks.1.attn.q.weight,attn_q,1,92.01715850830078,0.3011700575235877,0.2982444347104858,0.3011700575235877,0.3011700575235877,27.712812921102035,27.443605422973633,0.9902858111554813,0.3102503543435251,0.2812799323104059,0.3011700575235877,0.3102503543435251,0.2812799323104059,0.035,0.025,1.0301500650317013,0.9339571623529539,0.0004114495823159814,7.675824235775508e-06,7.675824235775508e-06,9.13528329119167e-06,0.00018680269067107718,1.6811107526967177e-05,0.00018278191392079074,0.0001944785149068527,0.5825360224871192,True,0.0016961259534582496,886.904052734375,0.00012482998135965317
9,2250,9,blocks.1.attn.v.weight,attn_v,1,81.81293487548828,0.3387338806910958,0.33368372020588244,0.3387338806910958,0.3387338806910958,27.712812921102035,27.299644470214844,0.9850910677287262,0.26543144571468136,0.2812799323104059,0.3387338806910958,0.26543144571468136,0.2812799323104059,0.035,0.025,0.783598750656827,0.8303861773039339,0.001351496553979814,5.997286643832922e-05,5.997286643832922e-05,0.0004135139943999035,0.0014962250641080111,0.00047348686083823274,0.0015673558548759817,0.0015561979305463403,0.27544707416442793,True,0.009070063009858131,4755.15283203125,0.0014124851441010833
9,2250,10,blocks.1.mlp.fc.weight,mlp_fc,1,207.67782592773438,0.2668827333616759,0.26688026721381664,0.2668827333616759,0.2668827333616759,55.42562584220407,55.425113677978516,0.9999907594327033,0.26674158403567716,0.2812799323104059,0.2668827333616759,0.26674158403567716,0.2812799323104059,0.035,0.025,0.9994711185537528,1.0539457864785096,0.0013419237220659852,2.5188055587932467e-05,2.5188055587932467e-05,9.085741671640535e-05,0.00035184604014958397,0.00011604547230433782,0.00037926441909603043,0.00037703409573751643,0.25653289276013463,True,0.004670649766921997,2447.580322265625,0.0005308135296218097
9,2250,11,blocks.1.mlp.proj.weight,mlp_proj,1,103.49064636230469,0.26778084682246334,0.2678109384590566,0.26778084682246334,0.26778084682246334,27.712812921102035,27.715927124023438,1.0001123741184363,0.26010322991369245,0.2812799323104059,0.26778084682246334,0.26010322991369245,0.2812799323104059,0.035,0.025,0.9713287301915917,1.0504109448010386,0.0025331920478492975,4.5816726924385875e-05,4.5816726924385875e-05,0.0003215786146544134,0.0012908976489139255,0.0003673953415787993,0.001361883241069148,0.0013367143758383113,0.5342480627079269,True,0.006124338135123253,3209.389404296875,0.0005242304177954793
9,2250,12,blocks.2.attn.k.weight,attn_k,2,91.19856262207031,0.3038733519950835,0.3018213040480399,0.3038733519950835,0.3038733519950835,27.712812921102035,27.52566909790039,0.9932470289560846,0.3083142850566244,0.2812799323104059,0.3038733519950835,0.3083142850566244,0.2812799323104059,0.035,0.025,1.014614420884174,0.9256485653107116,0.000661732628941536,1.4998351616668515e-05,1.4998351616668515e-05,1.9812648179555032e-05,0.00036293356155563523,3.481099979622355e-05,0.0003561228072995647,0.00037793191317230375,0.4837834699546513,True,0.0025481993798166513,1334.570556640625,0.0003689127624966204
9,2250,13,blocks.2.attn.proj.weight,attn_proj,2,82.09502410888672,0.33756994680146696,0.33532805457512677,0.33756994680146696,0.33756994680146696,27.712812921102035,27.528764724731445,0.9933587327675985,0.28543775002184396,0.2812799323104059,0.33756994680146696,0.28543775002184396,0.2812799323104059,0.035,0.025,0.8455662381275807,0.8332493309181739,0.0014111497439444065,3.480752639006823e-05,3.480752639006823e-05,0.00014761149509161828,0.001357623969747679,0.0001824190214816865,0.0013573967874250072,0.0013924314961377472,0.49383640847432636,True,0.006196139380335808,3245.43310546875,0.0004793912230525166
9,2250,14,blocks.2.attn.q.weight,attn_q,2,90.46012878417969,0.3063538963914083,0.3041288578105845,0.3063538963914083,0.3063538963914083,27.712812921102035,27.51153564453125,0.9927370318868814,0.3102503543435251,0.2812799323104059,0.3063538963914083,0.3102503543435251,0.2812799323104059,0.035,0.025,1.0127188131047582,0.918153598252372,0.0006189359119161963,2.2658303350908682e-05,2.2658303350908682e-05,1.5509737658979855e-05,0.00032763635719297286,3.816804100988854e-05,0.00032996460204602683,0.00035029466054388155,0.30196811886231284,True,0.0029320886824280024,1535.6300048828125,0.0008917407249100506
9,2250,15,blocks.2.attn.v.weight,attn_v,2,86.698486328125,0.31964586805147016,0.3148302179281722,0.31964586805147016,0.31964586805147016,27.712812921102035,27.295303344726562,0.9849344208556484,0.26543144571468136,0.2812799323104059,0.31964586805147016,0.26543144571468136,0.2812799323104059,0.035,0.025,0.8303922316678936,0.879973622137088,0.0015567473601549864,0.0001670803758315742,0.0001670803758315742,0.0006500322988669418,0.0025341532190712355,0.000817112674698516,0.0027213480153133953,0.0027012335949028097,0.10746849803099413,True,0.014527014456689358,7614.78662109375,0.0038115072529762983
9,2250,16,blocks.2.mlp.fc.weight,mlp_fc,2,208.05088806152344,0.2664041781249882,0.26635257751420627,0.2664041781249882,0.2664041781249882,55.42562584220407,55.41489028930664,0.9998063070513991,0.26674158403567716,0.2812799323104059,0.2664041781249882,0.26674158403567716,0.2812799323104059,0.035,0.025,1.0012665188401462,1.0558390423533015,0.001547937630675733,3.0216202503652312e-05,3.0216202503652312e-05,0.00012168757714736212,0.00045990402077396373,0.00015190377965101443,0.0004932491495006731,0.000490120223277616,0.24623172174540361,True,0.005874058697372675,3075.23388671875,0.00043976568849757314
9,2250,17,blocks.2.mlp.proj.weight,mlp_proj,2,103.26024627685547,0.26837833455093674,0.26824559513605206,0.26837833455093674,0.26837833455093674,27.712812921102035,27.699106216430664,0.9995054018980176,0.26010322991369245,0.2812799323104059,0.26837833455093674,0.26010322991369245,0.2812799323104059,0.035,0.025,0.969166271744362,1.048072426490971,0.002813186263665557,6.676200428046286e-05,6.676200428046286e-05,0.0004556871362764491,0.0017542131855335461,0.000522449140556912,0.0018541434910325318,0.001820975189814009,0.4080712190250065,True,0.008282599039375782,4333.11474609375,0.0008058458333835006
9,2250,18,blocks.3.attn.k.weight,attn_k,3,90.70157623291016,0.30553838281640266,0.3036312090479144,0.30553838281640266,0.30553838281640266,27.712812921102035,27.53982925415039,0.9937579895825037,0.3083142850566244,0.2812799323104059,0.30553838281640266,0.3083142850566244,0.2812799323104059,0.035,0.025,1.0090852815761933,0.9206042452591836,0.0005929371109232306,1.9649925889098085e-05,1.9649925889098085e-05,2.021605817950427e-05,0.00039372735394009703,3.9865984068602354e-05,0.00038980178944525,0.0004133772798291951,0.3326847409518972,True,0.0025192340835928917,1318.3265380859375,0.00044066846021451056
9,2250,19,blocks.3.attn.proj.weight,attn_proj,3,84.12972259521484,0.32940573279244706,0.32739607806293425,0.32940573279244706,0.32940573279244706,27.712812921102035,27.54374122619629,0.9938991507146139,0.28543775002184396,0.2812799323104059,0.32940573279244706,0.28543775002184396,0.2812799323104059,0.035,0.025,0.8665233224756699,0.8539011447248721,0.0012361060362309217,2.1086281776661053e-05,2.1086281776661053e-05,0.00011682513847990488,0.001018136943882452,0.00013791142025656593,0.0010131255626173396,0.001039223225659113,0.6967969878195585,True,0.004583687521517277,2399.410888671875,0.00022340538271237165
9,2250,20,blocks.3.attn.q.weight,attn_q,3,90.2274398803711,0.3071439570694384,0.30487517176771317,0.3071439570694384,0.3071439570694384,27.712812921102035,27.508106231689453,0.9926132836101705,0.3102503543435251,0.2812799323104059,0.3071439570694384,0.3102503543435251,0.2812799323104059,0.035,0.025,1.010113815370896,0.915791848858725,0.0005703524220734835,1.4443506188399624e-05,1.4443506188399624e-05,1.726952062581206e-05,0.0003450311472616189,3.1713026814211685e-05,0.0003380528672117688,0.0003594746534500185,0.4376551300544519,True,0.002710658358410001,1421.849609375,0.0003946454671677202
9,2250,21,blocks.3.attn.v.weight,attn_v,3,89.11681365966797,0.31097176596703385,0.30661652762984537,0.31097176596703385,0.31097176596703385,27.712812921102035,27.324687957763672,0.9859947467460864,0.26543144571468136,0.2812799323104059,0.31097176596703385,0.26543144571468136,0.2812799323104059,0.035,0.025,0.8535548071036769,0.9045191978625622,0.00140083534643054,0.0001073370804078877,0.0001073370804078877,0.0005508925629758608,0.002014651494983253,0.0006582296433837485,0.0021390148119468165,0.0021219885753911405,0.14644605034420105,True,0.011760123074054718,6168.50830078125,0.0024333761539310217
9,2250,22,blocks.3.mlp.fc.weight,mlp_fc,3,208.92428588867188,0.26529048840084757,0.26524987616912504,0.26529048840084757,0.26529048840084757,55.42562584220407,55.41714096069336,0.9998469141054922,0.26674158403567716,0.2812799323104059,0.26529048840084757,0.26674158403567716,0.2812799323104059,0.035,0.025,1.0054698366442638,1.060271455663343,0.0016581814270466566,4.346577770775184e-05,4.346577770775184e-05,0.00015552013012560214,0.0005935364060598015,0.00019898590783335398,0.0006409598039317144,0.0006370021837675534,0.182597852419012,True,0.006513264961540699,3409.412353515625,0.000621532613877207
9,2250,23,blocks.3.mlp.proj.weight,mlp_proj,3,104.0125732421875,0.26643714367660426,0.2664621331438317,0.26643714367660426,0.26643714367660426,27.712812921102035,27.715412139892578,1.000093791229275,0.26010322991369245,0.2812799323104059,0.26643714367660426,0.26010322991369245,0.2812799323104059,0.035,0.025,0.9762273620130091,1.0557084062266389,0.0030531990341842175,0.00013268989278003573,0.00013268989278003573,0.0006222498916605378,0.0023525309956263256,0.0007549397844405735,0.0025288870823735503,0.0024852208884063613,0.22122358826403432,True,0.013358567841351032,6972.94189453125,0.0024693156592547894
9,2250,24,blocks.4.attn.k.weight,attn_k,4,90.56301879882812,0.3060058430987355,0.30427371697169975,0.3060058430987355,0.3060058430987355,27.712812921102035,27.555946350097656,0.9943395651877355,0.3083142850566244,0.2812799323104059,0.3060058430987355,0.3083142850566244,0.2812799323104059,0.035,0.025,1.0075437839176948,0.9191979128962201,0.0005459673120640218,1.2252730812178925e-05,1.2252730812178925e-05,1.8794187553361266e-05,0.00040381843917691273,3.104691836554019e-05,0.0003914458018519143,0.00041607116998909166,0.4920201154109274,True,0.0021786880679428577,1140.19921875,0.00020071877224836498
9,2250,25,blocks.4.attn.proj.weight,attn_proj,4,89.71934509277344,0.3088833616924629,0.30704115260141635,0.3088833616924629,0.3088833616924629,27.712812921102035,27.547531127929688,0.9940359070137376,0.28543775002184396,0.2812799323104059,0.3088833616924629,0.28543775002184396,0.2812799323104059,0.035,0.025,0.9240955824161149,0.9106347806148907,0.0011587014887481928,1.474945656809723e-05,1.474945656809723e-05,9.17277355198707e-05,0.0007748645399694772,0.00010647719208796793,0.0007695079215028426,0.0007896139965375745,0.8756074555415103,True,0.003959584981203079,2073.01611328125,0.00012259492359589785
9,2250,26,blocks.4.attn.q.weight,attn_q,4,90.13328552246094,0.3074648034903386,0.30538884115811904,0.3074648034903386,0.3074648034903386,27.712812921102035,27.525699615478516,0.9932481301643312,0.3102503543435251,0.2812799323104059,0.3074648034903386,0.3102503543435251,0.2812799323104059,0.035,0.025,1.0090597389410592,0.9148361995172057,0.0004944895044900477,8.873984370438848e-06,8.873984370438848e-06,1.065653584844321e-05,0.000245297719357011,1.953052021888206e-05,0.00023882098273197362,0.0002541717037274498,0.6182344711120603,True,0.0022236169315874577,1162.7943115234375,0.0002301468193763867
9,2250,27,blocks.4.attn.v.weight,attn_v,4,95.2971420288086,0.2908042395723093,0.2861074526368885,0.2908042395723093,0.2908042395723093,27.712812921102035,27.265222549438477,0.983848973652085,0.26543144571468136,0.2812799323104059,0.2908042395723093,0.26543144571468136,0.2812799323104059,0.035,0.025,0.9127495737512489,0.9672483892397479,0.0014806167455390096,0.00013553161988966167,0.00013553161988966167,0.0006273129739921299,0.0024227128616561735,0.0007628445938817916,0.0025790616323545625,0.002558244481545835,0.1146362976640099,True,0.013298725709319115,6957.96044921875,0.002881730208173394
9,2250,28,blocks.4.mlp.fc.weight,mlp_fc,4,209.52110290527344,0.2645348133131131,0.2644903112807158,0.2645348133131131,0.2645348133131131,55.42562584220407,55.41630172729492,0.9998317724921015,0.26674158403567716,0.2812799323104059,0.2645348133131131,0.26674158403567716,0.2812799323104059,0.035,0.025,1.0083420805561498,1.0633002469035053,0.0016325361793860793,3.639932401711121e-05,3.639932401711121e-05,0.00013648582112014735,0.0004926238923516448,0.00017288514513725856,0.0005323381842383435,0.000529023216368756,0.214063057788329,True,0.005789022892713547,3029.570556640625,0.00048463523853570223
9,2250,29,blocks.4.mlp.proj.weight,mlp_proj,4,105.11058044433594,0.2636538853077505,0.26374344979702957,0.2636538853077505,0.2636538853077505,27.712812921102035,27.722227096557617,1.0003397047958424,0.26010322991369245,0.2812799323104059,0.2636538853077505,0.26010322991369245,0.2812799323104059,0.035,0.025,0.9865328918255327,1.066852976515333,0.002984986174851656,0.00013329611101653427,0.00013329611101653427,0.0005685422699660577,0.0021026313258099,0.0007018383809825919,0.0022747276525918827,0.0022359274368264344,0.21304846565057428,True,0.013583924621343613,7091.42041015625,0.002796587534248829
9,2250,30,blocks.5.attn.k.weight,attn_k,5,90.1551742553711,0.30739015425341504,0.3053465784658257,0.30739015425341504,0.30739015425341504,27.712812921102035,27.528573989868164,0.9933518502160572,0.3083142850566244,0.2812799323104059,0.30739015425341504,0.3083142850566244,0.2812799323104059,0.035,0.025,1.0030063773690276,0.915058366113172,0.0006307861767709255,1.768263609847054e-05,1.768263609847054e-05,1.4489904369685764e-05,0.00030090314996930004,3.21725404681563e-05,0.00030070371366747287,0.0003185857860677706,0.3956803662002698,True,0.002386089414358139,1248.7716064453125,0.00035750726237893105
9,2250,31,blocks.5.attn.proj.weight,attn_proj,5,95.45357513427734,0.2903276580486127,0.28883490121043165,0.2903276580486127,0.2903276580486127,27.712812921102035,27.570323944091797,0.9948583719229115,0.28543775002184396,0.2812799323104059,0.2903276580486127,0.28543775002184396,0.2812799323104059,0.035,0.025,0.9831572780229227,0.968836156365468,0.001057551708072424,1.2316889296926092e-05,1.2316889296926092e-05,7.93937154295685e-05,0.0006699222098573152,9.171060472649459e-05,0.0006644736255819949,0.0006822390991542413,0.8995149252630038,True,0.0036610944662243128,1916.408447265625,0.00010478305193828419
9,2250,32,blocks.5.attn.q.weight,attn_q,5,87.73053741455078,0.31588559397683175,0.31379595316712366,0.31588559397683175,0.31588559397683175,27.712812921102035,27.52948760986328,0.9933848176379396,0.3102503543435251,0.2812799323104059,0.31588559397683175,0.3102503543435251,0.2812799323104059,0.035,0.025,0.9821605044967009,0.8904487500339633,0.0005846833228133619,1.5155492292251438e-05,1.5155492292251438e-05,1.2528912366279646e-05,0.0003024097452520175,2.7684404658531084e-05,0.000299015695592527,0.00031756523754426894,0.4397439454763524,True,0.0025644302368164062,1336.168212890625,0.0004045584937557578
9,2250,33,blocks.5.attn.v.weight,attn_v,5,102.19519805908203,0.2711752944113915,0.2676724340980057,0.2711752944113915,0.2711752944113915,27.712812921102035,27.35483741760254,0.9870826716682046,0.26543144571468136,0.2812799323104059,0.2711752944113915,0.26543144571468136,0.2812799323104059,0.035,0.025,0.9788186873395763,1.0372623838058233,0.0013235430233180523,0.0001016778769553639,0.0001016778769553639,0.0004933725843284897,0.0018245602037082105,0.0005950504612838536,0.0019429500908912211,0.0019262380806635744,0.12737409282187886,True,0.010890926234424114,5705.43798828125,0.002276340266689658
9,2250,34,blocks.5.mlp.fc.weight,mlp_fc,5,209.75430297851562,0.2642407095118383,0.2642738951372043,0.2642407095118383,0.2642407095118383,55.42562584220407,55.432586669921875,1.0001255886173956,0.26674158403567716,0.2812799323104059,0.2642407095118383,0.26674158403567716,0.2812799323104059,0.035,0.025,1.0094643801421022,1.0644837157379954,0.0016399072483181953,2.5647334041423164e-05,2.5647334041423164e-05,0.00011890463157106831,0.0004370204033800871,0.00014455196561249147,0.0004657086996885428,0.00046266773742151024,0.30483594667868164,True,0.0056617227382957935,2962.473876953125,0.0003737789811566472
9,2250,35,blocks.5.mlp.proj.weight,mlp_proj,5,105.93675994873047,0.26159770163363527,0.26167877163711156,0.26159770163363527,0.26159770163363527,27.712812921102035,27.72140121459961,1.000309903347669,0.26010322991369245,0.2812799323104059,0.26159770163363527,0.26010322991369245,0.2812799323104059,0.035,0.025,0.9942871374228057,1.0752385458811689,0.0027081938460469246,3.878392089973204e-05,3.878392089973204e-05,0.00034765513512498655,0.0012832191205585212,0.0003864390560247186,0.0013467209186330447,0.0013220030414582533,0.6591455864985712,True,0.006494401954114437,3400.781005859375,0.00034669655724428594
9,2250,36,blocks.6.attn.k.weight,attn_k,6,89.50926971435547,0.30960830101217396,0.3080459444847244,0.30960830101217396,0.30960830101217396,27.712812921102035,27.572967529296875,0.9949537640872727,0.3083142850566244,0.2812799323104059,0.30960830101217396,0.3083142850566244,0.2812799323104059,0.035,0.025,0.995820473962361,0.9085025543270101,0.0005521049024537206,7.918350092950277e-06,7.918350092950277e-06,1.4158592473237008e-05,0.00025858596704525743,2.2076942566187285e-05,0.00025097777954810797,0.0002665043171382077,0.7789666963881153,True,0.0018915290711447597,989.2867431640625,0.00010531122097745538
9,2250,37,blocks.6.attn.proj.weight,attn_proj,6,97.96703338623047,0.28287896410872787,0.2815211707117983,0.28287896410872787,0.28287896410872787,27.712812921102035,27.57979393005371,0.9952000906069324,0.28543775002184396,0.2812799323104059,0.28287896410872787,0.28543775002184396,0.2812799323104059,0.035,0.025,1.0090455150003044,0.9943472933614556,0.0009578272001817822,8.432370123045985e-06,8.432370123045985e-06,6.228838700538343e-05,0.0005124676405945146,7.072075712842941e-05,0.0005066209142409184,0.0005209000107175606,1.1594647453024833,True,0.0030425339937210083,1592.8355712890625,6.370233313646168e-05
9,2250,38,blocks.6.attn.q.weight,attn_q,6,88.61392211914062,0.3127365571726123,0.3110707464370436,0.3127365571726123,0.3127365571726123,27.712812921102035,27.56519889831543,0.9946734377629993,0.3102503543435251,0.2812799323104059,0.3127365571726123,0.3102503543435251,0.2812799323104059,0.035,0.025,0.9920501688335881,0.8994149416153987,0.0005131158395670354,6.373090400302317e-06,6.373090400302317e-06,7.507884003372878e-06,0.00017126066343484621,1.3880974403675195e-05,0.00016697566378585463,0.00017763375383514853,0.908580440364127,True,0.0018922345479950309,989.446533203125,0.0001536780910100788
9,2250,39,blocks.6.attn.v.weight,attn_v,6,106.00798034667969,0.26142194984257183,0.2584460935330755,0.26142194984257183,0.26142194984257183,27.712812921102035,27.397348403930664,0.9886166547557084,0.26543144571468136,0.2812799323104059,0.26142194984257183,0.26543144571468136,0.2812799323104059,0.035,0.025,1.0153372579254498,1.0759614197652205,0.001220374833792448,6.82252793922089e-05,6.82252793922089e-05,0.00041111226908563663,0.0015461005031350268,0.00047933754847784553,0.0016278312659865142,0.0016143257825272357,0.16873662561917696,True,0.009104184806346893,4760.89599609375,0.0013796519488096237
9,2250,40,blocks.6.mlp.fc.weight,mlp_fc,6,210.53086853027344,0.2632660294859996,0.263250478298333,0.2632660294859996,0.2632660294859996,55.42562584220407,55.4223518371582,0.999940929759545,0.26674158403567716,0.2812799323104059,0.2632660294859996,0.26674158403567716,0.2812799323104059,0.035,0.025,1.0132016825583736,1.0684247141933831,0.0016592243919149041,2.5122157239820808e-05,2.5122157239820808e-05,0.00011343622746936207,0.0004206873195221805,0.00013855838470918288,0.0004486030597984364,0.0004458094767620013,0.31371292490936603,True,0.005382566712796688,2816.363037109375,0.000311729236273095
9,2250,41,blocks.6.mlp.proj.weight,mlp_proj,6,106.39733123779297,0.26046530113772515,0.26064246562975285,0.26046530113772515,0.26046530113772515,27.712812921102035,27.73166275024414,1.0006801846205857,0.26010322991369245,0.2812799323104059,0.26046530113772515,0.26010322991369245,0.2812799323104059,0.035,0.025,0.998609906108602,1.0799132593929457,0.0027376627549529076,3.9035869122017175e-05,3.9035869122017175e-05,0.0003422914984116172,0.0012313110466418327,0.0003813273675336344,0.0012938154646158257,0.0012703469157638498,0.6591516743983861,True,0.006458026822656393,3381.179443359375,0.00033354011247865856
9,2250,42,blocks.7.attn.k.weight,attn_k,7,89.70526123046875,0.30893185684954305,0.3072656450398032,0.30893185684954305,0.30893185684954305,27.712812921102035,27.563344955444336,0.9946065393620188,0.3083142850566244,0.2812799323104059,0.30893185684954305,0.3083142850566244,0.2812799323104059,0.035,0.025,0.9980009449358296,0.9104918320139308,0.0006543025956489146,1.3030163245275617e-05,1.3030163245275617e-05,1.78714621489619e-05,0.0003079936233301896,3.090162539423752e-05,0.0003028920682445515,0.0003210237865754652,0.559771613475833,True,0.002283312613144517,1194.6383056640625,0.0002117087715305388
9,2250,43,blocks.7.attn.proj.weight,attn_proj,7,107.5643081665039,0.257639484634662,0.2562722942144373,0.257639484634662,0.257639484634662,27.712812921102035,27.565752029418945,0.9946933971624689,0.28543775002184396,0.2812799323104059,0.257639484634662,0.28543775002184396,0.2812799323104059,0.035,0.025,1.107895982739604,1.0917578596668382,0.0011002013925462961,1.2206275641801767e-05,1.2206275641801767e-05,6.658856741283478e-05,0.0005501122188798141,7.879484305463655e-05,0.0005461402440981594,0.0005623184945216158,0.8379552554301081,True,0.003826833562925458,2004.352783203125,9.917082934407517e-05
9,2250,44,blocks.7.attn.q.weight,attn_q,7,86.46305084228516,0.3205162511747614,0.3187199684811024,0.3205162511747614,0.3205162511747614,27.712812921102035,27.5575008392334,0.9943956579827964,0.3102503543435251,0.2812799323104059,0.3205162511747614,0.3102503543435251,0.2812799323104059,0.035,0.025,0.9679707447169696,0.8775839954431455,0.0006229697610251606,9.43412487686146e-06,9.43412487686146e-06,1.2080417691660295e-05,0.000241938818215515,2.1514542568521755e-05,0.0002368544473456275,0.00025137294309237647,0.7637211017508501,True,0.002309685805812478,1206.1170654296875,0.0002084320003632456
9,2250,45,blocks.7.attn.v.weight,attn_v,7,116.47962951660156,0.23791982371606182,0.2350880003154451,0.23791982371606182,0.23791982371606182,27.712812921102035,27.382963180541992,0.9880975727184707,0.26543144571468136,0.2812799323104059,0.23791982371606182,0.26543144571468136,0.2812799323104059,0.035,0.025,1.1156340046361688,1.1822467246196806,0.0013938389020040631,9.751137986313552e-05,9.751137986313552e-05,0.0004393470692152429,0.001737293388677837,0.0005368584490783784,0.0018499751431753505,0.0018348047685409726,0.12271772592232698,True,0.010360668413341045,5411.13134765625,0.0017276083817705512
9,2250,46,blocks.7.mlp.fc.weight,mlp_fc,7,208.69186401367188,0.2655859446373674,0.2655993018850116,0.2655859446373674,0.2655859446373674,55.42562584220407,55.42841339111328,1.0000502935035347,0.26674158403567716,0.2812799323104059,0.2655859446373674,0.26674158403567716,0.2812799323104059,0.035,0.025,1.0043512822182201,1.0590919361130617,0.0016396099235862494,2.102280814142432e-05,2.102280814142432e-05,9.049175107990029e-05,0.0003234576627347937,0.0001115145592213246,0.0003464724924919372,0.00034448047087621804,0.3737182385114694,True,0.004940675105899572,2585.751220703125,0.0002605733461678028
9,2250,47,blocks.7.mlp.proj.weight,mlp_proj,7,107.45438385009766,0.25790304618713655,0.2580492508623609,0.25790304618713655,0.25790304618713655,27.712812921102035,27.72852325439453,1.0005668978222175,0.26010322991369245,0.2812799323104059,0.25790304618713655,0.26010322991369245,0.2812799323104059,0.035,0.025,1.0085310497843418,1.0906421481594555,0.0027478376869112253,3.637807094492018e-05,3.637807094492018e-05,0.00031559205600349113,0.001075698400710018,0.0003519701269484113,0.0011320971100203018,0.0011120764716549382,0.7029545912566164,True,0.006408370099961758,3355.050537109375,0.0002948805340565741
9,2250,48,blocks.8.attn.k.weight,attn_k,8,88.61608123779297,0.3127289373893356,0.3109918591225326,0.3127289373893356,0.3127289373893356,27.712812921102035,27.558879852294922,0.9944454188304392,0.3083142850566244,0.2812799323104059,0.3127289373893356,0.3083142850566244,0.2812799323104059,0.035,0.025,0.9858834543116963,0.8994368562709087,0.000567437382414937,1.2841906027460936e-05,1.2841906027460936e-05,1.7664535523446577e-05,0.000257848470556069,3.0506441550907514e-05,0.0002559295913996063,0.00027069037658352996,0.4986271420787802,True,0.0020462521351873875,1071.7647705078125,0.0002100637211697176
9,2250,49,blocks.8.attn.proj.weight,attn_proj,8,107.83472442626953,0.2569934041983877,0.2558544529819428,0.2569934041983877,0.2569934041983877,27.712812921102035,27.589994430541992,0.995568169463356,0.28543775002184396,0.2812799323104059,0.2569934041983877,0.28543775002184396,0.2812799323104059,0.035,0.025,1.1106812290073347,1.0945025347548223,0.000948480621445924,8.197227543860208e-06,8.197227543860208e-06,5.317272802205888e-05,0.0004296564793332848,6.136995556591909e-05,0.0004251388470341969,0.000437853706877145,1.0730077004123693,True,0.0032984158024191856,1728.388427734375,7.85138108767569e-05
9,2250,50,blocks.8.attn.q.weight,attn_q,8,87.23503875732422,0.3176798373208183,0.3159795185809113,0.3176798373208183,0.3176798373208183,27.712812921102035,27.564485549926758,0.9946476970202353,0.3102503543435251,0.2812799323104059,0.3176798373208183,0.3102503543435251,0.2812799323104059,0.035,0.025,0.976613300233498,0.8854195301867619,0.0005563835147768259,7.818925951141864e-06,7.818925951141864e-06,1.0774057281783695e-05,0.00019018691648376083,1.859298323292556e-05,0.00018672018018860324,0.0001980058424349027,0.815710767619529,True,0.0020099496468901634,1049.6842041015625,0.00022897952294442803
9,2250,51,blocks.8.attn.v.weight,attn_v,8,118.30039978027344,0.23425798198970363,0.23191191464909547,0.23425798198970363,0.23425798198970363,27.712812921102035,27.435272216796875,0.9899851124786461,0.26543144571468136,0.2812799323104059,0.23425798198970363,0.26543144571468136,0.2812799323104059,0.035,0.025,1.1330732189366675,1.2007272064811394,0.0011139428243041039,4.500171053223312e-05,4.500171053223312e-05,0.00027684793935906865,0.0010939117174265278,0.00032184964989130177,0.0011479772396315174,0.001138913427958761,0.20924142361876472,True,0.007738341111689806,4048.754638671875,0.0008114366210065782
9,2250,52,blocks.8.mlp.fc.weight,mlp_fc,8,210.0883026123047,0.2638206180592838,0.26384345557240696,0.2638206180592838,0.2638206180592838,55.42562584220407,55.430423736572266,1.0000865645501569,0.26674158403567716,0.2812799323104059,0.2638206180592838,0.26674158403567716,0.2812799323104059,0.035,0.025,1.011071788087984,1.0661787330329078,0.0015784886199980974,1.5384564903797582e-05,1.5384564903797582e-05,7.32428902701587e-05,0.00025423735466926465,8.862745517395628e-05,0.0002709463085161565,0.00026962191957306223,0.4883760575317324,True,0.004426982719451189,2318.2216796875,0.00018226048268843442
9,2250,53,blocks.8.mlp.proj.weight,mlp_proj,8,108.80194854736328,0.25470879236173044,0.25485574566914915,0.25470879236173044,0.25470879236173044,27.712812921102035,27.728801727294922,1.0005769463474679,0.26010322991369245,0.2812799323104059,0.25470879236173044,0.26010322991369245,0.2812799323104059,0.035,0.025,1.0211788431091966,1.1043196809277782,0.002662982326000929,2.9458424251060933e-05,2.9458424251060933e-05,0.00027244079318511285,0.0008836798273646308,0.0003018992174361738,0.0009291718308627916,0.0009131382516156917,0.8308489939969472,True,0.0059468112885952,3115.426025390625,0.00020779739134013653
9,2250,54,blocks.9.attn.k.weight,attn_k,9,88.69949340820312,0.31243485003420657,0.31062612140697843,0.31243485003420657,0.31243485003420657,27.712812921102035,27.552379608154297,0.994210861473915,0.3083142850566244,0.2812799323104059,0.31243485003420657,0.3083142850566244,0.2812799323104059,0.035,0.025,0.9868114425227178,0.9002834743934944,0.0005392671446315944,8.343694389623124e-06,8.343694389623124e-06,1.673950579668274e-05,0.00024808514207557737,2.5083200186305863e-05,0.00024205645056449746,0.0002564288364652005,0.7286591676204214,True,0.0020891751628369093,1091.0401611328125,0.00014128249313216656
9,2250,55,blocks.9.attn.proj.weight,attn_proj,9,112.08300018310547,0.24725259741288805,0.2458415365167483,0.24725259741288805,0.24725259741288805,27.712812921102035,27.554656982421875,0.994293039139317,0.28543775002184396,0.2812799323104059,0.24725259741288805,0.28543775002184396,0.2812799323104059,0.035,0.025,1.1544378219218072,1.1376217489869094,0.0008130664937198162,7.690287930017803e-06,7.690287930017803e-06,4.9201669912451676e-05,0.000404762444825226,5.689195784246948e-05,0.00039978378734029866,0.0004124527327552438,0.9432867116113145,True,0.0034344044979661703,1800.9625244140625,0.0001150880561908707
9,2250,56,blocks.9.attn.q.weight,attn_q,9,88.09784698486328,0.3145685606353532,0.3128522023725104,0.3145685606353532,0.3145685606353532,27.712812921102035,27.56160545349121,0.9945437704919631,0.3102503543435251,0.2812799323104059,0.3145685606353532,0.3102503543435251,0.2812799323104059,0.035,0.025,0.9862726068901916,0.8941768743268168,0.0005285280058160424,7.01897215549252e-06,7.01897215549252e-06,1.0350810496994129e-05,0.0001853103411149673,1.736978265248665e-05,0.00018121167285320598,0.00019232931327045982,0.8547304781191304,True,0.0021801507100462914,1137.4302978515625,0.00018096367421094328
9,2250,57,blocks.9.attn.v.weight,attn_v,9,122.87752532958984,0.22553199087277337,0.22307349406918556,0.22553199087277337,0.22553199087277337,27.712812921102035,27.41071891784668,0.9890991216187468,0.26543144571468136,0.2812799323104059,0.22553199087277337,0.26543144571468136,0.2812799323104059,0.035,0.025,1.1769126175293507,1.2471841853649974,0.0009761467226780951,3.6383582482812926e-05,3.6383582482812926e-05,0.0002301182660117137,0.0009175386415694067,0.00026650184849452664,0.000960583473109158,0.0009539222240522197,0.21834195008498863,True,0.007056906819343567,3693.418212890625,0.0006550463731400669
9,2250,58,blocks.9.mlp.fc.weight,mlp_fc,9,210.4579315185547,0.2633572678505469,0.26337798079850255,0.2633572678505469,0.2633572678505469,55.42562584220407,55.42998504638672,1.0000786496158844,0.26674158403567716,0.2812799323104059,0.2633572678505469,0.26674158403567716,0.2812799323104059,0.035,0.025,1.0128506656100746,1.0680545655950149,0.0016336992848664522,1.5388121028081514e-05,1.5388121028081514e-05,6.680455853512415e-05,0.00023138894290642721,8.219267956320566e-05,0.00024791014894820664,0.00024677706393450873,0.504453602585851,True,0.004390337038785219,2300.269287109375,0.0001792997500160709
9,2250,59,blocks.9.mlp.proj.weight,mlp_proj,9,110.20529174804688,0.2514653559872562,0.25154704161240043,0.2514653559872562,0.2514653559872562,27.712812921102035,27.72181510925293,1.0003248384845134,0.26010322991369245,0.2812799323104059,0.2514653559872562,0.26010322991369245,0.2812799323104059,0.035,0.025,1.0343501548852478,1.1185633552029355,0.002792223822325468,3.237848432036117e-05,3.237848432036117e-05,0.00026273125175662595,0.0008306163170184776,0.0002951097360769871,0.0008780890594076011,0.0008629948013388388,0.7825124651244041,True,0.006216234061866999,3258.378662109375,0.00024087064957711846
9,2250,60,blocks.10.attn.k.weight,attn_k,10,87.84015655517578,0.3154913880839289,0.31403850822325136,0.3154913880839289,0.3154913880839289,27.712812921102035,27.58519172668457,0.9953948668155485,0.3083142850566244,0.2812799323104059,0.3154913880839289,0.3083142850566244,0.2812799323104059,0.035,0.025,0.9772510334722823,0.8915613640635355,0.0004182211123406887,5.1143169912393205e-06,5.1143169912393205e-06,7.874904706953675e-06,0.0001579418698147446,1.2989221698192995e-05,0.0001535753408170462,0.00016305618680598392,0.9309475408272859,True,0.001518921577371657,792.8629150390625,8.597929263487458e-05
9,2250,61,blocks.10.attn.proj.weight,attn_proj,10,108.26821899414062,0.2559644296227116,0.2545335641098109,0.2559644296227116,0.2559644296227116,27.712812921102035,27.55789566040039,0.9944099048644867,0.28543775002184396,0.2812799323104059,0.2559644296227116,0.28543775002184396,0.2812799323104059,0.035,0.025,1.1151461569975785,1.0989024245478523,0.0006759748794138432,5.69263602301362e-06,5.69263602301362e-06,3.9602393416413194e-05,0.00032198452720215843,4.5295029439426814e-05,0.0003178562776988697,0.00032767716322517205,1.0967714771453785,True,0.0029681322630494833,1557.4166259765625,9.403020521858707e-05
9,2250,62,blocks.10.attn.q.weight,attn_q,10,87.80870819091797,0.31560438015837206,0.31408816098823694,0.31560438015837206,0.31560438015837206,27.712812921102035,27.579675674438477,0.9951958234249768,0.3102503543435251,0.2812799323104059,0.31560438015837206,0.3102503543435251,0.2812799323104059,0.035,0.025,0.9830356416087753,0.8912421689751518,0.0003929896338377148,2.8999406822549645e-06,2.8999406822549645e-06,4.843402064205311e-06,0.00010576038511685064,7.743342746460276e-06,0.00010210553588892335,0.00010866032579910561,1.5433143424988134,True,0.0014604259049519897,762.2015991210938,6.38168421573937e-05
9,2250,63,blocks.10.attn.v.weight,attn_v,10,119.7084732055664,0.23150251756626194,0.22926422215734,0.23150251756626194,0.23150251756626194,27.712812921102035,27.444869995117188,0.9903314424721995,0.26543144571468136,0.2812799323104059,0.23150251756626194,0.26543144571468136,0.2812799323104059,0.035,0.025,1.146559650863011,1.2150188916623612,0.0007485898677259684,1.9400631572352722e-05,1.9400631572352722e-05,0.00014231097490778155,0.0005862785873811507,0.00016171160648013427,0.0006099356830798308,0.0006056792189535035,0.32233182311619435,True,0.004914924968034029,2570.72412109375,0.00036056863609701395
9,2250,64,blocks.10.mlp.fc.weight,mlp_fc,10,210.0144500732422,0.26391339178268197,0.26386009394262544,0.26391339178268197,0.26391339178268197,55.42562584220407,55.414432525634766,0.9997980479895496,0.26674158403567716,0.2812799323104059,0.26391339178268197,0.26674158403567716,0.2812799323104059,0.035,0.025,1.0107163650692044,1.0658039382178237,0.0016784619074314833,1.7526223018649034e-05,1.7526223018649034e-05,6.693814397207138e-05,0.0002246507375611384,8.446436699072042e-05,0.0002431836282732001,0.00024217696057978743,0.45600959225560317,True,0.0043429965153336525,2277.42431640625,0.00017652695532888174
9,2250,65,blocks.10.mlp.proj.weight,mlp_proj,10,111.53591918945312,0.24846536544007403,0.24842450727247084,0.24846536544007403,0.24846536544007403,27.712812921102035,27.708255767822266,0.9998355578954492,0.26010322991369245,0.2812799323104059,0.24846536544007403,0.26010322991369245,0.2812799323104059,0.035,0.025,1.0468389807690333,1.132068977952769,0.003036098089069128,4.601496766554192e-05,4.601496766554192e-05,0.0003042109230305443,0.0009524374579285128,0.00035022589069608624,0.0010156331651457848,0.0009984524255940547,0.591564258368015,True,0.007535103242844343,3950.472900390625,0.00047519971849396825
9,2250,66,blocks.11.attn.k.weight,attn_k,11,87.879150390625,0.3153513978903744,0.31343699298935895,0.3153513978903744,0.3153513978903744,27.712812921102035,27.54457664489746,0.9939292962903643,0.3083142850566244,0.2812799323104059,0.3153513978903744,0.3083142850566244,0.2812799323104059,0.035,0.025,0.9776848528948131,0.8919571442907863,0.0005175539408810437,1.0818339433171786e-05,1.0818339433171786e-05,1.3945698568825639e-05,0.00021963689869335153,2.4764038001997425e-05,0.00021795191102078016,0.00023045523812652332,0.5443887812318963,True,0.0019759731367230415,1031.8238525390625,0.00021228213154245168
9,2250,67,blocks.11.attn.proj.weight,attn_proj,11,115.4858627319336,0.2399671463288036,0.23813275820255153,0.2399671463288036,0.2399671463288036,27.712812921102035,27.500967025756836,0.9923556697059832,0.28543775002184396,0.2812799323104059,0.2399671463288036,0.28543775002184396,0.2812799323104059,0.035,0.025,1.1894867876235709,1.1721601753141466,0.0008912517223507166,1.8856329916161485e-05,1.8856329916161485e-05,5.327007150205556e-05,0.0004958790430919978,7.212640141821705e-05,0.000498372000509391,0.0005147353730081593,0.40927422135650315,True,0.005180502310395241,2720.101806640625,0.0005975553067401052
9,2250,68,blocks.11.attn.q.weight,attn_q,11,87.54906463623047,0.3165403655224619,0.31469107244986694,0.3165403655224619,0.3165403655224619,27.712812921102035,27.5509090423584,0.9941577970015323,0.3102503543435251,0.2812799323104059,0.3165403655224619,0.3102503543435251,0.2812799323104059,0.035,0.025,0.9801288812927385,0.8886068348538825,0.0005137566477060318,9.472976671531796e-06,9.472976671531796e-06,1.006894569445015e-05,0.0001797267260400153,1.9541922365981947e-05,0.00017850202578451445,0.0001891997027115471,0.6194688548270881,True,0.0020125815644860268,1053.9483642578125,0.0002547656768001616
9,2250,69,blocks.11.attn.v.weight,attn_v,11,126.80364227294922,0.21854902922622088,0.21686853095715236,0.21854902922622088,0.21854902922622088,27.712812921102035,27.499719619750977,0.9923106578189038,0.26543144571468136,0.2812799323104059,0.21854902922622088,0.26543144571468136,0.2812799323104059,0.035,0.025,1.2145166997741834,1.287033547146311,0.0008481037802994251,2.1233119696262293e-05,2.1233119696262293e-05,0.00011738170746597941,0.0004941870203447939,0.0001386148271622417,0.0005187552035729929,0.0005154201400410562,0.31499485681312667,True,0.004851932637393475,2544.5068359375,0.00034941468038596213
9,2250,70,blocks.11.mlp.fc.weight,mlp_fc,11,205.73182678222656,0.2694071535216269,0.2694676700555901,0.2694071535216269,0.2694071535216269,55.42562584220407,55.43807601928711,1.0002246285340735,0.26674158403567716,0.2812799323104059,0.2694071535216269,0.26674158403567716,0.2812799323104059,0.035,0.025,0.9901057954434169,1.0440700205379878,0.0019630116876214743,9.840998973231763e-05,9.840998973231763e-05,7.759969153055927e-05,0.00032725184510596576,0.0001760096812628769,0.00042615737417949916,0.0004256618348382834,0.09695768029309582,True,0.005920483265072107,3082.3408203125,0.002364997984841466
9,2250,71,blocks.11.mlp.proj.weight,mlp_proj,11,113.26641845703125,0.24466927884380107,0.24461195283110668,0.24466927884380107,0.24466927884380107,27.712812921102035,27.70631980895996,0.9997656999973059,0.26010322991369245,0.2812799323104059,0.24466927884380107,0.26010322991369245,0.2812799323104059,0.035,0.025,1.0630808704011612,1.1496332258778486,0.003998986445367336,0.0003248560824431479,0.0003248560824431479,0.0004459080225623259,0.0016737727402430609,0.0007707641050054738,0.0020284964559725937,0.0019986288226862088,0.10868203489593664,True,0.014891223050653934,7770.08740234375,0.010055028833448887
10,2500,0,blocks.0.attn.k.weight,attn_k,0,91.36450958251953,0.3033214214987067,0.30176337952802473,0.3033214214987067,0.3033214214987067,27.712812921102035,27.570463180541992,0.9948633961855367,0.31843582296118367,0.2907273934302324,0.3033214214987067,0.31843582296118367,0.2907273934302324,0.035,0.025,1.0498296539288154,0.9584795956505564,0.0007471767021343112,1.4581753930542618e-05,1.4581753930542618e-05,3.6761021434670597e-05,0.00042447785169262965,5.1342775365213215e-05,0.0004155729945495428,0.00043905960562317227,0.5608361883744272,True,0.0025404030457139015,1334.095458984375,0.00018895846733357757
10,2500,1,blocks.0.attn.proj.weight,attn_proj,0,81.17351531982422,0.34140215329979684,0.3388476043450942,0.34140215329979684,0.34140215329979684,27.712812921102035,27.505451202392578,0.992517478492717,0.29545346716240384,0.2907273934302324,0.34140215329979684,0.29545346716240384,0.2907273934302324,0.035,0.025,0.8654118443797749,0.8515687163078166,0.0015000257408246398,-3.306033249828033e-05,-3.306033249828033e-05,0.00013877010607414933,0.0008471237646331853,0.000105709773575869,0.0007967979872159167,0.000814063432134905,-0.5589553799448834,True,0.005693565122783184,2993.935302734375,0.001939833047799766
10,2500,2,blocks.0.attn.q.weight,attn_q,0,92.53374481201172,0.29948872141079347,0.2978215592043985,0.29948872141079347,0.29948872141079347,27.712812921102035,27.558544158935547,0.9944333055397268,0.32069923619234214,0.2907273934302324,0.29948872141079347,0.32069923619234214,0.2907273934302324,0.035,0.025,1.0708224158880937,0.9707457164353659,0.0007653385982848704,1.4227759493223857e-05,1.4227759493223857e-05,3.062079379748693e-05,0.00033497919151384575,4.484855329071079e-05,0.0003299809686509242,0.0003492069510070696,0.5813222731492215,True,0.002592769218608737,1361.53173828125,0.00017215967818628997
10,2500,3,blocks.0.attn.v.weight,attn_v,0,85.58354949951172,0.3238100439063952,0.3207111596974255,0.3238100439063952,0.3238100439063952,27.712812921102035,27.447599411010742,0.9904299317847541,0.2743176527165152,0.2907273934302324,0.3238100439063952,0.2743176527165152,0.2907273934302324,0.035,0.025,0.8471560962321882,0.8978331552750536,0.0014356477186083794,-2.5956689569284208e-05,-2.5956689569284208e-05,0.00030580048307722206,0.0010793324209020915,0.00027984379350793785,0.0010663853397048888,0.0010533757313328073,-0.6462615047562376,True,0.007391395512968302,3897.15625,0.002151469700038433
10,2500,4,blocks.0.mlp.fc.weight,mlp_fc,0,188.34072875976562,0.29428380259110687,0.2942834327330125,0.29428380259110687,0.29428380259110687,55.42562584220407,55.42555618286133,0.9999987431924912,0.27547332313684014,0.2907273934302324,0.29428380259110687,0.27547332313684014,0.2907273934302324,0.035,0.025,0.9360804798339412,0.9879150359973569,0.002400392899289727,-2.9919070584583096e-05,-2.9919070584583096e-05,0.00015682406176824627,0.0005892892489110107,0.00012690499118366317,0.0005656481009571668,0.0005593701783264276,-0.4259807643850598,True,0.006403591483831406,3365.17529296875,0.002673479961231351
10,2500,5,blocks.0.mlp.proj.weight,mlp_proj,0,96.04862976074219,0.2885289773538139,0.28847916792103717,0.2885289773538139,0.2885289773538139,27.712812921102035,27.70802879333496,0.9998273676591152,0.2688749295664547,0.2907273934302324,0.2885289773538139,0.2688749295664547,0.2907273934302324,0.035,0.025,0.9318818928774074,1.0076193944073861,0.005369305144995451,0.0002576534461695701,0.0002576534461695701,0.0008814315159756273,0.003883578035729744,0.0011390849621451973,0.0042321738653306774,0.004141231481899314,0.21696563763769655,True,0.018917670473456383,9969.2353515625,0.004903975408524275
10,2500,6,blocks.1.attn.k.weight,attn_k,1,87.06578826904297,0.31829738720640033,0.3149009668602536,0.31829738720640033,0.31829738720640033,27.712812921102035,27.41710090637207,0.9893294117933155,0.31843582296118367,0.2907273934302324,0.31829738720640033,0.31843582296118367,0.2907273934302324,0.035,0.025,1.0004349258283216,0.9133829089263302,0.0005291277775540948,1.7940390534931794e-05,1.7940390534931794e-05,4.3597549651113235e-05,0.0004182050698788317,6.153794018604503e-05,0.0004145039829621632,0.0004361454604137635,0.33875142604507014,True,0.0023490784224122763,1233.1572265625,0.00032315021962858737
10,2500,7,blocks.1.attn.proj.weight,attn_proj,1,78.55183410644531,0.35279650992678924,0.349720438510454,0.35279650992678924,0.35279650992678924,27.712812921102035,27.471181869506836,0.9912808904573087,0.29545346716240384,0.2907273934302324,0.35279650992678924,0.29545346716240384,0.2907273934302324,0.035,0.025,0.837461422800682,0.8240653896790613,0.0019171341555193067,7.484846719307825e-05,7.484846719307825e-05,0.0002472420212262047,0.002316993994760445,0.00032209048841928296,0.002339644078185055,0.002391842461953523,0.32607181722759226,True,0.009420773945748806,4971.63671875,0.0010357621358707547
10,2500,8,blocks.1.attn.q.weight,attn_q,1,89.33496856689453,0.31021237669491675,0.30691849726794046,0.31021237669491675,0.31021237669491675,27.712812921102035,27.418554306030273,0.9893818568360595,0.32069923619234214,0.2907273934302324,0.31021237669491675,0.32069923619234214,0.2907273934302324,0.035,0.025,1.0338054194005897,0.9371882467350838,0.0004939601058140397,1.1883073966600932e-05,1.1883073966600932e-05,3.9095067452740995e-05,0.0004172986139485712,5.097814141934193e-05,0.00040541745341914694,0.00042918168791517214,0.46530914240049204,True,0.0021816324442625046,1145.002197265625,0.00020365721138659865
10,2500,9,blocks.1.attn.v.weight,attn_v,1,79.2303237915039,0.3497753334194219,0.34386285942529266,0.3497753334194219,0.3497753334194219,27.712812921102035,27.244365692138672,0.9830963666410543,0.2743176527165152,0.2907273934302324,0.3497753334194219,0.2743176527165152,0.2907273934302324,0.035,0.025,0.7842681473126522,0.8311832357875732,0.001569238374941051,7.560565427411348e-05,7.560565427411348e-05,0.0004430778760227882,0.0019351809138647195,0.0005186835302969017,0.002034916961184242,0.002010786568138833,0.2619649651571989,True,0.009927185252308846,5227.44384765625,0.0014351889258250594
10,2500,10,blocks.1.mlp.fc.weight,mlp_fc,1,201.41064453125,0.27518717280905414,0.27518728150932376,0.27518717280905414,0.27518717280905414,55.42562584220407,55.4256477355957,1.000000395004861,0.27547332313684014,0.2907273934302324,0.27518717280905414,0.27547332313684014,0.2907273934302324,0.035,0.025,1.0010398389026096,1.05647145709063,0.0014711006078869104,2.4329872758244164e-05,2.4329872758244164e-05,9.686514396799534e-05,0.0004045219196202952,0.0001211950167262395,0.0004330585925888299,0.00042885179237853936,0.30020651853276337,True,0.005007370375096798,2635.38427734375,0.00041571605834178627
10,2500,11,blocks.1.mlp.proj.weight,mlp_proj,1,100.16993713378906,0.2766579845616577,0.27665270520357205,0.2766579845616577,0.2766579845616577,27.712812921102035,27.712284088134766,0.9999809173839994,0.2688749295664547,0.2907273934302324,0.2766579845616577,0.2688749295664547,0.2907273934302324,0.035,0.025,0.97186759309501,1.0508548809493663,0.0027566561475396156,4.861054185312241e-05,4.861054185312241e-05,0.00036443211740238863,0.0015113347827320361,0.00041304265925551104,0.0015947061601575836,0.0015599453245851585,0.5661281293158338,True,0.006677974481135607,3512.009765625,0.0004135480849072337
10,2500,12,blocks.2.attn.k.weight,attn_k,2,88.3999252319336,0.3134936239865852,0.31127051965800256,0.3134936239865852,0.3134936239865852,27.712812921102035,27.51629066467285,0.9929086138968036,0.31843582296118367,0.2907273934302324,0.3134936239865852,0.31843582296118367,0.2907273934302324,0.035,0.025,1.0157649106599054,0.9273789678180919,0.0007854127325117588,2.6383728254586458e-05,2.6383728254586458e-05,6.60677117645766e-05,0.0007671669578750993,9.245144001916306e-05,0.000751775161604905,0.0007935506861296858,0.33675176027025355,True,0.0032246955670416355,1689.4517822265625,0.0004626205482054502
10,2500,13,blocks.2.attn.proj.weight,attn_proj,2,79.033935546875,0.3506444760639001,0.3481823677186934,0.3506444760639001,0.3506444760639001,27.712812921102035,27.51822280883789,0.992978334143916,0.29545346716240384,0.2907273934302324,0.3506444760639001,0.29545346716240384,0.2907273934302324,0.035,0.025,0.8426012309646695,0.829122981470415,0.0016096106264740229,4.064758832100779e-05,4.064758832100779e-05,0.00020649676691091614,0.0017473070314042195,0.00024714435523192393,0.0017477174376581397,0.0017879546197252273,0.5010400461610865,True,0.0068630678579211235,3619.175537109375,0.00048802830860950053
10,2500,14,blocks.2.attn.q.weight,attn_q,2,87.55652618408203,0.31651339002232237,0.313871592962446,0.31651339002232237,0.31651339002232237,27.712812921102035,27.48150634765625,0.9916534429722341,0.32069923619234214,0.2907273934302324,0.31651339002232237,0.32069923619234214,0.2907273934302324,0.035,0.025,1.0132248628398457,0.9185311035647769,0.0007541181985288858,3.5275174013804644e-05,3.5275174013804644e-05,6.486538442457133e-05,0.0007465314370959782,0.00010014055843837597,0.0007396464146954138,0.0007818066111097828,0.24416405784445266,True,0.0037830392830073833,1979.515380859375,0.0010732929222285748
10,2500,15,blocks.2.attn.v.weight,attn_v,2,83.71450805664062,0.3310395481551626,0.32546189026001404,0.3310395481551626,0.3310395481551626,27.712812921102035,27.245882034301758,0.9831510829258068,0.2743176527165152,0.2907273934302324,0.3310395481551626,0.2743176527165152,0.2907273934302324,0.035,0.025,0.8286552293985698,0.878225562626628,0.0018104527844116092,0.00017276383005082607,0.00017276383005082607,0.0007046133780937906,0.002969096410572348,0.0008773772081446167,0.003174597953263331,0.003141860240623174,0.12517962614865555,True,0.016077306121587753,8502.3623046875,0.0039064157754182816
10,2500,16,blocks.2.mlp.fc.weight,mlp_fc,2,201.5626220703125,0.27497968260637906,0.27492901379056683,0.27497968260637906,0.27497968260637906,55.42562584220407,55.41541290283203,0.9998157361470105,0.27547332313684014,0.2907273934302324,0.27497968260637906,0.27547332313684014,0.2907273934302324,0.035,0.025,1.0017951891055445,1.057268634084488,0.0016930962447077036,3.10389295918867e-05,3.10389295918867e-05,0.00013005510436098447,0.0005111128806323237,0.00016109403395287117,0.0005474414649435224,0.0005421518102242104,0.2706231291288007,True,0.006206665653735399,3266.06396484375,0.00040964497020468116
10,2500,17,blocks.2.mlp.proj.weight,mlp_proj,2,99.88552856445312,0.2774457253156526,0.27746638149932706,0.2774457253156526,0.2774457253156526,27.712812921102035,27.714876174926758,1.0000744512594444,0.2688749295664547,0.2907273934302324,0.2774457253156526,0.2688749295664547,0.2907273934302324,0.035,0.025,0.9691082075982723,1.047871229947656,0.003130717668682337,7.605199061799794e-05,7.605199061799794e-05,0.0005319892394885754,0.002110634108738567,0.0006080412301065734,0.002232248953210551,0.002186686099356565,0.41212669487993875,True,0.009571491740643978,5044.4765625,0.000883634143974632
10,2500,18,blocks.3.attn.k.weight,attn_k,3,87.82935333251953,0.3155301942868927,0.31316584504353334,0.3155301942868927,0.3155301942868927,27.712812921102035,27.50515365600586,0.9925067417123127,0.31843582296118367,0.2907273934302324,0.3155301942868927,0.31843582296118367,0.2907273934302324,0.035,0.025,1.009208718299869,0.9213932571089897,0.0007032195571810007,3.097125591011718e-05,3.097125591011718e-05,5.707451091049528e-05,0.0006945843530616497,8.804576682061246e-05,0.0006873632252377798,0.0007255556089717669,0.2585189828398919,True,0.003119095927104354,1628.4935302734375,0.0006709940498694777
10,2500,19,blocks.3.attn.proj.weight,attn_proj,3,81.05589294433594,0.3418975711011344,0.33950017497856827,0.3418975711011344,0.3418975711011344,27.712812921102035,27.518489837646484,0.9929879697160737,0.29545346716240384,0.2907273934302324,0.3418975711011344,0.29545346716240384,0.2907273934302324,0.035,0.025,0.8641578418087321,0.8503347727622035,0.0014615959953516722,2.9789831387461163e-05,2.9789831387461163e-05,0.0001814384589954297,0.0014931923633955278,0.00021122829038289087,0.0014895306712744535,0.001522982194782989,0.6053056181239376,True,0.005488627590239048,2890.54833984375,0.00027295001200400293
10,2500,20,blocks.3.attn.q.weight,attn_q,3,87.27133178710938,0.3175477256231745,0.3148578683060851,0.3175477256231745,0.3175477256231745,27.712812921102035,27.478065490722656,0.9915292817424308,0.32069923619234214,0.2907273934302324,0.3175477256231745,0.32069923619234214,0.2907273934302324,0.035,0.025,1.0099245257165137,0.9155392086644353,0.000667430052999407,2.293429679411929e-05,2.293429679411929e-05,4.589336535029818e-05,0.0005797471987176143,6.882766214441747e-05,0.0005691963937030381,0.0006026814955117336,0.3334638240621473,True,0.003247257322072983,1700.28759765625,0.0005774057935923338
10,2500,21,blocks.3.attn.v.weight,attn_v,3,86.0024642944336,0.3222327772635198,0.3173986905317898,0.3222327772635198,0.3222327772635198,27.712812921102035,27.297069549560547,0.98499815328292,0.2743176527165152,0.2907273934302324,0.3222327772635198,0.2743176527165152,0.2907273934302324,0.035,0.025,0.8513027602160412,0.9022278735861731,0.0016272563952952623,0.00011291362170595676,0.00011291362170595676,0.0006036472703376446,0.002516770371446654,0.0007165608920436014,0.0026608586082382153,0.0026296839931526108,0.1675709585012953,True,0.01263116393238306,6655.09619140625,0.002420817967504263
10,2500,22,blocks.3.mlp.fc.weight,mlp_fc,3,202.3943328857422,0.27384969258745767,0.27377197800230035,0.27384969258745767,0.27384969258745767,55.42562584220407,55.40989685058594,0.9997162144517246,0.27547332313684014,0.2907273934302324,0.27384969258745767,0.27547332313684014,0.2907273934302324,0.035,0.025,1.0059289113456424,1.061631257217441,0.0018606202211230993,5.248741217656061e-05,5.248741217656061e-05,0.00018771506409142672,0.0007491078542217371,0.00024020247626798733,0.0008098951253297399,0.0008015952663982977,0.17514761490265898,True,0.0073340353555977345,3865.226806640625,0.0007201657281257212
10,2500,23,blocks.3.mlp.proj.weight,mlp_proj,3,100.58964538574219,0.27550363474121675,0.27545880438569725,0.27550363474121675,0.27550363474121675,27.712812921102035,27.708303451538086,0.9998372785333345,0.2688749295664547,0.2907273934302324,0.27550363474121675,0.2688749295664547,0.2907273934302324,0.035,0.025,0.9759396815908129,1.0552579231969679,0.003550954395905137,0.0001759858278091997,0.0001759858278091997,0.0007987930046989309,0.0031918869959440153,0.0009747788325081306,0.0034393665129142286,0.003367872823753215,0.20059223731677855,True,0.016098717227578163,8504.130859375,0.0030588731169700623
10,2500,24,blocks.4.attn.k.weight,attn_k,4,87.67186737060547,0.3160969847254965,0.3133647445590887,0.3160969847254965,0.3160969847254965,27.712812921102035,27.4732723236084,0.9913563232222004,0.31843582296118367,0.2907273934302324,0.3160969847254965,0.31843582296118367,0.2907273934302324,0.035,0.025,1.007399115931834,0.9197411157930043,0.0007680467097088695,3.7040896131657064e-05,3.7040896131657064e-05,7.336661513988596e-05,0.0009931928276231711,0.00011040751127154302,0.0009752950241959311,0.0010302337237548282,0.23650803021193517,True,0.0039612590335309505,2084.759765625,0.0005824412801302969
10,2500,25,blocks.4.attn.proj.weight,attn_proj,4,86.49120330810547,0.32041192469460006,0.31804817592614687,0.32041192469460006,0.32041192469460006,27.712812921102035,27.50836944580078,0.9926227815312975,0.29545346716240384,0.2907273934302324,0.32041192469460006,0.29545346716240384,0.2907273934302324,0.035,0.025,0.9221050915755232,0.9073550983077131,0.001453487784601748,2.7038338885176927e-05,2.7038338885176927e-05,0.00016583742872840676,0.0013655984422176672,0.00019287576761358368,0.0013622921282083569,0.0013926367811028441,0.6215261989122028,True,0.0054300762712955475,2854.509033203125,0.0002235219144495204
10,2500,26,blocks.4.attn.q.weight,attn_q,4,87.21184539794922,0.3177643219753919,0.3145089668639652,0.3177643219753919,0.3177643219753919,27.712812921102035,27.42890739440918,0.9897554417337161,0.32069923619234214,0.2907273934302324,0.3177643219753919,0.32069923619234214,0.2907273934302324,0.035,0.025,1.0092361351290329,0.9149151535418338,0.0007156890933401883,3.398138505872339e-05,3.398138505872339e-05,6.777675166440819e-05,0.0008502999538592824,0.00010175813672313158,0.000835927061660467,0.0008842813389180057,0.24149483474394254,True,0.004324615467339754,2273.415283203125,0.0006855413666926324
10,2500,27,blocks.4.attn.v.weight,attn_v,4,92.05177307128906,0.30105680745160635,0.29581848026714064,0.30105680745160635,0.30105680745160635,27.712812921102035,27.230615615844727,0.9826002035004487,0.2743176527165152,0.2907273934302324,0.30105680745160635,0.2743176527165152,0.2907273934302324,0.035,0.025,0.9111823613575343,0.9656894852874757,0.0017585859168320894,0.00015608686953783035,0.00015608686953783035,0.0007042508160395302,0.0028951798372256147,0.0008603376855773606,0.003085316547686574,0.003051266706763445,0.12239539048236751,True,0.014224470593035221,7537.06640625,0.0032192831858992577
10,2500,28,blocks.4.mlp.fc.weight,mlp_fc,4,202.8603515625,0.27322059443995284,0.2731585533315027,0.27322059443995284,0.27322059443995284,55.42562584220407,55.41304016113281,0.9997729266764243,0.27547332313684014,0.2907273934302324,0.27322059443995284,0.27547332313684014,0.2907273934302324,0.035,0.025,1.0082450911195218,1.0640756932183864,0.0018676621839404106,4.443114812602289e-05,4.443114812602289e-05,0.00017262082347526658,0.0006667678255954344,0.00021705197160128947,0.0007192378271786564,0.0007111989737214573,0.20721138605478379,True,0.006856590509414673,3603.95556640625,0.000548115000128746
10,2500,29,blocks.4.mlp.proj.weight,mlp_proj,4,101.61593627929688,0.2727211295375154,0.2727153246594088,0.2727211295375154,0.2727211295375154,27.712812921102035,27.712223052978516,0.9999787149675062,0.2688749295664547,0.2907273934302324,0.2727211295375154,0.2688749295664547,0.2907273934302324,0.035,0.025,0.9858969491011453,1.0660244548093956,0.0034403782337903976,0.00016702798893675208,0.00016702798893675208,0.000734735961997749,0.002846030757413562,0.000901763950934501,0.003075934939012516,0.003013058746350314,0.2027006382518932,True,0.01648901216685772,8700.58984375,0.003378787776455283
10,2500,30,blocks.5.attn.k.weight,attn_k,5,87.19345092773438,0.31783135804626333,0.31526984447815737,0.31783135804626333,0.31783135804626333,27.712812921102035,27.489465713500977,0.9919406518480486,0.31843582296118367,0.2907273934302324,0.31783135804626333,0.31843582296118367,0.2907273934302324,0.035,0.025,1.0019018416516106,0.9147221822835817,0.0009035173570737243,4.888240073341876e-05,4.888240073341876e-05,7.674360413895213e-05,0.0009806945703325343,0.0001256260048723709,0.0009761081493529336,0.001029576971065953,0.21198254729550703,True,0.004186342470347881,2199.083251953125,0.0008720500627532601
10,2500,31,blocks.5.attn.proj.weight,attn_proj,5,91.851806640625,0.3017122246656494,0.29982376320685433,0.3017122246656494,0.3017122246656494,27.712812921102035,27.53935432434082,0.9937408520291661,0.29545346716240384,0.2907273934302324,0.3017122246656494,0.29545346716240384,0.2907273934302324,0.035,0.025,0.9792558703573202,0.9635916932182972,0.001290308078750968,1.9924600564991124e-05,1.9924600564991124e-05,0.00013875155811534295,0.0011207553750000024,0.00015867615868033407,0.0011146831644117728,0.0011406799755649935,0.7050437869816572,True,0.004699114244431257,2471.3818359375,0.00015616821474395692
10,2500,32,blocks.5.attn.q.weight,attn_q,5,84.86115264892578,0.3265665390588215,0.3238585664682827,0.3265665390588215,0.3265665390588215,27.712812921102035,27.48301124572754,0.9917077463038942,0.32069923619234214,0.2907273934302324,0.3265665390588215,0.32069923619234214,0.2907273934302324,0.035,0.025,0.9820333617663672,0.8902546913352513,0.0007997017819434404,3.0414459615712985e-05,3.0414459615712985e-05,6.709753493770608e-05,0.0008311044670142447,9.751199455341907e-05,0.0008146866774880705,0.0008615189266299577,0.3098411049421972,True,0.004074984695762396,2143.955322265625,0.0007800288731232285
10,2500,33,blocks.5.attn.v.weight,attn_v,5,98.47332763671875,0.2814245601950033,0.2771030757034707,0.2814245601950033,0.2814245601950033,27.712812921102035,27.287261962890625,0.9846442524826712,0.2743176527165152,0.2907273934302324,0.2814245601950033,0.2743176527165152,0.2907273934302324,0.035,0.025,0.9747466693256495,1.0330562237666217,0.0016220413381233811,0.00012024994066450745,0.00012024994066450745,0.0005964890046490948,0.002435216875131094,0.0007167389453136022,0.0025853357621076004,0.0025554668157956014,0.13698040105236925,True,0.012785698287189007,6752.28564453125,0.002382573438808322
10,2500,34,blocks.5.mlp.fc.weight,mlp_fc,5,203.06942749023438,0.2729392923751139,0.27287203650517833,0.2729392923751139,0.2729392923751139,55.42562584220407,55.41196823120117,0.9997535867065934,0.27547332313684014,0.2907273934302324,0.2729392923751139,0.27547332313684014,0.2907273934302324,0.035,0.025,1.0092842285171737,1.0651723718498964,0.0019132487941533327,4.0875020204111934e-05,4.0875020204111934e-05,0.00016860350690950046,0.0006688308134647155,0.0002094785271136124,0.000717574024662787,0.0007097058336688275,0.23049893522043433,True,0.007106744218617678,3741.73974609375,0.0005377847701311111
10,2500,35,blocks.5.mlp.proj.weight,mlp_proj,5,102.42959594726562,0.27055474216035735,0.2704803833735572,0.27055474216035735,0.27055474216035735,27.712812921102035,27.705196380615234,0.9997251617687283,0.2688749295664547,0.2907273934302324,0.27055474216035735,0.2688749295664547,0.2907273934302324,0.035,0.025,0.99379122842021,1.0745603315203351,0.0032090134918689728,7.899857882875949e-05,7.899857882875949e-05,0.0005508233832171886,0.0023183467803771294,0.0006298219620459481,0.0024570832481901456,0.002397345359205889,0.39657634423614246,True,0.009021073579788208,4743.60888671875,0.0008230576640926301
10,2500,36,blocks.6.attn.k.weight,attn_k,6,86.5520248413086,0.32018676595854256,0.31816830147558633,0.32018676595854256,0.32018676595854256,27.712812921102035,27.538110733032227,0.9936959777931175,0.31843582296118367,0.2907273934302324,0.32018676595854256,0.31843582296118367,0.2907273934302324,0.035,0.025,0.9945314947914318,0.9079931600542025,0.0007203464629128575,2.134106216544751e-05,2.134106216544751e-05,6.5440769726523e-05,0.0007517971479449048,8.67818318919705e-05,0.0007327907409213722,0.0007731382101103523,0.3899852349334052,True,0.002942869672551751,1544.479248046875,0.0002543994050938636
10,2500,37,blocks.6.attn.proj.weight,attn_proj,6,94.47290802001953,0.29334137692924067,0.2916588903937567,0.29334137692924067,0.29334137692924067,27.712812921102035,27.553863525390625,0.9942644077249055,0.29545346716240384,0.2907273934302324,0.29334137692924067,0.29545346716240384,0.2907273934302324,0.035,0.025,1.0072001101763173,0.9910889369703927,0.0011473086196929216,1.319247530773282e-05,1.319247530773282e-05,0.0001071508277906623,0.0008448382722588729,0.00012034330309839512,0.0008376244107108515,0.0008580307475666057,0.9205485168993546,True,0.003850684966892004,2025.9014892578125,9.764001879375428e-05
10,2500,38,blocks.6.attn.q.weight,attn_q,6,85.62613677978516,0.3236489927412508,0.32115762730182645,0.3236489927412508,0.3236489927412508,27.712812921102035,27.499486923217773,0.9923022611060235,0.32069923619234214,0.2907273934302324,0.3236489927412508,0.32069923619234214,0.2907273934302324,0.035,0.025,0.9908859393507616,0.8982799265581575,0.0006907229544594884,2.018856866925489e-05,2.018856866925489e-05,6.110873102668572e-05,0.0006976673529322294,8.129729969594061e-05,0.0006784900261423965,0.0007178559216014842,0.399569204755851,True,0.003572135930880904,1874.87548828125,0.00038707416388206184
10,2500,39,blocks.6.attn.v.weight,attn_v,6,102.37696838378906,0.27069382263022973,0.2671044569413796,0.27069382263022973,0.27069382263022973,27.712812921102035,27.34534454345703,0.9867401270779989,0.2743176527165152,0.2907273934302324,0.27069382263022973,0.2743176527165152,0.2907273934302324,0.035,0.025,1.0133871916657502,1.0740082304255931,0.0014936773804947734,9.164283255813643e-05,9.164283255813643e-05,0.0005168189825532498,0.002039358898926172,0.0006084618151113862,0.002154792625795572,0.0021310017314843084,0.1592047551501232,True,0.01103979628533125,5829.57470703125,0.0017410452710464597
10,2500,40,blocks.6.mlp.fc.weight,mlp_fc,6,203.75209045410156,0.27202482054872257,0.27201506137489917,0.27202482054872257,0.27202482054872257,55.42562584220407,55.42363739013672,0.9999641239582389,0.27547332313684014,0.2907273934302324,0.27202482054872257,0.27547332313684014,0.2907273934302324,0.035,0.025,1.0126771615221042,1.0687531852563432,0.0019027171656489372,3.566288069123402e-05,3.566288069123402e-05,0.00014890943777702234,0.0005867094643327636,0.00018457231846825636,0.0006288812628392524,0.0006223723450239976,0.26185190777077894,True,0.006646854802966118,3503.27880859375,0.0004780222079716623
10,2500,41,blocks.6.mlp.proj.weight,mlp_proj,6,102.8421859741211,0.2694693102699665,0.2695148367574965,0.2694693102699665,0.2694693102699665,27.712812921102035,27.71749496459961,1.000168948692105,0.2688749295664547,0.2907273934302324,0.2694693102699665,0.2688749295664547,0.2907273934302324,0.035,0.025,0.9977942545556808,1.0788886984531507,0.0030756802298128605,4.845368312089704e-05,4.845368312089704e-05,0.0004340235072257169,0.0016693128863484287,0.00048247719034661394,0.0017562972568713143,0.0017177665694693258,0.6172244011891768,True,0.007478640880435705,3935.135986328125,0.0003558549506124109
10,2500,42,blocks.7.attn.k.weight,attn_k,7,86.81322479248047,0.31922340158826173,0.317277998886169,0.31922340158826173,0.31922340158826173,27.712812921102035,27.543926239013672,0.9939058267896088,0.31843582296118367,0.2907273934302324,0.31922340158826173,0.31843582296118367,0.2907273934302324,0.035,0.025,0.997532829287704,0.910733335913813,0.0008108403417281806,2.3929515009513125e-05,2.3929515009513125e-05,5.456455191708032e-05,0.0007026428369416944,7.849406692659344e-05,0.0006882175245418076,0.0007265723519512075,0.390315288159265,True,0.0032437487971037626,1706.708984375,0.00033763787359930575
10,2500,43,blocks.7.attn.proj.weight,attn_proj,7,103.9039077758789,0.26671579071769536,0.2650903968479645,0.26671579071769536,0.26671579071769536,27.712812921102035,27.543928146362305,0.9939058956151242,0.29545346716240384,0.2907273934302324,0.26671579071769536,0.29545346716240384,0.2907273934302324,0.035,0.025,1.1077464381369373,1.0900269258446422,0.0013062732759863138,1.7954745999304578e-05,1.7954745999304578e-05,0.00011287491060132487,0.0008906608088567405,0.00013082965660062945,0.000885258763553327,0.0009086155548560451,0.7002012712566499,True,0.004758860450237989,2504.03076171875,0.00013702218711841851
10,2500,44,blocks.7.attn.q.weight,attn_q,7,83.58447265625,0.3315545584055296,0.32901895051874525,0.3315545584055296,0.3315545584055296,27.712812921102035,27.50087547302246,0.9923523660812434,0.32069923619234214,0.2907273934302324,0.3315545584055296,0.32069923619234214,0.2907273934302324,0.035,0.025,0.9672593184500569,0.8768613974977811,0.0008248507510870695,2.23459537664894e-05,2.23459537664894e-05,6.831881396754645e-05,0.0008085434602084161,9.066476773403585e-05,0.0007856652083335815,0.0008308894139749055,0.441622174181439,True,0.004460543859750032,2344.320556640625,0.00039210997056216
10,2500,45,blocks.7.attn.v.weight,attn_v,7,112.52867126464844,0.2462733506905647,0.2430461888578451,0.2462733506905647,0.2462733506905647,27.712812921102035,27.34966468811035,0.9868960168704072,0.2743176527165152,0.2907273934302324,0.2462733506905647,0.2743176527165152,0.2907273934302324,0.035,0.025,1.1138746922771492,1.18050691483677,0.0016509209526702762,0.00012345021241344512,0.00012345021241344512,0.000539042234872568,0.002211586958242627,0.0006624924472860131,0.002360655091495491,0.002335037170656072,0.1188423544116477,True,0.011984339915215969,6328.7294921875,0.0021386919543147087
10,2500,46,blocks.7.mlp.fc.weight,mlp_fc,7,201.93505859375,0.2744725270994599,0.27444745419681993,0.2744725270994599,0.2744725270994599,55.42562584220407,55.420562744140625,0.9999086505928168,0.27547332313684014,0.2907273934302324,0.2744725270994599,0.27547332313684014,0.2907273934302324,0.035,0.025,1.0036462521329779,1.0592221979465444,0.0018892174120992422,2.8262995328987017e-05,2.8262995328987017e-05,0.00012977223870146403,0.0004999986261265377,0.00015803523403045105,0.0005336850888405581,0.0005282616214555248,0.33101831843422547,True,0.006064592394977808,3189.271484375,0.0003302347322460264
10,2500,47,blocks.7.mlp.proj.weight,mlp_proj,7,103.90718841552734,0.2667073697565353,0.26670334494599807,0.2667073697565353,0.2667073697565353,27.712812921102035,27.71239471435547,0.9999849092638933,0.2688749295664547,0.2907273934302324,0.2667073697565353,0.2688749295664547,0.2907273934302324,0.035,0.025,1.0081271087930492,1.0900613421204814,0.003132889047265053,4.610087489709258e-05,4.610087489709258e-05,0.00040183402177258303,0.0014690647139066633,0.0004479348966696756,0.0015480835195010284,0.001515165588803756,0.654018831514962,True,0.007501748390495777,3942.617919921875,0.0003121277259197086
10,2500,48,blocks.8.attn.k.weight,attn_k,8,85.76971435546875,0.32310720782218677,0.3211091826300033,0.32310720782218677,0.32310720782218677,27.712812921102035,27.54144287109375,0.9938162159685423,0.31843582296118367,0.2907273934302324,0.32310720782218677,0.31843582296118367,0.2907273934302324,0.035,0.025,0.9855423068631329,0.8997861588721545,0.0007071690633893013,1.831852932809852e-05,1.831852932809852e-05,4.836586153615504e-05,0.0005690295675204071,6.668439086425356e-05,0.0005567978483915827,0.0005873480968485056,0.4500892967615525,True,0.0027856933884322643,1461.883056640625,0.00022504686785396188
10,2500,49,blocks.8.attn.proj.weight,attn_proj,8,103.90679168701172,0.2667083880770627,0.2652433452568765,0.2667083880770627,0.2667083880770627,27.712812921102035,27.560585021972656,0.9945069488412176,0.29545346716240384,0.2907273934302324,0.2667083880770627,0.29545346716240384,0.2907273934302324,0.035,0.025,1.1077771842595199,1.0900571801522405,0.0011359031777828932,1.2378620340314228e-05,1.2378620340314228e-05,9.243724310542268e-05,0.0007190291957444153,0.00010481586344573691,0.0007123931716325361,0.0007314078160847295,0.8831310127239917,True,0.004175169859081507,2197.34912109375,0.00011208519572392106
10,2500,50,blocks.8.attn.q.weight,attn_q,8,84.35350799560547,0.32853183678556414,0.32635544101538067,0.32853183678556414,0.32853183678556414,27.712812921102035,27.529226303100586,0.9933753885423281,0.32069923619234214,0.2907273934302324,0.32853183678556414,0.32069923619234214,0.2907273934302324,0.035,0.025,0.9761587775788853,0.8849291328194563,0.0006957435398362577,1.1977449503319804e-05,1.1977449503319804e-05,4.298992129257106e-05,0.0004827511863130544,5.496737079589086e-05,0.00046765710831343663,0.0004947286358163742,0.6886232563168775,True,0.003088099882006645,1619.0933837890625,0.000216342305066064
10,2500,51,blocks.8.attn.v.weight,attn_v,8,114.15289306640625,0.24276925600983795,0.2401670524375728,0.24276925600983795,0.24276925600983795,27.712812921102035,27.41576385498047,0.9892811651070117,0.2743176527165152,0.2907273934302324,0.24276925600983795,0.2743176527165152,0.2907273934302324,0.035,0.025,1.1299521909207433,1.1975461728912289,0.0013115296605974436,5.318178591551259e-05,5.318178591551259e-05,0.0003405717032072392,0.0013784357454513633,0.0003937534891227518,0.0014467853185488797,0.001431617531366876,0.21603706906817724,True,0.00869411788880825,4581.54931640625,0.0009016203694045544
10,2500,52,blocks.8.mlp.fc.weight,mlp_fc,8,203.24755859375,0.2727000817411464,0.2727449904024241,0.2727000817411464,0.2727000817411464,55.42562584220407,55.43475341796875,1.0001646815101495,0.27547332313684014,0.2907273934302324,0.2727000817411464,0.27547332313684014,0.2907273934302324,0.035,0.025,1.0101695656927825,1.0661067337200065,0.0017831141594797373,2.1186900994507596e-05,2.1186900994507596e-05,0.0001001791652877851,0.00036393064580080443,0.0001213660662822927,0.00038863241839685533,0.000385117546795312,0.41408202069050226,True,0.005218534730374813,2740.75146484375,0.0002404709957772866
10,2500,53,blocks.8.mlp.proj.weight,mlp_proj,8,105.19943237304688,0.26343120201285736,0.2635403627608089,0.26343120201285736,0.26343120201285736,27.712812921102035,27.72429656982422,1.0004143804800645,0.2688749295664547,0.2907273934302324,0.26343120201285736,0.2688749295664547,0.2907273934302324,0.035,0.025,1.0206647030116487,1.103617913173561,0.0030025318264961243,3.5788129025604576e-05,3.5788129025604576e-05,0.0003248308150363951,0.0011132579536067035,0.0003606189440619997,0.0011731058450581428,0.001149046082632308,0.7975083312626297,True,0.0068683684803545475,3608.1953125,0.0002290701522724703
10,2500,54,blocks.9.attn.k.weight,attn_k,9,85.79202270507812,0.32302319082006775,0.32104320417410775,0.32302319082006775,0.32302319082006775,27.712812921102035,27.542945861816406,0.993870450474687,0.31843582296118367,0.2907273934302324,0.32302319082006775,0.31843582296118367,0.2907273934302324,0.035,0.025,0.9857986423598937,0.9000201895478614,0.0006516638095490634,1.897175025078468e-05,1.897175025078468e-05,3.021483855125198e-05,0.00046042127801302675,4.918658880203666e-05,0.00045362782469352545,0.0004793930282638114,0.4003771620033343,True,0.0025243174750357866,1326.869873046875,0.0003216855984646827
10,2500,55,blocks.9.attn.proj.weight,attn_proj,9,108.24883270263672,0.25601027031145995,0.2545426750644218,0.25601027031145995,0.25601027031145995,27.712812921102035,27.55394744873047,0.9942674360475837,0.29545346716240384,0.2907273934302324,0.25601027031145995,0.29545346716240384,0.2907273934302324,0.035,0.025,1.1540688067043468,1.1356083217932464,0.000960260396823287,1.0524104254727717e-05,1.0524104254727717e-05,7.879835963785315e-05,0.0006141364811587058,8.932246389258087e-05,0.0006071602298389671,0.0006246605854134335,0.8429089291957216,True,0.004316722508519888,2275.781494140625,0.00015097584400791675
10,2500,56,blocks.9.attn.q.weight,attn_q,9,85.14808654785156,0.32546606793715765,0.32331439456727934,0.32546606793715765,0.32546606793715765,27.712812921102035,27.52960205078125,0.9933889471688643,0.32069923619234214,0.2907273934302324,0.32546606793715765,0.32069923619234214,0.2907273934302324,0.035,0.025,0.9853538288183826,0.8932648348655727,0.0006436726544052362,1.6771384252933785e-05,1.6771384252933785e-05,2.971200717436265e-05,0.00043167317602244357,4.6483391427296434e-05,0.00042337475503802463,0.00044844456027537735,0.4507349731541477,True,0.002843097085133195,1493.6881103515625,0.0003448931674938649
10,2500,57,blocks.9.attn.v.weight,attn_v,9,118.88804626464844,0.2331000785344934,0.23023969424421228,0.2331000785344934,0.2331000785344934,27.712812921102035,27.37274742126465,0.9877289432579237,0.2743176527165152,0.2907273934302324,0.2331000785344934,0.2743176527165152,0.2907273934302324,0.035,0.025,1.1768235104902487,1.247221344831986,0.0011640724260360003,4.9798505642684177e-05,4.9798505642684177e-05,0.00029699786656941195,0.0012121936160436166,0.0003467963722120961,0.001274501827632714,0.0012619921216863008,0.19661900826559303,True,0.008128300309181213,4289.11865234375,0.0008697498706169426
10,2500,58,blocks.9.mlp.fc.weight,mlp_fc,9,203.60272216796875,0.27222438507712526,0.2722714075100404,0.27222438507712526,0.27222438507712526,55.42562584220407,55.43519973754883,1.0001727340954527,0.27547332313684014,0.2907273934302324,0.27222438507712526,0.27547332313684014,0.2907273934302324,0.035,0.025,1.011934779681087,1.0679696947349702,0.00180536275729537,2.0735253201564774e-05,2.0735253201564774e-05,8.807544306501701e-05,0.0003196002529177925,0.00010881069626658178,0.000343292273436009,0.0003403355061193573,0.4276333388242951,True,0.005154447630047798,2709.318115234375,0.0002245896030217409
10,2500,59,blocks.9.mlp.proj.weight,mlp_proj,9,106.56723022460938,0.260050044114803,0.26003008309003633,0.260050044114803,0.260050044114803,27.712812921102035,27.71068572998047,0.9999232416020841,0.2688749295664547,0.2907273934302324,0.260050044114803,0.2688749295664547,0.2907273934302324,0.035,0.025,1.0339353353378238,1.1179670990630035,0.0031247443985193968,4.118600918445736e-05,4.118600918445736e-05,0.0003175285748290231,0.001056698377228591,0.0003587145840134805,0.001120843020323049,0.0010978843864130484,0.7119362521125501,True,0.0072074756026268005,3786.2587890625,0.0002805472176987678
10,2500,60,blocks.10.attn.k.weight,attn_k,10,84.9168472290039,0.32635235321874434,0.3245454425388281,0.32635235321874434,0.32635235321874434,27.712812921102035,27.559375762939453,0.9944633134644464,0.31843582296118367,0.2907273934302324,0.32635235321874434,0.31843582296118367,0.2907273934302324,0.035,0.025,0.9757423834101957,0.8908389676460106,0.0005026928847655654,7.611597538925707e-06,7.611597538925707e-06,1.7353106442714365e-05,0.0002229478407208084,2.4964703981640072e-05,0.00021820976782688614,0.0002305594382597341,0.7777375357789557,True,0.0017283045453950763,905.6951904296875,0.00010930982534773648
10,2500,61,blocks.10.attn.proj.weight,attn_proj,10,104.81877136230469,0.2643878816830725,0.26272617867957127,0.2643878816830725,0.2643878816830725,27.712812921102035,27.53863525390625,0.9937149048098558,0.29545346716240384,0.2907273934302324,0.2643878816830725,0.29545346716240384,0.2907273934302324,0.035,0.025,1.1175000354841162,1.0996245046462971,0.000808940501883626,8.199436706490815e-06,8.199436706490815e-06,6.306594147104393e-05,0.0004864553774647785,7.126537817753474e-05,0.0004810494773851928,0.0004946548141712693,0.9412250943653456,True,0.0037344463635236025,1970.2940673828125,0.00014598749112337828
10,2500,62,blocks.10.attn.q.weight,attn_q,10,84.83382415771484,0.32667173967757307,0.3247799621901947,0.32667173967757307,0.32667173967757307,27.712812921102035,27.552326202392578,0.9942089343594834,0.32069923619234214,0.2907273934302324,0.32667173967757307,0.32069923619234214,0.2907273934302324,0.035,0.025,0.9817171099920494,0.8899679957537253,0.00048058369429782033,5.255662472336553e-06,5.255662472336553e-06,1.5290480241181953e-05,0.0002102279684033031,2.0546142713518506e-05,0.0002033426068145565,0.00021548363087563966,1.0778852291364176,True,0.0017723211785778403,929.3786010742188,0.0001272081135539338
10,2500,63,blocks.10.attn.v.weight,attn_v,10,116.07197570800781,0.23875541664610545,0.23634582148059458,0.23875541664610545,0.23875541664610545,27.712812921102035,27.43312644958496,0.9899076837738076,0.2743176527165152,0.2907273934302324,0.23875541664610545,0.2743176527165152,0.2907273934302324,0.035,0.025,1.1489483948467722,1.217678733802979,0.0009081070893444121,2.4572280381107703e-05,2.4572280381107703e-05,0.0001834567019769601,0.0007503525425503763,0.0002080289823580678,0.0007828667320055354,0.000774924822931484,0.31839352498972834,True,0.0057950252667069435,3061.0283203125,0.00042206153739243746
10,2500,64,blocks.10.mlp.fc.weight,mlp_fc,10,203.2015380859375,0.2727618420819413,0.27278952732353723,0.2727618420819413,0.2727618420819413,55.42562584220407,55.431251525878906,1.0001014996870012,0.27547332313684014,0.2907273934302324,0.2727618420819413,0.27547332313684014,0.2907273934302324,0.035,0.025,1.0099408371574359,1.0658653395620272,0.0018698956118896604,2.201489041908644e-05,2.201489041908644e-05,8.735823362885691e-05,0.00030732201479967083,0.00010937312404794336,0.0003320411160860631,0.00032933690521875727,0.41799765318498044,True,0.0050964620895683765,2676.568603515625,0.00023689384397584945
10,2500,65,blocks.10.mlp.proj.weight,mlp_proj,10,107.88926696777344,0.25686348327289926,0.2567855330026391,0.25686348327289926,0.25686348327289926,27.712812921102035,27.704402923583984,0.9996965303543168,0.2688749295664547,0.2907273934302324,0.25686348327289926,0.2688749295664547,0.2907273934302324,0.035,0.025,1.0467619847730327,1.131836217923414,0.0034044948406517506,6.221181683940813e-05,6.221181683940813e-05,0.0003798827848728706,0.0012404905587421616,0.0004420946017122787,0.0013298102895084728,0.0013027023755815697,0.5072260540139751,True,0.008735816925764084,4588.72509765625,0.0006385737797245383
10,2500,66,blocks.11.attn.k.weight,attn_k,11,84.96652221679688,0.32616155396346846,0.3243420062546138,0.32616155396346846,0.32616155396346846,27.712812921102035,27.558212280273438,0.9944213299000451,0.31843582296118367,0.2907273934302324,0.32616155396346846,0.31843582296118367,0.2907273934302324,0.035,0.025,0.9763131769872849,0.8913600940924974,0.0005615977570414543,8.401380910072476e-06,8.401380910072476e-06,1.4673396051611652e-05,0.00018612115791145852,2.3074776961684128e-05,0.00018446108550241206,0.000194522538821531,0.7867320566709494,True,0.0019187479047104716,1005.9022216796875,0.0001611552870599553
10,2500,67,blocks.11.attn.proj.weight,attn_proj,11,112.06126403808594,0.24730055616437951,0.24521886570170154,0.24730055616437951,0.24730055616437951,27.712812921102035,27.479536056518555,0.9915823462148134,0.29545346716240384,0.2907273934302324,0.24730055616437951,0.29545346716240384,0.2907273934302324,0.035,0.025,1.194714123352061,1.1756034759460359,0.0010646663140505552,2.6310763132642023e-05,2.6310763132642023e-05,8.120255183308262e-05,0.0007324653829016533,0.00010751331496572464,0.0007369076206807177,0.0007587761460342953,0.3610975580582331,True,0.006790329702198505,3584.519287109375,0.0008436943753622472
10,2500,68,blocks.11.attn.q.weight,attn_q,11,84.64900207519531,0.3273849926368207,0.32551628131085064,0.3273849926368207,0.3273849926368207,27.712812921102035,27.554628372192383,0.9942920067565858,0.32069923619234214,0.2907273934302324,0.3273849926368207,0.32069923619234214,0.2907273934302324,0.035,0.025,0.9795783050694223,0.8880290788183629,0.0005591827793978155,5.41261533726356e-06,5.41261533726356e-06,1.246404110733695e-05,0.0001542888165064627,1.787665644460051e-05,0.00015098739074648424,0.00015970143184372627,1.2204634616133567,True,0.001953825354576111,1024.737060546875,0.00011871170136146247
10,2500,69,blocks.11.attn.v.weight,attn_v,11,123.21990203857422,0.22490533154641276,0.2229629323943576,0.22490533154641276,0.22490533154641276,27.712812921102035,27.47347068786621,0.9913634810758032,0.2743176527165152,0.2907273934302324,0.22490533154641276,0.2743176527165152,0.2907273934302324,0.035,0.025,1.2197027559567009,1.2926656359421884,0.0010006537195295095,2.57567735388875e-05,2.57567735388875e-05,0.00015023820990280694,0.0006481331081022531,0.00017599498344169444,0.0006808003496204131,0.0006738898816411406,0.31529094289022713,True,0.00574306957423687,3024.12060546875,0.00040817700210027397
10,2500,70,blocks.11.mlp.fc.weight,mlp_fc,11,199.04005432128906,0.2784646840617136,0.2785296116944344,0.2784646840617136,0.2784646840617136,55.42562584220407,55.43854904174805,1.0002331628979846,0.27547332313684014,0.2907273934302324,0.2784646840617136,0.27547332313684014,0.2907273934302324,0.035,0.025,0.9892576649891787,1.0440368566299099,0.002168320119380951,0.00010265624587191269,0.00010265624587191269,0.00011251134277666253,0.00045739444280863055,0.00021516758864857522,0.0005634150657873921,0.0005600506886805432,0.10612007296171973,True,0.006663236767053604,3491.68994140625,0.002276488346979022
10,2500,71,blocks.11.mlp.proj.weight,mlp_proj,11,109.6897964477539,0.2526471360014043,0.2525708999787906,0.2526471360014043,0.2526471360014043,27.712812921102035,27.704450607299805,0.9996982509922021,0.2688749295664547,0.2907273934302324,0.2526471360014043,0.2688749295664547,0.2907273934302324,0.035,0.025,1.0642310608459071,1.1507250706717547,0.0045942822471261024,0.00040952287963591516,0.00040952287963591516,0.0006122003232834851,0.002343575887464646,0.0010217232029194002,0.002804954375671118,0.0027530987671005613,0.10227589093778983,True,0.01786142587661743,9415.5986328125,0.011465753428637981
11,2750,0,blocks.0.attn.k.weight,attn_k,0,88.71654510498047,0.312374798729017,0.3109533846651935,0.312374798729017,0.312374798729017,27.712812921102035,27.58670997619629,0.9954496519258165,0.32848033772912844,0.29990969874060575,0.312374798729017,0.32848033772912844,0.29990969874060575,0.035,0.025,1.05155838135996,0.9600956926130758,0.0006381538696587086,1.4037123037269339e-05,1.4037123037269339e-05,1.4194697941616498e-05,0.0001482805589793604,2.8231820978885837e-05,0.00015452615637685238,0.00016231768201662973,0.5124395955945183,True,0.001953855389729142,1024.0906982421875,0.00014051450125407428
11,2750,1,blocks.0.attn.proj.weight,attn_proj,0,79.15748596191406,0.35009718391556566,0.3476487012943159,0.35009718391556566,0.35009718391556566,27.712812921102035,27.518997192382812,0.9930062773031734,0.3048945407525486,0.29990969874060575,0.35009718391556566,0.3048945407525486,0.29990969874060575,0.035,0.025,0.870885441986535,0.8566469898053684,0.0012395172379910946,2.3856988264014944e-05,2.3856988264014944e-05,7.895204693819453e-05,0.0006679680905330068,0.00010280903520220947,0.0006747618967560586,0.0006918250787970217,0.656364314920345,True,0.004243053495883942,2225.13623046875,0.00020354846492409706
11,2750,2,blocks.0.attn.q.weight,attn_q,0,89.70367431640625,0.30893732204716984,0.30742593751806996,0.30893732204716984,0.30893732204716984,27.712812921102035,27.57723617553711,0.9951077955907648,0.331026138321303,0.29990969874060575,0.30893732204716984,0.331026138321303,0.29990969874060575,0.035,0.025,1.0714993453292139,0.9707784632599822,0.000662958191242069,1.3223648238636088e-05,1.3223648238636088e-05,1.071246050046691e-05,0.00013512009901588804,2.3936108739102997e-05,0.00014067832150735132,0.00014834374725452413,0.5588877884433178,True,0.0020371314603835344,1067.419921875,0.00013352672976907343
11,2750,3,blocks.0.attn.v.weight,attn_v,0,83.56995391845703,0.33161215989352677,0.32916877440560455,0.33161215989352677,0.33161215989352677,27.712812921102035,27.50861930847168,0.9926317976738164,0.28272002576244376,0.29990969874060575,0.33161215989352677,0.28272002576244376,0.29990969874060575,0.035,0.025,0.8525623000471961,0.9043989787253279,0.0011592311784625053,3.6984303733333945e-05,3.6984303733333945e-05,0.00023415235312144008,0.0007904925685022624,0.000271136656854774,0.0008358173673013578,0.0008274768722355963,0.37506146317795747,True,0.005213416647166014,2736.5927734375,0.0006398471305146813
11,2750,4,blocks.0.mlp.fc.weight,mlp_fc,0,182.9986572265625,0.30287449472147804,0.3029610397731994,0.30287449472147804,0.30287449472147804,55.42562584220407,55.441463470458984,1.0002857455917593,0.284095576919687,0.29990969874060575,0.30287449472147804,0.284095576919687,0.29990969874060575,0.035,0.025,0.9379976916872448,0.9902111401503164,0.002043695654720068,3.917825233656913e-05,3.917825233656913e-05,9.023889724833075e-05,0.00038419984066124445,0.00012941714958489988,0.00042699499776490356,0.0004233780929978136,0.28505145320759173,True,0.0051751756109297276,2712.4912109375,0.0003131006087642163
11,2750,5,blocks.0.mlp.proj.weight,mlp_proj,0,93.21326446533203,0.2973054648398138,0.29735002617933787,0.2973054648398138,0.2973054648398138,27.712812921102035,27.71696662902832,1.000149884024336,0.27747276854450914,0.29990969874060575,0.2973054648398138,0.27747276854450914,0.29990969874060575,0.035,0.025,0.9332918542012325,1.0087594552027326,0.0044721998274326324,0.00020153596415184438,0.00020153596415184438,0.0004874431635738029,0.0025172171844655704,0.0006889791277256473,0.0027728220323727966,0.002718753148617415,0.2380624645174502,True,0.013831551186740398,7261.365234375,0.0030293059535324574
11,2750,6,blocks.1.attn.k.weight,attn_k,1,84.70539855957031,0.3271670211387128,0.32392358085642625,0.3271670211387128,0.3271670211387128,27.712812921102035,27.43807601928711,0.9900862859863018,0.32848033772912844,0.29990969874060575,0.3271670211387128,0.32848033772912844,0.29990969874060575,0.035,0.025,1.0040142083570789,0.9166868277149778,0.00044966358109377325,1.294019148190273e-05,1.294019148190273e-05,1.9310252952473566e-05,0.0002009762995000878,3.2250444434376296e-05,0.00020324028382290524,0.00021391649098199053,0.4102380335640207,True,0.0018466708716005087,968.185302734375,0.00029343864298425615
11,2750,7,blocks.1.attn.proj.weight,attn_proj,1,76.09957122802734,0.3641651651106209,0.36147969181082173,0.3641651651106209,0.3641651651106209,27.712812921102035,27.50844955444336,0.9926256722029447,0.3048945407525486,0.29990969874060575,0.3641651651106209,0.3048945407525486,0.29990969874060575,0.035,0.025,0.8372424656815599,0.823554055889732,0.0015511743258684874,5.398059147410095e-05,5.398059147410095e-05,0.0001521365344691293,0.0014309888356391733,0.00020611712594323026,0.0014484645115508247,0.0014849694271132743,0.37760762835950173,True,0.007047420833259821,3701.599853515625,0.000969321874435991
11,2750,8,blocks.1.attn.q.weight,attn_q,1,86.85582733154297,0.31906682340745746,0.3158851300208399,0.31906682340745746,0.31906682340745746,27.712812921102035,27.436464309692383,0.9900281284257786,0.331026138321303,0.29990969874060575,0.31906682340745746,0.331026138321303,0.29990969874060575,0.035,0.025,1.0374821637239706,0.9399588949353487,0.00042728957487270236,8.120804523059633e-06,8.120804523059633e-06,1.5743397952482753e-05,0.00017314071046153966,2.3864202475542386e-05,0.00017144193759609523,0.0001812615149845993,0.6057930391933746,True,0.001756135607138276,921.689697265625,0.00013818238221574575
11,2750,9,blocks.1.attn.v.weight,attn_v,1,76.9150390625,0.36030421695012105,0.35556995114174067,0.36030421695012105,0.36030421695012105,27.712812921102035,27.348676681518555,0.9868603652534237,0.28272002576244376,0.29990969874060575,0.36030421695012105,0.28272002576244376,0.29990969874060575,0.035,0.025,0.7846703215288271,0.8323790969732778,0.0012893236707895994,6.775261863367632e-05,6.775261863367632e-05,0.00039419918031559283,0.0013059366616022092,0.00046195179894926915,0.0013872361851839034,0.0013736892802358855,0.24741419086967897,True,0.007977460511028767,4185.83837890625,0.0015615829033777118
11,2750,10,blocks.1.mlp.fc.weight,mlp_fc,1,195.53514099121094,0.28345608651846055,0.2833558246221032,0.28345608651846055,0.28345608651846055,55.42562584220407,55.40602111816406,0.9996462877280661,0.284095576919687,0.29990969874060575,0.28345608651846055,0.284095576919687,0.29990969874060575,0.035,0.025,1.0022560475207323,1.0580464241365783,0.0013746418990194798,2.6639560019248165e-05,2.6639560019248165e-05,7.554141942852754e-05,0.0002994539256608232,0.0001021809794477757,0.00032888063922003,0.00032609348568007137,0.26389897930202194,True,0.004446668084710836,2333.612548828125,0.00030586530920118093
11,2750,11,blocks.1.mlp.proj.weight,mlp_proj,1,97.10934448242188,0.2853774069715653,0.2855395403445328,0.2853774069715653,0.2853774069715653,27.712812921102035,27.728557586669922,1.000568136681495,0.27747276854450914,0.29990969874060575,0.2853774069715653,0.27747276854450914,0.29990969874060575,0.035,0.025,0.9723011064157446,1.0509230633330706,0.0026163822039961815,4.218980757286772e-05,4.218980757286772e-05,0.00024650804846133053,0.0010767357037348554,0.00028869785603419826,0.001141745502364742,0.0011189255113077232,0.6386054482812971,True,0.00603515887632966,3167.811279296875,0.00038776316796429455
11,2750,12,blocks.2.attn.k.weight,attn_k,2,85.79176330566406,0.3230241675108735,0.3207711621750556,0.3230241675108735,0.3230241675108735,27.712812921102035,27.51952362060547,0.9930252731454271,0.32848033772912844,0.29990969874060575,0.3230241675108735,0.32848033772912844,0.29990969874060575,0.035,0.025,1.016890904046897,0.9284435311810233,0.000684657134115696,5.153443999006413e-05,5.153443999006413e-05,5.900979081684054e-05,0.000558032510424954,0.00011054423080690467,0.0005826929906713707,0.0006095669504150181,0.15485669375670089,True,0.002910737879574299,1528.3311767578125,0.001312224310822785
11,2750,13,blocks.2.attn.proj.weight,attn_proj,2,76.34756469726562,0.362982277574789,0.36090812876709777,0.362982277574789,0.362982277574789,27.712812921102035,27.55445671081543,0.9942858124601988,0.3048945407525486,0.29990969874060575,0.362982277574789,0.3048945407525486,0.29990969874060575,0.035,0.025,0.839970873480808,0.8262378558656001,0.0013986232224851847,3.461141022853553e-05,3.461141022853553e-05,0.00013953923773997196,0.0012079583518422906,0.0001741506479685075,0.0012127004710244286,0.0012425697620708262,0.5292809358368805,True,0.0054608420468866825,2868.91015625,0.0005115996464155614
11,2750,14,blocks.2.attn.q.weight,attn_q,2,84.88288879394531,0.32648291445847666,0.3237873423592217,0.32648291445847666,0.32648291445847666,27.712812921102035,27.484004974365234,0.9917436043974239,0.331026138321303,0.29990969874060575,0.32648291445847666,0.331026138321303,0.29990969874060575,0.035,0.025,1.0139156558019644,0.9186076375177342,0.0006664408138021827,6.868783384561539e-05,6.868783384561539e-05,5.563047736302889e-05,0.0006020601741789696,0.00012431831120864427,0.0006397161363007285,0.000670748008024585,0.114304048836905,True,0.003709685057401657,1946.9212646484375,0.0020849111024290323
11,2750,15,blocks.2.attn.v.weight,attn_v,2,81.06108093261719,0.3418756893229512,0.3376853369434862,0.3418756893229512,0.3418756893229512,27.712812921102035,27.373138427734375,0.9877430524885832,0.28272002576244376,0.29990969874060575,0.3418756893229512,0.28272002576244376,0.29990969874060575,0.035,0.025,0.8269673293305558,0.8772478070451436,0.0014604590833187103,0.0001664873561821878,0.0001664873561821878,0.0006489336807007643,0.0022129617851681174,0.0008154210368829521,0.0024047177291473226,0.0023794491413503052,0.10821706391231628,True,0.012247608974575996,6446.43115234375,0.004400284495204687
11,2750,16,blocks.2.mlp.fc.weight,mlp_fc,2,195.5613250732422,0.28341813403772914,0.2833859433922722,0.28341813403772914,0.28341813403772914,55.42562584220407,55.41933059692383,0.9998864199513386,0.284095576919687,0.29990969874060575,0.28341813403772914,0.284095576919687,0.29990969874060575,0.035,0.025,1.0023902594809537,1.0581881069779437,0.0015913028037175536,3.347212987137027e-05,3.347212987137027e-05,8.711785288563024e-05,0.0003547262112279738,0.00012058998275700051,0.0003913422729596415,0.00038819834109934405,0.24310086759312105,True,0.0055370996706187725,2907.73486328125,0.0005236973520368338
11,2750,17,blocks.2.mlp.proj.weight,mlp_proj,2,96.78887939453125,0.2863222830397586,0.2862443789810595,0.2863222830397586,0.2863222830397586,27.712812921102035,27.705272674560547,0.9997279147893448,0.27747276854450914,0.29990969874060575,0.2863222830397586,0.27747276854450914,0.29990969874060575,0.035,0.025,0.9690924702007192,1.047454971218431,0.002913258271291852,6.782369018765166e-05,6.782369018765166e-05,0.00037583878725000957,0.001523540009980028,0.00044366247743766123,0.0016209037218413806,0.0015913637001676796,0.44378448103895174,True,0.008073030970990658,4247.10986328125,0.0008563418523408473
11,2750,18,blocks.3.attn.k.weight,attn_k,3,85.1546401977539,0.3254410194998746,0.3234701344071027,0.3254410194998746,0.3254410194998746,27.712812921102035,27.54498291015625,0.9939439561251471,0.32848033772912844,0.29990969874060575,0.3254410194998746,0.32848033772912844,0.29990969874060575,0.035,0.025,1.0093390754303946,0.9215485472651714,0.0006274742190726101,2.8806804039049894e-05,2.8806804039049894e-05,5.2962725539298195e-05,0.00045571431836185404,8.176952957834809e-05,0.00046219761227992063,0.00048452112240090394,0.2557952585970619,True,0.0026760436594486237,1403.3167724609375,0.0007831593975424767
11,2750,19,blocks.3.attn.proj.weight,attn_proj,3,78.35699462890625,0.35367376010716284,0.3516418237717483,0.35367376010716284,0.35367376010716284,27.712812921102035,27.55359649658203,0.9942547721527478,0.3048945407525486,0.29990969874060575,0.35367376010716284,0.3048945407525486,0.29990969874060575,0.035,0.025,0.8620784891142782,0.8479840253055058,0.0012643667869269848,2.246715666842647e-05,2.246715666842647e-05,0.00011295077520418492,0.0009224403016895583,0.0001354179318726114,0.0009217204484972924,0.0009449074583579847,0.7182029670313779,True,0.004359809681773186,2289.708740234375,0.00024835526710376143
11,2750,20,blocks.3.attn.q.weight,attn_q,3,84.57794952392578,0.3276600234114509,0.3255155626553244,0.3276600234114509,0.3276600234114509,27.712812921102035,27.53143882751465,0.9934552261402061,0.331026138321303,0.29990969874060575,0.3276600234114509,0.331026138321303,0.29990969874060575,0.035,0.025,1.0102731937659213,0.9153075667213807,0.0005905227735638618,1.6760968719609082e-05,1.6760968719609082e-05,3.2521522580568603e-05,0.00032811392598226775,4.9282491300177685e-05,0.0003271923089720789,0.0003448748947018768,0.4165627034840492,True,0.0026511158794164658,1389.890869140625,0.000491423939820379
11,2750,21,blocks.3.attn.v.weight,attn_v,3,83.25293731689453,0.3328748968413667,0.32906672016065397,0.3328748968413667,0.3328748968413667,27.712812921102035,27.395771026611328,0.9885597360544626,0.28272002576244376,0.29990969874060575,0.3328748968413667,0.28272002576244376,0.29990969874060575,0.035,0.025,0.8493281663626786,0.9009682063334723,0.0013859595637768507,0.00012090731615899131,0.00012090731615899131,0.0005763031240862597,0.0019455081141501263,0.000697210440245251,0.0020911362059856864,0.0020664154303091176,0.13768873612678909,True,0.010694751515984535,5624.798828125,0.003000213298946619
11,2750,22,blocks.3.mlp.fc.weight,mlp_fc,3,196.2914581298828,0.28236392133543503,0.2823193739006747,0.28236392133543503,0.28236392133543503,55.42562584220407,55.4168815612793,0.9998422339704441,0.284095576919687,0.29990969874060575,0.28236392133543503,0.284095576919687,0.29990969874060575,0.035,0.025,1.0061327083717428,1.062138878516024,0.0017128740437328815,4.3811145587824285e-05,4.3811145587824285e-05,0.00011206945914696745,0.0004816292004957666,0.00015588060473479173,0.0005299989157570179,0.0005254403460835909,0.19917710593695598,True,0.006259648595005274,3291.952392578125,0.0007536159246228635
11,2750,23,blocks.3.mlp.proj.weight,mlp_proj,3,97.43368530273438,0.28442743220679867,0.28436887569075103,0.28442743220679867,0.28442743220679867,27.712812921102035,27.707107543945312,0.9997941249351712,0.27747276854450914,0.29990969874060575,0.28442743220679867,0.27747276854450914,0.29990969874060575,0.035,0.025,0.9755485481539875,1.0544330988529629,0.0031983167864382267,0.00014466725406236947,0.00014466725406236947,0.0005458876780978219,0.0021502646027903804,0.0006905549321601914,0.002335257142740035,0.00229493185685275,0.2269039779864874,True,0.013028430752456188,6871.876953125,0.0029037189669907093
11,2750,24,blocks.4.attn.k.weight,attn_k,4,84.97200775146484,0.32614049796445216,0.32405404073157834,0.32614049796445216,0.32614049796445216,27.712812921102035,27.5355224609375,0.9936025815687033,0.32848033772912844,0.29990969874060575,0.32614049796445216,0.32848033772912844,0.29990969874060575,0.035,0.025,1.007174330631369,0.9195720881412727,0.0005644866032525897,1.7423821191187017e-05,1.7423821191187017e-05,3.211607362236742e-05,0.000393220047751156,4.953989481355444e-05,0.0003888501046739793,0.000410643868942343,0.38127150947509786,True,0.0021542564500123262,1131.08251953125,0.00025735012604855
11,2750,25,blocks.4.attn.proj.weight,attn_proj,4,83.63469696044922,0.3313554532780504,0.32932343577688217,0.3313554532780504,0.3313554532780504,27.712812921102035,27.542865753173828,0.9938675598030396,0.3048945407525486,0.29990969874060575,0.3313554532780504,0.3048945407525486,0.29990969874060575,0.035,0.025,0.9201434222261083,0.9050996317508692,0.0012162908678874373,1.7346692402497865e-05,1.7346692402497865e-05,9.675382172524079e-05,0.0007694436678440941,0.00011410051412773865,0.0007667941795074145,0.000786790360246592,0.8383672040349807,True,0.004047797527164221,2125.18408203125,0.00014776602620258927
11,2750,26,blocks.4.attn.q.weight,attn_q,4,84.48099517822266,0.32803606139627706,0.3257883321308651,0.32803606139627706,0.32803606139627706,27.712812921102035,27.52292251586914,0.9931479202138913,0.331026138321303,0.29990969874060575,0.32803606139627706,0.331026138321303,0.29990969874060575,0.035,0.025,1.0091150860435856,0.9142583210639947,0.0005219144513830543,1.2702736057690345e-05,1.2702736057690345e-05,2.2039565955651047e-05,0.00027830554020938966,3.474230201334139e-05,0.0002751850690110714,0.00029100827626708,0.48634340030967577,True,0.0023455170448869467,1233.42431640625,0.0002800272195599973
11,2750,27,blocks.4.attn.v.weight,attn_v,4,89.13399505615234,0.3109118233020253,0.307127206769576,0.3109118233020253,0.3109118233020253,27.712812921102035,27.37547492980957,0.9878273637449629,0.28272002576244376,0.29990969874060575,0.3109118233020253,0.28272002576244376,0.29990969874060575,0.035,0.025,0.9093254246809536,0.9646133606481349,0.0014296351000666618,0.00017234859114978462,0.00017234859114978462,0.0006760409496760054,0.0022884128752880635,0.00084838954082579,0.0024859994925855874,0.002460761466437848,0.09306236654279332,True,0.011332666501402855,5966.1279296875,0.004172329790890217
11,2750,28,blocks.4.mlp.fc.weight,mlp_fc,4,196.70419311523438,0.28177145064586556,0.2817561832461588,0.28177145064586556,0.28177145064586556,55.42562584220407,55.42262268066406,0.9999458163711392,0.284095576919687,0.29990969874060575,0.28177145064586556,0.284095576919687,0.29990969874060575,0.035,0.025,1.0082482674113866,1.0643721997142166,0.0017070892499759793,3.9040383853716776e-05,3.9040383853716776e-05,0.00011204634315580564,0.0004319867471398941,0.00015108672700952242,0.0004743405708588273,0.00047102713099361087,0.22229440429944608,True,0.006064564920961857,3183.865478515625,0.0005874295602552593
11,2750,29,blocks.4.mlp.proj.weight,mlp_proj,4,98.40599822998047,0.28161711094414793,0.28158551250783637,0.28161711094414793,0.28161711094414793,27.712812921102035,27.70970344543457,0.9998877964616469,0.27747276854450914,0.29990969874060575,0.28161711094414793,0.27747276854450914,0.29990969874060575,0.035,0.025,0.98528376920797,1.0649555267971118,0.0030924584716558456,0.00014983900473453104,0.00014983900473453104,0.0005243823767023177,0.0019607369156800563,0.0006742213814368487,0.0021458483646743494,0.0021105759204145874,0.20972848774517583,True,0.013833902776241302,7286.91650390625,0.0033750690054148436
11,2750,30,blocks.5.attn.k.weight,attn_k,5,84.47169494628906,0.32807217777177433,0.3258888694000634,0.32807217777177433,0.32807217777177433,27.712812921102035,27.528385162353516,0.9933450364900315,0.32848033772912844,0.29990969874060575,0.32807217777177433,0.32848033772912844,0.29990969874060575,0.035,0.025,1.0012441163408805,0.9141576734045397,0.0006592009449377656,2.0175846657366492e-05,2.0175846657366492e-05,3.5397142066989154e-05,0.00034383266686163397,5.5572988724355646e-05,0.0003464549176243789,0.00036400851351900046,0.3867896498796952,True,0.0026493940968066454,1384.1041259765625,0.00043721633846871555
11,2750,31,blocks.5.attn.proj.weight,attn_proj,5,88.70890808105469,0.31240169133612167,0.3107626701885036,0.31240169133612167,0.31240169133612167,27.712812921102035,27.56741714477539,0.9947534818374236,0.3048945407525486,0.29990969874060575,0.31240169133612167,0.3048945407525486,0.29990969874060575,0.035,0.025,0.9759695584506427,0.9600130442889458,0.0010874734725803137,1.4758802535652649e-05,1.4758802535652649e-05,8.510403174724675e-05,0.0006852230904392815,9.98628342828994e-05,0.0006819988183320105,0.0006999818929749341,0.8306160448251166,True,0.003693127306178212,1940.140869140625,0.00013180651876609772
11,2750,32,blocks.5.attn.q.weight,attn_q,5,82.18034362792969,0.3372194821497875,0.3350227850385726,0.3372194821497875,0.3372194821497875,27.712812921102035,27.53228759765625,0.9934858534945645,0.331026138321303,0.29990969874060575,0.3372194821497875,0.331026138321303,0.29990969874060575,0.035,0.025,0.981634086533193,0.8893605340612873,0.0006057663704268634,2.3321736080106348e-05,2.3321736080106348e-05,3.832192273556332e-05,0.0003628416352551597,6.164365881566967e-05,0.00036716402739910003,0.00038616337133526605,0.3160649447499588,True,0.0027481848374009132,1429.833984375,0.0007340580923482776
11,2750,33,blocks.5.attn.v.weight,attn_v,5,95.18566131591797,0.29114482725632546,0.2877057271158799,0.29114482725632546,0.29114482725632546,27.712812921102035,27.385459899902344,0.9881876653181451,0.28272002576244376,0.29990969874060575,0.29114482725632546,0.28272002576244376,0.29990969874060575,0.035,0.025,0.9710631936233425,1.0301048504515027,0.0013449233956634998,0.00014445855049416423,0.00014445855049416423,0.00059568884440356,0.0020200122651655448,0.0007401473948977242,0.0021880354948978268,0.002164470815659709,0.09780988855143954,True,0.010892522521317005,5712.294921875,0.003390162019059062
11,2750,34,blocks.5.mlp.fc.weight,mlp_fc,5,196.817138671875,0.2816097531760548,0.2815971110991187,0.2816097531760548,0.2816097531760548,55.42562584220407,55.42313766479492,0.99995510781572,0.284095576919687,0.29990969874060575,0.2816097531760548,0.284095576919687,0.29990969874060575,0.035,0.025,1.0088271933610131,1.064983351457683,0.0017292534466832876,3.200407445547171e-05,3.200407445547171e-05,0.0001026256739268678,0.00041176627588372525,0.0001346297483823395,0.0004470753000963561,0.00044377035033919696,0.27453041345086576,True,0.005907576531171799,3101.904541015625,0.0005455291830003262
11,2750,35,blocks.5.mlp.proj.weight,mlp_proj,5,99.21483612060547,0.2793212588429251,0.2794495961216454,0.2793212588429251,0.2793212588429251,27.712812921102035,27.72554588317871,1.0004594611926594,0.27747276854450914,0.29990969874060575,0.2793212588429251,0.27747276854450914,0.29990969874060575,0.035,0.025,0.9933822069037165,1.073708818236633,0.002844512928277254,4.3859530705958605e-05,4.3859530705958605e-05,0.00030619786736228944,0.0011641714951725677,0.00035005739806824804,0.001229644341676035,0.0012080310258785264,0.6536831829098171,True,0.0068383957259356976,3589.560791015625,0.0004243020375724882
11,2750,36,blocks.6.attn.k.weight,attn_k,6,83.84601593017578,0.33052033079520865,0.3288996043172466,0.33052033079520865,0.33052033079520865,27.712812921102035,27.576921463012695,0.9950964393807218,0.32848033772912844,0.29990969874060575,0.33052033079520865,0.32848033772912844,0.29990969874060575,0.035,0.025,0.9938279346956597,0.9073865381262451,0.0005735541926696897,1.1295418516965583e-05,1.1295418516965583e-05,2.2154706826401274e-05,0.0002834455762786466,3.345012534336686e-05,0.0002789709602351396,0.0002947409947956122,0.6056053463655889,True,0.0019796204287558794,1038.624267578125,0.00017436727648600936
11,2750,37,blocks.6.attn.proj.weight,attn_proj,6,91.4117660522461,0.3031646156498373,0.3018117980493766,0.3031646156498373,0.3031646156498373,27.712812921102035,27.589149475097656,0.9955376797600285,0.3048945407525486,0.29990969874060575,0.3031646156498373,0.3048945407525486,0.29990969874060575,0.035,0.025,1.0057062236600507,0.9892635329414858,0.0010055910097435117,1.0005725926021114e-05,1.0005725926021114e-05,6.562826352631407e-05,0.0005200243426615453,7.563398945233518e-05,0.0005156334041988336,0.0005300300685875664,1.0994378390007973,True,0.003096439875662327,1625.301025390625,7.32882326701656e-05
11,2750,38,blocks.6.attn.q.weight,attn_q,6,82.92235565185547,0.3342019495617396,0.33229494813548,0.3342019495617396,0.3342019495617396,27.712812921102035,27.55467987060547,0.9942938650455019,0.331026138321303,0.29990969874060575,0.3342019495617396,0.331026138321303,0.29990969874060575,0.035,0.025,0.9904973288019377,0.8973906320232319,0.0005303394282236695,7.71938357502222e-06,7.71938357502222e-06,1.2894017615209512e-05,0.0001720559118000234,2.0613401190231732e-05,0.00016981908056756432,0.00017977529537504562,0.8285136416439806,True,0.001873249071650207,982.9114990234375,0.00016620385576970875
11,2750,39,blocks.6.attn.v.weight,attn_v,6,99.17240905761719,0.2794407555936394,0.27654115872586005,0.2794407555936394,0.2794407555936394,27.712812921102035,27.42525291442871,0.9896235720461866,0.28272002576244376,0.29990969874060575,0.2794407555936394,0.28272002576244376,0.29990969874060575,0.035,0.025,1.0117351177419984,1.0732496700543286,0.001232474809512496,9.224261157214642e-05,9.224261157214642e-05,0.0004975682741140008,0.0016444662337967947,0.0005898108856861472,0.0017533761429846194,0.001736708845368941,0.13472729746917111,True,0.008771437220275402,4620.65087890625,0.0020200838334858418
11,2750,40,blocks.6.mlp.fc.weight,mlp_fc,6,197.47308349609375,0.28067433222260113,0.280616896092258,0.28067433222260113,0.28067433222260113,55.42562584220407,55.414283752441406,0.9997953637944486,0.284095576919687,0.29990969874060575,0.28067433222260113,0.284095576919687,0.29990969874060575,0.035,0.025,1.012189375031175,1.0685326882785604,0.0017498830566182733,3.455417390796356e-05,3.455417390796356e-05,0.00010756982938897147,0.00041496576473621527,0.00014212400329693503,0.0004527322819183173,0.0004495199386441788,0.2564487601727766,True,0.005588238127529621,2936.35595703125,0.0005838482757098973
11,2750,41,blocks.6.mlp.proj.weight,mlp_proj,6,99.59486389160156,0.27825544248209916,0.278423679675146,0.27825544248209916,0.27825544248209916,27.712812921102035,27.729568481445312,1.0006046142046634,0.27747276854450914,0.29990969874060575,0.27825544248209916,0.27747276854450914,0.29990969874060575,0.035,0.025,0.9971872106773244,1.0778215012268795,0.00286910030990839,4.255776002537459e-05,4.255776002537459e-05,0.0002925605574153917,0.001052481782574892,0.0003351183174407663,0.0011148226676646915,0.0010950395426002665,0.676908595083418,True,0.006630354560911655,3479.0419921875,0.00034169931313954294
11,2750,42,blocks.7.attn.k.weight,attn_k,7,84.1236572265625,0.32942948315318327,0.3277625016143247,0.32942948315318327,0.32942948315318327,27.712812921102035,27.572580337524414,0.994939792507644,0.32848033772912844,0.29990969874060575,0.32942948315318327,0.32848033772912844,0.29990969874060575,0.035,0.025,0.997118820650265,0.9103911886391451,0.0006585344090126455,1.520702335255919e-05,1.520702335255919e-05,2.0167551307309427e-05,0.0002509469568685308,3.537457465986862e-05,0.0002524130504050268,0.00026615398022109,0.5147734198684262,True,0.0023313346318900585,1220.955322265625,0.0002763285883702338
11,2750,43,blocks.7.attn.proj.weight,attn_proj,7,100.66194152832031,0.27530576601590073,0.2738709001890383,0.27530576601590073,0.27530576601590073,27.712812921102035,27.568376541137695,0.9947881010716758,0.3048945407525486,0.29990969874060575,0.27530576601590073,0.3048945407525486,0.29990969874060575,0.035,0.025,1.1074760444172425,1.0893694784557617,0.0011250865645706654,1.4453851690632291e-05,1.4453851690632291e-05,7.076730532256864e-05,0.0005550104272004616,8.522115701320093e-05,0.0005532496633740557,0.0005694642788910939,0.7732804699065811,True,0.0038022068329155445,1995.7799072265625,0.00011168131459271535
11,2750,44,blocks.7.attn.q.weight,attn_q,7,80.9261245727539,0.3424458179285203,0.3407110383760948,0.3424458179285203,0.3424458179285203,27.712812921102035,27.572423934936523,0.9949341488153802,0.331026138321303,0.29990969874060575,0.3424458179285203,0.331026138321303,0.29990969874060575,0.035,0.025,0.9666525943394615,0.8757873013453088,0.0006470269872806966,1.132412944571115e-05,1.132412944571115e-05,1.8642981107341465e-05,0.00023625327780761482,2.9967110553052616e-05,0.00023436714211725517,0.00024757740725332597,0.7060392208379594,True,0.0024611465632915497,1291.7039794921875,0.00025389270740561187
11,2750,45,blocks.7.attn.v.weight,attn_v,7,109.03173828125,0.2541719810943137,0.25156855625579155,0.2541719810943137,0.2541719810943137,27.712812921102035,27.428956985473633,0.9897572311971168,0.28272002576244376,0.29990969874060575,0.2541719810943137,0.28272002576244376,0.29990969874060575,0.035,0.025,1.112317827264906,1.179947913414266,0.0013295193202793598,0.00010908818512689322,0.00010908818512689322,0.00045096151167631573,0.0016238725586405496,0.000560049696803209,0.0017485647578787823,0.0017329607437674428,0.11177997294629782,True,0.009295676834881306,4876.5009765625,0.0021045401226729155
11,2750,46,blocks.7.mlp.fc.weight,mlp_fc,7,195.67724609375,0.28325023449915765,0.2833291055516309,0.28325023449915765,0.28325023449915765,55.42562584220407,55.44105911254883,1.0002784500871258,0.284095576919687,0.29990969874060575,0.28325023449915765,0.284095576919687,0.29990969874060575,0.035,0.025,1.0029844367896963,1.0588153590442928,0.001713286736048758,2.104527084156871e-05,2.104527084156871e-05,7.244005381678988e-05,0.0002596456125893874,9.348532465835859e-05,0.00028234189304687844,0.0002806908834309561,0.41604011314197725,True,0.0049752769991755486,2609.21337890625,0.00024171998666133732
11,2750,47,blocks.7.mlp.proj.weight,mlp_proj,7,100.64877319335938,0.2753417855164724,0.27549696654910993,0.2753417855164724,0.2753417855164724,27.712812921102035,27.728431701660156,1.0005635941974778,0.27747276854450914,0.29990969874060575,0.2753417855164724,0.27747276854450914,0.29990969874060575,0.035,0.025,1.007739410217158,1.0892269699568122,0.0028935386799275875,4.025008456665091e-05,4.025008456665091e-05,0.0002761410912024864,0.0009188773265331374,0.0003163911757691373,0.0009753307164485207,0.0009591274110997883,0.714256184427963,True,0.0066770692355930805,3503.205078125,0.00030121460440568626
11,2750,48,blocks.8.attn.k.weight,attn_k,8,83.05630493164062,0.33366296446622595,0.3318177358888463,0.33366296446622595,0.33366296446622595,27.712812921102035,27.559555053710938,0.9944697830628951,0.32848033772912844,0.29990969874060575,0.33366296446622595,0.32848033772912844,0.29990969874060575,0.035,0.025,0.9844674797954026,0.8988402390429616,0.0005771659198217094,1.7020969607983716e-05,1.7020969607983716e-05,1.9678881210255817e-05,0.00024967961739740126,3.669985081823953e-05,0.00025312858108265707,0.000266700587005385,0.4082665293890189,True,0.002050536684691906,1076.986328125,0.0002665409410838038
11,2750,49,blocks.8.attn.proj.weight,attn_proj,8,100.5654296875,0.2755699747638692,0.2743990127841572,0.2755699747638692,0.2755699747638692,27.712812921102035,27.595054626464844,0.9957507635557441,0.3048945407525486,0.29990969874060575,0.2755699747638692,0.3048945407525486,0.29990969874060575,0.035,0.025,1.1064142275072135,1.0883250216123612,0.0009939271258190274,1.01657715276815e-05,1.01657715276815e-05,5.8330849314008315e-05,0.00046029816027717943,6.849662084168981e-05,0.00045706653763232365,0.00047046393180486093,0.972222090903016,True,0.003287874860689044,1727.5809326171875,9.014454553835094e-05
11,2750,50,blocks.8.attn.q.weight,attn_q,8,81.66339111328125,0.3393541774754317,0.3374568283515396,0.3393541774754317,0.3393541774754317,27.712812921102035,27.55786895751953,0.9944089413072709,0.331026138321303,0.29990969874060575,0.3393541774754317,0.331026138321303,0.29990969874060575,0.035,0.025,0.9754591523932792,0.8837660434055461,0.0005718129687011242,1.1241607353440486e-05,1.1241607353440486e-05,1.1981912344973569e-05,0.00018148834148945205,2.3223519698414055e-05,0.00018243371443080463,0.00019272994884289254,0.6228710964697017,True,0.002083333907648921,1095.0911865234375,0.0002399545774096623
11,2750,51,blocks.8.attn.v.weight,attn_v,8,110.61102294921875,0.2505429583977803,0.24843226738459295,0.2505429583977803,0.2505429583977803,27.712812921102035,27.479347229003906,0.9915755324887877,0.28272002576244376,0.29990969874060575,0.2505429583977803,0.28272002576244376,0.29990969874060575,0.035,0.025,1.1284293422989633,1.1970390253971825,0.0011042370460927486,5.3553259931504726e-05,5.3553259931504726e-05,0.000296588140843935,0.0010479555501826826,0.00035014140077543974,0.0011111717572730082,0.0011015088101141873,0.18641377092294922,True,0.007227621972560883,3805.582275390625,0.0010227998718619347
11,2750,52,blocks.8.mlp.fc.weight,mlp_fc,8,196.93821716308594,0.2814366182481774,0.2814614261928993,0.2814366182481774,0.2814366182481774,55.42562584220407,55.430511474609375,1.0000881475370114,0.284095576919687,0.29990969874060575,0.2814366182481774,0.284095576919687,0.29990969874060575,0.035,0.025,1.0094478063588899,1.0656385107503614,0.0016624616691842675,1.8003218428930268e-05,1.8003218428930268e-05,5.835906235339529e-05,0.00019832715975751775,7.636228078232556e-05,0.00021736974218334907,0.00021633037818644802,0.468890558518219,True,0.004530976060777903,2377.72900390625,0.00019656677613966167
11,2750,53,blocks.8.mlp.proj.weight,mlp_proj,8,101.8944320678711,0.2719757336950732,0.27211905920156865,0.2719757336950732,0.2719757336950732,27.712812921102035,27.7274169921875,1.0005269790232787,0.27747276854450914,0.29990969874060575,0.2719757336950732,0.27747276854450914,0.29990969874060575,0.035,0.025,1.0202114901015358,1.102707563891898,0.002823783550411463,3.369987098267302e-05,3.369987098267302e-05,0.00023310782265912992,0.0007025918327317592,0.00026680769364180294,0.0007477983274251075,0.0007362917037144322,0.8223424561869899,True,0.006268824450671673,3289.39013671875,0.00020961143309250474
11,2750,54,blocks.9.attn.k.weight,attn_k,9,83.07605743408203,0.3335836313981461,0.331854256771428,0.3335836313981461,0.3335836313981461,27.712812921102035,27.569143295288086,0.9948157689288715,0.32848033772912844,0.29990969874060575,0.3335836313981461,0.32848033772912844,0.29990969874060575,0.035,0.025,0.9847016064678344,0.8990540017913855,0.0005531696951948106,1.3525150279747322e-05,1.3525150279747322e-05,1.559598493599868e-05,0.00023445341578209243,2.9121135215746e-05,0.00023484865745034762,0.00024797856606183975,0.4923119782145882,True,0.0020038539078086615,1048.298583984375,0.0002591074153315276
11,2750,55,blocks.9.attn.proj.weight,attn_proj,9,104.94232177734375,0.26407661324570597,0.2626918393311498,0.26407661324570597,0.26407661324570597,27.712812921102035,27.56749153137207,0.9947561660325246,0.3048945407525486,0.29990969874060575,0.26407661324570597,0.3048945407525486,0.29990969874060575,0.035,0.025,1.1545685057270265,1.1356920064010343,0.0008387129055336118,8.219361916417256e-06,8.219361916417256e-06,4.750749646333871e-05,0.0003749996338826982,5.572685837975597e-05,0.00037145375555958245,0.0003832189957991155,0.9723543321312706,True,0.003262120997533202,1716.685302734375,0.00011016894859494641
11,2750,56,blocks.9.attn.q.weight,attn_q,9,82.43053436279297,0.33619596349008857,0.33424208893929674,0.33619596349008857,0.33619596349008857,27.712812921102035,27.551753997802734,0.9941882867048598,0.331026138321303,0.29990969874060575,0.33619596349008857,0.331026138321303,0.29990969874060575,0.035,0.025,0.9846225840574735,0.8920681129755664,0.0005540881538763642,1.1109828847111203e-05,1.1109828847111203e-05,1.0884818177756193e-05,0.00018888105035530652,2.1994647024867396e-05,0.00018891824505008802,0.00019999087920241773,0.6050390167393219,True,0.0020175364334136248,1054.0128173828125,0.00028602834208868444
11,2750,57,blocks.9.attn.v.weight,attn_v,9,115.41510009765625,0.24011427358858048,0.23773298999820522,0.24011427358858048,0.24011427358858048,27.712812921102035,27.437976837158203,0.9900827070595004,0.28272002576244376,0.29990969874060575,0.24011427358858048,0.28272002576244376,0.29990969874060575,0.035,0.025,1.1774394813648827,1.2490290321285966,0.0009593013091944158,4.2222589399898425e-05,4.2222589399898425e-05,0.00022895434235498298,0.0008064755002092827,0.0002711769317548814,0.000855005547679508,0.0008486980896091811,0.19685549434022695,True,0.006501708645373583,3425.417724609375,0.0008076591184362769
11,2750,58,blocks.9.mlp.fc.weight,mlp_fc,9,197.2939910888672,0.28092911262177617,0.28096389140824984,0.28092911262177617,0.28092911262177617,55.42562584220407,55.43248748779297,1.0001237991539949,0.284095576919687,0.29990969874060575,0.28092911262177617,0.284095576919687,0.29990969874060575,0.035,0.025,1.0112713996365836,1.067563613972553,0.0016975804464891553,1.8487493434804492e-05,1.8487493434804492e-05,5.02500044576068e-05,0.0001661121897988205,6.873749789241129e-05,0.00018516472514513096,0.000184599683233625,0.4654129605477032,True,0.004528712015599012,2375.119140625,0.0001951994199771434
11,2750,59,blocks.9.mlp.proj.weight,mlp_proj,9,103.2433853149414,0.2684221641567136,0.26852604029302335,0.2684221641567136,0.2684221641567136,27.712812921102035,27.72353744506836,1.0003869879249305,0.27747276854450914,0.29990969874060575,0.2684221641567136,0.27747276854450914,0.29990969874060575,0.035,0.025,1.0337177982907235,1.1173060156295762,0.0029220073483884335,3.6671503039542586e-05,3.6671503039542586e-05,0.00021706927151593963,0.0005972889752262212,0.0002537407745554822,0.0006428872043850236,0.0006339604782657638,0.771774378585406,True,0.0065328930504620075,3427.095947265625,0.00024075414694380015
11,2750,60,blocks.10.attn.k.weight,attn_k,10,82.20414733886719,0.33712183409509144,0.3354231436679829,0.33712183409509144,0.33712183409509144,27.712812921102035,27.57317352294922,0.9949611972429372,0.32848033772912844,0.29990969874060575,0.33712183409509144,0.32848033772912844,0.29990969874060575,0.035,0.025,0.974366844588519,0.8896181392274066,0.0004703322483692318,1.076105036190711e-05,1.076105036190711e-05,1.4181157409506869e-05,0.00017548138794686827,2.4942207771413978e-05,0.00017676572696586755,0.00018624243830877538,0.5316873949116377,True,0.0016733907395973802,880.0814208984375,0.000171925057657063
11,2750,61,blocks.10.attn.proj.weight,attn_proj,10,101.79792785644531,0.2722335660916639,0.2706110827230541,0.2722335660916639,0.2722335660916639,27.712812921102035,27.54764747619629,0.9940401053701777,0.3048945407525486,0.29990969874060575,0.2722335660916639,0.3048945407525486,0.29990969874060575,0.035,0.025,1.119974091107808,1.101663189614256,0.0007355540292337537,6.597141236852622e-06,6.597141236852622e-06,4.10619059156364e-05,0.00032007958062887806,4.7659047152489025e-05,0.00031662282876340807,0.0003266767218657307,1.0952666377299007,True,0.002829622942954302,1488.4085693359375,9.853203664533794e-05
11,2750,62,blocks.10.attn.q.weight,attn_q,10,82.05476379394531,0.3377355760927426,0.3359179409324779,0.3377355760927426,0.3377355760927426,27.712812921102035,27.56366729736328,0.9946181708741235,0.331026138321303,0.29990969874060575,0.3377355760927426,0.331026138321303,0.29990969874060575,0.035,0.025,0.9801340508777282,0.8880015016784912,0.0004444400838110596,6.957474397495389e-06,6.957474397495389e-06,8.25159606444739e-06,0.00012736968251155688,1.5209070461942778e-05,0.00012698571678597333,0.00013432715690905227,0.7784985433776273,True,0.001618518610484898,849.5814208984375,0.00017381584621034563
11,2750,63,blocks.10.attn.v.weight,attn_v,10,112.8864517211914,0.24549281599839404,0.24351134709577946,0.24549281599839404,0.24549281599839404,27.712812921102035,27.489131927490234,0.9919286073828515,0.28272002576244376,0.29990969874060575,0.24549281599839404,0.28272002576244376,0.29990969874060575,0.035,0.025,1.1516427664599898,1.2216638500027133,0.0007779201259836555,2.160766780434642e-05,2.160766780434642e-05,0.00012833069328683233,0.0004900490479672869,0.00014993836109117875,0.0005155434238215772,0.0005116567157716334,0.3189225961156891,True,0.004532150458544493,2386.847412109375,0.0003868581261485815
11,2750,64,blocks.10.mlp.fc.weight,mlp_fc,10,196.93350219726562,0.28144335638069834,0.28142099779067864,0.28144335638069834,0.28144335638069834,55.42562584220407,55.42122268676758,0.999920557406983,0.284095576919687,0.29990969874060575,0.28144335638069834,0.284095576919687,0.29990969874060575,0.035,0.025,1.0094236388205984,1.0656129979310247,0.0017449329607188702,2.4860448320396245e-05,2.4860448320396245e-05,4.9069840074153606e-05,0.00016653382667057714,7.393028839454985e-05,0.00019179154437608454,0.00019139427499097338,0.35641025027430856,True,0.004508425481617451,2365.743408203125,0.0002796080952975899
11,2750,65,blocks.10.mlp.proj.weight,mlp_proj,10,104.5552978515625,0.2650541243777623,0.26507420459838843,0.2650541243777623,0.2650541243777623,27.712812921102035,27.71491241455078,1.0000757589442373,0.27747276854450914,0.29990969874060575,0.2650541243777623,0.27747276854450914,0.29990969874060575,0.035,0.025,1.0468532387334122,1.1315036106103609,0.0031432388350367546,5.245805368758738e-05,5.245805368758738e-05,0.0002632836961621349,0.0007018534023916278,0.00031574174984972227,0.0007643154486517906,0.0007543114560792152,0.5730851629149318,True,0.00757584860548377,3976.872802734375,0.0005015932838432491
11,2750,66,blocks.11.attn.k.weight,attn_k,11,82.28256225585938,0.33680055848198376,0.3347956965917248,0.33680055848198376,0.33680055848198376,27.712812921102035,27.547847747802734,0.994047332049296,0.32848033772912844,0.29990969874060575,0.33680055848198376,0.32848033772912844,0.29990969874060575,0.035,0.025,0.9752962976357404,0.8904667500919498,0.0005485424771904945,1.8857888790080324e-05,1.8857888790080324e-05,1.859741220163685e-05,0.0002800270878607984,3.745530099171717e-05,0.00028331147477425866,0.00029888497665087873,0.35351625360991407,True,0.002036909805610776,1072.0654296875,0.00037347269244492054
11,2750,67,blocks.11.attn.proj.weight,attn_proj,11,109.03270721435547,0.2541697223624776,0.25251718985230825,0.2541697223624776,0.2541697223624776,27.712812921102035,27.53263282775879,0.993498310912854,0.3048945407525486,0.29990969874060575,0.2541697223624776,0.3048945407525486,0.29990969874060575,0.035,0.025,1.1995706566407274,1.179958399265579,0.0009399323025718331,2.053682692348957e-05,2.053682692348957e-05,5.1979122523660134e-05,0.00047832067666440047,7.25159494471497e-05,0.00048258931698192016,0.00049885750358789,0.4197652052880238,True,0.004829431418329477,2543.5966796875,0.0007207347662188113
11,2750,68,blocks.11.attn.q.weight,attn_q,11,81.93594360351562,0.338225346561005,0.33637867768243723,0.338225346561005,0.338225346561005,27.712812921102035,27.561504364013672,0.9945401227396462,0.331026138321303,0.29990969874060575,0.338225346561005,0.331026138321303,0.29990969874060575,0.035,0.025,0.9787147583322722,0.8867156225576124,0.0005326829850673676,8.596158295404166e-06,8.596158295404166e-06,1.0085373243645595e-05,0.00018132526256955204,1.868153153904976e-05,0.00017937970605028583,0.0001899214208649562,0.7562927914104626,True,0.0019300463609397411,1015.1131591796875,0.00018947930948343128
11,2750,69,blocks.11.attn.v.weight,attn_v,11,120.0299072265625,0.23088256553254435,0.2291427618899893,0.23088256553254435,0.23088256553254435,27.712812921102035,27.503984451293945,0.9924645516713652,0.28272002576244376,0.29990969874060575,0.23088256553254435,0.28272002576244376,0.29990969874060575,0.035,0.025,1.2245187292957058,1.2989707475263288,0.0008869569282978773,2.6528005037107505e-05,2.6528005037107505e-05,0.0001231086460974935,0.0004999068472676546,0.000149636651134601,0.0005303378389565856,0.0005264348523047621,0.27855340316180677,True,0.004768555983901024,2509.531982421875,0.00042558927088975906
11,2750,70,blocks.11.mlp.fc.weight,mlp_fc,11,192.916015625,0.2873044296640629,0.28732249782961794,0.2873044296640629,0.2873044296640629,55.42562584220407,55.42911148071289,1.000062888572855,0.284095576919687,0.29990969874060575,0.2873044296640629,0.284095576919687,0.29990969874060575,0.035,0.025,0.9888311755299843,1.0438742594093724,0.001968001015484333,7.294905663002282e-05,7.294905663002282e-05,5.7779415210852344e-05,0.00022808675965790127,0.00013072847184087517,0.00030114231229019073,0.0003010358162879241,0.13984191240018018,True,0.00533433398231864,2803.562255859375,0.0020336322486400604
11,2750,71,blocks.11.mlp.proj.weight,mlp_proj,11,106.4067611694336,0.26044221830015457,0.26040044821278563,0.26044221830015457,0.26044221830015457,27.712812921102035,27.7083683013916,0.9998396186008585,0.27747276854450914,0.29990969874060575,0.26044221830015457,0.27747276854450914,0.29990969874060575,0.035,0.025,1.0653908968964747,1.151540256023183,0.004096357151865959,0.0004303957975935191,0.0004303957975935191,0.00043073314571689155,0.0013905182176998123,0.0008611289433104106,0.0018417744572940178,0.0018209140152933314,0.0894459267782834,True,0.014253543689846992,7529.12646484375,0.016025403514504433
12,3000,0,blocks.0.attn.k.weight,attn_k,0,86.61775970458984,0.3199437738359509,0.3185196935867087,0.3199437738359509,0.3199437738359509,27.712812921102035,27.589462280273438,0.995548967144556,0.3368631994560188,0.30749994130445635,0.3199437738359509,0.3368631994560188,0.30749994130445635,0.035,0.025,1.052882496875039,0.9611061894335376,0.0006813786458224058,9.518195838609245e-06,9.518195838609245e-06,6.566547000017043e-06,0.00010375704222694136,1.6084742838626288e-05,0.0001073578974822528,0.0001132752380655506,0.8264696991809481,True,0.001947798184119165,1023.225341796875,0.00016083588707260787
12,3000,1,blocks.0.attn.proj.weight,attn_proj,0,77.46517944335938,0.35774541697621653,0.3555283460428834,0.35774541697621653,0.35774541697621653,27.712812921102035,27.541067123413086,0.9938026573420061,0.31253522440468956,0.30749994130445635,0.35774541697621653,0.31253522440468956,0.30749994130445635,0.035,0.025,0.8736246771414751,0.8595496314209929,0.001308971201069653,7.512744105042657e-06,7.512744105042657e-06,5.5852472975152336e-05,0.00038906854241269447,6.3365217080195e-05,0.00038578701172621105,0.0003965812865177371,2.249183889294953,True,0.00405481830239296,2130.3720703125,0.0004885488888248801
12,3000,2,blocks.0.attn.q.weight,attn_q,0,87.47248077392578,0.3168175027838333,0.3152566424306995,0.3168175027838333,0.3168175027838333,27.712812921102035,27.57628059387207,0.9950733140075434,0.33965917296450515,0.30749994130445635,0.3168175027838333,0.33965917296450515,0.30749994130445635,0.035,0.025,1.0720972483526483,0.9705901302879267,0.000703061989042908,1.0205906619376037e-05,1.0205906619376037e-05,4.584134599543424e-06,6.885371878464113e-05,1.4790041218919461e-05,7.497333621456194e-05,7.905962540401716e-05,0.7875363066356613,True,0.002029404044151306,1065.017333984375,0.00012872039224021137
12,3000,3,blocks.0.attn.v.weight,attn_v,0,81.88951110839844,0.3384171250505837,0.336376553535299,0.3384171250505837,0.3384171250505837,27.712812921102035,27.545711517333984,0.9939702474720344,0.2895576168683663,0.30749994130445635,0.3384171250505837,0.2895576168683663,0.30749994130445635,0.035,0.025,0.8556234168855542,0.9086417871391523,0.0011921483092010021,1.3061748177278787e-05,1.3061748177278787e-05,0.0001274640009312424,0.00041886165206539764,0.00014052574910852119,0.00043497313288357964,0.0004319234002426764,1.1145529412193245,True,0.004378729499876499,2304.371826171875,0.000745048513635993
12,3000,4,blocks.0.mlp.fc.weight,mlp_fc,0,178.72117614746094,0.3101234394097372,0.310199142450085,0.3101234394097372,0.3101234394097372,55.42562584220407,55.43915557861328,1.000244106154935,0.29129647978286577,0.30749994130445635,0.3101234394097372,0.29129647978286577,0.30749994130445635,0.035,0.025,0.9392920455715793,0.9915404713997943,0.0021235481835901737,1.2434851669240743e-05,1.2434851669240743e-05,6.561335000476201e-05,0.00023914417756606374,7.804820167400276e-05,0.00025285614922336227,0.0002515790292353045,0.9555325740282632,True,0.005074103828519583,2664.761962890625,0.00073620694456622
12,3000,5,blocks.0.mlp.proj.weight,mlp_proj,0,90.9668960571289,0.30464723017148865,0.3047781667575645,0.30464723017148865,0.30464723017148865,27.712812921102035,27.72472381591797,1.0004297973955167,0.28462498524480134,0.30749994130445635,0.30464723017148865,0.28462498524480134,0.30749994130445635,0.035,0.025,0.9342772789517351,1.0093639818466817,0.004509779624640942,0.00014766707317903638,0.00014766707317903638,0.00040919114246241463,0.0016857169145564905,0.000556858215641451,0.0018645695769004414,0.001833383987735527,0.33572855168112026,True,0.012142855674028397,6388.044921875,0.0025321415159851313
12,3000,6,blocks.1.attn.k.weight,attn_k,1,82.8175277709961,0.3346249721161982,0.3315524355970757,0.3346249721161982,0.3346249721161982,27.712812921102035,27.45835304260254,0.9908179700406473,0.3368631994560188,0.30749994130445635,0.3346249721161982,0.3368631994560188,0.30749994130445635,0.035,0.025,1.0066887636199588,0.918939012111975,0.00047965883277356625,1.3497618056135252e-05,1.3497618056135252e-05,8.445684110674225e-06,0.00013663392426295533,2.1943302166809477e-05,0.00014235959836371006,0.00015013154231909058,0.4290946004471,True,0.0018102556932717562,953.5782470703125,0.00032643703161738813
12,3000,7,blocks.1.attn.proj.weight,attn_proj,1,74.17849731445312,0.37359631058072673,0.3710131286252651,0.37359631058072673,0.37359631058072673,27.712812921102035,27.521196365356445,0.9930856331224435,0.31253522440468956,0.30749994130445635,0.37359631058072673,0.31253522440468956,0.30749994130445635,0.035,0.025,0.83655864780591,0.823080776216637,0.001533978502266109,4.2633859266061336e-05,4.2633859266061336e-05,0.00010419985655181461,0.0009508372670581191,0.00014683371581787594,0.0009676013014425132,0.0009934711263241804,0.48505009586523046,True,0.005704669747501612,3000.328369140625,0.0007105195545591414
12,3000,8,blocks.1.attn.q.weight,attn_q,1,84.90770721435547,0.3263874838963569,0.3230737774555734,0.3263874838963569,0.3263874838963569,27.712812921102035,27.431453704833984,0.9898473237967912,0.33965917296450515,0.30749994130445635,0.3263874838963569,0.33965917296450515,0.30749994130445635,0.035,0.025,1.0406623713315017,0.9421315352953356,0.00046119821490719914,9.308852895628661e-06,9.308852895628661e-06,6.763854859052384e-06,0.0001017710354402022,1.6072707754681045e-05,0.00010492771259803701,0.00011107988833583086,0.5835046705678163,True,0.0017479110974818468,916.4691772460938,0.00014221003220882267
12,3000,9,blocks.1.attn.v.weight,attn_v,1,75.0739517211914,0.3691401915809826,0.3650262756662922,0.3691401915809826,0.3691401915809826,27.712812921102035,27.40396499633789,0.9888554104686728,0.2895576168683663,0.30749994130445635,0.3691401915809826,0.2895576168683663,0.30749994130445635,0.035,0.025,0.7844109730458398,0.8330166920796986,0.0012566903606057167,5.613212124444544e-05,5.613212124444544e-05,0.00023683678608335692,0.0007898542904791091,0.00029296890732780236,0.000852971567434419,0.0008459864117235545,0.2982136734640753,True,0.006189326755702496,3263.379150390625,0.0013761729933321476
12,3000,10,blocks.1.mlp.fc.weight,mlp_fc,1,190.904052734375,0.29033236879116237,0.29026034746138635,0.29033236879116237,0.29033236879116237,55.42562584220407,55.4118766784668,0.9997519348942235,0.29129647978286577,0.30749994130445635,0.29033236879116237,0.29129647978286577,0.30749994130445635,0.035,0.025,1.0033207147922143,1.0591307561908219,0.0014428826980292797,1.951579724845942e-05,1.951579724845942e-05,4.542683733042483e-05,0.00016482301941749016,6.494263457888425e-05,0.00018538128682926637,0.00018433881666594958,0.38728402209346324,True,0.00412640068680048,2166.615478515625,0.0002742377109825611
12,3000,11,blocks.1.mlp.proj.weight,mlp_proj,1,94.68762969970703,0.29267617120621386,0.29283064713210993,0.29267617120621386,0.29267617120621386,27.712812921102035,27.727439880371094,1.0005278049294635,0.28462498524480134,0.30749994130445635,0.29267617120621386,0.28462498524480134,0.30749994130445635,0.035,0.025,0.9724911463470669,1.050649050235791,0.00274619460105896,3.8894006138434634e-05,3.8894006138434634e-05,0.00021059832372605052,0.0008189549729191376,0.00024949232986448515,0.0008731538294785916,0.0008578489790575722,0.7456849630918556,True,0.005892318673431873,3092.785400390625,0.0003115672152489424
12,3000,12,blocks.2.attn.k.weight,attn_k,2,83.71253967285156,0.33104733208911896,0.32890232465729435,0.33104733208911896,0.33104733208911896,27.712812921102035,27.533248901367188,0.9935205415543321,0.3368631994560188,0.30749994130445635,0.33104733208911896,0.3368631994560188,0.30749994130445635,0.035,0.025,1.017568084086943,0.9288700179637044,0.0006730068125762045,1.8548324078437872e-05,1.8548324078437872e-05,9.939202499316653e-06,0.0001800818293173912,2.8487526577754525e-05,0.000188264109327933,0.00019863015339582907,0.4334352889607982,True,0.0022777977865189314,1196.9688720703125,0.000416573544498533
12,3000,13,blocks.2.attn.proj.weight,attn_proj,2,74.2414779663086,0.37327938074829736,0.37111443257661453,0.37327938074829736,0.37327938074829736,27.712812921102035,27.55208396911621,0.9942001935190261,0.31253522440468956,0.30749994130445635,0.37327938074829736,0.31253522440468956,0.30749994130445635,0.035,0.025,0.8372689211447025,0.8237796062778079,0.0014060898683965206,2.9901711968705058e-05,2.9901711968705058e-05,0.0001044492991881867,0.000854644598506427,0.00013435101115689176,0.0008616430088075924,0.0008845463104751321,0.6333888532188862,True,0.004665509331971407,2455.5615234375,0.00038951373426243663
12,3000,14,blocks.2.attn.q.weight,attn_q,2,82.74623107910156,0.3349132952606611,0.33246617050753474,0.3349132952606611,0.3349132952606611,27.712812921102035,27.51032257080078,0.9926932588590793,0.33965917296450515,0.30749994130445635,0.3349132952606611,0.33965917296450515,0.30749994130445635,0.035,0.025,1.0141704667178124,0.9181479076999045,0.0006388851907104254,1.7726135411066934e-05,1.7726135411066934e-05,9.455336320178098e-06,0.0001739616238952567,2.7181471731245032e-05,0.00018109923960557138,0.00019168775930632364,0.4355725847005553,True,0.0023246838245540857,1222.00390625,0.00041151660843752325
12,3000,15,blocks.2.attn.v.weight,attn_v,2,78.95614624023438,0.3509899386018941,0.34737615639862196,0.3509899386018941,0.3509899386018941,27.712812921102035,27.42748260498047,0.9897040290737033,0.2895576168683663,0.30749994130445635,0.3509899386018941,0.2895576168683663,0.30749994130445635,0.035,0.025,0.8249741232519869,0.8760933220175131,0.001367470482364297,0.0001390701945638284,0.0001390701945638284,0.0004190041452863492,0.001391679506560749,0.0005580743398501776,0.0015426570045718887,0.0015307497011245773,0.12453687265492981,True,0.008651728741824627,4573.5419921875,0.003963164985179901
12,3000,16,blocks.2.mlp.fc.weight,mlp_fc,2,190.8076629638672,0.29047903517742835,0.2904335273312867,0.29047903517742835,0.29047903517742835,55.42562584220407,55.41694259643555,0.9998433351786907,0.29129647978286577,0.30749994130445635,0.29047903517742835,0.29129647978286577,0.30749994130445635,0.035,0.025,1.0028141260003087,1.058595988232443,0.0016791792586445808,2.9343766072997823e-05,2.9343766072997823e-05,7.267272453705053e-05,0.000267109558600313,0.00010201649061004835,0.0002982823259633991,0.0002964533246733108,0.2999061675313432,True,0.005259383004158735,2768.279052734375,0.00039127387572079897
12,3000,17,blocks.2.mlp.proj.weight,mlp_proj,2,94.3425521850586,0.29374669520007984,0.29362955107880245,0.29374669520007984,0.29374669520007984,27.712812921102035,27.70176124572754,0.9996012070154712,0.28462498524480134,0.30749994130445635,0.29374669520007984,0.28462498524480134,0.30749994130445635,0.035,0.025,0.9689470210071115,1.046820087950296,0.0030239224433898926,6.722938269376755e-05,6.722938269376755e-05,0.00035863543651238147,0.0012701500873543562,0.000425864819206149,0.0013591632958537385,0.0013373794700481238,0.47676449316672787,True,0.007796975784003735,4111.2470703125,0.000859873543959111
12,3000,18,blocks.3.attn.k.weight,attn_k,3,83.0261001586914,0.33378435056124917,0.33185218752816653,0.33378435056124917,0.33378435056124917,27.712812921102035,27.552392959594727,0.9942113432525229,0.3368631994560188,0.30749994130445635,0.33378435056124917,0.3368631994560188,0.30749994130445635,0.035,0.025,1.009224066046214,0.9212533205568316,0.0006080016028136015,1.4261209798860364e-05,1.4261209798860364e-05,1.0597209362140079e-05,0.00016280313905617217,2.4858419161000442e-05,0.00016771102791172704,0.00017706434885503253,0.513492040635924,True,0.002111920155584812,1107.067626953125,0.00024973112158477306
12,3000,19,blocks.3.attn.proj.weight,attn_proj,3,76.24620056152344,0.3634648378149732,0.3611946856342652,0.3634648378149732,0.3634648378149732,27.712812921102035,27.539722442626953,0.9937541353536407,0.31253522440468956,0.30749994130445635,0.3634648378149732,0.31253522440468956,0.30749994130445635,0.035,0.025,0.8598774678825739,0.846023904686465,0.0012668352574110031,2.0765583030879498e-05,2.0765583030879498e-05,8.931424068203789e-05,0.0006819453322095398,0.00011007982371291739,0.0006845230875362215,0.0007027109152404193,0.800124935874569,True,0.004007208626717329,2106.3466796875,0.00021436640236061066
12,3000,20,blocks.3.attn.q.weight,attn_q,3,82.45244598388672,0.3361066198875145,0.3339422017177941,0.3361066198875145,0.3361066198875145,27.712812921102035,27.534351348876953,0.9935603227022404,0.33965917296450515,0.30749994130445635,0.3361066198875145,0.33965917296450515,0.30749994130445635,0.035,0.025,1.0105697206385866,0.914888083452114,0.0005870857276022434,1.0428620953462087e-05,1.0428620953462087e-05,7.934328150646154e-06,0.00016482858605036614,1.836294910410824e-05,0.00016500670072543746,0.00017525720700382823,0.6827647581625478,True,0.002172931330278516,1137.6961669921875,0.00027335455524735153
12,3000,21,blocks.3.attn.v.weight,attn_v,3,81.0992202758789,0.34171491201555454,0.33810593709009423,0.34171491201555454,0.34171491201555454,27.712812921102035,27.420127868652344,0.9894386378862744,0.2895576168683663,0.30749994130445635,0.34171491201555454,0.2895576168683663,0.30749994130445635,0.035,0.025,0.8473660548217044,0.8998727608658157,0.0012969181407243013,0.00011032515612896532,0.00011032515612896532,0.00040168186093961916,0.001335964521830074,0.0005120070170685845,0.0014581422133646954,0.0014462896779590393,0.14495103995742345,True,0.007742979098111391,4108.97412109375,0.0029559489339590073
12,3000,22,blocks.3.mlp.fc.weight,mlp_fc,3,191.4696502685547,0.2894747327551091,0.289442790593516,0.2894747327551091,0.2894747327551091,55.42562584220407,55.41950988769531,0.999889654750563,0.29129647978286577,0.30749994130445635,0.2894747327551091,0.29129647978286577,0.30749994130445635,0.035,0.025,1.0062932851182484,1.0622686767089833,0.0017459284281358123,3.676442793221213e-05,3.676442793221213e-05,8.327279156152925e-05,0.0003060554651945298,0.00012003721949374138,0.00034479988959685225,0.00034281989312674195,0.24802683982413684,True,0.005471059121191502,2881.580322265625,0.0005482325796037912
12,3000,23,blocks.3.mlp.proj.weight,mlp_proj,3,94.94493865966797,0.2918829935784062,0.29175646783353437,0.2918829935784062,0.2918829935784062,27.712812921102035,27.7007999420166,0.9995665189557035,0.28462498524480134,0.30749994130445635,0.2918829935784062,0.28462498524480134,0.30749994130445635,0.035,0.025,0.975133843035445,1.0535041371701401,0.0032390246633440256,0.00014306505909189582,0.00014306505909189582,0.0005206010288549111,0.001709661732455338,0.0006636660879468069,0.0018802627394728932,0.0018527267915472339,0.23845633137888975,True,0.012036273255944252,6361.8193359375,0.0031018280424177647
12,3000,24,blocks.4.attn.k.weight,attn_k,4,82.8368148803711,0.3345470605204164,0.3323263493076276,0.3345470605204164,0.3345470605204164,27.712812921102035,27.52885627746582,0.9933620363923382,0.3368631994560188,0.30749994130445635,0.3345470605204164,0.3368631994560188,0.30749994130445635,0.035,0.025,1.0069232081489505,0.9191530208817679,0.0005893491907045245,1.5524869013461284e-05,1.5524869013461284e-05,1.2142487567815132e-05,0.00022996818546601184,2.7667356581276416e-05,0.00023188353319122457,0.0002454930544794731,0.45826992347131384,True,0.0022075066808611155,1158.8118896484375,0.00026494319899939
12,3000,25,blocks.4.attn.proj.weight,attn_proj,4,81.49273681640625,0.34006482054389475,0.33812202427093524,0.34006482054389475,0.34006482054389475,27.712812921102035,27.554489135742188,0.9942869824939607,0.31253522440468956,0.30749994130445635,0.34006482054389475,0.31253522440468956,0.30749994130445635,0.035,0.025,0.9190460333557151,0.9042392000814592,0.0012451446382328868,1.7083049897337332e-05,1.7083049897337332e-05,7.83361883722994e-05,0.000588651838417482,9.541923826963673e-05,0.0005895265766506042,0.0006057348883148193,0.8944076191791551,True,0.003785689827054739,1990.2159423828125,0.0001220847334479913
12,3000,26,blocks.4.attn.q.weight,attn_q,4,82.32740020751953,0.33661712687692563,0.3342525871766666,0.33661712687692563,0.33661712687692563,27.712812921102035,27.518146514892578,0.9929755811232995,0.33965917296450515,0.30749994130445635,0.33661712687692563,0.33965917296450515,0.30749994130445635,0.035,0.025,1.0090371102498648,0.9135005819739078,0.0005459302919916809,1.0057292456622235e-05,1.0057292456622235e-05,7.903773922462959e-06,0.00017106793602344485,1.7961066379085195e-05,0.00017056642737028416,0.00018112522848006709,0.6593434743960086,True,0.002160074654966593,1135.0157470703125,0.00022426339273806661
12,3000,27,blocks.4.attn.v.weight,attn_v,4,86.9336166381836,0.31878131835285706,0.3152846010856194,0.31878131835285706,0.31878131835285706,27.712812921102035,27.408830642700195,0.9890309843584889,0.2895576168683663,0.30749994130445635,0.31878131835285706,0.2895576168683663,0.30749994130445635,0.035,0.025,0.9083268064907641,0.9646109216603671,0.0012882072478532791,0.0001295848487643525,0.0001295848487643525,0.00042351996263556156,0.0014243046816833122,0.0005531048113999141,0.0015666820891615712,0.0015538895304476647,0.11435199991855133,True,0.007348733022809029,3919.15771484375,0.0033804094418883324
12,3000,28,blocks.4.mlp.fc.weight,mlp_fc,4,191.84266662597656,0.28891188189259215,0.28887276387757643,0.28891188189259215,0.28891188189259215,55.42562584220407,55.418121337890625,0.999864602262953,0.29129647978286577,0.30749994130445635,0.28891188189259215,0.29129647978286577,0.30749994130445635,0.035,0.025,1.0082537203892505,1.0643381618301688,0.0017341859638690948,3.676224878290668e-05,3.676224878290668e-05,8.98389416096368e-05,0.00031365595641389175,0.00012660119039254348,0.0003523090123170091,0.00035041820519679843,0.24589426203087417,True,0.005267791915684938,2772.552734375,0.0005150398937985301
12,3000,29,blocks.4.mlp.proj.weight,mlp_proj,4,95.8944091796875,0.288992999259984,0.2890857614627367,0.288992999259984,0.288992999259984,27.712812921102035,27.721708297729492,1.0003209842556504,0.28462498524480134,0.30749994130445635,0.288992999259984,0.28462498524480134,0.30749994130445635,0.035,0.025,0.9848853985170308,1.0640394130372104,0.0031085952650755644,0.00015918025746941566,0.00015918025746941566,0.0005162276116728274,0.0016335345321137034,0.000675407869142243,0.0018179111419587527,0.001792714789583119,0.20364872274486936,True,0.012777033261954784,6744.14892578125,0.0037894081324338913
12,3000,30,blocks.5.attn.k.weight,attn_k,5,82.33260345458984,0.3365958533837316,0.33434502472732996,0.3365958533837316,0.3365958533837316,27.712812921102035,27.527496337890625,0.9933129637998495,0.3368631994560188,0.30749994130445635,0.3365958533837316,0.3368631994560188,0.30749994130445635,0.035,0.025,1.000794264307179,0.9135583169347459,0.0007185513386502862,2.0616531401174143e-05,2.0616531401174143e-05,1.2026399651931648e-05,0.00021159631057681105,3.264293105310579e-05,0.00022001343636146,0.0002322128419779852,0.423321527381902,True,0.0025864350609481335,1362.419677734375,0.0004654724325519055
12,3000,31,blocks.5.attn.proj.weight,attn_proj,5,86.3544692993164,0.32091926620550043,0.31943631013336643,0.32091926620550043,0.32091926620550043,27.712812921102035,27.584753036499023,0.9953790369470037,0.31253522440468956,0.30749994130445635,0.32091926620550043,0.31253522440468956,0.30749994130445635,0.035,0.025,0.9738749190725055,0.958184732690835,0.0011328915134072304,1.4902791917847935e-05,1.4902791917847935e-05,7.059019876090595e-05,0.00052005390178325,8.549299067875389e-05,0.0005200603111299448,0.0005349566937010979,0.8803104683168536,True,0.0035049919970333576,1843.778564453125,0.0001105645569623448
12,3000,32,blocks.5.attn.q.weight,attn_q,5,80.06678771972656,0.34612120343969105,0.34403629839361355,0.34612120343969105,0.34612120343969105,27.712812921102035,27.545881271362305,0.9939763729429062,0.33965917296450515,0.30749994130445635,0.34612120343969105,0.33965917296450515,0.30749994130445635,0.035,0.025,0.9813301513719258,0.8884169425293121,0.000642848783172667,1.4857436326565221e-05,1.4857436326565221e-05,9.156783715065709e-06,0.00019455674151469066,2.401422004163093e-05,0.00019773354633496114,0.00020941417784125588,0.5403965198570876,True,0.0023604384623467922,1244.7109375,0.0004466720565687865
12,3000,33,blocks.5.attn.v.weight,attn_v,5,92.72003936767578,0.2988869839798981,0.2957475071383571,0.2988869839798981,0.2988869839798981,27.712812921102035,27.421720504760742,0.9894961071916435,0.2895576168683663,0.30749994130445635,0.2988869839798981,0.2895576168683663,0.30749994130445635,0.035,0.025,0.9687863051535249,1.028816769502206,0.001235857023857534,0.00011199622531421483,0.00011199622531421483,0.00039498425731500006,0.0013471830464998132,0.0005069804826292149,0.001471393838004104,0.001459179271814028,0.11901213253908172,True,0.007834982126951218,4169.43505859375,0.0027748113498091698
12,3000,34,blocks.5.mlp.fc.weight,mlp_fc,5,191.87156677246094,0.28886836530569904,0.28882565462867343,0.28886836530569904,0.28886836530569904,55.42562584220407,55.41743087768555,0.9998521448446634,0.29129647978286577,0.30749994130445635,0.28886836530569904,0.29129647978286577,0.30749994130445635,0.035,0.025,1.0084056088128486,1.0644984990967779,0.001774802920408547,2.9265571356518194e-05,2.9265571356518194e-05,8.378942253829146e-05,0.00030242614099452666,0.00011305499389480965,0.0003337189684467873,0.00033169171235104486,0.3160694388793575,True,0.0053428905084729195,2811.63427734375,0.00041891736327670515
12,3000,35,blocks.5.mlp.proj.weight,mlp_proj,5,96.68409729003906,0.28663258692861754,0.28676680861620757,0.28663258692861754,0.28663258692861754,27.712812921102035,27.72579002380371,1.000468270858632,0.28462498524480134,0.30749994130445635,0.28663258692861754,0.28462498524480134,0.30749994130445635,0.035,0.025,0.9929959056458707,1.0728017515364907,0.0029411339201033115,4.41797383246012e-05,4.41797383246012e-05,0.000300494520766179,0.00103959893362441,0.0003446742590907802,0.0011017597884661248,0.0010837786719490113,0.6885517936794031,True,0.006573426071554422,3457.040283203125,0.0003834193921647966
12,3000,36,blocks.6.attn.k.weight,attn_k,6,81.72127532958984,0.33911380860533036,0.33734600827475364,0.33911380860533036,0.33911380860533036,27.712812921102035,27.56834602355957,0.9947869998634292,0.3368631994560188,0.30749994130445635,0.33911380860533036,0.3368631994560188,0.30749994130445635,0.035,0.025,0.9933632630338245,0.9067750516238428,0.00058967643417418,1.3443375792121515e-05,1.3443375792121515e-05,1.0957707091258741e-05,0.00019347296212549487,2.4401082883380256e-05,0.00019579794603197573,0.00020691633791761638,0.5367478302205139,True,0.0019108382984995842,1003.00048828125,0.0002107255277223885
12,3000,37,blocks.6.attn.proj.weight,attn_proj,6,89.10113525390625,0.31102648515229875,0.30957359506189747,0.31102648515229875,0.31102648515229875,27.712812921102035,27.583358764648438,0.9953287254952374,0.31253522440468956,0.30749994130445635,0.31102648515229875,0.31253522440468956,0.30749994130445635,0.035,0.025,1.004850838511878,0.9886615963070939,0.001036452827975154,1.0044924238172825e-05,1.0044924238172825e-05,5.453363726733615e-05,0.00041341694458641657,6.457856150550898e-05,0.00041160659800116445,0.0004234618688245894,1.1580295398849227,True,0.0029609904158860445,1556.4488525390625,6.251558079384267e-05
12,3000,38,blocks.6.attn.q.weight,attn_q,6,80.78155517578125,0.34305867051951094,0.3411298898774065,0.34305867051951094,0.34305867051951094,27.712812921102035,27.557003021240234,0.9943776945232738,0.33965917296450515,0.30749994130445635,0.34305867051951094,0.33965917296450515,0.30749994130445635,0.035,0.025,0.9900906234206011,0.8963479653168182,0.000562033208552748,9.857923032541294e-06,9.857923032541294e-06,7.433190105327301e-06,0.0001476708886053049,1.7291113137868595e-05,0.0001486238551179377,0.0001575288116378462,0.7057718696744902,True,0.0019120193319395185,1005.0120849609375,0.00026075224741362035
12,3000,39,blocks.6.attn.v.weight,attn_v,6,96.73847198486328,0.28647147667825756,0.2836852079760502,0.28647147667825756,0.28647147667825756,27.712812921102035,27.443273544311523,0.9902738355157996,0.2895576168683663,0.30749994130445635,0.28647147667825756,0.2895576168683663,0.30749994130445635,0.035,0.025,1.0107729405590171,1.0734050903427859,0.0011547163594514132,7.445695518981665e-05,7.445695518981665e-05,0.0003302132921936758,0.0011494359761786998,0.0004046702473834925,0.0012334314766854332,0.0012238929313685165,0.16031376843991213,True,0.006675515323877335,3546.9658203125,0.0016256349626928568
12,3000,40,blocks.6.mlp.fc.weight,mlp_fc,6,192.52838134765625,0.2878828848725414,0.2879301155375756,0.2878828848725414,0.2878828848725414,55.42562584220407,55.43471908569336,1.0001640620805108,0.29129647978286577,0.30749994130445635,0.2878828848725414,0.29129647978286577,0.30749994130445635,0.035,0.025,1.0118575819880218,1.0681424894036349,0.0017644544132053852,2.7629359465208836e-05,2.7629359465208836e-05,7.540593673535056e-05,0.00027058293657182547,0.00010303529620055939,0.00029959477007779735,0.0002982122960370343,0.33169953753234666,True,0.0049268268048763275,2593.560546875,0.00033840755349956453
12,3000,41,blocks.6.mlp.proj.weight,mlp_proj,6,97.0453872680664,0.2855654833397854,0.2857293155553542,0.2855654833397854,0.2855654833397854,27.712812921102035,27.72871208190918,1.0005737115482434,0.28462498524480134,0.30749994130445635,0.2855654833397854,0.28462498524480134,0.30749994130445635,0.035,0.025,0.9967065414069495,1.0768106064785563,0.0029373241122812033,4.0234808693639934e-05,4.0234808693639934e-05,0.00028582311972883193,0.000920429459630777,0.00032605792842247186,0.000976013926113117,0.0009606642683244169,0.7522722334925358,True,0.006442046258598566,3386.191650390625,0.00031029345700517297
12,3000,42,blocks.7.attn.k.weight,attn_k,7,81.99738311767578,0.3379719189493026,0.3362127230540916,0.3379719189493026,0.3379719189493026,27.712812921102035,27.56856346130371,0.9947948459721863,0.3368631994560188,0.30749994130445635,0.3379719189493026,0.3368631994560188,0.30749994130445635,0.035,0.025,0.9967194922680835,0.9098387293844457,0.0006954236887395382,1.550816887174733e-05,1.550816887174733e-05,1.1105108207733036e-05,0.00019681739967255987,2.6613277079480366e-05,0.00020107822418288213,0.0002123255685443072,0.5468761282802851,True,0.0023519902024418116,1237.040283203125,0.0002755403402261436
12,3000,43,blocks.7.attn.proj.weight,attn_proj,7,98.2310562133789,0.2821186495328307,0.2805872093018712,0.2821186495328307,0.2821186495328307,27.712812921102035,27.5623779296875,0.9945716448257049,0.31253522440468956,0.30749994130445635,0.2821186495328307,0.31253522440468956,0.30749994130445635,0.035,0.025,1.107814832242486,1.089966727877279,0.0011708682868629694,1.4885117707308382e-05,1.4885117707308382e-05,5.9297649534606966e-05,0.0004572862316263056,7.418276724191535e-05,0.0004582763257622145,0.000472171349333614,0.8007684545147585,True,0.0036536070983856916,1922.015869140625,0.00010029304394265637
12,3000,44,blocks.7.attn.q.weight,attn_q,7,78.83788299560547,0.3515164520925401,0.3495648205790884,0.3515164520925401,0.3515164520925401,27.712812921102035,27.558950424194336,0.9944479653745095,0.33965917296450515,0.30749994130445635,0.3515164520925401,0.33965917296450515,0.30749994130445635,0.035,0.025,0.9662682100440823,0.8747810791612792,0.0006837556138634682,1.1931957487831824e-05,1.1931957487831824e-05,8.076096755837363e-06,0.00016751300353338595,2.0008054243669187e-05,0.00016950597022560534,0.00017944496102121778,0.7268658312733095,True,0.0023104872088879347,1215.2984619140625,0.0002980671706609428
12,3000,45,blocks.7.attn.v.weight,attn_v,7,106.38574981689453,0.26049365604697855,0.2581337801334194,0.26049365604697855,0.26049365604697855,27.712812921102035,27.461755752563477,0.9909407547601424,0.2895576168683663,0.30749994130445635,0.26049365604697855,0.2895576168683663,0.30749994130445635,0.035,0.025,1.11157262431046,1.1804507870587087,0.0012942096218466759,0.00011167782940901816,0.00011167782940901816,0.00035124854262571755,0.0012491032303326,0.0004629263720347357,0.0013704763000911785,0.0013607810597416183,0.10893167986715763,True,0.007631692104041576,4055.861083984375,0.0022210099268704653
12,3000,46,blocks.7.mlp.fc.weight,mlp_fc,7,190.7159881591797,0.2906186648386473,0.2906307808220686,0.2906186648386473,0.2906186648386473,55.42562584220407,55.42793655395508,1.0000416903141083,0.29129647978286577,0.30749994130445635,0.2906186648386473,0.29129647978286577,0.30749994130445635,0.035,0.025,1.002332317315527,1.0580873787827139,0.0017722889315336943,2.2659471142105758e-05,2.2659471142105758e-05,6.818258821070858e-05,0.00022898910913007382,9.084205935281434e-05,0.0002528395959053509,0.0002516485802721796,0.41010744480006983,True,0.004814515355974436,2529.793212890625,0.00024643700453452766
12,3000,47,blocks.7.mlp.proj.weight,mlp_proj,7,98.08987426757812,0.28252470632702215,0.28266083506081613,0.28252470632702215,0.28252470632702215,27.712812921102035,27.726165771484375,1.0004818294851683,0.28462498524480134,0.30749994130445635,0.28252470632702215,0.28462498524480134,0.30749994130445635,0.035,0.025,1.0074339654930855,1.0884001802961805,0.0030182108748704195,4.2393938201712444e-05,4.2393938201712444e-05,0.0002945301942840832,0.0008973998662357421,0.00033692413248579566,0.0009547324484508987,0.0009397938044374545,0.7258078137392474,True,0.006681122351437807,3511.031005859375,0.0003165339003317058
12,3000,48,blocks.8.attn.k.weight,attn_k,8,80.96231079101562,0.34229276129032277,0.34037723904464495,0.34229276129032277,0.34229276129032277,27.712812921102035,27.557727813720703,0.9944038482191304,0.3368631994560188,0.30749994130445635,0.34229276129032277,0.3368631994560188,0.30749994130445635,0.035,0.025,0.984137666791911,0.898353620290684,0.000593240256421268,1.503237581346184e-05,1.503237581346184e-05,9.527962681530079e-06,0.00015891452048048718,2.456033849499192e-05,0.0001648748510478458,0.00017394689629394902,0.4874387979496158,True,0.0020822633523494005,1091.45361328125,0.0003051888197660446
12,3000,49,blocks.8.attn.proj.weight,attn_proj,8,98.05453491210938,0.2826265296749636,0.2813361428125451,0.2826265296749636,0.2826265296749636,27.712812921102035,27.586284637451172,0.9954343038358795,0.31253522440468956,0.30749994130445635,0.2826265296749636,0.31253522440468956,0.30749994130445635,0.035,0.025,1.10582408793726,1.0880080566325412,0.0010170370806008577,1.0320192814106122e-05,1.0320192814106122e-05,4.913030781008678e-05,0.00037630954701398583,5.94505006241929e-05,0.00037499328383381865,0.00038662973982809195,1.0050352445968025,True,0.0031093053985387087,1637.4931640625,9.214393503498286e-05
12,3000,50,blocks.8.attn.q.weight,attn_q,8,79.52104949951172,0.34849656909108323,0.3464834635151909,0.34849656909108323,0.34849656909108323,27.712812921102035,27.5527286529541,0.9942234565432354,0.33965917296450515,0.30749994130445635,0.34849656909108323,0.33965917296450515,0.30749994130445635,0.035,0.025,0.9746413683508364,0.8823614594153666,0.0005861511453986168,7.869531145843212e-06,7.869531145843212e-06,5.532469548664731e-06,0.00010269255871812274,1.3402000694507943e-05,0.00010453272033341189,0.00011056208986396595,0.936652844338429,True,0.0020583043806254864,1081.0093994140625,0.00016654765931889415
12,3000,51,blocks.8.attn.v.weight,attn_v,8,107.92862701416016,0.2567698087873029,0.25459142634027127,0.2567698087873029,0.2567698087873029,27.712812921102035,27.477703094482422,0.9915162048945025,0.2895576168683663,0.30749994130445635,0.2567698087873029,0.2895576168683663,0.30749994130445635,0.035,0.025,1.127693392910626,1.197570472777725,0.0010631822515279055,5.125010648043826e-05,5.125010648043826e-05,0.00021752967683021877,0.0007910495941696634,0.00026877978331065703,0.0008481210213491607,0.0008422997006501017,0.1922101393741569,True,0.006181439384818077,3267.81982421875,0.0010010066907852888
12,3000,52,blocks.8.mlp.fc.weight,mlp_fc,8,191.95111083984375,0.2887486589668604,0.288784246820354,0.2887486589668604,0.2887486589668604,55.42562584220407,55.432456970214844,1.0001232485498714,0.29129647978286577,0.30749994130445635,0.2887486589668604,0.29129647978286577,0.30749994130445635,0.035,0.025,1.0088236628530898,1.0649398075291079,0.0017366626998409629,2.1604013454634696e-05,2.1604013454634696e-05,6.416538492885594e-05,0.00021281624589757574,8.576939838349064e-05,0.00023538849216477367,0.00023442025935221044,0.41878431532307064,True,0.004560672212392092,2396.36572265625,0.0002459745155647397
12,3000,53,blocks.8.mlp.proj.weight,mlp_proj,8,99.31487274169922,0.27903990768007386,0.2791573224420611,0.27903990768007386,0.27903990768007386,27.712812921102035,27.72447395324707,1.0004207812529977,0.28462498524480134,0.30749994130445635,0.27903990768007386,0.28462498524480134,0.30749994130445635,0.035,0.025,1.0200153361974693,1.1019927001159011,0.0029565636068582535,3.89407214242965e-05,3.89407214242965e-05,0.0002717056541520164,0.0007852774187004008,0.0003106463755763129,0.0008370148147384002,0.0008242181401246973,0.7644849554512981,True,0.006453196983784437,3389.73291015625,0.00028179437504149973
12,3000,54,blocks.9.attn.k.weight,attn_k,9,80.9375991821289,0.34239726902130607,0.3404787582363148,0.34239726902130607,0.34239726902130607,27.712812921102035,27.557533264160156,0.9943968280165584,0.3368631994560188,0.30749994130445635,0.34239726902130607,0.3368631994560188,0.30749994130445635,0.035,0.025,0.9838372847391404,0.8980794215543869,0.0005650022067129612,1.0661167834769003e-05,1.0661167834769003e-05,9.404067327649996e-06,0.0001725532678776448,2.0065235162419e-05,0.0001732419481559685,0.0001832144357124138,0.6547794574676988,True,0.0019168680300936103,1005.0593872070312,0.0001983015681616962
12,3000,55,blocks.9.attn.proj.weight,attn_proj,9,102.45999908447266,0.27047445997197733,0.26911591132358714,0.27047445997197733,0.27047445997197733,27.712812921102035,27.57361602783203,0.9949771647625127,0.31253522440468956,0.30749994130445635,0.27047445997197733,0.31253522440468956,0.30749994130445635,0.035,0.025,1.1555073423090296,1.1368908596261365,0.0008637730497866869,9.23443258216139e-06,9.23443258216139e-06,4.232931875458455e-05,0.00033231154740750123,5.156375133674594e-05,0.00033059300032781136,0.0003415459799896626,0.9129249723723856,True,0.003121637972071767,1649.260009765625,0.00014494523929897696
12,3000,56,blocks.9.attn.q.weight,attn_q,9,80.2850112915039,0.34518040759165614,0.3431972675016305,0.34518040759165614,0.34518040759165614,27.712812921102035,27.55359649658203,0.9942547721527478,0.33965917296450515,0.30749994130445635,0.34518040759165614,0.33965917296450515,0.30749994130445635,0.035,0.025,0.9840047855969782,0.8908383400144331,0.0005626403726637363,8.033530320972204e-06,8.033530320972204e-06,5.706351111002239e-06,0.00012418375890551172,1.3739881431974443e-05,0.00012471375092124135,0.00013221728922648392,0.8723484265865786,True,0.001884096534922719,987.3350219726562,0.00021446052414830774
12,3000,57,blocks.9.attn.v.weight,attn_v,9,112.76268005371094,0.24576227620611635,0.24335109603972171,0.24576227620611635,0.24576227620611635,27.712812921102035,27.440921783447266,0.9901889736552966,0.2895576168683663,0.30749994130445635,0.24576227620611635,0.2895576168683663,0.30749994130445635,0.035,0.025,1.1782020468654824,1.2512088757127304,0.0009582139318808913,4.687003820436075e-05,4.687003820436075e-05,0.00018702270802639333,0.0006846981760630404,0.00023389274623075409,0.0007363987581564484,0.0007315682142674012,0.18130166151725918,True,0.0059711565263569355,3162.238037109375,0.0009427384356968105
12,3000,58,blocks.9.mlp.fc.weight,mlp_fc,9,192.33412170410156,0.2881736498502029,0.28822269341804235,0.2881736498502029,0.2881736498502029,55.42562584220407,55.43505859375,1.0001701875513827,0.29129647978286577,0.30749994130445635,0.2881736498502029,0.29129647978286577,0.30749994130445635,0.035,0.025,1.0108366255356316,1.0670647419162007,0.0017793120350688696,2.261657573399134e-05,2.261657573399134e-05,6.062833451471403e-05,0.00020490019716198733,8.324491024870537e-05,0.0002282904211058422,0.00022751677289597867,0.40904296384170596,True,0.004629260394722223,2429.8408203125,0.000243876944296062
12,3000,59,blocks.9.mlp.proj.weight,mlp_proj,9,100.64189147949219,0.27536061289894453,0.2754236986191059,0.27536061289894453,0.27536061289894453,27.712812921102035,27.719161987304688,1.0002291021925753,0.28462498524480134,0.30749994130445635,0.27536061289894453,0.28462498524480134,0.30749994130445635,0.035,0.025,1.0336445080083285,1.1167172315138139,0.0030893206130713224,4.485834506340325e-05,4.485834506340325e-05,0.0002748736294221122,0.0007571793050687706,0.00031973197448551547,0.0008140360732090701,0.0008020376501321738,0.6842911834435508,True,0.006867757998406887,3605.8701171875,0.00038648422923870385
12,3000,60,blocks.10.attn.k.weight,attn_k,10,80.08197784423828,0.3460555504136554,0.3443761518714996,0.3460555504136554,0.3460555504136554,27.712812921102035,27.578323364257812,0.9951470261345496,0.3368631994560188,0.30749994130445635,0.3460555504136554,0.3368631994560188,0.30749994130445635,0.035,0.025,0.973436776417403,0.8885854913665976,0.00048119507846422493,8.736105883144774e-06,8.736105883144774e-06,7.959157308064076e-06,0.00012697261755779927,1.669526319120885e-05,0.00012851499612756459,0.00013570872344094404,0.6878100179437151,True,0.0015638242475688457,821.273681640625,0.00014693572302348912
12,3000,61,blocks.10.attn.proj.weight,attn_proj,10,99.4798355102539,0.27857718882381477,0.27709400115238436,0.27857718882381477,0.27857718882381477,27.712812921102035,27.565265655517578,0.9946758466560388,0.31253522440468956,0.30749994130445635,0.27857718882381477,0.31253522440468956,0.30749994130445635,0.035,0.025,1.1218981199582405,1.1038231184784253,0.0007599917589686811,7.690674465266056e-06,7.690674465266056e-06,3.670037432322299e-05,0.00028881106908555475,4.4391048788489046e-05,0.0002872991196861066,0.0002965017435508208,0.9933662390420821,True,0.0027908303309231997,1475.15283203125,0.00014077158994041383
12,3000,62,blocks.10.attn.q.weight,attn_q,10,79.89281463623047,0.34687491043199015,0.3450652190458613,0.34687491043199015,0.34687491043199015,27.712812921102035,27.5682315826416,0.9947828703325046,0.33965917296450515,0.30749994130445635,0.34687491043199015,0.33965917296450515,0.30749994130445635,0.035,0.025,0.9791978685962075,0.8864865461774185,0.0004618233651854098,4.796345820068382e-06,4.796345820068382e-06,3.5560598151967642e-06,7.98790857990618e-05,8.352405635265146e-06,7.990406579966343e-05,8.467543161913018e-05,1.2051960270561033,True,0.0015211728168651462,799.6961059570312,0.00011096333764726296
12,3000,63,blocks.10.attn.v.weight,attn_v,10,110.39087677001953,0.25104260181606247,0.24877230201380604,0.25104260181606247,0.25104260181606247,27.712812921102035,27.46219253540039,0.9909565158031717,0.2895576168683663,0.30749994130445635,0.25104260181606247,0.2895576168683663,0.30749994130445635,0.035,0.025,1.1534202353452485,1.2248914689378492,0.0007813260308466852,2.4347336875507608e-05,2.4347336875507608e-05,0.00010852166535326203,0.00043333958531691704,0.00013286900222876964,0.00046092849357992264,0.00045768692219242465,0.29070174994826836,True,0.004303272347897291,2274.04736328125,0.0004440738121047616
12,3000,64,blocks.10.mlp.fc.weight,mlp_fc,10,191.99253845214844,0.2886863535898202,0.28870071368606676,0.2886863535898202,0.2886863535898202,55.42562584220407,55.428382873535156,1.0000497428994115,0.29129647978286577,0.30749994130445635,0.2886863535898202,0.29129647978286577,0.30749994130445635,0.035,0.025,1.0090413909787859,1.0651696468526788,0.0018405484734103084,2.3561446141684428e-05,2.3561446141684428e-05,5.767913422286572e-05,0.0002006035640494207,8.124058036455015e-05,0.0002248530509093618,0.00022416501019110514,0.40687496273416485,True,0.004705450031906366,2471.41357421875,0.0002309306728420779
12,3000,65,blocks.10.mlp.proj.weight,mlp_proj,10,101.9451904296875,0.27184031737344005,0.2717830238524284,0.27184031737344005,0.27184031737344005,27.712812921102035,27.706972122192383,0.9997892383235769,0.28462498524480134,0.30749994130445635,0.27184031737344005,0.28462498524480134,0.30749994130445635,0.035,0.025,1.0470300652783537,1.1311785693732432,0.003352127969264984,6.686808046652004e-05,6.686808046652004e-05,0.00033043404272799644,0.0008746661881562733,0.0003973021231945165,0.000955033551008656,0.0009415342686227933,0.49173938285795754,True,0.008001873269677162,4215.50048828125,0.0007847441011108458
12,3000,66,blocks.11.attn.k.weight,attn_k,11,80.16324615478516,0.3457047244268536,0.343849934858683,0.3457047244268536,0.3457047244268536,27.712812921102035,27.56412696838379,0.9946347578233378,0.3368631994560188,0.30749994130445635,0.3457047244268536,0.3368631994560188,0.30749994130445635,0.035,0.025,0.9744246336653534,0.8894872403443799,0.0005444536218419671,1.0967928574245889e-05,1.0967928574245889e-05,7.6657611809148e-06,0.00013566220878444212,1.8633689755160688e-05,0.00013896401396512796,0.000146630137358688,0.6192428236611536,True,0.0018754893681034446,984.4336547851562,0.00021382451814133674
12,3000,67,blocks.11.attn.proj.weight,attn_proj,11,106.74695587158203,0.2596122080936988,0.2577426625823858,0.2596122080936988,0.2596122080936988,27.712812921102035,27.51324462890625,0.9927986995486906,0.31253522440468956,0.30749994130445635,0.2596122080936988,0.31253522440468956,0.30749994130445635,0.035,0.025,1.2038541126382234,1.1844587107917284,0.0009864334715530276,2.5435623683733866e-05,2.5435623683733866e-05,4.258537184197515e-05,0.00042917657963109423,6.802099552570902e-05,0.0004397760290852995,0.0004546122033148281,0.3633037747544473,True,0.004837899934500456,2577.60986328125,0.0009547715890221298
12,3000,68,blocks.11.attn.q.weight,attn_q,11,79.78937530517578,0.34732460073922095,0.34542982876612677,0.34732460073922095,0.34732460073922095,27.712812921102035,27.561630249023438,0.9945446652236635,0.33965917296450515,0.30749994130445635,0.34732460073922095,0.33965917296450515,0.30749994130445635,0.035,0.025,0.9779300753289538,0.8853387887008158,0.000551548320800066,7.716442269156687e-06,7.716442269156687e-06,5.809533758850112e-06,0.00011285119732163815,1.3525976028006799e-05,0.00011385565085273245,0.00012056763959079484,0.8958213124158674,True,0.0018593898275867105,976.5829467773438,0.0001866210950538516
12,3000,69,blocks.11.attn.v.weight,attn_v,11,117.61016845703125,0.23563279676133517,0.2337759156427968,0.23563279676133517,0.23563279676133517,27.712812921102035,27.49442481994629,0.9921195981881199,0.2895576168683663,0.30749994130445635,0.23563279676133517,0.2895576168683663,0.30749994130445635,0.035,0.025,1.2288510803597932,1.3049963567504277,0.0008996721589937806,2.713295725698117e-05,2.713295725698117e-05,8.884262071059055e-05,0.0003907256950618272,0.00011597557796757172,0.00042059362846395484,0.00041785865231880835,0.281930640785724,True,0.004722722340375185,2489.706787109375,0.00047132125473581254
12,3000,70,blocks.11.mlp.fc.weight,mlp_fc,11,188.1276397705078,0.2946171328669004,0.29461923640534826,0.2946171328669004,0.2946171328669004,55.42562584220407,55.426021575927734,1.0000071399053714,0.29129647978286577,0.30749994130445635,0.2946171328669004,0.29129647978286577,0.30749994130445635,0.035,0.025,0.9887289206444936,1.0437272887431703,0.0020639686845242977,8.148983761202544e-05,8.148983761202544e-05,7.503843642979436e-05,0.0003002200113850057,0.0001565282740418198,0.00038246115784065896,0.00038170984899703114,0.1346316115641613,True,0.005330426152795553,2853.94287109375,0.002220677910372615
12,3000,71,blocks.11.mlp.proj.weight,mlp_proj,11,103.8349609375,0.2668928910926527,0.2668139729031641,0.2668928910926527,0.2668928910926527,27.712812921102035,27.704618453979492,0.9997043076375584,0.28462498524480134,0.30749994130445635,0.2668928910926527,0.28462498524480134,0.30749994130445635,0.035,0.025,1.0664389901115534,1.1521473653552907,0.004384474363178015,0.00046732454211451113,0.00046732454211451113,0.0005339594370731397,0.001673955079045962,0.0010012839791876508,0.0021697161604602214,0.002141279621160473,0.09035565573499477,True,0.015304073691368103,8263.57421875,0.0162667129188776
13,3250,0,blocks.0.attn.k.weight,attn_k,0,85.51204681396484,0.3240808044437582,0.32260612397937394,0.3240808044437582,0.3240808044437582,27.712812921102035,27.58670997619629,0.9954496519258165,0.34129502654121985,0.3114578619309607,0.3240808044437582,0.34129502654121985,0.3114578619309607,0.035,0.025,1.053117067908442,0.9610500148737192,0.000679493066854775,1.5327659639297053e-05,1.5327659639297053e-05,8.144186287834136e-06,0.0001728245232351977,2.347184592713119e-05,0.00017804693560368018,0.00018815218287449476,0.518420157821886,True,0.0019591758027672768,1026.347412109375,0.00017617610865272582
13,3250,1,blocks.0.attn.proj.weight,attn_proj,0,76.58914947509766,0.3618373243603212,0.35945829800751483,0.3618373243603212,0.3618373243603212,27.712812921102035,27.53060531616211,0.9934251493899711,0.31642882258651306,0.3114578619309607,0.3618373243603212,0.31642882258651306,0.3114578619309607,0.035,0.025,0.8745057551647439,0.860767646017656,0.00126990070566535,2.538404987717513e-05,2.538404987717513e-05,7.706709450168568e-05,0.0006282666038219721,0.00010245114437886081,0.0006371970123290661,0.0006536506536991472,0.6531931255173972,True,0.004130499437451363,2161.833984375,0.0002666842192411423
13,3250,2,blocks.0.attn.q.weight,attn_q,0,86.34707641601562,0.3209467427430105,0.3193618500039371,0.3209467427430105,0.3209467427430105,27.712812921102035,27.57596206665039,0.9950618201464696,0.3442218494282017,0.3114578619309607,0.3209467427430105,0.3442218494282017,0.3114578619309607,0.035,0.025,1.0725201523663013,0.9704347184490738,0.0007122579263523221,1.4827850463916548e-05,1.4827850463916548e-05,6.821775329044854e-06,0.00014800048755892107,2.16496257929614e-05,0.00015364185161676104,0.00016282833802283762,0.5563030689213322,True,0.00210513174533844,1103.418701171875,0.00017410964937880635
13,3250,3,blocks.0.attn.v.weight,attn_v,0,81.00370025634766,0.34211786416424095,0.3394771249648057,0.34211786416424095,0.34211786416424095,27.712812921102035,27.498903274536133,0.9922812004983074,0.29304525521727404,0.3114578619309607,0.34211786416424095,0.29304525521727404,0.3114578619309607,0.035,0.025,0.8565622725757209,0.9103817559828993,0.0011624024482443929,3.6550140066538006e-05,3.6550140066538006e-05,0.00018425650053949,0.0007158528102838838,0.000220806640606028,0.0007596439784527326,0.0007524029503504218,0.3926111348463084,True,0.004837470129132271,2524.08056640625,0.0006818902329541743
13,3250,4,blocks.0.mlp.fc.weight,mlp_fc,0,176.5111541748047,0.3140063646477224,0.3141164271447492,0.3140063646477224,0.3140063646477224,55.42562584220407,55.44505310058594,1.000350510401762,0.2950922816039934,0.3114578619309607,0.3140063646477224,0.2950922816039934,0.3114578619309607,0.035,0.025,0.9397652876719607,0.991883913819324,0.0020714877173304558,3.519611345836893e-05,3.519611345836893e-05,8.163129783790856e-05,0.0003171456163350896,0.00011682741129627748,0.00035488247188564015,0.0003523417297934585,0.3334383120539706,True,0.0050162035040557384,2628.697509765625,0.0005109923076815903
13,3250,5,blocks.0.mlp.proj.weight,mlp_proj,0,89.8173828125,0.3085462084656202,0.3085852131875625,0.3085462084656202,0.3085462084656202,27.712812921102035,27.71631622314453,1.0001264145235804,0.28838035035146725,0.3114578619309607,0.3085462084656202,0.28838035035146725,0.3114578619309607,0.035,0.025,0.9346423402366977,1.0094366852855523,0.0044282181188464165,0.00018615761655382812,0.00018615761655382812,0.00044522743372649447,0.0020978301167624003,0.0006313850502803226,0.002324838145065699,0.0022839877333162284,0.26484257312988413,True,0.01241675391793251,6492.8173828125,0.00266130268573761
13,3250,6,blocks.1.attn.k.weight,attn_k,1,81.85717010498047,0.3385508304961045,0.335115660717126,0.3385508304961045,0.3385508304961045,27.712812921102035,27.43161964416504,0.989853311616632,0.34129502654121985,0.3114578619309607,0.3385508304961045,0.34129502654121985,0.3114578619309607,0.035,0.025,1.0081057135234142,0.9199737052027241,0.0004927817499265075,2.4628694518469274e-05,2.4628694518469274e-05,1.5444488178761233e-05,0.0002123541004898868,4.007318269723051e-05,0.00022520141403489514,0.00023698279500835608,0.24443111953858176,True,0.0018607480451464653,974.462646484375,0.0005446632276289165
13,3250,7,blocks.1.attn.proj.weight,attn_proj,1,73.19329071044922,0.3786250440731407,0.3757966125510198,0.3786250440731407,0.3786250440731407,27.712812921102035,27.50579071044922,0.9925297294344603,0.31642882258651306,0.3114578619309607,0.3786250440731407,0.31642882258651306,0.3114578619309607,0.035,0.025,0.8357313588727826,0.822602378808294,0.001532307593151927,5.1817660278175026e-05,5.1817660278175026e-05,0.0001315225161399947,0.0011908540503649965,0.00018334017641816972,0.0012109291769677893,0.0012426717106431716,0.404014433969916,True,0.0062783630564808846,3276.30908203125,0.0008682252373546362
13,3250,8,blocks.1.attn.q.weight,attn_q,1,83.91529846191406,0.3302474450910738,0.32703426764709614,0.3302474450910738,0.3302474450910738,27.712812921102035,27.443178176879883,0.990270394240029,0.3442218494282017,0.3114578619309607,0.3302474450910738,0.3442218494282017,0.3114578619309607,0.035,0.025,1.0423149506373142,0.9431045313463927,0.0004726674815174192,1.1961968994000927e-05,1.1961968994000927e-05,9.453466611564754e-06,0.00016065058827496062,2.141543560556568e-05,0.00016297082140848582,0.00017261255726896155,0.47088180432836096,True,0.001780024846084416,931.9364013671875,0.00017656841373536736
13,3250,9,blocks.1.attn.v.weight,attn_v,1,74.13423156738281,0.37381938593257064,0.36859578578483515,0.37381938593257064,0.37381938593257064,27.712812921102035,27.325565338134766,0.986026406483176,0.29304525521727404,0.3114578619309607,0.37381938593257064,0.29304525521727404,0.3114578619309607,0.035,0.025,0.7839220389445865,0.8331773943557366,0.0012805613223463297,8.37485640658997e-05,8.37485640658997e-05,0.00032848789643102585,0.0011860539470655367,0.00041223646049692555,0.001281725073144679,0.0012698025111314364,0.20625487425221126,True,0.007406671531498432,3870.5478515625,0.002010903786867857
13,3250,10,blocks.1.mlp.fc.weight,mlp_fc,1,188.58221435546875,0.2939069627092687,0.29380126457610556,0.2939069627092687,0.2939069627092687,55.42562584220407,55.40569305419922,0.9996403687337406,0.2950922816039934,0.3114578619309607,0.2939069627092687,0.2950922816039934,0.3114578619309607,0.035,0.025,1.004032973168782,1.0597158334049175,0.0014720228500664234,3.110565376118757e-05,3.110565376118757e-05,7.077172545606439e-05,0.00026386323120945385,0.00010187737921725196,0.0002969997566827828,0.0002949688849706414,0.2509426541325863,True,0.004463914781808853,2335.28955078125,0.00033363126567564905
13,3250,11,blocks.1.mlp.proj.weight,mlp_proj,1,93.46723175048828,0.2964976324010715,0.29653325700719557,0.2964976324010715,0.2964976324010715,27.712812921102035,27.716142654418945,1.000120151401678,0.28838035035146725,0.3114578619309607,0.2964976324010715,0.28838035035146725,0.3114578619309607,0.035,0.025,0.9726227761622593,1.050456489007145,0.002767412457615137,4.521998926065862e-05,4.521998926065862e-05,0.00024432124144770166,0.000991817582704255,0.0002895412307083603,0.0010558349174860796,0.0010370375719649136,0.6547628893476165,True,0.006223306059837341,3257.452880859375,0.0003964003990404308
13,3250,12,blocks.2.attn.k.weight,attn_k,2,82.65460205078125,0.33528457258890276,0.3331984610249603,0.33528457258890276,0.33528457258890276,27.712812921102035,27.540386199951172,0.993778086633004,0.34129502654121985,0.3114578619309607,0.33528457258890276,0.34129502654121985,0.3114578619309607,0.035,0.025,1.0179264256208012,0.9289358574599365,0.0006862842128612101,1.5973169865901582e-05,1.5973169865901582e-05,1.7748262540997765e-05,0.00019288075703196417,3.372143240689935e-05,0.0001985846060487936,0.00020885392689786575,0.5198114710389878,True,0.0023721230681985617,1237.8343505859375,0.00046265352284535766
13,3250,13,blocks.2.attn.proj.weight,attn_proj,2,73.17829132080078,0.3787026510309448,0.3762303572126674,0.3787026510309448,0.3787026510309448,27.712812921102035,27.53189468383789,0.9934716754383895,0.31642882258651306,0.3114578619309607,0.3787026510309448,0.31642882258651306,0.3114578619309607,0.035,0.025,0.8355600937175822,0.822433804154993,0.0013820665189996362,3.28816422552336e-05,3.28816422552336e-05,0.0001250526529857999,0.00099894059326309,0.0001579342952410335,0.0010057458136494822,0.0010318222355183235,0.5743718956580053,True,0.004977602977305651,2599.6240234375,0.00043160247150808573
13,3250,14,blocks.2.attn.q.weight,attn_q,2,81.6738510131836,0.33931071667759,0.33714640283115527,0.33931071667759,0.33931071667759,27.712812921102035,27.53604507446289,0.9936214397599262,0.3442218494282017,0.3114578619309607,0.33931071667759,0.3442218494282017,0.3114578619309607,0.035,0.025,1.0144738509844304,0.9179134245468149,0.0006395297241397202,1.4302763702289667e-05,1.4302763702289667e-05,1.4407359373686347e-05,0.00017644204983502084,2.8710123075976014e-05,0.0001808269766051184,0.0001907448135373105,0.5474667367868227,True,0.0023984936997294426,1253.875244140625,0.00043869897490367293
13,3250,15,blocks.2.attn.v.weight,attn_v,2,77.89404296875,0.35577576750278617,0.3512349202642768,0.35577576750278617,0.35577576750278617,27.712812921102035,27.359107971191406,0.9872367719972122,0.29304525521727404,0.3114578619309607,0.35577576750278617,0.29304525521727404,0.3114578619309607,0.035,0.025,0.8236796375261256,0.875433040639907,0.0013436229201033711,0.00014687146176584065,0.00014687146176584065,0.00047338252218582003,0.0016674853800476707,0.0006202539839516607,0.0018287161722395147,0.0018143568418135113,0.11744532675435423,True,0.01036703772842884,5400.31689453125,0.003931534010916948
13,3250,16,blocks.2.mlp.fc.weight,mlp_fc,2,188.4088592529297,0.2941773866790302,0.2941275537529131,0.2941773866790302,0.2941773866790302,55.42562584220407,55.416236877441406,0.9998306024583395,0.2950922816039934,0.3114578619309607,0.2941773866790302,0.2950922816039934,0.3114578619309607,0.035,0.025,1.0031100110558853,1.0587416845564164,0.0016882946947589517,3.448464485700242e-05,3.448464485700242e-05,8.88382313910922e-05,0.00032285007420349,0.00012332287624809463,0.0003596297864081031,0.0003573347190604924,0.2598490766569309,True,0.005433601792901754,2841.67626953125,0.00047871802235022187
13,3250,17,blocks.2.mlp.proj.weight,mlp_proj,2,93.10773468017578,0.2976424355752537,0.2975606115693116,0.2976424355752537,0.2976424355752537,27.712812921102035,27.7051944732666,0.9997250929432129,0.28838035035146725,0.3114578619309607,0.2976424355752537,0.28838035035146725,0.3114578619309607,0.035,0.025,0.9688818390231029,1.046416185007376,0.00301094027236104,7.394452404696494e-05,7.394452404696494e-05,0.00038498841334539953,0.001406152561732096,0.00045893293739236447,0.0015042702905281953,0.001480097085779061,0.43733109980425344,True,0.008085459470748901,4213.00439453125,0.0009093648986890912
13,3250,18,blocks.3.attn.k.weight,attn_k,3,81.95172119140625,0.3381602304163454,0.3360609281170618,0.3381602304163454,0.3381602304163454,27.712812921102035,27.540771484375,0.9937919893871173,0.34129502654121985,0.3114578619309607,0.3381602304163454,0.34129502654121985,0.3114578619309607,0.035,0.025,1.0092701501918628,0.9210363428824597,0.0006262729875743389,1.8137678125640377e-05,1.8137678125640377e-05,2.0087633034165173e-05,0.00023500952001391073,3.822531115980555e-05,0.00024058381689131774,0.0002531471981395511,0.4213314813451222,True,0.002312165917828679,1210.9814453125,0.00048029673052951694
13,3250,19,blocks.3.attn.proj.weight,attn_proj,3,75.20616149902344,0.36849125615142436,0.366271830504969,0.36849125615142436,0.36849125615142436,27.712812921102035,27.5458984375,0.9939769923725449,0.31642882258651306,0.3114578619309607,0.36849125615142436,0.31642882258651306,0.3114578619309607,0.035,0.025,0.8587146025969277,0.845224565662348,0.0012662524823099375,2.332967778784223e-05,2.332967778784223e-05,0.00010627814931340833,0.0008086451336310428,0.00012960782710125056,0.0008110848317597955,0.0008319748114188851,0.7217023942645574,True,0.004143671598285437,2167.244873046875,0.0002186507044825703
13,3250,20,blocks.3.attn.q.weight,attn_q,3,81.38292694091797,0.3405236695556657,0.33803159044467757,0.3405236695556657,0.3405236695556657,27.712812921102035,27.510000228881836,0.9926816273469747,0.3442218494282017,0.3114578619309607,0.3405236695556657,0.3442218494282017,0.3114578619309607,0.035,0.025,1.0108602725835816,0.9146437965307032,0.0006055018166080117,1.7359296180075034e-05,1.7359296180075034e-05,1.427985598975088e-05,0.00021116271619988673,3.1639152169825914e-05,0.00021646046367913732,0.00022852201237996177,0.4285978934588595,True,0.00243373797275126,1274.119384765625,0.00047568936133757234
13,3250,21,blocks.3.attn.v.weight,attn_v,3,80.03997039794922,0.346237171044882,0.34170759143146956,0.346237171044882,0.346237171044882,27.712812921102035,27.350265502929688,0.986917696907762,0.29304525521727404,0.3114578619309607,0.346237171044882,0.29304525521727404,0.3114578619309607,0.035,0.025,0.8463714462919038,0.899550620145828,0.0012849452905356884,0.0001233510993188247,0.0001233510993188247,0.0004324886884816986,0.0014816456470351986,0.0005558397878005233,0.0016188906175422177,0.0016049967463540233,0.13014715931254503,True,0.008910036645829678,4641.55419921875,0.0031981035135686398
13,3250,22,blocks.3.mlp.fc.weight,mlp_fc,3,189.02513122558594,0.29321829051428167,0.29317416980418964,0.29321829051428167,0.29321829051428167,55.42562584220407,55.41728591918945,0.9998495294750778,0.2950922816039934,0.3114578619309607,0.29321829051428167,0.2950922816039934,0.3114578619309607,0.035,0.025,1.006391112527206,1.062204753273366,0.001761700725182891,4.661529601435177e-05,4.661529601435177e-05,0.00010016945179672432,0.0003947386915987123,0.0001467847478110761,0.0004439126068848627,0.00044135398761306404,0.19993284156095592,True,0.005913306027650833,3089.800048828125,0.0006933392724022269
13,3250,23,blocks.3.mlp.proj.weight,mlp_proj,3,93.69032287597656,0.29579162575613205,0.29584799177992055,0.29579162575613205,0.29579162575613205,27.712812921102035,27.718093872070312,1.0001905599039445,0.28838035035146725,0.3114578619309607,0.29579162575613205,0.28838035035146725,0.3114578619309607,0.035,0.025,0.9749442690078891,1.0529637583037756,0.0031364443711936474,0.0001571587345097214,0.0001571587345097214,0.0005391813114729021,0.001854101002416756,0.0006963400459826235,0.002041000127199916,0.0020112597369264774,0.21301212773732384,True,0.012124034576117992,6268.23046875,0.003496375633403659
13,3250,24,blocks.4.attn.k.weight,attn_k,4,81.77593231201172,0.33888715343978315,0.3364874257536087,0.33888715343978315,0.33888715343978315,27.712812921102035,27.516572952270508,0.9929188000730846,0.34129502654121985,0.3114578619309607,0.33888715343978315,0.34129502654121985,0.3114578619309607,0.035,0.025,1.0071052357016081,0.9190606925331669,0.0005745346425101161,1.618990791030228e-05,1.618990791030228e-05,1.2261020425005891e-05,0.00025663145172855154,2.8450928335308172e-05,0.00025772371120985496,0.0002728213596388538,0.433956639801376,True,0.0022270316258072853,1169.234619140625,0.00022557840566150844
13,3250,25,blocks.4.attn.proj.weight,attn_proj,4,80.4312515258789,0.34455280000442845,0.34225284177006743,0.34455280000442845,0.34455280000442845,27.712812921102035,27.52782440185547,0.9933248017885002,0.31642882258651306,0.3114578619309607,0.34455280000442845,0.31642882258651306,0.3114578619309607,0.035,0.025,0.918375420494177,0.9039481377802113,0.001229938818141818,1.8247726984554902e-05,1.8247726984554902e-05,9.0562549825696e-05,0.0006628030070150778,0.0001088102768102509,0.0006631674208203559,0.0006810507339996327,0.838011362996748,True,0.0038257488049566746,2002.206787109375,0.00012255736510269344
13,3250,26,blocks.4.attn.q.weight,attn_q,4,81.23894500732422,0.34112718867291475,0.33859495888065033,0.34112718867291475,0.34112718867291475,27.712812921102035,27.507097244262695,0.9925768749125176,0.3442218494282017,0.3114578619309607,0.34112718867291475,0.3442218494282017,0.3114578619309607,0.035,0.025,1.0090718677902109,0.9130256170509995,0.0005403516115620732,1.4080345863476396e-05,1.4080345863476396e-05,8.415763684442202e-06,0.00017208881147325042,2.2496109547918598e-05,0.00017571495777925778,0.00018616915733672682,0.4723879963480051,True,0.0021823872812092304,1146.6864013671875,0.0003355788649059832
13,3250,27,blocks.4.attn.v.weight,attn_v,4,85.83846282958984,0.3228484295684405,0.318631694604725,0.3228484295684405,0.3228484295684405,27.712812921102035,27.350854873657227,0.9869389639920243,0.29304525521727404,0.3114578619309607,0.3228484295684405,0.29304525521727404,0.3114578619309607,0.035,0.025,0.9076867916284892,0.9647185285903176,0.0012579804752022028,0.00013213857891969383,0.00013213857891969383,0.00046967444184363536,0.0015755589597060845,0.0006018130207633292,0.001721295582984379,0.0017076975386257783,0.11090786289988086,True,0.009085468016564846,4736.81591796875,0.0032483807299286127
13,3250,28,blocks.4.mlp.fc.weight,mlp_fc,4,189.38038635253906,0.29266824780379885,0.29263077649094016,0.29266824780379885,0.29266824780379885,55.42562584220407,55.41852951049805,0.9998719665931022,0.2950922816039934,0.3114578619309607,0.29266824780379885,0.2950922816039934,0.3114578619309607,0.035,0.025,1.0082825308805607,1.0642010681656118,0.0017530039185658097,4.0770217310637236e-05,4.0770217310637236e-05,9.733696221043606e-05,0.00034769062811531714,0.0001381071795210733,0.00039069491809757526,0.00038846084542595437,0.22704129872142942,True,0.005467458162456751,2858.17333984375,0.0005022089462727308
13,3250,29,blocks.4.mlp.proj.weight,mlp_proj,4,94.6287612915039,0.29285824460633814,0.2928026286159947,0.29285824460633814,0.29285824460633814,27.712812921102035,27.707550048828125,0.9998100924547467,0.28838035035146725,0.3114578619309607,0.29285824460633814,0.28838035035146725,0.3114578619309607,0.035,0.025,0.9847096868968463,1.0635106494940045,0.003060480346903205,0.00016333014355041087,0.00016333014355041087,0.0005174553819998865,0.0016941806299476817,0.0006807855255502973,0.0018838448730651533,0.0018575107734980926,0.1980159146219674,True,0.012473957613110542,6462.39208984375,0.003982054069638252
13,3250,30,blocks.5.attn.k.weight,attn_k,5,81.23817443847656,0.34113042436828206,0.3389304849244656,0.34113042436828206,0.34113042436828206,27.712812921102035,27.534093856811523,0.9935510312576596,0.34129502654121985,0.3114578619309607,0.34113042436828206,0.34129502654121985,0.3114578619309607,0.035,0.025,1.0004825197671612,0.9130169568068573,0.0006840256974101067,2.187797326769214e-05,2.187797326769214e-05,2.135372064475561e-05,0.00021673594495842446,4.323169391244775e-05,0.00022750305141551092,0.0002386139182261166,0.3848621261106876,True,0.0024648995604366064,1294.223388671875,0.0005297636962495744
13,3250,31,blocks.5.attn.proj.weight,attn_proj,5,85.19552612304688,0.32528483809204667,0.3235038303004561,0.32528483809204667,0.32528483809204667,27.712812921102035,27.561079025268555,0.9945247746497093,0.31642882258651306,0.3114578619309607,0.32528483809204667,0.31642882258651306,0.3114578619309607,0.035,0.025,0.9727745825551586,0.9574927124111045,0.0011226530186831951,1.680003697401844e-05,1.680003697401844e-05,8.16754362516204e-05,0.0005990467790728928,9.847547322563885e-05,0.0005997086944874746,0.0006158468160469112,0.7843655696120938,True,0.0035012580920010805,1832.066650390625,0.00012141053593950346
13,3250,32,blocks.5.attn.q.weight,attn_q,5,78.98077392578125,0.35088049336087723,0.3486159855597354,0.35088049336087723,0.35088049336087723,27.712812921102035,27.533960342407227,0.9935462134715809,0.3442218494282017,0.3114578619309607,0.35088049336087723,0.3442218494282017,0.3114578619309607,0.035,0.025,0.9810230432906193,0.8876465572300404,0.0006245982949621975,1.2208392945467494e-05,1.2208392945467494e-05,1.4039446650925442e-05,0.0001842538400810425,2.6247839596392937e-05,0.00018620892973191986,0.00019646223302650998,0.6477701182582861,True,0.002272144891321659,1195.6688232421875,0.00029833082226105034
13,3250,33,blocks.5.attn.v.weight,attn_v,5,91.50408935546875,0.30285873687508347,0.2991623090735512,0.30285873687508347,0.30285873687508347,27.712812921102035,27.374574661254883,0.9877948781016885,0.29304525521727404,0.3114578619309607,0.30285873687508347,0.29304525521727404,0.3114578619309607,0.035,0.025,0.9675971650708658,1.028393188007728,0.0011534724617376924,0.00010021126945503056,0.00010021126945503056,0.0003786740265346234,0.00130229699621816,0.000478885295989654,0.0014150709349126129,0.0014025082656731905,0.12579117201279974,True,0.007950413972139359,4165.0517578125,0.002214449690654874
13,3250,34,blocks.5.mlp.fc.weight,mlp_fc,5,189.369140625,0.29268562797125,0.29271622181740203,0.29268562797125,0.29268562797125,55.42562584220407,55.431419372558594,1.0001045280096794,0.2950922816039934,0.3114578619309607,0.29268562797125,0.2950922816039934,0.3114578619309607,0.035,0.025,1.0082226573591098,1.0641378741068717,0.0017925337888300419,3.223705425625667e-05,3.223705425625667e-05,9.066502663039399e-05,0.0003173143325734263,0.00012290208088665066,0.00035177486291203806,0.00034955138682968295,0.29363160046511716,True,0.005254317075014114,2750.048095703125,0.00044538354268297553
13,3250,35,blocks.5.mlp.proj.weight,mlp_proj,5,95.40608215332031,0.29047218264939073,0.29045520431479227,0.29047218264939073,0.29047218264939073,27.712812921102035,27.711193084716797,0.9999415491891838,0.28838035035146725,0.3114578619309607,0.29047218264939073,0.28838035035146725,0.3114578619309607,0.035,0.025,0.9927985107598121,1.0722467779536065,0.0029742817860096693,4.9443249736214057e-05,4.9443249736214057e-05,0.00031945098555983674,0.0011298677515473095,0.0003688942352960508,0.0011991103358618151,0.0011793110012835236,0.6305202541255296,True,0.006753605790436268,3533.98974609375,0.0004249209014233202
13,3250,36,blocks.6.attn.k.weight,attn_k,6,80.65090942382812,0.3436143884685614,0.3416269072325235,0.3436143884685614,0.3436143884685614,27.712812921102035,27.552520751953125,0.9942159545620555,0.34129502654121985,0.3114578619309607,0.3436143884685614,0.34129502654121985,0.3114578619309607,0.035,0.025,0.993250102425342,0.9064168218306643,0.0005876979557797313,1.2874915228167083e-05,1.2874915228167083e-05,9.743353374326736e-06,0.00017443031617771695,2.261826860249382e-05,0.00017740007084001376,0.00018730523140588403,0.5659792808495713,True,0.001964459428563714,1031.77294921875,0.00018343790725339204
13,3250,37,blocks.6.attn.proj.weight,attn_proj,6,87.97705078125,0.3150004765448252,0.3133633437536387,0.3150004765448252,0.3150004765448252,27.712812921102035,27.568782806396484,0.9948027609064586,0.31642882258651306,0.3114578619309607,0.3150004765448252,0.31642882258651306,0.3114578619309607,0.035,0.025,1.0045344250185113,0.9887536214144095,0.0010407089721411467,1.0962115084112156e-05,1.0962115084112156e-05,6.269596148211407e-05,0.0004644405606681055,7.365807656622622e-05,0.00046265506903927844,0.0004754026757522177,1.0791095657849086,True,0.0030095488764345646,1575.44970703125,6.618255429202691e-05
13,3250,38,blocks.6.attn.q.weight,attn_q,6,79.69441223144531,0.3477384692996994,0.3455541444493991,0.3477384692996994,0.3477384692996994,27.712812921102035,27.538734436035156,0.9937184837366572,0.3442218494282017,0.3114578619309607,0.3477384692996994,0.3442218494282017,0.3114578619309607,0.035,0.025,0.9898871704399581,0.8956669722455407,0.0005732708377763629,1.403189071425004e-05,1.403189071425004e-05,6.813515855488853e-06,0.00015493794011803787,2.0845406569738892e-05,0.0001596092677615614,0.0001689698308322879,0.5126438885258034,True,0.0020167746115475893,1061.0079345703125,0.0003754921490326524
13,3250,39,blocks.6.attn.v.weight,attn_v,6,95.54268646240234,0.29005687350028087,0.2867206192524092,0.29005687350028087,0.29005687350028087,27.712812921102035,27.394058227539062,0.9884979307416226,0.29304525521727404,0.3114578619309607,0.29005687350028087,0.29304525521727404,0.3114578619309607,0.035,0.025,1.0103027440133745,1.0737820420265238,0.0011020186357200146,7.438004104187712e-05,7.438004104187712e-05,0.0003350445926992289,0.0011006482692955805,0.000409424633741106,0.0011855019364994457,0.0011750283103374576,0.15507260286001687,True,0.006670764647424221,3481.180419921875,0.0016018523601815104
13,3250,40,blocks.6.mlp.fc.weight,mlp_fc,6,190.0109100341797,0.29169707061680805,0.29165135187116065,0.29169707061680805,0.29169707061680805,55.42562584220407,55.41693878173828,0.9998432663531753,0.2950922816039934,0.3114578619309607,0.29169707061680805,0.2950922816039934,0.3114578619309607,0.035,0.025,1.0116395100574922,1.067744222704628,0.0017814470920711756,3.0124312615953386e-05,3.0124312615953386e-05,8.873937689985324e-05,0.0003001307593203745,0.00011886368951580662,0.00033208837670142827,0.0003302550719363279,0.31122698444639874,True,0.005011150613427162,2625.00830078125,0.00036008504685014486
13,3250,41,blocks.6.mlp.proj.weight,mlp_proj,6,95.75643920898438,0.2894093927262687,0.2895193191165478,0.2894093927262687,0.2894093927262687,27.712812921102035,27.723339080810547,1.0003798300713276,0.28838035035146725,0.3114578619309607,0.2894093927262687,0.28838035035146725,0.3114578619309607,0.035,0.025,0.9964443366363899,1.0761843594535512,0.0029840334318578243,4.866192102781497e-05,4.866192102781497e-05,0.0003094251447026305,0.0010463648885473997,0.0003580870657304455,0.001113320882615398,0.0010950268095752146,0.6403928094010651,True,0.006624015513807535,3467.7646484375,0.00036400181124918163
13,3250,42,blocks.7.attn.k.weight,attn_k,7,80.92559051513672,0.34244807785392056,0.3405234607944332,0.34244807785392056,0.34244807785392056,27.712812921102035,27.55706214904785,0.9943798281142515,0.34129502654121985,0.3114578619309607,0.34244807785392056,0.34129502654121985,0.3114578619309607,0.035,0.025,0.99663291638275,0.9095038987598596,0.0007234996883198619,1.9448003513389267e-05,1.9448003513389267e-05,1.4846854133184333e-05,0.00023451151999141437,3.42948576465736e-05,0.00024108959311307249,0.00025395952350480363,0.4597031153627679,True,0.00245959241874516,1291.4964599609375,0.00036141835153102875
13,3250,43,blocks.7.attn.proj.weight,attn_proj,7,97.04283142089844,0.28557300436654415,0.2840443935413653,0.28557300436654415,0.28557300436654415,27.712812921102035,27.564472198486328,0.9946472152416274,0.31642882258651306,0.3114578619309607,0.28557300436654415,0.31642882258651306,0.3114578619309607,0.035,0.025,1.1080487922463576,1.0906418224713996,0.0011674072593450546,1.6709014744265005e-05,1.6709014744265005e-05,7.106001397480615e-05,0.0005382025337883294,8.776902871907115e-05,0.0005392035712927405,0.0005549115485325944,0.7199595351204707,True,0.0036726663820445538,1923.6356201171875,0.00010889906116062775
13,3250,44,blocks.7.attn.q.weight,attn_q,7,77.7650375366211,0.3563659685504752,0.35443698156515424,0.3563659685504752,0.3563659685504752,27.712812921102035,27.56280517578125,0.9945870617411573,0.3442218494282017,0.3114578619309607,0.3563659685504752,0.3442218494282017,0.3114578619309607,0.035,0.025,0.9659223377258219,0.8739831785785298,0.000696744944434613,1.624004653422162e-05,1.624004653422162e-05,1.0426934353798682e-05,0.00018349999957152502,2.66669808880203e-05,0.00018929480349323173,0.00019974004610574664,0.5516989671018433,True,0.0023333062417805195,1225.8406982421875,0.0003864533209707588
13,3250,45,blocks.7.attn.v.weight,attn_v,7,105.10375213623047,0.2636710141915962,0.26051927826907095,0.2636710141915962,0.2636710141915962,27.712812921102035,27.381553649902344,0.9880467106625812,0.29304525521727404,0.3114578619309607,0.2636710141915962,0.29304525521727404,0.3114578619309607,0.035,0.025,1.1114048926300752,1.181236636442109,0.0012190158013254404,0.00011275555880274624,0.00011275555880274624,0.00035449427952154524,0.0012705532688117634,0.0004672498383242915,0.0013949557282662097,0.0013833088276145097,0.10286157104426165,True,0.007417605258524418,3874.3779296875,0.002109923865646124
13,3250,46,blocks.7.mlp.fc.weight,mlp_fc,7,188.2098846435547,0.29448838963571483,0.2944685822062175,0.29448838963571483,0.29448838963571483,55.42562584220407,55.421897888183594,0.9999327395232109,0.2950922816039934,0.3114578619309607,0.29448838963571483,0.2950922816039934,0.3114578619309607,0.035,0.025,1.0020506477998186,1.0576235698671763,0.0018040200229734182,2.9380644264165312e-05,2.9380644264165312e-05,8.081412376023553e-05,0.00027699829222570536,0.00011019476802440084,0.0003081310791079968,0.0003063789364898707,0.32624030176153296,True,0.004896802827715874,2564.3759765625,0.0003384835727047175
13,3250,47,blocks.7.mlp.proj.weight,mlp_proj,7,96.7989501953125,0.2862924945486034,0.2862738886184564,0.2862924945486034,0.2862924945486034,27.712812921102035,27.71101188659668,0.9999350107652196,0.28838035035146725,0.3114578619309607,0.2862924945486034,0.28838035035146725,0.3114578619309607,0.035,0.025,1.0072927367731235,1.0879008980729148,0.0030443721916526556,5.000687451683916e-05,5.000687451683916e-05,0.00030930876211255476,0.000984591593934117,0.0003593156366293939,0.0010514021508331813,0.0010345984684509563,0.6289228697820726,True,0.006825935561209917,3575.0947265625,0.0003681363305076957
13,3250,48,blocks.8.attn.k.weight,attn_k,8,79.88904571533203,0.34689127492961763,0.3448685095533743,0.34689127492961763,0.34689127492961763,27.712812921102035,27.55121612548828,0.9941688779095137,0.34129502654121985,0.3114578619309607,0.34689127492961763,0.34129502654121985,0.3114578619309607,0.035,0.025,0.9838674282322805,0.8978544127238537,0.0005810201400890946,1.3622013284475543e-05,1.3622013284475543e-05,1.3685806717892217e-05,0.0001792289324540162,2.730782000236776e-05,0.00018307715576522341,0.00019285094573849175,0.5339033597213073,True,0.002005154499784112,1050.62353515625,0.00025056907907128334
13,3250,49,blocks.8.attn.proj.weight,attn_proj,8,96.83592224121094,0.28618318780577645,0.2849010847211997,0.28618318780577645,0.28618318780577645,27.712812921102035,27.588659286499023,0.9955199916025675,0.31642882258651306,0.3114578619309607,0.28618318780577645,0.31642882258651306,0.3114578619309607,0.035,0.025,1.1056862739304707,1.0883164183017535,0.0010217105736956,1.1039820492442232e-05,1.1039820492442232e-05,5.5036314239889894e-05,0.0004050118947113654,6.607613473233213e-05,0.0004034800842584719,0.00041605171520380765,0.9557171582406548,True,0.003143738955259323,1647.174072265625,9.120166942011565e-05
13,3250,50,blocks.8.attn.q.weight,attn_q,8,78.43546295166016,0.35331993817874785,0.3511544163413842,0.35331993817874785,0.35331993817874785,27.712812921102035,27.542959213256836,0.9938709322532949,0.3442218494282017,0.3114578619309607,0.35331993817874785,0.3442218494282017,0.3114578619309607,0.035,0.025,0.974249716001186,0.8815179339621396,0.0005882674595341086,1.1551610441529192e-05,1.1551610441529192e-05,1.0048647849286332e-05,0.00013031107479412375,2.1600258290815524e-05,0.00013462941466950285,0.00014186268523565295,0.6492617632217824,True,0.002029068535193801,1062.148193359375,0.0003492489049676806
13,3250,51,blocks.8.attn.v.weight,attn_v,8,106.62995147705078,0.259897078984102,0.2573249876701091,0.259897078984102,0.259897078984102,27.712812921102035,27.43855094909668,0.9901034235396394,0.29304525521727404,0.3114578619309607,0.259897078984102,0.29304525521727404,0.3114578619309607,0.035,0.025,1.127543473604025,1.1983892360329784,0.0010088045382872224,5.505776061909273e-05,5.505776061909273e-05,0.00022618201639288717,0.0008265815308183228,0.0002812397770119799,0.0008886317063261143,0.0008816392914374156,0.17183406832134487,True,0.005834927316755056,3052.106689453125,0.0010427050292491913
13,3250,52,blocks.8.mlp.fc.weight,mlp_fc,8,189.4303436279297,0.29259106424400794,0.2926427928229434,0.29259106424400794,0.29259106424400794,55.42562584220407,55.4354248046875,1.0001767948008622,0.2950922816039934,0.3114578619309607,0.29259106424400794,0.2950922816039934,0.3114578619309607,0.035,0.025,1.0085485090477664,1.0644817972678027,0.001754165394231677,2.3757951566949487e-05,2.3757951566949487e-05,6.951356134341137e-05,0.00022930062157348495,9.327151291036085e-05,0.00025419450637809236,0.00025305857314043443,0.3897732222203725,True,0.004627402406185865,2425.273681640625,0.00024295489129144698
13,3250,53,blocks.8.mlp.proj.weight,mlp_proj,8,98.00932312011719,0.2827569055561997,0.28287205056592757,0.2827569055561997,0.2827569055561997,27.712812921102035,27.724098205566406,1.0004072226264615,0.28838035035146725,0.3114578619309607,0.2827569055561997,0.28838035035146725,0.3114578619309607,0.035,0.025,1.01988791320306,1.1015039979953964,0.0029873328749090433,4.3608175474219024e-05,4.3608175474219024e-05,0.0002732760308011451,0.0008063434115387587,0.0003168842062753641,0.0008627024870372306,0.0008499515870129778,0.6989535448100724,True,0.006567780394107103,3442.039794921875,0.00028732596547342837
13,3250,54,blocks.9.attn.k.weight,attn_k,9,79.87017822265625,0.34697322001518865,0.3449088305149075,0.34697322001518865,0.34697322001518865,27.712812921102035,27.547929763793945,0.9940502915464586,0.34129502654121985,0.3114578619309607,0.34697322001518865,0.34129502654121985,0.3114578619309607,0.035,0.025,0.9836350670702475,0.897642365359859,0.0005805704277008772,1.5526275092270225e-05,1.5526275092270225e-05,1.2900128917804795e-05,0.00021928099712527758,2.842640401007502e-05,0.00022235898999404597,0.0002348072722175478,0.46816935256379894,True,0.0020951239857822657,1097.6400146484375,0.0002836290223058313
13,3250,55,blocks.9.attn.proj.weight,attn_proj,9,101.26528930664062,0.2736654692920995,0.27202463880930133,0.2736654692920995,0.2736654692920995,27.712812921102035,27.546653747558594,0.994004247276648,0.31642882258651306,0.3114578619309607,0.2736654692920995,0.31642882258651306,0.3114578619309607,0.035,0.025,1.1562614143648853,1.1380970450405021,0.0008547981269657612,9.457009582547471e-06,9.457009582547471e-06,4.638010584771183e-05,0.00035146892518521573,5.58371154302593e-05,0.0003498040515965253,0.0003609259347677632,0.8925840562008012,True,0.003032506676390767,1589.6236572265625,0.0001278770068893209
13,3250,56,blocks.9.attn.q.weight,attn_q,9,79.20178985595703,0.3499013465668246,0.34765989505773354,0.3499013465668246,0.3499013465668246,27.712812921102035,27.53528594970703,0.9935940472047923,0.3442218494282017,0.3114578619309607,0.3499013465668246,0.3442218494282017,0.3114578619309607,0.035,0.025,0.9837682901356363,0.8901305038889814,0.0005740824271924794,1.2060391782142688e-05,1.2060391782142688e-05,9.036872481874528e-06,0.00018758523473678715,2.1097264264017215e-05,0.00018841247730648202,0.00019964562651892984,0.6010046621122129,True,0.002082417020574212,1092.1505126953125,0.00033747474662959576
13,3250,57,blocks.9.attn.v.weight,attn_v,9,111.47997283935547,0.24859005806394183,0.24583753738304778,0.24859005806394183,0.24859005806394183,27.712812921102035,27.405961990356445,0.9889274707833091,0.29304525521727404,0.3114578619309607,0.24859005806394183,0.29304525521727404,0.3114578619309607,0.035,0.025,1.1788293445826281,1.252897498623409,0.0008921369444578886,5.005057391826995e-05,5.005057391826995e-05,0.00020005832234268084,0.0007072679255671402,0.0002501088962609508,0.0007635954894078428,0.0007573184994854102,0.15989158525121577,True,0.005551605485379696,2908.82177734375,0.0009951740503311157
13,3250,58,blocks.9.mlp.fc.weight,mlp_fc,9,189.80294799804688,0.2920166753299028,0.29212952147154675,0.2920166753299028,0.2920166753299028,55.42562584220407,55.447044372558594,1.0003864373208071,0.2950922816039934,0.3114578619309607,0.2920166753299028,0.2950922816039934,0.3114578619309607,0.035,0.025,1.0105322967279728,1.0665756042153909,0.0018118578009307384,2.50672110269079e-05,2.50672110269079e-05,6.590246208154908e-05,0.00021697011968097442,9.096967310845698e-05,0.0002429820446125339,0.00024203733070788232,0.3808159583470967,True,0.004674979951232672,2451.14208984375,0.00025512438151054084
13,3250,59,blocks.9.mlp.proj.weight,mlp_proj,9,99.32623291015625,0.2790079932475559,0.27898584733196596,0.2790079932475559,0.2790079932475559,27.712812921102035,27.710613250732422,0.9999206262324984,0.28838035035146725,0.3114578619309607,0.2790079932475559,0.28838035035146725,0.3114578619309607,0.035,0.025,1.033591715401485,1.1163044409792697,0.0031475932337343693,4.784739212482236e-05,4.784739212482236e-05,0.0002572275302462488,0.0007174785797251052,0.00030507492237107114,0.0007761466670704301,0.0007653259718499275,0.6623024575440689,True,0.006943587213754654,3639.95458984375,0.000314165314193815
13,3250,60,blocks.10.attn.k.weight,attn_k,10,78.98824310302734,0.35084731388385443,0.3489266355437583,0.35084731388385443,0.35084731388385443,27.712812921102035,27.56110191345215,0.9945256005558943,0.34129502654121985,0.3114578619309607,0.35084731388385443,0.34129502654121985,0.3114578619309607,0.035,0.025,0.9727736626029955,0.8877305015767248,0.0004764687910210341,1.0036019375547767e-05,1.0036019375547767e-05,1.0395844978347256e-05,0.0001614890925282353,2.0431864353895022e-05,0.0001625139674338286,0.00017152511190378307,0.6010498791166313,True,0.0015769123565405607,827.0573120117188,0.0001622230774955824
13,3250,61,blocks.10.attn.proj.weight,attn_proj,10,98.37438201904297,0.28170761891787527,0.2800925762558383,0.28170761891787527,0.28170761891787527,27.712812921102035,27.55393409729004,0.9942669542689758,0.31642882258651306,0.3114578619309607,0.28170761891787527,0.31642882258651306,0.3114578619309607,0.035,0.025,1.1232526255484765,1.1056068100939733,0.0007464878726750612,7.213506705738837e-06,7.213506705738837e-06,3.7366690245726896e-05,0.0002933769443183966,4.458019695146573e-05,0.0002917486756638456,0.00030059045102413546,1.0519480662638407,True,0.002646148670464754,1385.701171875,9.618471085559577e-05
13,3250,62,blocks.10.attn.q.weight,attn_q,10,78.78243255615234,0.35176386437864393,0.34985538201913896,0.35176386437864393,0.35176386437864393,27.712812921102035,27.562458038330078,0.9945745354973522,0.3442218494282017,0.3114578619309607,0.35176386437864393,0.3442218494282017,0.3114578619309607,0.035,0.025,0.9785594379804633,0.8854174446858554,0.0004594021593220532,7.476936843886506e-06,7.476936843886506e-06,5.728466442154329e-06,0.00012239795136808013,1.3205403286040835e-05,0.00012257070302792612,0.00012987488821196663,0.7799018195323372,True,0.001595835667103529,840.4668579101562,0.00019648592569865286
13,3250,63,blocks.10.attn.v.weight,attn_v,10,109.19606018066406,0.2537894945591571,0.25142085132861525,0.2537894945591571,0.2537894945591571,27.712812921102035,27.454166412353516,0.9906668980343178,0.29304525521727404,0.3114578619309607,0.2537894945591571,0.29304525521727404,0.3114578619309607,0.035,0.025,1.1546784303515234,1.227229135201108,0.0007540963706560433,2.4956530978670344e-05,2.4956530978670344e-05,0.0001194568537230016,0.0004616734898898183,0.00014441338470167194,0.0004908535526281115,0.0004866300208684886,0.2767168875791171,True,0.00412709079682827,2158.255859375,0.0004596423823386431
13,3250,64,blocks.10.mlp.fc.weight,mlp_fc,10,189.49417114257812,0.29249251049786135,0.2925301903823979,0.29249251049786135,0.29249251049786135,55.42562584220407,55.43276596069336,1.00012882341662,0.2950922816039934,0.3114578619309607,0.29249251049786135,0.2950922816039934,0.3114578619309607,0.035,0.025,1.0088883339327455,1.064840468567273,0.0018494002288207412,2.5785124307731166e-05,2.5785124307731166e-05,6.186407633613044e-05,0.00020991396077310468,8.76492006438616e-05,0.00023630432294650703,0.00023569908508083584,0.3784999461184675,True,0.004676253534853458,2449.962646484375,0.00024576857686042786
13,3250,65,blocks.10.mlp.proj.weight,mlp_proj,10,100.63455963134766,0.2753806746173657,0.2752506695602895,0.2753806746173657,0.2753806746173657,27.712812921102035,27.699729919433594,0.9995279078415573,0.28838035035146725,0.3114578619309607,0.2753806746173657,0.28838035035146725,0.3114578619309607,0.035,0.025,1.0472062019317958,1.1310084208476985,0.0033304698299616575,6.415852112695575e-05,6.415852112695575e-05,0.00029343977466586595,0.0007795904528659285,0.0003575982957928217,0.0008551101967241459,0.0008437489739928842,0.5158269261519725,True,0.00787635613232851,4125.25927734375,0.0004905522218905389
13,3250,66,blocks.11.attn.k.weight,attn_k,11,79.0743179321289,0.35046540578305724,0.34851726998177657,0.35046540578305724,0.35046540578305724,27.712812921102035,27.558765411376953,0.9944412892995145,0.34129502654121985,0.3114578619309607,0.35046540578305724,0.34129502654121985,0.3114578619309607,0.035,0.025,0.9738337105730944,0.8886978765708969,0.0005391355371102691,1.3891059097659308e-05,1.3891059097659308e-05,1.0339059177776537e-05,0.0001343592196028165,2.4230118275435846e-05,0.0001411054250592332,0.0001482502787004758,0.4908255317834231,True,0.0018749620066955686,981.1691284179688,0.00031997880432754755
13,3250,67,blocks.11.attn.proj.weight,attn_proj,11,105.66996765136719,0.26225817549725994,0.260323836742601,0.26225817549725994,0.26225817549725994,27.712812921102035,27.508411407470703,0.9926242956926364,0.31642882258651306,0.3114578619309607,0.26225817549725994,0.31642882258651306,0.3114578619309607,0.035,0.025,1.2065546554899262,1.1876002009867364,0.0009592645801603794,1.6980418877210468e-05,1.6980418877210468e-05,4.037575068746123e-05,0.00035669608411115683,5.7356169564671695e-05,0.000361581302402701,0.0003736765029883673,0.534611670482526,True,0.004323224537074566,2261.69384765625,0.0003925332857761532
13,3250,68,blocks.11.attn.q.weight,attn_q,11,78.68497467041016,0.3521995531825921,0.350103607957684,0.3521995531825921,0.3521995531825921,27.712812921102035,27.547893524169922,0.9940489838616658,0.3442218494282017,0.3114578619309607,0.3521995531825921,0.3442218494282017,0.3114578619309607,0.035,0.025,0.9773489100644757,0.8843221381643561,0.0005486141890287399,8.447173968306743e-06,8.447173968306743e-06,6.278898425017299e-06,0.00011025186584130486,1.4726072393324041e-05,0.00011238045884891723,0.0001186990398096116,0.8253987139870126,True,0.001872678636573255,979.0248413085938,0.00020079471869394183
13,3250,69,blocks.11.attn.v.weight,attn_v,11,116.45355224609375,0.23797310074782727,0.23593440034591448,0.23797310074782727,0.23797310074782727,27.712812921102035,27.475399017333984,0.9914330636718848,0.29304525521727404,0.3114578619309607,0.23797310074782727,0.29304525521727404,0.3114578619309607,0.035,0.025,1.231421762780681,1.3087944013512811,0.0008783878874965012,2.900343133660499e-05,2.900343133660499e-05,9.944246499009489e-05,0.0004210874056771924,0.00012844589632669988,0.00045317967413874543,0.0004500908370137974,0.2600663823305099,True,0.004503414500504732,2349.305419921875,0.0004740246513392776
13,3250,70,blocks.11.mlp.fc.weight,mlp_fc,11,185.67152404785156,0.2985144120857202,0.2985873223818621,0.2985144120857202,0.2985144120857202,55.42562584220407,55.43916320800781,1.000244243805966,0.2950922816039934,0.3114578619309607,0.2985144120857202,0.2950922816039934,0.3114578619309607,0.035,0.025,0.9885361297706989,1.0433595475501656,0.002084152540192008,6.04890774411615e-05,6.04890774411615e-05,5.6256818185767765e-05,0.000239562771325671,0.00011674589562692926,0.00030053280411915354,0.0003000518487668325,0.18556977404271352,True,0.005384302232414484,2805.947265625,0.001563013531267643
13,3250,71,blocks.11.mlp.proj.weight,mlp_proj,11,102.53456115722656,0.2702777737411602,0.2701687053226269,0.2702777737411602,0.2702777737411602,27.712812921102035,27.701629638671875,0.9995964580549077,0.28838035035146725,0.3114578619309607,0.2702777737411602,0.28838035035146725,0.3114578619309607,0.035,0.025,1.0669776739675367,1.152362096297411,0.004317554645240307,0.0003828134504146874,0.0003828134504146874,0.00042278324953860303,0.0012917970597107642,0.0008055966999532904,0.0016938543009232497,0.0016746105101254516,0.10999688266210561,True,0.015222828835248947,7749.08447265625,0.01304339524358511
