logfile: ../../../../records/track_3_optimization/results/iclr_code/runs/seed42_correct_diag250_cooldown0p7/opt_muon_hvp/raw/seed42_plain_muon_optlr_local_quadratic.txt
diag_file: ../../../../records/track_3_optimization/results/iclr_code/runs/seed42_correct_diag250_cooldown0p7/opt_muon_hvp/raw/seed42_plain_muon_optlr_local_quadratic_diag.json
val_loss_file: ../../../../records/track_3_optimization/results/iclr_code/runs/seed42_correct_diag250_cooldown0p7/opt_muon_hvp/raw/seed42_plain_muon_optlr_local_quadratic_val_loss.jsonl
scheme:plain_muon opt_mode:plain rho:0.0 ns_steps:12 momentum:0.95 nesterov:True scale_ema_beta:0.9 interval:5
matrix_lr_base:0.035 matrix_weight_decay_base:0.025 weight_decay_mode:decoupled zero_init_trust_floor_scale:1.0
matrix_group:q/k/v initial_lr:0.025 weight_decay:0.025
matrix_group:attn.proj initial_lr:0.03 weight_decay:0.025
matrix_group:mlp.fc initial_lr:0.035 weight_decay:0.0375
matrix_group:mlp.proj initial_lr:0.035 weight_decay:0.025
uw_floor_mode:off uw_floor_c:0.0 uw_floor_calibration_step:400 uw_floor_eps:1e-12
schedule_cooldown_frac:0.7 previous_muonl_experiment_cooldown_frac:0.7
validation_frequency early:125 mid:25@3000 late:10@3200
seed:42 train_steps:3300 schedule_steps:3300 diag_freq:250
batch_tokens:524288 train_microbatches:8 train_microbatch_sequences:64 val_tokens:10485760
save_log:True save_diag:True save_orscale_state:False orscale_state_freq:250
save_weight_norms:False weight_norm_freq:1 save_val_loss_jsonl:True
diag_mode:local_quadratic
diag_batch_size:64 diag_tokens:65536 diag_grad_mbs:4 local_quadratic_data_source:train_batch
local_quadratic_train_batch_scope:full_optimizer_step local_quadratic_train_batch_sequences:512 local_quadratic_train_batch_tokens:524288
orscale_L_estimator:microbatch_fisher_gram L_init_power_iters:3 L_refresh_diag_interval:10 L_refresh_power_iters:1 L_blocks_per_diag:4 ggn_mbs:1 max_blocks:0 L_floor:1e-12 eps_w:1e-12
local_quadratic_hvp_mbs:4 local_quadratic_max_blocks:0 local_quadratic_eps_den:1e-30 local_quadratic_curvature:exact_hvp local_quadratic_fd_probes:4 local_quadratic_fd_rel_eps:0.001 local_quadratic_fd_abs_eps:0.0001 local_quadratic_cross_curvature:True local_quadratic_save_cross_curvature_matrix:True local_quadratic_donated_buffer_disabled:True
allow_local_quadratic_muonl:False local_quadratic_grad_window_enabled:False local_quadratic_grad_window_radius:0 local_quadratic_grad_criterion_mode:by_type local_quadratic_grad_nuc_eps:1e-30
step:S val_loss is after S optimizer updates
step:0/3300 val_loss:10.82583 train_time:0.000s step_avg:nanms
step:1/3300 train_loss:10.82584 train_time:50.037s step_avg:50037.43ms
step:2/3300 train_loss:10.43467 train_time:51.176s step_avg:25587.80ms
step:3/3300 train_loss:9.11947 train_time:52.391s step_avg:17463.82ms
step:4/3300 train_loss:7.93869 train_time:53.598s step_avg:13399.62ms
step:5/3300 train_loss:7.30673 train_time:54.818s step_avg:10963.62ms
step:6/3300 train_loss:6.91314 train_time:56.038s step_avg:9339.63ms
step:7/3300 train_loss:6.89063 train_time:57.256s step_avg:8179.43ms
step:8/3300 train_loss:6.68052 train_time:58.469s step_avg:7308.63ms
step:9/3300 train_loss:6.69544 train_time:59.687s step_avg:6631.84ms
step:10/3300 train_loss:6.54312 train_time:60.902s step_avg:6090.21ms
step:11/3300 train_loss:6.56647 train_time:62.121s step_avg:5647.36ms
step:12/3300 train_loss:6.51307 train_time:63.343s step_avg:5278.56ms
step:13/3300 train_loss:6.47054 train_time:64.564s step_avg:4966.47ms
step:14/3300 train_loss:6.34909 train_time:65.783s step_avg:4698.81ms
step:15/3300 train_loss:6.35561 train_time:67.001s step_avg:4466.77ms
step:16/3300 train_loss:6.26015 train_time:68.224s step_avg:4264.02ms
step:17/3300 train_loss:6.26208 train_time:69.443s step_avg:4084.90ms
step:18/3300 train_loss:6.28481 train_time:70.671s step_avg:3926.18ms
step:19/3300 train_loss:6.29650 train_time:71.890s step_avg:3783.70ms
step:20/3300 train_loss:6.14300 train_time:73.103s step_avg:3655.16ms
step:21/3300 train_loss:6.16208 train_time:74.324s step_avg:3539.24ms
step:22/3300 train_loss:6.20485 train_time:75.546s step_avg:3433.92ms
step:23/3300 train_loss:6.04820 train_time:76.767s step_avg:3337.67ms
step:24/3300 train_loss:6.09338 train_time:77.986s step_avg:3249.40ms
step:25/3300 train_loss:6.00167 train_time:79.206s step_avg:3168.26ms
step:26/3300 train_loss:6.02515 train_time:80.422s step_avg:3093.16ms
step:27/3300 train_loss:6.01448 train_time:81.646s step_avg:3023.94ms
step:28/3300 train_loss:5.90532 train_time:82.867s step_avg:2959.54ms
step:29/3300 train_loss:5.97765 train_time:84.086s step_avg:2899.51ms
step:30/3300 train_loss:5.88072 train_time:85.305s step_avg:2843.49ms
step:31/3300 train_loss:5.93018 train_time:86.529s step_avg:2791.27ms
step:32/3300 train_loss:5.82681 train_time:87.746s step_avg:2742.08ms
step:33/3300 train_loss:5.83788 train_time:88.967s step_avg:2695.97ms
step:34/3300 train_loss:5.83476 train_time:90.191s step_avg:2652.67ms
step:35/3300 train_loss:5.88008 train_time:91.407s step_avg:2611.64ms
step:36/3300 train_loss:5.77552 train_time:92.629s step_avg:2573.04ms
step:37/3300 train_loss:5.77491 train_time:93.847s step_avg:2536.41ms
step:38/3300 train_loss:5.72165 train_time:95.065s step_avg:2501.72ms
step:39/3300 train_loss:5.73689 train_time:96.284s step_avg:2468.83ms
step:40/3300 train_loss:5.65404 train_time:97.505s step_avg:2437.63ms
step:41/3300 train_loss:5.70560 train_time:98.730s step_avg:2408.05ms
step:42/3300 train_loss:5.61471 train_time:99.949s step_avg:2379.73ms
step:43/3300 train_loss:5.68494 train_time:101.170s step_avg:2352.78ms
step:44/3300 train_loss:5.59068 train_time:102.389s step_avg:2327.01ms
step:45/3300 train_loss:5.58435 train_time:103.604s step_avg:2302.31ms
step:46/3300 train_loss:5.57526 train_time:104.821s step_avg:2278.71ms
step:47/3300 train_loss:5.53318 train_time:106.042s step_avg:2256.22ms
step:48/3300 train_loss:5.53944 train_time:107.268s step_avg:2234.75ms
step:49/3300 train_loss:5.49968 train_time:108.488s step_avg:2214.04ms
step:50/3300 train_loss:5.52685 train_time:109.707s step_avg:2194.14ms
step:51/3300 train_loss:5.42384 train_time:110.935s step_avg:2175.19ms
step:52/3300 train_loss:5.47428 train_time:112.148s step_avg:2156.69ms
step:53/3300 train_loss:5.43300 train_time:113.365s step_avg:2138.97ms
step:54/3300 train_loss:5.44761 train_time:114.587s step_avg:2121.97ms
step:55/3300 train_loss:5.42317 train_time:115.807s step_avg:2105.58ms
step:56/3300 train_loss:5.38038 train_time:117.032s step_avg:2089.86ms
step:57/3300 train_loss:5.34468 train_time:118.249s step_avg:2074.55ms
step:58/3300 train_loss:5.34100 train_time:119.469s step_avg:2059.81ms
step:59/3300 train_loss:5.30492 train_time:120.687s step_avg:2045.55ms
step:60/3300 train_loss:5.30858 train_time:121.911s step_avg:2031.85ms
step:61/3300 train_loss:5.28717 train_time:123.130s step_avg:2018.52ms
step:62/3300 train_loss:5.28833 train_time:124.350s step_avg:2005.65ms
step:63/3300 train_loss:5.24158 train_time:125.570s step_avg:1993.17ms
step:64/3300 train_loss:5.22921 train_time:126.789s step_avg:1981.09ms
step:65/3300 train_loss:5.20022 train_time:128.013s step_avg:1969.42ms
step:66/3300 train_loss:5.23663 train_time:129.232s step_avg:1958.07ms
step:67/3300 train_loss:5.20228 train_time:130.453s step_avg:1947.06ms
step:68/3300 train_loss:5.32801 train_time:131.674s step_avg:1936.39ms
step:69/3300 train_loss:5.18678 train_time:132.894s step_avg:1926.01ms
step:70/3300 train_loss:5.17256 train_time:134.113s step_avg:1915.90ms
step:71/3300 train_loss:5.14989 train_time:135.346s step_avg:1906.28ms
step:72/3300 train_loss:5.16001 train_time:136.575s step_avg:1896.88ms
step:73/3300 train_loss:5.14146 train_time:137.792s step_avg:1887.56ms
step:74/3300 train_loss:5.15312 train_time:139.013s step_avg:1878.55ms
step:75/3300 train_loss:5.11694 train_time:140.234s step_avg:1869.79ms
step:76/3300 train_loss:5.07706 train_time:141.457s step_avg:1861.27ms
step:77/3300 train_loss:5.13627 train_time:142.674s step_avg:1852.91ms
step:78/3300 train_loss:5.13145 train_time:143.894s step_avg:1844.80ms
step:79/3300 train_loss:4.92590 train_time:145.113s step_avg:1836.88ms
step:80/3300 train_loss:5.04313 train_time:146.334s step_avg:1829.17ms
step:81/3300 train_loss:5.01103 train_time:147.555s step_avg:1821.67ms
step:82/3300 train_loss:5.18768 train_time:148.773s step_avg:1814.30ms
step:83/3300 train_loss:5.05837 train_time:149.992s step_avg:1807.13ms
step:84/3300 train_loss:5.04528 train_time:151.214s step_avg:1800.17ms
step:85/3300 train_loss:4.99098 train_time:152.433s step_avg:1793.33ms
step:86/3300 train_loss:5.02745 train_time:153.652s step_avg:1786.65ms
step:87/3300 train_loss:5.01656 train_time:154.874s step_avg:1780.17ms
step:88/3300 train_loss:5.00640 train_time:156.097s step_avg:1773.83ms
step:89/3300 train_loss:4.99314 train_time:157.314s step_avg:1767.57ms
step:90/3300 train_loss:4.94151 train_time:158.538s step_avg:1761.53ms
step:91/3300 train_loss:4.97874 train_time:159.756s step_avg:1755.56ms
step:92/3300 train_loss:4.96337 train_time:160.971s step_avg:1749.68ms
step:93/3300 train_loss:4.93738 train_time:162.190s step_avg:1743.98ms
step:94/3300 train_loss:4.94690 train_time:163.411s step_avg:1738.41ms
step:95/3300 train_loss:4.91930 train_time:164.629s step_avg:1732.93ms
step:96/3300 train_loss:4.85742 train_time:165.845s step_avg:1727.55ms
step:97/3300 train_loss:4.95690 train_time:167.055s step_avg:1722.22ms
step:98/3300 train_loss:4.90816 train_time:168.276s step_avg:1717.11ms
step:99/3300 train_loss:4.88583 train_time:169.493s step_avg:1712.05ms
step:100/3300 train_loss:4.85299 train_time:170.717s step_avg:1707.17ms
step:101/3300 train_loss:4.81847 train_time:171.938s step_avg:1702.36ms
step:102/3300 train_loss:4.82334 train_time:173.156s step_avg:1697.61ms
step:103/3300 train_loss:4.84045 train_time:174.368s step_avg:1692.90ms
step:104/3300 train_loss:4.93142 train_time:175.585s step_avg:1688.31ms
step:105/3300 train_loss:4.86187 train_time:176.806s step_avg:1683.87ms
step:106/3300 train_loss:4.90102 train_time:178.035s step_avg:1679.57ms
step:107/3300 train_loss:4.85682 train_time:179.258s step_avg:1675.31ms
step:108/3300 train_loss:4.77862 train_time:180.478s step_avg:1671.09ms
step:109/3300 train_loss:4.83473 train_time:181.694s step_avg:1666.91ms
step:110/3300 train_loss:4.86880 train_time:182.914s step_avg:1662.85ms
step:111/3300 train_loss:4.77682 train_time:184.135s step_avg:1658.87ms
step:112/3300 train_loss:4.83358 train_time:185.358s step_avg:1654.98ms
step:113/3300 train_loss:4.84518 train_time:186.577s step_avg:1651.12ms
step:114/3300 train_loss:4.77877 train_time:187.798s step_avg:1647.35ms
step:115/3300 train_loss:4.81177 train_time:189.015s step_avg:1643.61ms
step:116/3300 train_loss:4.78944 train_time:190.232s step_avg:1639.93ms
step:117/3300 train_loss:4.74213 train_time:191.451s step_avg:1636.33ms
step:118/3300 train_loss:4.74632 train_time:192.669s step_avg:1632.79ms
step:119/3300 train_loss:4.72561 train_time:193.893s step_avg:1629.35ms
step:120/3300 train_loss:4.71668 train_time:195.114s step_avg:1625.95ms
step:121/3300 train_loss:4.71642 train_time:196.338s step_avg:1622.63ms
step:122/3300 train_loss:4.65329 train_time:197.557s step_avg:1619.32ms
step:123/3300 train_loss:4.70793 train_time:198.778s step_avg:1616.08ms
step:124/3300 train_loss:4.68025 train_time:199.993s step_avg:1612.85ms
step:125/3300 train_loss:4.69790 train_time:201.214s step_avg:1609.72ms
step:125/3300 val_loss:4.69587 train_time:201.215s step_avg:1609.72ms
step:126/3300 train_loss:4.68073 train_time:202.443s step_avg:1606.69ms
step:127/3300 train_loss:4.76502 train_time:203.657s step_avg:1603.60ms
step:128/3300 train_loss:4.67612 train_time:204.879s step_avg:1600.62ms
step:129/3300 train_loss:4.74464 train_time:206.104s step_avg:1597.71ms
step:130/3300 train_loss:4.61066 train_time:207.344s step_avg:1594.95ms
step:131/3300 train_loss:4.67104 train_time:208.558s step_avg:1592.05ms
step:132/3300 train_loss:4.65182 train_time:209.777s step_avg:1589.22ms
step:133/3300 train_loss:4.61114 train_time:210.996s step_avg:1586.43ms
step:134/3300 train_loss:4.62230 train_time:212.217s step_avg:1583.71ms
step:135/3300 train_loss:4.65625 train_time:213.436s step_avg:1581.01ms
step:136/3300 train_loss:4.58285 train_time:214.652s step_avg:1578.32ms
step:137/3300 train_loss:4.61685 train_time:215.872s step_avg:1575.71ms
step:138/3300 train_loss:4.61825 train_time:217.094s step_avg:1573.15ms
step:139/3300 train_loss:4.58432 train_time:218.315s step_avg:1570.61ms
step:140/3300 train_loss:4.63234 train_time:219.536s step_avg:1568.11ms
step:141/3300 train_loss:4.55183 train_time:220.759s step_avg:1565.66ms
step:142/3300 train_loss:4.64659 train_time:221.975s step_avg:1563.21ms
step:143/3300 train_loss:4.56813 train_time:223.198s step_avg:1560.83ms
step:144/3300 train_loss:4.58855 train_time:224.418s step_avg:1558.46ms
step:145/3300 train_loss:4.55881 train_time:225.639s step_avg:1556.13ms
step:146/3300 train_loss:4.48861 train_time:226.857s step_avg:1553.81ms
step:147/3300 train_loss:4.51921 train_time:228.074s step_avg:1551.53ms
step:148/3300 train_loss:4.55503 train_time:229.289s step_avg:1549.25ms
step:149/3300 train_loss:4.57578 train_time:230.496s step_avg:1546.95ms
step:150/3300 train_loss:4.55061 train_time:231.713s step_avg:1544.75ms
step:151/3300 train_loss:4.51656 train_time:232.926s step_avg:1542.55ms
step:152/3300 train_loss:4.43136 train_time:234.137s step_avg:1540.38ms
step:153/3300 train_loss:4.46952 train_time:235.357s step_avg:1538.28ms
step:154/3300 train_loss:4.49119 train_time:236.579s step_avg:1536.22ms
step:155/3300 train_loss:4.53333 train_time:237.800s step_avg:1534.19ms
step:156/3300 train_loss:4.53098 train_time:239.016s step_avg:1532.15ms
step:157/3300 train_loss:4.53817 train_time:240.234s step_avg:1530.15ms
step:158/3300 train_loss:4.43848 train_time:241.453s step_avg:1528.18ms
step:159/3300 train_loss:4.46348 train_time:242.668s step_avg:1526.21ms
step:160/3300 train_loss:4.45628 train_time:243.880s step_avg:1524.25ms
step:161/3300 train_loss:4.47684 train_time:245.099s step_avg:1522.35ms
step:162/3300 train_loss:4.46469 train_time:246.314s step_avg:1520.46ms
step:163/3300 train_loss:4.42648 train_time:247.530s step_avg:1518.59ms
step:164/3300 train_loss:4.46318 train_time:248.741s step_avg:1516.71ms
step:165/3300 train_loss:4.40992 train_time:249.957s step_avg:1514.89ms
step:166/3300 train_loss:4.45975 train_time:251.175s step_avg:1513.10ms
step:167/3300 train_loss:4.37596 train_time:252.389s step_avg:1511.31ms
step:168/3300 train_loss:4.40751 train_time:253.603s step_avg:1509.54ms
step:169/3300 train_loss:4.38681 train_time:254.821s step_avg:1507.82ms
step:170/3300 train_loss:4.36064 train_time:256.037s step_avg:1506.10ms
step:171/3300 train_loss:4.35147 train_time:257.262s step_avg:1504.46ms
step:172/3300 train_loss:4.43560 train_time:258.481s step_avg:1502.80ms
step:173/3300 train_loss:4.36792 train_time:259.696s step_avg:1501.13ms
step:174/3300 train_loss:4.41806 train_time:260.915s step_avg:1499.51ms
step:175/3300 train_loss:4.39361 train_time:262.139s step_avg:1497.94ms
step:176/3300 train_loss:4.36154 train_time:263.363s step_avg:1496.38ms
step:177/3300 train_loss:4.35337 train_time:264.585s step_avg:1494.83ms
step:178/3300 train_loss:4.36487 train_time:265.803s step_avg:1493.28ms
step:179/3300 train_loss:4.37428 train_time:267.021s step_avg:1491.74ms
step:180/3300 train_loss:4.34196 train_time:268.242s step_avg:1490.24ms
step:181/3300 train_loss:4.32214 train_time:269.491s step_avg:1488.90ms
step:182/3300 train_loss:4.35466 train_time:270.716s step_avg:1487.45ms
step:183/3300 train_loss:4.28954 train_time:271.947s step_avg:1486.05ms
step:184/3300 train_loss:4.36120 train_time:273.176s step_avg:1484.65ms
step:185/3300 train_loss:4.31014 train_time:274.412s step_avg:1483.31ms
step:186/3300 train_loss:4.30066 train_time:275.622s step_avg:1481.84ms
step:187/3300 train_loss:4.36649 train_time:276.844s step_avg:1480.45ms
step:188/3300 train_loss:4.33709 train_time:278.062s step_avg:1479.05ms
step:189/3300 train_loss:4.25388 train_time:279.284s step_avg:1477.69ms
step:190/3300 train_loss:4.29804 train_time:280.509s step_avg:1476.36ms
step:191/3300 train_loss:4.22039 train_time:281.874s step_avg:1475.78ms
step:192/3300 train_loss:4.34456 train_time:283.119s step_avg:1474.58ms
step:193/3300 train_loss:4.29029 train_time:284.339s step_avg:1473.26ms
step:194/3300 train_loss:4.34567 train_time:285.562s step_avg:1471.97ms
step:195/3300 train_loss:4.31465 train_time:286.782s step_avg:1470.68ms
step:196/3300 train_loss:4.34098 train_time:288.003s step_avg:1469.40ms
step:197/3300 train_loss:4.25780 train_time:289.226s step_avg:1468.15ms
step:198/3300 train_loss:4.30980 train_time:290.445s step_avg:1466.90ms
step:199/3300 train_loss:4.25396 train_time:291.664s step_avg:1465.65ms
step:200/3300 train_loss:4.43796 train_time:292.882s step_avg:1464.41ms
step:201/3300 train_loss:4.28754 train_time:294.100s step_avg:1463.18ms
step:202/3300 train_loss:4.28203 train_time:295.312s step_avg:1461.94ms
step:203/3300 train_loss:4.32301 train_time:296.523s step_avg:1460.70ms
step:204/3300 train_loss:4.28735 train_time:297.740s step_avg:1459.51ms
step:205/3300 train_loss:4.25081 train_time:298.962s step_avg:1458.35ms
step:206/3300 train_loss:4.21382 train_time:300.184s step_avg:1457.20ms
step:207/3300 train_loss:4.30381 train_time:301.402s step_avg:1456.05ms
step:208/3300 train_loss:4.26716 train_time:302.626s step_avg:1454.93ms
step:209/3300 train_loss:4.17757 train_time:303.840s step_avg:1453.78ms
step:210/3300 train_loss:4.26657 train_time:305.054s step_avg:1452.64ms
step:211/3300 train_loss:4.22717 train_time:306.264s step_avg:1451.49ms
step:212/3300 train_loss:4.24061 train_time:307.486s step_avg:1450.41ms
step:213/3300 train_loss:4.23206 train_time:308.703s step_avg:1449.31ms
step:214/3300 train_loss:4.23518 train_time:309.924s step_avg:1448.24ms
step:215/3300 train_loss:4.21978 train_time:311.144s step_avg:1447.18ms
step:216/3300 train_loss:4.19084 train_time:312.365s step_avg:1446.13ms
step:217/3300 train_loss:4.25819 train_time:313.585s step_avg:1445.09ms
step:218/3300 train_loss:4.19816 train_time:314.806s step_avg:1444.07ms
step:219/3300 train_loss:4.21588 train_time:316.022s step_avg:1443.02ms
step:220/3300 train_loss:4.18915 train_time:317.234s step_avg:1441.97ms
step:221/3300 train_loss:4.17515 train_time:318.447s step_avg:1440.94ms
step:222/3300 train_loss:4.17273 train_time:319.669s step_avg:1439.95ms
step:223/3300 train_loss:4.26319 train_time:320.884s step_avg:1438.94ms
step:224/3300 train_loss:4.23297 train_time:322.101s step_avg:1437.95ms
step:225/3300 train_loss:4.15728 train_time:323.321s step_avg:1436.98ms
step:226/3300 train_loss:4.16934 train_time:324.543s step_avg:1436.03ms
step:227/3300 train_loss:4.16784 train_time:325.762s step_avg:1435.07ms
step:228/3300 train_loss:4.22323 train_time:326.980s step_avg:1434.12ms
step:229/3300 train_loss:4.21047 train_time:328.187s step_avg:1433.13ms
step:230/3300 train_loss:4.14425 train_time:329.404s step_avg:1432.19ms
step:231/3300 train_loss:4.16241 train_time:330.623s step_avg:1431.27ms
step:232/3300 train_loss:4.14215 train_time:331.834s step_avg:1430.32ms
step:233/3300 train_loss:4.19511 train_time:333.044s step_avg:1429.37ms
step:234/3300 train_loss:4.19538 train_time:334.261s step_avg:1428.46ms
step:235/3300 train_loss:4.21949 train_time:335.478s step_avg:1427.57ms
step:236/3300 train_loss:4.21805 train_time:336.692s step_avg:1426.66ms
step:237/3300 train_loss:4.24086 train_time:337.907s step_avg:1425.77ms
step:238/3300 train_loss:4.19294 train_time:339.123s step_avg:1424.89ms
step:239/3300 train_loss:4.12918 train_time:340.338s step_avg:1424.01ms
step:240/3300 train_loss:4.15114 train_time:341.544s step_avg:1423.10ms
step:241/3300 train_loss:4.28932 train_time:342.753s step_avg:1422.21ms
step:242/3300 train_loss:4.23998 train_time:343.965s step_avg:1421.34ms
step:243/3300 train_loss:4.13005 train_time:345.184s step_avg:1420.51ms
step:244/3300 train_loss:4.20179 train_time:346.396s step_avg:1419.66ms
step:245/3300 train_loss:4.10853 train_time:347.612s step_avg:1418.82ms
step:246/3300 train_loss:4.13988 train_time:348.830s step_avg:1418.01ms
step:247/3300 train_loss:4.08127 train_time:350.047s step_avg:1417.19ms
step:248/3300 train_loss:4.14303 train_time:351.263s step_avg:1416.38ms
step:249/3300 train_loss:4.13809 train_time:352.477s step_avg:1415.57ms
local_quadratic_diag step:250 cross_hvp_source:1/72 blocks.0.attn.k.weight
local_quadratic_diag step:250 cross_hvp_source:13/72 blocks.2.attn.k.weight
local_quadratic_diag step:250 cross_hvp_source:25/72 blocks.4.attn.k.weight
local_quadratic_diag step:250 cross_hvp_source:37/72 blocks.6.attn.k.weight
local_quadratic_diag step:250 cross_hvp_source:49/72 blocks.8.attn.k.weight
local_quadratic_diag step:250 cross_hvp_source:61/72 blocks.10.attn.k.weight
step:250/3300 train_loss:4.08286 train_time:1488.071s step_avg:5952.28ms
step:250/3300 val_loss:4.12532 train_time:1488.071s step_avg:10294.85ms
step:251/3300 train_loss:4.16489 train_time:1489.286s step_avg:5933.41ms
step:252/3300 train_loss:4.17608 train_time:1490.496s step_avg:5914.67ms
step:253/3300 train_loss:4.13019 train_time:1491.711s step_avg:5896.09ms
step:254/3300 train_loss:4.08779 train_time:1492.959s step_avg:5877.79ms
step:255/3300 train_loss:4.16314 train_time:1494.178s step_avg:5859.52ms
step:256/3300 train_loss:4.10465 train_time:1495.395s step_avg:5841.39ms
step:257/3300 train_loss:4.11683 train_time:1496.611s step_avg:5823.39ms
step:258/3300 train_loss:4.20303 train_time:1497.831s step_avg:5805.55ms
step:259/3300 train_loss:4.10023 train_time:1499.047s step_avg:5787.83ms
step:260/3300 train_loss:4.09202 train_time:1500.271s step_avg:5770.27ms
step:261/3300 train_loss:4.08122 train_time:1501.490s step_avg:5752.83ms
step:262/3300 train_loss:4.15956 train_time:1502.714s step_avg:5735.55ms
step:263/3300 train_loss:4.11443 train_time:1503.932s step_avg:5718.37ms
step:264/3300 train_loss:4.17079 train_time:1505.147s step_avg:5701.31ms
step:265/3300 train_loss:4.03001 train_time:1506.367s step_avg:5684.40ms
step:266/3300 train_loss:4.13445 train_time:1507.587s step_avg:5667.62ms
step:267/3300 train_loss:4.07442 train_time:1508.811s step_avg:5650.98ms
step:268/3300 train_loss:4.06172 train_time:1510.031s step_avg:5634.44ms
step:269/3300 train_loss:4.10205 train_time:1511.253s step_avg:5618.04ms
step:270/3300 train_loss:4.10347 train_time:1512.469s step_avg:5601.74ms
step:271/3300 train_loss:4.14838 train_time:1513.688s step_avg:5585.56ms
step:272/3300 train_loss:4.07269 train_time:1514.912s step_avg:5569.53ms
step:273/3300 train_loss:4.11299 train_time:1516.130s step_avg:5553.59ms
step:274/3300 train_loss:4.03796 train_time:1517.352s step_avg:5537.78ms
step:275/3300 train_loss:4.10099 train_time:1518.576s step_avg:5522.09ms
step:276/3300 train_loss:4.15455 train_time:1519.792s step_avg:5506.49ms
step:277/3300 train_loss:4.05106 train_time:1521.013s step_avg:5491.02ms
step:278/3300 train_loss:4.09690 train_time:1522.233s step_avg:5475.66ms
step:279/3300 train_loss:4.02546 train_time:1523.452s step_avg:5460.40ms
step:280/3300 train_loss:4.14166 train_time:1524.675s step_avg:5445.27ms
step:281/3300 train_loss:4.10711 train_time:1525.891s step_avg:5430.22ms
step:282/3300 train_loss:4.07913 train_time:1527.111s step_avg:5415.29ms
step:283/3300 train_loss:4.08842 train_time:1528.332s step_avg:5400.47ms
step:284/3300 train_loss:4.02561 train_time:1529.549s step_avg:5385.74ms
step:285/3300 train_loss:4.11493 train_time:1530.772s step_avg:5371.13ms
step:286/3300 train_loss:4.08561 train_time:1531.993s step_avg:5356.62ms
step:287/3300 train_loss:4.05063 train_time:1533.215s step_avg:5342.21ms
step:288/3300 train_loss:4.07166 train_time:1534.435s step_avg:5327.90ms
step:289/3300 train_loss:4.06681 train_time:1535.652s step_avg:5313.68ms
step:290/3300 train_loss:4.03551 train_time:1536.870s step_avg:5299.55ms
step:291/3300 train_loss:4.04320 train_time:1538.094s step_avg:5285.55ms
step:292/3300 train_loss:4.09567 train_time:1539.317s step_avg:5271.63ms
step:293/3300 train_loss:4.03515 train_time:1540.536s step_avg:5257.80ms
step:294/3300 train_loss:4.21474 train_time:1541.756s step_avg:5244.07ms
step:295/3300 train_loss:4.04730 train_time:1542.976s step_avg:5230.43ms
step:296/3300 train_loss:4.03673 train_time:1544.200s step_avg:5216.89ms
step:297/3300 train_loss:4.05166 train_time:1545.417s step_avg:5203.42ms
step:298/3300 train_loss:4.05393 train_time:1546.637s step_avg:5190.06ms
step:299/3300 train_loss:4.02320 train_time:1547.855s step_avg:5176.77ms
step:300/3300 train_loss:4.03082 train_time:1549.079s step_avg:5163.60ms
step:301/3300 train_loss:4.08750 train_time:1550.298s step_avg:5150.49ms
step:302/3300 train_loss:4.01386 train_time:1551.515s step_avg:5137.47ms
step:303/3300 train_loss:4.05526 train_time:1552.740s step_avg:5124.55ms
step:304/3300 train_loss:4.03934 train_time:1553.956s step_avg:5111.70ms
step:305/3300 train_loss:4.06084 train_time:1555.176s step_avg:5098.94ms
step:306/3300 train_loss:4.01109 train_time:1556.397s step_avg:5086.27ms
step:307/3300 train_loss:4.04810 train_time:1557.617s step_avg:5073.67ms
step:308/3300 train_loss:4.03211 train_time:1558.834s step_avg:5061.15ms
step:309/3300 train_loss:4.04528 train_time:1560.052s step_avg:5048.71ms
step:310/3300 train_loss:4.10706 train_time:1561.277s step_avg:5036.38ms
step:311/3300 train_loss:4.08394 train_time:1562.494s step_avg:5024.10ms
step:312/3300 train_loss:4.01174 train_time:1563.719s step_avg:5011.92ms
step:313/3300 train_loss:4.06412 train_time:1564.940s step_avg:4999.81ms
step:314/3300 train_loss:4.01446 train_time:1566.159s step_avg:4987.77ms
step:315/3300 train_loss:3.98749 train_time:1567.375s step_avg:4975.79ms
step:316/3300 train_loss:3.99746 train_time:1568.596s step_avg:4963.91ms
step:317/3300 train_loss:3.99253 train_time:1569.819s step_avg:4952.11ms
step:318/3300 train_loss:3.98296 train_time:1571.043s step_avg:4940.39ms
step:319/3300 train_loss:4.04219 train_time:1572.259s step_avg:4928.71ms
step:320/3300 train_loss:4.01985 train_time:1573.475s step_avg:4917.11ms
step:321/3300 train_loss:4.04561 train_time:1574.696s step_avg:4905.60ms
step:322/3300 train_loss:4.00673 train_time:1575.919s step_avg:4894.16ms
step:323/3300 train_loss:4.04661 train_time:1577.143s step_avg:4882.80ms
step:324/3300 train_loss:3.98718 train_time:1578.358s step_avg:4871.48ms
step:325/3300 train_loss:4.08142 train_time:1579.582s step_avg:4860.25ms
step:326/3300 train_loss:4.00817 train_time:1580.804s step_avg:4849.09ms
step:327/3300 train_loss:4.14031 train_time:1582.017s step_avg:4837.97ms
step:328/3300 train_loss:4.06061 train_time:1583.239s step_avg:4826.95ms
step:329/3300 train_loss:4.03527 train_time:1584.457s step_avg:4815.98ms
step:330/3300 train_loss:3.95899 train_time:1585.679s step_avg:4805.09ms
step:331/3300 train_loss:4.06283 train_time:1586.899s step_avg:4794.26ms
step:332/3300 train_loss:3.97335 train_time:1588.121s step_avg:4783.50ms
step:333/3300 train_loss:3.94469 train_time:1589.343s step_avg:4772.80ms
step:334/3300 train_loss:3.98199 train_time:1590.556s step_avg:4762.14ms
step:335/3300 train_loss:4.06355 train_time:1591.791s step_avg:4751.62ms
step:336/3300 train_loss:4.02061 train_time:1593.014s step_avg:4741.11ms
step:337/3300 train_loss:4.29645 train_time:1594.240s step_avg:4730.68ms
step:338/3300 train_loss:3.99256 train_time:1595.463s step_avg:4720.31ms
step:339/3300 train_loss:3.96697 train_time:1596.692s step_avg:4710.01ms
step:340/3300 train_loss:3.97283 train_time:1597.914s step_avg:4699.75ms
step:341/3300 train_loss:3.99284 train_time:1599.140s step_avg:4689.56ms
step:342/3300 train_loss:3.97880 train_time:1600.358s step_avg:4679.41ms
step:343/3300 train_loss:4.05427 train_time:1601.579s step_avg:4669.33ms
step:344/3300 train_loss:3.98436 train_time:1602.801s step_avg:4659.31ms
step:345/3300 train_loss:3.95237 train_time:1604.020s step_avg:4649.33ms
step:346/3300 train_loss:3.96804 train_time:1605.243s step_avg:4639.43ms
step:347/3300 train_loss:3.96887 train_time:1606.461s step_avg:4629.57ms
step:348/3300 train_loss:3.99950 train_time:1607.681s step_avg:4619.77ms
step:349/3300 train_loss:3.93475 train_time:1608.901s step_avg:4610.03ms
step:350/3300 train_loss:3.91795 train_time:1610.122s step_avg:4600.35ms
step:351/3300 train_loss:3.90961 train_time:1611.344s step_avg:4590.72ms
step:352/3300 train_loss:4.02252 train_time:1612.559s step_avg:4581.13ms
step:353/3300 train_loss:3.92587 train_time:1613.785s step_avg:4571.63ms
step:354/3300 train_loss:3.91400 train_time:1615.002s step_avg:4562.15ms
step:355/3300 train_loss:3.99797 train_time:1616.227s step_avg:4552.75ms
step:356/3300 train_loss:3.91917 train_time:1617.439s step_avg:4543.37ms
step:357/3300 train_loss:3.99931 train_time:1618.661s step_avg:4534.07ms
step:358/3300 train_loss:3.99062 train_time:1619.883s step_avg:4524.81ms
step:359/3300 train_loss:3.90064 train_time:1621.104s step_avg:4515.61ms
step:360/3300 train_loss:3.90895 train_time:1622.325s step_avg:4506.46ms
step:361/3300 train_loss:4.02300 train_time:1623.542s step_avg:4497.35ms
step:362/3300 train_loss:3.96366 train_time:1624.764s step_avg:4488.30ms
step:363/3300 train_loss:3.93675 train_time:1625.981s step_avg:4479.29ms
step:364/3300 train_loss:3.95343 train_time:1627.204s step_avg:4470.34ms
step:365/3300 train_loss:3.99652 train_time:1628.424s step_avg:4461.43ms
step:366/3300 train_loss:3.94462 train_time:1629.646s step_avg:4452.59ms
step:367/3300 train_loss:3.98733 train_time:1630.864s step_avg:4443.77ms
step:368/3300 train_loss:3.96334 train_time:1632.082s step_avg:4435.01ms
step:369/3300 train_loss:3.95948 train_time:1633.302s step_avg:4426.29ms
step:370/3300 train_loss:3.93323 train_time:1634.519s step_avg:4417.62ms
step:371/3300 train_loss:3.96326 train_time:1635.743s step_avg:4409.01ms
step:372/3300 train_loss:3.94614 train_time:1636.966s step_avg:4400.45ms
step:373/3300 train_loss:3.97292 train_time:1638.183s step_avg:4391.91ms
step:374/3300 train_loss:3.99869 train_time:1639.403s step_avg:4383.43ms
step:375/3300 train_loss:3.96689 train_time:1640.623s step_avg:4374.99ms
step:375/3300 val_loss:3.93937 train_time:1640.623s step_avg:1220.42ms
step:376/3300 train_loss:4.06182 train_time:1641.849s step_avg:4366.62ms
step:377/3300 train_loss:3.86017 train_time:1643.063s step_avg:4358.26ms
step:378/3300 train_loss:3.96698 train_time:1644.299s step_avg:4350.00ms
step:379/3300 train_loss:3.95828 train_time:1645.534s step_avg:4341.78ms
step:380/3300 train_loss:3.92463 train_time:1646.754s step_avg:4333.56ms
step:381/3300 train_loss:3.99790 train_time:1648.022s step_avg:4325.52ms
step:382/3300 train_loss:3.92132 train_time:1649.242s step_avg:4317.39ms
step:383/3300 train_loss:3.93846 train_time:1650.462s step_avg:4309.30ms
step:384/3300 train_loss:3.92650 train_time:1651.681s step_avg:4301.25ms
step:385/3300 train_loss:3.96260 train_time:1652.905s step_avg:4293.26ms
step:386/3300 train_loss:3.95588 train_time:1654.124s step_avg:4285.29ms
step:387/3300 train_loss:3.97197 train_time:1655.344s step_avg:4277.38ms
step:388/3300 train_loss:3.95442 train_time:1656.562s step_avg:4269.49ms
step:389/3300 train_loss:3.90303 train_time:1657.780s step_avg:4261.64ms
step:390/3300 train_loss:3.95557 train_time:1659.001s step_avg:4253.85ms
step:391/3300 train_loss:3.88984 train_time:1660.219s step_avg:4246.08ms
step:392/3300 train_loss:3.93347 train_time:1661.444s step_avg:4238.38ms
step:393/3300 train_loss:3.96648 train_time:1662.664s step_avg:4230.70ms
step:394/3300 train_loss:3.96075 train_time:1663.886s step_avg:4223.06ms
step:395/3300 train_loss:3.88629 train_time:1665.106s step_avg:4215.46ms
step:396/3300 train_loss:3.80212 train_time:1666.324s step_avg:4207.89ms
step:397/3300 train_loss:3.99231 train_time:1667.539s step_avg:4200.35ms
step:398/3300 train_loss:3.92787 train_time:1668.756s step_avg:4192.85ms
step:399/3300 train_loss:3.87802 train_time:1669.981s step_avg:4185.42ms
step:400/3300 train_loss:3.96260 train_time:1671.201s step_avg:4178.00ms
step:401/3300 train_loss:3.91234 train_time:1672.420s step_avg:4170.62ms
step:402/3300 train_loss:3.92701 train_time:1673.639s step_avg:4163.28ms
step:403/3300 train_loss:3.93194 train_time:1674.853s step_avg:4155.96ms
step:404/3300 train_loss:3.90837 train_time:1676.060s step_avg:4148.66ms
step:405/3300 train_loss:3.96473 train_time:1677.277s step_avg:4141.42ms
step:406/3300 train_loss:3.93872 train_time:1678.493s step_avg:4134.22ms
step:407/3300 train_loss:4.03442 train_time:1679.714s step_avg:4127.06ms
step:408/3300 train_loss:3.95200 train_time:1680.935s step_avg:4119.94ms
step:409/3300 train_loss:3.90388 train_time:1682.156s step_avg:4112.85ms
step:410/3300 train_loss:3.91327 train_time:1683.388s step_avg:4105.83ms
step:411/3300 train_loss:3.89044 train_time:1684.602s step_avg:4098.79ms
step:412/3300 train_loss:3.97966 train_time:1685.830s step_avg:4091.82ms
step:413/3300 train_loss:3.90365 train_time:1687.044s step_avg:4084.85ms
step:414/3300 train_loss:3.94271 train_time:1688.264s step_avg:4077.93ms
step:415/3300 train_loss:3.97901 train_time:1689.486s step_avg:4071.05ms
step:416/3300 train_loss:3.90239 train_time:1690.702s step_avg:4064.19ms
step:417/3300 train_loss:3.91881 train_time:1691.922s step_avg:4057.37ms
step:418/3300 train_loss:3.91446 train_time:1693.138s step_avg:4050.57ms
step:419/3300 train_loss:3.89172 train_time:1694.356s step_avg:4043.81ms
step:420/3300 train_loss:3.88322 train_time:1695.569s step_avg:4037.07ms
step:421/3300 train_loss:3.88688 train_time:1696.784s step_avg:4030.37ms
step:422/3300 train_loss:3.86528 train_time:1698.005s step_avg:4023.71ms
step:423/3300 train_loss:3.90169 train_time:1699.223s step_avg:4017.08ms
step:424/3300 train_loss:3.92390 train_time:1700.443s step_avg:4010.48ms
step:425/3300 train_loss:3.93209 train_time:1701.661s step_avg:4003.91ms
step:426/3300 train_loss:3.86228 train_time:1702.876s step_avg:3997.36ms
step:427/3300 train_loss:3.91915 train_time:1704.110s step_avg:3990.89ms
step:428/3300 train_loss:3.86246 train_time:1705.332s step_avg:3984.42ms
step:429/3300 train_loss:3.85013 train_time:1706.548s step_avg:3977.97ms
step:430/3300 train_loss:3.87133 train_time:1707.767s step_avg:3971.55ms
step:431/3300 train_loss:3.94653 train_time:1708.988s step_avg:3965.17ms
step:432/3300 train_loss:3.88651 train_time:1710.206s step_avg:3958.81ms
step:433/3300 train_loss:3.94542 train_time:1711.427s step_avg:3952.49ms
step:434/3300 train_loss:3.89123 train_time:1712.648s step_avg:3946.19ms
step:435/3300 train_loss:3.91359 train_time:1713.864s step_avg:3939.92ms
step:436/3300 train_loss:3.95180 train_time:1715.082s step_avg:3933.67ms
step:437/3300 train_loss:3.90554 train_time:1716.294s step_avg:3927.45ms
step:438/3300 train_loss:3.91274 train_time:1717.504s step_avg:3921.24ms
step:439/3300 train_loss:3.83667 train_time:1718.718s step_avg:3915.08ms
step:440/3300 train_loss:3.88940 train_time:1719.925s step_avg:3908.92ms
step:441/3300 train_loss:3.83352 train_time:1721.143s step_avg:3902.82ms
step:442/3300 train_loss:3.87877 train_time:1722.360s step_avg:3896.74ms
step:443/3300 train_loss:3.83848 train_time:1723.570s step_avg:3890.68ms
step:444/3300 train_loss:3.94148 train_time:1724.787s step_avg:3884.66ms
step:445/3300 train_loss:3.91014 train_time:1726.006s step_avg:3878.67ms
step:446/3300 train_loss:3.88726 train_time:1727.224s step_avg:3872.70ms
step:447/3300 train_loss:3.87400 train_time:1728.439s step_avg:3866.75ms
step:448/3300 train_loss:3.93026 train_time:1729.648s step_avg:3860.82ms
step:449/3300 train_loss:3.89710 train_time:1730.864s step_avg:3854.93ms
step:450/3300 train_loss:3.89181 train_time:1732.085s step_avg:3849.08ms
step:451/3300 train_loss:4.01330 train_time:1733.300s step_avg:3843.24ms
step:452/3300 train_loss:3.91426 train_time:1734.512s step_avg:3837.42ms
step:453/3300 train_loss:3.96396 train_time:1735.726s step_avg:3831.62ms
step:454/3300 train_loss:3.80132 train_time:1736.944s step_avg:3825.87ms
step:455/3300 train_loss:3.86337 train_time:1738.158s step_avg:3820.13ms
step:456/3300 train_loss:3.87097 train_time:1739.372s step_avg:3814.41ms
step:457/3300 train_loss:3.86061 train_time:1740.589s step_avg:3808.73ms
step:458/3300 train_loss:3.90260 train_time:1741.810s step_avg:3803.08ms
step:459/3300 train_loss:3.88177 train_time:1743.032s step_avg:3797.46ms
step:460/3300 train_loss:3.93334 train_time:1744.252s step_avg:3791.85ms
step:461/3300 train_loss:3.91097 train_time:1745.469s step_avg:3786.27ms
step:462/3300 train_loss:3.79483 train_time:1746.693s step_avg:3780.72ms
step:463/3300 train_loss:3.87837 train_time:1747.907s step_avg:3775.18ms
step:464/3300 train_loss:3.89444 train_time:1749.126s step_avg:3769.67ms
step:465/3300 train_loss:3.87064 train_time:1750.350s step_avg:3764.19ms
step:466/3300 train_loss:3.88963 train_time:1751.576s step_avg:3758.75ms
step:467/3300 train_loss:3.85489 train_time:1752.793s step_avg:3753.30ms
step:468/3300 train_loss:3.90410 train_time:1754.011s step_avg:3747.89ms
step:469/3300 train_loss:3.86926 train_time:1755.232s step_avg:3742.50ms
step:470/3300 train_loss:3.80175 train_time:1756.450s step_avg:3737.13ms
step:471/3300 train_loss:3.93033 train_time:1757.669s step_avg:3731.78ms
step:472/3300 train_loss:3.84902 train_time:1758.890s step_avg:3726.46ms
step:473/3300 train_loss:3.86675 train_time:1760.110s step_avg:3721.16ms
step:474/3300 train_loss:3.86361 train_time:1761.328s step_avg:3715.88ms
step:475/3300 train_loss:3.93194 train_time:1762.546s step_avg:3710.62ms
step:476/3300 train_loss:3.88161 train_time:1763.760s step_avg:3705.38ms
step:477/3300 train_loss:3.83656 train_time:1764.968s step_avg:3700.14ms
step:478/3300 train_loss:3.88479 train_time:1766.186s step_avg:3694.95ms
step:479/3300 train_loss:3.81893 train_time:1767.393s step_avg:3689.76ms
step:480/3300 train_loss:3.95611 train_time:1768.608s step_avg:3684.60ms
step:481/3300 train_loss:3.86141 train_time:1769.828s step_avg:3679.48ms
step:482/3300 train_loss:3.78162 train_time:1771.042s step_avg:3674.36ms
step:483/3300 train_loss:3.89357 train_time:1772.259s step_avg:3669.27ms
step:484/3300 train_loss:3.86842 train_time:1773.474s step_avg:3664.20ms
step:485/3300 train_loss:3.77175 train_time:1774.695s step_avg:3659.16ms
step:486/3300 train_loss:3.87301 train_time:1775.912s step_avg:3654.14ms
step:487/3300 train_loss:3.83439 train_time:1777.130s step_avg:3649.14ms
step:488/3300 train_loss:3.84435 train_time:1778.358s step_avg:3644.18ms
step:489/3300 train_loss:3.86405 train_time:1779.581s step_avg:3639.23ms
step:490/3300 train_loss:3.81179 train_time:1780.793s step_avg:3634.27ms
step:491/3300 train_loss:3.84668 train_time:1782.011s step_avg:3629.35ms
step:492/3300 train_loss:3.89185 train_time:1783.232s step_avg:3624.46ms
step:493/3300 train_loss:3.82444 train_time:1784.449s step_avg:3619.57ms
step:494/3300 train_loss:3.82743 train_time:1785.663s step_avg:3614.70ms
step:495/3300 train_loss:3.87773 train_time:1786.875s step_avg:3609.85ms
step:496/3300 train_loss:3.79375 train_time:1788.096s step_avg:3605.03ms
step:497/3300 train_loss:3.86349 train_time:1789.315s step_avg:3600.23ms
step:498/3300 train_loss:3.83297 train_time:1790.537s step_avg:3595.46ms
step:499/3300 train_loss:3.90259 train_time:1791.756s step_avg:3590.69ms
local_quadratic_diag step:500 cross_hvp_source:1/72 blocks.0.attn.k.weight
local_quadratic_diag step:500 cross_hvp_source:13/72 blocks.2.attn.k.weight
local_quadratic_diag step:500 cross_hvp_source:25/72 blocks.4.attn.k.weight
local_quadratic_diag step:500 cross_hvp_source:37/72 blocks.6.attn.k.weight
local_quadratic_diag step:500 cross_hvp_source:49/72 blocks.8.attn.k.weight
local_quadratic_diag step:500 cross_hvp_source:61/72 blocks.10.attn.k.weight
step:500/3300 train_loss:3.83859 train_time:2920.600s step_avg:5841.20ms
step:500/3300 val_loss:3.83156 train_time:2920.600s step_avg:10239.82ms
step:501/3300 train_loss:3.90333 train_time:2921.821s step_avg:5831.98ms
step:502/3300 train_loss:3.86078 train_time:2923.034s step_avg:5822.78ms
step:503/3300 train_loss:3.80682 train_time:2924.253s step_avg:5813.62ms
step:504/3300 train_loss:3.88515 train_time:2925.475s step_avg:5804.51ms
step:505/3300 train_loss:3.84051 train_time:2926.705s step_avg:5795.46ms
step:506/3300 train_loss:3.78942 train_time:2927.922s step_avg:5786.41ms
step:507/3300 train_loss:3.91611 train_time:2929.146s step_avg:5777.41ms
step:508/3300 train_loss:3.80866 train_time:2930.359s step_avg:5768.42ms
step:509/3300 train_loss:3.84650 train_time:2931.601s step_avg:5759.53ms
step:510/3300 train_loss:3.80706 train_time:2932.817s step_avg:5750.62ms
step:511/3300 train_loss:3.79205 train_time:2934.039s step_avg:5741.76ms
step:512/3300 train_loss:3.84300 train_time:2935.260s step_avg:5732.93ms
step:513/3300 train_loss:3.83844 train_time:2936.480s step_avg:5724.13ms
step:514/3300 train_loss:3.92707 train_time:2937.699s step_avg:5715.37ms
step:515/3300 train_loss:3.80151 train_time:2938.916s step_avg:5706.63ms
step:516/3300 train_loss:3.88284 train_time:2940.138s step_avg:5697.94ms
step:517/3300 train_loss:3.85589 train_time:2941.361s step_avg:5689.29ms
step:518/3300 train_loss:3.80507 train_time:2942.579s step_avg:5680.65ms
step:519/3300 train_loss:3.88665 train_time:2943.800s step_avg:5672.06ms
step:520/3300 train_loss:3.81679 train_time:2945.022s step_avg:5663.50ms
step:521/3300 train_loss:3.79802 train_time:2946.241s step_avg:5654.97ms
step:522/3300 train_loss:3.85911 train_time:2947.463s step_avg:5646.48ms
step:523/3300 train_loss:3.83118 train_time:2948.684s step_avg:5638.02ms
step:524/3300 train_loss:3.79927 train_time:2949.903s step_avg:5629.59ms
step:525/3300 train_loss:3.77641 train_time:2951.121s step_avg:5621.18ms
step:526/3300 train_loss:3.88298 train_time:2952.341s step_avg:5612.82ms
step:527/3300 train_loss:3.81626 train_time:2953.562s step_avg:5604.48ms
step:528/3300 train_loss:3.82424 train_time:2954.779s step_avg:5596.17ms
step:529/3300 train_loss:3.85953 train_time:2956.004s step_avg:5587.91ms
step:530/3300 train_loss:3.83062 train_time:2957.224s step_avg:5579.67ms
step:531/3300 train_loss:3.77873 train_time:2958.443s step_avg:5571.46ms
step:532/3300 train_loss:3.85415 train_time:2959.660s step_avg:5563.27ms
step:533/3300 train_loss:3.81324 train_time:2960.880s step_avg:5555.12ms
step:534/3300 train_loss:3.83894 train_time:2962.098s step_avg:5547.00ms
step:535/3300 train_loss:3.93681 train_time:2963.313s step_avg:5538.90ms
step:536/3300 train_loss:3.79710 train_time:2964.528s step_avg:5530.84ms
step:537/3300 train_loss:3.77544 train_time:2965.741s step_avg:5522.80ms
step:538/3300 train_loss:3.78262 train_time:2966.959s step_avg:5514.79ms
step:539/3300 train_loss:3.97574 train_time:2968.182s step_avg:5506.83ms
step:540/3300 train_loss:3.76984 train_time:2969.401s step_avg:5498.89ms
step:541/3300 train_loss:3.86603 train_time:2970.618s step_avg:5490.98ms
step:542/3300 train_loss:3.79823 train_time:2971.838s step_avg:5483.10ms
step:543/3300 train_loss:3.79262 train_time:2973.060s step_avg:5475.25ms
step:544/3300 train_loss:3.82880 train_time:2974.278s step_avg:5467.42ms
step:545/3300 train_loss:3.78936 train_time:2975.500s step_avg:5459.63ms
step:546/3300 train_loss:3.77172 train_time:2976.720s step_avg:5451.87ms
step:547/3300 train_loss:3.81937 train_time:2977.939s step_avg:5444.13ms
step:548/3300 train_loss:3.73831 train_time:2979.161s step_avg:5436.43ms
step:549/3300 train_loss:3.78672 train_time:2980.382s step_avg:5428.75ms
step:550/3300 train_loss:3.81874 train_time:2981.603s step_avg:5421.10ms
step:551/3300 train_loss:3.78183 train_time:2982.821s step_avg:5413.47ms
step:552/3300 train_loss:3.92299 train_time:2984.040s step_avg:5405.87ms
step:553/3300 train_loss:3.81244 train_time:2985.261s step_avg:5398.30ms
step:554/3300 train_loss:3.79814 train_time:2986.479s step_avg:5390.76ms
step:555/3300 train_loss:3.85656 train_time:2987.695s step_avg:5383.23ms
step:556/3300 train_loss:3.79165 train_time:2988.915s step_avg:5375.75ms
step:557/3300 train_loss:3.75147 train_time:2990.132s step_avg:5368.28ms
step:558/3300 train_loss:3.79564 train_time:2991.350s step_avg:5360.84ms
step:559/3300 train_loss:3.87022 train_time:2992.564s step_avg:5353.42ms
step:560/3300 train_loss:3.81105 train_time:2993.779s step_avg:5346.03ms
step:561/3300 train_loss:3.78272 train_time:2995.000s step_avg:5338.68ms
step:562/3300 train_loss:3.78243 train_time:2996.217s step_avg:5331.35ms
step:563/3300 train_loss:3.78540 train_time:2997.431s step_avg:5324.03ms
step:564/3300 train_loss:3.82567 train_time:2998.642s step_avg:5316.74ms
step:565/3300 train_loss:3.78638 train_time:2999.867s step_avg:5309.50ms
step:566/3300 train_loss:3.82386 train_time:3001.084s step_avg:5302.27ms
step:567/3300 train_loss:3.78874 train_time:3002.303s step_avg:5295.07ms
step:568/3300 train_loss:3.87636 train_time:3003.522s step_avg:5287.89ms
step:569/3300 train_loss:3.80149 train_time:3004.741s step_avg:5280.74ms
step:570/3300 train_loss:3.78009 train_time:3005.959s step_avg:5273.61ms
step:571/3300 train_loss:3.74083 train_time:3007.206s step_avg:5266.56ms
step:572/3300 train_loss:3.80817 train_time:3008.428s step_avg:5259.49ms
step:573/3300 train_loss:3.87736 train_time:3009.644s step_avg:5252.43ms
step:574/3300 train_loss:3.77358 train_time:3010.864s step_avg:5245.41ms
step:575/3300 train_loss:3.82778 train_time:3012.081s step_avg:5238.40ms
step:576/3300 train_loss:3.80324 train_time:3013.296s step_avg:5231.42ms
step:577/3300 train_loss:3.80492 train_time:3014.508s step_avg:5224.45ms
step:578/3300 train_loss:3.86148 train_time:3015.728s step_avg:5217.52ms
step:579/3300 train_loss:3.76130 train_time:3016.946s step_avg:5210.61ms
step:580/3300 train_loss:3.83387 train_time:3018.164s step_avg:5203.73ms
step:581/3300 train_loss:3.82264 train_time:3019.383s step_avg:5196.87ms
step:582/3300 train_loss:3.84554 train_time:3020.601s step_avg:5190.04ms
step:583/3300 train_loss:3.80325 train_time:3021.820s step_avg:5183.22ms
step:584/3300 train_loss:3.76471 train_time:3023.034s step_avg:5176.43ms
step:585/3300 train_loss:3.80189 train_time:3024.248s step_avg:5169.65ms
step:586/3300 train_loss:3.89784 train_time:3025.468s step_avg:5162.91ms
step:587/3300 train_loss:3.75989 train_time:3026.687s step_avg:5156.20ms
step:588/3300 train_loss:3.82931 train_time:3027.905s step_avg:5149.50ms
step:589/3300 train_loss:3.88091 train_time:3029.122s step_avg:5142.82ms
step:590/3300 train_loss:3.78034 train_time:3030.339s step_avg:5136.17ms
step:591/3300 train_loss:3.79691 train_time:3031.549s step_avg:5129.52ms
step:592/3300 train_loss:3.77387 train_time:3032.769s step_avg:5122.92ms
step:593/3300 train_loss:3.72898 train_time:3033.988s step_avg:5116.34ms
step:594/3300 train_loss:3.86339 train_time:3035.208s step_avg:5109.78ms
step:595/3300 train_loss:3.80531 train_time:3036.426s step_avg:5103.24ms
step:596/3300 train_loss:3.78151 train_time:3037.646s step_avg:5096.72ms
step:597/3300 train_loss:3.79444 train_time:3038.864s step_avg:5090.22ms
step:598/3300 train_loss:3.81337 train_time:3040.085s step_avg:5083.75ms
step:599/3300 train_loss:3.76692 train_time:3041.304s step_avg:5077.30ms
step:600/3300 train_loss:3.78601 train_time:3042.525s step_avg:5070.87ms
step:601/3300 train_loss:3.78884 train_time:3043.744s step_avg:5064.47ms
step:602/3300 train_loss:3.79923 train_time:3044.965s step_avg:5058.08ms
step:603/3300 train_loss:3.82307 train_time:3046.187s step_avg:5051.72ms
step:604/3300 train_loss:3.83707 train_time:3047.409s step_avg:5045.38ms
step:605/3300 train_loss:3.77890 train_time:3048.627s step_avg:5039.05ms
step:606/3300 train_loss:3.79634 train_time:3049.848s step_avg:5032.75ms
step:607/3300 train_loss:3.78220 train_time:3051.072s step_avg:5026.48ms
step:608/3300 train_loss:3.77300 train_time:3052.293s step_avg:5020.22ms
step:609/3300 train_loss:3.79652 train_time:3053.509s step_avg:5013.97ms
step:610/3300 train_loss:3.76163 train_time:3054.726s step_avg:5007.75ms
step:611/3300 train_loss:3.78352 train_time:3055.950s step_avg:5001.55ms
step:612/3300 train_loss:3.72418 train_time:3057.170s step_avg:4995.38ms
step:613/3300 train_loss:3.76685 train_time:3058.389s step_avg:4989.22ms
step:614/3300 train_loss:3.80400 train_time:3059.608s step_avg:4983.07ms
step:615/3300 train_loss:3.76898 train_time:3060.826s step_avg:4976.95ms
step:616/3300 train_loss:3.78864 train_time:3062.039s step_avg:4970.84ms
step:617/3300 train_loss:3.77101 train_time:3063.251s step_avg:4964.75ms
step:618/3300 train_loss:3.80272 train_time:3064.487s step_avg:4958.72ms
step:619/3300 train_loss:3.82136 train_time:3065.710s step_avg:4952.68ms
step:620/3300 train_loss:3.75710 train_time:3066.927s step_avg:4946.66ms
step:621/3300 train_loss:3.86307 train_time:3068.148s step_avg:4940.66ms
step:622/3300 train_loss:3.80602 train_time:3069.366s step_avg:4934.67ms
step:623/3300 train_loss:3.78380 train_time:3070.587s step_avg:4928.71ms
step:624/3300 train_loss:3.81595 train_time:3071.809s step_avg:4922.77ms
step:625/3300 train_loss:3.79326 train_time:3073.029s step_avg:4916.85ms
step:625/3300 val_loss:3.76162 train_time:3073.029s step_avg:1219.43ms
step:626/3300 train_loss:3.79959 train_time:3074.252s step_avg:4910.95ms
step:627/3300 train_loss:3.79805 train_time:3075.462s step_avg:4905.04ms
step:628/3300 train_loss:3.73460 train_time:3076.681s step_avg:4899.17ms
step:629/3300 train_loss:3.75647 train_time:3077.911s step_avg:4893.34ms
step:630/3300 train_loss:3.75890 train_time:3079.147s step_avg:4887.54ms
step:631/3300 train_loss:3.76866 train_time:3080.361s step_avg:4881.71ms
step:632/3300 train_loss:3.77584 train_time:3081.579s step_avg:4875.92ms
step:633/3300 train_loss:3.78273 train_time:3082.801s step_avg:4870.14ms
step:634/3300 train_loss:3.72745 train_time:3084.021s step_avg:4864.39ms
step:635/3300 train_loss:3.82163 train_time:3085.239s step_avg:4858.64ms
step:636/3300 train_loss:3.72162 train_time:3086.455s step_avg:4852.92ms
step:637/3300 train_loss:3.69793 train_time:3087.670s step_avg:4847.21ms
step:638/3300 train_loss:3.81377 train_time:3088.880s step_avg:4841.50ms
step:639/3300 train_loss:3.75763 train_time:3090.104s step_avg:4835.84ms
step:640/3300 train_loss:3.76817 train_time:3091.324s step_avg:4830.19ms
step:641/3300 train_loss:3.84249 train_time:3092.542s step_avg:4824.56ms
step:642/3300 train_loss:3.71435 train_time:3093.759s step_avg:4818.94ms
step:643/3300 train_loss:3.80351 train_time:3094.981s step_avg:4813.35ms
step:644/3300 train_loss:3.74637 train_time:3096.201s step_avg:4807.77ms
step:645/3300 train_loss:3.78639 train_time:3097.421s step_avg:4802.20ms
step:646/3300 train_loss:3.79778 train_time:3098.642s step_avg:4796.66ms
step:647/3300 train_loss:3.86913 train_time:3099.862s step_avg:4791.13ms
step:648/3300 train_loss:3.78592 train_time:3101.081s step_avg:4785.62ms
step:649/3300 train_loss:3.77271 train_time:3102.303s step_avg:4780.13ms
step:650/3300 train_loss:3.74336 train_time:3103.531s step_avg:4774.66ms
step:651/3300 train_loss:3.71901 train_time:3104.759s step_avg:4769.21ms
step:652/3300 train_loss:3.72673 train_time:3105.981s step_avg:4763.77ms
step:653/3300 train_loss:3.74491 train_time:3107.207s step_avg:4758.36ms
step:654/3300 train_loss:3.79426 train_time:3108.425s step_avg:4752.94ms
step:655/3300 train_loss:3.75077 train_time:3109.645s step_avg:4747.55ms
step:656/3300 train_loss:3.80834 train_time:3110.863s step_avg:4742.17ms
step:657/3300 train_loss:3.71014 train_time:3112.083s step_avg:4736.81ms
step:658/3300 train_loss:3.82465 train_time:3113.304s step_avg:4731.47ms
step:659/3300 train_loss:3.79260 train_time:3114.523s step_avg:4726.14ms
step:660/3300 train_loss:3.82257 train_time:3115.743s step_avg:4720.82ms
step:661/3300 train_loss:3.81694 train_time:3116.964s step_avg:4715.53ms
step:662/3300 train_loss:3.82111 train_time:3118.184s step_avg:4710.25ms
step:663/3300 train_loss:3.72183 train_time:3119.408s step_avg:4704.99ms
step:664/3300 train_loss:3.71788 train_time:3120.628s step_avg:4699.74ms
step:665/3300 train_loss:3.74177 train_time:3121.844s step_avg:4694.50ms
step:666/3300 train_loss:3.79462 train_time:3123.063s step_avg:4689.28ms
step:667/3300 train_loss:3.80421 train_time:3124.282s step_avg:4684.08ms
step:668/3300 train_loss:3.78334 train_time:3125.502s step_avg:4678.90ms
step:669/3300 train_loss:3.77786 train_time:3126.723s step_avg:4673.73ms
step:670/3300 train_loss:3.76090 train_time:3127.944s step_avg:4668.57ms
step:671/3300 train_loss:3.74713 train_time:3129.164s step_avg:4663.43ms
step:672/3300 train_loss:3.81335 train_time:3130.384s step_avg:4658.31ms
step:673/3300 train_loss:3.75695 train_time:3131.602s step_avg:4653.20ms
step:674/3300 train_loss:3.74910 train_time:3132.823s step_avg:4648.11ms
step:675/3300 train_loss:3.81000 train_time:3134.042s step_avg:4643.03ms
step:676/3300 train_loss:3.74244 train_time:3135.264s step_avg:4637.96ms
step:677/3300 train_loss:3.73569 train_time:3136.487s step_avg:4632.92ms
step:678/3300 train_loss:3.74990 train_time:3137.707s step_avg:4627.89ms
step:679/3300 train_loss:3.76777 train_time:3138.927s step_avg:4622.87ms
step:680/3300 train_loss:3.76810 train_time:3140.146s step_avg:4617.86ms
step:681/3300 train_loss:3.68727 train_time:3141.367s step_avg:4612.87ms
step:682/3300 train_loss:3.78193 train_time:3142.590s step_avg:4607.90ms
step:683/3300 train_loss:3.82481 train_time:3143.810s step_avg:4602.94ms
step:684/3300 train_loss:3.76266 train_time:3145.027s step_avg:4597.99ms
step:685/3300 train_loss:3.80398 train_time:3146.248s step_avg:4593.06ms
step:686/3300 train_loss:3.80535 train_time:3147.467s step_avg:4588.14ms
step:687/3300 train_loss:3.72669 train_time:3148.686s step_avg:4583.24ms
step:688/3300 train_loss:3.72073 train_time:3149.905s step_avg:4578.35ms
step:689/3300 train_loss:3.73074 train_time:3151.127s step_avg:4573.48ms
step:690/3300 train_loss:3.75187 train_time:3152.347s step_avg:4568.62ms
step:691/3300 train_loss:3.76375 train_time:3153.570s step_avg:4563.78ms
step:692/3300 train_loss:3.72861 train_time:3154.791s step_avg:4558.95ms
step:693/3300 train_loss:3.77581 train_time:3156.004s step_avg:4554.12ms
step:694/3300 train_loss:3.73070 train_time:3157.223s step_avg:4549.31ms
step:695/3300 train_loss:3.68729 train_time:3158.442s step_avg:4544.52ms
step:696/3300 train_loss:3.80805 train_time:3159.662s step_avg:4539.74ms
step:697/3300 train_loss:3.70498 train_time:3160.884s step_avg:4534.98ms
step:698/3300 train_loss:3.74166 train_time:3162.099s step_avg:4530.23ms
step:699/3300 train_loss:3.78214 train_time:3163.313s step_avg:4525.48ms
step:700/3300 train_loss:3.71323 train_time:3164.528s step_avg:4520.75ms
step:701/3300 train_loss:3.72411 train_time:3165.743s step_avg:4516.04ms
step:702/3300 train_loss:3.72347 train_time:3166.956s step_avg:4511.33ms
step:703/3300 train_loss:3.65892 train_time:3168.171s step_avg:4506.64ms
step:704/3300 train_loss:3.73541 train_time:3169.388s step_avg:4501.97ms
step:705/3300 train_loss:3.65926 train_time:3170.607s step_avg:4497.32ms
step:706/3300 train_loss:3.69909 train_time:3171.825s step_avg:4492.67ms
step:707/3300 train_loss:3.76949 train_time:3173.036s step_avg:4488.03ms
step:708/3300 train_loss:3.75087 train_time:3174.250s step_avg:4483.40ms
step:709/3300 train_loss:3.74098 train_time:3175.467s step_avg:4478.80ms
step:710/3300 train_loss:3.72273 train_time:3176.680s step_avg:4474.20ms
step:711/3300 train_loss:3.73448 train_time:3177.890s step_avg:4469.61ms
step:712/3300 train_loss:3.68686 train_time:3179.107s step_avg:4465.04ms
step:713/3300 train_loss:3.77851 train_time:3180.319s step_avg:4460.48ms
step:714/3300 train_loss:3.64776 train_time:3181.531s step_avg:4455.93ms
step:715/3300 train_loss:3.82573 train_time:3182.747s step_avg:4451.39ms
step:716/3300 train_loss:3.72302 train_time:3183.958s step_avg:4446.87ms
step:717/3300 train_loss:3.77762 train_time:3185.167s step_avg:4442.35ms
step:718/3300 train_loss:3.75962 train_time:3186.381s step_avg:4437.86ms
step:719/3300 train_loss:3.77039 train_time:3187.591s step_avg:4433.37ms
step:720/3300 train_loss:3.77048 train_time:3188.809s step_avg:4428.90ms
step:721/3300 train_loss:3.74978 train_time:3190.026s step_avg:4424.45ms
step:722/3300 train_loss:3.74822 train_time:3191.231s step_avg:4419.99ms
step:723/3300 train_loss:3.78285 train_time:3192.445s step_avg:4415.55ms
step:724/3300 train_loss:3.70281 train_time:3193.656s step_avg:4411.13ms
step:725/3300 train_loss:3.71066 train_time:3194.872s step_avg:4406.72ms
step:726/3300 train_loss:3.74943 train_time:3196.090s step_avg:4402.33ms
step:727/3300 train_loss:3.70474 train_time:3197.310s step_avg:4397.95ms
step:728/3300 train_loss:3.73733 train_time:3198.529s step_avg:4393.58ms
step:729/3300 train_loss:3.77488 train_time:3199.739s step_avg:4389.22ms
step:730/3300 train_loss:3.79979 train_time:3200.951s step_avg:4384.86ms
step:731/3300 train_loss:3.76315 train_time:3202.167s step_avg:4380.53ms
step:732/3300 train_loss:3.76281 train_time:3203.373s step_avg:4376.19ms
step:733/3300 train_loss:3.76269 train_time:3204.590s step_avg:4371.88ms
step:734/3300 train_loss:3.82561 train_time:3205.799s step_avg:4367.57ms
step:735/3300 train_loss:3.74349 train_time:3207.014s step_avg:4363.28ms
step:736/3300 train_loss:3.74546 train_time:3208.232s step_avg:4359.01ms
step:737/3300 train_loss:3.77525 train_time:3209.451s step_avg:4354.75ms
step:738/3300 train_loss:3.74207 train_time:3210.665s step_avg:4350.49ms
step:739/3300 train_loss:3.74670 train_time:3211.872s step_avg:4346.24ms
step:740/3300 train_loss:3.85638 train_time:3213.090s step_avg:4342.01ms
step:741/3300 train_loss:3.73103 train_time:3214.303s step_avg:4337.79ms
step:742/3300 train_loss:3.70780 train_time:3215.511s step_avg:4333.57ms
step:743/3300 train_loss:3.75370 train_time:3216.724s step_avg:4329.37ms
step:744/3300 train_loss:3.66023 train_time:3217.932s step_avg:4325.18ms
step:745/3300 train_loss:3.71816 train_time:3219.148s step_avg:4321.00ms
step:746/3300 train_loss:3.74767 train_time:3220.357s step_avg:4316.83ms
step:747/3300 train_loss:3.71274 train_time:3221.572s step_avg:4312.68ms
step:748/3300 train_loss:3.75852 train_time:3222.793s step_avg:4308.55ms
step:749/3300 train_loss:3.68317 train_time:3224.014s step_avg:4304.42ms
local_quadratic_diag step:750 cross_hvp_source:1/72 blocks.0.attn.k.weight
local_quadratic_diag step:750 cross_hvp_source:13/72 blocks.2.attn.k.weight
local_quadratic_diag step:750 cross_hvp_source:25/72 blocks.4.attn.k.weight
local_quadratic_diag step:750 cross_hvp_source:37/72 blocks.6.attn.k.weight
local_quadratic_diag step:750 cross_hvp_source:49/72 blocks.8.attn.k.weight
local_quadratic_diag step:750 cross_hvp_source:61/72 blocks.10.attn.k.weight
step:750/3300 train_loss:3.76193 train_time:4347.101s step_avg:5796.13ms
step:750/3300 val_loss:3.71489 train_time:4347.101s step_avg:10192.57ms
step:751/3300 train_loss:3.69278 train_time:4348.327s step_avg:5790.05ms
step:752/3300 train_loss:3.73565 train_time:4349.541s step_avg:5783.96ms
step:753/3300 train_loss:3.73269 train_time:4350.772s step_avg:5777.92ms
step:754/3300 train_loss:3.82036 train_time:4351.997s step_avg:5771.88ms
step:755/3300 train_loss:3.76474 train_time:4353.228s step_avg:5765.86ms
step:756/3300 train_loss:3.81811 train_time:4354.444s step_avg:5759.85ms
step:757/3300 train_loss:3.73301 train_time:4355.665s step_avg:5753.85ms
step:758/3300 train_loss:3.74447 train_time:4356.878s step_avg:5747.86ms
step:759/3300 train_loss:3.69778 train_time:4358.097s step_avg:5741.89ms
step:760/3300 train_loss:3.74758 train_time:4359.321s step_avg:5735.95ms
step:761/3300 train_loss:3.69146 train_time:4360.567s step_avg:5730.05ms
step:762/3300 train_loss:3.68669 train_time:4361.785s step_avg:5724.13ms
step:763/3300 train_loss:3.74496 train_time:4363.000s step_avg:5718.22ms
step:764/3300 train_loss:3.70724 train_time:4364.218s step_avg:5712.33ms
step:765/3300 train_loss:3.86505 train_time:4365.436s step_avg:5706.45ms
step:766/3300 train_loss:3.80503 train_time:4366.644s step_avg:5700.58ms
step:767/3300 train_loss:3.75956 train_time:4367.861s step_avg:5694.73ms
step:768/3300 train_loss:3.81025 train_time:4369.079s step_avg:5688.91ms
step:769/3300 train_loss:3.87884 train_time:4370.295s step_avg:5683.09ms
step:770/3300 train_loss:3.72070 train_time:4371.508s step_avg:5677.28ms
step:771/3300 train_loss:3.77248 train_time:4372.722s step_avg:5671.49ms
step:772/3300 train_loss:3.69444 train_time:4373.939s step_avg:5665.72ms
step:773/3300 train_loss:3.73801 train_time:4375.161s step_avg:5659.98ms
step:774/3300 train_loss:3.74568 train_time:4376.381s step_avg:5654.24ms
step:775/3300 train_loss:3.74801 train_time:4377.600s step_avg:5648.52ms
step:776/3300 train_loss:3.67451 train_time:4378.820s step_avg:5642.81ms
step:777/3300 train_loss:3.70454 train_time:4380.039s step_avg:5637.12ms
step:778/3300 train_loss:3.75971 train_time:4381.258s step_avg:5631.44ms
step:779/3300 train_loss:3.71001 train_time:4382.475s step_avg:5625.77ms
step:780/3300 train_loss:3.72164 train_time:4383.691s step_avg:5620.12ms
step:781/3300 train_loss:3.70993 train_time:4384.905s step_avg:5614.47ms
step:782/3300 train_loss:3.72827 train_time:4386.124s step_avg:5608.85ms
step:783/3300 train_loss:3.70250 train_time:4387.342s step_avg:5603.25ms
step:784/3300 train_loss:3.71201 train_time:4388.560s step_avg:5597.65ms
step:785/3300 train_loss:3.66505 train_time:4389.774s step_avg:5592.07ms
step:786/3300 train_loss:3.72213 train_time:4390.986s step_avg:5586.50ms
step:787/3300 train_loss:3.71898 train_time:4392.206s step_avg:5580.95ms
step:788/3300 train_loss:3.69711 train_time:4393.422s step_avg:5575.41ms
step:789/3300 train_loss:3.77971 train_time:4394.644s step_avg:5569.89ms
step:790/3300 train_loss:3.72413 train_time:4395.863s step_avg:5564.38ms
step:791/3300 train_loss:3.81805 train_time:4397.082s step_avg:5558.89ms
step:792/3300 train_loss:3.78209 train_time:4398.295s step_avg:5553.40ms
step:793/3300 train_loss:3.70794 train_time:4399.507s step_avg:5547.93ms
step:794/3300 train_loss:4.04690 train_time:4400.726s step_avg:5542.48ms
step:795/3300 train_loss:3.71071 train_time:4401.947s step_avg:5537.04ms
step:796/3300 train_loss:3.73928 train_time:4403.169s step_avg:5531.62ms
step:797/3300 train_loss:3.72934 train_time:4404.388s step_avg:5526.21ms
step:798/3300 train_loss:3.79003 train_time:4405.612s step_avg:5520.82ms
step:799/3300 train_loss:3.73077 train_time:4406.824s step_avg:5515.42ms
step:800/3300 train_loss:3.72506 train_time:4408.045s step_avg:5510.06ms
step:801/3300 train_loss:3.86443 train_time:4409.265s step_avg:5504.70ms
step:802/3300 train_loss:3.69663 train_time:4410.487s step_avg:5499.36ms
step:803/3300 train_loss:3.72155 train_time:4411.706s step_avg:5494.03ms
step:804/3300 train_loss:3.72024 train_time:4412.925s step_avg:5488.71ms
step:805/3300 train_loss:3.73226 train_time:4414.144s step_avg:5483.41ms
step:806/3300 train_loss:3.72420 train_time:4415.377s step_avg:5478.14ms
step:807/3300 train_loss:3.69755 train_time:4416.591s step_avg:5472.85ms
step:808/3300 train_loss:3.72394 train_time:4417.811s step_avg:5467.59ms
step:809/3300 train_loss:3.71636 train_time:4419.039s step_avg:5462.35ms
step:810/3300 train_loss:3.73344 train_time:4420.257s step_avg:5457.11ms
step:811/3300 train_loss:3.72615 train_time:4421.468s step_avg:5451.87ms
step:812/3300 train_loss:3.81455 train_time:4422.691s step_avg:5446.66ms
step:813/3300 train_loss:3.78686 train_time:4423.908s step_avg:5441.46ms
step:814/3300 train_loss:3.70932 train_time:4425.128s step_avg:5436.27ms
step:815/3300 train_loss:3.73061 train_time:4426.349s step_avg:5431.10ms
step:816/3300 train_loss:3.71232 train_time:4427.567s step_avg:5425.94ms
step:817/3300 train_loss:3.74906 train_time:4428.786s step_avg:5420.79ms
step:818/3300 train_loss:3.68355 train_time:4430.006s step_avg:5415.66ms
step:819/3300 train_loss:3.67598 train_time:4431.228s step_avg:5410.54ms
step:820/3300 train_loss:3.68907 train_time:4432.449s step_avg:5405.43ms
step:821/3300 train_loss:3.73183 train_time:4433.667s step_avg:5400.32ms
step:822/3300 train_loss:3.65951 train_time:4434.887s step_avg:5395.24ms
step:823/3300 train_loss:3.65122 train_time:4436.103s step_avg:5390.16ms
step:824/3300 train_loss:3.70785 train_time:4437.317s step_avg:5385.09ms
step:825/3300 train_loss:3.61623 train_time:4438.530s step_avg:5380.04ms
step:826/3300 train_loss:3.67384 train_time:4439.752s step_avg:5375.00ms
step:827/3300 train_loss:3.70979 train_time:4440.969s step_avg:5369.97ms
step:828/3300 train_loss:3.68562 train_time:4442.191s step_avg:5364.97ms
step:829/3300 train_loss:3.73323 train_time:4443.408s step_avg:5359.96ms
step:830/3300 train_loss:3.75581 train_time:4444.627s step_avg:5354.97ms
step:831/3300 train_loss:3.80806 train_time:4445.844s step_avg:5349.99ms
step:832/3300 train_loss:3.71956 train_time:4447.066s step_avg:5345.03ms
step:833/3300 train_loss:3.70154 train_time:4448.283s step_avg:5340.08ms
step:834/3300 train_loss:3.70085 train_time:4449.494s step_avg:5335.13ms
step:835/3300 train_loss:3.66557 train_time:4450.714s step_avg:5330.20ms
step:836/3300 train_loss:3.69818 train_time:4451.931s step_avg:5325.28ms
step:837/3300 train_loss:3.67513 train_time:4453.154s step_avg:5320.37ms
step:838/3300 train_loss:3.75107 train_time:4454.374s step_avg:5315.48ms
step:839/3300 train_loss:3.70443 train_time:4455.591s step_avg:5310.60ms
step:840/3300 train_loss:3.69514 train_time:4456.825s step_avg:5305.74ms
step:841/3300 train_loss:3.71810 train_time:4458.040s step_avg:5300.88ms
step:842/3300 train_loss:3.67411 train_time:4459.253s step_avg:5296.03ms
step:843/3300 train_loss:3.70178 train_time:4460.472s step_avg:5291.19ms
step:844/3300 train_loss:3.73232 train_time:4461.691s step_avg:5286.36ms
step:845/3300 train_loss:3.72003 train_time:4462.910s step_avg:5281.55ms
step:846/3300 train_loss:3.69756 train_time:4464.129s step_avg:5276.75ms
step:847/3300 train_loss:3.68632 train_time:4465.349s step_avg:5271.96ms
step:848/3300 train_loss:3.74557 train_time:4466.567s step_avg:5267.18ms
step:849/3300 train_loss:3.69198 train_time:4467.783s step_avg:5262.41ms
step:850/3300 train_loss:3.76234 train_time:4468.994s step_avg:5257.64ms
step:851/3300 train_loss:3.70384 train_time:4470.224s step_avg:5252.91ms
step:852/3300 train_loss:3.71067 train_time:4471.435s step_avg:5248.16ms
step:853/3300 train_loss:3.70457 train_time:4472.653s step_avg:5243.44ms
step:854/3300 train_loss:3.67178 train_time:4473.872s step_avg:5238.73ms
step:855/3300 train_loss:3.72545 train_time:4475.090s step_avg:5234.02ms
step:856/3300 train_loss:3.75049 train_time:4476.330s step_avg:5229.36ms
step:857/3300 train_loss:3.65805 train_time:4477.562s step_avg:5224.69ms
step:858/3300 train_loss:3.68542 train_time:4478.780s step_avg:5220.02ms
step:859/3300 train_loss:3.70469 train_time:4480.014s step_avg:5215.38ms
step:860/3300 train_loss:3.67627 train_time:4481.235s step_avg:5210.74ms
step:861/3300 train_loss:3.67889 train_time:4482.455s step_avg:5206.10ms
step:862/3300 train_loss:3.65235 train_time:4483.674s step_avg:5201.48ms
step:863/3300 train_loss:3.71430 train_time:4484.893s step_avg:5196.86ms
step:864/3300 train_loss:3.71122 train_time:4486.114s step_avg:5192.26ms
step:865/3300 train_loss:3.81443 train_time:4487.332s step_avg:5187.67ms
step:866/3300 train_loss:3.73429 train_time:4488.551s step_avg:5183.08ms
step:867/3300 train_loss:3.68134 train_time:4489.766s step_avg:5178.51ms
step:868/3300 train_loss:3.64206 train_time:4490.975s step_avg:5173.93ms
step:869/3300 train_loss:3.67309 train_time:4492.199s step_avg:5169.39ms
step:870/3300 train_loss:3.71230 train_time:4493.417s step_avg:5164.85ms
step:871/3300 train_loss:3.67520 train_time:4494.640s step_avg:5160.32ms
step:872/3300 train_loss:3.72367 train_time:4495.856s step_avg:5155.80ms
step:873/3300 train_loss:3.69610 train_time:4497.075s step_avg:5151.29ms
step:874/3300 train_loss:3.64704 train_time:4498.296s step_avg:5146.79ms
step:875/3300 train_loss:3.68520 train_time:4499.516s step_avg:5142.30ms
step:875/3300 val_loss:3.67524 train_time:4499.516s step_avg:1219.32ms
step:876/3300 train_loss:3.73435 train_time:4500.739s step_avg:5137.83ms
step:877/3300 train_loss:3.67864 train_time:4501.957s step_avg:5133.36ms
step:878/3300 train_loss:3.74406 train_time:4503.202s step_avg:5128.93ms
step:879/3300 train_loss:3.69489 train_time:4504.426s step_avg:5124.49ms
step:880/3300 train_loss:3.65876 train_time:4505.642s step_avg:5120.05ms
step:881/3300 train_loss:3.68319 train_time:4506.861s step_avg:5115.62ms
step:882/3300 train_loss:3.69627 train_time:4508.082s step_avg:5111.20ms
step:883/3300 train_loss:3.69990 train_time:4509.304s step_avg:5106.80ms
step:884/3300 train_loss:3.68911 train_time:4510.523s step_avg:5102.40ms
step:885/3300 train_loss:3.66413 train_time:4511.745s step_avg:5098.02ms
step:886/3300 train_loss:3.69047 train_time:4512.963s step_avg:5093.64ms
step:887/3300 train_loss:3.81571 train_time:4514.191s step_avg:5089.28ms
step:888/3300 train_loss:3.70827 train_time:4515.405s step_avg:5084.92ms
step:889/3300 train_loss:3.63992 train_time:4516.625s step_avg:5080.57ms
step:890/3300 train_loss:3.61913 train_time:4517.846s step_avg:5076.23ms
step:891/3300 train_loss:3.68184 train_time:4519.067s step_avg:5071.90ms
step:892/3300 train_loss:3.72106 train_time:4520.286s step_avg:5067.59ms
step:893/3300 train_loss:3.61917 train_time:4521.506s step_avg:5063.28ms
step:894/3300 train_loss:3.71030 train_time:4522.727s step_avg:5058.98ms
step:895/3300 train_loss:3.69926 train_time:4523.946s step_avg:5054.69ms
step:896/3300 train_loss:3.69477 train_time:4525.165s step_avg:5050.41ms
step:897/3300 train_loss:3.69097 train_time:4526.387s step_avg:5046.14ms
step:898/3300 train_loss:3.73522 train_time:4527.607s step_avg:5041.88ms
step:899/3300 train_loss:3.69192 train_time:4528.827s step_avg:5037.63ms
step:900/3300 train_loss:3.63208 train_time:4530.048s step_avg:5033.39ms
step:901/3300 train_loss:3.67346 train_time:4531.269s step_avg:5029.16ms
step:902/3300 train_loss:3.98008 train_time:4532.491s step_avg:5024.93ms
step:903/3300 train_loss:3.66977 train_time:4533.709s step_avg:5020.72ms
step:904/3300 train_loss:3.67674 train_time:4534.927s step_avg:5016.51ms
step:905/3300 train_loss:3.73441 train_time:4536.144s step_avg:5012.31ms
step:906/3300 train_loss:3.73082 train_time:4537.358s step_avg:5008.12ms
step:907/3300 train_loss:3.66024 train_time:4538.568s step_avg:5003.93ms
step:908/3300 train_loss:3.72230 train_time:4539.791s step_avg:4999.77ms
step:909/3300 train_loss:3.82481 train_time:4541.011s step_avg:4995.61ms
step:910/3300 train_loss:3.64737 train_time:4542.233s step_avg:4991.46ms
step:911/3300 train_loss:3.69821 train_time:4543.452s step_avg:4987.32ms
step:912/3300 train_loss:3.64736 train_time:4544.668s step_avg:4983.19ms
step:913/3300 train_loss:3.67592 train_time:4545.889s step_avg:4979.07ms
step:914/3300 train_loss:3.75300 train_time:4547.110s step_avg:4974.96ms
step:915/3300 train_loss:3.69767 train_time:4548.327s step_avg:4970.85ms
step:916/3300 train_loss:3.78413 train_time:4549.548s step_avg:4966.76ms
step:917/3300 train_loss:3.67759 train_time:4550.769s step_avg:4962.67ms
step:918/3300 train_loss:3.82900 train_time:4551.991s step_avg:4958.60ms
step:919/3300 train_loss:3.68929 train_time:4553.208s step_avg:4954.52ms
step:920/3300 train_loss:3.72545 train_time:4554.431s step_avg:4950.47ms
step:921/3300 train_loss:3.64239 train_time:4555.649s step_avg:4946.42ms
step:922/3300 train_loss:3.66160 train_time:4556.869s step_avg:4942.37ms
step:923/3300 train_loss:3.64140 train_time:4558.090s step_avg:4938.34ms
step:924/3300 train_loss:3.69553 train_time:4559.310s step_avg:4934.32ms
step:925/3300 train_loss:3.68865 train_time:4560.528s step_avg:4930.30ms
step:926/3300 train_loss:3.71546 train_time:4561.749s step_avg:4926.30ms
step:927/3300 train_loss:3.65138 train_time:4562.974s step_avg:4922.30ms
step:928/3300 train_loss:3.67697 train_time:4564.194s step_avg:4918.31ms
step:929/3300 train_loss:3.80190 train_time:4565.415s step_avg:4914.33ms
step:930/3300 train_loss:3.65555 train_time:4566.633s step_avg:4910.36ms
step:931/3300 train_loss:3.65617 train_time:4567.850s step_avg:4906.39ms
step:932/3300 train_loss:3.82203 train_time:4569.069s step_avg:4902.43ms
step:933/3300 train_loss:3.64976 train_time:4570.291s step_avg:4898.49ms
step:934/3300 train_loss:3.78264 train_time:4571.509s step_avg:4894.55ms
step:935/3300 train_loss:3.71881 train_time:4572.727s step_avg:4890.62ms
step:936/3300 train_loss:3.67679 train_time:4573.942s step_avg:4886.69ms
step:937/3300 train_loss:3.62772 train_time:4575.154s step_avg:4882.77ms
step:938/3300 train_loss:3.69821 train_time:4576.373s step_avg:4878.86ms
step:939/3300 train_loss:3.65952 train_time:4577.595s step_avg:4874.97ms
step:940/3300 train_loss:3.64083 train_time:4578.812s step_avg:4871.08ms
step:941/3300 train_loss:3.76637 train_time:4580.035s step_avg:4867.20ms
step:942/3300 train_loss:3.65638 train_time:4581.258s step_avg:4863.33ms
step:943/3300 train_loss:3.72293 train_time:4582.475s step_avg:4859.46ms
step:944/3300 train_loss:3.70886 train_time:4583.695s step_avg:4855.61ms
step:945/3300 train_loss:3.68075 train_time:4584.912s step_avg:4851.76ms
step:946/3300 train_loss:3.85278 train_time:4586.130s step_avg:4847.92ms
step:947/3300 train_loss:3.71537 train_time:4587.380s step_avg:4844.12ms
step:948/3300 train_loss:3.65196 train_time:4588.598s step_avg:4840.29ms
step:949/3300 train_loss:3.67818 train_time:4589.844s step_avg:4836.51ms
step:950/3300 train_loss:3.67698 train_time:4591.074s step_avg:4832.71ms
step:951/3300 train_loss:3.65746 train_time:4592.337s step_avg:4828.96ms
step:952/3300 train_loss:3.71952 train_time:4593.550s step_avg:4825.16ms
step:953/3300 train_loss:3.64661 train_time:4594.775s step_avg:4821.38ms
step:954/3300 train_loss:3.67980 train_time:4595.996s step_avg:4817.61ms
step:955/3300 train_loss:3.70332 train_time:4597.214s step_avg:4813.84ms
step:956/3300 train_loss:3.69153 train_time:4598.436s step_avg:4810.08ms
step:957/3300 train_loss:3.76104 train_time:4599.657s step_avg:4806.33ms
step:958/3300 train_loss:3.72020 train_time:4600.875s step_avg:4802.58ms
step:959/3300 train_loss:3.72251 train_time:4602.095s step_avg:4798.85ms
step:960/3300 train_loss:3.64536 train_time:4603.314s step_avg:4795.12ms
step:961/3300 train_loss:3.67908 train_time:4604.535s step_avg:4791.40ms
step:962/3300 train_loss:3.65330 train_time:4605.753s step_avg:4787.69ms
step:963/3300 train_loss:3.65479 train_time:4606.975s step_avg:4783.98ms
step:964/3300 train_loss:3.64144 train_time:4608.192s step_avg:4780.28ms
step:965/3300 train_loss:3.68962 train_time:4609.411s step_avg:4776.59ms
step:966/3300 train_loss:3.69359 train_time:4610.626s step_avg:4772.90ms
step:967/3300 train_loss:3.70154 train_time:4611.836s step_avg:4769.22ms
step:968/3300 train_loss:3.67502 train_time:4613.054s step_avg:4765.55ms
step:969/3300 train_loss:3.66185 train_time:4614.273s step_avg:4761.89ms
step:970/3300 train_loss:3.65978 train_time:4615.493s step_avg:4758.24ms
step:971/3300 train_loss:3.64593 train_time:4616.718s step_avg:4754.60ms
step:972/3300 train_loss:3.66544 train_time:4617.934s step_avg:4750.96ms
step:973/3300 train_loss:3.72664 train_time:4619.154s step_avg:4747.33ms
step:974/3300 train_loss:3.66982 train_time:4620.376s step_avg:4743.71ms
step:975/3300 train_loss:3.71000 train_time:4621.596s step_avg:4740.10ms
step:976/3300 train_loss:3.68039 train_time:4622.816s step_avg:4736.49ms
step:977/3300 train_loss:3.65579 train_time:4624.036s step_avg:4732.89ms
step:978/3300 train_loss:3.62592 train_time:4625.257s step_avg:4729.30ms
step:979/3300 train_loss:3.69475 train_time:4626.478s step_avg:4725.72ms
step:980/3300 train_loss:3.66206 train_time:4627.699s step_avg:4722.14ms
step:981/3300 train_loss:3.68761 train_time:4628.918s step_avg:4718.57ms
step:982/3300 train_loss:3.68757 train_time:4630.139s step_avg:4715.01ms
step:983/3300 train_loss:3.66881 train_time:4631.358s step_avg:4711.45ms
step:984/3300 train_loss:3.75189 train_time:4632.576s step_avg:4707.90ms
step:985/3300 train_loss:3.73067 train_time:4633.794s step_avg:4704.36ms
step:986/3300 train_loss:3.66254 train_time:4635.016s step_avg:4700.83ms
step:987/3300 train_loss:3.68606 train_time:4636.234s step_avg:4697.30ms
step:988/3300 train_loss:3.61175 train_time:4637.457s step_avg:4693.78ms
step:989/3300 train_loss:3.64846 train_time:4638.682s step_avg:4690.27ms
step:990/3300 train_loss:3.66410 train_time:4639.901s step_avg:4686.77ms
step:991/3300 train_loss:3.66636 train_time:4641.119s step_avg:4683.27ms
step:992/3300 train_loss:3.66436 train_time:4642.339s step_avg:4679.78ms
step:993/3300 train_loss:3.64927 train_time:4643.558s step_avg:4676.29ms
step:994/3300 train_loss:3.63360 train_time:4644.783s step_avg:4672.82ms
step:995/3300 train_loss:3.71691 train_time:4646.003s step_avg:4669.35ms
step:996/3300 train_loss:3.62056 train_time:4647.242s step_avg:4665.91ms
step:997/3300 train_loss:3.67382 train_time:4648.473s step_avg:4662.46ms
step:998/3300 train_loss:3.69315 train_time:4649.697s step_avg:4659.02ms
step:999/3300 train_loss:3.69738 train_time:4650.943s step_avg:4655.60ms
local_quadratic_diag step:1000 cross_hvp_source:1/72 blocks.0.attn.k.weight
local_quadratic_diag step:1000 cross_hvp_source:13/72 blocks.2.attn.k.weight
local_quadratic_diag step:1000 cross_hvp_source:25/72 blocks.4.attn.k.weight
local_quadratic_diag step:1000 cross_hvp_source:37/72 blocks.6.attn.k.weight
local_quadratic_diag step:1000 cross_hvp_source:49/72 blocks.8.attn.k.weight
local_quadratic_diag step:1000 cross_hvp_source:61/72 blocks.10.attn.k.weight
step:1000/3300 train_loss:3.69663 train_time:5782.972s step_avg:5782.97ms
step:1000/3300 val_loss:3.64108 train_time:5782.972s step_avg:10267.65ms
step:1001/3300 train_loss:3.61798 train_time:5784.190s step_avg:5778.41ms
step:1002/3300 train_loss:3.68043 train_time:5785.420s step_avg:5773.87ms
step:1003/3300 train_loss:3.68693 train_time:5786.636s step_avg:5769.33ms
step:1004/3300 train_loss:3.69605 train_time:5787.848s step_avg:5764.79ms
step:1005/3300 train_loss:3.66623 train_time:5789.060s step_avg:5760.26ms
step:1006/3300 train_loss:3.61871 train_time:5790.278s step_avg:5755.74ms
step:1007/3300 train_loss:3.69054 train_time:5791.492s step_avg:5751.23ms
step:1008/3300 train_loss:3.71954 train_time:5792.696s step_avg:5746.72ms
step:1009/3300 train_loss:3.71753 train_time:5793.905s step_avg:5742.22ms
step:1010/3300 train_loss:3.64334 train_time:5795.120s step_avg:5737.74ms
step:1011/3300 train_loss:3.67867 train_time:5796.336s step_avg:5733.27ms
step:1012/3300 train_loss:3.58302 train_time:5797.546s step_avg:5728.80ms
step:1013/3300 train_loss:3.67300 train_time:5798.761s step_avg:5724.34ms
step:1014/3300 train_loss:3.68734 train_time:5799.980s step_avg:5719.90ms
step:1015/3300 train_loss:3.65417 train_time:5801.195s step_avg:5715.46ms
step:1016/3300 train_loss:3.66683 train_time:5802.405s step_avg:5711.03ms
step:1017/3300 train_loss:3.63612 train_time:5803.618s step_avg:5706.61ms
step:1018/3300 train_loss:3.66791 train_time:5804.826s step_avg:5702.19ms
step:1019/3300 train_loss:3.67592 train_time:5806.039s step_avg:5697.78ms
step:1020/3300 train_loss:3.67560 train_time:5807.254s step_avg:5693.39ms
step:1021/3300 train_loss:3.66988 train_time:5808.460s step_avg:5688.99ms
step:1022/3300 train_loss:3.68938 train_time:5809.681s step_avg:5684.62ms
step:1023/3300 train_loss:3.67182 train_time:5810.895s step_avg:5680.25ms
step:1024/3300 train_loss:3.68118 train_time:5812.102s step_avg:5675.88ms
step:1025/3300 train_loss:3.64278 train_time:5813.319s step_avg:5671.53ms
step:1026/3300 train_loss:3.66209 train_time:5814.541s step_avg:5667.19ms
step:1027/3300 train_loss:3.65394 train_time:5815.761s step_avg:5662.86ms
step:1028/3300 train_loss:3.66966 train_time:5816.978s step_avg:5658.54ms
step:1029/3300 train_loss:3.72564 train_time:5818.185s step_avg:5654.21ms
step:1030/3300 train_loss:3.65659 train_time:5819.400s step_avg:5649.90ms
step:1031/3300 train_loss:3.62335 train_time:5820.623s step_avg:5645.61ms
step:1032/3300 train_loss:3.68268 train_time:5821.839s step_avg:5641.32ms
step:1033/3300 train_loss:3.66654 train_time:5823.053s step_avg:5637.03ms
step:1034/3300 train_loss:3.64696 train_time:5824.259s step_avg:5632.75ms
step:1035/3300 train_loss:3.65009 train_time:5825.470s step_avg:5628.47ms
step:1036/3300 train_loss:3.87621 train_time:5826.684s step_avg:5624.21ms
step:1037/3300 train_loss:3.66837 train_time:5827.898s step_avg:5619.96ms
step:1038/3300 train_loss:3.67119 train_time:5829.106s step_avg:5615.71ms
step:1039/3300 train_loss:3.67697 train_time:5830.327s step_avg:5611.48ms
step:1040/3300 train_loss:3.64163 train_time:5831.549s step_avg:5607.26ms
step:1041/3300 train_loss:3.64353 train_time:5832.767s step_avg:5603.04ms
step:1042/3300 train_loss:3.70527 train_time:5833.991s step_avg:5598.84ms
step:1043/3300 train_loss:3.67076 train_time:5835.205s step_avg:5594.64ms
step:1044/3300 train_loss:3.58388 train_time:5836.423s step_avg:5590.44ms
step:1045/3300 train_loss:3.66017 train_time:5837.642s step_avg:5586.26ms
step:1046/3300 train_loss:3.65606 train_time:5838.860s step_avg:5582.08ms
step:1047/3300 train_loss:3.73564 train_time:5840.092s step_avg:5577.93ms
step:1048/3300 train_loss:3.62380 train_time:5841.308s step_avg:5573.77ms
step:1049/3300 train_loss:3.60996 train_time:5842.544s step_avg:5569.63ms
step:1050/3300 train_loss:3.75119 train_time:5843.765s step_avg:5565.49ms
step:1051/3300 train_loss:3.65540 train_time:5844.989s step_avg:5561.36ms
step:1052/3300 train_loss:3.63564 train_time:5846.208s step_avg:5557.23ms
step:1053/3300 train_loss:3.67328 train_time:5847.429s step_avg:5553.11ms
step:1054/3300 train_loss:3.59163 train_time:5848.648s step_avg:5549.00ms
step:1055/3300 train_loss:3.61590 train_time:5849.867s step_avg:5544.90ms
step:1056/3300 train_loss:3.61605 train_time:5851.086s step_avg:5540.80ms
step:1057/3300 train_loss:3.65887 train_time:5852.306s step_avg:5536.71ms
step:1058/3300 train_loss:3.64893 train_time:5853.531s step_avg:5532.64ms
step:1059/3300 train_loss:3.68704 train_time:5854.750s step_avg:5528.56ms
step:1060/3300 train_loss:3.57237 train_time:5855.970s step_avg:5524.50ms
step:1061/3300 train_loss:3.71464 train_time:5857.190s step_avg:5520.44ms
step:1062/3300 train_loss:3.64522 train_time:5858.408s step_avg:5516.39ms
step:1063/3300 train_loss:3.61723 train_time:5859.627s step_avg:5512.35ms
step:1064/3300 train_loss:3.66996 train_time:5860.849s step_avg:5508.32ms
step:1065/3300 train_loss:3.60353 train_time:5862.071s step_avg:5504.29ms
step:1066/3300 train_loss:3.63764 train_time:5863.292s step_avg:5500.27ms
step:1067/3300 train_loss:3.65030 train_time:5864.511s step_avg:5496.26ms
step:1068/3300 train_loss:3.66765 train_time:5865.732s step_avg:5492.26ms
step:1069/3300 train_loss:3.65109 train_time:5866.949s step_avg:5488.26ms
step:1070/3300 train_loss:3.66309 train_time:5868.168s step_avg:5484.27ms
step:1071/3300 train_loss:3.58504 train_time:5869.389s step_avg:5480.29ms
step:1072/3300 train_loss:3.67820 train_time:5870.611s step_avg:5476.32ms
step:1073/3300 train_loss:3.56762 train_time:5871.833s step_avg:5472.35ms
step:1074/3300 train_loss:3.66609 train_time:5873.050s step_avg:5468.39ms
step:1075/3300 train_loss:3.62915 train_time:5874.272s step_avg:5464.44ms
step:1076/3300 train_loss:3.70584 train_time:5875.490s step_avg:5460.49ms
step:1077/3300 train_loss:3.66979 train_time:5876.711s step_avg:5456.56ms
step:1078/3300 train_loss:3.61236 train_time:5877.930s step_avg:5452.63ms
step:1079/3300 train_loss:3.64737 train_time:5879.149s step_avg:5448.70ms
step:1080/3300 train_loss:3.64491 train_time:5880.372s step_avg:5444.79ms
step:1081/3300 train_loss:3.61998 train_time:5881.591s step_avg:5440.88ms
step:1082/3300 train_loss:3.62035 train_time:5882.813s step_avg:5436.98ms
step:1083/3300 train_loss:3.65479 train_time:5884.037s step_avg:5433.09ms
step:1084/3300 train_loss:3.62479 train_time:5885.252s step_avg:5429.20ms
step:1085/3300 train_loss:3.63924 train_time:5886.475s step_avg:5425.32ms
step:1086/3300 train_loss:3.65031 train_time:5887.692s step_avg:5421.45ms
step:1087/3300 train_loss:3.62583 train_time:5888.913s step_avg:5417.58ms
step:1088/3300 train_loss:3.61358 train_time:5890.130s step_avg:5413.72ms
step:1089/3300 train_loss:3.60014 train_time:5891.351s step_avg:5409.87ms
step:1090/3300 train_loss:3.66045 train_time:5892.572s step_avg:5406.03ms
step:1091/3300 train_loss:3.63327 train_time:5893.794s step_avg:5402.19ms
step:1092/3300 train_loss:3.59414 train_time:5895.019s step_avg:5398.37ms
step:1093/3300 train_loss:3.64214 train_time:5896.235s step_avg:5394.54ms
step:1094/3300 train_loss:3.67324 train_time:5897.456s step_avg:5390.73ms
step:1095/3300 train_loss:3.58000 train_time:5898.673s step_avg:5386.92ms
step:1096/3300 train_loss:3.60886 train_time:5899.897s step_avg:5383.12ms
step:1097/3300 train_loss:3.67504 train_time:5901.121s step_avg:5379.33ms
step:1098/3300 train_loss:3.67988 train_time:5902.338s step_avg:5375.54ms
step:1099/3300 train_loss:3.67625 train_time:5903.563s step_avg:5371.76ms
step:1100/3300 train_loss:3.65383 train_time:5904.774s step_avg:5367.98ms
step:1101/3300 train_loss:3.65713 train_time:5905.993s step_avg:5364.21ms
step:1102/3300 train_loss:3.65203 train_time:5907.211s step_avg:5360.45ms
step:1103/3300 train_loss:3.64693 train_time:5908.430s step_avg:5356.69ms
step:1104/3300 train_loss:3.70166 train_time:5909.651s step_avg:5352.94ms
step:1105/3300 train_loss:3.75155 train_time:5910.873s step_avg:5349.21ms
step:1106/3300 train_loss:3.67313 train_time:5912.095s step_avg:5345.47ms
step:1107/3300 train_loss:3.66978 train_time:5913.316s step_avg:5341.75ms
step:1108/3300 train_loss:3.61825 train_time:5914.539s step_avg:5338.03ms
step:1109/3300 train_loss:3.62997 train_time:5915.757s step_avg:5334.32ms
step:1110/3300 train_loss:3.58821 train_time:5916.979s step_avg:5330.61ms
step:1111/3300 train_loss:3.54346 train_time:5918.194s step_avg:5326.91ms
step:1112/3300 train_loss:3.58105 train_time:5919.414s step_avg:5323.21ms
step:1113/3300 train_loss:3.68615 train_time:5920.635s step_avg:5319.53ms
step:1114/3300 train_loss:3.65379 train_time:5921.853s step_avg:5315.85ms
step:1115/3300 train_loss:3.67896 train_time:5923.077s step_avg:5312.18ms
step:1116/3300 train_loss:3.69384 train_time:5924.296s step_avg:5308.51ms
step:1117/3300 train_loss:3.70158 train_time:5925.517s step_avg:5304.85ms
step:1118/3300 train_loss:3.62754 train_time:5926.739s step_avg:5301.20ms
step:1119/3300 train_loss:3.62088 train_time:5927.957s step_avg:5297.55ms
step:1120/3300 train_loss:3.71657 train_time:5929.187s step_avg:5293.92ms
step:1121/3300 train_loss:3.64883 train_time:5930.398s step_avg:5290.28ms
step:1122/3300 train_loss:3.58365 train_time:5931.618s step_avg:5286.65ms
step:1123/3300 train_loss:3.61246 train_time:5932.838s step_avg:5283.03ms
step:1124/3300 train_loss:3.63076 train_time:5934.059s step_avg:5279.41ms
step:1125/3300 train_loss:3.64897 train_time:5935.277s step_avg:5275.80ms
step:1125/3300 val_loss:3.61328 train_time:5935.277s step_avg:1218.44ms
step:1126/3300 train_loss:3.59456 train_time:5936.505s step_avg:5272.21ms
step:1127/3300 train_loss:3.67776 train_time:5937.734s step_avg:5268.62ms
step:1128/3300 train_loss:3.62329 train_time:5938.953s step_avg:5265.03ms
step:1129/3300 train_loss:3.62235 train_time:5940.167s step_avg:5261.44ms
step:1130/3300 train_loss:3.60671 train_time:5941.384s step_avg:5257.86ms
step:1131/3300 train_loss:3.63292 train_time:5942.606s step_avg:5254.29ms
step:1132/3300 train_loss:3.63023 train_time:5943.826s step_avg:5250.73ms
step:1133/3300 train_loss:3.68256 train_time:5945.049s step_avg:5247.17ms
step:1134/3300 train_loss:3.64549 train_time:5946.261s step_avg:5243.62ms
step:1135/3300 train_loss:3.67276 train_time:5947.481s step_avg:5240.07ms
step:1136/3300 train_loss:3.61011 train_time:5948.706s step_avg:5236.54ms
step:1137/3300 train_loss:3.72367 train_time:5949.925s step_avg:5233.00ms
step:1138/3300 train_loss:3.60004 train_time:5951.147s step_avg:5229.48ms
step:1139/3300 train_loss:3.64164 train_time:5952.367s step_avg:5225.96ms
step:1140/3300 train_loss:3.62156 train_time:5953.588s step_avg:5222.45ms
step:1141/3300 train_loss:3.68343 train_time:5954.829s step_avg:5218.96ms
step:1142/3300 train_loss:3.63237 train_time:5956.043s step_avg:5215.45ms
step:1143/3300 train_loss:3.60721 train_time:5957.269s step_avg:5211.96ms
step:1144/3300 train_loss:3.61542 train_time:5958.485s step_avg:5208.47ms
step:1145/3300 train_loss:3.66321 train_time:5959.704s step_avg:5204.98ms
step:1146/3300 train_loss:3.71057 train_time:5960.923s step_avg:5201.50ms
step:1147/3300 train_loss:3.65930 train_time:5962.139s step_avg:5198.03ms
step:1148/3300 train_loss:3.69622 train_time:5963.356s step_avg:5194.56ms
step:1149/3300 train_loss:3.60102 train_time:5964.564s step_avg:5191.09ms
step:1150/3300 train_loss:3.58547 train_time:5965.785s step_avg:5187.64ms
step:1151/3300 train_loss:3.60777 train_time:5967.005s step_avg:5184.19ms
step:1152/3300 train_loss:3.68973 train_time:5968.224s step_avg:5180.75ms
step:1153/3300 train_loss:3.59029 train_time:5969.441s step_avg:5177.31ms
step:1154/3300 train_loss:3.63047 train_time:5970.650s step_avg:5173.87ms
step:1155/3300 train_loss:3.67419 train_time:5971.870s step_avg:5170.45ms
step:1156/3300 train_loss:3.66137 train_time:5973.087s step_avg:5167.03ms
step:1157/3300 train_loss:3.62424 train_time:5974.305s step_avg:5163.62ms
step:1158/3300 train_loss:3.67317 train_time:5975.525s step_avg:5160.21ms
step:1159/3300 train_loss:3.62728 train_time:5976.745s step_avg:5156.81ms
step:1160/3300 train_loss:3.59985 train_time:5977.964s step_avg:5153.42ms
step:1161/3300 train_loss:3.54309 train_time:5979.178s step_avg:5150.02ms
step:1162/3300 train_loss:3.64811 train_time:5980.387s step_avg:5146.63ms
step:1163/3300 train_loss:3.61436 train_time:5981.605s step_avg:5143.25ms
step:1164/3300 train_loss:3.58590 train_time:5982.826s step_avg:5139.88ms
step:1165/3300 train_loss:3.62156 train_time:5984.041s step_avg:5136.52ms
step:1166/3300 train_loss:3.63052 train_time:5985.256s step_avg:5133.15ms
step:1167/3300 train_loss:3.64348 train_time:5986.467s step_avg:5129.79ms
step:1168/3300 train_loss:3.64115 train_time:5987.690s step_avg:5126.45ms
step:1169/3300 train_loss:3.58588 train_time:5988.912s step_avg:5123.11ms
step:1170/3300 train_loss:3.65337 train_time:5990.130s step_avg:5119.77ms
step:1171/3300 train_loss:3.55938 train_time:5991.353s step_avg:5116.44ms
step:1172/3300 train_loss:3.61220 train_time:5992.571s step_avg:5113.12ms
step:1173/3300 train_loss:3.76374 train_time:5993.791s step_avg:5109.80ms
step:1174/3300 train_loss:3.59017 train_time:5995.010s step_avg:5106.48ms
step:1175/3300 train_loss:3.60595 train_time:5996.236s step_avg:5103.18ms
step:1176/3300 train_loss:3.56738 train_time:5997.451s step_avg:5099.87ms
step:1177/3300 train_loss:3.62188 train_time:5998.669s step_avg:5096.57ms
step:1178/3300 train_loss:3.60374 train_time:5999.890s step_avg:5093.29ms
step:1179/3300 train_loss:3.68793 train_time:6001.114s step_avg:5090.00ms
step:1180/3300 train_loss:3.60456 train_time:6002.333s step_avg:5086.72ms
step:1181/3300 train_loss:3.58092 train_time:6003.552s step_avg:5083.45ms
step:1182/3300 train_loss:3.61815 train_time:6004.772s step_avg:5080.18ms
step:1183/3300 train_loss:3.60335 train_time:6005.990s step_avg:5076.91ms
step:1184/3300 train_loss:3.59231 train_time:6007.214s step_avg:5073.66ms
step:1185/3300 train_loss:3.64026 train_time:6008.435s step_avg:5070.41ms
step:1186/3300 train_loss:3.55574 train_time:6009.653s step_avg:5067.16ms
step:1187/3300 train_loss:3.64442 train_time:6010.875s step_avg:5063.92ms
step:1188/3300 train_loss:3.62554 train_time:6012.098s step_avg:5060.69ms
step:1189/3300 train_loss:3.62645 train_time:6013.334s step_avg:5057.47ms
step:1190/3300 train_loss:3.62708 train_time:6014.555s step_avg:5054.25ms
step:1191/3300 train_loss:3.74579 train_time:6015.776s step_avg:5051.03ms
step:1192/3300 train_loss:3.69344 train_time:6016.995s step_avg:5047.81ms
step:1193/3300 train_loss:3.58722 train_time:6018.218s step_avg:5044.61ms
step:1194/3300 train_loss:3.62149 train_time:6019.430s step_avg:5041.40ms
step:1195/3300 train_loss:3.60985 train_time:6020.655s step_avg:5038.20ms
step:1196/3300 train_loss:3.60996 train_time:6021.878s step_avg:5035.02ms
step:1197/3300 train_loss:3.69535 train_time:6023.097s step_avg:5031.83ms
step:1198/3300 train_loss:3.63320 train_time:6024.316s step_avg:5028.64ms
step:1199/3300 train_loss:3.58696 train_time:6025.535s step_avg:5025.47ms
step:1200/3300 train_loss:3.59055 train_time:6026.754s step_avg:5022.29ms
step:1201/3300 train_loss:3.63263 train_time:6027.974s step_avg:5019.13ms
step:1202/3300 train_loss:3.63887 train_time:6029.196s step_avg:5015.97ms
step:1203/3300 train_loss:3.57499 train_time:6030.415s step_avg:5012.81ms
step:1204/3300 train_loss:3.63522 train_time:6031.635s step_avg:5009.66ms
step:1205/3300 train_loss:3.63276 train_time:6032.857s step_avg:5006.52ms
step:1206/3300 train_loss:3.56084 train_time:6034.073s step_avg:5003.38ms
step:1207/3300 train_loss:3.66365 train_time:6035.291s step_avg:5000.24ms
step:1208/3300 train_loss:3.60234 train_time:6036.517s step_avg:4997.12ms
step:1209/3300 train_loss:3.60796 train_time:6037.737s step_avg:4993.99ms
step:1210/3300 train_loss:3.58867 train_time:6038.956s step_avg:4990.87ms
step:1211/3300 train_loss:3.65284 train_time:6040.175s step_avg:4987.76ms
step:1212/3300 train_loss:3.57928 train_time:6041.393s step_avg:4984.65ms
step:1213/3300 train_loss:3.60492 train_time:6042.615s step_avg:4981.55ms
step:1214/3300 train_loss:3.56374 train_time:6043.833s step_avg:4978.45ms
step:1215/3300 train_loss:3.60528 train_time:6045.053s step_avg:4975.35ms
step:1216/3300 train_loss:3.59070 train_time:6046.273s step_avg:4972.26ms
step:1217/3300 train_loss:3.58132 train_time:6047.496s step_avg:4969.18ms
step:1218/3300 train_loss:3.58994 train_time:6048.718s step_avg:4966.11ms
step:1219/3300 train_loss:3.68749 train_time:6049.938s step_avg:4963.03ms
step:1220/3300 train_loss:3.63529 train_time:6051.155s step_avg:4959.96ms
step:1221/3300 train_loss:3.58834 train_time:6052.376s step_avg:4956.90ms
step:1222/3300 train_loss:3.64498 train_time:6053.600s step_avg:4953.85ms
step:1223/3300 train_loss:3.59623 train_time:6054.817s step_avg:4950.79ms
step:1224/3300 train_loss:3.61511 train_time:6056.036s step_avg:4947.74ms
step:1225/3300 train_loss:3.56867 train_time:6057.258s step_avg:4944.70ms
step:1226/3300 train_loss:3.61456 train_time:6058.480s step_avg:4941.66ms
step:1227/3300 train_loss:3.60208 train_time:6059.697s step_avg:4938.63ms
step:1228/3300 train_loss:3.58512 train_time:6060.920s step_avg:4935.60ms
step:1229/3300 train_loss:3.60132 train_time:6062.139s step_avg:4932.58ms
step:1230/3300 train_loss:3.57155 train_time:6063.364s step_avg:4929.56ms
step:1231/3300 train_loss:3.65201 train_time:6064.579s step_avg:4926.55ms
step:1232/3300 train_loss:3.60992 train_time:6065.798s step_avg:4923.54ms
step:1233/3300 train_loss:3.56823 train_time:6067.017s step_avg:4920.53ms
step:1234/3300 train_loss:3.64349 train_time:6068.236s step_avg:4917.53ms
step:1235/3300 train_loss:3.60430 train_time:6069.458s step_avg:4914.54ms
step:1236/3300 train_loss:3.61467 train_time:6070.677s step_avg:4911.55ms
step:1237/3300 train_loss:3.56728 train_time:6071.902s step_avg:4908.57ms
step:1238/3300 train_loss:3.56098 train_time:6073.126s step_avg:4905.59ms
step:1239/3300 train_loss:3.62676 train_time:6074.347s step_avg:4902.62ms
step:1240/3300 train_loss:3.55576 train_time:6075.562s step_avg:4899.65ms
step:1241/3300 train_loss:3.66837 train_time:6076.783s step_avg:4896.68ms
step:1242/3300 train_loss:3.68655 train_time:6078.004s step_avg:4893.72ms
step:1243/3300 train_loss:3.62371 train_time:6079.222s step_avg:4890.77ms
step:1244/3300 train_loss:3.58934 train_time:6080.439s step_avg:4887.81ms
step:1245/3300 train_loss:3.61291 train_time:6081.657s step_avg:4884.86ms
step:1246/3300 train_loss:3.55701 train_time:6082.875s step_avg:4881.92ms
step:1247/3300 train_loss:3.56452 train_time:6084.092s step_avg:4878.98ms
step:1248/3300 train_loss:3.62763 train_time:6085.302s step_avg:4876.04ms
step:1249/3300 train_loss:3.59258 train_time:6086.522s step_avg:4873.12ms
local_quadratic_diag step:1250 cross_hvp_source:1/72 blocks.0.attn.k.weight
local_quadratic_diag step:1250 cross_hvp_source:13/72 blocks.2.attn.k.weight
local_quadratic_diag step:1250 cross_hvp_source:25/72 blocks.4.attn.k.weight
local_quadratic_diag step:1250 cross_hvp_source:37/72 blocks.6.attn.k.weight
local_quadratic_diag step:1250 cross_hvp_source:49/72 blocks.8.attn.k.weight
local_quadratic_diag step:1250 cross_hvp_source:61/72 blocks.10.attn.k.weight
step:1250/3300 train_loss:3.53548 train_time:7213.920s step_avg:5771.14ms
step:1250/3300 val_loss:3.57983 train_time:7213.921s step_avg:10229.15ms
step:1251/3300 train_loss:3.57182 train_time:7215.143s step_avg:5767.50ms
step:1252/3300 train_loss:3.58075 train_time:7216.360s step_avg:5763.87ms
step:1253/3300 train_loss:3.61188 train_time:7217.573s step_avg:5760.23ms
step:1254/3300 train_loss:3.62441 train_time:7218.787s step_avg:5756.61ms
step:1255/3300 train_loss:3.61917 train_time:7220.014s step_avg:5753.00ms
step:1256/3300 train_loss:3.60419 train_time:7221.239s step_avg:5749.39ms
step:1257/3300 train_loss:3.56457 train_time:7222.474s step_avg:5745.80ms
step:1258/3300 train_loss:3.78418 train_time:7223.681s step_avg:5742.19ms
step:1259/3300 train_loss:3.61232 train_time:7224.905s step_avg:5738.61ms
step:1260/3300 train_loss:3.56970 train_time:7226.126s step_avg:5735.02ms
step:1261/3300 train_loss:3.59800 train_time:7227.344s step_avg:5731.44ms
step:1262/3300 train_loss:3.62471 train_time:7228.564s step_avg:5727.86ms
step:1263/3300 train_loss:3.59495 train_time:7229.782s step_avg:5724.29ms
step:1264/3300 train_loss:3.57826 train_time:7231.003s step_avg:5720.73ms
step:1265/3300 train_loss:3.60876 train_time:7232.222s step_avg:5717.17ms
step:1266/3300 train_loss:3.59441 train_time:7233.443s step_avg:5713.62ms
step:1267/3300 train_loss:3.52619 train_time:7234.664s step_avg:5710.07ms
step:1268/3300 train_loss:3.54419 train_time:7235.882s step_avg:5706.53ms
step:1269/3300 train_loss:3.57186 train_time:7237.103s step_avg:5703.00ms
step:1270/3300 train_loss:3.61927 train_time:7238.319s step_avg:5699.46ms
step:1271/3300 train_loss:3.58060 train_time:7239.537s step_avg:5695.94ms
step:1272/3300 train_loss:3.61024 train_time:7240.743s step_avg:5692.41ms
step:1273/3300 train_loss:3.62162 train_time:7241.967s step_avg:5688.90ms
step:1274/3300 train_loss:3.62841 train_time:7243.186s step_avg:5685.39ms
step:1275/3300 train_loss:3.54795 train_time:7244.405s step_avg:5681.89ms
step:1276/3300 train_loss:3.61499 train_time:7245.625s step_avg:5678.39ms
step:1277/3300 train_loss:3.56103 train_time:7246.842s step_avg:5674.90ms
step:1278/3300 train_loss:3.63227 train_time:7248.061s step_avg:5671.41ms
step:1279/3300 train_loss:3.58046 train_time:7249.283s step_avg:5667.93ms
step:1280/3300 train_loss:3.63721 train_time:7250.504s step_avg:5664.46ms
step:1281/3300 train_loss:3.60279 train_time:7251.724s step_avg:5660.99ms
step:1282/3300 train_loss:3.64594 train_time:7252.941s step_avg:5657.52ms
step:1283/3300 train_loss:3.53004 train_time:7254.155s step_avg:5654.06ms
step:1284/3300 train_loss:3.56671 train_time:7255.367s step_avg:5650.60ms
step:1285/3300 train_loss:3.58927 train_time:7256.587s step_avg:5647.15ms
step:1286/3300 train_loss:3.69074 train_time:7257.806s step_avg:5643.71ms
step:1287/3300 train_loss:3.61052 train_time:7259.025s step_avg:5640.27ms
step:1288/3300 train_loss:3.59156 train_time:7260.246s step_avg:5636.84ms
step:1289/3300 train_loss:3.56349 train_time:7261.465s step_avg:5633.41ms
step:1290/3300 train_loss:3.56814 train_time:7262.684s step_avg:5629.99ms
step:1291/3300 train_loss:3.58202 train_time:7263.901s step_avg:5626.57ms
step:1292/3300 train_loss:3.63882 train_time:7265.110s step_avg:5623.15ms
step:1293/3300 train_loss:3.62046 train_time:7266.328s step_avg:5619.74ms
step:1294/3300 train_loss:3.58874 train_time:7267.548s step_avg:5616.34ms
step:1295/3300 train_loss:3.62619 train_time:7268.769s step_avg:5612.95ms
step:1296/3300 train_loss:3.65318 train_time:7269.990s step_avg:5609.56ms
step:1297/3300 train_loss:3.54960 train_time:7271.208s step_avg:5606.17ms
step:1298/3300 train_loss:3.64003 train_time:7272.425s step_avg:5602.79ms
step:1299/3300 train_loss:3.56787 train_time:7273.645s step_avg:5599.42ms
step:1300/3300 train_loss:3.61019 train_time:7274.861s step_avg:5596.05ms
step:1301/3300 train_loss:3.62342 train_time:7276.071s step_avg:5592.68ms
step:1302/3300 train_loss:3.62291 train_time:7277.293s step_avg:5589.32ms
step:1303/3300 train_loss:3.61243 train_time:7278.511s step_avg:5585.96ms
step:1304/3300 train_loss:3.58547 train_time:7279.730s step_avg:5582.62ms
step:1305/3300 train_loss:3.53814 train_time:7280.948s step_avg:5579.27ms
step:1306/3300 train_loss:3.59185 train_time:7282.165s step_avg:5575.93ms
step:1307/3300 train_loss:3.53938 train_time:7283.380s step_avg:5572.59ms
step:1308/3300 train_loss:3.56984 train_time:7284.586s step_avg:5569.26ms
step:1309/3300 train_loss:3.66444 train_time:7285.802s step_avg:5565.93ms
step:1310/3300 train_loss:3.52301 train_time:7287.011s step_avg:5562.60ms
step:1311/3300 train_loss:3.58270 train_time:7288.227s step_avg:5559.29ms
step:1312/3300 train_loss:3.58321 train_time:7289.442s step_avg:5555.98ms
step:1313/3300 train_loss:3.56226 train_time:7290.650s step_avg:5552.67ms
step:1314/3300 train_loss:3.48965 train_time:7291.868s step_avg:5549.37ms
step:1315/3300 train_loss:3.64530 train_time:7293.092s step_avg:5546.08ms
step:1316/3300 train_loss:3.64362 train_time:7294.307s step_avg:5542.79ms
step:1317/3300 train_loss:3.58106 train_time:7295.527s step_avg:5539.50ms
step:1318/3300 train_loss:3.56573 train_time:7296.745s step_avg:5536.23ms
step:1319/3300 train_loss:3.66449 train_time:7297.969s step_avg:5532.96ms
step:1320/3300 train_loss:3.61298 train_time:7299.191s step_avg:5529.69ms
step:1321/3300 train_loss:3.71786 train_time:7300.414s step_avg:5526.43ms
step:1322/3300 train_loss:3.56671 train_time:7301.632s step_avg:5523.17ms
step:1323/3300 train_loss:3.62823 train_time:7302.851s step_avg:5519.92ms
step:1324/3300 train_loss:3.63847 train_time:7304.071s step_avg:5516.67ms
step:1325/3300 train_loss:3.55599 train_time:7305.294s step_avg:5513.43ms
step:1326/3300 train_loss:3.55464 train_time:7306.513s step_avg:5510.19ms
step:1327/3300 train_loss:3.59831 train_time:7307.735s step_avg:5506.96ms
step:1328/3300 train_loss:3.49497 train_time:7308.957s step_avg:5503.73ms
step:1329/3300 train_loss:3.60091 train_time:7310.173s step_avg:5500.51ms
step:1330/3300 train_loss:3.62408 train_time:7311.390s step_avg:5497.29ms
step:1331/3300 train_loss:3.61073 train_time:7312.643s step_avg:5494.10ms
step:1332/3300 train_loss:3.67743 train_time:7313.858s step_avg:5490.88ms
step:1333/3300 train_loss:3.60752 train_time:7315.076s step_avg:5487.68ms
step:1334/3300 train_loss:3.60737 train_time:7316.290s step_avg:5484.48ms
step:1335/3300 train_loss:3.65417 train_time:7317.509s step_avg:5481.28ms
step:1336/3300 train_loss:3.60303 train_time:7318.725s step_avg:5478.09ms
step:1337/3300 train_loss:3.60511 train_time:7319.932s step_avg:5474.89ms
step:1338/3300 train_loss:3.58982 train_time:7321.149s step_avg:5471.71ms
step:1339/3300 train_loss:3.57871 train_time:7322.370s step_avg:5468.54ms
step:1340/3300 train_loss:3.60102 train_time:7323.585s step_avg:5465.36ms
step:1341/3300 train_loss:3.60895 train_time:7324.803s step_avg:5462.19ms
step:1342/3300 train_loss:3.67327 train_time:7326.015s step_avg:5459.03ms
step:1343/3300 train_loss:3.61390 train_time:7327.232s step_avg:5455.87ms
step:1344/3300 train_loss:3.56773 train_time:7328.445s step_avg:5452.71ms
step:1345/3300 train_loss:3.49607 train_time:7329.654s step_avg:5449.56ms
step:1346/3300 train_loss:3.57355 train_time:7330.869s step_avg:5446.41ms
step:1347/3300 train_loss:3.59682 train_time:7332.077s step_avg:5443.26ms
step:1348/3300 train_loss:3.58948 train_time:7333.294s step_avg:5440.13ms
step:1349/3300 train_loss:3.57270 train_time:7334.515s step_avg:5437.00ms
step:1350/3300 train_loss:3.59998 train_time:7335.737s step_avg:5433.88ms
step:1351/3300 train_loss:3.62532 train_time:7336.952s step_avg:5430.76ms
step:1352/3300 train_loss:3.55030 train_time:7338.168s step_avg:5427.64ms
step:1353/3300 train_loss:3.59657 train_time:7339.376s step_avg:5424.52ms
step:1354/3300 train_loss:3.57571 train_time:7340.595s step_avg:5421.41ms
step:1355/3300 train_loss:3.51987 train_time:7341.815s step_avg:5418.31ms
step:1356/3300 train_loss:3.61888 train_time:7343.032s step_avg:5415.22ms
step:1357/3300 train_loss:3.76709 train_time:7344.248s step_avg:5412.12ms
step:1358/3300 train_loss:3.59547 train_time:7345.460s step_avg:5409.03ms
step:1359/3300 train_loss:3.52330 train_time:7346.676s step_avg:5405.94ms
step:1360/3300 train_loss:3.55832 train_time:7347.893s step_avg:5402.86ms
step:1361/3300 train_loss:3.53209 train_time:7349.110s step_avg:5399.79ms
step:1362/3300 train_loss:3.57350 train_time:7350.323s step_avg:5396.71ms
step:1363/3300 train_loss:3.52135 train_time:7351.538s step_avg:5393.65ms
step:1364/3300 train_loss:3.53547 train_time:7352.756s step_avg:5390.58ms
step:1365/3300 train_loss:3.57641 train_time:7353.976s step_avg:5387.53ms
step:1366/3300 train_loss:3.59838 train_time:7355.195s step_avg:5384.48ms
step:1367/3300 train_loss:3.57790 train_time:7356.409s step_avg:5381.43ms
step:1368/3300 train_loss:3.64406 train_time:7357.620s step_avg:5378.38ms
step:1369/3300 train_loss:3.58123 train_time:7358.839s step_avg:5375.34ms
step:1370/3300 train_loss:3.64893 train_time:7360.056s step_avg:5372.30ms
step:1371/3300 train_loss:3.57088 train_time:7361.274s step_avg:5369.27ms
step:1372/3300 train_loss:3.61412 train_time:7362.487s step_avg:5366.24ms
step:1373/3300 train_loss:3.59040 train_time:7363.697s step_avg:5363.22ms
step:1374/3300 train_loss:3.55220 train_time:7364.916s step_avg:5360.20ms
step:1375/3300 train_loss:3.57763 train_time:7366.128s step_avg:5357.18ms
step:1375/3300 val_loss:3.55398 train_time:7366.128s step_avg:1217.66ms
step:1376/3300 train_loss:3.61707 train_time:7367.348s step_avg:5354.18ms
step:1377/3300 train_loss:3.57133 train_time:7368.559s step_avg:5351.17ms
step:1378/3300 train_loss:3.59797 train_time:7369.773s step_avg:5348.17ms
step:1379/3300 train_loss:3.51522 train_time:7370.986s step_avg:5345.17ms
step:1380/3300 train_loss:3.50809 train_time:7372.193s step_avg:5342.17ms
step:1381/3300 train_loss:3.62636 train_time:7373.419s step_avg:5339.19ms
step:1382/3300 train_loss:3.58022 train_time:7374.638s step_avg:5336.21ms
step:1383/3300 train_loss:3.57548 train_time:7375.854s step_avg:5333.23ms
step:1384/3300 train_loss:3.55372 train_time:7377.073s step_avg:5330.26ms
step:1385/3300 train_loss:3.53260 train_time:7378.288s step_avg:5327.28ms
step:1386/3300 train_loss:3.59371 train_time:7379.495s step_avg:5324.31ms
step:1387/3300 train_loss:3.58727 train_time:7380.711s step_avg:5321.35ms
step:1388/3300 train_loss:3.56781 train_time:7381.934s step_avg:5318.40ms
step:1389/3300 train_loss:3.60087 train_time:7383.156s step_avg:5315.45ms
step:1390/3300 train_loss:3.57951 train_time:7384.379s step_avg:5312.50ms
step:1391/3300 train_loss:3.62170 train_time:7385.597s step_avg:5309.56ms
step:1392/3300 train_loss:3.57041 train_time:7386.813s step_avg:5306.62ms
step:1393/3300 train_loss:3.57467 train_time:7388.025s step_avg:5303.68ms
step:1394/3300 train_loss:3.62320 train_time:7389.231s step_avg:5300.74ms
step:1395/3300 train_loss:3.57880 train_time:7390.438s step_avg:5297.81ms
step:1396/3300 train_loss:3.57978 train_time:7391.658s step_avg:5294.88ms
step:1397/3300 train_loss:3.54503 train_time:7392.879s step_avg:5291.97ms
step:1398/3300 train_loss:3.55297 train_time:7394.098s step_avg:5289.05ms
step:1399/3300 train_loss:3.53730 train_time:7395.315s step_avg:5286.14ms
step:1400/3300 train_loss:3.57689 train_time:7396.532s step_avg:5283.24ms
step:1401/3300 train_loss:3.53178 train_time:7397.751s step_avg:5280.34ms
step:1402/3300 train_loss:3.56848 train_time:7398.969s step_avg:5277.44ms
step:1403/3300 train_loss:3.60374 train_time:7400.175s step_avg:5274.54ms
step:1404/3300 train_loss:3.55310 train_time:7401.385s step_avg:5271.64ms
step:1405/3300 train_loss:3.51720 train_time:7402.595s step_avg:5268.75ms
step:1406/3300 train_loss:3.56276 train_time:7403.811s step_avg:5265.87ms
step:1407/3300 train_loss:3.58182 train_time:7405.023s step_avg:5262.99ms
step:1408/3300 train_loss:3.63245 train_time:7406.242s step_avg:5260.12ms
step:1409/3300 train_loss:3.56332 train_time:7407.465s step_avg:5257.25ms
step:1410/3300 train_loss:3.57818 train_time:7408.686s step_avg:5254.39ms
step:1411/3300 train_loss:3.57336 train_time:7409.901s step_avg:5251.52ms
step:1412/3300 train_loss:3.60103 train_time:7411.118s step_avg:5248.67ms
step:1413/3300 train_loss:3.57404 train_time:7412.335s step_avg:5245.81ms
step:1414/3300 train_loss:3.51336 train_time:7413.547s step_avg:5242.96ms
step:1415/3300 train_loss:3.56955 train_time:7414.759s step_avg:5240.11ms
step:1416/3300 train_loss:3.54866 train_time:7415.976s step_avg:5237.27ms
step:1417/3300 train_loss:3.56799 train_time:7417.188s step_avg:5234.43ms
step:1418/3300 train_loss:3.57776 train_time:7418.401s step_avg:5231.59ms
step:1419/3300 train_loss:3.67376 train_time:7419.619s step_avg:5228.77ms
step:1420/3300 train_loss:3.57108 train_time:7420.834s step_avg:5225.94ms
step:1421/3300 train_loss:3.53115 train_time:7422.046s step_avg:5223.12ms
step:1422/3300 train_loss:3.55196 train_time:7423.265s step_avg:5220.30ms
step:1423/3300 train_loss:3.52985 train_time:7424.481s step_avg:5217.48ms
step:1424/3300 train_loss:3.55426 train_time:7425.696s step_avg:5214.67ms
step:1425/3300 train_loss:3.53240 train_time:7426.912s step_avg:5211.87ms
step:1426/3300 train_loss:3.57256 train_time:7428.130s step_avg:5209.07ms
step:1427/3300 train_loss:3.55883 train_time:7429.344s step_avg:5206.27ms
step:1428/3300 train_loss:3.56461 train_time:7430.564s step_avg:5203.48ms
step:1429/3300 train_loss:3.57905 train_time:7431.783s step_avg:5200.69ms
step:1430/3300 train_loss:3.51449 train_time:7433.004s step_avg:5197.90ms
step:1431/3300 train_loss:3.51706 train_time:7434.224s step_avg:5195.12ms
step:1432/3300 train_loss:3.59073 train_time:7435.443s step_avg:5192.35ms
step:1433/3300 train_loss:3.51022 train_time:7436.663s step_avg:5189.58ms
step:1434/3300 train_loss:3.52054 train_time:7437.878s step_avg:5186.81ms
step:1435/3300 train_loss:3.51617 train_time:7439.095s step_avg:5184.04ms
step:1436/3300 train_loss:3.50002 train_time:7440.299s step_avg:5181.27ms
step:1437/3300 train_loss:3.63751 train_time:7441.512s step_avg:5178.51ms
step:1438/3300 train_loss:3.58866 train_time:7442.717s step_avg:5175.74ms
step:1439/3300 train_loss:3.54026 train_time:7443.929s step_avg:5172.99ms
step:1440/3300 train_loss:3.48303 train_time:7445.143s step_avg:5170.24ms
step:1441/3300 train_loss:3.52622 train_time:7446.363s step_avg:5167.50ms
step:1442/3300 train_loss:3.53453 train_time:7447.581s step_avg:5164.76ms
step:1443/3300 train_loss:3.56685 train_time:7448.804s step_avg:5162.03ms
step:1444/3300 train_loss:3.54779 train_time:7450.024s step_avg:5159.30ms
step:1445/3300 train_loss:3.54377 train_time:7451.244s step_avg:5156.57ms
step:1446/3300 train_loss:3.58530 train_time:7452.466s step_avg:5153.85ms
step:1447/3300 train_loss:3.51969 train_time:7453.684s step_avg:5151.13ms
step:1448/3300 train_loss:3.53963 train_time:7454.902s step_avg:5148.41ms
step:1449/3300 train_loss:3.54895 train_time:7456.120s step_avg:5145.70ms
step:1450/3300 train_loss:3.55721 train_time:7457.334s step_avg:5142.99ms
step:1451/3300 train_loss:3.49823 train_time:7458.542s step_avg:5140.28ms
step:1452/3300 train_loss:3.54052 train_time:7459.758s step_avg:5137.57ms
step:1453/3300 train_loss:3.49064 train_time:7460.968s step_avg:5134.87ms
step:1454/3300 train_loss:3.60011 train_time:7462.181s step_avg:5132.17ms
step:1455/3300 train_loss:3.58112 train_time:7463.393s step_avg:5129.48ms
step:1456/3300 train_loss:3.52350 train_time:7464.601s step_avg:5126.79ms
step:1457/3300 train_loss:3.55544 train_time:7465.821s step_avg:5124.11ms
step:1458/3300 train_loss:3.58114 train_time:7467.035s step_avg:5121.42ms
step:1459/3300 train_loss:3.57737 train_time:7468.251s step_avg:5118.75ms
step:1460/3300 train_loss:3.50449 train_time:7469.466s step_avg:5116.07ms
step:1461/3300 train_loss:3.54474 train_time:7470.681s step_avg:5113.40ms
step:1462/3300 train_loss:3.48224 train_time:7471.895s step_avg:5110.74ms
step:1463/3300 train_loss:3.62612 train_time:7473.105s step_avg:5108.07ms
step:1464/3300 train_loss:3.54200 train_time:7474.323s step_avg:5105.41ms
step:1465/3300 train_loss:3.54226 train_time:7475.538s step_avg:5102.76ms
step:1466/3300 train_loss:3.54922 train_time:7476.747s step_avg:5100.10ms
step:1467/3300 train_loss:3.51802 train_time:7477.967s step_avg:5097.46ms
step:1468/3300 train_loss:3.53362 train_time:7479.183s step_avg:5094.81ms
step:1469/3300 train_loss:3.54041 train_time:7480.400s step_avg:5092.17ms
step:1470/3300 train_loss:3.45982 train_time:7481.609s step_avg:5089.53ms
step:1471/3300 train_loss:3.50696 train_time:7482.824s step_avg:5086.90ms
step:1472/3300 train_loss:3.59052 train_time:7484.043s step_avg:5084.27ms
step:1473/3300 train_loss:3.56952 train_time:7485.264s step_avg:5081.65ms
step:1474/3300 train_loss:3.52706 train_time:7486.486s step_avg:5079.03ms
step:1475/3300 train_loss:3.50605 train_time:7487.706s step_avg:5076.41ms
step:1476/3300 train_loss:3.53666 train_time:7488.926s step_avg:5073.80ms
step:1477/3300 train_loss:3.48309 train_time:7490.146s step_avg:5071.19ms
step:1478/3300 train_loss:3.53691 train_time:7491.369s step_avg:5068.58ms
step:1479/3300 train_loss:3.57716 train_time:7492.586s step_avg:5065.98ms
step:1480/3300 train_loss:3.57178 train_time:7493.804s step_avg:5063.38ms
step:1481/3300 train_loss:3.59984 train_time:7495.028s step_avg:5060.79ms
step:1482/3300 train_loss:3.53403 train_time:7496.248s step_avg:5058.20ms
step:1483/3300 train_loss:3.52634 train_time:7497.469s step_avg:5055.61ms
step:1484/3300 train_loss:3.52456 train_time:7498.688s step_avg:5053.02ms
step:1485/3300 train_loss:3.50890 train_time:7499.906s step_avg:5050.44ms
step:1486/3300 train_loss:3.55364 train_time:7501.127s step_avg:5047.87ms
step:1487/3300 train_loss:3.59546 train_time:7502.350s step_avg:5045.29ms
step:1488/3300 train_loss:3.52965 train_time:7503.570s step_avg:5042.72ms
step:1489/3300 train_loss:3.52187 train_time:7504.788s step_avg:5040.15ms
step:1490/3300 train_loss:3.54653 train_time:7506.008s step_avg:5037.59ms
step:1491/3300 train_loss:3.52291 train_time:7507.227s step_avg:5035.03ms
step:1492/3300 train_loss:3.46396 train_time:7508.445s step_avg:5032.47ms
step:1493/3300 train_loss:3.58882 train_time:7509.663s step_avg:5029.92ms
step:1494/3300 train_loss:3.49761 train_time:7510.881s step_avg:5027.36ms
step:1495/3300 train_loss:3.47396 train_time:7512.098s step_avg:5024.81ms
step:1496/3300 train_loss:3.50209 train_time:7513.313s step_avg:5022.27ms
step:1497/3300 train_loss:3.55198 train_time:7514.534s step_avg:5019.73ms
step:1498/3300 train_loss:3.48181 train_time:7515.750s step_avg:5017.19ms
step:1499/3300 train_loss:3.51135 train_time:7516.967s step_avg:5014.65ms
local_quadratic_diag step:1500 cross_hvp_source:1/72 blocks.0.attn.k.weight
local_quadratic_diag step:1500 cross_hvp_source:13/72 blocks.2.attn.k.weight
local_quadratic_diag step:1500 cross_hvp_source:25/72 blocks.4.attn.k.weight
local_quadratic_diag step:1500 cross_hvp_source:37/72 blocks.6.attn.k.weight
local_quadratic_diag step:1500 cross_hvp_source:49/72 blocks.8.attn.k.weight
local_quadratic_diag step:1500 cross_hvp_source:61/72 blocks.10.attn.k.weight
step:1500/3300 train_loss:3.56203 train_time:8646.704s step_avg:5764.47ms
step:1500/3300 val_loss:3.52385 train_time:8646.704s step_avg:10244.61ms
step:1501/3300 train_loss:3.42898 train_time:8647.927s step_avg:5761.44ms
step:1502/3300 train_loss:3.48273 train_time:8649.157s step_avg:5758.43ms
step:1503/3300 train_loss:3.46594 train_time:8650.377s step_avg:5755.41ms
step:1504/3300 train_loss:3.50777 train_time:8651.595s step_avg:5752.39ms
step:1505/3300 train_loss:3.49621 train_time:8652.815s step_avg:5749.38ms
step:1506/3300 train_loss:3.52091 train_time:8654.033s step_avg:5746.37ms
step:1507/3300 train_loss:3.46352 train_time:8655.250s step_avg:5743.36ms
step:1508/3300 train_loss:3.53050 train_time:8656.465s step_avg:5740.36ms
step:1509/3300 train_loss:3.53322 train_time:8657.674s step_avg:5737.36ms
step:1510/3300 train_loss:3.50324 train_time:8658.892s step_avg:5734.37ms
step:1511/3300 train_loss:3.56740 train_time:8660.110s step_avg:5731.38ms
step:1512/3300 train_loss:3.52151 train_time:8661.320s step_avg:5728.39ms
step:1513/3300 train_loss:3.51894 train_time:8662.539s step_avg:5725.41ms
step:1514/3300 train_loss:3.59475 train_time:8663.759s step_avg:5722.43ms
step:1515/3300 train_loss:3.53308 train_time:8664.976s step_avg:5719.46ms
step:1516/3300 train_loss:3.59058 train_time:8666.196s step_avg:5716.49ms
step:1517/3300 train_loss:3.49611 train_time:8667.414s step_avg:5713.52ms
step:1518/3300 train_loss:3.53004 train_time:8668.633s step_avg:5710.56ms
step:1519/3300 train_loss:3.57706 train_time:8669.841s step_avg:5707.60ms
step:1520/3300 train_loss:3.45815 train_time:8671.061s step_avg:5704.65ms
step:1521/3300 train_loss:3.51276 train_time:8672.307s step_avg:5701.71ms
step:1522/3300 train_loss:3.51136 train_time:8673.521s step_avg:5698.77ms
step:1523/3300 train_loss:3.54502 train_time:8674.738s step_avg:5695.82ms
step:1524/3300 train_loss:3.55938 train_time:8675.958s step_avg:5692.89ms
step:1525/3300 train_loss:3.56815 train_time:8677.179s step_avg:5689.95ms
step:1526/3300 train_loss:3.55242 train_time:8678.394s step_avg:5687.02ms
step:1527/3300 train_loss:3.48323 train_time:8679.601s step_avg:5684.09ms
step:1528/3300 train_loss:3.58990 train_time:8680.817s step_avg:5681.16ms
step:1529/3300 train_loss:3.52099 train_time:8682.037s step_avg:5678.25ms
step:1530/3300 train_loss:3.52067 train_time:8683.257s step_avg:5675.33ms
step:1531/3300 train_loss:3.53098 train_time:8684.477s step_avg:5672.42ms
step:1532/3300 train_loss:3.57031 train_time:8685.682s step_avg:5669.51ms
step:1533/3300 train_loss:3.55641 train_time:8686.897s step_avg:5666.60ms
step:1534/3300 train_loss:3.52445 train_time:8688.114s step_avg:5663.70ms
step:1535/3300 train_loss:3.53072 train_time:8689.331s step_avg:5660.80ms
step:1536/3300 train_loss:3.49563 train_time:8690.546s step_avg:5657.91ms
step:1537/3300 train_loss:3.57914 train_time:8691.761s step_avg:5655.02ms
step:1538/3300 train_loss:3.53484 train_time:8692.984s step_avg:5652.13ms
step:1539/3300 train_loss:3.63256 train_time:8694.201s step_avg:5649.25ms
step:1540/3300 train_loss:3.48959 train_time:8695.419s step_avg:5646.38ms
step:1541/3300 train_loss:3.49169 train_time:8696.642s step_avg:5643.51ms
step:1542/3300 train_loss:3.51012 train_time:8697.860s step_avg:5640.64ms
step:1543/3300 train_loss:3.53160 train_time:8699.077s step_avg:5637.77ms
step:1544/3300 train_loss:3.49638 train_time:8700.292s step_avg:5634.90ms
step:1545/3300 train_loss:3.55252 train_time:8701.503s step_avg:5632.04ms
step:1546/3300 train_loss:3.53177 train_time:8702.726s step_avg:5629.19ms
step:1547/3300 train_loss:3.53222 train_time:8703.939s step_avg:5626.33ms
step:1548/3300 train_loss:3.55386 train_time:8705.153s step_avg:5623.48ms
step:1549/3300 train_loss:3.54671 train_time:8706.361s step_avg:5620.63ms
step:1550/3300 train_loss:3.54753 train_time:8707.579s step_avg:5617.79ms
step:1551/3300 train_loss:3.49299 train_time:8708.792s step_avg:5614.95ms
step:1552/3300 train_loss:3.54337 train_time:8710.002s step_avg:5612.11ms
step:1553/3300 train_loss:3.53957 train_time:8711.219s step_avg:5609.28ms
step:1554/3300 train_loss:3.52731 train_time:8712.437s step_avg:5606.46ms
step:1555/3300 train_loss:3.53059 train_time:8713.655s step_avg:5603.64ms
step:1556/3300 train_loss:3.56012 train_time:8714.863s step_avg:5600.81ms
step:1557/3300 train_loss:3.52206 train_time:8716.079s step_avg:5598.00ms
step:1558/3300 train_loss:3.40272 train_time:8717.288s step_avg:5595.18ms
step:1559/3300 train_loss:3.51981 train_time:8718.501s step_avg:5592.37ms
step:1560/3300 train_loss:3.51473 train_time:8719.722s step_avg:5589.57ms
step:1561/3300 train_loss:3.60935 train_time:8720.945s step_avg:5586.77ms
step:1562/3300 train_loss:3.55334 train_time:8722.165s step_avg:5583.97ms
step:1563/3300 train_loss:3.53530 train_time:8723.388s step_avg:5581.18ms
step:1564/3300 train_loss:3.45217 train_time:8724.607s step_avg:5578.39ms
step:1565/3300 train_loss:3.50939 train_time:8725.822s step_avg:5575.60ms
step:1566/3300 train_loss:3.51343 train_time:8727.046s step_avg:5572.83ms
step:1567/3300 train_loss:3.49306 train_time:8728.266s step_avg:5570.05ms
step:1568/3300 train_loss:3.52083 train_time:8729.486s step_avg:5567.27ms
step:1569/3300 train_loss:3.55723 train_time:8730.704s step_avg:5564.50ms
step:1570/3300 train_loss:3.48808 train_time:8731.925s step_avg:5561.74ms
step:1571/3300 train_loss:3.47309 train_time:8733.140s step_avg:5558.97ms
step:1572/3300 train_loss:3.49738 train_time:8734.353s step_avg:5556.20ms
step:1573/3300 train_loss:3.52410 train_time:8735.563s step_avg:5553.44ms
step:1574/3300 train_loss:3.50625 train_time:8736.773s step_avg:5550.68ms
step:1575/3300 train_loss:3.55392 train_time:8737.987s step_avg:5547.93ms
step:1576/3300 train_loss:3.57773 train_time:8739.210s step_avg:5545.18ms
step:1577/3300 train_loss:3.55465 train_time:8740.427s step_avg:5542.44ms
step:1578/3300 train_loss:3.54635 train_time:8741.650s step_avg:5539.70ms
step:1579/3300 train_loss:3.47500 train_time:8742.866s step_avg:5536.96ms
step:1580/3300 train_loss:3.42541 train_time:8744.082s step_avg:5534.23ms
step:1581/3300 train_loss:3.58953 train_time:8745.291s step_avg:5531.49ms
step:1582/3300 train_loss:3.48255 train_time:8746.506s step_avg:5528.76ms
step:1583/3300 train_loss:3.52123 train_time:8747.722s step_avg:5526.04ms
step:1584/3300 train_loss:3.50010 train_time:8748.932s step_avg:5523.32ms
step:1585/3300 train_loss:3.51836 train_time:8750.146s step_avg:5520.60ms
step:1586/3300 train_loss:3.46567 train_time:8751.366s step_avg:5517.89ms
step:1587/3300 train_loss:3.48936 train_time:8752.584s step_avg:5515.18ms
step:1588/3300 train_loss:3.49348 train_time:8753.797s step_avg:5512.47ms
step:1589/3300 train_loss:3.51111 train_time:8755.010s step_avg:5509.76ms
step:1590/3300 train_loss:3.50834 train_time:8756.227s step_avg:5507.06ms
step:1591/3300 train_loss:3.49555 train_time:8757.446s step_avg:5504.37ms
step:1592/3300 train_loss:3.47452 train_time:8758.670s step_avg:5501.68ms
step:1593/3300 train_loss:3.50302 train_time:8759.885s step_avg:5498.99ms
step:1594/3300 train_loss:3.52656 train_time:8761.095s step_avg:5496.30ms
step:1595/3300 train_loss:3.51787 train_time:8762.306s step_avg:5493.61ms
step:1596/3300 train_loss:3.44880 train_time:8763.521s step_avg:5490.93ms
step:1597/3300 train_loss:3.47189 train_time:8764.729s step_avg:5488.25ms
step:1598/3300 train_loss:3.63797 train_time:8765.947s step_avg:5485.57ms
step:1599/3300 train_loss:3.49867 train_time:8767.165s step_avg:5482.90ms
step:1600/3300 train_loss:3.48879 train_time:8768.373s step_avg:5480.23ms
step:1601/3300 train_loss:3.55339 train_time:8769.587s step_avg:5477.57ms
step:1602/3300 train_loss:3.55055 train_time:8770.804s step_avg:5474.91ms
step:1603/3300 train_loss:3.50754 train_time:8772.020s step_avg:5472.25ms
step:1604/3300 train_loss:3.46948 train_time:8773.228s step_avg:5469.59ms
step:1605/3300 train_loss:3.53638 train_time:8774.446s step_avg:5466.94ms
step:1606/3300 train_loss:3.57232 train_time:8775.662s step_avg:5464.30ms
step:1607/3300 train_loss:3.45954 train_time:8776.869s step_avg:5461.65ms
step:1608/3300 train_loss:3.45911 train_time:8778.086s step_avg:5459.01ms
step:1609/3300 train_loss:3.52107 train_time:8779.299s step_avg:5456.37ms
step:1610/3300 train_loss:3.55311 train_time:8780.511s step_avg:5453.73ms
step:1611/3300 train_loss:3.55452 train_time:8781.726s step_avg:5451.10ms
step:1612/3300 train_loss:3.51323 train_time:8782.936s step_avg:5448.47ms
step:1613/3300 train_loss:3.50369 train_time:8784.151s step_avg:5445.85ms
step:1614/3300 train_loss:3.63244 train_time:8785.370s step_avg:5443.23ms
step:1615/3300 train_loss:3.56344 train_time:8786.592s step_avg:5440.61ms
step:1616/3300 train_loss:3.52912 train_time:8787.810s step_avg:5438.00ms
step:1617/3300 train_loss:3.47094 train_time:8789.028s step_avg:5435.39ms
step:1618/3300 train_loss:3.53351 train_time:8790.245s step_avg:5432.78ms
step:1619/3300 train_loss:3.43754 train_time:8791.452s step_avg:5430.17ms
step:1620/3300 train_loss:3.58358 train_time:8792.666s step_avg:5427.57ms
step:1621/3300 train_loss:3.49181 train_time:8793.877s step_avg:5424.97ms
step:1622/3300 train_loss:3.48648 train_time:8795.089s step_avg:5422.37ms
step:1623/3300 train_loss:3.45449 train_time:8796.310s step_avg:5419.78ms
step:1624/3300 train_loss:3.51347 train_time:8797.524s step_avg:5417.19ms
step:1625/3300 train_loss:3.51824 train_time:8798.733s step_avg:5414.61ms
step:1625/3300 val_loss:3.50558 train_time:8798.734s step_avg:1216.24ms
step:1626/3300 train_loss:3.51271 train_time:8799.948s step_avg:5412.02ms
step:1627/3300 train_loss:3.51429 train_time:8801.155s step_avg:5409.44ms
step:1628/3300 train_loss:3.45493 train_time:8802.378s step_avg:5406.87ms
step:1629/3300 train_loss:3.53981 train_time:8803.606s step_avg:5404.30ms
step:1630/3300 train_loss:3.52378 train_time:8804.816s step_avg:5401.73ms
step:1631/3300 train_loss:3.44538 train_time:8806.033s step_avg:5399.16ms
step:1632/3300 train_loss:3.50719 train_time:8807.249s step_avg:5396.60ms
step:1633/3300 train_loss:3.56295 train_time:8808.462s step_avg:5394.04ms
step:1634/3300 train_loss:3.54488 train_time:8809.672s step_avg:5391.48ms
step:1635/3300 train_loss:3.50645 train_time:8810.882s step_avg:5388.92ms
step:1636/3300 train_loss:3.51242 train_time:8812.093s step_avg:5386.37ms
step:1637/3300 train_loss:3.58582 train_time:8813.310s step_avg:5383.82ms
step:1638/3300 train_loss:3.48186 train_time:8814.515s step_avg:5381.27ms
step:1639/3300 train_loss:3.51724 train_time:8815.734s step_avg:5378.73ms
step:1640/3300 train_loss:3.49464 train_time:8816.950s step_avg:5376.19ms
step:1641/3300 train_loss:3.49199 train_time:8818.159s step_avg:5373.65ms
step:1642/3300 train_loss:3.53948 train_time:8819.376s step_avg:5371.12ms
step:1643/3300 train_loss:3.49898 train_time:8820.596s step_avg:5368.59ms
step:1644/3300 train_loss:3.48377 train_time:8821.816s step_avg:5366.07ms
step:1645/3300 train_loss:3.48611 train_time:8823.036s step_avg:5363.55ms
step:1646/3300 train_loss:3.46984 train_time:8824.250s step_avg:5361.03ms
step:1647/3300 train_loss:3.53762 train_time:8825.457s step_avg:5358.50ms
step:1648/3300 train_loss:3.53816 train_time:8826.673s step_avg:5355.99ms
step:1649/3300 train_loss:3.53547 train_time:8827.886s step_avg:5353.48ms
step:1650/3300 train_loss:3.50656 train_time:8829.094s step_avg:5350.97ms
step:1651/3300 train_loss:3.50463 train_time:8830.311s step_avg:5348.46ms
step:1652/3300 train_loss:3.47168 train_time:8831.519s step_avg:5345.96ms
step:1653/3300 train_loss:3.50154 train_time:8832.735s step_avg:5343.46ms
step:1654/3300 train_loss:3.51224 train_time:8833.949s step_avg:5340.96ms
step:1655/3300 train_loss:3.49864 train_time:8835.158s step_avg:5338.46ms
step:1656/3300 train_loss:3.55848 train_time:8836.373s step_avg:5335.97ms
step:1657/3300 train_loss:3.49467 train_time:8837.586s step_avg:5333.49ms
step:1658/3300 train_loss:3.49239 train_time:8838.795s step_avg:5331.00ms
step:1659/3300 train_loss:3.51654 train_time:8840.007s step_avg:5328.52ms
step:1660/3300 train_loss:3.58296 train_time:8841.219s step_avg:5326.04ms
step:1661/3300 train_loss:3.48500 train_time:8842.436s step_avg:5323.56ms
step:1662/3300 train_loss:3.51754 train_time:8843.649s step_avg:5321.09ms
step:1663/3300 train_loss:3.54558 train_time:8844.863s step_avg:5318.62ms
step:1664/3300 train_loss:3.47906 train_time:8846.082s step_avg:5316.16ms
step:1665/3300 train_loss:3.50153 train_time:8847.299s step_avg:5313.69ms
step:1666/3300 train_loss:3.52194 train_time:8848.515s step_avg:5311.23ms
step:1667/3300 train_loss:3.54038 train_time:8849.728s step_avg:5308.77ms
step:1668/3300 train_loss:3.47520 train_time:8850.939s step_avg:5306.32ms
step:1669/3300 train_loss:3.55002 train_time:8852.156s step_avg:5303.87ms
step:1670/3300 train_loss:3.43345 train_time:8853.371s step_avg:5301.42ms
step:1671/3300 train_loss:3.80866 train_time:8854.582s step_avg:5298.97ms
step:1672/3300 train_loss:3.51127 train_time:8855.802s step_avg:5296.53ms
step:1673/3300 train_loss:3.48323 train_time:8857.018s step_avg:5294.09ms
step:1674/3300 train_loss:3.53273 train_time:8858.236s step_avg:5291.66ms
step:1675/3300 train_loss:3.48732 train_time:8859.448s step_avg:5289.22ms
step:1676/3300 train_loss:3.49128 train_time:8860.661s step_avg:5286.79ms
step:1677/3300 train_loss:3.58428 train_time:8861.877s step_avg:5284.36ms
step:1678/3300 train_loss:3.49385 train_time:8863.091s step_avg:5281.94ms
step:1679/3300 train_loss:3.44863 train_time:8864.310s step_avg:5279.52ms
step:1680/3300 train_loss:3.47928 train_time:8865.525s step_avg:5277.10ms
step:1681/3300 train_loss:3.47735 train_time:8866.741s step_avg:5274.68ms
step:1682/3300 train_loss:3.50992 train_time:8867.961s step_avg:5272.27ms
step:1683/3300 train_loss:3.47246 train_time:8869.181s step_avg:5269.86ms
step:1684/3300 train_loss:3.50776 train_time:8870.398s step_avg:5267.46ms
step:1685/3300 train_loss:3.50412 train_time:8871.614s step_avg:5265.05ms
step:1686/3300 train_loss:3.47279 train_time:8872.821s step_avg:5262.65ms
step:1687/3300 train_loss:3.49913 train_time:8874.040s step_avg:5260.25ms
step:1688/3300 train_loss:3.49318 train_time:8875.263s step_avg:5257.86ms
step:1689/3300 train_loss:3.45925 train_time:8876.482s step_avg:5255.47ms
step:1690/3300 train_loss:3.45090 train_time:8877.699s step_avg:5253.08ms
step:1691/3300 train_loss:3.44491 train_time:8878.918s step_avg:5250.69ms
step:1692/3300 train_loss:3.52919 train_time:8880.137s step_avg:5248.31ms
step:1693/3300 train_loss:3.45722 train_time:8881.352s step_avg:5245.93ms
step:1694/3300 train_loss:3.51223 train_time:8882.563s step_avg:5243.54ms
step:1695/3300 train_loss:3.53706 train_time:8883.780s step_avg:5241.17ms
step:1696/3300 train_loss:3.49877 train_time:8885.003s step_avg:5238.80ms
step:1697/3300 train_loss:3.50124 train_time:8886.225s step_avg:5236.43ms
step:1698/3300 train_loss:3.44292 train_time:8887.443s step_avg:5234.07ms
step:1699/3300 train_loss:3.50996 train_time:8888.664s step_avg:5231.70ms
step:1700/3300 train_loss:3.54768 train_time:8889.880s step_avg:5229.34ms
step:1701/3300 train_loss:3.52688 train_time:8891.101s step_avg:5226.98ms
step:1702/3300 train_loss:3.52738 train_time:8892.317s step_avg:5224.63ms
step:1703/3300 train_loss:3.47511 train_time:8893.530s step_avg:5222.27ms
step:1704/3300 train_loss:3.50944 train_time:8894.744s step_avg:5219.92ms
step:1705/3300 train_loss:3.48843 train_time:8895.964s step_avg:5217.57ms
step:1706/3300 train_loss:3.46993 train_time:8897.182s step_avg:5215.23ms
step:1707/3300 train_loss:3.48632 train_time:8898.402s step_avg:5212.89ms
step:1708/3300 train_loss:3.46408 train_time:8899.623s step_avg:5210.55ms
step:1709/3300 train_loss:3.73087 train_time:8900.838s step_avg:5208.21ms
step:1710/3300 train_loss:3.57126 train_time:8902.055s step_avg:5205.88ms
step:1711/3300 train_loss:3.47047 train_time:8903.302s step_avg:5203.57ms
step:1712/3300 train_loss:3.48442 train_time:8904.523s step_avg:5201.24ms
step:1713/3300 train_loss:3.54148 train_time:8905.743s step_avg:5198.92ms
step:1714/3300 train_loss:3.44753 train_time:8906.962s step_avg:5196.59ms
step:1715/3300 train_loss:3.52774 train_time:8908.185s step_avg:5194.28ms
step:1716/3300 train_loss:3.46719 train_time:8909.407s step_avg:5191.96ms
step:1717/3300 train_loss:3.48571 train_time:8910.630s step_avg:5189.65ms
step:1718/3300 train_loss:3.52392 train_time:8911.850s step_avg:5187.34ms
step:1719/3300 train_loss:3.52970 train_time:8913.063s step_avg:5185.03ms
step:1720/3300 train_loss:3.47977 train_time:8914.281s step_avg:5182.72ms
step:1721/3300 train_loss:3.51467 train_time:8915.502s step_avg:5180.42ms
step:1722/3300 train_loss:3.52015 train_time:8916.723s step_avg:5178.12ms
step:1723/3300 train_loss:3.51067 train_time:8917.944s step_avg:5175.82ms
step:1724/3300 train_loss:3.49098 train_time:8919.163s step_avg:5173.53ms
step:1725/3300 train_loss:3.51076 train_time:8920.378s step_avg:5171.23ms
step:1726/3300 train_loss:3.47967 train_time:8921.605s step_avg:5168.95ms
step:1727/3300 train_loss:3.46721 train_time:8922.835s step_avg:5166.67ms
step:1728/3300 train_loss:3.45550 train_time:8924.061s step_avg:5164.39ms
step:1729/3300 train_loss:3.52793 train_time:8925.274s step_avg:5162.10ms
step:1730/3300 train_loss:3.58762 train_time:8926.489s step_avg:5159.82ms
step:1731/3300 train_loss:3.48494 train_time:8927.708s step_avg:5157.54ms
step:1732/3300 train_loss:3.50906 train_time:8928.926s step_avg:5155.27ms
step:1733/3300 train_loss:3.43917 train_time:8930.144s step_avg:5153.00ms
step:1734/3300 train_loss:3.61062 train_time:8931.361s step_avg:5150.73ms
step:1735/3300 train_loss:3.51409 train_time:8932.580s step_avg:5148.46ms
step:1736/3300 train_loss:3.58865 train_time:8933.796s step_avg:5146.20ms
step:1737/3300 train_loss:3.58071 train_time:8935.010s step_avg:5143.93ms
step:1738/3300 train_loss:3.45363 train_time:8936.233s step_avg:5141.68ms
step:1739/3300 train_loss:3.47067 train_time:8937.445s step_avg:5139.42ms
step:1740/3300 train_loss:3.45911 train_time:8938.662s step_avg:5137.16ms
step:1741/3300 train_loss:3.45589 train_time:8939.883s step_avg:5134.91ms
step:1742/3300 train_loss:3.50402 train_time:8941.095s step_avg:5132.66ms
step:1743/3300 train_loss:3.43959 train_time:8942.312s step_avg:5130.41ms
step:1744/3300 train_loss:3.45246 train_time:8943.530s step_avg:5128.17ms
step:1745/3300 train_loss:3.51222 train_time:8944.747s step_avg:5125.93ms
step:1746/3300 train_loss:3.52057 train_time:8945.969s step_avg:5123.69ms
step:1747/3300 train_loss:3.48926 train_time:8947.190s step_avg:5121.46ms
step:1748/3300 train_loss:3.54397 train_time:8948.407s step_avg:5119.23ms
step:1749/3300 train_loss:3.49836 train_time:8949.629s step_avg:5117.00ms
local_quadratic_diag step:1750 cross_hvp_source:1/72 blocks.0.attn.k.weight
local_quadratic_diag step:1750 cross_hvp_source:13/72 blocks.2.attn.k.weight
local_quadratic_diag step:1750 cross_hvp_source:25/72 blocks.4.attn.k.weight
local_quadratic_diag step:1750 cross_hvp_source:37/72 blocks.6.attn.k.weight
local_quadratic_diag step:1750 cross_hvp_source:49/72 blocks.8.attn.k.weight
local_quadratic_diag step:1750 cross_hvp_source:61/72 blocks.10.attn.k.weight
step:1750/3300 train_loss:3.48760 train_time:10075.483s step_avg:5757.42ms
step:1750/3300 val_loss:3.48333 train_time:10075.483s step_avg:10214.00ms
step:1751/3300 train_loss:3.52940 train_time:10076.710s step_avg:5754.83ms
step:1752/3300 train_loss:3.52204 train_time:10077.949s step_avg:5752.25ms
step:1753/3300 train_loss:3.46108 train_time:10079.191s step_avg:5749.68ms
step:1754/3300 train_loss:3.50006 train_time:10080.403s step_avg:5747.09ms
step:1755/3300 train_loss:3.50261 train_time:10081.619s step_avg:5744.51ms
step:1756/3300 train_loss:3.46795 train_time:10082.826s step_avg:5741.93ms
step:1757/3300 train_loss:3.47435 train_time:10084.043s step_avg:5739.35ms
step:1758/3300 train_loss:3.61288 train_time:10085.261s step_avg:5736.78ms
step:1759/3300 train_loss:3.60125 train_time:10086.484s step_avg:5734.21ms
step:1760/3300 train_loss:3.54453 train_time:10087.705s step_avg:5731.65ms
step:1761/3300 train_loss:3.48782 train_time:10088.927s step_avg:5729.09ms
step:1762/3300 train_loss:3.49187 train_time:10090.146s step_avg:5726.53ms
step:1763/3300 train_loss:3.45738 train_time:10091.366s step_avg:5723.97ms
step:1764/3300 train_loss:3.47903 train_time:10092.587s step_avg:5721.42ms
step:1765/3300 train_loss:3.48068 train_time:10093.807s step_avg:5718.87ms
step:1766/3300 train_loss:3.45116 train_time:10095.025s step_avg:5716.32ms
step:1767/3300 train_loss:3.56695 train_time:10096.245s step_avg:5713.78ms
step:1768/3300 train_loss:3.49840 train_time:10097.465s step_avg:5711.24ms
step:1769/3300 train_loss:3.60417 train_time:10098.684s step_avg:5708.70ms
step:1770/3300 train_loss:3.49563 train_time:10099.904s step_avg:5706.16ms
step:1771/3300 train_loss:3.50464 train_time:10101.127s step_avg:5703.63ms
step:1772/3300 train_loss:3.45405 train_time:10102.347s step_avg:5701.10ms
step:1773/3300 train_loss:3.52159 train_time:10103.567s step_avg:5698.57ms
step:1774/3300 train_loss:3.51007 train_time:10104.788s step_avg:5696.05ms
step:1775/3300 train_loss:3.52480 train_time:10106.010s step_avg:5693.53ms
step:1776/3300 train_loss:3.52661 train_time:10107.228s step_avg:5691.01ms
step:1777/3300 train_loss:3.52803 train_time:10108.446s step_avg:5688.49ms
step:1778/3300 train_loss:3.52784 train_time:10109.667s step_avg:5685.98ms
step:1779/3300 train_loss:3.54810 train_time:10110.890s step_avg:5683.47ms
step:1780/3300 train_loss:3.47866 train_time:10112.106s step_avg:5680.96ms
step:1781/3300 train_loss:3.46132 train_time:10113.324s step_avg:5678.45ms
step:1782/3300 train_loss:3.48401 train_time:10114.544s step_avg:5675.95ms
step:1783/3300 train_loss:3.51740 train_time:10115.759s step_avg:5673.45ms
step:1784/3300 train_loss:3.41477 train_time:10116.973s step_avg:5670.95ms
step:1785/3300 train_loss:3.52315 train_time:10118.192s step_avg:5668.45ms
step:1786/3300 train_loss:3.51599 train_time:10119.412s step_avg:5665.96ms
step:1787/3300 train_loss:3.55758 train_time:10120.630s step_avg:5663.48ms
step:1788/3300 train_loss:3.45032 train_time:10121.850s step_avg:5660.99ms
step:1789/3300 train_loss:3.51615 train_time:10123.068s step_avg:5658.51ms
step:1790/3300 train_loss:3.43625 train_time:10124.288s step_avg:5656.03ms
step:1791/3300 train_loss:3.48019 train_time:10125.506s step_avg:5653.55ms
step:1792/3300 train_loss:3.49812 train_time:10126.730s step_avg:5651.08ms
step:1793/3300 train_loss:3.44080 train_time:10127.953s step_avg:5648.61ms
step:1794/3300 train_loss:3.51585 train_time:10129.171s step_avg:5646.14ms
step:1795/3300 train_loss:3.54649 train_time:10130.393s step_avg:5643.67ms
step:1796/3300 train_loss:3.54358 train_time:10131.609s step_avg:5641.21ms
step:1797/3300 train_loss:3.51306 train_time:10132.829s step_avg:5638.75ms
step:1798/3300 train_loss:3.52529 train_time:10134.048s step_avg:5636.29ms
step:1799/3300 train_loss:3.54363 train_time:10135.270s step_avg:5633.84ms
step:1800/3300 train_loss:3.46860 train_time:10136.491s step_avg:5631.38ms
step:1801/3300 train_loss:3.51270 train_time:10137.714s step_avg:5628.94ms
step:1802/3300 train_loss:3.45409 train_time:10138.933s step_avg:5626.49ms
step:1803/3300 train_loss:3.51244 train_time:10140.154s step_avg:5624.05ms
step:1804/3300 train_loss:3.47311 train_time:10141.374s step_avg:5621.60ms
step:1805/3300 train_loss:3.48951 train_time:10142.597s step_avg:5619.17ms
step:1806/3300 train_loss:3.49784 train_time:10143.813s step_avg:5616.73ms
step:1807/3300 train_loss:3.46804 train_time:10145.031s step_avg:5614.30ms
step:1808/3300 train_loss:3.52402 train_time:10146.253s step_avg:5611.87ms
step:1809/3300 train_loss:3.55008 train_time:10147.472s step_avg:5609.44ms
step:1810/3300 train_loss:3.49697 train_time:10148.695s step_avg:5607.01ms
step:1811/3300 train_loss:3.46030 train_time:10149.912s step_avg:5604.59ms
step:1812/3300 train_loss:3.47146 train_time:10151.134s step_avg:5602.17ms
step:1813/3300 train_loss:3.49946 train_time:10152.355s step_avg:5599.75ms
step:1814/3300 train_loss:3.45856 train_time:10153.577s step_avg:5597.34ms
step:1815/3300 train_loss:3.51961 train_time:10154.791s step_avg:5594.93ms
step:1816/3300 train_loss:3.47363 train_time:10156.011s step_avg:5592.52ms
step:1817/3300 train_loss:3.45803 train_time:10157.236s step_avg:5590.11ms
step:1818/3300 train_loss:3.46446 train_time:10158.454s step_avg:5587.71ms
step:1819/3300 train_loss:3.49357 train_time:10159.674s step_avg:5585.31ms
step:1820/3300 train_loss:3.45522 train_time:10160.898s step_avg:5582.91ms
step:1821/3300 train_loss:3.48921 train_time:10162.113s step_avg:5580.51ms
step:1822/3300 train_loss:3.44853 train_time:10163.331s step_avg:5578.12ms
step:1823/3300 train_loss:3.50561 train_time:10164.551s step_avg:5575.73ms
step:1824/3300 train_loss:3.51938 train_time:10165.774s step_avg:5573.34ms
step:1825/3300 train_loss:3.62327 train_time:10166.994s step_avg:5570.96ms
step:1826/3300 train_loss:3.46122 train_time:10168.217s step_avg:5568.57ms
step:1827/3300 train_loss:3.45017 train_time:10169.434s step_avg:5566.19ms
step:1828/3300 train_loss:3.51489 train_time:10170.650s step_avg:5563.81ms
step:1829/3300 train_loss:3.45334 train_time:10171.870s step_avg:5561.44ms
step:1830/3300 train_loss:3.48226 train_time:10173.092s step_avg:5559.07ms
step:1831/3300 train_loss:3.44895 train_time:10174.313s step_avg:5556.70ms
step:1832/3300 train_loss:3.46949 train_time:10175.534s step_avg:5554.33ms
step:1833/3300 train_loss:3.52873 train_time:10176.757s step_avg:5551.97ms
step:1834/3300 train_loss:3.48946 train_time:10177.978s step_avg:5549.61ms
step:1835/3300 train_loss:3.53774 train_time:10179.198s step_avg:5547.25ms
step:1836/3300 train_loss:3.47016 train_time:10180.418s step_avg:5544.89ms
step:1837/3300 train_loss:3.46434 train_time:10181.641s step_avg:5542.54ms
step:1838/3300 train_loss:3.43567 train_time:10182.855s step_avg:5540.18ms
step:1839/3300 train_loss:3.49334 train_time:10184.076s step_avg:5537.83ms
step:1840/3300 train_loss:3.45814 train_time:10185.297s step_avg:5535.49ms
step:1841/3300 train_loss:3.55580 train_time:10186.515s step_avg:5533.14ms
step:1842/3300 train_loss:3.48176 train_time:10187.734s step_avg:5530.80ms
step:1843/3300 train_loss:3.43996 train_time:10188.956s step_avg:5528.46ms
step:1844/3300 train_loss:3.43811 train_time:10190.177s step_avg:5526.13ms
step:1845/3300 train_loss:3.45907 train_time:10191.398s step_avg:5523.79ms
step:1846/3300 train_loss:3.48568 train_time:10192.617s step_avg:5521.46ms
step:1847/3300 train_loss:3.48425 train_time:10193.834s step_avg:5519.13ms
step:1848/3300 train_loss:3.47692 train_time:10195.056s step_avg:5516.81ms
step:1849/3300 train_loss:3.50672 train_time:10196.280s step_avg:5514.48ms
step:1850/3300 train_loss:3.45525 train_time:10197.500s step_avg:5512.16ms
step:1851/3300 train_loss:3.48587 train_time:10198.720s step_avg:5509.84ms
step:1852/3300 train_loss:3.46175 train_time:10199.938s step_avg:5507.53ms
step:1853/3300 train_loss:3.52023 train_time:10201.160s step_avg:5505.21ms
step:1854/3300 train_loss:3.46347 train_time:10202.379s step_avg:5502.90ms
step:1855/3300 train_loss:3.44834 train_time:10203.597s step_avg:5500.59ms
step:1856/3300 train_loss:3.47026 train_time:10204.817s step_avg:5498.29ms
step:1857/3300 train_loss:3.50196 train_time:10206.038s step_avg:5495.98ms
step:1858/3300 train_loss:3.51654 train_time:10207.262s step_avg:5493.68ms
step:1859/3300 train_loss:3.47458 train_time:10208.481s step_avg:5491.38ms
step:1860/3300 train_loss:3.42138 train_time:10209.698s step_avg:5489.08ms
step:1861/3300 train_loss:3.47052 train_time:10210.917s step_avg:5486.79ms
step:1862/3300 train_loss:3.50357 train_time:10212.142s step_avg:5484.50ms
step:1863/3300 train_loss:3.54000 train_time:10213.355s step_avg:5482.21ms
step:1864/3300 train_loss:3.50706 train_time:10214.577s step_avg:5479.92ms
step:1865/3300 train_loss:3.44091 train_time:10215.797s step_avg:5477.64ms
step:1866/3300 train_loss:3.46143 train_time:10217.019s step_avg:5475.36ms
step:1867/3300 train_loss:3.48069 train_time:10218.238s step_avg:5473.08ms
step:1868/3300 train_loss:3.56202 train_time:10219.454s step_avg:5470.80ms
step:1869/3300 train_loss:3.42589 train_time:10220.677s step_avg:5468.53ms
step:1870/3300 train_loss:3.48038 train_time:10221.897s step_avg:5466.26ms
step:1871/3300 train_loss:3.51375 train_time:10223.119s step_avg:5463.99ms
step:1872/3300 train_loss:3.45299 train_time:10224.339s step_avg:5461.72ms
step:1873/3300 train_loss:3.48146 train_time:10225.557s step_avg:5459.45ms
step:1874/3300 train_loss:3.46428 train_time:10226.778s step_avg:5457.19ms
step:1875/3300 train_loss:3.53935 train_time:10228.001s step_avg:5454.93ms
step:1875/3300 val_loss:3.46283 train_time:10228.001s step_avg:1220.14ms
step:1876/3300 train_loss:3.50539 train_time:10229.222s step_avg:5452.68ms
step:1877/3300 train_loss:3.52525 train_time:10230.489s step_avg:5450.45ms
step:1878/3300 train_loss:3.56066 train_time:10231.713s step_avg:5448.20ms
step:1879/3300 train_loss:3.56174 train_time:10232.940s step_avg:5445.95ms
step:1880/3300 train_loss:3.46163 train_time:10234.159s step_avg:5443.70ms
step:1881/3300 train_loss:3.39925 train_time:10235.377s step_avg:5441.45ms
step:1882/3300 train_loss:3.47714 train_time:10236.601s step_avg:5439.21ms
step:1883/3300 train_loss:3.43828 train_time:10237.820s step_avg:5436.97ms
step:1884/3300 train_loss:3.47828 train_time:10239.040s step_avg:5434.73ms
step:1885/3300 train_loss:3.47114 train_time:10240.259s step_avg:5432.50ms
step:1886/3300 train_loss:3.42646 train_time:10241.480s step_avg:5430.26ms
step:1887/3300 train_loss:3.46819 train_time:10242.701s step_avg:5428.03ms
step:1888/3300 train_loss:3.42921 train_time:10243.922s step_avg:5425.81ms
step:1889/3300 train_loss:3.46552 train_time:10245.142s step_avg:5423.58ms
step:1890/3300 train_loss:3.48276 train_time:10246.361s step_avg:5421.35ms
step:1891/3300 train_loss:3.50573 train_time:10247.578s step_avg:5419.13ms
step:1892/3300 train_loss:3.41061 train_time:10248.799s step_avg:5416.91ms
step:1893/3300 train_loss:3.48690 train_time:10250.014s step_avg:5414.69ms
step:1894/3300 train_loss:3.47261 train_time:10251.225s step_avg:5412.47ms
step:1895/3300 train_loss:3.43083 train_time:10252.442s step_avg:5410.26ms
step:1896/3300 train_loss:3.52679 train_time:10253.661s step_avg:5408.05ms
step:1897/3300 train_loss:3.51570 train_time:10254.877s step_avg:5405.84ms
step:1898/3300 train_loss:3.43038 train_time:10256.089s step_avg:5403.63ms
step:1899/3300 train_loss:3.42271 train_time:10257.301s step_avg:5401.42ms
step:1900/3300 train_loss:3.44712 train_time:10258.517s step_avg:5399.22ms
step:1901/3300 train_loss:3.40929 train_time:10259.767s step_avg:5397.04ms
step:1902/3300 train_loss:3.48799 train_time:10260.982s step_avg:5394.84ms
step:1903/3300 train_loss:3.51121 train_time:10262.204s step_avg:5392.65ms
step:1904/3300 train_loss:3.46157 train_time:10263.422s step_avg:5390.45ms
step:1905/3300 train_loss:3.45003 train_time:10264.643s step_avg:5388.26ms
step:1906/3300 train_loss:3.49349 train_time:10265.866s step_avg:5386.08ms
step:1907/3300 train_loss:3.45249 train_time:10267.083s step_avg:5383.89ms
step:1908/3300 train_loss:3.46716 train_time:10268.304s step_avg:5381.71ms
step:1909/3300 train_loss:3.41383 train_time:10269.525s step_avg:5379.53ms
step:1910/3300 train_loss:3.50275 train_time:10270.745s step_avg:5377.35ms
step:1911/3300 train_loss:3.47649 train_time:10271.965s step_avg:5375.18ms
step:1912/3300 train_loss:3.39552 train_time:10273.186s step_avg:5373.01ms
step:1913/3300 train_loss:3.50977 train_time:10274.405s step_avg:5370.83ms
step:1914/3300 train_loss:3.60089 train_time:10275.625s step_avg:5368.67ms
step:1915/3300 train_loss:3.43382 train_time:10276.846s step_avg:5366.50ms
step:1916/3300 train_loss:3.40989 train_time:10278.065s step_avg:5364.33ms
step:1917/3300 train_loss:3.50513 train_time:10279.284s step_avg:5362.17ms
step:1918/3300 train_loss:3.50008 train_time:10280.505s step_avg:5360.01ms
step:1919/3300 train_loss:3.49414 train_time:10281.726s step_avg:5357.86ms
step:1920/3300 train_loss:3.43453 train_time:10282.946s step_avg:5355.70ms
step:1921/3300 train_loss:3.47375 train_time:10284.168s step_avg:5353.55ms
step:1922/3300 train_loss:3.42274 train_time:10285.386s step_avg:5351.40ms
step:1923/3300 train_loss:3.46511 train_time:10286.603s step_avg:5349.25ms
step:1924/3300 train_loss:3.50347 train_time:10287.822s step_avg:5347.10ms
step:1925/3300 train_loss:3.43990 train_time:10289.045s step_avg:5344.96ms
step:1926/3300 train_loss:3.46057 train_time:10290.268s step_avg:5342.82ms
step:1927/3300 train_loss:3.48701 train_time:10291.489s step_avg:5340.68ms
step:1928/3300 train_loss:3.53788 train_time:10292.709s step_avg:5338.54ms
step:1929/3300 train_loss:3.47527 train_time:10293.927s step_avg:5336.41ms
step:1930/3300 train_loss:3.49076 train_time:10295.149s step_avg:5334.27ms
step:1931/3300 train_loss:3.38631 train_time:10296.371s step_avg:5332.14ms
step:1932/3300 train_loss:3.80390 train_time:10297.592s step_avg:5330.02ms
step:1933/3300 train_loss:3.50582 train_time:10298.813s step_avg:5327.89ms
step:1934/3300 train_loss:3.47846 train_time:10300.032s step_avg:5325.77ms
step:1935/3300 train_loss:3.50743 train_time:10301.249s step_avg:5323.64ms
step:1936/3300 train_loss:3.47774 train_time:10302.467s step_avg:5321.52ms
step:1937/3300 train_loss:3.49959 train_time:10303.687s step_avg:5319.40ms
step:1938/3300 train_loss:3.42850 train_time:10304.910s step_avg:5317.29ms
step:1939/3300 train_loss:3.43811 train_time:10306.130s step_avg:5315.18ms
step:1940/3300 train_loss:3.49352 train_time:10307.350s step_avg:5313.07ms
step:1941/3300 train_loss:3.48129 train_time:10308.571s step_avg:5310.96ms
step:1942/3300 train_loss:3.40132 train_time:10309.791s step_avg:5308.85ms
step:1943/3300 train_loss:3.52755 train_time:10311.007s step_avg:5306.75ms
step:1944/3300 train_loss:3.41393 train_time:10312.230s step_avg:5304.65ms
step:1945/3300 train_loss:3.50190 train_time:10313.449s step_avg:5302.54ms
step:1946/3300 train_loss:3.49071 train_time:10314.673s step_avg:5300.45ms
step:1947/3300 train_loss:3.42874 train_time:10315.889s step_avg:5298.35ms
step:1948/3300 train_loss:3.47988 train_time:10317.109s step_avg:5296.26ms
step:1949/3300 train_loss:3.39318 train_time:10318.331s step_avg:5294.17ms
step:1950/3300 train_loss:3.52235 train_time:10319.548s step_avg:5292.08ms
step:1951/3300 train_loss:3.49243 train_time:10320.773s step_avg:5289.99ms
step:1952/3300 train_loss:3.54956 train_time:10321.990s step_avg:5287.90ms
step:1953/3300 train_loss:3.41538 train_time:10323.210s step_avg:5285.82ms
step:1954/3300 train_loss:3.46141 train_time:10324.432s step_avg:5283.74ms
step:1955/3300 train_loss:3.47870 train_time:10325.649s step_avg:5281.66ms
step:1956/3300 train_loss:3.44197 train_time:10326.867s step_avg:5279.58ms
step:1957/3300 train_loss:3.46469 train_time:10328.087s step_avg:5277.51ms
step:1958/3300 train_loss:3.49285 train_time:10329.309s step_avg:5275.44ms
step:1959/3300 train_loss:3.54486 train_time:10330.532s step_avg:5273.37ms
step:1960/3300 train_loss:3.42236 train_time:10331.752s step_avg:5271.30ms
step:1961/3300 train_loss:3.48613 train_time:10332.970s step_avg:5269.23ms
step:1962/3300 train_loss:3.43493 train_time:10334.191s step_avg:5267.17ms
step:1963/3300 train_loss:3.46348 train_time:10335.412s step_avg:5265.11ms
step:1964/3300 train_loss:3.45904 train_time:10336.635s step_avg:5263.05ms
step:1965/3300 train_loss:3.46015 train_time:10337.856s step_avg:5261.00ms
step:1966/3300 train_loss:3.52072 train_time:10339.078s step_avg:5258.94ms
step:1967/3300 train_loss:3.41759 train_time:10340.293s step_avg:5256.89ms
step:1968/3300 train_loss:3.47373 train_time:10341.511s step_avg:5254.83ms
step:1969/3300 train_loss:3.42523 train_time:10342.734s step_avg:5252.79ms
step:1970/3300 train_loss:3.45708 train_time:10343.953s step_avg:5250.74ms
step:1971/3300 train_loss:3.47756 train_time:10345.171s step_avg:5248.69ms
step:1972/3300 train_loss:3.43196 train_time:10346.392s step_avg:5246.65ms
step:1973/3300 train_loss:3.42121 train_time:10347.615s step_avg:5244.61ms
step:1974/3300 train_loss:3.43616 train_time:10348.833s step_avg:5242.57ms
step:1975/3300 train_loss:3.45386 train_time:10350.051s step_avg:5240.53ms
step:1976/3300 train_loss:3.46399 train_time:10351.271s step_avg:5238.50ms
step:1977/3300 train_loss:3.50173 train_time:10352.491s step_avg:5236.46ms
step:1978/3300 train_loss:3.49921 train_time:10353.710s step_avg:5234.43ms
step:1979/3300 train_loss:3.48188 train_time:10354.933s step_avg:5232.41ms
step:1980/3300 train_loss:3.48080 train_time:10356.153s step_avg:5230.38ms
step:1981/3300 train_loss:3.44232 train_time:10357.375s step_avg:5228.36ms
step:1982/3300 train_loss:3.46191 train_time:10358.596s step_avg:5226.33ms
step:1983/3300 train_loss:3.60447 train_time:10359.813s step_avg:5224.31ms
step:1984/3300 train_loss:3.41301 train_time:10361.035s step_avg:5222.30ms
step:1985/3300 train_loss:3.43353 train_time:10362.254s step_avg:5220.28ms
step:1986/3300 train_loss:3.43531 train_time:10363.471s step_avg:5218.26ms
step:1987/3300 train_loss:3.44453 train_time:10364.689s step_avg:5216.25ms
step:1988/3300 train_loss:3.46766 train_time:10365.904s step_avg:5214.24ms
step:1989/3300 train_loss:3.43326 train_time:10367.114s step_avg:5212.22ms
step:1990/3300 train_loss:3.47304 train_time:10368.335s step_avg:5210.22ms
step:1991/3300 train_loss:3.45435 train_time:10369.556s step_avg:5208.22ms
step:1992/3300 train_loss:3.43922 train_time:10370.779s step_avg:5206.21ms
step:1993/3300 train_loss:3.54041 train_time:10371.996s step_avg:5204.21ms
step:1994/3300 train_loss:3.46190 train_time:10373.216s step_avg:5202.21ms
step:1995/3300 train_loss:3.45616 train_time:10374.434s step_avg:5200.22ms
step:1996/3300 train_loss:3.51530 train_time:10375.657s step_avg:5198.22ms
step:1997/3300 train_loss:3.57512 train_time:10376.879s step_avg:5196.23ms
step:1998/3300 train_loss:3.46160 train_time:10378.099s step_avg:5194.24ms
step:1999/3300 train_loss:3.51967 train_time:10379.316s step_avg:5192.25ms
local_quadratic_diag step:2000 cross_hvp_source:1/72 blocks.0.attn.k.weight
local_quadratic_diag step:2000 cross_hvp_source:13/72 blocks.2.attn.k.weight
local_quadratic_diag step:2000 cross_hvp_source:25/72 blocks.4.attn.k.weight
local_quadratic_diag step:2000 cross_hvp_source:37/72 blocks.6.attn.k.weight
local_quadratic_diag step:2000 cross_hvp_source:49/72 blocks.8.attn.k.weight
local_quadratic_diag step:2000 cross_hvp_source:61/72 blocks.10.attn.k.weight
step:2000/3300 train_loss:3.42926 train_time:11507.484s step_avg:5753.74ms
step:2000/3300 val_loss:3.44352 train_time:11507.484s step_avg:10235.86ms
step:2001/3300 train_loss:3.49089 train_time:11508.711s step_avg:5751.48ms
step:2002/3300 train_loss:3.46165 train_time:11509.926s step_avg:5749.21ms
step:2003/3300 train_loss:3.44535 train_time:11511.143s step_avg:5746.95ms
step:2004/3300 train_loss:3.59218 train_time:11512.365s step_avg:5744.69ms
step:2005/3300 train_loss:3.43023 train_time:11513.584s step_avg:5742.44ms
step:2006/3300 train_loss:3.45830 train_time:11514.802s step_avg:5740.18ms
step:2007/3300 train_loss:3.45955 train_time:11516.022s step_avg:5737.93ms
step:2008/3300 train_loss:3.39652 train_time:11517.237s step_avg:5735.68ms
step:2009/3300 train_loss:3.47165 train_time:11518.448s step_avg:5733.42ms
step:2010/3300 train_loss:3.46908 train_time:11519.665s step_avg:5731.18ms
step:2011/3300 train_loss:3.46893 train_time:11520.883s step_avg:5728.93ms
step:2012/3300 train_loss:3.43517 train_time:11522.103s step_avg:5726.69ms
step:2013/3300 train_loss:3.46074 train_time:11523.319s step_avg:5724.45ms
step:2014/3300 train_loss:3.46406 train_time:11524.537s step_avg:5722.21ms
step:2015/3300 train_loss:3.41138 train_time:11525.745s step_avg:5719.97ms
step:2016/3300 train_loss:3.49498 train_time:11526.964s step_avg:5717.74ms
step:2017/3300 train_loss:3.43670 train_time:11528.184s step_avg:5715.51ms
step:2018/3300 train_loss:3.51487 train_time:11529.404s step_avg:5713.28ms
step:2019/3300 train_loss:3.47507 train_time:11530.624s step_avg:5711.06ms
step:2020/3300 train_loss:3.39237 train_time:11531.842s step_avg:5708.83ms
step:2021/3300 train_loss:3.46508 train_time:11533.060s step_avg:5706.61ms
step:2022/3300 train_loss:3.36879 train_time:11534.276s step_avg:5704.39ms
step:2023/3300 train_loss:3.42069 train_time:11535.493s step_avg:5702.17ms
step:2024/3300 train_loss:3.44476 train_time:11536.708s step_avg:5699.95ms
step:2025/3300 train_loss:3.37076 train_time:11537.927s step_avg:5697.74ms
step:2026/3300 train_loss:3.44956 train_time:11539.146s step_avg:5695.53ms
step:2027/3300 train_loss:3.41215 train_time:11540.365s step_avg:5693.32ms
step:2028/3300 train_loss:3.44608 train_time:11541.581s step_avg:5691.12ms
step:2029/3300 train_loss:3.45436 train_time:11542.796s step_avg:5688.91ms
step:2030/3300 train_loss:3.46176 train_time:11544.007s step_avg:5686.70ms
step:2031/3300 train_loss:3.45175 train_time:11545.226s step_avg:5684.50ms
step:2032/3300 train_loss:3.45391 train_time:11546.446s step_avg:5682.31ms
step:2033/3300 train_loss:3.42216 train_time:11547.667s step_avg:5680.11ms
step:2034/3300 train_loss:3.46353 train_time:11548.886s step_avg:5677.92ms
step:2035/3300 train_loss:3.46468 train_time:11550.107s step_avg:5675.73ms
step:2036/3300 train_loss:3.41294 train_time:11551.324s step_avg:5673.54ms
step:2037/3300 train_loss:3.50783 train_time:11552.542s step_avg:5671.35ms
step:2038/3300 train_loss:3.44598 train_time:11553.758s step_avg:5669.16ms
step:2039/3300 train_loss:3.43020 train_time:11554.970s step_avg:5666.98ms
step:2040/3300 train_loss:3.45448 train_time:11556.189s step_avg:5664.80ms
step:2041/3300 train_loss:3.45121 train_time:11557.406s step_avg:5662.62ms
step:2042/3300 train_loss:3.44642 train_time:11558.622s step_avg:5660.44ms
step:2043/3300 train_loss:3.42542 train_time:11559.841s step_avg:5658.27ms
step:2044/3300 train_loss:3.46112 train_time:11561.060s step_avg:5656.10ms
step:2045/3300 train_loss:3.38917 train_time:11562.277s step_avg:5653.93ms
step:2046/3300 train_loss:3.46770 train_time:11563.493s step_avg:5651.76ms
step:2047/3300 train_loss:3.45839 train_time:11564.710s step_avg:5649.59ms
step:2048/3300 train_loss:3.44850 train_time:11565.930s step_avg:5647.43ms
step:2049/3300 train_loss:3.40800 train_time:11567.148s step_avg:5645.26ms
step:2050/3300 train_loss:3.49385 train_time:11568.367s step_avg:5643.11ms
step:2051/3300 train_loss:3.49031 train_time:11569.587s step_avg:5640.95ms
step:2052/3300 train_loss:3.44631 train_time:11570.806s step_avg:5638.79ms
step:2053/3300 train_loss:3.54345 train_time:11572.024s step_avg:5636.64ms
step:2054/3300 train_loss:3.45195 train_time:11573.238s step_avg:5634.49ms
step:2055/3300 train_loss:3.41172 train_time:11574.452s step_avg:5632.34ms
step:2056/3300 train_loss:3.46465 train_time:11575.673s step_avg:5630.19ms
step:2057/3300 train_loss:3.37177 train_time:11576.892s step_avg:5628.05ms
step:2058/3300 train_loss:3.47816 train_time:11578.111s step_avg:5625.90ms
step:2059/3300 train_loss:3.48452 train_time:11579.327s step_avg:5623.76ms
step:2060/3300 train_loss:3.34405 train_time:11580.543s step_avg:5621.62ms
step:2061/3300 train_loss:3.40886 train_time:11581.752s step_avg:5619.48ms
step:2062/3300 train_loss:3.45597 train_time:11582.970s step_avg:5617.35ms
step:2063/3300 train_loss:3.45971 train_time:11584.193s step_avg:5615.22ms
step:2064/3300 train_loss:3.44943 train_time:11585.411s step_avg:5613.09ms
step:2065/3300 train_loss:3.46118 train_time:11586.629s step_avg:5610.96ms
step:2066/3300 train_loss:3.42541 train_time:11587.850s step_avg:5608.83ms
step:2067/3300 train_loss:3.45206 train_time:11589.070s step_avg:5606.71ms
step:2068/3300 train_loss:3.43128 train_time:11590.291s step_avg:5604.59ms
step:2069/3300 train_loss:3.52606 train_time:11591.511s step_avg:5602.47ms
step:2070/3300 train_loss:3.47424 train_time:11592.731s step_avg:5600.35ms
step:2071/3300 train_loss:3.47613 train_time:11593.950s step_avg:5598.24ms
step:2072/3300 train_loss:3.45362 train_time:11595.170s step_avg:5596.12ms
step:2073/3300 train_loss:3.52128 train_time:11596.388s step_avg:5594.01ms
step:2074/3300 train_loss:3.48385 train_time:11597.603s step_avg:5591.90ms
step:2075/3300 train_loss:3.48889 train_time:11598.813s step_avg:5589.79ms
step:2076/3300 train_loss:3.46013 train_time:11600.043s step_avg:5587.69ms
step:2077/3300 train_loss:3.44446 train_time:11601.256s step_avg:5585.58ms
step:2078/3300 train_loss:3.39784 train_time:11602.475s step_avg:5583.48ms
step:2079/3300 train_loss:3.42233 train_time:11603.696s step_avg:5581.38ms
step:2080/3300 train_loss:3.51988 train_time:11604.912s step_avg:5579.28ms
step:2081/3300 train_loss:3.46368 train_time:11606.133s step_avg:5577.19ms
step:2082/3300 train_loss:3.41903 train_time:11607.350s step_avg:5575.10ms
step:2083/3300 train_loss:3.39623 train_time:11608.569s step_avg:5573.00ms
step:2084/3300 train_loss:3.40157 train_time:11609.788s step_avg:5570.92ms
step:2085/3300 train_loss:3.46688 train_time:11611.008s step_avg:5568.83ms
step:2086/3300 train_loss:3.43791 train_time:11612.219s step_avg:5566.74ms
step:2087/3300 train_loss:3.42846 train_time:11613.436s step_avg:5564.66ms
step:2088/3300 train_loss:3.48278 train_time:11614.650s step_avg:5562.57ms
step:2089/3300 train_loss:3.40559 train_time:11615.864s step_avg:5560.49ms
step:2090/3300 train_loss:3.40606 train_time:11617.077s step_avg:5558.41ms
step:2091/3300 train_loss:3.46360 train_time:11618.323s step_avg:5556.35ms
step:2092/3300 train_loss:3.46129 train_time:11619.536s step_avg:5554.27ms
step:2093/3300 train_loss:3.41855 train_time:11620.753s step_avg:5552.20ms
step:2094/3300 train_loss:3.51614 train_time:11621.973s step_avg:5550.13ms
step:2095/3300 train_loss:3.43750 train_time:11623.192s step_avg:5548.06ms
step:2096/3300 train_loss:3.44803 train_time:11624.405s step_avg:5545.99ms
step:2097/3300 train_loss:3.45057 train_time:11625.616s step_avg:5543.93ms
step:2098/3300 train_loss:3.40850 train_time:11626.836s step_avg:5541.87ms
step:2099/3300 train_loss:3.42332 train_time:11628.053s step_avg:5539.81ms
step:2100/3300 train_loss:3.53070 train_time:11629.274s step_avg:5537.75ms
step:2101/3300 train_loss:3.43427 train_time:11630.493s step_avg:5535.69ms
step:2102/3300 train_loss:3.43809 train_time:11631.712s step_avg:5533.64ms
step:2103/3300 train_loss:3.40538 train_time:11632.925s step_avg:5531.59ms
step:2104/3300 train_loss:3.48294 train_time:11634.137s step_avg:5529.53ms
step:2105/3300 train_loss:3.43422 train_time:11635.353s step_avg:5527.48ms
step:2106/3300 train_loss:3.42294 train_time:11636.574s step_avg:5525.44ms
step:2107/3300 train_loss:3.44674 train_time:11637.795s step_avg:5523.40ms
step:2108/3300 train_loss:3.47930 train_time:11639.010s step_avg:5521.35ms
step:2109/3300 train_loss:3.45013 train_time:11640.223s step_avg:5519.31ms
step:2110/3300 train_loss:3.37425 train_time:11641.443s step_avg:5517.27ms
step:2111/3300 train_loss:3.43444 train_time:11642.655s step_avg:5515.23ms
step:2112/3300 train_loss:3.39722 train_time:11643.870s step_avg:5513.20ms
step:2113/3300 train_loss:3.41003 train_time:11645.085s step_avg:5511.16ms
step:2114/3300 train_loss:3.44181 train_time:11646.296s step_avg:5509.13ms
step:2115/3300 train_loss:3.45421 train_time:11647.516s step_avg:5507.10ms
step:2116/3300 train_loss:3.49418 train_time:11648.738s step_avg:5505.07ms
step:2117/3300 train_loss:3.42615 train_time:11649.961s step_avg:5503.05ms
step:2118/3300 train_loss:3.49988 train_time:11651.181s step_avg:5501.03ms
step:2119/3300 train_loss:3.40829 train_time:11652.401s step_avg:5499.01ms
step:2120/3300 train_loss:3.41449 train_time:11653.621s step_avg:5496.99ms
step:2121/3300 train_loss:3.37422 train_time:11654.843s step_avg:5494.98ms
step:2122/3300 train_loss:3.42267 train_time:11656.062s step_avg:5492.96ms
step:2123/3300 train_loss:3.41625 train_time:11657.281s step_avg:5490.95ms
step:2124/3300 train_loss:3.47763 train_time:11658.502s step_avg:5488.94ms
step:2125/3300 train_loss:3.37754 train_time:11659.718s step_avg:5486.93ms
step:2125/3300 val_loss:3.42556 train_time:11659.719s step_avg:1217.88ms
step:2126/3300 train_loss:3.47979 train_time:11660.943s step_avg:5484.92ms
step:2127/3300 train_loss:3.46238 train_time:11662.164s step_avg:5482.92ms
step:2128/3300 train_loss:3.39764 train_time:11663.384s step_avg:5480.91ms
step:2129/3300 train_loss:3.44066 train_time:11664.619s step_avg:5478.92ms
step:2130/3300 train_loss:3.43344 train_time:11665.842s step_avg:5476.92ms
step:2131/3300 train_loss:3.47981 train_time:11667.063s step_avg:5474.92ms
step:2132/3300 train_loss:3.43672 train_time:11668.285s step_avg:5472.93ms
step:2133/3300 train_loss:3.38769 train_time:11669.509s step_avg:5470.94ms
step:2134/3300 train_loss:3.46510 train_time:11670.731s step_avg:5468.95ms
step:2135/3300 train_loss:3.42928 train_time:11671.950s step_avg:5466.96ms
step:2136/3300 train_loss:3.40089 train_time:11673.172s step_avg:5464.97ms
step:2137/3300 train_loss:3.44451 train_time:11674.389s step_avg:5462.98ms
step:2138/3300 train_loss:3.39943 train_time:11675.609s step_avg:5461.00ms
step:2139/3300 train_loss:3.44819 train_time:11676.831s step_avg:5459.01ms
step:2140/3300 train_loss:3.53562 train_time:11678.051s step_avg:5457.03ms
step:2141/3300 train_loss:3.46859 train_time:11679.271s step_avg:5455.05ms
step:2142/3300 train_loss:3.42576 train_time:11680.492s step_avg:5453.08ms
step:2143/3300 train_loss:3.40552 train_time:11681.709s step_avg:5451.10ms
step:2144/3300 train_loss:3.38098 train_time:11682.929s step_avg:5449.13ms
step:2145/3300 train_loss:3.48882 train_time:11684.154s step_avg:5447.16ms
step:2146/3300 train_loss:3.43158 train_time:11685.375s step_avg:5445.19ms
step:2147/3300 train_loss:3.52002 train_time:11686.593s step_avg:5443.22ms
step:2148/3300 train_loss:3.46875 train_time:11687.815s step_avg:5441.25ms
step:2149/3300 train_loss:3.40847 train_time:11689.033s step_avg:5439.29ms
step:2150/3300 train_loss:3.49411 train_time:11690.253s step_avg:5437.33ms
step:2151/3300 train_loss:3.42491 train_time:11691.474s step_avg:5435.37ms
step:2152/3300 train_loss:3.56055 train_time:11692.694s step_avg:5433.41ms
step:2153/3300 train_loss:3.47708 train_time:11693.915s step_avg:5431.45ms
step:2154/3300 train_loss:3.51072 train_time:11695.136s step_avg:5429.50ms
step:2155/3300 train_loss:3.40736 train_time:11696.355s step_avg:5427.54ms
step:2156/3300 train_loss:3.39961 train_time:11697.571s step_avg:5425.59ms
step:2157/3300 train_loss:3.42537 train_time:11698.791s step_avg:5423.64ms
step:2158/3300 train_loss:3.38807 train_time:11700.016s step_avg:5421.69ms
step:2159/3300 train_loss:3.49936 train_time:11701.235s step_avg:5419.75ms
step:2160/3300 train_loss:3.50653 train_time:11702.457s step_avg:5417.80ms
step:2161/3300 train_loss:3.42600 train_time:11703.674s step_avg:5415.86ms
step:2162/3300 train_loss:3.38265 train_time:11704.894s step_avg:5413.92ms
step:2163/3300 train_loss:3.53313 train_time:11706.111s step_avg:5411.98ms
step:2164/3300 train_loss:3.43534 train_time:11707.334s step_avg:5410.04ms
step:2165/3300 train_loss:3.48017 train_time:11708.557s step_avg:5408.11ms
step:2166/3300 train_loss:3.48112 train_time:11709.777s step_avg:5406.18ms
step:2167/3300 train_loss:3.43491 train_time:11710.997s step_avg:5404.24ms
step:2168/3300 train_loss:3.43483 train_time:11712.215s step_avg:5402.31ms
step:2169/3300 train_loss:3.48370 train_time:11713.433s step_avg:5400.38ms
step:2170/3300 train_loss:3.44360 train_time:11714.653s step_avg:5398.46ms
step:2171/3300 train_loss:3.46628 train_time:11715.876s step_avg:5396.53ms
step:2172/3300 train_loss:3.42309 train_time:11717.098s step_avg:5394.61ms
step:2173/3300 train_loss:3.47879 train_time:11718.321s step_avg:5392.69ms
step:2174/3300 train_loss:3.45806 train_time:11719.537s step_avg:5390.77ms
step:2175/3300 train_loss:3.41904 train_time:11720.756s step_avg:5388.85ms
step:2176/3300 train_loss:3.42060 train_time:11721.975s step_avg:5386.94ms
step:2177/3300 train_loss:3.48086 train_time:11723.196s step_avg:5385.02ms
step:2178/3300 train_loss:3.35877 train_time:11724.420s step_avg:5383.11ms
step:2179/3300 train_loss:3.42368 train_time:11725.638s step_avg:5381.20ms
step:2180/3300 train_loss:3.45173 train_time:11726.855s step_avg:5379.29ms
step:2181/3300 train_loss:3.44939 train_time:11728.076s step_avg:5377.38ms
step:2182/3300 train_loss:3.41015 train_time:11729.298s step_avg:5375.48ms
step:2183/3300 train_loss:3.38718 train_time:11730.519s step_avg:5373.58ms
step:2184/3300 train_loss:3.44375 train_time:11731.737s step_avg:5371.67ms
step:2185/3300 train_loss:3.48812 train_time:11732.956s step_avg:5369.77ms
step:2186/3300 train_loss:3.34911 train_time:11734.178s step_avg:5367.88ms
step:2187/3300 train_loss:3.41427 train_time:11735.397s step_avg:5365.98ms
step:2188/3300 train_loss:3.35698 train_time:11736.617s step_avg:5364.08ms
step:2189/3300 train_loss:3.39627 train_time:11737.838s step_avg:5362.19ms
step:2190/3300 train_loss:3.43543 train_time:11739.060s step_avg:5360.30ms
step:2191/3300 train_loss:3.37829 train_time:11740.279s step_avg:5358.41ms
step:2192/3300 train_loss:3.47605 train_time:11741.501s step_avg:5356.52ms
step:2193/3300 train_loss:3.43621 train_time:11742.720s step_avg:5354.64ms
step:2194/3300 train_loss:3.45677 train_time:11743.937s step_avg:5352.75ms
step:2195/3300 train_loss:3.38799 train_time:11745.156s step_avg:5350.87ms
step:2196/3300 train_loss:3.39317 train_time:11746.378s step_avg:5348.99ms
step:2197/3300 train_loss:3.43852 train_time:11747.600s step_avg:5347.11ms
step:2198/3300 train_loss:3.41923 train_time:11748.820s step_avg:5345.23ms
step:2199/3300 train_loss:3.40353 train_time:11750.038s step_avg:5343.36ms
step:2200/3300 train_loss:3.44650 train_time:11751.261s step_avg:5341.48ms
step:2201/3300 train_loss:3.38428 train_time:11752.478s step_avg:5339.61ms
step:2202/3300 train_loss:3.64046 train_time:11753.700s step_avg:5337.74ms
step:2203/3300 train_loss:3.49479 train_time:11754.919s step_avg:5335.87ms
step:2204/3300 train_loss:3.39395 train_time:11756.141s step_avg:5334.00ms
step:2205/3300 train_loss:3.44936 train_time:11757.361s step_avg:5332.14ms
step:2206/3300 train_loss:3.45357 train_time:11758.581s step_avg:5330.27ms
step:2207/3300 train_loss:3.50643 train_time:11759.799s step_avg:5328.41ms
step:2208/3300 train_loss:3.45047 train_time:11761.021s step_avg:5326.55ms
step:2209/3300 train_loss:3.39021 train_time:11762.240s step_avg:5324.69ms
step:2210/3300 train_loss:3.40952 train_time:11763.463s step_avg:5322.83ms
step:2211/3300 train_loss:3.39378 train_time:11764.682s step_avg:5320.98ms
step:2212/3300 train_loss:3.46143 train_time:11765.900s step_avg:5319.12ms
step:2213/3300 train_loss:3.36476 train_time:11767.122s step_avg:5317.27ms
step:2214/3300 train_loss:3.41765 train_time:11768.341s step_avg:5315.42ms
step:2215/3300 train_loss:3.46006 train_time:11769.563s step_avg:5313.57ms
step:2216/3300 train_loss:3.47079 train_time:11770.782s step_avg:5311.72ms
step:2217/3300 train_loss:3.42741 train_time:11772.000s step_avg:5309.88ms
step:2218/3300 train_loss:3.38641 train_time:11773.223s step_avg:5308.04ms
step:2219/3300 train_loss:3.44654 train_time:11774.439s step_avg:5306.19ms
step:2220/3300 train_loss:3.42999 train_time:11775.661s step_avg:5304.35ms
step:2221/3300 train_loss:3.47672 train_time:11776.887s step_avg:5302.52ms
step:2222/3300 train_loss:3.42636 train_time:11778.103s step_avg:5300.68ms
step:2223/3300 train_loss:3.43945 train_time:11779.322s step_avg:5298.84ms
step:2224/3300 train_loss:3.51257 train_time:11780.543s step_avg:5297.01ms
step:2225/3300 train_loss:3.38823 train_time:11781.763s step_avg:5295.17ms
step:2226/3300 train_loss:3.44526 train_time:11782.977s step_avg:5293.34ms
step:2227/3300 train_loss:3.45616 train_time:11784.199s step_avg:5291.51ms
step:2228/3300 train_loss:3.40493 train_time:11785.425s step_avg:5289.69ms
step:2229/3300 train_loss:3.45593 train_time:11786.646s step_avg:5287.86ms
step:2230/3300 train_loss:3.44418 train_time:11787.865s step_avg:5286.04ms
step:2231/3300 train_loss:3.43453 train_time:11789.085s step_avg:5284.22ms
step:2232/3300 train_loss:3.38699 train_time:11790.304s step_avg:5282.39ms
step:2233/3300 train_loss:3.41257 train_time:11791.523s step_avg:5280.57ms
step:2234/3300 train_loss:3.42521 train_time:11792.742s step_avg:5278.76ms
step:2235/3300 train_loss:3.37568 train_time:11793.963s step_avg:5276.94ms
step:2236/3300 train_loss:3.54512 train_time:11795.184s step_avg:5275.13ms
step:2237/3300 train_loss:3.41047 train_time:11796.404s step_avg:5273.31ms
step:2238/3300 train_loss:3.45288 train_time:11797.623s step_avg:5271.50ms
step:2239/3300 train_loss:3.36868 train_time:11798.844s step_avg:5269.69ms
step:2240/3300 train_loss:3.36393 train_time:11800.059s step_avg:5267.88ms
step:2241/3300 train_loss:3.42978 train_time:11801.282s step_avg:5266.08ms
step:2242/3300 train_loss:3.42912 train_time:11802.505s step_avg:5264.28ms
step:2243/3300 train_loss:3.41922 train_time:11803.726s step_avg:5262.47ms
step:2244/3300 train_loss:3.39981 train_time:11804.948s step_avg:5260.67ms
step:2245/3300 train_loss:3.37813 train_time:11806.164s step_avg:5258.87ms
step:2246/3300 train_loss:3.42108 train_time:11807.384s step_avg:5257.07ms
step:2247/3300 train_loss:3.38422 train_time:11808.603s step_avg:5255.27ms
step:2248/3300 train_loss:3.43135 train_time:11809.826s step_avg:5253.48ms
step:2249/3300 train_loss:3.43137 train_time:11811.045s step_avg:5251.69ms
local_quadratic_diag step:2250 cross_hvp_source:1/72 blocks.0.attn.k.weight
local_quadratic_diag step:2250 cross_hvp_source:13/72 blocks.2.attn.k.weight
local_quadratic_diag step:2250 cross_hvp_source:25/72 blocks.4.attn.k.weight
local_quadratic_diag step:2250 cross_hvp_source:37/72 blocks.6.attn.k.weight
local_quadratic_diag step:2250 cross_hvp_source:49/72 blocks.8.attn.k.weight
local_quadratic_diag step:2250 cross_hvp_source:61/72 blocks.10.attn.k.weight
step:2250/3300 train_loss:3.39017 train_time:12935.450s step_avg:5749.09ms
step:2250/3300 val_loss:3.40721 train_time:12935.450s step_avg:10205.85ms
step:2251/3300 train_loss:3.37223 train_time:12936.677s step_avg:5747.08ms
step:2252/3300 train_loss:3.48617 train_time:12937.913s step_avg:5745.08ms
step:2253/3300 train_loss:3.35311 train_time:12939.123s step_avg:5743.06ms
step:2254/3300 train_loss:3.40413 train_time:12940.343s step_avg:5741.06ms
step:2255/3300 train_loss:3.51330 train_time:12941.562s step_avg:5739.05ms
step:2256/3300 train_loss:3.42166 train_time:12942.786s step_avg:5737.05ms
step:2257/3300 train_loss:3.56323 train_time:12944.014s step_avg:5735.05ms
step:2258/3300 train_loss:3.44878 train_time:12945.243s step_avg:5733.06ms
step:2259/3300 train_loss:3.37645 train_time:12946.464s step_avg:5731.06ms
step:2260/3300 train_loss:3.41448 train_time:12947.678s step_avg:5729.06ms
step:2261/3300 train_loss:3.44640 train_time:12948.896s step_avg:5727.07ms
step:2262/3300 train_loss:3.39482 train_time:12950.112s step_avg:5725.07ms
step:2263/3300 train_loss:3.39794 train_time:12951.330s step_avg:5723.08ms
step:2264/3300 train_loss:3.41011 train_time:12952.549s step_avg:5721.09ms
step:2265/3300 train_loss:3.43211 train_time:12953.766s step_avg:5719.10ms
step:2266/3300 train_loss:3.39648 train_time:12954.982s step_avg:5717.11ms
step:2267/3300 train_loss:3.39861 train_time:12956.202s step_avg:5715.13ms
step:2268/3300 train_loss:3.36530 train_time:12957.429s step_avg:5713.15ms
step:2269/3300 train_loss:3.37904 train_time:12958.647s step_avg:5711.17ms
step:2270/3300 train_loss:3.44805 train_time:12959.866s step_avg:5709.19ms
step:2271/3300 train_loss:3.42646 train_time:12961.084s step_avg:5707.21ms
step:2272/3300 train_loss:3.40500 train_time:12962.304s step_avg:5705.24ms
step:2273/3300 train_loss:3.35019 train_time:12963.522s step_avg:5703.27ms
step:2274/3300 train_loss:3.42408 train_time:12964.741s step_avg:5701.29ms
step:2275/3300 train_loss:3.41408 train_time:12965.965s step_avg:5699.33ms
step:2276/3300 train_loss:3.36102 train_time:12967.186s step_avg:5697.36ms
step:2277/3300 train_loss:3.35656 train_time:12968.406s step_avg:5695.39ms
step:2278/3300 train_loss:3.43293 train_time:12969.625s step_avg:5693.43ms
step:2279/3300 train_loss:3.44278 train_time:12970.846s step_avg:5691.46ms
step:2280/3300 train_loss:3.37200 train_time:12972.064s step_avg:5689.50ms
step:2281/3300 train_loss:3.43317 train_time:12973.312s step_avg:5687.55ms
step:2282/3300 train_loss:3.40665 train_time:12974.526s step_avg:5685.59ms
step:2283/3300 train_loss:3.39289 train_time:12975.746s step_avg:5683.64ms
step:2284/3300 train_loss:3.46843 train_time:12976.965s step_avg:5681.68ms
step:2285/3300 train_loss:3.39482 train_time:12978.184s step_avg:5679.73ms
step:2286/3300 train_loss:3.42784 train_time:12979.408s step_avg:5677.78ms
step:2287/3300 train_loss:3.43481 train_time:12980.630s step_avg:5675.83ms
step:2288/3300 train_loss:3.47636 train_time:12981.848s step_avg:5673.88ms
step:2289/3300 train_loss:3.39892 train_time:12983.066s step_avg:5671.94ms
step:2290/3300 train_loss:3.37668 train_time:12984.284s step_avg:5669.99ms
step:2291/3300 train_loss:3.44320 train_time:12985.506s step_avg:5668.05ms
step:2292/3300 train_loss:3.41404 train_time:12986.726s step_avg:5666.11ms
step:2293/3300 train_loss:3.35638 train_time:12987.947s step_avg:5664.17ms
step:2294/3300 train_loss:3.44490 train_time:12989.170s step_avg:5662.24ms
step:2295/3300 train_loss:3.42061 train_time:12990.387s step_avg:5660.30ms
step:2296/3300 train_loss:3.41522 train_time:12991.609s step_avg:5658.37ms
step:2297/3300 train_loss:3.39962 train_time:12992.827s step_avg:5656.43ms
step:2298/3300 train_loss:3.44537 train_time:12994.047s step_avg:5654.50ms
step:2299/3300 train_loss:3.43451 train_time:12995.269s step_avg:5652.57ms
step:2300/3300 train_loss:3.42071 train_time:12996.490s step_avg:5650.65ms
step:2301/3300 train_loss:3.44460 train_time:12997.712s step_avg:5648.72ms
step:2302/3300 train_loss:3.36260 train_time:12998.932s step_avg:5646.80ms
step:2303/3300 train_loss:3.39907 train_time:13000.147s step_avg:5644.88ms
step:2304/3300 train_loss:3.34969 train_time:13001.369s step_avg:5642.96ms
step:2305/3300 train_loss:3.42863 train_time:13002.590s step_avg:5641.04ms
step:2306/3300 train_loss:3.34057 train_time:13003.811s step_avg:5639.12ms
step:2307/3300 train_loss:3.42587 train_time:13005.037s step_avg:5637.21ms
step:2308/3300 train_loss:3.45013 train_time:13006.250s step_avg:5635.29ms
step:2309/3300 train_loss:3.45685 train_time:13007.468s step_avg:5633.38ms
step:2310/3300 train_loss:3.33335 train_time:13008.688s step_avg:5631.47ms
step:2311/3300 train_loss:3.39733 train_time:13009.912s step_avg:5629.56ms
step:2312/3300 train_loss:3.44271 train_time:13011.132s step_avg:5627.65ms
step:2313/3300 train_loss:3.39474 train_time:13012.351s step_avg:5625.75ms
step:2314/3300 train_loss:3.40174 train_time:13013.573s step_avg:5623.84ms
step:2315/3300 train_loss:3.40355 train_time:13014.792s step_avg:5621.94ms
step:2316/3300 train_loss:3.38884 train_time:13016.011s step_avg:5620.04ms
step:2317/3300 train_loss:3.39336 train_time:13017.230s step_avg:5618.14ms
step:2318/3300 train_loss:3.35547 train_time:13018.453s step_avg:5616.24ms
step:2319/3300 train_loss:3.47765 train_time:13019.674s step_avg:5614.35ms
step:2320/3300 train_loss:3.44518 train_time:13020.893s step_avg:5612.45ms
step:2321/3300 train_loss:3.43251 train_time:13022.113s step_avg:5610.56ms
step:2322/3300 train_loss:3.42539 train_time:13023.332s step_avg:5608.67ms
step:2323/3300 train_loss:3.37250 train_time:13024.551s step_avg:5606.78ms
step:2324/3300 train_loss:3.38316 train_time:13025.771s step_avg:5604.89ms
step:2325/3300 train_loss:3.33606 train_time:13026.993s step_avg:5603.01ms
step:2326/3300 train_loss:3.41236 train_time:13028.211s step_avg:5601.12ms
step:2327/3300 train_loss:3.37647 train_time:13029.432s step_avg:5599.24ms
step:2328/3300 train_loss:3.40289 train_time:13030.652s step_avg:5597.36ms
step:2329/3300 train_loss:3.56155 train_time:13031.872s step_avg:5595.48ms
step:2330/3300 train_loss:3.36093 train_time:13033.095s step_avg:5593.60ms
step:2331/3300 train_loss:3.43412 train_time:13034.315s step_avg:5591.73ms
step:2332/3300 train_loss:3.41335 train_time:13035.536s step_avg:5589.85ms
step:2333/3300 train_loss:3.46563 train_time:13036.753s step_avg:5587.98ms
step:2334/3300 train_loss:3.39807 train_time:13037.973s step_avg:5586.11ms
step:2335/3300 train_loss:3.37885 train_time:13039.195s step_avg:5584.24ms
step:2336/3300 train_loss:3.45714 train_time:13040.416s step_avg:5582.37ms
step:2337/3300 train_loss:3.38601 train_time:13041.635s step_avg:5580.50ms
step:2338/3300 train_loss:3.41542 train_time:13042.855s step_avg:5578.64ms
step:2339/3300 train_loss:3.41840 train_time:13044.076s step_avg:5576.77ms
step:2340/3300 train_loss:3.37237 train_time:13045.295s step_avg:5574.91ms
step:2341/3300 train_loss:3.41000 train_time:13046.513s step_avg:5573.05ms
step:2342/3300 train_loss:3.41758 train_time:13047.737s step_avg:5571.19ms
step:2343/3300 train_loss:3.40645 train_time:13048.957s step_avg:5569.34ms
step:2344/3300 train_loss:3.39971 train_time:13050.177s step_avg:5567.48ms
step:2345/3300 train_loss:3.40860 train_time:13051.396s step_avg:5565.63ms
step:2346/3300 train_loss:3.37456 train_time:13052.616s step_avg:5563.78ms
step:2347/3300 train_loss:3.47746 train_time:13053.834s step_avg:5561.92ms
step:2348/3300 train_loss:3.45281 train_time:13055.052s step_avg:5560.07ms
step:2349/3300 train_loss:3.41044 train_time:13056.275s step_avg:5558.23ms
step:2350/3300 train_loss:3.37800 train_time:13057.498s step_avg:5556.38ms
step:2351/3300 train_loss:3.37065 train_time:13058.717s step_avg:5554.54ms
step:2352/3300 train_loss:3.38183 train_time:13059.941s step_avg:5552.70ms
step:2353/3300 train_loss:3.48234 train_time:13061.156s step_avg:5550.85ms
step:2354/3300 train_loss:3.41700 train_time:13062.374s step_avg:5549.01ms
step:2355/3300 train_loss:3.33152 train_time:13063.599s step_avg:5547.18ms
step:2356/3300 train_loss:3.50439 train_time:13064.817s step_avg:5545.34ms
step:2357/3300 train_loss:3.39539 train_time:13066.038s step_avg:5543.50ms
step:2358/3300 train_loss:3.39674 train_time:13067.257s step_avg:5541.67ms
step:2359/3300 train_loss:3.37524 train_time:13068.478s step_avg:5539.84ms
step:2360/3300 train_loss:3.42185 train_time:13069.698s step_avg:5538.01ms
step:2361/3300 train_loss:3.41444 train_time:13070.917s step_avg:5536.18ms
step:2362/3300 train_loss:3.41517 train_time:13072.138s step_avg:5534.35ms
step:2363/3300 train_loss:3.41126 train_time:13073.361s step_avg:5532.53ms
step:2364/3300 train_loss:3.43808 train_time:13074.580s step_avg:5530.70ms
step:2365/3300 train_loss:3.37539 train_time:13075.804s step_avg:5528.88ms
step:2366/3300 train_loss:3.38397 train_time:13077.018s step_avg:5527.06ms
step:2367/3300 train_loss:3.49801 train_time:13078.238s step_avg:5525.24ms
step:2368/3300 train_loss:3.43899 train_time:13079.461s step_avg:5523.42ms
step:2369/3300 train_loss:3.41248 train_time:13080.680s step_avg:5521.60ms
step:2370/3300 train_loss:3.35512 train_time:13081.901s step_avg:5519.79ms
step:2371/3300 train_loss:3.43587 train_time:13083.120s step_avg:5517.98ms
step:2372/3300 train_loss:3.38181 train_time:13084.336s step_avg:5516.16ms
step:2373/3300 train_loss:3.47195 train_time:13085.555s step_avg:5514.35ms
step:2374/3300 train_loss:3.54731 train_time:13086.778s step_avg:5512.54ms
step:2375/3300 train_loss:3.35720 train_time:13087.999s step_avg:5510.74ms
step:2375/3300 val_loss:3.39032 train_time:13087.999s step_avg:1220.40ms
step:2376/3300 train_loss:3.39558 train_time:13089.246s step_avg:5508.94ms
step:2377/3300 train_loss:3.40484 train_time:13090.464s step_avg:5507.14ms
step:2378/3300 train_loss:3.38756 train_time:13091.690s step_avg:5505.34ms
step:2379/3300 train_loss:3.41835 train_time:13092.911s step_avg:5503.54ms
step:2380/3300 train_loss:3.36147 train_time:13094.132s step_avg:5501.74ms
step:2381/3300 train_loss:3.41642 train_time:13095.355s step_avg:5499.94ms
step:2382/3300 train_loss:3.42813 train_time:13096.572s step_avg:5498.14ms
step:2383/3300 train_loss:3.40826 train_time:13097.794s step_avg:5496.35ms
step:2384/3300 train_loss:3.38136 train_time:13099.014s step_avg:5494.55ms
step:2385/3300 train_loss:3.44842 train_time:13100.233s step_avg:5492.76ms
step:2386/3300 train_loss:3.38918 train_time:13101.454s step_avg:5490.97ms
step:2387/3300 train_loss:3.41714 train_time:13102.677s step_avg:5489.18ms
step:2388/3300 train_loss:3.38699 train_time:13103.897s step_avg:5487.39ms
step:2389/3300 train_loss:3.42856 train_time:13105.119s step_avg:5485.61ms
step:2390/3300 train_loss:3.38284 train_time:13106.337s step_avg:5483.82ms
step:2391/3300 train_loss:3.43512 train_time:13107.557s step_avg:5482.04ms
step:2392/3300 train_loss:3.36558 train_time:13108.775s step_avg:5480.26ms
step:2393/3300 train_loss:3.40199 train_time:13109.995s step_avg:5478.48ms
step:2394/3300 train_loss:3.44067 train_time:13111.217s step_avg:5476.70ms
step:2395/3300 train_loss:3.35402 train_time:13112.438s step_avg:5474.92ms
step:2396/3300 train_loss:3.41660 train_time:13113.656s step_avg:5473.15ms
step:2397/3300 train_loss:3.40088 train_time:13114.872s step_avg:5471.37ms
step:2398/3300 train_loss:3.38811 train_time:13116.089s step_avg:5469.59ms
step:2399/3300 train_loss:3.39080 train_time:13117.312s step_avg:5467.82ms
step:2400/3300 train_loss:3.35770 train_time:13118.536s step_avg:5466.06ms
step:2401/3300 train_loss:3.39078 train_time:13119.757s step_avg:5464.29ms
step:2402/3300 train_loss:3.41437 train_time:13120.978s step_avg:5462.52ms
step:2403/3300 train_loss:3.37013 train_time:13122.197s step_avg:5460.76ms
step:2404/3300 train_loss:3.49384 train_time:13123.415s step_avg:5458.99ms
step:2405/3300 train_loss:3.37412 train_time:13124.637s step_avg:5457.23ms
step:2406/3300 train_loss:3.52255 train_time:13125.857s step_avg:5455.47ms
step:2407/3300 train_loss:3.34897 train_time:13127.080s step_avg:5453.71ms
step:2408/3300 train_loss:3.38328 train_time:13128.300s step_avg:5451.95ms
step:2409/3300 train_loss:3.38880 train_time:13129.520s step_avg:5450.20ms
step:2410/3300 train_loss:3.43334 train_time:13130.739s step_avg:5448.44ms
step:2411/3300 train_loss:3.41887 train_time:13131.955s step_avg:5446.68ms
step:2412/3300 train_loss:3.37377 train_time:13133.177s step_avg:5444.93ms
step:2413/3300 train_loss:3.37525 train_time:13134.401s step_avg:5443.18ms
step:2414/3300 train_loss:3.46477 train_time:13135.622s step_avg:5441.43ms
step:2415/3300 train_loss:3.42982 train_time:13136.840s step_avg:5439.69ms
step:2416/3300 train_loss:3.37817 train_time:13138.059s step_avg:5437.94ms
step:2417/3300 train_loss:3.38959 train_time:13139.279s step_avg:5436.19ms
step:2418/3300 train_loss:3.41183 train_time:13140.498s step_avg:5434.45ms
step:2419/3300 train_loss:3.37148 train_time:13141.719s step_avg:5432.71ms
step:2420/3300 train_loss:3.38681 train_time:13142.939s step_avg:5430.97ms
step:2421/3300 train_loss:3.49119 train_time:13144.161s step_avg:5429.23ms
step:2422/3300 train_loss:3.47032 train_time:13145.383s step_avg:5427.49ms
step:2423/3300 train_loss:3.46240 train_time:13146.600s step_avg:5425.75ms
step:2424/3300 train_loss:3.42349 train_time:13147.820s step_avg:5424.02ms
step:2425/3300 train_loss:3.36679 train_time:13149.042s step_avg:5422.29ms
step:2426/3300 train_loss:3.31726 train_time:13150.262s step_avg:5420.55ms
step:2427/3300 train_loss:3.45382 train_time:13151.482s step_avg:5418.82ms
step:2428/3300 train_loss:3.38710 train_time:13152.703s step_avg:5417.09ms
step:2429/3300 train_loss:3.35665 train_time:13153.921s step_avg:5415.36ms
step:2430/3300 train_loss:3.41796 train_time:13155.140s step_avg:5413.64ms
step:2431/3300 train_loss:3.48257 train_time:13156.358s step_avg:5411.91ms
step:2432/3300 train_loss:3.42048 train_time:13157.581s step_avg:5410.19ms
step:2433/3300 train_loss:3.40017 train_time:13158.802s step_avg:5408.47ms
step:2434/3300 train_loss:3.38857 train_time:13160.022s step_avg:5406.75ms
step:2435/3300 train_loss:3.38437 train_time:13161.243s step_avg:5405.03ms
step:2436/3300 train_loss:3.39753 train_time:13162.465s step_avg:5403.31ms
step:2437/3300 train_loss:3.38506 train_time:13163.682s step_avg:5401.59ms
step:2438/3300 train_loss:3.39869 train_time:13164.901s step_avg:5399.88ms
step:2439/3300 train_loss:3.35878 train_time:13166.122s step_avg:5398.16ms
step:2440/3300 train_loss:3.39145 train_time:13167.344s step_avg:5396.45ms
step:2441/3300 train_loss:3.36381 train_time:13168.566s step_avg:5394.74ms
step:2442/3300 train_loss:3.43276 train_time:13169.780s step_avg:5393.03ms
step:2443/3300 train_loss:3.39908 train_time:13171.001s step_avg:5391.32ms
step:2444/3300 train_loss:3.32941 train_time:13172.225s step_avg:5389.62ms
step:2445/3300 train_loss:3.44807 train_time:13173.444s step_avg:5387.91ms
step:2446/3300 train_loss:3.38041 train_time:13174.665s step_avg:5386.21ms
step:2447/3300 train_loss:3.37711 train_time:13175.884s step_avg:5384.50ms
step:2448/3300 train_loss:3.45543 train_time:13177.106s step_avg:5382.80ms
step:2449/3300 train_loss:3.39765 train_time:13178.324s step_avg:5381.10ms
step:2450/3300 train_loss:3.42234 train_time:13179.542s step_avg:5379.40ms
step:2451/3300 train_loss:3.41443 train_time:13180.766s step_avg:5377.71ms
step:2452/3300 train_loss:3.43109 train_time:13181.987s step_avg:5376.01ms
step:2453/3300 train_loss:3.37621 train_time:13183.205s step_avg:5374.32ms
step:2454/3300 train_loss:3.44566 train_time:13184.424s step_avg:5372.63ms
step:2455/3300 train_loss:3.46436 train_time:13185.642s step_avg:5370.93ms
step:2456/3300 train_loss:3.33310 train_time:13186.860s step_avg:5369.24ms
step:2457/3300 train_loss:3.37973 train_time:13188.087s step_avg:5367.56ms
step:2458/3300 train_loss:3.51712 train_time:13189.308s step_avg:5365.87ms
step:2459/3300 train_loss:3.59568 train_time:13190.528s step_avg:5364.18ms
step:2460/3300 train_loss:3.41239 train_time:13191.747s step_avg:5362.50ms
step:2461/3300 train_loss:3.38070 train_time:13192.965s step_avg:5360.81ms
step:2462/3300 train_loss:3.44022 train_time:13194.184s step_avg:5359.13ms
step:2463/3300 train_loss:3.45362 train_time:13195.407s step_avg:5357.45ms
step:2464/3300 train_loss:3.47597 train_time:13196.628s step_avg:5355.77ms
step:2465/3300 train_loss:3.37859 train_time:13197.847s step_avg:5354.10ms
step:2466/3300 train_loss:3.41773 train_time:13199.070s step_avg:5352.42ms
step:2467/3300 train_loss:3.35392 train_time:13200.288s step_avg:5350.75ms
step:2468/3300 train_loss:3.41740 train_time:13201.505s step_avg:5349.07ms
step:2469/3300 train_loss:3.48963 train_time:13202.723s step_avg:5347.40ms
step:2470/3300 train_loss:3.39227 train_time:13203.944s step_avg:5345.73ms
step:2471/3300 train_loss:3.38934 train_time:13205.197s step_avg:5344.07ms
step:2472/3300 train_loss:3.38424 train_time:13206.412s step_avg:5342.40ms
step:2473/3300 train_loss:3.56885 train_time:13207.626s step_avg:5340.73ms
step:2474/3300 train_loss:3.42677 train_time:13208.844s step_avg:5339.06ms
step:2475/3300 train_loss:3.39114 train_time:13210.069s step_avg:5337.40ms
step:2476/3300 train_loss:3.37415 train_time:13211.288s step_avg:5335.74ms
step:2477/3300 train_loss:3.38667 train_time:13212.512s step_avg:5334.08ms
step:2478/3300 train_loss:3.39478 train_time:13213.728s step_avg:5332.42ms
step:2479/3300 train_loss:3.41831 train_time:13214.948s step_avg:5330.76ms
step:2480/3300 train_loss:3.34223 train_time:13216.171s step_avg:5329.10ms
step:2481/3300 train_loss:3.45281 train_time:13217.389s step_avg:5327.44ms
step:2482/3300 train_loss:3.36485 train_time:13218.611s step_avg:5325.79ms
step:2483/3300 train_loss:3.38670 train_time:13219.834s step_avg:5324.14ms
step:2484/3300 train_loss:3.44989 train_time:13221.053s step_avg:5322.48ms
step:2485/3300 train_loss:3.44715 train_time:13222.269s step_avg:5320.83ms
step:2486/3300 train_loss:3.40061 train_time:13223.488s step_avg:5319.18ms
step:2487/3300 train_loss:3.42287 train_time:13224.710s step_avg:5317.54ms
step:2488/3300 train_loss:3.37845 train_time:13225.930s step_avg:5315.89ms
step:2489/3300 train_loss:3.40600 train_time:13227.149s step_avg:5314.24ms
step:2490/3300 train_loss:3.41068 train_time:13228.371s step_avg:5312.60ms
step:2491/3300 train_loss:3.43148 train_time:13229.597s step_avg:5310.96ms
step:2492/3300 train_loss:3.36953 train_time:13230.815s step_avg:5309.32ms
step:2493/3300 train_loss:3.41579 train_time:13232.029s step_avg:5307.67ms
step:2494/3300 train_loss:3.41177 train_time:13233.249s step_avg:5306.03ms
step:2495/3300 train_loss:3.34511 train_time:13234.469s step_avg:5304.40ms
step:2496/3300 train_loss:3.37534 train_time:13235.691s step_avg:5302.76ms
step:2497/3300 train_loss:3.37725 train_time:13236.908s step_avg:5301.12ms
step:2498/3300 train_loss:3.34824 train_time:13238.128s step_avg:5299.49ms
step:2499/3300 train_loss:3.39303 train_time:13239.347s step_avg:5297.86ms
local_quadratic_diag step:2500 cross_hvp_source:1/72 blocks.0.attn.k.weight
local_quadratic_diag step:2500 cross_hvp_source:13/72 blocks.2.attn.k.weight
local_quadratic_diag step:2500 cross_hvp_source:25/72 blocks.4.attn.k.weight
local_quadratic_diag step:2500 cross_hvp_source:37/72 blocks.6.attn.k.weight
local_quadratic_diag step:2500 cross_hvp_source:49/72 blocks.8.attn.k.weight
local_quadratic_diag step:2500 cross_hvp_source:61/72 blocks.10.attn.k.weight
step:2500/3300 train_loss:3.33306 train_time:14367.371s step_avg:5746.95ms
step:2500/3300 val_loss:3.37364 train_time:14367.371s step_avg:10234.98ms
step:2501/3300 train_loss:3.36277 train_time:14368.597s step_avg:5745.14ms
step:2502/3300 train_loss:3.36501 train_time:14369.818s step_avg:5743.33ms
step:2503/3300 train_loss:3.37775 train_time:14371.041s step_avg:5741.53ms
step:2504/3300 train_loss:3.43976 train_time:14372.265s step_avg:5739.72ms
step:2505/3300 train_loss:3.39894 train_time:14373.505s step_avg:5737.93ms
step:2506/3300 train_loss:3.37683 train_time:14374.723s step_avg:5736.12ms
step:2507/3300 train_loss:3.43682 train_time:14375.939s step_avg:5734.32ms
step:2508/3300 train_loss:3.38010 train_time:14377.154s step_avg:5732.52ms
step:2509/3300 train_loss:3.46924 train_time:14378.366s step_avg:5730.72ms
step:2510/3300 train_loss:3.40624 train_time:14379.586s step_avg:5728.92ms
step:2511/3300 train_loss:3.40273 train_time:14380.803s step_avg:5727.12ms
step:2512/3300 train_loss:3.40652 train_time:14382.022s step_avg:5725.33ms
step:2513/3300 train_loss:3.37648 train_time:14383.238s step_avg:5723.53ms
step:2514/3300 train_loss:3.40870 train_time:14384.460s step_avg:5721.74ms
step:2515/3300 train_loss:3.33261 train_time:14385.683s step_avg:5719.95ms
step:2516/3300 train_loss:3.39730 train_time:14386.903s step_avg:5718.16ms
step:2517/3300 train_loss:3.37212 train_time:14388.124s step_avg:5716.38ms
step:2518/3300 train_loss:3.43206 train_time:14389.345s step_avg:5714.59ms
step:2519/3300 train_loss:3.42734 train_time:14390.564s step_avg:5712.81ms
step:2520/3300 train_loss:3.41848 train_time:14391.781s step_avg:5711.02ms
step:2521/3300 train_loss:3.42640 train_time:14393.004s step_avg:5709.24ms
step:2522/3300 train_loss:3.38854 train_time:14394.224s step_avg:5707.46ms
step:2523/3300 train_loss:3.34490 train_time:14395.442s step_avg:5705.68ms
step:2524/3300 train_loss:3.42469 train_time:14396.664s step_avg:5703.91ms
step:2525/3300 train_loss:3.35322 train_time:14397.883s step_avg:5702.13ms
step:2526/3300 train_loss:3.42269 train_time:14399.101s step_avg:5700.36ms
step:2527/3300 train_loss:3.38454 train_time:14400.324s step_avg:5698.58ms
step:2528/3300 train_loss:3.30189 train_time:14401.548s step_avg:5696.82ms
step:2529/3300 train_loss:3.41870 train_time:14402.766s step_avg:5695.04ms
step:2530/3300 train_loss:3.40946 train_time:14403.987s step_avg:5693.28ms
step:2531/3300 train_loss:3.40810 train_time:14405.202s step_avg:5691.51ms
step:2532/3300 train_loss:3.35788 train_time:14406.420s step_avg:5689.74ms
step:2533/3300 train_loss:3.39086 train_time:14407.642s step_avg:5687.98ms
step:2534/3300 train_loss:3.38692 train_time:14408.862s step_avg:5686.21ms
step:2535/3300 train_loss:3.38563 train_time:14410.085s step_avg:5684.45ms
step:2536/3300 train_loss:3.38558 train_time:14411.308s step_avg:5682.69ms
step:2537/3300 train_loss:3.32867 train_time:14412.527s step_avg:5680.93ms
step:2538/3300 train_loss:3.34429 train_time:14413.747s step_avg:5679.18ms
step:2539/3300 train_loss:3.37799 train_time:14414.969s step_avg:5677.42ms
step:2540/3300 train_loss:3.39044 train_time:14416.186s step_avg:5675.66ms
step:2541/3300 train_loss:3.36901 train_time:14417.406s step_avg:5673.91ms
step:2542/3300 train_loss:3.56380 train_time:14418.628s step_avg:5672.16ms
step:2543/3300 train_loss:3.59573 train_time:14419.850s step_avg:5670.41ms
step:2544/3300 train_loss:3.35815 train_time:14421.068s step_avg:5668.66ms
step:2545/3300 train_loss:3.36980 train_time:14422.289s step_avg:5666.91ms
step:2546/3300 train_loss:3.51681 train_time:14423.510s step_avg:5665.16ms
step:2547/3300 train_loss:3.38035 train_time:14424.727s step_avg:5663.42ms
step:2548/3300 train_loss:3.32955 train_time:14425.947s step_avg:5661.67ms
step:2549/3300 train_loss:3.42223 train_time:14427.168s step_avg:5659.93ms
step:2550/3300 train_loss:3.40602 train_time:14428.385s step_avg:5658.19ms
step:2551/3300 train_loss:3.37050 train_time:14429.605s step_avg:5656.45ms
step:2552/3300 train_loss:3.36124 train_time:14430.828s step_avg:5654.71ms
step:2553/3300 train_loss:3.42742 train_time:14432.049s step_avg:5652.98ms
step:2554/3300 train_loss:3.41365 train_time:14433.266s step_avg:5651.24ms
step:2555/3300 train_loss:3.34256 train_time:14434.487s step_avg:5649.51ms
step:2556/3300 train_loss:3.40343 train_time:14435.706s step_avg:5647.77ms
step:2557/3300 train_loss:3.38755 train_time:14436.926s step_avg:5646.04ms
step:2558/3300 train_loss:3.36133 train_time:14438.144s step_avg:5644.31ms
step:2559/3300 train_loss:3.35671 train_time:14439.369s step_avg:5642.58ms
step:2560/3300 train_loss:3.39122 train_time:14440.592s step_avg:5640.86ms
step:2561/3300 train_loss:3.41352 train_time:14441.810s step_avg:5639.13ms
step:2562/3300 train_loss:3.35598 train_time:14443.029s step_avg:5637.40ms
step:2563/3300 train_loss:3.45195 train_time:14444.247s step_avg:5635.68ms
step:2564/3300 train_loss:3.39497 train_time:14445.466s step_avg:5633.96ms
step:2565/3300 train_loss:3.33451 train_time:14446.691s step_avg:5632.24ms
step:2566/3300 train_loss:3.40418 train_time:14447.910s step_avg:5630.52ms
step:2567/3300 train_loss:3.41763 train_time:14449.129s step_avg:5628.80ms
step:2568/3300 train_loss:3.38711 train_time:14450.353s step_avg:5627.08ms
step:2569/3300 train_loss:3.35065 train_time:14451.572s step_avg:5625.37ms
step:2570/3300 train_loss:3.40555 train_time:14452.788s step_avg:5623.65ms
step:2571/3300 train_loss:3.35060 train_time:14454.006s step_avg:5621.94ms
step:2572/3300 train_loss:3.36403 train_time:14455.227s step_avg:5620.23ms
step:2573/3300 train_loss:3.32653 train_time:14456.448s step_avg:5618.52ms
step:2574/3300 train_loss:3.37138 train_time:14457.670s step_avg:5616.81ms
step:2575/3300 train_loss:3.36423 train_time:14458.892s step_avg:5615.10ms
step:2576/3300 train_loss:3.39679 train_time:14460.109s step_avg:5613.40ms
step:2577/3300 train_loss:3.36684 train_time:14461.328s step_avg:5611.69ms
step:2578/3300 train_loss:3.37228 train_time:14462.550s step_avg:5609.99ms
step:2579/3300 train_loss:3.31169 train_time:14463.774s step_avg:5608.29ms
step:2580/3300 train_loss:3.35150 train_time:14464.993s step_avg:5606.59ms
step:2581/3300 train_loss:3.43672 train_time:14466.213s step_avg:5604.89ms
step:2582/3300 train_loss:3.33423 train_time:14467.432s step_avg:5603.19ms
step:2583/3300 train_loss:3.42150 train_time:14468.649s step_avg:5601.49ms
step:2584/3300 train_loss:3.43806 train_time:14469.873s step_avg:5599.80ms
step:2585/3300 train_loss:3.41773 train_time:14471.094s step_avg:5598.10ms
step:2586/3300 train_loss:3.39890 train_time:14472.316s step_avg:5596.41ms
step:2587/3300 train_loss:3.37689 train_time:14473.534s step_avg:5594.72ms
step:2588/3300 train_loss:3.40376 train_time:14474.753s step_avg:5593.03ms
step:2589/3300 train_loss:3.31238 train_time:14475.971s step_avg:5591.34ms
step:2590/3300 train_loss:3.43729 train_time:14477.192s step_avg:5589.65ms
step:2591/3300 train_loss:3.42650 train_time:14478.414s step_avg:5587.96ms
step:2592/3300 train_loss:3.45197 train_time:14479.636s step_avg:5586.28ms
step:2593/3300 train_loss:3.38460 train_time:14480.856s step_avg:5584.60ms
step:2594/3300 train_loss:3.37466 train_time:14482.075s step_avg:5582.91ms
step:2595/3300 train_loss:3.42235 train_time:14483.294s step_avg:5581.23ms
step:2596/3300 train_loss:3.33176 train_time:14484.515s step_avg:5579.55ms
step:2597/3300 train_loss:3.46700 train_time:14485.736s step_avg:5577.87ms
step:2598/3300 train_loss:3.37994 train_time:14486.959s step_avg:5576.20ms
step:2599/3300 train_loss:3.33034 train_time:14488.181s step_avg:5574.52ms
step:2600/3300 train_loss:3.39180 train_time:14489.397s step_avg:5572.85ms
step:2601/3300 train_loss:3.33028 train_time:14490.613s step_avg:5571.17ms
step:2602/3300 train_loss:3.38346 train_time:14491.835s step_avg:5569.50ms
step:2603/3300 train_loss:3.40622 train_time:14493.056s step_avg:5567.83ms
step:2604/3300 train_loss:3.38899 train_time:14494.281s step_avg:5566.16ms
step:2605/3300 train_loss:3.35427 train_time:14495.496s step_avg:5564.49ms
step:2606/3300 train_loss:3.35300 train_time:14496.715s step_avg:5562.82ms
step:2607/3300 train_loss:3.33432 train_time:14497.936s step_avg:5561.16ms
step:2608/3300 train_loss:3.40535 train_time:14499.153s step_avg:5559.49ms
step:2609/3300 train_loss:3.38895 train_time:14500.373s step_avg:5557.83ms
step:2610/3300 train_loss:3.36742 train_time:14501.596s step_avg:5556.17ms
step:2611/3300 train_loss:3.33453 train_time:14502.818s step_avg:5554.51ms
step:2612/3300 train_loss:3.36127 train_time:14504.037s step_avg:5552.85ms
step:2613/3300 train_loss:3.37379 train_time:14505.258s step_avg:5551.19ms
step:2614/3300 train_loss:3.42868 train_time:14506.475s step_avg:5549.53ms
step:2615/3300 train_loss:3.32135 train_time:14507.696s step_avg:5547.88ms
step:2616/3300 train_loss:3.32125 train_time:14508.917s step_avg:5546.22ms
step:2617/3300 train_loss:3.40927 train_time:14510.139s step_avg:5544.57ms
step:2618/3300 train_loss:3.36809 train_time:14511.358s step_avg:5542.92ms
step:2619/3300 train_loss:3.37354 train_time:14512.575s step_avg:5541.27ms
step:2620/3300 train_loss:3.41917 train_time:14513.797s step_avg:5539.62ms
step:2621/3300 train_loss:3.37406 train_time:14515.014s step_avg:5537.97ms
step:2622/3300 train_loss:3.38287 train_time:14516.235s step_avg:5536.32ms
step:2623/3300 train_loss:3.38613 train_time:14517.459s step_avg:5534.68ms
step:2624/3300 train_loss:3.37457 train_time:14518.680s step_avg:5533.03ms
step:2625/3300 train_loss:3.34590 train_time:14519.900s step_avg:5531.39ms
step:2625/3300 val_loss:3.35624 train_time:14519.900s step_avg:1220.23ms
step:2626/3300 train_loss:3.39526 train_time:14521.129s step_avg:5529.75ms
step:2627/3300 train_loss:3.37511 train_time:14522.349s step_avg:5528.11ms
step:2628/3300 train_loss:3.41497 train_time:14523.574s step_avg:5526.47ms
step:2629/3300 train_loss:3.38902 train_time:14524.792s step_avg:5524.84ms
step:2630/3300 train_loss:3.36126 train_time:14526.028s step_avg:5523.20ms
step:2631/3300 train_loss:3.42719 train_time:14527.255s step_avg:5521.57ms
step:2632/3300 train_loss:3.33178 train_time:14528.469s step_avg:5519.93ms
step:2633/3300 train_loss:3.39972 train_time:14529.687s step_avg:5518.30ms
step:2634/3300 train_loss:3.31028 train_time:14530.911s step_avg:5516.67ms
step:2635/3300 train_loss:3.33364 train_time:14532.131s step_avg:5515.04ms
step:2636/3300 train_loss:3.36590 train_time:14533.351s step_avg:5513.41ms
step:2637/3300 train_loss:3.35551 train_time:14534.572s step_avg:5511.78ms
step:2638/3300 train_loss:3.39183 train_time:14535.791s step_avg:5510.16ms
step:2639/3300 train_loss:3.37625 train_time:14537.012s step_avg:5508.53ms
step:2640/3300 train_loss:3.42070 train_time:14538.230s step_avg:5506.91ms
step:2641/3300 train_loss:3.36042 train_time:14539.452s step_avg:5505.28ms
step:2642/3300 train_loss:3.32598 train_time:14540.674s step_avg:5503.66ms
step:2643/3300 train_loss:3.36304 train_time:14541.892s step_avg:5502.04ms
step:2644/3300 train_loss:3.36290 train_time:14543.113s step_avg:5500.42ms
step:2645/3300 train_loss:3.41066 train_time:14544.330s step_avg:5498.80ms
step:2646/3300 train_loss:3.35235 train_time:14545.547s step_avg:5497.18ms
step:2647/3300 train_loss:3.36264 train_time:14546.766s step_avg:5495.57ms
step:2648/3300 train_loss:3.38894 train_time:14547.989s step_avg:5493.95ms
step:2649/3300 train_loss:3.40674 train_time:14549.211s step_avg:5492.34ms
step:2650/3300 train_loss:3.40292 train_time:14550.435s step_avg:5490.73ms
step:2651/3300 train_loss:3.39721 train_time:14551.652s step_avg:5489.12ms
step:2652/3300 train_loss:3.38110 train_time:14552.873s step_avg:5487.51ms
step:2653/3300 train_loss:3.40841 train_time:14554.093s step_avg:5485.90ms
step:2654/3300 train_loss:3.40397 train_time:14555.313s step_avg:5484.29ms
step:2655/3300 train_loss:3.36846 train_time:14556.535s step_avg:5482.69ms
step:2656/3300 train_loss:3.37818 train_time:14557.755s step_avg:5481.08ms
step:2657/3300 train_loss:3.33291 train_time:14558.975s step_avg:5479.48ms
step:2658/3300 train_loss:3.35612 train_time:14560.192s step_avg:5477.88ms
step:2659/3300 train_loss:3.38251 train_time:14561.411s step_avg:5476.27ms
step:2660/3300 train_loss:3.35876 train_time:14562.632s step_avg:5474.67ms
step:2661/3300 train_loss:3.37969 train_time:14563.885s step_avg:5473.09ms
step:2662/3300 train_loss:3.37212 train_time:14565.102s step_avg:5471.49ms
step:2663/3300 train_loss:3.35952 train_time:14566.318s step_avg:5469.89ms
step:2664/3300 train_loss:3.33238 train_time:14567.531s step_avg:5468.29ms
step:2665/3300 train_loss:3.38907 train_time:14568.753s step_avg:5466.70ms
step:2666/3300 train_loss:3.40065 train_time:14569.975s step_avg:5465.11ms
step:2667/3300 train_loss:3.39863 train_time:14571.198s step_avg:5463.52ms
step:2668/3300 train_loss:3.35155 train_time:14572.413s step_avg:5461.92ms
step:2669/3300 train_loss:3.38402 train_time:14573.632s step_avg:5460.33ms
step:2670/3300 train_loss:3.34596 train_time:14574.851s step_avg:5458.75ms
step:2671/3300 train_loss:3.33077 train_time:14576.072s step_avg:5457.16ms
step:2672/3300 train_loss:3.30080 train_time:14577.292s step_avg:5455.57ms
step:2673/3300 train_loss:3.35285 train_time:14578.514s step_avg:5453.99ms
step:2674/3300 train_loss:3.36874 train_time:14579.735s step_avg:5452.41ms
step:2675/3300 train_loss:3.41431 train_time:14580.955s step_avg:5450.82ms
step:2676/3300 train_loss:3.33319 train_time:14582.176s step_avg:5449.24ms
step:2677/3300 train_loss:3.28037 train_time:14583.396s step_avg:5447.66ms
step:2678/3300 train_loss:3.41663 train_time:14584.617s step_avg:5446.09ms
step:2679/3300 train_loss:3.41654 train_time:14585.834s step_avg:5444.51ms
step:2680/3300 train_loss:3.31146 train_time:14587.060s step_avg:5442.93ms
step:2681/3300 train_loss:3.35489 train_time:14588.281s step_avg:5441.36ms
step:2682/3300 train_loss:3.41126 train_time:14589.493s step_avg:5439.78ms
step:2683/3300 train_loss:3.40308 train_time:14590.714s step_avg:5438.21ms
step:2684/3300 train_loss:3.44965 train_time:14591.937s step_avg:5436.64ms
step:2685/3300 train_loss:3.38728 train_time:14593.159s step_avg:5435.07ms
step:2686/3300 train_loss:3.33945 train_time:14594.379s step_avg:5433.50ms
step:2687/3300 train_loss:3.39118 train_time:14595.597s step_avg:5431.93ms
step:2688/3300 train_loss:3.35196 train_time:14596.818s step_avg:5430.36ms
step:2689/3300 train_loss:3.40202 train_time:14598.033s step_avg:5428.80ms
step:2690/3300 train_loss:3.37901 train_time:14599.257s step_avg:5427.23ms
step:2691/3300 train_loss:3.36254 train_time:14600.476s step_avg:5425.67ms
step:2692/3300 train_loss:3.41318 train_time:14601.697s step_avg:5424.11ms
step:2693/3300 train_loss:3.40841 train_time:14602.920s step_avg:5422.55ms
step:2694/3300 train_loss:3.33686 train_time:14604.138s step_avg:5420.99ms
step:2695/3300 train_loss:3.31692 train_time:14605.357s step_avg:5419.43ms
step:2696/3300 train_loss:3.46863 train_time:14606.578s step_avg:5417.87ms
step:2697/3300 train_loss:3.35099 train_time:14607.799s step_avg:5416.31ms
step:2698/3300 train_loss:3.28005 train_time:14609.020s step_avg:5414.76ms
step:2699/3300 train_loss:3.36471 train_time:14610.237s step_avg:5413.20ms
step:2700/3300 train_loss:3.37227 train_time:14611.460s step_avg:5411.65ms
step:2701/3300 train_loss:3.35642 train_time:14612.678s step_avg:5410.10ms
step:2702/3300 train_loss:3.35338 train_time:14613.896s step_avg:5408.55ms
step:2703/3300 train_loss:3.41220 train_time:14615.117s step_avg:5407.00ms
step:2704/3300 train_loss:3.35789 train_time:14616.340s step_avg:5405.45ms
step:2705/3300 train_loss:3.35739 train_time:14617.559s step_avg:5403.90ms
step:2706/3300 train_loss:3.37772 train_time:14618.780s step_avg:5402.36ms
step:2707/3300 train_loss:3.39121 train_time:14619.999s step_avg:5400.81ms
step:2708/3300 train_loss:3.34669 train_time:14621.220s step_avg:5399.27ms
step:2709/3300 train_loss:3.39536 train_time:14622.439s step_avg:5397.73ms
step:2710/3300 train_loss:3.32730 train_time:14623.660s step_avg:5396.18ms
step:2711/3300 train_loss:3.42383 train_time:14624.879s step_avg:5394.64ms
step:2712/3300 train_loss:3.36582 train_time:14626.099s step_avg:5393.10ms
step:2713/3300 train_loss:3.35111 train_time:14627.319s step_avg:5391.57ms
step:2714/3300 train_loss:3.35642 train_time:14628.538s step_avg:5390.03ms
step:2715/3300 train_loss:3.31471 train_time:14629.757s step_avg:5388.49ms
step:2716/3300 train_loss:3.34357 train_time:14630.981s step_avg:5386.96ms
step:2717/3300 train_loss:3.34495 train_time:14632.202s step_avg:5385.43ms
step:2718/3300 train_loss:3.40988 train_time:14633.423s step_avg:5383.89ms
step:2719/3300 train_loss:3.34712 train_time:14634.642s step_avg:5382.36ms
step:2720/3300 train_loss:3.37025 train_time:14635.864s step_avg:5380.83ms
step:2721/3300 train_loss:3.40416 train_time:14637.085s step_avg:5379.30ms
step:2722/3300 train_loss:3.48591 train_time:14638.301s step_avg:5377.77ms
step:2723/3300 train_loss:3.34001 train_time:14639.524s step_avg:5376.25ms
step:2724/3300 train_loss:3.36862 train_time:14640.742s step_avg:5374.72ms
step:2725/3300 train_loss:3.40428 train_time:14641.968s step_avg:5373.20ms
step:2726/3300 train_loss:3.35799 train_time:14643.184s step_avg:5371.67ms
step:2727/3300 train_loss:3.34573 train_time:14644.405s step_avg:5370.15ms
step:2728/3300 train_loss:3.37510 train_time:14645.622s step_avg:5368.63ms
step:2729/3300 train_loss:3.40154 train_time:14646.843s step_avg:5367.11ms
step:2730/3300 train_loss:3.40669 train_time:14648.062s step_avg:5365.59ms
step:2731/3300 train_loss:3.32977 train_time:14649.286s step_avg:5364.07ms
step:2732/3300 train_loss:3.31991 train_time:14650.502s step_avg:5362.56ms
step:2733/3300 train_loss:3.28923 train_time:14651.723s step_avg:5361.04ms
step:2734/3300 train_loss:3.34561 train_time:14652.940s step_avg:5359.52ms
step:2735/3300 train_loss:3.36171 train_time:14654.160s step_avg:5358.01ms
step:2736/3300 train_loss:3.35314 train_time:14655.385s step_avg:5356.50ms
step:2737/3300 train_loss:3.36492 train_time:14656.607s step_avg:5354.99ms
step:2738/3300 train_loss:3.33380 train_time:14657.824s step_avg:5353.48ms
step:2739/3300 train_loss:3.29866 train_time:14659.045s step_avg:5351.97ms
step:2740/3300 train_loss:3.36704 train_time:14660.264s step_avg:5350.46ms
step:2741/3300 train_loss:3.36297 train_time:14661.481s step_avg:5348.95ms
step:2742/3300 train_loss:3.39328 train_time:14662.703s step_avg:5347.45ms
step:2743/3300 train_loss:3.38877 train_time:14663.926s step_avg:5345.94ms
step:2744/3300 train_loss:3.41150 train_time:14665.145s step_avg:5344.44ms
step:2745/3300 train_loss:3.31559 train_time:14666.367s step_avg:5342.94ms
step:2746/3300 train_loss:3.36188 train_time:14667.584s step_avg:5341.44ms
step:2747/3300 train_loss:3.34232 train_time:14668.801s step_avg:5339.93ms
step:2748/3300 train_loss:3.37526 train_time:14670.024s step_avg:5338.44ms
step:2749/3300 train_loss:3.36445 train_time:14671.247s step_avg:5336.94ms
local_quadratic_diag step:2750 cross_hvp_source:1/72 blocks.0.attn.k.weight
local_quadratic_diag step:2750 cross_hvp_source:13/72 blocks.2.attn.k.weight
local_quadratic_diag step:2750 cross_hvp_source:25/72 blocks.4.attn.k.weight
local_quadratic_diag step:2750 cross_hvp_source:37/72 blocks.6.attn.k.weight
local_quadratic_diag step:2750 cross_hvp_source:49/72 blocks.8.attn.k.weight
local_quadratic_diag step:2750 cross_hvp_source:61/72 blocks.10.attn.k.weight
step:2750/3300 train_loss:3.38132 train_time:15801.941s step_avg:5746.16ms
step:2750/3300 val_loss:3.33914 train_time:15801.941s step_avg:10256.33ms
step:2751/3300 train_loss:3.33287 train_time:15803.164s step_avg:5744.52ms
step:2752/3300 train_loss:3.31111 train_time:15804.377s step_avg:5742.87ms
step:2753/3300 train_loss:3.32883 train_time:15805.597s step_avg:5741.23ms
step:2754/3300 train_loss:3.32550 train_time:15806.840s step_avg:5739.59ms
step:2755/3300 train_loss:3.29679 train_time:15808.059s step_avg:5737.95ms
step:2756/3300 train_loss:3.33312 train_time:15809.277s step_avg:5736.31ms
step:2757/3300 train_loss:3.42076 train_time:15810.495s step_avg:5734.67ms
step:2758/3300 train_loss:3.31760 train_time:15811.719s step_avg:5733.04ms
step:2759/3300 train_loss:3.33915 train_time:15812.938s step_avg:5731.40ms
step:2760/3300 train_loss:3.36878 train_time:15814.157s step_avg:5729.77ms
step:2761/3300 train_loss:3.36868 train_time:15815.379s step_avg:5728.13ms
step:2762/3300 train_loss:3.31469 train_time:15816.596s step_avg:5726.50ms
step:2763/3300 train_loss:3.36115 train_time:15817.814s step_avg:5724.87ms
step:2764/3300 train_loss:3.39810 train_time:15819.039s step_avg:5723.24ms
step:2765/3300 train_loss:3.33110 train_time:15820.260s step_avg:5721.61ms
step:2766/3300 train_loss:3.31994 train_time:15821.480s step_avg:5719.99ms
step:2767/3300 train_loss:3.34406 train_time:15822.700s step_avg:5718.36ms
step:2768/3300 train_loss:3.35563 train_time:15823.925s step_avg:5716.74ms
step:2769/3300 train_loss:3.32815 train_time:15825.140s step_avg:5715.11ms
step:2770/3300 train_loss:3.27150 train_time:15826.361s step_avg:5713.49ms
step:2771/3300 train_loss:3.46530 train_time:15827.583s step_avg:5711.87ms
step:2772/3300 train_loss:3.33165 train_time:15828.807s step_avg:5710.25ms
step:2773/3300 train_loss:3.31287 train_time:15830.022s step_avg:5708.63ms
step:2774/3300 train_loss:3.33208 train_time:15831.240s step_avg:5707.01ms
step:2775/3300 train_loss:3.36641 train_time:15832.461s step_avg:5705.39ms
step:2776/3300 train_loss:3.41771 train_time:15833.680s step_avg:5703.78ms
step:2777/3300 train_loss:3.41072 train_time:15834.903s step_avg:5702.16ms
step:2778/3300 train_loss:3.38649 train_time:15836.123s step_avg:5700.55ms
step:2779/3300 train_loss:3.35012 train_time:15837.341s step_avg:5698.94ms
step:2780/3300 train_loss:3.36387 train_time:15838.561s step_avg:5697.32ms
step:2781/3300 train_loss:3.32367 train_time:15839.782s step_avg:5695.71ms
step:2782/3300 train_loss:3.36924 train_time:15841.004s step_avg:5694.11ms
step:2783/3300 train_loss:3.36489 train_time:15842.219s step_avg:5692.50ms
step:2784/3300 train_loss:3.36769 train_time:15843.448s step_avg:5690.89ms
step:2785/3300 train_loss:3.32853 train_time:15844.665s step_avg:5689.29ms
step:2786/3300 train_loss:3.36807 train_time:15845.884s step_avg:5687.68ms
step:2787/3300 train_loss:3.37789 train_time:15847.104s step_avg:5686.08ms
step:2788/3300 train_loss:3.39059 train_time:15848.322s step_avg:5684.48ms
step:2789/3300 train_loss:3.39330 train_time:15849.542s step_avg:5682.88ms
step:2790/3300 train_loss:3.33605 train_time:15850.763s step_avg:5681.28ms
step:2791/3300 train_loss:3.31846 train_time:15851.984s step_avg:5679.68ms
step:2792/3300 train_loss:3.35994 train_time:15853.201s step_avg:5678.08ms
step:2793/3300 train_loss:3.42074 train_time:15854.427s step_avg:5676.49ms
step:2794/3300 train_loss:3.31972 train_time:15855.645s step_avg:5674.89ms
step:2795/3300 train_loss:3.41534 train_time:15856.862s step_avg:5673.30ms
step:2796/3300 train_loss:3.32385 train_time:15858.084s step_avg:5671.70ms
step:2797/3300 train_loss:3.36882 train_time:15859.303s step_avg:5670.11ms
step:2798/3300 train_loss:3.33672 train_time:15860.523s step_avg:5668.52ms
step:2799/3300 train_loss:3.36256 train_time:15861.745s step_avg:5666.93ms
step:2800/3300 train_loss:3.39514 train_time:15862.964s step_avg:5665.34ms
step:2801/3300 train_loss:3.37746 train_time:15864.180s step_avg:5663.76ms
step:2802/3300 train_loss:3.30766 train_time:15865.400s step_avg:5662.17ms
step:2803/3300 train_loss:3.39674 train_time:15866.626s step_avg:5660.59ms
step:2804/3300 train_loss:3.46055 train_time:15867.846s step_avg:5659.00ms
step:2805/3300 train_loss:3.32481 train_time:15869.063s step_avg:5657.42ms
step:2806/3300 train_loss:3.43308 train_time:15870.285s step_avg:5655.84ms
step:2807/3300 train_loss:3.38618 train_time:15871.502s step_avg:5654.26ms
step:2808/3300 train_loss:3.33830 train_time:15872.720s step_avg:5652.68ms
step:2809/3300 train_loss:3.38868 train_time:15873.944s step_avg:5651.10ms
step:2810/3300 train_loss:3.35250 train_time:15875.165s step_avg:5649.52ms
step:2811/3300 train_loss:3.38162 train_time:15876.387s step_avg:5647.95ms
step:2812/3300 train_loss:3.30476 train_time:15877.605s step_avg:5646.37ms
step:2813/3300 train_loss:3.38950 train_time:15878.825s step_avg:5644.80ms
step:2814/3300 train_loss:3.34043 train_time:15880.044s step_avg:5643.23ms
step:2815/3300 train_loss:3.25823 train_time:15881.260s step_avg:5641.66ms
step:2816/3300 train_loss:3.31086 train_time:15882.484s step_avg:5640.09ms
step:2817/3300 train_loss:3.36054 train_time:15883.705s step_avg:5638.52ms
step:2818/3300 train_loss:3.35906 train_time:15884.927s step_avg:5636.95ms
step:2819/3300 train_loss:3.37027 train_time:15886.148s step_avg:5635.38ms
step:2820/3300 train_loss:3.36606 train_time:15887.367s step_avg:5633.82ms
step:2821/3300 train_loss:3.39918 train_time:15888.587s step_avg:5632.25ms
step:2822/3300 train_loss:3.36405 train_time:15889.812s step_avg:5630.69ms
step:2823/3300 train_loss:3.33498 train_time:15891.027s step_avg:5629.13ms
step:2824/3300 train_loss:3.28492 train_time:15892.247s step_avg:5627.57ms
step:2825/3300 train_loss:3.37692 train_time:15893.469s step_avg:5626.01ms
step:2826/3300 train_loss:3.33568 train_time:15894.687s step_avg:5624.45ms
step:2827/3300 train_loss:3.35023 train_time:15895.906s step_avg:5622.89ms
step:2828/3300 train_loss:3.33688 train_time:15897.131s step_avg:5621.33ms
step:2829/3300 train_loss:3.34553 train_time:15898.350s step_avg:5619.78ms
step:2830/3300 train_loss:3.37432 train_time:15899.570s step_avg:5618.22ms
step:2831/3300 train_loss:3.36170 train_time:15900.790s step_avg:5616.67ms
step:2832/3300 train_loss:3.36537 train_time:15902.009s step_avg:5615.12ms
step:2833/3300 train_loss:3.45533 train_time:15903.226s step_avg:5613.56ms
step:2834/3300 train_loss:3.35197 train_time:15904.448s step_avg:5612.01ms
step:2835/3300 train_loss:3.39396 train_time:15905.672s step_avg:5610.47ms
step:2836/3300 train_loss:3.33126 train_time:15906.890s step_avg:5608.92ms
step:2837/3300 train_loss:3.34188 train_time:15908.112s step_avg:5607.37ms
step:2838/3300 train_loss:3.38219 train_time:15909.330s step_avg:5605.82ms
step:2839/3300 train_loss:3.36032 train_time:15910.550s step_avg:5604.28ms
step:2840/3300 train_loss:3.33346 train_time:15911.767s step_avg:5602.73ms
step:2841/3300 train_loss:3.36897 train_time:15912.993s step_avg:5601.19ms
step:2842/3300 train_loss:3.35409 train_time:15914.210s step_avg:5599.65ms
step:2843/3300 train_loss:3.35552 train_time:15915.432s step_avg:5598.11ms
step:2844/3300 train_loss:3.45174 train_time:15916.649s step_avg:5596.57ms
step:2845/3300 train_loss:3.31567 train_time:15917.868s step_avg:5595.03ms
step:2846/3300 train_loss:3.31873 train_time:15919.090s step_avg:5593.50ms
step:2847/3300 train_loss:3.34021 train_time:15920.306s step_avg:5591.96ms
step:2848/3300 train_loss:3.37020 train_time:15921.531s step_avg:5590.43ms
step:2849/3300 train_loss:3.32514 train_time:15922.752s step_avg:5588.89ms
step:2850/3300 train_loss:3.34950 train_time:15923.970s step_avg:5587.36ms
step:2851/3300 train_loss:3.30195 train_time:15925.222s step_avg:5585.84ms
step:2852/3300 train_loss:3.36073 train_time:15926.447s step_avg:5584.31ms
step:2853/3300 train_loss:3.31682 train_time:15927.671s step_avg:5582.78ms
step:2854/3300 train_loss:3.32421 train_time:15928.894s step_avg:5581.25ms
step:2855/3300 train_loss:3.37358 train_time:15930.112s step_avg:5579.72ms
step:2856/3300 train_loss:3.44204 train_time:15931.331s step_avg:5578.20ms
step:2857/3300 train_loss:3.35009 train_time:15932.559s step_avg:5576.67ms
step:2858/3300 train_loss:3.38971 train_time:15933.786s step_avg:5575.15ms
step:2859/3300 train_loss:3.33806 train_time:15935.009s step_avg:5573.63ms
step:2860/3300 train_loss:3.30335 train_time:15936.229s step_avg:5572.11ms
step:2861/3300 train_loss:3.42433 train_time:15937.452s step_avg:5570.59ms
step:2862/3300 train_loss:3.38744 train_time:15938.669s step_avg:5569.07ms
step:2863/3300 train_loss:3.39897 train_time:15939.890s step_avg:5567.55ms
step:2864/3300 train_loss:3.33040 train_time:15941.116s step_avg:5566.03ms
step:2865/3300 train_loss:3.37576 train_time:15942.334s step_avg:5564.51ms
step:2866/3300 train_loss:3.29079 train_time:15943.552s step_avg:5563.00ms
step:2867/3300 train_loss:3.32915 train_time:15944.769s step_avg:5561.48ms
step:2868/3300 train_loss:3.36058 train_time:15945.990s step_avg:5559.97ms
step:2869/3300 train_loss:3.32173 train_time:15947.212s step_avg:5558.46ms
step:2870/3300 train_loss:3.32869 train_time:15948.434s step_avg:5556.95ms
step:2871/3300 train_loss:3.32231 train_time:15949.658s step_avg:5555.44ms
step:2872/3300 train_loss:3.30172 train_time:15950.875s step_avg:5553.93ms
step:2873/3300 train_loss:3.25960 train_time:15952.093s step_avg:5552.42ms
step:2874/3300 train_loss:3.36598 train_time:15953.311s step_avg:5550.91ms
step:2875/3300 train_loss:3.40627 train_time:15954.535s step_avg:5549.40ms
step:2875/3300 val_loss:3.32293 train_time:15954.535s step_avg:1220.76ms
step:2876/3300 train_loss:3.34239 train_time:15955.765s step_avg:5547.90ms
step:2877/3300 train_loss:3.33489 train_time:15956.990s step_avg:5546.40ms
step:2878/3300 train_loss:3.37125 train_time:15958.229s step_avg:5544.90ms
step:2879/3300 train_loss:3.36077 train_time:15959.460s step_avg:5543.40ms
step:2880/3300 train_loss:3.32857 train_time:15960.693s step_avg:5541.91ms
step:2881/3300 train_loss:3.31362 train_time:15961.923s step_avg:5540.41ms
step:2882/3300 train_loss:3.38091 train_time:15963.139s step_avg:5538.91ms
step:2883/3300 train_loss:3.32231 train_time:15964.350s step_avg:5537.41ms
step:2884/3300 train_loss:3.34836 train_time:15965.570s step_avg:5535.91ms
step:2885/3300 train_loss:3.30843 train_time:15966.788s step_avg:5534.42ms
step:2886/3300 train_loss:3.35187 train_time:15968.020s step_avg:5532.92ms
step:2887/3300 train_loss:3.41360 train_time:15969.232s step_avg:5531.43ms
step:2888/3300 train_loss:3.40691 train_time:15970.452s step_avg:5529.93ms
step:2889/3300 train_loss:3.47952 train_time:15971.672s step_avg:5528.44ms
step:2890/3300 train_loss:3.30364 train_time:15972.891s step_avg:5526.95ms
step:2891/3300 train_loss:3.34195 train_time:15974.110s step_avg:5525.46ms
step:2892/3300 train_loss:3.27491 train_time:15975.332s step_avg:5523.97ms
step:2893/3300 train_loss:3.29305 train_time:15976.553s step_avg:5522.49ms
step:2894/3300 train_loss:3.32813 train_time:15977.773s step_avg:5521.00ms
step:2895/3300 train_loss:3.39812 train_time:15978.996s step_avg:5519.51ms
step:2896/3300 train_loss:3.38811 train_time:15980.214s step_avg:5518.03ms
step:2897/3300 train_loss:3.30712 train_time:15981.430s step_avg:5516.54ms
step:2898/3300 train_loss:3.55873 train_time:15982.651s step_avg:5515.06ms
step:2899/3300 train_loss:3.34174 train_time:15983.875s step_avg:5513.58ms
step:2900/3300 train_loss:3.35718 train_time:15985.095s step_avg:5512.10ms
step:2901/3300 train_loss:3.32133 train_time:15986.316s step_avg:5510.62ms
step:2902/3300 train_loss:3.41865 train_time:15987.533s step_avg:5509.14ms
step:2903/3300 train_loss:3.31652 train_time:15988.752s step_avg:5507.67ms
step:2904/3300 train_loss:3.37138 train_time:15989.968s step_avg:5506.19ms
step:2905/3300 train_loss:3.39458 train_time:15991.195s step_avg:5504.71ms
step:2906/3300 train_loss:3.34410 train_time:15992.413s step_avg:5503.24ms
step:2907/3300 train_loss:3.36152 train_time:15993.634s step_avg:5501.77ms
step:2908/3300 train_loss:3.37616 train_time:15994.852s step_avg:5500.29ms
step:2909/3300 train_loss:3.40145 train_time:15996.073s step_avg:5498.82ms
step:2910/3300 train_loss:3.35069 train_time:15997.293s step_avg:5497.35ms
step:2911/3300 train_loss:3.33366 train_time:15998.515s step_avg:5495.88ms
step:2912/3300 train_loss:3.30984 train_time:15999.735s step_avg:5494.41ms
step:2913/3300 train_loss:3.39405 train_time:16000.956s step_avg:5492.95ms
step:2914/3300 train_loss:3.35368 train_time:16002.177s step_avg:5491.48ms
step:2915/3300 train_loss:3.35535 train_time:16003.397s step_avg:5490.02ms
step:2916/3300 train_loss:3.33011 train_time:16004.613s step_avg:5488.55ms
step:2917/3300 train_loss:3.40113 train_time:16005.833s step_avg:5487.09ms
step:2918/3300 train_loss:3.23538 train_time:16007.056s step_avg:5485.63ms
step:2919/3300 train_loss:3.30020 train_time:16008.275s step_avg:5484.16ms
step:2920/3300 train_loss:3.27257 train_time:16009.495s step_avg:5482.70ms
step:2921/3300 train_loss:3.35525 train_time:16010.715s step_avg:5481.24ms
step:2922/3300 train_loss:3.48935 train_time:16011.932s step_avg:5479.79ms
step:2923/3300 train_loss:3.34628 train_time:16013.153s step_avg:5478.33ms
step:2924/3300 train_loss:3.30400 train_time:16014.377s step_avg:5476.87ms
step:2925/3300 train_loss:3.35203 train_time:16015.596s step_avg:5475.42ms
step:2926/3300 train_loss:3.35955 train_time:16016.819s step_avg:5473.96ms
step:2927/3300 train_loss:3.28668 train_time:16018.038s step_avg:5472.51ms
step:2928/3300 train_loss:3.38716 train_time:16019.255s step_avg:5471.06ms
step:2929/3300 train_loss:3.29541 train_time:16020.472s step_avg:5469.60ms
step:2930/3300 train_loss:3.40898 train_time:16021.693s step_avg:5468.15ms
step:2931/3300 train_loss:3.35956 train_time:16022.917s step_avg:5466.71ms
step:2932/3300 train_loss:3.35612 train_time:16024.136s step_avg:5465.26ms
step:2933/3300 train_loss:3.57751 train_time:16025.356s step_avg:5463.81ms
step:2934/3300 train_loss:3.33132 train_time:16026.578s step_avg:5462.36ms
step:2935/3300 train_loss:3.45636 train_time:16027.798s step_avg:5460.92ms
step:2936/3300 train_loss:3.38263 train_time:16029.020s step_avg:5459.48ms
step:2937/3300 train_loss:3.33107 train_time:16030.237s step_avg:5458.03ms
step:2938/3300 train_loss:3.36762 train_time:16031.458s step_avg:5456.59ms
step:2939/3300 train_loss:3.37642 train_time:16032.676s step_avg:5455.15ms
step:2940/3300 train_loss:3.30389 train_time:16033.900s step_avg:5453.71ms
step:2941/3300 train_loss:3.31127 train_time:16035.118s step_avg:5452.27ms
step:2942/3300 train_loss:3.27213 train_time:16036.337s step_avg:5450.83ms
step:2943/3300 train_loss:3.31464 train_time:16037.557s step_avg:5449.39ms
step:2944/3300 train_loss:3.26361 train_time:16038.776s step_avg:5447.95ms
step:2945/3300 train_loss:3.35340 train_time:16039.998s step_avg:5446.52ms
step:2946/3300 train_loss:3.33861 train_time:16041.217s step_avg:5445.08ms
step:2947/3300 train_loss:3.31565 train_time:16042.438s step_avg:5443.65ms
step:2948/3300 train_loss:3.36555 train_time:16043.671s step_avg:5442.22ms
step:2949/3300 train_loss:3.29884 train_time:16044.893s step_avg:5440.79ms
step:2950/3300 train_loss:3.31817 train_time:16046.119s step_avg:5439.36ms
step:2951/3300 train_loss:3.37078 train_time:16047.338s step_avg:5437.93ms
step:2952/3300 train_loss:3.28651 train_time:16048.562s step_avg:5436.50ms
step:2953/3300 train_loss:3.37005 train_time:16049.779s step_avg:5435.08ms
step:2954/3300 train_loss:3.35512 train_time:16051.002s step_avg:5433.65ms
step:2955/3300 train_loss:3.32883 train_time:16052.222s step_avg:5432.22ms
step:2956/3300 train_loss:3.32841 train_time:16053.442s step_avg:5430.80ms
step:2957/3300 train_loss:3.33876 train_time:16054.659s step_avg:5429.37ms
step:2958/3300 train_loss:3.35207 train_time:16055.882s step_avg:5427.95ms
step:2959/3300 train_loss:3.27029 train_time:16057.099s step_avg:5426.53ms
step:2960/3300 train_loss:3.31985 train_time:16058.320s step_avg:5425.11ms
step:2961/3300 train_loss:3.38755 train_time:16059.540s step_avg:5423.69ms
step:2962/3300 train_loss:3.29102 train_time:16060.762s step_avg:5422.27ms
step:2963/3300 train_loss:3.25904 train_time:16061.985s step_avg:5420.85ms
step:2964/3300 train_loss:3.28747 train_time:16063.202s step_avg:5419.43ms
step:2965/3300 train_loss:3.34287 train_time:16064.421s step_avg:5418.02ms
step:2966/3300 train_loss:3.28122 train_time:16065.638s step_avg:5416.60ms
step:2967/3300 train_loss:3.33792 train_time:16066.858s step_avg:5415.19ms
step:2968/3300 train_loss:3.32115 train_time:16068.086s step_avg:5413.78ms
step:2969/3300 train_loss:3.49442 train_time:16069.302s step_avg:5412.36ms
step:2970/3300 train_loss:3.32344 train_time:16070.524s step_avg:5410.95ms
step:2971/3300 train_loss:3.37803 train_time:16071.742s step_avg:5409.54ms
step:2972/3300 train_loss:3.29912 train_time:16072.958s step_avg:5408.13ms
step:2973/3300 train_loss:3.35513 train_time:16074.185s step_avg:5406.72ms
step:2974/3300 train_loss:3.25250 train_time:16075.404s step_avg:5405.31ms
step:2975/3300 train_loss:3.31550 train_time:16076.623s step_avg:5403.91ms
step:2976/3300 train_loss:3.32774 train_time:16077.843s step_avg:5402.50ms
step:2977/3300 train_loss:3.29913 train_time:16079.063s step_avg:5401.10ms
step:2978/3300 train_loss:3.39187 train_time:16080.279s step_avg:5399.69ms
step:2979/3300 train_loss:3.31767 train_time:16081.500s step_avg:5398.29ms
step:2980/3300 train_loss:3.36157 train_time:16082.723s step_avg:5396.89ms
step:2981/3300 train_loss:3.31646 train_time:16083.943s step_avg:5395.49ms
step:2982/3300 train_loss:3.37398 train_time:16085.165s step_avg:5394.09ms
step:2983/3300 train_loss:3.33433 train_time:16086.383s step_avg:5392.69ms
step:2984/3300 train_loss:3.36363 train_time:16087.604s step_avg:5391.29ms
step:2985/3300 train_loss:3.36713 train_time:16088.828s step_avg:5389.89ms
step:2986/3300 train_loss:3.35844 train_time:16090.047s step_avg:5388.50ms
step:2987/3300 train_loss:3.28222 train_time:16091.273s step_avg:5387.10ms
step:2988/3300 train_loss:3.24269 train_time:16092.490s step_avg:5385.71ms
step:2989/3300 train_loss:3.38815 train_time:16093.706s step_avg:5384.31ms
step:2990/3300 train_loss:3.34883 train_time:16094.924s step_avg:5382.92ms
step:2991/3300 train_loss:3.29751 train_time:16096.145s step_avg:5381.53ms
step:2992/3300 train_loss:3.30825 train_time:16097.362s step_avg:5380.13ms
step:2993/3300 train_loss:3.30591 train_time:16098.584s step_avg:5378.75ms
step:2994/3300 train_loss:3.29069 train_time:16099.808s step_avg:5377.36ms
step:2995/3300 train_loss:3.38132 train_time:16101.027s step_avg:5375.97ms
step:2996/3300 train_loss:3.26813 train_time:16102.245s step_avg:5374.58ms
step:2997/3300 train_loss:3.27968 train_time:16103.464s step_avg:5373.19ms
step:2998/3300 train_loss:3.34881 train_time:16104.684s step_avg:5371.81ms
step:2999/3300 train_loss:3.38396 train_time:16105.901s step_avg:5370.42ms
local_quadratic_diag step:3000 cross_hvp_source:1/72 blocks.0.attn.k.weight
local_quadratic_diag step:3000 cross_hvp_source:13/72 blocks.2.attn.k.weight
local_quadratic_diag step:3000 cross_hvp_source:25/72 blocks.4.attn.k.weight
local_quadratic_diag step:3000 cross_hvp_source:37/72 blocks.6.attn.k.weight
local_quadratic_diag step:3000 cross_hvp_source:49/72 blocks.8.attn.k.weight
local_quadratic_diag step:3000 cross_hvp_source:61/72 blocks.10.attn.k.weight
step:3000/3300 train_loss:3.34811 train_time:17239.216s step_avg:5746.41ms
step:3000/3300 val_loss:3.30666 train_time:17239.216s step_avg:10277.44ms
step:3001/3300 train_loss:3.31252 train_time:17240.456s step_avg:5744.90ms
step:3002/3300 train_loss:3.31945 train_time:17241.674s step_avg:5743.40ms
step:3003/3300 train_loss:3.30183 train_time:17242.891s step_avg:5741.89ms
step:3004/3300 train_loss:3.36018 train_time:17244.102s step_avg:5740.38ms
step:3005/3300 train_loss:3.32645 train_time:17245.324s step_avg:5738.88ms
step:3006/3300 train_loss:3.28947 train_time:17246.541s step_avg:5737.37ms
step:3007/3300 train_loss:3.30770 train_time:17247.762s step_avg:5735.87ms
step:3008/3300 train_loss:3.35764 train_time:17248.988s step_avg:5734.37ms
step:3009/3300 train_loss:3.29588 train_time:17250.204s step_avg:5732.87ms
step:3010/3300 train_loss:3.34251 train_time:17251.423s step_avg:5731.37ms
step:3011/3300 train_loss:3.34043 train_time:17252.642s step_avg:5729.87ms
step:3012/3300 train_loss:3.29935 train_time:17253.865s step_avg:5728.37ms
step:3013/3300 train_loss:3.37680 train_time:17255.085s step_avg:5726.88ms
step:3014/3300 train_loss:3.35583 train_time:17256.306s step_avg:5725.38ms
step:3015/3300 train_loss:3.33468 train_time:17257.526s step_avg:5723.89ms
step:3016/3300 train_loss:3.32203 train_time:17258.745s step_avg:5722.40ms
step:3017/3300 train_loss:3.32697 train_time:17259.968s step_avg:5720.90ms
step:3018/3300 train_loss:3.26564 train_time:17261.188s step_avg:5719.41ms
step:3019/3300 train_loss:3.33264 train_time:17262.404s step_avg:5717.92ms
step:3020/3300 train_loss:3.33595 train_time:17263.624s step_avg:5716.43ms
step:3021/3300 train_loss:3.28761 train_time:17264.845s step_avg:5714.94ms
step:3022/3300 train_loss:3.30599 train_time:17266.066s step_avg:5713.46ms
step:3023/3300 train_loss:3.26486 train_time:17267.289s step_avg:5711.97ms
step:3024/3300 train_loss:3.33274 train_time:17268.509s step_avg:5710.49ms
step:3025/3300 train_loss:3.32012 train_time:17269.729s step_avg:5709.00ms
step:3025/3300 val_loss:3.30279 train_time:17269.729s step_avg:1220.52ms
step:3026/3300 train_loss:3.27789 train_time:17270.960s step_avg:5707.52ms
step:3027/3300 train_loss:3.34145 train_time:17272.182s step_avg:5706.04ms
step:3028/3300 train_loss:3.24202 train_time:17273.420s step_avg:5704.56ms
step:3029/3300 train_loss:3.37662 train_time:17274.642s step_avg:5703.08ms
step:3030/3300 train_loss:3.21019 train_time:17275.891s step_avg:5701.61ms
step:3031/3300 train_loss:3.25694 train_time:17277.117s step_avg:5700.14ms
step:3032/3300 train_loss:3.35234 train_time:17278.340s step_avg:5698.66ms
step:3033/3300 train_loss:3.32337 train_time:17279.561s step_avg:5697.18ms
step:3034/3300 train_loss:3.28337 train_time:17280.780s step_avg:5695.71ms
step:3035/3300 train_loss:3.25331 train_time:17282.003s step_avg:5694.23ms
step:3036/3300 train_loss:3.30501 train_time:17283.222s step_avg:5692.76ms
step:3037/3300 train_loss:3.29372 train_time:17284.444s step_avg:5691.29ms
step:3038/3300 train_loss:3.29309 train_time:17285.661s step_avg:5689.82ms
step:3039/3300 train_loss:3.30535 train_time:17286.879s step_avg:5688.34ms
step:3040/3300 train_loss:3.33270 train_time:17288.101s step_avg:5686.88ms
step:3041/3300 train_loss:3.23814 train_time:17289.353s step_avg:5685.42ms
step:3042/3300 train_loss:3.26360 train_time:17290.575s step_avg:5683.95ms
step:3043/3300 train_loss:3.35251 train_time:17291.797s step_avg:5682.48ms
step:3044/3300 train_loss:3.41420 train_time:17293.032s step_avg:5681.02ms
step:3045/3300 train_loss:3.26455 train_time:17294.252s step_avg:5679.56ms
step:3046/3300 train_loss:3.27475 train_time:17295.502s step_avg:5678.10ms
step:3047/3300 train_loss:3.32269 train_time:17296.720s step_avg:5676.64ms
step:3048/3300 train_loss:3.26778 train_time:17297.940s step_avg:5675.18ms
step:3049/3300 train_loss:3.28619 train_time:17299.161s step_avg:5673.72ms
step:3050/3300 train_loss:3.30583 train_time:17300.381s step_avg:5672.26ms
step:3050/3300 val_loss:3.29977 train_time:17300.381s step_avg:1226.11ms
step:3051/3300 train_loss:3.26164 train_time:17301.608s step_avg:5670.80ms
step:3052/3300 train_loss:3.33143 train_time:17302.826s step_avg:5669.34ms
step:3053/3300 train_loss:3.30685 train_time:17304.046s step_avg:5667.88ms
step:3054/3300 train_loss:3.34680 train_time:17305.267s step_avg:5666.43ms
step:3055/3300 train_loss:3.35953 train_time:17306.480s step_avg:5664.97ms
step:3056/3300 train_loss:3.23884 train_time:17307.717s step_avg:5663.52ms
step:3057/3300 train_loss:3.29900 train_time:17308.938s step_avg:5662.07ms
step:3058/3300 train_loss:3.34574 train_time:17310.162s step_avg:5660.62ms
step:3059/3300 train_loss:3.37175 train_time:17311.383s step_avg:5659.16ms
step:3060/3300 train_loss:3.27973 train_time:17312.601s step_avg:5657.71ms
step:3061/3300 train_loss:3.32116 train_time:17313.819s step_avg:5656.26ms
step:3062/3300 train_loss:3.31383 train_time:17315.044s step_avg:5654.82ms
step:3063/3300 train_loss:3.35153 train_time:17316.265s step_avg:5653.37ms
step:3064/3300 train_loss:3.28401 train_time:17317.483s step_avg:5651.92ms
step:3065/3300 train_loss:3.32569 train_time:17318.703s step_avg:5650.47ms
step:3066/3300 train_loss:3.25825 train_time:17319.921s step_avg:5649.03ms
step:3067/3300 train_loss:3.25366 train_time:17321.140s step_avg:5647.58ms
step:3068/3300 train_loss:3.29910 train_time:17322.362s step_avg:5646.14ms
step:3069/3300 train_loss:3.33463 train_time:17323.585s step_avg:5644.70ms
step:3070/3300 train_loss:3.32796 train_time:17324.808s step_avg:5643.26ms
step:3071/3300 train_loss:3.35463 train_time:17326.029s step_avg:5641.82ms
step:3072/3300 train_loss:3.35124 train_time:17327.244s step_avg:5640.38ms
step:3073/3300 train_loss:3.26594 train_time:17328.464s step_avg:5638.94ms
step:3074/3300 train_loss:3.35745 train_time:17329.683s step_avg:5637.50ms
step:3075/3300 train_loss:3.27940 train_time:17330.905s step_avg:5636.07ms
step:3075/3300 val_loss:3.29693 train_time:17330.905s step_avg:1220.93ms
step:3076/3300 train_loss:3.34732 train_time:17332.151s step_avg:5634.64ms
step:3077/3300 train_loss:3.31644 train_time:17333.374s step_avg:5633.21ms
step:3078/3300 train_loss:3.38699 train_time:17334.617s step_avg:5631.78ms
step:3079/3300 train_loss:3.27097 train_time:17335.852s step_avg:5630.35ms
step:3080/3300 train_loss:3.33239 train_time:17337.077s step_avg:5628.92ms
step:3081/3300 train_loss:3.28333 train_time:17338.308s step_avg:5627.49ms
step:3082/3300 train_loss:3.27832 train_time:17339.530s step_avg:5626.06ms
step:3083/3300 train_loss:3.31920 train_time:17340.752s step_avg:5624.64ms
step:3084/3300 train_loss:3.29424 train_time:17341.974s step_avg:5623.21ms
step:3085/3300 train_loss:3.38613 train_time:17343.198s step_avg:5621.78ms
step:3086/3300 train_loss:3.30975 train_time:17344.418s step_avg:5620.36ms
step:3087/3300 train_loss:3.31181 train_time:17345.635s step_avg:5618.93ms
step:3088/3300 train_loss:3.30446 train_time:17346.861s step_avg:5617.51ms
step:3089/3300 train_loss:3.30506 train_time:17348.080s step_avg:5616.08ms
step:3090/3300 train_loss:3.34595 train_time:17349.297s step_avg:5614.66ms
step:3091/3300 train_loss:3.41859 train_time:17350.520s step_avg:5613.24ms
step:3092/3300 train_loss:3.34240 train_time:17351.739s step_avg:5611.82ms
step:3093/3300 train_loss:3.26226 train_time:17352.969s step_avg:5610.40ms
step:3094/3300 train_loss:3.33926 train_time:17354.191s step_avg:5608.98ms
step:3095/3300 train_loss:3.31951 train_time:17355.413s step_avg:5607.56ms
step:3096/3300 train_loss:3.31550 train_time:17356.639s step_avg:5606.15ms
step:3097/3300 train_loss:3.30090 train_time:17357.864s step_avg:5604.73ms
step:3098/3300 train_loss:3.25767 train_time:17359.082s step_avg:5603.32ms
step:3099/3300 train_loss:3.32736 train_time:17360.302s step_avg:5601.90ms
step:3100/3300 train_loss:3.24532 train_time:17361.522s step_avg:5600.49ms
step:3100/3300 val_loss:3.29411 train_time:17361.523s step_avg:1224.72ms
step:3101/3300 train_loss:3.29230 train_time:17362.753s step_avg:5599.08ms
step:3102/3300 train_loss:3.21834 train_time:17363.976s step_avg:5597.67ms
step:3103/3300 train_loss:3.34705 train_time:17365.206s step_avg:5596.26ms
step:3104/3300 train_loss:3.26427 train_time:17366.441s step_avg:5594.86ms
step:3105/3300 train_loss:3.29947 train_time:17367.658s step_avg:5593.45ms
step:3106/3300 train_loss:3.20302 train_time:17368.875s step_avg:5592.04ms
step:3107/3300 train_loss:3.18824 train_time:17370.098s step_avg:5590.63ms
step:3108/3300 train_loss:3.30205 train_time:17371.318s step_avg:5589.23ms
step:3109/3300 train_loss:3.29391 train_time:17372.538s step_avg:5587.82ms
step:3110/3300 train_loss:3.30849 train_time:17373.754s step_avg:5586.42ms
step:3111/3300 train_loss:3.24418 train_time:17374.976s step_avg:5585.01ms
step:3112/3300 train_loss:3.33903 train_time:17376.198s step_avg:5583.61ms
step:3113/3300 train_loss:3.25057 train_time:17377.419s step_avg:5582.21ms
step:3114/3300 train_loss:3.31809 train_time:17378.637s step_avg:5580.81ms
step:3115/3300 train_loss:3.32530 train_time:17379.855s step_avg:5579.41ms
step:3116/3300 train_loss:3.43467 train_time:17381.075s step_avg:5578.01ms
step:3117/3300 train_loss:3.28854 train_time:17382.299s step_avg:5576.61ms
step:3118/3300 train_loss:3.30993 train_time:17383.519s step_avg:5575.21ms
step:3119/3300 train_loss:3.29925 train_time:17384.740s step_avg:5573.82ms
step:3120/3300 train_loss:3.24945 train_time:17385.961s step_avg:5572.42ms
step:3121/3300 train_loss:3.34840 train_time:17387.181s step_avg:5571.03ms
step:3122/3300 train_loss:3.31950 train_time:17388.398s step_avg:5569.63ms
step:3123/3300 train_loss:3.31164 train_time:17389.619s step_avg:5568.24ms
step:3124/3300 train_loss:3.19141 train_time:17390.842s step_avg:5566.85ms
step:3125/3300 train_loss:3.30745 train_time:17392.061s step_avg:5565.46ms
step:3125/3300 val_loss:3.29154 train_time:17392.061s step_avg:1221.53ms
step:3126/3300 train_loss:3.25690 train_time:17393.284s step_avg:5564.07ms
step:3127/3300 train_loss:3.40756 train_time:17394.500s step_avg:5562.68ms
step:3128/3300 train_loss:3.30345 train_time:17395.718s step_avg:5561.29ms
step:3129/3300 train_loss:3.27978 train_time:17396.937s step_avg:5559.90ms
step:3130/3300 train_loss:3.30245 train_time:17398.167s step_avg:5558.52ms
step:3131/3300 train_loss:3.30615 train_time:17399.390s step_avg:5557.13ms
step:3132/3300 train_loss:3.24043 train_time:17400.649s step_avg:5555.76ms
step:3133/3300 train_loss:3.32142 train_time:17401.871s step_avg:5554.38ms
step:3134/3300 train_loss:3.27951 train_time:17403.092s step_avg:5553.00ms
step:3135/3300 train_loss:3.25784 train_time:17404.315s step_avg:5551.62ms
step:3136/3300 train_loss:3.28195 train_time:17405.539s step_avg:5550.24ms
step:3137/3300 train_loss:3.38001 train_time:17406.759s step_avg:5548.86ms
step:3138/3300 train_loss:3.29361 train_time:17407.979s step_avg:5547.48ms
step:3139/3300 train_loss:3.34139 train_time:17409.196s step_avg:5546.10ms
step:3140/3300 train_loss:3.33727 train_time:17410.417s step_avg:5544.72ms
step:3141/3300 train_loss:3.29020 train_time:17411.638s step_avg:5543.34ms
step:3142/3300 train_loss:3.30318 train_time:17412.860s step_avg:5541.97ms
step:3143/3300 train_loss:3.24487 train_time:17414.081s step_avg:5540.59ms
step:3144/3300 train_loss:3.34282 train_time:17415.300s step_avg:5539.22ms
step:3145/3300 train_loss:3.26913 train_time:17416.515s step_avg:5537.84ms
step:3146/3300 train_loss:3.33035 train_time:17417.736s step_avg:5536.47ms
step:3147/3300 train_loss:3.33037 train_time:17418.959s step_avg:5535.10ms
step:3148/3300 train_loss:3.31107 train_time:17420.181s step_avg:5533.73ms
step:3149/3300 train_loss:3.24506 train_time:17421.402s step_avg:5532.36ms
step:3150/3300 train_loss:3.29528 train_time:17422.621s step_avg:5530.99ms
step:3150/3300 val_loss:3.28854 train_time:17422.621s step_avg:1222.39ms
step:3151/3300 train_loss:3.28528 train_time:17423.869s step_avg:5529.63ms
step:3152/3300 train_loss:3.31622 train_time:17425.101s step_avg:5528.27ms
step:3153/3300 train_loss:3.31208 train_time:17426.320s step_avg:5526.90ms
step:3154/3300 train_loss:3.28044 train_time:17427.539s step_avg:5525.54ms
step:3155/3300 train_loss:3.30260 train_time:17428.758s step_avg:5524.17ms
step:3156/3300 train_loss:3.33219 train_time:17429.975s step_avg:5522.81ms
step:3157/3300 train_loss:3.28960 train_time:17431.193s step_avg:5521.44ms
step:3158/3300 train_loss:3.36467 train_time:17432.411s step_avg:5520.08ms
step:3159/3300 train_loss:3.29353 train_time:17433.647s step_avg:5518.72ms
step:3160/3300 train_loss:3.26100 train_time:17434.880s step_avg:5517.37ms
step:3161/3300 train_loss:3.27055 train_time:17436.112s step_avg:5516.01ms
step:3162/3300 train_loss:3.26661 train_time:17437.345s step_avg:5514.66ms
step:3163/3300 train_loss:3.22709 train_time:17438.565s step_avg:5513.30ms
step:3164/3300 train_loss:3.31389 train_time:17439.782s step_avg:5511.94ms
step:3165/3300 train_loss:3.29247 train_time:17441.001s step_avg:5510.58ms
step:3166/3300 train_loss:3.30321 train_time:17442.216s step_avg:5509.23ms
step:3167/3300 train_loss:3.28010 train_time:17443.433s step_avg:5507.87ms
step:3168/3300 train_loss:3.24658 train_time:17444.652s step_avg:5506.52ms
step:3169/3300 train_loss:3.33822 train_time:17445.876s step_avg:5505.17ms
step:3170/3300 train_loss:3.25124 train_time:17447.095s step_avg:5503.82ms
step:3171/3300 train_loss:3.34106 train_time:17448.312s step_avg:5502.46ms
step:3172/3300 train_loss:3.34205 train_time:17449.536s step_avg:5501.11ms
step:3173/3300 train_loss:3.29037 train_time:17450.753s step_avg:5499.76ms
step:3174/3300 train_loss:3.28597 train_time:17451.972s step_avg:5498.42ms
step:3175/3300 train_loss:3.33877 train_time:17453.195s step_avg:5497.07ms
step:3175/3300 val_loss:3.28624 train_time:17453.195s step_avg:1222.98ms
step:3176/3300 train_loss:3.30104 train_time:17454.425s step_avg:5495.73ms
step:3177/3300 train_loss:3.32333 train_time:17455.653s step_avg:5494.38ms
step:3178/3300 train_loss:3.37726 train_time:17456.884s step_avg:5493.04ms
step:3179/3300 train_loss:3.29079 train_time:17458.113s step_avg:5491.70ms
step:3180/3300 train_loss:3.26531 train_time:17459.333s step_avg:5490.36ms
step:3181/3300 train_loss:3.25929 train_time:17460.552s step_avg:5489.01ms
step:3182/3300 train_loss:3.24420 train_time:17461.775s step_avg:5487.67ms
step:3183/3300 train_loss:3.30066 train_time:17462.993s step_avg:5486.33ms
step:3184/3300 train_loss:3.28313 train_time:17464.215s step_avg:5484.99ms
step:3185/3300 train_loss:3.25081 train_time:17465.434s step_avg:5483.65ms
step:3186/3300 train_loss:3.31769 train_time:17466.654s step_avg:5482.31ms
step:3187/3300 train_loss:3.26839 train_time:17467.878s step_avg:5480.98ms
step:3188/3300 train_loss:3.30357 train_time:17469.095s step_avg:5479.64ms
step:3189/3300 train_loss:3.28744 train_time:17470.317s step_avg:5478.31ms
step:3190/3300 train_loss:3.29830 train_time:17471.536s step_avg:5476.97ms
step:3191/3300 train_loss:3.24985 train_time:17472.754s step_avg:5475.64ms
step:3192/3300 train_loss:3.33385 train_time:17473.979s step_avg:5474.30ms
step:3193/3300 train_loss:3.38198 train_time:17475.196s step_avg:5472.97ms
step:3194/3300 train_loss:3.35160 train_time:17476.418s step_avg:5471.64ms
step:3195/3300 train_loss:3.19792 train_time:17477.634s step_avg:5470.31ms
step:3196/3300 train_loss:3.47226 train_time:17478.857s step_avg:5468.98ms
step:3197/3300 train_loss:3.22343 train_time:17480.077s step_avg:5467.65ms
step:3198/3300 train_loss:3.30299 train_time:17481.295s step_avg:5466.32ms
step:3199/3300 train_loss:3.29032 train_time:17482.522s step_avg:5465.00ms
step:3200/3300 train_loss:3.26867 train_time:17483.737s step_avg:5463.67ms
step:3200/3300 val_loss:3.28392 train_time:17483.738s step_avg:1221.69ms
step:3201/3300 train_loss:3.30558 train_time:17484.966s step_avg:5462.34ms
step:3202/3300 train_loss:3.30313 train_time:17486.188s step_avg:5461.02ms
step:3203/3300 train_loss:3.25142 train_time:17487.420s step_avg:5459.70ms
step:3204/3300 train_loss:3.35737 train_time:17488.637s step_avg:5458.38ms
step:3205/3300 train_loss:3.36791 train_time:17489.859s step_avg:5457.05ms
step:3206/3300 train_loss:3.22501 train_time:17491.077s step_avg:5455.73ms
step:3207/3300 train_loss:3.32386 train_time:17492.293s step_avg:5454.41ms
step:3208/3300 train_loss:3.34093 train_time:17493.511s step_avg:5453.09ms
step:3209/3300 train_loss:3.26540 train_time:17494.734s step_avg:5451.77ms
step:3210/3300 train_loss:3.33931 train_time:17495.953s step_avg:5450.45ms
step:3210/3300 val_loss:3.28303 train_time:17495.953s step_avg:1221.56ms
step:3211/3300 train_loss:3.25099 train_time:17497.182s step_avg:5449.14ms
step:3212/3300 train_loss:3.30050 train_time:17498.403s step_avg:5447.82ms
step:3213/3300 train_loss:3.31943 train_time:17499.627s step_avg:5446.51ms
step:3214/3300 train_loss:3.31321 train_time:17500.861s step_avg:5445.20ms
step:3215/3300 train_loss:3.25093 train_time:17502.100s step_avg:5443.89ms
step:3216/3300 train_loss:3.28429 train_time:17503.332s step_avg:5442.58ms
step:3217/3300 train_loss:3.30609 train_time:17504.550s step_avg:5441.27ms
step:3218/3300 train_loss:3.30421 train_time:17505.773s step_avg:5439.95ms
step:3219/3300 train_loss:3.32953 train_time:17506.995s step_avg:5438.64ms
step:3220/3300 train_loss:3.35053 train_time:17508.214s step_avg:5437.33ms
step:3220/3300 val_loss:3.28223 train_time:17508.214s step_avg:1226.11ms
step:3221/3300 train_loss:3.29384 train_time:17509.441s step_avg:5436.03ms
step:3222/3300 train_loss:3.29982 train_time:17510.657s step_avg:5434.72ms
step:3223/3300 train_loss:3.27309 train_time:17511.878s step_avg:5433.41ms
step:3224/3300 train_loss:3.26147 train_time:17513.099s step_avg:5432.10ms
step:3225/3300 train_loss:3.25946 train_time:17514.318s step_avg:5430.80ms
step:3226/3300 train_loss:3.28016 train_time:17515.538s step_avg:5429.49ms
step:3227/3300 train_loss:3.28834 train_time:17516.755s step_avg:5428.19ms
step:3228/3300 train_loss:3.28895 train_time:17517.975s step_avg:5426.88ms
step:3229/3300 train_loss:3.20828 train_time:17519.196s step_avg:5425.58ms
step:3230/3300 train_loss:3.30526 train_time:17520.422s step_avg:5424.28ms
step:3230/3300 val_loss:3.28153 train_time:17520.422s step_avg:1220.82ms
step:3231/3300 train_loss:3.34893 train_time:17521.675s step_avg:5422.99ms
step:3232/3300 train_loss:3.26673 train_time:17522.894s step_avg:5421.69ms
step:3233/3300 train_loss:3.36827 train_time:17524.115s step_avg:5420.39ms
step:3234/3300 train_loss:3.21737 train_time:17525.350s step_avg:5419.09ms
step:3235/3300 train_loss:3.30989 train_time:17526.586s step_avg:5417.80ms
step:3236/3300 train_loss:3.33456 train_time:17527.818s step_avg:5416.51ms
step:3237/3300 train_loss:3.30577 train_time:17529.036s step_avg:5415.21ms
step:3238/3300 train_loss:3.28128 train_time:17530.254s step_avg:5413.91ms
step:3239/3300 train_loss:3.23402 train_time:17531.476s step_avg:5412.62ms
step:3240/3300 train_loss:3.30399 train_time:17532.694s step_avg:5411.33ms
step:3240/3300 val_loss:3.28087 train_time:17532.694s step_avg:1227.17ms
step:3241/3300 train_loss:3.37243 train_time:17533.922s step_avg:5410.03ms
step:3242/3300 train_loss:3.33467 train_time:17535.146s step_avg:5408.74ms
step:3243/3300 train_loss:3.34054 train_time:17536.369s step_avg:5407.45ms
step:3244/3300 train_loss:3.34303 train_time:17537.599s step_avg:5406.16ms
step:3245/3300 train_loss:3.30389 train_time:17538.816s step_avg:5404.87ms
step:3246/3300 train_loss:3.31597 train_time:17540.044s step_avg:5403.59ms
step:3247/3300 train_loss:3.21423 train_time:17541.263s step_avg:5402.30ms
step:3248/3300 train_loss:3.21867 train_time:17542.484s step_avg:5401.01ms
step:3249/3300 train_loss:3.29899 train_time:17543.708s step_avg:5399.73ms
local_quadratic_diag step:3250 cross_hvp_source:1/72 blocks.0.attn.k.weight
local_quadratic_diag step:3250 cross_hvp_source:13/72 blocks.2.attn.k.weight
local_quadratic_diag step:3250 cross_hvp_source:25/72 blocks.4.attn.k.weight
local_quadratic_diag step:3250 cross_hvp_source:37/72 blocks.6.attn.k.weight
local_quadratic_diag step:3250 cross_hvp_source:49/72 blocks.8.attn.k.weight
local_quadratic_diag step:3250 cross_hvp_source:61/72 blocks.10.attn.k.weight
step:3250/3300 train_loss:3.30247 train_time:18673.128s step_avg:5745.58ms
step:3250/3300 val_loss:3.28018 train_time:18673.128s step_avg:114043.42ms
step:3251/3300 train_loss:3.28381 train_time:18674.349s step_avg:5744.19ms
step:3252/3300 train_loss:3.26636 train_time:18675.567s step_avg:5742.79ms
step:3253/3300 train_loss:3.32971 train_time:18676.781s step_avg:5741.40ms
step:3254/3300 train_loss:3.32962 train_time:18678.003s step_avg:5740.01ms
step:3255/3300 train_loss:3.30406 train_time:18679.224s step_avg:5738.62ms
step:3256/3300 train_loss:3.29089 train_time:18680.440s step_avg:5737.24ms
step:3257/3300 train_loss:3.30566 train_time:18681.659s step_avg:5735.85ms
step:3258/3300 train_loss:3.28947 train_time:18682.886s step_avg:5734.46ms
step:3259/3300 train_loss:3.33446 train_time:18684.104s step_avg:5733.08ms
step:3260/3300 train_loss:3.27898 train_time:18685.324s step_avg:5731.69ms
step:3260/3300 val_loss:3.27963 train_time:18685.324s step_avg:1219.60ms
step:3261/3300 train_loss:3.28819 train_time:18686.556s step_avg:5730.31ms
step:3262/3300 train_loss:3.25881 train_time:18687.785s step_avg:5728.93ms
step:3263/3300 train_loss:3.41458 train_time:18689.008s step_avg:5727.55ms
step:3264/3300 train_loss:3.28387 train_time:18690.225s step_avg:5726.17ms
step:3265/3300 train_loss:3.34469 train_time:18691.448s step_avg:5724.79ms
step:3266/3300 train_loss:3.27331 train_time:18692.667s step_avg:5723.41ms
step:3267/3300 train_loss:3.34994 train_time:18693.886s step_avg:5722.03ms
step:3268/3300 train_loss:3.23059 train_time:18695.107s step_avg:5720.66ms
step:3269/3300 train_loss:3.34720 train_time:18696.329s step_avg:5719.28ms
step:3270/3300 train_loss:3.24250 train_time:18697.551s step_avg:5717.91ms
step:3270/3300 val_loss:3.27916 train_time:18697.551s step_avg:1222.66ms
step:3271/3300 train_loss:3.29337 train_time:18698.790s step_avg:5716.54ms
step:3272/3300 train_loss:3.26495 train_time:18700.015s step_avg:5715.16ms
step:3273/3300 train_loss:3.29024 train_time:18701.246s step_avg:5713.79ms
step:3274/3300 train_loss:3.27317 train_time:18702.466s step_avg:5712.42ms
step:3275/3300 train_loss:3.27234 train_time:18703.682s step_avg:5711.05ms
step:3276/3300 train_loss:3.25919 train_time:18704.899s step_avg:5709.68ms
step:3277/3300 train_loss:3.32209 train_time:18706.119s step_avg:5708.31ms
step:3278/3300 train_loss:3.23898 train_time:18707.340s step_avg:5706.94ms
step:3279/3300 train_loss:3.32093 train_time:18708.564s step_avg:5705.57ms
step:3280/3300 train_loss:3.20905 train_time:18709.781s step_avg:5704.20ms
step:3280/3300 val_loss:3.27877 train_time:18709.781s step_avg:1222.98ms
step:3281/3300 train_loss:3.31182 train_time:18711.028s step_avg:5702.84ms
step:3282/3300 train_loss:3.28816 train_time:18712.240s step_avg:5701.47ms
step:3283/3300 train_loss:3.33686 train_time:18713.476s step_avg:5700.11ms
step:3284/3300 train_loss:3.24212 train_time:18714.737s step_avg:5698.76ms
step:3285/3300 train_loss:3.31713 train_time:18715.958s step_avg:5697.40ms
step:3286/3300 train_loss:3.25115 train_time:18717.174s step_avg:5696.04ms
step:3287/3300 train_loss:3.27402 train_time:18718.398s step_avg:5694.68ms
step:3288/3300 train_loss:3.36885 train_time:18719.620s step_avg:5693.32ms
step:3289/3300 train_loss:3.33139 train_time:18720.836s step_avg:5691.95ms
step:3290/3300 train_loss:3.20485 train_time:18722.058s step_avg:5690.60ms
step:3290/3300 val_loss:3.27849 train_time:18722.058s step_avg:1227.76ms
step:3291/3300 train_loss:3.31710 train_time:18723.291s step_avg:5689.24ms
step:3292/3300 train_loss:3.29393 train_time:18724.532s step_avg:5687.89ms
step:3293/3300 train_loss:3.26934 train_time:18725.772s step_avg:5686.54ms
step:3294/3300 train_loss:3.33549 train_time:18726.993s step_avg:5685.18ms
step:3295/3300 train_loss:3.26057 train_time:18728.210s step_avg:5683.83ms
step:3296/3300 train_loss:3.29193 train_time:18729.427s step_avg:5682.47ms
step:3297/3300 train_loss:3.29370 train_time:18730.650s step_avg:5681.12ms
step:3298/3300 train_loss:3.26608 train_time:18731.870s step_avg:5679.77ms
step:3299/3300 train_loss:3.28114 train_time:18733.091s step_avg:5678.41ms
step:3300/3300 train_loss:3.28235 train_time:18734.308s step_avg:5677.06ms
step:3300/3300 val_loss:3.27838 train_time:18734.308s step_avg:1224.96ms
