logfile: ../../../../records/track_3_optimization/results/muonl_draft/runs/random5_h100_mainpdf_loss_only_20260727T145437Z/alllayer_muonl/seed1490436515/raw/seed1490436515_alllayer_muonl_lr0p035_mainpdf_h100_loss_only.txt
scheme:alllayer_muonl opt_mode:alllayer rho:1.0 ns_steps:12 momentum:0.95 nesterov:True scale_ema_beta:0.9 interval:5
matrix_lr:0.035 matrix_weight_decay:0.025 weight_decay_mode:decoupled zero_init_trust_floor_scale:1.0
schedule_cooldown_frac:0.7 previous_muonl_experiment_cooldown_frac:0.7
seed:1490436515 train_steps:3300 schedule_steps:3300 diag_freq:250
batch_tokens:524288 train_microbatches:8 train_microbatch_sequences:64 val_tokens:10485760
save_log:True save_diag:False save_orscale_state:False orscale_state_freq:250
step:S val_loss is after S optimizer updates
step:0/3300 val_loss:10.82583 train_time:0.000s step_avg:nanms
step:1/3300 train_loss:10.82584 train_time:3.776s step_avg:3776.04ms
step:2/3300 train_loss:10.43132 train_time:4.933s step_avg:2466.41ms
step:3/3300 train_loss:9.09574 train_time:6.141s step_avg:2046.97ms
step:4/3300 train_loss:7.92836 train_time:7.342s step_avg:1835.39ms
step:5/3300 train_loss:7.28723 train_time:8.542s step_avg:1708.34ms
step:6/3300 train_loss:6.94113 train_time:9.747s step_avg:1624.57ms
step:7/3300 train_loss:6.90676 train_time:10.950s step_avg:1564.33ms
step:8/3300 train_loss:6.75521 train_time:12.162s step_avg:1520.23ms
step:9/3300 train_loss:6.79562 train_time:13.375s step_avg:1486.08ms
step:10/3300 train_loss:6.55124 train_time:14.586s step_avg:1458.58ms
step:11/3300 train_loss:6.51626 train_time:15.807s step_avg:1436.98ms
step:12/3300 train_loss:6.46632 train_time:17.018s step_avg:1418.17ms
step:13/3300 train_loss:6.43465 train_time:18.224s step_avg:1401.83ms
step:14/3300 train_loss:6.32261 train_time:19.442s step_avg:1388.72ms
step:15/3300 train_loss:6.35817 train_time:20.663s step_avg:1377.57ms
step:16/3300 train_loss:6.27762 train_time:21.874s step_avg:1367.14ms
step:17/3300 train_loss:6.26636 train_time:23.092s step_avg:1358.37ms
step:18/3300 train_loss:6.28709 train_time:24.313s step_avg:1350.73ms
step:19/3300 train_loss:6.28655 train_time:25.531s step_avg:1343.74ms
step:20/3300 train_loss:6.11270 train_time:26.765s step_avg:1338.25ms
step:21/3300 train_loss:6.14556 train_time:27.985s step_avg:1332.63ms
step:22/3300 train_loss:6.20599 train_time:29.207s step_avg:1327.59ms
step:23/3300 train_loss:6.04936 train_time:30.425s step_avg:1322.81ms
step:24/3300 train_loss:6.08963 train_time:31.640s step_avg:1318.35ms
step:25/3300 train_loss:5.98581 train_time:32.845s step_avg:1313.81ms
step:26/3300 train_loss:6.00696 train_time:34.073s step_avg:1310.50ms
step:27/3300 train_loss:6.00383 train_time:35.286s step_avg:1306.89ms
step:28/3300 train_loss:5.90018 train_time:36.508s step_avg:1303.85ms
step:29/3300 train_loss:5.95938 train_time:37.723s step_avg:1300.79ms
step:30/3300 train_loss:5.87959 train_time:38.937s step_avg:1297.89ms
step:31/3300 train_loss:5.92757 train_time:40.163s step_avg:1295.59ms
step:32/3300 train_loss:5.80548 train_time:41.379s step_avg:1293.08ms
step:33/3300 train_loss:5.82277 train_time:42.584s step_avg:1290.42ms
step:34/3300 train_loss:5.78672 train_time:43.836s step_avg:1289.29ms
step:35/3300 train_loss:5.86082 train_time:45.046s step_avg:1287.04ms
step:36/3300 train_loss:5.76436 train_time:46.268s step_avg:1285.22ms
step:37/3300 train_loss:5.74324 train_time:47.482s step_avg:1283.29ms
step:38/3300 train_loss:5.70416 train_time:48.701s step_avg:1281.61ms
step:39/3300 train_loss:5.71860 train_time:49.911s step_avg:1279.76ms
step:40/3300 train_loss:5.63509 train_time:51.123s step_avg:1278.07ms
step:41/3300 train_loss:5.66806 train_time:52.334s step_avg:1276.44ms
step:42/3300 train_loss:5.61790 train_time:53.561s step_avg:1275.27ms
step:43/3300 train_loss:5.65478 train_time:54.790s step_avg:1274.18ms
step:44/3300 train_loss:5.55842 train_time:56.015s step_avg:1273.06ms
step:45/3300 train_loss:5.53692 train_time:57.237s step_avg:1271.93ms
step:46/3300 train_loss:5.53350 train_time:58.467s step_avg:1271.02ms
step:47/3300 train_loss:5.51541 train_time:59.686s step_avg:1269.92ms
step:48/3300 train_loss:5.53265 train_time:60.901s step_avg:1268.77ms
step:49/3300 train_loss:5.48885 train_time:62.107s step_avg:1267.49ms
step:50/3300 train_loss:5.47751 train_time:63.349s step_avg:1266.99ms
step:51/3300 train_loss:5.40543 train_time:64.571s step_avg:1266.09ms
step:52/3300 train_loss:5.46451 train_time:65.795s step_avg:1265.30ms
step:53/3300 train_loss:5.44464 train_time:67.008s step_avg:1264.30ms
step:54/3300 train_loss:5.40856 train_time:68.228s step_avg:1263.48ms
step:55/3300 train_loss:5.38149 train_time:69.451s step_avg:1262.75ms
step:56/3300 train_loss:5.33207 train_time:70.672s step_avg:1261.99ms
step:57/3300 train_loss:5.31845 train_time:71.886s step_avg:1261.16ms
step:58/3300 train_loss:5.35067 train_time:73.104s step_avg:1260.41ms
step:59/3300 train_loss:5.29816 train_time:74.310s step_avg:1259.50ms
step:60/3300 train_loss:5.29906 train_time:75.524s step_avg:1258.73ms
step:61/3300 train_loss:5.27208 train_time:76.753s step_avg:1258.24ms
step:62/3300 train_loss:5.28303 train_time:77.962s step_avg:1257.46ms
step:63/3300 train_loss:5.23539 train_time:79.178s step_avg:1256.80ms
step:64/3300 train_loss:5.22038 train_time:80.387s step_avg:1256.05ms
step:65/3300 train_loss:5.19345 train_time:81.604s step_avg:1255.44ms
step:66/3300 train_loss:5.23707 train_time:82.817s step_avg:1254.81ms
step:67/3300 train_loss:5.18414 train_time:84.034s step_avg:1254.23ms
step:68/3300 train_loss:5.28047 train_time:85.272s step_avg:1254.00ms
step:69/3300 train_loss:5.16989 train_time:86.486s step_avg:1253.43ms
step:70/3300 train_loss:5.17620 train_time:87.688s step_avg:1252.68ms
step:71/3300 train_loss:5.14199 train_time:88.906s step_avg:1252.19ms
step:72/3300 train_loss:5.15358 train_time:90.109s step_avg:1251.52ms
step:73/3300 train_loss:5.13217 train_time:91.314s step_avg:1250.88ms
step:74/3300 train_loss:5.15689 train_time:92.525s step_avg:1250.34ms
step:75/3300 train_loss:5.11779 train_time:93.735s step_avg:1249.80ms
step:76/3300 train_loss:5.07428 train_time:94.955s step_avg:1249.41ms
step:77/3300 train_loss:5.13569 train_time:96.173s step_avg:1248.99ms
step:78/3300 train_loss:5.11607 train_time:97.387s step_avg:1248.56ms
step:79/3300 train_loss:4.93366 train_time:98.600s step_avg:1248.10ms
step:80/3300 train_loss:5.05901 train_time:99.829s step_avg:1247.87ms
step:81/3300 train_loss:5.00992 train_time:101.040s step_avg:1247.40ms
step:82/3300 train_loss:5.18722 train_time:102.249s step_avg:1246.94ms
step:83/3300 train_loss:5.05251 train_time:103.468s step_avg:1246.60ms
step:84/3300 train_loss:5.03900 train_time:104.676s step_avg:1246.14ms
step:85/3300 train_loss:4.97904 train_time:105.887s step_avg:1245.73ms
step:86/3300 train_loss:5.01858 train_time:107.106s step_avg:1245.42ms
step:87/3300 train_loss:4.99763 train_time:108.309s step_avg:1244.93ms
step:88/3300 train_loss:4.99139 train_time:109.526s step_avg:1244.61ms
step:89/3300 train_loss:4.99034 train_time:110.754s step_avg:1244.43ms
step:90/3300 train_loss:4.93397 train_time:111.967s step_avg:1244.08ms
step:91/3300 train_loss:4.95841 train_time:113.185s step_avg:1243.79ms
step:92/3300 train_loss:4.94837 train_time:114.410s step_avg:1243.59ms
step:93/3300 train_loss:4.93069 train_time:115.641s step_avg:1243.45ms
step:94/3300 train_loss:4.94494 train_time:116.864s step_avg:1243.24ms
step:95/3300 train_loss:4.90605 train_time:118.071s step_avg:1242.86ms
step:96/3300 train_loss:4.84473 train_time:119.300s step_avg:1242.70ms
step:97/3300 train_loss:4.95509 train_time:120.516s step_avg:1242.44ms
step:98/3300 train_loss:4.89812 train_time:121.729s step_avg:1242.14ms
step:99/3300 train_loss:4.87626 train_time:122.945s step_avg:1241.87ms
step:100/3300 train_loss:4.85510 train_time:124.158s step_avg:1241.58ms
step:101/3300 train_loss:4.82022 train_time:125.385s step_avg:1241.43ms
step:102/3300 train_loss:4.82054 train_time:126.597s step_avg:1241.15ms
step:103/3300 train_loss:4.84326 train_time:127.812s step_avg:1240.89ms
step:104/3300 train_loss:4.92777 train_time:129.035s step_avg:1240.72ms
step:105/3300 train_loss:4.85171 train_time:130.254s step_avg:1240.51ms
step:106/3300 train_loss:4.88336 train_time:131.474s step_avg:1240.32ms
step:107/3300 train_loss:4.84691 train_time:132.682s step_avg:1240.02ms
step:108/3300 train_loss:4.76998 train_time:133.904s step_avg:1239.85ms
step:109/3300 train_loss:4.83048 train_time:135.118s step_avg:1239.61ms
step:110/3300 train_loss:4.86257 train_time:136.342s step_avg:1239.47ms
step:111/3300 train_loss:4.76668 train_time:137.558s step_avg:1239.26ms
step:112/3300 train_loss:4.83112 train_time:138.775s step_avg:1239.07ms
step:113/3300 train_loss:4.85469 train_time:139.992s step_avg:1238.86ms
step:114/3300 train_loss:4.77192 train_time:141.204s step_avg:1238.63ms
step:115/3300 train_loss:4.79989 train_time:142.410s step_avg:1238.35ms
step:116/3300 train_loss:4.77768 train_time:143.627s step_avg:1238.16ms
step:117/3300 train_loss:4.73475 train_time:144.841s step_avg:1237.96ms
step:118/3300 train_loss:4.73881 train_time:146.064s step_avg:1237.83ms
step:119/3300 train_loss:4.71922 train_time:147.275s step_avg:1237.61ms
step:120/3300 train_loss:4.69784 train_time:148.501s step_avg:1237.51ms
step:121/3300 train_loss:4.69539 train_time:149.740s step_avg:1237.52ms
step:122/3300 train_loss:4.63863 train_time:150.954s step_avg:1237.33ms
step:123/3300 train_loss:4.70794 train_time:152.164s step_avg:1237.11ms
step:124/3300 train_loss:4.66620 train_time:153.383s step_avg:1236.96ms
step:125/3300 train_loss:4.68120 train_time:154.601s step_avg:1236.81ms
step:125/3300 val_loss:4.68308 train_time:154.601s step_avg:1236.81ms
step:126/3300 train_loss:4.66726 train_time:155.830s step_avg:1236.75ms
step:127/3300 train_loss:4.75359 train_time:157.054s step_avg:1236.64ms
step:128/3300 train_loss:4.65877 train_time:158.284s step_avg:1236.59ms
step:129/3300 train_loss:4.73581 train_time:159.495s step_avg:1236.40ms
step:130/3300 train_loss:4.60096 train_time:160.706s step_avg:1236.20ms
step:131/3300 train_loss:4.66101 train_time:161.928s step_avg:1236.09ms
step:132/3300 train_loss:4.63997 train_time:163.139s step_avg:1235.90ms
step:133/3300 train_loss:4.60428 train_time:164.352s step_avg:1235.73ms
step:134/3300 train_loss:4.61637 train_time:165.563s step_avg:1235.55ms
step:135/3300 train_loss:4.64886 train_time:166.778s step_avg:1235.39ms
step:136/3300 train_loss:4.57010 train_time:168.002s step_avg:1235.31ms
step:137/3300 train_loss:4.60504 train_time:169.222s step_avg:1235.20ms
step:138/3300 train_loss:4.60063 train_time:170.458s step_avg:1235.20ms
step:139/3300 train_loss:4.57808 train_time:171.669s step_avg:1235.03ms
step:140/3300 train_loss:4.62076 train_time:172.875s step_avg:1234.82ms
step:141/3300 train_loss:4.53628 train_time:174.087s step_avg:1234.66ms
step:142/3300 train_loss:4.63192 train_time:175.296s step_avg:1234.48ms
step:143/3300 train_loss:4.55923 train_time:176.514s step_avg:1234.36ms
step:144/3300 train_loss:4.57075 train_time:177.726s step_avg:1234.21ms
step:145/3300 train_loss:4.54189 train_time:178.946s step_avg:1234.11ms
step:146/3300 train_loss:4.46929 train_time:180.162s step_avg:1233.99ms
step:147/3300 train_loss:4.51273 train_time:181.373s step_avg:1233.83ms
step:148/3300 train_loss:4.53861 train_time:182.577s step_avg:1233.63ms
step:149/3300 train_loss:4.55907 train_time:183.790s step_avg:1233.49ms
step:150/3300 train_loss:4.53412 train_time:184.998s step_avg:1233.32ms
step:151/3300 train_loss:4.50711 train_time:186.216s step_avg:1233.22ms
step:152/3300 train_loss:4.41544 train_time:187.421s step_avg:1233.03ms
step:153/3300 train_loss:4.45960 train_time:188.636s step_avg:1232.92ms
step:154/3300 train_loss:4.47667 train_time:189.845s step_avg:1232.76ms
step:155/3300 train_loss:4.51577 train_time:191.086s step_avg:1232.81ms
step:156/3300 train_loss:4.50291 train_time:192.318s step_avg:1232.81ms
step:157/3300 train_loss:4.50630 train_time:193.531s step_avg:1232.68ms
step:158/3300 train_loss:4.41535 train_time:194.738s step_avg:1232.52ms
step:159/3300 train_loss:4.45040 train_time:195.958s step_avg:1232.44ms
step:160/3300 train_loss:4.45211 train_time:197.190s step_avg:1232.44ms
step:161/3300 train_loss:4.46583 train_time:198.411s step_avg:1232.37ms
step:162/3300 train_loss:4.45313 train_time:199.624s step_avg:1232.25ms
step:163/3300 train_loss:4.40963 train_time:200.840s step_avg:1232.15ms
step:164/3300 train_loss:4.44446 train_time:202.052s step_avg:1232.02ms
step:165/3300 train_loss:4.39809 train_time:203.257s step_avg:1231.86ms
step:166/3300 train_loss:4.44602 train_time:204.467s step_avg:1231.73ms
step:167/3300 train_loss:4.36098 train_time:205.680s step_avg:1231.62ms
step:168/3300 train_loss:4.39475 train_time:206.914s step_avg:1231.63ms
step:169/3300 train_loss:4.37082 train_time:208.119s step_avg:1231.48ms
step:170/3300 train_loss:4.34448 train_time:209.333s step_avg:1231.37ms
step:171/3300 train_loss:4.33820 train_time:210.547s step_avg:1231.27ms
step:172/3300 train_loss:4.41229 train_time:211.765s step_avg:1231.19ms
step:173/3300 train_loss:4.35290 train_time:212.975s step_avg:1231.07ms
step:174/3300 train_loss:4.40912 train_time:214.178s step_avg:1230.91ms
step:175/3300 train_loss:4.38431 train_time:215.393s step_avg:1230.82ms
step:176/3300 train_loss:4.35569 train_time:216.602s step_avg:1230.69ms
step:177/3300 train_loss:4.35112 train_time:217.822s step_avg:1230.63ms
step:178/3300 train_loss:4.35919 train_time:219.039s step_avg:1230.56ms
step:179/3300 train_loss:4.36521 train_time:220.251s step_avg:1230.45ms
step:180/3300 train_loss:4.32916 train_time:221.464s step_avg:1230.35ms
step:181/3300 train_loss:4.30547 train_time:222.678s step_avg:1230.27ms
step:182/3300 train_loss:4.34031 train_time:223.882s step_avg:1230.12ms
step:183/3300 train_loss:4.27575 train_time:225.098s step_avg:1230.05ms
step:184/3300 train_loss:4.34833 train_time:226.309s step_avg:1229.94ms
step:185/3300 train_loss:4.29656 train_time:227.534s step_avg:1229.91ms
step:186/3300 train_loss:4.28647 train_time:228.755s step_avg:1229.87ms
step:187/3300 train_loss:4.35238 train_time:229.961s step_avg:1229.74ms
step:188/3300 train_loss:4.32038 train_time:231.174s step_avg:1229.65ms
step:189/3300 train_loss:4.24263 train_time:232.383s step_avg:1229.54ms
step:190/3300 train_loss:4.28619 train_time:233.591s step_avg:1229.43ms
step:191/3300 train_loss:4.20309 train_time:234.927s step_avg:1229.98ms
step:192/3300 train_loss:4.33219 train_time:236.137s step_avg:1229.88ms
step:193/3300 train_loss:4.27931 train_time:237.349s step_avg:1229.79ms
step:194/3300 train_loss:4.33291 train_time:238.579s step_avg:1229.79ms
step:195/3300 train_loss:4.30042 train_time:239.781s step_avg:1229.64ms
step:196/3300 train_loss:4.32889 train_time:240.992s step_avg:1229.55ms
step:197/3300 train_loss:4.24845 train_time:242.210s step_avg:1229.49ms
step:198/3300 train_loss:4.29364 train_time:243.417s step_avg:1229.38ms
step:199/3300 train_loss:4.23941 train_time:244.622s step_avg:1229.26ms
step:200/3300 train_loss:4.42409 train_time:245.846s step_avg:1229.23ms
step:201/3300 train_loss:4.26835 train_time:247.062s step_avg:1229.16ms
step:202/3300 train_loss:4.26340 train_time:248.266s step_avg:1229.04ms
step:203/3300 train_loss:4.31624 train_time:249.472s step_avg:1228.93ms
step:204/3300 train_loss:4.27770 train_time:250.680s step_avg:1228.83ms
step:205/3300 train_loss:4.23988 train_time:251.884s step_avg:1228.70ms
step:206/3300 train_loss:4.20528 train_time:253.105s step_avg:1228.67ms
step:207/3300 train_loss:4.28558 train_time:254.316s step_avg:1228.58ms
step:208/3300 train_loss:4.25208 train_time:255.535s step_avg:1228.54ms
step:209/3300 train_loss:4.16636 train_time:256.743s step_avg:1228.44ms
step:210/3300 train_loss:4.25712 train_time:257.955s step_avg:1228.36ms
step:211/3300 train_loss:4.21051 train_time:259.177s step_avg:1228.33ms
step:212/3300 train_loss:4.22702 train_time:260.398s step_avg:1228.29ms
step:213/3300 train_loss:4.22203 train_time:261.654s step_avg:1228.42ms
step:214/3300 train_loss:4.22758 train_time:262.863s step_avg:1228.33ms
step:215/3300 train_loss:4.21124 train_time:264.074s step_avg:1228.25ms
step:216/3300 train_loss:4.18866 train_time:265.288s step_avg:1228.19ms
step:217/3300 train_loss:4.25931 train_time:266.513s step_avg:1228.17ms
step:218/3300 train_loss:4.19033 train_time:267.733s step_avg:1228.14ms
step:219/3300 train_loss:4.20508 train_time:268.944s step_avg:1228.06ms
step:220/3300 train_loss:4.18032 train_time:270.158s step_avg:1227.99ms
step:221/3300 train_loss:4.16163 train_time:271.368s step_avg:1227.91ms
step:222/3300 train_loss:4.15990 train_time:272.588s step_avg:1227.87ms
step:223/3300 train_loss:4.25273 train_time:273.801s step_avg:1227.81ms
step:224/3300 train_loss:4.22890 train_time:275.005s step_avg:1227.70ms
step:225/3300 train_loss:4.15080 train_time:276.219s step_avg:1227.64ms
step:226/3300 train_loss:4.15941 train_time:277.430s step_avg:1227.56ms
step:227/3300 train_loss:4.15733 train_time:278.643s step_avg:1227.50ms
step:228/3300 train_loss:4.21599 train_time:279.848s step_avg:1227.40ms
step:229/3300 train_loss:4.19682 train_time:281.065s step_avg:1227.36ms
step:230/3300 train_loss:4.13031 train_time:282.280s step_avg:1227.30ms
step:231/3300 train_loss:4.15179 train_time:283.489s step_avg:1227.23ms
step:232/3300 train_loss:4.12918 train_time:284.700s step_avg:1227.16ms
step:233/3300 train_loss:4.18189 train_time:285.912s step_avg:1227.09ms
step:234/3300 train_loss:4.17982 train_time:287.138s step_avg:1227.08ms
step:235/3300 train_loss:4.20271 train_time:288.354s step_avg:1227.04ms
step:236/3300 train_loss:4.20654 train_time:289.573s step_avg:1227.00ms
step:237/3300 train_loss:4.23554 train_time:290.790s step_avg:1226.96ms
step:238/3300 train_loss:4.18430 train_time:292.004s step_avg:1226.91ms
step:239/3300 train_loss:4.11718 train_time:293.205s step_avg:1226.80ms
step:240/3300 train_loss:4.14176 train_time:294.415s step_avg:1226.73ms
step:241/3300 train_loss:4.27887 train_time:295.651s step_avg:1226.77ms
step:242/3300 train_loss:4.22716 train_time:296.869s step_avg:1226.73ms
step:243/3300 train_loss:4.11396 train_time:298.079s step_avg:1226.66ms
step:244/3300 train_loss:4.19089 train_time:299.302s step_avg:1226.65ms
step:245/3300 train_loss:4.09667 train_time:300.517s step_avg:1226.60ms
step:246/3300 train_loss:4.12977 train_time:301.748s step_avg:1226.62ms
step:247/3300 train_loss:4.07137 train_time:302.999s step_avg:1226.71ms
step:248/3300 train_loss:4.12989 train_time:304.209s step_avg:1226.65ms
step:249/3300 train_loss:4.12458 train_time:305.425s step_avg:1226.61ms
step:250/3300 train_loss:4.06968 train_time:306.633s step_avg:1226.53ms
step:250/3300 val_loss:4.11194 train_time:306.633s step_avg:1216.26ms
step:251/3300 train_loss:4.15284 train_time:307.855s step_avg:1226.52ms
step:252/3300 train_loss:4.16559 train_time:309.066s step_avg:1226.45ms
step:253/3300 train_loss:4.11988 train_time:310.275s step_avg:1226.38ms
step:254/3300 train_loss:4.08061 train_time:311.497s step_avg:1226.37ms
step:255/3300 train_loss:4.15876 train_time:312.714s step_avg:1226.33ms
step:256/3300 train_loss:4.10255 train_time:313.928s step_avg:1226.28ms
step:257/3300 train_loss:4.10974 train_time:315.139s step_avg:1226.22ms
step:258/3300 train_loss:4.19321 train_time:316.344s step_avg:1226.14ms
step:259/3300 train_loss:4.08476 train_time:317.557s step_avg:1226.09ms
step:260/3300 train_loss:4.06953 train_time:318.770s step_avg:1226.04ms
step:261/3300 train_loss:4.06757 train_time:319.986s step_avg:1226.00ms
step:262/3300 train_loss:4.14586 train_time:321.196s step_avg:1225.94ms
step:263/3300 train_loss:4.10674 train_time:322.399s step_avg:1225.85ms
step:264/3300 train_loss:4.16683 train_time:323.602s step_avg:1225.77ms
step:265/3300 train_loss:4.02159 train_time:324.816s step_avg:1225.72ms
step:266/3300 train_loss:4.12826 train_time:326.028s step_avg:1225.67ms
step:267/3300 train_loss:4.06544 train_time:327.243s step_avg:1225.63ms
step:268/3300 train_loss:4.04436 train_time:328.453s step_avg:1225.57ms
step:269/3300 train_loss:4.08478 train_time:329.663s step_avg:1225.51ms
step:270/3300 train_loss:4.08787 train_time:330.875s step_avg:1225.46ms
step:271/3300 train_loss:4.13564 train_time:332.089s step_avg:1225.42ms
step:272/3300 train_loss:4.06984 train_time:333.300s step_avg:1225.37ms
step:273/3300 train_loss:4.10519 train_time:334.497s step_avg:1225.26ms
step:274/3300 train_loss:4.02835 train_time:335.703s step_avg:1225.19ms
step:275/3300 train_loss:4.09653 train_time:336.904s step_avg:1225.10ms
step:276/3300 train_loss:4.14298 train_time:338.132s step_avg:1225.12ms
step:277/3300 train_loss:4.04163 train_time:339.348s step_avg:1225.08ms
step:278/3300 train_loss:4.09005 train_time:340.559s step_avg:1225.03ms
step:279/3300 train_loss:4.01662 train_time:341.780s step_avg:1225.02ms
step:280/3300 train_loss:4.13130 train_time:342.997s step_avg:1224.99ms
step:281/3300 train_loss:4.09848 train_time:344.221s step_avg:1224.99ms
step:282/3300 train_loss:4.06250 train_time:345.429s step_avg:1224.92ms
step:283/3300 train_loss:4.08154 train_time:346.641s step_avg:1224.88ms
step:284/3300 train_loss:4.02028 train_time:347.882s step_avg:1224.94ms
step:285/3300 train_loss:4.10603 train_time:349.085s step_avg:1224.86ms
step:286/3300 train_loss:4.07676 train_time:350.292s step_avg:1224.80ms
step:287/3300 train_loss:4.03926 train_time:351.519s step_avg:1224.80ms
step:288/3300 train_loss:4.06278 train_time:352.726s step_avg:1224.74ms
step:289/3300 train_loss:4.05683 train_time:353.942s step_avg:1224.71ms
step:290/3300 train_loss:4.02189 train_time:355.147s step_avg:1224.65ms
step:291/3300 train_loss:4.03405 train_time:356.363s step_avg:1224.61ms
step:292/3300 train_loss:4.08581 train_time:357.564s step_avg:1224.53ms
step:293/3300 train_loss:4.02310 train_time:358.778s step_avg:1224.50ms
step:294/3300 train_loss:4.19757 train_time:359.985s step_avg:1224.44ms
step:295/3300 train_loss:4.02554 train_time:361.203s step_avg:1224.42ms
step:296/3300 train_loss:4.01964 train_time:362.410s step_avg:1224.36ms
step:297/3300 train_loss:4.03749 train_time:363.636s step_avg:1224.36ms
step:298/3300 train_loss:4.04345 train_time:364.855s step_avg:1224.35ms
step:299/3300 train_loss:4.01259 train_time:366.065s step_avg:1224.30ms
step:300/3300 train_loss:4.02334 train_time:367.273s step_avg:1224.24ms
step:301/3300 train_loss:4.07524 train_time:368.501s step_avg:1224.26ms
step:302/3300 train_loss:4.00569 train_time:369.711s step_avg:1224.21ms
step:303/3300 train_loss:4.05183 train_time:370.932s step_avg:1224.20ms
step:304/3300 train_loss:4.03518 train_time:372.142s step_avg:1224.15ms
step:305/3300 train_loss:4.05444 train_time:373.349s step_avg:1224.10ms
step:306/3300 train_loss:4.00172 train_time:374.564s step_avg:1224.06ms
step:307/3300 train_loss:4.03853 train_time:375.768s step_avg:1224.00ms
step:308/3300 train_loss:4.02141 train_time:376.982s step_avg:1223.97ms
step:309/3300 train_loss:4.03572 train_time:378.188s step_avg:1223.91ms
step:310/3300 train_loss:4.09674 train_time:379.398s step_avg:1223.87ms
step:311/3300 train_loss:4.06961 train_time:380.662s step_avg:1223.99ms
step:312/3300 train_loss:3.99673 train_time:381.886s step_avg:1223.99ms
step:313/3300 train_loss:4.04931 train_time:383.095s step_avg:1223.94ms
step:314/3300 train_loss:4.00448 train_time:384.314s step_avg:1223.93ms
step:315/3300 train_loss:3.97694 train_time:385.522s step_avg:1223.88ms
step:316/3300 train_loss:3.98501 train_time:386.735s step_avg:1223.84ms
step:317/3300 train_loss:3.98397 train_time:387.955s step_avg:1223.83ms
step:318/3300 train_loss:3.97860 train_time:389.169s step_avg:1223.80ms
step:319/3300 train_loss:4.03784 train_time:390.383s step_avg:1223.77ms
step:320/3300 train_loss:4.01266 train_time:391.588s step_avg:1223.71ms
step:321/3300 train_loss:4.03430 train_time:392.802s step_avg:1223.68ms
step:322/3300 train_loss:3.99556 train_time:394.007s step_avg:1223.62ms
step:323/3300 train_loss:4.04081 train_time:395.210s step_avg:1223.56ms
step:324/3300 train_loss:3.98099 train_time:396.413s step_avg:1223.50ms
step:325/3300 train_loss:4.07391 train_time:397.624s step_avg:1223.46ms
step:326/3300 train_loss:3.99615 train_time:398.837s step_avg:1223.43ms
step:327/3300 train_loss:4.13312 train_time:400.062s step_avg:1223.43ms
step:328/3300 train_loss:4.05017 train_time:401.279s step_avg:1223.41ms
step:329/3300 train_loss:4.01682 train_time:402.490s step_avg:1223.37ms
step:330/3300 train_loss:3.94270 train_time:403.704s step_avg:1223.35ms
step:331/3300 train_loss:4.04909 train_time:404.934s step_avg:1223.36ms
step:332/3300 train_loss:3.96536 train_time:406.145s step_avg:1223.33ms
step:333/3300 train_loss:3.93264 train_time:407.352s step_avg:1223.28ms
step:334/3300 train_loss:3.97192 train_time:408.583s step_avg:1223.30ms
step:335/3300 train_loss:4.05828 train_time:409.797s step_avg:1223.27ms
step:336/3300 train_loss:4.01428 train_time:411.015s step_avg:1223.26ms
step:337/3300 train_loss:4.29114 train_time:412.225s step_avg:1223.22ms
step:338/3300 train_loss:3.98327 train_time:413.430s step_avg:1223.17ms
step:339/3300 train_loss:3.95481 train_time:414.644s step_avg:1223.14ms
step:340/3300 train_loss:3.95861 train_time:415.849s step_avg:1223.08ms
step:341/3300 train_loss:3.98759 train_time:417.062s step_avg:1223.06ms
step:342/3300 train_loss:3.97208 train_time:418.275s step_avg:1223.03ms
step:343/3300 train_loss:4.04463 train_time:419.499s step_avg:1223.03ms
step:344/3300 train_loss:3.97340 train_time:420.715s step_avg:1223.01ms
step:345/3300 train_loss:3.94448 train_time:421.926s step_avg:1222.97ms
step:346/3300 train_loss:3.95371 train_time:423.149s step_avg:1222.97ms
step:347/3300 train_loss:3.95384 train_time:424.353s step_avg:1222.92ms
step:348/3300 train_loss:3.98374 train_time:425.566s step_avg:1222.89ms
step:349/3300 train_loss:3.92189 train_time:426.772s step_avg:1222.84ms
step:350/3300 train_loss:3.91068 train_time:427.981s step_avg:1222.80ms
step:351/3300 train_loss:3.90127 train_time:429.195s step_avg:1222.78ms
step:352/3300 train_loss:4.01638 train_time:430.406s step_avg:1222.74ms
step:353/3300 train_loss:3.91985 train_time:431.611s step_avg:1222.70ms
step:354/3300 train_loss:3.90929 train_time:432.820s step_avg:1222.65ms
step:355/3300 train_loss:3.99280 train_time:434.031s step_avg:1222.62ms
step:356/3300 train_loss:3.91180 train_time:435.251s step_avg:1222.61ms
step:357/3300 train_loss:3.99243 train_time:436.455s step_avg:1222.56ms
step:358/3300 train_loss:3.98014 train_time:437.663s step_avg:1222.52ms
step:359/3300 train_loss:3.88975 train_time:438.870s step_avg:1222.48ms
step:360/3300 train_loss:3.89936 train_time:440.147s step_avg:1222.63ms
step:361/3300 train_loss:4.01310 train_time:441.365s step_avg:1222.62ms
step:362/3300 train_loss:3.95198 train_time:442.575s step_avg:1222.58ms
step:363/3300 train_loss:3.92758 train_time:443.785s step_avg:1222.55ms
step:364/3300 train_loss:3.94650 train_time:445.002s step_avg:1222.53ms
step:365/3300 train_loss:3.99079 train_time:446.216s step_avg:1222.51ms
step:366/3300 train_loss:3.93414 train_time:447.436s step_avg:1222.50ms
step:367/3300 train_loss:3.97285 train_time:448.645s step_avg:1222.47ms
step:368/3300 train_loss:3.95596 train_time:449.858s step_avg:1222.44ms
step:369/3300 train_loss:3.95243 train_time:451.082s step_avg:1222.44ms
step:370/3300 train_loss:3.92893 train_time:452.292s step_avg:1222.41ms
step:371/3300 train_loss:3.95947 train_time:453.530s step_avg:1222.45ms
step:372/3300 train_loss:3.94280 train_time:454.735s step_avg:1222.41ms
step:373/3300 train_loss:3.96698 train_time:455.945s step_avg:1222.37ms
step:374/3300 train_loss:3.98792 train_time:457.149s step_avg:1222.32ms
step:375/3300 train_loss:3.95843 train_time:458.354s step_avg:1222.28ms
step:375/3300 val_loss:3.92927 train_time:458.355s step_avg:1213.77ms
step:376/3300 train_loss:4.04865 train_time:459.565s step_avg:1222.25ms
step:377/3300 train_loss:3.84818 train_time:460.774s step_avg:1222.21ms
step:378/3300 train_loss:3.95744 train_time:461.986s step_avg:1222.18ms
step:379/3300 train_loss:3.94822 train_time:463.212s step_avg:1222.20ms
step:380/3300 train_loss:3.91700 train_time:464.430s step_avg:1222.18ms
step:381/3300 train_loss:3.99233 train_time:465.684s step_avg:1222.27ms
step:382/3300 train_loss:3.91264 train_time:466.886s step_avg:1222.22ms
step:383/3300 train_loss:3.93167 train_time:468.098s step_avg:1222.19ms
step:384/3300 train_loss:3.91645 train_time:469.305s step_avg:1222.15ms
step:385/3300 train_loss:3.94821 train_time:470.509s step_avg:1222.10ms
step:386/3300 train_loss:3.94097 train_time:471.735s step_avg:1222.11ms
step:387/3300 train_loss:3.96105 train_time:472.956s step_avg:1222.11ms
step:388/3300 train_loss:3.94586 train_time:474.172s step_avg:1222.09ms
step:389/3300 train_loss:3.89514 train_time:475.383s step_avg:1222.06ms
step:390/3300 train_loss:3.94807 train_time:476.613s step_avg:1222.08ms
step:391/3300 train_loss:3.87729 train_time:477.828s step_avg:1222.07ms
step:392/3300 train_loss:3.92868 train_time:479.029s step_avg:1222.01ms
step:393/3300 train_loss:3.96375 train_time:480.241s step_avg:1221.99ms
step:394/3300 train_loss:3.95026 train_time:481.451s step_avg:1221.96ms
step:395/3300 train_loss:3.87516 train_time:482.667s step_avg:1221.94ms
step:396/3300 train_loss:3.79249 train_time:483.890s step_avg:1221.94ms
step:397/3300 train_loss:3.98176 train_time:485.118s step_avg:1221.96ms
step:398/3300 train_loss:3.91810 train_time:486.334s step_avg:1221.94ms
step:399/3300 train_loss:3.87109 train_time:487.550s step_avg:1221.93ms
step:400/3300 train_loss:3.94932 train_time:488.765s step_avg:1221.91ms
step:401/3300 train_loss:3.89836 train_time:489.976s step_avg:1221.88ms
step:402/3300 train_loss:3.91237 train_time:491.195s step_avg:1221.88ms
step:403/3300 train_loss:3.92375 train_time:492.421s step_avg:1221.89ms
step:404/3300 train_loss:3.89882 train_time:493.633s step_avg:1221.86ms
step:405/3300 train_loss:3.95438 train_time:494.841s step_avg:1221.83ms
step:406/3300 train_loss:3.93264 train_time:496.058s step_avg:1221.82ms
step:407/3300 train_loss:4.02408 train_time:497.270s step_avg:1221.79ms
step:408/3300 train_loss:3.94420 train_time:498.486s step_avg:1221.78ms
step:409/3300 train_loss:3.89700 train_time:499.689s step_avg:1221.73ms
step:410/3300 train_loss:3.90634 train_time:500.904s step_avg:1221.72ms
step:411/3300 train_loss:3.88102 train_time:502.132s step_avg:1221.73ms
step:412/3300 train_loss:3.97114 train_time:503.335s step_avg:1221.69ms
step:413/3300 train_loss:3.89405 train_time:504.549s step_avg:1221.67ms
step:414/3300 train_loss:3.93105 train_time:505.757s step_avg:1221.64ms
step:415/3300 train_loss:3.97250 train_time:506.981s step_avg:1221.64ms
step:416/3300 train_loss:3.89622 train_time:508.198s step_avg:1221.63ms
step:417/3300 train_loss:3.91004 train_time:509.407s step_avg:1221.60ms
step:418/3300 train_loss:3.90812 train_time:510.618s step_avg:1221.57ms
step:419/3300 train_loss:3.88620 train_time:511.832s step_avg:1221.56ms
step:420/3300 train_loss:3.87457 train_time:513.045s step_avg:1221.54ms
step:421/3300 train_loss:3.87780 train_time:514.269s step_avg:1221.54ms
step:422/3300 train_loss:3.85776 train_time:515.492s step_avg:1221.55ms
step:423/3300 train_loss:3.89321 train_time:516.720s step_avg:1221.56ms
step:424/3300 train_loss:3.91761 train_time:517.927s step_avg:1221.53ms
step:425/3300 train_loss:3.92743 train_time:519.131s step_avg:1221.48ms
step:426/3300 train_loss:3.85272 train_time:520.344s step_avg:1221.46ms
step:427/3300 train_loss:3.91264 train_time:521.556s step_avg:1221.44ms
step:428/3300 train_loss:3.85516 train_time:522.769s step_avg:1221.42ms
step:429/3300 train_loss:3.84154 train_time:523.972s step_avg:1221.38ms
step:430/3300 train_loss:3.86182 train_time:525.183s step_avg:1221.36ms
step:431/3300 train_loss:3.93802 train_time:526.399s step_avg:1221.34ms
step:432/3300 train_loss:3.87506 train_time:527.610s step_avg:1221.32ms
step:433/3300 train_loss:3.93737 train_time:528.813s step_avg:1221.28ms
step:434/3300 train_loss:3.88671 train_time:530.059s step_avg:1221.33ms
step:435/3300 train_loss:3.90669 train_time:531.284s step_avg:1221.34ms
step:436/3300 train_loss:3.94239 train_time:532.507s step_avg:1221.35ms
step:437/3300 train_loss:3.89436 train_time:533.762s step_avg:1221.42ms
step:438/3300 train_loss:3.90302 train_time:534.979s step_avg:1221.41ms
step:439/3300 train_loss:3.82734 train_time:536.191s step_avg:1221.39ms
step:440/3300 train_loss:3.88802 train_time:537.401s step_avg:1221.36ms
step:441/3300 train_loss:3.82922 train_time:538.614s step_avg:1221.35ms
step:442/3300 train_loss:3.87077 train_time:539.825s step_avg:1221.32ms
step:443/3300 train_loss:3.83255 train_time:541.032s step_avg:1221.29ms
step:444/3300 train_loss:3.93206 train_time:542.244s step_avg:1221.27ms
step:445/3300 train_loss:3.89691 train_time:543.451s step_avg:1221.24ms
step:446/3300 train_loss:3.87702 train_time:544.673s step_avg:1221.24ms
step:447/3300 train_loss:3.86594 train_time:545.884s step_avg:1221.22ms
step:448/3300 train_loss:3.91802 train_time:547.094s step_avg:1221.19ms
step:449/3300 train_loss:3.88497 train_time:548.306s step_avg:1221.17ms
step:450/3300 train_loss:3.88115 train_time:549.514s step_avg:1221.14ms
step:451/3300 train_loss:4.00357 train_time:550.724s step_avg:1221.12ms
step:452/3300 train_loss:3.90482 train_time:551.933s step_avg:1221.09ms
step:453/3300 train_loss:3.95324 train_time:553.151s step_avg:1221.08ms
step:454/3300 train_loss:3.79342 train_time:554.350s step_avg:1221.04ms
step:455/3300 train_loss:3.85234 train_time:555.559s step_avg:1221.01ms
step:456/3300 train_loss:3.85967 train_time:556.789s step_avg:1221.03ms
step:457/3300 train_loss:3.85032 train_time:557.995s step_avg:1221.00ms
step:458/3300 train_loss:3.89706 train_time:559.211s step_avg:1220.99ms
step:459/3300 train_loss:3.87382 train_time:560.497s step_avg:1221.13ms
step:460/3300 train_loss:3.92520 train_time:561.706s step_avg:1221.10ms
step:461/3300 train_loss:3.89743 train_time:562.950s step_avg:1221.15ms
step:462/3300 train_loss:3.78288 train_time:564.153s step_avg:1221.11ms
step:463/3300 train_loss:3.87224 train_time:565.362s step_avg:1221.09ms
step:464/3300 train_loss:3.88691 train_time:566.571s step_avg:1221.06ms
step:465/3300 train_loss:3.86551 train_time:567.772s step_avg:1221.02ms
step:466/3300 train_loss:3.88321 train_time:568.979s step_avg:1220.98ms
step:467/3300 train_loss:3.84833 train_time:570.194s step_avg:1220.97ms
step:468/3300 train_loss:3.89565 train_time:571.417s step_avg:1220.98ms
step:469/3300 train_loss:3.86093 train_time:572.628s step_avg:1220.96ms
step:470/3300 train_loss:3.79344 train_time:573.837s step_avg:1220.93ms
step:471/3300 train_loss:3.91758 train_time:575.054s step_avg:1220.92ms
step:472/3300 train_loss:3.83729 train_time:576.256s step_avg:1220.88ms
step:473/3300 train_loss:3.85560 train_time:577.461s step_avg:1220.85ms
step:474/3300 train_loss:3.85162 train_time:578.673s step_avg:1220.83ms
step:475/3300 train_loss:3.92343 train_time:579.881s step_avg:1220.80ms
step:476/3300 train_loss:3.87571 train_time:581.107s step_avg:1220.81ms
step:477/3300 train_loss:3.83171 train_time:582.325s step_avg:1220.81ms
step:478/3300 train_loss:3.87848 train_time:583.534s step_avg:1220.78ms
step:479/3300 train_loss:3.81026 train_time:584.733s step_avg:1220.74ms
step:480/3300 train_loss:3.94565 train_time:585.937s step_avg:1220.70ms
step:481/3300 train_loss:3.85186 train_time:587.157s step_avg:1220.70ms
step:482/3300 train_loss:3.77291 train_time:588.370s step_avg:1220.69ms
step:483/3300 train_loss:3.88583 train_time:589.577s step_avg:1220.66ms
step:484/3300 train_loss:3.86404 train_time:590.794s step_avg:1220.65ms
step:485/3300 train_loss:3.76202 train_time:592.016s step_avg:1220.65ms
step:486/3300 train_loss:3.86579 train_time:593.226s step_avg:1220.63ms
step:487/3300 train_loss:3.82682 train_time:594.437s step_avg:1220.61ms
step:488/3300 train_loss:3.83742 train_time:595.661s step_avg:1220.62ms
step:489/3300 train_loss:3.85548 train_time:596.882s step_avg:1220.62ms
step:490/3300 train_loss:3.80463 train_time:598.093s step_avg:1220.60ms
step:491/3300 train_loss:3.84203 train_time:599.310s step_avg:1220.59ms
step:492/3300 train_loss:3.88361 train_time:600.529s step_avg:1220.59ms
step:493/3300 train_loss:3.81148 train_time:601.743s step_avg:1220.57ms
step:494/3300 train_loss:3.81708 train_time:602.965s step_avg:1220.58ms
step:495/3300 train_loss:3.86896 train_time:604.174s step_avg:1220.55ms
step:496/3300 train_loss:3.78344 train_time:605.399s step_avg:1220.56ms
step:497/3300 train_loss:3.85460 train_time:606.608s step_avg:1220.54ms
step:498/3300 train_loss:3.82485 train_time:607.817s step_avg:1220.52ms
step:499/3300 train_loss:3.89844 train_time:609.023s step_avg:1220.49ms
step:500/3300 train_loss:3.83411 train_time:610.243s step_avg:1220.49ms
step:500/3300 val_loss:3.82537 train_time:610.243s step_avg:1215.11ms
step:501/3300 train_loss:3.89299 train_time:611.456s step_avg:1220.47ms
step:502/3300 train_loss:3.84927 train_time:612.665s step_avg:1220.45ms
step:503/3300 train_loss:3.79474 train_time:613.877s step_avg:1220.43ms
step:504/3300 train_loss:3.87894 train_time:615.116s step_avg:1220.47ms
step:505/3300 train_loss:3.83156 train_time:616.353s step_avg:1220.50ms
step:506/3300 train_loss:3.78149 train_time:617.585s step_avg:1220.52ms
step:507/3300 train_loss:3.90902 train_time:618.807s step_avg:1220.53ms
step:508/3300 train_loss:3.80183 train_time:620.017s step_avg:1220.51ms
step:509/3300 train_loss:3.83986 train_time:621.219s step_avg:1220.47ms
step:510/3300 train_loss:3.80187 train_time:622.425s step_avg:1220.44ms
step:511/3300 train_loss:3.78711 train_time:623.647s step_avg:1220.45ms
step:512/3300 train_loss:3.84052 train_time:624.860s step_avg:1220.43ms
step:513/3300 train_loss:3.83148 train_time:626.066s step_avg:1220.40ms
step:514/3300 train_loss:3.92317 train_time:627.273s step_avg:1220.38ms
step:515/3300 train_loss:3.79589 train_time:628.485s step_avg:1220.36ms
step:516/3300 train_loss:3.87504 train_time:629.721s step_avg:1220.39ms
step:517/3300 train_loss:3.84543 train_time:630.935s step_avg:1220.38ms
step:518/3300 train_loss:3.79601 train_time:632.145s step_avg:1220.36ms
step:519/3300 train_loss:3.87929 train_time:633.358s step_avg:1220.34ms
step:520/3300 train_loss:3.80740 train_time:634.565s step_avg:1220.32ms
step:521/3300 train_loss:3.79198 train_time:635.783s step_avg:1220.31ms
step:522/3300 train_loss:3.84776 train_time:636.992s step_avg:1220.29ms
step:523/3300 train_loss:3.82546 train_time:638.201s step_avg:1220.27ms
step:524/3300 train_loss:3.79360 train_time:639.417s step_avg:1220.26ms
step:525/3300 train_loss:3.76759 train_time:640.623s step_avg:1220.23ms
step:526/3300 train_loss:3.87611 train_time:641.841s step_avg:1220.23ms
step:527/3300 train_loss:3.80779 train_time:643.059s step_avg:1220.23ms
step:528/3300 train_loss:3.82237 train_time:644.284s step_avg:1220.24ms
step:529/3300 train_loss:3.85347 train_time:645.500s step_avg:1220.23ms
step:530/3300 train_loss:3.82031 train_time:646.701s step_avg:1220.19ms
step:531/3300 train_loss:3.77202 train_time:647.910s step_avg:1220.17ms
step:532/3300 train_loss:3.84730 train_time:649.121s step_avg:1220.15ms
step:533/3300 train_loss:3.80537 train_time:650.329s step_avg:1220.13ms
step:534/3300 train_loss:3.82637 train_time:651.537s step_avg:1220.11ms
step:535/3300 train_loss:3.92520 train_time:652.744s step_avg:1220.08ms
step:536/3300 train_loss:3.78679 train_time:653.954s step_avg:1220.06ms
step:537/3300 train_loss:3.76368 train_time:655.170s step_avg:1220.06ms
step:538/3300 train_loss:3.77314 train_time:656.402s step_avg:1220.08ms
step:539/3300 train_loss:3.96934 train_time:657.624s step_avg:1220.08ms
step:540/3300 train_loss:3.76358 train_time:658.834s step_avg:1220.06ms
step:541/3300 train_loss:3.85946 train_time:660.046s step_avg:1220.05ms
step:542/3300 train_loss:3.79597 train_time:661.256s step_avg:1220.03ms
step:543/3300 train_loss:3.78776 train_time:662.473s step_avg:1220.02ms
step:544/3300 train_loss:3.82392 train_time:663.713s step_avg:1220.06ms
step:545/3300 train_loss:3.78385 train_time:664.927s step_avg:1220.05ms
step:546/3300 train_loss:3.76663 train_time:666.144s step_avg:1220.04ms
step:547/3300 train_loss:3.81041 train_time:667.359s step_avg:1220.03ms
step:548/3300 train_loss:3.72944 train_time:668.571s step_avg:1220.02ms
step:549/3300 train_loss:3.77836 train_time:669.785s step_avg:1220.01ms
step:550/3300 train_loss:3.81684 train_time:670.997s step_avg:1219.99ms
step:551/3300 train_loss:3.77526 train_time:672.208s step_avg:1219.98ms
step:552/3300 train_loss:3.91720 train_time:673.423s step_avg:1219.97ms
step:553/3300 train_loss:3.80370 train_time:674.639s step_avg:1219.96ms
step:554/3300 train_loss:3.79009 train_time:675.853s step_avg:1219.95ms
step:555/3300 train_loss:3.84956 train_time:677.062s step_avg:1219.93ms
step:556/3300 train_loss:3.78577 train_time:678.278s step_avg:1219.92ms
step:557/3300 train_loss:3.74357 train_time:679.485s step_avg:1219.90ms
step:558/3300 train_loss:3.79111 train_time:680.696s step_avg:1219.89ms
step:559/3300 train_loss:3.86439 train_time:681.904s step_avg:1219.86ms
step:560/3300 train_loss:3.80353 train_time:683.130s step_avg:1219.88ms
step:561/3300 train_loss:3.77565 train_time:684.349s step_avg:1219.87ms
step:562/3300 train_loss:3.77290 train_time:685.565s step_avg:1219.87ms
step:563/3300 train_loss:3.77736 train_time:686.772s step_avg:1219.84ms
step:564/3300 train_loss:3.81903 train_time:687.983s step_avg:1219.83ms
step:565/3300 train_loss:3.78471 train_time:689.208s step_avg:1219.84ms
step:566/3300 train_loss:3.82082 train_time:690.422s step_avg:1219.83ms
step:567/3300 train_loss:3.78678 train_time:691.625s step_avg:1219.80ms
step:568/3300 train_loss:3.86983 train_time:692.855s step_avg:1219.81ms
step:569/3300 train_loss:3.79312 train_time:694.087s step_avg:1219.84ms
step:570/3300 train_loss:3.77301 train_time:695.331s step_avg:1219.88ms
step:571/3300 train_loss:3.73721 train_time:696.589s step_avg:1219.95ms
step:572/3300 train_loss:3.80592 train_time:697.833s step_avg:1219.99ms
step:573/3300 train_loss:3.87396 train_time:699.051s step_avg:1219.98ms
step:574/3300 train_loss:3.77144 train_time:700.260s step_avg:1219.96ms
step:575/3300 train_loss:3.82132 train_time:701.469s step_avg:1219.95ms
step:576/3300 train_loss:3.79960 train_time:702.694s step_avg:1219.96ms
step:577/3300 train_loss:3.79970 train_time:703.911s step_avg:1219.95ms
step:578/3300 train_loss:3.85706 train_time:705.119s step_avg:1219.93ms
step:579/3300 train_loss:3.75764 train_time:706.325s step_avg:1219.91ms
step:580/3300 train_loss:3.82821 train_time:707.544s step_avg:1219.90ms
step:581/3300 train_loss:3.81799 train_time:708.785s step_avg:1219.94ms
step:582/3300 train_loss:3.84099 train_time:709.987s step_avg:1219.91ms
step:583/3300 train_loss:3.79698 train_time:711.196s step_avg:1219.89ms
step:584/3300 train_loss:3.76008 train_time:712.432s step_avg:1219.92ms
step:585/3300 train_loss:3.79395 train_time:713.650s step_avg:1219.92ms
step:586/3300 train_loss:3.89228 train_time:714.887s step_avg:1219.94ms
step:587/3300 train_loss:3.75471 train_time:716.088s step_avg:1219.91ms
step:588/3300 train_loss:3.82123 train_time:717.297s step_avg:1219.89ms
step:589/3300 train_loss:3.87327 train_time:718.513s step_avg:1219.89ms
step:590/3300 train_loss:3.77333 train_time:719.724s step_avg:1219.87ms
step:591/3300 train_loss:3.78955 train_time:720.934s step_avg:1219.85ms
step:592/3300 train_loss:3.76605 train_time:722.146s step_avg:1219.84ms
step:593/3300 train_loss:3.72516 train_time:723.356s step_avg:1219.82ms
step:594/3300 train_loss:3.85509 train_time:724.575s step_avg:1219.82ms
step:595/3300 train_loss:3.79909 train_time:725.797s step_avg:1219.83ms
step:596/3300 train_loss:3.77260 train_time:727.014s step_avg:1219.82ms
step:597/3300 train_loss:3.78742 train_time:728.246s step_avg:1219.84ms
step:598/3300 train_loss:3.80561 train_time:729.454s step_avg:1219.82ms
step:599/3300 train_loss:3.75777 train_time:730.663s step_avg:1219.81ms
step:600/3300 train_loss:3.77616 train_time:731.873s step_avg:1219.79ms
step:601/3300 train_loss:3.78073 train_time:733.092s step_avg:1219.79ms
step:602/3300 train_loss:3.78974 train_time:734.308s step_avg:1219.78ms
step:603/3300 train_loss:3.81499 train_time:735.519s step_avg:1219.77ms
step:604/3300 train_loss:3.83061 train_time:736.730s step_avg:1219.75ms
step:605/3300 train_loss:3.77683 train_time:737.931s step_avg:1219.72ms
step:606/3300 train_loss:3.79174 train_time:739.162s step_avg:1219.74ms
step:607/3300 train_loss:3.77527 train_time:740.371s step_avg:1219.72ms
step:608/3300 train_loss:3.76447 train_time:741.572s step_avg:1219.69ms
step:609/3300 train_loss:3.78790 train_time:742.805s step_avg:1219.71ms
step:610/3300 train_loss:3.75823 train_time:744.010s step_avg:1219.69ms
step:611/3300 train_loss:3.77977 train_time:745.229s step_avg:1219.69ms
step:612/3300 train_loss:3.72116 train_time:746.446s step_avg:1219.68ms
step:613/3300 train_loss:3.75830 train_time:747.662s step_avg:1219.68ms
step:614/3300 train_loss:3.79658 train_time:748.874s step_avg:1219.67ms
step:615/3300 train_loss:3.76343 train_time:750.085s step_avg:1219.65ms
step:616/3300 train_loss:3.78148 train_time:751.295s step_avg:1219.64ms
step:617/3300 train_loss:3.76281 train_time:752.513s step_avg:1219.63ms
step:618/3300 train_loss:3.79417 train_time:753.735s step_avg:1219.64ms
step:619/3300 train_loss:3.81634 train_time:754.954s step_avg:1219.63ms
step:620/3300 train_loss:3.75114 train_time:756.178s step_avg:1219.64ms
step:621/3300 train_loss:3.85563 train_time:757.397s step_avg:1219.64ms
step:622/3300 train_loss:3.80068 train_time:758.611s step_avg:1219.63ms
step:623/3300 train_loss:3.77814 train_time:759.825s step_avg:1219.62ms
step:624/3300 train_loss:3.80652 train_time:761.035s step_avg:1219.61ms
step:625/3300 train_loss:3.78592 train_time:762.244s step_avg:1219.59ms
step:625/3300 val_loss:3.75527 train_time:762.244s step_avg:1216.01ms
step:626/3300 train_loss:3.79228 train_time:763.461s step_avg:1219.59ms
step:627/3300 train_loss:3.79173 train_time:764.668s step_avg:1219.57ms
step:628/3300 train_loss:3.72973 train_time:765.878s step_avg:1219.55ms
step:629/3300 train_loss:3.75328 train_time:767.092s step_avg:1219.54ms
step:630/3300 train_loss:3.75332 train_time:768.304s step_avg:1219.53ms
step:631/3300 train_loss:3.75836 train_time:769.523s step_avg:1219.53ms
step:632/3300 train_loss:3.76906 train_time:770.752s step_avg:1219.55ms
step:633/3300 train_loss:3.77420 train_time:771.967s step_avg:1219.54ms
step:634/3300 train_loss:3.72014 train_time:773.178s step_avg:1219.52ms
step:635/3300 train_loss:3.81466 train_time:774.387s step_avg:1219.51ms
step:636/3300 train_loss:3.71758 train_time:775.603s step_avg:1219.50ms
step:637/3300 train_loss:3.68660 train_time:776.825s step_avg:1219.51ms
step:638/3300 train_loss:3.80345 train_time:778.037s step_avg:1219.49ms
step:639/3300 train_loss:3.75129 train_time:779.239s step_avg:1219.47ms
step:640/3300 train_loss:3.76208 train_time:780.461s step_avg:1219.47ms
step:641/3300 train_loss:3.83731 train_time:781.681s step_avg:1219.47ms
step:642/3300 train_loss:3.70909 train_time:782.890s step_avg:1219.46ms
step:643/3300 train_loss:3.79884 train_time:784.100s step_avg:1219.44ms
step:644/3300 train_loss:3.74070 train_time:785.310s step_avg:1219.42ms
step:645/3300 train_loss:3.78072 train_time:786.516s step_avg:1219.40ms
step:646/3300 train_loss:3.79216 train_time:787.725s step_avg:1219.39ms
step:647/3300 train_loss:3.86546 train_time:788.948s step_avg:1219.39ms
step:648/3300 train_loss:3.77604 train_time:790.173s step_avg:1219.40ms
step:649/3300 train_loss:3.76910 train_time:791.382s step_avg:1219.39ms
step:650/3300 train_loss:3.73860 train_time:792.592s step_avg:1219.37ms
step:651/3300 train_loss:3.71429 train_time:793.807s step_avg:1219.37ms
step:652/3300 train_loss:3.72066 train_time:795.022s step_avg:1219.36ms
step:653/3300 train_loss:3.73780 train_time:796.240s step_avg:1219.36ms
step:654/3300 train_loss:3.78625 train_time:797.443s step_avg:1219.33ms
step:655/3300 train_loss:3.74550 train_time:798.679s step_avg:1219.36ms
step:656/3300 train_loss:3.80253 train_time:799.903s step_avg:1219.36ms
step:657/3300 train_loss:3.70298 train_time:801.122s step_avg:1219.36ms
step:658/3300 train_loss:3.81765 train_time:802.332s step_avg:1219.35ms
step:659/3300 train_loss:3.78865 train_time:803.539s step_avg:1219.33ms
step:660/3300 train_loss:3.81721 train_time:804.757s step_avg:1219.33ms
step:661/3300 train_loss:3.81050 train_time:805.965s step_avg:1219.31ms
step:662/3300 train_loss:3.81414 train_time:807.177s step_avg:1219.30ms
step:663/3300 train_loss:3.71067 train_time:808.380s step_avg:1219.28ms
step:664/3300 train_loss:3.71433 train_time:809.588s step_avg:1219.26ms
step:665/3300 train_loss:3.73504 train_time:810.803s step_avg:1219.25ms
step:666/3300 train_loss:3.78926 train_time:812.019s step_avg:1219.25ms
step:667/3300 train_loss:3.79732 train_time:813.231s step_avg:1219.24ms
step:668/3300 train_loss:3.77283 train_time:814.439s step_avg:1219.22ms
step:669/3300 train_loss:3.77206 train_time:815.640s step_avg:1219.19ms
step:670/3300 train_loss:3.75585 train_time:816.891s step_avg:1219.24ms
step:671/3300 train_loss:3.74304 train_time:818.112s step_avg:1219.24ms
step:672/3300 train_loss:3.80629 train_time:819.317s step_avg:1219.22ms
step:673/3300 train_loss:3.75129 train_time:820.540s step_avg:1219.23ms
step:674/3300 train_loss:3.74148 train_time:821.754s step_avg:1219.22ms
step:675/3300 train_loss:3.80211 train_time:822.956s step_avg:1219.19ms
step:676/3300 train_loss:3.73868 train_time:824.168s step_avg:1219.18ms
step:677/3300 train_loss:3.72871 train_time:825.394s step_avg:1219.19ms
step:678/3300 train_loss:3.74520 train_time:826.607s step_avg:1219.18ms
step:679/3300 train_loss:3.76090 train_time:827.833s step_avg:1219.19ms
step:680/3300 train_loss:3.75819 train_time:829.041s step_avg:1219.18ms
step:681/3300 train_loss:3.67852 train_time:830.270s step_avg:1219.19ms
step:682/3300 train_loss:3.77457 train_time:831.482s step_avg:1219.18ms
step:683/3300 train_loss:3.82116 train_time:832.692s step_avg:1219.17ms
step:684/3300 train_loss:3.76040 train_time:833.902s step_avg:1219.16ms
step:685/3300 train_loss:3.80156 train_time:835.108s step_avg:1219.14ms
step:686/3300 train_loss:3.79781 train_time:836.328s step_avg:1219.14ms
step:687/3300 train_loss:3.72093 train_time:837.542s step_avg:1219.13ms
step:688/3300 train_loss:3.71575 train_time:838.753s step_avg:1219.12ms
step:689/3300 train_loss:3.72192 train_time:839.973s step_avg:1219.12ms
step:690/3300 train_loss:3.74345 train_time:841.181s step_avg:1219.10ms
step:691/3300 train_loss:3.75681 train_time:842.387s step_avg:1219.08ms
step:692/3300 train_loss:3.72247 train_time:843.596s step_avg:1219.07ms
step:693/3300 train_loss:3.76940 train_time:844.814s step_avg:1219.07ms
step:694/3300 train_loss:3.72371 train_time:846.030s step_avg:1219.06ms
step:695/3300 train_loss:3.68343 train_time:847.251s step_avg:1219.07ms
step:696/3300 train_loss:3.80138 train_time:848.470s step_avg:1219.07ms
step:697/3300 train_loss:3.69757 train_time:849.679s step_avg:1219.05ms
step:698/3300 train_loss:3.73497 train_time:850.893s step_avg:1219.04ms
step:699/3300 train_loss:3.77847 train_time:852.102s step_avg:1219.03ms
step:700/3300 train_loss:3.70634 train_time:853.306s step_avg:1219.01ms
step:701/3300 train_loss:3.71754 train_time:854.520s step_avg:1219.00ms
step:702/3300 train_loss:3.71824 train_time:855.725s step_avg:1218.98ms
step:703/3300 train_loss:3.65493 train_time:856.947s step_avg:1218.99ms
step:704/3300 train_loss:3.73193 train_time:858.156s step_avg:1218.97ms
step:705/3300 train_loss:3.65083 train_time:859.360s step_avg:1218.95ms
step:706/3300 train_loss:3.69095 train_time:860.578s step_avg:1218.95ms
step:707/3300 train_loss:3.76640 train_time:861.787s step_avg:1218.94ms
step:708/3300 train_loss:3.74486 train_time:862.996s step_avg:1218.92ms
step:709/3300 train_loss:3.73453 train_time:864.205s step_avg:1218.91ms
step:710/3300 train_loss:3.71989 train_time:865.418s step_avg:1218.90ms
step:711/3300 train_loss:3.72512 train_time:866.633s step_avg:1218.89ms
step:712/3300 train_loss:3.67934 train_time:867.848s step_avg:1218.89ms
step:713/3300 train_loss:3.77228 train_time:869.060s step_avg:1218.88ms
step:714/3300 train_loss:3.64221 train_time:870.270s step_avg:1218.87ms
step:715/3300 train_loss:3.81650 train_time:871.481s step_avg:1218.85ms
step:716/3300 train_loss:3.71566 train_time:872.689s step_avg:1218.84ms
step:717/3300 train_loss:3.76993 train_time:873.899s step_avg:1218.83ms
step:718/3300 train_loss:3.75158 train_time:875.105s step_avg:1218.81ms
step:719/3300 train_loss:3.76454 train_time:876.325s step_avg:1218.81ms
step:720/3300 train_loss:3.76821 train_time:877.535s step_avg:1218.80ms
step:721/3300 train_loss:3.74636 train_time:878.761s step_avg:1218.81ms
step:722/3300 train_loss:3.74166 train_time:879.973s step_avg:1218.80ms
step:723/3300 train_loss:3.77698 train_time:881.187s step_avg:1218.79ms
step:724/3300 train_loss:3.69651 train_time:882.396s step_avg:1218.78ms
step:725/3300 train_loss:3.70386 train_time:883.656s step_avg:1218.84ms
step:726/3300 train_loss:3.74432 train_time:884.863s step_avg:1218.82ms
step:727/3300 train_loss:3.69982 train_time:886.063s step_avg:1218.79ms
step:728/3300 train_loss:3.73063 train_time:887.265s step_avg:1218.77ms
step:729/3300 train_loss:3.76820 train_time:888.467s step_avg:1218.75ms
step:730/3300 train_loss:3.79139 train_time:889.692s step_avg:1218.76ms
step:731/3300 train_loss:3.75499 train_time:890.907s step_avg:1218.75ms
step:732/3300 train_loss:3.75975 train_time:892.122s step_avg:1218.75ms
step:733/3300 train_loss:3.75670 train_time:893.323s step_avg:1218.72ms
step:734/3300 train_loss:3.82064 train_time:894.524s step_avg:1218.70ms
step:735/3300 train_loss:3.73565 train_time:895.735s step_avg:1218.69ms
step:736/3300 train_loss:3.73851 train_time:896.970s step_avg:1218.71ms
step:737/3300 train_loss:3.77140 train_time:898.179s step_avg:1218.70ms
step:738/3300 train_loss:3.73848 train_time:899.384s step_avg:1218.68ms
step:739/3300 train_loss:3.74186 train_time:900.604s step_avg:1218.68ms
step:740/3300 train_loss:3.84843 train_time:901.810s step_avg:1218.66ms
step:741/3300 train_loss:3.72479 train_time:903.027s step_avg:1218.66ms
step:742/3300 train_loss:3.70343 train_time:904.240s step_avg:1218.65ms
step:743/3300 train_loss:3.74727 train_time:905.451s step_avg:1218.64ms
step:744/3300 train_loss:3.65188 train_time:906.672s step_avg:1218.65ms
step:745/3300 train_loss:3.71198 train_time:907.884s step_avg:1218.64ms
step:746/3300 train_loss:3.74172 train_time:909.099s step_avg:1218.63ms
step:747/3300 train_loss:3.70495 train_time:910.309s step_avg:1218.62ms
step:748/3300 train_loss:3.75261 train_time:911.525s step_avg:1218.62ms
step:749/3300 train_loss:3.68237 train_time:912.728s step_avg:1218.60ms
step:750/3300 train_loss:3.75857 train_time:913.935s step_avg:1218.58ms
step:750/3300 val_loss:3.70880 train_time:913.935s step_avg:1213.53ms
step:751/3300 train_loss:3.68488 train_time:915.160s step_avg:1218.59ms
step:752/3300 train_loss:3.73130 train_time:916.368s step_avg:1218.57ms
step:753/3300 train_loss:3.72960 train_time:917.596s step_avg:1218.59ms
step:754/3300 train_loss:3.81555 train_time:918.825s step_avg:1218.60ms
step:755/3300 train_loss:3.76021 train_time:920.042s step_avg:1218.60ms
step:756/3300 train_loss:3.81663 train_time:921.257s step_avg:1218.59ms
step:757/3300 train_loss:3.72951 train_time:922.468s step_avg:1218.58ms
step:758/3300 train_loss:3.73962 train_time:923.680s step_avg:1218.58ms
step:759/3300 train_loss:3.69255 train_time:924.883s step_avg:1218.55ms
step:760/3300 train_loss:3.74062 train_time:926.094s step_avg:1218.54ms
step:761/3300 train_loss:3.68600 train_time:927.335s step_avg:1218.57ms
step:762/3300 train_loss:3.68253 train_time:928.548s step_avg:1218.57ms
step:763/3300 train_loss:3.73951 train_time:929.764s step_avg:1218.56ms
step:764/3300 train_loss:3.70215 train_time:930.969s step_avg:1218.55ms
step:765/3300 train_loss:3.86404 train_time:932.194s step_avg:1218.55ms
step:766/3300 train_loss:3.80541 train_time:933.413s step_avg:1218.56ms
step:767/3300 train_loss:3.75378 train_time:934.623s step_avg:1218.54ms
step:768/3300 train_loss:3.80444 train_time:935.824s step_avg:1218.52ms
step:769/3300 train_loss:3.87257 train_time:937.048s step_avg:1218.53ms
step:770/3300 train_loss:3.71551 train_time:938.266s step_avg:1218.53ms
step:771/3300 train_loss:3.76653 train_time:939.500s step_avg:1218.55ms
step:772/3300 train_loss:3.69432 train_time:940.705s step_avg:1218.53ms
step:773/3300 train_loss:3.73450 train_time:941.918s step_avg:1218.52ms
step:774/3300 train_loss:3.74156 train_time:943.131s step_avg:1218.52ms
step:775/3300 train_loss:3.74254 train_time:944.345s step_avg:1218.51ms
step:776/3300 train_loss:3.66963 train_time:945.562s step_avg:1218.51ms
step:777/3300 train_loss:3.69906 train_time:946.764s step_avg:1218.49ms
step:778/3300 train_loss:3.75210 train_time:947.993s step_avg:1218.50ms
step:779/3300 train_loss:3.70240 train_time:949.201s step_avg:1218.49ms
step:780/3300 train_loss:3.71555 train_time:950.412s step_avg:1218.48ms
step:781/3300 train_loss:3.70373 train_time:951.628s step_avg:1218.47ms
step:782/3300 train_loss:3.71852 train_time:952.837s step_avg:1218.46ms
step:783/3300 train_loss:3.69255 train_time:954.041s step_avg:1218.44ms
step:784/3300 train_loss:3.70704 train_time:955.246s step_avg:1218.43ms
step:785/3300 train_loss:3.65906 train_time:956.457s step_avg:1218.42ms
step:786/3300 train_loss:3.71643 train_time:957.680s step_avg:1218.42ms
step:787/3300 train_loss:3.71652 train_time:958.895s step_avg:1218.42ms
step:788/3300 train_loss:3.69395 train_time:960.123s step_avg:1218.43ms
step:789/3300 train_loss:3.77104 train_time:961.360s step_avg:1218.45ms
step:790/3300 train_loss:3.71333 train_time:962.583s step_avg:1218.46ms
step:791/3300 train_loss:3.81016 train_time:963.792s step_avg:1218.45ms
step:792/3300 train_loss:3.77499 train_time:965.002s step_avg:1218.44ms
step:793/3300 train_loss:3.70259 train_time:966.198s step_avg:1218.41ms
step:794/3300 train_loss:4.04271 train_time:967.419s step_avg:1218.41ms
step:795/3300 train_loss:3.70416 train_time:968.641s step_avg:1218.42ms
step:796/3300 train_loss:3.73550 train_time:969.847s step_avg:1218.40ms
step:797/3300 train_loss:3.72458 train_time:971.059s step_avg:1218.39ms
step:798/3300 train_loss:3.79995 train_time:972.267s step_avg:1218.38ms
step:799/3300 train_loss:3.72397 train_time:973.492s step_avg:1218.39ms
step:800/3300 train_loss:3.71968 train_time:974.703s step_avg:1218.38ms
step:801/3300 train_loss:3.85732 train_time:975.914s step_avg:1218.37ms
step:802/3300 train_loss:3.69391 train_time:977.132s step_avg:1218.37ms
step:803/3300 train_loss:3.71401 train_time:978.347s step_avg:1218.36ms
step:804/3300 train_loss:3.71384 train_time:979.551s step_avg:1218.35ms
step:805/3300 train_loss:3.72515 train_time:980.764s step_avg:1218.34ms
step:806/3300 train_loss:3.71938 train_time:981.973s step_avg:1218.33ms
step:807/3300 train_loss:3.69372 train_time:983.186s step_avg:1218.32ms
step:808/3300 train_loss:3.72103 train_time:984.400s step_avg:1218.32ms
step:809/3300 train_loss:3.71238 train_time:985.611s step_avg:1218.31ms
step:810/3300 train_loss:3.72659 train_time:986.821s step_avg:1218.30ms
step:811/3300 train_loss:3.72262 train_time:988.043s step_avg:1218.30ms
step:812/3300 train_loss:3.80987 train_time:989.253s step_avg:1218.29ms
step:813/3300 train_loss:3.78149 train_time:990.467s step_avg:1218.29ms
step:814/3300 train_loss:3.70088 train_time:991.673s step_avg:1218.27ms
step:815/3300 train_loss:3.72482 train_time:992.890s step_avg:1218.27ms
step:816/3300 train_loss:3.70514 train_time:994.118s step_avg:1218.28ms
step:817/3300 train_loss:3.74418 train_time:995.328s step_avg:1218.27ms
step:818/3300 train_loss:3.67906 train_time:996.539s step_avg:1218.26ms
step:819/3300 train_loss:3.66798 train_time:997.748s step_avg:1218.25ms
step:820/3300 train_loss:3.68482 train_time:998.947s step_avg:1218.23ms
step:821/3300 train_loss:3.72547 train_time:1000.162s step_avg:1218.22ms
step:822/3300 train_loss:3.65367 train_time:1001.370s step_avg:1218.21ms
step:823/3300 train_loss:3.63890 train_time:1002.579s step_avg:1218.20ms
step:824/3300 train_loss:3.70210 train_time:1003.793s step_avg:1218.20ms
step:825/3300 train_loss:3.61474 train_time:1005.005s step_avg:1218.19ms
step:826/3300 train_loss:3.66879 train_time:1006.215s step_avg:1218.18ms
step:827/3300 train_loss:3.70670 train_time:1007.424s step_avg:1218.17ms
step:828/3300 train_loss:3.68112 train_time:1008.627s step_avg:1218.15ms
step:829/3300 train_loss:3.72730 train_time:1009.829s step_avg:1218.13ms
step:830/3300 train_loss:3.75002 train_time:1011.030s step_avg:1218.11ms
step:831/3300 train_loss:3.80507 train_time:1012.236s step_avg:1218.09ms
step:832/3300 train_loss:3.71573 train_time:1013.443s step_avg:1218.08ms
step:833/3300 train_loss:3.69373 train_time:1014.663s step_avg:1218.08ms
step:834/3300 train_loss:3.69661 train_time:1015.870s step_avg:1218.07ms
step:835/3300 train_loss:3.66087 train_time:1017.073s step_avg:1218.05ms
step:836/3300 train_loss:3.69240 train_time:1018.304s step_avg:1218.07ms
step:837/3300 train_loss:3.66816 train_time:1019.525s step_avg:1218.07ms
step:838/3300 train_loss:3.74646 train_time:1020.739s step_avg:1218.07ms
step:839/3300 train_loss:3.70163 train_time:1021.953s step_avg:1218.06ms
step:840/3300 train_loss:3.68683 train_time:1023.171s step_avg:1218.06ms
step:841/3300 train_loss:3.71362 train_time:1024.383s step_avg:1218.05ms
step:842/3300 train_loss:3.66917 train_time:1025.591s step_avg:1218.04ms
step:843/3300 train_loss:3.69571 train_time:1026.791s step_avg:1218.02ms
step:844/3300 train_loss:3.72543 train_time:1027.998s step_avg:1218.01ms
step:845/3300 train_loss:3.71289 train_time:1029.208s step_avg:1218.00ms
step:846/3300 train_loss:3.69285 train_time:1030.420s step_avg:1217.99ms
step:847/3300 train_loss:3.67876 train_time:1031.626s step_avg:1217.98ms
step:848/3300 train_loss:3.74074 train_time:1032.835s step_avg:1217.97ms
step:849/3300 train_loss:3.68705 train_time:1034.046s step_avg:1217.96ms
step:850/3300 train_loss:3.75976 train_time:1035.254s step_avg:1217.95ms
step:851/3300 train_loss:3.69585 train_time:1036.464s step_avg:1217.94ms
step:852/3300 train_loss:3.70353 train_time:1037.692s step_avg:1217.95ms
step:853/3300 train_loss:3.70174 train_time:1038.894s step_avg:1217.93ms
step:854/3300 train_loss:3.66801 train_time:1040.115s step_avg:1217.93ms
step:855/3300 train_loss:3.72219 train_time:1041.323s step_avg:1217.92ms
step:856/3300 train_loss:3.74556 train_time:1042.540s step_avg:1217.92ms
step:857/3300 train_loss:3.65313 train_time:1043.757s step_avg:1217.92ms
step:858/3300 train_loss:3.67736 train_time:1044.964s step_avg:1217.91ms
step:859/3300 train_loss:3.69981 train_time:1046.174s step_avg:1217.90ms
step:860/3300 train_loss:3.66963 train_time:1047.388s step_avg:1217.89ms
step:861/3300 train_loss:3.67466 train_time:1048.595s step_avg:1217.88ms
step:862/3300 train_loss:3.64605 train_time:1049.804s step_avg:1217.87ms
step:863/3300 train_loss:3.70676 train_time:1051.017s step_avg:1217.86ms
step:864/3300 train_loss:3.70486 train_time:1052.243s step_avg:1217.87ms
step:865/3300 train_loss:3.81145 train_time:1053.452s step_avg:1217.86ms
step:866/3300 train_loss:3.73035 train_time:1054.660s step_avg:1217.85ms
step:867/3300 train_loss:3.67775 train_time:1055.865s step_avg:1217.84ms
step:868/3300 train_loss:3.63703 train_time:1057.097s step_avg:1217.85ms
step:869/3300 train_loss:3.66819 train_time:1058.301s step_avg:1217.84ms
step:870/3300 train_loss:3.70440 train_time:1059.512s step_avg:1217.83ms
step:871/3300 train_loss:3.67058 train_time:1060.742s step_avg:1217.84ms
step:872/3300 train_loss:3.71788 train_time:1061.952s step_avg:1217.83ms
step:873/3300 train_loss:3.69112 train_time:1063.158s step_avg:1217.82ms
step:874/3300 train_loss:3.64510 train_time:1064.391s step_avg:1217.84ms
step:875/3300 train_loss:3.68158 train_time:1065.593s step_avg:1217.82ms
step:875/3300 val_loss:3.66880 train_time:1065.593s step_avg:1213.26ms
step:876/3300 train_loss:3.72708 train_time:1066.804s step_avg:1217.81ms
step:877/3300 train_loss:3.67375 train_time:1068.013s step_avg:1217.80ms
step:878/3300 train_loss:3.73503 train_time:1069.224s step_avg:1217.79ms
step:879/3300 train_loss:3.68500 train_time:1070.426s step_avg:1217.78ms
step:880/3300 train_loss:3.65038 train_time:1071.622s step_avg:1217.75ms
step:881/3300 train_loss:3.67728 train_time:1072.840s step_avg:1217.75ms
step:882/3300 train_loss:3.69189 train_time:1074.041s step_avg:1217.73ms
step:883/3300 train_loss:3.69479 train_time:1075.255s step_avg:1217.73ms
step:884/3300 train_loss:3.68247 train_time:1076.464s step_avg:1217.72ms
step:885/3300 train_loss:3.65862 train_time:1077.667s step_avg:1217.70ms
step:886/3300 train_loss:3.68541 train_time:1078.886s step_avg:1217.70ms
step:887/3300 train_loss:3.81019 train_time:1080.100s step_avg:1217.70ms
step:888/3300 train_loss:3.70176 train_time:1081.311s step_avg:1217.69ms
step:889/3300 train_loss:3.63609 train_time:1082.527s step_avg:1217.69ms
step:890/3300 train_loss:3.61435 train_time:1083.739s step_avg:1217.68ms
step:891/3300 train_loss:3.67814 train_time:1084.970s step_avg:1217.70ms
step:892/3300 train_loss:3.71593 train_time:1086.206s step_avg:1217.72ms
step:893/3300 train_loss:3.61516 train_time:1087.417s step_avg:1217.71ms
step:894/3300 train_loss:3.70493 train_time:1088.625s step_avg:1217.70ms
step:895/3300 train_loss:3.69760 train_time:1089.851s step_avg:1217.71ms
step:896/3300 train_loss:3.69323 train_time:1091.077s step_avg:1217.72ms
step:897/3300 train_loss:3.68724 train_time:1092.311s step_avg:1217.74ms
step:898/3300 train_loss:3.73045 train_time:1093.524s step_avg:1217.73ms
step:899/3300 train_loss:3.68505 train_time:1094.730s step_avg:1217.72ms
step:900/3300 train_loss:3.62497 train_time:1095.942s step_avg:1217.71ms
step:901/3300 train_loss:3.66815 train_time:1097.151s step_avg:1217.70ms
step:902/3300 train_loss:3.97309 train_time:1098.361s step_avg:1217.70ms
step:903/3300 train_loss:3.66337 train_time:1099.586s step_avg:1217.70ms
step:904/3300 train_loss:3.67074 train_time:1100.835s step_avg:1217.74ms
step:905/3300 train_loss:3.72391 train_time:1102.061s step_avg:1217.75ms
step:906/3300 train_loss:3.72915 train_time:1103.273s step_avg:1217.74ms
step:907/3300 train_loss:3.65587 train_time:1104.484s step_avg:1217.73ms
step:908/3300 train_loss:3.71630 train_time:1105.686s step_avg:1217.72ms
step:909/3300 train_loss:3.81655 train_time:1106.888s step_avg:1217.70ms
step:910/3300 train_loss:3.63734 train_time:1108.092s step_avg:1217.68ms
step:911/3300 train_loss:3.68908 train_time:1109.330s step_avg:1217.71ms
step:912/3300 train_loss:3.64161 train_time:1110.538s step_avg:1217.70ms
step:913/3300 train_loss:3.67176 train_time:1111.756s step_avg:1217.70ms
step:914/3300 train_loss:3.74594 train_time:1112.962s step_avg:1217.68ms
step:915/3300 train_loss:3.69703 train_time:1114.169s step_avg:1217.67ms
step:916/3300 train_loss:3.77858 train_time:1115.380s step_avg:1217.66ms
step:917/3300 train_loss:3.67354 train_time:1116.586s step_avg:1217.65ms
step:918/3300 train_loss:3.82283 train_time:1117.790s step_avg:1217.64ms
step:919/3300 train_loss:3.68662 train_time:1118.999s step_avg:1217.63ms
step:920/3300 train_loss:3.72339 train_time:1120.216s step_avg:1217.63ms
step:921/3300 train_loss:3.63736 train_time:1121.428s step_avg:1217.62ms
step:922/3300 train_loss:3.65601 train_time:1122.643s step_avg:1217.62ms
step:923/3300 train_loss:3.63549 train_time:1123.854s step_avg:1217.61ms
step:924/3300 train_loss:3.68802 train_time:1125.080s step_avg:1217.62ms
step:925/3300 train_loss:3.68142 train_time:1126.290s step_avg:1217.61ms
step:926/3300 train_loss:3.70893 train_time:1127.496s step_avg:1217.60ms
step:927/3300 train_loss:3.64522 train_time:1128.707s step_avg:1217.59ms
step:928/3300 train_loss:3.66932 train_time:1129.909s step_avg:1217.57ms
step:929/3300 train_loss:3.79158 train_time:1131.119s step_avg:1217.57ms
step:930/3300 train_loss:3.64689 train_time:1132.330s step_avg:1217.56ms
step:931/3300 train_loss:3.64927 train_time:1133.539s step_avg:1217.55ms
step:932/3300 train_loss:3.81428 train_time:1134.758s step_avg:1217.55ms
step:933/3300 train_loss:3.64491 train_time:1135.970s step_avg:1217.55ms
step:934/3300 train_loss:3.77762 train_time:1137.181s step_avg:1217.54ms
step:935/3300 train_loss:3.71119 train_time:1138.388s step_avg:1217.53ms
step:936/3300 train_loss:3.67318 train_time:1139.615s step_avg:1217.54ms
step:937/3300 train_loss:3.62231 train_time:1140.846s step_avg:1217.55ms
step:938/3300 train_loss:3.69201 train_time:1142.056s step_avg:1217.54ms
step:939/3300 train_loss:3.65375 train_time:1143.264s step_avg:1217.53ms
step:940/3300 train_loss:3.63321 train_time:1144.478s step_avg:1217.53ms
step:941/3300 train_loss:3.75889 train_time:1145.709s step_avg:1217.54ms
step:942/3300 train_loss:3.65190 train_time:1146.931s step_avg:1217.55ms
step:943/3300 train_loss:3.71795 train_time:1148.133s step_avg:1217.53ms
step:944/3300 train_loss:3.70744 train_time:1149.361s step_avg:1217.54ms
step:945/3300 train_loss:3.67722 train_time:1150.582s step_avg:1217.55ms
step:946/3300 train_loss:3.84951 train_time:1151.809s step_avg:1217.56ms
step:947/3300 train_loss:3.71331 train_time:1153.012s step_avg:1217.54ms
step:948/3300 train_loss:3.64926 train_time:1154.222s step_avg:1217.53ms
step:949/3300 train_loss:3.67380 train_time:1155.429s step_avg:1217.52ms
step:950/3300 train_loss:3.67438 train_time:1156.659s step_avg:1217.54ms
step:951/3300 train_loss:3.65544 train_time:1157.900s step_avg:1217.56ms
step:952/3300 train_loss:3.72083 train_time:1159.113s step_avg:1217.56ms
step:953/3300 train_loss:3.64293 train_time:1160.327s step_avg:1217.55ms
step:954/3300 train_loss:3.67586 train_time:1161.532s step_avg:1217.54ms
step:955/3300 train_loss:3.69713 train_time:1162.740s step_avg:1217.53ms
step:956/3300 train_loss:3.68604 train_time:1163.956s step_avg:1217.53ms
step:957/3300 train_loss:3.75319 train_time:1165.170s step_avg:1217.52ms
step:958/3300 train_loss:3.71689 train_time:1166.383s step_avg:1217.52ms
step:959/3300 train_loss:3.71320 train_time:1167.589s step_avg:1217.51ms
step:960/3300 train_loss:3.63891 train_time:1168.793s step_avg:1217.49ms
step:961/3300 train_loss:3.67294 train_time:1170.010s step_avg:1217.49ms
step:962/3300 train_loss:3.64838 train_time:1171.224s step_avg:1217.49ms
step:963/3300 train_loss:3.65023 train_time:1172.446s step_avg:1217.49ms
step:964/3300 train_loss:3.63774 train_time:1173.658s step_avg:1217.49ms
step:965/3300 train_loss:3.68347 train_time:1174.887s step_avg:1217.50ms
step:966/3300 train_loss:3.68769 train_time:1176.100s step_avg:1217.49ms
step:967/3300 train_loss:3.69395 train_time:1177.309s step_avg:1217.49ms
step:968/3300 train_loss:3.67238 train_time:1178.515s step_avg:1217.47ms
step:969/3300 train_loss:3.65479 train_time:1179.722s step_avg:1217.46ms
step:970/3300 train_loss:3.65638 train_time:1180.933s step_avg:1217.46ms
step:971/3300 train_loss:3.64331 train_time:1182.163s step_avg:1217.47ms
step:972/3300 train_loss:3.66355 train_time:1183.378s step_avg:1217.47ms
step:973/3300 train_loss:3.73638 train_time:1184.589s step_avg:1217.46ms
step:974/3300 train_loss:3.66215 train_time:1185.793s step_avg:1217.45ms
step:975/3300 train_loss:3.70187 train_time:1187.002s step_avg:1217.44ms
step:976/3300 train_loss:3.68004 train_time:1188.219s step_avg:1217.44ms
step:977/3300 train_loss:3.64876 train_time:1189.435s step_avg:1217.44ms
step:978/3300 train_loss:3.61784 train_time:1190.634s step_avg:1217.42ms
step:979/3300 train_loss:3.68484 train_time:1191.845s step_avg:1217.41ms
step:980/3300 train_loss:3.65265 train_time:1193.054s step_avg:1217.40ms
step:981/3300 train_loss:3.67964 train_time:1194.275s step_avg:1217.41ms
step:982/3300 train_loss:3.68140 train_time:1195.484s step_avg:1217.40ms
step:983/3300 train_loss:3.66317 train_time:1196.695s step_avg:1217.39ms
step:984/3300 train_loss:3.74751 train_time:1197.908s step_avg:1217.39ms
step:985/3300 train_loss:3.72621 train_time:1199.114s step_avg:1217.37ms
step:986/3300 train_loss:3.65485 train_time:1200.370s step_avg:1217.41ms
step:987/3300 train_loss:3.68083 train_time:1201.584s step_avg:1217.41ms
step:988/3300 train_loss:3.61184 train_time:1202.796s step_avg:1217.40ms
step:989/3300 train_loss:3.64343 train_time:1204.008s step_avg:1217.40ms
step:990/3300 train_loss:3.65734 train_time:1205.227s step_avg:1217.40ms
step:991/3300 train_loss:3.66172 train_time:1206.460s step_avg:1217.42ms
step:992/3300 train_loss:3.65697 train_time:1207.667s step_avg:1217.41ms
step:993/3300 train_loss:3.64651 train_time:1208.876s step_avg:1217.40ms
step:994/3300 train_loss:3.62896 train_time:1210.087s step_avg:1217.39ms
step:995/3300 train_loss:3.71119 train_time:1211.315s step_avg:1217.40ms
step:996/3300 train_loss:3.61707 train_time:1212.535s step_avg:1217.40ms
step:997/3300 train_loss:3.67044 train_time:1213.737s step_avg:1217.39ms
step:998/3300 train_loss:3.69230 train_time:1214.944s step_avg:1217.38ms
step:999/3300 train_loss:3.69441 train_time:1216.165s step_avg:1217.38ms
step:1000/3300 train_loss:3.69158 train_time:1217.378s step_avg:1217.38ms
step:1000/3300 val_loss:3.63560 train_time:1217.378s step_avg:1214.29ms
step:1001/3300 train_loss:3.61210 train_time:1218.597s step_avg:1217.38ms
step:1002/3300 train_loss:3.67492 train_time:1219.807s step_avg:1217.37ms
step:1003/3300 train_loss:3.67820 train_time:1221.020s step_avg:1217.37ms
step:1004/3300 train_loss:3.69203 train_time:1222.249s step_avg:1217.38ms
step:1005/3300 train_loss:3.66239 train_time:1223.459s step_avg:1217.37ms
step:1006/3300 train_loss:3.61466 train_time:1224.676s step_avg:1217.37ms
step:1007/3300 train_loss:3.69098 train_time:1225.880s step_avg:1217.36ms
step:1008/3300 train_loss:3.71131 train_time:1227.097s step_avg:1217.36ms
step:1009/3300 train_loss:3.70979 train_time:1228.335s step_avg:1217.38ms
step:1010/3300 train_loss:3.63641 train_time:1229.537s step_avg:1217.36ms
step:1011/3300 train_loss:3.67323 train_time:1230.750s step_avg:1217.36ms
step:1012/3300 train_loss:3.58258 train_time:1231.962s step_avg:1217.35ms
step:1013/3300 train_loss:3.66801 train_time:1233.182s step_avg:1217.36ms
step:1014/3300 train_loss:3.67831 train_time:1234.399s step_avg:1217.36ms
step:1015/3300 train_loss:3.64838 train_time:1235.611s step_avg:1217.35ms
step:1016/3300 train_loss:3.66409 train_time:1236.839s step_avg:1217.36ms
step:1017/3300 train_loss:3.63369 train_time:1238.045s step_avg:1217.35ms
step:1018/3300 train_loss:3.66403 train_time:1239.255s step_avg:1217.34ms
step:1019/3300 train_loss:3.67210 train_time:1240.456s step_avg:1217.33ms
step:1020/3300 train_loss:3.67179 train_time:1241.665s step_avg:1217.32ms
step:1021/3300 train_loss:3.66673 train_time:1242.899s step_avg:1217.33ms
step:1022/3300 train_loss:3.68352 train_time:1244.125s step_avg:1217.34ms
step:1023/3300 train_loss:3.66467 train_time:1245.342s step_avg:1217.34ms
step:1024/3300 train_loss:3.67157 train_time:1246.553s step_avg:1217.34ms
step:1025/3300 train_loss:3.63372 train_time:1247.771s step_avg:1217.34ms
step:1026/3300 train_loss:3.65497 train_time:1248.997s step_avg:1217.35ms
step:1027/3300 train_loss:3.64710 train_time:1250.206s step_avg:1217.34ms
step:1028/3300 train_loss:3.66150 train_time:1251.416s step_avg:1217.33ms
step:1029/3300 train_loss:3.71933 train_time:1252.632s step_avg:1217.33ms
step:1030/3300 train_loss:3.65451 train_time:1253.851s step_avg:1217.33ms
step:1031/3300 train_loss:3.61663 train_time:1255.067s step_avg:1217.33ms
step:1032/3300 train_loss:3.67648 train_time:1256.275s step_avg:1217.32ms
step:1033/3300 train_loss:3.66303 train_time:1257.478s step_avg:1217.31ms
step:1034/3300 train_loss:3.64228 train_time:1258.732s step_avg:1217.34ms
step:1035/3300 train_loss:3.64069 train_time:1259.940s step_avg:1217.33ms
step:1036/3300 train_loss:3.86781 train_time:1261.151s step_avg:1217.33ms
step:1037/3300 train_loss:3.66278 train_time:1262.361s step_avg:1217.32ms
step:1038/3300 train_loss:3.66551 train_time:1263.578s step_avg:1217.32ms
step:1039/3300 train_loss:3.67257 train_time:1264.779s step_avg:1217.30ms
step:1040/3300 train_loss:3.64104 train_time:1265.982s step_avg:1217.29ms
step:1041/3300 train_loss:3.63820 train_time:1267.202s step_avg:1217.29ms
step:1042/3300 train_loss:3.69790 train_time:1268.448s step_avg:1217.32ms
step:1043/3300 train_loss:3.66139 train_time:1269.656s step_avg:1217.31ms
step:1044/3300 train_loss:3.57726 train_time:1270.862s step_avg:1217.30ms
step:1045/3300 train_loss:3.65555 train_time:1272.071s step_avg:1217.29ms
step:1046/3300 train_loss:3.65532 train_time:1273.312s step_avg:1217.32ms
step:1047/3300 train_loss:3.73158 train_time:1274.520s step_avg:1217.31ms
step:1048/3300 train_loss:3.61940 train_time:1275.719s step_avg:1217.29ms
step:1049/3300 train_loss:3.60628 train_time:1276.920s step_avg:1217.27ms
step:1050/3300 train_loss:3.74841 train_time:1278.134s step_avg:1217.27ms
step:1051/3300 train_loss:3.65291 train_time:1279.346s step_avg:1217.27ms
step:1052/3300 train_loss:3.63285 train_time:1280.553s step_avg:1217.26ms
step:1053/3300 train_loss:3.66808 train_time:1281.769s step_avg:1217.25ms
step:1054/3300 train_loss:3.58533 train_time:1283.040s step_avg:1217.31ms
step:1055/3300 train_loss:3.60944 train_time:1284.248s step_avg:1217.30ms
step:1056/3300 train_loss:3.61061 train_time:1285.468s step_avg:1217.30ms
step:1057/3300 train_loss:3.65302 train_time:1286.677s step_avg:1217.29ms
step:1058/3300 train_loss:3.63949 train_time:1287.882s step_avg:1217.28ms
step:1059/3300 train_loss:3.68052 train_time:1289.099s step_avg:1217.28ms
step:1060/3300 train_loss:3.56713 train_time:1290.304s step_avg:1217.27ms
step:1061/3300 train_loss:3.71156 train_time:1291.522s step_avg:1217.27ms
step:1062/3300 train_loss:3.64190 train_time:1292.726s step_avg:1217.26ms
step:1063/3300 train_loss:3.61188 train_time:1293.941s step_avg:1217.25ms
step:1064/3300 train_loss:3.66501 train_time:1295.152s step_avg:1217.25ms
step:1065/3300 train_loss:3.59805 train_time:1296.362s step_avg:1217.24ms
step:1066/3300 train_loss:3.63265 train_time:1297.575s step_avg:1217.24ms
step:1067/3300 train_loss:3.64635 train_time:1298.800s step_avg:1217.24ms
step:1068/3300 train_loss:3.66077 train_time:1300.004s step_avg:1217.23ms
step:1069/3300 train_loss:3.64661 train_time:1301.214s step_avg:1217.23ms
step:1070/3300 train_loss:3.65885 train_time:1302.425s step_avg:1217.22ms
step:1071/3300 train_loss:3.58156 train_time:1303.655s step_avg:1217.23ms
step:1072/3300 train_loss:3.67322 train_time:1304.866s step_avg:1217.23ms
step:1073/3300 train_loss:3.55804 train_time:1306.076s step_avg:1217.22ms
step:1074/3300 train_loss:3.65933 train_time:1307.288s step_avg:1217.21ms
step:1075/3300 train_loss:3.62690 train_time:1308.501s step_avg:1217.21ms
step:1076/3300 train_loss:3.70242 train_time:1309.710s step_avg:1217.20ms
step:1077/3300 train_loss:3.66450 train_time:1310.920s step_avg:1217.20ms
step:1078/3300 train_loss:3.60577 train_time:1312.129s step_avg:1217.19ms
step:1079/3300 train_loss:3.64207 train_time:1313.341s step_avg:1217.18ms
step:1080/3300 train_loss:3.63724 train_time:1314.554s step_avg:1217.18ms
step:1081/3300 train_loss:3.61345 train_time:1315.773s step_avg:1217.18ms
step:1082/3300 train_loss:3.61460 train_time:1316.983s step_avg:1217.18ms
step:1083/3300 train_loss:3.64807 train_time:1318.189s step_avg:1217.16ms
step:1084/3300 train_loss:3.62124 train_time:1319.390s step_avg:1217.15ms
step:1085/3300 train_loss:3.63510 train_time:1320.600s step_avg:1217.14ms
step:1086/3300 train_loss:3.64686 train_time:1321.817s step_avg:1217.14ms
step:1087/3300 train_loss:3.62083 train_time:1323.036s step_avg:1217.14ms
step:1088/3300 train_loss:3.60602 train_time:1324.249s step_avg:1217.14ms
step:1089/3300 train_loss:3.60063 train_time:1325.465s step_avg:1217.14ms
step:1090/3300 train_loss:3.65561 train_time:1326.672s step_avg:1217.13ms
step:1091/3300 train_loss:3.63220 train_time:1327.887s step_avg:1217.13ms
step:1092/3300 train_loss:3.59050 train_time:1329.099s step_avg:1217.12ms
step:1093/3300 train_loss:3.63975 train_time:1330.305s step_avg:1217.11ms
step:1094/3300 train_loss:3.66590 train_time:1331.506s step_avg:1217.10ms
step:1095/3300 train_loss:3.57286 train_time:1332.721s step_avg:1217.10ms
step:1096/3300 train_loss:3.60259 train_time:1333.936s step_avg:1217.10ms
step:1097/3300 train_loss:3.66997 train_time:1335.160s step_avg:1217.10ms
step:1098/3300 train_loss:3.67456 train_time:1336.367s step_avg:1217.09ms
step:1099/3300 train_loss:3.67178 train_time:1337.591s step_avg:1217.10ms
step:1100/3300 train_loss:3.64781 train_time:1338.809s step_avg:1217.10ms
step:1101/3300 train_loss:3.65187 train_time:1340.024s step_avg:1217.10ms
step:1102/3300 train_loss:3.64830 train_time:1341.228s step_avg:1217.09ms
step:1103/3300 train_loss:3.64308 train_time:1342.445s step_avg:1217.08ms
step:1104/3300 train_loss:3.69465 train_time:1343.656s step_avg:1217.08ms
step:1105/3300 train_loss:3.74473 train_time:1344.865s step_avg:1217.07ms
step:1106/3300 train_loss:3.66737 train_time:1346.074s step_avg:1217.07ms
step:1107/3300 train_loss:3.66684 train_time:1347.289s step_avg:1217.06ms
step:1108/3300 train_loss:3.61607 train_time:1348.507s step_avg:1217.06ms
step:1109/3300 train_loss:3.62638 train_time:1349.710s step_avg:1217.05ms
step:1110/3300 train_loss:3.58130 train_time:1350.921s step_avg:1217.05ms
step:1111/3300 train_loss:3.53691 train_time:1352.136s step_avg:1217.04ms
step:1112/3300 train_loss:3.57929 train_time:1353.352s step_avg:1217.04ms
step:1113/3300 train_loss:3.68362 train_time:1354.561s step_avg:1217.04ms
step:1114/3300 train_loss:3.64901 train_time:1355.767s step_avg:1217.03ms
step:1115/3300 train_loss:3.67670 train_time:1356.961s step_avg:1217.01ms
step:1116/3300 train_loss:3.69207 train_time:1358.189s step_avg:1217.02ms
step:1117/3300 train_loss:3.69703 train_time:1359.386s step_avg:1217.00ms
step:1118/3300 train_loss:3.62187 train_time:1360.599s step_avg:1216.99ms
step:1119/3300 train_loss:3.61714 train_time:1361.819s step_avg:1217.00ms
step:1120/3300 train_loss:3.71241 train_time:1363.034s step_avg:1216.99ms
step:1121/3300 train_loss:3.64284 train_time:1364.254s step_avg:1217.00ms
step:1122/3300 train_loss:3.57727 train_time:1365.483s step_avg:1217.01ms
step:1123/3300 train_loss:3.61006 train_time:1366.692s step_avg:1217.00ms
step:1124/3300 train_loss:3.62461 train_time:1367.909s step_avg:1217.00ms
step:1125/3300 train_loss:3.64195 train_time:1369.122s step_avg:1217.00ms
step:1125/3300 val_loss:3.60774 train_time:1369.122s step_avg:1213.95ms
step:1126/3300 train_loss:3.58920 train_time:1370.344s step_avg:1217.00ms
step:1127/3300 train_loss:3.67732 train_time:1371.554s step_avg:1217.00ms
step:1128/3300 train_loss:3.62114 train_time:1372.764s step_avg:1216.99ms
step:1129/3300 train_loss:3.61873 train_time:1373.993s step_avg:1217.00ms
step:1130/3300 train_loss:3.60286 train_time:1375.204s step_avg:1216.99ms
step:1131/3300 train_loss:3.62757 train_time:1376.413s step_avg:1216.99ms
step:1132/3300 train_loss:3.62664 train_time:1377.621s step_avg:1216.98ms
step:1133/3300 train_loss:3.68022 train_time:1378.824s step_avg:1216.97ms
step:1134/3300 train_loss:3.64099 train_time:1380.029s step_avg:1216.96ms
step:1135/3300 train_loss:3.66665 train_time:1381.231s step_avg:1216.94ms
step:1136/3300 train_loss:3.60537 train_time:1382.439s step_avg:1216.94ms
step:1137/3300 train_loss:3.71700 train_time:1383.644s step_avg:1216.93ms
step:1138/3300 train_loss:3.59457 train_time:1384.849s step_avg:1216.92ms
step:1139/3300 train_loss:3.63702 train_time:1386.058s step_avg:1216.91ms
step:1140/3300 train_loss:3.61480 train_time:1387.280s step_avg:1216.91ms
step:1141/3300 train_loss:3.67705 train_time:1388.529s step_avg:1216.94ms
step:1142/3300 train_loss:3.62728 train_time:1389.751s step_avg:1216.94ms
step:1143/3300 train_loss:3.60203 train_time:1390.961s step_avg:1216.94ms
step:1144/3300 train_loss:3.60933 train_time:1392.170s step_avg:1216.93ms
step:1145/3300 train_loss:3.65476 train_time:1393.378s step_avg:1216.92ms
step:1146/3300 train_loss:3.70590 train_time:1394.595s step_avg:1216.92ms
step:1147/3300 train_loss:3.65085 train_time:1395.803s step_avg:1216.92ms
step:1148/3300 train_loss:3.69046 train_time:1397.032s step_avg:1216.93ms
step:1149/3300 train_loss:3.59683 train_time:1398.245s step_avg:1216.92ms
step:1150/3300 train_loss:3.58298 train_time:1399.485s step_avg:1216.94ms
step:1151/3300 train_loss:3.60571 train_time:1400.721s step_avg:1216.96ms
step:1152/3300 train_loss:3.68862 train_time:1401.931s step_avg:1216.95ms
step:1153/3300 train_loss:3.58887 train_time:1403.131s step_avg:1216.94ms
step:1154/3300 train_loss:3.62406 train_time:1404.354s step_avg:1216.94ms
step:1155/3300 train_loss:3.66819 train_time:1405.582s step_avg:1216.95ms
step:1156/3300 train_loss:3.65672 train_time:1406.812s step_avg:1216.97ms
step:1157/3300 train_loss:3.62023 train_time:1408.034s step_avg:1216.97ms
step:1158/3300 train_loss:3.66746 train_time:1409.284s step_avg:1217.00ms
step:1159/3300 train_loss:3.62233 train_time:1410.491s step_avg:1216.99ms
step:1160/3300 train_loss:3.59702 train_time:1411.693s step_avg:1216.98ms
step:1161/3300 train_loss:3.54187 train_time:1412.895s step_avg:1216.96ms
step:1162/3300 train_loss:3.64235 train_time:1414.103s step_avg:1216.96ms
step:1163/3300 train_loss:3.60717 train_time:1415.312s step_avg:1216.95ms
step:1164/3300 train_loss:3.58062 train_time:1416.522s step_avg:1216.94ms
step:1165/3300 train_loss:3.61512 train_time:1417.732s step_avg:1216.94ms
step:1166/3300 train_loss:3.62744 train_time:1418.951s step_avg:1216.94ms
step:1167/3300 train_loss:3.64121 train_time:1420.152s step_avg:1216.93ms
step:1168/3300 train_loss:3.63373 train_time:1421.352s step_avg:1216.91ms
step:1169/3300 train_loss:3.57963 train_time:1422.556s step_avg:1216.90ms
step:1170/3300 train_loss:3.64662 train_time:1423.766s step_avg:1216.89ms
step:1171/3300 train_loss:3.55189 train_time:1424.978s step_avg:1216.89ms
step:1172/3300 train_loss:3.60773 train_time:1426.194s step_avg:1216.89ms
step:1173/3300 train_loss:3.75861 train_time:1427.406s step_avg:1216.89ms
step:1174/3300 train_loss:3.58570 train_time:1428.614s step_avg:1216.88ms
step:1175/3300 train_loss:3.60236 train_time:1429.826s step_avg:1216.87ms
step:1176/3300 train_loss:3.56815 train_time:1431.041s step_avg:1216.87ms
step:1177/3300 train_loss:3.61809 train_time:1432.252s step_avg:1216.87ms
step:1178/3300 train_loss:3.59780 train_time:1433.456s step_avg:1216.86ms
step:1179/3300 train_loss:3.68424 train_time:1434.709s step_avg:1216.89ms
step:1180/3300 train_loss:3.59993 train_time:1435.910s step_avg:1216.87ms
step:1181/3300 train_loss:3.57599 train_time:1437.119s step_avg:1216.87ms
step:1182/3300 train_loss:3.61260 train_time:1438.326s step_avg:1216.86ms
step:1183/3300 train_loss:3.60004 train_time:1439.546s step_avg:1216.86ms
step:1184/3300 train_loss:3.59029 train_time:1440.754s step_avg:1216.85ms
step:1185/3300 train_loss:3.63498 train_time:1441.966s step_avg:1216.85ms
step:1186/3300 train_loss:3.54977 train_time:1443.179s step_avg:1216.85ms
step:1187/3300 train_loss:3.63722 train_time:1444.442s step_avg:1216.88ms
step:1188/3300 train_loss:3.62221 train_time:1445.651s step_avg:1216.88ms
step:1189/3300 train_loss:3.62076 train_time:1446.853s step_avg:1216.87ms
step:1190/3300 train_loss:3.62188 train_time:1448.075s step_avg:1216.87ms
step:1191/3300 train_loss:3.74096 train_time:1449.284s step_avg:1216.86ms
step:1192/3300 train_loss:3.68807 train_time:1450.524s step_avg:1216.88ms
step:1193/3300 train_loss:3.58485 train_time:1451.730s step_avg:1216.87ms
step:1194/3300 train_loss:3.61739 train_time:1452.936s step_avg:1216.86ms
step:1195/3300 train_loss:3.60464 train_time:1454.162s step_avg:1216.87ms
step:1196/3300 train_loss:3.60425 train_time:1455.410s step_avg:1216.90ms
step:1197/3300 train_loss:3.68943 train_time:1456.621s step_avg:1216.89ms
step:1198/3300 train_loss:3.63371 train_time:1457.838s step_avg:1216.89ms
step:1199/3300 train_loss:3.58510 train_time:1459.082s step_avg:1216.92ms
step:1200/3300 train_loss:3.58959 train_time:1460.305s step_avg:1216.92ms
step:1201/3300 train_loss:3.63279 train_time:1461.517s step_avg:1216.92ms
step:1202/3300 train_loss:3.63749 train_time:1462.715s step_avg:1216.90ms
step:1203/3300 train_loss:3.57216 train_time:1463.926s step_avg:1216.90ms
step:1204/3300 train_loss:3.63163 train_time:1465.144s step_avg:1216.90ms
step:1205/3300 train_loss:3.62987 train_time:1466.357s step_avg:1216.89ms
step:1206/3300 train_loss:3.55635 train_time:1467.573s step_avg:1216.89ms
step:1207/3300 train_loss:3.65742 train_time:1468.776s step_avg:1216.88ms
step:1208/3300 train_loss:3.59658 train_time:1470.009s step_avg:1216.90ms
step:1209/3300 train_loss:3.60218 train_time:1471.225s step_avg:1216.89ms
step:1210/3300 train_loss:3.58266 train_time:1472.433s step_avg:1216.89ms
step:1211/3300 train_loss:3.64602 train_time:1473.651s step_avg:1216.89ms
step:1212/3300 train_loss:3.57172 train_time:1474.888s step_avg:1216.90ms
step:1213/3300 train_loss:3.59864 train_time:1476.104s step_avg:1216.90ms
step:1214/3300 train_loss:3.56112 train_time:1477.315s step_avg:1216.90ms
step:1215/3300 train_loss:3.59856 train_time:1478.517s step_avg:1216.89ms
step:1216/3300 train_loss:3.58433 train_time:1479.724s step_avg:1216.88ms
step:1217/3300 train_loss:3.57631 train_time:1480.931s step_avg:1216.87ms
step:1218/3300 train_loss:3.58399 train_time:1482.136s step_avg:1216.86ms
step:1219/3300 train_loss:3.68247 train_time:1483.344s step_avg:1216.85ms
step:1220/3300 train_loss:3.62922 train_time:1484.556s step_avg:1216.85ms
step:1221/3300 train_loss:3.58217 train_time:1485.765s step_avg:1216.84ms
step:1222/3300 train_loss:3.64114 train_time:1486.982s step_avg:1216.84ms
step:1223/3300 train_loss:3.59093 train_time:1488.190s step_avg:1216.84ms
step:1224/3300 train_loss:3.60914 train_time:1489.398s step_avg:1216.83ms
step:1225/3300 train_loss:3.56338 train_time:1490.596s step_avg:1216.81ms
step:1226/3300 train_loss:3.60902 train_time:1491.807s step_avg:1216.81ms
step:1227/3300 train_loss:3.59610 train_time:1493.018s step_avg:1216.80ms
step:1228/3300 train_loss:3.58056 train_time:1494.222s step_avg:1216.79ms
step:1229/3300 train_loss:3.59142 train_time:1495.438s step_avg:1216.79ms
step:1230/3300 train_loss:3.56757 train_time:1496.667s step_avg:1216.80ms
step:1231/3300 train_loss:3.64952 train_time:1497.882s step_avg:1216.80ms
step:1232/3300 train_loss:3.60654 train_time:1499.102s step_avg:1216.80ms
step:1233/3300 train_loss:3.56770 train_time:1500.327s step_avg:1216.81ms
step:1234/3300 train_loss:3.63959 train_time:1501.538s step_avg:1216.81ms
step:1235/3300 train_loss:3.59802 train_time:1502.741s step_avg:1216.79ms
step:1236/3300 train_loss:3.60819 train_time:1503.962s step_avg:1216.80ms
step:1237/3300 train_loss:3.56278 train_time:1505.203s step_avg:1216.82ms
step:1238/3300 train_loss:3.55510 train_time:1506.444s step_avg:1216.84ms
step:1239/3300 train_loss:3.62137 train_time:1507.677s step_avg:1216.85ms
step:1240/3300 train_loss:3.54963 train_time:1508.881s step_avg:1216.84ms
step:1241/3300 train_loss:3.67075 train_time:1510.110s step_avg:1216.85ms
step:1242/3300 train_loss:3.68327 train_time:1511.341s step_avg:1216.86ms
step:1243/3300 train_loss:3.61738 train_time:1512.552s step_avg:1216.86ms
step:1244/3300 train_loss:3.58627 train_time:1513.755s step_avg:1216.84ms
step:1245/3300 train_loss:3.60935 train_time:1514.967s step_avg:1216.84ms
step:1246/3300 train_loss:3.55284 train_time:1516.189s step_avg:1216.84ms
step:1247/3300 train_loss:3.55999 train_time:1517.394s step_avg:1216.84ms
step:1248/3300 train_loss:3.62278 train_time:1518.599s step_avg:1216.83ms
step:1249/3300 train_loss:3.58534 train_time:1519.807s step_avg:1216.82ms
step:1250/3300 train_loss:3.52937 train_time:1521.060s step_avg:1216.85ms
step:1250/3300 val_loss:3.57502 train_time:1521.060s step_avg:1215.51ms
step:1251/3300 train_loss:3.56791 train_time:1522.281s step_avg:1216.85ms
step:1252/3300 train_loss:3.57565 train_time:1523.494s step_avg:1216.85ms
step:1253/3300 train_loss:3.60632 train_time:1524.702s step_avg:1216.84ms
step:1254/3300 train_loss:3.62327 train_time:1525.909s step_avg:1216.83ms
step:1255/3300 train_loss:3.61502 train_time:1527.139s step_avg:1216.84ms
step:1256/3300 train_loss:3.60040 train_time:1528.355s step_avg:1216.84ms
step:1257/3300 train_loss:3.56159 train_time:1529.567s step_avg:1216.84ms
step:1258/3300 train_loss:3.77895 train_time:1530.823s step_avg:1216.87ms
step:1259/3300 train_loss:3.60876 train_time:1532.051s step_avg:1216.88ms
step:1260/3300 train_loss:3.56444 train_time:1533.261s step_avg:1216.87ms
step:1261/3300 train_loss:3.59602 train_time:1534.475s step_avg:1216.87ms
step:1262/3300 train_loss:3.61970 train_time:1535.684s step_avg:1216.87ms
step:1263/3300 train_loss:3.59080 train_time:1536.899s step_avg:1216.86ms
step:1264/3300 train_loss:3.57382 train_time:1538.108s step_avg:1216.86ms
step:1265/3300 train_loss:3.60543 train_time:1539.329s step_avg:1216.86ms
step:1266/3300 train_loss:3.59093 train_time:1540.540s step_avg:1216.86ms
step:1267/3300 train_loss:3.52253 train_time:1541.780s step_avg:1216.87ms
step:1268/3300 train_loss:3.54274 train_time:1543.054s step_avg:1216.92ms
step:1269/3300 train_loss:3.56910 train_time:1544.265s step_avg:1216.91ms
step:1270/3300 train_loss:3.61356 train_time:1545.473s step_avg:1216.91ms
step:1271/3300 train_loss:3.57724 train_time:1546.687s step_avg:1216.91ms
step:1272/3300 train_loss:3.60409 train_time:1547.889s step_avg:1216.89ms
step:1273/3300 train_loss:3.61720 train_time:1549.091s step_avg:1216.88ms
step:1274/3300 train_loss:3.62792 train_time:1550.295s step_avg:1216.87ms
step:1275/3300 train_loss:3.54582 train_time:1551.516s step_avg:1216.88ms
step:1276/3300 train_loss:3.61065 train_time:1552.743s step_avg:1216.88ms
step:1277/3300 train_loss:3.55824 train_time:1553.951s step_avg:1216.88ms
step:1278/3300 train_loss:3.62954 train_time:1555.153s step_avg:1216.86ms
step:1279/3300 train_loss:3.58070 train_time:1556.372s step_avg:1216.87ms
step:1280/3300 train_loss:3.63544 train_time:1557.577s step_avg:1216.86ms
step:1281/3300 train_loss:3.59761 train_time:1558.802s step_avg:1216.86ms
step:1282/3300 train_loss:3.63751 train_time:1560.018s step_avg:1216.86ms
step:1283/3300 train_loss:3.52720 train_time:1561.251s step_avg:1216.88ms
step:1284/3300 train_loss:3.56592 train_time:1562.462s step_avg:1216.87ms
step:1285/3300 train_loss:3.58512 train_time:1563.669s step_avg:1216.86ms
step:1286/3300 train_loss:3.68930 train_time:1564.877s step_avg:1216.86ms
step:1287/3300 train_loss:3.60583 train_time:1566.090s step_avg:1216.85ms
step:1288/3300 train_loss:3.58741 train_time:1567.298s step_avg:1216.85ms
step:1289/3300 train_loss:3.56094 train_time:1568.540s step_avg:1216.87ms
step:1290/3300 train_loss:3.56506 train_time:1569.753s step_avg:1216.86ms
step:1291/3300 train_loss:3.57902 train_time:1570.960s step_avg:1216.86ms
step:1292/3300 train_loss:3.63560 train_time:1572.172s step_avg:1216.85ms
step:1293/3300 train_loss:3.61717 train_time:1573.383s step_avg:1216.85ms
step:1294/3300 train_loss:3.58385 train_time:1574.592s step_avg:1216.84ms
step:1295/3300 train_loss:3.62162 train_time:1575.794s step_avg:1216.83ms
step:1296/3300 train_loss:3.65168 train_time:1577.033s step_avg:1216.85ms
step:1297/3300 train_loss:3.54575 train_time:1578.234s step_avg:1216.83ms
step:1298/3300 train_loss:3.63490 train_time:1579.446s step_avg:1216.83ms
step:1299/3300 train_loss:3.56228 train_time:1580.662s step_avg:1216.83ms
step:1300/3300 train_loss:3.60704 train_time:1581.891s step_avg:1216.84ms
step:1301/3300 train_loss:3.61974 train_time:1583.109s step_avg:1216.84ms
step:1302/3300 train_loss:3.61947 train_time:1584.318s step_avg:1216.83ms
step:1303/3300 train_loss:3.60828 train_time:1585.533s step_avg:1216.83ms
step:1304/3300 train_loss:3.58420 train_time:1586.755s step_avg:1216.84ms
step:1305/3300 train_loss:3.53611 train_time:1587.959s step_avg:1216.83ms
step:1306/3300 train_loss:3.58546 train_time:1589.177s step_avg:1216.83ms
step:1307/3300 train_loss:3.53288 train_time:1590.389s step_avg:1216.82ms
step:1308/3300 train_loss:3.56753 train_time:1591.597s step_avg:1216.82ms
step:1309/3300 train_loss:3.65719 train_time:1592.818s step_avg:1216.82ms
step:1310/3300 train_loss:3.51905 train_time:1594.027s step_avg:1216.81ms
step:1311/3300 train_loss:3.57690 train_time:1595.240s step_avg:1216.81ms
step:1312/3300 train_loss:3.57835 train_time:1596.449s step_avg:1216.81ms
step:1313/3300 train_loss:3.55758 train_time:1597.656s step_avg:1216.80ms
step:1314/3300 train_loss:3.48650 train_time:1598.864s step_avg:1216.79ms
step:1315/3300 train_loss:3.64131 train_time:1600.077s step_avg:1216.79ms
step:1316/3300 train_loss:3.64033 train_time:1601.286s step_avg:1216.78ms
step:1317/3300 train_loss:3.57759 train_time:1602.492s step_avg:1216.77ms
step:1318/3300 train_loss:3.56216 train_time:1603.694s step_avg:1216.76ms
step:1319/3300 train_loss:3.65856 train_time:1604.895s step_avg:1216.75ms
step:1320/3300 train_loss:3.61170 train_time:1606.097s step_avg:1216.74ms
step:1321/3300 train_loss:3.71431 train_time:1607.304s step_avg:1216.73ms
step:1322/3300 train_loss:3.56292 train_time:1608.537s step_avg:1216.75ms
step:1323/3300 train_loss:3.62337 train_time:1609.740s step_avg:1216.73ms
step:1324/3300 train_loss:3.63633 train_time:1610.950s step_avg:1216.73ms
step:1325/3300 train_loss:3.55346 train_time:1612.169s step_avg:1216.73ms
step:1326/3300 train_loss:3.55228 train_time:1613.400s step_avg:1216.74ms
step:1327/3300 train_loss:3.59664 train_time:1614.605s step_avg:1216.73ms
step:1328/3300 train_loss:3.49503 train_time:1615.811s step_avg:1216.73ms
step:1329/3300 train_loss:3.59654 train_time:1617.018s step_avg:1216.72ms
step:1330/3300 train_loss:3.62115 train_time:1618.229s step_avg:1216.71ms
step:1331/3300 train_loss:3.60778 train_time:1619.461s step_avg:1216.73ms
step:1332/3300 train_loss:3.67461 train_time:1620.665s step_avg:1216.72ms
step:1333/3300 train_loss:3.60517 train_time:1621.878s step_avg:1216.71ms
step:1334/3300 train_loss:3.60419 train_time:1623.089s step_avg:1216.71ms
step:1335/3300 train_loss:3.64787 train_time:1624.293s step_avg:1216.70ms
step:1336/3300 train_loss:3.59616 train_time:1625.504s step_avg:1216.69ms
step:1337/3300 train_loss:3.59916 train_time:1626.716s step_avg:1216.69ms
step:1338/3300 train_loss:3.58516 train_time:1627.926s step_avg:1216.69ms
step:1339/3300 train_loss:3.57576 train_time:1629.136s step_avg:1216.68ms
step:1340/3300 train_loss:3.59771 train_time:1630.342s step_avg:1216.67ms
step:1341/3300 train_loss:3.60339 train_time:1631.567s step_avg:1216.68ms
step:1342/3300 train_loss:3.66971 train_time:1632.776s step_avg:1216.67ms
step:1343/3300 train_loss:3.61144 train_time:1633.979s step_avg:1216.66ms
step:1344/3300 train_loss:3.56390 train_time:1635.189s step_avg:1216.66ms
step:1345/3300 train_loss:3.49427 train_time:1636.413s step_avg:1216.66ms
step:1346/3300 train_loss:3.56924 train_time:1637.629s step_avg:1216.66ms
step:1347/3300 train_loss:3.59566 train_time:1638.836s step_avg:1216.66ms
step:1348/3300 train_loss:3.58779 train_time:1640.046s step_avg:1216.65ms
step:1349/3300 train_loss:3.56916 train_time:1641.255s step_avg:1216.65ms
step:1350/3300 train_loss:3.59707 train_time:1642.459s step_avg:1216.64ms
step:1351/3300 train_loss:3.62249 train_time:1643.717s step_avg:1216.67ms
step:1352/3300 train_loss:3.54628 train_time:1644.919s step_avg:1216.66ms
step:1353/3300 train_loss:3.59106 train_time:1646.126s step_avg:1216.65ms
step:1354/3300 train_loss:3.57076 train_time:1647.349s step_avg:1216.65ms
step:1355/3300 train_loss:3.51367 train_time:1648.563s step_avg:1216.65ms
step:1356/3300 train_loss:3.61386 train_time:1649.779s step_avg:1216.65ms
step:1357/3300 train_loss:3.76124 train_time:1650.980s step_avg:1216.64ms
step:1358/3300 train_loss:3.59376 train_time:1652.223s step_avg:1216.66ms
step:1359/3300 train_loss:3.52015 train_time:1653.424s step_avg:1216.65ms
step:1360/3300 train_loss:3.55150 train_time:1654.631s step_avg:1216.64ms
step:1361/3300 train_loss:3.52968 train_time:1655.844s step_avg:1216.64ms
step:1362/3300 train_loss:3.57123 train_time:1657.053s step_avg:1216.63ms
step:1363/3300 train_loss:3.51975 train_time:1658.261s step_avg:1216.63ms
step:1364/3300 train_loss:3.53283 train_time:1659.493s step_avg:1216.64ms
step:1365/3300 train_loss:3.57101 train_time:1660.705s step_avg:1216.63ms
step:1366/3300 train_loss:3.59273 train_time:1661.924s step_avg:1216.64ms
step:1367/3300 train_loss:3.57405 train_time:1663.132s step_avg:1216.63ms
step:1368/3300 train_loss:3.64038 train_time:1664.339s step_avg:1216.62ms
step:1369/3300 train_loss:3.57675 train_time:1665.544s step_avg:1216.61ms
step:1370/3300 train_loss:3.64353 train_time:1666.755s step_avg:1216.61ms
step:1371/3300 train_loss:3.56806 train_time:1667.974s step_avg:1216.61ms
step:1372/3300 train_loss:3.60824 train_time:1669.180s step_avg:1216.60ms
step:1373/3300 train_loss:3.58758 train_time:1670.383s step_avg:1216.59ms
step:1374/3300 train_loss:3.54816 train_time:1671.595s step_avg:1216.59ms
step:1375/3300 train_loss:3.57382 train_time:1672.814s step_avg:1216.59ms
step:1375/3300 val_loss:3.55068 train_time:1672.814s step_avg:1214.03ms
step:1376/3300 train_loss:3.61369 train_time:1674.035s step_avg:1216.60ms
step:1377/3300 train_loss:3.56653 train_time:1675.257s step_avg:1216.60ms
step:1378/3300 train_loss:3.59444 train_time:1676.466s step_avg:1216.59ms
step:1379/3300 train_loss:3.51297 train_time:1677.680s step_avg:1216.59ms
step:1380/3300 train_loss:3.50366 train_time:1678.894s step_avg:1216.59ms
step:1381/3300 train_loss:3.62361 train_time:1680.110s step_avg:1216.59ms
step:1382/3300 train_loss:3.57603 train_time:1681.329s step_avg:1216.59ms
step:1383/3300 train_loss:3.57770 train_time:1682.541s step_avg:1216.59ms
step:1384/3300 train_loss:3.55212 train_time:1683.751s step_avg:1216.58ms
step:1385/3300 train_loss:3.53014 train_time:1684.962s step_avg:1216.58ms
step:1386/3300 train_loss:3.58934 train_time:1686.168s step_avg:1216.57ms
step:1387/3300 train_loss:3.58283 train_time:1687.378s step_avg:1216.57ms
step:1388/3300 train_loss:3.56463 train_time:1688.592s step_avg:1216.57ms
step:1389/3300 train_loss:3.59685 train_time:1689.811s step_avg:1216.57ms
step:1390/3300 train_loss:3.57714 train_time:1691.023s step_avg:1216.56ms
step:1391/3300 train_loss:3.61918 train_time:1692.269s step_avg:1216.58ms
step:1392/3300 train_loss:3.56619 train_time:1693.477s step_avg:1216.58ms
step:1393/3300 train_loss:3.57056 train_time:1694.692s step_avg:1216.58ms
step:1394/3300 train_loss:3.61806 train_time:1695.900s step_avg:1216.57ms
step:1395/3300 train_loss:3.57495 train_time:1697.102s step_avg:1216.56ms
step:1396/3300 train_loss:3.57318 train_time:1698.313s step_avg:1216.56ms
step:1397/3300 train_loss:3.54243 train_time:1699.522s step_avg:1216.55ms
step:1398/3300 train_loss:3.54752 train_time:1700.729s step_avg:1216.54ms
step:1399/3300 train_loss:3.53010 train_time:1701.947s step_avg:1216.55ms
step:1400/3300 train_loss:3.57335 train_time:1703.147s step_avg:1216.53ms
step:1401/3300 train_loss:3.52410 train_time:1704.368s step_avg:1216.54ms
step:1402/3300 train_loss:3.56326 train_time:1705.583s step_avg:1216.54ms
step:1403/3300 train_loss:3.59963 train_time:1706.788s step_avg:1216.53ms
step:1404/3300 train_loss:3.54915 train_time:1708.000s step_avg:1216.52ms
step:1405/3300 train_loss:3.51213 train_time:1709.212s step_avg:1216.52ms
step:1406/3300 train_loss:3.55818 train_time:1710.447s step_avg:1216.53ms
step:1407/3300 train_loss:3.57742 train_time:1711.666s step_avg:1216.54ms
step:1408/3300 train_loss:3.62934 train_time:1712.866s step_avg:1216.52ms
step:1409/3300 train_loss:3.55862 train_time:1714.070s step_avg:1216.52ms
step:1410/3300 train_loss:3.57458 train_time:1715.294s step_avg:1216.52ms
step:1411/3300 train_loss:3.57049 train_time:1716.511s step_avg:1216.52ms
step:1412/3300 train_loss:3.59392 train_time:1717.705s step_avg:1216.51ms
step:1413/3300 train_loss:3.56747 train_time:1718.908s step_avg:1216.50ms
step:1414/3300 train_loss:3.50485 train_time:1720.129s step_avg:1216.50ms
step:1415/3300 train_loss:3.56381 train_time:1721.367s step_avg:1216.51ms
step:1416/3300 train_loss:3.54574 train_time:1722.576s step_avg:1216.51ms
step:1417/3300 train_loss:3.56542 train_time:1723.801s step_avg:1216.51ms
step:1418/3300 train_loss:3.57507 train_time:1725.012s step_avg:1216.51ms
step:1419/3300 train_loss:3.67209 train_time:1726.224s step_avg:1216.51ms
step:1420/3300 train_loss:3.56748 train_time:1727.428s step_avg:1216.50ms
step:1421/3300 train_loss:3.52794 train_time:1728.648s step_avg:1216.50ms
step:1422/3300 train_loss:3.54907 train_time:1729.884s step_avg:1216.51ms
step:1423/3300 train_loss:3.52604 train_time:1731.099s step_avg:1216.51ms
step:1424/3300 train_loss:3.54588 train_time:1732.308s step_avg:1216.51ms
step:1425/3300 train_loss:3.52824 train_time:1733.511s step_avg:1216.50ms
step:1426/3300 train_loss:3.56956 train_time:1734.736s step_avg:1216.50ms
step:1427/3300 train_loss:3.55699 train_time:1735.955s step_avg:1216.51ms
step:1428/3300 train_loss:3.56226 train_time:1737.163s step_avg:1216.50ms
step:1429/3300 train_loss:3.57620 train_time:1738.366s step_avg:1216.49ms
step:1430/3300 train_loss:3.50934 train_time:1739.572s step_avg:1216.48ms
step:1431/3300 train_loss:3.51379 train_time:1740.787s step_avg:1216.48ms
step:1432/3300 train_loss:3.58397 train_time:1741.988s step_avg:1216.47ms
step:1433/3300 train_loss:3.50324 train_time:1743.190s step_avg:1216.46ms
step:1434/3300 train_loss:3.51641 train_time:1744.390s step_avg:1216.45ms
step:1435/3300 train_loss:3.51357 train_time:1745.611s step_avg:1216.45ms
step:1436/3300 train_loss:3.49825 train_time:1746.828s step_avg:1216.45ms
step:1437/3300 train_loss:3.63329 train_time:1748.029s step_avg:1216.44ms
step:1438/3300 train_loss:3.58307 train_time:1749.240s step_avg:1216.44ms
step:1439/3300 train_loss:3.53405 train_time:1750.452s step_avg:1216.44ms
step:1440/3300 train_loss:3.47843 train_time:1751.667s step_avg:1216.44ms
step:1441/3300 train_loss:3.52206 train_time:1752.876s step_avg:1216.43ms
step:1442/3300 train_loss:3.53047 train_time:1754.143s step_avg:1216.47ms
step:1443/3300 train_loss:3.56336 train_time:1755.381s step_avg:1216.48ms
step:1444/3300 train_loss:3.54274 train_time:1756.592s step_avg:1216.48ms
step:1445/3300 train_loss:3.54017 train_time:1757.805s step_avg:1216.47ms
step:1446/3300 train_loss:3.58113 train_time:1759.018s step_avg:1216.47ms
step:1447/3300 train_loss:3.51302 train_time:1760.228s step_avg:1216.47ms
step:1448/3300 train_loss:3.52723 train_time:1761.432s step_avg:1216.46ms
step:1449/3300 train_loss:3.54574 train_time:1762.644s step_avg:1216.46ms
step:1450/3300 train_loss:3.55242 train_time:1763.853s step_avg:1216.45ms
step:1451/3300 train_loss:3.49178 train_time:1765.077s step_avg:1216.46ms
step:1452/3300 train_loss:3.53382 train_time:1766.284s step_avg:1216.45ms
step:1453/3300 train_loss:3.48322 train_time:1767.492s step_avg:1216.44ms
step:1454/3300 train_loss:3.59313 train_time:1768.715s step_avg:1216.45ms
step:1455/3300 train_loss:3.57590 train_time:1769.924s step_avg:1216.44ms
step:1456/3300 train_loss:3.52039 train_time:1771.141s step_avg:1216.44ms
step:1457/3300 train_loss:3.55146 train_time:1772.350s step_avg:1216.44ms
step:1458/3300 train_loss:3.57576 train_time:1773.560s step_avg:1216.43ms
step:1459/3300 train_loss:3.57358 train_time:1774.770s step_avg:1216.43ms
step:1460/3300 train_loss:3.49723 train_time:1775.972s step_avg:1216.42ms
step:1461/3300 train_loss:3.53863 train_time:1777.178s step_avg:1216.41ms
step:1462/3300 train_loss:3.47656 train_time:1778.386s step_avg:1216.41ms
step:1463/3300 train_loss:3.62243 train_time:1779.594s step_avg:1216.40ms
step:1464/3300 train_loss:3.53557 train_time:1780.814s step_avg:1216.40ms
step:1465/3300 train_loss:3.53649 train_time:1782.038s step_avg:1216.41ms
step:1466/3300 train_loss:3.54193 train_time:1783.251s step_avg:1216.41ms
step:1467/3300 train_loss:3.51185 train_time:1784.454s step_avg:1216.40ms
step:1468/3300 train_loss:3.52864 train_time:1785.687s step_avg:1216.41ms
step:1469/3300 train_loss:3.53453 train_time:1786.893s step_avg:1216.40ms
step:1470/3300 train_loss:3.45306 train_time:1788.103s step_avg:1216.40ms
step:1471/3300 train_loss:3.50291 train_time:1789.333s step_avg:1216.41ms
step:1472/3300 train_loss:3.58926 train_time:1790.594s step_avg:1216.44ms
step:1473/3300 train_loss:3.56786 train_time:1791.805s step_avg:1216.43ms
step:1474/3300 train_loss:3.52206 train_time:1793.012s step_avg:1216.43ms
step:1475/3300 train_loss:3.49986 train_time:1794.227s step_avg:1216.42ms
step:1476/3300 train_loss:3.53124 train_time:1795.444s step_avg:1216.43ms
step:1477/3300 train_loss:3.48145 train_time:1796.652s step_avg:1216.42ms
step:1478/3300 train_loss:3.53331 train_time:1797.851s step_avg:1216.41ms
step:1479/3300 train_loss:3.57164 train_time:1799.055s step_avg:1216.40ms
step:1480/3300 train_loss:3.56658 train_time:1800.263s step_avg:1216.39ms
step:1481/3300 train_loss:3.59424 train_time:1801.478s step_avg:1216.39ms
step:1482/3300 train_loss:3.52982 train_time:1802.689s step_avg:1216.39ms
step:1483/3300 train_loss:3.52045 train_time:1803.905s step_avg:1216.39ms
step:1484/3300 train_loss:3.51732 train_time:1805.148s step_avg:1216.41ms
step:1485/3300 train_loss:3.50338 train_time:1806.355s step_avg:1216.40ms
step:1486/3300 train_loss:3.54801 train_time:1807.570s step_avg:1216.40ms
step:1487/3300 train_loss:3.58960 train_time:1808.781s step_avg:1216.40ms
step:1488/3300 train_loss:3.52923 train_time:1809.988s step_avg:1216.39ms
step:1489/3300 train_loss:3.52011 train_time:1811.196s step_avg:1216.38ms
step:1490/3300 train_loss:3.54015 train_time:1812.425s step_avg:1216.39ms
step:1491/3300 train_loss:3.51844 train_time:1813.638s step_avg:1216.39ms
step:1492/3300 train_loss:3.45953 train_time:1814.862s step_avg:1216.40ms
step:1493/3300 train_loss:3.58099 train_time:1816.073s step_avg:1216.39ms
step:1494/3300 train_loss:3.49116 train_time:1817.275s step_avg:1216.38ms
step:1495/3300 train_loss:3.47060 train_time:1818.505s step_avg:1216.39ms
step:1496/3300 train_loss:3.49987 train_time:1819.722s step_avg:1216.39ms
step:1497/3300 train_loss:3.54516 train_time:1820.940s step_avg:1216.39ms
step:1498/3300 train_loss:3.47834 train_time:1822.152s step_avg:1216.39ms
step:1499/3300 train_loss:3.50820 train_time:1823.356s step_avg:1216.38ms
step:1500/3300 train_loss:3.55742 train_time:1824.565s step_avg:1216.38ms
step:1500/3300 val_loss:3.52050 train_time:1824.565s step_avg:1214.01ms
step:1501/3300 train_loss:3.42595 train_time:1825.771s step_avg:1216.37ms
step:1502/3300 train_loss:3.47857 train_time:1826.973s step_avg:1216.36ms
step:1503/3300 train_loss:3.46336 train_time:1828.186s step_avg:1216.36ms
step:1504/3300 train_loss:3.50121 train_time:1829.393s step_avg:1216.35ms
step:1505/3300 train_loss:3.49033 train_time:1830.601s step_avg:1216.35ms
step:1506/3300 train_loss:3.51576 train_time:1831.827s step_avg:1216.35ms
step:1507/3300 train_loss:3.45834 train_time:1833.037s step_avg:1216.35ms
step:1508/3300 train_loss:3.52645 train_time:1834.250s step_avg:1216.35ms
step:1509/3300 train_loss:3.52898 train_time:1835.455s step_avg:1216.34ms
step:1510/3300 train_loss:3.49869 train_time:1836.664s step_avg:1216.33ms
step:1511/3300 train_loss:3.56199 train_time:1837.886s step_avg:1216.34ms
step:1512/3300 train_loss:3.51587 train_time:1839.094s step_avg:1216.33ms
step:1513/3300 train_loss:3.51441 train_time:1840.301s step_avg:1216.33ms
step:1514/3300 train_loss:3.58931 train_time:1841.519s step_avg:1216.33ms
step:1515/3300 train_loss:3.52805 train_time:1842.730s step_avg:1216.32ms
step:1516/3300 train_loss:3.58447 train_time:1843.959s step_avg:1216.33ms
step:1517/3300 train_loss:3.49188 train_time:1845.168s step_avg:1216.33ms
step:1518/3300 train_loss:3.52612 train_time:1846.401s step_avg:1216.34ms
step:1519/3300 train_loss:3.57511 train_time:1847.609s step_avg:1216.33ms
step:1520/3300 train_loss:3.45356 train_time:1848.816s step_avg:1216.33ms
step:1521/3300 train_loss:3.50880 train_time:1850.062s step_avg:1216.35ms
step:1522/3300 train_loss:3.50505 train_time:1851.270s step_avg:1216.34ms
step:1523/3300 train_loss:3.53960 train_time:1852.601s step_avg:1216.42ms
step:1524/3300 train_loss:3.55656 train_time:1853.895s step_avg:1216.47ms
step:1525/3300 train_loss:3.56339 train_time:1855.111s step_avg:1216.47ms
step:1526/3300 train_loss:3.54911 train_time:1856.320s step_avg:1216.46ms
step:1527/3300 train_loss:3.47932 train_time:1857.602s step_avg:1216.50ms
step:1528/3300 train_loss:3.58834 train_time:1858.808s step_avg:1216.50ms
step:1529/3300 train_loss:3.51543 train_time:1860.014s step_avg:1216.49ms
step:1530/3300 train_loss:3.51519 train_time:1861.219s step_avg:1216.48ms
step:1531/3300 train_loss:3.52753 train_time:1862.446s step_avg:1216.49ms
step:1532/3300 train_loss:3.56663 train_time:1863.667s step_avg:1216.49ms
step:1533/3300 train_loss:3.55410 train_time:1864.872s step_avg:1216.49ms
step:1534/3300 train_loss:3.52084 train_time:1866.098s step_avg:1216.49ms
step:1535/3300 train_loss:3.52750 train_time:1867.305s step_avg:1216.49ms
step:1536/3300 train_loss:3.48885 train_time:1868.526s step_avg:1216.49ms
step:1537/3300 train_loss:3.57330 train_time:1869.735s step_avg:1216.48ms
step:1538/3300 train_loss:3.53054 train_time:1870.966s step_avg:1216.49ms
step:1539/3300 train_loss:3.63026 train_time:1872.189s step_avg:1216.50ms
step:1540/3300 train_loss:3.48543 train_time:1873.401s step_avg:1216.49ms
step:1541/3300 train_loss:3.48526 train_time:1874.620s step_avg:1216.50ms
step:1542/3300 train_loss:3.50512 train_time:1875.827s step_avg:1216.49ms
step:1543/3300 train_loss:3.52740 train_time:1877.039s step_avg:1216.49ms
step:1544/3300 train_loss:3.49212 train_time:1878.242s step_avg:1216.48ms
step:1545/3300 train_loss:3.54606 train_time:1879.452s step_avg:1216.47ms
step:1546/3300 train_loss:3.52807 train_time:1880.663s step_avg:1216.47ms
step:1547/3300 train_loss:3.52845 train_time:1881.888s step_avg:1216.48ms
step:1548/3300 train_loss:3.54740 train_time:1883.112s step_avg:1216.48ms
step:1549/3300 train_loss:3.54104 train_time:1884.340s step_avg:1216.49ms
step:1550/3300 train_loss:3.54126 train_time:1885.551s step_avg:1216.48ms
step:1551/3300 train_loss:3.48922 train_time:1886.792s step_avg:1216.50ms
step:1552/3300 train_loss:3.54040 train_time:1888.001s step_avg:1216.50ms
step:1553/3300 train_loss:3.53389 train_time:1889.211s step_avg:1216.49ms
step:1554/3300 train_loss:3.52239 train_time:1890.418s step_avg:1216.49ms
step:1555/3300 train_loss:3.52514 train_time:1891.626s step_avg:1216.48ms
step:1556/3300 train_loss:3.55461 train_time:1892.853s step_avg:1216.49ms
step:1557/3300 train_loss:3.51614 train_time:1894.071s step_avg:1216.49ms
step:1558/3300 train_loss:3.40268 train_time:1895.291s step_avg:1216.49ms
step:1559/3300 train_loss:3.51520 train_time:1896.506s step_avg:1216.49ms
step:1560/3300 train_loss:3.51199 train_time:1897.715s step_avg:1216.48ms
step:1561/3300 train_loss:3.60748 train_time:1898.924s step_avg:1216.48ms
step:1562/3300 train_loss:3.54968 train_time:1900.136s step_avg:1216.48ms
step:1563/3300 train_loss:3.53173 train_time:1901.339s step_avg:1216.47ms
step:1564/3300 train_loss:3.44743 train_time:1902.560s step_avg:1216.47ms
step:1565/3300 train_loss:3.50529 train_time:1903.763s step_avg:1216.46ms
step:1566/3300 train_loss:3.50874 train_time:1904.974s step_avg:1216.46ms
step:1567/3300 train_loss:3.48865 train_time:1906.201s step_avg:1216.47ms
step:1568/3300 train_loss:3.51591 train_time:1907.416s step_avg:1216.46ms
step:1569/3300 train_loss:3.55198 train_time:1908.622s step_avg:1216.46ms
step:1570/3300 train_loss:3.48195 train_time:1909.829s step_avg:1216.45ms
step:1571/3300 train_loss:3.46846 train_time:1911.046s step_avg:1216.45ms
step:1572/3300 train_loss:3.48992 train_time:1912.251s step_avg:1216.44ms
step:1573/3300 train_loss:3.51720 train_time:1913.460s step_avg:1216.44ms
step:1574/3300 train_loss:3.49970 train_time:1914.678s step_avg:1216.44ms
step:1575/3300 train_loss:3.55176 train_time:1915.883s step_avg:1216.43ms
step:1576/3300 train_loss:3.57353 train_time:1917.107s step_avg:1216.44ms
step:1577/3300 train_loss:3.54965 train_time:1918.338s step_avg:1216.45ms
step:1578/3300 train_loss:3.54171 train_time:1919.541s step_avg:1216.44ms
step:1579/3300 train_loss:3.47244 train_time:1920.747s step_avg:1216.43ms
step:1580/3300 train_loss:3.42194 train_time:1921.959s step_avg:1216.43ms
step:1581/3300 train_loss:3.58567 train_time:1923.167s step_avg:1216.42ms
step:1582/3300 train_loss:3.47571 train_time:1924.376s step_avg:1216.42ms
step:1583/3300 train_loss:3.51883 train_time:1925.579s step_avg:1216.41ms
step:1584/3300 train_loss:3.49552 train_time:1926.782s step_avg:1216.40ms
step:1585/3300 train_loss:3.51700 train_time:1927.985s step_avg:1216.39ms
step:1586/3300 train_loss:3.46010 train_time:1929.201s step_avg:1216.39ms
step:1587/3300 train_loss:3.48444 train_time:1930.409s step_avg:1216.39ms
step:1588/3300 train_loss:3.48722 train_time:1931.631s step_avg:1216.39ms
step:1589/3300 train_loss:3.50647 train_time:1932.854s step_avg:1216.40ms
step:1590/3300 train_loss:3.50302 train_time:1934.070s step_avg:1216.40ms
step:1591/3300 train_loss:3.49171 train_time:1935.279s step_avg:1216.39ms
step:1592/3300 train_loss:3.46775 train_time:1936.499s step_avg:1216.39ms
step:1593/3300 train_loss:3.49598 train_time:1937.718s step_avg:1216.40ms
step:1594/3300 train_loss:3.52309 train_time:1938.925s step_avg:1216.39ms
step:1595/3300 train_loss:3.51311 train_time:1940.128s step_avg:1216.38ms
step:1596/3300 train_loss:3.44409 train_time:1941.347s step_avg:1216.38ms
step:1597/3300 train_loss:3.46826 train_time:1942.562s step_avg:1216.38ms
step:1598/3300 train_loss:3.63139 train_time:1943.789s step_avg:1216.39ms
step:1599/3300 train_loss:3.49432 train_time:1945.000s step_avg:1216.39ms
step:1600/3300 train_loss:3.48714 train_time:1946.206s step_avg:1216.38ms
step:1601/3300 train_loss:3.54861 train_time:1947.425s step_avg:1216.38ms
step:1602/3300 train_loss:3.54794 train_time:1948.626s step_avg:1216.37ms
step:1603/3300 train_loss:3.49800 train_time:1949.838s step_avg:1216.37ms
step:1604/3300 train_loss:3.46362 train_time:1951.041s step_avg:1216.36ms
step:1605/3300 train_loss:3.52923 train_time:1952.261s step_avg:1216.36ms
step:1606/3300 train_loss:3.56775 train_time:1953.470s step_avg:1216.36ms
step:1607/3300 train_loss:3.45257 train_time:1954.681s step_avg:1216.35ms
step:1608/3300 train_loss:3.45170 train_time:1955.891s step_avg:1216.35ms
step:1609/3300 train_loss:3.51523 train_time:1957.103s step_avg:1216.35ms
step:1610/3300 train_loss:3.54742 train_time:1958.309s step_avg:1216.34ms
step:1611/3300 train_loss:3.55199 train_time:1959.528s step_avg:1216.34ms
step:1612/3300 train_loss:3.51048 train_time:1960.737s step_avg:1216.34ms
step:1613/3300 train_loss:3.49840 train_time:1961.943s step_avg:1216.33ms
step:1614/3300 train_loss:3.62894 train_time:1963.144s step_avg:1216.32ms
step:1615/3300 train_loss:3.55945 train_time:1964.357s step_avg:1216.32ms
step:1616/3300 train_loss:3.52625 train_time:1965.570s step_avg:1216.32ms
step:1617/3300 train_loss:3.46525 train_time:1966.812s step_avg:1216.33ms
step:1618/3300 train_loss:3.52897 train_time:1968.028s step_avg:1216.33ms
step:1619/3300 train_loss:3.43575 train_time:1969.239s step_avg:1216.33ms
step:1620/3300 train_loss:3.57834 train_time:1970.446s step_avg:1216.32ms
step:1621/3300 train_loss:3.48986 train_time:1971.673s step_avg:1216.33ms
step:1622/3300 train_loss:3.48224 train_time:1972.881s step_avg:1216.33ms
step:1623/3300 train_loss:3.44956 train_time:1974.081s step_avg:1216.32ms
step:1624/3300 train_loss:3.50823 train_time:1975.279s step_avg:1216.31ms
step:1625/3300 train_loss:3.51287 train_time:1976.479s step_avg:1216.29ms
step:1625/3300 val_loss:3.50123 train_time:1976.479s step_avg:1215.31ms
step:1626/3300 train_loss:3.50856 train_time:1977.698s step_avg:1216.30ms
step:1627/3300 train_loss:3.51022 train_time:1978.907s step_avg:1216.29ms
step:1628/3300 train_loss:3.44861 train_time:1980.116s step_avg:1216.29ms
step:1629/3300 train_loss:3.53553 train_time:1981.327s step_avg:1216.28ms
step:1630/3300 train_loss:3.51736 train_time:1982.537s step_avg:1216.28ms
step:1631/3300 train_loss:3.43992 train_time:1983.754s step_avg:1216.28ms
step:1632/3300 train_loss:3.50356 train_time:1984.957s step_avg:1216.27ms
step:1633/3300 train_loss:3.55706 train_time:1986.162s step_avg:1216.27ms
step:1634/3300 train_loss:3.54135 train_time:1987.371s step_avg:1216.26ms
step:1635/3300 train_loss:3.50336 train_time:1988.589s step_avg:1216.26ms
step:1636/3300 train_loss:3.51021 train_time:1989.814s step_avg:1216.27ms
step:1637/3300 train_loss:3.58162 train_time:1991.017s step_avg:1216.26ms
step:1638/3300 train_loss:3.47899 train_time:1992.226s step_avg:1216.26ms
step:1639/3300 train_loss:3.51468 train_time:1993.447s step_avg:1216.26ms
step:1640/3300 train_loss:3.48960 train_time:1994.665s step_avg:1216.26ms
step:1641/3300 train_loss:3.48832 train_time:1995.888s step_avg:1216.26ms
step:1642/3300 train_loss:3.53979 train_time:1997.107s step_avg:1216.27ms
step:1643/3300 train_loss:3.49767 train_time:1998.333s step_avg:1216.27ms
step:1644/3300 train_loss:3.48076 train_time:1999.550s step_avg:1216.27ms
step:1645/3300 train_loss:3.47993 train_time:2000.756s step_avg:1216.27ms
step:1646/3300 train_loss:3.46461 train_time:2001.966s step_avg:1216.26ms
step:1647/3300 train_loss:3.53172 train_time:2003.180s step_avg:1216.26ms
step:1648/3300 train_loss:3.53549 train_time:2004.397s step_avg:1216.26ms
step:1649/3300 train_loss:3.53143 train_time:2005.607s step_avg:1216.26ms
step:1650/3300 train_loss:3.50212 train_time:2006.824s step_avg:1216.26ms
step:1651/3300 train_loss:3.50361 train_time:2008.042s step_avg:1216.26ms
step:1652/3300 train_loss:3.46694 train_time:2009.259s step_avg:1216.26ms
step:1653/3300 train_loss:3.49746 train_time:2010.482s step_avg:1216.26ms
step:1654/3300 train_loss:3.50470 train_time:2011.696s step_avg:1216.26ms
step:1655/3300 train_loss:3.49607 train_time:2012.897s step_avg:1216.25ms
step:1656/3300 train_loss:3.55474 train_time:2014.115s step_avg:1216.25ms
step:1657/3300 train_loss:3.48994 train_time:2015.326s step_avg:1216.25ms
step:1658/3300 train_loss:3.48808 train_time:2016.537s step_avg:1216.25ms
step:1659/3300 train_loss:3.51403 train_time:2017.741s step_avg:1216.24ms
step:1660/3300 train_loss:3.57934 train_time:2018.957s step_avg:1216.24ms
step:1661/3300 train_loss:3.47996 train_time:2020.165s step_avg:1216.23ms
step:1662/3300 train_loss:3.51516 train_time:2021.375s step_avg:1216.23ms
step:1663/3300 train_loss:3.53982 train_time:2022.578s step_avg:1216.22ms
step:1664/3300 train_loss:3.47335 train_time:2023.811s step_avg:1216.23ms
step:1665/3300 train_loss:3.49567 train_time:2025.019s step_avg:1216.23ms
step:1666/3300 train_loss:3.51871 train_time:2026.236s step_avg:1216.23ms
step:1667/3300 train_loss:3.53525 train_time:2027.441s step_avg:1216.22ms
step:1668/3300 train_loss:3.46883 train_time:2028.653s step_avg:1216.22ms
step:1669/3300 train_loss:3.54458 train_time:2029.859s step_avg:1216.21ms
step:1670/3300 train_loss:3.42879 train_time:2031.061s step_avg:1216.20ms
step:1671/3300 train_loss:3.80102 train_time:2032.264s step_avg:1216.20ms
step:1672/3300 train_loss:3.50898 train_time:2033.479s step_avg:1216.20ms
step:1673/3300 train_loss:3.47995 train_time:2034.690s step_avg:1216.19ms
step:1674/3300 train_loss:3.53088 train_time:2035.905s step_avg:1216.19ms
step:1675/3300 train_loss:3.48552 train_time:2037.115s step_avg:1216.19ms
step:1676/3300 train_loss:3.48707 train_time:2038.328s step_avg:1216.19ms
step:1677/3300 train_loss:3.58214 train_time:2039.549s step_avg:1216.19ms
step:1678/3300 train_loss:3.49160 train_time:2040.759s step_avg:1216.19ms
step:1679/3300 train_loss:3.44622 train_time:2041.956s step_avg:1216.17ms
step:1680/3300 train_loss:3.47487 train_time:2043.161s step_avg:1216.17ms
step:1681/3300 train_loss:3.47306 train_time:2044.380s step_avg:1216.17ms
step:1682/3300 train_loss:3.50526 train_time:2045.594s step_avg:1216.17ms
step:1683/3300 train_loss:3.47070 train_time:2046.806s step_avg:1216.17ms
step:1684/3300 train_loss:3.50399 train_time:2048.015s step_avg:1216.16ms
step:1685/3300 train_loss:3.50079 train_time:2049.224s step_avg:1216.16ms
step:1686/3300 train_loss:3.47129 train_time:2050.439s step_avg:1216.16ms
step:1687/3300 train_loss:3.49484 train_time:2051.644s step_avg:1216.15ms
step:1688/3300 train_loss:3.49292 train_time:2052.854s step_avg:1216.15ms
step:1689/3300 train_loss:3.45719 train_time:2054.063s step_avg:1216.14ms
step:1690/3300 train_loss:3.44820 train_time:2055.280s step_avg:1216.14ms
step:1691/3300 train_loss:3.43933 train_time:2056.503s step_avg:1216.15ms
step:1692/3300 train_loss:3.52513 train_time:2057.714s step_avg:1216.14ms
step:1693/3300 train_loss:3.45173 train_time:2058.930s step_avg:1216.14ms
step:1694/3300 train_loss:3.50693 train_time:2060.146s step_avg:1216.14ms
step:1695/3300 train_loss:3.53354 train_time:2061.357s step_avg:1216.14ms
step:1696/3300 train_loss:3.49504 train_time:2062.569s step_avg:1216.14ms
step:1697/3300 train_loss:3.49754 train_time:2063.779s step_avg:1216.13ms
step:1698/3300 train_loss:3.43727 train_time:2064.988s step_avg:1216.13ms
step:1699/3300 train_loss:3.50507 train_time:2066.202s step_avg:1216.13ms
step:1700/3300 train_loss:3.54222 train_time:2067.403s step_avg:1216.12ms
step:1701/3300 train_loss:3.52484 train_time:2068.617s step_avg:1216.12ms
step:1702/3300 train_loss:3.52379 train_time:2069.822s step_avg:1216.11ms
step:1703/3300 train_loss:3.47270 train_time:2071.025s step_avg:1216.10ms
step:1704/3300 train_loss:3.50674 train_time:2072.229s step_avg:1216.10ms
step:1705/3300 train_loss:3.48725 train_time:2073.454s step_avg:1216.10ms
step:1706/3300 train_loss:3.46649 train_time:2074.680s step_avg:1216.11ms
step:1707/3300 train_loss:3.48213 train_time:2075.889s step_avg:1216.10ms
step:1708/3300 train_loss:3.46235 train_time:2077.107s step_avg:1216.11ms
step:1709/3300 train_loss:3.72911 train_time:2078.332s step_avg:1216.11ms
step:1710/3300 train_loss:3.56750 train_time:2079.549s step_avg:1216.11ms
step:1711/3300 train_loss:3.46671 train_time:2080.787s step_avg:1216.12ms
step:1712/3300 train_loss:3.48093 train_time:2081.998s step_avg:1216.12ms
step:1713/3300 train_loss:3.53422 train_time:2083.203s step_avg:1216.11ms
step:1714/3300 train_loss:3.44113 train_time:2084.414s step_avg:1216.11ms
step:1715/3300 train_loss:3.52642 train_time:2085.631s step_avg:1216.11ms
step:1716/3300 train_loss:3.46193 train_time:2086.857s step_avg:1216.12ms
step:1717/3300 train_loss:3.48281 train_time:2088.063s step_avg:1216.11ms
step:1718/3300 train_loss:3.52185 train_time:2089.263s step_avg:1216.10ms
step:1719/3300 train_loss:3.52664 train_time:2090.469s step_avg:1216.10ms
step:1720/3300 train_loss:3.47843 train_time:2091.682s step_avg:1216.09ms
step:1721/3300 train_loss:3.51147 train_time:2092.892s step_avg:1216.09ms
step:1722/3300 train_loss:3.51420 train_time:2094.118s step_avg:1216.10ms
step:1723/3300 train_loss:3.50843 train_time:2095.325s step_avg:1216.09ms
step:1724/3300 train_loss:3.47729 train_time:2096.530s step_avg:1216.08ms
step:1725/3300 train_loss:3.50782 train_time:2097.736s step_avg:1216.08ms
step:1726/3300 train_loss:3.47392 train_time:2098.956s step_avg:1216.08ms
step:1727/3300 train_loss:3.46405 train_time:2100.190s step_avg:1216.09ms
step:1728/3300 train_loss:3.45089 train_time:2101.399s step_avg:1216.09ms
step:1729/3300 train_loss:3.52544 train_time:2102.606s step_avg:1216.08ms
step:1730/3300 train_loss:3.58158 train_time:2103.820s step_avg:1216.08ms
step:1731/3300 train_loss:3.48077 train_time:2105.044s step_avg:1216.09ms
step:1732/3300 train_loss:3.50332 train_time:2106.264s step_avg:1216.09ms
step:1733/3300 train_loss:3.43519 train_time:2107.466s step_avg:1216.08ms
step:1734/3300 train_loss:3.59980 train_time:2108.674s step_avg:1216.08ms
step:1735/3300 train_loss:3.51068 train_time:2109.890s step_avg:1216.07ms
step:1736/3300 train_loss:3.58048 train_time:2111.104s step_avg:1216.07ms
step:1737/3300 train_loss:3.57760 train_time:2112.308s step_avg:1216.07ms
step:1738/3300 train_loss:3.45029 train_time:2113.522s step_avg:1216.07ms
step:1739/3300 train_loss:3.46568 train_time:2114.727s step_avg:1216.06ms
step:1740/3300 train_loss:3.45404 train_time:2115.940s step_avg:1216.06ms
step:1741/3300 train_loss:3.45003 train_time:2117.155s step_avg:1216.06ms
step:1742/3300 train_loss:3.50145 train_time:2118.363s step_avg:1216.05ms
step:1743/3300 train_loss:3.43356 train_time:2119.568s step_avg:1216.05ms
step:1744/3300 train_loss:3.44644 train_time:2120.769s step_avg:1216.04ms
step:1745/3300 train_loss:3.50747 train_time:2121.977s step_avg:1216.03ms
step:1746/3300 train_loss:3.51541 train_time:2123.191s step_avg:1216.03ms
step:1747/3300 train_loss:3.48597 train_time:2124.402s step_avg:1216.03ms
step:1748/3300 train_loss:3.54016 train_time:2125.607s step_avg:1216.02ms
step:1749/3300 train_loss:3.49528 train_time:2126.826s step_avg:1216.02ms
step:1750/3300 train_loss:3.48250 train_time:2128.027s step_avg:1216.02ms
step:1750/3300 val_loss:3.47881 train_time:2128.028s step_avg:1212.39ms
step:1751/3300 train_loss:3.52405 train_time:2129.242s step_avg:1216.01ms
step:1752/3300 train_loss:3.51762 train_time:2130.452s step_avg:1216.01ms
step:1753/3300 train_loss:3.45618 train_time:2131.665s step_avg:1216.01ms
step:1754/3300 train_loss:3.49682 train_time:2132.877s step_avg:1216.01ms
step:1755/3300 train_loss:3.49726 train_time:2134.097s step_avg:1216.01ms
step:1756/3300 train_loss:3.46385 train_time:2135.313s step_avg:1216.01ms
step:1757/3300 train_loss:3.47079 train_time:2136.518s step_avg:1216.00ms
step:1758/3300 train_loss:3.60938 train_time:2137.721s step_avg:1216.00ms
step:1759/3300 train_loss:3.59666 train_time:2138.931s step_avg:1215.99ms
step:1760/3300 train_loss:3.54121 train_time:2140.139s step_avg:1215.99ms
step:1761/3300 train_loss:3.48563 train_time:2141.359s step_avg:1215.99ms
step:1762/3300 train_loss:3.48468 train_time:2142.573s step_avg:1215.99ms
step:1763/3300 train_loss:3.45292 train_time:2143.779s step_avg:1215.98ms
step:1764/3300 train_loss:3.47758 train_time:2144.989s step_avg:1215.98ms
step:1765/3300 train_loss:3.47963 train_time:2146.199s step_avg:1215.98ms
step:1766/3300 train_loss:3.44774 train_time:2147.408s step_avg:1215.97ms
step:1767/3300 train_loss:3.56336 train_time:2148.620s step_avg:1215.97ms
step:1768/3300 train_loss:3.49345 train_time:2149.831s step_avg:1215.97ms
step:1769/3300 train_loss:3.59694 train_time:2151.046s step_avg:1215.97ms
step:1770/3300 train_loss:3.49236 train_time:2152.264s step_avg:1215.97ms
step:1771/3300 train_loss:3.49971 train_time:2153.480s step_avg:1215.97ms
step:1772/3300 train_loss:3.44891 train_time:2154.698s step_avg:1215.97ms
step:1773/3300 train_loss:3.51658 train_time:2155.907s step_avg:1215.97ms
step:1774/3300 train_loss:3.50885 train_time:2157.116s step_avg:1215.96ms
step:1775/3300 train_loss:3.51762 train_time:2158.320s step_avg:1215.95ms
step:1776/3300 train_loss:3.52239 train_time:2159.539s step_avg:1215.96ms
step:1777/3300 train_loss:3.52490 train_time:2160.743s step_avg:1215.95ms
step:1778/3300 train_loss:3.52517 train_time:2161.953s step_avg:1215.95ms
step:1779/3300 train_loss:3.54485 train_time:2163.161s step_avg:1215.94ms
step:1780/3300 train_loss:3.47241 train_time:2164.372s step_avg:1215.94ms
step:1781/3300 train_loss:3.45545 train_time:2165.589s step_avg:1215.94ms
step:1782/3300 train_loss:3.47856 train_time:2166.807s step_avg:1215.94ms
step:1783/3300 train_loss:3.51207 train_time:2168.015s step_avg:1215.94ms
step:1784/3300 train_loss:3.41263 train_time:2169.221s step_avg:1215.93ms
step:1785/3300 train_loss:3.52006 train_time:2170.424s step_avg:1215.92ms
step:1786/3300 train_loss:3.51171 train_time:2171.638s step_avg:1215.92ms
step:1787/3300 train_loss:3.55287 train_time:2172.842s step_avg:1215.92ms
step:1788/3300 train_loss:3.44754 train_time:2174.053s step_avg:1215.91ms
step:1789/3300 train_loss:3.51266 train_time:2175.262s step_avg:1215.91ms
step:1790/3300 train_loss:3.43226 train_time:2176.485s step_avg:1215.91ms
step:1791/3300 train_loss:3.47805 train_time:2177.717s step_avg:1215.92ms
step:1792/3300 train_loss:3.49237 train_time:2178.919s step_avg:1215.91ms
step:1793/3300 train_loss:3.43872 train_time:2180.123s step_avg:1215.91ms
step:1794/3300 train_loss:3.51287 train_time:2181.326s step_avg:1215.90ms
step:1795/3300 train_loss:3.54269 train_time:2182.554s step_avg:1215.91ms
step:1796/3300 train_loss:3.53656 train_time:2183.775s step_avg:1215.91ms
step:1797/3300 train_loss:3.51016 train_time:2184.984s step_avg:1215.91ms
step:1798/3300 train_loss:3.52012 train_time:2186.196s step_avg:1215.90ms
step:1799/3300 train_loss:3.53894 train_time:2187.412s step_avg:1215.90ms
step:1800/3300 train_loss:3.46505 train_time:2188.619s step_avg:1215.90ms
step:1801/3300 train_loss:3.50720 train_time:2189.826s step_avg:1215.89ms
step:1802/3300 train_loss:3.44816 train_time:2191.046s step_avg:1215.90ms
step:1803/3300 train_loss:3.51200 train_time:2192.258s step_avg:1215.89ms
step:1804/3300 train_loss:3.47189 train_time:2193.462s step_avg:1215.89ms
step:1805/3300 train_loss:3.48868 train_time:2194.678s step_avg:1215.89ms
step:1806/3300 train_loss:3.49527 train_time:2195.892s step_avg:1215.89ms
step:1807/3300 train_loss:3.46399 train_time:2197.108s step_avg:1215.89ms
step:1808/3300 train_loss:3.52008 train_time:2198.315s step_avg:1215.88ms
step:1809/3300 train_loss:3.54528 train_time:2199.524s step_avg:1215.88ms
step:1810/3300 train_loss:3.49251 train_time:2200.725s step_avg:1215.87ms
step:1811/3300 train_loss:3.45710 train_time:2201.954s step_avg:1215.88ms
step:1812/3300 train_loss:3.46943 train_time:2203.173s step_avg:1215.88ms
step:1813/3300 train_loss:3.49692 train_time:2204.396s step_avg:1215.88ms
step:1814/3300 train_loss:3.45622 train_time:2205.609s step_avg:1215.88ms
step:1815/3300 train_loss:3.51539 train_time:2206.820s step_avg:1215.88ms
step:1816/3300 train_loss:3.46920 train_time:2208.032s step_avg:1215.88ms
step:1817/3300 train_loss:3.45505 train_time:2209.244s step_avg:1215.87ms
step:1818/3300 train_loss:3.46158 train_time:2210.450s step_avg:1215.87ms
step:1819/3300 train_loss:3.48978 train_time:2211.665s step_avg:1215.87ms
step:1820/3300 train_loss:3.45173 train_time:2212.893s step_avg:1215.88ms
step:1821/3300 train_loss:3.48610 train_time:2214.109s step_avg:1215.88ms
step:1822/3300 train_loss:3.44186 train_time:2215.321s step_avg:1215.87ms
step:1823/3300 train_loss:3.50228 train_time:2216.537s step_avg:1215.87ms
step:1824/3300 train_loss:3.51810 train_time:2217.744s step_avg:1215.87ms
step:1825/3300 train_loss:3.62030 train_time:2218.945s step_avg:1215.86ms
step:1826/3300 train_loss:3.45784 train_time:2220.168s step_avg:1215.86ms
step:1827/3300 train_loss:3.44832 train_time:2221.398s step_avg:1215.87ms
step:1828/3300 train_loss:3.51511 train_time:2222.612s step_avg:1215.87ms
step:1829/3300 train_loss:3.45081 train_time:2223.849s step_avg:1215.88ms
step:1830/3300 train_loss:3.47930 train_time:2225.058s step_avg:1215.88ms
step:1831/3300 train_loss:3.44546 train_time:2226.272s step_avg:1215.88ms
step:1832/3300 train_loss:3.46856 train_time:2227.484s step_avg:1215.88ms
step:1833/3300 train_loss:3.52636 train_time:2228.686s step_avg:1215.87ms
step:1834/3300 train_loss:3.48667 train_time:2229.897s step_avg:1215.87ms
step:1835/3300 train_loss:3.53427 train_time:2231.107s step_avg:1215.86ms
step:1836/3300 train_loss:3.46422 train_time:2232.319s step_avg:1215.86ms
step:1837/3300 train_loss:3.46052 train_time:2233.525s step_avg:1215.85ms
step:1838/3300 train_loss:3.43434 train_time:2234.756s step_avg:1215.86ms
step:1839/3300 train_loss:3.49110 train_time:2235.967s step_avg:1215.86ms
step:1840/3300 train_loss:3.45477 train_time:2237.185s step_avg:1215.86ms
step:1841/3300 train_loss:3.55048 train_time:2238.402s step_avg:1215.86ms
step:1842/3300 train_loss:3.47903 train_time:2239.606s step_avg:1215.86ms
step:1843/3300 train_loss:3.43381 train_time:2240.824s step_avg:1215.86ms
step:1844/3300 train_loss:3.43452 train_time:2242.034s step_avg:1215.85ms
step:1845/3300 train_loss:3.45506 train_time:2243.253s step_avg:1215.86ms
step:1846/3300 train_loss:3.48304 train_time:2244.471s step_avg:1215.86ms
step:1847/3300 train_loss:3.48093 train_time:2245.689s step_avg:1215.86ms
step:1848/3300 train_loss:3.47333 train_time:2246.902s step_avg:1215.86ms
step:1849/3300 train_loss:3.50410 train_time:2248.109s step_avg:1215.85ms
step:1850/3300 train_loss:3.45148 train_time:2249.306s step_avg:1215.84ms
step:1851/3300 train_loss:3.48051 train_time:2250.513s step_avg:1215.84ms
step:1852/3300 train_loss:3.45767 train_time:2251.729s step_avg:1215.84ms
step:1853/3300 train_loss:3.51664 train_time:2252.937s step_avg:1215.83ms
step:1854/3300 train_loss:3.45881 train_time:2254.149s step_avg:1215.83ms
step:1855/3300 train_loss:3.44374 train_time:2255.360s step_avg:1215.83ms
step:1856/3300 train_loss:3.46638 train_time:2256.582s step_avg:1215.83ms
step:1857/3300 train_loss:3.49737 train_time:2257.787s step_avg:1215.83ms
step:1858/3300 train_loss:3.51428 train_time:2258.992s step_avg:1215.82ms
step:1859/3300 train_loss:3.47124 train_time:2260.209s step_avg:1215.82ms
step:1860/3300 train_loss:3.41886 train_time:2261.426s step_avg:1215.82ms
step:1861/3300 train_loss:3.46630 train_time:2262.642s step_avg:1215.82ms
step:1862/3300 train_loss:3.49990 train_time:2263.849s step_avg:1215.82ms
step:1863/3300 train_loss:3.53800 train_time:2265.053s step_avg:1215.81ms
step:1864/3300 train_loss:3.50457 train_time:2266.265s step_avg:1215.81ms
step:1865/3300 train_loss:3.43616 train_time:2267.473s step_avg:1215.80ms
step:1866/3300 train_loss:3.45631 train_time:2268.688s step_avg:1215.80ms
step:1867/3300 train_loss:3.47843 train_time:2269.889s step_avg:1215.79ms
step:1868/3300 train_loss:3.55643 train_time:2271.102s step_avg:1215.79ms
step:1869/3300 train_loss:3.42170 train_time:2272.312s step_avg:1215.79ms
step:1870/3300 train_loss:3.47675 train_time:2273.523s step_avg:1215.79ms
step:1871/3300 train_loss:3.51057 train_time:2274.736s step_avg:1215.79ms
step:1872/3300 train_loss:3.44808 train_time:2275.958s step_avg:1215.79ms
step:1873/3300 train_loss:3.48079 train_time:2277.168s step_avg:1215.79ms
step:1874/3300 train_loss:3.46072 train_time:2278.369s step_avg:1215.78ms
step:1875/3300 train_loss:3.53372 train_time:2279.587s step_avg:1215.78ms
step:1875/3300 val_loss:3.45960 train_time:2279.587s step_avg:1212.48ms
step:1876/3300 train_loss:3.50295 train_time:2280.799s step_avg:1215.78ms
step:1877/3300 train_loss:3.52200 train_time:2282.000s step_avg:1215.77ms
step:1878/3300 train_loss:3.55738 train_time:2283.204s step_avg:1215.76ms
step:1879/3300 train_loss:3.56040 train_time:2284.406s step_avg:1215.76ms
step:1880/3300 train_loss:3.45704 train_time:2285.619s step_avg:1215.75ms
step:1881/3300 train_loss:3.39442 train_time:2286.831s step_avg:1215.75ms
step:1882/3300 train_loss:3.47663 train_time:2288.072s step_avg:1215.77ms
step:1883/3300 train_loss:3.43558 train_time:2289.280s step_avg:1215.76ms
step:1884/3300 train_loss:3.47293 train_time:2290.485s step_avg:1215.76ms
step:1885/3300 train_loss:3.46726 train_time:2291.693s step_avg:1215.75ms
step:1886/3300 train_loss:3.42356 train_time:2292.920s step_avg:1215.76ms
step:1887/3300 train_loss:3.46357 train_time:2294.134s step_avg:1215.76ms
step:1888/3300 train_loss:3.42482 train_time:2295.346s step_avg:1215.76ms
step:1889/3300 train_loss:3.45897 train_time:2296.552s step_avg:1215.75ms
step:1890/3300 train_loss:3.47891 train_time:2297.757s step_avg:1215.74ms
step:1891/3300 train_loss:3.50084 train_time:2298.978s step_avg:1215.75ms
step:1892/3300 train_loss:3.40678 train_time:2300.184s step_avg:1215.74ms
step:1893/3300 train_loss:3.48292 train_time:2301.394s step_avg:1215.74ms
step:1894/3300 train_loss:3.47085 train_time:2302.605s step_avg:1215.74ms
step:1895/3300 train_loss:3.42848 train_time:2303.809s step_avg:1215.73ms
step:1896/3300 train_loss:3.52510 train_time:2305.037s step_avg:1215.74ms
step:1897/3300 train_loss:3.50900 train_time:2306.245s step_avg:1215.73ms
step:1898/3300 train_loss:3.42639 train_time:2307.449s step_avg:1215.73ms
step:1899/3300 train_loss:3.41784 train_time:2308.673s step_avg:1215.73ms
step:1900/3300 train_loss:3.44205 train_time:2309.900s step_avg:1215.74ms
step:1901/3300 train_loss:3.40286 train_time:2311.149s step_avg:1215.75ms
step:1902/3300 train_loss:3.48424 train_time:2312.358s step_avg:1215.75ms
step:1903/3300 train_loss:3.50674 train_time:2313.585s step_avg:1215.76ms
step:1904/3300 train_loss:3.46004 train_time:2314.802s step_avg:1215.76ms
step:1905/3300 train_loss:3.44359 train_time:2316.027s step_avg:1215.76ms
step:1906/3300 train_loss:3.48863 train_time:2317.244s step_avg:1215.76ms
step:1907/3300 train_loss:3.44930 train_time:2318.473s step_avg:1215.77ms
step:1908/3300 train_loss:3.46453 train_time:2319.722s step_avg:1215.79ms
step:1909/3300 train_loss:3.41098 train_time:2320.924s step_avg:1215.78ms
step:1910/3300 train_loss:3.49740 train_time:2322.136s step_avg:1215.78ms
step:1911/3300 train_loss:3.47386 train_time:2323.351s step_avg:1215.78ms
step:1912/3300 train_loss:3.39219 train_time:2324.584s step_avg:1215.79ms
step:1913/3300 train_loss:3.50568 train_time:2325.795s step_avg:1215.78ms
step:1914/3300 train_loss:3.59696 train_time:2327.002s step_avg:1215.78ms
step:1915/3300 train_loss:3.43139 train_time:2328.207s step_avg:1215.77ms
step:1916/3300 train_loss:3.40456 train_time:2329.425s step_avg:1215.78ms
step:1917/3300 train_loss:3.50379 train_time:2330.626s step_avg:1215.77ms
step:1918/3300 train_loss:3.49703 train_time:2331.837s step_avg:1215.76ms
step:1919/3300 train_loss:3.49225 train_time:2333.045s step_avg:1215.76ms
step:1920/3300 train_loss:3.42978 train_time:2334.269s step_avg:1215.77ms
step:1921/3300 train_loss:3.47162 train_time:2335.513s step_avg:1215.78ms
step:1922/3300 train_loss:3.42036 train_time:2336.721s step_avg:1215.78ms
step:1923/3300 train_loss:3.46187 train_time:2337.927s step_avg:1215.77ms
step:1924/3300 train_loss:3.50059 train_time:2339.141s step_avg:1215.77ms
step:1925/3300 train_loss:3.43600 train_time:2340.348s step_avg:1215.77ms
step:1926/3300 train_loss:3.45587 train_time:2341.554s step_avg:1215.76ms
step:1927/3300 train_loss:3.48260 train_time:2342.762s step_avg:1215.76ms
step:1928/3300 train_loss:3.53293 train_time:2343.968s step_avg:1215.75ms
step:1929/3300 train_loss:3.47065 train_time:2345.176s step_avg:1215.75ms
step:1930/3300 train_loss:3.48736 train_time:2346.388s step_avg:1215.74ms
step:1931/3300 train_loss:3.38390 train_time:2347.608s step_avg:1215.75ms
step:1932/3300 train_loss:3.80360 train_time:2348.825s step_avg:1215.75ms
step:1933/3300 train_loss:3.50074 train_time:2350.030s step_avg:1215.74ms
step:1934/3300 train_loss:3.47120 train_time:2351.242s step_avg:1215.74ms
step:1935/3300 train_loss:3.50474 train_time:2352.448s step_avg:1215.74ms
step:1936/3300 train_loss:3.47416 train_time:2353.676s step_avg:1215.74ms
step:1937/3300 train_loss:3.49552 train_time:2354.900s step_avg:1215.75ms
step:1938/3300 train_loss:3.42432 train_time:2356.126s step_avg:1215.75ms
step:1939/3300 train_loss:3.43516 train_time:2357.336s step_avg:1215.75ms
step:1940/3300 train_loss:3.49064 train_time:2358.559s step_avg:1215.75ms
step:1941/3300 train_loss:3.47606 train_time:2359.775s step_avg:1215.75ms
step:1942/3300 train_loss:3.39584 train_time:2360.983s step_avg:1215.75ms
step:1943/3300 train_loss:3.52355 train_time:2362.188s step_avg:1215.74ms
step:1944/3300 train_loss:3.40982 train_time:2363.402s step_avg:1215.74ms
step:1945/3300 train_loss:3.49723 train_time:2364.610s step_avg:1215.74ms
step:1946/3300 train_loss:3.48544 train_time:2365.826s step_avg:1215.74ms
step:1947/3300 train_loss:3.42379 train_time:2367.035s step_avg:1215.73ms
step:1948/3300 train_loss:3.47622 train_time:2368.243s step_avg:1215.73ms
step:1949/3300 train_loss:3.38665 train_time:2369.453s step_avg:1215.73ms
step:1950/3300 train_loss:3.51855 train_time:2370.660s step_avg:1215.72ms
step:1951/3300 train_loss:3.48860 train_time:2371.872s step_avg:1215.72ms
step:1952/3300 train_loss:3.54592 train_time:2373.106s step_avg:1215.73ms
step:1953/3300 train_loss:3.41226 train_time:2374.320s step_avg:1215.73ms
step:1954/3300 train_loss:3.45487 train_time:2375.531s step_avg:1215.73ms
step:1955/3300 train_loss:3.47565 train_time:2376.739s step_avg:1215.72ms
step:1956/3300 train_loss:3.43691 train_time:2377.979s step_avg:1215.74ms
step:1957/3300 train_loss:3.46326 train_time:2379.236s step_avg:1215.76ms
step:1958/3300 train_loss:3.48952 train_time:2380.449s step_avg:1215.76ms
step:1959/3300 train_loss:3.54164 train_time:2381.653s step_avg:1215.75ms
step:1960/3300 train_loss:3.42065 train_time:2382.868s step_avg:1215.75ms
step:1961/3300 train_loss:3.48180 train_time:2384.103s step_avg:1215.76ms
step:1962/3300 train_loss:3.43078 train_time:2385.340s step_avg:1215.77ms
step:1963/3300 train_loss:3.46034 train_time:2386.552s step_avg:1215.77ms
step:1964/3300 train_loss:3.45303 train_time:2387.753s step_avg:1215.76ms
step:1965/3300 train_loss:3.45607 train_time:2388.964s step_avg:1215.76ms
step:1966/3300 train_loss:3.51653 train_time:2390.176s step_avg:1215.76ms
step:1967/3300 train_loss:3.41227 train_time:2391.389s step_avg:1215.75ms
step:1968/3300 train_loss:3.46883 train_time:2392.593s step_avg:1215.75ms
step:1969/3300 train_loss:3.41990 train_time:2393.808s step_avg:1215.75ms
step:1970/3300 train_loss:3.45184 train_time:2395.011s step_avg:1215.74ms
step:1971/3300 train_loss:3.47413 train_time:2396.225s step_avg:1215.74ms
step:1972/3300 train_loss:3.42867 train_time:2397.433s step_avg:1215.74ms
step:1973/3300 train_loss:3.41925 train_time:2398.649s step_avg:1215.74ms
step:1974/3300 train_loss:3.43158 train_time:2399.851s step_avg:1215.73ms
step:1975/3300 train_loss:3.44628 train_time:2401.053s step_avg:1215.72ms
step:1976/3300 train_loss:3.45834 train_time:2402.265s step_avg:1215.72ms
step:1977/3300 train_loss:3.49902 train_time:2403.480s step_avg:1215.72ms
step:1978/3300 train_loss:3.49654 train_time:2404.689s step_avg:1215.72ms
step:1979/3300 train_loss:3.48131 train_time:2405.895s step_avg:1215.71ms
step:1980/3300 train_loss:3.47847 train_time:2407.105s step_avg:1215.71ms
step:1981/3300 train_loss:3.43884 train_time:2408.322s step_avg:1215.71ms
step:1982/3300 train_loss:3.45793 train_time:2409.540s step_avg:1215.71ms
step:1983/3300 train_loss:3.60200 train_time:2410.750s step_avg:1215.71ms
step:1984/3300 train_loss:3.40793 train_time:2411.956s step_avg:1215.70ms
step:1985/3300 train_loss:3.43242 train_time:2413.166s step_avg:1215.70ms
step:1986/3300 train_loss:3.43008 train_time:2414.386s step_avg:1215.70ms
step:1987/3300 train_loss:3.44258 train_time:2415.593s step_avg:1215.70ms
step:1988/3300 train_loss:3.46435 train_time:2416.801s step_avg:1215.69ms
step:1989/3300 train_loss:3.43084 train_time:2418.010s step_avg:1215.69ms
step:1990/3300 train_loss:3.47114 train_time:2419.220s step_avg:1215.69ms
step:1991/3300 train_loss:3.45067 train_time:2420.430s step_avg:1215.69ms
step:1992/3300 train_loss:3.43579 train_time:2421.626s step_avg:1215.68ms
step:1993/3300 train_loss:3.53671 train_time:2422.831s step_avg:1215.67ms
step:1994/3300 train_loss:3.45755 train_time:2424.046s step_avg:1215.67ms
step:1995/3300 train_loss:3.45174 train_time:2425.254s step_avg:1215.67ms
step:1996/3300 train_loss:3.51206 train_time:2426.464s step_avg:1215.66ms
step:1997/3300 train_loss:3.57190 train_time:2427.668s step_avg:1215.66ms
step:1998/3300 train_loss:3.45776 train_time:2428.883s step_avg:1215.66ms
step:1999/3300 train_loss:3.51796 train_time:2430.098s step_avg:1215.66ms
step:2000/3300 train_loss:3.42775 train_time:2431.308s step_avg:1215.65ms
step:2000/3300 val_loss:3.43922 train_time:2431.308s step_avg:1213.76ms
step:2001/3300 train_loss:3.48593 train_time:2432.522s step_avg:1215.65ms
step:2002/3300 train_loss:3.45732 train_time:2433.726s step_avg:1215.65ms
step:2003/3300 train_loss:3.44143 train_time:2434.939s step_avg:1215.65ms
step:2004/3300 train_loss:3.58535 train_time:2436.192s step_avg:1215.66ms
step:2005/3300 train_loss:3.42803 train_time:2437.423s step_avg:1215.67ms
step:2006/3300 train_loss:3.45740 train_time:2438.636s step_avg:1215.67ms
step:2007/3300 train_loss:3.45671 train_time:2439.841s step_avg:1215.67ms
step:2008/3300 train_loss:3.39303 train_time:2441.043s step_avg:1215.66ms
step:2009/3300 train_loss:3.46892 train_time:2442.245s step_avg:1215.65ms
step:2010/3300 train_loss:3.46380 train_time:2443.445s step_avg:1215.64ms
step:2011/3300 train_loss:3.46805 train_time:2444.658s step_avg:1215.64ms
step:2012/3300 train_loss:3.43355 train_time:2445.861s step_avg:1215.64ms
step:2013/3300 train_loss:3.45569 train_time:2447.098s step_avg:1215.65ms
step:2014/3300 train_loss:3.46107 train_time:2448.304s step_avg:1215.64ms
step:2015/3300 train_loss:3.40883 train_time:2449.507s step_avg:1215.64ms
step:2016/3300 train_loss:3.48884 train_time:2450.759s step_avg:1215.65ms
step:2017/3300 train_loss:3.43349 train_time:2451.965s step_avg:1215.65ms
step:2018/3300 train_loss:3.51227 train_time:2453.164s step_avg:1215.64ms
step:2019/3300 train_loss:3.46909 train_time:2454.366s step_avg:1215.63ms
step:2020/3300 train_loss:3.38862 train_time:2455.580s step_avg:1215.63ms
step:2021/3300 train_loss:3.46024 train_time:2456.800s step_avg:1215.64ms
step:2022/3300 train_loss:3.36669 train_time:2458.003s step_avg:1215.63ms
step:2023/3300 train_loss:3.41477 train_time:2459.226s step_avg:1215.63ms
step:2024/3300 train_loss:3.44135 train_time:2460.433s step_avg:1215.63ms
step:2025/3300 train_loss:3.36862 train_time:2461.650s step_avg:1215.63ms
step:2026/3300 train_loss:3.44794 train_time:2462.863s step_avg:1215.63ms
step:2027/3300 train_loss:3.40932 train_time:2464.066s step_avg:1215.62ms
step:2028/3300 train_loss:3.44224 train_time:2465.287s step_avg:1215.62ms
step:2029/3300 train_loss:3.44938 train_time:2466.508s step_avg:1215.63ms
step:2030/3300 train_loss:3.45938 train_time:2467.721s step_avg:1215.63ms
step:2031/3300 train_loss:3.44657 train_time:2468.935s step_avg:1215.63ms
step:2032/3300 train_loss:3.44979 train_time:2470.146s step_avg:1215.62ms
step:2033/3300 train_loss:3.42050 train_time:2471.368s step_avg:1215.63ms
step:2034/3300 train_loss:3.45989 train_time:2472.579s step_avg:1215.62ms
step:2035/3300 train_loss:3.46382 train_time:2473.788s step_avg:1215.62ms
step:2036/3300 train_loss:3.40792 train_time:2475.007s step_avg:1215.62ms
step:2037/3300 train_loss:3.50414 train_time:2476.210s step_avg:1215.62ms
step:2038/3300 train_loss:3.44353 train_time:2477.429s step_avg:1215.62ms
step:2039/3300 train_loss:3.42515 train_time:2478.633s step_avg:1215.61ms
step:2040/3300 train_loss:3.44944 train_time:2479.843s step_avg:1215.61ms
step:2041/3300 train_loss:3.44700 train_time:2481.053s step_avg:1215.61ms
step:2042/3300 train_loss:3.44411 train_time:2482.267s step_avg:1215.61ms
step:2043/3300 train_loss:3.42193 train_time:2483.468s step_avg:1215.60ms
step:2044/3300 train_loss:3.45548 train_time:2484.683s step_avg:1215.60ms
step:2045/3300 train_loss:3.38461 train_time:2485.898s step_avg:1215.60ms
step:2046/3300 train_loss:3.46236 train_time:2487.128s step_avg:1215.61ms
step:2047/3300 train_loss:3.45297 train_time:2488.341s step_avg:1215.60ms
step:2048/3300 train_loss:3.44724 train_time:2489.578s step_avg:1215.61ms
step:2049/3300 train_loss:3.40638 train_time:2490.802s step_avg:1215.62ms
step:2050/3300 train_loss:3.48999 train_time:2492.020s step_avg:1215.62ms
step:2051/3300 train_loss:3.48968 train_time:2493.235s step_avg:1215.62ms
step:2052/3300 train_loss:3.44179 train_time:2494.447s step_avg:1215.62ms
step:2053/3300 train_loss:3.54249 train_time:2495.649s step_avg:1215.61ms
step:2054/3300 train_loss:3.44633 train_time:2496.858s step_avg:1215.61ms
step:2055/3300 train_loss:3.40833 train_time:2498.070s step_avg:1215.61ms
step:2056/3300 train_loss:3.46204 train_time:2499.289s step_avg:1215.61ms
step:2057/3300 train_loss:3.36839 train_time:2500.512s step_avg:1215.61ms
step:2058/3300 train_loss:3.47551 train_time:2501.724s step_avg:1215.61ms
step:2059/3300 train_loss:3.47737 train_time:2502.928s step_avg:1215.60ms
step:2060/3300 train_loss:3.34002 train_time:2504.129s step_avg:1215.60ms
step:2061/3300 train_loss:3.40474 train_time:2505.370s step_avg:1215.61ms
step:2062/3300 train_loss:3.45184 train_time:2506.588s step_avg:1215.61ms
step:2063/3300 train_loss:3.45701 train_time:2507.792s step_avg:1215.60ms
step:2064/3300 train_loss:3.44810 train_time:2509.001s step_avg:1215.60ms
step:2065/3300 train_loss:3.45941 train_time:2510.214s step_avg:1215.60ms
step:2066/3300 train_loss:3.42108 train_time:2511.437s step_avg:1215.60ms
step:2067/3300 train_loss:3.44858 train_time:2512.652s step_avg:1215.60ms
step:2068/3300 train_loss:3.42852 train_time:2513.865s step_avg:1215.60ms
step:2069/3300 train_loss:3.52138 train_time:2515.070s step_avg:1215.60ms
step:2070/3300 train_loss:3.46993 train_time:2516.283s step_avg:1215.60ms
step:2071/3300 train_loss:3.47005 train_time:2517.500s step_avg:1215.60ms
step:2072/3300 train_loss:3.44901 train_time:2518.721s step_avg:1215.60ms
step:2073/3300 train_loss:3.51747 train_time:2519.930s step_avg:1215.60ms
step:2074/3300 train_loss:3.47961 train_time:2521.136s step_avg:1215.59ms
step:2075/3300 train_loss:3.48567 train_time:2522.343s step_avg:1215.59ms
step:2076/3300 train_loss:3.45565 train_time:2523.556s step_avg:1215.59ms
step:2077/3300 train_loss:3.43829 train_time:2524.767s step_avg:1215.58ms
step:2078/3300 train_loss:3.39708 train_time:2525.970s step_avg:1215.58ms
step:2079/3300 train_loss:3.41840 train_time:2527.190s step_avg:1215.58ms
step:2080/3300 train_loss:3.51435 train_time:2528.392s step_avg:1215.57ms
step:2081/3300 train_loss:3.46176 train_time:2529.598s step_avg:1215.57ms
step:2082/3300 train_loss:3.41507 train_time:2530.827s step_avg:1215.58ms
step:2083/3300 train_loss:3.39475 train_time:2532.030s step_avg:1215.57ms
step:2084/3300 train_loss:3.39774 train_time:2533.231s step_avg:1215.56ms
step:2085/3300 train_loss:3.46269 train_time:2534.432s step_avg:1215.55ms
step:2086/3300 train_loss:3.43398 train_time:2535.646s step_avg:1215.55ms
step:2087/3300 train_loss:3.42502 train_time:2536.862s step_avg:1215.55ms
step:2088/3300 train_loss:3.48112 train_time:2538.075s step_avg:1215.55ms
step:2089/3300 train_loss:3.40269 train_time:2539.284s step_avg:1215.55ms
step:2090/3300 train_loss:3.40388 train_time:2540.512s step_avg:1215.56ms
step:2091/3300 train_loss:3.46185 train_time:2541.754s step_avg:1215.57ms
step:2092/3300 train_loss:3.45658 train_time:2542.965s step_avg:1215.57ms
step:2093/3300 train_loss:3.41585 train_time:2544.167s step_avg:1215.56ms
step:2094/3300 train_loss:3.51379 train_time:2545.373s step_avg:1215.56ms
step:2095/3300 train_loss:3.43284 train_time:2546.580s step_avg:1215.55ms
step:2096/3300 train_loss:3.44410 train_time:2547.795s step_avg:1215.55ms
step:2097/3300 train_loss:3.44548 train_time:2549.012s step_avg:1215.55ms
step:2098/3300 train_loss:3.40493 train_time:2550.218s step_avg:1215.55ms
step:2099/3300 train_loss:3.42037 train_time:2551.428s step_avg:1215.54ms
step:2100/3300 train_loss:3.52819 train_time:2552.627s step_avg:1215.54ms
step:2101/3300 train_loss:3.43101 train_time:2553.839s step_avg:1215.53ms
step:2102/3300 train_loss:3.43427 train_time:2555.050s step_avg:1215.53ms
step:2103/3300 train_loss:3.40393 train_time:2556.260s step_avg:1215.53ms
step:2104/3300 train_loss:3.47969 train_time:2557.476s step_avg:1215.53ms
step:2105/3300 train_loss:3.43099 train_time:2558.686s step_avg:1215.53ms
step:2106/3300 train_loss:3.41650 train_time:2559.898s step_avg:1215.53ms
step:2107/3300 train_loss:3.44495 train_time:2561.120s step_avg:1215.53ms
step:2108/3300 train_loss:3.47544 train_time:2562.326s step_avg:1215.52ms
step:2109/3300 train_loss:3.44583 train_time:2563.535s step_avg:1215.52ms
step:2110/3300 train_loss:3.36900 train_time:2564.745s step_avg:1215.52ms
step:2111/3300 train_loss:3.42836 train_time:2565.970s step_avg:1215.52ms
step:2112/3300 train_loss:3.39217 train_time:2567.169s step_avg:1215.52ms
step:2113/3300 train_loss:3.40629 train_time:2568.375s step_avg:1215.51ms
step:2114/3300 train_loss:3.43611 train_time:2569.578s step_avg:1215.50ms
step:2115/3300 train_loss:3.45063 train_time:2570.802s step_avg:1215.51ms
step:2116/3300 train_loss:3.48827 train_time:2572.022s step_avg:1215.51ms
step:2117/3300 train_loss:3.42388 train_time:2573.236s step_avg:1215.51ms
step:2118/3300 train_loss:3.49562 train_time:2574.446s step_avg:1215.51ms
step:2119/3300 train_loss:3.40453 train_time:2575.655s step_avg:1215.50ms
step:2120/3300 train_loss:3.41080 train_time:2576.861s step_avg:1215.50ms
step:2121/3300 train_loss:3.37183 train_time:2578.084s step_avg:1215.50ms
step:2122/3300 train_loss:3.41907 train_time:2579.294s step_avg:1215.50ms
step:2123/3300 train_loss:3.41415 train_time:2580.494s step_avg:1215.49ms
step:2124/3300 train_loss:3.47232 train_time:2581.692s step_avg:1215.49ms
step:2125/3300 train_loss:3.37342 train_time:2582.893s step_avg:1215.48ms
step:2125/3300 val_loss:3.42120 train_time:2582.893s step_avg:1212.68ms
step:2126/3300 train_loss:3.47814 train_time:2584.115s step_avg:1215.48ms
step:2127/3300 train_loss:3.45902 train_time:2585.320s step_avg:1215.48ms
step:2128/3300 train_loss:3.39524 train_time:2586.530s step_avg:1215.47ms
step:2129/3300 train_loss:3.43739 train_time:2587.746s step_avg:1215.48ms
step:2130/3300 train_loss:3.43056 train_time:2588.957s step_avg:1215.47ms
step:2131/3300 train_loss:3.47718 train_time:2590.182s step_avg:1215.48ms
step:2132/3300 train_loss:3.43221 train_time:2591.389s step_avg:1215.47ms
step:2133/3300 train_loss:3.38625 train_time:2592.606s step_avg:1215.47ms
step:2134/3300 train_loss:3.46302 train_time:2593.818s step_avg:1215.47ms
step:2135/3300 train_loss:3.42608 train_time:2595.020s step_avg:1215.47ms
step:2136/3300 train_loss:3.39827 train_time:2596.228s step_avg:1215.46ms
step:2137/3300 train_loss:3.44058 train_time:2597.437s step_avg:1215.46ms
step:2138/3300 train_loss:3.39727 train_time:2598.655s step_avg:1215.46ms
step:2139/3300 train_loss:3.44575 train_time:2599.874s step_avg:1215.46ms
step:2140/3300 train_loss:3.53347 train_time:2601.083s step_avg:1215.46ms
step:2141/3300 train_loss:3.46516 train_time:2602.300s step_avg:1215.46ms
step:2142/3300 train_loss:3.42076 train_time:2603.523s step_avg:1215.46ms
step:2143/3300 train_loss:3.40191 train_time:2604.740s step_avg:1215.46ms
step:2144/3300 train_loss:3.37757 train_time:2605.945s step_avg:1215.46ms
step:2145/3300 train_loss:3.48536 train_time:2607.155s step_avg:1215.46ms
step:2146/3300 train_loss:3.42934 train_time:2608.380s step_avg:1215.46ms
step:2147/3300 train_loss:3.51705 train_time:2609.587s step_avg:1215.46ms
step:2148/3300 train_loss:3.46361 train_time:2610.814s step_avg:1215.46ms
step:2149/3300 train_loss:3.40691 train_time:2612.023s step_avg:1215.46ms
step:2150/3300 train_loss:3.48834 train_time:2613.221s step_avg:1215.45ms
step:2151/3300 train_loss:3.42008 train_time:2614.429s step_avg:1215.45ms
step:2152/3300 train_loss:3.55642 train_time:2615.639s step_avg:1215.45ms
step:2153/3300 train_loss:3.47207 train_time:2616.843s step_avg:1215.44ms
step:2154/3300 train_loss:3.50557 train_time:2618.055s step_avg:1215.44ms
step:2155/3300 train_loss:3.40343 train_time:2619.266s step_avg:1215.44ms
step:2156/3300 train_loss:3.39729 train_time:2620.484s step_avg:1215.44ms
step:2157/3300 train_loss:3.42214 train_time:2621.699s step_avg:1215.44ms
step:2158/3300 train_loss:3.38477 train_time:2622.917s step_avg:1215.44ms
step:2159/3300 train_loss:3.49637 train_time:2624.123s step_avg:1215.43ms
step:2160/3300 train_loss:3.50227 train_time:2625.322s step_avg:1215.43ms
step:2161/3300 train_loss:3.42271 train_time:2626.524s step_avg:1215.42ms
step:2162/3300 train_loss:3.37852 train_time:2627.724s step_avg:1215.41ms
step:2163/3300 train_loss:3.52812 train_time:2628.944s step_avg:1215.42ms
step:2164/3300 train_loss:3.43099 train_time:2630.161s step_avg:1215.42ms
step:2165/3300 train_loss:3.47637 train_time:2631.376s step_avg:1215.42ms
step:2166/3300 train_loss:3.47575 train_time:2632.584s step_avg:1215.41ms
step:2167/3300 train_loss:3.43262 train_time:2633.785s step_avg:1215.41ms
step:2168/3300 train_loss:3.43156 train_time:2634.985s step_avg:1215.40ms
step:2169/3300 train_loss:3.47884 train_time:2636.187s step_avg:1215.39ms
step:2170/3300 train_loss:3.43974 train_time:2637.395s step_avg:1215.39ms
step:2171/3300 train_loss:3.46367 train_time:2638.612s step_avg:1215.39ms
step:2172/3300 train_loss:3.42072 train_time:2639.822s step_avg:1215.39ms
step:2173/3300 train_loss:3.47590 train_time:2641.033s step_avg:1215.39ms
step:2174/3300 train_loss:3.45332 train_time:2642.240s step_avg:1215.38ms
step:2175/3300 train_loss:3.41420 train_time:2643.443s step_avg:1215.38ms
step:2176/3300 train_loss:3.41903 train_time:2644.649s step_avg:1215.37ms
step:2177/3300 train_loss:3.47706 train_time:2645.859s step_avg:1215.37ms
step:2178/3300 train_loss:3.35484 train_time:2647.064s step_avg:1215.36ms
step:2179/3300 train_loss:3.42018 train_time:2648.278s step_avg:1215.36ms
step:2180/3300 train_loss:3.44833 train_time:2649.491s step_avg:1215.36ms
step:2181/3300 train_loss:3.44684 train_time:2650.714s step_avg:1215.37ms
step:2182/3300 train_loss:3.40775 train_time:2651.922s step_avg:1215.36ms
step:2183/3300 train_loss:3.38132 train_time:2653.138s step_avg:1215.36ms
step:2184/3300 train_loss:3.44272 train_time:2654.355s step_avg:1215.36ms
step:2185/3300 train_loss:3.48194 train_time:2655.565s step_avg:1215.36ms
step:2186/3300 train_loss:3.34634 train_time:2656.785s step_avg:1215.36ms
step:2187/3300 train_loss:3.41078 train_time:2657.995s step_avg:1215.36ms
step:2188/3300 train_loss:3.35408 train_time:2659.226s step_avg:1215.37ms
step:2189/3300 train_loss:3.39076 train_time:2660.465s step_avg:1215.38ms
step:2190/3300 train_loss:3.43040 train_time:2661.673s step_avg:1215.38ms
step:2191/3300 train_loss:3.37520 train_time:2662.900s step_avg:1215.38ms
step:2192/3300 train_loss:3.47329 train_time:2664.111s step_avg:1215.38ms
step:2193/3300 train_loss:3.43374 train_time:2665.322s step_avg:1215.38ms
step:2194/3300 train_loss:3.45302 train_time:2666.520s step_avg:1215.37ms
step:2195/3300 train_loss:3.38467 train_time:2667.726s step_avg:1215.36ms
step:2196/3300 train_loss:3.38831 train_time:2668.934s step_avg:1215.36ms
step:2197/3300 train_loss:3.43517 train_time:2670.139s step_avg:1215.36ms
step:2198/3300 train_loss:3.41523 train_time:2671.360s step_avg:1215.36ms
step:2199/3300 train_loss:3.40161 train_time:2672.565s step_avg:1215.35ms
step:2200/3300 train_loss:3.44350 train_time:2673.805s step_avg:1215.37ms
step:2201/3300 train_loss:3.38044 train_time:2675.020s step_avg:1215.37ms
step:2202/3300 train_loss:3.63659 train_time:2676.226s step_avg:1215.36ms
step:2203/3300 train_loss:3.49215 train_time:2677.428s step_avg:1215.36ms
step:2204/3300 train_loss:3.39043 train_time:2678.637s step_avg:1215.35ms
step:2205/3300 train_loss:3.44572 train_time:2679.857s step_avg:1215.35ms
step:2206/3300 train_loss:3.45134 train_time:2681.094s step_avg:1215.36ms
step:2207/3300 train_loss:3.50344 train_time:2682.299s step_avg:1215.36ms
step:2208/3300 train_loss:3.44634 train_time:2683.506s step_avg:1215.36ms
step:2209/3300 train_loss:3.38526 train_time:2684.707s step_avg:1215.35ms
step:2210/3300 train_loss:3.40761 train_time:2685.916s step_avg:1215.35ms
step:2211/3300 train_loss:3.38946 train_time:2687.132s step_avg:1215.35ms
step:2212/3300 train_loss:3.45537 train_time:2688.339s step_avg:1215.34ms
step:2213/3300 train_loss:3.36015 train_time:2689.546s step_avg:1215.34ms
step:2214/3300 train_loss:3.41266 train_time:2690.742s step_avg:1215.33ms
step:2215/3300 train_loss:3.45654 train_time:2691.947s step_avg:1215.33ms
step:2216/3300 train_loss:3.46713 train_time:2693.160s step_avg:1215.32ms
step:2217/3300 train_loss:3.42259 train_time:2694.368s step_avg:1215.32ms
step:2218/3300 train_loss:3.38296 train_time:2695.576s step_avg:1215.32ms
step:2219/3300 train_loss:3.44464 train_time:2696.783s step_avg:1215.31ms
step:2220/3300 train_loss:3.42697 train_time:2697.999s step_avg:1215.31ms
step:2221/3300 train_loss:3.47392 train_time:2699.215s step_avg:1215.32ms
step:2222/3300 train_loss:3.42268 train_time:2700.430s step_avg:1215.31ms
step:2223/3300 train_loss:3.43724 train_time:2701.641s step_avg:1215.31ms
step:2224/3300 train_loss:3.50680 train_time:2702.854s step_avg:1215.31ms
step:2225/3300 train_loss:3.38665 train_time:2704.063s step_avg:1215.31ms
step:2226/3300 train_loss:3.44183 train_time:2705.275s step_avg:1215.31ms
step:2227/3300 train_loss:3.45218 train_time:2706.481s step_avg:1215.30ms
step:2228/3300 train_loss:3.40298 train_time:2707.718s step_avg:1215.31ms
step:2229/3300 train_loss:3.45043 train_time:2708.933s step_avg:1215.31ms
step:2230/3300 train_loss:3.44034 train_time:2710.140s step_avg:1215.31ms
step:2231/3300 train_loss:3.43214 train_time:2711.350s step_avg:1215.31ms
step:2232/3300 train_loss:3.38506 train_time:2712.546s step_avg:1215.30ms
step:2233/3300 train_loss:3.40981 train_time:2713.758s step_avg:1215.30ms
step:2234/3300 train_loss:3.42200 train_time:2714.966s step_avg:1215.29ms
step:2235/3300 train_loss:3.37304 train_time:2716.170s step_avg:1215.29ms
step:2236/3300 train_loss:3.54130 train_time:2717.385s step_avg:1215.29ms
step:2237/3300 train_loss:3.40647 train_time:2718.595s step_avg:1215.29ms
step:2238/3300 train_loss:3.44917 train_time:2719.811s step_avg:1215.29ms
step:2239/3300 train_loss:3.36285 train_time:2721.022s step_avg:1215.28ms
step:2240/3300 train_loss:3.36060 train_time:2722.228s step_avg:1215.28ms
step:2241/3300 train_loss:3.42770 train_time:2723.435s step_avg:1215.28ms
step:2242/3300 train_loss:3.42606 train_time:2724.642s step_avg:1215.27ms
step:2243/3300 train_loss:3.41590 train_time:2725.849s step_avg:1215.27ms
step:2244/3300 train_loss:3.39739 train_time:2727.052s step_avg:1215.26ms
step:2245/3300 train_loss:3.37552 train_time:2728.272s step_avg:1215.27ms
step:2246/3300 train_loss:3.42060 train_time:2729.490s step_avg:1215.27ms
step:2247/3300 train_loss:3.38235 train_time:2730.693s step_avg:1215.26ms
step:2248/3300 train_loss:3.42930 train_time:2731.915s step_avg:1215.26ms
step:2249/3300 train_loss:3.42965 train_time:2733.141s step_avg:1215.27ms
step:2250/3300 train_loss:3.38608 train_time:2734.367s step_avg:1215.27ms
step:2250/3300 val_loss:3.40338 train_time:2734.367s step_avg:1211.79ms
step:2251/3300 train_loss:3.37048 train_time:2735.579s step_avg:1215.27ms
step:2252/3300 train_loss:3.48167 train_time:2736.812s step_avg:1215.28ms
step:2253/3300 train_loss:3.35023 train_time:2738.017s step_avg:1215.28ms
step:2254/3300 train_loss:3.40060 train_time:2739.227s step_avg:1215.27ms
step:2255/3300 train_loss:3.50884 train_time:2740.443s step_avg:1215.27ms
step:2256/3300 train_loss:3.41987 train_time:2741.674s step_avg:1215.28ms
step:2257/3300 train_loss:3.56095 train_time:2742.872s step_avg:1215.27ms
step:2258/3300 train_loss:3.44555 train_time:2744.074s step_avg:1215.27ms
step:2259/3300 train_loss:3.37345 train_time:2745.276s step_avg:1215.26ms
step:2260/3300 train_loss:3.40914 train_time:2746.489s step_avg:1215.26ms
step:2261/3300 train_loss:3.44225 train_time:2747.697s step_avg:1215.26ms
step:2262/3300 train_loss:3.39138 train_time:2748.906s step_avg:1215.25ms
step:2263/3300 train_loss:3.39511 train_time:2750.115s step_avg:1215.25ms
step:2264/3300 train_loss:3.40476 train_time:2751.323s step_avg:1215.25ms
step:2265/3300 train_loss:3.42698 train_time:2752.531s step_avg:1215.25ms
step:2266/3300 train_loss:3.39301 train_time:2753.754s step_avg:1215.25ms
step:2267/3300 train_loss:3.39328 train_time:2754.964s step_avg:1215.25ms
step:2268/3300 train_loss:3.36140 train_time:2756.191s step_avg:1215.25ms
step:2269/3300 train_loss:3.37541 train_time:2757.394s step_avg:1215.25ms
step:2270/3300 train_loss:3.44282 train_time:2758.594s step_avg:1215.24ms
step:2271/3300 train_loss:3.42286 train_time:2759.802s step_avg:1215.24ms
step:2272/3300 train_loss:3.40038 train_time:2761.021s step_avg:1215.24ms
step:2273/3300 train_loss:3.34572 train_time:2762.239s step_avg:1215.24ms
step:2274/3300 train_loss:3.42040 train_time:2763.463s step_avg:1215.24ms
step:2275/3300 train_loss:3.41111 train_time:2764.671s step_avg:1215.24ms
step:2276/3300 train_loss:3.35550 train_time:2765.892s step_avg:1215.24ms
step:2277/3300 train_loss:3.35384 train_time:2767.099s step_avg:1215.24ms
step:2278/3300 train_loss:3.43015 train_time:2768.311s step_avg:1215.24ms
step:2279/3300 train_loss:3.43971 train_time:2769.521s step_avg:1215.24ms
step:2280/3300 train_loss:3.36702 train_time:2770.743s step_avg:1215.24ms
step:2281/3300 train_loss:3.42982 train_time:2771.987s step_avg:1215.25ms
step:2282/3300 train_loss:3.40408 train_time:2773.195s step_avg:1215.25ms
step:2283/3300 train_loss:3.38893 train_time:2774.395s step_avg:1215.24ms
step:2284/3300 train_loss:3.46336 train_time:2775.595s step_avg:1215.23ms
step:2285/3300 train_loss:3.39344 train_time:2776.806s step_avg:1215.23ms
step:2286/3300 train_loss:3.42376 train_time:2778.017s step_avg:1215.23ms
step:2287/3300 train_loss:3.42870 train_time:2779.219s step_avg:1215.22ms
step:2288/3300 train_loss:3.47231 train_time:2780.426s step_avg:1215.22ms
step:2289/3300 train_loss:3.39825 train_time:2781.669s step_avg:1215.23ms
step:2290/3300 train_loss:3.37304 train_time:2782.877s step_avg:1215.23ms
step:2291/3300 train_loss:3.44031 train_time:2784.087s step_avg:1215.23ms
step:2292/3300 train_loss:3.41027 train_time:2785.301s step_avg:1215.23ms
step:2293/3300 train_loss:3.35333 train_time:2786.524s step_avg:1215.23ms
step:2294/3300 train_loss:3.44207 train_time:2787.735s step_avg:1215.23ms
step:2295/3300 train_loss:3.41848 train_time:2788.946s step_avg:1215.23ms
step:2296/3300 train_loss:3.41333 train_time:2790.190s step_avg:1215.24ms
step:2297/3300 train_loss:3.39675 train_time:2791.415s step_avg:1215.24ms
step:2298/3300 train_loss:3.44258 train_time:2792.657s step_avg:1215.26ms
step:2299/3300 train_loss:3.43239 train_time:2793.891s step_avg:1215.26ms
step:2300/3300 train_loss:3.41686 train_time:2795.139s step_avg:1215.28ms
step:2301/3300 train_loss:3.44182 train_time:2796.373s step_avg:1215.29ms
step:2302/3300 train_loss:3.35887 train_time:2797.582s step_avg:1215.28ms
step:2303/3300 train_loss:3.39735 train_time:2798.782s step_avg:1215.28ms
step:2304/3300 train_loss:3.34727 train_time:2800.007s step_avg:1215.28ms
step:2305/3300 train_loss:3.42360 train_time:2801.221s step_avg:1215.28ms
step:2306/3300 train_loss:3.33591 train_time:2802.432s step_avg:1215.28ms
step:2307/3300 train_loss:3.42178 train_time:2803.641s step_avg:1215.28ms
step:2308/3300 train_loss:3.44470 train_time:2804.846s step_avg:1215.27ms
step:2309/3300 train_loss:3.45377 train_time:2806.063s step_avg:1215.27ms
step:2310/3300 train_loss:3.32864 train_time:2807.268s step_avg:1215.27ms
step:2311/3300 train_loss:3.39505 train_time:2808.481s step_avg:1215.27ms
step:2312/3300 train_loss:3.43838 train_time:2809.680s step_avg:1215.26ms
step:2313/3300 train_loss:3.39144 train_time:2810.879s step_avg:1215.25ms
step:2314/3300 train_loss:3.40071 train_time:2812.105s step_avg:1215.26ms
step:2315/3300 train_loss:3.40277 train_time:2813.320s step_avg:1215.26ms
step:2316/3300 train_loss:3.38579 train_time:2814.524s step_avg:1215.25ms
step:2317/3300 train_loss:3.39194 train_time:2815.731s step_avg:1215.25ms
step:2318/3300 train_loss:3.35066 train_time:2816.938s step_avg:1215.24ms
step:2319/3300 train_loss:3.47459 train_time:2818.137s step_avg:1215.24ms
step:2320/3300 train_loss:3.44198 train_time:2819.345s step_avg:1215.23ms
step:2321/3300 train_loss:3.43053 train_time:2820.561s step_avg:1215.24ms
step:2322/3300 train_loss:3.42239 train_time:2821.766s step_avg:1215.23ms
step:2323/3300 train_loss:3.36855 train_time:2822.976s step_avg:1215.23ms
step:2324/3300 train_loss:3.38097 train_time:2824.200s step_avg:1215.23ms
step:2325/3300 train_loss:3.33405 train_time:2825.418s step_avg:1215.23ms
step:2326/3300 train_loss:3.41056 train_time:2826.643s step_avg:1215.24ms
step:2327/3300 train_loss:3.37335 train_time:2827.894s step_avg:1215.25ms
step:2328/3300 train_loss:3.40003 train_time:2829.102s step_avg:1215.25ms
step:2329/3300 train_loss:3.55802 train_time:2830.312s step_avg:1215.25ms
step:2330/3300 train_loss:3.36002 train_time:2831.542s step_avg:1215.25ms
step:2331/3300 train_loss:3.42924 train_time:2832.769s step_avg:1215.26ms
step:2332/3300 train_loss:3.40943 train_time:2833.989s step_avg:1215.26ms
step:2333/3300 train_loss:3.46029 train_time:2835.210s step_avg:1215.26ms
step:2334/3300 train_loss:3.39364 train_time:2836.424s step_avg:1215.26ms
step:2335/3300 train_loss:3.37587 train_time:2837.659s step_avg:1215.27ms
step:2336/3300 train_loss:3.45436 train_time:2838.868s step_avg:1215.27ms
step:2337/3300 train_loss:3.37984 train_time:2840.110s step_avg:1215.28ms
step:2338/3300 train_loss:3.41289 train_time:2841.324s step_avg:1215.28ms
step:2339/3300 train_loss:3.41426 train_time:2842.532s step_avg:1215.28ms
step:2340/3300 train_loss:3.36631 train_time:2843.744s step_avg:1215.28ms
step:2341/3300 train_loss:3.40400 train_time:2844.961s step_avg:1215.28ms
step:2342/3300 train_loss:3.41214 train_time:2846.165s step_avg:1215.27ms
step:2343/3300 train_loss:3.40221 train_time:2847.367s step_avg:1215.27ms
step:2344/3300 train_loss:3.39688 train_time:2848.571s step_avg:1215.26ms
step:2345/3300 train_loss:3.40350 train_time:2849.775s step_avg:1215.26ms
step:2346/3300 train_loss:3.37251 train_time:2851.004s step_avg:1215.26ms
step:2347/3300 train_loss:3.47621 train_time:2852.210s step_avg:1215.26ms
step:2348/3300 train_loss:3.45139 train_time:2853.416s step_avg:1215.25ms
step:2349/3300 train_loss:3.40597 train_time:2854.626s step_avg:1215.25ms
step:2350/3300 train_loss:3.37363 train_time:2855.826s step_avg:1215.25ms
step:2351/3300 train_loss:3.36758 train_time:2857.040s step_avg:1215.24ms
step:2352/3300 train_loss:3.37809 train_time:2858.238s step_avg:1215.24ms
step:2353/3300 train_loss:3.47775 train_time:2859.445s step_avg:1215.23ms
step:2354/3300 train_loss:3.41225 train_time:2860.663s step_avg:1215.24ms
step:2355/3300 train_loss:3.32819 train_time:2861.861s step_avg:1215.23ms
step:2356/3300 train_loss:3.49909 train_time:2863.073s step_avg:1215.23ms
step:2357/3300 train_loss:3.39376 train_time:2864.278s step_avg:1215.22ms
step:2358/3300 train_loss:3.39580 train_time:2865.483s step_avg:1215.22ms
step:2359/3300 train_loss:3.37198 train_time:2866.687s step_avg:1215.21ms
step:2360/3300 train_loss:3.41900 train_time:2867.889s step_avg:1215.21ms
step:2361/3300 train_loss:3.40990 train_time:2869.104s step_avg:1215.21ms
step:2362/3300 train_loss:3.41417 train_time:2870.305s step_avg:1215.20ms
step:2363/3300 train_loss:3.40851 train_time:2871.502s step_avg:1215.19ms
step:2364/3300 train_loss:3.43528 train_time:2872.706s step_avg:1215.19ms
step:2365/3300 train_loss:3.36886 train_time:2873.909s step_avg:1215.18ms
step:2366/3300 train_loss:3.38151 train_time:2875.125s step_avg:1215.18ms
step:2367/3300 train_loss:3.49691 train_time:2876.326s step_avg:1215.18ms
step:2368/3300 train_loss:3.43523 train_time:2877.525s step_avg:1215.17ms
step:2369/3300 train_loss:3.41042 train_time:2878.728s step_avg:1215.17ms
step:2370/3300 train_loss:3.35117 train_time:2879.937s step_avg:1215.16ms
step:2371/3300 train_loss:3.43435 train_time:2881.152s step_avg:1215.16ms
step:2372/3300 train_loss:3.37676 train_time:2882.382s step_avg:1215.17ms
step:2373/3300 train_loss:3.46811 train_time:2883.586s step_avg:1215.16ms
step:2374/3300 train_loss:3.54525 train_time:2884.782s step_avg:1215.16ms
step:2375/3300 train_loss:3.35563 train_time:2885.986s step_avg:1215.15ms
step:2375/3300 val_loss:3.38686 train_time:2885.986s step_avg:1212.95ms
step:2376/3300 train_loss:3.39172 train_time:2887.192s step_avg:1215.15ms
step:2377/3300 train_loss:3.40212 train_time:2888.393s step_avg:1215.14ms
step:2378/3300 train_loss:3.38348 train_time:2889.596s step_avg:1215.14ms
step:2379/3300 train_loss:3.41427 train_time:2890.795s step_avg:1215.13ms
step:2380/3300 train_loss:3.35853 train_time:2891.996s step_avg:1215.12ms
step:2381/3300 train_loss:3.41514 train_time:2893.206s step_avg:1215.12ms
step:2382/3300 train_loss:3.42530 train_time:2894.416s step_avg:1215.12ms
step:2383/3300 train_loss:3.40471 train_time:2895.621s step_avg:1215.12ms
step:2384/3300 train_loss:3.37762 train_time:2896.829s step_avg:1215.11ms
step:2385/3300 train_loss:3.44704 train_time:2898.037s step_avg:1215.11ms
step:2386/3300 train_loss:3.38768 train_time:2899.250s step_avg:1215.11ms
step:2387/3300 train_loss:3.41324 train_time:2900.457s step_avg:1215.11ms
step:2388/3300 train_loss:3.38347 train_time:2901.656s step_avg:1215.10ms
step:2389/3300 train_loss:3.42575 train_time:2902.854s step_avg:1215.09ms
step:2390/3300 train_loss:3.38075 train_time:2904.087s step_avg:1215.10ms
step:2391/3300 train_loss:3.43404 train_time:2905.301s step_avg:1215.10ms
step:2392/3300 train_loss:3.36194 train_time:2906.508s step_avg:1215.10ms
step:2393/3300 train_loss:3.40006 train_time:2907.736s step_avg:1215.10ms
step:2394/3300 train_loss:3.44001 train_time:2908.937s step_avg:1215.09ms
step:2395/3300 train_loss:3.34784 train_time:2910.137s step_avg:1215.09ms
step:2396/3300 train_loss:3.41335 train_time:2911.344s step_avg:1215.08ms
step:2397/3300 train_loss:3.39737 train_time:2912.575s step_avg:1215.09ms
step:2398/3300 train_loss:3.38641 train_time:2913.777s step_avg:1215.09ms
step:2399/3300 train_loss:3.38919 train_time:2914.977s step_avg:1215.08ms
step:2400/3300 train_loss:3.35454 train_time:2916.183s step_avg:1215.08ms
step:2401/3300 train_loss:3.38587 train_time:2917.411s step_avg:1215.08ms
step:2402/3300 train_loss:3.41224 train_time:2918.628s step_avg:1215.08ms
step:2403/3300 train_loss:3.36898 train_time:2919.836s step_avg:1215.08ms
step:2404/3300 train_loss:3.49041 train_time:2921.038s step_avg:1215.07ms
step:2405/3300 train_loss:3.36937 train_time:2922.247s step_avg:1215.07ms
step:2406/3300 train_loss:3.51945 train_time:2923.459s step_avg:1215.07ms
step:2407/3300 train_loss:3.34578 train_time:2924.681s step_avg:1215.07ms
step:2408/3300 train_loss:3.38099 train_time:2925.896s step_avg:1215.07ms
step:2409/3300 train_loss:3.38734 train_time:2927.099s step_avg:1215.07ms
step:2410/3300 train_loss:3.43259 train_time:2928.312s step_avg:1215.07ms
step:2411/3300 train_loss:3.41630 train_time:2929.524s step_avg:1215.07ms
step:2412/3300 train_loss:3.37054 train_time:2930.732s step_avg:1215.06ms
step:2413/3300 train_loss:3.37075 train_time:2931.940s step_avg:1215.06ms
step:2414/3300 train_loss:3.46163 train_time:2933.139s step_avg:1215.05ms
step:2415/3300 train_loss:3.42671 train_time:2934.341s step_avg:1215.05ms
step:2416/3300 train_loss:3.37535 train_time:2935.563s step_avg:1215.05ms
step:2417/3300 train_loss:3.38611 train_time:2936.773s step_avg:1215.05ms
step:2418/3300 train_loss:3.40864 train_time:2937.995s step_avg:1215.05ms
step:2419/3300 train_loss:3.36711 train_time:2939.200s step_avg:1215.05ms
step:2420/3300 train_loss:3.38392 train_time:2940.403s step_avg:1215.04ms
step:2421/3300 train_loss:3.48948 train_time:2941.618s step_avg:1215.04ms
step:2422/3300 train_loss:3.46851 train_time:2942.825s step_avg:1215.04ms
step:2423/3300 train_loss:3.46125 train_time:2944.041s step_avg:1215.04ms
step:2424/3300 train_loss:3.42027 train_time:2945.277s step_avg:1215.05ms
step:2425/3300 train_loss:3.36363 train_time:2946.495s step_avg:1215.05ms
step:2426/3300 train_loss:3.31380 train_time:2947.712s step_avg:1215.05ms
step:2427/3300 train_loss:3.44946 train_time:2948.923s step_avg:1215.05ms
step:2428/3300 train_loss:3.38206 train_time:2950.132s step_avg:1215.05ms
step:2429/3300 train_loss:3.35316 train_time:2951.337s step_avg:1215.04ms
step:2430/3300 train_loss:3.41426 train_time:2952.549s step_avg:1215.04ms
step:2431/3300 train_loss:3.47965 train_time:2953.764s step_avg:1215.04ms
step:2432/3300 train_loss:3.41715 train_time:2954.980s step_avg:1215.04ms
step:2433/3300 train_loss:3.39898 train_time:2956.183s step_avg:1215.04ms
step:2434/3300 train_loss:3.38618 train_time:2957.396s step_avg:1215.04ms
step:2435/3300 train_loss:3.38131 train_time:2958.629s step_avg:1215.04ms
step:2436/3300 train_loss:3.39380 train_time:2959.841s step_avg:1215.04ms
step:2437/3300 train_loss:3.38117 train_time:2961.043s step_avg:1215.04ms
step:2438/3300 train_loss:3.39646 train_time:2962.247s step_avg:1215.03ms
step:2439/3300 train_loss:3.35678 train_time:2963.455s step_avg:1215.03ms
step:2440/3300 train_loss:3.38911 train_time:2964.661s step_avg:1215.03ms
step:2441/3300 train_loss:3.35889 train_time:2965.871s step_avg:1215.02ms
step:2442/3300 train_loss:3.43027 train_time:2967.079s step_avg:1215.02ms
step:2443/3300 train_loss:3.39670 train_time:2968.283s step_avg:1215.02ms
step:2444/3300 train_loss:3.32710 train_time:2969.483s step_avg:1215.01ms
step:2445/3300 train_loss:3.44569 train_time:2970.680s step_avg:1215.00ms
step:2446/3300 train_loss:3.37769 train_time:2971.887s step_avg:1215.00ms
step:2447/3300 train_loss:3.37525 train_time:2973.096s step_avg:1215.00ms
step:2448/3300 train_loss:3.45171 train_time:2974.302s step_avg:1214.99ms
step:2449/3300 train_loss:3.39677 train_time:2975.504s step_avg:1214.99ms
step:2450/3300 train_loss:3.41900 train_time:2976.702s step_avg:1214.98ms
step:2451/3300 train_loss:3.41298 train_time:2977.905s step_avg:1214.98ms
step:2452/3300 train_loss:3.42822 train_time:2979.121s step_avg:1214.98ms
step:2453/3300 train_loss:3.37222 train_time:2980.318s step_avg:1214.97ms
step:2454/3300 train_loss:3.44075 train_time:2981.526s step_avg:1214.97ms
step:2455/3300 train_loss:3.46231 train_time:2982.734s step_avg:1214.96ms
step:2456/3300 train_loss:3.32987 train_time:2983.948s step_avg:1214.96ms
step:2457/3300 train_loss:3.37602 train_time:2985.155s step_avg:1214.96ms
step:2458/3300 train_loss:3.51245 train_time:2986.361s step_avg:1214.96ms
step:2459/3300 train_loss:3.59099 train_time:2987.592s step_avg:1214.96ms
step:2460/3300 train_loss:3.40835 train_time:2988.800s step_avg:1214.96ms
step:2461/3300 train_loss:3.37693 train_time:2990.011s step_avg:1214.96ms
step:2462/3300 train_loss:3.43704 train_time:2991.218s step_avg:1214.95ms
step:2463/3300 train_loss:3.45079 train_time:2992.425s step_avg:1214.95ms
step:2464/3300 train_loss:3.47504 train_time:2993.636s step_avg:1214.95ms
step:2465/3300 train_loss:3.37700 train_time:2994.843s step_avg:1214.95ms
step:2466/3300 train_loss:3.41554 train_time:2996.051s step_avg:1214.94ms
step:2467/3300 train_loss:3.35253 train_time:2997.263s step_avg:1214.94ms
step:2468/3300 train_loss:3.41413 train_time:2998.479s step_avg:1214.94ms
step:2469/3300 train_loss:3.48700 train_time:2999.689s step_avg:1214.94ms
step:2470/3300 train_loss:3.38984 train_time:3000.897s step_avg:1214.94ms
step:2471/3300 train_loss:3.38501 train_time:3002.151s step_avg:1214.95ms
step:2472/3300 train_loss:3.38169 train_time:3003.358s step_avg:1214.95ms
step:2473/3300 train_loss:3.56785 train_time:3004.571s step_avg:1214.95ms
step:2474/3300 train_loss:3.42139 train_time:3005.788s step_avg:1214.95ms
step:2475/3300 train_loss:3.38785 train_time:3006.999s step_avg:1214.95ms
step:2476/3300 train_loss:3.37142 train_time:3008.219s step_avg:1214.95ms
step:2477/3300 train_loss:3.38139 train_time:3009.424s step_avg:1214.95ms
step:2478/3300 train_loss:3.38992 train_time:3010.622s step_avg:1214.94ms
step:2479/3300 train_loss:3.41513 train_time:3011.820s step_avg:1214.93ms
step:2480/3300 train_loss:3.33959 train_time:3013.035s step_avg:1214.93ms
step:2481/3300 train_loss:3.45081 train_time:3014.261s step_avg:1214.94ms
step:2482/3300 train_loss:3.36284 train_time:3015.463s step_avg:1214.93ms
step:2483/3300 train_loss:3.38452 train_time:3016.673s step_avg:1214.93ms
step:2484/3300 train_loss:3.44893 train_time:3017.879s step_avg:1214.93ms
step:2485/3300 train_loss:3.44552 train_time:3019.094s step_avg:1214.93ms
step:2486/3300 train_loss:3.39796 train_time:3020.309s step_avg:1214.93ms
step:2487/3300 train_loss:3.42186 train_time:3021.518s step_avg:1214.92ms
step:2488/3300 train_loss:3.37414 train_time:3022.732s step_avg:1214.92ms
step:2489/3300 train_loss:3.40248 train_time:3023.940s step_avg:1214.92ms
step:2490/3300 train_loss:3.40724 train_time:3025.147s step_avg:1214.92ms
step:2491/3300 train_loss:3.43010 train_time:3026.366s step_avg:1214.92ms
step:2492/3300 train_loss:3.36539 train_time:3027.569s step_avg:1214.92ms
step:2493/3300 train_loss:3.41337 train_time:3028.777s step_avg:1214.91ms
step:2494/3300 train_loss:3.40884 train_time:3029.981s step_avg:1214.91ms
step:2495/3300 train_loss:3.34312 train_time:3031.186s step_avg:1214.90ms
step:2496/3300 train_loss:3.37285 train_time:3032.412s step_avg:1214.91ms
step:2497/3300 train_loss:3.37499 train_time:3033.627s step_avg:1214.91ms
step:2498/3300 train_loss:3.34575 train_time:3034.839s step_avg:1214.91ms
step:2499/3300 train_loss:3.39080 train_time:3036.044s step_avg:1214.90ms
step:2500/3300 train_loss:3.33194 train_time:3037.259s step_avg:1214.90ms
step:2500/3300 val_loss:3.37029 train_time:3037.259s step_avg:1210.19ms
step:2501/3300 train_loss:3.35874 train_time:3038.475s step_avg:1214.90ms
step:2502/3300 train_loss:3.36405 train_time:3039.692s step_avg:1214.90ms
step:2503/3300 train_loss:3.37794 train_time:3040.894s step_avg:1214.90ms
step:2504/3300 train_loss:3.43925 train_time:3042.095s step_avg:1214.89ms
step:2505/3300 train_loss:3.39715 train_time:3043.304s step_avg:1214.89ms
step:2506/3300 train_loss:3.37408 train_time:3044.517s step_avg:1214.89ms
step:2507/3300 train_loss:3.44021 train_time:3045.735s step_avg:1214.89ms
step:2508/3300 train_loss:3.37526 train_time:3046.959s step_avg:1214.90ms
step:2509/3300 train_loss:3.46460 train_time:3048.167s step_avg:1214.89ms
step:2510/3300 train_loss:3.40296 train_time:3049.373s step_avg:1214.89ms
step:2511/3300 train_loss:3.39939 train_time:3050.583s step_avg:1214.89ms
step:2512/3300 train_loss:3.40313 train_time:3051.790s step_avg:1214.88ms
step:2513/3300 train_loss:3.37482 train_time:3052.995s step_avg:1214.88ms
step:2514/3300 train_loss:3.40711 train_time:3054.195s step_avg:1214.87ms
step:2515/3300 train_loss:3.32921 train_time:3055.403s step_avg:1214.87ms
step:2516/3300 train_loss:3.39754 train_time:3056.631s step_avg:1214.88ms
step:2517/3300 train_loss:3.36881 train_time:3057.833s step_avg:1214.87ms
step:2518/3300 train_loss:3.42939 train_time:3059.034s step_avg:1214.87ms
step:2519/3300 train_loss:3.42238 train_time:3060.246s step_avg:1214.87ms
step:2520/3300 train_loss:3.41579 train_time:3061.455s step_avg:1214.86ms
step:2521/3300 train_loss:3.42060 train_time:3062.660s step_avg:1214.86ms
step:2522/3300 train_loss:3.38428 train_time:3063.865s step_avg:1214.86ms
step:2523/3300 train_loss:3.34356 train_time:3065.075s step_avg:1214.85ms
step:2524/3300 train_loss:3.41938 train_time:3066.285s step_avg:1214.85ms
step:2525/3300 train_loss:3.35327 train_time:3067.494s step_avg:1214.85ms
step:2526/3300 train_loss:3.41919 train_time:3068.701s step_avg:1214.85ms
step:2527/3300 train_loss:3.38089 train_time:3069.911s step_avg:1214.84ms
step:2528/3300 train_loss:3.29942 train_time:3071.132s step_avg:1214.85ms
step:2529/3300 train_loss:3.41659 train_time:3072.334s step_avg:1214.84ms
step:2530/3300 train_loss:3.40737 train_time:3073.542s step_avg:1214.84ms
step:2531/3300 train_loss:3.40583 train_time:3074.785s step_avg:1214.85ms
step:2532/3300 train_loss:3.35440 train_time:3076.009s step_avg:1214.85ms
step:2533/3300 train_loss:3.38641 train_time:3077.223s step_avg:1214.85ms
step:2534/3300 train_loss:3.38627 train_time:3078.426s step_avg:1214.85ms
step:2535/3300 train_loss:3.38499 train_time:3079.628s step_avg:1214.84ms
step:2536/3300 train_loss:3.38356 train_time:3080.840s step_avg:1214.84ms
step:2537/3300 train_loss:3.32449 train_time:3082.049s step_avg:1214.84ms
step:2538/3300 train_loss:3.34137 train_time:3083.256s step_avg:1214.84ms
step:2539/3300 train_loss:3.37486 train_time:3084.461s step_avg:1214.83ms
step:2540/3300 train_loss:3.38759 train_time:3085.681s step_avg:1214.84ms
step:2541/3300 train_loss:3.36978 train_time:3086.904s step_avg:1214.84ms
step:2542/3300 train_loss:3.56293 train_time:3088.116s step_avg:1214.84ms
step:2543/3300 train_loss:3.59378 train_time:3089.315s step_avg:1214.83ms
step:2544/3300 train_loss:3.35860 train_time:3090.512s step_avg:1214.82ms
step:2545/3300 train_loss:3.36816 train_time:3091.714s step_avg:1214.82ms
step:2546/3300 train_loss:3.51535 train_time:3092.930s step_avg:1214.82ms
step:2547/3300 train_loss:3.37562 train_time:3094.138s step_avg:1214.82ms
step:2548/3300 train_loss:3.32701 train_time:3095.346s step_avg:1214.81ms
step:2549/3300 train_loss:3.41927 train_time:3096.569s step_avg:1214.82ms
step:2550/3300 train_loss:3.40361 train_time:3097.780s step_avg:1214.82ms
step:2551/3300 train_loss:3.36782 train_time:3098.990s step_avg:1214.81ms
step:2552/3300 train_loss:3.35966 train_time:3100.195s step_avg:1214.81ms
step:2553/3300 train_loss:3.42660 train_time:3101.400s step_avg:1214.81ms
step:2554/3300 train_loss:3.41123 train_time:3102.607s step_avg:1214.80ms
step:2555/3300 train_loss:3.33995 train_time:3103.815s step_avg:1214.80ms
step:2556/3300 train_loss:3.40086 train_time:3105.027s step_avg:1214.80ms
step:2557/3300 train_loss:3.38446 train_time:3106.245s step_avg:1214.80ms
step:2558/3300 train_loss:3.36011 train_time:3107.461s step_avg:1214.80ms
step:2559/3300 train_loss:3.35357 train_time:3108.668s step_avg:1214.80ms
step:2560/3300 train_loss:3.38681 train_time:3109.879s step_avg:1214.80ms
step:2561/3300 train_loss:3.40991 train_time:3111.089s step_avg:1214.79ms
step:2562/3300 train_loss:3.35298 train_time:3112.296s step_avg:1214.79ms
step:2563/3300 train_loss:3.45011 train_time:3113.497s step_avg:1214.79ms
step:2564/3300 train_loss:3.39326 train_time:3114.711s step_avg:1214.79ms
step:2565/3300 train_loss:3.33095 train_time:3115.918s step_avg:1214.78ms
step:2566/3300 train_loss:3.40101 train_time:3117.120s step_avg:1214.78ms
step:2567/3300 train_loss:3.41492 train_time:3118.320s step_avg:1214.77ms
step:2568/3300 train_loss:3.38488 train_time:3119.521s step_avg:1214.77ms
step:2569/3300 train_loss:3.34778 train_time:3120.731s step_avg:1214.76ms
step:2570/3300 train_loss:3.40260 train_time:3121.939s step_avg:1214.76ms
step:2571/3300 train_loss:3.34574 train_time:3123.146s step_avg:1214.76ms
step:2572/3300 train_loss:3.36136 train_time:3124.357s step_avg:1214.76ms
step:2573/3300 train_loss:3.32481 train_time:3125.558s step_avg:1214.75ms
step:2574/3300 train_loss:3.36732 train_time:3126.770s step_avg:1214.75ms
step:2575/3300 train_loss:3.36012 train_time:3127.980s step_avg:1214.75ms
step:2576/3300 train_loss:3.39455 train_time:3129.200s step_avg:1214.75ms
step:2577/3300 train_loss:3.36249 train_time:3130.413s step_avg:1214.75ms
step:2578/3300 train_loss:3.36975 train_time:3131.626s step_avg:1214.75ms
step:2579/3300 train_loss:3.30958 train_time:3132.834s step_avg:1214.75ms
step:2580/3300 train_loss:3.35219 train_time:3134.040s step_avg:1214.74ms
step:2581/3300 train_loss:3.43547 train_time:3135.248s step_avg:1214.74ms
step:2582/3300 train_loss:3.33083 train_time:3136.460s step_avg:1214.74ms
step:2583/3300 train_loss:3.42059 train_time:3137.674s step_avg:1214.74ms
step:2584/3300 train_loss:3.43672 train_time:3138.884s step_avg:1214.74ms
step:2585/3300 train_loss:3.41362 train_time:3140.102s step_avg:1214.74ms
step:2586/3300 train_loss:3.39491 train_time:3141.332s step_avg:1214.75ms
step:2587/3300 train_loss:3.37150 train_time:3142.535s step_avg:1214.74ms
step:2588/3300 train_loss:3.40120 train_time:3143.745s step_avg:1214.74ms
step:2589/3300 train_loss:3.31048 train_time:3144.961s step_avg:1214.74ms
step:2590/3300 train_loss:3.43455 train_time:3146.170s step_avg:1214.74ms
step:2591/3300 train_loss:3.42362 train_time:3147.387s step_avg:1214.74ms
step:2592/3300 train_loss:3.44878 train_time:3148.599s step_avg:1214.74ms
step:2593/3300 train_loss:3.38108 train_time:3149.813s step_avg:1214.74ms
step:2594/3300 train_loss:3.37244 train_time:3151.030s step_avg:1214.74ms
step:2595/3300 train_loss:3.41842 train_time:3152.236s step_avg:1214.73ms
step:2596/3300 train_loss:3.32974 train_time:3153.441s step_avg:1214.73ms
step:2597/3300 train_loss:3.46613 train_time:3154.644s step_avg:1214.73ms
step:2598/3300 train_loss:3.37629 train_time:3155.889s step_avg:1214.74ms
step:2599/3300 train_loss:3.32876 train_time:3157.127s step_avg:1214.75ms
step:2600/3300 train_loss:3.38974 train_time:3158.347s step_avg:1214.75ms
step:2601/3300 train_loss:3.32553 train_time:3159.560s step_avg:1214.75ms
step:2602/3300 train_loss:3.37994 train_time:3160.758s step_avg:1214.74ms
step:2603/3300 train_loss:3.40320 train_time:3161.959s step_avg:1214.74ms
step:2604/3300 train_loss:3.38539 train_time:3163.162s step_avg:1214.73ms
step:2605/3300 train_loss:3.35195 train_time:3164.359s step_avg:1214.73ms
step:2606/3300 train_loss:3.34955 train_time:3165.573s step_avg:1214.72ms
step:2607/3300 train_loss:3.33122 train_time:3166.779s step_avg:1214.72ms
step:2608/3300 train_loss:3.40344 train_time:3167.980s step_avg:1214.72ms
step:2609/3300 train_loss:3.38472 train_time:3169.182s step_avg:1214.71ms
step:2610/3300 train_loss:3.36381 train_time:3170.389s step_avg:1214.71ms
step:2611/3300 train_loss:3.33215 train_time:3171.599s step_avg:1214.71ms
step:2612/3300 train_loss:3.35998 train_time:3172.798s step_avg:1214.70ms
step:2613/3300 train_loss:3.37256 train_time:3174.000s step_avg:1214.70ms
step:2614/3300 train_loss:3.42487 train_time:3175.240s step_avg:1214.71ms
step:2615/3300 train_loss:3.31821 train_time:3176.451s step_avg:1214.70ms
step:2616/3300 train_loss:3.31807 train_time:3177.664s step_avg:1214.70ms
step:2617/3300 train_loss:3.40632 train_time:3178.872s step_avg:1214.70ms
step:2618/3300 train_loss:3.36528 train_time:3180.080s step_avg:1214.70ms
step:2619/3300 train_loss:3.37321 train_time:3181.280s step_avg:1214.69ms
step:2620/3300 train_loss:3.41749 train_time:3182.483s step_avg:1214.69ms
step:2621/3300 train_loss:3.37178 train_time:3183.690s step_avg:1214.69ms
step:2622/3300 train_loss:3.37785 train_time:3184.899s step_avg:1214.68ms
step:2623/3300 train_loss:3.38529 train_time:3186.114s step_avg:1214.68ms
step:2624/3300 train_loss:3.37493 train_time:3187.320s step_avg:1214.68ms
step:2625/3300 train_loss:3.34189 train_time:3188.530s step_avg:1214.68ms
step:2625/3300 val_loss:3.35270 train_time:3188.530s step_avg:1210.17ms
step:2626/3300 train_loss:3.39270 train_time:3189.738s step_avg:1214.68ms
step:2627/3300 train_loss:3.37266 train_time:3190.946s step_avg:1214.67ms
step:2628/3300 train_loss:3.41201 train_time:3192.159s step_avg:1214.67ms
step:2629/3300 train_loss:3.38603 train_time:3193.375s step_avg:1214.67ms
step:2630/3300 train_loss:3.35873 train_time:3194.590s step_avg:1214.67ms
step:2631/3300 train_loss:3.42234 train_time:3195.820s step_avg:1214.68ms
step:2632/3300 train_loss:3.32934 train_time:3197.035s step_avg:1214.68ms
step:2633/3300 train_loss:3.39804 train_time:3198.252s step_avg:1214.68ms
step:2634/3300 train_loss:3.30787 train_time:3199.458s step_avg:1214.68ms
step:2635/3300 train_loss:3.33133 train_time:3200.665s step_avg:1214.67ms
step:2636/3300 train_loss:3.36372 train_time:3201.870s step_avg:1214.67ms
step:2637/3300 train_loss:3.35492 train_time:3203.077s step_avg:1214.67ms
step:2638/3300 train_loss:3.38936 train_time:3204.295s step_avg:1214.67ms
step:2639/3300 train_loss:3.37547 train_time:3205.503s step_avg:1214.67ms
step:2640/3300 train_loss:3.41975 train_time:3206.704s step_avg:1214.66ms
step:2641/3300 train_loss:3.35833 train_time:3207.930s step_avg:1214.66ms
step:2642/3300 train_loss:3.32241 train_time:3209.127s step_avg:1214.66ms
step:2643/3300 train_loss:3.35980 train_time:3210.327s step_avg:1214.65ms
step:2644/3300 train_loss:3.36047 train_time:3211.529s step_avg:1214.65ms
step:2645/3300 train_loss:3.40820 train_time:3212.737s step_avg:1214.65ms
step:2646/3300 train_loss:3.35192 train_time:3213.956s step_avg:1214.65ms
step:2647/3300 train_loss:3.35762 train_time:3215.164s step_avg:1214.64ms
step:2648/3300 train_loss:3.38516 train_time:3216.368s step_avg:1214.64ms
step:2649/3300 train_loss:3.40366 train_time:3217.575s step_avg:1214.64ms
step:2650/3300 train_loss:3.40193 train_time:3218.783s step_avg:1214.63ms
step:2651/3300 train_loss:3.39418 train_time:3219.995s step_avg:1214.63ms
step:2652/3300 train_loss:3.37898 train_time:3221.201s step_avg:1214.63ms
step:2653/3300 train_loss:3.40533 train_time:3222.407s step_avg:1214.63ms
step:2654/3300 train_loss:3.40176 train_time:3223.614s step_avg:1214.62ms
step:2655/3300 train_loss:3.36533 train_time:3224.823s step_avg:1214.62ms
step:2656/3300 train_loss:3.37751 train_time:3226.049s step_avg:1214.63ms
step:2657/3300 train_loss:3.32986 train_time:3227.259s step_avg:1214.63ms
step:2658/3300 train_loss:3.35529 train_time:3228.473s step_avg:1214.62ms
step:2659/3300 train_loss:3.38098 train_time:3229.681s step_avg:1214.62ms
step:2660/3300 train_loss:3.35531 train_time:3230.890s step_avg:1214.62ms
step:2661/3300 train_loss:3.37950 train_time:3232.149s step_avg:1214.64ms
step:2662/3300 train_loss:3.36887 train_time:3233.363s step_avg:1214.64ms
step:2663/3300 train_loss:3.35639 train_time:3234.577s step_avg:1214.64ms
step:2664/3300 train_loss:3.33005 train_time:3235.800s step_avg:1214.64ms
step:2665/3300 train_loss:3.38436 train_time:3237.014s step_avg:1214.64ms
step:2666/3300 train_loss:3.39847 train_time:3238.239s step_avg:1214.64ms
step:2667/3300 train_loss:3.39643 train_time:3239.455s step_avg:1214.64ms
step:2668/3300 train_loss:3.35089 train_time:3240.662s step_avg:1214.64ms
step:2669/3300 train_loss:3.38171 train_time:3241.867s step_avg:1214.64ms
step:2670/3300 train_loss:3.34205 train_time:3243.065s step_avg:1214.63ms
step:2671/3300 train_loss:3.33060 train_time:3244.294s step_avg:1214.64ms
step:2672/3300 train_loss:3.29943 train_time:3245.512s step_avg:1214.64ms
step:2673/3300 train_loss:3.35063 train_time:3246.719s step_avg:1214.63ms
step:2674/3300 train_loss:3.36287 train_time:3247.925s step_avg:1214.63ms
step:2675/3300 train_loss:3.41187 train_time:3249.142s step_avg:1214.63ms
step:2676/3300 train_loss:3.33325 train_time:3250.357s step_avg:1214.63ms
step:2677/3300 train_loss:3.27766 train_time:3251.567s step_avg:1214.63ms
step:2678/3300 train_loss:3.41428 train_time:3252.777s step_avg:1214.63ms
step:2679/3300 train_loss:3.41235 train_time:3253.984s step_avg:1214.63ms
step:2680/3300 train_loss:3.30983 train_time:3255.209s step_avg:1214.63ms
step:2681/3300 train_loss:3.35052 train_time:3256.416s step_avg:1214.63ms
step:2682/3300 train_loss:3.40780 train_time:3257.631s step_avg:1214.63ms
step:2683/3300 train_loss:3.40151 train_time:3258.839s step_avg:1214.62ms
step:2684/3300 train_loss:3.44867 train_time:3260.050s step_avg:1214.62ms
step:2685/3300 train_loss:3.38344 train_time:3261.255s step_avg:1214.62ms
step:2686/3300 train_loss:3.33889 train_time:3262.470s step_avg:1214.62ms
step:2687/3300 train_loss:3.39025 train_time:3263.671s step_avg:1214.62ms
step:2688/3300 train_loss:3.34803 train_time:3264.891s step_avg:1214.62ms
step:2689/3300 train_loss:3.39986 train_time:3266.099s step_avg:1214.61ms
step:2690/3300 train_loss:3.37373 train_time:3267.318s step_avg:1214.62ms
step:2691/3300 train_loss:3.36234 train_time:3268.537s step_avg:1214.62ms
step:2692/3300 train_loss:3.41175 train_time:3269.743s step_avg:1214.61ms
step:2693/3300 train_loss:3.40390 train_time:3270.952s step_avg:1214.61ms
step:2694/3300 train_loss:3.33536 train_time:3272.162s step_avg:1214.61ms
step:2695/3300 train_loss:3.31919 train_time:3273.371s step_avg:1214.61ms
step:2696/3300 train_loss:3.46707 train_time:3274.582s step_avg:1214.61ms
step:2697/3300 train_loss:3.34812 train_time:3275.809s step_avg:1214.61ms
step:2698/3300 train_loss:3.27688 train_time:3277.039s step_avg:1214.62ms
step:2699/3300 train_loss:3.36367 train_time:3278.248s step_avg:1214.62ms
step:2700/3300 train_loss:3.36766 train_time:3279.476s step_avg:1214.62ms
step:2701/3300 train_loss:3.35517 train_time:3280.681s step_avg:1214.62ms
step:2702/3300 train_loss:3.35394 train_time:3281.897s step_avg:1214.62ms
step:2703/3300 train_loss:3.41056 train_time:3283.134s step_avg:1214.63ms
step:2704/3300 train_loss:3.35630 train_time:3284.336s step_avg:1214.62ms
step:2705/3300 train_loss:3.35345 train_time:3285.548s step_avg:1214.62ms
step:2706/3300 train_loss:3.37360 train_time:3286.758s step_avg:1214.62ms
step:2707/3300 train_loss:3.38887 train_time:3287.964s step_avg:1214.62ms
step:2708/3300 train_loss:3.34421 train_time:3289.176s step_avg:1214.61ms
step:2709/3300 train_loss:3.39488 train_time:3290.387s step_avg:1214.61ms
step:2710/3300 train_loss:3.32500 train_time:3291.595s step_avg:1214.61ms
step:2711/3300 train_loss:3.42188 train_time:3292.816s step_avg:1214.61ms
step:2712/3300 train_loss:3.36524 train_time:3294.046s step_avg:1214.62ms
step:2713/3300 train_loss:3.34755 train_time:3295.270s step_avg:1214.62ms
step:2714/3300 train_loss:3.35444 train_time:3296.473s step_avg:1214.62ms
step:2715/3300 train_loss:3.31177 train_time:3297.667s step_avg:1214.61ms
step:2716/3300 train_loss:3.34200 train_time:3298.882s step_avg:1214.61ms
step:2717/3300 train_loss:3.34377 train_time:3300.094s step_avg:1214.61ms
step:2718/3300 train_loss:3.40692 train_time:3301.295s step_avg:1214.60ms
step:2719/3300 train_loss:3.34737 train_time:3302.510s step_avg:1214.60ms
step:2720/3300 train_loss:3.36702 train_time:3303.717s step_avg:1214.60ms
step:2721/3300 train_loss:3.40123 train_time:3304.932s step_avg:1214.60ms
step:2722/3300 train_loss:3.48545 train_time:3306.136s step_avg:1214.60ms
step:2723/3300 train_loss:3.33632 train_time:3307.349s step_avg:1214.60ms
step:2724/3300 train_loss:3.36599 train_time:3308.555s step_avg:1214.59ms
step:2725/3300 train_loss:3.40290 train_time:3309.755s step_avg:1214.59ms
step:2726/3300 train_loss:3.35656 train_time:3310.966s step_avg:1214.59ms
step:2727/3300 train_loss:3.34226 train_time:3312.190s step_avg:1214.59ms
step:2728/3300 train_loss:3.37137 train_time:3313.402s step_avg:1214.59ms
step:2729/3300 train_loss:3.40077 train_time:3314.610s step_avg:1214.59ms
step:2730/3300 train_loss:3.40335 train_time:3315.824s step_avg:1214.59ms
step:2731/3300 train_loss:3.32374 train_time:3317.046s step_avg:1214.59ms
step:2732/3300 train_loss:3.31605 train_time:3318.265s step_avg:1214.59ms
step:2733/3300 train_loss:3.28834 train_time:3319.471s step_avg:1214.59ms
step:2734/3300 train_loss:3.34573 train_time:3320.673s step_avg:1214.58ms
step:2735/3300 train_loss:3.35637 train_time:3321.883s step_avg:1214.58ms
step:2736/3300 train_loss:3.35141 train_time:3323.105s step_avg:1214.59ms
step:2737/3300 train_loss:3.36225 train_time:3324.312s step_avg:1214.58ms
step:2738/3300 train_loss:3.33290 train_time:3325.520s step_avg:1214.58ms
step:2739/3300 train_loss:3.29923 train_time:3326.727s step_avg:1214.58ms
step:2740/3300 train_loss:3.36580 train_time:3327.937s step_avg:1214.58ms
step:2741/3300 train_loss:3.36130 train_time:3329.184s step_avg:1214.59ms
step:2742/3300 train_loss:3.39167 train_time:3330.391s step_avg:1214.58ms
step:2743/3300 train_loss:3.38333 train_time:3331.596s step_avg:1214.58ms
step:2744/3300 train_loss:3.40905 train_time:3332.801s step_avg:1214.58ms
step:2745/3300 train_loss:3.31371 train_time:3334.011s step_avg:1214.58ms
step:2746/3300 train_loss:3.35887 train_time:3335.244s step_avg:1214.58ms
step:2747/3300 train_loss:3.34212 train_time:3336.453s step_avg:1214.58ms
step:2748/3300 train_loss:3.37256 train_time:3337.668s step_avg:1214.58ms
step:2749/3300 train_loss:3.36135 train_time:3338.881s step_avg:1214.58ms
step:2750/3300 train_loss:3.37944 train_time:3340.093s step_avg:1214.58ms
step:2750/3300 val_loss:3.33634 train_time:3340.093s step_avg:1212.50ms
step:2751/3300 train_loss:3.33058 train_time:3341.309s step_avg:1214.58ms
step:2752/3300 train_loss:3.30976 train_time:3342.515s step_avg:1214.58ms
step:2753/3300 train_loss:3.32623 train_time:3343.721s step_avg:1214.57ms
step:2754/3300 train_loss:3.32296 train_time:3344.977s step_avg:1214.59ms
step:2755/3300 train_loss:3.29376 train_time:3346.182s step_avg:1214.58ms
step:2756/3300 train_loss:3.32972 train_time:3347.392s step_avg:1214.58ms
step:2757/3300 train_loss:3.41837 train_time:3348.599s step_avg:1214.58ms
step:2758/3300 train_loss:3.31617 train_time:3349.803s step_avg:1214.58ms
step:2759/3300 train_loss:3.33771 train_time:3351.012s step_avg:1214.57ms
step:2760/3300 train_loss:3.36534 train_time:3352.217s step_avg:1214.57ms
step:2761/3300 train_loss:3.36608 train_time:3353.423s step_avg:1214.57ms
step:2762/3300 train_loss:3.31244 train_time:3354.654s step_avg:1214.57ms
step:2763/3300 train_loss:3.36049 train_time:3355.859s step_avg:1214.57ms
step:2764/3300 train_loss:3.39482 train_time:3357.067s step_avg:1214.57ms
step:2765/3300 train_loss:3.32951 train_time:3358.292s step_avg:1214.57ms
step:2766/3300 train_loss:3.31838 train_time:3359.510s step_avg:1214.57ms
step:2767/3300 train_loss:3.34218 train_time:3360.729s step_avg:1214.57ms
step:2768/3300 train_loss:3.35484 train_time:3361.937s step_avg:1214.57ms
step:2769/3300 train_loss:3.32626 train_time:3363.139s step_avg:1214.57ms
step:2770/3300 train_loss:3.26953 train_time:3364.349s step_avg:1214.57ms
step:2771/3300 train_loss:3.46314 train_time:3365.579s step_avg:1214.57ms
step:2772/3300 train_loss:3.32913 train_time:3366.780s step_avg:1214.57ms
step:2773/3300 train_loss:3.31005 train_time:3367.988s step_avg:1214.56ms
step:2774/3300 train_loss:3.32959 train_time:3369.195s step_avg:1214.56ms
step:2775/3300 train_loss:3.36464 train_time:3370.403s step_avg:1214.56ms
step:2776/3300 train_loss:3.41778 train_time:3371.617s step_avg:1214.56ms
step:2777/3300 train_loss:3.40735 train_time:3372.816s step_avg:1214.55ms
step:2778/3300 train_loss:3.38250 train_time:3374.013s step_avg:1214.55ms
step:2779/3300 train_loss:3.34864 train_time:3375.217s step_avg:1214.54ms
step:2780/3300 train_loss:3.36228 train_time:3376.433s step_avg:1214.54ms
step:2781/3300 train_loss:3.32107 train_time:3377.654s step_avg:1214.55ms
step:2782/3300 train_loss:3.36538 train_time:3378.860s step_avg:1214.54ms
step:2783/3300 train_loss:3.36189 train_time:3380.070s step_avg:1214.54ms
step:2784/3300 train_loss:3.36590 train_time:3381.286s step_avg:1214.54ms
step:2785/3300 train_loss:3.32525 train_time:3382.494s step_avg:1214.54ms
step:2786/3300 train_loss:3.36503 train_time:3383.708s step_avg:1214.54ms
step:2787/3300 train_loss:3.37440 train_time:3384.916s step_avg:1214.54ms
step:2788/3300 train_loss:3.38902 train_time:3386.119s step_avg:1214.53ms
step:2789/3300 train_loss:3.39038 train_time:3387.363s step_avg:1214.54ms
step:2790/3300 train_loss:3.33440 train_time:3388.570s step_avg:1214.54ms
step:2791/3300 train_loss:3.31492 train_time:3389.800s step_avg:1214.55ms
step:2792/3300 train_loss:3.35584 train_time:3391.010s step_avg:1214.55ms
step:2793/3300 train_loss:3.41841 train_time:3392.221s step_avg:1214.54ms
step:2794/3300 train_loss:3.31633 train_time:3393.426s step_avg:1214.54ms
step:2795/3300 train_loss:3.41150 train_time:3394.637s step_avg:1214.54ms
step:2796/3300 train_loss:3.32140 train_time:3395.868s step_avg:1214.54ms
step:2797/3300 train_loss:3.36548 train_time:3397.089s step_avg:1214.55ms
step:2798/3300 train_loss:3.33609 train_time:3398.301s step_avg:1214.55ms
step:2799/3300 train_loss:3.36125 train_time:3399.520s step_avg:1214.55ms
step:2800/3300 train_loss:3.39131 train_time:3400.733s step_avg:1214.55ms
step:2801/3300 train_loss:3.37497 train_time:3401.946s step_avg:1214.55ms
step:2802/3300 train_loss:3.30651 train_time:3403.154s step_avg:1214.54ms
step:2803/3300 train_loss:3.39402 train_time:3404.386s step_avg:1214.55ms
step:2804/3300 train_loss:3.45822 train_time:3405.603s step_avg:1214.55ms
step:2805/3300 train_loss:3.32370 train_time:3406.801s step_avg:1214.55ms
step:2806/3300 train_loss:3.42987 train_time:3408.012s step_avg:1214.54ms
step:2807/3300 train_loss:3.38346 train_time:3409.217s step_avg:1214.54ms
step:2808/3300 train_loss:3.33645 train_time:3410.430s step_avg:1214.54ms
step:2809/3300 train_loss:3.38639 train_time:3411.642s step_avg:1214.54ms
step:2810/3300 train_loss:3.34918 train_time:3412.842s step_avg:1214.53ms
step:2811/3300 train_loss:3.38055 train_time:3414.053s step_avg:1214.53ms
step:2812/3300 train_loss:3.30451 train_time:3415.264s step_avg:1214.53ms
step:2813/3300 train_loss:3.38820 train_time:3416.477s step_avg:1214.53ms
step:2814/3300 train_loss:3.33623 train_time:3417.685s step_avg:1214.53ms
step:2815/3300 train_loss:3.25465 train_time:3418.898s step_avg:1214.53ms
step:2816/3300 train_loss:3.30679 train_time:3420.134s step_avg:1214.54ms
step:2817/3300 train_loss:3.35820 train_time:3421.350s step_avg:1214.54ms
step:2818/3300 train_loss:3.35628 train_time:3422.560s step_avg:1214.54ms
step:2819/3300 train_loss:3.36639 train_time:3423.769s step_avg:1214.53ms
step:2820/3300 train_loss:3.36473 train_time:3424.983s step_avg:1214.53ms
step:2821/3300 train_loss:3.39951 train_time:3426.200s step_avg:1214.53ms
step:2822/3300 train_loss:3.35980 train_time:3427.407s step_avg:1214.53ms
step:2823/3300 train_loss:3.33272 train_time:3428.617s step_avg:1214.53ms
step:2824/3300 train_loss:3.28344 train_time:3429.832s step_avg:1214.53ms
step:2825/3300 train_loss:3.37428 train_time:3431.050s step_avg:1214.53ms
step:2826/3300 train_loss:3.33321 train_time:3432.266s step_avg:1214.53ms
step:2827/3300 train_loss:3.34899 train_time:3433.472s step_avg:1214.53ms
step:2828/3300 train_loss:3.33449 train_time:3434.686s step_avg:1214.53ms
step:2829/3300 train_loss:3.34214 train_time:3435.898s step_avg:1214.53ms
step:2830/3300 train_loss:3.36999 train_time:3437.108s step_avg:1214.53ms
step:2831/3300 train_loss:3.36026 train_time:3438.333s step_avg:1214.53ms
step:2832/3300 train_loss:3.36407 train_time:3439.549s step_avg:1214.53ms
step:2833/3300 train_loss:3.45404 train_time:3440.777s step_avg:1214.53ms
step:2834/3300 train_loss:3.34934 train_time:3441.985s step_avg:1214.53ms
step:2835/3300 train_loss:3.39091 train_time:3443.186s step_avg:1214.53ms
step:2836/3300 train_loss:3.33003 train_time:3444.412s step_avg:1214.53ms
step:2837/3300 train_loss:3.33862 train_time:3445.620s step_avg:1214.53ms
step:2838/3300 train_loss:3.37983 train_time:3446.831s step_avg:1214.53ms
step:2839/3300 train_loss:3.35821 train_time:3448.057s step_avg:1214.53ms
step:2840/3300 train_loss:3.32995 train_time:3449.267s step_avg:1214.53ms
step:2841/3300 train_loss:3.36732 train_time:3450.494s step_avg:1214.53ms
step:2842/3300 train_loss:3.35160 train_time:3451.708s step_avg:1214.53ms
step:2843/3300 train_loss:3.35325 train_time:3452.922s step_avg:1214.53ms
step:2844/3300 train_loss:3.44833 train_time:3454.126s step_avg:1214.53ms
step:2845/3300 train_loss:3.31409 train_time:3455.352s step_avg:1214.54ms
step:2846/3300 train_loss:3.31773 train_time:3456.580s step_avg:1214.54ms
step:2847/3300 train_loss:3.33766 train_time:3457.791s step_avg:1214.54ms
step:2848/3300 train_loss:3.36719 train_time:3459.003s step_avg:1214.54ms
step:2849/3300 train_loss:3.32608 train_time:3460.208s step_avg:1214.53ms
step:2850/3300 train_loss:3.34837 train_time:3461.412s step_avg:1214.53ms
step:2851/3300 train_loss:3.30150 train_time:3462.654s step_avg:1214.54ms
step:2852/3300 train_loss:3.35818 train_time:3463.864s step_avg:1214.54ms
step:2853/3300 train_loss:3.31426 train_time:3465.069s step_avg:1214.54ms
step:2854/3300 train_loss:3.32322 train_time:3466.280s step_avg:1214.53ms
step:2855/3300 train_loss:3.37215 train_time:3467.519s step_avg:1214.54ms
step:2856/3300 train_loss:3.43749 train_time:3468.736s step_avg:1214.54ms
step:2857/3300 train_loss:3.34831 train_time:3469.945s step_avg:1214.54ms
step:2858/3300 train_loss:3.38675 train_time:3471.150s step_avg:1214.54ms
step:2859/3300 train_loss:3.33538 train_time:3472.364s step_avg:1214.54ms
step:2860/3300 train_loss:3.30219 train_time:3473.566s step_avg:1214.53ms
step:2861/3300 train_loss:3.42153 train_time:3474.776s step_avg:1214.53ms
step:2862/3300 train_loss:3.38439 train_time:3475.989s step_avg:1214.53ms
step:2863/3300 train_loss:3.39789 train_time:3477.204s step_avg:1214.53ms
step:2864/3300 train_loss:3.32707 train_time:3478.414s step_avg:1214.53ms
step:2865/3300 train_loss:3.37452 train_time:3479.627s step_avg:1214.53ms
step:2866/3300 train_loss:3.28727 train_time:3480.838s step_avg:1214.53ms
step:2867/3300 train_loss:3.32749 train_time:3482.047s step_avg:1214.53ms
step:2868/3300 train_loss:3.35711 train_time:3483.249s step_avg:1214.52ms
step:2869/3300 train_loss:3.31881 train_time:3484.469s step_avg:1214.52ms
step:2870/3300 train_loss:3.32836 train_time:3485.681s step_avg:1214.52ms
step:2871/3300 train_loss:3.32118 train_time:3486.898s step_avg:1214.52ms
step:2872/3300 train_loss:3.30054 train_time:3488.121s step_avg:1214.53ms
step:2873/3300 train_loss:3.25497 train_time:3489.332s step_avg:1214.53ms
step:2874/3300 train_loss:3.36629 train_time:3490.541s step_avg:1214.52ms
step:2875/3300 train_loss:3.40556 train_time:3491.751s step_avg:1214.52ms
step:2875/3300 val_loss:3.32014 train_time:3491.751s step_avg:1213.27ms
step:2876/3300 train_loss:3.34556 train_time:3492.971s step_avg:1214.52ms
step:2877/3300 train_loss:3.33249 train_time:3494.175s step_avg:1214.52ms
step:2878/3300 train_loss:3.37027 train_time:3495.378s step_avg:1214.52ms
step:2879/3300 train_loss:3.35877 train_time:3496.583s step_avg:1214.51ms
step:2880/3300 train_loss:3.32789 train_time:3497.798s step_avg:1214.51ms
step:2881/3300 train_loss:3.31011 train_time:3499.021s step_avg:1214.52ms
step:2882/3300 train_loss:3.37900 train_time:3500.232s step_avg:1214.52ms
step:2883/3300 train_loss:3.31824 train_time:3501.440s step_avg:1214.51ms
step:2884/3300 train_loss:3.34653 train_time:3502.645s step_avg:1214.51ms
step:2885/3300 train_loss:3.30594 train_time:3503.864s step_avg:1214.51ms
step:2886/3300 train_loss:3.35006 train_time:3505.080s step_avg:1214.51ms
step:2887/3300 train_loss:3.40997 train_time:3506.291s step_avg:1214.51ms
step:2888/3300 train_loss:3.40585 train_time:3507.500s step_avg:1214.51ms
step:2889/3300 train_loss:3.47518 train_time:3508.724s step_avg:1214.51ms
step:2890/3300 train_loss:3.30324 train_time:3509.943s step_avg:1214.51ms
step:2891/3300 train_loss:3.33946 train_time:3511.157s step_avg:1214.51ms
step:2892/3300 train_loss:3.27128 train_time:3512.373s step_avg:1214.51ms
step:2893/3300 train_loss:3.29217 train_time:3513.582s step_avg:1214.51ms
step:2894/3300 train_loss:3.32521 train_time:3514.793s step_avg:1214.51ms
step:2895/3300 train_loss:3.39365 train_time:3516.002s step_avg:1214.51ms
step:2896/3300 train_loss:3.38590 train_time:3517.223s step_avg:1214.51ms
step:2897/3300 train_loss:3.30361 train_time:3518.438s step_avg:1214.51ms
step:2898/3300 train_loss:3.55707 train_time:3519.646s step_avg:1214.51ms
step:2899/3300 train_loss:3.34011 train_time:3520.858s step_avg:1214.51ms
step:2900/3300 train_loss:3.35746 train_time:3522.067s step_avg:1214.51ms
step:2901/3300 train_loss:3.31857 train_time:3523.292s step_avg:1214.51ms
step:2902/3300 train_loss:3.41566 train_time:3524.501s step_avg:1214.51ms
step:2903/3300 train_loss:3.31433 train_time:3525.706s step_avg:1214.50ms
step:2904/3300 train_loss:3.36967 train_time:3526.931s step_avg:1214.51ms
step:2905/3300 train_loss:3.39195 train_time:3528.144s step_avg:1214.51ms
step:2906/3300 train_loss:3.34147 train_time:3529.388s step_avg:1214.52ms
step:2907/3300 train_loss:3.35929 train_time:3530.597s step_avg:1214.52ms
step:2908/3300 train_loss:3.37408 train_time:3531.805s step_avg:1214.51ms
step:2909/3300 train_loss:3.40083 train_time:3533.021s step_avg:1214.51ms
step:2910/3300 train_loss:3.34967 train_time:3534.224s step_avg:1214.51ms
step:2911/3300 train_loss:3.33114 train_time:3535.433s step_avg:1214.51ms
step:2912/3300 train_loss:3.30548 train_time:3536.644s step_avg:1214.51ms
step:2913/3300 train_loss:3.39122 train_time:3537.873s step_avg:1214.51ms
step:2914/3300 train_loss:3.35195 train_time:3539.088s step_avg:1214.51ms
step:2915/3300 train_loss:3.35070 train_time:3540.298s step_avg:1214.51ms
step:2916/3300 train_loss:3.33003 train_time:3541.513s step_avg:1214.51ms
step:2917/3300 train_loss:3.39913 train_time:3542.725s step_avg:1214.51ms
step:2918/3300 train_loss:3.23309 train_time:3543.941s step_avg:1214.51ms
step:2919/3300 train_loss:3.30025 train_time:3545.154s step_avg:1214.51ms
step:2920/3300 train_loss:3.26856 train_time:3546.364s step_avg:1214.51ms
step:2921/3300 train_loss:3.35324 train_time:3547.575s step_avg:1214.51ms
step:2922/3300 train_loss:3.48690 train_time:3548.788s step_avg:1214.51ms
step:2923/3300 train_loss:3.34326 train_time:3550.004s step_avg:1214.51ms
step:2924/3300 train_loss:3.30225 train_time:3551.212s step_avg:1214.50ms
step:2925/3300 train_loss:3.34865 train_time:3552.425s step_avg:1214.50ms
step:2926/3300 train_loss:3.35579 train_time:3553.656s step_avg:1214.51ms
step:2927/3300 train_loss:3.28714 train_time:3554.865s step_avg:1214.51ms
step:2928/3300 train_loss:3.38390 train_time:3556.079s step_avg:1214.51ms
step:2929/3300 train_loss:3.29355 train_time:3557.287s step_avg:1214.51ms
step:2930/3300 train_loss:3.40358 train_time:3558.504s step_avg:1214.51ms
step:2931/3300 train_loss:3.35797 train_time:3559.740s step_avg:1214.51ms
step:2932/3300 train_loss:3.35432 train_time:3560.949s step_avg:1214.51ms
step:2933/3300 train_loss:3.57407 train_time:3562.160s step_avg:1214.51ms
step:2934/3300 train_loss:3.33061 train_time:3563.367s step_avg:1214.51ms
step:2935/3300 train_loss:3.45319 train_time:3564.576s step_avg:1214.51ms
step:2936/3300 train_loss:3.37996 train_time:3565.792s step_avg:1214.51ms
step:2937/3300 train_loss:3.32912 train_time:3567.006s step_avg:1214.51ms
step:2938/3300 train_loss:3.36638 train_time:3568.226s step_avg:1214.51ms
step:2939/3300 train_loss:3.37218 train_time:3569.443s step_avg:1214.51ms
step:2940/3300 train_loss:3.30295 train_time:3570.647s step_avg:1214.51ms
step:2941/3300 train_loss:3.31037 train_time:3571.864s step_avg:1214.51ms
step:2942/3300 train_loss:3.27080 train_time:3573.076s step_avg:1214.51ms
step:2943/3300 train_loss:3.31041 train_time:3574.287s step_avg:1214.50ms
step:2944/3300 train_loss:3.26188 train_time:3575.501s step_avg:1214.50ms
step:2945/3300 train_loss:3.35068 train_time:3576.740s step_avg:1214.51ms
step:2946/3300 train_loss:3.33689 train_time:3577.951s step_avg:1214.51ms
step:2947/3300 train_loss:3.31192 train_time:3579.163s step_avg:1214.51ms
step:2948/3300 train_loss:3.36282 train_time:3580.366s step_avg:1214.51ms
step:2949/3300 train_loss:3.29727 train_time:3581.569s step_avg:1214.50ms
step:2950/3300 train_loss:3.31714 train_time:3582.780s step_avg:1214.50ms
step:2951/3300 train_loss:3.36835 train_time:3583.992s step_avg:1214.50ms
step:2952/3300 train_loss:3.28391 train_time:3585.202s step_avg:1214.50ms
step:2953/3300 train_loss:3.36854 train_time:3586.405s step_avg:1214.50ms
step:2954/3300 train_loss:3.35251 train_time:3587.627s step_avg:1214.50ms
step:2955/3300 train_loss:3.32541 train_time:3588.840s step_avg:1214.50ms
step:2956/3300 train_loss:3.32842 train_time:3590.059s step_avg:1214.50ms
step:2957/3300 train_loss:3.33629 train_time:3591.266s step_avg:1214.50ms
step:2958/3300 train_loss:3.35022 train_time:3592.484s step_avg:1214.50ms
step:2959/3300 train_loss:3.26984 train_time:3593.688s step_avg:1214.49ms
step:2960/3300 train_loss:3.31655 train_time:3594.898s step_avg:1214.49ms
step:2961/3300 train_loss:3.38733 train_time:3596.110s step_avg:1214.49ms
step:2962/3300 train_loss:3.29025 train_time:3597.332s step_avg:1214.49ms
step:2963/3300 train_loss:3.25740 train_time:3598.555s step_avg:1214.50ms
step:2964/3300 train_loss:3.28742 train_time:3599.779s step_avg:1214.50ms
step:2965/3300 train_loss:3.34148 train_time:3600.987s step_avg:1214.50ms
step:2966/3300 train_loss:3.27877 train_time:3602.208s step_avg:1214.50ms
step:2967/3300 train_loss:3.33620 train_time:3603.420s step_avg:1214.50ms
step:2968/3300 train_loss:3.31993 train_time:3604.628s step_avg:1214.50ms
step:2969/3300 train_loss:3.49149 train_time:3605.841s step_avg:1214.50ms
step:2970/3300 train_loss:3.32061 train_time:3607.053s step_avg:1214.50ms
step:2971/3300 train_loss:3.37464 train_time:3608.270s step_avg:1214.50ms
step:2972/3300 train_loss:3.29659 train_time:3609.483s step_avg:1214.50ms
step:2973/3300 train_loss:3.35137 train_time:3610.688s step_avg:1214.49ms
step:2974/3300 train_loss:3.25176 train_time:3611.912s step_avg:1214.50ms
step:2975/3300 train_loss:3.31559 train_time:3613.127s step_avg:1214.50ms
step:2976/3300 train_loss:3.32669 train_time:3614.335s step_avg:1214.49ms
step:2977/3300 train_loss:3.29657 train_time:3615.548s step_avg:1214.49ms
step:2978/3300 train_loss:3.39162 train_time:3616.764s step_avg:1214.49ms
step:2979/3300 train_loss:3.31646 train_time:3617.970s step_avg:1214.49ms
step:2980/3300 train_loss:3.35776 train_time:3619.184s step_avg:1214.49ms
step:2981/3300 train_loss:3.31661 train_time:3620.399s step_avg:1214.49ms
step:2982/3300 train_loss:3.37346 train_time:3621.610s step_avg:1214.49ms
step:2983/3300 train_loss:3.33265 train_time:3622.831s step_avg:1214.49ms
step:2984/3300 train_loss:3.36042 train_time:3624.042s step_avg:1214.49ms
step:2985/3300 train_loss:3.36621 train_time:3625.248s step_avg:1214.49ms
step:2986/3300 train_loss:3.35486 train_time:3626.456s step_avg:1214.49ms
step:2987/3300 train_loss:3.27881 train_time:3627.670s step_avg:1214.49ms
step:2988/3300 train_loss:3.23874 train_time:3628.891s step_avg:1214.49ms
step:2989/3300 train_loss:3.38530 train_time:3630.100s step_avg:1214.49ms
step:2990/3300 train_loss:3.34735 train_time:3631.309s step_avg:1214.48ms
step:2991/3300 train_loss:3.29350 train_time:3632.529s step_avg:1214.49ms
step:2992/3300 train_loss:3.30800 train_time:3633.729s step_avg:1214.48ms
step:2993/3300 train_loss:3.30285 train_time:3634.940s step_avg:1214.48ms
step:2994/3300 train_loss:3.28945 train_time:3636.150s step_avg:1214.48ms
step:2995/3300 train_loss:3.37887 train_time:3637.371s step_avg:1214.48ms
step:2996/3300 train_loss:3.26775 train_time:3638.588s step_avg:1214.48ms
step:2997/3300 train_loss:3.27688 train_time:3639.811s step_avg:1214.48ms
step:2998/3300 train_loss:3.34792 train_time:3641.022s step_avg:1214.48ms
step:2999/3300 train_loss:3.38423 train_time:3642.241s step_avg:1214.49ms
step:3000/3300 train_loss:3.34627 train_time:3643.455s step_avg:1214.48ms
step:3000/3300 val_loss:3.30444 train_time:3643.455s step_avg:1213.63ms
step:3001/3300 train_loss:3.30822 train_time:3644.685s step_avg:1214.49ms
step:3002/3300 train_loss:3.31800 train_time:3645.902s step_avg:1214.49ms
step:3003/3300 train_loss:3.30062 train_time:3647.109s step_avg:1214.49ms
step:3004/3300 train_loss:3.35825 train_time:3648.318s step_avg:1214.49ms
step:3005/3300 train_loss:3.32512 train_time:3649.540s step_avg:1214.49ms
step:3006/3300 train_loss:3.28858 train_time:3650.763s step_avg:1214.49ms
step:3007/3300 train_loss:3.30695 train_time:3651.971s step_avg:1214.49ms
step:3008/3300 train_loss:3.35721 train_time:3653.207s step_avg:1214.50ms
step:3009/3300 train_loss:3.29241 train_time:3654.416s step_avg:1214.50ms
step:3010/3300 train_loss:3.34157 train_time:3655.647s step_avg:1214.50ms
step:3011/3300 train_loss:3.33939 train_time:3656.863s step_avg:1214.50ms
step:3012/3300 train_loss:3.29633 train_time:3658.073s step_avg:1214.50ms
step:3013/3300 train_loss:3.37443 train_time:3659.293s step_avg:1214.50ms
step:3014/3300 train_loss:3.35399 train_time:3660.497s step_avg:1214.50ms
step:3015/3300 train_loss:3.33133 train_time:3661.699s step_avg:1214.49ms
step:3016/3300 train_loss:3.31989 train_time:3662.921s step_avg:1214.50ms
step:3017/3300 train_loss:3.32564 train_time:3664.136s step_avg:1214.50ms
step:3018/3300 train_loss:3.26338 train_time:3665.340s step_avg:1214.49ms
step:3019/3300 train_loss:3.32851 train_time:3666.550s step_avg:1214.49ms
step:3020/3300 train_loss:3.33373 train_time:3667.760s step_avg:1214.49ms
step:3021/3300 train_loss:3.28522 train_time:3668.979s step_avg:1214.49ms
step:3022/3300 train_loss:3.30481 train_time:3670.190s step_avg:1214.49ms
step:3023/3300 train_loss:3.26295 train_time:3671.403s step_avg:1214.49ms
step:3024/3300 train_loss:3.33056 train_time:3672.616s step_avg:1214.49ms
step:3025/3300 train_loss:3.31828 train_time:3673.820s step_avg:1214.49ms
step:3025/3300 val_loss:3.30068 train_time:3673.820s step_avg:1214.61ms
step:3026/3300 train_loss:3.27501 train_time:3675.034s step_avg:1214.49ms
step:3027/3300 train_loss:3.34061 train_time:3676.250s step_avg:1214.49ms
step:3028/3300 train_loss:3.24062 train_time:3677.455s step_avg:1214.48ms
step:3029/3300 train_loss:3.37546 train_time:3678.659s step_avg:1214.48ms
step:3030/3300 train_loss:3.20775 train_time:3679.874s step_avg:1214.48ms
step:3031/3300 train_loss:3.25571 train_time:3681.092s step_avg:1214.48ms
step:3032/3300 train_loss:3.35141 train_time:3682.294s step_avg:1214.48ms
step:3033/3300 train_loss:3.32069 train_time:3683.497s step_avg:1214.47ms
step:3034/3300 train_loss:3.28226 train_time:3684.714s step_avg:1214.47ms
step:3035/3300 train_loss:3.25265 train_time:3685.917s step_avg:1214.47ms
step:3036/3300 train_loss:3.30581 train_time:3687.133s step_avg:1214.47ms
step:3037/3300 train_loss:3.29127 train_time:3688.339s step_avg:1214.47ms
step:3038/3300 train_loss:3.29028 train_time:3689.550s step_avg:1214.47ms
step:3039/3300 train_loss:3.30330 train_time:3690.761s step_avg:1214.47ms
step:3040/3300 train_loss:3.33108 train_time:3691.984s step_avg:1214.47ms
step:3041/3300 train_loss:3.23526 train_time:3693.228s step_avg:1214.48ms
step:3042/3300 train_loss:3.26275 train_time:3694.436s step_avg:1214.48ms
step:3043/3300 train_loss:3.35007 train_time:3695.648s step_avg:1214.48ms
step:3044/3300 train_loss:3.40971 train_time:3696.865s step_avg:1214.48ms
step:3045/3300 train_loss:3.26095 train_time:3698.089s step_avg:1214.48ms
step:3046/3300 train_loss:3.27202 train_time:3699.317s step_avg:1214.48ms
step:3047/3300 train_loss:3.32099 train_time:3700.527s step_avg:1214.48ms
step:3048/3300 train_loss:3.26652 train_time:3701.737s step_avg:1214.48ms
step:3049/3300 train_loss:3.28304 train_time:3702.950s step_avg:1214.48ms
step:3050/3300 train_loss:3.30321 train_time:3704.157s step_avg:1214.48ms
step:3050/3300 val_loss:3.29784 train_time:3704.157s step_avg:1213.47ms
step:3051/3300 train_loss:3.26120 train_time:3705.375s step_avg:1214.48ms
step:3052/3300 train_loss:3.32941 train_time:3706.578s step_avg:1214.48ms
step:3053/3300 train_loss:3.30525 train_time:3707.791s step_avg:1214.47ms
step:3054/3300 train_loss:3.34489 train_time:3709.004s step_avg:1214.47ms
step:3055/3300 train_loss:3.35772 train_time:3710.218s step_avg:1214.47ms
step:3056/3300 train_loss:3.23829 train_time:3711.430s step_avg:1214.47ms
step:3057/3300 train_loss:3.29739 train_time:3712.640s step_avg:1214.47ms
step:3058/3300 train_loss:3.34189 train_time:3713.849s step_avg:1214.47ms
step:3059/3300 train_loss:3.37329 train_time:3715.063s step_avg:1214.47ms
step:3060/3300 train_loss:3.27874 train_time:3716.273s step_avg:1214.47ms
step:3061/3300 train_loss:3.31837 train_time:3717.486s step_avg:1214.47ms
step:3062/3300 train_loss:3.31172 train_time:3718.715s step_avg:1214.47ms
step:3063/3300 train_loss:3.34909 train_time:3719.929s step_avg:1214.47ms
step:3064/3300 train_loss:3.28190 train_time:3721.152s step_avg:1214.48ms
step:3065/3300 train_loss:3.32504 train_time:3722.363s step_avg:1214.47ms
step:3066/3300 train_loss:3.25654 train_time:3723.592s step_avg:1214.48ms
step:3067/3300 train_loss:3.25076 train_time:3724.814s step_avg:1214.48ms
step:3068/3300 train_loss:3.29800 train_time:3726.022s step_avg:1214.48ms
step:3069/3300 train_loss:3.33535 train_time:3727.234s step_avg:1214.48ms
step:3070/3300 train_loss:3.32520 train_time:3728.446s step_avg:1214.48ms
step:3071/3300 train_loss:3.35341 train_time:3729.662s step_avg:1214.48ms
step:3072/3300 train_loss:3.34834 train_time:3730.883s step_avg:1214.48ms
step:3073/3300 train_loss:3.26517 train_time:3732.089s step_avg:1214.48ms
step:3074/3300 train_loss:3.35513 train_time:3733.305s step_avg:1214.48ms
step:3075/3300 train_loss:3.27738 train_time:3734.524s step_avg:1214.48ms
step:3075/3300 val_loss:3.29499 train_time:3734.524s step_avg:1214.69ms
step:3076/3300 train_loss:3.34483 train_time:3735.744s step_avg:1214.48ms
step:3077/3300 train_loss:3.31390 train_time:3736.961s step_avg:1214.48ms
step:3078/3300 train_loss:3.38412 train_time:3738.172s step_avg:1214.48ms
step:3079/3300 train_loss:3.26983 train_time:3739.374s step_avg:1214.48ms
step:3080/3300 train_loss:3.33054 train_time:3740.576s step_avg:1214.47ms
step:3081/3300 train_loss:3.28268 train_time:3741.798s step_avg:1214.48ms
step:3082/3300 train_loss:3.27529 train_time:3743.012s step_avg:1214.47ms
step:3083/3300 train_loss:3.31714 train_time:3744.220s step_avg:1214.47ms
step:3084/3300 train_loss:3.29340 train_time:3745.434s step_avg:1214.47ms
step:3085/3300 train_loss:3.38612 train_time:3746.651s step_avg:1214.47ms
step:3086/3300 train_loss:3.30807 train_time:3747.867s step_avg:1214.47ms
step:3087/3300 train_loss:3.31018 train_time:3749.071s step_avg:1214.47ms
step:3088/3300 train_loss:3.30428 train_time:3750.270s step_avg:1214.47ms
step:3089/3300 train_loss:3.30282 train_time:3751.494s step_avg:1214.47ms
step:3090/3300 train_loss:3.34517 train_time:3752.720s step_avg:1214.47ms
step:3091/3300 train_loss:3.41681 train_time:3753.941s step_avg:1214.47ms
step:3092/3300 train_loss:3.34142 train_time:3755.153s step_avg:1214.47ms
step:3093/3300 train_loss:3.26070 train_time:3756.365s step_avg:1214.47ms
step:3094/3300 train_loss:3.33533 train_time:3757.580s step_avg:1214.47ms
step:3095/3300 train_loss:3.31870 train_time:3758.791s step_avg:1214.47ms
step:3096/3300 train_loss:3.31378 train_time:3760.003s step_avg:1214.47ms
step:3097/3300 train_loss:3.29974 train_time:3761.215s step_avg:1214.47ms
step:3098/3300 train_loss:3.25575 train_time:3762.452s step_avg:1214.48ms
step:3099/3300 train_loss:3.32439 train_time:3763.656s step_avg:1214.47ms
step:3100/3300 train_loss:3.24482 train_time:3764.865s step_avg:1214.47ms
step:3100/3300 val_loss:3.29220 train_time:3764.865s step_avg:1213.65ms
step:3101/3300 train_loss:3.29147 train_time:3766.083s step_avg:1214.47ms
step:3102/3300 train_loss:3.21839 train_time:3767.289s step_avg:1214.47ms
step:3103/3300 train_loss:3.34616 train_time:3768.511s step_avg:1214.47ms
step:3104/3300 train_loss:3.26155 train_time:3769.718s step_avg:1214.47ms
step:3105/3300 train_loss:3.29782 train_time:3770.938s step_avg:1214.47ms
step:3106/3300 train_loss:3.20124 train_time:3772.160s step_avg:1214.48ms
step:3107/3300 train_loss:3.18683 train_time:3773.382s step_avg:1214.48ms
step:3108/3300 train_loss:3.30075 train_time:3774.595s step_avg:1214.48ms
step:3109/3300 train_loss:3.29281 train_time:3775.852s step_avg:1214.49ms
step:3110/3300 train_loss:3.30586 train_time:3777.065s step_avg:1214.49ms
step:3111/3300 train_loss:3.24107 train_time:3778.284s step_avg:1214.49ms
step:3112/3300 train_loss:3.33826 train_time:3779.489s step_avg:1214.49ms
step:3113/3300 train_loss:3.24732 train_time:3780.704s step_avg:1214.49ms
step:3114/3300 train_loss:3.31690 train_time:3781.921s step_avg:1214.49ms
step:3115/3300 train_loss:3.32285 train_time:3783.129s step_avg:1214.49ms
step:3116/3300 train_loss:3.42987 train_time:3784.344s step_avg:1214.49ms
step:3117/3300 train_loss:3.28623 train_time:3785.552s step_avg:1214.49ms
step:3118/3300 train_loss:3.30650 train_time:3786.755s step_avg:1214.48ms
step:3119/3300 train_loss:3.29950 train_time:3787.971s step_avg:1214.48ms
step:3120/3300 train_loss:3.25037 train_time:3789.195s step_avg:1214.49ms
step:3121/3300 train_loss:3.34640 train_time:3790.421s step_avg:1214.49ms
step:3122/3300 train_loss:3.31929 train_time:3791.633s step_avg:1214.49ms
step:3123/3300 train_loss:3.31134 train_time:3792.849s step_avg:1214.49ms
step:3124/3300 train_loss:3.19031 train_time:3794.066s step_avg:1214.49ms
step:3125/3300 train_loss:3.30819 train_time:3795.281s step_avg:1214.49ms
step:3125/3300 val_loss:3.28967 train_time:3795.281s step_avg:1216.64ms
step:3126/3300 train_loss:3.25537 train_time:3796.505s step_avg:1214.49ms
step:3127/3300 train_loss:3.40543 train_time:3797.711s step_avg:1214.49ms
step:3128/3300 train_loss:3.30102 train_time:3798.916s step_avg:1214.49ms
step:3129/3300 train_loss:3.27835 train_time:3800.125s step_avg:1214.49ms
step:3130/3300 train_loss:3.29996 train_time:3801.368s step_avg:1214.49ms
step:3131/3300 train_loss:3.30642 train_time:3802.580s step_avg:1214.49ms
step:3132/3300 train_loss:3.23963 train_time:3803.794s step_avg:1214.49ms
step:3133/3300 train_loss:3.31732 train_time:3805.008s step_avg:1214.49ms
step:3134/3300 train_loss:3.27709 train_time:3806.230s step_avg:1214.50ms
step:3135/3300 train_loss:3.25520 train_time:3807.439s step_avg:1214.49ms
step:3136/3300 train_loss:3.28096 train_time:3808.655s step_avg:1214.49ms
step:3137/3300 train_loss:3.37924 train_time:3809.866s step_avg:1214.49ms
step:3138/3300 train_loss:3.29302 train_time:3811.079s step_avg:1214.49ms
step:3139/3300 train_loss:3.34029 train_time:3812.376s step_avg:1214.52ms
step:3140/3300 train_loss:3.33386 train_time:3813.770s step_avg:1214.58ms
step:3141/3300 train_loss:3.28795 train_time:3815.003s step_avg:1214.58ms
step:3142/3300 train_loss:3.30158 train_time:3816.217s step_avg:1214.58ms
step:3143/3300 train_loss:3.24352 train_time:3817.427s step_avg:1214.58ms
step:3144/3300 train_loss:3.34270 train_time:3818.638s step_avg:1214.58ms
step:3145/3300 train_loss:3.26973 train_time:3819.855s step_avg:1214.58ms
step:3146/3300 train_loss:3.33000 train_time:3821.069s step_avg:1214.58ms
step:3147/3300 train_loss:3.32808 train_time:3822.284s step_avg:1214.58ms
step:3148/3300 train_loss:3.30985 train_time:3823.506s step_avg:1214.58ms
step:3149/3300 train_loss:3.24385 train_time:3824.715s step_avg:1214.58ms
step:3150/3300 train_loss:3.29462 train_time:3825.952s step_avg:1214.59ms
step:3150/3300 val_loss:3.28694 train_time:3825.952s step_avg:1226.83ms
step:3151/3300 train_loss:3.28327 train_time:3827.177s step_avg:1214.59ms
step:3152/3300 train_loss:3.31441 train_time:3828.433s step_avg:1214.60ms
step:3153/3300 train_loss:3.31157 train_time:3829.656s step_avg:1214.61ms
step:3154/3300 train_loss:3.28014 train_time:3830.870s step_avg:1214.61ms
step:3155/3300 train_loss:3.30100 train_time:3832.085s step_avg:1214.61ms
step:3156/3300 train_loss:3.33011 train_time:3833.298s step_avg:1214.61ms
step:3157/3300 train_loss:3.28721 train_time:3834.509s step_avg:1214.61ms
step:3158/3300 train_loss:3.36399 train_time:3835.718s step_avg:1214.60ms
step:3159/3300 train_loss:3.29226 train_time:3836.967s step_avg:1214.61ms
step:3160/3300 train_loss:3.26006 train_time:3838.172s step_avg:1214.61ms
step:3161/3300 train_loss:3.26906 train_time:3839.400s step_avg:1214.62ms
step:3162/3300 train_loss:3.26511 train_time:3840.607s step_avg:1214.61ms
step:3163/3300 train_loss:3.22512 train_time:3841.812s step_avg:1214.61ms
step:3164/3300 train_loss:3.31383 train_time:3843.016s step_avg:1214.61ms
step:3165/3300 train_loss:3.29227 train_time:3844.226s step_avg:1214.61ms
step:3166/3300 train_loss:3.30214 train_time:3845.437s step_avg:1214.60ms
step:3167/3300 train_loss:3.27903 train_time:3846.651s step_avg:1214.60ms
step:3168/3300 train_loss:3.24621 train_time:3847.856s step_avg:1214.60ms
step:3169/3300 train_loss:3.33549 train_time:3849.066s step_avg:1214.60ms
step:3170/3300 train_loss:3.25080 train_time:3850.274s step_avg:1214.60ms
step:3171/3300 train_loss:3.34148 train_time:3851.491s step_avg:1214.60ms
step:3172/3300 train_loss:3.33848 train_time:3852.701s step_avg:1214.60ms
step:3173/3300 train_loss:3.28936 train_time:3853.911s step_avg:1214.60ms
step:3174/3300 train_loss:3.28491 train_time:3855.169s step_avg:1214.61ms
step:3175/3300 train_loss:3.33767 train_time:3856.378s step_avg:1214.61ms
step:3175/3300 val_loss:3.28454 train_time:3856.378s step_avg:1217.05ms
step:3176/3300 train_loss:3.29982 train_time:3857.588s step_avg:1214.61ms
step:3177/3300 train_loss:3.32241 train_time:3858.790s step_avg:1214.60ms
step:3178/3300 train_loss:3.37459 train_time:3859.996s step_avg:1214.60ms
step:3179/3300 train_loss:3.29031 train_time:3861.215s step_avg:1214.60ms
step:3180/3300 train_loss:3.26435 train_time:3862.451s step_avg:1214.61ms
step:3181/3300 train_loss:3.25857 train_time:3863.670s step_avg:1214.61ms
step:3182/3300 train_loss:3.24247 train_time:3864.876s step_avg:1214.61ms
step:3183/3300 train_loss:3.29928 train_time:3866.088s step_avg:1214.61ms
step:3184/3300 train_loss:3.28332 train_time:3867.295s step_avg:1214.60ms
step:3185/3300 train_loss:3.24854 train_time:3868.505s step_avg:1214.60ms
step:3186/3300 train_loss:3.31660 train_time:3869.719s step_avg:1214.60ms
step:3187/3300 train_loss:3.26807 train_time:3870.933s step_avg:1214.60ms
step:3188/3300 train_loss:3.30200 train_time:3872.173s step_avg:1214.61ms
step:3189/3300 train_loss:3.28383 train_time:3873.394s step_avg:1214.61ms
step:3190/3300 train_loss:3.29811 train_time:3874.612s step_avg:1214.61ms
step:3191/3300 train_loss:3.24976 train_time:3875.828s step_avg:1214.61ms
step:3192/3300 train_loss:3.33128 train_time:3877.057s step_avg:1214.62ms
step:3193/3300 train_loss:3.37899 train_time:3878.266s step_avg:1214.62ms
step:3194/3300 train_loss:3.35006 train_time:3879.475s step_avg:1214.61ms
step:3195/3300 train_loss:3.19630 train_time:3880.697s step_avg:1214.62ms
step:3196/3300 train_loss:3.46863 train_time:3881.913s step_avg:1214.62ms
step:3197/3300 train_loss:3.21970 train_time:3883.142s step_avg:1214.62ms
step:3198/3300 train_loss:3.30157 train_time:3884.355s step_avg:1214.62ms
step:3199/3300 train_loss:3.28884 train_time:3885.568s step_avg:1214.62ms
step:3200/3300 train_loss:3.26832 train_time:3886.770s step_avg:1214.62ms
step:3200/3300 val_loss:3.28239 train_time:3886.771s step_avg:1215.69ms
step:3201/3300 train_loss:3.30348 train_time:3887.992s step_avg:1214.62ms
step:3202/3300 train_loss:3.30238 train_time:3889.201s step_avg:1214.62ms
step:3203/3300 train_loss:3.25046 train_time:3890.409s step_avg:1214.61ms
step:3204/3300 train_loss:3.35658 train_time:3891.612s step_avg:1214.61ms
step:3205/3300 train_loss:3.36724 train_time:3892.843s step_avg:1214.62ms
step:3206/3300 train_loss:3.22454 train_time:3894.052s step_avg:1214.61ms
step:3207/3300 train_loss:3.32177 train_time:3895.270s step_avg:1214.61ms
step:3208/3300 train_loss:3.34008 train_time:3896.486s step_avg:1214.62ms
step:3209/3300 train_loss:3.26548 train_time:3897.701s step_avg:1214.62ms
step:3210/3300 train_loss:3.33584 train_time:3898.913s step_avg:1214.61ms
step:3211/3300 train_loss:3.24971 train_time:3900.129s step_avg:1214.61ms
step:3212/3300 train_loss:3.30046 train_time:3901.329s step_avg:1214.61ms
step:3213/3300 train_loss:3.31933 train_time:3902.542s step_avg:1214.61ms
step:3214/3300 train_loss:3.31184 train_time:3903.751s step_avg:1214.61ms
step:3215/3300 train_loss:3.25090 train_time:3904.962s step_avg:1214.61ms
step:3216/3300 train_loss:3.28140 train_time:3906.202s step_avg:1214.61ms
step:3217/3300 train_loss:3.30449 train_time:3907.411s step_avg:1214.61ms
step:3218/3300 train_loss:3.30334 train_time:3908.614s step_avg:1214.61ms
step:3219/3300 train_loss:3.32980 train_time:3909.824s step_avg:1214.61ms
step:3220/3300 train_loss:3.34841 train_time:3911.030s step_avg:1214.61ms
step:3221/3300 train_loss:3.29267 train_time:3912.250s step_avg:1214.61ms
step:3222/3300 train_loss:3.29919 train_time:3913.475s step_avg:1214.61ms
step:3223/3300 train_loss:3.27246 train_time:3914.688s step_avg:1214.61ms
step:3224/3300 train_loss:3.26124 train_time:3915.890s step_avg:1214.61ms
step:3225/3300 train_loss:3.25777 train_time:3917.091s step_avg:1214.60ms
step:3225/3300 val_loss:3.28039 train_time:3917.092s step_avg:1212.84ms
step:3226/3300 train_loss:3.28038 train_time:3918.311s step_avg:1214.60ms
step:3227/3300 train_loss:3.28751 train_time:3919.521s step_avg:1214.60ms
step:3228/3300 train_loss:3.28759 train_time:3920.741s step_avg:1214.60ms
step:3229/3300 train_loss:3.20748 train_time:3921.960s step_avg:1214.61ms
step:3230/3300 train_loss:3.30339 train_time:3923.178s step_avg:1214.61ms
step:3231/3300 train_loss:3.34878 train_time:3924.419s step_avg:1214.61ms
step:3232/3300 train_loss:3.26602 train_time:3925.662s step_avg:1214.62ms
step:3233/3300 train_loss:3.36595 train_time:3926.874s step_avg:1214.62ms
step:3234/3300 train_loss:3.21532 train_time:3928.086s step_avg:1214.62ms
step:3235/3300 train_loss:3.30810 train_time:3929.293s step_avg:1214.62ms
step:3236/3300 train_loss:3.33284 train_time:3930.519s step_avg:1214.62ms
step:3237/3300 train_loss:3.30477 train_time:3931.736s step_avg:1214.62ms
step:3238/3300 train_loss:3.28020 train_time:3932.956s step_avg:1214.63ms
step:3239/3300 train_loss:3.23367 train_time:3934.164s step_avg:1214.62ms
step:3240/3300 train_loss:3.30401 train_time:3935.374s step_avg:1214.62ms
step:3241/3300 train_loss:3.36989 train_time:3936.604s step_avg:1214.63ms
step:3242/3300 train_loss:3.33308 train_time:3937.813s step_avg:1214.62ms
step:3243/3300 train_loss:3.33950 train_time:3939.016s step_avg:1214.62ms
step:3244/3300 train_loss:3.34146 train_time:3940.233s step_avg:1214.62ms
step:3245/3300 train_loss:3.30119 train_time:3941.448s step_avg:1214.62ms
step:3246/3300 train_loss:3.31452 train_time:3942.666s step_avg:1214.62ms
step:3247/3300 train_loss:3.21174 train_time:3943.887s step_avg:1214.62ms
step:3248/3300 train_loss:3.21843 train_time:3945.109s step_avg:1214.63ms
step:3249/3300 train_loss:3.29709 train_time:3946.319s step_avg:1214.63ms
step:3250/3300 train_loss:3.30294 train_time:3947.529s step_avg:1214.62ms
step:3250/3300 val_loss:3.27876 train_time:3947.529s step_avg:1217.50ms
step:3251/3300 train_loss:3.28218 train_time:3948.742s step_avg:1214.62ms
step:3252/3300 train_loss:3.26618 train_time:3949.951s step_avg:1214.62ms
step:3253/3300 train_loss:3.32834 train_time:3951.167s step_avg:1214.62ms
step:3254/3300 train_loss:3.32815 train_time:3952.383s step_avg:1214.62ms
step:3255/3300 train_loss:3.30361 train_time:3953.588s step_avg:1214.62ms
step:3256/3300 train_loss:3.28899 train_time:3954.815s step_avg:1214.62ms
step:3257/3300 train_loss:3.30588 train_time:3956.034s step_avg:1214.63ms
step:3258/3300 train_loss:3.29011 train_time:3957.259s step_avg:1214.63ms
step:3259/3300 train_loss:3.33459 train_time:3958.472s step_avg:1214.63ms
step:3260/3300 train_loss:3.27762 train_time:3959.682s step_avg:1214.63ms
step:3261/3300 train_loss:3.28682 train_time:3960.897s step_avg:1214.63ms
step:3262/3300 train_loss:3.25900 train_time:3962.110s step_avg:1214.63ms
step:3263/3300 train_loss:3.41360 train_time:3963.326s step_avg:1214.63ms
step:3264/3300 train_loss:3.28200 train_time:3964.535s step_avg:1214.62ms
step:3265/3300 train_loss:3.34336 train_time:3965.759s step_avg:1214.63ms
step:3266/3300 train_loss:3.27183 train_time:3966.972s step_avg:1214.63ms
step:3267/3300 train_loss:3.35039 train_time:3968.182s step_avg:1214.63ms
step:3268/3300 train_loss:3.22975 train_time:3969.388s step_avg:1214.62ms
step:3269/3300 train_loss:3.34496 train_time:3970.611s step_avg:1214.63ms
step:3270/3300 train_loss:3.24183 train_time:3971.822s step_avg:1214.62ms
step:3271/3300 train_loss:3.29171 train_time:3973.053s step_avg:1214.63ms
step:3272/3300 train_loss:3.26523 train_time:3974.272s step_avg:1214.63ms
step:3273/3300 train_loss:3.28890 train_time:3975.489s step_avg:1214.63ms
step:3274/3300 train_loss:3.27088 train_time:3976.688s step_avg:1214.63ms
step:3275/3300 train_loss:3.26993 train_time:3977.906s step_avg:1214.63ms
step:3275/3300 val_loss:3.27759 train_time:3977.907s step_avg:1215.11ms
step:3276/3300 train_loss:3.25648 train_time:3979.122s step_avg:1214.63ms
step:3277/3300 train_loss:3.31990 train_time:3980.335s step_avg:1214.63ms
step:3278/3300 train_loss:3.23824 train_time:3981.546s step_avg:1214.63ms
step:3279/3300 train_loss:3.32134 train_time:3982.759s step_avg:1214.63ms
step:3280/3300 train_loss:3.20841 train_time:3983.962s step_avg:1214.62ms
step:3281/3300 train_loss:3.31099 train_time:3985.179s step_avg:1214.62ms
step:3282/3300 train_loss:3.28577 train_time:3986.383s step_avg:1214.62ms
step:3283/3300 train_loss:3.33385 train_time:3987.606s step_avg:1214.62ms
step:3284/3300 train_loss:3.24115 train_time:3988.835s step_avg:1214.63ms
step:3285/3300 train_loss:3.31628 train_time:3990.060s step_avg:1214.63ms
step:3286/3300 train_loss:3.24942 train_time:3991.283s step_avg:1214.63ms
step:3287/3300 train_loss:3.27419 train_time:3992.493s step_avg:1214.63ms
step:3288/3300 train_loss:3.36866 train_time:3993.699s step_avg:1214.63ms
step:3289/3300 train_loss:3.33007 train_time:3994.913s step_avg:1214.63ms
step:3290/3300 train_loss:3.20077 train_time:3996.134s step_avg:1214.63ms
step:3291/3300 train_loss:3.31529 train_time:3997.352s step_avg:1214.63ms
step:3292/3300 train_loss:3.29533 train_time:3998.567s step_avg:1214.63ms
step:3293/3300 train_loss:3.26754 train_time:3999.778s step_avg:1214.63ms
step:3294/3300 train_loss:3.33431 train_time:4000.998s step_avg:1214.63ms
step:3295/3300 train_loss:3.25960 train_time:4002.202s step_avg:1214.63ms
step:3296/3300 train_loss:3.29126 train_time:4003.417s step_avg:1214.63ms
step:3297/3300 train_loss:3.29126 train_time:4004.636s step_avg:1214.63ms
step:3298/3300 train_loss:3.26482 train_time:4005.844s step_avg:1214.63ms
step:3299/3300 train_loss:3.27868 train_time:4007.060s step_avg:1214.63ms
step:3300/3300 train_loss:3.28154 train_time:4008.260s step_avg:1214.62ms
step:3300/3300 val_loss:3.27703 train_time:4008.261s step_avg:1214.16ms
