logfile: ../../../../records/track_3_optimization/results/muonl_draft/runs/random5_h100_mainpdf_loss_only_20260727T145437Z/typed_muonl/seed681062724/raw/seed681062724_typed_muonl_lr0p035_mainpdf_h100_loss_only.txt
scheme:typed_muonl opt_mode:kindwise rho:1.0 ns_steps:12 momentum:0.95 nesterov:True scale_ema_beta:0.9 interval:5
matrix_lr:0.035 matrix_weight_decay:0.025 weight_decay_mode:decoupled zero_init_trust_floor_scale:1.0
schedule_cooldown_frac:0.7 previous_muonl_experiment_cooldown_frac:0.7
seed:681062724 train_steps:3300 schedule_steps:3300 diag_freq:250
batch_tokens:524288 train_microbatches:8 train_microbatch_sequences:64 val_tokens:10485760
save_log:True save_diag:False save_orscale_state:False orscale_state_freq:250
step:S val_loss is after S optimizer updates
step:0/3300 val_loss:10.82583 train_time:0.000s step_avg:nanms
step:1/3300 train_loss:10.82584 train_time:3.823s step_avg:3823.16ms
step:2/3300 train_loss:10.42688 train_time:4.939s step_avg:2469.39ms
step:3/3300 train_loss:9.06487 train_time:6.136s step_avg:2045.28ms
step:4/3300 train_loss:7.91968 train_time:7.346s step_avg:1836.51ms
step:5/3300 train_loss:7.27801 train_time:8.538s step_avg:1707.52ms
step:6/3300 train_loss:6.93163 train_time:9.754s step_avg:1625.68ms
step:7/3300 train_loss:6.91768 train_time:10.956s step_avg:1565.08ms
step:8/3300 train_loss:6.75901 train_time:12.155s step_avg:1519.37ms
step:9/3300 train_loss:6.84258 train_time:13.354s step_avg:1483.82ms
step:10/3300 train_loss:6.55350 train_time:14.557s step_avg:1455.67ms
step:11/3300 train_loss:6.52803 train_time:15.781s step_avg:1434.65ms
step:12/3300 train_loss:6.49952 train_time:16.981s step_avg:1415.07ms
step:13/3300 train_loss:6.45127 train_time:18.183s step_avg:1398.69ms
step:14/3300 train_loss:6.32283 train_time:19.382s step_avg:1384.46ms
step:15/3300 train_loss:6.36219 train_time:20.582s step_avg:1372.10ms
step:16/3300 train_loss:6.27490 train_time:21.798s step_avg:1362.39ms
step:17/3300 train_loss:6.26465 train_time:23.002s step_avg:1353.09ms
step:18/3300 train_loss:6.28536 train_time:24.223s step_avg:1345.72ms
step:19/3300 train_loss:6.28414 train_time:25.439s step_avg:1338.88ms
step:20/3300 train_loss:6.13216 train_time:26.655s step_avg:1332.74ms
step:21/3300 train_loss:6.17373 train_time:27.880s step_avg:1327.61ms
step:22/3300 train_loss:6.21528 train_time:29.088s step_avg:1322.20ms
step:23/3300 train_loss:6.04768 train_time:30.297s step_avg:1317.25ms
step:24/3300 train_loss:6.09831 train_time:31.502s step_avg:1312.57ms
step:25/3300 train_loss:6.00377 train_time:32.707s step_avg:1308.26ms
step:26/3300 train_loss:6.02147 train_time:33.928s step_avg:1304.91ms
step:27/3300 train_loss:6.00110 train_time:35.127s step_avg:1300.99ms
step:28/3300 train_loss:5.89533 train_time:36.331s step_avg:1297.54ms
step:29/3300 train_loss:5.96172 train_time:37.537s step_avg:1294.37ms
step:30/3300 train_loss:5.87249 train_time:38.755s step_avg:1291.82ms
step:31/3300 train_loss:5.91370 train_time:39.984s step_avg:1289.80ms
step:32/3300 train_loss:5.82831 train_time:41.183s step_avg:1286.98ms
step:33/3300 train_loss:5.82029 train_time:42.382s step_avg:1284.30ms
step:34/3300 train_loss:5.78163 train_time:43.584s step_avg:1281.87ms
step:35/3300 train_loss:5.82437 train_time:44.789s step_avg:1279.69ms
step:36/3300 train_loss:5.73581 train_time:46.008s step_avg:1278.01ms
step:37/3300 train_loss:5.76248 train_time:47.216s step_avg:1276.10ms
step:38/3300 train_loss:5.70835 train_time:48.419s step_avg:1274.18ms
step:39/3300 train_loss:5.70977 train_time:49.622s step_avg:1272.36ms
step:40/3300 train_loss:5.63744 train_time:50.831s step_avg:1270.79ms
step:41/3300 train_loss:5.64220 train_time:52.042s step_avg:1269.31ms
step:42/3300 train_loss:5.57562 train_time:53.245s step_avg:1267.73ms
step:43/3300 train_loss:5.67409 train_time:54.448s step_avg:1266.23ms
step:44/3300 train_loss:5.53622 train_time:55.661s step_avg:1265.02ms
step:45/3300 train_loss:5.53161 train_time:56.866s step_avg:1263.68ms
step:46/3300 train_loss:5.55014 train_time:58.083s step_avg:1262.68ms
step:47/3300 train_loss:5.49810 train_time:59.287s step_avg:1261.43ms
step:48/3300 train_loss:5.51992 train_time:60.497s step_avg:1260.35ms
step:49/3300 train_loss:5.45836 train_time:61.705s step_avg:1259.28ms
step:50/3300 train_loss:5.48942 train_time:62.909s step_avg:1258.19ms
step:51/3300 train_loss:5.39667 train_time:64.127s step_avg:1257.39ms
step:52/3300 train_loss:5.46691 train_time:65.335s step_avg:1256.44ms
step:53/3300 train_loss:5.41000 train_time:66.541s step_avg:1255.48ms
step:54/3300 train_loss:5.37603 train_time:67.751s step_avg:1254.65ms
step:55/3300 train_loss:5.36294 train_time:68.949s step_avg:1253.62ms
step:56/3300 train_loss:5.33579 train_time:70.162s step_avg:1252.89ms
step:57/3300 train_loss:5.31066 train_time:71.365s step_avg:1252.02ms
step:58/3300 train_loss:5.31098 train_time:72.567s step_avg:1251.15ms
step:59/3300 train_loss:5.25881 train_time:73.829s step_avg:1251.33ms
step:60/3300 train_loss:5.26819 train_time:75.034s step_avg:1250.56ms
step:61/3300 train_loss:5.25202 train_time:76.271s step_avg:1250.34ms
step:62/3300 train_loss:5.24790 train_time:77.477s step_avg:1249.63ms
step:63/3300 train_loss:5.20734 train_time:78.685s step_avg:1248.97ms
step:64/3300 train_loss:5.20431 train_time:79.889s step_avg:1248.27ms
step:65/3300 train_loss:5.18404 train_time:81.092s step_avg:1247.57ms
step:66/3300 train_loss:5.23053 train_time:82.305s step_avg:1247.05ms
step:67/3300 train_loss:5.19401 train_time:83.508s step_avg:1246.38ms
step:68/3300 train_loss:5.27546 train_time:84.719s step_avg:1245.87ms
step:69/3300 train_loss:5.17026 train_time:85.932s step_avg:1245.39ms
step:70/3300 train_loss:5.16855 train_time:87.129s step_avg:1244.69ms
step:71/3300 train_loss:5.13511 train_time:88.342s step_avg:1244.25ms
step:72/3300 train_loss:5.14033 train_time:89.547s step_avg:1243.71ms
step:73/3300 train_loss:5.10726 train_time:90.757s step_avg:1243.24ms
step:74/3300 train_loss:5.12821 train_time:91.951s step_avg:1242.58ms
step:75/3300 train_loss:5.10024 train_time:93.150s step_avg:1242.00ms
step:76/3300 train_loss:5.05794 train_time:94.379s step_avg:1241.83ms
step:77/3300 train_loss:5.12513 train_time:95.600s step_avg:1241.56ms
step:78/3300 train_loss:5.11203 train_time:96.833s step_avg:1241.45ms
step:79/3300 train_loss:4.91733 train_time:98.048s step_avg:1241.12ms
step:80/3300 train_loss:5.02541 train_time:99.250s step_avg:1240.63ms
step:81/3300 train_loss:4.98122 train_time:100.481s step_avg:1240.51ms
step:82/3300 train_loss:5.16987 train_time:101.686s step_avg:1240.07ms
step:83/3300 train_loss:5.03924 train_time:102.888s step_avg:1239.62ms
step:84/3300 train_loss:5.01737 train_time:104.096s step_avg:1239.23ms
step:85/3300 train_loss:4.96847 train_time:105.320s step_avg:1239.06ms
step:86/3300 train_loss:5.00315 train_time:106.544s step_avg:1238.89ms
step:87/3300 train_loss:4.98979 train_time:107.751s step_avg:1238.52ms
step:88/3300 train_loss:4.97792 train_time:108.963s step_avg:1238.22ms
step:89/3300 train_loss:4.97531 train_time:110.203s step_avg:1238.24ms
step:90/3300 train_loss:4.92464 train_time:111.404s step_avg:1237.82ms
step:91/3300 train_loss:4.95313 train_time:112.621s step_avg:1237.60ms
step:92/3300 train_loss:4.93394 train_time:113.835s step_avg:1237.33ms
step:93/3300 train_loss:4.91614 train_time:115.028s step_avg:1236.86ms
step:94/3300 train_loss:4.94223 train_time:116.249s step_avg:1236.69ms
step:95/3300 train_loss:4.90814 train_time:117.461s step_avg:1236.43ms
step:96/3300 train_loss:4.83172 train_time:118.681s step_avg:1236.26ms
step:97/3300 train_loss:4.94473 train_time:119.896s step_avg:1236.05ms
step:98/3300 train_loss:4.89357 train_time:121.102s step_avg:1235.74ms
step:99/3300 train_loss:4.86904 train_time:122.309s step_avg:1235.45ms
step:100/3300 train_loss:4.84117 train_time:123.517s step_avg:1235.17ms
step:101/3300 train_loss:4.81400 train_time:124.737s step_avg:1235.02ms
step:102/3300 train_loss:4.80978 train_time:125.967s step_avg:1234.97ms
step:103/3300 train_loss:4.83224 train_time:127.173s step_avg:1234.69ms
step:104/3300 train_loss:4.91487 train_time:128.375s step_avg:1234.37ms
step:105/3300 train_loss:4.84152 train_time:129.610s step_avg:1234.38ms
step:106/3300 train_loss:4.87473 train_time:130.833s step_avg:1234.28ms
step:107/3300 train_loss:4.83488 train_time:132.029s step_avg:1233.92ms
step:108/3300 train_loss:4.75572 train_time:133.232s step_avg:1233.63ms
step:109/3300 train_loss:4.82526 train_time:134.436s step_avg:1233.36ms
step:110/3300 train_loss:4.86114 train_time:135.632s step_avg:1233.02ms
step:111/3300 train_loss:4.76279 train_time:136.863s step_avg:1233.00ms
step:112/3300 train_loss:4.81222 train_time:138.068s step_avg:1232.75ms
step:113/3300 train_loss:4.83123 train_time:139.272s step_avg:1232.50ms
step:114/3300 train_loss:4.76536 train_time:140.473s step_avg:1232.22ms
step:115/3300 train_loss:4.79722 train_time:141.670s step_avg:1231.91ms
step:116/3300 train_loss:4.77308 train_time:142.888s step_avg:1231.79ms
step:117/3300 train_loss:4.73038 train_time:144.094s step_avg:1231.57ms
step:118/3300 train_loss:4.74063 train_time:145.293s step_avg:1231.29ms
step:119/3300 train_loss:4.72388 train_time:146.497s step_avg:1231.06ms
step:120/3300 train_loss:4.69343 train_time:147.696s step_avg:1230.80ms
step:121/3300 train_loss:4.69346 train_time:148.912s step_avg:1230.68ms
step:122/3300 train_loss:4.63992 train_time:150.120s step_avg:1230.50ms
step:123/3300 train_loss:4.69574 train_time:151.328s step_avg:1230.31ms
step:124/3300 train_loss:4.66153 train_time:152.530s step_avg:1230.08ms
step:125/3300 train_loss:4.67839 train_time:153.747s step_avg:1229.98ms
step:125/3300 val_loss:4.67026 train_time:153.747s step_avg:1229.98ms
step:126/3300 train_loss:4.65264 train_time:154.964s step_avg:1229.87ms
step:127/3300 train_loss:4.73737 train_time:156.160s step_avg:1229.60ms
step:128/3300 train_loss:4.65996 train_time:157.358s step_avg:1229.36ms
step:129/3300 train_loss:4.73919 train_time:158.555s step_avg:1229.11ms
step:130/3300 train_loss:4.59622 train_time:159.758s step_avg:1228.91ms
step:131/3300 train_loss:4.65250 train_time:160.973s step_avg:1228.80ms
step:132/3300 train_loss:4.63666 train_time:162.184s step_avg:1228.66ms
step:133/3300 train_loss:4.59872 train_time:163.382s step_avg:1228.43ms
step:134/3300 train_loss:4.60506 train_time:164.581s step_avg:1228.22ms
step:135/3300 train_loss:4.64587 train_time:165.780s step_avg:1228.00ms
step:136/3300 train_loss:4.56494 train_time:167.002s step_avg:1227.96ms
step:137/3300 train_loss:4.60180 train_time:168.200s step_avg:1227.74ms
step:138/3300 train_loss:4.61118 train_time:169.400s step_avg:1227.54ms
step:139/3300 train_loss:4.57566 train_time:170.599s step_avg:1227.33ms
step:140/3300 train_loss:4.61279 train_time:171.800s step_avg:1227.14ms
step:141/3300 train_loss:4.53573 train_time:173.028s step_avg:1227.15ms
step:142/3300 train_loss:4.64033 train_time:174.235s step_avg:1227.00ms
step:143/3300 train_loss:4.56491 train_time:175.438s step_avg:1226.84ms
step:144/3300 train_loss:4.56898 train_time:176.639s step_avg:1226.66ms
step:145/3300 train_loss:4.53970 train_time:177.850s step_avg:1226.55ms
step:146/3300 train_loss:4.46998 train_time:179.075s step_avg:1226.54ms
step:147/3300 train_loss:4.51111 train_time:180.306s step_avg:1226.57ms
step:148/3300 train_loss:4.53317 train_time:181.523s step_avg:1226.51ms
step:149/3300 train_loss:4.55098 train_time:182.722s step_avg:1226.32ms
step:150/3300 train_loss:4.53122 train_time:183.920s step_avg:1226.14ms
step:151/3300 train_loss:4.50188 train_time:185.135s step_avg:1226.06ms
step:152/3300 train_loss:4.41105 train_time:186.340s step_avg:1225.92ms
step:153/3300 train_loss:4.45589 train_time:187.534s step_avg:1225.71ms
step:154/3300 train_loss:4.47800 train_time:188.750s step_avg:1225.65ms
step:155/3300 train_loss:4.52118 train_time:189.963s step_avg:1225.57ms
step:156/3300 train_loss:4.51153 train_time:191.180s step_avg:1225.51ms
step:157/3300 train_loss:4.51698 train_time:192.383s step_avg:1225.37ms
step:158/3300 train_loss:4.41794 train_time:193.580s step_avg:1225.19ms
step:159/3300 train_loss:4.45220 train_time:194.780s step_avg:1225.03ms
step:160/3300 train_loss:4.44466 train_time:195.988s step_avg:1224.92ms
step:161/3300 train_loss:4.46018 train_time:197.211s step_avg:1224.92ms
step:162/3300 train_loss:4.45123 train_time:198.448s step_avg:1224.99ms
step:163/3300 train_loss:4.41730 train_time:199.654s step_avg:1224.87ms
step:164/3300 train_loss:4.45065 train_time:200.857s step_avg:1224.74ms
step:165/3300 train_loss:4.39735 train_time:202.064s step_avg:1224.63ms
step:166/3300 train_loss:4.44420 train_time:203.275s step_avg:1224.55ms
step:167/3300 train_loss:4.36362 train_time:204.481s step_avg:1224.44ms
step:168/3300 train_loss:4.39136 train_time:205.682s step_avg:1224.30ms
step:169/3300 train_loss:4.37223 train_time:206.880s step_avg:1224.14ms
step:170/3300 train_loss:4.35023 train_time:208.098s step_avg:1224.10ms
step:171/3300 train_loss:4.33708 train_time:209.327s step_avg:1224.14ms
step:172/3300 train_loss:4.42045 train_time:210.521s step_avg:1223.96ms
step:173/3300 train_loss:4.35815 train_time:211.734s step_avg:1223.90ms
step:174/3300 train_loss:4.40539 train_time:212.939s step_avg:1223.79ms
step:175/3300 train_loss:4.37769 train_time:214.142s step_avg:1223.67ms
step:176/3300 train_loss:4.35097 train_time:215.358s step_avg:1223.62ms
step:177/3300 train_loss:4.34654 train_time:216.577s step_avg:1223.60ms
step:178/3300 train_loss:4.36092 train_time:217.782s step_avg:1223.49ms
step:179/3300 train_loss:4.36402 train_time:219.002s step_avg:1223.48ms
step:180/3300 train_loss:4.33287 train_time:220.214s step_avg:1223.41ms
step:181/3300 train_loss:4.31210 train_time:221.440s step_avg:1223.42ms
step:182/3300 train_loss:4.34837 train_time:222.645s step_avg:1223.32ms
step:183/3300 train_loss:4.28248 train_time:223.843s step_avg:1223.18ms
step:184/3300 train_loss:4.35160 train_time:225.044s step_avg:1223.07ms
step:185/3300 train_loss:4.30270 train_time:226.256s step_avg:1223.00ms
step:186/3300 train_loss:4.29300 train_time:227.485s step_avg:1223.04ms
step:187/3300 train_loss:4.35949 train_time:228.683s step_avg:1222.90ms
step:188/3300 train_loss:4.32902 train_time:229.886s step_avg:1222.80ms
step:189/3300 train_loss:4.24816 train_time:231.082s step_avg:1222.66ms
step:190/3300 train_loss:4.28588 train_time:232.301s step_avg:1222.63ms
step:191/3300 train_loss:4.20847 train_time:233.637s step_avg:1223.23ms
step:192/3300 train_loss:4.33631 train_time:234.839s step_avg:1223.12ms
step:193/3300 train_loss:4.28417 train_time:236.056s step_avg:1223.09ms
step:194/3300 train_loss:4.34445 train_time:237.270s step_avg:1223.04ms
step:195/3300 train_loss:4.30366 train_time:238.472s step_avg:1222.94ms
step:196/3300 train_loss:4.33120 train_time:239.701s step_avg:1222.97ms
step:197/3300 train_loss:4.25421 train_time:240.906s step_avg:1222.87ms
step:198/3300 train_loss:4.29929 train_time:242.105s step_avg:1222.75ms
step:199/3300 train_loss:4.24699 train_time:243.324s step_avg:1222.73ms
step:200/3300 train_loss:4.42989 train_time:244.524s step_avg:1222.62ms
step:201/3300 train_loss:4.27507 train_time:245.738s step_avg:1222.58ms
step:202/3300 train_loss:4.27687 train_time:246.943s step_avg:1222.49ms
step:203/3300 train_loss:4.32730 train_time:248.168s step_avg:1222.50ms
step:204/3300 train_loss:4.28070 train_time:249.378s step_avg:1222.44ms
step:205/3300 train_loss:4.24403 train_time:250.585s step_avg:1222.36ms
step:206/3300 train_loss:4.20471 train_time:251.828s step_avg:1222.47ms
step:207/3300 train_loss:4.28416 train_time:253.039s step_avg:1222.41ms
step:208/3300 train_loss:4.25132 train_time:254.243s step_avg:1222.32ms
step:209/3300 train_loss:4.17483 train_time:255.445s step_avg:1222.23ms
step:210/3300 train_loss:4.26322 train_time:256.652s step_avg:1222.15ms
step:211/3300 train_loss:4.21729 train_time:257.865s step_avg:1222.11ms
step:212/3300 train_loss:4.22844 train_time:259.078s step_avg:1222.07ms
step:213/3300 train_loss:4.22220 train_time:260.285s step_avg:1221.99ms
step:214/3300 train_loss:4.23186 train_time:261.491s step_avg:1221.92ms
step:215/3300 train_loss:4.22194 train_time:262.697s step_avg:1221.85ms
step:216/3300 train_loss:4.19089 train_time:263.919s step_avg:1221.85ms
step:217/3300 train_loss:4.25674 train_time:265.125s step_avg:1221.78ms
step:218/3300 train_loss:4.18951 train_time:266.336s step_avg:1221.73ms
step:219/3300 train_loss:4.20970 train_time:267.545s step_avg:1221.67ms
step:220/3300 train_loss:4.19018 train_time:268.756s step_avg:1221.62ms
step:221/3300 train_loss:4.17225 train_time:269.978s step_avg:1221.62ms
step:222/3300 train_loss:4.16585 train_time:271.179s step_avg:1221.53ms
step:223/3300 train_loss:4.25784 train_time:272.405s step_avg:1221.55ms
step:224/3300 train_loss:4.23734 train_time:273.605s step_avg:1221.45ms
step:225/3300 train_loss:4.15443 train_time:274.808s step_avg:1221.37ms
step:226/3300 train_loss:4.16100 train_time:276.021s step_avg:1221.33ms
step:227/3300 train_loss:4.16023 train_time:277.225s step_avg:1221.26ms
step:228/3300 train_loss:4.22207 train_time:278.428s step_avg:1221.18ms
step:229/3300 train_loss:4.20917 train_time:279.630s step_avg:1221.09ms
step:230/3300 train_loss:4.13609 train_time:280.828s step_avg:1220.99ms
step:231/3300 train_loss:4.15793 train_time:282.042s step_avg:1220.96ms
step:232/3300 train_loss:4.13964 train_time:283.246s step_avg:1220.89ms
step:233/3300 train_loss:4.18501 train_time:284.449s step_avg:1220.81ms
step:234/3300 train_loss:4.18299 train_time:285.647s step_avg:1220.71ms
step:235/3300 train_loss:4.20773 train_time:286.875s step_avg:1220.74ms
step:236/3300 train_loss:4.20838 train_time:288.099s step_avg:1220.76ms
step:237/3300 train_loss:4.23816 train_time:289.321s step_avg:1220.76ms
step:238/3300 train_loss:4.19075 train_time:290.576s step_avg:1220.91ms
step:239/3300 train_loss:4.12026 train_time:291.768s step_avg:1220.79ms
step:240/3300 train_loss:4.14835 train_time:292.966s step_avg:1220.69ms
step:241/3300 train_loss:4.28364 train_time:294.184s step_avg:1220.68ms
step:242/3300 train_loss:4.22995 train_time:295.385s step_avg:1220.60ms
step:243/3300 train_loss:4.11847 train_time:296.587s step_avg:1220.52ms
step:244/3300 train_loss:4.19622 train_time:297.793s step_avg:1220.46ms
step:245/3300 train_loss:4.10750 train_time:298.987s step_avg:1220.35ms
step:246/3300 train_loss:4.13777 train_time:300.204s step_avg:1220.34ms
step:247/3300 train_loss:4.07630 train_time:301.413s step_avg:1220.29ms
step:248/3300 train_loss:4.13403 train_time:302.631s step_avg:1220.29ms
step:249/3300 train_loss:4.12883 train_time:303.832s step_avg:1220.21ms
step:250/3300 train_loss:4.08150 train_time:305.031s step_avg:1220.12ms
step:250/3300 val_loss:4.12208 train_time:305.031s step_avg:1210.27ms
step:251/3300 train_loss:4.16173 train_time:306.257s step_avg:1220.15ms
step:252/3300 train_loss:4.16673 train_time:307.463s step_avg:1220.09ms
step:253/3300 train_loss:4.11741 train_time:308.670s step_avg:1220.04ms
step:254/3300 train_loss:4.07777 train_time:309.880s step_avg:1220.00ms
step:255/3300 train_loss:4.16278 train_time:311.092s step_avg:1219.97ms
step:256/3300 train_loss:4.10976 train_time:312.327s step_avg:1220.03ms
step:257/3300 train_loss:4.11535 train_time:313.526s step_avg:1219.94ms
step:258/3300 train_loss:4.19553 train_time:314.723s step_avg:1219.86ms
step:259/3300 train_loss:4.08859 train_time:315.922s step_avg:1219.78ms
step:260/3300 train_loss:4.08136 train_time:317.128s step_avg:1219.72ms
step:261/3300 train_loss:4.07695 train_time:318.357s step_avg:1219.76ms
step:262/3300 train_loss:4.15123 train_time:319.567s step_avg:1219.72ms
step:263/3300 train_loss:4.10519 train_time:320.763s step_avg:1219.63ms
step:264/3300 train_loss:4.15942 train_time:321.958s step_avg:1219.54ms
step:265/3300 train_loss:4.02216 train_time:323.161s step_avg:1219.48ms
step:266/3300 train_loss:4.12734 train_time:324.381s step_avg:1219.48ms
step:267/3300 train_loss:4.06334 train_time:325.583s step_avg:1219.41ms
step:268/3300 train_loss:4.05014 train_time:326.786s step_avg:1219.35ms
step:269/3300 train_loss:4.09757 train_time:327.983s step_avg:1219.27ms
step:270/3300 train_loss:4.10113 train_time:329.190s step_avg:1219.22ms
step:271/3300 train_loss:4.14177 train_time:330.405s step_avg:1219.21ms
step:272/3300 train_loss:4.07202 train_time:331.602s step_avg:1219.13ms
step:273/3300 train_loss:4.10795 train_time:332.819s step_avg:1219.12ms
step:274/3300 train_loss:4.02441 train_time:334.034s step_avg:1219.10ms
step:275/3300 train_loss:4.09235 train_time:335.237s step_avg:1219.04ms
step:276/3300 train_loss:4.14678 train_time:336.456s step_avg:1219.04ms
step:277/3300 train_loss:4.04684 train_time:337.663s step_avg:1219.00ms
step:278/3300 train_loss:4.09090 train_time:338.875s step_avg:1218.97ms
step:279/3300 train_loss:4.02124 train_time:340.079s step_avg:1218.92ms
step:280/3300 train_loss:4.13913 train_time:341.286s step_avg:1218.88ms
step:281/3300 train_loss:4.10340 train_time:342.513s step_avg:1218.91ms
step:282/3300 train_loss:4.06571 train_time:343.730s step_avg:1218.90ms
step:283/3300 train_loss:4.07644 train_time:344.928s step_avg:1218.83ms
step:284/3300 train_loss:4.02079 train_time:346.125s step_avg:1218.75ms
step:285/3300 train_loss:4.10824 train_time:347.326s step_avg:1218.69ms
step:286/3300 train_loss:4.07842 train_time:348.573s step_avg:1218.79ms
step:287/3300 train_loss:4.04055 train_time:349.777s step_avg:1218.74ms
step:288/3300 train_loss:4.06252 train_time:350.996s step_avg:1218.74ms
step:289/3300 train_loss:4.05925 train_time:352.215s step_avg:1218.74ms
step:290/3300 train_loss:4.02826 train_time:353.441s step_avg:1218.76ms
step:291/3300 train_loss:4.03777 train_time:354.669s step_avg:1218.79ms
step:292/3300 train_loss:4.08908 train_time:355.866s step_avg:1218.72ms
step:293/3300 train_loss:4.02396 train_time:357.067s step_avg:1218.66ms
step:294/3300 train_loss:4.20072 train_time:358.270s step_avg:1218.61ms
step:295/3300 train_loss:4.02913 train_time:359.467s step_avg:1218.53ms
step:296/3300 train_loss:4.02833 train_time:360.711s step_avg:1218.62ms
step:297/3300 train_loss:4.04621 train_time:361.918s step_avg:1218.58ms
step:298/3300 train_loss:4.04837 train_time:363.118s step_avg:1218.52ms
step:299/3300 train_loss:4.01413 train_time:364.320s step_avg:1218.46ms
step:300/3300 train_loss:4.02294 train_time:365.520s step_avg:1218.40ms
step:301/3300 train_loss:4.08310 train_time:366.737s step_avg:1218.40ms
step:302/3300 train_loss:4.00603 train_time:367.941s step_avg:1218.35ms
step:303/3300 train_loss:4.04771 train_time:369.146s step_avg:1218.30ms
step:304/3300 train_loss:4.03519 train_time:370.349s step_avg:1218.25ms
step:305/3300 train_loss:4.05610 train_time:371.559s step_avg:1218.23ms
step:306/3300 train_loss:4.00779 train_time:372.780s step_avg:1218.24ms
step:307/3300 train_loss:4.04926 train_time:373.989s step_avg:1218.21ms
step:308/3300 train_loss:4.03004 train_time:375.186s step_avg:1218.14ms
step:309/3300 train_loss:4.03736 train_time:376.392s step_avg:1218.10ms
step:310/3300 train_loss:4.09581 train_time:377.592s step_avg:1218.04ms
step:311/3300 train_loss:4.07131 train_time:378.811s step_avg:1218.04ms
step:312/3300 train_loss:4.00308 train_time:380.019s step_avg:1218.01ms
step:313/3300 train_loss:4.05592 train_time:381.229s step_avg:1217.98ms
step:314/3300 train_loss:4.01019 train_time:382.435s step_avg:1217.95ms
step:315/3300 train_loss:3.97954 train_time:383.644s step_avg:1217.92ms
step:316/3300 train_loss:3.99136 train_time:384.861s step_avg:1217.92ms
step:317/3300 train_loss:3.98324 train_time:386.064s step_avg:1217.87ms
step:318/3300 train_loss:3.97751 train_time:387.267s step_avg:1217.82ms
step:319/3300 train_loss:4.04199 train_time:388.498s step_avg:1217.86ms
step:320/3300 train_loss:4.01933 train_time:389.699s step_avg:1217.81ms
step:321/3300 train_loss:4.03805 train_time:390.917s step_avg:1217.81ms
step:322/3300 train_loss:3.99582 train_time:392.129s step_avg:1217.79ms
step:323/3300 train_loss:4.04028 train_time:393.358s step_avg:1217.83ms
step:324/3300 train_loss:3.98445 train_time:394.562s step_avg:1217.78ms
step:325/3300 train_loss:4.07713 train_time:395.767s step_avg:1217.74ms
step:326/3300 train_loss:4.00870 train_time:396.980s step_avg:1217.73ms
step:327/3300 train_loss:4.13598 train_time:398.180s step_avg:1217.68ms
step:328/3300 train_loss:4.05561 train_time:399.406s step_avg:1217.70ms
step:329/3300 train_loss:4.02695 train_time:400.610s step_avg:1217.66ms
step:330/3300 train_loss:3.94960 train_time:401.819s step_avg:1217.63ms
step:331/3300 train_loss:4.05384 train_time:403.037s step_avg:1217.63ms
step:332/3300 train_loss:3.96673 train_time:404.248s step_avg:1217.61ms
step:333/3300 train_loss:3.93672 train_time:405.469s step_avg:1217.63ms
step:334/3300 train_loss:3.97722 train_time:406.669s step_avg:1217.57ms
step:335/3300 train_loss:4.06234 train_time:407.869s step_avg:1217.52ms
step:336/3300 train_loss:4.01943 train_time:409.085s step_avg:1217.51ms
step:337/3300 train_loss:4.29512 train_time:410.288s step_avg:1217.47ms
step:338/3300 train_loss:3.98363 train_time:411.493s step_avg:1217.43ms
step:339/3300 train_loss:3.95584 train_time:412.689s step_avg:1217.37ms
step:340/3300 train_loss:3.96082 train_time:413.887s step_avg:1217.31ms
step:341/3300 train_loss:3.99049 train_time:415.106s step_avg:1217.32ms
step:342/3300 train_loss:3.97538 train_time:416.309s step_avg:1217.28ms
step:343/3300 train_loss:4.04936 train_time:417.510s step_avg:1217.23ms
step:344/3300 train_loss:3.97825 train_time:418.711s step_avg:1217.18ms
step:345/3300 train_loss:3.94443 train_time:419.914s step_avg:1217.14ms
step:346/3300 train_loss:3.95268 train_time:421.127s step_avg:1217.13ms
step:347/3300 train_loss:3.95435 train_time:422.336s step_avg:1217.11ms
step:348/3300 train_loss:3.98801 train_time:423.539s step_avg:1217.07ms
step:349/3300 train_loss:3.92520 train_time:424.749s step_avg:1217.05ms
step:350/3300 train_loss:3.91217 train_time:425.952s step_avg:1217.00ms
step:351/3300 train_loss:3.90380 train_time:427.167s step_avg:1217.00ms
step:352/3300 train_loss:4.01736 train_time:428.381s step_avg:1216.99ms
step:353/3300 train_loss:3.92002 train_time:429.584s step_avg:1216.95ms
step:354/3300 train_loss:3.91146 train_time:430.801s step_avg:1216.95ms
step:355/3300 train_loss:3.99532 train_time:432.012s step_avg:1216.93ms
step:356/3300 train_loss:3.91652 train_time:433.224s step_avg:1216.92ms
step:357/3300 train_loss:3.99231 train_time:434.429s step_avg:1216.89ms
step:358/3300 train_loss:3.98227 train_time:435.627s step_avg:1216.83ms
step:359/3300 train_loss:3.89648 train_time:436.824s step_avg:1216.78ms
step:360/3300 train_loss:3.90347 train_time:438.029s step_avg:1216.75ms
step:361/3300 train_loss:4.01801 train_time:439.264s step_avg:1216.80ms
step:362/3300 train_loss:3.95773 train_time:440.474s step_avg:1216.78ms
step:363/3300 train_loss:3.92871 train_time:441.670s step_avg:1216.72ms
step:364/3300 train_loss:3.95051 train_time:442.872s step_avg:1216.68ms
step:365/3300 train_loss:3.99366 train_time:444.073s step_avg:1216.64ms
step:366/3300 train_loss:3.93958 train_time:445.287s step_avg:1216.63ms
step:367/3300 train_loss:3.98015 train_time:446.491s step_avg:1216.60ms
step:368/3300 train_loss:3.96283 train_time:447.700s step_avg:1216.58ms
step:369/3300 train_loss:3.95518 train_time:448.921s step_avg:1216.59ms
step:370/3300 train_loss:3.92796 train_time:450.137s step_avg:1216.59ms
step:371/3300 train_loss:3.95723 train_time:451.356s step_avg:1216.59ms
step:372/3300 train_loss:3.94159 train_time:452.553s step_avg:1216.54ms
step:373/3300 train_loss:3.96831 train_time:453.754s step_avg:1216.50ms
step:374/3300 train_loss:3.99161 train_time:454.958s step_avg:1216.47ms
step:375/3300 train_loss:3.95895 train_time:456.152s step_avg:1216.41ms
step:375/3300 val_loss:3.93355 train_time:456.152s step_avg:1208.97ms
step:376/3300 train_loss:4.05565 train_time:457.369s step_avg:1216.41ms
step:377/3300 train_loss:3.86125 train_time:458.577s step_avg:1216.38ms
step:378/3300 train_loss:3.96467 train_time:459.783s step_avg:1216.36ms
step:379/3300 train_loss:3.95312 train_time:460.995s step_avg:1216.35ms
step:380/3300 train_loss:3.91774 train_time:462.204s step_avg:1216.33ms
step:381/3300 train_loss:3.99500 train_time:463.449s step_avg:1216.40ms
step:382/3300 train_loss:3.91681 train_time:464.649s step_avg:1216.36ms
step:383/3300 train_loss:3.93366 train_time:465.849s step_avg:1216.32ms
step:384/3300 train_loss:3.92094 train_time:467.061s step_avg:1216.31ms
step:385/3300 train_loss:3.95317 train_time:468.263s step_avg:1216.27ms
step:386/3300 train_loss:3.94450 train_time:469.477s step_avg:1216.26ms
step:387/3300 train_loss:3.96185 train_time:470.691s step_avg:1216.25ms
step:388/3300 train_loss:3.94538 train_time:471.898s step_avg:1216.23ms
step:389/3300 train_loss:3.89777 train_time:473.106s step_avg:1216.21ms
step:390/3300 train_loss:3.95362 train_time:474.312s step_avg:1216.19ms
step:391/3300 train_loss:3.88445 train_time:475.533s step_avg:1216.20ms
step:392/3300 train_loss:3.92939 train_time:476.755s step_avg:1216.21ms
step:393/3300 train_loss:3.96413 train_time:477.958s step_avg:1216.18ms
step:394/3300 train_loss:3.95725 train_time:479.162s step_avg:1216.15ms
step:395/3300 train_loss:3.87975 train_time:480.365s step_avg:1216.11ms
step:396/3300 train_loss:3.79316 train_time:481.594s step_avg:1216.15ms
step:397/3300 train_loss:3.98436 train_time:482.810s step_avg:1216.15ms
step:398/3300 train_loss:3.91630 train_time:484.005s step_avg:1216.09ms
step:399/3300 train_loss:3.87001 train_time:485.204s step_avg:1216.05ms
step:400/3300 train_loss:3.95315 train_time:486.413s step_avg:1216.03ms
step:401/3300 train_loss:3.90619 train_time:487.634s step_avg:1216.05ms
step:402/3300 train_loss:3.91854 train_time:488.839s step_avg:1216.02ms
step:403/3300 train_loss:3.92528 train_time:490.041s step_avg:1215.98ms
step:404/3300 train_loss:3.90314 train_time:491.271s step_avg:1216.02ms
step:405/3300 train_loss:3.96288 train_time:492.484s step_avg:1216.01ms
step:406/3300 train_loss:3.93301 train_time:493.701s step_avg:1216.01ms
step:407/3300 train_loss:4.02688 train_time:494.913s step_avg:1216.00ms
step:408/3300 train_loss:3.94554 train_time:496.119s step_avg:1215.98ms
step:409/3300 train_loss:3.89940 train_time:497.388s step_avg:1216.11ms
step:410/3300 train_loss:3.90913 train_time:498.588s step_avg:1216.07ms
step:411/3300 train_loss:3.88535 train_time:499.801s step_avg:1216.06ms
step:412/3300 train_loss:3.97453 train_time:501.008s step_avg:1216.04ms
step:413/3300 train_loss:3.89912 train_time:502.251s step_avg:1216.10ms
step:414/3300 train_loss:3.93928 train_time:503.453s step_avg:1216.07ms
step:415/3300 train_loss:3.97531 train_time:504.656s step_avg:1216.04ms
step:416/3300 train_loss:3.89739 train_time:505.876s step_avg:1216.05ms
step:417/3300 train_loss:3.91713 train_time:507.091s step_avg:1216.05ms
step:418/3300 train_loss:3.91142 train_time:508.286s step_avg:1215.99ms
step:419/3300 train_loss:3.88410 train_time:509.484s step_avg:1215.95ms
step:420/3300 train_loss:3.87574 train_time:510.690s step_avg:1215.93ms
step:421/3300 train_loss:3.88100 train_time:511.898s step_avg:1215.91ms
step:422/3300 train_loss:3.86171 train_time:513.098s step_avg:1215.87ms
step:423/3300 train_loss:3.89862 train_time:514.299s step_avg:1215.84ms
step:424/3300 train_loss:3.91827 train_time:515.499s step_avg:1215.80ms
step:425/3300 train_loss:3.92791 train_time:516.707s step_avg:1215.78ms
step:426/3300 train_loss:3.85847 train_time:517.922s step_avg:1215.78ms
step:427/3300 train_loss:3.91457 train_time:519.120s step_avg:1215.74ms
step:428/3300 train_loss:3.85776 train_time:520.325s step_avg:1215.71ms
step:429/3300 train_loss:3.84183 train_time:521.542s step_avg:1215.72ms
step:430/3300 train_loss:3.86463 train_time:522.744s step_avg:1215.68ms
step:431/3300 train_loss:3.94103 train_time:523.971s step_avg:1215.71ms
step:432/3300 train_loss:3.88128 train_time:525.177s step_avg:1215.69ms
step:433/3300 train_loss:3.94021 train_time:526.381s step_avg:1215.66ms
step:434/3300 train_loss:3.88807 train_time:527.580s step_avg:1215.62ms
step:435/3300 train_loss:3.90924 train_time:528.782s step_avg:1215.59ms
step:436/3300 train_loss:3.95201 train_time:529.999s step_avg:1215.59ms
step:437/3300 train_loss:3.89935 train_time:531.201s step_avg:1215.56ms
step:438/3300 train_loss:3.91103 train_time:532.413s step_avg:1215.56ms
step:439/3300 train_loss:3.83294 train_time:533.609s step_avg:1215.51ms
step:440/3300 train_loss:3.88867 train_time:534.815s step_avg:1215.49ms
step:441/3300 train_loss:3.83129 train_time:536.038s step_avg:1215.51ms
step:442/3300 train_loss:3.87603 train_time:537.237s step_avg:1215.47ms
step:443/3300 train_loss:3.83460 train_time:538.430s step_avg:1215.42ms
step:444/3300 train_loss:3.93888 train_time:539.635s step_avg:1215.39ms
step:445/3300 train_loss:3.90390 train_time:540.841s step_avg:1215.37ms
step:446/3300 train_loss:3.87692 train_time:542.054s step_avg:1215.37ms
step:447/3300 train_loss:3.86731 train_time:543.249s step_avg:1215.32ms
step:448/3300 train_loss:3.92459 train_time:544.447s step_avg:1215.28ms
step:449/3300 train_loss:3.89371 train_time:545.650s step_avg:1215.26ms
step:450/3300 train_loss:3.88565 train_time:546.854s step_avg:1215.23ms
step:451/3300 train_loss:4.01173 train_time:548.081s step_avg:1215.26ms
step:452/3300 train_loss:3.91059 train_time:549.286s step_avg:1215.24ms
step:453/3300 train_loss:3.95964 train_time:550.491s step_avg:1215.21ms
step:454/3300 train_loss:3.80222 train_time:551.704s step_avg:1215.21ms
step:455/3300 train_loss:3.85688 train_time:552.928s step_avg:1215.23ms
step:456/3300 train_loss:3.85807 train_time:554.154s step_avg:1215.25ms
step:457/3300 train_loss:3.85189 train_time:555.371s step_avg:1215.25ms
step:458/3300 train_loss:3.89850 train_time:556.570s step_avg:1215.22ms
step:459/3300 train_loss:3.87171 train_time:557.772s step_avg:1215.19ms
step:460/3300 train_loss:3.92673 train_time:558.967s step_avg:1215.14ms
step:461/3300 train_loss:3.89989 train_time:560.186s step_avg:1215.15ms
step:462/3300 train_loss:3.78571 train_time:561.394s step_avg:1215.14ms
step:463/3300 train_loss:3.87541 train_time:562.597s step_avg:1215.11ms
step:464/3300 train_loss:3.89158 train_time:563.805s step_avg:1215.10ms
step:465/3300 train_loss:3.86757 train_time:565.011s step_avg:1215.08ms
step:466/3300 train_loss:3.88485 train_time:566.235s step_avg:1215.10ms
step:467/3300 train_loss:3.85026 train_time:567.446s step_avg:1215.09ms
step:468/3300 train_loss:3.89614 train_time:568.648s step_avg:1215.06ms
step:469/3300 train_loss:3.86492 train_time:569.853s step_avg:1215.04ms
step:470/3300 train_loss:3.80088 train_time:571.058s step_avg:1215.02ms
step:471/3300 train_loss:3.92319 train_time:572.283s step_avg:1215.04ms
step:472/3300 train_loss:3.84055 train_time:573.496s step_avg:1215.03ms
step:473/3300 train_loss:3.85898 train_time:574.688s step_avg:1214.99ms
step:474/3300 train_loss:3.86271 train_time:575.894s step_avg:1214.97ms
step:475/3300 train_loss:3.92946 train_time:577.094s step_avg:1214.94ms
step:476/3300 train_loss:3.87807 train_time:578.306s step_avg:1214.93ms
step:477/3300 train_loss:3.83297 train_time:579.508s step_avg:1214.90ms
step:478/3300 train_loss:3.87763 train_time:580.713s step_avg:1214.88ms
step:479/3300 train_loss:3.81066 train_time:581.911s step_avg:1214.85ms
step:480/3300 train_loss:3.94863 train_time:583.112s step_avg:1214.82ms
step:481/3300 train_loss:3.85441 train_time:584.334s step_avg:1214.83ms
step:482/3300 train_loss:3.77575 train_time:585.536s step_avg:1214.81ms
step:483/3300 train_loss:3.89192 train_time:586.750s step_avg:1214.80ms
step:484/3300 train_loss:3.86998 train_time:587.968s step_avg:1214.81ms
step:485/3300 train_loss:3.77043 train_time:589.176s step_avg:1214.80ms
step:486/3300 train_loss:3.87134 train_time:590.389s step_avg:1214.79ms
step:487/3300 train_loss:3.83247 train_time:591.594s step_avg:1214.77ms
step:488/3300 train_loss:3.83738 train_time:592.800s step_avg:1214.75ms
step:489/3300 train_loss:3.85869 train_time:593.999s step_avg:1214.72ms
step:490/3300 train_loss:3.80513 train_time:595.199s step_avg:1214.69ms
step:491/3300 train_loss:3.84296 train_time:596.448s step_avg:1214.76ms
step:492/3300 train_loss:3.89003 train_time:597.652s step_avg:1214.74ms
step:493/3300 train_loss:3.81715 train_time:598.853s step_avg:1214.71ms
step:494/3300 train_loss:3.81966 train_time:600.052s step_avg:1214.68ms
step:495/3300 train_loss:3.86971 train_time:601.256s step_avg:1214.66ms
step:496/3300 train_loss:3.78635 train_time:602.470s step_avg:1214.66ms
step:497/3300 train_loss:3.85647 train_time:603.674s step_avg:1214.63ms
step:498/3300 train_loss:3.82810 train_time:604.875s step_avg:1214.61ms
step:499/3300 train_loss:3.89574 train_time:606.070s step_avg:1214.57ms
step:500/3300 train_loss:3.83469 train_time:607.281s step_avg:1214.56ms
step:500/3300 val_loss:3.82704 train_time:607.281s step_avg:1209.03ms
step:501/3300 train_loss:3.89754 train_time:608.502s step_avg:1214.57ms
step:502/3300 train_loss:3.85217 train_time:609.722s step_avg:1214.59ms
step:503/3300 train_loss:3.79866 train_time:610.919s step_avg:1214.55ms
step:504/3300 train_loss:3.88470 train_time:612.120s step_avg:1214.52ms
step:505/3300 train_loss:3.83606 train_time:613.331s step_avg:1214.52ms
step:506/3300 train_loss:3.78589 train_time:614.550s step_avg:1214.52ms
step:507/3300 train_loss:3.91647 train_time:615.755s step_avg:1214.51ms
step:508/3300 train_loss:3.80714 train_time:616.960s step_avg:1214.49ms
step:509/3300 train_loss:3.84224 train_time:618.169s step_avg:1214.48ms
step:510/3300 train_loss:3.80091 train_time:619.368s step_avg:1214.45ms
step:511/3300 train_loss:3.78503 train_time:620.581s step_avg:1214.44ms
step:512/3300 train_loss:3.83456 train_time:621.782s step_avg:1214.42ms
step:513/3300 train_loss:3.83515 train_time:622.995s step_avg:1214.41ms
step:514/3300 train_loss:3.92378 train_time:624.199s step_avg:1214.40ms
step:515/3300 train_loss:3.79311 train_time:625.418s step_avg:1214.40ms
step:516/3300 train_loss:3.87802 train_time:626.656s step_avg:1214.45ms
step:517/3300 train_loss:3.84724 train_time:627.862s step_avg:1214.43ms
step:518/3300 train_loss:3.79639 train_time:629.063s step_avg:1214.41ms
step:519/3300 train_loss:3.87937 train_time:630.262s step_avg:1214.38ms
step:520/3300 train_loss:3.81027 train_time:631.462s step_avg:1214.35ms
step:521/3300 train_loss:3.79375 train_time:632.679s step_avg:1214.35ms
step:522/3300 train_loss:3.84931 train_time:633.887s step_avg:1214.34ms
step:523/3300 train_loss:3.82631 train_time:635.103s step_avg:1214.35ms
step:524/3300 train_loss:3.79667 train_time:636.309s step_avg:1214.33ms
step:525/3300 train_loss:3.77621 train_time:637.507s step_avg:1214.30ms
step:526/3300 train_loss:3.88292 train_time:638.737s step_avg:1214.33ms
step:527/3300 train_loss:3.81186 train_time:639.947s step_avg:1214.32ms
step:528/3300 train_loss:3.82317 train_time:641.144s step_avg:1214.29ms
step:529/3300 train_loss:3.85546 train_time:642.345s step_avg:1214.26ms
step:530/3300 train_loss:3.82283 train_time:643.551s step_avg:1214.25ms
step:531/3300 train_loss:3.77239 train_time:644.795s step_avg:1214.30ms
step:532/3300 train_loss:3.84801 train_time:646.011s step_avg:1214.31ms
step:533/3300 train_loss:3.80783 train_time:647.221s step_avg:1214.30ms
step:534/3300 train_loss:3.82845 train_time:648.425s step_avg:1214.28ms
step:535/3300 train_loss:3.92839 train_time:649.625s step_avg:1214.25ms
step:536/3300 train_loss:3.79158 train_time:650.845s step_avg:1214.26ms
step:537/3300 train_loss:3.77051 train_time:652.048s step_avg:1214.24ms
step:538/3300 train_loss:3.77962 train_time:653.246s step_avg:1214.21ms
step:539/3300 train_loss:3.97359 train_time:654.452s step_avg:1214.20ms
step:540/3300 train_loss:3.76770 train_time:655.644s step_avg:1214.15ms
step:541/3300 train_loss:3.85930 train_time:656.858s step_avg:1214.16ms
step:542/3300 train_loss:3.79451 train_time:658.055s step_avg:1214.12ms
step:543/3300 train_loss:3.78984 train_time:659.257s step_avg:1214.10ms
step:544/3300 train_loss:3.82455 train_time:660.457s step_avg:1214.08ms
step:545/3300 train_loss:3.78289 train_time:661.654s step_avg:1214.04ms
step:546/3300 train_loss:3.76690 train_time:662.867s step_avg:1214.04ms
step:547/3300 train_loss:3.81522 train_time:664.058s step_avg:1214.00ms
step:548/3300 train_loss:3.73496 train_time:665.260s step_avg:1213.98ms
step:549/3300 train_loss:3.77886 train_time:666.462s step_avg:1213.96ms
step:550/3300 train_loss:3.81563 train_time:667.659s step_avg:1213.93ms
step:551/3300 train_loss:3.77822 train_time:668.895s step_avg:1213.97ms
step:552/3300 train_loss:3.91977 train_time:670.098s step_avg:1213.95ms
step:553/3300 train_loss:3.80810 train_time:671.298s step_avg:1213.92ms
step:554/3300 train_loss:3.79338 train_time:672.495s step_avg:1213.89ms
step:555/3300 train_loss:3.85019 train_time:673.700s step_avg:1213.87ms
step:556/3300 train_loss:3.78576 train_time:674.922s step_avg:1213.89ms
step:557/3300 train_loss:3.74544 train_time:676.126s step_avg:1213.87ms
step:558/3300 train_loss:3.79232 train_time:677.338s step_avg:1213.87ms
step:559/3300 train_loss:3.86403 train_time:678.557s step_avg:1213.88ms
step:560/3300 train_loss:3.80408 train_time:679.780s step_avg:1213.89ms
step:561/3300 train_loss:3.77790 train_time:680.997s step_avg:1213.90ms
step:562/3300 train_loss:3.77298 train_time:682.199s step_avg:1213.88ms
step:563/3300 train_loss:3.77657 train_time:683.410s step_avg:1213.87ms
step:564/3300 train_loss:3.82046 train_time:684.617s step_avg:1213.86ms
step:565/3300 train_loss:3.78299 train_time:685.837s step_avg:1213.87ms
step:566/3300 train_loss:3.82072 train_time:687.070s step_avg:1213.90ms
step:567/3300 train_loss:3.78556 train_time:688.276s step_avg:1213.89ms
step:568/3300 train_loss:3.87284 train_time:689.482s step_avg:1213.88ms
step:569/3300 train_loss:3.79504 train_time:690.686s step_avg:1213.86ms
step:570/3300 train_loss:3.77389 train_time:691.887s step_avg:1213.84ms
step:571/3300 train_loss:3.73522 train_time:693.149s step_avg:1213.92ms
step:572/3300 train_loss:3.80496 train_time:694.350s step_avg:1213.90ms
step:573/3300 train_loss:3.87565 train_time:695.551s step_avg:1213.88ms
step:574/3300 train_loss:3.77215 train_time:696.759s step_avg:1213.87ms
step:575/3300 train_loss:3.82150 train_time:697.969s step_avg:1213.86ms
step:576/3300 train_loss:3.79855 train_time:699.219s step_avg:1213.92ms
step:577/3300 train_loss:3.79901 train_time:700.425s step_avg:1213.91ms
step:578/3300 train_loss:3.85814 train_time:701.630s step_avg:1213.89ms
step:579/3300 train_loss:3.75777 train_time:702.837s step_avg:1213.88ms
step:580/3300 train_loss:3.83388 train_time:704.045s step_avg:1213.87ms
step:581/3300 train_loss:3.81974 train_time:705.271s step_avg:1213.89ms
step:582/3300 train_loss:3.84144 train_time:706.470s step_avg:1213.87ms
step:583/3300 train_loss:3.79943 train_time:707.673s step_avg:1213.85ms
step:584/3300 train_loss:3.75883 train_time:708.872s step_avg:1213.82ms
step:585/3300 train_loss:3.79655 train_time:710.067s step_avg:1213.79ms
step:586/3300 train_loss:3.89682 train_time:711.284s step_avg:1213.79ms
step:587/3300 train_loss:3.75750 train_time:712.485s step_avg:1213.77ms
step:588/3300 train_loss:3.82401 train_time:713.697s step_avg:1213.77ms
step:589/3300 train_loss:3.87530 train_time:714.913s step_avg:1213.77ms
step:590/3300 train_loss:3.77901 train_time:716.139s step_avg:1213.79ms
step:591/3300 train_loss:3.79318 train_time:717.363s step_avg:1213.81ms
step:592/3300 train_loss:3.77061 train_time:718.586s step_avg:1213.83ms
step:593/3300 train_loss:3.72806 train_time:719.792s step_avg:1213.81ms
step:594/3300 train_loss:3.85811 train_time:720.982s step_avg:1213.77ms
step:595/3300 train_loss:3.80158 train_time:722.181s step_avg:1213.75ms
step:596/3300 train_loss:3.78007 train_time:723.402s step_avg:1213.76ms
step:597/3300 train_loss:3.78782 train_time:724.613s step_avg:1213.76ms
step:598/3300 train_loss:3.80899 train_time:725.812s step_avg:1213.73ms
step:599/3300 train_loss:3.76395 train_time:727.020s step_avg:1213.72ms
step:600/3300 train_loss:3.77740 train_time:728.230s step_avg:1213.72ms
step:601/3300 train_loss:3.77913 train_time:729.456s step_avg:1213.74ms
step:602/3300 train_loss:3.79327 train_time:730.648s step_avg:1213.70ms
step:603/3300 train_loss:3.81634 train_time:731.849s step_avg:1213.68ms
step:604/3300 train_loss:3.83555 train_time:733.066s step_avg:1213.68ms
step:605/3300 train_loss:3.77966 train_time:734.268s step_avg:1213.67ms
step:606/3300 train_loss:3.78996 train_time:735.484s step_avg:1213.67ms
step:607/3300 train_loss:3.77688 train_time:736.684s step_avg:1213.65ms
step:608/3300 train_loss:3.76779 train_time:737.880s step_avg:1213.62ms
step:609/3300 train_loss:3.79200 train_time:739.112s step_avg:1213.65ms
step:610/3300 train_loss:3.76237 train_time:740.309s step_avg:1213.62ms
step:611/3300 train_loss:3.78191 train_time:741.527s step_avg:1213.63ms
step:612/3300 train_loss:3.72041 train_time:742.728s step_avg:1213.61ms
step:613/3300 train_loss:3.76134 train_time:743.931s step_avg:1213.59ms
step:614/3300 train_loss:3.79643 train_time:745.131s step_avg:1213.57ms
step:615/3300 train_loss:3.76474 train_time:746.331s step_avg:1213.55ms
step:616/3300 train_loss:3.78306 train_time:747.547s step_avg:1213.55ms
step:617/3300 train_loss:3.76615 train_time:748.748s step_avg:1213.53ms
step:618/3300 train_loss:3.80031 train_time:749.968s step_avg:1213.54ms
step:619/3300 train_loss:3.81798 train_time:751.170s step_avg:1213.52ms
step:620/3300 train_loss:3.75116 train_time:752.375s step_avg:1213.51ms
step:621/3300 train_loss:3.85795 train_time:753.615s step_avg:1213.55ms
step:622/3300 train_loss:3.79977 train_time:754.816s step_avg:1213.53ms
step:623/3300 train_loss:3.77683 train_time:756.026s step_avg:1213.52ms
step:624/3300 train_loss:3.81116 train_time:757.229s step_avg:1213.51ms
step:625/3300 train_loss:3.78651 train_time:758.432s step_avg:1213.49ms
step:625/3300 val_loss:3.75720 train_time:758.432s step_avg:1209.21ms
step:626/3300 train_loss:3.79397 train_time:759.657s step_avg:1213.51ms
step:627/3300 train_loss:3.79440 train_time:760.874s step_avg:1213.52ms
step:628/3300 train_loss:3.73218 train_time:762.074s step_avg:1213.49ms
step:629/3300 train_loss:3.75478 train_time:763.267s step_avg:1213.46ms
step:630/3300 train_loss:3.75629 train_time:764.470s step_avg:1213.44ms
step:631/3300 train_loss:3.76135 train_time:765.687s step_avg:1213.45ms
step:632/3300 train_loss:3.77000 train_time:766.897s step_avg:1213.45ms
step:633/3300 train_loss:3.78151 train_time:768.102s step_avg:1213.43ms
step:634/3300 train_loss:3.72605 train_time:769.307s step_avg:1213.42ms
step:635/3300 train_loss:3.81834 train_time:770.509s step_avg:1213.40ms
step:636/3300 train_loss:3.71836 train_time:771.799s step_avg:1213.52ms
step:637/3300 train_loss:3.69250 train_time:773.002s step_avg:1213.50ms
step:638/3300 train_loss:3.80730 train_time:774.204s step_avg:1213.49ms
step:639/3300 train_loss:3.75092 train_time:775.410s step_avg:1213.47ms
step:640/3300 train_loss:3.76152 train_time:776.643s step_avg:1213.50ms
step:641/3300 train_loss:3.83557 train_time:777.870s step_avg:1213.53ms
step:642/3300 train_loss:3.70854 train_time:779.081s step_avg:1213.52ms
step:643/3300 train_loss:3.80189 train_time:780.287s step_avg:1213.51ms
step:644/3300 train_loss:3.74456 train_time:781.491s step_avg:1213.49ms
step:645/3300 train_loss:3.78353 train_time:782.692s step_avg:1213.48ms
step:646/3300 train_loss:3.79452 train_time:783.906s step_avg:1213.48ms
step:647/3300 train_loss:3.86707 train_time:785.107s step_avg:1213.46ms
step:648/3300 train_loss:3.77827 train_time:786.309s step_avg:1213.44ms
step:649/3300 train_loss:3.76952 train_time:787.522s step_avg:1213.44ms
step:650/3300 train_loss:3.73931 train_time:788.742s step_avg:1213.45ms
step:651/3300 train_loss:3.71608 train_time:789.958s step_avg:1213.45ms
step:652/3300 train_loss:3.72407 train_time:791.173s step_avg:1213.46ms
step:653/3300 train_loss:3.73674 train_time:792.380s step_avg:1213.45ms
step:654/3300 train_loss:3.78470 train_time:793.581s step_avg:1213.43ms
step:655/3300 train_loss:3.74346 train_time:794.786s step_avg:1213.41ms
step:656/3300 train_loss:3.80588 train_time:796.018s step_avg:1213.44ms
step:657/3300 train_loss:3.70921 train_time:797.226s step_avg:1213.43ms
step:658/3300 train_loss:3.82552 train_time:798.425s step_avg:1213.41ms
step:659/3300 train_loss:3.79387 train_time:799.627s step_avg:1213.39ms
step:660/3300 train_loss:3.81917 train_time:800.828s step_avg:1213.38ms
step:661/3300 train_loss:3.81229 train_time:802.053s step_avg:1213.39ms
step:662/3300 train_loss:3.81476 train_time:803.250s step_avg:1213.37ms
step:663/3300 train_loss:3.71501 train_time:804.454s step_avg:1213.35ms
step:664/3300 train_loss:3.71498 train_time:805.661s step_avg:1213.35ms
step:665/3300 train_loss:3.73895 train_time:806.875s step_avg:1213.35ms
step:666/3300 train_loss:3.79261 train_time:808.106s step_avg:1213.37ms
step:667/3300 train_loss:3.80086 train_time:809.309s step_avg:1213.36ms
step:668/3300 train_loss:3.77680 train_time:810.507s step_avg:1213.33ms
step:669/3300 train_loss:3.77603 train_time:811.711s step_avg:1213.32ms
step:670/3300 train_loss:3.75959 train_time:812.911s step_avg:1213.30ms
step:671/3300 train_loss:3.74304 train_time:814.127s step_avg:1213.30ms
step:672/3300 train_loss:3.80882 train_time:815.330s step_avg:1213.29ms
step:673/3300 train_loss:3.74876 train_time:816.534s step_avg:1213.27ms
step:674/3300 train_loss:3.74288 train_time:817.732s step_avg:1213.25ms
step:675/3300 train_loss:3.80434 train_time:818.932s step_avg:1213.23ms
step:676/3300 train_loss:3.73950 train_time:820.146s step_avg:1213.23ms
step:677/3300 train_loss:3.73479 train_time:821.351s step_avg:1213.22ms
step:678/3300 train_loss:3.74716 train_time:822.551s step_avg:1213.20ms
step:679/3300 train_loss:3.76514 train_time:823.751s step_avg:1213.18ms
step:680/3300 train_loss:3.76283 train_time:824.951s step_avg:1213.16ms
step:681/3300 train_loss:3.68146 train_time:826.167s step_avg:1213.17ms
step:682/3300 train_loss:3.77289 train_time:827.374s step_avg:1213.16ms
step:683/3300 train_loss:3.81887 train_time:828.573s step_avg:1213.14ms
step:684/3300 train_loss:3.76113 train_time:829.771s step_avg:1213.12ms
step:685/3300 train_loss:3.79914 train_time:830.989s step_avg:1213.12ms
step:686/3300 train_loss:3.80162 train_time:832.211s step_avg:1213.13ms
step:687/3300 train_loss:3.72396 train_time:833.412s step_avg:1213.12ms
step:688/3300 train_loss:3.71869 train_time:834.609s step_avg:1213.09ms
step:689/3300 train_loss:3.72625 train_time:835.812s step_avg:1213.08ms
step:690/3300 train_loss:3.74628 train_time:837.014s step_avg:1213.06ms
step:691/3300 train_loss:3.76143 train_time:838.224s step_avg:1213.06ms
step:692/3300 train_loss:3.72386 train_time:839.427s step_avg:1213.04ms
step:693/3300 train_loss:3.76873 train_time:840.639s step_avg:1213.04ms
step:694/3300 train_loss:3.72606 train_time:841.865s step_avg:1213.06ms
step:695/3300 train_loss:3.68481 train_time:843.066s step_avg:1213.05ms
step:696/3300 train_loss:3.80150 train_time:844.285s step_avg:1213.05ms
step:697/3300 train_loss:3.70087 train_time:845.536s step_avg:1213.11ms
step:698/3300 train_loss:3.73534 train_time:846.739s step_avg:1213.09ms
step:699/3300 train_loss:3.77397 train_time:847.949s step_avg:1213.09ms
step:700/3300 train_loss:3.70572 train_time:849.155s step_avg:1213.08ms
step:701/3300 train_loss:3.72619 train_time:850.379s step_avg:1213.09ms
step:702/3300 train_loss:3.71939 train_time:851.580s step_avg:1213.08ms
step:703/3300 train_loss:3.65666 train_time:852.774s step_avg:1213.05ms
step:704/3300 train_loss:3.73074 train_time:853.973s step_avg:1213.03ms
step:705/3300 train_loss:3.65340 train_time:855.169s step_avg:1213.01ms
step:706/3300 train_loss:3.69093 train_time:856.387s step_avg:1213.01ms
step:707/3300 train_loss:3.76613 train_time:857.598s step_avg:1213.01ms
step:708/3300 train_loss:3.74638 train_time:858.801s step_avg:1213.00ms
step:709/3300 train_loss:3.73501 train_time:860.002s step_avg:1212.98ms
step:710/3300 train_loss:3.71902 train_time:861.208s step_avg:1212.97ms
step:711/3300 train_loss:3.72752 train_time:862.441s step_avg:1213.00ms
step:712/3300 train_loss:3.68038 train_time:863.637s step_avg:1212.97ms
step:713/3300 train_loss:3.77142 train_time:864.836s step_avg:1212.95ms
step:714/3300 train_loss:3.64361 train_time:866.043s step_avg:1212.94ms
step:715/3300 train_loss:3.82306 train_time:867.250s step_avg:1212.94ms
step:716/3300 train_loss:3.71927 train_time:868.470s step_avg:1212.95ms
step:717/3300 train_loss:3.77605 train_time:869.671s step_avg:1212.93ms
step:718/3300 train_loss:3.75779 train_time:870.878s step_avg:1212.92ms
step:719/3300 train_loss:3.76735 train_time:872.079s step_avg:1212.91ms
step:720/3300 train_loss:3.76443 train_time:873.275s step_avg:1212.88ms
step:721/3300 train_loss:3.74527 train_time:874.494s step_avg:1212.89ms
step:722/3300 train_loss:3.73978 train_time:875.708s step_avg:1212.89ms
step:723/3300 train_loss:3.77535 train_time:876.915s step_avg:1212.88ms
step:724/3300 train_loss:3.69858 train_time:878.124s step_avg:1212.88ms
step:725/3300 train_loss:3.70528 train_time:879.323s step_avg:1212.86ms
step:726/3300 train_loss:3.74642 train_time:880.542s step_avg:1212.87ms
step:727/3300 train_loss:3.70193 train_time:881.732s step_avg:1212.84ms
step:728/3300 train_loss:3.73133 train_time:882.934s step_avg:1212.82ms
step:729/3300 train_loss:3.76921 train_time:884.134s step_avg:1212.80ms
step:730/3300 train_loss:3.79235 train_time:885.345s step_avg:1212.80ms
step:731/3300 train_loss:3.75924 train_time:886.562s step_avg:1212.81ms
step:732/3300 train_loss:3.76729 train_time:887.755s step_avg:1212.78ms
step:733/3300 train_loss:3.76279 train_time:888.956s step_avg:1212.76ms
step:734/3300 train_loss:3.82045 train_time:890.157s step_avg:1212.75ms
step:735/3300 train_loss:3.73512 train_time:891.360s step_avg:1212.74ms
step:736/3300 train_loss:3.74031 train_time:892.571s step_avg:1212.73ms
step:737/3300 train_loss:3.77349 train_time:893.772s step_avg:1212.72ms
step:738/3300 train_loss:3.74157 train_time:894.971s step_avg:1212.70ms
step:739/3300 train_loss:3.74366 train_time:896.181s step_avg:1212.69ms
step:740/3300 train_loss:3.85085 train_time:897.401s step_avg:1212.70ms
step:741/3300 train_loss:3.72495 train_time:898.617s step_avg:1212.71ms
step:742/3300 train_loss:3.70489 train_time:899.827s step_avg:1212.71ms
step:743/3300 train_loss:3.74938 train_time:901.044s step_avg:1212.71ms
step:744/3300 train_loss:3.65413 train_time:902.238s step_avg:1212.69ms
step:745/3300 train_loss:3.71475 train_time:903.438s step_avg:1212.67ms
step:746/3300 train_loss:3.74430 train_time:904.658s step_avg:1212.68ms
step:747/3300 train_loss:3.70592 train_time:905.877s step_avg:1212.69ms
step:748/3300 train_loss:3.75222 train_time:907.085s step_avg:1212.68ms
step:749/3300 train_loss:3.68199 train_time:908.321s step_avg:1212.71ms
step:750/3300 train_loss:3.76312 train_time:909.532s step_avg:1212.71ms
step:750/3300 val_loss:3.71276 train_time:909.532s step_avg:1208.80ms
step:751/3300 train_loss:3.69096 train_time:910.755s step_avg:1212.72ms
step:752/3300 train_loss:3.73556 train_time:911.954s step_avg:1212.71ms
step:753/3300 train_loss:3.73007 train_time:913.158s step_avg:1212.69ms
step:754/3300 train_loss:3.81480 train_time:914.357s step_avg:1212.67ms
step:755/3300 train_loss:3.76063 train_time:915.555s step_avg:1212.66ms
step:756/3300 train_loss:3.81864 train_time:916.782s step_avg:1212.67ms
step:757/3300 train_loss:3.73207 train_time:917.990s step_avg:1212.67ms
step:758/3300 train_loss:3.73787 train_time:919.203s step_avg:1212.67ms
step:759/3300 train_loss:3.69195 train_time:920.405s step_avg:1212.66ms
step:760/3300 train_loss:3.74292 train_time:921.612s step_avg:1212.65ms
step:761/3300 train_loss:3.69006 train_time:922.852s step_avg:1212.68ms
step:762/3300 train_loss:3.68196 train_time:924.059s step_avg:1212.68ms
step:763/3300 train_loss:3.73980 train_time:925.255s step_avg:1212.65ms
step:764/3300 train_loss:3.70715 train_time:926.468s step_avg:1212.65ms
step:765/3300 train_loss:3.86275 train_time:927.679s step_avg:1212.65ms
step:766/3300 train_loss:3.80417 train_time:928.906s step_avg:1212.67ms
step:767/3300 train_loss:3.75583 train_time:930.108s step_avg:1212.66ms
step:768/3300 train_loss:3.80736 train_time:931.309s step_avg:1212.64ms
step:769/3300 train_loss:3.87739 train_time:932.512s step_avg:1212.63ms
step:770/3300 train_loss:3.71793 train_time:933.716s step_avg:1212.62ms
step:771/3300 train_loss:3.76781 train_time:934.930s step_avg:1212.62ms
step:772/3300 train_loss:3.69099 train_time:936.142s step_avg:1212.62ms
step:773/3300 train_loss:3.73519 train_time:937.335s step_avg:1212.59ms
step:774/3300 train_loss:3.74213 train_time:938.543s step_avg:1212.59ms
step:775/3300 train_loss:3.74304 train_time:939.788s step_avg:1212.63ms
step:776/3300 train_loss:3.67211 train_time:941.009s step_avg:1212.64ms
step:777/3300 train_loss:3.69985 train_time:942.209s step_avg:1212.62ms
step:778/3300 train_loss:3.75576 train_time:943.429s step_avg:1212.63ms
step:779/3300 train_loss:3.70575 train_time:944.634s step_avg:1212.62ms
step:780/3300 train_loss:3.71917 train_time:945.839s step_avg:1212.61ms
step:781/3300 train_loss:3.70637 train_time:947.056s step_avg:1212.62ms
step:782/3300 train_loss:3.72213 train_time:948.255s step_avg:1212.60ms
step:783/3300 train_loss:3.69830 train_time:949.465s step_avg:1212.60ms
step:784/3300 train_loss:3.70873 train_time:950.658s step_avg:1212.57ms
step:785/3300 train_loss:3.65780 train_time:951.855s step_avg:1212.55ms
step:786/3300 train_loss:3.71843 train_time:953.090s step_avg:1212.58ms
step:787/3300 train_loss:3.71983 train_time:954.302s step_avg:1212.58ms
step:788/3300 train_loss:3.69598 train_time:955.512s step_avg:1212.58ms
step:789/3300 train_loss:3.77472 train_time:956.714s step_avg:1212.57ms
step:790/3300 train_loss:3.71820 train_time:957.919s step_avg:1212.56ms
step:791/3300 train_loss:3.81171 train_time:959.137s step_avg:1212.56ms
step:792/3300 train_loss:3.77606 train_time:960.340s step_avg:1212.55ms
step:793/3300 train_loss:3.70472 train_time:961.538s step_avg:1212.53ms
step:794/3300 train_loss:4.04364 train_time:962.736s step_avg:1212.51ms
step:795/3300 train_loss:3.70424 train_time:963.938s step_avg:1212.50ms
step:796/3300 train_loss:3.73517 train_time:965.151s step_avg:1212.50ms
step:797/3300 train_loss:3.72237 train_time:966.352s step_avg:1212.49ms
step:798/3300 train_loss:3.78691 train_time:967.554s step_avg:1212.47ms
step:799/3300 train_loss:3.72496 train_time:968.778s step_avg:1212.49ms
step:800/3300 train_loss:3.72281 train_time:969.980s step_avg:1212.48ms
step:801/3300 train_loss:3.86125 train_time:971.192s step_avg:1212.47ms
step:802/3300 train_loss:3.69833 train_time:972.393s step_avg:1212.46ms
step:803/3300 train_loss:3.71873 train_time:973.592s step_avg:1212.44ms
step:804/3300 train_loss:3.71923 train_time:974.792s step_avg:1212.43ms
step:805/3300 train_loss:3.72934 train_time:975.993s step_avg:1212.41ms
step:806/3300 train_loss:3.72065 train_time:977.212s step_avg:1212.42ms
step:807/3300 train_loss:3.69587 train_time:978.416s step_avg:1212.41ms
step:808/3300 train_loss:3.72128 train_time:979.616s step_avg:1212.40ms
step:809/3300 train_loss:3.71393 train_time:980.817s step_avg:1212.38ms
step:810/3300 train_loss:3.72896 train_time:982.020s step_avg:1212.37ms
step:811/3300 train_loss:3.72389 train_time:983.238s step_avg:1212.38ms
step:812/3300 train_loss:3.81183 train_time:984.450s step_avg:1212.38ms
step:813/3300 train_loss:3.78408 train_time:985.656s step_avg:1212.37ms
step:814/3300 train_loss:3.70538 train_time:986.861s step_avg:1212.36ms
step:815/3300 train_loss:3.72701 train_time:988.065s step_avg:1212.35ms
step:816/3300 train_loss:3.70619 train_time:989.282s step_avg:1212.36ms
step:817/3300 train_loss:3.74393 train_time:990.479s step_avg:1212.34ms
step:818/3300 train_loss:3.67988 train_time:991.680s step_avg:1212.32ms
step:819/3300 train_loss:3.67154 train_time:992.882s step_avg:1212.31ms
step:820/3300 train_loss:3.68834 train_time:994.091s step_avg:1212.31ms
step:821/3300 train_loss:3.72927 train_time:995.310s step_avg:1212.31ms
step:822/3300 train_loss:3.65299 train_time:996.510s step_avg:1212.30ms
step:823/3300 train_loss:3.64605 train_time:997.711s step_avg:1212.29ms
step:824/3300 train_loss:3.70611 train_time:998.910s step_avg:1212.27ms
step:825/3300 train_loss:3.61746 train_time:1000.111s step_avg:1212.26ms
step:826/3300 train_loss:3.66933 train_time:1001.326s step_avg:1212.26ms
step:827/3300 train_loss:3.70533 train_time:1002.520s step_avg:1212.24ms
step:828/3300 train_loss:3.68201 train_time:1003.749s step_avg:1212.26ms
step:829/3300 train_loss:3.72933 train_time:1004.956s step_avg:1212.25ms
step:830/3300 train_loss:3.74860 train_time:1006.157s step_avg:1212.24ms
step:831/3300 train_loss:3.80533 train_time:1007.377s step_avg:1212.25ms
step:832/3300 train_loss:3.71624 train_time:1008.599s step_avg:1212.26ms
step:833/3300 train_loss:3.69760 train_time:1009.803s step_avg:1212.25ms
step:834/3300 train_loss:3.69723 train_time:1011.005s step_avg:1212.24ms
step:835/3300 train_loss:3.66693 train_time:1012.198s step_avg:1212.21ms
step:836/3300 train_loss:3.69583 train_time:1013.416s step_avg:1212.22ms
step:837/3300 train_loss:3.67394 train_time:1014.618s step_avg:1212.21ms
step:838/3300 train_loss:3.74787 train_time:1015.817s step_avg:1212.19ms
step:839/3300 train_loss:3.70510 train_time:1017.018s step_avg:1212.18ms
step:840/3300 train_loss:3.69051 train_time:1018.240s step_avg:1212.19ms
step:841/3300 train_loss:3.71268 train_time:1019.458s step_avg:1212.20ms
step:842/3300 train_loss:3.66993 train_time:1020.662s step_avg:1212.19ms
step:843/3300 train_loss:3.69898 train_time:1021.861s step_avg:1212.17ms
step:844/3300 train_loss:3.72944 train_time:1023.068s step_avg:1212.17ms
step:845/3300 train_loss:3.71586 train_time:1024.263s step_avg:1212.15ms
step:846/3300 train_loss:3.69547 train_time:1025.481s step_avg:1212.15ms
step:847/3300 train_loss:3.68204 train_time:1026.683s step_avg:1212.14ms
step:848/3300 train_loss:3.74146 train_time:1027.898s step_avg:1212.14ms
step:849/3300 train_loss:3.68740 train_time:1029.099s step_avg:1212.13ms
step:850/3300 train_loss:3.75394 train_time:1030.300s step_avg:1212.12ms
step:851/3300 train_loss:3.69705 train_time:1031.519s step_avg:1212.13ms
step:852/3300 train_loss:3.70360 train_time:1032.720s step_avg:1212.11ms
step:853/3300 train_loss:3.70200 train_time:1033.922s step_avg:1212.10ms
step:854/3300 train_loss:3.67294 train_time:1035.141s step_avg:1212.11ms
step:855/3300 train_loss:3.72010 train_time:1036.343s step_avg:1212.10ms
step:856/3300 train_loss:3.74575 train_time:1037.574s step_avg:1212.12ms
step:857/3300 train_loss:3.65486 train_time:1038.797s step_avg:1212.13ms
step:858/3300 train_loss:3.68011 train_time:1040.002s step_avg:1212.12ms
step:859/3300 train_loss:3.70137 train_time:1041.207s step_avg:1212.11ms
step:860/3300 train_loss:3.67211 train_time:1042.402s step_avg:1212.10ms
step:861/3300 train_loss:3.67929 train_time:1043.636s step_avg:1212.12ms
step:862/3300 train_loss:3.65243 train_time:1044.854s step_avg:1212.13ms
step:863/3300 train_loss:3.71038 train_time:1046.069s step_avg:1212.13ms
step:864/3300 train_loss:3.70610 train_time:1047.265s step_avg:1212.11ms
step:865/3300 train_loss:3.81434 train_time:1048.467s step_avg:1212.10ms
step:866/3300 train_loss:3.73492 train_time:1049.679s step_avg:1212.10ms
step:867/3300 train_loss:3.67887 train_time:1050.885s step_avg:1212.09ms
step:868/3300 train_loss:3.63834 train_time:1052.088s step_avg:1212.08ms
step:869/3300 train_loss:3.66768 train_time:1053.298s step_avg:1212.08ms
step:870/3300 train_loss:3.70462 train_time:1054.503s step_avg:1212.07ms
step:871/3300 train_loss:3.67357 train_time:1055.721s step_avg:1212.08ms
step:872/3300 train_loss:3.72134 train_time:1056.920s step_avg:1212.06ms
step:873/3300 train_loss:3.69171 train_time:1058.133s step_avg:1212.07ms
step:874/3300 train_loss:3.64888 train_time:1059.343s step_avg:1212.06ms
step:875/3300 train_loss:3.68313 train_time:1060.545s step_avg:1212.05ms
step:875/3300 val_loss:3.67094 train_time:1060.545s step_avg:1208.11ms
step:876/3300 train_loss:3.72850 train_time:1061.765s step_avg:1212.06ms
step:877/3300 train_loss:3.67221 train_time:1062.964s step_avg:1212.05ms
step:878/3300 train_loss:3.73494 train_time:1064.161s step_avg:1212.03ms
step:879/3300 train_loss:3.68430 train_time:1065.368s step_avg:1212.02ms
step:880/3300 train_loss:3.65365 train_time:1066.570s step_avg:1212.01ms
step:881/3300 train_loss:3.67655 train_time:1067.786s step_avg:1212.02ms
step:882/3300 train_loss:3.69351 train_time:1068.989s step_avg:1212.01ms
step:883/3300 train_loss:3.69808 train_time:1070.202s step_avg:1212.01ms
step:884/3300 train_loss:3.68624 train_time:1071.419s step_avg:1212.01ms
step:885/3300 train_loss:3.66411 train_time:1072.622s step_avg:1212.00ms
step:886/3300 train_loss:3.68994 train_time:1073.840s step_avg:1212.01ms
step:887/3300 train_loss:3.81395 train_time:1075.044s step_avg:1212.00ms
step:888/3300 train_loss:3.70060 train_time:1076.247s step_avg:1211.99ms
step:889/3300 train_loss:3.63908 train_time:1077.453s step_avg:1211.98ms
step:890/3300 train_loss:3.61858 train_time:1078.650s step_avg:1211.97ms
step:891/3300 train_loss:3.68057 train_time:1079.860s step_avg:1211.96ms
step:892/3300 train_loss:3.71900 train_time:1081.066s step_avg:1211.96ms
step:893/3300 train_loss:3.61586 train_time:1082.275s step_avg:1211.95ms
step:894/3300 train_loss:3.70528 train_time:1083.481s step_avg:1211.95ms
step:895/3300 train_loss:3.70045 train_time:1084.684s step_avg:1211.94ms
step:896/3300 train_loss:3.69187 train_time:1085.902s step_avg:1211.94ms
step:897/3300 train_loss:3.68801 train_time:1087.106s step_avg:1211.93ms
step:898/3300 train_loss:3.73020 train_time:1088.308s step_avg:1211.92ms
step:899/3300 train_loss:3.68693 train_time:1089.507s step_avg:1211.91ms
step:900/3300 train_loss:3.62678 train_time:1090.707s step_avg:1211.90ms
step:901/3300 train_loss:3.66981 train_time:1091.943s step_avg:1211.92ms
step:902/3300 train_loss:3.97413 train_time:1093.146s step_avg:1211.91ms
step:903/3300 train_loss:3.66519 train_time:1094.349s step_avg:1211.90ms
step:904/3300 train_loss:3.67447 train_time:1095.549s step_avg:1211.89ms
step:905/3300 train_loss:3.72913 train_time:1096.750s step_avg:1211.88ms
step:906/3300 train_loss:3.72522 train_time:1097.960s step_avg:1211.88ms
step:907/3300 train_loss:3.65483 train_time:1099.176s step_avg:1211.88ms
step:908/3300 train_loss:3.71938 train_time:1100.377s step_avg:1211.87ms
step:909/3300 train_loss:3.82017 train_time:1101.582s step_avg:1211.86ms
step:910/3300 train_loss:3.63846 train_time:1102.785s step_avg:1211.85ms
step:911/3300 train_loss:3.68921 train_time:1104.002s step_avg:1211.86ms
step:912/3300 train_loss:3.64584 train_time:1105.214s step_avg:1211.86ms
step:913/3300 train_loss:3.67496 train_time:1106.418s step_avg:1211.85ms
step:914/3300 train_loss:3.74867 train_time:1107.631s step_avg:1211.85ms
step:915/3300 train_loss:3.69835 train_time:1108.829s step_avg:1211.84ms
step:916/3300 train_loss:3.78477 train_time:1110.064s step_avg:1211.86ms
step:917/3300 train_loss:3.67272 train_time:1111.277s step_avg:1211.86ms
step:918/3300 train_loss:3.82815 train_time:1112.486s step_avg:1211.86ms
step:919/3300 train_loss:3.68654 train_time:1113.688s step_avg:1211.85ms
step:920/3300 train_loss:3.72484 train_time:1114.896s step_avg:1211.84ms
step:921/3300 train_loss:3.64197 train_time:1116.119s step_avg:1211.86ms
step:922/3300 train_loss:3.66016 train_time:1117.324s step_avg:1211.85ms
step:923/3300 train_loss:3.63888 train_time:1118.538s step_avg:1211.85ms
step:924/3300 train_loss:3.69318 train_time:1119.736s step_avg:1211.84ms
step:925/3300 train_loss:3.68627 train_time:1120.933s step_avg:1211.82ms
step:926/3300 train_loss:3.71166 train_time:1122.157s step_avg:1211.83ms
step:927/3300 train_loss:3.65025 train_time:1123.362s step_avg:1211.82ms
step:928/3300 train_loss:3.67219 train_time:1124.563s step_avg:1211.81ms
step:929/3300 train_loss:3.79543 train_time:1125.767s step_avg:1211.80ms
step:930/3300 train_loss:3.64942 train_time:1126.970s step_avg:1211.80ms
step:931/3300 train_loss:3.64970 train_time:1128.184s step_avg:1211.80ms
step:932/3300 train_loss:3.81891 train_time:1129.385s step_avg:1211.79ms
step:933/3300 train_loss:3.64753 train_time:1130.615s step_avg:1211.81ms
step:934/3300 train_loss:3.78128 train_time:1131.822s step_avg:1211.80ms
step:935/3300 train_loss:3.71405 train_time:1133.021s step_avg:1211.79ms
step:936/3300 train_loss:3.67115 train_time:1134.239s step_avg:1211.79ms
step:937/3300 train_loss:3.62404 train_time:1135.439s step_avg:1211.78ms
step:938/3300 train_loss:3.69324 train_time:1136.645s step_avg:1211.78ms
step:939/3300 train_loss:3.65502 train_time:1137.847s step_avg:1211.76ms
step:940/3300 train_loss:3.63724 train_time:1139.050s step_avg:1211.75ms
step:941/3300 train_loss:3.76187 train_time:1140.271s step_avg:1211.76ms
step:942/3300 train_loss:3.65391 train_time:1141.478s step_avg:1211.76ms
step:943/3300 train_loss:3.71961 train_time:1142.678s step_avg:1211.75ms
step:944/3300 train_loss:3.70729 train_time:1143.877s step_avg:1211.73ms
step:945/3300 train_loss:3.67804 train_time:1145.088s step_avg:1211.73ms
step:946/3300 train_loss:3.85168 train_time:1146.311s step_avg:1211.75ms
step:947/3300 train_loss:3.71248 train_time:1147.533s step_avg:1211.76ms
step:948/3300 train_loss:3.65099 train_time:1148.731s step_avg:1211.74ms
step:949/3300 train_loss:3.67547 train_time:1149.936s step_avg:1211.73ms
step:950/3300 train_loss:3.67362 train_time:1151.145s step_avg:1211.73ms
step:951/3300 train_loss:3.65350 train_time:1152.408s step_avg:1211.79ms
step:952/3300 train_loss:3.71751 train_time:1153.611s step_avg:1211.78ms
step:953/3300 train_loss:3.64464 train_time:1154.815s step_avg:1211.77ms
step:954/3300 train_loss:3.67619 train_time:1156.022s step_avg:1211.76ms
step:955/3300 train_loss:3.69908 train_time:1157.241s step_avg:1211.77ms
step:956/3300 train_loss:3.68632 train_time:1158.481s step_avg:1211.80ms
step:957/3300 train_loss:3.75373 train_time:1159.683s step_avg:1211.79ms
step:958/3300 train_loss:3.72023 train_time:1160.900s step_avg:1211.80ms
step:959/3300 train_loss:3.71757 train_time:1162.093s step_avg:1211.78ms
step:960/3300 train_loss:3.63996 train_time:1163.292s step_avg:1211.76ms
step:961/3300 train_loss:3.67499 train_time:1164.509s step_avg:1211.77ms
step:962/3300 train_loss:3.64950 train_time:1165.727s step_avg:1211.77ms
step:963/3300 train_loss:3.64882 train_time:1166.930s step_avg:1211.77ms
step:964/3300 train_loss:3.63711 train_time:1168.134s step_avg:1211.76ms
step:965/3300 train_loss:3.68233 train_time:1169.335s step_avg:1211.75ms
step:966/3300 train_loss:3.68845 train_time:1170.545s step_avg:1211.74ms
step:967/3300 train_loss:3.69735 train_time:1171.759s step_avg:1211.75ms
step:968/3300 train_loss:3.67006 train_time:1172.956s step_avg:1211.73ms
step:969/3300 train_loss:3.65451 train_time:1174.157s step_avg:1211.72ms
step:970/3300 train_loss:3.65361 train_time:1175.352s step_avg:1211.70ms
step:971/3300 train_loss:3.64151 train_time:1176.568s step_avg:1211.71ms
step:972/3300 train_loss:3.66678 train_time:1177.778s step_avg:1211.71ms
step:973/3300 train_loss:3.72207 train_time:1178.987s step_avg:1211.70ms
step:974/3300 train_loss:3.66625 train_time:1180.227s step_avg:1211.73ms
step:975/3300 train_loss:3.70371 train_time:1181.442s step_avg:1211.74ms
step:976/3300 train_loss:3.67808 train_time:1182.655s step_avg:1211.74ms
step:977/3300 train_loss:3.64864 train_time:1183.853s step_avg:1211.72ms
step:978/3300 train_loss:3.62145 train_time:1185.068s step_avg:1211.73ms
step:979/3300 train_loss:3.69204 train_time:1186.273s step_avg:1211.72ms
step:980/3300 train_loss:3.65945 train_time:1187.490s step_avg:1211.72ms
step:981/3300 train_loss:3.68476 train_time:1188.730s step_avg:1211.75ms
step:982/3300 train_loss:3.68152 train_time:1189.940s step_avg:1211.75ms
step:983/3300 train_loss:3.66851 train_time:1191.155s step_avg:1211.76ms
step:984/3300 train_loss:3.75173 train_time:1192.355s step_avg:1211.74ms
step:985/3300 train_loss:3.72818 train_time:1193.553s step_avg:1211.73ms
step:986/3300 train_loss:3.65759 train_time:1194.767s step_avg:1211.73ms
step:987/3300 train_loss:3.68510 train_time:1195.973s step_avg:1211.73ms
step:988/3300 train_loss:3.61103 train_time:1197.184s step_avg:1211.72ms
step:989/3300 train_loss:3.64614 train_time:1198.392s step_avg:1211.72ms
step:990/3300 train_loss:3.66171 train_time:1199.594s step_avg:1211.71ms
step:991/3300 train_loss:3.65990 train_time:1200.810s step_avg:1211.72ms
step:992/3300 train_loss:3.65689 train_time:1202.016s step_avg:1211.71ms
step:993/3300 train_loss:3.64773 train_time:1203.211s step_avg:1211.69ms
step:994/3300 train_loss:3.63035 train_time:1204.408s step_avg:1211.68ms
step:995/3300 train_loss:3.71274 train_time:1205.614s step_avg:1211.67ms
step:996/3300 train_loss:3.61958 train_time:1206.829s step_avg:1211.68ms
step:997/3300 train_loss:3.66908 train_time:1208.029s step_avg:1211.66ms
step:998/3300 train_loss:3.69309 train_time:1209.229s step_avg:1211.65ms
step:999/3300 train_loss:3.69506 train_time:1210.433s step_avg:1211.64ms
step:1000/3300 train_loss:3.69150 train_time:1211.639s step_avg:1211.64ms
step:1000/3300 val_loss:3.63819 train_time:1211.639s step_avg:1208.75ms
step:1001/3300 train_loss:3.61612 train_time:1212.854s step_avg:1211.64ms
step:1002/3300 train_loss:3.67540 train_time:1214.067s step_avg:1211.64ms
step:1003/3300 train_loss:3.67943 train_time:1215.272s step_avg:1211.64ms
step:1004/3300 train_loss:3.69399 train_time:1216.470s step_avg:1211.62ms
step:1005/3300 train_loss:3.66978 train_time:1217.677s step_avg:1211.62ms
step:1006/3300 train_loss:3.61722 train_time:1218.907s step_avg:1211.64ms
step:1007/3300 train_loss:3.69140 train_time:1220.115s step_avg:1211.63ms
step:1008/3300 train_loss:3.71538 train_time:1221.340s step_avg:1211.65ms
step:1009/3300 train_loss:3.71166 train_time:1222.553s step_avg:1211.65ms
step:1010/3300 train_loss:3.63778 train_time:1223.751s step_avg:1211.64ms
step:1011/3300 train_loss:3.67641 train_time:1224.966s step_avg:1211.64ms
step:1012/3300 train_loss:3.58148 train_time:1226.174s step_avg:1211.63ms
step:1013/3300 train_loss:3.66810 train_time:1227.394s step_avg:1211.64ms
step:1014/3300 train_loss:3.68341 train_time:1228.593s step_avg:1211.63ms
step:1015/3300 train_loss:3.65204 train_time:1229.789s step_avg:1211.61ms
step:1016/3300 train_loss:3.66798 train_time:1231.004s step_avg:1211.62ms
step:1017/3300 train_loss:3.63720 train_time:1232.210s step_avg:1211.61ms
step:1018/3300 train_loss:3.66683 train_time:1233.410s step_avg:1211.60ms
step:1019/3300 train_loss:3.67329 train_time:1234.612s step_avg:1211.59ms
step:1020/3300 train_loss:3.67449 train_time:1235.819s step_avg:1211.59ms
step:1021/3300 train_loss:3.66757 train_time:1237.037s step_avg:1211.59ms
step:1022/3300 train_loss:3.68428 train_time:1238.242s step_avg:1211.59ms
step:1023/3300 train_loss:3.66623 train_time:1239.447s step_avg:1211.58ms
step:1024/3300 train_loss:3.67860 train_time:1240.659s step_avg:1211.58ms
step:1025/3300 train_loss:3.64007 train_time:1241.852s step_avg:1211.56ms
step:1026/3300 train_loss:3.65643 train_time:1243.073s step_avg:1211.57ms
step:1027/3300 train_loss:3.64934 train_time:1244.286s step_avg:1211.57ms
step:1028/3300 train_loss:3.66377 train_time:1245.489s step_avg:1211.56ms
step:1029/3300 train_loss:3.72192 train_time:1246.692s step_avg:1211.56ms
step:1030/3300 train_loss:3.65546 train_time:1247.893s step_avg:1211.55ms
step:1031/3300 train_loss:3.62015 train_time:1249.120s step_avg:1211.56ms
step:1032/3300 train_loss:3.67772 train_time:1250.329s step_avg:1211.56ms
step:1033/3300 train_loss:3.66500 train_time:1251.560s step_avg:1211.58ms
step:1034/3300 train_loss:3.64288 train_time:1252.769s step_avg:1211.58ms
step:1035/3300 train_loss:3.64535 train_time:1253.978s step_avg:1211.57ms
step:1036/3300 train_loss:3.87124 train_time:1255.196s step_avg:1211.58ms
step:1037/3300 train_loss:3.66329 train_time:1256.396s step_avg:1211.57ms
step:1038/3300 train_loss:3.66582 train_time:1257.637s step_avg:1211.60ms
step:1039/3300 train_loss:3.67455 train_time:1258.828s step_avg:1211.58ms
step:1040/3300 train_loss:3.64072 train_time:1260.027s step_avg:1211.56ms
step:1041/3300 train_loss:3.63892 train_time:1261.240s step_avg:1211.57ms
step:1042/3300 train_loss:3.70091 train_time:1262.436s step_avg:1211.55ms
step:1043/3300 train_loss:3.66555 train_time:1263.634s step_avg:1211.54ms
step:1044/3300 train_loss:3.58060 train_time:1264.833s step_avg:1211.53ms
step:1045/3300 train_loss:3.65837 train_time:1266.034s step_avg:1211.52ms
step:1046/3300 train_loss:3.65794 train_time:1267.250s step_avg:1211.52ms
step:1047/3300 train_loss:3.73081 train_time:1268.452s step_avg:1211.51ms
step:1048/3300 train_loss:3.62276 train_time:1269.653s step_avg:1211.50ms
step:1049/3300 train_loss:3.60735 train_time:1270.859s step_avg:1211.50ms
step:1050/3300 train_loss:3.74901 train_time:1272.063s step_avg:1211.49ms
step:1051/3300 train_loss:3.65544 train_time:1273.284s step_avg:1211.50ms
step:1052/3300 train_loss:3.63367 train_time:1274.499s step_avg:1211.50ms
step:1053/3300 train_loss:3.66708 train_time:1275.692s step_avg:1211.48ms
step:1054/3300 train_loss:3.58874 train_time:1276.896s step_avg:1211.48ms
step:1055/3300 train_loss:3.61087 train_time:1278.094s step_avg:1211.46ms
step:1056/3300 train_loss:3.61114 train_time:1279.307s step_avg:1211.47ms
step:1057/3300 train_loss:3.65455 train_time:1280.510s step_avg:1211.46ms
step:1058/3300 train_loss:3.64318 train_time:1281.708s step_avg:1211.44ms
step:1059/3300 train_loss:3.68576 train_time:1282.908s step_avg:1211.43ms
step:1060/3300 train_loss:3.57070 train_time:1284.110s step_avg:1211.42ms
step:1061/3300 train_loss:3.71257 train_time:1285.325s step_avg:1211.43ms
step:1062/3300 train_loss:3.64289 train_time:1286.529s step_avg:1211.42ms
step:1063/3300 train_loss:3.61295 train_time:1287.731s step_avg:1211.41ms
step:1064/3300 train_loss:3.66719 train_time:1288.933s step_avg:1211.40ms
step:1065/3300 train_loss:3.59877 train_time:1290.133s step_avg:1211.39ms
step:1066/3300 train_loss:3.63195 train_time:1291.355s step_avg:1211.40ms
step:1067/3300 train_loss:3.64755 train_time:1292.565s step_avg:1211.40ms
step:1068/3300 train_loss:3.65988 train_time:1293.768s step_avg:1211.39ms
step:1069/3300 train_loss:3.64548 train_time:1294.970s step_avg:1211.38ms
step:1070/3300 train_loss:3.66172 train_time:1296.171s step_avg:1211.37ms
step:1071/3300 train_loss:3.58242 train_time:1297.436s step_avg:1211.43ms
step:1072/3300 train_loss:3.67167 train_time:1298.636s step_avg:1211.41ms
step:1073/3300 train_loss:3.55743 train_time:1299.836s step_avg:1211.40ms
step:1074/3300 train_loss:3.65883 train_time:1301.035s step_avg:1211.39ms
step:1075/3300 train_loss:3.62392 train_time:1302.242s step_avg:1211.39ms
step:1076/3300 train_loss:3.70238 train_time:1303.456s step_avg:1211.39ms
step:1077/3300 train_loss:3.66787 train_time:1304.660s step_avg:1211.38ms
step:1078/3300 train_loss:3.60880 train_time:1305.856s step_avg:1211.37ms
step:1079/3300 train_loss:3.64495 train_time:1307.058s step_avg:1211.36ms
step:1080/3300 train_loss:3.63855 train_time:1308.260s step_avg:1211.35ms
step:1081/3300 train_loss:3.61508 train_time:1309.470s step_avg:1211.35ms
step:1082/3300 train_loss:3.61861 train_time:1310.675s step_avg:1211.34ms
step:1083/3300 train_loss:3.65203 train_time:1311.876s step_avg:1211.34ms
step:1084/3300 train_loss:3.62192 train_time:1313.077s step_avg:1211.33ms
step:1085/3300 train_loss:3.63660 train_time:1314.291s step_avg:1211.33ms
step:1086/3300 train_loss:3.64985 train_time:1315.507s step_avg:1211.33ms
step:1087/3300 train_loss:3.62492 train_time:1316.711s step_avg:1211.33ms
step:1088/3300 train_loss:3.60876 train_time:1317.917s step_avg:1211.32ms
step:1089/3300 train_loss:3.60074 train_time:1319.112s step_avg:1211.31ms
step:1090/3300 train_loss:3.65895 train_time:1320.322s step_avg:1211.30ms
step:1091/3300 train_loss:3.63316 train_time:1321.528s step_avg:1211.30ms
step:1092/3300 train_loss:3.59462 train_time:1322.738s step_avg:1211.30ms
step:1093/3300 train_loss:3.64081 train_time:1323.961s step_avg:1211.31ms
step:1094/3300 train_loss:3.66875 train_time:1325.157s step_avg:1211.30ms
step:1095/3300 train_loss:3.57577 train_time:1326.360s step_avg:1211.29ms
step:1096/3300 train_loss:3.60534 train_time:1327.576s step_avg:1211.29ms
step:1097/3300 train_loss:3.67150 train_time:1328.781s step_avg:1211.29ms
step:1098/3300 train_loss:3.67518 train_time:1329.999s step_avg:1211.29ms
step:1099/3300 train_loss:3.67192 train_time:1331.199s step_avg:1211.28ms
step:1100/3300 train_loss:3.64989 train_time:1332.416s step_avg:1211.29ms
step:1101/3300 train_loss:3.65431 train_time:1333.638s step_avg:1211.30ms
step:1102/3300 train_loss:3.64916 train_time:1334.837s step_avg:1211.29ms
step:1103/3300 train_loss:3.64424 train_time:1336.037s step_avg:1211.28ms
step:1104/3300 train_loss:3.70046 train_time:1337.253s step_avg:1211.28ms
step:1105/3300 train_loss:3.74958 train_time:1338.467s step_avg:1211.28ms
step:1106/3300 train_loss:3.67055 train_time:1339.688s step_avg:1211.29ms
step:1107/3300 train_loss:3.66894 train_time:1340.894s step_avg:1211.29ms
step:1108/3300 train_loss:3.61447 train_time:1342.093s step_avg:1211.28ms
step:1109/3300 train_loss:3.62578 train_time:1343.302s step_avg:1211.27ms
step:1110/3300 train_loss:3.58505 train_time:1344.497s step_avg:1211.26ms
step:1111/3300 train_loss:3.54148 train_time:1345.711s step_avg:1211.26ms
step:1112/3300 train_loss:3.58087 train_time:1346.914s step_avg:1211.25ms
step:1113/3300 train_loss:3.68454 train_time:1348.117s step_avg:1211.25ms
step:1114/3300 train_loss:3.64972 train_time:1349.331s step_avg:1211.25ms
step:1115/3300 train_loss:3.67718 train_time:1350.536s step_avg:1211.24ms
step:1116/3300 train_loss:3.69239 train_time:1351.752s step_avg:1211.25ms
step:1117/3300 train_loss:3.69780 train_time:1352.958s step_avg:1211.24ms
step:1118/3300 train_loss:3.62389 train_time:1354.171s step_avg:1211.24ms
step:1119/3300 train_loss:3.61738 train_time:1355.375s step_avg:1211.24ms
step:1120/3300 train_loss:3.71210 train_time:1356.576s step_avg:1211.23ms
step:1121/3300 train_loss:3.64631 train_time:1357.796s step_avg:1211.24ms
step:1122/3300 train_loss:3.58023 train_time:1358.995s step_avg:1211.23ms
step:1123/3300 train_loss:3.60874 train_time:1360.205s step_avg:1211.22ms
step:1124/3300 train_loss:3.62693 train_time:1361.402s step_avg:1211.21ms
step:1125/3300 train_loss:3.64609 train_time:1362.611s step_avg:1211.21ms
step:1125/3300 val_loss:3.60878 train_time:1362.612s step_avg:1207.78ms
step:1126/3300 train_loss:3.58935 train_time:1363.833s step_avg:1211.22ms
step:1127/3300 train_loss:3.67512 train_time:1365.042s step_avg:1211.22ms
step:1128/3300 train_loss:3.61948 train_time:1366.251s step_avg:1211.22ms
step:1129/3300 train_loss:3.61975 train_time:1367.453s step_avg:1211.21ms
step:1130/3300 train_loss:3.60253 train_time:1368.655s step_avg:1211.20ms
step:1131/3300 train_loss:3.62987 train_time:1369.869s step_avg:1211.20ms
step:1132/3300 train_loss:3.62448 train_time:1371.073s step_avg:1211.19ms
step:1133/3300 train_loss:3.68111 train_time:1372.275s step_avg:1211.19ms
step:1134/3300 train_loss:3.64384 train_time:1373.474s step_avg:1211.18ms
step:1135/3300 train_loss:3.66959 train_time:1374.687s step_avg:1211.18ms
step:1136/3300 train_loss:3.60815 train_time:1375.928s step_avg:1211.20ms
step:1137/3300 train_loss:3.71670 train_time:1377.140s step_avg:1211.21ms
step:1138/3300 train_loss:3.59434 train_time:1378.334s step_avg:1211.19ms
step:1139/3300 train_loss:3.63670 train_time:1379.537s step_avg:1211.18ms
step:1140/3300 train_loss:3.61667 train_time:1380.747s step_avg:1211.18ms
step:1141/3300 train_loss:3.68072 train_time:1381.995s step_avg:1211.21ms
step:1142/3300 train_loss:3.62830 train_time:1383.198s step_avg:1211.21ms
step:1143/3300 train_loss:3.60378 train_time:1384.397s step_avg:1211.20ms
step:1144/3300 train_loss:3.61344 train_time:1385.598s step_avg:1211.19ms
step:1145/3300 train_loss:3.66061 train_time:1386.805s step_avg:1211.18ms
step:1146/3300 train_loss:3.70909 train_time:1388.027s step_avg:1211.19ms
step:1147/3300 train_loss:3.65157 train_time:1389.230s step_avg:1211.19ms
step:1148/3300 train_loss:3.69057 train_time:1390.431s step_avg:1211.18ms
step:1149/3300 train_loss:3.59787 train_time:1391.638s step_avg:1211.17ms
step:1150/3300 train_loss:3.58440 train_time:1392.841s step_avg:1211.17ms
step:1151/3300 train_loss:3.60495 train_time:1394.051s step_avg:1211.17ms
step:1152/3300 train_loss:3.68802 train_time:1395.255s step_avg:1211.16ms
step:1153/3300 train_loss:3.58755 train_time:1396.461s step_avg:1211.15ms
step:1154/3300 train_loss:3.62595 train_time:1397.653s step_avg:1211.14ms
step:1155/3300 train_loss:3.66749 train_time:1398.856s step_avg:1211.13ms
step:1156/3300 train_loss:3.65840 train_time:1400.083s step_avg:1211.14ms
step:1157/3300 train_loss:3.62341 train_time:1401.301s step_avg:1211.15ms
step:1158/3300 train_loss:3.66808 train_time:1402.493s step_avg:1211.13ms
step:1159/3300 train_loss:3.62561 train_time:1403.702s step_avg:1211.13ms
step:1160/3300 train_loss:3.59781 train_time:1404.897s step_avg:1211.12ms
step:1161/3300 train_loss:3.54194 train_time:1406.126s step_avg:1211.13ms
step:1162/3300 train_loss:3.64231 train_time:1407.325s step_avg:1211.12ms
step:1163/3300 train_loss:3.60823 train_time:1408.518s step_avg:1211.11ms
step:1164/3300 train_loss:3.58364 train_time:1409.717s step_avg:1211.10ms
step:1165/3300 train_loss:3.61742 train_time:1410.917s step_avg:1211.09ms
step:1166/3300 train_loss:3.63001 train_time:1412.140s step_avg:1211.10ms
step:1167/3300 train_loss:3.64049 train_time:1413.350s step_avg:1211.10ms
step:1168/3300 train_loss:3.63806 train_time:1414.551s step_avg:1211.09ms
step:1169/3300 train_loss:3.58368 train_time:1415.759s step_avg:1211.09ms
step:1170/3300 train_loss:3.64938 train_time:1416.953s step_avg:1211.07ms
step:1171/3300 train_loss:3.55418 train_time:1418.169s step_avg:1211.08ms
step:1172/3300 train_loss:3.61020 train_time:1419.370s step_avg:1211.07ms
step:1173/3300 train_loss:3.76483 train_time:1420.575s step_avg:1211.06ms
step:1174/3300 train_loss:3.59042 train_time:1421.804s step_avg:1211.08ms
step:1175/3300 train_loss:3.60506 train_time:1423.001s step_avg:1211.06ms
step:1176/3300 train_loss:3.56673 train_time:1424.213s step_avg:1211.07ms
step:1177/3300 train_loss:3.62027 train_time:1425.416s step_avg:1211.06ms
step:1178/3300 train_loss:3.59931 train_time:1426.632s step_avg:1211.06ms
step:1179/3300 train_loss:3.68632 train_time:1427.835s step_avg:1211.06ms
step:1180/3300 train_loss:3.60159 train_time:1429.041s step_avg:1211.05ms
step:1181/3300 train_loss:3.57732 train_time:1430.270s step_avg:1211.07ms
step:1182/3300 train_loss:3.61366 train_time:1431.479s step_avg:1211.06ms
step:1183/3300 train_loss:3.59855 train_time:1432.721s step_avg:1211.09ms
step:1184/3300 train_loss:3.58257 train_time:1433.917s step_avg:1211.08ms
step:1185/3300 train_loss:3.63630 train_time:1435.118s step_avg:1211.07ms
step:1186/3300 train_loss:3.55046 train_time:1436.334s step_avg:1211.07ms
step:1187/3300 train_loss:3.63781 train_time:1437.535s step_avg:1211.07ms
step:1188/3300 train_loss:3.61955 train_time:1438.739s step_avg:1211.06ms
step:1189/3300 train_loss:3.62131 train_time:1439.943s step_avg:1211.05ms
step:1190/3300 train_loss:3.62344 train_time:1441.140s step_avg:1211.04ms
step:1191/3300 train_loss:3.74426 train_time:1442.388s step_avg:1211.07ms
step:1192/3300 train_loss:3.69145 train_time:1443.583s step_avg:1211.06ms
step:1193/3300 train_loss:3.58520 train_time:1444.787s step_avg:1211.05ms
step:1194/3300 train_loss:3.61924 train_time:1446.002s step_avg:1211.06ms
step:1195/3300 train_loss:3.60718 train_time:1447.200s step_avg:1211.05ms
step:1196/3300 train_loss:3.60836 train_time:1448.417s step_avg:1211.05ms
step:1197/3300 train_loss:3.68876 train_time:1449.633s step_avg:1211.05ms
step:1198/3300 train_loss:3.63401 train_time:1450.840s step_avg:1211.05ms
step:1199/3300 train_loss:3.58982 train_time:1452.092s step_avg:1211.09ms
step:1200/3300 train_loss:3.59430 train_time:1453.291s step_avg:1211.08ms
step:1201/3300 train_loss:3.63267 train_time:1454.509s step_avg:1211.08ms
step:1202/3300 train_loss:3.63674 train_time:1455.747s step_avg:1211.10ms
step:1203/3300 train_loss:3.57157 train_time:1456.946s step_avg:1211.09ms
step:1204/3300 train_loss:3.63060 train_time:1458.144s step_avg:1211.08ms
step:1205/3300 train_loss:3.62895 train_time:1459.341s step_avg:1211.07ms
step:1206/3300 train_loss:3.55741 train_time:1460.572s step_avg:1211.09ms
step:1207/3300 train_loss:3.65868 train_time:1461.791s step_avg:1211.09ms
step:1208/3300 train_loss:3.59741 train_time:1462.990s step_avg:1211.08ms
step:1209/3300 train_loss:3.60417 train_time:1464.189s step_avg:1211.07ms
step:1210/3300 train_loss:3.58424 train_time:1465.406s step_avg:1211.08ms
step:1211/3300 train_loss:3.64851 train_time:1466.626s step_avg:1211.09ms
step:1212/3300 train_loss:3.57329 train_time:1467.825s step_avg:1211.08ms
step:1213/3300 train_loss:3.60121 train_time:1469.023s step_avg:1211.07ms
step:1214/3300 train_loss:3.56040 train_time:1470.226s step_avg:1211.06ms
step:1215/3300 train_loss:3.59942 train_time:1471.420s step_avg:1211.05ms
step:1216/3300 train_loss:3.58503 train_time:1472.636s step_avg:1211.05ms
step:1217/3300 train_loss:3.57941 train_time:1473.842s step_avg:1211.05ms
step:1218/3300 train_loss:3.58642 train_time:1475.062s step_avg:1211.05ms
step:1219/3300 train_loss:3.68427 train_time:1476.269s step_avg:1211.05ms
step:1220/3300 train_loss:3.63520 train_time:1477.462s step_avg:1211.03ms
step:1221/3300 train_loss:3.58598 train_time:1478.682s step_avg:1211.04ms
step:1222/3300 train_loss:3.64025 train_time:1479.893s step_avg:1211.04ms
step:1223/3300 train_loss:3.59151 train_time:1481.111s step_avg:1211.05ms
step:1224/3300 train_loss:3.61008 train_time:1482.329s step_avg:1211.05ms
step:1225/3300 train_loss:3.56583 train_time:1483.534s step_avg:1211.05ms
step:1226/3300 train_loss:3.61259 train_time:1484.761s step_avg:1211.06ms
step:1227/3300 train_loss:3.59803 train_time:1485.966s step_avg:1211.06ms
step:1228/3300 train_loss:3.57976 train_time:1487.165s step_avg:1211.05ms
step:1229/3300 train_loss:3.59695 train_time:1488.361s step_avg:1211.03ms
step:1230/3300 train_loss:3.56842 train_time:1489.564s step_avg:1211.03ms
step:1231/3300 train_loss:3.64920 train_time:1490.778s step_avg:1211.03ms
step:1232/3300 train_loss:3.60500 train_time:1491.982s step_avg:1211.02ms
step:1233/3300 train_loss:3.56608 train_time:1493.191s step_avg:1211.02ms
step:1234/3300 train_loss:3.63902 train_time:1494.395s step_avg:1211.02ms
step:1235/3300 train_loss:3.60206 train_time:1495.602s step_avg:1211.01ms
step:1236/3300 train_loss:3.61002 train_time:1496.831s step_avg:1211.03ms
step:1237/3300 train_loss:3.56238 train_time:1498.028s step_avg:1211.02ms
step:1238/3300 train_loss:3.55880 train_time:1499.223s step_avg:1211.00ms
step:1239/3300 train_loss:3.62115 train_time:1500.441s step_avg:1211.01ms
step:1240/3300 train_loss:3.55351 train_time:1501.644s step_avg:1211.00ms
step:1241/3300 train_loss:3.66288 train_time:1502.866s step_avg:1211.01ms
step:1242/3300 train_loss:3.68623 train_time:1504.066s step_avg:1211.00ms
step:1243/3300 train_loss:3.61963 train_time:1505.279s step_avg:1211.00ms
step:1244/3300 train_loss:3.58821 train_time:1506.499s step_avg:1211.01ms
step:1245/3300 train_loss:3.61196 train_time:1507.704s step_avg:1211.01ms
step:1246/3300 train_loss:3.55429 train_time:1508.920s step_avg:1211.01ms
step:1247/3300 train_loss:3.55977 train_time:1510.128s step_avg:1211.01ms
step:1248/3300 train_loss:3.62464 train_time:1511.322s step_avg:1211.00ms
step:1249/3300 train_loss:3.59070 train_time:1512.523s step_avg:1210.99ms
step:1250/3300 train_loss:3.53398 train_time:1513.726s step_avg:1210.98ms
step:1250/3300 val_loss:3.57667 train_time:1513.726s step_avg:1208.92ms
step:1251/3300 train_loss:3.56948 train_time:1514.953s step_avg:1210.99ms
step:1252/3300 train_loss:3.57826 train_time:1516.156s step_avg:1210.99ms
step:1253/3300 train_loss:3.60735 train_time:1517.423s step_avg:1211.03ms
step:1254/3300 train_loss:3.61977 train_time:1518.625s step_avg:1211.02ms
step:1255/3300 train_loss:3.61301 train_time:1519.828s step_avg:1211.02ms
step:1256/3300 train_loss:3.59698 train_time:1521.048s step_avg:1211.03ms
step:1257/3300 train_loss:3.56098 train_time:1522.282s step_avg:1211.04ms
step:1258/3300 train_loss:3.77859 train_time:1523.475s step_avg:1211.03ms
step:1259/3300 train_loss:3.60989 train_time:1524.679s step_avg:1211.02ms
step:1260/3300 train_loss:3.56276 train_time:1525.897s step_avg:1211.03ms
step:1261/3300 train_loss:3.59435 train_time:1527.120s step_avg:1211.04ms
step:1262/3300 train_loss:3.61983 train_time:1528.320s step_avg:1211.03ms
step:1263/3300 train_loss:3.59049 train_time:1529.517s step_avg:1211.02ms
step:1264/3300 train_loss:3.57528 train_time:1530.718s step_avg:1211.01ms
step:1265/3300 train_loss:3.60531 train_time:1531.934s step_avg:1211.01ms
step:1266/3300 train_loss:3.58994 train_time:1533.158s step_avg:1211.03ms
step:1267/3300 train_loss:3.52182 train_time:1534.357s step_avg:1211.02ms
step:1268/3300 train_loss:3.54869 train_time:1535.557s step_avg:1211.01ms
step:1269/3300 train_loss:3.56698 train_time:1536.755s step_avg:1211.00ms
step:1270/3300 train_loss:3.61277 train_time:1537.964s step_avg:1211.00ms
step:1271/3300 train_loss:3.57885 train_time:1539.176s step_avg:1211.00ms
step:1272/3300 train_loss:3.60655 train_time:1540.378s step_avg:1210.99ms
step:1273/3300 train_loss:3.61976 train_time:1541.579s step_avg:1210.98ms
step:1274/3300 train_loss:3.62963 train_time:1542.775s step_avg:1210.97ms
step:1275/3300 train_loss:3.54608 train_time:1543.979s step_avg:1210.96ms
step:1276/3300 train_loss:3.61368 train_time:1545.200s step_avg:1210.97ms
step:1277/3300 train_loss:3.55848 train_time:1546.397s step_avg:1210.96ms
step:1278/3300 train_loss:3.62928 train_time:1547.599s step_avg:1210.95ms
step:1279/3300 train_loss:3.57947 train_time:1548.808s step_avg:1210.95ms
step:1280/3300 train_loss:3.63305 train_time:1550.013s step_avg:1210.95ms
step:1281/3300 train_loss:3.60111 train_time:1551.225s step_avg:1210.95ms
step:1282/3300 train_loss:3.63879 train_time:1552.427s step_avg:1210.94ms
step:1283/3300 train_loss:3.52859 train_time:1553.630s step_avg:1210.94ms
step:1284/3300 train_loss:3.56584 train_time:1554.835s step_avg:1210.93ms
step:1285/3300 train_loss:3.58477 train_time:1556.053s step_avg:1210.94ms
step:1286/3300 train_loss:3.68933 train_time:1557.274s step_avg:1210.94ms
step:1287/3300 train_loss:3.60444 train_time:1558.484s step_avg:1210.94ms
step:1288/3300 train_loss:3.59085 train_time:1559.681s step_avg:1210.93ms
step:1289/3300 train_loss:3.56132 train_time:1560.881s step_avg:1210.92ms
step:1290/3300 train_loss:3.56636 train_time:1562.079s step_avg:1210.91ms
step:1291/3300 train_loss:3.57936 train_time:1563.294s step_avg:1210.92ms
step:1292/3300 train_loss:3.63724 train_time:1564.511s step_avg:1210.92ms
step:1293/3300 train_loss:3.62051 train_time:1565.714s step_avg:1210.92ms
step:1294/3300 train_loss:3.58461 train_time:1566.915s step_avg:1210.91ms
step:1295/3300 train_loss:3.62256 train_time:1568.121s step_avg:1210.90ms
step:1296/3300 train_loss:3.65487 train_time:1569.332s step_avg:1210.90ms
step:1297/3300 train_loss:3.54711 train_time:1570.536s step_avg:1210.90ms
step:1298/3300 train_loss:3.63635 train_time:1571.739s step_avg:1210.89ms
step:1299/3300 train_loss:3.56610 train_time:1572.986s step_avg:1210.92ms
step:1300/3300 train_loss:3.60676 train_time:1574.235s step_avg:1210.95ms
step:1301/3300 train_loss:3.62116 train_time:1575.454s step_avg:1210.96ms
step:1302/3300 train_loss:3.62228 train_time:1576.657s step_avg:1210.95ms
step:1303/3300 train_loss:3.61252 train_time:1577.859s step_avg:1210.94ms
step:1304/3300 train_loss:3.58644 train_time:1579.061s step_avg:1210.94ms
step:1305/3300 train_loss:3.53727 train_time:1580.264s step_avg:1210.93ms
step:1306/3300 train_loss:3.58682 train_time:1581.473s step_avg:1210.93ms
step:1307/3300 train_loss:3.53641 train_time:1582.673s step_avg:1210.92ms
step:1308/3300 train_loss:3.56704 train_time:1583.875s step_avg:1210.91ms
step:1309/3300 train_loss:3.65810 train_time:1585.077s step_avg:1210.91ms
step:1310/3300 train_loss:3.52066 train_time:1586.279s step_avg:1210.90ms
step:1311/3300 train_loss:3.58073 train_time:1587.494s step_avg:1210.90ms
step:1312/3300 train_loss:3.57913 train_time:1588.707s step_avg:1210.90ms
step:1313/3300 train_loss:3.55890 train_time:1589.899s step_avg:1210.89ms
step:1314/3300 train_loss:3.48745 train_time:1591.103s step_avg:1210.89ms
step:1315/3300 train_loss:3.64074 train_time:1592.304s step_avg:1210.88ms
step:1316/3300 train_loss:3.64398 train_time:1593.516s step_avg:1210.88ms
step:1317/3300 train_loss:3.58022 train_time:1594.724s step_avg:1210.88ms
step:1318/3300 train_loss:3.56321 train_time:1595.919s step_avg:1210.86ms
step:1319/3300 train_loss:3.66163 train_time:1597.122s step_avg:1210.86ms
step:1320/3300 train_loss:3.61253 train_time:1598.323s step_avg:1210.85ms
step:1321/3300 train_loss:3.71771 train_time:1599.536s step_avg:1210.85ms
step:1322/3300 train_loss:3.56485 train_time:1600.737s step_avg:1210.84ms
step:1323/3300 train_loss:3.62689 train_time:1601.962s step_avg:1210.86ms
step:1324/3300 train_loss:3.63650 train_time:1603.167s step_avg:1210.85ms
step:1325/3300 train_loss:3.55114 train_time:1604.371s step_avg:1210.85ms
step:1326/3300 train_loss:3.55177 train_time:1605.585s step_avg:1210.85ms
step:1327/3300 train_loss:3.59454 train_time:1606.780s step_avg:1210.84ms
step:1328/3300 train_loss:3.49170 train_time:1607.993s step_avg:1210.84ms
step:1329/3300 train_loss:3.59989 train_time:1609.198s step_avg:1210.83ms
step:1330/3300 train_loss:3.62252 train_time:1610.401s step_avg:1210.83ms
step:1331/3300 train_loss:3.60860 train_time:1611.636s step_avg:1210.85ms
step:1332/3300 train_loss:3.67476 train_time:1612.852s step_avg:1210.85ms
step:1333/3300 train_loss:3.60310 train_time:1614.060s step_avg:1210.85ms
step:1334/3300 train_loss:3.60391 train_time:1615.300s step_avg:1210.87ms
step:1335/3300 train_loss:3.65061 train_time:1616.503s step_avg:1210.86ms
step:1336/3300 train_loss:3.59784 train_time:1617.716s step_avg:1210.87ms
step:1337/3300 train_loss:3.60363 train_time:1618.924s step_avg:1210.86ms
step:1338/3300 train_loss:3.58792 train_time:1620.125s step_avg:1210.86ms
step:1339/3300 train_loss:3.57854 train_time:1621.328s step_avg:1210.85ms
step:1340/3300 train_loss:3.59808 train_time:1622.524s step_avg:1210.84ms
step:1341/3300 train_loss:3.60447 train_time:1623.738s step_avg:1210.84ms
step:1342/3300 train_loss:3.67166 train_time:1624.942s step_avg:1210.84ms
step:1343/3300 train_loss:3.61435 train_time:1626.144s step_avg:1210.83ms
step:1344/3300 train_loss:3.56604 train_time:1627.345s step_avg:1210.82ms
step:1345/3300 train_loss:3.49559 train_time:1628.551s step_avg:1210.82ms
step:1346/3300 train_loss:3.56968 train_time:1629.764s step_avg:1210.82ms
step:1347/3300 train_loss:3.59710 train_time:1630.963s step_avg:1210.81ms
step:1348/3300 train_loss:3.58851 train_time:1632.171s step_avg:1210.81ms
step:1349/3300 train_loss:3.56904 train_time:1633.394s step_avg:1210.82ms
step:1350/3300 train_loss:3.59328 train_time:1634.593s step_avg:1210.81ms
step:1351/3300 train_loss:3.62287 train_time:1635.798s step_avg:1210.81ms
step:1352/3300 train_loss:3.54745 train_time:1636.999s step_avg:1210.80ms
step:1353/3300 train_loss:3.58938 train_time:1638.212s step_avg:1210.80ms
step:1354/3300 train_loss:3.57201 train_time:1639.414s step_avg:1210.79ms
step:1355/3300 train_loss:3.51467 train_time:1640.615s step_avg:1210.79ms
step:1356/3300 train_loss:3.61481 train_time:1641.831s step_avg:1210.79ms
step:1357/3300 train_loss:3.76380 train_time:1643.036s step_avg:1210.79ms
step:1358/3300 train_loss:3.59276 train_time:1644.238s step_avg:1210.78ms
step:1359/3300 train_loss:3.52034 train_time:1645.442s step_avg:1210.77ms
step:1360/3300 train_loss:3.55451 train_time:1646.646s step_avg:1210.77ms
step:1361/3300 train_loss:3.52815 train_time:1647.865s step_avg:1210.77ms
step:1362/3300 train_loss:3.57287 train_time:1649.070s step_avg:1210.77ms
step:1363/3300 train_loss:3.51910 train_time:1650.266s step_avg:1210.76ms
step:1364/3300 train_loss:3.53329 train_time:1651.467s step_avg:1210.75ms
step:1365/3300 train_loss:3.57241 train_time:1652.672s step_avg:1210.75ms
step:1366/3300 train_loss:3.59460 train_time:1653.885s step_avg:1210.75ms
step:1367/3300 train_loss:3.57496 train_time:1655.150s step_avg:1210.79ms
step:1368/3300 train_loss:3.64019 train_time:1656.346s step_avg:1210.78ms
step:1369/3300 train_loss:3.57779 train_time:1657.551s step_avg:1210.77ms
step:1370/3300 train_loss:3.64884 train_time:1658.754s step_avg:1210.77ms
step:1371/3300 train_loss:3.56705 train_time:1659.976s step_avg:1210.78ms
step:1372/3300 train_loss:3.61316 train_time:1661.178s step_avg:1210.77ms
step:1373/3300 train_loss:3.58750 train_time:1662.400s step_avg:1210.78ms
step:1374/3300 train_loss:3.55105 train_time:1663.615s step_avg:1210.78ms
step:1375/3300 train_loss:3.57503 train_time:1664.824s step_avg:1210.78ms
step:1375/3300 val_loss:3.55011 train_time:1664.824s step_avg:1208.78ms
step:1376/3300 train_loss:3.61129 train_time:1666.042s step_avg:1210.79ms
step:1377/3300 train_loss:3.56591 train_time:1667.249s step_avg:1210.78ms
step:1378/3300 train_loss:3.59590 train_time:1668.449s step_avg:1210.78ms
step:1379/3300 train_loss:3.51293 train_time:1669.661s step_avg:1210.78ms
step:1380/3300 train_loss:3.50704 train_time:1670.867s step_avg:1210.77ms
step:1381/3300 train_loss:3.62309 train_time:1672.092s step_avg:1210.78ms
step:1382/3300 train_loss:3.57647 train_time:1673.289s step_avg:1210.77ms
step:1383/3300 train_loss:3.57772 train_time:1674.499s step_avg:1210.77ms
step:1384/3300 train_loss:3.55009 train_time:1675.696s step_avg:1210.76ms
step:1385/3300 train_loss:3.52853 train_time:1676.892s step_avg:1210.75ms
step:1386/3300 train_loss:3.59139 train_time:1678.115s step_avg:1210.76ms
step:1387/3300 train_loss:3.58252 train_time:1679.317s step_avg:1210.76ms
step:1388/3300 train_loss:3.56682 train_time:1680.514s step_avg:1210.75ms
step:1389/3300 train_loss:3.59739 train_time:1681.711s step_avg:1210.74ms
step:1390/3300 train_loss:3.58065 train_time:1682.914s step_avg:1210.73ms
step:1391/3300 train_loss:3.62051 train_time:1684.124s step_avg:1210.73ms
step:1392/3300 train_loss:3.56893 train_time:1685.339s step_avg:1210.73ms
step:1393/3300 train_loss:3.57435 train_time:1686.537s step_avg:1210.72ms
step:1394/3300 train_loss:3.62042 train_time:1687.746s step_avg:1210.72ms
step:1395/3300 train_loss:3.57539 train_time:1688.949s step_avg:1210.72ms
step:1396/3300 train_loss:3.57445 train_time:1690.165s step_avg:1210.72ms
step:1397/3300 train_loss:3.54367 train_time:1691.369s step_avg:1210.71ms
step:1398/3300 train_loss:3.54949 train_time:1692.573s step_avg:1210.71ms
step:1399/3300 train_loss:3.53121 train_time:1693.772s step_avg:1210.70ms
step:1400/3300 train_loss:3.57461 train_time:1694.981s step_avg:1210.70ms
step:1401/3300 train_loss:3.52773 train_time:1696.205s step_avg:1210.71ms
step:1402/3300 train_loss:3.56343 train_time:1697.405s step_avg:1210.70ms
step:1403/3300 train_loss:3.59900 train_time:1698.605s step_avg:1210.70ms
step:1404/3300 train_loss:3.55080 train_time:1699.809s step_avg:1210.69ms
step:1405/3300 train_loss:3.51476 train_time:1701.020s step_avg:1210.69ms
step:1406/3300 train_loss:3.55936 train_time:1702.226s step_avg:1210.69ms
step:1407/3300 train_loss:3.57833 train_time:1703.429s step_avg:1210.68ms
step:1408/3300 train_loss:3.63223 train_time:1704.656s step_avg:1210.69ms
step:1409/3300 train_loss:3.56341 train_time:1705.849s step_avg:1210.68ms
step:1410/3300 train_loss:3.57598 train_time:1707.059s step_avg:1210.68ms
step:1411/3300 train_loss:3.56950 train_time:1708.272s step_avg:1210.68ms
step:1412/3300 train_loss:3.59746 train_time:1709.470s step_avg:1210.67ms
step:1413/3300 train_loss:3.57054 train_time:1710.669s step_avg:1210.66ms
step:1414/3300 train_loss:3.50635 train_time:1711.872s step_avg:1210.66ms
step:1415/3300 train_loss:3.56884 train_time:1713.070s step_avg:1210.65ms
step:1416/3300 train_loss:3.54654 train_time:1714.309s step_avg:1210.67ms
step:1417/3300 train_loss:3.56522 train_time:1715.511s step_avg:1210.66ms
step:1418/3300 train_loss:3.57801 train_time:1716.766s step_avg:1210.70ms
step:1419/3300 train_loss:3.67462 train_time:1717.981s step_avg:1210.70ms
step:1420/3300 train_loss:3.57037 train_time:1719.176s step_avg:1210.69ms
step:1421/3300 train_loss:3.52721 train_time:1720.401s step_avg:1210.70ms
step:1422/3300 train_loss:3.54912 train_time:1721.611s step_avg:1210.70ms
step:1423/3300 train_loss:3.53024 train_time:1722.812s step_avg:1210.69ms
step:1424/3300 train_loss:3.54852 train_time:1724.012s step_avg:1210.68ms
step:1425/3300 train_loss:3.52773 train_time:1725.219s step_avg:1210.68ms
step:1426/3300 train_loss:3.56999 train_time:1726.429s step_avg:1210.68ms
step:1427/3300 train_loss:3.55612 train_time:1727.637s step_avg:1210.68ms
step:1428/3300 train_loss:3.56301 train_time:1728.835s step_avg:1210.67ms
step:1429/3300 train_loss:3.57626 train_time:1730.034s step_avg:1210.66ms
step:1430/3300 train_loss:3.51066 train_time:1731.235s step_avg:1210.65ms
step:1431/3300 train_loss:3.51490 train_time:1732.450s step_avg:1210.66ms
step:1432/3300 train_loss:3.58528 train_time:1733.654s step_avg:1210.65ms
step:1433/3300 train_loss:3.50527 train_time:1734.857s step_avg:1210.65ms
step:1434/3300 train_loss:3.51797 train_time:1736.055s step_avg:1210.64ms
step:1435/3300 train_loss:3.51428 train_time:1737.255s step_avg:1210.63ms
step:1436/3300 train_loss:3.49845 train_time:1738.468s step_avg:1210.63ms
step:1437/3300 train_loss:3.63582 train_time:1739.672s step_avg:1210.63ms
step:1438/3300 train_loss:3.58336 train_time:1740.870s step_avg:1210.62ms
step:1439/3300 train_loss:3.53359 train_time:1742.072s step_avg:1210.61ms
step:1440/3300 train_loss:3.47682 train_time:1743.272s step_avg:1210.61ms
step:1441/3300 train_loss:3.52482 train_time:1744.518s step_avg:1210.63ms
step:1442/3300 train_loss:3.53196 train_time:1745.720s step_avg:1210.62ms
step:1443/3300 train_loss:3.56625 train_time:1746.917s step_avg:1210.61ms
step:1444/3300 train_loss:3.54516 train_time:1748.127s step_avg:1210.61ms
step:1445/3300 train_loss:3.54311 train_time:1749.335s step_avg:1210.61ms
step:1446/3300 train_loss:3.58348 train_time:1750.553s step_avg:1210.62ms
step:1447/3300 train_loss:3.51403 train_time:1751.757s step_avg:1210.61ms
step:1448/3300 train_loss:3.52992 train_time:1752.961s step_avg:1210.61ms
step:1449/3300 train_loss:3.54613 train_time:1754.160s step_avg:1210.60ms
step:1450/3300 train_loss:3.55253 train_time:1755.364s step_avg:1210.60ms
step:1451/3300 train_loss:3.49380 train_time:1756.574s step_avg:1210.60ms
step:1452/3300 train_loss:3.53543 train_time:1757.777s step_avg:1210.59ms
step:1453/3300 train_loss:3.48645 train_time:1758.978s step_avg:1210.58ms
step:1454/3300 train_loss:3.59756 train_time:1760.180s step_avg:1210.58ms
step:1455/3300 train_loss:3.57649 train_time:1761.384s step_avg:1210.57ms
step:1456/3300 train_loss:3.51986 train_time:1762.595s step_avg:1210.57ms
step:1457/3300 train_loss:3.55272 train_time:1763.801s step_avg:1210.57ms
step:1458/3300 train_loss:3.57632 train_time:1764.998s step_avg:1210.56ms
step:1459/3300 train_loss:3.57466 train_time:1766.199s step_avg:1210.55ms
step:1460/3300 train_loss:3.50011 train_time:1767.400s step_avg:1210.55ms
step:1461/3300 train_loss:3.53801 train_time:1768.616s step_avg:1210.55ms
step:1462/3300 train_loss:3.47618 train_time:1769.814s step_avg:1210.54ms
step:1463/3300 train_loss:3.62241 train_time:1771.017s step_avg:1210.54ms
step:1464/3300 train_loss:3.53930 train_time:1772.219s step_avg:1210.53ms
step:1465/3300 train_loss:3.53863 train_time:1773.420s step_avg:1210.53ms
step:1466/3300 train_loss:3.54471 train_time:1774.684s step_avg:1210.56ms
step:1467/3300 train_loss:3.51519 train_time:1775.879s step_avg:1210.55ms
step:1468/3300 train_loss:3.52946 train_time:1777.081s step_avg:1210.55ms
step:1469/3300 train_loss:3.53677 train_time:1778.281s step_avg:1210.54ms
step:1470/3300 train_loss:3.45555 train_time:1779.481s step_avg:1210.53ms
step:1471/3300 train_loss:3.50249 train_time:1780.694s step_avg:1210.53ms
step:1472/3300 train_loss:3.58890 train_time:1781.898s step_avg:1210.53ms
step:1473/3300 train_loss:3.56697 train_time:1783.098s step_avg:1210.52ms
step:1474/3300 train_loss:3.52441 train_time:1784.302s step_avg:1210.52ms
step:1475/3300 train_loss:3.50210 train_time:1785.515s step_avg:1210.52ms
step:1476/3300 train_loss:3.53263 train_time:1786.732s step_avg:1210.52ms
step:1477/3300 train_loss:3.48468 train_time:1787.932s step_avg:1210.52ms
step:1478/3300 train_loss:3.53465 train_time:1789.130s step_avg:1210.51ms
step:1479/3300 train_loss:3.57315 train_time:1790.332s step_avg:1210.50ms
step:1480/3300 train_loss:3.56781 train_time:1791.534s step_avg:1210.50ms
step:1481/3300 train_loss:3.59564 train_time:1792.746s step_avg:1210.50ms
step:1482/3300 train_loss:3.53056 train_time:1793.940s step_avg:1210.49ms
step:1483/3300 train_loss:3.52427 train_time:1795.155s step_avg:1210.49ms
step:1484/3300 train_loss:3.52134 train_time:1796.357s step_avg:1210.48ms
step:1485/3300 train_loss:3.50658 train_time:1797.564s step_avg:1210.48ms
step:1486/3300 train_loss:3.55054 train_time:1798.779s step_avg:1210.48ms
step:1487/3300 train_loss:3.59157 train_time:1799.984s step_avg:1210.48ms
step:1488/3300 train_loss:3.52710 train_time:1801.192s step_avg:1210.48ms
step:1489/3300 train_loss:3.51905 train_time:1802.394s step_avg:1210.47ms
step:1490/3300 train_loss:3.54268 train_time:1803.600s step_avg:1210.47ms
step:1491/3300 train_loss:3.51970 train_time:1804.818s step_avg:1210.47ms
step:1492/3300 train_loss:3.45975 train_time:1806.022s step_avg:1210.47ms
step:1493/3300 train_loss:3.58449 train_time:1807.223s step_avg:1210.46ms
step:1494/3300 train_loss:3.49304 train_time:1808.425s step_avg:1210.46ms
step:1495/3300 train_loss:3.47227 train_time:1809.632s step_avg:1210.46ms
step:1496/3300 train_loss:3.50112 train_time:1810.854s step_avg:1210.46ms
step:1497/3300 train_loss:3.54695 train_time:1812.055s step_avg:1210.46ms
step:1498/3300 train_loss:3.47983 train_time:1813.258s step_avg:1210.45ms
step:1499/3300 train_loss:3.51073 train_time:1814.472s step_avg:1210.45ms
step:1500/3300 train_loss:3.55819 train_time:1815.678s step_avg:1210.45ms
step:1500/3300 val_loss:3.52070 train_time:1815.678s step_avg:1206.83ms
step:1501/3300 train_loss:3.42817 train_time:1816.899s step_avg:1210.46ms
step:1502/3300 train_loss:3.48163 train_time:1818.115s step_avg:1210.46ms
step:1503/3300 train_loss:3.46356 train_time:1819.330s step_avg:1210.47ms
step:1504/3300 train_loss:3.50252 train_time:1820.560s step_avg:1210.48ms
step:1505/3300 train_loss:3.49420 train_time:1821.790s step_avg:1210.49ms
step:1506/3300 train_loss:3.51827 train_time:1823.000s step_avg:1210.49ms
step:1507/3300 train_loss:3.46276 train_time:1824.202s step_avg:1210.49ms
step:1508/3300 train_loss:3.52960 train_time:1825.432s step_avg:1210.50ms
step:1509/3300 train_loss:3.52993 train_time:1826.654s step_avg:1210.51ms
step:1510/3300 train_loss:3.50102 train_time:1827.848s step_avg:1210.50ms
step:1511/3300 train_loss:3.56274 train_time:1829.064s step_avg:1210.50ms
step:1512/3300 train_loss:3.51723 train_time:1830.266s step_avg:1210.49ms
step:1513/3300 train_loss:3.51550 train_time:1831.462s step_avg:1210.48ms
step:1514/3300 train_loss:3.59313 train_time:1832.666s step_avg:1210.48ms
step:1515/3300 train_loss:3.53125 train_time:1833.890s step_avg:1210.49ms
step:1516/3300 train_loss:3.58747 train_time:1835.101s step_avg:1210.49ms
step:1517/3300 train_loss:3.49409 train_time:1836.305s step_avg:1210.48ms
step:1518/3300 train_loss:3.52704 train_time:1837.514s step_avg:1210.48ms
step:1519/3300 train_loss:3.57588 train_time:1838.730s step_avg:1210.49ms
step:1520/3300 train_loss:3.45448 train_time:1839.930s step_avg:1210.48ms
step:1521/3300 train_loss:3.51116 train_time:1841.175s step_avg:1210.50ms
step:1522/3300 train_loss:3.50610 train_time:1842.387s step_avg:1210.50ms
step:1523/3300 train_loss:3.54210 train_time:1843.600s step_avg:1210.51ms
step:1524/3300 train_loss:3.55720 train_time:1844.805s step_avg:1210.50ms
step:1525/3300 train_loss:3.56449 train_time:1846.011s step_avg:1210.50ms
step:1526/3300 train_loss:3.54884 train_time:1847.225s step_avg:1210.50ms
step:1527/3300 train_loss:3.48170 train_time:1848.428s step_avg:1210.50ms
step:1528/3300 train_loss:3.58829 train_time:1849.627s step_avg:1210.49ms
step:1529/3300 train_loss:3.51789 train_time:1850.833s step_avg:1210.49ms
step:1530/3300 train_loss:3.51589 train_time:1852.026s step_avg:1210.47ms
step:1531/3300 train_loss:3.52881 train_time:1853.241s step_avg:1210.48ms
step:1532/3300 train_loss:3.56666 train_time:1854.443s step_avg:1210.47ms
step:1533/3300 train_loss:3.55316 train_time:1855.644s step_avg:1210.47ms
step:1534/3300 train_loss:3.52099 train_time:1856.864s step_avg:1210.47ms
step:1535/3300 train_loss:3.52803 train_time:1858.075s step_avg:1210.47ms
step:1536/3300 train_loss:3.49154 train_time:1859.296s step_avg:1210.48ms
step:1537/3300 train_loss:3.57481 train_time:1860.501s step_avg:1210.48ms
step:1538/3300 train_loss:3.53127 train_time:1861.706s step_avg:1210.47ms
step:1539/3300 train_loss:3.63183 train_time:1862.907s step_avg:1210.47ms
step:1540/3300 train_loss:3.48624 train_time:1864.108s step_avg:1210.46ms
step:1541/3300 train_loss:3.48673 train_time:1865.322s step_avg:1210.46ms
step:1542/3300 train_loss:3.50654 train_time:1866.527s step_avg:1210.46ms
step:1543/3300 train_loss:3.52853 train_time:1867.734s step_avg:1210.46ms
step:1544/3300 train_loss:3.49379 train_time:1868.931s step_avg:1210.45ms
step:1545/3300 train_loss:3.54858 train_time:1870.137s step_avg:1210.44ms
step:1546/3300 train_loss:3.52732 train_time:1871.348s step_avg:1210.45ms
step:1547/3300 train_loss:3.52904 train_time:1872.554s step_avg:1210.44ms
step:1548/3300 train_loss:3.54966 train_time:1873.746s step_avg:1210.43ms
step:1549/3300 train_loss:3.54255 train_time:1874.955s step_avg:1210.43ms
step:1550/3300 train_loss:3.54344 train_time:1876.152s step_avg:1210.42ms
step:1551/3300 train_loss:3.49072 train_time:1877.382s step_avg:1210.43ms
step:1552/3300 train_loss:3.53977 train_time:1878.584s step_avg:1210.43ms
step:1553/3300 train_loss:3.53704 train_time:1879.784s step_avg:1210.42ms
step:1554/3300 train_loss:3.52418 train_time:1881.016s step_avg:1210.43ms
step:1555/3300 train_loss:3.52660 train_time:1882.216s step_avg:1210.43ms
step:1556/3300 train_loss:3.55687 train_time:1883.439s step_avg:1210.44ms
step:1557/3300 train_loss:3.52092 train_time:1884.633s step_avg:1210.43ms
step:1558/3300 train_loss:3.40203 train_time:1885.830s step_avg:1210.42ms
step:1559/3300 train_loss:3.51848 train_time:1887.046s step_avg:1210.42ms
step:1560/3300 train_loss:3.51403 train_time:1888.267s step_avg:1210.43ms
step:1561/3300 train_loss:3.60693 train_time:1889.501s step_avg:1210.44ms
step:1562/3300 train_loss:3.55011 train_time:1890.705s step_avg:1210.44ms
step:1563/3300 train_loss:3.53316 train_time:1891.907s step_avg:1210.43ms
step:1564/3300 train_loss:3.44866 train_time:1893.141s step_avg:1210.45ms
step:1565/3300 train_loss:3.50784 train_time:1894.343s step_avg:1210.44ms
step:1566/3300 train_loss:3.50898 train_time:1895.558s step_avg:1210.45ms
step:1567/3300 train_loss:3.49009 train_time:1896.769s step_avg:1210.45ms
step:1568/3300 train_loss:3.51764 train_time:1898.019s step_avg:1210.47ms
step:1569/3300 train_loss:3.55419 train_time:1899.247s step_avg:1210.48ms
step:1570/3300 train_loss:3.48502 train_time:1900.476s step_avg:1210.49ms
step:1571/3300 train_loss:3.47012 train_time:1901.709s step_avg:1210.51ms
step:1572/3300 train_loss:3.49230 train_time:1902.930s step_avg:1210.52ms
step:1573/3300 train_loss:3.51901 train_time:1904.130s step_avg:1210.51ms
step:1574/3300 train_loss:3.50005 train_time:1905.332s step_avg:1210.50ms
step:1575/3300 train_loss:3.55127 train_time:1906.547s step_avg:1210.51ms
step:1576/3300 train_loss:3.57383 train_time:1907.803s step_avg:1210.54ms
step:1577/3300 train_loss:3.54983 train_time:1909.022s step_avg:1210.54ms
step:1578/3300 train_loss:3.54172 train_time:1910.233s step_avg:1210.54ms
step:1579/3300 train_loss:3.47382 train_time:1911.432s step_avg:1210.53ms
step:1580/3300 train_loss:3.42336 train_time:1912.632s step_avg:1210.53ms
step:1581/3300 train_loss:3.58656 train_time:1913.847s step_avg:1210.53ms
step:1582/3300 train_loss:3.47855 train_time:1915.049s step_avg:1210.52ms
step:1583/3300 train_loss:3.52045 train_time:1916.249s step_avg:1210.52ms
step:1584/3300 train_loss:3.49464 train_time:1917.450s step_avg:1210.51ms
step:1585/3300 train_loss:3.51513 train_time:1918.653s step_avg:1210.51ms
step:1586/3300 train_loss:3.46004 train_time:1919.872s step_avg:1210.51ms
step:1587/3300 train_loss:3.48749 train_time:1921.070s step_avg:1210.50ms
step:1588/3300 train_loss:3.48971 train_time:1922.272s step_avg:1210.50ms
step:1589/3300 train_loss:3.50748 train_time:1923.486s step_avg:1210.50ms
step:1590/3300 train_loss:3.50523 train_time:1924.685s step_avg:1210.49ms
step:1591/3300 train_loss:3.49304 train_time:1925.903s step_avg:1210.50ms
step:1592/3300 train_loss:3.47069 train_time:1927.104s step_avg:1210.49ms
step:1593/3300 train_loss:3.49795 train_time:1928.305s step_avg:1210.49ms
step:1594/3300 train_loss:3.52349 train_time:1929.511s step_avg:1210.48ms
step:1595/3300 train_loss:3.51231 train_time:1930.712s step_avg:1210.48ms
step:1596/3300 train_loss:3.44614 train_time:1931.966s step_avg:1210.50ms
step:1597/3300 train_loss:3.46808 train_time:1933.169s step_avg:1210.50ms
step:1598/3300 train_loss:3.63419 train_time:1934.371s step_avg:1210.49ms
step:1599/3300 train_loss:3.49585 train_time:1935.574s step_avg:1210.49ms
step:1600/3300 train_loss:3.48791 train_time:1936.775s step_avg:1210.48ms
step:1601/3300 train_loss:3.54621 train_time:1937.991s step_avg:1210.49ms
step:1602/3300 train_loss:3.54947 train_time:1939.202s step_avg:1210.49ms
step:1603/3300 train_loss:3.50236 train_time:1940.404s step_avg:1210.48ms
step:1604/3300 train_loss:3.46973 train_time:1941.615s step_avg:1210.48ms
step:1605/3300 train_loss:3.52772 train_time:1942.818s step_avg:1210.48ms
step:1606/3300 train_loss:3.57052 train_time:1944.029s step_avg:1210.48ms
step:1607/3300 train_loss:3.45600 train_time:1945.232s step_avg:1210.47ms
step:1608/3300 train_loss:3.45402 train_time:1946.432s step_avg:1210.47ms
step:1609/3300 train_loss:3.51718 train_time:1947.640s step_avg:1210.47ms
step:1610/3300 train_loss:3.54624 train_time:1948.836s step_avg:1210.46ms
step:1611/3300 train_loss:3.55126 train_time:1950.055s step_avg:1210.46ms
step:1612/3300 train_loss:3.50872 train_time:1951.257s step_avg:1210.46ms
step:1613/3300 train_loss:3.49898 train_time:1952.462s step_avg:1210.45ms
step:1614/3300 train_loss:3.63217 train_time:1953.660s step_avg:1210.45ms
step:1615/3300 train_loss:3.56172 train_time:1954.857s step_avg:1210.44ms
step:1616/3300 train_loss:3.52519 train_time:1956.068s step_avg:1210.44ms
step:1617/3300 train_loss:3.46642 train_time:1957.289s step_avg:1210.44ms
step:1618/3300 train_loss:3.52983 train_time:1958.489s step_avg:1210.44ms
step:1619/3300 train_loss:3.43413 train_time:1959.701s step_avg:1210.44ms
step:1620/3300 train_loss:3.57890 train_time:1960.910s step_avg:1210.44ms
step:1621/3300 train_loss:3.48982 train_time:1962.144s step_avg:1210.45ms
step:1622/3300 train_loss:3.48335 train_time:1963.347s step_avg:1210.45ms
step:1623/3300 train_loss:3.45099 train_time:1964.552s step_avg:1210.45ms
step:1624/3300 train_loss:3.50993 train_time:1965.756s step_avg:1210.44ms
step:1625/3300 train_loss:3.51272 train_time:1966.970s step_avg:1210.44ms
step:1625/3300 val_loss:3.50153 train_time:1966.970s step_avg:1210.33ms
step:1626/3300 train_loss:3.50879 train_time:1968.187s step_avg:1210.45ms
step:1627/3300 train_loss:3.51143 train_time:1969.393s step_avg:1210.44ms
step:1628/3300 train_loss:3.44961 train_time:1970.602s step_avg:1210.44ms
step:1629/3300 train_loss:3.53602 train_time:1971.835s step_avg:1210.46ms
step:1630/3300 train_loss:3.52041 train_time:1973.032s step_avg:1210.45ms
step:1631/3300 train_loss:3.44307 train_time:1974.271s step_avg:1210.47ms
step:1632/3300 train_loss:3.50564 train_time:1975.472s step_avg:1210.46ms
step:1633/3300 train_loss:3.55849 train_time:1976.673s step_avg:1210.45ms
step:1634/3300 train_loss:3.54162 train_time:1977.874s step_avg:1210.45ms
step:1635/3300 train_loss:3.50121 train_time:1979.085s step_avg:1210.45ms
step:1636/3300 train_loss:3.51115 train_time:1980.314s step_avg:1210.46ms
step:1637/3300 train_loss:3.58244 train_time:1981.528s step_avg:1210.46ms
step:1638/3300 train_loss:3.48031 train_time:1982.744s step_avg:1210.47ms
step:1639/3300 train_loss:3.51680 train_time:1983.944s step_avg:1210.46ms
step:1640/3300 train_loss:3.49144 train_time:1985.157s step_avg:1210.46ms
step:1641/3300 train_loss:3.48740 train_time:1986.374s step_avg:1210.47ms
step:1642/3300 train_loss:3.53850 train_time:1987.583s step_avg:1210.46ms
step:1643/3300 train_loss:3.49736 train_time:1988.793s step_avg:1210.46ms
step:1644/3300 train_loss:3.48137 train_time:1990.013s step_avg:1210.47ms
step:1645/3300 train_loss:3.48146 train_time:1991.230s step_avg:1210.47ms
step:1646/3300 train_loss:3.46662 train_time:1992.472s step_avg:1210.49ms
step:1647/3300 train_loss:3.53426 train_time:1993.671s step_avg:1210.49ms
step:1648/3300 train_loss:3.53784 train_time:1994.874s step_avg:1210.48ms
step:1649/3300 train_loss:3.53569 train_time:1996.074s step_avg:1210.48ms
step:1650/3300 train_loss:3.50355 train_time:1997.277s step_avg:1210.47ms
step:1651/3300 train_loss:3.50318 train_time:1998.487s step_avg:1210.47ms
step:1652/3300 train_loss:3.46888 train_time:1999.689s step_avg:1210.47ms
step:1653/3300 train_loss:3.49921 train_time:2000.888s step_avg:1210.46ms
step:1654/3300 train_loss:3.50669 train_time:2002.088s step_avg:1210.45ms
step:1655/3300 train_loss:3.49794 train_time:2003.285s step_avg:1210.44ms
step:1656/3300 train_loss:3.55482 train_time:2004.492s step_avg:1210.44ms
step:1657/3300 train_loss:3.49241 train_time:2005.699s step_avg:1210.44ms
step:1658/3300 train_loss:3.49047 train_time:2006.898s step_avg:1210.43ms
step:1659/3300 train_loss:3.51271 train_time:2008.098s step_avg:1210.43ms
step:1660/3300 train_loss:3.57871 train_time:2009.302s step_avg:1210.42ms
step:1661/3300 train_loss:3.48334 train_time:2010.510s step_avg:1210.42ms
step:1662/3300 train_loss:3.51582 train_time:2011.717s step_avg:1210.42ms
step:1663/3300 train_loss:3.54087 train_time:2012.919s step_avg:1210.41ms
step:1664/3300 train_loss:3.47555 train_time:2014.117s step_avg:1210.41ms
step:1665/3300 train_loss:3.49992 train_time:2015.352s step_avg:1210.42ms
step:1666/3300 train_loss:3.51822 train_time:2016.636s step_avg:1210.47ms
step:1667/3300 train_loss:3.53695 train_time:2017.834s step_avg:1210.46ms
step:1668/3300 train_loss:3.47265 train_time:2019.034s step_avg:1210.45ms
step:1669/3300 train_loss:3.54603 train_time:2020.239s step_avg:1210.45ms
step:1670/3300 train_loss:3.42926 train_time:2021.438s step_avg:1210.44ms
step:1671/3300 train_loss:3.79970 train_time:2022.652s step_avg:1210.44ms
step:1672/3300 train_loss:3.50830 train_time:2023.853s step_avg:1210.44ms
step:1673/3300 train_loss:3.48127 train_time:2025.053s step_avg:1210.43ms
step:1674/3300 train_loss:3.53115 train_time:2026.257s step_avg:1210.43ms
step:1675/3300 train_loss:3.48541 train_time:2027.457s step_avg:1210.42ms
step:1676/3300 train_loss:3.48873 train_time:2028.670s step_avg:1210.42ms
step:1677/3300 train_loss:3.58282 train_time:2029.871s step_avg:1210.42ms
step:1678/3300 train_loss:3.49188 train_time:2031.074s step_avg:1210.41ms
step:1679/3300 train_loss:3.44768 train_time:2032.274s step_avg:1210.41ms
step:1680/3300 train_loss:3.47704 train_time:2033.477s step_avg:1210.40ms
step:1681/3300 train_loss:3.47214 train_time:2034.692s step_avg:1210.41ms
step:1682/3300 train_loss:3.50591 train_time:2035.892s step_avg:1210.40ms
step:1683/3300 train_loss:3.46857 train_time:2037.092s step_avg:1210.39ms
step:1684/3300 train_loss:3.50448 train_time:2038.294s step_avg:1210.39ms
step:1685/3300 train_loss:3.50001 train_time:2039.494s step_avg:1210.38ms
step:1686/3300 train_loss:3.47198 train_time:2040.721s step_avg:1210.39ms
step:1687/3300 train_loss:3.49451 train_time:2041.916s step_avg:1210.38ms
step:1688/3300 train_loss:3.49451 train_time:2043.124s step_avg:1210.38ms
step:1689/3300 train_loss:3.45739 train_time:2044.325s step_avg:1210.38ms
step:1690/3300 train_loss:3.44841 train_time:2045.519s step_avg:1210.37ms
step:1691/3300 train_loss:3.43978 train_time:2046.733s step_avg:1210.37ms
step:1692/3300 train_loss:3.52333 train_time:2047.935s step_avg:1210.36ms
step:1693/3300 train_loss:3.45547 train_time:2049.137s step_avg:1210.36ms
step:1694/3300 train_loss:3.50693 train_time:2050.401s step_avg:1210.39ms
step:1695/3300 train_loss:3.53611 train_time:2051.600s step_avg:1210.38ms
step:1696/3300 train_loss:3.49526 train_time:2052.845s step_avg:1210.40ms
step:1697/3300 train_loss:3.49828 train_time:2054.050s step_avg:1210.40ms
step:1698/3300 train_loss:3.43889 train_time:2055.248s step_avg:1210.39ms
step:1699/3300 train_loss:3.50441 train_time:2056.448s step_avg:1210.39ms
step:1700/3300 train_loss:3.54466 train_time:2057.642s step_avg:1210.38ms
step:1701/3300 train_loss:3.52442 train_time:2058.853s step_avg:1210.38ms
step:1702/3300 train_loss:3.52449 train_time:2060.051s step_avg:1210.37ms
step:1703/3300 train_loss:3.47108 train_time:2061.266s step_avg:1210.37ms
step:1704/3300 train_loss:3.50713 train_time:2062.462s step_avg:1210.37ms
step:1705/3300 train_loss:3.48666 train_time:2063.659s step_avg:1210.36ms
step:1706/3300 train_loss:3.46776 train_time:2064.867s step_avg:1210.36ms
step:1707/3300 train_loss:3.48279 train_time:2066.062s step_avg:1210.35ms
step:1708/3300 train_loss:3.46378 train_time:2067.261s step_avg:1210.34ms
step:1709/3300 train_loss:3.72724 train_time:2068.454s step_avg:1210.33ms
step:1710/3300 train_loss:3.56871 train_time:2069.669s step_avg:1210.33ms
step:1711/3300 train_loss:3.46705 train_time:2070.945s step_avg:1210.37ms
step:1712/3300 train_loss:3.48029 train_time:2072.144s step_avg:1210.36ms
step:1713/3300 train_loss:3.53562 train_time:2073.342s step_avg:1210.36ms
step:1714/3300 train_loss:3.44237 train_time:2074.541s step_avg:1210.35ms
step:1715/3300 train_loss:3.52750 train_time:2075.740s step_avg:1210.34ms
step:1716/3300 train_loss:3.46320 train_time:2076.962s step_avg:1210.35ms
step:1717/3300 train_loss:3.48400 train_time:2078.166s step_avg:1210.35ms
step:1718/3300 train_loss:3.52255 train_time:2079.361s step_avg:1210.34ms
step:1719/3300 train_loss:3.52721 train_time:2080.589s step_avg:1210.35ms
step:1720/3300 train_loss:3.47748 train_time:2081.783s step_avg:1210.34ms
step:1721/3300 train_loss:3.51138 train_time:2083.009s step_avg:1210.35ms
step:1722/3300 train_loss:3.51593 train_time:2084.219s step_avg:1210.35ms
step:1723/3300 train_loss:3.50889 train_time:2085.421s step_avg:1210.34ms
step:1724/3300 train_loss:3.47752 train_time:2086.623s step_avg:1210.34ms
step:1725/3300 train_loss:3.50579 train_time:2087.823s step_avg:1210.33ms
step:1726/3300 train_loss:3.47420 train_time:2089.052s step_avg:1210.34ms
step:1727/3300 train_loss:3.46457 train_time:2090.249s step_avg:1210.34ms
step:1728/3300 train_loss:3.45121 train_time:2091.455s step_avg:1210.33ms
step:1729/3300 train_loss:3.52656 train_time:2092.658s step_avg:1210.33ms
step:1730/3300 train_loss:3.58171 train_time:2093.863s step_avg:1210.33ms
step:1731/3300 train_loss:3.48200 train_time:2095.077s step_avg:1210.33ms
step:1732/3300 train_loss:3.50436 train_time:2096.278s step_avg:1210.32ms
step:1733/3300 train_loss:3.43476 train_time:2097.480s step_avg:1210.32ms
step:1734/3300 train_loss:3.60010 train_time:2098.682s step_avg:1210.31ms
step:1735/3300 train_loss:3.51103 train_time:2099.893s step_avg:1210.31ms
step:1736/3300 train_loss:3.58224 train_time:2101.111s step_avg:1210.32ms
step:1737/3300 train_loss:3.57773 train_time:2102.318s step_avg:1210.32ms
step:1738/3300 train_loss:3.45026 train_time:2103.518s step_avg:1210.31ms
step:1739/3300 train_loss:3.46711 train_time:2104.723s step_avg:1210.31ms
step:1740/3300 train_loss:3.45536 train_time:2105.926s step_avg:1210.30ms
step:1741/3300 train_loss:3.45184 train_time:2107.140s step_avg:1210.30ms
step:1742/3300 train_loss:3.50070 train_time:2108.343s step_avg:1210.30ms
step:1743/3300 train_loss:3.43354 train_time:2109.544s step_avg:1210.30ms
step:1744/3300 train_loss:3.44911 train_time:2110.755s step_avg:1210.30ms
step:1745/3300 train_loss:3.50690 train_time:2111.955s step_avg:1210.29ms
step:1746/3300 train_loss:3.51665 train_time:2113.184s step_avg:1210.30ms
step:1747/3300 train_loss:3.48596 train_time:2114.397s step_avg:1210.30ms
step:1748/3300 train_loss:3.54013 train_time:2115.601s step_avg:1210.30ms
step:1749/3300 train_loss:3.49620 train_time:2116.805s step_avg:1210.29ms
step:1750/3300 train_loss:3.48233 train_time:2118.007s step_avg:1210.29ms
step:1750/3300 val_loss:3.47881 train_time:2118.007s step_avg:1208.30ms
step:1751/3300 train_loss:3.52454 train_time:2119.229s step_avg:1210.30ms
step:1752/3300 train_loss:3.51766 train_time:2120.432s step_avg:1210.29ms
step:1753/3300 train_loss:3.45715 train_time:2121.633s step_avg:1210.29ms
step:1754/3300 train_loss:3.49603 train_time:2122.834s step_avg:1210.28ms
step:1755/3300 train_loss:3.49796 train_time:2124.032s step_avg:1210.27ms
step:1756/3300 train_loss:3.46584 train_time:2125.253s step_avg:1210.28ms
step:1757/3300 train_loss:3.47099 train_time:2126.458s step_avg:1210.28ms
step:1758/3300 train_loss:3.60734 train_time:2127.655s step_avg:1210.27ms
step:1759/3300 train_loss:3.59731 train_time:2128.847s step_avg:1210.26ms
step:1760/3300 train_loss:3.54288 train_time:2130.045s step_avg:1210.25ms
step:1761/3300 train_loss:3.48326 train_time:2131.266s step_avg:1210.26ms
step:1762/3300 train_loss:3.48636 train_time:2132.475s step_avg:1210.26ms
step:1763/3300 train_loss:3.45506 train_time:2133.674s step_avg:1210.25ms
step:1764/3300 train_loss:3.47714 train_time:2134.884s step_avg:1210.25ms
step:1765/3300 train_loss:3.47880 train_time:2136.085s step_avg:1210.25ms
step:1766/3300 train_loss:3.45124 train_time:2137.307s step_avg:1210.25ms
step:1767/3300 train_loss:3.56310 train_time:2138.515s step_avg:1210.25ms
step:1768/3300 train_loss:3.49471 train_time:2139.714s step_avg:1210.25ms
step:1769/3300 train_loss:3.59961 train_time:2140.915s step_avg:1210.24ms
step:1770/3300 train_loss:3.49378 train_time:2142.113s step_avg:1210.23ms
step:1771/3300 train_loss:3.49998 train_time:2143.335s step_avg:1210.24ms
step:1772/3300 train_loss:3.45265 train_time:2144.531s step_avg:1210.23ms
step:1773/3300 train_loss:3.51925 train_time:2145.733s step_avg:1210.23ms
step:1774/3300 train_loss:3.50692 train_time:2146.936s step_avg:1210.22ms
step:1775/3300 train_loss:3.51943 train_time:2148.145s step_avg:1210.22ms
step:1776/3300 train_loss:3.52299 train_time:2149.361s step_avg:1210.23ms
step:1777/3300 train_loss:3.52663 train_time:2150.559s step_avg:1210.22ms
step:1778/3300 train_loss:3.52414 train_time:2151.764s step_avg:1210.22ms
step:1779/3300 train_loss:3.54382 train_time:2152.964s step_avg:1210.21ms
step:1780/3300 train_loss:3.47436 train_time:2154.166s step_avg:1210.21ms
step:1781/3300 train_loss:3.45559 train_time:2155.390s step_avg:1210.21ms
step:1782/3300 train_loss:3.47906 train_time:2156.607s step_avg:1210.22ms
step:1783/3300 train_loss:3.51239 train_time:2157.818s step_avg:1210.22ms
step:1784/3300 train_loss:3.41330 train_time:2159.011s step_avg:1210.21ms
step:1785/3300 train_loss:3.51999 train_time:2160.213s step_avg:1210.20ms
step:1786/3300 train_loss:3.51356 train_time:2161.436s step_avg:1210.21ms
step:1787/3300 train_loss:3.55404 train_time:2162.643s step_avg:1210.21ms
step:1788/3300 train_loss:3.44805 train_time:2163.846s step_avg:1210.20ms
step:1789/3300 train_loss:3.51224 train_time:2165.053s step_avg:1210.20ms
step:1790/3300 train_loss:3.43033 train_time:2166.251s step_avg:1210.20ms
step:1791/3300 train_loss:3.47757 train_time:2167.473s step_avg:1210.20ms
step:1792/3300 train_loss:3.49257 train_time:2168.674s step_avg:1210.20ms
step:1793/3300 train_loss:3.44061 train_time:2169.867s step_avg:1210.19ms
step:1794/3300 train_loss:3.51522 train_time:2171.070s step_avg:1210.18ms
step:1795/3300 train_loss:3.54228 train_time:2172.272s step_avg:1210.18ms
step:1796/3300 train_loss:3.53754 train_time:2173.488s step_avg:1210.18ms
step:1797/3300 train_loss:3.51072 train_time:2174.705s step_avg:1210.19ms
step:1798/3300 train_loss:3.52295 train_time:2175.910s step_avg:1210.18ms
step:1799/3300 train_loss:3.54279 train_time:2177.113s step_avg:1210.18ms
step:1800/3300 train_loss:3.46658 train_time:2178.315s step_avg:1210.17ms
step:1801/3300 train_loss:3.50659 train_time:2179.532s step_avg:1210.18ms
step:1802/3300 train_loss:3.44885 train_time:2180.734s step_avg:1210.17ms
step:1803/3300 train_loss:3.50940 train_time:2181.951s step_avg:1210.18ms
step:1804/3300 train_loss:3.47152 train_time:2183.164s step_avg:1210.18ms
step:1805/3300 train_loss:3.48718 train_time:2184.365s step_avg:1210.17ms
step:1806/3300 train_loss:3.49425 train_time:2185.599s step_avg:1210.19ms
step:1807/3300 train_loss:3.46344 train_time:2186.796s step_avg:1210.18ms
step:1808/3300 train_loss:3.52184 train_time:2188.014s step_avg:1210.18ms
step:1809/3300 train_loss:3.54690 train_time:2189.214s step_avg:1210.18ms
step:1810/3300 train_loss:3.49375 train_time:2190.413s step_avg:1210.17ms
step:1811/3300 train_loss:3.45699 train_time:2191.634s step_avg:1210.18ms
step:1812/3300 train_loss:3.47054 train_time:2192.840s step_avg:1210.18ms
step:1813/3300 train_loss:3.49580 train_time:2194.048s step_avg:1210.18ms
step:1814/3300 train_loss:3.45718 train_time:2195.257s step_avg:1210.17ms
step:1815/3300 train_loss:3.51592 train_time:2196.463s step_avg:1210.17ms
step:1816/3300 train_loss:3.46937 train_time:2197.686s step_avg:1210.18ms
step:1817/3300 train_loss:3.45576 train_time:2198.894s step_avg:1210.18ms
step:1818/3300 train_loss:3.45953 train_time:2200.098s step_avg:1210.17ms
step:1819/3300 train_loss:3.49009 train_time:2201.311s step_avg:1210.18ms
step:1820/3300 train_loss:3.45097 train_time:2202.523s step_avg:1210.18ms
step:1821/3300 train_loss:3.48524 train_time:2203.748s step_avg:1210.19ms
step:1822/3300 train_loss:3.44262 train_time:2204.960s step_avg:1210.19ms
step:1823/3300 train_loss:3.50275 train_time:2206.159s step_avg:1210.18ms
step:1824/3300 train_loss:3.51938 train_time:2207.354s step_avg:1210.17ms
step:1825/3300 train_loss:3.61846 train_time:2208.558s step_avg:1210.17ms
step:1826/3300 train_loss:3.45865 train_time:2209.775s step_avg:1210.17ms
step:1827/3300 train_loss:3.44965 train_time:2210.975s step_avg:1210.17ms
step:1828/3300 train_loss:3.51381 train_time:2212.178s step_avg:1210.16ms
step:1829/3300 train_loss:3.45278 train_time:2213.382s step_avg:1210.16ms
step:1830/3300 train_loss:3.47796 train_time:2214.577s step_avg:1210.15ms
step:1831/3300 train_loss:3.44536 train_time:2215.791s step_avg:1210.15ms
step:1832/3300 train_loss:3.46806 train_time:2216.994s step_avg:1210.15ms
step:1833/3300 train_loss:3.52564 train_time:2218.218s step_avg:1210.16ms
step:1834/3300 train_loss:3.48817 train_time:2219.415s step_avg:1210.15ms
step:1835/3300 train_loss:3.53556 train_time:2220.619s step_avg:1210.15ms
step:1836/3300 train_loss:3.46576 train_time:2221.839s step_avg:1210.15ms
step:1837/3300 train_loss:3.46097 train_time:2223.037s step_avg:1210.15ms
step:1838/3300 train_loss:3.43608 train_time:2224.244s step_avg:1210.14ms
step:1839/3300 train_loss:3.48927 train_time:2225.437s step_avg:1210.13ms
step:1840/3300 train_loss:3.45599 train_time:2226.638s step_avg:1210.13ms
step:1841/3300 train_loss:3.55226 train_time:2227.851s step_avg:1210.13ms
step:1842/3300 train_loss:3.47990 train_time:2229.053s step_avg:1210.13ms
step:1843/3300 train_loss:3.43436 train_time:2230.253s step_avg:1210.12ms
step:1844/3300 train_loss:3.43456 train_time:2231.460s step_avg:1210.12ms
step:1845/3300 train_loss:3.45501 train_time:2232.667s step_avg:1210.12ms
step:1846/3300 train_loss:3.48328 train_time:2233.884s step_avg:1210.12ms
step:1847/3300 train_loss:3.48046 train_time:2235.090s step_avg:1210.12ms
step:1848/3300 train_loss:3.47491 train_time:2236.297s step_avg:1210.12ms
step:1849/3300 train_loss:3.50401 train_time:2237.501s step_avg:1210.11ms
step:1850/3300 train_loss:3.45397 train_time:2238.702s step_avg:1210.11ms
step:1851/3300 train_loss:3.48101 train_time:2239.916s step_avg:1210.11ms
step:1852/3300 train_loss:3.45837 train_time:2241.117s step_avg:1210.11ms
step:1853/3300 train_loss:3.51687 train_time:2242.342s step_avg:1210.11ms
step:1854/3300 train_loss:3.46221 train_time:2243.544s step_avg:1210.11ms
step:1855/3300 train_loss:3.44476 train_time:2244.742s step_avg:1210.10ms
step:1856/3300 train_loss:3.46649 train_time:2245.955s step_avg:1210.11ms
step:1857/3300 train_loss:3.50076 train_time:2247.177s step_avg:1210.11ms
step:1858/3300 train_loss:3.51377 train_time:2248.379s step_avg:1210.11ms
step:1859/3300 train_loss:3.47104 train_time:2249.581s step_avg:1210.10ms
step:1860/3300 train_loss:3.41821 train_time:2250.782s step_avg:1210.10ms
step:1861/3300 train_loss:3.46691 train_time:2252.001s step_avg:1210.10ms
step:1862/3300 train_loss:3.50175 train_time:2253.209s step_avg:1210.10ms
step:1863/3300 train_loss:3.53740 train_time:2254.421s step_avg:1210.10ms
step:1864/3300 train_loss:3.50663 train_time:2255.629s step_avg:1210.10ms
step:1865/3300 train_loss:3.43532 train_time:2256.821s step_avg:1210.09ms
step:1866/3300 train_loss:3.45856 train_time:2258.041s step_avg:1210.10ms
step:1867/3300 train_loss:3.47857 train_time:2259.238s step_avg:1210.09ms
step:1868/3300 train_loss:3.55961 train_time:2260.436s step_avg:1210.08ms
step:1869/3300 train_loss:3.42390 train_time:2261.645s step_avg:1210.08ms
step:1870/3300 train_loss:3.47577 train_time:2262.842s step_avg:1210.08ms
step:1871/3300 train_loss:3.50931 train_time:2264.067s step_avg:1210.08ms
step:1872/3300 train_loss:3.44872 train_time:2265.269s step_avg:1210.08ms
step:1873/3300 train_loss:3.48119 train_time:2266.470s step_avg:1210.07ms
step:1874/3300 train_loss:3.46171 train_time:2267.663s step_avg:1210.07ms
step:1875/3300 train_loss:3.53533 train_time:2268.861s step_avg:1210.06ms
step:1875/3300 val_loss:3.45951 train_time:2268.861s step_avg:1206.83ms
step:1876/3300 train_loss:3.50242 train_time:2270.074s step_avg:1210.06ms
step:1877/3300 train_loss:3.52164 train_time:2271.274s step_avg:1210.06ms
step:1878/3300 train_loss:3.55956 train_time:2272.472s step_avg:1210.05ms
step:1879/3300 train_loss:3.55955 train_time:2273.671s step_avg:1210.04ms
step:1880/3300 train_loss:3.45860 train_time:2274.874s step_avg:1210.04ms
step:1881/3300 train_loss:3.39547 train_time:2276.093s step_avg:1210.04ms
step:1882/3300 train_loss:3.47307 train_time:2277.293s step_avg:1210.04ms
step:1883/3300 train_loss:3.43533 train_time:2278.493s step_avg:1210.03ms
step:1884/3300 train_loss:3.47464 train_time:2279.696s step_avg:1210.03ms
step:1885/3300 train_loss:3.46773 train_time:2280.892s step_avg:1210.02ms
step:1886/3300 train_loss:3.42516 train_time:2282.107s step_avg:1210.02ms
step:1887/3300 train_loss:3.46466 train_time:2283.310s step_avg:1210.02ms
step:1888/3300 train_loss:3.42658 train_time:2284.511s step_avg:1210.02ms
step:1889/3300 train_loss:3.46007 train_time:2285.713s step_avg:1210.01ms
step:1890/3300 train_loss:3.48254 train_time:2286.915s step_avg:1210.01ms
step:1891/3300 train_loss:3.50271 train_time:2288.128s step_avg:1210.01ms
step:1892/3300 train_loss:3.40950 train_time:2289.339s step_avg:1210.01ms
step:1893/3300 train_loss:3.48231 train_time:2290.533s step_avg:1210.00ms
step:1894/3300 train_loss:3.47204 train_time:2291.735s step_avg:1210.00ms
step:1895/3300 train_loss:3.42852 train_time:2292.932s step_avg:1209.99ms
step:1896/3300 train_loss:3.52407 train_time:2294.148s step_avg:1209.99ms
step:1897/3300 train_loss:3.51197 train_time:2295.385s step_avg:1210.01ms
step:1898/3300 train_loss:3.42444 train_time:2296.586s step_avg:1210.00ms
step:1899/3300 train_loss:3.41778 train_time:2297.809s step_avg:1210.01ms
step:1900/3300 train_loss:3.44490 train_time:2299.012s step_avg:1210.01ms
step:1901/3300 train_loss:3.40388 train_time:2300.246s step_avg:1210.02ms
step:1902/3300 train_loss:3.48650 train_time:2301.449s step_avg:1210.01ms
step:1903/3300 train_loss:3.50856 train_time:2302.651s step_avg:1210.01ms
step:1904/3300 train_loss:3.46066 train_time:2303.866s step_avg:1210.01ms
step:1905/3300 train_loss:3.44536 train_time:2305.069s step_avg:1210.01ms
step:1906/3300 train_loss:3.49009 train_time:2306.325s step_avg:1210.03ms
step:1907/3300 train_loss:3.44733 train_time:2307.532s step_avg:1210.03ms
step:1908/3300 train_loss:3.46368 train_time:2308.729s step_avg:1210.03ms
step:1909/3300 train_loss:3.41253 train_time:2309.937s step_avg:1210.02ms
step:1910/3300 train_loss:3.50111 train_time:2311.134s step_avg:1210.02ms
step:1911/3300 train_loss:3.47516 train_time:2312.349s step_avg:1210.02ms
step:1912/3300 train_loss:3.39414 train_time:2313.567s step_avg:1210.02ms
step:1913/3300 train_loss:3.50619 train_time:2314.769s step_avg:1210.02ms
step:1914/3300 train_loss:3.59896 train_time:2315.972s step_avg:1210.02ms
step:1915/3300 train_loss:3.43101 train_time:2317.185s step_avg:1210.02ms
step:1916/3300 train_loss:3.40914 train_time:2318.403s step_avg:1210.02ms
step:1917/3300 train_loss:3.50331 train_time:2319.615s step_avg:1210.02ms
step:1918/3300 train_loss:3.49685 train_time:2320.823s step_avg:1210.02ms
step:1919/3300 train_loss:3.49177 train_time:2322.015s step_avg:1210.01ms
step:1920/3300 train_loss:3.43097 train_time:2323.216s step_avg:1210.01ms
step:1921/3300 train_loss:3.47037 train_time:2324.442s step_avg:1210.02ms
step:1922/3300 train_loss:3.42057 train_time:2325.648s step_avg:1210.01ms
step:1923/3300 train_loss:3.46096 train_time:2326.868s step_avg:1210.02ms
step:1924/3300 train_loss:3.49891 train_time:2328.073s step_avg:1210.02ms
step:1925/3300 train_loss:3.43609 train_time:2329.286s step_avg:1210.02ms
step:1926/3300 train_loss:3.45572 train_time:2330.532s step_avg:1210.04ms
step:1927/3300 train_loss:3.48134 train_time:2331.734s step_avg:1210.03ms
step:1928/3300 train_loss:3.53439 train_time:2332.940s step_avg:1210.03ms
step:1929/3300 train_loss:3.47043 train_time:2334.142s step_avg:1210.03ms
step:1930/3300 train_loss:3.48759 train_time:2335.334s step_avg:1210.02ms
step:1931/3300 train_loss:3.38304 train_time:2336.552s step_avg:1210.02ms
step:1932/3300 train_loss:3.79908 train_time:2337.763s step_avg:1210.02ms
step:1933/3300 train_loss:3.50189 train_time:2338.960s step_avg:1210.02ms
step:1934/3300 train_loss:3.47277 train_time:2340.171s step_avg:1210.02ms
step:1935/3300 train_loss:3.50610 train_time:2341.376s step_avg:1210.01ms
step:1936/3300 train_loss:3.47770 train_time:2342.597s step_avg:1210.02ms
step:1937/3300 train_loss:3.49784 train_time:2343.806s step_avg:1210.02ms
step:1938/3300 train_loss:3.42574 train_time:2345.009s step_avg:1210.02ms
step:1939/3300 train_loss:3.43653 train_time:2346.218s step_avg:1210.01ms
step:1940/3300 train_loss:3.49262 train_time:2347.419s step_avg:1210.01ms
step:1941/3300 train_loss:3.47535 train_time:2348.646s step_avg:1210.02ms
step:1942/3300 train_loss:3.39614 train_time:2349.840s step_avg:1210.01ms
step:1943/3300 train_loss:3.52453 train_time:2351.036s step_avg:1210.00ms
step:1944/3300 train_loss:3.40974 train_time:2352.237s step_avg:1210.00ms
step:1945/3300 train_loss:3.49673 train_time:2353.440s step_avg:1209.99ms
step:1946/3300 train_loss:3.48770 train_time:2354.655s step_avg:1210.00ms
step:1947/3300 train_loss:3.42617 train_time:2355.856s step_avg:1209.99ms
step:1948/3300 train_loss:3.47665 train_time:2357.058s step_avg:1209.99ms
step:1949/3300 train_loss:3.38888 train_time:2358.261s step_avg:1209.99ms
step:1950/3300 train_loss:3.52046 train_time:2359.462s step_avg:1209.98ms
step:1951/3300 train_loss:3.48966 train_time:2360.676s step_avg:1209.98ms
step:1952/3300 train_loss:3.54631 train_time:2361.881s step_avg:1209.98ms
step:1953/3300 train_loss:3.41330 train_time:2363.082s step_avg:1209.98ms
step:1954/3300 train_loss:3.45583 train_time:2364.276s step_avg:1209.97ms
step:1955/3300 train_loss:3.47771 train_time:2365.480s step_avg:1209.96ms
step:1956/3300 train_loss:3.43957 train_time:2366.701s step_avg:1209.97ms
step:1957/3300 train_loss:3.46482 train_time:2367.901s step_avg:1209.96ms
step:1958/3300 train_loss:3.49063 train_time:2369.099s step_avg:1209.96ms
step:1959/3300 train_loss:3.54129 train_time:2370.314s step_avg:1209.96ms
step:1960/3300 train_loss:3.42136 train_time:2371.512s step_avg:1209.95ms
step:1961/3300 train_loss:3.48130 train_time:2372.719s step_avg:1209.95ms
step:1962/3300 train_loss:3.43237 train_time:2373.922s step_avg:1209.95ms
step:1963/3300 train_loss:3.46146 train_time:2375.125s step_avg:1209.95ms
step:1964/3300 train_loss:3.45462 train_time:2376.325s step_avg:1209.94ms
step:1965/3300 train_loss:3.45759 train_time:2377.529s step_avg:1209.94ms
step:1966/3300 train_loss:3.51680 train_time:2378.736s step_avg:1209.94ms
step:1967/3300 train_loss:3.41354 train_time:2379.937s step_avg:1209.93ms
step:1968/3300 train_loss:3.47038 train_time:2381.136s step_avg:1209.93ms
step:1969/3300 train_loss:3.42121 train_time:2382.335s step_avg:1209.92ms
step:1970/3300 train_loss:3.45232 train_time:2383.546s step_avg:1209.92ms
step:1971/3300 train_loss:3.47519 train_time:2384.758s step_avg:1209.92ms
step:1972/3300 train_loss:3.42964 train_time:2385.967s step_avg:1209.92ms
step:1973/3300 train_loss:3.41729 train_time:2387.174s step_avg:1209.92ms
step:1974/3300 train_loss:3.43331 train_time:2388.376s step_avg:1209.92ms
step:1975/3300 train_loss:3.45041 train_time:2389.578s step_avg:1209.91ms
step:1976/3300 train_loss:3.45959 train_time:2390.800s step_avg:1209.92ms
step:1977/3300 train_loss:3.49748 train_time:2391.998s step_avg:1209.91ms
step:1978/3300 train_loss:3.49411 train_time:2393.198s step_avg:1209.91ms
step:1979/3300 train_loss:3.47936 train_time:2394.416s step_avg:1209.91ms
step:1980/3300 train_loss:3.47808 train_time:2395.619s step_avg:1209.91ms
step:1981/3300 train_loss:3.43825 train_time:2396.842s step_avg:1209.92ms
step:1982/3300 train_loss:3.45681 train_time:2398.042s step_avg:1209.91ms
step:1983/3300 train_loss:3.60164 train_time:2399.244s step_avg:1209.91ms
step:1984/3300 train_loss:3.40707 train_time:2400.443s step_avg:1209.90ms
step:1985/3300 train_loss:3.43295 train_time:2401.641s step_avg:1209.89ms
step:1986/3300 train_loss:3.43242 train_time:2402.856s step_avg:1209.90ms
step:1987/3300 train_loss:3.44379 train_time:2404.068s step_avg:1209.90ms
step:1988/3300 train_loss:3.46632 train_time:2405.264s step_avg:1209.89ms
step:1989/3300 train_loss:3.43144 train_time:2406.462s step_avg:1209.89ms
step:1990/3300 train_loss:3.47138 train_time:2407.664s step_avg:1209.88ms
step:1991/3300 train_loss:3.44978 train_time:2408.876s step_avg:1209.88ms
step:1992/3300 train_loss:3.43663 train_time:2410.085s step_avg:1209.88ms
step:1993/3300 train_loss:3.53572 train_time:2411.283s step_avg:1209.88ms
step:1994/3300 train_loss:3.45877 train_time:2412.486s step_avg:1209.87ms
step:1995/3300 train_loss:3.45200 train_time:2413.704s step_avg:1209.88ms
step:1996/3300 train_loss:3.51275 train_time:2414.925s step_avg:1209.88ms
step:1997/3300 train_loss:3.57046 train_time:2416.125s step_avg:1209.88ms
step:1998/3300 train_loss:3.45839 train_time:2417.327s step_avg:1209.87ms
step:1999/3300 train_loss:3.51596 train_time:2418.534s step_avg:1209.87ms
step:2000/3300 train_loss:3.42593 train_time:2419.739s step_avg:1209.87ms
step:2000/3300 val_loss:3.43996 train_time:2419.739s step_avg:1207.03ms
step:2001/3300 train_loss:3.48439 train_time:2420.962s step_avg:1209.88ms
step:2002/3300 train_loss:3.45748 train_time:2422.177s step_avg:1209.88ms
step:2003/3300 train_loss:3.44154 train_time:2423.379s step_avg:1209.87ms
step:2004/3300 train_loss:3.58792 train_time:2424.580s step_avg:1209.87ms
step:2005/3300 train_loss:3.42826 train_time:2425.786s step_avg:1209.87ms
step:2006/3300 train_loss:3.45478 train_time:2427.006s step_avg:1209.87ms
step:2007/3300 train_loss:3.45800 train_time:2428.231s step_avg:1209.88ms
step:2008/3300 train_loss:3.39290 train_time:2429.425s step_avg:1209.87ms
step:2009/3300 train_loss:3.46873 train_time:2430.619s step_avg:1209.86ms
step:2010/3300 train_loss:3.46366 train_time:2431.822s step_avg:1209.86ms
step:2011/3300 train_loss:3.46709 train_time:2433.047s step_avg:1209.87ms
step:2012/3300 train_loss:3.43414 train_time:2434.248s step_avg:1209.86ms
step:2013/3300 train_loss:3.45722 train_time:2435.447s step_avg:1209.86ms
step:2014/3300 train_loss:3.46063 train_time:2436.646s step_avg:1209.85ms
step:2015/3300 train_loss:3.40868 train_time:2437.865s step_avg:1209.86ms
step:2016/3300 train_loss:3.49034 train_time:2439.078s step_avg:1209.86ms
step:2017/3300 train_loss:3.43593 train_time:2440.290s step_avg:1209.86ms
step:2018/3300 train_loss:3.51143 train_time:2441.489s step_avg:1209.86ms
step:2019/3300 train_loss:3.46894 train_time:2442.692s step_avg:1209.85ms
step:2020/3300 train_loss:3.39030 train_time:2443.892s step_avg:1209.85ms
step:2021/3300 train_loss:3.46123 train_time:2445.103s step_avg:1209.85ms
step:2022/3300 train_loss:3.36887 train_time:2446.315s step_avg:1209.85ms
step:2023/3300 train_loss:3.41592 train_time:2447.535s step_avg:1209.85ms
step:2024/3300 train_loss:3.44407 train_time:2448.748s step_avg:1209.86ms
step:2025/3300 train_loss:3.37022 train_time:2449.958s step_avg:1209.86ms
step:2026/3300 train_loss:3.45111 train_time:2451.186s step_avg:1209.86ms
step:2027/3300 train_loss:3.40936 train_time:2452.390s step_avg:1209.86ms
step:2028/3300 train_loss:3.44263 train_time:2453.583s step_avg:1209.85ms
step:2029/3300 train_loss:3.45350 train_time:2454.785s step_avg:1209.85ms
step:2030/3300 train_loss:3.46052 train_time:2455.990s step_avg:1209.85ms
step:2031/3300 train_loss:3.44658 train_time:2457.207s step_avg:1209.85ms
step:2032/3300 train_loss:3.45253 train_time:2458.412s step_avg:1209.85ms
step:2033/3300 train_loss:3.41789 train_time:2459.620s step_avg:1209.85ms
step:2034/3300 train_loss:3.45934 train_time:2460.823s step_avg:1209.84ms
step:2035/3300 train_loss:3.46215 train_time:2462.024s step_avg:1209.84ms
step:2036/3300 train_loss:3.40906 train_time:2463.242s step_avg:1209.84ms
step:2037/3300 train_loss:3.50326 train_time:2464.437s step_avg:1209.84ms
step:2038/3300 train_loss:3.44446 train_time:2465.637s step_avg:1209.83ms
step:2039/3300 train_loss:3.42703 train_time:2466.836s step_avg:1209.83ms
step:2040/3300 train_loss:3.45177 train_time:2468.027s step_avg:1209.82ms
step:2041/3300 train_loss:3.44663 train_time:2469.242s step_avg:1209.82ms
step:2042/3300 train_loss:3.44438 train_time:2470.441s step_avg:1209.81ms
step:2043/3300 train_loss:3.42288 train_time:2471.656s step_avg:1209.82ms
step:2044/3300 train_loss:3.45758 train_time:2472.862s step_avg:1209.81ms
step:2045/3300 train_loss:3.38351 train_time:2474.061s step_avg:1209.81ms
step:2046/3300 train_loss:3.46354 train_time:2475.277s step_avg:1209.81ms
step:2047/3300 train_loss:3.45433 train_time:2476.486s step_avg:1209.81ms
step:2048/3300 train_loss:3.44617 train_time:2477.690s step_avg:1209.81ms
step:2049/3300 train_loss:3.40567 train_time:2478.890s step_avg:1209.80ms
step:2050/3300 train_loss:3.48983 train_time:2480.112s step_avg:1209.81ms
step:2051/3300 train_loss:3.48772 train_time:2481.325s step_avg:1209.81ms
step:2052/3300 train_loss:3.44115 train_time:2482.528s step_avg:1209.81ms
step:2053/3300 train_loss:3.54171 train_time:2483.728s step_avg:1209.80ms
step:2054/3300 train_loss:3.44700 train_time:2484.925s step_avg:1209.80ms
step:2055/3300 train_loss:3.40939 train_time:2486.186s step_avg:1209.82ms
step:2056/3300 train_loss:3.46248 train_time:2487.479s step_avg:1209.86ms
step:2057/3300 train_loss:3.36753 train_time:2488.675s step_avg:1209.86ms
step:2058/3300 train_loss:3.47450 train_time:2489.871s step_avg:1209.85ms
step:2059/3300 train_loss:3.48113 train_time:2491.086s step_avg:1209.85ms
step:2060/3300 train_loss:3.34186 train_time:2492.286s step_avg:1209.85ms
step:2061/3300 train_loss:3.40466 train_time:2493.504s step_avg:1209.85ms
step:2062/3300 train_loss:3.45384 train_time:2494.707s step_avg:1209.85ms
step:2063/3300 train_loss:3.45810 train_time:2495.918s step_avg:1209.85ms
step:2064/3300 train_loss:3.44642 train_time:2497.123s step_avg:1209.85ms
step:2065/3300 train_loss:3.45993 train_time:2498.324s step_avg:1209.84ms
step:2066/3300 train_loss:3.42173 train_time:2499.548s step_avg:1209.85ms
step:2067/3300 train_loss:3.44945 train_time:2500.750s step_avg:1209.85ms
step:2068/3300 train_loss:3.42737 train_time:2501.955s step_avg:1209.84ms
step:2069/3300 train_loss:3.52266 train_time:2503.150s step_avg:1209.84ms
step:2070/3300 train_loss:3.46858 train_time:2504.351s step_avg:1209.83ms
step:2071/3300 train_loss:3.47148 train_time:2505.567s step_avg:1209.83ms
step:2072/3300 train_loss:3.44946 train_time:2506.769s step_avg:1209.83ms
step:2073/3300 train_loss:3.51923 train_time:2507.969s step_avg:1209.83ms
step:2074/3300 train_loss:3.48008 train_time:2509.170s step_avg:1209.82ms
step:2075/3300 train_loss:3.48679 train_time:2510.370s step_avg:1209.82ms
step:2076/3300 train_loss:3.45830 train_time:2511.597s step_avg:1209.83ms
step:2077/3300 train_loss:3.44093 train_time:2512.786s step_avg:1209.82ms
step:2078/3300 train_loss:3.39679 train_time:2513.986s step_avg:1209.81ms
step:2079/3300 train_loss:3.41870 train_time:2515.191s step_avg:1209.81ms
step:2080/3300 train_loss:3.51461 train_time:2516.413s step_avg:1209.81ms
step:2081/3300 train_loss:3.46148 train_time:2517.646s step_avg:1209.83ms
step:2082/3300 train_loss:3.41710 train_time:2518.849s step_avg:1209.82ms
step:2083/3300 train_loss:3.39401 train_time:2520.052s step_avg:1209.82ms
step:2084/3300 train_loss:3.39895 train_time:2521.250s step_avg:1209.81ms
step:2085/3300 train_loss:3.46266 train_time:2522.450s step_avg:1209.81ms
step:2086/3300 train_loss:3.43679 train_time:2523.668s step_avg:1209.81ms
step:2087/3300 train_loss:3.42421 train_time:2524.872s step_avg:1209.81ms
step:2088/3300 train_loss:3.48290 train_time:2526.079s step_avg:1209.81ms
step:2089/3300 train_loss:3.40298 train_time:2527.277s step_avg:1209.80ms
step:2090/3300 train_loss:3.40278 train_time:2528.489s step_avg:1209.80ms
step:2091/3300 train_loss:3.46256 train_time:2529.734s step_avg:1209.82ms
step:2092/3300 train_loss:3.45591 train_time:2530.942s step_avg:1209.82ms
step:2093/3300 train_loss:3.41574 train_time:2532.146s step_avg:1209.82ms
step:2094/3300 train_loss:3.51669 train_time:2533.358s step_avg:1209.82ms
step:2095/3300 train_loss:3.43617 train_time:2534.552s step_avg:1209.81ms
step:2096/3300 train_loss:3.44490 train_time:2535.770s step_avg:1209.81ms
step:2097/3300 train_loss:3.44682 train_time:2536.977s step_avg:1209.81ms
step:2098/3300 train_loss:3.40460 train_time:2538.188s step_avg:1209.81ms
step:2099/3300 train_loss:3.42028 train_time:2539.397s step_avg:1209.81ms
step:2100/3300 train_loss:3.52729 train_time:2540.596s step_avg:1209.81ms
step:2101/3300 train_loss:3.43018 train_time:2541.826s step_avg:1209.82ms
step:2102/3300 train_loss:3.43295 train_time:2543.032s step_avg:1209.82ms
step:2103/3300 train_loss:3.40320 train_time:2544.239s step_avg:1209.81ms
step:2104/3300 train_loss:3.47909 train_time:2545.433s step_avg:1209.81ms
step:2105/3300 train_loss:3.43264 train_time:2546.635s step_avg:1209.80ms
step:2106/3300 train_loss:3.41949 train_time:2547.858s step_avg:1209.81ms
step:2107/3300 train_loss:3.44540 train_time:2549.078s step_avg:1209.81ms
step:2108/3300 train_loss:3.47395 train_time:2550.276s step_avg:1209.81ms
step:2109/3300 train_loss:3.44613 train_time:2551.476s step_avg:1209.80ms
step:2110/3300 train_loss:3.36714 train_time:2552.684s step_avg:1209.80ms
step:2111/3300 train_loss:3.42844 train_time:2553.903s step_avg:1209.81ms
step:2112/3300 train_loss:3.39333 train_time:2555.098s step_avg:1209.80ms
step:2113/3300 train_loss:3.40882 train_time:2556.296s step_avg:1209.79ms
step:2114/3300 train_loss:3.43873 train_time:2557.502s step_avg:1209.79ms
step:2115/3300 train_loss:3.45292 train_time:2558.714s step_avg:1209.79ms
step:2116/3300 train_loss:3.48987 train_time:2559.932s step_avg:1209.80ms
step:2117/3300 train_loss:3.42268 train_time:2561.135s step_avg:1209.79ms
step:2118/3300 train_loss:3.49521 train_time:2562.343s step_avg:1209.79ms
step:2119/3300 train_loss:3.40407 train_time:2563.549s step_avg:1209.79ms
step:2120/3300 train_loss:3.41132 train_time:2564.753s step_avg:1209.79ms
step:2121/3300 train_loss:3.37016 train_time:2565.968s step_avg:1209.79ms
step:2122/3300 train_loss:3.42054 train_time:2567.169s step_avg:1209.79ms
step:2123/3300 train_loss:3.41305 train_time:2568.373s step_avg:1209.78ms
step:2124/3300 train_loss:3.47471 train_time:2569.575s step_avg:1209.78ms
step:2125/3300 train_loss:3.37316 train_time:2570.779s step_avg:1209.78ms
step:2125/3300 val_loss:3.42219 train_time:2570.779s step_avg:1208.32ms
step:2126/3300 train_loss:3.47843 train_time:2571.993s step_avg:1209.78ms
step:2127/3300 train_loss:3.45964 train_time:2573.204s step_avg:1209.78ms
step:2128/3300 train_loss:3.39615 train_time:2574.419s step_avg:1209.78ms
step:2129/3300 train_loss:3.43874 train_time:2575.631s step_avg:1209.78ms
step:2130/3300 train_loss:3.43257 train_time:2576.827s step_avg:1209.78ms
step:2131/3300 train_loss:3.47691 train_time:2578.039s step_avg:1209.78ms
step:2132/3300 train_loss:3.43282 train_time:2579.247s step_avg:1209.78ms
step:2133/3300 train_loss:3.38637 train_time:2580.444s step_avg:1209.77ms
step:2134/3300 train_loss:3.46236 train_time:2581.655s step_avg:1209.77ms
step:2135/3300 train_loss:3.42687 train_time:2582.846s step_avg:1209.76ms
step:2136/3300 train_loss:3.39817 train_time:2584.060s step_avg:1209.77ms
step:2137/3300 train_loss:3.44131 train_time:2585.274s step_avg:1209.77ms
step:2138/3300 train_loss:3.39733 train_time:2586.467s step_avg:1209.76ms
step:2139/3300 train_loss:3.44871 train_time:2587.664s step_avg:1209.75ms
step:2140/3300 train_loss:3.53339 train_time:2588.873s step_avg:1209.75ms
step:2141/3300 train_loss:3.46624 train_time:2590.098s step_avg:1209.76ms
step:2142/3300 train_loss:3.42223 train_time:2591.314s step_avg:1209.76ms
step:2143/3300 train_loss:3.40260 train_time:2592.518s step_avg:1209.76ms
step:2144/3300 train_loss:3.37744 train_time:2593.730s step_avg:1209.76ms
step:2145/3300 train_loss:3.48457 train_time:2594.931s step_avg:1209.76ms
step:2146/3300 train_loss:3.42938 train_time:2596.145s step_avg:1209.76ms
step:2147/3300 train_loss:3.51617 train_time:2597.349s step_avg:1209.76ms
step:2148/3300 train_loss:3.46502 train_time:2598.553s step_avg:1209.75ms
step:2149/3300 train_loss:3.40475 train_time:2599.755s step_avg:1209.75ms
step:2150/3300 train_loss:3.49003 train_time:2600.948s step_avg:1209.74ms
step:2151/3300 train_loss:3.42258 train_time:2602.176s step_avg:1209.75ms
step:2152/3300 train_loss:3.55705 train_time:2603.376s step_avg:1209.75ms
step:2153/3300 train_loss:3.47404 train_time:2604.579s step_avg:1209.74ms
step:2154/3300 train_loss:3.50744 train_time:2605.783s step_avg:1209.74ms
step:2155/3300 train_loss:3.40432 train_time:2606.989s step_avg:1209.74ms
step:2156/3300 train_loss:3.39871 train_time:2608.212s step_avg:1209.75ms
step:2157/3300 train_loss:3.42282 train_time:2609.404s step_avg:1209.74ms
step:2158/3300 train_loss:3.38516 train_time:2610.611s step_avg:1209.74ms
step:2159/3300 train_loss:3.49950 train_time:2611.820s step_avg:1209.74ms
step:2160/3300 train_loss:3.50383 train_time:2613.015s step_avg:1209.73ms
step:2161/3300 train_loss:3.42324 train_time:2614.223s step_avg:1209.73ms
step:2162/3300 train_loss:3.37984 train_time:2615.423s step_avg:1209.72ms
step:2163/3300 train_loss:3.52710 train_time:2616.625s step_avg:1209.72ms
step:2164/3300 train_loss:3.43086 train_time:2617.849s step_avg:1209.73ms
step:2165/3300 train_loss:3.47745 train_time:2619.050s step_avg:1209.72ms
step:2166/3300 train_loss:3.47753 train_time:2620.294s step_avg:1209.74ms
step:2167/3300 train_loss:3.43259 train_time:2621.491s step_avg:1209.73ms
step:2168/3300 train_loss:3.43237 train_time:2622.690s step_avg:1209.73ms
step:2169/3300 train_loss:3.48156 train_time:2623.916s step_avg:1209.74ms
step:2170/3300 train_loss:3.44087 train_time:2625.114s step_avg:1209.73ms
step:2171/3300 train_loss:3.46671 train_time:2626.326s step_avg:1209.73ms
step:2172/3300 train_loss:3.42056 train_time:2627.528s step_avg:1209.73ms
step:2173/3300 train_loss:3.47890 train_time:2628.754s step_avg:1209.73ms
step:2174/3300 train_loss:3.45438 train_time:2629.952s step_avg:1209.73ms
step:2175/3300 train_loss:3.41634 train_time:2631.166s step_avg:1209.73ms
step:2176/3300 train_loss:3.42031 train_time:2632.380s step_avg:1209.73ms
step:2177/3300 train_loss:3.47728 train_time:2633.583s step_avg:1209.73ms
step:2178/3300 train_loss:3.35500 train_time:2634.787s step_avg:1209.73ms
step:2179/3300 train_loss:3.42237 train_time:2635.989s step_avg:1209.72ms
step:2180/3300 train_loss:3.44916 train_time:2637.193s step_avg:1209.72ms
step:2181/3300 train_loss:3.44609 train_time:2638.409s step_avg:1209.72ms
step:2182/3300 train_loss:3.40661 train_time:2639.611s step_avg:1209.72ms
step:2183/3300 train_loss:3.38474 train_time:2640.819s step_avg:1209.72ms
step:2184/3300 train_loss:3.44314 train_time:2642.013s step_avg:1209.71ms
step:2185/3300 train_loss:3.48396 train_time:2643.217s step_avg:1209.71ms
step:2186/3300 train_loss:3.34639 train_time:2644.422s step_avg:1209.71ms
step:2187/3300 train_loss:3.41142 train_time:2645.621s step_avg:1209.70ms
step:2188/3300 train_loss:3.35357 train_time:2646.822s step_avg:1209.70ms
step:2189/3300 train_loss:3.39245 train_time:2648.013s step_avg:1209.69ms
step:2190/3300 train_loss:3.43316 train_time:2649.216s step_avg:1209.69ms
step:2191/3300 train_loss:3.37617 train_time:2650.445s step_avg:1209.70ms
step:2192/3300 train_loss:3.47366 train_time:2651.647s step_avg:1209.69ms
step:2193/3300 train_loss:3.43555 train_time:2652.851s step_avg:1209.69ms
step:2194/3300 train_loss:3.45629 train_time:2654.053s step_avg:1209.69ms
step:2195/3300 train_loss:3.38266 train_time:2655.252s step_avg:1209.68ms
step:2196/3300 train_loss:3.39219 train_time:2656.471s step_avg:1209.69ms
step:2197/3300 train_loss:3.43597 train_time:2657.674s step_avg:1209.68ms
step:2198/3300 train_loss:3.41725 train_time:2658.873s step_avg:1209.68ms
step:2199/3300 train_loss:3.40157 train_time:2660.077s step_avg:1209.68ms
step:2200/3300 train_loss:3.44242 train_time:2661.279s step_avg:1209.67ms
step:2201/3300 train_loss:3.38186 train_time:2662.489s step_avg:1209.67ms
step:2202/3300 train_loss:3.63543 train_time:2663.703s step_avg:1209.67ms
step:2203/3300 train_loss:3.49117 train_time:2664.914s step_avg:1209.68ms
step:2204/3300 train_loss:3.39016 train_time:2666.113s step_avg:1209.67ms
step:2205/3300 train_loss:3.44801 train_time:2667.312s step_avg:1209.67ms
step:2206/3300 train_loss:3.45083 train_time:2668.532s step_avg:1209.67ms
step:2207/3300 train_loss:3.50551 train_time:2669.732s step_avg:1209.67ms
step:2208/3300 train_loss:3.44840 train_time:2670.944s step_avg:1209.67ms
step:2209/3300 train_loss:3.38730 train_time:2672.198s step_avg:1209.69ms
step:2210/3300 train_loss:3.40675 train_time:2673.408s step_avg:1209.69ms
step:2211/3300 train_loss:3.39112 train_time:2674.627s step_avg:1209.69ms
step:2212/3300 train_loss:3.45779 train_time:2675.828s step_avg:1209.69ms
step:2213/3300 train_loss:3.35934 train_time:2677.027s step_avg:1209.68ms
step:2214/3300 train_loss:3.41319 train_time:2678.232s step_avg:1209.68ms
step:2215/3300 train_loss:3.45695 train_time:2679.433s step_avg:1209.68ms
step:2216/3300 train_loss:3.46931 train_time:2680.653s step_avg:1209.68ms
step:2217/3300 train_loss:3.42501 train_time:2681.867s step_avg:1209.68ms
step:2218/3300 train_loss:3.38478 train_time:2683.070s step_avg:1209.68ms
step:2219/3300 train_loss:3.44488 train_time:2684.280s step_avg:1209.68ms
step:2220/3300 train_loss:3.42704 train_time:2685.473s step_avg:1209.67ms
step:2221/3300 train_loss:3.47381 train_time:2686.689s step_avg:1209.68ms
step:2222/3300 train_loss:3.42330 train_time:2687.887s step_avg:1209.67ms
step:2223/3300 train_loss:3.43715 train_time:2689.106s step_avg:1209.67ms
step:2224/3300 train_loss:3.50648 train_time:2690.309s step_avg:1209.67ms
step:2225/3300 train_loss:3.38552 train_time:2691.508s step_avg:1209.67ms
step:2226/3300 train_loss:3.44171 train_time:2692.726s step_avg:1209.67ms
step:2227/3300 train_loss:3.45200 train_time:2693.930s step_avg:1209.67ms
step:2228/3300 train_loss:3.40402 train_time:2695.133s step_avg:1209.66ms
step:2229/3300 train_loss:3.45108 train_time:2696.333s step_avg:1209.66ms
step:2230/3300 train_loss:3.44056 train_time:2697.532s step_avg:1209.66ms
step:2231/3300 train_loss:3.43307 train_time:2698.753s step_avg:1209.66ms
step:2232/3300 train_loss:3.38381 train_time:2699.955s step_avg:1209.66ms
step:2233/3300 train_loss:3.41025 train_time:2701.164s step_avg:1209.66ms
step:2234/3300 train_loss:3.42300 train_time:2702.390s step_avg:1209.66ms
step:2235/3300 train_loss:3.37277 train_time:2703.606s step_avg:1209.67ms
step:2236/3300 train_loss:3.54305 train_time:2704.824s step_avg:1209.67ms
step:2237/3300 train_loss:3.40724 train_time:2706.019s step_avg:1209.66ms
step:2238/3300 train_loss:3.45014 train_time:2707.217s step_avg:1209.66ms
step:2239/3300 train_loss:3.36295 train_time:2708.421s step_avg:1209.66ms
step:2240/3300 train_loss:3.36140 train_time:2709.666s step_avg:1209.67ms
step:2241/3300 train_loss:3.42679 train_time:2710.885s step_avg:1209.68ms
step:2242/3300 train_loss:3.42637 train_time:2712.086s step_avg:1209.67ms
step:2243/3300 train_loss:3.41840 train_time:2713.351s step_avg:1209.70ms
step:2244/3300 train_loss:3.39728 train_time:2714.548s step_avg:1209.69ms
step:2245/3300 train_loss:3.37424 train_time:2715.751s step_avg:1209.69ms
step:2246/3300 train_loss:3.41858 train_time:2716.967s step_avg:1209.69ms
step:2247/3300 train_loss:3.38205 train_time:2718.171s step_avg:1209.69ms
step:2248/3300 train_loss:3.43014 train_time:2719.372s step_avg:1209.68ms
step:2249/3300 train_loss:3.42953 train_time:2720.571s step_avg:1209.68ms
step:2250/3300 train_loss:3.38732 train_time:2721.771s step_avg:1209.68ms
step:2250/3300 val_loss:3.40457 train_time:2721.771s step_avg:1207.94ms
step:2251/3300 train_loss:3.37082 train_time:2722.983s step_avg:1209.68ms
step:2252/3300 train_loss:3.48203 train_time:2724.183s step_avg:1209.67ms
step:2253/3300 train_loss:3.35169 train_time:2725.389s step_avg:1209.67ms
step:2254/3300 train_loss:3.40100 train_time:2726.590s step_avg:1209.67ms
step:2255/3300 train_loss:3.50978 train_time:2727.792s step_avg:1209.66ms
step:2256/3300 train_loss:3.41889 train_time:2729.007s step_avg:1209.67ms
step:2257/3300 train_loss:3.56147 train_time:2730.208s step_avg:1209.66ms
step:2258/3300 train_loss:3.44581 train_time:2731.411s step_avg:1209.66ms
step:2259/3300 train_loss:3.37207 train_time:2732.607s step_avg:1209.65ms
step:2260/3300 train_loss:3.41167 train_time:2733.808s step_avg:1209.65ms
step:2261/3300 train_loss:3.44500 train_time:2735.019s step_avg:1209.65ms
step:2262/3300 train_loss:3.39285 train_time:2736.222s step_avg:1209.65ms
step:2263/3300 train_loss:3.39607 train_time:2737.428s step_avg:1209.65ms
step:2264/3300 train_loss:3.40673 train_time:2738.632s step_avg:1209.64ms
step:2265/3300 train_loss:3.42912 train_time:2739.834s step_avg:1209.64ms
step:2266/3300 train_loss:3.39463 train_time:2741.055s step_avg:1209.64ms
step:2267/3300 train_loss:3.39377 train_time:2742.265s step_avg:1209.65ms
step:2268/3300 train_loss:3.36216 train_time:2743.467s step_avg:1209.64ms
step:2269/3300 train_loss:3.37755 train_time:2744.672s step_avg:1209.64ms
step:2270/3300 train_loss:3.44346 train_time:2745.870s step_avg:1209.63ms
step:2271/3300 train_loss:3.42216 train_time:2747.087s step_avg:1209.64ms
step:2272/3300 train_loss:3.40184 train_time:2748.303s step_avg:1209.64ms
step:2273/3300 train_loss:3.34813 train_time:2749.505s step_avg:1209.64ms
step:2274/3300 train_loss:3.42116 train_time:2750.706s step_avg:1209.63ms
step:2275/3300 train_loss:3.41085 train_time:2751.909s step_avg:1209.63ms
step:2276/3300 train_loss:3.35787 train_time:2753.127s step_avg:1209.63ms
step:2277/3300 train_loss:3.35416 train_time:2754.332s step_avg:1209.63ms
step:2278/3300 train_loss:3.42924 train_time:2755.540s step_avg:1209.63ms
step:2279/3300 train_loss:3.44059 train_time:2756.743s step_avg:1209.63ms
step:2280/3300 train_loss:3.36773 train_time:2757.946s step_avg:1209.63ms
step:2281/3300 train_loss:3.42981 train_time:2759.184s step_avg:1209.64ms
step:2282/3300 train_loss:3.40422 train_time:2760.382s step_avg:1209.63ms
step:2283/3300 train_loss:3.39043 train_time:2761.585s step_avg:1209.63ms
step:2284/3300 train_loss:3.46532 train_time:2762.787s step_avg:1209.63ms
step:2285/3300 train_loss:3.39255 train_time:2763.987s step_avg:1209.62ms
step:2286/3300 train_loss:3.42342 train_time:2765.201s step_avg:1209.62ms
step:2287/3300 train_loss:3.43000 train_time:2766.411s step_avg:1209.62ms
step:2288/3300 train_loss:3.47366 train_time:2767.608s step_avg:1209.62ms
step:2289/3300 train_loss:3.39652 train_time:2768.811s step_avg:1209.62ms
step:2290/3300 train_loss:3.37341 train_time:2770.011s step_avg:1209.61ms
step:2291/3300 train_loss:3.44154 train_time:2771.226s step_avg:1209.61ms
step:2292/3300 train_loss:3.41082 train_time:2772.431s step_avg:1209.61ms
step:2293/3300 train_loss:3.35360 train_time:2773.631s step_avg:1209.61ms
step:2294/3300 train_loss:3.44215 train_time:2774.829s step_avg:1209.60ms
step:2295/3300 train_loss:3.41896 train_time:2776.045s step_avg:1209.61ms
step:2296/3300 train_loss:3.41404 train_time:2777.273s step_avg:1209.61ms
step:2297/3300 train_loss:3.39663 train_time:2778.473s step_avg:1209.61ms
step:2298/3300 train_loss:3.44274 train_time:2779.676s step_avg:1209.61ms
step:2299/3300 train_loss:3.43021 train_time:2780.876s step_avg:1209.60ms
step:2300/3300 train_loss:3.41800 train_time:2782.081s step_avg:1209.60ms
step:2301/3300 train_loss:3.44360 train_time:2783.299s step_avg:1209.60ms
step:2302/3300 train_loss:3.35732 train_time:2784.494s step_avg:1209.60ms
step:2303/3300 train_loss:3.39735 train_time:2785.703s step_avg:1209.60ms
step:2304/3300 train_loss:3.34714 train_time:2786.907s step_avg:1209.59ms
step:2305/3300 train_loss:3.42597 train_time:2788.117s step_avg:1209.60ms
step:2306/3300 train_loss:3.33708 train_time:2789.336s step_avg:1209.60ms
step:2307/3300 train_loss:3.42441 train_time:2790.533s step_avg:1209.59ms
step:2308/3300 train_loss:3.44706 train_time:2791.732s step_avg:1209.59ms
step:2309/3300 train_loss:3.45448 train_time:2792.935s step_avg:1209.59ms
step:2310/3300 train_loss:3.32959 train_time:2794.131s step_avg:1209.58ms
step:2311/3300 train_loss:3.39719 train_time:2795.345s step_avg:1209.58ms
step:2312/3300 train_loss:3.43861 train_time:2796.556s step_avg:1209.58ms
step:2313/3300 train_loss:3.39208 train_time:2797.761s step_avg:1209.58ms
step:2314/3300 train_loss:3.39992 train_time:2798.970s step_avg:1209.58ms
step:2315/3300 train_loss:3.40108 train_time:2800.170s step_avg:1209.58ms
step:2316/3300 train_loss:3.38525 train_time:2801.388s step_avg:1209.58ms
step:2317/3300 train_loss:3.39246 train_time:2802.588s step_avg:1209.58ms
step:2318/3300 train_loss:3.35352 train_time:2803.790s step_avg:1209.57ms
step:2319/3300 train_loss:3.47448 train_time:2804.990s step_avg:1209.57ms
step:2320/3300 train_loss:3.44193 train_time:2806.190s step_avg:1209.56ms
step:2321/3300 train_loss:3.43039 train_time:2807.425s step_avg:1209.58ms
step:2322/3300 train_loss:3.42410 train_time:2808.643s step_avg:1209.58ms
step:2323/3300 train_loss:3.36760 train_time:2809.853s step_avg:1209.58ms
step:2324/3300 train_loss:3.38265 train_time:2811.075s step_avg:1209.58ms
step:2325/3300 train_loss:3.33451 train_time:2812.276s step_avg:1209.58ms
step:2326/3300 train_loss:3.40946 train_time:2813.492s step_avg:1209.58ms
step:2327/3300 train_loss:3.37451 train_time:2814.696s step_avg:1209.58ms
step:2328/3300 train_loss:3.40029 train_time:2815.905s step_avg:1209.58ms
step:2329/3300 train_loss:3.56393 train_time:2817.107s step_avg:1209.58ms
step:2330/3300 train_loss:3.36023 train_time:2818.311s step_avg:1209.58ms
step:2331/3300 train_loss:3.42931 train_time:2819.538s step_avg:1209.58ms
step:2332/3300 train_loss:3.40882 train_time:2820.747s step_avg:1209.58ms
step:2333/3300 train_loss:3.46227 train_time:2821.954s step_avg:1209.58ms
step:2334/3300 train_loss:3.39627 train_time:2823.154s step_avg:1209.58ms
step:2335/3300 train_loss:3.37607 train_time:2824.356s step_avg:1209.57ms
step:2336/3300 train_loss:3.45403 train_time:2825.575s step_avg:1209.58ms
step:2337/3300 train_loss:3.38409 train_time:2826.774s step_avg:1209.57ms
step:2338/3300 train_loss:3.41305 train_time:2827.993s step_avg:1209.58ms
step:2339/3300 train_loss:3.41440 train_time:2829.196s step_avg:1209.57ms
step:2340/3300 train_loss:3.37013 train_time:2830.392s step_avg:1209.57ms
step:2341/3300 train_loss:3.40480 train_time:2831.607s step_avg:1209.57ms
step:2342/3300 train_loss:3.41262 train_time:2832.816s step_avg:1209.57ms
step:2343/3300 train_loss:3.40322 train_time:2834.015s step_avg:1209.57ms
step:2344/3300 train_loss:3.39574 train_time:2835.214s step_avg:1209.56ms
step:2345/3300 train_loss:3.40632 train_time:2836.421s step_avg:1209.56ms
step:2346/3300 train_loss:3.37158 train_time:2837.639s step_avg:1209.56ms
step:2347/3300 train_loss:3.47497 train_time:2838.856s step_avg:1209.57ms
step:2348/3300 train_loss:3.45212 train_time:2840.060s step_avg:1209.57ms
step:2349/3300 train_loss:3.40770 train_time:2841.266s step_avg:1209.56ms
step:2350/3300 train_loss:3.37686 train_time:2842.468s step_avg:1209.56ms
step:2351/3300 train_loss:3.36755 train_time:2843.681s step_avg:1209.56ms
step:2352/3300 train_loss:3.37953 train_time:2844.878s step_avg:1209.56ms
step:2353/3300 train_loss:3.47972 train_time:2846.080s step_avg:1209.55ms
step:2354/3300 train_loss:3.41388 train_time:2847.294s step_avg:1209.56ms
step:2355/3300 train_loss:3.32893 train_time:2848.509s step_avg:1209.56ms
step:2356/3300 train_loss:3.50067 train_time:2849.754s step_avg:1209.57ms
step:2357/3300 train_loss:3.39421 train_time:2850.963s step_avg:1209.57ms
step:2358/3300 train_loss:3.39465 train_time:2852.168s step_avg:1209.57ms
step:2359/3300 train_loss:3.37377 train_time:2853.368s step_avg:1209.57ms
step:2360/3300 train_loss:3.41975 train_time:2854.575s step_avg:1209.57ms
step:2361/3300 train_loss:3.41375 train_time:2855.800s step_avg:1209.57ms
step:2362/3300 train_loss:3.41361 train_time:2857.003s step_avg:1209.57ms
step:2363/3300 train_loss:3.41055 train_time:2858.203s step_avg:1209.57ms
step:2364/3300 train_loss:3.43612 train_time:2859.396s step_avg:1209.56ms
step:2365/3300 train_loss:3.37247 train_time:2860.606s step_avg:1209.56ms
step:2366/3300 train_loss:3.38164 train_time:2861.825s step_avg:1209.56ms
step:2367/3300 train_loss:3.49705 train_time:2863.022s step_avg:1209.56ms
step:2368/3300 train_loss:3.43685 train_time:2864.213s step_avg:1209.55ms
step:2369/3300 train_loss:3.41029 train_time:2865.413s step_avg:1209.55ms
step:2370/3300 train_loss:3.35165 train_time:2866.626s step_avg:1209.55ms
step:2371/3300 train_loss:3.43386 train_time:2867.853s step_avg:1209.55ms
step:2372/3300 train_loss:3.37858 train_time:2869.059s step_avg:1209.55ms
step:2373/3300 train_loss:3.46854 train_time:2870.262s step_avg:1209.55ms
step:2374/3300 train_loss:3.54374 train_time:2871.462s step_avg:1209.55ms
step:2375/3300 train_loss:3.35475 train_time:2872.667s step_avg:1209.54ms
step:2375/3300 val_loss:3.38764 train_time:2872.667s step_avg:1207.16ms
step:2376/3300 train_loss:3.39143 train_time:2873.893s step_avg:1209.55ms
step:2377/3300 train_loss:3.40138 train_time:2875.100s step_avg:1209.55ms
step:2378/3300 train_loss:3.38511 train_time:2876.305s step_avg:1209.55ms
step:2379/3300 train_loss:3.41451 train_time:2877.504s step_avg:1209.54ms
step:2380/3300 train_loss:3.35853 train_time:2878.707s step_avg:1209.54ms
step:2381/3300 train_loss:3.41524 train_time:2879.920s step_avg:1209.54ms
step:2382/3300 train_loss:3.42693 train_time:2881.127s step_avg:1209.54ms
step:2383/3300 train_loss:3.40544 train_time:2882.327s step_avg:1209.54ms
step:2384/3300 train_loss:3.37791 train_time:2883.529s step_avg:1209.53ms
step:2385/3300 train_loss:3.44385 train_time:2884.730s step_avg:1209.53ms
step:2386/3300 train_loss:3.38940 train_time:2885.940s step_avg:1209.53ms
step:2387/3300 train_loss:3.41435 train_time:2887.141s step_avg:1209.53ms
step:2388/3300 train_loss:3.38575 train_time:2888.351s step_avg:1209.53ms
step:2389/3300 train_loss:3.42607 train_time:2889.566s step_avg:1209.53ms
step:2390/3300 train_loss:3.37925 train_time:2890.774s step_avg:1209.53ms
step:2391/3300 train_loss:3.43377 train_time:2891.994s step_avg:1209.53ms
step:2392/3300 train_loss:3.36282 train_time:2893.201s step_avg:1209.53ms
step:2393/3300 train_loss:3.39895 train_time:2894.413s step_avg:1209.53ms
step:2394/3300 train_loss:3.43728 train_time:2895.614s step_avg:1209.53ms
step:2395/3300 train_loss:3.34828 train_time:2896.815s step_avg:1209.53ms
step:2396/3300 train_loss:3.41419 train_time:2898.040s step_avg:1209.53ms
step:2397/3300 train_loss:3.39645 train_time:2899.249s step_avg:1209.53ms
step:2398/3300 train_loss:3.38695 train_time:2900.454s step_avg:1209.53ms
step:2399/3300 train_loss:3.39091 train_time:2901.666s step_avg:1209.53ms
step:2400/3300 train_loss:3.35482 train_time:2902.867s step_avg:1209.53ms
step:2401/3300 train_loss:3.38780 train_time:2904.079s step_avg:1209.53ms
step:2402/3300 train_loss:3.41236 train_time:2905.284s step_avg:1209.53ms
step:2403/3300 train_loss:3.36982 train_time:2906.485s step_avg:1209.52ms
step:2404/3300 train_loss:3.48993 train_time:2907.685s step_avg:1209.52ms
step:2405/3300 train_loss:3.36840 train_time:2908.902s step_avg:1209.52ms
step:2406/3300 train_loss:3.52049 train_time:2910.121s step_avg:1209.53ms
step:2407/3300 train_loss:3.34525 train_time:2911.325s step_avg:1209.52ms
step:2408/3300 train_loss:3.38155 train_time:2912.524s step_avg:1209.52ms
step:2409/3300 train_loss:3.38705 train_time:2913.732s step_avg:1209.52ms
step:2410/3300 train_loss:3.43242 train_time:2914.928s step_avg:1209.51ms
step:2411/3300 train_loss:3.41812 train_time:2916.143s step_avg:1209.52ms
step:2412/3300 train_loss:3.37208 train_time:2917.347s step_avg:1209.51ms
step:2413/3300 train_loss:3.37343 train_time:2918.549s step_avg:1209.51ms
step:2414/3300 train_loss:3.46186 train_time:2919.748s step_avg:1209.51ms
step:2415/3300 train_loss:3.42676 train_time:2920.957s step_avg:1209.51ms
step:2416/3300 train_loss:3.37547 train_time:2922.172s step_avg:1209.51ms
step:2417/3300 train_loss:3.38802 train_time:2923.362s step_avg:1209.50ms
step:2418/3300 train_loss:3.40994 train_time:2924.562s step_avg:1209.50ms
step:2419/3300 train_loss:3.36809 train_time:2925.762s step_avg:1209.49ms
step:2420/3300 train_loss:3.38497 train_time:2926.961s step_avg:1209.49ms
step:2421/3300 train_loss:3.49013 train_time:2928.180s step_avg:1209.49ms
step:2422/3300 train_loss:3.46898 train_time:2929.384s step_avg:1209.49ms
step:2423/3300 train_loss:3.46028 train_time:2930.586s step_avg:1209.49ms
step:2424/3300 train_loss:3.42134 train_time:2931.785s step_avg:1209.48ms
step:2425/3300 train_loss:3.36705 train_time:2932.986s step_avg:1209.48ms
step:2426/3300 train_loss:3.31610 train_time:2934.200s step_avg:1209.48ms
step:2427/3300 train_loss:3.44967 train_time:2935.399s step_avg:1209.48ms
step:2428/3300 train_loss:3.38538 train_time:2936.598s step_avg:1209.47ms
step:2429/3300 train_loss:3.35510 train_time:2937.794s step_avg:1209.47ms
step:2430/3300 train_loss:3.41672 train_time:2938.987s step_avg:1209.46ms
step:2431/3300 train_loss:3.47934 train_time:2940.200s step_avg:1209.46ms
step:2432/3300 train_loss:3.41684 train_time:2941.406s step_avg:1209.46ms
step:2433/3300 train_loss:3.39886 train_time:2942.606s step_avg:1209.46ms
step:2434/3300 train_loss:3.38648 train_time:2943.804s step_avg:1209.45ms
step:2435/3300 train_loss:3.38098 train_time:2945.003s step_avg:1209.45ms
step:2436/3300 train_loss:3.39544 train_time:2946.217s step_avg:1209.45ms
step:2437/3300 train_loss:3.38196 train_time:2947.413s step_avg:1209.44ms
step:2438/3300 train_loss:3.39617 train_time:2948.606s step_avg:1209.44ms
step:2439/3300 train_loss:3.35670 train_time:2949.807s step_avg:1209.43ms
step:2440/3300 train_loss:3.38808 train_time:2951.021s step_avg:1209.43ms
step:2441/3300 train_loss:3.36107 train_time:2952.246s step_avg:1209.44ms
step:2442/3300 train_loss:3.42995 train_time:2953.443s step_avg:1209.44ms
step:2443/3300 train_loss:3.39789 train_time:2954.646s step_avg:1209.43ms
step:2444/3300 train_loss:3.32845 train_time:2955.846s step_avg:1209.43ms
step:2445/3300 train_loss:3.44739 train_time:2957.045s step_avg:1209.43ms
step:2446/3300 train_loss:3.37798 train_time:2958.255s step_avg:1209.43ms
step:2447/3300 train_loss:3.37588 train_time:2959.449s step_avg:1209.42ms
step:2448/3300 train_loss:3.45318 train_time:2960.646s step_avg:1209.41ms
step:2449/3300 train_loss:3.39695 train_time:2961.846s step_avg:1209.41ms
step:2450/3300 train_loss:3.41823 train_time:2963.077s step_avg:1209.42ms
step:2451/3300 train_loss:3.41340 train_time:2964.300s step_avg:1209.42ms
step:2452/3300 train_loss:3.42890 train_time:2965.501s step_avg:1209.42ms
step:2453/3300 train_loss:3.37280 train_time:2966.703s step_avg:1209.42ms
step:2454/3300 train_loss:3.44196 train_time:2967.913s step_avg:1209.42ms
step:2455/3300 train_loss:3.46484 train_time:2969.110s step_avg:1209.41ms
step:2456/3300 train_loss:3.32983 train_time:2970.330s step_avg:1209.42ms
step:2457/3300 train_loss:3.37614 train_time:2971.537s step_avg:1209.42ms
step:2458/3300 train_loss:3.51426 train_time:2972.740s step_avg:1209.41ms
step:2459/3300 train_loss:3.58890 train_time:2973.945s step_avg:1209.41ms
step:2460/3300 train_loss:3.40869 train_time:2975.150s step_avg:1209.41ms
step:2461/3300 train_loss:3.37489 train_time:2976.366s step_avg:1209.41ms
step:2462/3300 train_loss:3.43717 train_time:2977.567s step_avg:1209.41ms
step:2463/3300 train_loss:3.44982 train_time:2978.767s step_avg:1209.41ms
step:2464/3300 train_loss:3.47425 train_time:2979.978s step_avg:1209.41ms
step:2465/3300 train_loss:3.37629 train_time:2981.181s step_avg:1209.40ms
step:2466/3300 train_loss:3.41653 train_time:2982.398s step_avg:1209.41ms
step:2467/3300 train_loss:3.35289 train_time:2983.600s step_avg:1209.40ms
step:2468/3300 train_loss:3.41422 train_time:2984.808s step_avg:1209.40ms
step:2469/3300 train_loss:3.48686 train_time:2986.005s step_avg:1209.40ms
step:2470/3300 train_loss:3.38948 train_time:2987.209s step_avg:1209.40ms
step:2471/3300 train_loss:3.38468 train_time:2988.454s step_avg:1209.41ms
step:2472/3300 train_loss:3.37930 train_time:2989.659s step_avg:1209.41ms
step:2473/3300 train_loss:3.56761 train_time:2990.852s step_avg:1209.40ms
step:2474/3300 train_loss:3.42528 train_time:2992.055s step_avg:1209.40ms
step:2475/3300 train_loss:3.38864 train_time:2993.261s step_avg:1209.40ms
step:2476/3300 train_loss:3.37092 train_time:2994.522s step_avg:1209.42ms
step:2477/3300 train_loss:3.38429 train_time:2995.724s step_avg:1209.42ms
step:2478/3300 train_loss:3.39298 train_time:2996.929s step_avg:1209.41ms
step:2479/3300 train_loss:3.41769 train_time:2998.172s step_avg:1209.43ms
step:2480/3300 train_loss:3.34071 train_time:2999.374s step_avg:1209.42ms
step:2481/3300 train_loss:3.45108 train_time:3000.610s step_avg:1209.44ms
step:2482/3300 train_loss:3.36345 train_time:3001.825s step_avg:1209.44ms
step:2483/3300 train_loss:3.38355 train_time:3003.041s step_avg:1209.44ms
step:2484/3300 train_loss:3.44847 train_time:3004.264s step_avg:1209.45ms
step:2485/3300 train_loss:3.44627 train_time:3005.502s step_avg:1209.46ms
step:2486/3300 train_loss:3.39862 train_time:3006.721s step_avg:1209.46ms
step:2487/3300 train_loss:3.42116 train_time:3007.939s step_avg:1209.46ms
step:2488/3300 train_loss:3.37564 train_time:3009.155s step_avg:1209.47ms
step:2489/3300 train_loss:3.40276 train_time:3010.370s step_avg:1209.47ms
step:2490/3300 train_loss:3.40927 train_time:3011.589s step_avg:1209.47ms
step:2491/3300 train_loss:3.42889 train_time:3012.815s step_avg:1209.48ms
step:2492/3300 train_loss:3.36605 train_time:3014.023s step_avg:1209.48ms
step:2493/3300 train_loss:3.41603 train_time:3015.224s step_avg:1209.48ms
step:2494/3300 train_loss:3.40908 train_time:3016.428s step_avg:1209.47ms
step:2495/3300 train_loss:3.34362 train_time:3017.629s step_avg:1209.47ms
step:2496/3300 train_loss:3.37182 train_time:3018.849s step_avg:1209.47ms
step:2497/3300 train_loss:3.37607 train_time:3020.065s step_avg:1209.48ms
step:2498/3300 train_loss:3.34669 train_time:3021.288s step_avg:1209.48ms
step:2499/3300 train_loss:3.39120 train_time:3022.494s step_avg:1209.48ms
step:2500/3300 train_loss:3.33495 train_time:3023.697s step_avg:1209.48ms
step:2500/3300 val_loss:3.37126 train_time:3023.697s step_avg:1208.24ms
step:2501/3300 train_loss:3.35833 train_time:3024.905s step_avg:1209.48ms
step:2502/3300 train_loss:3.36420 train_time:3026.105s step_avg:1209.47ms
step:2503/3300 train_loss:3.37750 train_time:3027.319s step_avg:1209.48ms
step:2504/3300 train_loss:3.43936 train_time:3028.523s step_avg:1209.47ms
step:2505/3300 train_loss:3.39710 train_time:3029.726s step_avg:1209.47ms
step:2506/3300 train_loss:3.37521 train_time:3030.943s step_avg:1209.47ms
step:2507/3300 train_loss:3.44474 train_time:3032.172s step_avg:1209.48ms
step:2508/3300 train_loss:3.37618 train_time:3033.374s step_avg:1209.48ms
step:2509/3300 train_loss:3.46604 train_time:3034.580s step_avg:1209.48ms
step:2510/3300 train_loss:3.40253 train_time:3035.795s step_avg:1209.48ms
step:2511/3300 train_loss:3.40068 train_time:3037.022s step_avg:1209.49ms
step:2512/3300 train_loss:3.40460 train_time:3038.226s step_avg:1209.48ms
step:2513/3300 train_loss:3.37249 train_time:3039.422s step_avg:1209.48ms
step:2514/3300 train_loss:3.40773 train_time:3040.625s step_avg:1209.48ms
step:2515/3300 train_loss:3.33122 train_time:3041.828s step_avg:1209.47ms
step:2516/3300 train_loss:3.39440 train_time:3043.037s step_avg:1209.47ms
step:2517/3300 train_loss:3.36918 train_time:3044.243s step_avg:1209.47ms
step:2518/3300 train_loss:3.43025 train_time:3045.452s step_avg:1209.47ms
step:2519/3300 train_loss:3.42357 train_time:3046.648s step_avg:1209.47ms
step:2520/3300 train_loss:3.41780 train_time:3047.845s step_avg:1209.46ms
step:2521/3300 train_loss:3.42216 train_time:3049.058s step_avg:1209.46ms
step:2522/3300 train_loss:3.38320 train_time:3050.264s step_avg:1209.46ms
step:2523/3300 train_loss:3.34235 train_time:3051.468s step_avg:1209.46ms
step:2524/3300 train_loss:3.41792 train_time:3052.673s step_avg:1209.46ms
step:2525/3300 train_loss:3.35546 train_time:3053.873s step_avg:1209.45ms
step:2526/3300 train_loss:3.42288 train_time:3055.078s step_avg:1209.45ms
step:2527/3300 train_loss:3.38141 train_time:3056.280s step_avg:1209.45ms
step:2528/3300 train_loss:3.29867 train_time:3057.479s step_avg:1209.45ms
step:2529/3300 train_loss:3.41604 train_time:3058.677s step_avg:1209.44ms
step:2530/3300 train_loss:3.40510 train_time:3059.877s step_avg:1209.44ms
step:2531/3300 train_loss:3.40650 train_time:3061.088s step_avg:1209.44ms
step:2532/3300 train_loss:3.35483 train_time:3062.283s step_avg:1209.43ms
step:2533/3300 train_loss:3.38563 train_time:3063.481s step_avg:1209.43ms
step:2534/3300 train_loss:3.38465 train_time:3064.680s step_avg:1209.42ms
step:2535/3300 train_loss:3.38425 train_time:3065.881s step_avg:1209.42ms
step:2536/3300 train_loss:3.38493 train_time:3067.093s step_avg:1209.42ms
step:2537/3300 train_loss:3.32545 train_time:3068.289s step_avg:1209.42ms
step:2538/3300 train_loss:3.34033 train_time:3069.486s step_avg:1209.41ms
step:2539/3300 train_loss:3.37513 train_time:3070.686s step_avg:1209.41ms
step:2540/3300 train_loss:3.38695 train_time:3071.889s step_avg:1209.41ms
step:2541/3300 train_loss:3.37328 train_time:3073.101s step_avg:1209.41ms
step:2542/3300 train_loss:3.56236 train_time:3074.300s step_avg:1209.40ms
step:2543/3300 train_loss:3.59211 train_time:3075.499s step_avg:1209.40ms
step:2544/3300 train_loss:3.35880 train_time:3076.700s step_avg:1209.39ms
step:2545/3300 train_loss:3.36963 train_time:3077.899s step_avg:1209.39ms
step:2546/3300 train_loss:3.51752 train_time:3079.115s step_avg:1209.39ms
step:2547/3300 train_loss:3.37861 train_time:3080.310s step_avg:1209.39ms
step:2548/3300 train_loss:3.32807 train_time:3081.510s step_avg:1209.38ms
step:2549/3300 train_loss:3.41906 train_time:3082.710s step_avg:1209.38ms
step:2550/3300 train_loss:3.40392 train_time:3083.915s step_avg:1209.38ms
step:2551/3300 train_loss:3.36738 train_time:3085.133s step_avg:1209.38ms
step:2552/3300 train_loss:3.35738 train_time:3086.331s step_avg:1209.38ms
step:2553/3300 train_loss:3.42660 train_time:3087.536s step_avg:1209.38ms
step:2554/3300 train_loss:3.41222 train_time:3088.734s step_avg:1209.37ms
step:2555/3300 train_loss:3.34038 train_time:3089.933s step_avg:1209.37ms
step:2556/3300 train_loss:3.40385 train_time:3091.159s step_avg:1209.37ms
step:2557/3300 train_loss:3.38672 train_time:3092.366s step_avg:1209.37ms
step:2558/3300 train_loss:3.35953 train_time:3093.570s step_avg:1209.37ms
step:2559/3300 train_loss:3.35376 train_time:3094.771s step_avg:1209.37ms
step:2560/3300 train_loss:3.38686 train_time:3095.975s step_avg:1209.37ms
step:2561/3300 train_loss:3.41093 train_time:3097.198s step_avg:1209.37ms
step:2562/3300 train_loss:3.35396 train_time:3098.394s step_avg:1209.37ms
step:2563/3300 train_loss:3.44950 train_time:3099.593s step_avg:1209.36ms
step:2564/3300 train_loss:3.39561 train_time:3100.806s step_avg:1209.36ms
step:2565/3300 train_loss:3.33134 train_time:3102.010s step_avg:1209.36ms
step:2566/3300 train_loss:3.40301 train_time:3103.243s step_avg:1209.37ms
step:2567/3300 train_loss:3.41571 train_time:3104.452s step_avg:1209.37ms
step:2568/3300 train_loss:3.38350 train_time:3105.659s step_avg:1209.37ms
step:2569/3300 train_loss:3.34670 train_time:3106.865s step_avg:1209.37ms
step:2570/3300 train_loss:3.40432 train_time:3108.065s step_avg:1209.36ms
step:2571/3300 train_loss:3.34784 train_time:3109.278s step_avg:1209.37ms
step:2572/3300 train_loss:3.36100 train_time:3110.482s step_avg:1209.36ms
step:2573/3300 train_loss:3.32421 train_time:3111.686s step_avg:1209.36ms
step:2574/3300 train_loss:3.36677 train_time:3112.886s step_avg:1209.36ms
step:2575/3300 train_loss:3.36066 train_time:3114.084s step_avg:1209.35ms
step:2576/3300 train_loss:3.39447 train_time:3115.300s step_avg:1209.36ms
step:2577/3300 train_loss:3.36174 train_time:3116.509s step_avg:1209.36ms
step:2578/3300 train_loss:3.36879 train_time:3117.711s step_avg:1209.35ms
step:2579/3300 train_loss:3.30963 train_time:3118.911s step_avg:1209.35ms
step:2580/3300 train_loss:3.35052 train_time:3120.117s step_avg:1209.35ms
step:2581/3300 train_loss:3.43511 train_time:3121.364s step_avg:1209.36ms
step:2582/3300 train_loss:3.33213 train_time:3122.565s step_avg:1209.36ms
step:2583/3300 train_loss:3.42055 train_time:3123.768s step_avg:1209.36ms
step:2584/3300 train_loss:3.43764 train_time:3124.968s step_avg:1209.35ms
step:2585/3300 train_loss:3.41398 train_time:3126.169s step_avg:1209.35ms
step:2586/3300 train_loss:3.39674 train_time:3127.384s step_avg:1209.35ms
step:2587/3300 train_loss:3.37201 train_time:3128.586s step_avg:1209.35ms
step:2588/3300 train_loss:3.40168 train_time:3129.790s step_avg:1209.35ms
step:2589/3300 train_loss:3.31158 train_time:3130.992s step_avg:1209.34ms
step:2590/3300 train_loss:3.43660 train_time:3132.206s step_avg:1209.35ms
step:2591/3300 train_loss:3.42612 train_time:3133.434s step_avg:1209.35ms
step:2592/3300 train_loss:3.44966 train_time:3134.631s step_avg:1209.35ms
step:2593/3300 train_loss:3.38176 train_time:3135.848s step_avg:1209.35ms
step:2594/3300 train_loss:3.37424 train_time:3137.053s step_avg:1209.35ms
step:2595/3300 train_loss:3.41747 train_time:3138.255s step_avg:1209.35ms
step:2596/3300 train_loss:3.32830 train_time:3139.472s step_avg:1209.35ms
step:2597/3300 train_loss:3.46451 train_time:3140.678s step_avg:1209.35ms
step:2598/3300 train_loss:3.37989 train_time:3141.884s step_avg:1209.35ms
step:2599/3300 train_loss:3.32725 train_time:3143.090s step_avg:1209.35ms
step:2600/3300 train_loss:3.38981 train_time:3144.305s step_avg:1209.35ms
step:2601/3300 train_loss:3.32769 train_time:3145.532s step_avg:1209.35ms
step:2602/3300 train_loss:3.38128 train_time:3146.735s step_avg:1209.35ms
step:2603/3300 train_loss:3.40449 train_time:3147.935s step_avg:1209.35ms
step:2604/3300 train_loss:3.38543 train_time:3149.142s step_avg:1209.35ms
step:2605/3300 train_loss:3.35175 train_time:3150.345s step_avg:1209.35ms
step:2606/3300 train_loss:3.35047 train_time:3151.560s step_avg:1209.35ms
step:2607/3300 train_loss:3.32961 train_time:3152.757s step_avg:1209.34ms
step:2608/3300 train_loss:3.40342 train_time:3153.955s step_avg:1209.34ms
step:2609/3300 train_loss:3.38532 train_time:3155.164s step_avg:1209.34ms
step:2610/3300 train_loss:3.36577 train_time:3156.404s step_avg:1209.35ms
step:2611/3300 train_loss:3.33159 train_time:3157.624s step_avg:1209.35ms
step:2612/3300 train_loss:3.35802 train_time:3158.826s step_avg:1209.35ms
step:2613/3300 train_loss:3.37417 train_time:3160.030s step_avg:1209.35ms
step:2614/3300 train_loss:3.42645 train_time:3161.236s step_avg:1209.35ms
step:2615/3300 train_loss:3.31848 train_time:3162.436s step_avg:1209.34ms
step:2616/3300 train_loss:3.31888 train_time:3163.661s step_avg:1209.35ms
step:2617/3300 train_loss:3.40756 train_time:3164.853s step_avg:1209.34ms
step:2618/3300 train_loss:3.36578 train_time:3166.056s step_avg:1209.34ms
step:2619/3300 train_loss:3.37370 train_time:3167.255s step_avg:1209.34ms
step:2620/3300 train_loss:3.41723 train_time:3168.455s step_avg:1209.33ms
step:2621/3300 train_loss:3.37223 train_time:3169.671s step_avg:1209.34ms
step:2622/3300 train_loss:3.37779 train_time:3170.883s step_avg:1209.34ms
step:2623/3300 train_loss:3.38514 train_time:3172.088s step_avg:1209.34ms
step:2624/3300 train_loss:3.37377 train_time:3173.312s step_avg:1209.34ms
step:2625/3300 train_loss:3.34389 train_time:3174.513s step_avg:1209.34ms
step:2625/3300 val_loss:3.35359 train_time:3174.513s step_avg:1206.53ms
step:2626/3300 train_loss:3.39461 train_time:3175.730s step_avg:1209.34ms
step:2627/3300 train_loss:3.37455 train_time:3176.934s step_avg:1209.34ms
step:2628/3300 train_loss:3.41110 train_time:3178.144s step_avg:1209.34ms
step:2629/3300 train_loss:3.38797 train_time:3179.359s step_avg:1209.34ms
step:2630/3300 train_loss:3.35971 train_time:3180.568s step_avg:1209.34ms
step:2631/3300 train_loss:3.42238 train_time:3181.794s step_avg:1209.35ms
step:2632/3300 train_loss:3.33002 train_time:3182.992s step_avg:1209.34ms
step:2633/3300 train_loss:3.39746 train_time:3184.205s step_avg:1209.34ms
step:2634/3300 train_loss:3.30731 train_time:3185.399s step_avg:1209.34ms
step:2635/3300 train_loss:3.33179 train_time:3186.597s step_avg:1209.33ms
step:2636/3300 train_loss:3.36358 train_time:3187.817s step_avg:1209.34ms
step:2637/3300 train_loss:3.35386 train_time:3189.020s step_avg:1209.34ms
step:2638/3300 train_loss:3.38983 train_time:3190.222s step_avg:1209.33ms
step:2639/3300 train_loss:3.37601 train_time:3191.436s step_avg:1209.34ms
step:2640/3300 train_loss:3.42111 train_time:3192.657s step_avg:1209.34ms
step:2641/3300 train_loss:3.36014 train_time:3193.890s step_avg:1209.35ms
step:2642/3300 train_loss:3.32396 train_time:3195.115s step_avg:1209.35ms
step:2643/3300 train_loss:3.36091 train_time:3196.316s step_avg:1209.35ms
step:2644/3300 train_loss:3.36068 train_time:3197.529s step_avg:1209.35ms
step:2645/3300 train_loss:3.40892 train_time:3198.727s step_avg:1209.35ms
step:2646/3300 train_loss:3.35087 train_time:3199.940s step_avg:1209.35ms
step:2647/3300 train_loss:3.35876 train_time:3201.151s step_avg:1209.35ms
step:2648/3300 train_loss:3.38614 train_time:3202.354s step_avg:1209.35ms
step:2649/3300 train_loss:3.40464 train_time:3203.564s step_avg:1209.35ms
step:2650/3300 train_loss:3.40110 train_time:3204.780s step_avg:1209.35ms
step:2651/3300 train_loss:3.39578 train_time:3206.002s step_avg:1209.36ms
step:2652/3300 train_loss:3.37829 train_time:3207.206s step_avg:1209.35ms
step:2653/3300 train_loss:3.40654 train_time:3208.404s step_avg:1209.35ms
step:2654/3300 train_loss:3.40119 train_time:3209.602s step_avg:1209.35ms
step:2655/3300 train_loss:3.36708 train_time:3210.808s step_avg:1209.34ms
step:2656/3300 train_loss:3.37763 train_time:3212.019s step_avg:1209.34ms
step:2657/3300 train_loss:3.32975 train_time:3213.241s step_avg:1209.35ms
step:2658/3300 train_loss:3.35353 train_time:3214.444s step_avg:1209.35ms
step:2659/3300 train_loss:3.37991 train_time:3215.642s step_avg:1209.34ms
step:2660/3300 train_loss:3.35773 train_time:3216.843s step_avg:1209.34ms
step:2661/3300 train_loss:3.38001 train_time:3218.082s step_avg:1209.35ms
step:2662/3300 train_loss:3.36910 train_time:3219.284s step_avg:1209.35ms
step:2663/3300 train_loss:3.35819 train_time:3220.484s step_avg:1209.34ms
step:2664/3300 train_loss:3.33014 train_time:3221.683s step_avg:1209.34ms
step:2665/3300 train_loss:3.38630 train_time:3222.892s step_avg:1209.34ms
step:2666/3300 train_loss:3.40048 train_time:3224.103s step_avg:1209.34ms
step:2667/3300 train_loss:3.39814 train_time:3225.301s step_avg:1209.34ms
step:2668/3300 train_loss:3.34966 train_time:3226.502s step_avg:1209.33ms
step:2669/3300 train_loss:3.38171 train_time:3227.704s step_avg:1209.33ms
step:2670/3300 train_loss:3.34200 train_time:3228.907s step_avg:1209.33ms
step:2671/3300 train_loss:3.32942 train_time:3230.141s step_avg:1209.34ms
step:2672/3300 train_loss:3.30108 train_time:3231.352s step_avg:1209.34ms
step:2673/3300 train_loss:3.35168 train_time:3232.555s step_avg:1209.34ms
step:2674/3300 train_loss:3.36668 train_time:3233.760s step_avg:1209.33ms
step:2675/3300 train_loss:3.41294 train_time:3234.970s step_avg:1209.33ms
step:2676/3300 train_loss:3.33012 train_time:3236.176s step_avg:1209.33ms
step:2677/3300 train_loss:3.27842 train_time:3237.379s step_avg:1209.33ms
step:2678/3300 train_loss:3.41445 train_time:3238.577s step_avg:1209.33ms
step:2679/3300 train_loss:3.41425 train_time:3239.775s step_avg:1209.32ms
step:2680/3300 train_loss:3.31250 train_time:3240.976s step_avg:1209.32ms
step:2681/3300 train_loss:3.35357 train_time:3242.188s step_avg:1209.32ms
step:2682/3300 train_loss:3.40828 train_time:3243.384s step_avg:1209.32ms
step:2683/3300 train_loss:3.40376 train_time:3244.583s step_avg:1209.31ms
step:2684/3300 train_loss:3.44933 train_time:3245.781s step_avg:1209.31ms
step:2685/3300 train_loss:3.38484 train_time:3246.980s step_avg:1209.30ms
step:2686/3300 train_loss:3.33973 train_time:3248.192s step_avg:1209.30ms
step:2687/3300 train_loss:3.39001 train_time:3249.380s step_avg:1209.30ms
step:2688/3300 train_loss:3.35016 train_time:3250.592s step_avg:1209.30ms
step:2689/3300 train_loss:3.39947 train_time:3251.787s step_avg:1209.29ms
step:2690/3300 train_loss:3.37795 train_time:3252.988s step_avg:1209.29ms
step:2691/3300 train_loss:3.36359 train_time:3254.203s step_avg:1209.29ms
step:2692/3300 train_loss:3.41257 train_time:3255.404s step_avg:1209.29ms
step:2693/3300 train_loss:3.40632 train_time:3256.606s step_avg:1209.29ms
step:2694/3300 train_loss:3.33580 train_time:3257.807s step_avg:1209.28ms
step:2695/3300 train_loss:3.31990 train_time:3259.011s step_avg:1209.28ms
step:2696/3300 train_loss:3.47443 train_time:3260.229s step_avg:1209.28ms
step:2697/3300 train_loss:3.35053 train_time:3261.430s step_avg:1209.28ms
step:2698/3300 train_loss:3.27822 train_time:3262.628s step_avg:1209.28ms
step:2699/3300 train_loss:3.36252 train_time:3263.831s step_avg:1209.27ms
step:2700/3300 train_loss:3.36858 train_time:3265.028s step_avg:1209.27ms
step:2701/3300 train_loss:3.35407 train_time:3266.241s step_avg:1209.27ms
step:2702/3300 train_loss:3.35499 train_time:3267.444s step_avg:1209.27ms
step:2703/3300 train_loss:3.40993 train_time:3268.659s step_avg:1209.27ms
step:2704/3300 train_loss:3.35786 train_time:3269.862s step_avg:1209.27ms
step:2705/3300 train_loss:3.35531 train_time:3271.065s step_avg:1209.27ms
step:2706/3300 train_loss:3.37593 train_time:3272.273s step_avg:1209.27ms
step:2707/3300 train_loss:3.38761 train_time:3273.480s step_avg:1209.26ms
step:2708/3300 train_loss:3.34564 train_time:3274.686s step_avg:1209.26ms
step:2709/3300 train_loss:3.39547 train_time:3275.889s step_avg:1209.26ms
step:2710/3300 train_loss:3.32534 train_time:3277.089s step_avg:1209.26ms
step:2711/3300 train_loss:3.42321 train_time:3278.304s step_avg:1209.26ms
step:2712/3300 train_loss:3.36502 train_time:3279.504s step_avg:1209.26ms
step:2713/3300 train_loss:3.34967 train_time:3280.708s step_avg:1209.25ms
step:2714/3300 train_loss:3.35518 train_time:3281.915s step_avg:1209.25ms
step:2715/3300 train_loss:3.31129 train_time:3283.119s step_avg:1209.25ms
step:2716/3300 train_loss:3.34117 train_time:3284.340s step_avg:1209.26ms
step:2717/3300 train_loss:3.34440 train_time:3285.544s step_avg:1209.25ms
step:2718/3300 train_loss:3.40597 train_time:3286.749s step_avg:1209.25ms
step:2719/3300 train_loss:3.34705 train_time:3287.954s step_avg:1209.25ms
step:2720/3300 train_loss:3.36756 train_time:3289.153s step_avg:1209.25ms
step:2721/3300 train_loss:3.40279 train_time:3290.376s step_avg:1209.25ms
step:2722/3300 train_loss:3.48538 train_time:3291.571s step_avg:1209.25ms
step:2723/3300 train_loss:3.33790 train_time:3292.770s step_avg:1209.24ms
step:2724/3300 train_loss:3.36803 train_time:3293.972s step_avg:1209.24ms
step:2725/3300 train_loss:3.40485 train_time:3295.165s step_avg:1209.23ms
step:2726/3300 train_loss:3.35880 train_time:3296.386s step_avg:1209.24ms
step:2727/3300 train_loss:3.34255 train_time:3297.588s step_avg:1209.24ms
step:2728/3300 train_loss:3.37372 train_time:3298.790s step_avg:1209.23ms
step:2729/3300 train_loss:3.39963 train_time:3299.991s step_avg:1209.23ms
step:2730/3300 train_loss:3.40426 train_time:3301.192s step_avg:1209.23ms
step:2731/3300 train_loss:3.32635 train_time:3302.405s step_avg:1209.23ms
step:2732/3300 train_loss:3.31781 train_time:3303.618s step_avg:1209.23ms
step:2733/3300 train_loss:3.28965 train_time:3304.824s step_avg:1209.23ms
step:2734/3300 train_loss:3.34600 train_time:3306.029s step_avg:1209.23ms
step:2735/3300 train_loss:3.36041 train_time:3307.232s step_avg:1209.23ms
step:2736/3300 train_loss:3.35229 train_time:3308.449s step_avg:1209.23ms
step:2737/3300 train_loss:3.36319 train_time:3309.652s step_avg:1209.23ms
step:2738/3300 train_loss:3.33343 train_time:3310.851s step_avg:1209.22ms
step:2739/3300 train_loss:3.29792 train_time:3312.052s step_avg:1209.22ms
step:2740/3300 train_loss:3.36553 train_time:3313.252s step_avg:1209.22ms
step:2741/3300 train_loss:3.36176 train_time:3314.468s step_avg:1209.22ms
step:2742/3300 train_loss:3.39144 train_time:3315.671s step_avg:1209.22ms
step:2743/3300 train_loss:3.38524 train_time:3316.872s step_avg:1209.21ms
step:2744/3300 train_loss:3.40905 train_time:3318.072s step_avg:1209.21ms
step:2745/3300 train_loss:3.31530 train_time:3319.272s step_avg:1209.21ms
step:2746/3300 train_loss:3.35839 train_time:3320.482s step_avg:1209.21ms
step:2747/3300 train_loss:3.34137 train_time:3321.685s step_avg:1209.20ms
step:2748/3300 train_loss:3.37354 train_time:3322.891s step_avg:1209.20ms
step:2749/3300 train_loss:3.36210 train_time:3324.092s step_avg:1209.20ms
step:2750/3300 train_loss:3.37995 train_time:3325.294s step_avg:1209.20ms
step:2750/3300 val_loss:3.33738 train_time:3325.294s step_avg:1206.25ms
step:2751/3300 train_loss:3.33176 train_time:3326.507s step_avg:1209.20ms
step:2752/3300 train_loss:3.31076 train_time:3327.712s step_avg:1209.20ms
step:2753/3300 train_loss:3.32647 train_time:3328.916s step_avg:1209.20ms
step:2754/3300 train_loss:3.32396 train_time:3330.126s step_avg:1209.20ms
step:2755/3300 train_loss:3.29444 train_time:3331.334s step_avg:1209.20ms
step:2756/3300 train_loss:3.32998 train_time:3332.558s step_avg:1209.20ms
step:2757/3300 train_loss:3.42080 train_time:3333.760s step_avg:1209.20ms
step:2758/3300 train_loss:3.31647 train_time:3334.959s step_avg:1209.19ms
step:2759/3300 train_loss:3.33994 train_time:3336.159s step_avg:1209.19ms
step:2760/3300 train_loss:3.36678 train_time:3337.365s step_avg:1209.19ms
step:2761/3300 train_loss:3.36568 train_time:3338.573s step_avg:1209.19ms
step:2762/3300 train_loss:3.31332 train_time:3339.782s step_avg:1209.19ms
step:2763/3300 train_loss:3.35966 train_time:3340.979s step_avg:1209.19ms
step:2764/3300 train_loss:3.39583 train_time:3342.183s step_avg:1209.18ms
step:2765/3300 train_loss:3.33148 train_time:3343.381s step_avg:1209.18ms
step:2766/3300 train_loss:3.31887 train_time:3344.595s step_avg:1209.18ms
step:2767/3300 train_loss:3.34310 train_time:3345.800s step_avg:1209.18ms
step:2768/3300 train_loss:3.35324 train_time:3347.002s step_avg:1209.18ms
step:2769/3300 train_loss:3.32682 train_time:3348.201s step_avg:1209.17ms
step:2770/3300 train_loss:3.27203 train_time:3349.401s step_avg:1209.17ms
step:2771/3300 train_loss:3.46415 train_time:3350.614s step_avg:1209.17ms
step:2772/3300 train_loss:3.32812 train_time:3351.836s step_avg:1209.18ms
step:2773/3300 train_loss:3.31255 train_time:3353.047s step_avg:1209.18ms
step:2774/3300 train_loss:3.33072 train_time:3354.243s step_avg:1209.17ms
step:2775/3300 train_loss:3.36498 train_time:3355.442s step_avg:1209.17ms
step:2776/3300 train_loss:3.41851 train_time:3356.670s step_avg:1209.18ms
step:2777/3300 train_loss:3.41009 train_time:3357.872s step_avg:1209.17ms
step:2778/3300 train_loss:3.38389 train_time:3359.080s step_avg:1209.17ms
step:2779/3300 train_loss:3.34892 train_time:3360.280s step_avg:1209.17ms
step:2780/3300 train_loss:3.36186 train_time:3361.497s step_avg:1209.17ms
step:2781/3300 train_loss:3.32178 train_time:3362.722s step_avg:1209.18ms
step:2782/3300 train_loss:3.36742 train_time:3363.929s step_avg:1209.18ms
step:2783/3300 train_loss:3.36354 train_time:3365.146s step_avg:1209.18ms
step:2784/3300 train_loss:3.36541 train_time:3366.358s step_avg:1209.18ms
step:2785/3300 train_loss:3.32618 train_time:3367.561s step_avg:1209.18ms
step:2786/3300 train_loss:3.36464 train_time:3368.777s step_avg:1209.18ms
step:2787/3300 train_loss:3.37540 train_time:3369.985s step_avg:1209.18ms
step:2788/3300 train_loss:3.39054 train_time:3371.185s step_avg:1209.18ms
step:2789/3300 train_loss:3.39063 train_time:3372.409s step_avg:1209.18ms
step:2790/3300 train_loss:3.33474 train_time:3373.617s step_avg:1209.18ms
step:2791/3300 train_loss:3.31581 train_time:3374.864s step_avg:1209.20ms
step:2792/3300 train_loss:3.35828 train_time:3376.066s step_avg:1209.19ms
step:2793/3300 train_loss:3.41948 train_time:3377.262s step_avg:1209.19ms
step:2794/3300 train_loss:3.31867 train_time:3378.462s step_avg:1209.18ms
step:2795/3300 train_loss:3.41182 train_time:3379.665s step_avg:1209.18ms
step:2796/3300 train_loss:3.32048 train_time:3380.887s step_avg:1209.19ms
step:2797/3300 train_loss:3.36669 train_time:3382.103s step_avg:1209.19ms
step:2798/3300 train_loss:3.33493 train_time:3383.310s step_avg:1209.19ms
step:2799/3300 train_loss:3.36299 train_time:3384.518s step_avg:1209.19ms
step:2800/3300 train_loss:3.39406 train_time:3385.735s step_avg:1209.19ms
step:2801/3300 train_loss:3.37447 train_time:3386.956s step_avg:1209.20ms
step:2802/3300 train_loss:3.30634 train_time:3388.158s step_avg:1209.19ms
step:2803/3300 train_loss:3.39571 train_time:3389.361s step_avg:1209.19ms
step:2804/3300 train_loss:3.45899 train_time:3390.562s step_avg:1209.19ms
step:2805/3300 train_loss:3.32273 train_time:3391.778s step_avg:1209.19ms
step:2806/3300 train_loss:3.43180 train_time:3392.996s step_avg:1209.19ms
step:2807/3300 train_loss:3.38472 train_time:3394.196s step_avg:1209.19ms
step:2808/3300 train_loss:3.33619 train_time:3395.400s step_avg:1209.19ms
step:2809/3300 train_loss:3.38727 train_time:3396.610s step_avg:1209.19ms
step:2810/3300 train_loss:3.35067 train_time:3397.818s step_avg:1209.19ms
step:2811/3300 train_loss:3.38156 train_time:3399.038s step_avg:1209.19ms
step:2812/3300 train_loss:3.30343 train_time:3400.244s step_avg:1209.19ms
step:2813/3300 train_loss:3.38803 train_time:3401.445s step_avg:1209.19ms
step:2814/3300 train_loss:3.33753 train_time:3402.647s step_avg:1209.19ms
step:2815/3300 train_loss:3.25457 train_time:3403.852s step_avg:1209.18ms
step:2816/3300 train_loss:3.30790 train_time:3405.071s step_avg:1209.19ms
step:2817/3300 train_loss:3.35968 train_time:3406.275s step_avg:1209.19ms
step:2818/3300 train_loss:3.35658 train_time:3407.476s step_avg:1209.18ms
step:2819/3300 train_loss:3.36693 train_time:3408.676s step_avg:1209.18ms
step:2820/3300 train_loss:3.36439 train_time:3409.882s step_avg:1209.18ms
step:2821/3300 train_loss:3.39613 train_time:3411.107s step_avg:1209.18ms
step:2822/3300 train_loss:3.36121 train_time:3412.305s step_avg:1209.18ms
step:2823/3300 train_loss:3.33271 train_time:3413.511s step_avg:1209.18ms
step:2824/3300 train_loss:3.28311 train_time:3414.714s step_avg:1209.18ms
step:2825/3300 train_loss:3.37440 train_time:3415.929s step_avg:1209.18ms
step:2826/3300 train_loss:3.33625 train_time:3417.140s step_avg:1209.18ms
step:2827/3300 train_loss:3.34842 train_time:3418.342s step_avg:1209.18ms
step:2828/3300 train_loss:3.33678 train_time:3419.543s step_avg:1209.17ms
step:2829/3300 train_loss:3.34327 train_time:3420.753s step_avg:1209.17ms
step:2830/3300 train_loss:3.37129 train_time:3421.949s step_avg:1209.17ms
step:2831/3300 train_loss:3.35953 train_time:3423.175s step_avg:1209.18ms
step:2832/3300 train_loss:3.36564 train_time:3424.377s step_avg:1209.17ms
step:2833/3300 train_loss:3.45273 train_time:3425.581s step_avg:1209.17ms
step:2834/3300 train_loss:3.34898 train_time:3426.781s step_avg:1209.17ms
step:2835/3300 train_loss:3.39342 train_time:3427.979s step_avg:1209.16ms
step:2836/3300 train_loss:3.33003 train_time:3429.196s step_avg:1209.17ms
step:2837/3300 train_loss:3.34003 train_time:3430.404s step_avg:1209.17ms
step:2838/3300 train_loss:3.37920 train_time:3431.605s step_avg:1209.16ms
step:2839/3300 train_loss:3.35985 train_time:3432.802s step_avg:1209.16ms
step:2840/3300 train_loss:3.33145 train_time:3434.003s step_avg:1209.16ms
step:2841/3300 train_loss:3.36626 train_time:3435.220s step_avg:1209.16ms
step:2842/3300 train_loss:3.35310 train_time:3436.438s step_avg:1209.16ms
step:2843/3300 train_loss:3.35373 train_time:3437.643s step_avg:1209.16ms
step:2844/3300 train_loss:3.44924 train_time:3438.847s step_avg:1209.16ms
step:2845/3300 train_loss:3.31480 train_time:3440.051s step_avg:1209.16ms
step:2846/3300 train_loss:3.31759 train_time:3441.270s step_avg:1209.16ms
step:2847/3300 train_loss:3.33734 train_time:3442.467s step_avg:1209.16ms
step:2848/3300 train_loss:3.36731 train_time:3443.677s step_avg:1209.16ms
step:2849/3300 train_loss:3.32444 train_time:3444.882s step_avg:1209.15ms
step:2850/3300 train_loss:3.34919 train_time:3446.087s step_avg:1209.15ms
step:2851/3300 train_loss:3.29955 train_time:3447.327s step_avg:1209.16ms
step:2852/3300 train_loss:3.35970 train_time:3448.529s step_avg:1209.16ms
step:2853/3300 train_loss:3.31559 train_time:3449.729s step_avg:1209.16ms
step:2854/3300 train_loss:3.32452 train_time:3450.928s step_avg:1209.16ms
step:2855/3300 train_loss:3.37197 train_time:3452.131s step_avg:1209.15ms
step:2856/3300 train_loss:3.44008 train_time:3453.346s step_avg:1209.15ms
step:2857/3300 train_loss:3.34883 train_time:3454.549s step_avg:1209.15ms
step:2858/3300 train_loss:3.38808 train_time:3455.778s step_avg:1209.16ms
step:2859/3300 train_loss:3.33497 train_time:3456.979s step_avg:1209.16ms
step:2860/3300 train_loss:3.30214 train_time:3458.181s step_avg:1209.15ms
step:2861/3300 train_loss:3.42016 train_time:3459.402s step_avg:1209.16ms
step:2862/3300 train_loss:3.38484 train_time:3460.605s step_avg:1209.16ms
step:2863/3300 train_loss:3.39765 train_time:3461.801s step_avg:1209.15ms
step:2864/3300 train_loss:3.32742 train_time:3462.999s step_avg:1209.15ms
step:2865/3300 train_loss:3.37531 train_time:3464.199s step_avg:1209.14ms
step:2866/3300 train_loss:3.28622 train_time:3465.412s step_avg:1209.15ms
step:2867/3300 train_loss:3.32715 train_time:3466.620s step_avg:1209.15ms
step:2868/3300 train_loss:3.35755 train_time:3467.822s step_avg:1209.14ms
step:2869/3300 train_loss:3.31952 train_time:3469.019s step_avg:1209.14ms
step:2870/3300 train_loss:3.32688 train_time:3470.230s step_avg:1209.14ms
step:2871/3300 train_loss:3.32122 train_time:3471.454s step_avg:1209.14ms
step:2872/3300 train_loss:3.29999 train_time:3472.654s step_avg:1209.14ms
step:2873/3300 train_loss:3.25539 train_time:3473.857s step_avg:1209.14ms
step:2874/3300 train_loss:3.36613 train_time:3475.056s step_avg:1209.14ms
step:2875/3300 train_loss:3.40583 train_time:3476.252s step_avg:1209.13ms
step:2875/3300 val_loss:3.32122 train_time:3476.252s step_avg:1207.67ms
step:2876/3300 train_loss:3.34346 train_time:3477.471s step_avg:1209.13ms
step:2877/3300 train_loss:3.33321 train_time:3478.674s step_avg:1209.13ms
step:2878/3300 train_loss:3.36998 train_time:3479.870s step_avg:1209.13ms
step:2879/3300 train_loss:3.35924 train_time:3481.072s step_avg:1209.13ms
step:2880/3300 train_loss:3.32774 train_time:3482.272s step_avg:1209.12ms
step:2881/3300 train_loss:3.31178 train_time:3483.519s step_avg:1209.14ms
step:2882/3300 train_loss:3.37955 train_time:3484.733s step_avg:1209.14ms
step:2883/3300 train_loss:3.31937 train_time:3485.934s step_avg:1209.13ms
step:2884/3300 train_loss:3.34752 train_time:3487.135s step_avg:1209.13ms
step:2885/3300 train_loss:3.30601 train_time:3488.338s step_avg:1209.13ms
step:2886/3300 train_loss:3.35070 train_time:3489.552s step_avg:1209.13ms
step:2887/3300 train_loss:3.41249 train_time:3490.754s step_avg:1209.13ms
step:2888/3300 train_loss:3.40516 train_time:3491.955s step_avg:1209.13ms
step:2889/3300 train_loss:3.47602 train_time:3493.153s step_avg:1209.12ms
step:2890/3300 train_loss:3.30283 train_time:3494.355s step_avg:1209.12ms
step:2891/3300 train_loss:3.33927 train_time:3495.579s step_avg:1209.12ms
step:2892/3300 train_loss:3.27158 train_time:3496.770s step_avg:1209.12ms
step:2893/3300 train_loss:3.29362 train_time:3497.975s step_avg:1209.12ms
step:2894/3300 train_loss:3.32601 train_time:3499.179s step_avg:1209.12ms
step:2895/3300 train_loss:3.39651 train_time:3500.367s step_avg:1209.11ms
step:2896/3300 train_loss:3.38889 train_time:3501.587s step_avg:1209.11ms
step:2897/3300 train_loss:3.30589 train_time:3502.795s step_avg:1209.11ms
step:2898/3300 train_loss:3.55394 train_time:3503.993s step_avg:1209.11ms
step:2899/3300 train_loss:3.34086 train_time:3505.210s step_avg:1209.11ms
step:2900/3300 train_loss:3.35715 train_time:3506.412s step_avg:1209.11ms
step:2901/3300 train_loss:3.31873 train_time:3507.631s step_avg:1209.11ms
step:2902/3300 train_loss:3.41679 train_time:3508.835s step_avg:1209.11ms
step:2903/3300 train_loss:3.31490 train_time:3510.034s step_avg:1209.11ms
step:2904/3300 train_loss:3.36940 train_time:3511.235s step_avg:1209.10ms
step:2905/3300 train_loss:3.39179 train_time:3512.476s step_avg:1209.11ms
step:2906/3300 train_loss:3.34169 train_time:3513.690s step_avg:1209.12ms
step:2907/3300 train_loss:3.35945 train_time:3514.891s step_avg:1209.11ms
step:2908/3300 train_loss:3.37465 train_time:3516.092s step_avg:1209.11ms
step:2909/3300 train_loss:3.39899 train_time:3517.294s step_avg:1209.11ms
step:2910/3300 train_loss:3.34837 train_time:3518.518s step_avg:1209.11ms
step:2911/3300 train_loss:3.33172 train_time:3519.732s step_avg:1209.11ms
step:2912/3300 train_loss:3.30748 train_time:3520.936s step_avg:1209.11ms
step:2913/3300 train_loss:3.39072 train_time:3522.136s step_avg:1209.11ms
step:2914/3300 train_loss:3.35229 train_time:3523.332s step_avg:1209.10ms
step:2915/3300 train_loss:3.35189 train_time:3524.583s step_avg:1209.12ms
step:2916/3300 train_loss:3.33011 train_time:3525.792s step_avg:1209.12ms
step:2917/3300 train_loss:3.40008 train_time:3526.994s step_avg:1209.12ms
step:2918/3300 train_loss:3.23420 train_time:3528.197s step_avg:1209.11ms
step:2919/3300 train_loss:3.29890 train_time:3529.397s step_avg:1209.11ms
step:2920/3300 train_loss:3.26960 train_time:3530.596s step_avg:1209.11ms
step:2921/3300 train_loss:3.35295 train_time:3531.812s step_avg:1209.11ms
step:2922/3300 train_loss:3.48654 train_time:3533.024s step_avg:1209.11ms
step:2923/3300 train_loss:3.34521 train_time:3534.230s step_avg:1209.11ms
step:2924/3300 train_loss:3.30168 train_time:3535.437s step_avg:1209.11ms
step:2925/3300 train_loss:3.34876 train_time:3536.641s step_avg:1209.11ms
step:2926/3300 train_loss:3.35836 train_time:3537.858s step_avg:1209.11ms
step:2927/3300 train_loss:3.28702 train_time:3539.063s step_avg:1209.11ms
step:2928/3300 train_loss:3.38663 train_time:3540.257s step_avg:1209.10ms
step:2929/3300 train_loss:3.29247 train_time:3541.458s step_avg:1209.10ms
step:2930/3300 train_loss:3.40411 train_time:3542.670s step_avg:1209.10ms
step:2931/3300 train_loss:3.35880 train_time:3543.903s step_avg:1209.11ms
step:2932/3300 train_loss:3.35409 train_time:3545.110s step_avg:1209.11ms
step:2933/3300 train_loss:3.57583 train_time:3546.314s step_avg:1209.11ms
step:2934/3300 train_loss:3.33177 train_time:3547.519s step_avg:1209.11ms
step:2935/3300 train_loss:3.45403 train_time:3548.712s step_avg:1209.10ms
step:2936/3300 train_loss:3.38076 train_time:3549.932s step_avg:1209.11ms
step:2937/3300 train_loss:3.32990 train_time:3551.138s step_avg:1209.10ms
step:2938/3300 train_loss:3.36576 train_time:3552.343s step_avg:1209.10ms
step:2939/3300 train_loss:3.37370 train_time:3553.551s step_avg:1209.10ms
step:2940/3300 train_loss:3.30344 train_time:3554.761s step_avg:1209.10ms
step:2941/3300 train_loss:3.31127 train_time:3555.976s step_avg:1209.10ms
step:2942/3300 train_loss:3.27034 train_time:3557.174s step_avg:1209.10ms
step:2943/3300 train_loss:3.31110 train_time:3558.391s step_avg:1209.10ms
step:2944/3300 train_loss:3.26355 train_time:3559.609s step_avg:1209.11ms
step:2945/3300 train_loss:3.35063 train_time:3560.816s step_avg:1209.11ms
step:2946/3300 train_loss:3.33687 train_time:3562.033s step_avg:1209.11ms
step:2947/3300 train_loss:3.31224 train_time:3563.238s step_avg:1209.11ms
step:2948/3300 train_loss:3.36308 train_time:3564.443s step_avg:1209.11ms
step:2949/3300 train_loss:3.29816 train_time:3565.653s step_avg:1209.11ms
step:2950/3300 train_loss:3.31558 train_time:3566.852s step_avg:1209.10ms
step:2951/3300 train_loss:3.36745 train_time:3568.075s step_avg:1209.11ms
step:2952/3300 train_loss:3.28265 train_time:3569.287s step_avg:1209.11ms
step:2953/3300 train_loss:3.36929 train_time:3570.497s step_avg:1209.11ms
step:2954/3300 train_loss:3.35436 train_time:3571.703s step_avg:1209.11ms
step:2955/3300 train_loss:3.32769 train_time:3572.909s step_avg:1209.11ms
step:2956/3300 train_loss:3.33004 train_time:3574.132s step_avg:1209.11ms
step:2957/3300 train_loss:3.33700 train_time:3575.340s step_avg:1209.11ms
step:2958/3300 train_loss:3.35029 train_time:3576.542s step_avg:1209.11ms
step:2959/3300 train_loss:3.26851 train_time:3577.751s step_avg:1209.11ms
step:2960/3300 train_loss:3.31731 train_time:3578.957s step_avg:1209.11ms
step:2961/3300 train_loss:3.38850 train_time:3580.175s step_avg:1209.11ms
step:2962/3300 train_loss:3.28995 train_time:3581.382s step_avg:1209.11ms
step:2963/3300 train_loss:3.25776 train_time:3582.589s step_avg:1209.11ms
step:2964/3300 train_loss:3.28656 train_time:3583.796s step_avg:1209.11ms
step:2965/3300 train_loss:3.34172 train_time:3585.019s step_avg:1209.11ms
step:2966/3300 train_loss:3.27985 train_time:3586.241s step_avg:1209.12ms
step:2967/3300 train_loss:3.33562 train_time:3587.448s step_avg:1209.12ms
step:2968/3300 train_loss:3.32030 train_time:3588.644s step_avg:1209.11ms
step:2969/3300 train_loss:3.49092 train_time:3589.839s step_avg:1209.11ms
step:2970/3300 train_loss:3.32151 train_time:3591.050s step_avg:1209.11ms
step:2971/3300 train_loss:3.37505 train_time:3592.281s step_avg:1209.12ms
step:2972/3300 train_loss:3.29799 train_time:3593.490s step_avg:1209.12ms
step:2973/3300 train_loss:3.35191 train_time:3594.701s step_avg:1209.12ms
step:2974/3300 train_loss:3.25364 train_time:3595.917s step_avg:1209.12ms
step:2975/3300 train_loss:3.31564 train_time:3597.148s step_avg:1209.13ms
step:2976/3300 train_loss:3.32700 train_time:3598.370s step_avg:1209.13ms
step:2977/3300 train_loss:3.29885 train_time:3599.563s step_avg:1209.12ms
step:2978/3300 train_loss:3.39391 train_time:3600.759s step_avg:1209.12ms
step:2979/3300 train_loss:3.31877 train_time:3601.960s step_avg:1209.12ms
step:2980/3300 train_loss:3.36099 train_time:3603.162s step_avg:1209.11ms
step:2981/3300 train_loss:3.31528 train_time:3604.384s step_avg:1209.12ms
step:2982/3300 train_loss:3.37269 train_time:3605.581s step_avg:1209.12ms
step:2983/3300 train_loss:3.33157 train_time:3606.785s step_avg:1209.11ms
step:2984/3300 train_loss:3.36292 train_time:3607.983s step_avg:1209.11ms
step:2985/3300 train_loss:3.36630 train_time:3609.188s step_avg:1209.11ms
step:2986/3300 train_loss:3.35515 train_time:3610.400s step_avg:1209.11ms
step:2987/3300 train_loss:3.28082 train_time:3611.601s step_avg:1209.11ms
step:2988/3300 train_loss:3.24242 train_time:3612.801s step_avg:1209.10ms
step:2989/3300 train_loss:3.38639 train_time:3614.028s step_avg:1209.11ms
step:2990/3300 train_loss:3.34754 train_time:3615.225s step_avg:1209.11ms
step:2991/3300 train_loss:3.29507 train_time:3616.437s step_avg:1209.11ms
step:2992/3300 train_loss:3.30736 train_time:3617.643s step_avg:1209.11ms
step:2993/3300 train_loss:3.30437 train_time:3618.859s step_avg:1209.11ms
step:2994/3300 train_loss:3.28910 train_time:3620.062s step_avg:1209.11ms
step:2995/3300 train_loss:3.38076 train_time:3621.264s step_avg:1209.10ms
step:2996/3300 train_loss:3.26759 train_time:3622.491s step_avg:1209.11ms
step:2997/3300 train_loss:3.27894 train_time:3623.703s step_avg:1209.11ms
step:2998/3300 train_loss:3.34904 train_time:3624.904s step_avg:1209.11ms
step:2999/3300 train_loss:3.38269 train_time:3626.118s step_avg:1209.11ms
step:3000/3300 train_loss:3.34739 train_time:3627.328s step_avg:1209.11ms
step:3000/3300 val_loss:3.30550 train_time:3627.328s step_avg:1208.61ms
step:3001/3300 train_loss:3.30881 train_time:3628.560s step_avg:1209.12ms
step:3002/3300 train_loss:3.32012 train_time:3629.779s step_avg:1209.12ms
step:3003/3300 train_loss:3.29997 train_time:3630.987s step_avg:1209.12ms
step:3004/3300 train_loss:3.35957 train_time:3632.178s step_avg:1209.11ms
step:3005/3300 train_loss:3.32638 train_time:3633.381s step_avg:1209.11ms
step:3006/3300 train_loss:3.28677 train_time:3634.602s step_avg:1209.12ms
step:3007/3300 train_loss:3.30440 train_time:3635.805s step_avg:1209.11ms
step:3008/3300 train_loss:3.35684 train_time:3637.000s step_avg:1209.11ms
step:3009/3300 train_loss:3.29372 train_time:3638.203s step_avg:1209.11ms
step:3010/3300 train_loss:3.34177 train_time:3639.403s step_avg:1209.10ms
step:3011/3300 train_loss:3.33925 train_time:3640.652s step_avg:1209.12ms
step:3012/3300 train_loss:3.29722 train_time:3641.863s step_avg:1209.12ms
step:3013/3300 train_loss:3.37633 train_time:3643.063s step_avg:1209.11ms
step:3014/3300 train_loss:3.35476 train_time:3644.268s step_avg:1209.11ms
step:3015/3300 train_loss:3.33308 train_time:3645.466s step_avg:1209.11ms
step:3016/3300 train_loss:3.32195 train_time:3646.686s step_avg:1209.11ms
step:3017/3300 train_loss:3.32522 train_time:3647.890s step_avg:1209.11ms
step:3018/3300 train_loss:3.26551 train_time:3649.086s step_avg:1209.11ms
step:3019/3300 train_loss:3.33178 train_time:3650.283s step_avg:1209.10ms
step:3020/3300 train_loss:3.33558 train_time:3651.487s step_avg:1209.10ms
step:3021/3300 train_loss:3.28586 train_time:3652.699s step_avg:1209.10ms
step:3022/3300 train_loss:3.30628 train_time:3653.900s step_avg:1209.10ms
step:3023/3300 train_loss:3.26447 train_time:3655.109s step_avg:1209.10ms
step:3024/3300 train_loss:3.33268 train_time:3656.309s step_avg:1209.10ms
step:3025/3300 train_loss:3.31995 train_time:3657.505s step_avg:1209.09ms
step:3025/3300 val_loss:3.30167 train_time:3657.505s step_avg:1207.05ms
step:3026/3300 train_loss:3.27574 train_time:3658.723s step_avg:1209.10ms
step:3027/3300 train_loss:3.34095 train_time:3659.927s step_avg:1209.09ms
step:3028/3300 train_loss:3.24214 train_time:3661.125s step_avg:1209.09ms
step:3029/3300 train_loss:3.37506 train_time:3662.355s step_avg:1209.10ms
step:3030/3300 train_loss:3.20994 train_time:3663.561s step_avg:1209.10ms
step:3031/3300 train_loss:3.25668 train_time:3664.780s step_avg:1209.10ms
step:3032/3300 train_loss:3.35187 train_time:3665.997s step_avg:1209.10ms
step:3033/3300 train_loss:3.32061 train_time:3667.212s step_avg:1209.10ms
step:3034/3300 train_loss:3.28166 train_time:3668.419s step_avg:1209.10ms
step:3035/3300 train_loss:3.25215 train_time:3669.619s step_avg:1209.10ms
step:3036/3300 train_loss:3.30515 train_time:3670.836s step_avg:1209.10ms
step:3037/3300 train_loss:3.29083 train_time:3672.066s step_avg:1209.11ms
step:3038/3300 train_loss:3.29097 train_time:3673.270s step_avg:1209.11ms
step:3039/3300 train_loss:3.30552 train_time:3674.470s step_avg:1209.11ms
step:3040/3300 train_loss:3.33126 train_time:3675.667s step_avg:1209.10ms
step:3041/3300 train_loss:3.23571 train_time:3676.906s step_avg:1209.11ms
step:3042/3300 train_loss:3.26271 train_time:3678.110s step_avg:1209.11ms
step:3043/3300 train_loss:3.35111 train_time:3679.305s step_avg:1209.10ms
step:3044/3300 train_loss:3.41195 train_time:3680.506s step_avg:1209.10ms
step:3045/3300 train_loss:3.26352 train_time:3681.704s step_avg:1209.10ms
step:3046/3300 train_loss:3.27303 train_time:3682.925s step_avg:1209.10ms
step:3047/3300 train_loss:3.32030 train_time:3684.154s step_avg:1209.11ms
step:3048/3300 train_loss:3.26714 train_time:3685.353s step_avg:1209.11ms
step:3049/3300 train_loss:3.28281 train_time:3686.565s step_avg:1209.11ms
step:3050/3300 train_loss:3.30394 train_time:3687.766s step_avg:1209.10ms
step:3050/3300 val_loss:3.29876 train_time:3687.767s step_avg:1210.47ms
step:3051/3300 train_loss:3.26087 train_time:3688.986s step_avg:1209.11ms
step:3052/3300 train_loss:3.33044 train_time:3690.192s step_avg:1209.11ms
step:3053/3300 train_loss:3.30483 train_time:3691.395s step_avg:1209.10ms
step:3054/3300 train_loss:3.34493 train_time:3692.591s step_avg:1209.10ms
step:3055/3300 train_loss:3.35935 train_time:3693.808s step_avg:1209.10ms
step:3056/3300 train_loss:3.23765 train_time:3695.045s step_avg:1209.11ms
step:3057/3300 train_loss:3.29722 train_time:3696.271s step_avg:1209.12ms
step:3058/3300 train_loss:3.34373 train_time:3697.480s step_avg:1209.12ms
step:3059/3300 train_loss:3.37241 train_time:3698.683s step_avg:1209.12ms
step:3060/3300 train_loss:3.27925 train_time:3699.888s step_avg:1209.11ms
step:3061/3300 train_loss:3.31968 train_time:3701.111s step_avg:1209.12ms
step:3062/3300 train_loss:3.31158 train_time:3702.311s step_avg:1209.12ms
step:3063/3300 train_loss:3.34917 train_time:3703.510s step_avg:1209.11ms
step:3064/3300 train_loss:3.28322 train_time:3704.713s step_avg:1209.11ms
step:3065/3300 train_loss:3.32676 train_time:3705.926s step_avg:1209.11ms
step:3066/3300 train_loss:3.25777 train_time:3707.150s step_avg:1209.12ms
step:3067/3300 train_loss:3.25112 train_time:3708.355s step_avg:1209.11ms
step:3068/3300 train_loss:3.29800 train_time:3709.554s step_avg:1209.11ms
step:3069/3300 train_loss:3.33558 train_time:3710.768s step_avg:1209.11ms
step:3070/3300 train_loss:3.32521 train_time:3711.969s step_avg:1209.11ms
step:3071/3300 train_loss:3.35498 train_time:3713.187s step_avg:1209.11ms
step:3072/3300 train_loss:3.34982 train_time:3714.391s step_avg:1209.11ms
step:3073/3300 train_loss:3.26549 train_time:3715.597s step_avg:1209.11ms
step:3074/3300 train_loss:3.35470 train_time:3716.790s step_avg:1209.11ms
step:3075/3300 train_loss:3.27921 train_time:3717.993s step_avg:1209.10ms
step:3075/3300 val_loss:3.29596 train_time:3717.993s step_avg:1209.07ms
step:3076/3300 train_loss:3.34520 train_time:3719.207s step_avg:1209.10ms
step:3077/3300 train_loss:3.31521 train_time:3720.404s step_avg:1209.10ms
step:3078/3300 train_loss:3.38677 train_time:3721.600s step_avg:1209.10ms
step:3079/3300 train_loss:3.27038 train_time:3722.807s step_avg:1209.10ms
step:3080/3300 train_loss:3.33101 train_time:3724.001s step_avg:1209.09ms
step:3081/3300 train_loss:3.28270 train_time:3725.229s step_avg:1209.10ms
step:3082/3300 train_loss:3.27730 train_time:3726.442s step_avg:1209.10ms
step:3083/3300 train_loss:3.31811 train_time:3727.644s step_avg:1209.10ms
step:3084/3300 train_loss:3.29341 train_time:3728.850s step_avg:1209.10ms
step:3085/3300 train_loss:3.38635 train_time:3730.055s step_avg:1209.09ms
step:3086/3300 train_loss:3.30852 train_time:3731.300s step_avg:1209.11ms
step:3087/3300 train_loss:3.31066 train_time:3732.504s step_avg:1209.10ms
step:3088/3300 train_loss:3.30386 train_time:3733.705s step_avg:1209.10ms
step:3089/3300 train_loss:3.30202 train_time:3734.902s step_avg:1209.10ms
step:3090/3300 train_loss:3.34549 train_time:3736.100s step_avg:1209.09ms
step:3091/3300 train_loss:3.41778 train_time:3737.316s step_avg:1209.10ms
step:3092/3300 train_loss:3.34422 train_time:3738.518s step_avg:1209.09ms
step:3093/3300 train_loss:3.26223 train_time:3739.718s step_avg:1209.09ms
step:3094/3300 train_loss:3.33927 train_time:3740.926s step_avg:1209.09ms
step:3095/3300 train_loss:3.31784 train_time:3742.117s step_avg:1209.08ms
step:3096/3300 train_loss:3.31470 train_time:3743.337s step_avg:1209.09ms
step:3097/3300 train_loss:3.30051 train_time:3744.551s step_avg:1209.09ms
step:3098/3300 train_loss:3.25631 train_time:3745.770s step_avg:1209.09ms
step:3099/3300 train_loss:3.32554 train_time:3746.969s step_avg:1209.09ms
step:3100/3300 train_loss:3.24482 train_time:3748.178s step_avg:1209.09ms
step:3100/3300 val_loss:3.29322 train_time:3748.178s step_avg:1207.40ms
step:3101/3300 train_loss:3.29406 train_time:3749.409s step_avg:1209.10ms
step:3102/3300 train_loss:3.21733 train_time:3750.610s step_avg:1209.09ms
step:3103/3300 train_loss:3.34716 train_time:3751.811s step_avg:1209.09ms
step:3104/3300 train_loss:3.26341 train_time:3753.014s step_avg:1209.09ms
step:3105/3300 train_loss:3.29756 train_time:3754.229s step_avg:1209.09ms
step:3106/3300 train_loss:3.20277 train_time:3755.464s step_avg:1209.10ms
step:3107/3300 train_loss:3.18765 train_time:3756.684s step_avg:1209.10ms
step:3108/3300 train_loss:3.30117 train_time:3757.904s step_avg:1209.11ms
step:3109/3300 train_loss:3.29470 train_time:3759.110s step_avg:1209.11ms
step:3110/3300 train_loss:3.30606 train_time:3760.322s step_avg:1209.11ms
step:3111/3300 train_loss:3.24230 train_time:3761.543s step_avg:1209.11ms
step:3112/3300 train_loss:3.33841 train_time:3762.748s step_avg:1209.11ms
step:3113/3300 train_loss:3.24756 train_time:3763.963s step_avg:1209.11ms
step:3114/3300 train_loss:3.31696 train_time:3765.170s step_avg:1209.11ms
step:3115/3300 train_loss:3.32339 train_time:3766.371s step_avg:1209.11ms
step:3116/3300 train_loss:3.43259 train_time:3767.585s step_avg:1209.11ms
step:3117/3300 train_loss:3.28678 train_time:3768.786s step_avg:1209.11ms
step:3118/3300 train_loss:3.30928 train_time:3770.030s step_avg:1209.12ms
step:3119/3300 train_loss:3.30079 train_time:3771.240s step_avg:1209.12ms
step:3120/3300 train_loss:3.25149 train_time:3772.445s step_avg:1209.12ms
step:3121/3300 train_loss:3.34845 train_time:3773.668s step_avg:1209.12ms
step:3122/3300 train_loss:3.31962 train_time:3774.882s step_avg:1209.12ms
step:3123/3300 train_loss:3.31139 train_time:3776.092s step_avg:1209.12ms
step:3124/3300 train_loss:3.19077 train_time:3777.300s step_avg:1209.12ms
step:3125/3300 train_loss:3.30873 train_time:3778.497s step_avg:1209.12ms
step:3125/3300 val_loss:3.29066 train_time:3778.497s step_avg:1212.74ms
step:3126/3300 train_loss:3.25666 train_time:3779.720s step_avg:1209.12ms
step:3127/3300 train_loss:3.40533 train_time:3780.920s step_avg:1209.12ms
step:3128/3300 train_loss:3.30035 train_time:3782.125s step_avg:1209.12ms
step:3129/3300 train_loss:3.27988 train_time:3783.329s step_avg:1209.12ms
step:3130/3300 train_loss:3.30065 train_time:3784.530s step_avg:1209.11ms
step:3131/3300 train_loss:3.30725 train_time:3785.747s step_avg:1209.12ms
step:3132/3300 train_loss:3.23839 train_time:3786.968s step_avg:1209.12ms
step:3133/3300 train_loss:3.31907 train_time:3788.170s step_avg:1209.12ms
step:3134/3300 train_loss:3.27658 train_time:3789.368s step_avg:1209.12ms
step:3135/3300 train_loss:3.25801 train_time:3790.566s step_avg:1209.11ms
step:3136/3300 train_loss:3.28168 train_time:3791.780s step_avg:1209.11ms
step:3137/3300 train_loss:3.38242 train_time:3792.981s step_avg:1209.11ms
step:3138/3300 train_loss:3.29242 train_time:3794.174s step_avg:1209.11ms
step:3139/3300 train_loss:3.34139 train_time:3795.366s step_avg:1209.10ms
step:3140/3300 train_loss:3.33463 train_time:3796.564s step_avg:1209.10ms
step:3141/3300 train_loss:3.28952 train_time:3797.776s step_avg:1209.10ms
step:3142/3300 train_loss:3.30255 train_time:3798.978s step_avg:1209.10ms
step:3143/3300 train_loss:3.24535 train_time:3800.179s step_avg:1209.09ms
step:3144/3300 train_loss:3.34328 train_time:3801.393s step_avg:1209.09ms
step:3145/3300 train_loss:3.26701 train_time:3802.593s step_avg:1209.09ms
step:3146/3300 train_loss:3.33008 train_time:3803.803s step_avg:1209.09ms
step:3147/3300 train_loss:3.32995 train_time:3805.005s step_avg:1209.09ms
step:3148/3300 train_loss:3.30853 train_time:3806.212s step_avg:1209.09ms
step:3149/3300 train_loss:3.24289 train_time:3807.414s step_avg:1209.09ms
step:3150/3300 train_loss:3.29432 train_time:3808.613s step_avg:1209.08ms
step:3150/3300 val_loss:3.28782 train_time:3808.613s step_avg:1204.67ms
step:3151/3300 train_loss:3.28495 train_time:3809.830s step_avg:1209.09ms
step:3152/3300 train_loss:3.31445 train_time:3811.035s step_avg:1209.08ms
step:3153/3300 train_loss:3.31146 train_time:3812.252s step_avg:1209.09ms
step:3154/3300 train_loss:3.28021 train_time:3813.463s step_avg:1209.09ms
step:3155/3300 train_loss:3.30194 train_time:3814.672s step_avg:1209.09ms
step:3156/3300 train_loss:3.33145 train_time:3815.893s step_avg:1209.09ms
step:3157/3300 train_loss:3.28846 train_time:3817.104s step_avg:1209.09ms
step:3158/3300 train_loss:3.36161 train_time:3818.299s step_avg:1209.09ms
step:3159/3300 train_loss:3.29335 train_time:3819.503s step_avg:1209.09ms
step:3160/3300 train_loss:3.26017 train_time:3820.702s step_avg:1209.08ms
step:3161/3300 train_loss:3.26979 train_time:3821.920s step_avg:1209.09ms
step:3162/3300 train_loss:3.26631 train_time:3823.124s step_avg:1209.08ms
step:3163/3300 train_loss:3.22555 train_time:3824.322s step_avg:1209.08ms
step:3164/3300 train_loss:3.31504 train_time:3825.540s step_avg:1209.08ms
step:3165/3300 train_loss:3.29428 train_time:3826.744s step_avg:1209.08ms
step:3166/3300 train_loss:3.30193 train_time:3827.954s step_avg:1209.08ms
step:3167/3300 train_loss:3.28043 train_time:3829.167s step_avg:1209.08ms
step:3168/3300 train_loss:3.24622 train_time:3830.363s step_avg:1209.08ms
step:3169/3300 train_loss:3.33667 train_time:3831.559s step_avg:1209.08ms
step:3170/3300 train_loss:3.25160 train_time:3832.764s step_avg:1209.07ms
step:3171/3300 train_loss:3.34249 train_time:3833.986s step_avg:1209.08ms
step:3172/3300 train_loss:3.34116 train_time:3835.188s step_avg:1209.08ms
step:3173/3300 train_loss:3.28958 train_time:3836.388s step_avg:1209.07ms
step:3174/3300 train_loss:3.28421 train_time:3837.584s step_avg:1209.07ms
step:3175/3300 train_loss:3.33713 train_time:3838.797s step_avg:1209.07ms
step:3175/3300 val_loss:3.28554 train_time:3838.797s step_avg:1207.36ms
step:3176/3300 train_loss:3.29755 train_time:3840.017s step_avg:1209.07ms
step:3177/3300 train_loss:3.32275 train_time:3841.223s step_avg:1209.07ms
step:3178/3300 train_loss:3.37634 train_time:3842.429s step_avg:1209.07ms
step:3179/3300 train_loss:3.28931 train_time:3843.632s step_avg:1209.07ms
step:3180/3300 train_loss:3.26471 train_time:3844.836s step_avg:1209.07ms
step:3181/3300 train_loss:3.25804 train_time:3846.069s step_avg:1209.08ms
step:3182/3300 train_loss:3.24357 train_time:3847.269s step_avg:1209.07ms
step:3183/3300 train_loss:3.30049 train_time:3848.469s step_avg:1209.07ms
step:3184/3300 train_loss:3.28333 train_time:3849.669s step_avg:1209.07ms
step:3185/3300 train_loss:3.24821 train_time:3850.881s step_avg:1209.07ms
step:3186/3300 train_loss:3.31661 train_time:3852.096s step_avg:1209.07ms
step:3187/3300 train_loss:3.26862 train_time:3853.297s step_avg:1209.07ms
step:3188/3300 train_loss:3.30270 train_time:3854.499s step_avg:1209.06ms
step:3189/3300 train_loss:3.28543 train_time:3855.715s step_avg:1209.07ms
step:3190/3300 train_loss:3.29805 train_time:3856.930s step_avg:1209.07ms
step:3191/3300 train_loss:3.25023 train_time:3858.156s step_avg:1209.07ms
step:3192/3300 train_loss:3.33451 train_time:3859.357s step_avg:1209.07ms
step:3193/3300 train_loss:3.37975 train_time:3860.561s step_avg:1209.07ms
step:3194/3300 train_loss:3.35181 train_time:3861.763s step_avg:1209.07ms
step:3195/3300 train_loss:3.19513 train_time:3862.972s step_avg:1209.07ms
step:3196/3300 train_loss:3.47035 train_time:3864.189s step_avg:1209.07ms
step:3197/3300 train_loss:3.22213 train_time:3865.393s step_avg:1209.07ms
step:3198/3300 train_loss:3.30071 train_time:3866.601s step_avg:1209.07ms
step:3199/3300 train_loss:3.28953 train_time:3867.810s step_avg:1209.07ms
step:3200/3300 train_loss:3.26753 train_time:3869.018s step_avg:1209.07ms
step:3200/3300 val_loss:3.28322 train_time:3869.018s step_avg:1208.81ms
step:3201/3300 train_loss:3.30422 train_time:3870.243s step_avg:1209.07ms
step:3202/3300 train_loss:3.30231 train_time:3871.441s step_avg:1209.07ms
step:3203/3300 train_loss:3.25070 train_time:3872.643s step_avg:1209.07ms
step:3204/3300 train_loss:3.35624 train_time:3873.843s step_avg:1209.06ms
step:3205/3300 train_loss:3.36733 train_time:3875.051s step_avg:1209.06ms
step:3206/3300 train_loss:3.22389 train_time:3876.276s step_avg:1209.07ms
step:3207/3300 train_loss:3.32213 train_time:3877.478s step_avg:1209.07ms
step:3208/3300 train_loss:3.34091 train_time:3878.689s step_avg:1209.07ms
step:3209/3300 train_loss:3.26624 train_time:3879.903s step_avg:1209.07ms
step:3210/3300 train_loss:3.33776 train_time:3881.101s step_avg:1209.07ms
step:3211/3300 train_loss:3.24909 train_time:3882.314s step_avg:1209.07ms
step:3212/3300 train_loss:3.29989 train_time:3883.516s step_avg:1209.06ms
step:3213/3300 train_loss:3.31942 train_time:3884.719s step_avg:1209.06ms
step:3214/3300 train_loss:3.31326 train_time:3885.927s step_avg:1209.06ms
step:3215/3300 train_loss:3.25098 train_time:3887.124s step_avg:1209.06ms
step:3216/3300 train_loss:3.28187 train_time:3888.338s step_avg:1209.06ms
step:3217/3300 train_loss:3.30532 train_time:3889.540s step_avg:1209.06ms
step:3218/3300 train_loss:3.30309 train_time:3890.740s step_avg:1209.06ms
step:3219/3300 train_loss:3.33026 train_time:3891.940s step_avg:1209.05ms
step:3220/3300 train_loss:3.35084 train_time:3893.143s step_avg:1209.05ms
step:3221/3300 train_loss:3.29418 train_time:3894.358s step_avg:1209.05ms
step:3222/3300 train_loss:3.30014 train_time:3895.563s step_avg:1209.05ms
step:3223/3300 train_loss:3.27304 train_time:3896.756s step_avg:1209.05ms
step:3224/3300 train_loss:3.26197 train_time:3897.957s step_avg:1209.04ms
step:3225/3300 train_loss:3.25890 train_time:3899.164s step_avg:1209.04ms
step:3225/3300 val_loss:3.28128 train_time:3899.164s step_avg:1205.85ms
step:3226/3300 train_loss:3.28061 train_time:3900.382s step_avg:1209.05ms
step:3227/3300 train_loss:3.28674 train_time:3901.590s step_avg:1209.05ms
step:3228/3300 train_loss:3.28960 train_time:3902.789s step_avg:1209.04ms
step:3229/3300 train_loss:3.20644 train_time:3903.990s step_avg:1209.04ms
step:3230/3300 train_loss:3.30494 train_time:3905.188s step_avg:1209.04ms
step:3231/3300 train_loss:3.34945 train_time:3906.424s step_avg:1209.04ms
step:3232/3300 train_loss:3.26539 train_time:3907.626s step_avg:1209.04ms
step:3233/3300 train_loss:3.36634 train_time:3908.821s step_avg:1209.04ms
step:3234/3300 train_loss:3.21515 train_time:3910.022s step_avg:1209.04ms
step:3235/3300 train_loss:3.30813 train_time:3911.224s step_avg:1209.03ms
step:3236/3300 train_loss:3.33511 train_time:3912.441s step_avg:1209.04ms
step:3237/3300 train_loss:3.30638 train_time:3913.635s step_avg:1209.03ms
step:3238/3300 train_loss:3.27986 train_time:3914.833s step_avg:1209.03ms
step:3239/3300 train_loss:3.23321 train_time:3916.033s step_avg:1209.03ms
step:3240/3300 train_loss:3.30378 train_time:3917.238s step_avg:1209.02ms
step:3241/3300 train_loss:3.37151 train_time:3918.464s step_avg:1209.03ms
step:3242/3300 train_loss:3.33380 train_time:3919.684s step_avg:1209.03ms
step:3243/3300 train_loss:3.33905 train_time:3920.885s step_avg:1209.03ms
step:3244/3300 train_loss:3.34104 train_time:3922.089s step_avg:1209.03ms
step:3245/3300 train_loss:3.30425 train_time:3923.292s step_avg:1209.03ms
step:3246/3300 train_loss:3.31338 train_time:3924.509s step_avg:1209.03ms
step:3247/3300 train_loss:3.21452 train_time:3925.716s step_avg:1209.03ms
step:3248/3300 train_loss:3.21915 train_time:3926.920s step_avg:1209.03ms
step:3249/3300 train_loss:3.29683 train_time:3928.128s step_avg:1209.03ms
step:3250/3300 train_loss:3.30268 train_time:3929.346s step_avg:1209.03ms
step:3250/3300 val_loss:3.27972 train_time:3929.347s step_avg:1207.30ms
step:3251/3300 train_loss:3.28397 train_time:3930.558s step_avg:1209.03ms
step:3252/3300 train_loss:3.26603 train_time:3931.753s step_avg:1209.03ms
step:3253/3300 train_loss:3.33033 train_time:3932.961s step_avg:1209.03ms
step:3254/3300 train_loss:3.32738 train_time:3934.166s step_avg:1209.02ms
step:3255/3300 train_loss:3.30509 train_time:3935.373s step_avg:1209.02ms
step:3256/3300 train_loss:3.28962 train_time:3936.594s step_avg:1209.03ms
step:3257/3300 train_loss:3.30648 train_time:3937.797s step_avg:1209.03ms
step:3258/3300 train_loss:3.29050 train_time:3938.994s step_avg:1209.02ms
step:3259/3300 train_loss:3.33260 train_time:3940.193s step_avg:1209.02ms
step:3260/3300 train_loss:3.27625 train_time:3941.396s step_avg:1209.02ms
step:3261/3300 train_loss:3.28851 train_time:3942.607s step_avg:1209.02ms
step:3262/3300 train_loss:3.25928 train_time:3943.807s step_avg:1209.02ms
step:3263/3300 train_loss:3.41319 train_time:3945.012s step_avg:1209.01ms
step:3264/3300 train_loss:3.28172 train_time:3946.216s step_avg:1209.01ms
step:3265/3300 train_loss:3.34274 train_time:3947.414s step_avg:1209.01ms
step:3266/3300 train_loss:3.27242 train_time:3948.626s step_avg:1209.01ms
step:3267/3300 train_loss:3.35005 train_time:3949.854s step_avg:1209.02ms
step:3268/3300 train_loss:3.22993 train_time:3951.056s step_avg:1209.01ms
step:3269/3300 train_loss:3.34703 train_time:3952.249s step_avg:1209.01ms
step:3270/3300 train_loss:3.24189 train_time:3953.451s step_avg:1209.01ms
step:3271/3300 train_loss:3.29181 train_time:3954.673s step_avg:1209.01ms
step:3272/3300 train_loss:3.26448 train_time:3955.900s step_avg:1209.02ms
step:3273/3300 train_loss:3.28890 train_time:3957.104s step_avg:1209.01ms
step:3274/3300 train_loss:3.27230 train_time:3958.315s step_avg:1209.01ms
step:3275/3300 train_loss:3.26962 train_time:3959.525s step_avg:1209.02ms
step:3275/3300 val_loss:3.27849 train_time:3959.525s step_avg:1207.13ms
step:3276/3300 train_loss:3.25694 train_time:3960.748s step_avg:1209.02ms
step:3277/3300 train_loss:3.32056 train_time:3961.947s step_avg:1209.02ms
step:3278/3300 train_loss:3.23773 train_time:3963.171s step_avg:1209.02ms
step:3279/3300 train_loss:3.32133 train_time:3964.371s step_avg:1209.02ms
step:3280/3300 train_loss:3.20877 train_time:3965.577s step_avg:1209.02ms
step:3281/3300 train_loss:3.31064 train_time:3966.811s step_avg:1209.02ms
step:3282/3300 train_loss:3.28725 train_time:3968.020s step_avg:1209.02ms
step:3283/3300 train_loss:3.33531 train_time:3969.232s step_avg:1209.03ms
step:3284/3300 train_loss:3.24238 train_time:3970.439s step_avg:1209.03ms
step:3285/3300 train_loss:3.31691 train_time:3971.648s step_avg:1209.03ms
step:3286/3300 train_loss:3.24928 train_time:3972.862s step_avg:1209.03ms
step:3287/3300 train_loss:3.27635 train_time:3974.066s step_avg:1209.03ms
step:3288/3300 train_loss:3.36904 train_time:3975.274s step_avg:1209.02ms
step:3289/3300 train_loss:3.33045 train_time:3976.486s step_avg:1209.03ms
step:3290/3300 train_loss:3.20121 train_time:3977.699s step_avg:1209.03ms
step:3291/3300 train_loss:3.31554 train_time:3978.923s step_avg:1209.03ms
step:3292/3300 train_loss:3.29486 train_time:3980.134s step_avg:1209.03ms
step:3293/3300 train_loss:3.26815 train_time:3981.343s step_avg:1209.03ms
step:3294/3300 train_loss:3.33570 train_time:3982.545s step_avg:1209.03ms
step:3295/3300 train_loss:3.25996 train_time:3983.744s step_avg:1209.03ms
step:3296/3300 train_loss:3.29110 train_time:3984.955s step_avg:1209.03ms
step:3297/3300 train_loss:3.29130 train_time:3986.165s step_avg:1209.03ms
step:3298/3300 train_loss:3.26662 train_time:3987.367s step_avg:1209.03ms
step:3299/3300 train_loss:3.28049 train_time:3988.565s step_avg:1209.02ms
step:3300/3300 train_loss:3.28118 train_time:3989.763s step_avg:1209.02ms
step:3300/3300 val_loss:3.27795 train_time:3989.763s step_avg:1209.51ms
