diag_index,step,matrix_index,block_name,type,block_idx,w_norm,r_i,r_i_measured,r_i_ideal,r_i_typed_ideal,u_norm_ideal,vi_raw_norm,vi_raw_norm_over_ideal,rbar_C,rbar_all,x_plain,x_typed,x_all,base_lr,weight_decay_raw,x_typed_over_r,x_all_over_r,g_dot_v,v_h_v,cross_self_cii,cross_curvature_typed_sum,cross_curvature_all_sum,ltilde_typed_by_type,ltilde_typed_aggregate,ltilde_all_layer,t_i,t_i_valid,diag_g_frob_norm,train_grad_frob_norm,hvp_frob_norm
1,250,0,blocks.0.attn.k.weight,attn_k,0,37.7201042175293,0.7346960857076139,0.7291699850496853,0.7346960857076139,0.7346960857076139,27.712812921102035,27.50436782836914,0.9924783855999629,0.6602130322360891,0.4957348446476483,0.7346960857076139,0.6602130322360891,0.4957348446476483,0.025,0.025,0.8986205930309438,0.6747481772278494,0.0024096062406897545,0.00012191587302368134,0.00012191587302368134,0.00018945937904398013,0.0030626975635807212,0.00031137525206766147,0.0027607079639085067,0.0031846134366044026,0.5239778667129976,True,0.009767916053533554,5122.35986328125,0.0014371030265465379
1,250,1,blocks.0.attn.proj.weight,attn_proj,0,41.67679214477539,0.664945920617744,0.6574172511727415,0.664945920617744,0.664945920617744,27.712812921102035,27.3990421295166,0.9886777718133942,0.44536023302800914,0.4957348446476483,0.664945920617744,0.44536023302800914,0.4957348446476483,0.03,0.025,0.6697691033494322,0.7455265597946727,0.004967681132256985,0.00031758088152855635,0.00031758088152855635,0.000666197984793265,0.0067234142070216885,0.0009837788663218214,0.007209979510591218,0.007040995088550245,0.37532291224547926,True,0.024629991501569748,12914.875,0.0028849041555076838
1,250,2,blocks.0.attn.q.weight,attn_q,0,43.72441482543945,0.6338063764086866,0.6290518232577449,0.6338063764086866,0.6338063764086866,27.712812921102035,27.50492286682129,0.9924984138249479,0.662232549197125,0.4957348446476483,0.6338063764086866,0.662232549197125,0.4957348446476483,0.025,0.025,1.0448499318506521,0.7821550288853389,0.0018936417764052749,7.445160008501261e-05,7.445160008501261e-05,8.675627404111744e-05,0.0017589685580820208,0.00016120787412613006,0.001574692202550733,0.0018334201581670334,0.5817009651537988,True,0.007818355225026608,4101.0322265625,0.0008771871798671782
1,250,3,blocks.0.attn.v.weight,attn_v,0,37.9268684387207,0.7306907757459136,0.7144150534166902,0.7306907757459136,0.7306907757459136,27.712812921102035,27.09552574157715,0.9777255675458751,0.5103198540190554,0.4957348446476483,0.7306907757459136,0.5103198540190554,0.4957348446476483,0.025,0.025,0.6984074124900562,0.6784468356557335,0.006586384028196335,0.0007603841368108988,0.0007603841368108988,0.0020730305005421386,0.010787611183856523,0.0028334146373530373,0.011168645687410652,0.011547995320667422,0.22838470519388757,True,0.05808468908071518,30463.634765625,0.010673530399799347
1,250,4,blocks.0.mlp.fc.weight,mlp_fc,0,110.04407501220703,0.5036675153665091,0.5033155854563455,0.5036675153665091,0.5036675153665091,55.42562584220407,55.386898040771484,0.9993012654193054,0.4485007188462637,0.4957348446476483,0.5036675153665091,0.4485007188462637,0.4957348446476483,0.035,0.0375,0.8904698142382647,0.984250183947066,0.007033543195575476,0.0005874420166946948,0.0005874420166946948,0.0009464217610234305,0.00413327063009004,0.0015338637777181253,0.004828625301751844,0.0047207126467847344,0.10880340544050199,True,0.02651519514620304,13902.4638671875,0.003655053908005357
1,250,5,blocks.0.mlp.proj.weight,mlp_proj,0,62.442039489746094,0.4438165881121306,0.4440551436677717,0.4438165881121306,0.4438165881121306,27.712812921102035,27.72770881652832,1.0005375093271367,0.3782207313197978,0.4957348446476483,0.4438165881121306,0.3782207313197978,0.4957348446476483,0.035,0.025,0.852200529341729,1.116981334015394,0.012691717594861984,0.001474534859880805,0.001474534859880805,0.0021336373612299464,0.013712568794967435,0.0036081722211107514,0.016923691110459424,0.01518710365484824,0.1378441298120661,True,0.06824897974729538,35806.40625,0.014772660098969936
1,250,6,blocks.1.attn.k.weight,attn_k,1,41.407020568847656,0.6692781209655934,0.6610629758695737,0.6692781209655934,0.6692781209655934,27.712812921102035,27.372648239135742,0.9877253643311223,0.6602130322360891,0.4957348446476483,0.6692781209655934,0.6602130322360891,0.4957348446476483,0.025,0.025,0.9864554234696545,0.7407008075094887,0.0014348998665809631,8.605740731582046e-05,8.605740731582046e-05,0.00016563595616026985,0.0018698101442351017,0.0002516933634760903,0.0016978089234706865,0.001955867551550922,0.4026793466913488,True,0.006522911600768566,3420.885009765625,0.0009053496178239584
1,250,7,blocks.1.attn.proj.weight,attn_proj,1,56.86684799194336,0.4873280988780715,0.4795301001126679,0.4873280988780715,0.4873280988780715,27.712812921102035,27.269365310668945,0.98399846267156,0.44536023302800914,0.4957348446476483,0.4873280988780715,0.44536023302800914,0.4957348446476483,0.03,0.025,0.9138817032166195,1.0172506896050748,0.002771856263279915,8.883560076355934e-05,8.883560076355934e-05,0.0003786580655401568,0.003590125291757394,0.0004674936663037161,0.003780458077349781,0.003678960892520953,0.5486867911204728,True,0.017726119607686996,9297.380859375,0.000882777210790664
1,250,8,blocks.1.attn.q.weight,attn_q,1,42.67182540893555,0.649440530268455,0.6417053372098933,0.649440530268455,0.649440530268455,27.712812921102035,27.38273811340332,0.988089451307652,0.662232549197125,0.4957348446476483,0.649440530268455,0.662232549197125,0.4957348446476483,0.025,0.025,1.0196969827605036,0.7633260037570023,0.0011622791644185781,4.317996354075149e-05,4.317996354075149e-05,7.572981333483968e-05,0.0012425201184156048,0.00011890977687559117,0.0011111000218373313,0.0012857000819563563,0.6307931372622393,True,0.005516591016203165,2893.11328125,0.0004724826430901885
1,250,9,blocks.1.attn.v.weight,attn_v,1,48.724605560302734,0.56876423323333,0.5491466948326195,0.56876423323333,0.56876423323333,27.712812921102035,26.756956100463867,0.9655084879561133,0.5103198540190554,0.4957348446476483,0.56876423323333,0.5103198540190554,0.4957348446476483,0.025,0.025,0.8972432234670805,0.8715998926822072,0.003204946406185627,0.0001894205779535696,0.0001894205779535696,0.0011076730630565743,0.005242039666956083,0.0012970936410101439,0.005233035525460245,0.005431460244909652,0.34725242086758623,True,0.032224204391241074,16899.830078125,0.0031339535489678383
1,250,10,blocks.1.mlp.fc.weight,mlp_fc,1,118.69602966308594,0.4669543370534596,0.4670041110121067,0.4669543370534596,0.4669543370534596,55.42562584220407,55.43153381347656,1.0001065927751418,0.4485007188462637,0.4957348446476483,0.4669543370534596,0.4485007188462637,0.4957348446476483,0.035,0.0375,0.9604808934345902,1.0616345225012733,0.0025737143587321043,8.523945871274918e-05,8.523945871274918e-05,0.0004210449369652496,0.0013893229103026834,0.0005062843956779988,0.0015067399922540818,0.0014745623690154326,0.2543802970148183,True,0.010805841535329819,5667.666015625,0.0007562882383354008
1,250,11,blocks.1.mlp.proj.weight,mlp_proj,1,69.13400268554688,0.4008564793673615,0.40069951747672994,0.4008564793673615,0.4008564793673615,27.712812921102035,27.701961517333984,0.9996084336945894,0.3782207313197978,0.4957348446476483,0.4008564793673615,0.3782207313197978,0.4957348446476483,0.035,0.025,0.9435315400582077,1.236689114842363,0.003712202189490199,0.00010362618195358664,0.00010362618195358664,0.0007555143667081084,0.003368597962283134,0.0008591405486616951,0.0038797264230767503,0.0034722241442367205,0.5181678020443016,True,0.014312316663563251,7509.53955078125,0.0007174535421654582
1,250,12,blocks.2.attn.k.weight,attn_k,2,42.70054244995117,0.6490037674248263,0.6425468149871058,0.6490037674248263,0.6490037674248263,27.712812921102035,27.437097549438477,0.9900509784968954,0.6602130322360891,0.4957348446476483,0.6490037674248263,0.6602130322360891,0.4957348446476483,0.025,0.025,1.0172714942098715,0.7638397025254078,0.0014583126176148653,8.030841127038002e-05,8.030841127038002e-05,0.00017102252851718244,0.00196566024435248,0.00025133093978756246,0.001768698380899639,0.00204596865562286,0.42526163722051136,True,0.006159323267638683,3230.584716796875,0.0007555203046649694
1,250,13,blocks.2.attn.proj.weight,attn_proj,2,59.64415740966797,0.4646358356738216,0.45795855777653954,0.4646358356738216,0.4646358356738216,27.712812921102035,27.314552307128906,0.9856290079571868,0.44536023302800914,0.4957348446476483,0.4646358356738216,0.44536023302800914,0.4957348446476483,0.03,0.025,0.958514601832511,1.0669320069312485,0.002130686305463314,5.0729217036860064e-05,5.0729217036860064e-05,0.0003022542400329727,0.0026351087977360085,0.00035298345706983274,0.002763037869966147,0.0026858380147728685,0.7041958274819352,True,0.012852470390498638,6740.6220703125,0.00045867430162616074
1,250,14,blocks.2.attn.q.weight,attn_q,2,42.70832443237305,0.6488855109496086,0.6418023083977126,0.6488855109496086,0.6488855109496086,27.712812921102035,27.410301208496094,0.9890840488308715,0.662232549197125,0.4957348446476483,0.6488855109496086,0.662232549197125,0.4957348446476483,0.025,0.025,1.0205691728699318,0.7639789088866653,0.001149466261267662,3.9891183405416086e-05,3.9891183405416086e-05,8.175791780544059e-05,0.001249981884479566,0.00012164910121085667,0.0011146179545666122,0.0012898730678849821,0.6746938867895704,True,0.005806358531117439,3044.6064453125,0.0005366777186281979
1,250,15,blocks.2.attn.v.weight,attn_v,2,51.36552429199219,0.539521659772534,0.5205955530879434,0.539521659772534,0.539521659772534,27.712812921102035,26.740663528442383,0.9649205804034636,0.5103198540190554,0.4957348446476483,0.539521659772534,0.5103198540190554,0.4957348446476483,0.025,0.025,0.9458746368666826,0.9188414138121044,0.003016131464391947,0.00018150582036469132,0.00018150582036469132,0.001114908901469393,0.005162335032092438,0.0012964147218340843,0.005141286834339948,0.005343840852457129,0.3235102056455028,True,0.03251316025853157,17051.77734375,0.003057019552215934
1,250,16,blocks.2.mlp.fc.weight,mlp_fc,2,121.77498626708984,0.4551478718350146,0.45535878018889203,0.4551478718350146,0.4551478718350146,55.42562584220407,55.45130920410156,1.0004633842470378,0.4485007188462637,0.4957348446476483,0.4551478718350146,0.4485007188462637,0.4957348446476483,0.035,0.0375,0.9853956188744734,1.089173157393881,0.0023199471179395914,6.07553192821797e-05,6.07553192821797e-05,0.00038379476138116023,0.001237534492854668,0.00044455008066333993,0.0013275111392945563,0.0012982898121368478,0.3135708539301853,True,0.010054673999547958,5275.16015625,0.0006957038422115147
1,250,17,blocks.2.mlp.proj.weight,mlp_proj,2,71.34886932373047,0.3884127833247221,0.38826791179787734,0.3884127833247221,0.3884127833247221,27.712812921102035,27.702476501464844,0.9996270165837506,0.3782207313197978,0.4957348446476483,0.3884127833247221,0.3782207313197978,0.4957348446476483,0.035,0.025,0.9737597410731882,1.2763092924086445,0.003255861811339855,7.539131911471486e-05,7.539131911471486e-05,0.0006658665919772142,0.0028826293241681848,0.0007412579110919291,0.0033115472833527984,0.0029580206432828996,0.6052816759653494,True,0.012470920570194721,6545.125,0.0005334857851266861
1,250,18,blocks.3.attn.k.weight,attn_k,3,42.937686920166016,0.6454193252801073,0.6388764533877636,0.6454193252801073,0.6454193252801073,27.712812921102035,27.43187713623047,0.9898626030612127,0.6602130322360891,0.4957348446476483,0.6454193252801073,0.6602130322360891,0.4957348446476483,0.025,0.025,1.0229210784005598,0.7680818116694956,0.0012381826527416706,7.908687985036522e-05,7.908687985036522e-05,0.00016933767018319413,0.001729523280069554,0.00024842455003355935,0.0015713125734322035,0.0018086101599199193,0.364620958266047,True,0.005796757992357016,3041.989501953125,0.0007751397206448019
1,250,19,blocks.3.attn.proj.weight,attn_proj,3,60.99001693725586,0.45438277135767796,0.44864839728030625,0.45438277135767796,0.45438277135767796,27.712812921102035,27.363073348999023,0.9873798602437539,0.44536023302800914,0.4957348446476483,0.45438277135767796,0.44536023302800914,0.4957348446476483,0.03,0.025,0.9801433089051554,1.0910071329650373,0.0018703170353546739,3.604002995416522e-05,3.604002995416522e-05,0.00025593556599973286,0.00218367287987476,0.0002919755959538981,0.002284637184941153,0.0022197129098289253,0.8508859103511265,True,0.009460468776524067,4963.0283203125,0.0002704942016862333
1,250,20,blocks.3.attn.q.weight,attn_q,3,42.386661529541016,0.653809758095429,0.6461996853864195,0.653809758095429,0.653809758095429,27.712812921102035,27.390247344970703,0.9883604173618293,0.662232549197125,0.4957348446476483,0.653809758095429,0.662232549197125,0.4957348446476483,0.025,0.025,1.0128826329026228,0.7582249094778601,0.0009939696174114943,3.8952934119151905e-05,3.8952934119151905e-05,9.126035266746591e-05,0.0011927527164351554,0.00013021328678661782,0.0010711036450973526,0.0012317056505543073,0.6020100220705621,True,0.005645849276334047,2964.21044921875,0.000555733626242727
1,250,21,blocks.3.attn.v.weight,attn_v,3,52.265716552734375,0.5302292735839702,0.5142715090068293,0.5302292735839702,0.5302292735839702,27.712812921102035,26.878768920898438,0.9699040294979038,0.5103198540190554,0.4957348446476483,0.5302292735839702,0.5103198540190554,0.4957348446476483,0.025,0.025,0.9624513006791546,0.9349443143658133,0.0026157977990806103,0.00012021365546388552,0.00012021365546388552,0.0009243542831615208,0.004305558587746447,0.0010445679386254063,0.004263916984570439,0.004425772243210333,0.41632592702285465,True,0.026488834992051125,13897.32421875,0.0019573753233999014
1,250,22,blocks.3.mlp.fc.weight,mlp_fc,3,123.46536254882812,0.44891639807305733,0.4491225341491068,0.44891639807305733,0.44891639807305733,55.42562584220407,55.45107650756836,1.0004591858905978,0.4485007188462637,0.4957348446476483,0.44891639807305733,0.4485007188462637,0.4957348446476483,0.035,0.0375,0.9990740386660458,1.1042921282794655,0.0020223530009388924,5.152348967385478e-05,5.152348967385478e-05,0.0003238048980382153,0.001048754270630038,0.0003753283877120701,0.0011258902932086336,0.0011002777603038927,0.31791173393838756,True,0.008719258941709995,4575.25830078125,0.0006569715333171189
1,250,23,blocks.3.mlp.proj.weight,mlp_proj,3,73.0269546508789,0.3794874516346616,0.3793950639739291,0.3794874516346616,0.3794874516346616,27.712812921102035,27.706066131591797,0.9997565462037561,0.3782207313197978,0.4957348446476483,0.3794874516346616,0.3782207313197978,0.4957348446476483,0.035,0.025,0.9966620231857276,1.3063273700151221,0.0027230149134993553,4.8557463742326945e-05,4.8557463742326945e-05,0.0005494688274525984,0.002368185095513277,0.0005980262911949254,0.0027082315068914626,0.002416742559255604,0.7679109052951726,True,0.009970705956220627,5232.0400390625,0.0003250575391575694
1,250,24,blocks.4.attn.k.weight,attn_k,4,42.524940490722656,0.6516837554928014,0.6451581130314394,0.6516837554928014,0.6516837554928014,27.712812921102035,27.43531036376953,0.9899864889889544,0.6602130322360891,0.4957348446476483,0.6516837554928014,0.6602130322360891,0.4957348446476483,0.025,0.025,1.013088060997988,0.7606984836882653,0.001427008188329637,7.181511318776757e-05,7.181511318776757e-05,0.0001855993011054401,0.0018416884460065528,0.0002574144142932077,0.0016614972947387016,0.0019135035591943204,0.4672689265217106,True,0.00632113590836525,3318.31494140625,0.0006897613639011979
1,250,25,blocks.4.attn.proj.weight,attn_proj,4,64.4992904663086,0.42966074077323235,0.4253970670392152,0.42966074077323235,0.42966074077323235,27.712812921102035,27.437808990478516,0.9900766504141442,0.44536023302800914,0.4957348446476483,0.42966074077323235,0.44536023302800914,0.4957348446476483,0.03,0.025,1.0365392756771854,1.1537820368589102,0.001533154514618218,2.344428503420204e-05,2.344428503420204e-05,0.00020277906051718923,0.0016548822395392891,0.00022622334555139127,0.0017282402322148383,0.0016783265245734911,1.0138973692210433,True,0.0073904492892324924,3876.703369140625,0.0001695176906650886
1,250,26,blocks.4.attn.q.weight,attn_q,4,41.90862274169922,0.6612675651955437,0.6524808089207892,0.6612675651955437,0.6612675651955437,27.712812921102035,27.344572067260742,0.986712252744257,0.662232549197125,0.4957348446476483,0.6612675651955437,0.662232549197125,0.4957348446476483,0.025,0.025,1.001459294319533,0.7496736128303136,0.0012045304756611586,5.912275446462445e-05,5.912275446462445e-05,0.00011599191763851438,0.001493420809461912,0.00017511467210313883,0.0013525694750761517,0.0015525435639265365,0.4861381955546423,True,0.00806853175163269,4233.77685546875,0.0010738910641521215
1,250,27,blocks.4.attn.v.weight,attn_v,4,55.4954719543457,0.49937070440450443,0.48611591233178286,0.49937070440450443,0.49937070440450443,27.712812921102035,26.977231979370117,0.97345700908002,0.5103198540190554,0.4957348446476483,0.49937070440450443,0.5103198540190554,0.4957348446476483,0.025,0.025,1.0219258949673626,0.9927191168308684,0.0023635434918105602,9.696026245364919e-05,9.696026245364919e-05,0.0008258612216432584,0.0038225113915585085,0.0009228214840969076,0.003766405082375077,0.003919471654012158,0.43925050217934947,True,0.023891570046544075,12540.845703125,0.0015542835462838411
1,250,28,blocks.4.mlp.fc.weight,mlp_fc,4,124.55555725097656,0.4449871773326237,0.44505586452220575,0.4449871773326237,0.4449871773326237,55.42562584220407,55.434181213378906,1.0001543576828378,0.4485007188462637,0.4957348446476483,0.4449871773326237,0.4485007188462637,0.4957348446476483,0.035,0.0375,1.0078958264251592,1.1140429879782607,0.0019363239407539368,4.86328499391675e-05,4.86328499391675e-05,0.00030290938286721636,0.0009548124541419148,0.00035154223280638386,0.0010247710767573176,0.0010034453040810823,0.3196577112606015,True,0.008183390833437443,4293.85107421875,0.0005854532937519252
1,250,29,blocks.4.mlp.proj.weight,mlp_proj,4,74.05345153808594,0.37422716086162766,0.37408111548602707,0.37422716086162766,0.37422716086162766,27.712812921102035,27.701997756958008,0.9996097413793822,0.3782207313197978,0.4957348446476483,0.37422716086162766,0.3782207313197978,0.4957348446476483,0.035,0.025,1.010671514192009,1.3246896444027714,0.002564523369073868,4.51474406872876e-05,4.51474406872876e-05,0.0005156438697944434,0.0021748190907605134,0.000560791310481731,0.002485297984332158,0.002219966531447801,0.7670580278920797,True,0.0094493692740798,4957.31396484375,0.00032074243063107133
1,250,30,blocks.5.attn.k.weight,attn_k,5,43.00631332397461,0.6443894112089131,0.6382870904669747,0.6443894112089131,0.6443894112089131,27.712812921102035,27.450374603271484,0.9905300729096786,0.6602130322360891,0.4957348446476483,0.6443894112089131,0.6602130322360891,0.4957348446476483,0.025,0.025,1.02455599169063,0.7693094207082329,0.0012981235049664974,6.627127004321665e-05,6.627127004321665e-05,0.0001584092781929996,0.0016403156988085683,0.00022468054823621624,0.0014793942030173605,0.001706586968851785,0.45546866642482703,True,0.005143008194863796,2698.595947265625,0.0006170801352709532
1,250,31,blocks.5.attn.proj.weight,attn_proj,5,64.23033142089844,0.4314599085516348,0.4272188262504866,0.4314599085516348,0.4314599085516348,27.712812921102035,27.440406799316406,0.9901703907661353,0.44536023302800914,0.4957348446476483,0.4314599085516348,0.44536023302800914,0.4957348446476483,0.03,0.025,1.0322169550423266,1.1489708193555634,0.0012336010113358498,1.503399198554689e-05,1.503399198554689e-05,0.0001611579964340874,0.0012833871967875066,0.0001761919884196343,0.0013364857561443627,0.0012984211887730535,1.2774980309993078,True,0.0059036207385361195,3098.780517578125,0.000108701380668208
1,250,32,blocks.5.attn.q.weight,attn_q,5,41.9582633972168,0.6604852221538868,0.6537683922885583,0.6604852221538868,0.6604852221538868,27.712812921102035,27.430986404418945,0.9898304615455152,0.662232549197125,0.4957348446476483,0.6604852221538868,0.662232549197125,0.4957348446476483,0.025,0.025,1.002645520269992,0.7505615992906299,0.0010210543405264616,3.425642353249714e-05,3.425642353249714e-05,7.763951643999806e-05,0.0010532097569396215,0.0001118959399724952,0.0009453280625679225,0.0010874661804721186,0.7103777192301869,True,0.00537243252620101,2817.320068359375,0.00049738516099751
1,250,33,blocks.5.attn.v.weight,attn_v,5,55.70086669921875,0.4975292946651893,0.48429471796607293,0.4975292946651893,0.4975292946651893,27.712812921102035,26.975635528564453,0.9733994021236201,0.5103198540190554,0.4957348446476483,0.4975292946651893,0.5103198540190554,0.4957348446476483,0.025,0.025,1.0257081532505006,0.9963932776687078,0.0020656143315136433,7.827745139366016e-05,7.827745139366016e-05,0.0007490582600041359,0.003407992408002897,0.000827335711397796,0.003346847065564566,0.003486269859396557,0.47375151101167773,True,0.020662175491452217,10849.71875,0.0012197347823530436
1,250,34,blocks.5.mlp.fc.weight,mlp_fc,5,125.38673400878906,0.44203739957305993,0.4419147547048312,0.44203739957305993,0.44203739957305993,55.42562584220407,55.410247802734375,0.9997225463991426,0.4485007188462637,0.4957348446476483,0.44203739957305993,0.4485007188462637,0.4957348446476483,0.035,0.0375,1.0146216570802524,1.121477153576715,0.001722387271001935,3.0023053113836795e-05,3.0023053113836795e-05,0.00026146141124253904,0.0008130797447898808,0.00029148446435637584,0.0008614022494973415,0.0008431027979037176,0.45753504269833356,True,0.007335226517170668,3851.50830078125,0.00043707696022465825
1,250,35,blocks.5.mlp.proj.weight,mlp_proj,5,74.86700439453125,0.37016056866736813,0.37011786342317143,0.37016056866736813,0.37016056866736813,27.712812921102035,27.70961570739746,0.999884630487938,0.3782207313197978,0.4957348446476483,0.37016056866736813,0.3782207313197978,0.4957348446476483,0.035,0.025,1.0217747738000496,1.339242714134479,0.0021634758450090885,2.6391595383756794e-05,2.6391595383756794e-05,0.0003911557267177314,0.0016082024270850483,0.0004175473221014882,0.0018298781942812723,0.001634594022468805,1.0949541906313185,True,0.007349673192948103,3857.78515625,0.00016714043158572167
1,250,36,blocks.6.attn.k.weight,attn_k,6,41.57756423950195,0.6665328628071167,0.660488568587222,0.6665328628071167,0.6665328628071167,27.712812921102035,27.461505889892578,0.9909317386176234,0.6602130322360891,0.4957348446476483,0.6665328628071167,0.6602130322360891,0.4957348446476483,0.025,0.025,0.9905183511216364,0.7437515422118137,0.0017106543527916074,0.00010928043047897518,0.00010928043047897518,0.00022460141323289696,0.002250671407406131,0.00033388184371187213,0.0020543649994528967,0.0023599518378851062,0.3764963987322618,True,0.006935762241482735,3642.4521484375,0.0009342643897980452
1,250,37,blocks.6.attn.proj.weight,attn_proj,6,68.13843536376953,0.406713373636364,0.40272536538573134,0.406713373636364,0.406713373636364,27.712812921102035,27.441076278686523,0.9901945485220449,0.44536023302800914,0.4957348446476483,0.406713373636364,0.44536023302800914,0.4957348446476483,0.03,0.025,1.0950223471780858,1.2188801175023,0.0010294023668393493,1.090938167180866e-05,1.090938167180866e-05,0.00012775911797576104,0.00100493684632443,0.0001386684996475697,0.0010451079656109484,0.0010158462279962386,1.384818540951603,True,0.0050261178985238075,2636.832275390625,7.944290700834244e-05
1,250,38,blocks.6.attn.q.weight,attn_q,6,40.25912857055664,0.688360973152551,0.6816720200869877,0.688360973152551,0.688360973152551,27.712812921102035,27.44352149963379,0.9902827828328032,0.662232549197125,0.4957348446476483,0.688360973152551,0.662232549197125,0.4957348446476483,0.025,0.025,0.9620425547430977,0.7201669821246331,0.0012531268876045942,4.3344196456018835e-05,4.3344196456018835e-05,9.926229182345833e-05,0.0012858366666502888,0.00014260648827947716,0.0011606492202239276,0.0013291808631063077,0.7181244645945639,True,0.006190775893628597,3249.913330078125,0.0005132055375725031
1,250,39,blocks.6.attn.v.weight,attn_v,6,59.14854431152344,0.46852907782724534,0.45536510550234643,0.46852907782724534,0.46852907782724534,27.712812921102035,26.93418312072754,0.97190361719717,0.5103198540190554,0.4957348446476483,0.46852907782724534,0.5103198540190554,0.4957348446476483,0.025,0.025,1.0891956938630372,1.058066335917862,0.0019682873971760273,7.082069350872189e-05,7.082069350872189e-05,0.0006598230854096777,0.0030851734203349033,0.0007306437789183996,0.0030258961835357796,0.003155994113843625,0.46987709564915686,True,0.02002466470003128,10519.861328125,0.0010983003303408623
1,250,40,blocks.6.mlp.fc.weight,mlp_fc,6,126.44314575195312,0.4383442496039603,0.43796923772394003,0.4383442496039603,0.4383442496039603,55.42562584220407,55.37820816040039,0.9991444808951968,0.4485007188462637,0.4957348446476483,0.4383442496039603,0.4485007188462637,0.4957348446476483,0.035,0.0375,1.0231700752353423,1.1309258535854863,0.001745973713696003,3.0190247343853116e-05,3.0190247343853116e-05,0.00025499212557150036,0.0007939866448500217,0.00028518237291535347,0.0008422844623696851,0.0008241768921938748,0.4573784914939535,True,0.007208891678601503,3785.477294921875,0.000407567888032645
1,250,41,blocks.6.mlp.proj.weight,mlp_proj,6,75.14983367919922,0.36876745515369896,0.3686914082269067,0.36876745515369896,0.36876745515369896,27.712812921102035,27.70709800720215,0.9997937808075941,0.3782207313197978,0.4957348446476483,0.36876745515369896,0.3782207313197978,0.4957348446476483,0.035,0.025,1.0256347897136389,1.344302046505244,0.002280215732753277,2.9977745725773275e-05,2.9977745725773275e-05,0.00040177926983423607,0.0016404460823565908,0.00043175701556000934,0.001869178823835091,0.001670423828082364,1.0121594693336278,True,0.007894785143435001,4144.7958984375,0.00019181064271833748
1,250,42,blocks.7.attn.k.weight,attn_k,7,41.874820709228516,0.6618013510681036,0.6554514238697337,0.6618013510681036,0.6618013510681036,27.712812921102035,27.446910858154297,0.9904050857736904,0.6602130322360891,0.4957348446476483,0.6618013510681036,0.6602130322360891,0.4957348446476483,0.025,0.025,0.9976000066644605,0.7490689522582041,0.0013877509627491236,8.448948938166723e-05,8.448948938166723e-05,0.00018163611305949015,0.0018967511471300537,0.0002661256024411574,0.0017212749219754438,0.001981240636511721,0.3922436226595688,True,0.005757053382694721,3021.10302734375,0.0007881406927481294
1,250,43,blocks.7.attn.proj.weight,attn_proj,7,66.56825256347656,0.41630675064928757,0.41111481938478056,0.41630675064928757,0.41630675064928757,27.712812921102035,27.36719512939453,0.9875285921825593,0.44536023302800914,0.4957348446476483,0.41630675064928757,0.44536023302800914,0.4957348446476483,0.03,0.025,1.069788641028301,1.1907922316284367,0.0011107546743005514,1.2960750609636307e-05,1.2960750609636307e-05,0.00013702731514873256,0.00110719713565039,0.00014998806575836887,0.0011514539323590482,0.0011201578862600264,1.2874217406277007,True,0.005695536732673645,2990.418212890625,9.425174357602373e-05
1,250,44,blocks.7.attn.q.weight,attn_q,7,40.69924545288086,0.6809171180626988,0.6740934044535891,0.6809171180626988,0.6809171180626988,27.712812921102035,27.43509292602539,0.9899786428801973,0.662232549197125,0.4957348446476483,0.6809171180626988,0.662232549197125,0.4957348446476483,0.025,0.025,0.9725597016583547,0.7280399207146985,0.0011525914305821061,4.154555426794104e-05,4.154555426794104e-05,8.575650896215905e-05,0.0012674017360509633,0.0001273020632301001,0.0011387475366829592,0.0013089472903189043,0.6816547593075571,True,0.006585835479199886,3460.342529296875,0.0005845192354172468
1,250,45,blocks.7.attn.v.weight,attn_v,7,58.63409423828125,0.47263990824998175,0.4601160685194803,0.47263990824998175,0.47263990824998175,27.712812921102035,26.97848892211914,0.9735023650946765,0.5103198540190554,0.4957348446476483,0.47263990824998175,0.5103198540190554,0.4957348446476483,0.025,0.025,1.0797223110265681,1.0488637036241373,0.0019336387049406767,7.101846858859062e-05,7.101846858859062e-05,0.0006738327520231142,0.0030707625921484586,0.0007448512206117048,0.003008893729010216,0.0031417810607370492,0.46435893532589445,True,0.01744760200381279,9160.31640625,0.0009815277298912406
1,250,46,blocks.7.mlp.fc.weight,mlp_fc,7,126.2621078491211,0.43897275901995714,0.43872425311159974,0.43897275901995714,0.43897275901995714,55.42562584220407,55.394248962402344,0.9994338921875044,0.4485007188462637,0.4957348446476483,0.43897275901995714,0.4485007188462637,0.4957348446476483,0.035,0.0375,1.0217051277796338,1.1293066242980936,0.0017585048917680979,2.8129017664468847e-05,2.8129017664468847e-05,0.00024133202360214387,0.000759817096109173,0.0002694610412666127,0.0008046641314294146,0.0007879461137736419,0.4951262817850539,True,0.007410259451717138,3892.113525390625,0.0004016832390334457
1,250,47,blocks.7.mlp.proj.weight,mlp_proj,7,75.42105102539062,0.36744135151036905,0.36726259985748466,0.36744135151036905,0.36744135151036905,27.712812921102035,27.699331283569336,0.9995135233088362,0.3782207313197978,0.4957348446476483,0.36744135151036905,0.3782207313197978,0.4957348446476483,0.035,0.025,1.0293363274577563,1.3491536611487203,0.0023082117550075054,3.123511851299554e-05,3.123511851299554e-05,0.0004142141361759189,0.001704162672696204,0.00044544925468891443,0.0019426446602662786,0.0017353977912091996,0.9798055838239155,True,0.008291225880384445,4352.58447265625,0.00020846881670877337
1,250,48,blocks.8.attn.k.weight,attn_k,8,41.87709045410156,0.6617654813310403,0.6571666089138787,0.6617654813310403,0.6617654813310403,27.712812921102035,27.520225524902344,0.9930506009350987,0.6602130322360891,0.4957348446476483,0.6617654813310403,0.6602130322360891,0.4957348446476483,0.025,0.025,0.9976540796721087,0.7491095541135709,0.00115783023647964,4.981561141903512e-05,4.981561141903512e-05,0.0001313562833807774,0.0013364461207886309,0.00018117189479981252,0.0012027881947095059,0.001386261732207666,0.5550127010945721,True,0.0046255881898105145,2426.481689453125,0.000511600635945797
1,250,49,blocks.8.attn.proj.weight,attn_proj,8,68.53181457519531,0.40437879972803936,0.40000536592848573,0.40437879972803936,0.40437879972803936,27.712812921102035,27.41309356689453,0.9891848093854348,0.44536023302800914,0.4957348446476483,0.40437879972803936,0.44536023302800914,0.4957348446476483,0.03,0.025,1.1013441687040255,1.2259169990638714,0.000883917324244976,7.773815013933927e-06,7.773815013933927e-06,0.00010340875230801373,0.0008203146309135801,0.00011118256732194766,0.0008503851450232763,0.000828088445927514,1.6591483245149417,True,0.0047600786201655865,2497.74853515625,6.12620497122407e-05
1,250,50,blocks.8.attn.q.weight,attn_q,8,40.75641632080078,0.6799619648344375,0.674403058765152,0.6799619648344375,0.6799619648344375,27.712812921102035,27.486251831054688,0.9918246808545793,0.662232549197125,0.4957348446476483,0.6799619648344375,0.662232549197125,0.4957348446476483,0.025,0.025,0.9739258715130789,0.7290626098010551,0.0010034742299467325,2.8595741241588257e-05,2.8595741241588257e-05,6.4683955391838e-05,0.0009542636112981726,9.327969663342625e-05,0.0008543027462141653,0.0009828593525397608,0.861011348201166,True,0.005059537943452597,2654.88671875,0.0003720780950970948
1,250,51,blocks.8.attn.v.weight,attn_v,8,60.099735260009766,0.46111372706065945,0.4500046176447271,0.46111372706065945,0.46111372706065945,27.712812921102035,27.04515838623047,0.9759080921603892,0.5103198540190554,0.4957348446476483,0.46111372706065945,0.5103198540190554,0.4957348446476483,0.025,0.025,1.1067114771708433,1.0750815158066946,0.001562036108225584,4.2890282202279195e-05,4.2890282202279195e-05,0.000516718494611586,0.0023095887986899362,0.0005596087768138651,0.0022494570743077148,0.0023524790808922154,0.6059818354128251,True,0.01451649609953165,7620.0078125,0.0006149545661173761
1,250,52,blocks.8.mlp.fc.weight,mlp_fc,8,126.77391052246094,0.437200569216362,0.43672419780085847,0.437200569216362,0.437200569216362,55.42562584220407,55.365234375,0.9989104053172805,0.4485007188462637,0.4957348446476483,0.437200569216362,0.4485007188462637,0.4957348446476483,0.035,0.0375,1.0258466031966886,1.1338842617158598,0.001794653246179223,2.8901211408083327e-05,2.8901211408083327e-05,0.00024386563128040378,0.0007784960021732256,0.0002727668426884871,0.0008250988998322009,0.000807397213581309,0.48981785832529623,True,0.007418562192469835,3894.616943359375,0.0004231157072354108
1,250,53,blocks.8.mlp.proj.weight,mlp_proj,8,75.63297271728516,0.3664117900626766,0.36627822641453756,0.3664117900626766,0.3664117900626766,27.712812921102035,27.70271110534668,0.9996354821221464,0.3782207313197978,0.4957348446476483,0.3664117900626766,0.3782207313197978,0.4957348446476483,0.035,0.025,1.0322286061130872,1.3529445779101439,0.002375165931880474,3.262169047957286e-05,3.262169047957286e-05,0.00040302834647639444,0.0016266930242604407,0.0004356500369559673,0.001856729120194835,0.0016593147147400135,0.9626675266243504,True,0.00850590504705906,4461.63671875,0.00022453539713751525
1,250,54,blocks.9.attn.k.weight,attn_k,9,42.09709167480469,0.6583070663213604,0.6533951338860793,0.6583070663213604,0.6583070663213604,27.712812921102035,27.50603485107422,0.9925385391004331,0.6602130322360891,0.4957348446476483,0.6583070663213604,0.6602130322360891,0.4957348446476483,0.025,0.025,1.002895253616795,0.7530449998324178,0.0009835308883339167,4.1755251004360616e-05,4.1755251004360616e-05,0.00011631137800757632,0.0011578153929626312,0.00015806662901193694,0.0010411948257424367,0.0011995706439669918,0.559531848886694,True,0.0039149378426373005,2055.28466796875,0.0003904430486727506
1,250,55,blocks.9.attn.proj.weight,attn_proj,9,67.07825469970703,0.41314153215770943,0.4078200598925268,0.41314153215770943,0.41314153215770943,27.712812921102035,27.355857849121094,0.9871194933189501,0.44536023302800914,0.4957348446476483,0.41314153215770943,0.44536023302800914,0.4957348446476483,0.03,0.025,1.0779846574660057,1.199915297933325,0.0008511078194715083,7.796586942276917e-06,7.796586942276917e-06,9.899697959638717e-05,0.0007892798769146201,0.00010679356653866409,0.0008185174487718458,0.000797076463856897,1.627414945774467,True,0.00535703357309103,2812.302734375,7.832713890820742e-05
1,250,56,blocks.9.attn.q.weight,attn_q,9,41.31721115112305,0.6707329015924824,0.6649164684635016,0.6707329015924824,0.6707329015924824,27.712812921102035,27.47249412536621,0.9913282424119122,0.662232549197125,0.4957348446476483,0.6707329015924824,0.662232549197125,0.4957348446476483,0.025,0.025,0.9873267699032275,0.7390942705667989,0.0008814307511784136,2.6479516236577183e-05,2.6479516236577183e-05,6.167538834216263e-05,0.0008902617136859191,8.815490457873982e-05,0.0007963004880349791,0.0009167412299224963,0.805651373502198,True,0.004599283449351788,2415.718017578125,0.00035379757173359394
1,250,57,blocks.9.attn.v.weight,attn_v,9,58.82917404174805,0.47107261613830703,0.46121449527499886,0.47107261613830703,0.47107261613830703,27.712812921102035,27.13286781311035,0.9790730334866122,0.5103198540190554,0.4957348446476483,0.47107261613830703,0.5103198540190554,0.4957348446476483,0.025,0.025,1.08331462397981,1.0523533477948979,0.0013853940181434155,3.5021352232433856e-05,3.5021352232433856e-05,0.00042923224180722733,0.0019625617750419345,0.0004642535940396612,0.0019140786706333395,0.0019975831272743684,0.6724308752673517,True,0.011824022978544235,6206.24072265625,0.0004708621127065271
1,250,58,blocks.9.mlp.fc.weight,mlp_fc,9,126.96001434326172,0.43655970053965054,0.43615268354126835,0.43655970053965054,0.43655970053965054,55.42562584220407,55.37395095825195,0.999067671619997,0.4485007188462637,0.4957348446476483,0.43655970053965054,0.4485007188462637,0.4957348446476483,0.035,0.0375,1.0273525437456832,1.1355488013090735,0.0018116727005690336,2.6868374334299006e-05,2.6868374334299006e-05,0.00022938718594033117,0.0007378366086001015,0.0002562555602746302,0.0007812525654416379,0.0007647049829344005,0.5310939901961406,True,0.007353059481829405,3860.347900390625,0.00035907732672058046
1,250,59,blocks.9.mlp.proj.weight,mlp_proj,9,75.79766082763672,0.365615674923277,0.36560127473199944,0.365615674923277,0.365615674923277,27.712812921102035,27.711721420288086,0.9999606138569529,0.3782207313197978,0.4957348446476483,0.365615674923277,0.3782207313197978,0.4957348446476483,0.035,0.025,1.0344762472209812,1.355890566649464,0.0024835276417434216,3.6438985262066126e-05,3.6438985262066126e-05,0.00040548860352369263,0.00164206875849955,0.00044192758878575875,0.001878571253458764,0.0016785077437616162,0.8991805837093756,True,0.00939030759036541,4929.26318359375,0.00028368987841531634
1,250,60,blocks.10.attn.k.weight,attn_k,10,42.86174774169922,0.6465628300579276,0.6416221592299567,0.6465628300579276,0.6465628300579276,27.712812921102035,27.501047134399414,0.9923585603776306,0.6602130322360891,0.4957348446476483,0.6465628300579276,0.6602130322360891,0.4957348446476483,0.025,0.025,1.021111950058958,0.7667233895942237,0.0007962374365888536,2.7239702831138857e-05,2.7239702831138857e-05,8.304053512002577e-05,0.000923811554113389,0.00011028023795116463,0.0008213138881424855,0.0009510512569445279,0.6819779789860653,True,0.003464700421318412,1818.693359375,0.0002560942666605115
1,250,61,blocks.10.attn.proj.weight,attn_proj,10,64.01681518554688,0.4328989631986375,0.424943706282532,0.4328989631986375,0.4328989631986375,27.712812921102035,27.203542709350586,0.9816232941346902,0.44536023302800914,0.4957348446476483,0.4328989631986375,0.44536023302800914,0.4957348446476483,0.03,0.025,1.0287856310333867,1.1451513789377643,0.0008227515500038862,9.103641787078232e-06,9.103641787078232e-06,0.00010271175305783854,0.0008350966974709691,0.00011181539484491677,0.0008663503980693025,0.0008442003392580474,1.4117554863664776,True,0.006632647011429071,3484.791259765625,0.00016076555766630918
1,250,62,blocks.10.attn.q.weight,attn_q,10,41.7512092590332,0.6637607248490929,0.6582717738212106,0.6637607248490929,0.6637607248490929,27.712812921102035,27.483642578125,0.9917305275494956,0.662232549197125,0.4957348446476483,0.6637607248490929,0.662232549197125,0.4957348446476483,0.025,0.025,0.9976977010016445,0.7468577547434047,0.0006912646349519491,1.9332395822857507e-05,1.9332395822857507e-05,4.1722797474274704e-05,0.0006335405159683076,6.105519329713221e-05,0.0005652648204525517,0.0006528729117911651,0.8564255233721497,True,0.003620017087087035,1900.5076904296875,0.0002686457592062652
1,250,63,blocks.10.attn.v.weight,attn_v,10,56.34773254394531,0.4918177124428024,0.4811772148813621,0.4918177124428024,0.4918177124428024,27.712812921102035,27.113245010375977,0.9783649565840531,0.5103198540190554,0.4957348446476483,0.4918177124428024,0.5103198540190554,0.4957348446476483,0.025,0.025,1.0376199171118807,1.0079646017330077,0.0012009957572445273,2.785882679745555e-05,2.785882679745555e-05,0.000369307527800557,0.001688414436579894,0.00039716635459801253,0.0016452671051030187,0.0017162732633773496,0.7650718191542711,True,0.00999688170850277,5250.89013671875,0.00038499588845297694
1,250,64,blocks.10.mlp.fc.weight,mlp_fc,10,126.56243896484375,0.4379310820455987,0.4376689092249721,0.4379310820455987,0.4379310820455987,55.42562584220407,55.3924446105957,0.9994013377187145,0.4485007188462637,0.4957348446476483,0.4379310820455987,0.4485007188462637,0.4957348446476483,0.035,0.0375,1.0241353884983309,1.1319928294014785,0.0017700149910524487,2.1384472347563133e-05,2.1384472347563133e-05,0.0002051728233028942,0.0006613013650229997,0.00022655729565045733,0.0006975294975367029,0.0006826858373705628,0.6539937086200676,True,0.00672167120501399,3528.79150390625,0.00027608659001998603
1,250,65,blocks.10.mlp.proj.weight,mlp_proj,10,75.91230010986328,0.3650635388599075,0.3648320996118838,0.3650635388599075,0.3650635388599075,27.712812921102035,27.69524383544922,0.9993660302293081,0.3782207313197978,0.4957348446476483,0.3650635388599075,0.3782207313197978,0.4957348446476483,0.035,0.025,1.036040828675962,1.3579412674183429,0.0025622285902500153,4.0320344851352274e-05,4.0320344851352274e-05,0.00040827911934733757,0.001642742278495468,0.00044859946419868984,0.0018827638995805348,0.0016830626233468203,0.8371079847253031,True,0.010322842746973038,5420.3203125,0.0003499466984067112
1,250,66,blocks.11.attn.k.weight,attn_k,11,43.12181854248047,0.6426633629516667,0.6373379507623882,0.6426633629516667,0.6426633629516667,27.712812921102035,27.483171463012695,0.9917135276471889,0.6602130322360891,0.4957348446476483,0.6426633629516667,0.6602130322360891,0.4957348446476483,0.025,0.025,1.0273077170663956,0.7713756115967224,0.0007359739392995834,2.6045374397654086e-05,2.6045374397654086e-05,7.447025691678042e-05,0.0008114628508246791,0.00010051563131443451,0.0007229306317300746,0.0008375082252223332,0.6552918459250426,True,0.0030871189665049314,1620.5489501953125,0.0002572249504737556
1,250,67,blocks.11.attn.proj.weight,attn_proj,11,64.4663314819336,0.42988040864196575,0.4180302899583366,0.42988040864196575,0.42988040864196575,27.712812921102035,26.94887924194336,0.9724339177934198,0.44536023302800914,0.4957348446476483,0.42988040864196575,0.44536023302800914,0.4957348446476483,0.03,0.025,1.036009606566965,1.1531924569759369,0.0008179788710549474,1.4782384823774919e-05,1.4782384823774919e-05,0.00010591858946417312,0.0008798733197619639,0.00012070097428794804,0.0009193887918950433,0.0008946557045857388,0.8583504216626524,True,0.008049598895013332,4231.44384765625,0.0004190925683360547
1,250,68,blocks.11.attn.q.weight,attn_q,11,42.029335021972656,0.6593683413409697,0.6536269059946632,0.6593683413409697,0.6593683413409697,27.712812921102035,27.47150421142578,0.9912925219694133,0.662232549197125,0.4957348446476483,0.6593683413409697,0.662232549197125,0.4957348446476483,0.025,0.025,1.004343866207362,0.7518329491517034,0.0006542287301272154,1.5443740267073736e-05,1.5443740267073736e-05,3.324854519056983e-05,0.0005490577536321099,4.869228545764357e-05,0.0004876544218265189,0.0005645014938991836,1.0079166146324443,True,0.00311507610604167,1634.980712890625,0.0001948608987731859
1,250,69,blocks.11.attn.v.weight,attn_v,11,57.11915588378906,0.4851754633329094,0.4738969538337256,0.4851754633329094,0.4851754633329094,27.712812921102035,27.068593978881836,0.976753751268257,0.5103198540190554,0.4957348446476483,0.4851754633329094,0.5103198540190554,0.4957348446476483,0.025,0.025,1.0518253551270231,1.0217640464383777,0.001041427138261497,2.5350112991873175e-05,2.5350112991873175e-05,0.00030351259638797316,0.0013910921968668102,0.00032886270937984634,0.0013582739379939836,0.0014164423098586834,0.7192290334951358,True,0.008303927257657051,4360.279296875,0.0004288868803996593
1,250,70,blocks.11.mlp.fc.weight,mlp_fc,11,126.03314971923828,0.4397702189120459,0.43966584898243943,0.4397702189120459,0.4397702189120459,55.42562584220407,55.412471771240234,0.9997626716746278,0.4485007188462637,0.4957348446476483,0.4397702189120459,0.4485007188462637,0.4957348446476483,0.035,0.0375,1.019852412825535,1.1272587895425346,0.0019210489699617028,2.4887714971555397e-05,2.4887714971555397e-05,0.00020405040107961388,0.0006770443450330086,0.00022893811605116928,0.0007179572625835045,0.000701932060004564,0.6124471548456402,True,0.00696218479424715,3654.52392578125,0.000275822269031778
1,250,71,blocks.11.mlp.proj.weight,mlp_proj,11,76.47225952148438,0.36239040267034744,0.36247123223601324,0.36239040267034744,0.36239040267034744,27.712812921102035,27.718994140625,1.000223045547219,0.3782207313197978,0.4957348446476483,0.36239040267034744,0.3782207313197978,0.4957348446476483,0.035,0.025,1.0436830791676637,1.367957983971775,0.0031214579939842224,7.735761755611748e-05,7.735761755611748e-05,0.0004999969800635361,0.002095487616458308,0.0005773545976196536,0.0024346094646829344,0.0021728452340144255,0.5276555208400435,True,0.01436799205839634,7547.3955078125,0.0009751582983881235
2,500,0,blocks.0.attn.k.weight,attn_k,0,53.882808685302734,0.5143164136627696,0.5113768760546324,0.5143164136627696,0.5143164136627696,27.712812921102035,27.55442237854004,0.9942845736009213,0.4849329851381259,0.37684053341046625,0.5143164136627696,0.4849329851381259,0.37684053341046625,0.025,0.025,0.9428689659826606,0.7327017442954009,0.0013831495307385921,4.70555605716072e-05,4.70555605716072e-05,7.002630586218243e-05,0.0011776821354765872,0.00011708186643378964,0.0010742842039073626,0.0012247376960481944,0.5455165823731772,True,0.005093141458928585,2669.040283203125,0.00047344641643576324
2,500,1,blocks.0.attn.proj.weight,attn_proj,0,52.916229248046875,0.5237110299601498,0.5187604998157298,0.5237110299601498,0.5237110299601498,27.712812921102035,27.450849533081055,0.9905472104630163,0.34110569101157023,0.37684053341046625,0.5237110299601498,0.34110569101157023,0.37684053341046625,0.03,0.025,0.6513242446650886,0.7195581376988389,0.0029035534244030714,0.00010057652980322018,0.00010057652980322018,0.0002959831404584114,0.002913572746409295,0.00039655967026163157,0.003070983966592593,0.0030141492762125154,0.545562216278648,True,0.013001449406147003,6814.14697265625,0.0008386634872294962
2,500,2,blocks.0.attn.q.weight,attn_q,0,59.43070602416992,0.46630462222393065,0.46351304347155525,0.46630462222393065,0.46630462222393065,27.712812921102035,27.546907424926758,0.9940134010701979,0.4836400199016763,0.37684053341046625,0.46630462222393065,0.4836400199016763,0.37684053341046625,0.025,0.025,1.0371761223276503,0.8081423932990704,0.0012075682170689106,3.088732046307996e-05,3.088732046307996e-05,3.242871390370873e-05,0.000727200565756379,6.331603436678869e-05,0.0006617770238595058,0.000758087886219459,0.6578404136436782,True,0.004239258356392384,2219.270263671875,0.0003100319008808583
2,500,3,blocks.0.attn.v.weight,attn_v,0,47.49403381347656,0.583500930452415,0.5735376870360022,0.583500930452415,0.583500930452415,27.712812921102035,27.2396183013916,0.9829250599331937,0.3807547410958962,0.37684053341046625,0.583500930452415,0.3807547410958962,0.37684053341046625,0.025,0.025,0.6525349339214928,0.6458267909157994,0.0036932569928467274,0.00025071314303204417,0.00025071314303204417,0.0010827366281744445,0.004904598921650002,0.0013334497712064886,0.0050314595016122,0.005155312064682046,0.31016541509345713,True,0.031999439001083374,16778.025390625,0.0040678707882761955
2,500,4,blocks.0.mlp.fc.weight,mlp_fc,0,141.8370361328125,0.3907697689784279,0.39065801352750196,0.3907697689784279,0.3907697689784279,55.42562584220407,55.40977478027344,0.9997140120352315,0.34859330224586843,0.37684053341046625,0.3907697689784279,0.34859330224586843,0.37684053341046625,0.035,0.0375,0.8920682455993985,0.9643543675234237,0.0041949208825826645,0.00019724022422451526,0.00019724022422451526,0.00047855978383880293,0.0018803277914418329,0.0006758000080633182,0.00210109484894577,0.002077568015666348,0.1499472962329265,True,0.013944093137979507,7309.052734375,0.0012858205009251833
2,500,5,blocks.0.mlp.proj.weight,mlp_proj,0,82.10609436035156,0.337524432711104,0.3373710602584469,0.337524432711104,0.337524432711104,27.712812921102035,27.700220108032227,0.9995455959990183,0.2971430626623631,0.37684053341046625,0.337524432711104,0.2971430626623631,0.37684053341046625,0.035,0.025,0.8803601572651057,1.1164837175891618,0.008261495269834995,0.0005974638625048101,0.0005974638625048101,0.0012246750979551958,0.006907395796941283,0.0018221389604600059,0.008223664662111309,0.007504859659446093,0.16841145281048284,True,0.041106946766376495,21555.865234375,0.006407126318663359
2,500,6,blocks.1.attn.k.weight,attn_k,1,55.91434097290039,0.4956297872585748,0.48860370064448244,0.4956297872585748,0.4956297872585748,27.712812921102035,27.31995391845703,0.9858239218168336,0.4849329851381259,0.37684053341046625,0.4956297872585748,0.4849329851381259,0.37684053341046625,0.025,0.025,0.9784177577792186,0.760326645205981,0.001182796899229288,9.650278661865741e-05,9.650278661865741e-05,7.613569154892659e-05,0.0013568208978847682,0.000172638478167584,0.0012816827831456322,0.0014533236845034256,0.21920331243226768,True,0.006257175002247095,3290.581298828125,0.0017326842062175274
2,500,7,blocks.1.attn.proj.weight,attn_proj,1,69.0014419555664,0.40162657671629165,0.39627333426431544,0.40162657671629165,0.40162657671629165,27.712812921102035,27.34343147277832,0.9866710950860406,0.34110569101157023,0.37684053341046625,0.40162657671629165,0.34110569101157023,0.37684053341046625,0.03,0.025,0.8493105555923575,0.9382858487392027,0.0023772649001330137,7.355992420343682e-05,7.355992420343682e-05,0.0002620376708973846,0.002677984854992251,0.0003355975951008214,0.002814250772007165,0.002751544779195688,0.46835821114322934,True,0.015506883151829243,8132.49853515625,0.0008500801050104201
2,500,8,blocks.1.attn.q.weight,attn_q,1,58.11699676513672,0.4768452339871496,0.4692500608138194,0.4768452339871496,0.4768452339871496,27.712812921102035,27.271404266357422,0.9840720371475354,0.4836400199016763,0.37684053341046625,0.4768452339871496,0.4836400199016763,0.37684053341046625,0.025,0.025,1.0142494575393193,0.7902784940503812,0.0010876161977648735,6.629640120081604e-05,6.629640120081604e-05,3.661365995121542e-05,0.0010732364550072974,0.00010291006115203145,0.0010039334806898536,0.0011395328562081135,0.28228158615575255,True,0.006578519940376282,3454.694580078125,0.0014134456869214773
2,500,9,blocks.1.attn.v.weight,attn_v,1,59.28852844238281,0.4674228497344748,0.4528980000941879,0.4674228497344748,0.4674228497344748,27.712812921102035,26.851655960083008,0.9689256747963215,0.3807547410958962,0.37684053341046625,0.4674228497344748,0.3807547410958962,0.37684053341046625,0.025,0.025,0.8145830725053098,0.8062090538032856,0.0026771710254251957,0.00015291912131942809,0.00015291912131942809,0.0008723619301999204,0.003835057690285194,0.0010252810515193485,0.0038828100740287467,0.003987976811604622,0.29528653998224313,True,0.027028381824493408,14176.08203125,0.0027511685620993376
2,500,10,blocks.1.mlp.fc.weight,mlp_fc,1,154.5624237060547,0.3585970283929552,0.3586947572329758,0.3585970283929552,0.3585970283929552,55.42562584220407,55.440731048583984,1.0002725310928002,0.34859330224586843,0.37684053341046625,0.3585970283929552,0.34859330224586843,0.37684053341046625,0.035,0.0375,0.9721031538049318,1.050874668703388,0.0019702876452356577,5.1046357839368284e-05,5.1046357839368284e-05,0.00026194413821464113,0.0008720474963586579,0.0003129904960540094,0.0009335574340210721,0.0009230938541980262,0.2497243860969553,True,0.008360344916582108,4381.21240234375,0.00048499397234991193
2,500,11,blocks.1.mlp.proj.weight,mlp_proj,1,88.5155258178711,0.31308420376018237,0.3129873390641693,0.31308420376018237,0.31308420376018237,27.712812921102035,27.704238891601562,0.9996906113599914,0.2971430626623631,0.37684053341046625,0.31308420376018237,0.2971430626623631,0.37684053341046625,0.035,0.025,0.9490835343771291,1.2036395604906347,0.0030852858908474445,7.084653771016747e-05,7.084653771016747e-05,0.0005011429149837018,0.0022224833229329576,0.0005719894526938692,0.0025159549900394067,0.002293329860643125,0.49199119285879206,True,0.010168289765715599,5329.53173828125,0.0004859108885284513
2,500,12,blocks.2.attn.k.weight,attn_k,2,58.329261779785156,0.475109954686694,0.4710385407672809,0.475109954686694,0.475109954686694,27.712812921102035,27.475330352783203,0.9914305859533299,0.4849329851381259,0.37684053341046625,0.475109954686694,0.4849329851381259,0.37684053341046625,0.025,0.025,1.0206752781214816,0.79316488676599,0.0011487386655062437,4.620700201485306e-05,4.620700201485306e-05,7.854016993570387e-05,0.0012514647737965393,0.00012474717195055693,0.0011334449212820276,0.0012976717758113924,0.4262132703728034,True,0.004998913966119289,2619.92919921875,0.0004971639136783779
2,500,13,blocks.2.attn.proj.weight,attn_proj,2,72.69754028320312,0.3812070231419525,0.3769862021876797,0.3812070231419525,0.3812070231419525,27.712812921102035,27.405969619750977,0.9889277460853708,0.34110569101157023,0.37684053341046625,0.3812070231419525,0.34110569101157023,0.37684053341046625,0.03,0.025,0.8948043197109475,0.9885456209712583,0.0018228330882266164,3.771257615881041e-05,3.771257615881041e-05,0.00020058929523461907,0.0018636491910297259,0.00023830187139342948,0.00194558121326786,0.0019013617671885363,0.6648765049113625,True,0.011068359017372131,5804.52978515625,0.0004023252986371517
2,500,14,blocks.2.attn.q.weight,attn_q,2,58.740726470947266,0.4717819234804423,0.46667584286784003,0.4717819234804423,0.4717819234804423,27.712812921102035,27.412878036499023,0.9891770321021932,0.4836400199016763,0.37684053341046625,0.4717819234804423,0.4836400199016763,0.37684053341046625,0.025,0.025,1.0251346985356162,0.7987600089262177,0.0009648992563597858,3.292737528681755e-05,3.292737528681755e-05,3.977922966984457e-05,0.000874333862362292,7.270660495666212e-05,0.0007934566641143963,0.0009072612376491095,0.4988678827559182,True,0.005791177973151207,3036.910888671875,0.0006054936093278229
2,500,15,blocks.2.attn.v.weight,attn_v,2,63.97682571411133,0.4331695518145946,0.41822568899753987,0.4331695518145946,0.4331695518145946,27.712812921102035,26.756752014160156,0.9655011236259643,0.3807547410958962,0.37684053341046625,0.4331695518145946,0.3807547410958962,0.37684053341046625,0.025,0.025,0.8789970105259545,0.8699608082605069,0.002752609085291624,0.00019845229689963162,0.00019845229689963162,0.0009754735710280932,0.004232315286407389,0.0011739258679277248,0.004307011298202876,0.00443076758330702,0.2168032163925383,True,0.03232897073030472,16959.76171875,0.003776822704821825
2,500,16,blocks.2.mlp.fc.weight,mlp_fc,2,157.04681396484375,0.35292422967976644,0.35288630635567225,0.35292422967976644,0.35292422967976644,55.42562584220407,55.41967010498047,0.9998925454222104,0.34859330224586843,0.37684053341046625,0.35292422967976644,0.34859330224586843,0.37684053341046625,0.035,0.0375,0.9877284497076674,1.0677661144217863,0.002052313182502985,5.118919943924993e-05,5.118919943924993e-05,0.0002677290530156118,0.0008973896514117033,0.0003189182524548617,0.0009592466818582477,0.0009485788508509532,0.2552913894044645,True,0.009425750933587551,4940.20947265625,0.0005618914728984237
2,500,17,blocks.2.mlp.proj.weight,mlp_proj,2,90.11164093017578,0.3075386557722956,0.30753143247380327,0.3075386557722956,0.3075386557722956,27.712812921102035,27.712162017822266,0.999976512551013,0.2971430626623631,0.37684053341046625,0.3075386557722956,0.2971430626623631,0.37684053341046625,0.035,0.025,0.9661974424521467,1.2253436318895872,0.003004130208864808,6.34546231594868e-05,6.34546231594868e-05,0.0005155624699604092,0.0022222565844695983,0.000579017093119896,0.002507990318042284,0.002285711207629085,0.5253812687286729,True,0.011013690382242203,5773.40673828125,0.000526196847204119
2,500,18,blocks.3.attn.k.weight,attn_k,3,57.92066192626953,0.4784616059184412,0.4742012640782175,0.4784616059184412,0.4784616059184412,27.712812921102035,27.46605110168457,0.9910957498208504,0.4849329851381259,0.37684053341046625,0.4784616059184412,0.4849329851381259,0.37684053341046625,0.025,0.025,1.0135253887451687,0.7876087208441603,0.0009370368206873536,3.7397439882624894e-05,3.7397439882624894e-05,6.95261290834895e-05,0.001083265964915799,0.0001069235689661144,0.0009777237097318564,0.001120663404798424,0.432594773033468,True,0.004381618928164244,2295.6533203125,0.0004564053670037538
2,500,19,blocks.3.attn.proj.weight,attn_proj,3,74.99652862548828,0.3695212755711945,0.36586832378003664,0.3695212755711945,0.3695212755711945,27.712812921102035,27.438854217529297,0.9901143667965899,0.34110569101157023,0.37684053341046625,0.3695212755711945,0.34110569101157023,0.37684053341046625,0.03,0.025,0.9231016278678397,1.0198074057520987,0.0016520920908078551,2.681441037566401e-05,2.681441037566401e-05,0.0001688450938993034,0.0015096001422041604,0.00019565950427496742,0.0015724526284310893,0.0015364145525798244,0.8215326700692872,True,0.007870148867368698,4126.45263671875,0.00021270193974487484
2,500,20,blocks.3.attn.q.weight,attn_q,3,57.88837814331055,0.4787284392818054,0.4743129052735088,0.4787284392818054,0.4787284392818054,27.712812921102035,27.457204818725586,0.9907765370803693,0.4836400199016763,0.37684053341046625,0.4787284392818054,0.4836400199016763,0.37684053341046625,0.025,0.025,1.0102596382768472,0.7871697239792298,0.000773389358073473,1.8055807231576182e-05,1.8055807231576182e-05,3.5099914697484006e-05,0.0007006757541646512,5.315572192906019e-05,0.0006283207558738771,0.0007187315613962274,0.7399287466867094,True,0.004312155768275261,2260.552978515625,0.0003049962397199124
2,500,21,blocks.3.attn.v.weight,attn_v,3,65.69952392578125,0.42181147236939426,0.40962870243147737,0.42181147236939426,0.42181147236939426,27.712812921102035,26.912410736083984,0.9711179739387414,0.3807547410958962,0.37684053341046625,0.42181147236939426,0.3807547410958962,0.37684053341046625,0.025,0.025,0.9026656836930615,0.8933861644247896,0.0023766555823385715,0.00013477377069648355,0.00013477377069648355,0.0008162573600219412,0.003489511938124745,0.0009510311307184248,0.003524769744769942,0.0036242857088212284,0.2684099726886401,True,0.025781800970435143,13523.31640625,0.002545470604673028
2,500,22,blocks.3.mlp.fc.weight,mlp_fc,3,158.7760009765625,0.34908062617338276,0.3488711162049747,0.34908062617338276,0.34908062617338276,55.42562584220407,55.39236068725586,0.9993998235573754,0.34859330224586843,0.37684053341046625,0.34908062617338276,0.34859330224586843,0.37684053341046625,0.035,0.0375,0.998603978877727,1.0795229100548696,0.0018662016373127699,4.0358434489462525e-05,4.0358434489462525e-05,0.00023202083058877153,0.0007721697867216262,0.00027237926507823405,0.0008221589195663454,0.0008125282212110887,0.2912322028809378,True,0.008266041986644268,4332.3203125,0.00046524862409569323
2,500,23,blocks.3.mlp.proj.weight,mlp_proj,3,91.93468475341797,0.30144023439501405,0.301374026011313,0.30144023439501405,0.30144023439501405,27.712812921102035,27.70672607421875,0.9997803598320887,0.2971430626623631,0.37684053341046625,0.30144023439501405,0.2971430626623631,0.37684053341046625,0.035,0.025,0.9857445316108008,1.2501334938475597,0.0026873613242059946,5.3291649237507954e-05,5.3291649237507954e-05,0.00047075502188627166,0.001978832647742553,0.0005240466711237796,0.0022304252113569674,0.002032124296980061,0.5485137397204893,True,0.010642871260643005,5575.400390625,0.000565710011869669
2,500,24,blocks.4.attn.k.weight,attn_k,4,58.00885772705078,0.47773416003982017,0.47392385080392174,0.47773416003982017,0.47773416003982017,27.712812921102035,27.49178123474121,0.9920242060237588,0.4849329851381259,0.37684053341046625,0.47773416003982017,0.4849329851381259,0.37684053341046625,0.025,0.025,1.015068684009755,0.7888080127639517,0.0010604283306747675,3.8401172787416726e-05,3.8401172787416726e-05,6.402990074020731e-05,0.0009085056732418266,0.00010243107352762403,0.0008300177308895859,0.0009469068460292434,0.47603898456562554,True,0.004497114103287458,2352.252197265625,0.0005592353409156203
2,500,25,blocks.4.attn.proj.weight,attn_proj,4,81.3011474609375,0.3408661966845809,0.3381353891555605,0.3408661966845809,0.3408661966845809,27.712812921102035,27.490795135498047,0.9919886232322908,0.34110569101157023,0.37684053341046625,0.3408661966845809,0.34110569101157023,0.37684053341046625,0.03,0.025,1.0007026050964243,1.1055380001765738,0.0013705288292840123,1.7396785551682115e-05,1.7396785551682115e-05,0.0001336483916193739,0.0011467683176204205,0.00015104517717105603,0.0011917358043591788,0.0011641651031721026,0.9689971289529329,True,0.0063137211836874485,3311.547607421875,0.0001319409057032317
2,500,26,blocks.4.attn.q.weight,attn_q,4,57.293521881103516,0.48369888970365854,0.4791915695911663,0.48369888970365854,0.48369888970365854,27.712812921102035,27.454572677612305,0.9906815578691006,0.4836400199016763,0.37684053341046625,0.48369888970365854,0.4836400199016763,0.37684053341046625,0.025,0.025,0.9998782924599676,0.7790808319641589,0.0009426797041669488,4.0316790546057746e-05,4.0316790546057746e-05,4.037340559372403e-05,0.0007594404621957985,8.069019613978177e-05,0.0007041487081176832,0.0007997572527418562,0.4081057228562232,True,0.005653068423271179,2951.49658203125,0.0013249049661681056
2,500,27,blocks.4.attn.v.weight,attn_v,4,71.5881118774414,0.38711473447639283,0.37774771754232067,0.38711473447639283,0.38711473447639283,27.712812921102035,27.042245864868164,0.9758029955983549,0.3807547410958962,0.37684053341046625,0.38711473447639283,0.3807547410958962,0.37684053341046625,0.025,0.025,0.9835707793734612,0.9734595453210445,0.002193552441895008,0.00010529144492466003,0.00010529144492466003,0.0007093627743424609,0.003000084204209398,0.0008146542192671209,0.0030142839460136107,0.003105375649134058,0.2910140975407234,True,0.022889597341418266,12007.478515625,0.001888622879050672
2,500,28,blocks.4.mlp.fc.weight,mlp_fc,4,159.62896728515625,0.3472153380732799,0.34698857060267946,0.3472153380732799,0.3472153380732799,55.42562584220407,55.389427185058594,0.9993468967360236,0.34859330224586843,0.37684053341046625,0.3472153380732799,0.34859330224586843,0.37684053341046625,0.035,0.0375,1.0039686155002108,1.085322254199882,0.001932321349158883,4.330018055043183e-05,4.330018055043183e-05,0.0002507952078490239,0.0008308803524760207,0.00029409538839945574,0.0008838890279962556,0.0008741805330264525,0.27956187264563354,True,0.008497543632984161,4454.89599609375,0.000490943668410182
2,500,29,blocks.4.mlp.proj.weight,mlp_proj,4,92.96941375732422,0.2980852712854586,0.29799278038242416,0.2980852712854586,0.2980852712854586,27.712812921102035,27.704214096069336,0.9996897166282911,0.2971430626623631,0.37684053341046625,0.2980852712854586,0.2971430626623631,0.37684053341046625,0.035,0.025,0.99683913056478,1.2642038024401026,0.0028188356664031744,6.961276812944561e-05,6.961276812944561e-05,0.0005217836967967523,0.002183946252391517,0.0005913964649261979,0.0024733214658386117,0.0022535590205209626,0.4355527517067797,True,0.012866431847214699,6737.48779296875,0.0009257449419237673
2,500,30,blocks.5.attn.k.weight,attn_k,5,58.75053024291992,0.4717031966607949,0.46834787569379804,0.4717031966607949,0.4717031966607949,27.712812921102035,27.51568603515625,0.992886796208418,0.4849329851381259,0.37684053341046625,0.4717031966607949,0.4849329851381259,0.37684053341046625,0.025,0.025,1.0280468493132655,0.79889332122007,0.0009088636725209653,2.2717113097314723e-05,2.2717113097314723e-05,5.481029545768456e-05,0.0007319590575608398,7.752740855499928e-05,0.0006595700973973213,0.0007546761706581545,0.6809791486048418,True,0.0034973672591149807,1832.471923828125,0.00024969715741463006
2,500,31,blocks.5.attn.proj.weight,attn_proj,5,82.9983901977539,0.33389578828062616,0.3313966934665798,0.33389578828062616,0.33389578828062616,27.712812921102035,27.50539207458496,0.9925153449017392,0.34110569101157023,0.37684053341046625,0.33389578828062616,0.34110569101157023,0.37684053341046625,0.03,0.025,1.0215932724640553,1.1286172112292316,0.0011391204316169024,1.125241851696046e-05,1.125241851696046e-05,0.00010424377468165286,0.0008664928600583979,0.00011549619319861332,0.0008980412436015193,0.0008777452785753584,1.219703010561934,True,0.004938774276524782,2587.983642578125,7.703774463152513e-05
2,500,32,blocks.5.attn.q.weight,attn_q,5,57.721927642822266,0.48010893005144,0.4764775791253859,0.48010893005144,0.48010893005144,27.712812921102035,27.503204345703125,0.9924364020355616,0.4836400199016763,0.37684053341046625,0.48010893005144,0.4836400199016763,0.37684053341046625,0.025,0.025,1.0073547681145152,0.7849063198430628,0.0007963179377838969,1.7686747014522552e-05,1.7686747014522552e-05,3.4948040560134724e-05,0.00057570286106169,5.2634787574657276e-05,0.0005210084242448952,0.0005933896080762126,0.7800055786183627,True,0.0042731580324471,2239.86181640625,0.0003284888225607574
2,500,33,blocks.5.attn.v.weight,attn_v,5,74.3464584350586,0.37275229384744796,0.3639665721164982,0.37275229384744796,0.37275229384744796,27.712812921102035,27.05962562561035,0.9764301336947896,0.3807547410958962,0.37684053341046625,0.37275229384744796,0.3807547410958962,0.37684053341046625,0.025,0.025,1.021468539243177,1.010967711347449,0.0019420090829953551,7.867040403652936e-05,7.867040403652936e-05,0.0006159636436068084,0.0025817030633832148,0.0006946340476433378,0.0025770311839082294,0.002660373467419744,0.33203173201536335,True,0.01977185532450676,10371.5302734375,0.001322586671449244
2,500,34,blocks.5.mlp.fc.weight,mlp_fc,5,160.99163818359375,0.34427642620169546,0.34418998065350226,0.34427642620169546,0.34427642620169546,55.42562584220407,55.41170883178711,0.9997489065715454,0.34859330224586843,0.37684053341046625,0.34427642620169546,0.34859330224586843,0.37684053341046625,0.035,0.0375,1.0125389823863338,1.094587095515198,0.0017391711007803679,3.0324892577482387e-05,3.0324892577482387e-05,0.00020733247269429838,0.0006709515712951666,0.00023765736527178076,0.0007092024062050902,0.000701276463872649,0.35623756990791244,True,0.007249812129884958,3800.423583984375,0.00036828170414082706
2,500,35,blocks.5.mlp.proj.weight,mlp_proj,5,94.2418212890625,0.2940606679926115,0.29420804221732294,0.2940606679926115,0.2940606679926115,27.712812921102035,27.726701736450195,1.000501169454999,0.2971430626623631,0.37684053341046625,0.2940606679926115,0.2971430626623631,0.37684053341046625,0.035,0.025,1.0104821725761335,1.2815060782625123,0.0022792802192270756,2.6118363166460767e-05,2.6118363166460767e-05,0.0003397278717084466,0.001394940677313323,0.00036584623487490736,0.001562500698570339,0.0014210590404797837,0.9259938335982263,True,0.006865518167614937,3597.277099609375,0.00016865425277501345
2,500,36,blocks.6.attn.k.weight,attn_k,6,57.47076416015625,0.48220714177165885,0.47883047065582146,0.48220714177165885,0.48220714177165885,27.712812921102035,27.518753051757812,0.9929974676372005,0.4849329851381259,0.37684053341046625,0.48220714177165885,0.4849329851381259,0.37684053341046625,0.025,0.025,1.005652847356122,0.7814909833685392,0.0011883481638506055,4.210242332192138e-05,4.210242332192138e-05,7.781120306050124e-05,0.0010120968792204103,0.00011991362638242262,0.0009246270021540409,0.0010541993025423317,0.4911222772457049,True,0.004848961718380451,2541.381591796875,0.0003952540282625705
2,500,37,blocks.6.attn.proj.weight,attn_proj,6,89.88921356201172,0.30829964823292,0.30601523906168404,0.30829964823292,0.30829964823292,27.712812921102035,27.507469177246094,0.9925902958880229,0.34110569101157023,0.37684053341046625,0.30829964823292,0.34110569101157023,0.37684053341046625,0.03,0.025,1.106409601719251,1.2223190508662654,0.0009245038963854313,7.5774996730615385e-06,7.5774996730615385e-06,7.988516917045022e-05,0.0006595215329366377,8.746266884351175e-05,0.0006821472213019503,0.0006670990326096992,1.3572980924862645,True,0.004234973341226578,2219.695068359375,5.281986159388907e-05
2,500,38,blocks.6.attn.q.weight,attn_q,6,55.32928466796875,0.5008706164810685,0.4970836458856079,0.5008706164810685,0.5008706164810685,27.712812921102035,27.50328254699707,0.9924392238816935,0.4836400199016763,0.37684053341046625,0.5008706164810685,0.4836400199016763,0.37684053341046625,0.025,0.025,0.965598707505647,0.7523710136122744,0.0009209103300236166,2.1859799744561315e-05,2.1859799744561315e-05,3.446818911914467e-05,0.0005684461226919802,5.6327988863705985e-05,0.0005209730598774131,0.0005903059224365415,0.761405676075824,True,0.004331835545599461,2269.9814453125,0.0003041227755602449
2,500,39,blocks.6.attn.v.weight,attn_v,6,80.45236206054688,0.34446239005693724,0.33633629782005403,0.34446239005693724,0.34446239005693724,27.712812921102035,27.059049606323242,0.9764093483891351,0.3807547410958962,0.37684053341046625,0.34446239005693724,0.3807547410958962,0.37684053341046625,0.025,0.025,1.1053594008709051,1.093996164133266,0.0017783425282686949,6.952020339667797e-05,6.952020339667797e-05,0.0005319840628923699,0.002311042075598482,0.0006015042662890479,0.0022986529066680666,0.00238056227899516,0.3179549430690198,True,0.018605856224894524,9754.6220703125,0.0011388653656467795
2,500,40,blocks.6.mlp.fc.weight,mlp_fc,6,162.26255798339844,0.3415798846698499,0.34162755562585184,0.3415798846698499,0.3415798846698499,55.42562584220407,55.4333610534668,1.0001395601970242,0.34859330224586843,0.37684053341046625,0.3415798846698499,0.34859330224586843,0.37684053341046625,0.035,0.0375,1.0205322909538344,1.1032281182912662,0.0017972288187593222,3.1016155844554305e-05,3.1016155844554305e-05,0.00019321890323483785,0.0006384634982961507,0.00022423505907939216,0.0006761879233108246,0.000669479654140705,0.3571059494235362,True,0.007184479385614395,3765.142822265625,0.0003681026864796877
2,500,41,blocks.6.mlp.proj.weight,mlp_proj,6,94.75702667236328,0.29246182467209814,0.29256858276811926,0.29246182467209814,0.29246182467209814,27.712812921102035,27.722929000854492,1.000365032585514,0.2971430626623631,0.37684053341046625,0.29246182467209814,0.2971430626623631,0.37684053341046625,0.035,0.025,1.016006321493458,1.2885118727306433,0.002407646272331476,2.807300552376546e-05,2.807300552376546e-05,0.000339698567219569,0.001376544562500872,0.00036777157274333445,0.0015433908033895248,0.0014046175680246375,0.9050912065223298,True,0.007138238754123449,3740.11962890625,0.0001849247346399352
2,500,42,blocks.7.attn.k.weight,attn_k,7,57.08083724975586,0.48550116389928333,0.4824401528021724,0.48550116389928333,0.48550116389928333,27.712812921102035,27.538087844848633,0.9936951518869325,0.4849329851381259,0.37684053341046625,0.48550116389928333,0.4849329851381259,0.37684053341046625,0.025,0.025,0.9988297066960785,0.7761887332748834,0.0009014575625769794,2.2829583031125367e-05,2.2829583031125367e-05,5.4660324813223595e-05,0.0007649779267144604,7.748990784434896e-05,0.0006886113397588148,0.0007878075097455858,0.6917624314199392,True,0.0035966194700449705,1883.185791015625,0.0002473186468705535
2,500,43,blocks.7.attn.proj.weight,attn_proj,7,88.88323211669922,0.31178898720420634,0.3091020311150863,0.31178898720420634,0.31178898720420634,27.712812921102035,27.473987579345703,0.9913821327904798,0.34110569101157023,0.37684053341046625,0.31178898720420634,0.34110569101157023,0.37684053341046625,0.03,0.025,1.0940273871448927,1.2086396533423882,0.0010255874367430806,9.782677807379514e-06,9.782677807379514e-06,8.9205340172512e-05,0.0007301505376426311,9.898801797989151e-05,0.0007546592900260689,0.0007399332154500106,1.1794922813018736,True,0.005026130937039852,2634.092529296875,7.671782077522948e-05
2,500,44,blocks.7.attn.q.weight,attn_q,7,55.9633674621582,0.49519559272127656,0.4913949193552862,0.49519559272127656,0.49519559272127656,27.712812921102035,27.50011444091797,0.9923249047005941,0.4836400199016763,0.37684053341046625,0.49519559272127656,0.4836400199016763,0.37684053341046625,0.025,0.025,0.9766646291092814,0.760993310420218,0.0007759426953271031,1.3612827387987636e-05,1.3612827387987636e-05,2.747710003554992e-05,0.0004953199889098254,4.1089927423537556e-05,0.0004466417362725589,0.000508932816297813,1.0185385527985467,True,0.0038126923609524965,1997.0751953125,0.00022791019000578672
2,500,45,blocks.7.attn.v.weight,attn_v,7,80.99190521240234,0.34216768760316,0.3344730684186722,0.34216768760316,0.34216768760316,27.712812921102035,27.089611053466797,0.9775121396225823,0.3807547410958962,0.37684053341046625,0.34216768760316,0.3807547410958962,0.37684053341046625,0.025,0.025,1.11277234785971,1.1013329050740734,0.0017909405287355185,7.130189624149352e-05,7.130189624149352e-05,0.0005340362245911004,0.0023200834178012096,0.0006053381208325939,0.0023072358467702016,0.002391385314042703,0.31012620840811883,True,0.01663193292915821,8715.0126953125,0.0010429159738123417
2,500,46,blocks.7.mlp.fc.weight,mlp_fc,7,161.95204162597656,0.3422348078217372,0.34216321959311014,0.3422348078217372,0.3422348078217372,55.42562584220407,55.414031982421875,0.9997908213104313,0.34859330224586843,0.37684053341046625,0.3422348078217372,0.34859330224586843,0.37684053341046625,0.035,0.0375,1.0185793328989587,1.10111690803454,0.001701773377135396,2.599816616566386e-05,2.599816616566386e-05,0.00017121358823660366,0.0005550596765288983,0.00019721175440226752,0.0005861071063012274,0.0005810578426945622,0.4041779182917594,True,0.006690221838653088,3504.65380859375,0.00033308498677797616
2,500,47,blocks.7.mlp.proj.weight,mlp_proj,7,95.51280975341797,0.2901476042077206,0.29018777775159244,0.2901476042077206,0.2901476042077206,27.712812921102035,27.716650009155273,1.0001384589887776,0.2971430626623631,0.37684053341046625,0.2901476042077206,0.2971430626623631,0.37684053341046625,0.035,0.025,1.0241099990253042,1.2987890575194305,0.0023678322322666645,2.7015834348276258e-05,2.7015834348276258e-05,0.00032668813754599754,0.0012923248140900671,0.0003537039718942738,0.0014481897452830299,0.0013193406484383434,0.917637012432836,True,0.007105924189090729,3722.2392578125,0.00018513710529077798
2,500,48,blocks.8.attn.k.weight,attn_k,8,56.73116683959961,0.4884936176168666,0.4855930730341734,0.4884936176168666,0.4884936176168666,27.712812921102035,27.548261642456055,0.9940622671861404,0.4849329851381259,0.37684053341046625,0.4884936176168666,0.4849329851381259,0.37684053341046625,0.025,0.025,0.9927109948823664,0.7714338935458279,0.0009085980127565563,1.9319009879836813e-05,1.9319009879836813e-05,4.757811478013956e-05,0.0006668865255155175,6.689712465997637e-05,0.0005997656723915706,0.0006862055353953543,0.8290203700896894,True,0.003458351595327258,1813.5084228515625,0.00020656498963944614
2,500,49,blocks.8.attn.proj.weight,attn_proj,8,93.02201080322266,0.2979167261791975,0.2956697601598842,0.2979167261791975,0.2979167261791975,27.712812921102035,27.503795623779297,0.9924577379453393,0.34110569101157023,0.37684053341046625,0.2979167261791975,0.34110569101157023,0.37684053341046625,0.03,0.025,1.1449699229253563,1.2649190203029954,0.0008514671353623271,6.121227670519147e-06,6.121227670519147e-06,6.623262281087689e-05,0.0005372103527927411,7.235385048139603e-05,0.0005539853673540285,0.0005433315804632602,1.495352681787183,True,0.004238187801092863,2221.343505859375,5.253163180896081e-05
2,500,50,blocks.8.attn.q.weight,attn_q,8,56.127994537353516,0.49374315169338523,0.49069746072633746,0.49374315169338523,0.49374315169338523,27.712812921102035,27.5418643951416,0.9938314264074484,0.4836400199016763,0.37684053341046625,0.49374315169338523,0.4836400199016763,0.37684053341046625,0.025,0.025,0.97953767711601,0.7632319195071782,0.0008233136613853276,1.2397403224895243e-05,1.2397403224895243e-05,2.525474087273315e-05,0.0004739183363118681,3.765214409762839e-05,0.0004260679037203303,0.00048631573953676334,1.1831915785352127,True,0.0038610929623246193,2025.1658935546875,0.0001965366827789694
2,500,51,blocks.8.attn.v.weight,attn_v,8,84.51034545898438,0.32792213510181384,0.32176584869106073,0.32792213510181384,0.32792213510181384,27.712812921102035,27.192543029785156,0.9812263773873089,0.3807547410958962,0.37684053341046625,0.32792213510181384,0.3807547410958962,0.37684053341046625,0.025,0.025,1.1611132654332066,1.1491768718005697,0.0014639828586950898,4.179956158623099e-05,4.179956158623099e-05,0.00038637943680927767,0.0016829157755226865,0.00042817899839550866,0.0016605923453129122,0.0017247153371089175,0.4144330557286376,True,0.013685868121683598,7173.97412109375,0.0006288482109084725
2,500,52,blocks.8.mlp.fc.weight,mlp_fc,8,162.71026611328125,0.3406400048760042,0.34053463817288493,0.3406400048760042,0.3406400048760042,55.42562584220407,55.40848159790039,0.9996906801855068,0.34859330224586843,0.37684053341046625,0.3406400048760042,0.34859330224586843,0.37684053341046625,0.035,0.0375,1.0233481013856822,1.1062720996250552,0.0016866250662133098,2.709033651626669e-05,2.709033651626669e-05,0.00016557730411591935,0.0005323245070089533,0.00019266764063218604,0.0005639420831493128,0.00055941484352522,0.3826389667908695,True,0.0063829077407717705,3344.843505859375,0.0003342245181556791
2,500,53,blocks.8.mlp.proj.weight,mlp_proj,8,96.23433685302734,0.28797219191551215,0.2880348768835453,0.28797219191551215,0.28797219191551215,27.712812921102035,27.71884536743164,1.0002176771570168,0.2971430626623631,0.37684053341046625,0.28797219191551215,0.2971430626623631,0.37684053341046625,0.035,0.025,1.0318463761582286,1.308600427367053,0.002346324734389782,2.612866046547424e-05,2.612866046547424e-05,0.000303495262569765,0.0011657685462077175,0.00032962392303523925,0.001306439374595257,0.0011918972066731917,0.9331273429558501,True,0.0069891829043626785,3661.279541015625,0.0001860049378592521
2,500,54,blocks.9.attn.k.weight,attn_k,9,56.814964294433594,0.4877731292320319,0.4851061206944971,0.4877731292320319,0.4877731292320319,27.712812921102035,27.56128692626953,0.9945322766308893,0.4849329851381259,0.37684053341046625,0.4877731292320319,0.4849329851381259,0.37684053341046625,0.025,0.025,0.994177325638299,0.7725733764870933,0.0007786914939060807,1.801300822990015e-05,1.801300822990015e-05,4.440077032060522e-05,0.0005105651103513362,6.241377855050537e-05,0.0004641728728179104,0.0005285781185812363,0.7608804844009258,True,0.0028281407430768013,1482.9451904296875,0.00019076443277299404
2,500,55,blocks.9.attn.proj.weight,attn_proj,9,91.64328002929688,0.3023987455735183,0.29985340331744914,0.3023987455735183,0.3023987455735183,27.712812921102035,27.479549407958984,0.9915828279934213,0.34110569101157023,0.37684053341046625,0.3023987455735183,0.34110569101157023,0.37684053341046625,0.03,0.025,1.1279996891674988,1.2461709544983872,0.0008506421581842005,6.926749847480096e-06,6.926749847480096e-06,6.801684725985739e-05,0.0005508703462861114,7.494359710733748e-05,0.0005681873402124488,0.0005577970961335915,1.3400369514132437,True,0.005086065735667944,2666.184326171875,8.551729843020439e-05
2,500,56,blocks.9.attn.q.weight,attn_q,9,56.600772857666016,0.48961898436955015,0.48669318990805777,0.48961898436955015,0.48961898436955015,27.712812921102035,27.547210693359375,0.9940243443271484,0.4836400199016763,0.37684053341046625,0.48961898436955015,0.4836400199016763,0.37684053341046625,0.025,0.025,0.9877885362726028,0.7696607881651051,0.0007108107092790306,1.1346357496222481e-05,1.1346357496222481e-05,2.330174636264117e-05,0.000366284748623928,3.464810385886365e-05,0.00033249996509930385,0.0003776311061201505,1.1068152594790255,True,0.00308780069462955,1618.75830078125,0.00015567279479000717
2,500,57,blocks.9.attn.v.weight,attn_v,9,83.13509368896484,0.3333467455366634,0.32822837004618355,0.3333467455366634,0.3333467455366634,27.712812921102035,27.287296295166016,0.9846454913419486,0.3807547410958962,0.37684053341046625,0.3333467455366634,0.3807547410958962,0.37684053341046625,0.025,0.025,1.1422182642968643,1.1304761137049084,0.0012425048043951392,2.9256383641040884e-05,2.9256383641040884e-05,0.0002964387991838209,0.0013075708442198554,0.0003256951828248618,0.0012868313163005025,0.0013368272278608962,0.5108495837487433,True,0.01014329120516777,5316.21044921875,0.0004196842492092401
2,500,58,blocks.9.mlp.fc.weight,mlp_fc,9,163.13778686523438,0.3397473197793858,0.3396260012020858,0.3397473197793858,0.3397473197793858,55.42562584220407,55.40583419799805,0.9996429152778108,0.34859330224586843,0.37684053341046625,0.3397473197793858,0.34859330224586843,0.37684053341046625,0.035,0.0375,1.0260369455518492,1.109178826355913,0.0016825676430016756,2.5097284378716722e-05,2.5097284378716722e-05,0.00014985634394933602,0.0004891663990467426,0.00017495362832805274,0.0005178513255019544,0.0005142636834254593,0.41095212907291306,True,0.006198384799063206,3247.271728515625,0.0002988131018355489
2,500,59,blocks.9.mlp.proj.weight,mlp_proj,9,96.82135772705078,0.2862262373889371,0.28623872184138965,0.2862262373889371,0.2862262373889371,27.712812921102035,27.714021682739258,1.0000436174285399,0.2971430626623631,0.37684053341046625,0.2862262373889371,0.2971430626623631,0.37684053341046625,0.035,0.025,1.038140547047725,1.316582773292018,0.002418696414679289,3.0670482374262065e-05,3.0670482374262065e-05,0.00031111017721849397,0.0011731476611741459,0.00034178065959275603,0.0013171955363748915,0.001203818143548408,0.814497181692151,True,0.007637456990778446,3999.28369140625,0.0002651048998814076
2,500,60,blocks.10.attn.k.weight,attn_k,10,57.21968078613281,0.4843230954867234,0.48202018880789266,0.4843230954867234,0.4843230954867234,27.712812921102035,27.58104133605957,0.9952451024940119,0.4849329851381259,0.37684053341046625,0.4843230954867234,0.4849329851381259,0.37684053341046625,0.025,0.025,1.0012592619618719,0.778076736216261,0.0006007866468280554,1.3101238437229767e-05,1.3101238437229767e-05,3.11631008048479e-05,0.0004081125395331523,4.426433924207767e-05,0.0003686359698881639,0.00042121377797038205,0.8014242695674323,True,0.002239480847492814,1173.4603271484375,0.00014792675210628659
2,500,61,blocks.10.attn.proj.weight,attn_proj,10,87.70281219482422,0.3159854539161232,0.3115577793275752,0.3159854539161232,0.3159854539161232,27.712812921102035,27.324493408203125,0.9859877265435144,0.34110569101157023,0.37684053341046625,0.3159854539161232,0.34110569101157023,0.37684053341046625,0.03,0.025,1.0794980806366963,1.1925882306927227,0.0008251583203673363,1.118227191909682e-05,1.118227191909682e-05,7.822696771968773e-05,0.0006451377426687038,8.940923963878455e-05,0.000666867577495706,0.0006563200145878006,0.8413829655278692,True,0.006838236469775438,3582.798828125,0.0002386333217145875
2,500,62,blocks.10.attn.q.weight,attn_q,10,57.02730178833008,0.4859569373273963,0.48281345060474967,0.4859569373273963,0.4859569373273963,27.712812921102035,27.53354835510254,0.9935313471602518,0.4836400199016763,0.37684053341046625,0.4859569373273963,0.4836400199016763,0.37684053341046625,0.025,0.025,0.995232257741885,0.7754607547799719,0.0005622411845251918,9.422780749446247e-06,9.422780749446247e-06,1.5470254679947852e-05,0.0002951791413870044,2.48930354293941e-05,0.00026711434024346485,0.00030460192213645063,1.0463108890328654,True,0.0025874930433928967,1355.427001953125,0.00015784185961820185
2,500,63,blocks.10.attn.v.weight,attn_v,10,79.88755798339844,0.3468977350247842,0.34140597737259604,0.3468977350247842,0.3468977350247842,27.712812921102035,27.274089813232422,0.9841689434732356,0.3807547410958962,0.37684053341046625,0.3468977350247842,0.3807547410958962,0.37684053341046625,0.025,0.025,1.0975993863687032,1.086315923577716,0.0010645941365510225,2.2684949726681225e-05,2.2684949726681225e-05,0.0002495079848446625,0.0011363483586777085,0.00027219293457134375,0.001115573883377133,0.0011590333084043898,0.5874448529518066,True,0.00848911702632904,4445.5830078125,0.0003241698432248086
2,500,64,blocks.10.mlp.fc.weight,mlp_fc,10,162.92724609375,0.3401863541614863,0.3401442271671516,0.3401863541614863,0.3401863541614863,55.42562584220407,55.41876220703125,0.9998761649495422,0.34859330224586843,0.37684053341046625,0.3401863541614863,0.34859330224586843,0.37684053341046625,0.035,0.0375,1.0247127728127254,1.1077473531803697,0.0016379733569920063,2.11352453334257e-05,2.11352453334257e-05,0.00013132125420208438,0.0004270935087033243,0.00015245649953551008,0.00045058312107400857,0.00044822875403675,0.47567006713678456,True,0.005595522932708263,2930.445556640625,0.00025018156156875193
2,500,65,blocks.10.mlp.proj.weight,mlp_proj,10,97.44369506835938,0.2843982148014887,0.28439088907575105,0.2843982148014887,0.2843982148014887,27.712812921102035,27.712099075317383,0.9999742413090045,0.2971430626623631,0.37684053341046625,0.2843982148014887,0.2971430626623631,0.37684053341046625,0.035,0.025,1.0448133891057312,1.325045354709778,0.0025968130212277174,4.437616735231131e-05,4.437616735231131e-05,0.00034176058410841553,0.0012680308954823702,0.00038613675146072685,0.0014337670073930576,0.0013124070628346815,0.600533370621772,True,0.009531481191515923,4988.61962890625,0.0005481231492012739
2,500,66,blocks.11.attn.k.weight,attn_k,11,57.64872741699219,0.4807185546464218,0.47823698600368086,0.4807185546464218,0.4807185546464218,27.712812921102035,27.569753646850586,0.9948377930938034,0.4849329851381259,0.37684053341046625,0.4807185546464218,0.4849329851381259,0.37684053341046625,0.025,0.025,1.0087669395137115,0.7839109386731287,0.0006003934540785849,1.2263822100067046e-05,1.2263822100067046e-05,3.206632076896962e-05,0.0004334673142364138,4.433014286903667e-05,0.00038870512951254786,0.00044573113633648083,0.8492203287964707,True,0.0021931498777121305,1148.1669921875,0.00012544931087177247
2,500,67,blocks.11.attn.proj.weight,attn_proj,11,89.876953125,0.30834170449191045,0.30065990388062774,0.30834170449191045,0.30834170449191045,27.712812921102035,27.022396087646484,0.9750867284594618,0.34110569101157023,0.37684053341046625,0.30834170449191045,0.34110569101157023,0.37684053341046625,0.03,0.025,1.1062586930095906,1.2221523326902182,0.0009285950800403953,3.181391366524622e-05,3.181391366524622e-05,8.870110138807124e-05,0.000836716231486446,0.00012051501505331746,0.0008809118728398754,0.0008685301451516923,0.32475880819472536,True,0.01040412113070488,5445.90283203125,0.0008727199747227132
2,500,68,blocks.11.attn.q.weight,attn_q,11,57.36497116088867,0.48309643254900786,0.4799271945392762,0.48309643254900786,0.48309643254900786,27.712812921102035,27.531009674072266,0.9934397403992384,0.4836400199016763,0.37684053341046625,0.48309643254900786,0.4836400199016763,0.37684053341046625,0.025,0.025,1.001125215000658,0.7800524036621561,0.0005706451484002173,8.387267371290363e-06,8.387267371290363e-06,1.625795669583254e-05,0.0003269026970544154,2.4645224067122904e-05,0.0002928665687095171,0.00033528996442570575,1.1860387048366343,True,0.002493311883881688,1304.93701171875,0.0001255907118320465
2,500,69,blocks.11.attn.v.weight,attn_v,11,82.0359878540039,0.33781287513013675,0.3314290999375833,0.33781287513013675,0.33781287513013675,27.712812921102035,27.18911361694336,0.9811026291105981,0.3807547410958962,0.37684053341046625,0.33781287513013675,0.3807547410958962,0.37684053341046625,0.025,0.025,1.1271173159081542,1.1155304050068984,0.0010332497768104076,3.159973493893631e-05,3.159973493893631e-05,0.00021330790737776308,0.0010772318942602285,0.0002449076423166994,0.0010652721696125884,0.0011088316291991648,0.39858180384064335,True,0.008446933701634407,4420.61572265625,0.0005465702270157635
2,500,70,blocks.11.mlp.fc.weight,mlp_fc,11,162.14280700683594,0.34183215934992,0.34183523522210146,0.34183215934992,0.34183215934992,55.42562584220407,55.426124572753906,1.0000089981942875,0.34859330224586843,0.37684053341046625,0.34183215934992,0.34859330224586843,0.37684053341046625,0.035,0.0375,1.0197791305206814,1.102413927721498,0.0019796350970864296,5.023381527280435e-05,5.023381527280435e-05,0.00015885504690397277,0.0005930858134088334,0.00020908886217677712,0.0006459968196406889,0.0006433196286816377,0.2430475756387262,True,0.00905850250273943,4743.64013671875,0.0007853190181776881
2,500,71,blocks.11.mlp.proj.weight,mlp_proj,11,98.52210998535156,0.28128521532093076,0.281363577932841,0.28128521532093076,0.28128521532093076,27.712812921102035,27.72053337097168,1.0002785877381566,0.2971430626623631,0.37684053341046625,0.28128521532093076,0.2971430626623631,0.37684053341046625,0.035,0.025,1.0563763983234578,1.3397097070335253,0.0034853832330554724,0.00019434027490206063,0.00019434027490206063,0.0004833430663064434,0.0019837150283628256,0.000677683341208504,0.00237464033056499,0.002178055303264886,0.18203463219799726,True,0.020969318225979805,10977.083984375,0.004114802461117506
3,750,0,blocks.0.attn.k.weight,attn_k,0,64.85163879394531,0.4273263318627094,0.4250406518220492,0.4273263318627094,0.4273263318627094,27.712812921102035,27.56458282470703,0.9946512071215212,0.4169683864645105,0.33313612226300987,0.4273263318627094,0.4169683864645105,0.33313612226300987,0.025,0.025,0.9757610410922988,0.7795824816385039,0.0009564718347974122,2.9040798835922033e-05,2.9040798835922033e-05,2.3108852088272597e-05,0.0004991563666074863,5.214965092419463e-05,0.00046948668093788233,0.0005281971654434083,0.5078584376212651,True,0.003488793969154358,1829.10546875,0.0002788636484183371
3,750,1,blocks.0.attn.proj.weight,attn_proj,0,62.34303665161133,0.44452138377487527,0.44040199101098715,0.44452138377487527,0.44452138377487527,27.712812921102035,27.455997467041016,0.9907329705291134,0.30659689043144744,0.33313612226300987,0.44452138377487527,0.30659689043144744,0.33313612226300987,0.03,0.025,0.6897236030083117,0.7494265392454648,0.0020648548379540443,6.40182988718152e-05,6.40182988718152e-05,0.00021781713090383023,0.0019665693378957566,0.00028183542977564544,0.0020561457713388354,0.0020305876367675718,0.5173654745949389,True,0.00994465034455061,5214.07080078125,0.0005952797364443541
3,750,2,blocks.0.attn.q.weight,attn_q,0,69.32152557373047,0.3997721153962004,0.39717135306843027,0.3997721153962004,0.3997721153962004,27.712812921102035,27.53252410888672,0.9934943878584755,0.41602935353059683,0.33313612226300987,0.3997721153962004,0.41602935353059683,0.33313612226300987,0.025,0.025,1.0406662633742838,0.8333150548353032,0.0009059507283382118,2.3892738681752235e-05,2.3892738681752235e-05,1.3102308407101836e-05,0.00032354417971573144,3.699504708885407e-05,0.0003097462296940976,0.00034743691839748367,0.5469788496471569,True,0.0032344094943255186,1695.66650390625,0.00024658459005877376
3,750,3,blocks.0.attn.v.weight,attn_v,0,56.13693618774414,0.49366450688401337,0.4859658842531502,0.49366450688401337,0.49366450688401337,27.712812921102035,27.280635833740234,0.9844051526421298,0.3354481818416425,0.33313612226300987,0.49366450688401337,0.3354481818416425,0.33313612226300987,0.025,0.025,0.6795063796645525,0.6748229164088564,0.002520532114431262,0.00015647642430849373,0.00015647642430849373,0.0007955826077309442,0.003142998604750663,0.0009520590320394379,0.0032200536444025665,0.0032994750290591566,0.2869423267667442,True,0.021305104717612267,11180.3818359375,0.0026500755921006203
3,750,4,blocks.0.mlp.fc.weight,mlp_fc,0,160.71949768066406,0.34485937700184993,0.3447481480194489,0.34485937700184993,0.34485937700184993,55.42562584220407,55.40774917602539,0.9996774656865477,0.31354920728594426,0.33313612226300987,0.34485937700184993,0.31354920728594426,0.33313612226300987,0.035,0.0375,0.909208878157494,0.9660056953046773,0.0030636447481811047,0.00011806867405539379,0.00011806867405539379,0.0003084005943662049,0.0012111090465601413,0.0004264692684215987,0.001333535123897471,0.001329177720615535,0.16144892286434492,True,0.010076364502310753,5283.7099609375,0.0008317534229718149
3,750,5,blocks.0.mlp.proj.weight,mlp_proj,0,93.94166564941406,0.2950002294458453,0.2950044066809345,0.2950002294458453,0.2950002294458453,27.712812921102035,27.713205337524414,1.0000141601079435,0.2647796219103353,0.33313612226300987,0.2950002294458453,0.2647796219103353,0.33313612226300987,0.035,0.025,0.8975573422696007,1.129274112392395,0.006147492676973343,0.00039401024696417153,0.00039401024696417153,0.0008300993832761542,0.004769267441172365,0.0012241096302403258,0.005639667256527778,0.0051632776881365364,0.16608570228147268,True,0.029246794059872627,15339.6005859375,0.00456178467720747
3,750,6,blocks.1.attn.k.weight,attn_k,1,64.88277435302734,0.42712126904926334,0.4217141239476601,0.42712126904926334,0.42712126904926334,27.712812921102035,27.361982345581055,0.9873404920489381,0.4169683864645105,0.33313612226300987,0.42712126904926334,0.4169683864645105,0.33313612226300987,0.025,0.025,0.9762295082908132,0.7799567626415406,0.000884047884028405,5.762041837442666e-05,5.762041837442666e-05,4.547752398902838e-05,0.0008306442989629633,0.00010309794236345504,0.0007934510710300959,0.00088826471733739,0.23646668870285814,True,0.004472143016755581,2344.485107421875,0.0006882599554955959
3,750,7,blocks.1.attn.proj.weight,attn_proj,1,74.93895721435547,0.36980515810798215,0.36504104038127067,0.36980515810798215,0.36980515810798215,27.712812921102035,27.35579490661621,0.9871172220769415,0.30659689043144744,0.33313612226300987,0.36980515810798215,0.30659689043144744,0.33313612226300987,0.03,0.025,0.8290768360292096,0.9008422812905573,0.002046818844974041,6.906611088197678e-05,6.906611088197678e-05,0.00023932227095188846,0.002284235966837643,0.00030838838183386524,0.002387655825911162,0.0023533020777196196,0.3954638224094097,True,0.013851515017449856,7266.01025390625,0.0009095388231799006
3,750,8,blocks.1.attn.q.weight,attn_q,1,67.18412780761719,0.412490476924224,0.40700920899236026,0.412490476924224,0.412490476924224,27.712812921102035,27.344558715820312,0.9867117709656491,0.41602935353059683,0.33313612226300987,0.412490476924224,0.41602935353059683,0.33313612226300987,0.025,0.025,1.0085792928669792,0.8076213655817518,0.0008244638447649777,3.964925417676568e-05,3.964925417676568e-05,3.110809611786898e-05,0.0006929263431140959,7.075735029463466e-05,0.0006537852893111931,0.0007325755972908616,0.3095065963713059,True,0.004489531274884939,2353.310302734375,0.0005929130711592734
3,750,9,blocks.1.attn.v.weight,attn_v,1,64.95716857910156,0.4266320950759233,0.4151872618793354,0.4266320950759233,0.4266320950759233,27.712812921102035,26.969388961791992,0.9731739985606456,0.3354481818416425,0.33313612226300987,0.4266320950759233,0.3354481818416425,0.33313612226300987,0.025,0.025,0.7862703854522389,0.7808510567019695,0.0021962730679661036,0.00013604074774775654,0.00013604074774775654,0.000776409919362649,0.003045477535616367,0.0009124506671104055,0.0031045226654117645,0.0031815182833641233,0.24853653512338028,True,0.021798565983772278,11435.3486328125,0.0026274705305695534
3,750,10,blocks.1.mlp.fc.weight,mlp_fc,1,173.4387664794922,0.3195688424638198,0.319569254623438,0.3195688424638198,0.3195688424638198,55.42562584220407,55.425697326660156,1.0000012897365613,0.31354920728594426,0.33313612226300987,0.3195688424638198,0.31354920728594426,0.33313612226300987,0.035,0.0375,0.981163260061697,1.042454951786253,0.0015909019857645035,3.709087468450889e-05,3.709087468450889e-05,0.00018043701319740514,0.0006153983427027653,0.00021752788788191403,0.0006545202539715908,0.0006524892173872742,0.24730344870839122,True,0.006926564499735832,3631.587646484375,0.0003684624389279634
3,750,11,blocks.1.mlp.proj.weight,mlp_proj,1,100.01386260986328,0.27708971734453364,0.2771501860131819,0.27708971734453364,0.27708971734453364,27.712812921102035,27.718860626220703,1.0002182277611402,0.2647796219103353,0.33313612226300987,0.27708971734453364,0.2647796219103353,0.33313612226300987,0.035,0.025,0.9555736114924397,1.20226807929068,0.0025733790826052427,5.079897528048605e-05,5.079897528048605e-05,0.0003524254905618307,0.0015962475268099254,0.00040322446584231675,0.0018006432463430683,0.0016470465020904114,0.5065106885211903,True,0.008199452422559261,4298.365234375,0.0003640542854554951
3,750,12,blocks.2.attn.k.weight,attn_k,2,67.90292358398438,0.408124002007454,0.40506427853303817,0.408124002007454,0.408124002007454,27.712812921102035,27.505048751831055,0.992502956308965,0.4169683864645105,0.33313612226300987,0.408124002007454,0.4169683864645105,0.33313612226300987,0.025,0.025,1.0216708265467194,0.8162620199361013,0.0008237824076786637,2.4274326278828084e-05,2.4274326278828084e-05,4.193447774418004e-05,0.0006991425603145831,6.620880402300813e-05,0.000639890294170085,0.0007234168865934112,0.4997776776013533,True,0.003340893890708685,1750.640869140625,0.0002453220949973911
3,750,13,blocks.2.attn.proj.weight,attn_proj,2,78.79386138916016,0.3517128419970359,0.3479081533306262,0.3517128419970359,0.3517128419970359,27.712812921102035,27.413026809692383,0.9891824004923954,0.30659689043144744,0.33313612226300987,0.3517128419970359,0.30659689043144744,0.33313612226300987,0.03,0.025,0.8717250376488423,0.9471821397576874,0.0016232170164585114,3.8036436308175325e-05,3.8036436308175325e-05,0.00018993053242623455,0.0016778813696039403,0.00022796696873440987,0.0017421268298137159,0.0017159178059121157,0.5416071415331555,True,0.010521507821977139,5517.58154296875,0.00047289382200688124
3,750,14,blocks.2.attn.q.weight,attn_q,2,68.50019836425781,0.40456544043472564,0.4010397442411545,0.40456544043472564,0.40456544043472564,27.712812921102035,27.471302032470703,0.9912852264647797,0.41602935353059683,0.33313612226300987,0.40456544043472564,0.41602935353059683,0.33313612226300987,0.025,0.025,1.0283363627984452,0.8234418686505663,0.0007296731928363442,1.6399450032622553e-05,1.6399450032622553e-05,2.3949458738814192e-05,0.0004861429194706271,4.0348908771436745e-05,0.00044582442391719865,0.0005025423695032496,0.649542059711216,True,0.003660359652712941,1918.2310791015625,0.0002565484319347888
3,750,15,blocks.2.attn.v.weight,attn_v,2,70.6640396118164,0.39217702629709145,0.3791333196646876,0.39217702629709145,0.39217702629709145,27.712812921102035,26.791091918945312,0.9667402582054427,0.3354481818416425,0.33313612226300987,0.39217702629709145,0.3354481818416425,0.33313612226300987,0.025,0.025,0.8553488841733571,0.8494534353744743,0.002438165247440338,0.00021366722648963332,0.00021366722648963332,0.0009649244129829283,0.0038625749896672177,0.0011785916394725616,0.003970317385246667,0.004076242216156851,0.16148298293874508,True,0.028912367299199104,15166.60546875,0.004220331087708473
3,750,16,blocks.2.mlp.fc.weight,mlp_fc,2,175.17471313476562,0.3164019786324066,0.3162840748241527,0.3164019786324066,0.3164019786324066,55.42562584220407,55.404972076416016,0.9996273607113277,0.31354920728594426,0.33313612226300987,0.3164019786324066,0.31354920728594426,0.33313612226300987,0.035,0.0375,0.990983712052646,1.052888871627585,0.0017685133498162031,4.486443867790513e-05,4.486443867790513e-05,0.00020603335080409465,0.0007197453754121858,0.0002508977894819998,0.0007676125380253038,0.0007646098140900909,0.22502703044258068,True,0.008796886540949345,4612.10791015625,0.000543966016266495
3,750,17,blocks.2.mlp.proj.weight,mlp_proj,2,101.00259399414062,0.27437723948663845,0.27426583693214696,0.27437723948663845,0.27437723948663845,27.712812921102035,27.701560974121094,0.9995939803363528,0.2647796219103353,0.33313612226300987,0.27437723948663845,0.2647796219103353,0.33313612226300987,0.035,0.025,0.965020358123508,1.2141536334657703,0.0026472648605704308,5.695328945876099e-05,5.695328945876099e-05,0.00041246593304749874,0.0018123436343998151,0.00046941922250625973,0.002043256552383955,0.0018692969238585761,0.46019940677807547,True,0.009679454378783703,5077.59912109375,0.00048208687803708017
3,750,18,blocks.3.attn.k.weight,attn_k,3,66.72505187988281,0.4153284582077227,0.41171916966639094,0.4153284582077227,0.4153284582077227,27.712812921102035,27.471982955932617,0.9913097971737818,0.4169683864645105,0.33313612226300987,0.4153284582077227,0.4169683864645105,0.33313612226300987,0.025,0.025,1.003948509244622,0.8021028072591041,0.0007506044348701835,3.679282235680148e-05,3.679282235680148e-05,4.7339546385855805e-05,0.0007364395996621588,8.413236874265729e-05,0.000688175327677724,0.0007732324220189603,0.3057448161213519,True,0.0038505319971591234,2015.532958984375,0.0004776909190695733
3,750,19,blocks.3.attn.proj.weight,attn_proj,3,81.3348159790039,0.3407250952440334,0.33745342832006103,0.3407250952440334,0.3407250952440334,27.712812921102035,27.446712493896484,0.9903979279200875,0.30659689043144744,0.33313612226300987,0.3407250952440334,0.30659689043144744,0.33313612226300987,0.03,0.025,0.8998365389313555,0.9777269913870354,0.0014702756889164448,2.595382284198422e-05,2.595382284198422e-05,0.0001567671050577355,0.0013464633509958806,0.00018272092789971972,0.0013934043468300965,0.0013724171738378648,0.696499729254592,True,0.007623564451932907,3997.019775390625,0.00024679562193341553
3,750,20,blocks.3.attn.q.weight,attn_q,3,67.2743911743164,0.41193703038195695,0.40769332879250647,0.41193703038195695,0.41193703038195695,27.712812921102035,27.42732048034668,0.9896981789048933,0.41602935353059683,0.33313612226300987,0.41193703038195695,0.41602935353059683,0.33313612226300987,0.025,0.025,1.009934341529931,0.8087064228096194,0.0006465662154369056,2.0843504898948595e-05,2.0843504898948595e-05,2.6565373284053062e-05,0.0005097901889324813,4.740887818300166e-05,0.0004729921707044913,0.0005306336938314299,0.46109719804096616,True,0.004184245131909847,2191.401611328125,0.0004144109261687845
3,750,21,blocks.3.attn.v.weight,attn_v,3,72.52812194824219,0.382097484074916,0.37179558184238626,0.382097484074916,0.382097484074916,27.712812921102035,26.965635299682617,0.9730385499463147,0.3354481818416425,0.33313612226300987,0.382097484074916,0.3354481818416425,0.33313612226300987,0.025,0.025,0.8779125637369357,0.8718615959211432,0.0021103352773934603,0.00013503759691957384,0.00013503759691957384,0.0007826774308527813,0.003070506824453221,0.0009177150277723551,0.003127269077894893,0.003205544421372795,0.21547174367495056,True,0.02361137978732586,12374.23828125,0.0026732252445071936
3,750,22,blocks.3.mlp.fc.weight,mlp_fc,3,176.86521911621094,0.3133777580417671,0.31322586784497747,0.3133777580417671,0.3133777580417671,55.42562584220407,55.39876174926758,0.9995153127722369,0.31354920728594426,0.33313612226300987,0.3133777580417671,0.31354920728594426,0.33313612226300987,0.035,0.0375,1.0005471008703632,1.0630496699724599,0.0016765646869316697,3.8476391637232155e-05,3.8476391637232155e-05,0.00020344708705379957,0.0006877357918106421,0.00024192347869103173,0.0007282581182241008,0.0007262121834478742,0.2463675708257962,True,0.008229601196944714,4315.9228515625,0.0004787601064890623
3,750,23,blocks.3.mlp.proj.weight,mlp_proj,3,102.73112487792969,0.26976062954661306,0.2697091771706749,0.26976062954661306,0.26976062954661306,27.712812921102035,27.70752716064453,0.9998092665485617,0.2647796219103353,0.33313612226300987,0.26976062954661306,0.2647796219103353,0.33313612226300987,0.035,0.025,0.9815354536922258,1.2349323280528817,0.0025251249317079782,6.400800339179114e-05,6.400800339179114e-05,0.0004162873400240946,0.001773020526000452,0.00048029534341588573,0.002005649055000262,0.001837028529392243,0.3840135474630745,True,0.012456080876290798,6539.1533203125,0.0009248651913367212
3,750,24,blocks.4.attn.k.weight,attn_k,4,67.30064392089844,0.41177634130327473,0.40861297120695717,0.41177634130327473,0.41177634130327473,27.712812921102035,27.499916076660156,0.9923177468469913,0.4169683864645105,0.33313612226300987,0.41177634130327473,0.4169683864645105,0.33313612226300987,0.025,0.025,1.0126088962391646,0.8090220074534441,0.0008770596468821168,3.1588057026965544e-05,3.1588057026965544e-05,3.846109251472415e-05,0.0007428721936354179,7.004914954168969e-05,0.0006864118343376855,0.0007744602506623835,0.41255988457149306,True,0.00392057653516531,2054.0029296875,0.0005528920446522534
3,750,25,blocks.4.attn.proj.weight,attn_proj,4,88.2015151977539,0.3141988304732406,0.31180711128664407,0.3141988304732406,0.3141988304732406,27.712812921102035,27.501859664916992,0.9923878800471961,0.30659689043144744,0.33313612226300987,0.3141988304732406,0.30659689043144744,0.33313612226300987,0.03,0.025,0.9758053203751801,1.0602716813466373,0.0011979411356151104,1.589814928593114e-05,1.589814928593114e-05,0.00012026120048200348,0.000997041095447681,0.00013615934976793462,0.001028015092926126,0.001012939244733612,0.8543048297370269,True,0.006048218347132206,3172.50146484375,0.0001491476723458618
3,750,26,blocks.4.attn.q.weight,attn_q,4,66.56526184082031,0.41632545497038065,0.4127166715454499,0.41632545497038065,0.41632545497038065,27.712812921102035,27.472593307495117,0.9913318213387137,0.41602935353059683,0.33313612226300987,0.41632545497038065,0.41602935353059683,0.33313612226300987,0.025,0.025,0.999288774115902,0.8001819689038969,0.0007827376830391586,5.326544851413928e-05,5.326544851413928e-05,1.6271301382582147e-05,0.0005718711539212775,6.953674989672143e-05,0.0005580544227560796,0.0006251366024354168,0.22076133384745678,True,0.004954241681843996,2593.630126953125,0.0018711304292082787
3,750,27,blocks.4.attn.v.weight,attn_v,4,79.06503295898438,0.35050656255943485,0.34214088257578396,0.35050656255943485,0.35050656255943485,27.712812921102035,27.051380157470703,0.9761326009916633,0.3354481818416425,0.33313612226300987,0.35050656255943485,0.3354481818416425,0.33313612226300987,0.025,0.025,0.9570382345830146,0.9504418970943532,0.0020129189360886812,0.00012205051461933181,0.00012205051461933181,0.0007421460810303459,0.0029118788314197756,0.0008641965956496777,0.0029533143482939894,0.0030339293460391074,0.20859419305675952,True,0.022323288023471832,11703.794921875,0.0022855298593640327
3,750,28,blocks.4.mlp.fc.weight,mlp_fc,4,177.37051391601562,0.31248500451686084,0.3122663593410737,0.31248500451686084,0.31248500451686084,55.42562584220407,55.386844635009766,0.9993003018620896,0.31354920728594426,0.33313612226300987,0.31248500451686084,0.31354920728594426,0.33313612226300987,0.035,0.0375,1.0034056122812318,1.0660867479963658,0.0017914075870066881,4.837237793253735e-05,4.837237793253735e-05,0.00021971851020243893,0.0007624999222105196,0.0002680908881349763,0.0008135253850340211,0.0008108723001430569,0.20879281399431496,True,0.008702744729816914,4565.109375,0.0006185813108459115
3,750,29,blocks.4.mlp.proj.weight,mlp_proj,4,103.72367095947266,0.2671792529588555,0.2671800940459483,0.2671792529588555,0.2671792529588555,27.712812921102035,27.712900161743164,1.0000031480254774,0.2647796219103353,0.33313612226300987,0.2671792529588555,0.2647796219103353,0.33313612226300987,0.035,0.025,0.991018647511191,1.246863738758606,0.0025532934814691544,6.308866431936622e-05,6.308866431936622e-05,0.00041899448613694516,0.0017736299189598354,0.0004820831504563114,0.002006481478669849,0.0018367185832792016,0.3901858581654625,True,0.012246686965227127,6426.9375,0.0008996512042358518
3,750,30,blocks.5.attn.k.weight,attn_k,5,68.10366821289062,0.4069210021767457,0.4042837303018688,0.4069210021767457,0.4069210021767457,27.712812921102035,27.533205032348633,0.9935189585674776,0.4169683864645105,0.33313612226300987,0.4069210021767457,0.4169683864645105,0.33313612226300987,0.025,0.025,1.0246912403980581,0.8186751740041979,0.0006832724320702255,1.4878682122798637e-05,1.4878682122798637e-05,2.8132424446274732e-05,0.0004654273627338188,4.301110656907337e-05,0.00042449458326299544,0.00048030604485661745,0.6743089572377967,True,0.0027918675914406776,1464.8726806640625,0.00018614315195009112
3,750,31,blocks.5.attn.proj.weight,attn_proj,5,91.16053009033203,0.30400012915283714,0.30162047112994483,0.30400012915283714,0.30400012915283714,27.712812921102035,27.495882034301758,0.9921721808818947,0.30659689043144744,0.33313612226300987,0.30400012915283714,0.30659689043144744,0.33313612226300987,0.03,0.025,1.0085419742611517,1.0958420418812536,0.0010196978691965342,1.0412715710117482e-05,1.0412715710117482e-05,9.318389469703455e-05,0.0007487148742932729,0.00010359661040715203,0.0007702562566245761,0.0007591275900033904,1.074238364878665,True,0.00484435074031353,2540.592529296875,8.683271880727261e-05
3,750,32,blocks.5.attn.q.weight,attn_q,5,67.21524047851562,0.4122995428389494,0.40947440509890615,0.4122995428389494,0.4122995428389494,27.712812921102035,27.522920608520508,0.9931478513883759,0.41602935353059683,0.33313612226300987,0.4122995428389494,0.41602935353059683,0.33313612226300987,0.025,0.025,1.0090463614535328,0.8079953714456046,0.0005853954935446382,8.302456990350038e-06,8.302456990350038e-06,1.6755125989028924e-05,0.00030726507603990043,2.505758297937896e-05,0.00027992269717343237,0.00031556753303025047,1.048998781224717,True,0.0028190610464662313,1480.4215087890625,0.0001392900012433529
3,750,33,blocks.5.attn.v.weight,attn_v,5,83.3598861694336,0.3324478258616405,0.3252079392671504,0.3324478258616405,0.3324478258616405,27.712812921102035,27.109296798706055,0.9782224877671502,0.3354481818416425,0.33313612226300987,0.3324478258616405,0.3354481818416425,0.33313612226300987,0.025,0.025,1.0090250431694827,1.0020703892395308,0.0017278023296967149,8.774700108915567e-05,8.774700108915567e-05,0.0006190317671075074,0.002406051639128051,0.0007067787681966631,0.0024228788851314935,0.0024937986402172067,0.23621347013521385,True,0.01828937418758869,9597.259765625,0.001598735456354916
3,750,34,blocks.5.mlp.fc.weight,mlp_fc,5,178.6741485595703,0.3102050648570745,0.31026940826018573,0.3102050648570745,0.3102050648570745,55.42562584220407,55.4371223449707,1.0002074221552204,0.31354920728594426,0.33313612226300987,0.3102050648570745,0.31354920728594426,0.33313612226300987,0.035,0.0375,1.0107804249760093,1.0739222533858392,0.0015734739135950804,2.4220720661105588e-05,2.4220720661105588e-05,0.00016499701819760177,0.0005485842815162222,0.00018921773885870736,0.0005745228626787025,0.0005728050021773278,0.3635890246057594,True,0.007161387242376804,3755.74169921875,0.0003474550903774798
3,750,35,blocks.5.mlp.proj.weight,mlp_proj,5,105.18656921386719,0.26346341674815776,0.26344366517651796,0.26346341674815776,0.26346341674815776,27.712812921102035,27.710735321044922,0.9999250310654848,0.2647796219103353,0.33313612226300987,0.26346341674815776,0.2647796219103353,0.33313612226300987,0.035,0.025,1.0049957795978777,1.2644492596915329,0.0020536761730909348,2.1822444978170097e-05,2.1822444978170097e-05,0.0002589393975405349,0.001059376183780534,0.000280761842518705,0.0011827333292421024,0.0010811986287587042,0.8946811080650717,True,0.006347522605210543,3330.35693359375,0.00015967876242939383
3,750,36,blocks.6.attn.k.weight,attn_k,6,66.92194366455078,0.41410651579418767,0.4114644569122104,0.41410651579418767,0.41410651579418767,27.712812921102035,27.536001205444336,0.9936198567730717,0.4169683864645105,0.33313612226300987,0.41410651579418767,0.4169683864645105,0.33313612226300987,0.025,0.025,1.0069109530064608,0.80446964623126,0.0008516694651916623,2.2988297132542357e-05,2.2988297132542357e-05,3.853666581430508e-05,0.0006341744895590701,6.152496294684744e-05,0.0005810028054087439,0.0006571627866916124,0.553599550573732,True,0.0037254709750413895,1954.8819580078125,0.00024940655566751957
3,750,37,blocks.6.attn.proj.weight,attn_proj,6,99.24855041503906,0.27922637464438704,0.2772087400545422,0.27922637464438704,0.27922637464438704,27.712812921102035,27.51256561279297,0.9927741976652039,0.30659689043144744,0.33313612226300987,0.27922637464438704,0.30659689043144744,0.33313612226300987,0.03,0.025,1.098022673617127,1.1930682504017767,0.0008303026552312076,6.923613909748383e-06,6.923613909748383e-06,7.14724423213194e-05,0.0005748164935153002,7.839605623106779e-05,0.0005901558216515907,0.0005817401074250485,1.2083129016399763,True,0.0041197240352630615,2161.72509765625,5.9813046391354874e-05
3,750,38,blocks.6.attn.q.weight,attn_q,6,64.4186782836914,0.430198409210733,0.42720588714256547,0.430198409210733,0.430198409210733,27.712812921102035,27.520038604736328,0.9930438560345883,0.41602935353059683,0.33313612226300987,0.430198409210733,0.41602935353059683,0.33313612226300987,0.025,0.025,0.9670639049871628,0.7743778571245783,0.0006693174364045262,1.0471510904608294e-05,1.0471510904608294e-05,1.6696028147975403e-05,0.0003301612206204857,2.7167539052583697e-05,0.0003029022667941629,0.00034063273152509397,0.9922268608142771,True,0.0030948214698582888,1623.6414794921875,0.0001512015296611935
3,750,39,blocks.6.attn.v.weight,attn_v,6,90.88518524169922,0.30492112490504186,0.29788695541146654,0.30492112490504186,0.30492112490504186,27.712812921102035,27.073511123657227,0.9769311834469893,0.3354481818416425,0.33313612226300987,0.30492112490504186,0.3354481818416425,0.33313612226300987,0.025,0.025,1.1001146015911731,1.0925321175000737,0.001647259807214141,8.469517342746258e-05,8.469517342746258e-05,0.0005545779730793436,0.0022226549391587453,0.0006392731465068061,0.002235586337128742,0.002307350112586208,0.21399830993242713,True,0.017781181260943413,9337.09765625,0.0014734533615410328
3,750,40,blocks.6.mlp.fc.weight,mlp_fc,6,179.85037231445312,0.3081763197314769,0.30817046013149935,0.3081763197314769,0.3081763197314769,55.42562584220407,55.4245719909668,0.9999809862095148,0.31354920728594426,0.33313612226300987,0.3081763197314769,0.31354920728594426,0.33313612226300987,0.035,0.0375,1.017434459465117,1.080991954713721,0.001624265220016241,2.40881181525765e-05,2.40881181525765e-05,0.00015477458078044597,0.0005171922387902302,0.00017886269893302247,0.0005428397527983492,0.0005412803569428067,0.3749235590667501,True,0.006939189042896032,3640.67578125,0.0003323787823319435
3,750,41,blocks.6.mlp.proj.weight,mlp_proj,6,105.7773208618164,0.26199201015220486,0.2619506045860448,0.26199201015220486,0.26199201015220486,27.712812921102035,27.708433151245117,0.9998419586683824,0.2647796219103353,0.33313612226300987,0.26199201015220486,0.2647796219103353,0.33313612226300987,0.035,0.025,1.0106400640100093,1.2715506937386132,0.0021982656326144934,2.431971370242536e-05,2.431971370242536e-05,0.0002658568955546232,0.001066288292081594,0.0002901766092570486,0.0011924175328837758,0.0010906080057840194,0.8545336109354082,True,0.006518095266073942,3420.3642578125,0.00016867984959390014
3,750,42,blocks.7.attn.k.weight,attn_k,7,66.36107635498047,0.4176064410537874,0.41511231962827033,0.4176064410537874,0.4176064410537874,27.712812921102035,27.547300338745117,0.9940275791263727,0.4169683864645105,0.33313612226300987,0.4176064410537874,0.4169683864645105,0.33313612226300987,0.025,0.025,0.9984721150668394,0.7977274522451683,0.0006526265060529113,1.5709807485109195e-05,1.5709807485109195e-05,2.7175651997126017e-05,0.0004422084212489782,4.288545948223521e-05,0.0004056376898516492,0.0004579182287340874,0.6260087792515687,True,0.0026471808087080717,1387.6552734375,0.00018125338829122484
3,750,43,blocks.7.attn.proj.weight,attn_proj,7,99.05531311035156,0.2797710900194607,0.277357364162082,0.2797710900194607,0.2797710900194607,27.712812921102035,27.47372055053711,0.9913724972183221,0.30659689043144744,0.33313612226300987,0.2797710900194607,0.30659689043144744,0.33313612226300987,0.03,0.025,1.0958848193003814,1.1907453419859684,0.000922840554267168,8.839637303026393e-06,8.839637303026393e-06,7.958228273829999e-05,0.0006469661765840663,8.842192004132638e-05,0.0006646366771443081,0.0006558058138870927,1.0539365121709516,True,0.004839221481233835,2538.90869140625,8.179678115993738e-05
3,750,44,blocks.7.attn.q.weight,attn_q,7,65.09456634521484,0.4257315852468111,0.4229638159533226,0.4257315852468111,0.4257315852468111,27.712812921102035,27.53264617919922,0.9934987926914619,0.41602935353059683,0.33313612226300987,0.4257315852468111,0.41602935353059683,0.33313612226300987,0.025,0.025,0.9772104489015313,0.7825027172223539,0.0005841084057465196,1.0021411981142592e-05,1.0021411981142592e-05,1.3097809540432147e-05,0.00028790762648055234,2.3119221521574738e-05,0.000264807214208451,0.00029792903846169493,0.8954055905306553,True,0.0029143881984055042,1527.420166015625,0.00019291805801913142
3,750,45,blocks.7.attn.v.weight,attn_v,7,92.232421875,0.30046714981268113,0.29509393098966286,0.30046714981268113,0.30046714981268113,27.712812921102035,27.217227935791016,0.9821171172077716,0.3354481818416425,0.33313612226300987,0.30046714981268113,0.3354481818416425,0.33313612226300987,0.025,0.025,1.1164221514756918,1.1087272684241702,0.0015097218565642834,6.301200482994318e-05,6.301200482994318e-05,0.0004868232783312563,0.0018748892333892149,0.0005498352831611995,0.0018768176787283437,0.001937901238219158,0.25977062076456314,True,0.014058160595595837,7380.86474609375,0.000948518980294466
3,750,46,blocks.7.mlp.fc.weight,mlp_fc,7,179.37547302246094,0.3089922212233766,0.30884324350257847,0.3089922212233766,0.3089922212233766,55.42562584220407,55.398902893066406,0.9995178593163072,0.31354920728594426,0.33313612226300987,0.3089922212233766,0.31354920728594426,0.33313612226300987,0.035,0.0375,1.0147478989746908,1.0781375691078616,0.0015738585498183966,1.9183484255336225e-05,1.9183484255336225e-05,0.00014350746888125586,0.0004758937351955209,0.0001626909531365921,0.0004960020905258306,0.0004950772194508571,0.4573778707213613,True,0.0064980941824615,3408.331787109375,0.00028799325809814036
3,750,47,blocks.7.mlp.proj.weight,mlp_proj,7,106.74209594726562,0.25962402813219204,0.25966619374021443,0.25962402813219204,0.25962402813219204,27.712812921102035,27.717313766479492,1.000162410268141,0.2647796219103353,0.33313612226300987,0.25962402813219204,0.2647796219103353,0.33313612226300987,0.035,0.025,1.019857922301083,1.2831482689013203,0.0021623612847179174,2.3368938855128363e-05,2.3368938855128363e-05,0.00025612927526674447,0.0010018237548670404,0.00027949821412187283,0.0011202869709627545,0.0010251926937221688,0.866869132066995,True,0.006421191152185202,3368.728759765625,0.0001597975060576573
3,750,48,blocks.8.attn.k.weight,attn_k,8,65.8855972290039,0.42062019753389146,0.4182719881997543,0.42062019753389146,0.42062019753389146,27.712812921102035,27.5580997467041,0.9944172691946357,0.4169683864645105,0.33313612226300987,0.42062019753389146,0.4169683864645105,0.33313612226300987,0.025,0.025,0.9913180320612476,0.7920117108407935,0.0007552611059509218,1.8551587345427833e-05,1.8551587345427833e-05,3.285813153412821e-05,0.000563178570334446,5.1409718879556044e-05,0.0005148025985739551,0.0005817301576798739,0.6179104752386682,True,0.0031901926267892122,1673.672607421875,0.00022234558127820492
3,750,49,blocks.8.attn.proj.weight,attn_proj,8,104.57299041748047,0.26500928022107656,0.2631887826812638,0.26500928022107656,0.26500928022107656,27.712812921102035,27.522438049316406,0.9931304385329767,0.30659689043144744,0.33313612226300987,0.26500928022107656,0.30659689043144744,0.33313612226300987,0.03,0.025,1.1569288825496133,1.2570734201651368,0.0008231352549046278,6.055054655007552e-06,6.055054655007552e-06,6.05701135019365e-05,0.0004944217987186572,6.662516815694405e-05,0.000506854237016095,0.0005004768533736647,1.2999708316862957,True,0.004275007639080286,2243.450439453125,5.8902576711261645e-05
3,750,50,blocks.8.attn.q.weight,attn_q,8,65.42391967773438,0.4235883917932465,0.4207923413024685,0.4235883917932465,0.4235883917932465,27.712812921102035,27.529884338378906,0.9933991333451453,0.41602935353059683,0.33313612226300987,0.4235883917932465,0.41602935353059683,0.33313612226300987,0.025,0.025,0.9821547558689021,0.7864618783642533,0.0007185864960774779,1.3631349247589242e-05,1.3631349247589242e-05,1.7985166726624434e-05,0.0004336648405058122,3.1616515974213676e-05,0.00039659242434864,0.00044729618975340144,0.8057561826002482,True,0.0037315019872039557,1958.5882568359375,0.00021835070219822228
3,750,51,blocks.8.attn.v.weight,attn_v,8,97.30928039550781,0.28479105804158605,0.27994396810793565,0.28479105804158605,0.28479105804158605,27.712812921102035,27.241146087646484,0.9829801891710387,0.3354481818416425,0.33313612226300987,0.28479105804158605,0.3354481818416425,0.33313612226300987,0.025,0.025,1.1778746992563907,1.1697562576363065,0.001382486429065466,4.605520371114835e-05,4.605520371114835e-05,0.00038597911555635577,0.0015287577009156202,0.0004320343192675041,0.0015223975399997814,0.0015748129046267685,0.3084806364562192,True,0.013103491626679897,6882.3681640625,0.0007391897961497307
3,750,52,blocks.8.mlp.fc.weight,mlp_fc,8,180.27471923828125,0.3074509064631757,0.3074065697663969,0.3074509064631757,0.3074509064631757,55.42562584220407,55.417633056640625,0.9998557925969803,0.31354920728594426,0.33313612226300987,0.3074509064631757,0.31354920728594426,0.33313612226300987,0.035,0.0375,1.0198350393333415,1.0835424949475976,0.001547446707263589,1.57384856720455e-05,1.57384856720455e-05,0.0001244622499125366,0.00040786405264218225,0.0001402007355845821,0.0004236732520799799,0.00042360253831422775,0.5454035122334111,True,0.0059119658544659615,3101.291748046875,0.0002208863734267652
3,750,53,blocks.8.mlp.proj.weight,mlp_proj,8,107.76607513427734,0.25715711448683326,0.25719948120776126,0.25715711448683326,0.25715711448683326,27.712812921102035,27.717378616333008,1.000164750335665,0.2647796219103353,0.33313612226300987,0.25715711448683326,0.2647796219103353,0.33313612226300987,0.035,0.025,1.029641440948321,1.2954575374194706,0.0022068836260586977,2.2233158233575523e-05,2.2233158233575523e-05,0.00024154352647038594,0.0009122683737954254,0.00026377668470396146,0.0010196245458807252,0.000934501532029001,0.9210775721101281,True,0.006426784675568342,3371.228759765625,0.00015113742847461253
3,750,54,blocks.9.attn.k.weight,attn_k,9,66.07489776611328,0.4194151464175952,0.4170528807056379,0.4194151464175952,0.4194151464175952,27.712812921102035,27.556726455688477,0.994367714823539,0.4169683864645105,0.33313612226300987,0.4194151464175952,0.4169683864645105,0.33313612226300987,0.025,0.025,0.9941662575279326,0.7942872953169873,0.0006396245444193482,1.877157046692446e-05,1.877157046692446e-05,2.3432620252333952e-05,0.00036887780769702784,4.220419071925841e-05,0.0003439083193277117,0.0003876493781639523,0.5156891721936662,True,0.002709874650463462,1420.132568359375,0.0002520417037885636
3,750,55,blocks.9.attn.proj.weight,attn_proj,9,103.06403350830078,0.2688892718221633,0.26657053926811497,0.2688892718221633,0.2688892718221633,27.712812921102035,27.473834991455078,0.9913766267492469,0.30659689043144744,0.33313612226300987,0.2688892718221633,0.30659689043144744,0.33313612226300987,0.03,0.025,1.140234745528349,1.2389342274813322,0.000812025333289057,6.540986305481056e-06,6.540986305481056e-06,5.837886788255761e-05,0.00047765695415405147,6.491985418803867e-05,0.0004901690473719673,0.00048419794045953253,1.2045343893148919,True,0.0049933502450585365,2620.81494140625,8.368920680368319e-05
3,750,56,blocks.9.attn.q.weight,attn_q,9,65.80885314941406,0.4211107107152008,0.41849462501468815,0.4211107107152008,0.4211107107152008,27.712812921102035,27.540651321411133,0.9937876533796464,0.41602935353059683,0.33313612226300987,0.4211107107152008,0.41602935353059683,0.33313612226300987,0.025,0.025,0.9879334411229438,0.7910891691574937,0.0006018222775310278,1.1890674613823649e-05,1.1890674613823649e-05,1.2216604559105495e-05,0.0002927281463904667,2.4107279172929143e-05,0.0002703754725048359,0.00030461882100429037,0.7690904924138375,True,0.003072592429816723,1609.1881103515625,0.0002153351961169392
3,750,57,blocks.9.attn.v.weight,attn_v,9,95.75736999511719,0.2894065795929353,0.2856112527099167,0.2894065795929353,0.2894065795929353,27.712812921102035,27.349382400512695,0.9868858306941262,0.3354481818416425,0.33313612226300987,0.2894065795929353,0.3354481818416425,0.33313612226300987,0.025,0.025,1.1590896872955236,1.1511007204175605,0.0011484490241855383,2.904768189182505e-05,2.904768189182505e-05,0.0002649682905394599,0.001062911955769887,0.000294015972431285,0.0010550951478096404,0.001091959637661712,0.41288398114848346,True,0.009372391737997532,4921.8515625,0.0004297441628295928
3,750,58,blocks.9.mlp.fc.weight,mlp_fc,9,180.5345916748047,0.30700834298859325,0.30697326166598105,0.30700834298859325,0.30700834298859325,55.42562584220407,55.41929244995117,0.9998857316961846,0.31354920728594426,0.33313612226300987,0.30700834298859325,0.31354920728594426,0.33313612226300987,0.035,0.0375,1.021305167910678,1.0851044600940614,0.0015565775102004409,1.88733683899045e-05,1.88733683899045e-05,0.0001213861754375992,0.0003996319832943796,0.0001402595438275037,0.0004181822351176163,0.0004185053516842841,0.4568366165066009,True,0.0058340211398899555,3061.042236328125,0.00025659456150606275
3,750,59,blocks.9.mlp.proj.weight,mlp_proj,9,108.63385772705078,0.25510290715010947,0.25517362454022585,0.25510290715010947,0.25510290715010947,27.712812921102035,27.720495223999023,1.0002772112278482,0.2647796219103353,0.33313612226300987,0.25510290715010947,0.2647796219103353,0.33313612226300987,0.035,0.025,1.037932593039921,1.305889164434271,0.0022684945724904537,2.5272862330893986e-05,2.5272862330893986e-05,0.00024191181026057764,0.0008881801024559387,0.0002671846725914716,0.0009954868737860301,0.0009134529647868327,0.8262626294131511,True,0.006804764736443758,3571.0771484375,0.00019550768774934113
3,750,60,blocks.10.attn.k.weight,attn_k,10,65.95430755615234,0.42018200096343716,0.417841530184222,0.42018200096343716,0.42018200096343716,27.712812921102035,27.558448791503906,0.9944298642639561,0.4169683864645105,0.33313612226300987,0.42018200096343716,0.4169683864645105,0.33313612226300987,0.025,0.025,0.9923518511227084,0.7928376786705775,0.0005198038415983319,1.236079515365418e-05,1.236079515365418e-05,2.0833990806571983e-05,0.00032409036270316126,3.319478596022616e-05,0.00029817813237738256,0.00033645115785681544,0.637602352061983,True,0.002060157246887684,1080.5404052734375,0.00013028937974013388
3,750,61,blocks.10.attn.proj.weight,attn_proj,10,99.3755874633789,0.2788694248606534,0.2755301639717026,0.2788694248606534,0.2788694248606534,27.712812921102035,27.380971908569336,0.9880257188803805,0.30659689043144744,0.33313612226300987,0.2788694248606534,0.30659689043144744,0.33313612226300987,0.03,0.025,1.099428130511794,1.1945953645849583,0.0007695381063967943,7.3581004471634515e-06,7.3581004471634515e-06,5.979083642661487e-05,0.0005014918150689986,6.714893687377832e-05,0.0005143990271605222,0.000508849915516162,1.0524093772442862,True,0.005812338087707758,3051.225830078125,0.00013908570690546185
3,750,62,blocks.10.attn.q.weight,attn_q,10,66.07129669189453,0.4194380057399687,0.4167468620732476,0.4194380057399687,0.4194380057399687,27.712812921102035,27.535005569458008,0.9935839298540267,0.41602935353059683,0.33313612226300987,0.4194380057399687,0.41602935353059683,0.33313612226300987,0.025,0.025,0.991873287201625,0.7942440067520685,0.0004974717739969492,8.803142918623053e-06,8.803142918623053e-06,1.175256280514404e-05,0.00026284903285874947,2.0555705723767093e-05,0.00024086096217090046,0.0002716521757773725,0.8552987976667391,True,0.0024058592971414328,1261.658447265625,0.00013273258809931576
3,750,63,blocks.10.attn.v.weight,attn_v,10,92.73033142089844,0.29885381079158374,0.2948497245841992,0.29885381079158374,0.29885381079158374,27.712812921102035,27.34151268005371,0.9866018566175361,0.3354481818416425,0.33313612226300987,0.29885381079158374,0.3354481818416425,0.33313612226300987,0.025,0.025,1.1224490695070277,1.1147126462286743,0.0009758986998349428,2.0513189156190492e-05,2.0513189156190492e-05,0.0002213044076731376,0.0008860168159280145,0.00024181759682932808,0.0008762529954575323,0.000906530005084205,0.5130382466511225,True,0.007725325413048267,4056.60205078125,0.0002977509575430304
3,750,64,blocks.10.mlp.fc.weight,mlp_fc,10,180.32859802246094,0.3073590459306987,0.3073779099112651,0.3073590459306987,0.3073590459306987,55.42562584220407,55.42902755737305,1.000061374411516,0.31354920728594426,0.33313612226300987,0.3073590459306987,0.31354920728594426,0.33313612226300987,0.035,0.0375,1.0201398378775592,1.0838663337669368,0.0015530830714851618,1.981734749278985e-05,1.981734749278985e-05,0.00010358081860545852,0.0003367452932679725,0.00012339816609824837,0.0003555110223954749,0.00035656264076076237,0.4345948294027058,True,0.0053384630009531975,2801.171875,0.00023303779016714543
3,750,65,blocks.10.mlp.proj.weight,mlp_proj,10,109.6308364868164,0.252783010776668,0.2528608793340721,0.252783010776668,0.252783010776668,27.712812921102035,27.721349716186523,1.000308045058753,0.2647796219103353,0.33313612226300987,0.252783010776668,0.2647796219103353,0.33313612226300987,0.035,0.025,1.0474581384912227,1.3178738604285922,0.002398051554337144,3.095571446465328e-05,3.095571446465328e-05,0.0002516713383669351,0.0009076707658657542,0.00028262705283158836,0.0010215623984575802,0.0009386264803304075,0.7066184220788192,True,0.007631673943251371,4002.68603515625,0.0002884205605369061
3,750,66,blocks.11.attn.k.weight,attn_k,11,66.58695983886719,0.4161897913369805,0.4142078438660541,0.4161897913369805,0.4161897913369805,27.712812921102035,27.580841064453125,0.9952378758148935,0.4169683864645105,0.33313612226300987,0.4161897913369805,0.4169683864645105,0.33313612226300987,0.025,0.025,1.0018707694031341,0.8004428008501445,0.0005022995173931122,7.377627298410516e-06,7.377627298410516e-06,1.4240764365975248e-05,0.0002232821401403785,2.1618391664385764e-05,0.00020394392626857835,0.000230659767438789,1.0224848039511014,True,0.0018487543566152453,969.5579833984375,8.750907727517188e-05
3,750,67,blocks.11.attn.proj.weight,attn_proj,11,102.572021484375,0.27017906559756727,0.2659756499398977,0.27017906559756727,0.27017906559756727,27.712812921102035,27.281660079956055,0.984442111943906,0.30659689043144744,0.33313612226300987,0.27017906559756727,0.30659689043144744,0.33313612226300987,0.03,0.025,1.1347914382386852,1.233019743873189,0.0007902955985628068,1.2637427062145434e-05,1.2637427062145434e-05,6.162185916222622e-05,0.0005561335552328913,7.425928622437166e-05,0.0005739543096823077,0.0005687709822950368,0.6096800531897537,True,0.007803455926477909,4091.858642578125,0.0003999624168500304
3,750,68,blocks.11.attn.q.weight,attn_q,11,66.47360229492188,0.4168995204765532,0.4144263492863564,0.4168995204765532,0.4168995204765532,27.712812921102035,27.548412322998047,0.994067704401858,0.41602935353059683,0.33313612226300987,0.4168995204765532,0.41602935353059683,0.33313612226300987,0.025,0.025,0.997912765778762,0.7990801281858172,0.0004899320774711668,6.059078259568196e-06,6.059078259568196e-06,7.933794642217228e-06,0.00016122587749020498,1.3992872901785424e-05,0.00014837986987402386,0.00016728495574977318,1.2164103275918527,True,0.002181926742196083,1143.402587890625,0.00011075288784923032
3,750,69,blocks.11.attn.v.weight,attn_v,11,95.74568939208984,0.28944188607400184,0.28557934094840653,0.28944188607400184,0.28944188607400184,27.712812921102035,27.34299087524414,0.9866551963919804,0.3354481818416425,0.33313612226300987,0.28944188607400184,0.3354481818416425,0.33313612226300987,0.025,0.025,1.158948300094611,1.1509603077207584,0.0008802877273410559,1.66691534104757e-05,1.66691534104757e-05,0.00018003893747859647,0.0007324276713495631,0.00019670809088907218,0.0007228827780749999,0.0007490968247600388,0.5515588698687444,True,0.006868232041597366,3606.39208984375,0.00024907910847105086
3,750,70,blocks.11.mlp.fc.weight,mlp_fc,11,178.61549377441406,0.31030693178389634,0.3102634005780905,0.31030693178389634,0.31030693178389634,55.42562584220407,55.417850494384766,0.9998597156513588,0.31354920728594426,0.33313612226300987,0.31030693178389634,0.31354920728594426,0.33313612226300987,0.035,0.0375,1.0104486080391717,1.0735697083783233,0.0017370664281770587,5.213710755924694e-05,5.213710755924694e-05,0.00011385787813731919,0.0004173260395464203,0.00016599498569656613,0.0004667854114712806,0.00046946314710566726,0.18653071909103136,True,0.007088389713317156,3716.432373046875,0.0011316059390082955
3,750,71,blocks.11.mlp.proj.weight,mlp_proj,11,110.81463623046875,0.2500826051846239,0.24982598603096184,0.2500826051846239,0.2500826051846239,27.712812921102035,27.684375762939453,0.9989738624424903,0.2647796219103353,0.33313612226300987,0.2500826051846239,0.2647796219103353,0.33313612226300987,0.035,0.025,1.0587686485226004,1.3321043341541952,0.003214375115931034,0.00017480571113992482,0.00017480571113992482,0.00040370969220086795,0.0016697820940644477,0.0005785154033407928,0.002002798312728314,0.0018445878052043725,0.16593722180542478,True,0.017225684598088264,9017.9248046875,0.004428787622600794
4,1000,0,blocks.0.attn.k.weight,attn_k,0,72.81952667236328,0.3805684297536048,0.37852417822389334,0.3805684297536048,0.3805684297536048,27.712812921102035,27.56395149230957,0.9946284258759199,0.3806699360093025,0.31061596903264443,0.3805684297536048,0.3806699360093025,0.31061596903264443,0.025,0.025,1.000266722743564,0.8161895332036597,0.0008542101713828743,1.9408902517170645e-05,1.9408902517170645e-05,1.8076202124702373e-05,0.0003118069456240641,3.748510464187302e-05,0.00029819872584085645,0.00033121584814123475,0.6043881044427313,True,0.0029375110752880573,1541.702880859375,0.00020259314624127
4,1000,1,blocks.0.attn.proj.weight,attn_proj,0,70.20732879638672,0.3947282056759906,0.39119519050575857,0.3947282056759906,0.3947282056759906,27.712812921102035,27.46476936340332,0.9910494990744934,0.2898905924763245,0.31061596903264443,0.3947282056759906,0.2898905924763245,0.31061596903264443,0.03,0.025,0.7344055689657982,0.7869110050058369,0.001866483362391591,4.108377470402047e-05,4.108377470402047e-05,0.00016673999372399597,0.0014304636166783174,0.00020782376842801644,0.0014857676647214671,0.001471547391382338,0.6470999026387779,True,0.008558331988751888,4491.2822265625,0.0005526943714357913
4,1000,2,blocks.0.attn.q.weight,attn_q,0,76.6441879272461,0.36157748774647086,0.3596098639973427,0.36157748774647086,0.36157748774647086,27.712812921102035,27.5620059967041,0.9945582238501995,0.3798963327412058,0.31061596903264443,0.36157748774647086,0.3798963327412058,0.31061596903264443,0.025,0.025,1.0506636768480997,0.8590578217923805,0.0008262218907475471,2.1280771761666983e-05,2.1280771761666983e-05,1.451877547693327e-05,0.00020049209804745566,3.5799547238600254e-05,0.0002017529751789242,0.00022177286980912264,0.5065590707041921,True,0.0027591127436608076,1448.8953857421875,0.0002789563441183418
4,1000,3,blocks.0.attn.v.weight,attn_v,0,63.692726135253906,0.4351016921815033,0.42923491432360733,0.4351016921815033,0.4351016921815033,27.712812921102035,27.339141845703125,0.9865163065018789,0.3121193977174997,0.31061596903264443,0.4351016921815033,0.3121193977174997,0.31061596903264443,0.025,0.025,0.7173481586628687,0.7138928085415731,0.0021749495062977076,9.366058657178655e-05,9.366058657178655e-05,0.0005578556991523867,0.0020883538839818693,0.0006515162857241733,0.002136548441100348,0.002182014470553656,0.3645880819032512,True,0.016753332689404488,8787.443359375,0.00173176487442106
4,1000,4,blocks.0.mlp.fc.weight,mlp_fc,0,172.21746826171875,0.3218350983883574,0.3217898835098087,0.3218350983883574,0.3218350983883574,55.42562584220407,55.41783905029297,0.9998595091748126,0.2968991325206186,0.31061596903264443,0.3218350983883574,0.2968991325206186,0.31061596903264443,0.035,0.0375,0.9225194331115227,0.9651401310425911,0.002879754174500704,8.086565503617749e-05,8.086565503617749e-05,0.00021440660983939648,0.0009036865995944946,0.00029527226487557396,0.0009843869561859374,0.000984552254630672,0.2067826550255154,True,0.008990645408630371,4716.51123046875,0.000785103184171021
4,1000,5,blocks.0.mlp.proj.weight,mlp_proj,0,101.72476196289062,0.27242937104351955,0.2724613725607229,0.27242937104351955,0.27242937104351955,27.712812921102035,27.716068267822266,1.000117467206577,0.24779551278035247,0.31061596903264443,0.27242937104351955,0.24779551278035247,0.31061596903264443,0.035,0.025,0.909577083525139,1.140170635210345,0.0057744309306144714,0.00030933006200939417,0.00030933006200939417,0.000655158814483768,0.003833240219247018,0.0009644888764931621,0.004544413425078106,0.004142570281256412,0.18351027249425253,True,0.027431311085820198,14389.10546875,0.0038584559224545956
4,1000,6,blocks.1.attn.k.weight,attn_k,1,71.0217514038086,0.39020176739285417,0.38571551954819777,0.39020176739285417,0.39020176739285417,27.712812921102035,27.39419174194336,0.9885027485277014,0.3806699360093025,0.31061596903264443,0.39020176739285417,0.3806699360093025,0.31061596903264443,0.025,0.025,0.9755720445675095,0.7960393698573821,0.0007816503057256341,2.64691116171889e-05,2.64691116171889e-05,3.5028498696167414e-05,0.0005281164423551352,6.149761031335631e-05,0.0004998389013829722,0.0005545855539723241,0.415797390025358,True,0.0037464748602360487,1963.4716796875,0.00031712724012322724
4,1000,7,blocks.1.attn.proj.weight,attn_proj,1,78.7080078125,0.352096485368047,0.34819146494285946,0.352096485368047,0.352096485368047,27.712812921102035,27.40545654296875,0.988909232021725,0.2898905924763245,0.31061596903264443,0.352096485368047,0.2898905924763245,0.31061596903264443,0.03,0.025,0.8233271404947465,0.8821899165166533,0.0019637136720120907,5.869771121069789e-05,5.869771121069789e-05,0.00020095655701878528,0.0019003791991412072,0.00025965426822948317,0.001984260900445357,0.001959076910351905,0.4250480974341055,True,0.012942139990627766,6788.40576171875,0.0007820531609468162
4,1000,8,blocks.1.attn.q.weight,attn_q,1,73.46382141113281,0.37723075642921017,0.3729472274004135,0.37723075642921017,0.37723075642921017,27.712812921102035,27.398128509521484,0.9886448043915119,0.3798963327412058,0.31061596903264443,0.37723075642921017,0.3798963327412058,0.31061596903264443,0.025,0.025,1.0070661690929643,0.8234110388370031,0.0007535989279858768,2.2078702386352234e-05,2.2078702386352234e-05,2.877513387927659e-05,0.0004731995689806031,5.0853836265628823e-05,0.00044632472248503946,0.0004952782713669553,0.4646149831724999,True,0.0036556250415742397,1916.9337158203125,0.0002800806541927159
4,1000,9,blocks.1.attn.v.weight,attn_v,1,68.8719253540039,0.40238185267302007,0.39228644579076777,0.40238185267302007,0.40238185267302007,27.712812921102035,27.01752281188965,0.974910879267584,0.3121193977174997,0.31061596903264443,0.40238185267302007,0.3121193977174997,0.31061596903264443,0.025,0.025,0.7756796079248915,0.7719432846417514,0.002077160170301795,0.00011141873255837709,0.00011141873255837709,0.0006475174376811522,0.0024568305528244344,0.0007589361702395293,0.0025217051076364847,0.0025682492853828114,0.2706883397802719,True,0.020059838891029358,10522.7060546875,0.002180350013077259
4,1000,10,blocks.1.mlp.fc.weight,mlp_fc,1,184.29063415527344,0.3007511808522261,0.30058808523596814,0.3007511808522261,0.3007511808522261,55.42562584220407,55.39556884765625,0.999457705815837,0.2968991325206186,0.31061596903264443,0.3007511808522261,0.2968991325206186,0.31061596903264443,0.035,0.0375,0.9871919095356764,1.032800496917302,0.0014679150190204382,3.1049403332872316e-05,3.1049403332872316e-05,0.0001249893466667756,0.0004601802459033048,0.00015603874999964792,0.0004909296037212007,0.0004912296492361771,0.2565336796725613,True,0.006205880083143711,3256.569580078125,0.00031435550772584975
4,1000,11,blocks.1.mlp.proj.weight,mlp_proj,1,107.42639923095703,0.25797023003183783,0.2580974039942754,0.25797023003183783,0.25797023003183783,27.712812921102035,27.72647476196289,1.000492979218665,0.24779551278035247,0.31061596903264443,0.25797023003183783,0.24779551278035247,0.31061596903264443,0.035,0.025,0.9605585603802825,1.2040767998474446,0.00241330498829484,3.8395672163460404e-05,3.8395672163460404e-05,0.00027183718296158943,0.0012393571373940635,0.00031023285512504984,0.0014020692293732172,0.001277752809557524,0.5850849360442535,True,0.007469674572348595,3917.650146484375,0.00028313492657616735
4,1000,12,blocks.2.attn.k.weight,attn_k,2,74.3863754272461,0.37255226863697194,0.3697451766779565,0.37255226863697194,0.37255226863697194,27.712812921102035,27.504003524780273,0.9924652399265192,0.3806699360093025,0.31061596903264443,0.37255226863697194,0.3806699360093025,0.31061596903264443,0.025,0.025,1.021789338183418,0.8337513825082075,0.000815177452750504,2.283525282109622e-05,2.283525282109622e-05,4.600177174467017e-05,0.0006207121356716389,6.883702456576639e-05,0.0005785905442531208,0.0006435473884927351,0.4799024166762656,True,0.0035108127631247044,1843.8677978515625,0.00027199042961001396
4,1000,13,blocks.2.attn.proj.weight,attn_proj,2,82.25260162353516,0.33692323858571416,0.33367383936926487,0.33692323858571416,0.33692323858571416,27.712812921102035,27.445541381835938,0.9903556690536246,0.2898905924763245,0.31061596903264443,0.33692323858571416,0.2898905924763245,0.31061596903264443,0.03,0.025,0.8604054552401423,0.9219191004351661,0.0016107261180877686,3.365798693266697e-05,3.365798693266697e-05,0.0001633235628766204,0.0014307758272866125,0.00019698154980928736,0.0014838943198082033,0.0014644338142192795,0.5818136686044055,True,0.009709459729492664,5093.0244140625,0.00040714992792345583
4,1000,14,blocks.2.attn.q.weight,attn_q,2,75.04814910888672,0.36926710718599803,0.3661590495034318,0.36926710718599803,0.36926710718599803,27.712812921102035,27.47955894470215,0.9915831721209984,0.3798963327412058,0.31061596903264443,0.36926710718599803,0.3798963327412058,0.31061596903264443,0.025,0.025,1.0287846530285567,0.8411687989209088,0.00073107989737764,1.8407012248644605e-05,1.8407012248644605e-05,3.6546553452368786e-05,0.0004606086983909159,5.495356570101339e-05,0.00043242437423927097,0.0004790157106395605,0.5292264665378643,True,0.0037772839423269033,1984.3519287109375,0.00037310339394025505
4,1000,15,blocks.2.attn.v.weight,attn_v,2,74.93807983398438,0.36980948781308765,0.3580663876141184,0.36980948781308765,0.36980948781308765,27.712812921102035,26.832807540893555,0.9682455410530196,0.3121193977174997,0.31061596903264443,0.36980948781308765,0.3121193977174997,0.31061596903264443,0.025,0.025,0.844000513786855,0.8399350997442193,0.0024271844886243343,0.00020740149193443358,0.00020740149193443358,0.0008713197003981162,0.003371183235182701,0.0010787211923325498,0.003504516089517623,0.0035785847271171344,0.1561666704603315,True,0.029096664860844612,15260.06640625,0.0042124418541789055
4,1000,16,blocks.2.mlp.fc.weight,mlp_fc,2,185.50238037109375,0.29878660172083094,0.2985904555730618,0.29878660172083094,0.29878660172083094,55.42562584220407,55.38924026489258,0.9993435242857684,0.2968991325206186,0.31061596903264443,0.29878660172083094,0.2968991325206186,0.31061596903264443,0.035,0.0375,0.9936828854127272,1.039591357991568,0.0016831271350383759,3.6714671296067536e-05,3.6714671296067536e-05,0.00015300846026951821,0.000571851981593,0.00018972313156558575,0.0006089672582797819,0.0006085666528890675,0.24713132089245335,True,0.007898563519120216,4144.103515625,0.00044138068915344775
4,1000,17,blocks.2.mlp.proj.weight,mlp_proj,2,107.989013671875,0.25662622500940246,0.25654733998118784,0.25662622500940246,0.25662622500940246,27.712812921102035,27.704294204711914,0.9996926072999384,0.24779551278035247,0.31061596903264443,0.25662622500940246,0.24779551278035247,0.31061596903264443,0.035,0.025,0.9655892057457244,1.2103828009832738,0.002569278236478567,4.764916229760274e-05,4.764916229760274e-05,0.00033535328884074753,0.001502818977081565,0.00038300245113835027,0.0017017352804405879,0.0015504681393791677,0.49931693243499764,True,0.009596211835741997,5030.78857421875,0.0004815211286768317
4,1000,18,blocks.3.attn.k.weight,attn_k,3,72.67616271972656,0.3813191545070378,0.37814296107102185,0.3813191545070378,0.3813191545070378,27.712812921102035,27.481979370117188,0.9916705117000563,0.3806699360093025,0.31061596903264443,0.3813191545070378,0.3806699360093025,0.31061596903264443,0.025,0.025,0.9982974406345398,0.8145826543494855,0.0007327004568651319,3.129625110886991e-05,3.129625110886991e-05,6.34303974452283e-05,0.0007402116233443052,9.472664855409822e-05,0.0006982177455702828,0.0007715078744531751,0.3221381468357487,True,0.0037361914291977882,1959.8897705078125,0.0004581049142871052
4,1000,19,blocks.3.attn.proj.weight,attn_proj,3,85.0273666381836,0.3259281572135262,0.3231046361290573,0.3259281572135262,0.3259281572135262,27.712812921102035,27.472736358642578,0.9913369832523695,0.2898905924763245,0.31061596903264443,0.3259281572135262,0.2898905924763245,0.31061596903264443,0.03,0.025,0.8894309560570052,0.9530197442534851,0.0015382810961455107,2.6111763872904703e-05,2.6111763872904703e-05,0.00014232142929623189,0.0012301020698494924,0.0001684331931691366,0.0012753551378640647,0.001256213833722397,0.692852461785767,True,0.00713615957647562,3743.641845703125,0.00022476409503724426
4,1000,20,blocks.3.attn.q.weight,attn_q,3,73.65030670166016,0.37627559425326,0.37227423793646003,0.37627559425326,0.37627559425326,27.712812921102035,27.41811180114746,0.989365889316484,0.3798963327412058,0.31061596903264443,0.37627559425326,0.3798963327412058,0.31061596903264443,0.025,0.025,1.0096225706456763,0.8255012383917145,0.0006622661603614688,2.610788942547515e-05,2.610788942547515e-05,5.308419479972344e-05,0.0005815129135734698,7.919208422519859e-05,0.0005521651639818406,0.0006076208029989449,0.3444183169831236,True,0.004428418818861246,2321.85595703125,0.0005893033812753856
4,1000,21,blocks.3.attn.v.weight,attn_v,3,76.84786224365234,0.36061917810070404,0.35143460434209056,0.36061917810070404,0.36061917810070404,27.712812921102035,27.00699806213379,0.9745311000735404,0.3121193977174997,0.31061596903264443,0.36061917810070404,0.3121193977174997,0.31061596903264443,0.025,0.025,0.8655097029541212,0.8613406826242168,0.0022145728580653667,0.00013736591790802777,0.00013736591790802777,0.0007570096090923451,0.0028865453170308815,0.0008943755270003729,0.002972113194882348,0.0030239112349389093,0.20978729806511218,True,0.02366570010781288,12407.49609375,0.0025737350806593895
4,1000,22,blocks.3.mlp.fc.weight,mlp_fc,3,186.9689178466797,0.2964429942716725,0.29629125301604853,0.2964429942716725,0.2964429942716725,55.42562584220407,55.397254943847656,0.9994881266936492,0.2968991325206186,0.31061596903264443,0.2964429942716725,0.2968991325206186,0.31061596903264443,0.035,0.0375,1.0015387047687425,1.0478101187575486,0.0016301325522363186,3.646476397989318e-05,3.646476397989318e-05,0.00014661905671619341,0.000542433709584703,0.0001830838206960866,0.0005793379346596618,0.0005788984735645962,0.2391002876811173,True,0.007738669868558645,4061.2431640625,0.0004575859638862312
4,1000,23,blocks.3.mlp.proj.weight,mlp_proj,3,109.60798645019531,0.2528357085885748,0.25283584326300235,0.2528357085885748,0.2528357085885748,27.712812921102035,27.712827682495117,1.0000005326558918,0.24779551278035247,0.31061596903264443,0.2528357085885748,0.24779551278035247,0.31061596903264443,0.035,0.025,0.9800653323996099,1.228528876584012,0.0025700684636831284,7.492868462577462e-05,7.492868462577462e-05,0.0003801359725931351,0.0017026417789925152,0.0004550646572189097,0.0019508257903377837,0.0017775704636182898,0.3129351766188261,True,0.014434137381613255,7567.48486328125,0.001407617935910821
4,1000,24,blocks.4.attn.k.weight,attn_k,4,73.54777526855469,0.3768001522807534,0.3717503294068634,0.3768001522807534,0.3768001522807534,27.712812921102035,27.34140968322754,0.9865981400397038,0.3806699360093025,0.31061596903264443,0.3768001522807534,0.3806699360093025,0.31061596903264443,0.025,0.025,1.0102701225175348,0.8243520262730807,0.0012323433766141534,0.00011498440289869905,0.00011498440289869905,0.00010416169274505579,0.001485999095301914,0.00021914609564375483,0.001460779195882768,0.001600983498200613,0.14572137501701754,True,0.009011911228299141,4723.73779296875,0.0018614756409078836
4,1000,25,blocks.4.attn.proj.weight,attn_proj,4,91.7905044555664,0.30191372283521056,0.2998305858160836,0.30191372283521056,0.30191372283521056,27.712812921102035,27.5216007232666,0.9931002241317107,0.2898905924763245,0.31061596903264443,0.30191372283521056,0.2898905924763245,0.31061596903264443,0.03,0.025,0.9601769331781964,1.0288236192635196,0.0012905101757496595,1.863296165538486e-05,1.863296165538486e-05,0.00011652770001739521,0.0009923673621015506,0.00013516066167278007,0.0010277120259704305,0.0010110003237569355,0.7545391638629477,True,0.005832195281982422,3060.313720703125,0.00016313124797306955
4,1000,26,blocks.4.attn.q.weight,attn_q,4,72.80890655517578,0.3806239405628323,0.3717885409404689,0.3806239405628323,0.3806239405628323,27.712812921102035,27.069517135620117,0.9767870628177164,0.3798963327412058,0.31061596903264443,0.3806239405628323,0.3798963327412058,0.31061596903264443,0.025,0.025,0.9980883813547027,0.8160704988060752,0.001333474414423108,0.0002137765841325745,0.0002137765841325745,0.00011709091406416125,0.0017789824001150853,0.00033086749819673575,0.0018273842505128254,0.00199275898424766,0.08567222478071282,True,0.015274770557880402,8003.92919921875,0.004386412911117077
4,1000,27,blocks.4.attn.v.weight,attn_v,4,83.45276641845703,0.33207782210767867,0.32409768373043335,0.33207782210767867,0.33207782210767867,27.712812921102035,27.04684829711914,0.9759690715670443,0.3121193977174997,0.31061596903264443,0.33207782210767867,0.3121193977174997,0.31061596903264443,0.025,0.025,0.9398983519480343,0.9353710135208154,0.002149862004444003,0.00015134605928324163,0.00015134605928324163,0.0007184214368996486,0.0028431408024977263,0.0008697674961828903,0.002951839264517954,0.002994486861780968,0.17021535268787877,True,0.02354542352259159,12366.533203125,0.0029233251698315144
4,1000,28,blocks.4.mlp.fc.weight,mlp_fc,4,187.4326934814453,0.2957094880978748,0.2954952335184758,0.2957094880978748,0.2957094880978748,55.42562584220407,55.385467529296875,0.999275455851026,0.2968991325206186,0.31061596903264443,0.2957094880978748,0.2968991325206186,0.31061596903264443,0.035,0.0375,1.0040230174229312,1.050409207464577,0.0018230783753097057,4.0595368773210794e-05,4.0595368773210794e-05,0.00016964618732669904,0.0006912427675689591,0.00021024155609990984,0.0007373326818137748,0.0007318381363421699,0.23959817321094426,True,0.00942707248032093,4943.04833984375,0.000540963897947222
4,1000,29,blocks.4.mlp.proj.weight,mlp_proj,4,110.54996490478516,0.25068133621725364,0.2507130777387563,0.25068133621725364,0.25068133621725364,27.712812921102035,27.71632194519043,1.0001266210001267,0.24779551278035247,0.31061596903264443,0.25068133621725364,0.24779551278035247,0.31061596903264443,0.035,0.025,0.9884880802039441,1.2390869369048212,0.0025881067849695683,6.191908323671669e-05,6.191908323671669e-05,0.0003659225443983686,0.001611531853981598,0.0004278416276350853,0.0018377672819377031,0.0016734509372183146,0.37809337235393553,True,0.012317867949604988,6457.7236328125,0.0009797854581847787
4,1000,30,blocks.5.attn.k.weight,attn_k,5,74.36157989501953,0.37267649450463247,0.3697871571372518,0.37267649450463247,0.37267649450463247,27.712812921102035,27.497957229614258,0.9922470630426631,0.3806699360093025,0.31061596903264443,0.37267649450463247,0.3806699360093025,0.31061596903264443,0.025,0.025,1.0214487407242976,0.8334734645540769,0.0008043799316510558,2.9625029128510505e-05,2.9625029128510505e-05,6.145577010228092e-05,0.000726156819932223,9.108079923079143e-05,0.0006839153253767303,0.0007557818490607335,0.36513530972243363,True,0.003837413154542446,2013.8927001953125,0.00038114975905045867
4,1000,31,blocks.5.attn.proj.weight,attn_proj,5,95.71250915527344,0.28954222562636844,0.28747163264443637,0.28954222562636844,0.28954222562636844,27.712812921102035,27.514631271362305,0.9928487356983952,0.2898905924763245,0.31061596903264443,0.28954222562636844,0.2898905924763245,0.31061596903264443,0.03,0.025,1.0012031642334807,1.0727829709835484,0.001107420539483428,1.12502330011921e-05,1.12502330011921e-05,8.93210182827871e-05,0.0007050397316486113,0.0001005712512839792,0.0007256727082735966,0.0007162899646498034,1.0284480413315384,True,0.004855526145547628,2547.78759765625,8.751912537263706e-05
4,1000,32,blocks.5.attn.q.weight,attn_q,5,73.58113861083984,0.37662930262157474,0.3734804307192072,0.37662930262157474,0.37662930262157474,27.712812921102035,27.481115341186523,0.9916393337415746,0.3798963327412058,0.31061596903264443,0.37662930262157474,0.3798963327412058,0.31061596903264443,0.025,0.025,1.0086743917610512,0.8247259755695153,0.0006723342230543494,1.870958658400923e-05,1.870958658400923e-05,4.571022939748921e-05,0.00048264081460552767,6.441981598149844e-05,0.00045554877881109223,0.0005013504011895369,0.4883762356667463,True,0.004172023851424456,2190.8515625,0.0003691603196784854
4,1000,33,blocks.5.attn.v.weight,attn_v,5,88.78990173339844,0.31211672025849113,0.3045092658708132,0.31211672025849113,0.31211672025849113,27.712812921102035,27.0373477935791,0.9756262516747768,0.3121193977174997,0.31061596903264443,0.31211672025849113,0.3121193977174997,0.31061596903264443,0.025,0.025,1.0000085783901815,0.99519169871898,0.0019677213858813047,0.0001203674910357222,0.0001203674910357222,0.0006519775997025242,0.0025352867336239492,0.0007723450907382464,0.0026103230740421243,0.0026556542246596714,0.18411569950194945,True,0.0215058084577322,11290.8837890625,0.0022914353758096695
4,1000,34,blocks.5.mlp.fc.weight,mlp_fc,5,188.5346221923828,0.29398115421817406,0.29397283301249744,0.29398115421817406,0.29398115421817406,55.42562584220407,55.42405700683594,0.9999716947649342,0.2968991325206186,0.31061596903264443,0.29398115421817406,0.2968991325206186,0.31061596903264443,0.035,0.0375,1.0099257325191635,1.0565846299185733,0.0015681323129683733,2.1453537556226365e-05,2.1453537556226365e-05,0.0001279529443567094,0.00046999732918022897,0.00014940648191293576,0.0004928647002850532,0.0004914508667364553,0.3876972085636147,True,0.0073320078663527966,3848.934326171875,0.00033736214390955865
4,1000,35,blocks.5.mlp.proj.weight,mlp_proj,5,112.10406494140625,0.24720613775768766,0.2470741039835815,0.24720613775768766,0.24720613775768766,27.712812921102035,27.69801139831543,0.9994658960521711,0.24779551278035247,0.31061596903264443,0.24720613775768766,0.24779551278035247,0.31061596903264443,0.035,0.025,1.0023841439699306,1.2565058936243376,0.00203338754363358,1.8008126062341034e-05,1.8008126062341034e-05,0.00020064612892420206,0.0008532778175989625,0.0002186542549865431,0.000957543630716055,0.0008712859436613036,1.007233765029685,True,0.006014909129589796,3156.800048828125,0.00012752419570460916
4,1000,36,blocks.6.attn.k.weight,attn_k,6,73.24922943115234,0.3783358969960165,0.37565245029045136,0.3783358969960165,0.3783358969960165,27.712812921102035,27.516252517700195,0.9929072373864954,0.3806699360093025,0.31061596903264443,0.3783358969960165,0.3806699360093025,0.31061596903264443,0.025,0.025,1.006169224310509,0.8210058085921329,0.0010306007461622357,3.0157365472405218e-05,3.0157365472405218e-05,7.59148263042663e-05,0.000810877198045925,0.00010607219177667151,0.0007619788426660344,0.0008410345635183303,0.46654548729795525,True,0.004760151728987694,2497.689697265625,0.0003367673489265144
4,1000,37,blocks.6.attn.proj.weight,attn_proj,6,103.94747924804688,0.2666039919541651,0.26479909067448604,0.2666039919541651,0.2666039919541651,27.712812921102035,27.525197982788086,0.9932300290537779,0.2898905924763245,0.31061596903264443,0.2666039919541651,0.2898905924763245,0.31061596903264443,0.03,0.025,1.0873452807344417,1.1650837136979026,0.0009124268544837832,7.846692824386992e-06,7.846692824386992e-06,6.780974039161512e-05,0.000523211926158054,7.565643321600212e-05,0.0005373458783644364,0.000531058618982441,1.1186582898058852,True,0.003987895790487528,2093.529541015625,5.837185017298907e-05
4,1000,38,blocks.6.attn.q.weight,attn_q,6,70.53899383544922,0.3928722457503359,0.38981289329824265,0.3928722457503359,0.3928722457503359,27.712812921102035,27.49700927734375,0.9922128567615033,0.3798963327412058,0.31061596903264443,0.3928722457503359,0.3798963327412058,0.31061596903264443,0.025,0.025,0.9669716729815114,0.7906284355602863,0.0008799033239483833,2.428926745778881e-05,2.428926745778881e-05,6.812010259177782e-05,0.0006348769718231091,9.240937004956663e-05,0.0006017749686339174,0.0006591662392808979,0.5135601069267819,True,0.005493821110576391,2883.67724609375,0.000406715291319415
4,1000,39,blocks.6.attn.v.weight,attn_v,6,96.9369888305664,0.2858848129638164,0.2791720071070296,0.2858848129638164,0.2858848129638164,27.712812921102035,27.06209373474121,0.9765191939117327,0.3121193977174997,0.31061596903264443,0.2858848129638164,0.3121193977174997,0.31061596903264443,0.025,0.025,1.0917662763604155,1.0865074146906788,0.0017846394330263138,9.737843356560916e-05,9.737843356560916e-05,0.0005659352957049384,0.0021712497291136923,0.0006633137292705476,0.002219230064489156,0.0022686281626793014,0.18905935661458415,True,0.01889837719500065,9924.1494140625,0.001730184769257903
4,1000,40,blocks.6.mlp.fc.weight,mlp_fc,6,189.65711975097656,0.29224120831835354,0.2921478958424986,0.29224120831835354,0.29224120831835354,55.42562584220407,55.407928466796875,0.9996807004857721,0.2968991325206186,0.31061596903264443,0.29224120831835354,0.2968991325206186,0.31061596903264443,0.035,0.0375,1.0159386290149435,1.0628753241886213,0.0016038089524954557,2.176591078750789e-05,2.176591078750789e-05,0.00011710870680996742,0.0004236155044614357,0.00013887461759747532,0.00044600615873133947,0.0004453814152489436,0.3885139684065196,True,0.006737543269991875,3535.657470703125,0.00029414621531032026
4,1000,41,blocks.6.mlp.proj.weight,mlp_proj,6,112.67646789550781,0.24595031632338638,0.24587842014851433,0.24595031632338638,0.24595031632338638,27.712812921102035,27.7047119140625,0.9997076800878136,0.24779551278035247,0.31061596903264443,0.24595031632338638,0.24779551278035247,0.31061596903264443,0.035,0.025,1.0075023138191046,1.262921608217136,0.002144641475751996,1.864210753410589e-05,1.864210753410589e-05,0.00019562724466974305,0.0008189544818916705,0.00021426935220384894,0.0009197745966722079,0.0008375965894257764,1.0210017049190514,True,0.005922645330429077,3107.419189453125,0.00011525201989570633
4,1000,42,blocks.7.attn.k.weight,attn_k,7,72.64215087890625,0.3814976922599528,0.37934347454016515,0.3814976922599528,0.3814976922599528,27.712812921102035,27.556325912475586,0.9943532614653026,0.3806699360093025,0.31061596903264443,0.3814976922599528,0.3806699360093025,0.31061596903264443,0.025,0.025,0.997830245719845,0.814201436429635,0.0006999556208029389,1.4171917428029701e-05,1.4171917428029701e-05,3.174024390472298e-05,0.0003701438144278728,4.591216133275268e-05,0.00034643731508098995,0.0003843157318559025,0.6799127687021134,True,0.0027106646448373795,1422.3897705078125,0.00016094835882540792
4,1000,43,blocks.7.attn.proj.weight,attn_proj,7,104.30521392822266,0.26568962257411727,0.26370042394052834,0.26568962257411727,0.26568962257411727,27.712812921102035,27.505329132080078,0.9925130736597306,0.2898905924763245,0.31061596903264443,0.26568962257411727,0.2898905924763245,0.31061596903264443,0.03,0.025,1.091087373559184,1.169093342913664,0.0009935132693499327,8.568331395508721e-06,8.568331395508721e-06,7.057815480157511e-05,0.0005368294345590984,7.914648619708383e-05,0.0005508725914755429,0.0005453977659546071,1.1116585139652426,True,0.004583010915666819,2404.531005859375,6.847354234196246e-05
4,1000,44,blocks.7.attn.q.weight,attn_q,7,71.23331451416016,0.38904286723304343,0.3863982943425418,0.38904286723304343,0.38904286723304343,27.712812921102035,27.524431228637695,0.9932023611965822,0.3798963327412058,0.31061596903264443,0.38904286723304343,0.3798963327412058,0.31061596903264443,0.025,0.025,0.9764896486680511,0.7984106513552401,0.0006446756306104362,9.66845891525736e-06,9.66845891525736e-06,2.7178999928573918e-05,0.00030629417126771163,3.684745884383128e-05,0.0002862836154830736,0.000315962630182969,0.9360538738729157,True,0.0032185325399041176,1689.5750732421875,0.0001580424141138792
4,1000,45,blocks.7.attn.v.weight,attn_v,7,98.80357360839844,0.28048391276756823,0.27517389062345526,0.28048391276756823,0.28048391276756823,27.712812921102035,27.18816375732422,0.9810683540039229,0.3121193977174997,0.31061596903264443,0.28048391276756823,0.3121193977174997,0.31061596903264443,0.025,0.025,1.1127889462100709,1.1074288217379729,0.0016366055933758616,6.695048068650067e-05,6.695048068650067e-05,0.0004685513195718232,0.001727713034430128,0.0005355018002583239,0.0017515498371068982,0.0017946635151166288,0.24741024471747153,True,0.014678276143968105,7703.92919921875,0.0010212145280092955
4,1000,46,blocks.7.mlp.fc.weight,mlp_fc,7,188.97817993164062,0.2932911400789936,0.29327308860792456,0.2932911400789936,0.2932911400789936,55.42562584220407,55.42221450805664,0.9999384520409902,0.2968991325206186,0.31061596903264443,0.2932911400789936,0.2968991325206186,0.31061596903264443,0.035,0.0375,1.0123017437235002,1.0590704136135332,0.0015613019932061434,1.6762463928898796e-05,1.6762463928898796e-05,9.739915053699709e-05,0.0003471616733559707,0.00011416161446589588,0.00036375637030711057,0.0003639241372848695,0.4928756875379252,True,0.00606281915679574,3183.11279296875,0.00023421373043674976
4,1000,47,blocks.7.mlp.proj.weight,mlp_proj,7,113.73548126220703,0.24366022470342927,0.24350243101861618,0.24366022470342927,0.24366022470342927,27.712812921102035,27.694866180419922,0.9993524027772566,0.24779551278035247,0.31061596903264443,0.24366022470342927,0.24779551278035247,0.31061596903264443,0.035,0.025,1.016971535185755,1.2747914412814412,0.002174618188291788,1.8589067622087896e-05,1.8589067622087896e-05,0.0001942468050872201,0.0007894700766999378,0.000212835872709308,0.0008862585065695582,0.0008080591443220257,1.0285595460047663,True,0.006023533642292023,3160.76171875,0.00012045283801853657
4,1000,48,blocks.8.attn.k.weight,attn_k,8,72.2073974609375,0.3837946511795279,0.3817051756651844,0.3837946511795279,0.3837946511795279,27.712812921102035,27.56193733215332,0.9945557461316448,0.3806699360093025,0.31061596903264443,0.3837946511795279,0.3806699360093025,0.31061596903264443,0.025,0.025,0.9918583670704578,0.809328551291736,0.0007541794329881668,1.4365710740094073e-05,1.4365710740094073e-05,2.880870944438962e-05,0.0003642318335349806,4.3174420184483694e-05,0.00034056026076362126,0.00037859754427507466,0.727052672299748,True,0.0027658604085445404,1451.1553955078125,0.00015049646026454866
4,1000,49,blocks.8.attn.proj.weight,attn_proj,8,110.5762710571289,0.25062169899710485,0.2490242490868096,0.25062169899710485,0.25062169899710485,27.712812921102035,27.53617286682129,0.9936260510694588,0.2898905924763245,0.31061596903264443,0.25062169899710485,0.2898905924763245,0.31061596903264443,0.03,0.025,1.1566859279797368,1.2393817864758496,0.0008870507008396089,6.314565325737931e-06,6.314565325737931e-06,5.536422357525372e-05,0.00041747060210791997,6.167878890099165e-05,0.00042763553581781443,0.0004237851674336579,1.2704074814131006,True,0.0042920950800180435,2252.433837890625,5.752618017140776e-05
4,1000,50,blocks.8.attn.q.weight,attn_q,8,71.70193481445312,0.38650021080764335,0.3842707144708524,0.38650021080764335,0.38650021080764335,27.712812921102035,27.552953720092773,0.994231577954054,0.3798963327412058,0.31061596903264443,0.38650021080764335,0.3798963327412058,0.31061596903264443,0.025,0.025,0.9829136495096915,0.8036631296618733,0.0007077937480062246,9.333426532975864e-06,9.333426532975864e-06,1.9115594488282402e-05,0.0002691960824992218,2.8449021021258266e-05,0.00025108402471014576,0.00027852950903219765,1.0576323689013196,True,0.003133459948003292,1644.5911865234375,0.0001337724388577044
4,1000,51,blocks.8.attn.v.weight,attn_v,8,104.90939331054688,0.2641595003706496,0.2601653852273797,0.2641595003706496,0.2641595003706496,27.712812921102035,27.293792724609375,0.9848799110474421,0.3121193977174997,0.31061596903264443,0.2641595003706496,0.3121193977174997,0.31061596903264443,0.025,0.025,1.1815565871360152,1.1758652200538329,0.0013978893402963877,4.2036415834445506e-05,4.2036415834445506e-05,0.000328341246200978,0.0012279297933752377,0.0003703776620354235,0.0012355150720816527,0.0012699662092096832,0.3169806401237267,True,0.012387087568640709,6504.5927734375,0.0006799763068556786
4,1000,52,blocks.8.mlp.fc.weight,mlp_fc,8,189.77920532226562,0.29205320861200446,0.2920351730309528,0.29205320861200446,0.29205320861200446,55.42562584220407,55.422203063964844,0.999938245564444,0.2968991325206186,0.31061596903264443,0.29205320861200446,0.2968991325206186,0.31061596903264443,0.035,0.0375,1.0165926062981627,1.063559515435082,0.0015157322632148862,1.4500585166388191e-05,1.4500585166388191e-05,8.581239664031294e-05,0.00029885799010215307,0.00010031298180670114,0.0003125793199167028,0.00031335857526854126,0.5507929119470268,True,0.005495043471455574,2885.0654296875,0.00020254295668564737
4,1000,53,blocks.8.mlp.proj.weight,mlp_proj,8,114.8658447265625,0.2412624308563806,0.24118298815278738,0.2412624308563806,0.2412624308563806,27.712812921102035,27.70368766784668,0.9996707207860374,0.24779551278035247,0.31061596903264443,0.2412624308563806,0.24779551278035247,0.31061596903264443,0.035,0.025,1.0270787370448942,1.287460993947909,0.002133146394044161,1.6847778169903904e-05,1.6847778169903904e-05,0.00017629855798810854,0.0006830309388425751,0.00019314633615801245,0.0007660707721205901,0.000699878717012479,1.102267785214653,True,0.005769442301243544,3027.30517578125,0.00010793271940201521
4,1000,54,blocks.9.attn.k.weight,attn_k,9,72.39757537841797,0.38278647836269036,0.38059350036013745,0.38278647836269036,0.38278647836269036,27.712812921102035,27.554046630859375,0.9942710149743851,0.3806699360093025,0.31061596903264443,0.38278647836269036,0.3806699360093025,0.31061596903264443,0.025,0.025,0.9944706971823011,0.8114601392433085,0.0006319441017694771,1.657198663451709e-05,1.657198663451709e-05,2.3959050778044108e-05,0.0002998550693637988,4.05310374125612e-05,0.0002847596016181761,0.0003164270559983159,0.5267203146173405,True,0.0024297728668898344,1275.02734375,0.00022329800412990153
4,1000,55,blocks.9.attn.proj.weight,attn_proj,9,109.12000274658203,0.25396638767927526,0.2519080652388704,0.25396638767927526,0.25396638767927526,27.712812921102035,27.488208770751953,0.9918952958333921,0.2898905924763245,0.31061596903264443,0.25396638767927526,0.2898905924763245,0.31061596903264443,0.03,0.025,1.1414525958546,1.2230593657335074,0.0008664727210998535,7.205134352261666e-06,7.205134352261666e-06,5.598527532130482e-05,0.0004300866296823944,6.319040967356648e-05,0.0004413517288123708,0.00043729176403465604,1.1020681283972835,True,0.005241692531853914,2751.5400390625,9.991771366912872e-05
4,1000,56,blocks.9.attn.q.weight,attn_q,9,71.94590759277344,0.38518956599952087,0.3828987812846775,0.38518956599952087,0.38518956599952087,27.712812921102035,27.54800033569336,0.9940528380905289,0.3798963327412058,0.31061596903264443,0.38518956599952087,0.3798963327412058,0.31061596903264443,0.025,0.025,0.9862581084080516,0.8063976713040841,0.0005992990336380899,9.211573342327029e-06,9.211573342327029e-06,1.5203382685232925e-05,0.00020410074073020217,2.4414956027559954e-05,0.00019270104810545946,0.0002133123140725292,0.9042815448028889,True,0.0026347667444497347,1382.276611328125,0.00016038501053117216
4,1000,57,blocks.9.attn.v.weight,attn_v,9,103.2712631225586,0.26834970429492544,0.26488925323495194,0.26834970429492544,0.26834970429492544,27.712812921102035,27.35544776916504,0.9871046958331365,0.3121193977174997,0.31061596903264443,0.26834970429492544,0.3121193977174997,0.31061596903264443,0.025,0.025,1.1631069187781549,1.1575044207660723,0.0011953465873375535,3.113845377811231e-05,3.113845377811231e-05,0.0002471702601350847,0.0009418967464558834,0.000278308713913197,0.0009454693629919003,0.0009730352002339957,0.3717211856733532,True,0.009559756144881248,5017.94580078125,0.0004757363931275904
4,1000,58,blocks.9.mlp.fc.weight,mlp_fc,9,190.0365753173828,0.291657675632372,0.2916435988812467,0.291657675632372,0.291657675632372,55.42562584220407,55.422950744628906,0.9999517353654647,0.2968991325206186,0.31061596903264443,0.291657675632372,0.2968991325206186,0.31061596903264443,0.035,0.0375,1.0179712633205422,1.065001866860411,0.0015178832691162825,1.5546780559816398e-05,1.5546780559816398e-05,7.54430670605804e-05,0.00027160462624912466,9.09898476203968e-05,0.0002862789318722657,0.00028715140680894106,0.5137604990068576,True,0.005240267608314753,2750.9423828125,0.00019456897280178964
4,1000,59,blocks.9.mlp.proj.weight,mlp_proj,9,115.96731567382812,0.23897089244565786,0.2388745892452566,0.23897089244565786,0.23897089244565786,27.712812921102035,27.701644897460938,0.999597008659031,0.24779551278035247,0.31061596903264443,0.23897089244565786,0.24779551278035247,0.31061596903264443,0.035,0.025,1.036927595007,1.2998067080629023,0.002213964704424143,1.921760122058913e-05,1.921760122058913e-05,0.00017585815876340884,0.0006658850681990264,0.00019507575998399797,0.0007494514715887537,0.0006851026694196155,0.993426889866149,True,0.006069262977689505,3186.1748046875,0.00014007878780830652
4,1000,60,blocks.10.attn.k.weight,attn_k,10,71.76898193359375,0.3861391394229904,0.38405818747591663,0.3861391394229904,0.3861391394229904,27.712812921102035,27.563465118408203,0.9946108753694898,0.3806699360093025,0.31061596903264443,0.3861391394229904,0.3806699360093025,0.31061596903264443,0.025,0.025,0.985836184796339,0.8044146198098421,0.0005328578990884125,1.1164684110553935e-05,1.1164684110553935e-05,2.019559764763071e-05,0.0002492357882214342,3.1360281758184646e-05,0.00023431483849439458,0.0002604004723319881,0.6650100102073356,True,0.002091782633215189,1096.095947265625,0.00013730624050367624
4,1000,61,blocks.10.attn.proj.weight,attn_proj,10,105.85610961914062,0.2617970093630862,0.2589147591037868,0.2617970093630862,0.2617970093630862,27.712812921102035,27.4077091217041,0.9889905149554266,0.2898905924763245,0.31061596903264443,0.2617970093630862,0.2898905924763245,0.31061596903264443,0.03,0.025,1.1073105578309923,1.186476384082185,0.0008288671961054206,8.351321412192192e-06,8.351321412192192e-06,5.787062325396966e-05,0.0004584688785843079,6.622194466616185e-05,0.0004710047164991956,0.0004668201999965001,0.937591852245111,True,0.006166751496493816,3237.786376953125,0.00016928180411923677
4,1000,62,blocks.10.attn.q.weight,attn_q,10,72.19631958007812,0.3838535410432351,0.38160071377574845,0.3838535410432351,0.3838535410432351,27.712812921102035,27.550167083740234,0.994131023876037,0.3798963327412058,0.31061596903264443,0.3838535410432351,0.3798963327412058,0.31061596903264443,0.025,0.025,0.9896908380960238,0.8092043861011521,0.0004872542922385037,6.473155281128129e-06,6.473155281128129e-06,1.0555810502454935e-05,0.00016230923188795802,1.7028965783583064e-05,0.00015206270656809037,0.00016878238716908615,1.0426164904395683,True,0.0022254358045756817,1168.25244140625,0.00011245116183999926
4,1000,63,blocks.10.attn.v.weight,attn_v,10,100.70303344726562,0.2751934273719191,0.2716883061193602,0.2751934273719191,0.2751934273719191,27.712812921102035,27.35983657836914,0.9872630633440996,0.3121193977174997,0.31061596903264443,0.2751934273719191,0.3121193977174997,0.31061596903264443,0.025,0.025,1.1341818759925388,1.1287187052358354,0.0010191623587161303,2.153031346097123e-05,2.153031346097123e-05,0.00019707291661706872,0.0007471551401520662,0.00021860323007803995,0.0007474721153839684,0.0007686854536130374,0.4700569405718177,True,0.00784957967698574,4120.5712890625,0.0003330446779727936
4,1000,64,blocks.10.mlp.fc.weight,mlp_fc,10,189.63999938964844,0.2922675913340543,0.2922682096678623,0.2922675913340543,0.2922675913340543,55.42562584220407,55.425743103027344,1.0000021156427463,0.2968991325206186,0.31061596903264443,0.2922675913340543,0.2968991325206186,0.31061596903264443,0.035,0.0375,1.0158469201645783,1.0627793783595336,0.0015535454731434584,1.6770507500041276e-05,1.6770507500041276e-05,7.195449461660903e-05,0.00025764839538265405,8.872500211665031e-05,0.00027346159799367906,0.0002744189028826953,0.4884811612390075,True,0.005007721949368715,2628.554443359375,0.00019684646395035088
4,1000,65,blocks.10.mlp.proj.weight,mlp_proj,10,117.12285614013672,0.23661319262863467,0.2366944832263246,0.23661319262863467,0.23661319262863467,27.712812921102035,27.722333908081055,1.0003435590247054,0.24779551278035247,0.31061596903264443,0.23661319262863467,0.24779551278035247,0.31061596903264443,0.035,0.025,1.0472599182974065,1.3127584543443331,0.0023974517825990915,2.6052981411339715e-05,2.6052981411339715e-05,0.00019190434763760155,0.000711965074422544,0.00021795732904894127,0.0008064651363358261,0.0007380180558338837,0.7856892251744589,True,0.006927623879164457,3636.241943359375,0.0002309357514604926
4,1000,66,blocks.11.attn.k.weight,attn_k,11,72.5228042602539,0.3821255011272369,0.38002041720401397,0.3821255011272369,0.3821255011272369,27.712812921102035,27.56014633178711,0.9944911189726728,0.3806699360093025,0.31061596903264443,0.3821255011272369,0.3806699360093025,0.31061596903264443,0.025,0.025,0.9961908715496856,0.8128637531814925,0.0005660033202730119,1.1097903552581556e-05,1.1097903552581556e-05,2.1708095001158906e-05,0.00029056027397693335,3.280599855374046e-05,0.00027100497927800107,0.0003016581775295149,0.7032398034678164,True,0.0021893843077123165,1148.6578369140625,0.00011205811460968107
4,1000,67,blocks.11.attn.proj.weight,attn_proj,11,109.6664810180664,0.2527008495561797,0.2489045307201315,0.2527008495561797,0.2527008495561797,27.712812921102035,27.296483993530273,0.9849770238496884,0.2898905924763245,0.31061596903264443,0.2527008495561797,0.2898905924763245,0.31061596903264443,0.03,0.025,1.1471690458716755,1.22918450641611,0.0008989159250631928,1.693522062851116e-05,1.693522062851116e-05,6.240598985322824e-05,0.0005433458515515532,7.93412104817394e-05,0.0005641519941700439,0.0005602810721800644,0.48400996975676613,True,0.008784078061580658,4611.5322265625,0.0005379235954023898
4,1000,68,blocks.11.attn.q.weight,attn_q,11,72.56729125976562,0.3818912410813271,0.37983031664693107,0.3818912410813271,0.3818912410813271,27.712812921102035,27.563257217407227,0.99460337338831,0.3798963327412058,0.31061596903264443,0.3818912410813271,0.3798963327412058,0.31061596903264443,0.025,0.025,0.9947762396056199,0.813362380747811,0.0005232308176346123,6.632891199842561e-06,6.632891199842561e-06,1.2959844348745482e-05,0.00020056140260588267,1.9592735548588043e-05,0.00018666006691169917,0.00020719429380572523,1.08705002296404,True,0.002414987189695239,1267.513916015625,9.764204150997102e-05
4,1000,69,blocks.11.attn.v.weight,attn_v,11,104.25216674804688,0.26582481482689396,0.26272419342326675,0.26582481482689396,0.26582481482689396,27.712812921102035,27.38956642150879,0.9883358466528271,0.3121193977174997,0.31061596903264443,0.26582481482689396,0.3121193977174997,0.31061596903264443,0.025,0.025,1.1741544818558527,1.1684987695182583,0.0009653904708102345,1.8588574675959535e-05,1.8588574675959535e-05,0.00016265249049731895,0.0006412937104397318,0.00018124106517327848,0.0006406819277629407,0.0006598822851156913,0.4981634119166412,True,0.007068396545946598,3709.14599609375,0.0002862055553123355
4,1000,70,blocks.11.mlp.fc.weight,mlp_fc,11,187.14224243164062,0.2961684391617246,0.296125382953182,0.2961684391617246,0.2961684391617246,55.42562584220407,55.41756820678711,0.9998546225632183,0.2968991325206186,0.31061596903264443,0.2961684391617246,0.2968991325206186,0.31061596903264443,0.035,0.0375,1.002467154707511,1.0487814633855388,0.0018188050016760826,5.392899038270116e-05,5.392899038270116e-05,8.015254255139671e-05,0.0003345492479508511,0.00013408153293409787,0.0003856168268951487,0.00038847823833355226,0.18021545011548296,True,0.0069146486930549145,3630.908447265625,0.0011846317211166024
4,1000,71,blocks.11.mlp.proj.weight,mlp_proj,11,118.27898406982422,0.23430039697282312,0.23425517589652892,0.23430039697282312,0.23430039697282312,27.712812921102035,27.70746421813965,0.9998069953065531,0.24779551278035247,0.31061596903264443,0.23430039697282312,0.24779551278035247,0.31061596903264443,0.035,0.025,1.0575974944212094,1.3257167851434468,0.0033069592900574207,0.00015934434486553073,0.00015934434486553073,0.0003143694062284227,0.0013590051148769013,0.0004737137510939534,0.0016537606749396968,0.001518349459742432,0.17546261923966228,True,0.016367504373192787,8606.2744140625,0.004067584872245789
5,1250,0,blocks.0.attn.k.weight,attn_k,0,77.68875885009766,0.35671586637874575,0.3549922708058949,0.35671586637874575,0.35671586637874575,27.712812921102035,27.578908920288086,0.9951681555677812,0.3626842819447648,0.30118827554257765,0.35671586637874575,0.3626842819447648,0.30118827554257765,0.025,0.025,1.0167315674141673,0.8443366385693334,0.0008071713382378221,1.692692057986278e-05,1.692692057986278e-05,2.586257472663219e-05,0.00031610333421708373,4.278949530649497e-05,0.00030312387867233837,0.0003330302547969465,0.6138038277500801,True,0.0027379647362977266,1435.555419921875,0.0001863967045210302
5,1250,1,blocks.0.attn.proj.weight,attn_proj,0,75.30787658691406,0.36799355096831365,0.3645381345741118,0.36799355096831365,0.36799355096831365,27.712812921102035,27.452592849731445,0.990610116984103,0.28402895563262265,0.30118827554257765,0.36799355096831365,0.28402895563262265,0.30118827554257765,0.03,0.025,0.7718313402103049,0.8184607440811148,0.0017079924000427127,4.016376624349505e-05,4.016376624349505e-05,0.0001611152006931476,0.0013905699302515842,0.00020127896693664265,0.0014432572619571288,0.0014307336964950793,0.5646913053726761,True,0.008154775016009808,4275.84228515625,0.00044365928624756634
5,1250,2,blocks.0.attn.q.weight,attn_q,0,80.93307495117188,0.34241640933353373,0.3406462397460003,0.34241640933353373,0.34241640933353373,27.712812921102035,27.569547653198242,0.9948303599381388,0.36229719313100417,0.30118827554257765,0.34241640933353373,0.36229719313100417,0.30118827554257765,0.025,0.025,1.05806025428561,0.8795965010228308,0.0007948253769427538,1.8009777704719454e-05,1.8009777704719454e-05,1.6631234599883896e-05,0.0002295477544730501,3.464101230460335e-05,0.00022615292414033102,0.00024755753217776955,0.5453023021092183,True,0.002716470044106245,1424.298583984375,0.00023293960839509964
5,1250,3,blocks.0.attn.v.weight,attn_v,0,68.95296478271484,0.40190893906347436,0.39683062354865983,0.40190893906347436,0.40190893906347436,27.712812921102035,27.362648010253906,0.9873645121538169,0.3016895191831278,0.30118827554257765,0.40190893906347436,0.3016895191831278,0.30118827554257765,0.025,0.025,0.7506414758679486,0.7493943186344764,0.0019528702832758427,7.965733675519004e-05,7.965733675519004e-05,0.0005291861101114306,0.001938252715108054,0.0006088434468666206,0.0019840856251544256,0.002017910051863244,0.35554507752435244,True,0.014252631925046444,7476.89306640625,0.0013354605762287974
5,1250,4,blocks.0.mlp.fc.weight,mlp_fc,0,176.17527770996094,0.31460501474816355,0.3145672898328668,0.31460501474816355,0.31460501474816355,55.42562584220407,55.41897964477539,0.9998800880039208,0.29258328096042385,0.30118827554257765,0.31460501474816355,0.29258328096042385,0.30118827554257765,0.035,0.0375,0.9300019619669199,0.9573537020179866,0.0026047565042972565,7.518626807723194e-05,7.518626807723194e-05,0.0002019193267936143,0.0008577085709561905,0.00027710559487084625,0.000928850204261993,0.0009328948390334225,0.19664533021121414,True,0.008247868157923222,4323.15234375,0.0006644956301897764
5,1250,5,blocks.0.mlp.proj.weight,mlp_proj,0,105.4447021484375,0.26281844755073536,0.2627673063186836,0.26281844755073536,0.26281844755073536,27.712812921102035,27.707420349121094,0.9998054123196987,0.24093795447159305,0.30118827554257765,0.26281844755073536,0.24093795447159305,0.30118827554257765,0.035,0.025,0.9167467379742497,1.1459936634943986,0.005228694062680006,0.00028294383082538843,0.00028294383082538843,0.0006064909168110041,0.0036962535305475877,0.0008894347476363925,0.004371556187087206,0.003979197361372976,0.17525412056021872,True,0.0250552911311388,13140.1337890625,0.0034125924576073885
5,1250,6,blocks.1.attn.k.weight,attn_k,1,74.65367126464844,0.3712183533862612,0.36433066571445666,0.3712183533862612,0.3712183533862612,27.712812921102035,27.19862174987793,0.9814457243049272,0.3626842819447648,0.30118827554257765,0.3712183533862612,0.3626842819447648,0.30118827554257765,0.025,0.025,0.9770106424866971,0.8113507125796239,0.0010750211076810956,0.00012328816228546202,0.00012328816228546202,8.324999325721584e-05,0.0013678680268475788,0.00020653815554267787,0.001363236833725521,0.0014911561891330408,0.11680043022057811,True,0.008211197331547737,4297.87451171875,0.002045152010396123
5,1250,7,blocks.1.attn.proj.weight,attn_proj,1,80.21310424804688,0.3454898445945236,0.3416738858243094,0.3454898445945236,0.3454898445945236,27.712812921102035,27.406723022460938,0.9889549321639586,0.28402895563262265,0.30118827554257765,0.3454898445945236,0.28402895563262265,0.30118827554257765,0.03,0.025,0.8221050779827317,0.8717717184887461,0.001932400744408369,6.350124021992087e-05,6.350124021992087e-05,0.00021556323247402088,0.002043522253398399,0.00027906447269394175,0.0021290026352154797,0.00210702349361832,0.37937583546204967,True,0.012917617335915565,6775.064453125,0.0008598792483098805
5,1250,8,blocks.1.attn.q.weight,attn_q,1,77.06729888916016,0.35959237342623357,0.3537470925958971,0.35959237342623357,0.35959237342623357,27.712812921102035,27.262332916259766,0.9837447029962357,0.36229719313100417,0.30118827554257765,0.35959237342623357,0.36229719313100417,0.30118827554257765,0.025,0.025,1.0075219050921431,0.8375824900645817,0.0009341874392703176,7.362847100012004e-05,7.362847100012004e-05,5.0518991652237884e-05,0.0010020711035935623,0.00012414746265235793,0.0009830644252944532,0.0010756995745936824,0.1646334594082099,True,0.006868528667837381,3597.103759765625,0.0013234730577096343
5,1250,9,blocks.1.attn.v.weight,attn_v,1,70.81078338623047,0.3913643035121532,0.38060196991566714,0.3913643035121532,0.3913643035121532,27.712812921102035,26.95072364807129,0.9725004720668233,0.3016895191831278,0.30118827554257765,0.3913643035121532,0.3016895191831278,0.30118827554257765,0.025,0.025,0.7708662146131561,0.7695854548809783,0.0021567470394074917,0.0001569964224472642,0.0001569964224472642,0.0007538978763584177,0.002930071439125335,0.0009108942988056819,0.00304752509694511,0.003087067861572599,0.19400371905807973,True,0.022308558225631714,11696.9609375,0.0032645422033965588
5,1250,10,blocks.1.mlp.fc.weight,mlp_fc,1,187.97520446777344,0.2948560476321028,0.29468756471127744,0.2948560476321028,0.2948560476321028,55.42562584220407,55.39395523071289,0.9994285926228177,0.29258328096042385,0.30118827554257765,0.2948560476321028,0.29258328096042385,0.30118827554257765,0.035,0.0375,0.9922919448662123,1.0214756589234881,0.0014614055398851633,3.458706123637967e-05,3.458706123637967e-05,0.00013739490809168593,0.000516134325814326,0.0001719819693280656,0.0005489363755380146,0.0005507213870507056,0.22477940672229446,True,0.006365590263158083,3338.70703125,0.00035438506165519357
5,1250,11,blocks.1.mlp.proj.weight,mlp_proj,1,110.94220733642578,0.24979503821358578,0.24980005387370208,0.24979503821358578,0.24979503821358578,27.712812921102035,27.713369369506836,1.0000200791022689,0.24093795447159305,0.30118827554257765,0.24979503821358578,0.24093795447159305,0.30118827554257765,0.035,0.025,0.964542595380059,1.205741626000787,0.0023562300484627485,3.900822048308328e-05,3.900822048308328e-05,0.00026308415368874426,0.0012919422673444258,0.00030209237417182754,0.0014660273826567999,0.001330950487827509,0.5444584582167332,True,0.007264669518917799,3810.704833984375,0.0002926643064711243
5,1250,12,blocks.2.attn.k.weight,attn_k,2,78.10215759277344,0.3548277509258748,0.35229216433007404,0.3548277509258748,0.3548277509258748,27.712812921102035,27.51477813720703,0.9928540352630819,0.3626842819447648,0.30118827554257765,0.3548277509258748,0.3626842819447648,0.30118827554257765,0.025,0.025,1.022141816693845,0.8488295370265369,0.0007988759316504002,2.328282243979629e-05,2.328282243979629e-05,4.570576505805282e-05,0.0006802244335709248,6.898858749784911e-05,0.0006356927304324943,0.0007035072560107211,0.43931970100136275,True,0.0033227121457457542,1744.0562744140625,0.00027159007731825113
5,1250,13,blocks.2.attn.proj.weight,attn_proj,2,83.33977508544922,0.33252805029396554,0.32927487783002707,0.33252805029396554,0.33252805029396554,27.712812921102035,27.441694259643555,0.9902168479890384,0.28402895563262265,0.30118827554257765,0.33252805029396554,0.28402895563262265,0.30118827554257765,0.03,0.025,0.8541503653046167,0.905752989187882,0.0016130923759192228,3.750109317479655e-05,3.750109317479655e-05,0.00017820742479126168,0.0015498130214158753,0.00021570851796605823,0.0016025887005466088,0.0015873141145906718,0.5161346153866525,True,0.009797274135053158,5140.40625,0.000454120832728222
5,1250,14,blocks.2.attn.q.weight,attn_q,2,78.76705169677734,0.3518325533852103,0.3488238746899823,0.3518325533852103,0.3518325533852103,27.712812921102035,27.475828170776367,0.9914485494128524,0.36229719313100417,0.30118827554257765,0.3518325533852103,0.36229719313100417,0.30118827554257765,0.025,0.025,1.0297432390638863,0.8560557363002627,0.0007067077676765621,1.3688875696971081e-05,1.3688875696971081e-05,2.140160636721775e-05,0.000452091333492523,3.509048206418883e-05,0.00042141037856546326,0.00046578020918949407,0.6554317798145439,True,0.00368356890976429,1934.6844482421875,0.00025960226776078343
5,1250,15,blocks.2.attn.v.weight,attn_v,2,76.93110656738281,0.360228965338342,0.3494470776754963,0.360228965338342,0.360228965338342,27.712812921102035,26.883350372314453,0.9700693483859235,0.3016895191831278,0.30118827554257765,0.360228965338342,0.3016895191831278,0.30118827554257765,0.025,0.025,0.8374937837099482,0.8361023252521883,0.002399278338998556,0.00022188707953318954,0.00022188707953318954,0.0009421182880464188,0.0035731059039542414,0.0011640053675796083,0.003732702661520733,0.003794992983487431,0.14055511013976812,True,0.028384998440742493,14886.01953125,0.004527740180492401
5,1250,16,blocks.2.mlp.fc.weight,mlp_fc,2,188.6857147216797,0.29374574500226197,0.2935490061344637,0.29374574500226197,0.29374574500226197,55.42562584220407,55.38850402832031,0.999330240961294,0.29258328096042385,0.30118827554257765,0.29374574500226197,0.29258328096042385,0.30118827554257765,0.035,0.0375,0.9960426182791885,1.0253366411835458,0.0017103877617046237,4.072030424140394e-05,4.072030424140394e-05,0.00016886669147611694,0.0006420679916585566,0.00020958699571752088,0.0006808644679735542,0.0006827882958999605,0.22260993609272775,True,0.008235739544034004,4320.02734375,0.0004953925381414592
5,1250,17,blocks.2.mlp.proj.weight,mlp_proj,2,111.20173645019531,0.24921205194951218,0.24914834439921085,0.24921205194951218,0.24921205194951218,27.712812921102035,27.70572853088379,0.9997443640875282,0.24093795447159305,0.30118827554257765,0.24921205194951218,0.24093795447159305,0.30118827554257765,0.035,0.025,0.9667989673324652,1.20856223921143,0.0026108352467417717,5.126485848450102e-05,5.126485848450102e-05,0.00034362103158261874,0.0016218478153083487,0.00039488589006711976,0.00183989352057929,0.0016731126737928497,0.45798171104960156,True,0.00973077118396759,5110.00048828125,0.0004901387146674097
5,1250,18,blocks.3.attn.k.weight,attn_k,3,76.03707122802734,0.36446449703453415,0.3618027787758557,0.36446449703453415,0.36446449703453415,27.712812921102035,27.51042366027832,0.9926969066113962,0.3626842819447648,0.30118827554257765,0.36446449703453415,0.3626842819447648,0.30118827554257765,0.025,0.025,0.9951155322280933,0.8263857741788198,0.0006801062263548374,1.781447463145014e-05,1.781447463145014e-05,4.014582929317504e-05,0.0005879678647795971,5.796030392462518e-05,0.0005485380036598916,0.0006057823394110472,0.5020862768279872,True,0.002905708970502019,1522.3883056640625,0.00020646191842388362
5,1250,19,blocks.3.attn.proj.weight,attn_proj,3,86.10124206542969,0.3218631027418006,0.3191807743449013,0.3218631027418006,0.3218631027418006,27.712812921102035,27.481861114501953,0.9916662445181008,0.28402895563262265,0.30118827554257765,0.3218631027418006,0.28402895563262265,0.30118827554257765,0.03,0.025,0.8824526738638676,0.9357651528767859,0.0015273198951035738,2.717963798204437e-05,2.717963798204437e-05,0.00015122363851570992,0.0012851474633992532,0.0001784032764977543,0.00132630612473072,0.0013123271013812975,0.6526448639443571,True,0.007223277352750301,3789.11767578125,0.0002390488371020183
5,1250,20,blocks.3.attn.q.weight,attn_q,3,77.21529388427734,0.358903159296852,0.3557416076238475,0.358903159296852,0.358903159296852,27.712812921102035,27.468692779541016,0.991191073159696,0.36229719313100417,0.30118827554257765,0.358903159296852,0.36229719313100417,0.30118827554257765,0.025,0.025,1.0094566841952621,0.8391909286411774,0.0006057131686247885,1.478645845054416e-05,1.478645845054416e-05,2.2463979088154625e-05,0.00041202637181680967,3.7250437538698785e-05,0.00038747510945518035,0.00042681283026735383,0.5305172620898955,True,0.0035039784852415323,1839.4659423828125,0.00029969040770083666
5,1250,21,blocks.3.attn.v.weight,attn_v,3,78.81755828857422,0.3516070977438465,0.3430612417751771,0.3516070977438465,0.3516070977438465,27.712812921102035,27.039249420166016,0.9756948707136427,0.3016895191831278,0.30118827554257765,0.3516070977438465,0.3016895191831278,0.30118827554257765,0.025,0.025,0.8580302306721784,0.8566046518264541,0.002201762981712818,0.00014779806951992214,0.00014779806951992214,0.000808232335244375,0.0030097997388113485,0.0009560304047642971,0.0031069163097180367,0.0031575978083312707,0.18900740851452902,True,0.023810366168618202,12498.6669921875,0.002916713710874319
5,1250,22,blocks.3.mlp.fc.weight,mlp_fc,3,189.99691772460938,0.2917185526269464,0.2915775217686204,0.2917185526269464,0.2917185526269464,55.42562584220407,55.39883041381836,0.9995165516315143,0.29258328096042385,0.30118827554257765,0.2917185526269464,0.29258328096042385,0.30118827554257765,0.035,0.0375,1.0029642555322262,1.0324618466338726,0.0016943560913205147,4.460373384063132e-05,4.460373384063132e-05,0.0001750831886492654,0.0006474336216815072,0.00021968692248989672,0.0006896418980426886,0.0006920373555221385,0.19993412075221925,True,0.008347837254405022,4378.43896484375,0.000578331237193197
5,1250,23,blocks.3.mlp.proj.weight,mlp_proj,3,112.66288757324219,0.24597996303872405,0.24607476493114475,0.24597996303872405,0.24597996303872405,27.712812921102035,27.723493576049805,1.000385404938076,0.24093795447159305,0.30118827554257765,0.24597996303872405,0.24093795447159305,0.30118827554257765,0.035,0.025,0.97950236066042,1.2244423156334985,0.0026528919115662575,8.610066288383678e-05,8.610066288383678e-05,0.0004020709818295994,0.0018588107654836101,0.0004881716447134362,0.0021338991014378736,0.0019449114283674469,0.2734841631829254,True,0.016616936773061752,8733.986328125,0.001687872689217329
5,1250,24,blocks.4.attn.k.weight,attn_k,4,77.0162124633789,0.35983089838752375,0.35695873237646064,0.35983089838752375,0.35983089838752375,27.712812921102035,27.491609573364258,0.9920180117273717,0.3626842819447648,0.30118827554257765,0.35983089838752375,0.3626842819447648,0.30118827554257765,0.025,0.025,1.007929790271007,0.8370272727891469,0.000933967821765691,5.5329452152363956e-05,5.5329452152363956e-05,5.795411809412658e-05,0.000796731746268503,0.00011328357024649054,0.0007810562354160359,0.000852061198420867,0.2191761968094356,True,0.004869060590863228,2556.232177734375,0.0010685641318559647
5,1250,25,blocks.4.attn.proj.weight,attn_proj,4,92.69403839111328,0.29897082274234915,0.2969102956782142,0.29897082274234915,0.29897082274234915,27.712812921102035,27.521814346313477,0.993107932589437,0.28402895563262265,0.30118827554257765,0.29897082274234915,0.28402895563262265,0.30118827554257765,0.03,0.025,0.9500223233402167,1.0074169538682358,0.0012636687606573105,1.7550308257341385e-05,1.7550308257341385e-05,0.00012107620905247899,0.0009928637178748488,0.00013862651730982037,0.0010213604779521542,0.0010104140261321902,0.7767776066704154,True,0.005759467836469412,3022.2734375,0.00015057867858558893
5,1250,26,blocks.4.attn.q.weight,attn_q,4,76.30830383300781,0.36316903310743776,0.3589043791958307,0.36316903310743776,0.36316903310743776,27.712812921102035,27.38738441467285,0.9882571102631958,0.36229719313100417,0.30118827554257765,0.36316903310743776,0.36229719313100417,0.30118827554257765,0.025,0.025,0.9975993548542018,0.8293335832228733,0.000924893538467586,0.00011980641284026206,0.00011980641284026206,4.757988568593978e-05,0.0008413958442304222,0.00016738629852620183,0.0008875023378795358,0.0009612022570706843,0.10116723491726236,True,0.007514632306993008,3944.247802734375,0.0030538064893335104
5,1250,27,blocks.4.attn.v.weight,attn_v,4,85.29137420654297,0.3249192920024039,0.3177842981557592,0.3249192920024039,0.3249192920024039,27.712812921102035,27.104259490966797,0.9780407195809468,0.3016895191831278,0.30118827554257765,0.3249192920024039,0.3016895191831278,0.30118827554257765,0.025,0.025,0.9285060216765947,0.9269633504567323,0.0020583902951329947,0.00014055782230570912,0.00014055782230570912,0.0007583467128557851,0.0027927070128457945,0.0008989045351614942,0.002888906234336747,0.0029332648351515036,0.17169893205250628,True,0.021586881950497627,11337.2275390625,0.0026919071096926928
5,1250,28,blocks.4.mlp.fc.weight,mlp_fc,4,190.29486083984375,0.29126181126274064,0.2912301730616309,0.29126181126274064,0.29126181126274064,55.42562584220407,55.41960525512695,0.9998913753884483,0.29258328096042385,0.30118827554257765,0.29126181126274064,0.29258328096042385,0.30118827554257765,0.035,0.0375,1.0045370510193359,1.034080898682878,0.0018063569441437721,4.7336136049125344e-05,4.7336136049125344e-05,0.0001915586027520848,0.0007238891949629707,0.00023889473880121014,0.0007691056299596606,0.000771225331012096,0.20053201084061403,True,0.009076546877622604,4764.41064453125,0.0006005715113133192
5,1250,29,blocks.4.mlp.proj.weight,mlp_proj,4,113.52987670898438,0.24410149754799246,0.24403267868178113,0.24410149754799246,0.24410149754799246,27.712812921102035,27.704999923706055,0.9997180727406408,0.24093795447159305,0.30118827554257765,0.24410149754799246,0.24093795447159305,0.30118827554257765,0.035,0.025,0.9870400505192418,1.233864923271769,0.0025805621407926083,6.127955566626042e-05,6.127955566626042e-05,0.0003732414229264099,0.0016853316521076899,0.0004345209785926703,0.001917155757543394,0.0017466112077739503,0.3709270859501817,True,0.012488634325563908,6560.62109375,0.000882960157468915
5,1250,30,blocks.5.attn.k.weight,attn_k,5,77.90587615966797,0.3557217284137164,0.3529244965297642,0.3557217284137164,0.3557217284137164,27.712812921102035,27.494892120361328,0.9921364604393959,0.3626842819447648,0.30118827554257765,0.3557217284137164,0.3626842819447648,0.30118827554257765,0.025,0.025,1.019573034130068,0.8466963119899313,0.0007796278223395348,2.5336878024972975e-05,2.5336878024972975e-05,5.548904098969418e-05,0.0007350165067539689,8.082591901466715e-05,0.0006903214889561022,0.0007603533847789419,0.3949699112534652,True,0.0036060812417417765,1893.9749755859375,0.00030609386158175766
5,1250,31,blocks.5.attn.proj.weight,attn_proj,5,97.32466888427734,0.28474602830710477,0.2826799651535548,0.28474602830710477,0.28474602830710477,27.712812921102035,27.511734008789062,0.9927441897404843,0.28402895563262265,0.30118827554257765,0.28474602830710477,0.28402895563262265,0.30118827554257765,0.03,0.025,0.9974817114087761,1.0577435525026517,0.001155489357188344,1.3227218914835248e-05,1.3227218914835248e-05,0.00010106438411231501,0.0007905993754930967,0.00011429160302715026,0.0008110954634098296,0.0008038265944079319,0.8975827002562293,True,0.005186240654438734,2721.489013671875,0.00010784128244267777
5,1250,32,blocks.5.attn.q.weight,attn_q,5,77.05818939208984,0.3596348829336341,0.35656158692758305,0.3596348829336341,0.3596348829336341,27.712812921102035,27.475990295410156,0.9914543995816625,0.36229719313100417,0.30118827554257765,0.3596348829336341,0.36229719313100417,0.30118827554257765,0.025,0.025,1.0074028141420903,0.8374834862672595,0.0006488650105893612,1.4328323231893592e-05,1.4328323231893592e-05,3.037015225548883e-05,0.00045161399166290936,4.469847548738242e-05,0.0004242906484425046,0.00046594231489480295,0.5876790180861508,True,0.003781028324738145,1989.073486328125,0.00028844745247624815
5,1250,33,blocks.5.attn.v.weight,attn_v,5,91.32584381103516,0.3034498425050787,0.29619306128746575,0.3034498425050787,0.3034498425050787,27.712812921102035,27.050081253051758,0.9760857308156676,0.3016895191831278,0.30118827554257765,0.3034498425050787,0.3016895191831278,0.30118827554257765,0.025,0.025,0.9941989644567983,0.9925471473511699,0.0020569274201989174,0.00014399722567759454,0.00014399722567759454,0.0007427119188550428,0.002829500307166388,0.0008867091445326373,0.002921657764837266,0.0029734975328439823,0.15641238894280501,True,0.02247506007552147,11801.04296875,0.0027880726847797632
5,1250,34,blocks.5.mlp.fc.weight,mlp_fc,5,191.1217041015625,0.2900017352961167,0.28999354668834704,0.2900017352961167,0.2900017352961167,55.42562584220407,55.4240608215332,0.9999717635904496,0.29258328096042385,0.30118827554257765,0.2900017352961167,0.29258328096042385,0.30118827554257765,0.035,0.0375,1.0089018283344793,1.038574045893341,0.0016441200859844685,2.7446632884675637e-05,2.7446632884675637e-05,0.00015265964072860315,0.0005454550730148382,0.0001801062736132788,0.0005703127692841303,0.0005729017058995139,0.3134255904016869,True,0.007723442278802395,4054.68310546875,0.0003944225318264216
5,1250,35,blocks.5.mlp.proj.weight,mlp_proj,5,115.05532836914062,0.2408650978091944,0.24072108331456535,0.2408650978091944,0.2408650978091944,27.712812921102035,27.696243286132812,0.9994020947993841,0.24093795447159305,0.30118827554257765,0.2408650978091944,0.24093795447159305,0.30118827554257765,0.035,0.025,1.000302479118234,1.2504438305178167,0.002103417878970504,2.03991548914928e-05,2.03991548914928e-05,0.0002119760757534765,0.0009364972560737766,0.0002323752306449693,0.0010511061725340012,0.0009568964109652694,0.8962035280699924,True,0.00647569028660655,3398.159912109375,0.00015948235522955656
5,1250,36,blocks.6.attn.k.weight,attn_k,6,76.79229736328125,0.36088011262380987,0.3585976898896362,0.36088011262380987,0.36088011262380987,27.712812921102035,27.537540435791016,0.9936753989640092,0.3626842819447648,0.30118827554257765,0.36088011262380987,0.3626842819447648,0.30118827554257765,0.025,0.025,1.0049993592271893,0.8345937196504468,0.0009192501893267035,2.2834605260868557e-05,2.2834605260868557e-05,5.088015157780039e-05,0.0006824146648615754,7.371475683866894e-05,0.00063906731041898,0.000705249270122444,0.524230831180799,True,0.0038936727214604616,2046.49560546875,0.0002450527099426836
5,1250,37,blocks.6.attn.proj.weight,attn_proj,6,105.17709350585938,0.26348715292801056,0.26189755640815515,0.26348715292801056,0.26348715292801056,27.712812921102035,27.545623779296875,0.9939670814983255,0.28402895563262265,0.30118827554257765,0.26348715292801056,0.28402895563262265,0.30118827554257765,0.03,0.025,1.0779613065621627,1.1430852403831155,0.0009305619169026613,8.263021300081164e-06,8.263021300081164e-06,7.556364417372038e-05,0.0005781497643373975,8.382666547380155e-05,0.0005911811588690316,0.0005864127856374787,1.0707429846386587,True,0.004203032236546278,2206.62109375,6.38164347037673e-05
5,1250,38,blocks.6.attn.q.weight,attn_q,6,73.93543243408203,0.37482451929674865,0.37253960301788863,0.37482451929674865,0.37482451929674865,27.712812921102035,27.54387664794922,0.9939040373262081,0.36229719313100417,0.30118827554257765,0.37482451929674865,0.36229719313100417,0.30118827554257765,0.025,0.025,0.9665781571887334,0.8035447523755158,0.0007249054033309221,1.21603288789629e-05,1.21603288789629e-05,3.0459944081543208e-05,0.0004062816138855783,4.262027296050611e-05,0.00038154501414402206,0.0004184419427645412,0.8062753805530837,True,0.0035915598273277283,1887.1536865234375,0.00019803688337560743
5,1250,39,blocks.6.attn.v.weight,attn_v,6,99.6240234375,0.27817399824739975,0.27182577699970323,0.27817399824739975,0.27817399824739975,27.712812921102035,27.08037757873535,0.9771789553024727,0.3016895191831278,0.30118827554257765,0.27817399824739975,0.3016895191831278,0.30118827554257765,0.025,0.025,1.0845352947575426,1.082733387880163,0.0018314647022634745,0.00010600737005006522,0.00010600737005006522,0.0006138343404091647,0.0023218984043777715,0.0007198417104592299,0.002379107038514709,0.0024279057744278367,0.17341969397210175,True,0.019395746290683746,10193.091796875,0.0018337448127567768
5,1250,40,blocks.6.mlp.fc.weight,mlp_fc,6,192.25599670410156,0.2882907518744856,0.28820949469466917,0.2882907518744856,0.2882907518744856,55.42562584220407,55.410003662109375,0.9997181415661562,0.29258328096042385,0.30118827554257765,0.2882907518744856,0.29258328096042385,0.30118827554257765,0.035,0.0375,1.0148895830269544,1.044737902913054,0.0016426579095423222,2.5673736672615632e-05,2.5673736672615632e-05,0.00013631871192446582,0.0004906536592331104,0.00016199244859708146,0.0005136246922440466,0.0005163273959057261,0.3327960414920526,True,0.007199597544968128,3780.4111328125,0.00036459084367379546
5,1250,41,blocks.6.mlp.proj.weight,mlp_proj,6,115.66565704345703,0.2395941338982753,0.23952729485890425,0.2395941338982753,0.2395941338982753,27.712812921102035,27.705081939697266,0.9997210322378035,0.24093795447159305,0.30118827554257765,0.2395941338982753,0.24093795447159305,0.30118827554257765,0.035,0.025,1.0056087373737135,1.257077002020648,0.0021536448039114475,1.9547896954463795e-05,1.9547896954463795e-05,0.0001991210149930261,0.0008490538055492067,0.0002186689119474899,0.0009532577137270573,0.0008686017025036705,0.9525101393363412,True,0.006228405982255936,3269.123779296875,0.00013487142859958112
5,1250,42,blocks.7.attn.k.weight,attn_k,7,76.19554901123047,0.3637064537328478,0.36135130978422403,0.3637064537328478,0.3637064537328478,27.712812921102035,27.533361434936523,0.9935246022597415,0.3626842819447648,0.30118827554257765,0.3637064537328478,0.3626842819447648,0.30118827554257765,0.025,0.025,0.9971895692870113,0.8281081417483137,0.0007211669581010938,2.1242802176857367e-05,2.1242802176857367e-05,3.4681721891227936e-05,0.0005069581031332288,5.59245240680853e-05,0.0004788913763714331,0.0005282009053100862,0.4455479121899003,True,0.00301547022536397,1585.349365234375,0.0002889455936383456
5,1250,43,blocks.7.attn.proj.weight,attn_proj,7,105.89990997314453,0.261688729746133,0.25990282203546555,0.261688729746133,0.261688729746133,27.712812921102035,27.523685455322266,0.9931754504200562,0.28402895563262265,0.30118827554257765,0.261688729746133,0.28402895563262265,0.30118827554257765,0.03,0.025,1.0853694612991631,1.1509409512391442,0.0009750034660100937,9.034845788846724e-06,9.034845788846724e-06,7.528866123780156e-05,0.000561227835605285,8.432350702664829e-05,0.000573597447431392,0.0005702626813941317,1.01903669835187,True,0.004796988796442747,2519.158447265625,7.769604417262599e-05
5,1250,44,blocks.7.attn.q.weight,attn_q,7,74.67010498046875,0.3711366540645791,0.3688884211558769,0.3711366540645791,0.3711366540645791,27.712812921102035,27.544937133789062,0.9939423043127772,0.36229719313100417,0.30118827554257765,0.3711366540645791,0.36229719313100417,0.30118827554257765,0.025,0.025,0.9761827325952106,0.8115293174200192,0.0006187420804053545,1.2109056115150452e-05,1.2109056115150452e-05,1.642743654174128e-05,0.0003208574421180194,2.853649265689173e-05,0.00030284909808428413,0.00033296649823316986,0.6843095478151752,True,0.003238379955291748,1706.8338623046875,0.0002663401246536523
5,1250,45,blocks.7.attn.v.weight,attn_v,7,101.81129455566406,0.2721978248292521,0.267081671925966,0.2721978248292521,0.2721978248292521,27.712812921102035,27.191930770874023,0.9812042843968617,0.3016895191831278,0.30118827554257765,0.2721978248292521,0.3016895191831278,0.30118827554257765,0.025,0.025,1.10834654675281,1.1065050785453965,0.0016480721533298492,7.403317431453615e-05,7.403317431453615e-05,0.0004971778849211037,0.001809633899179968,0.0005712110592356399,0.0018433591465280034,0.0018836670734945042,0.21865221980153662,True,0.015459077432751656,8131.619140625,0.0011627302737906575
5,1250,46,blocks.7.mlp.fc.weight,mlp_fc,7,191.37994384765625,0.2896104196076283,0.2895496598862903,0.2896104196076283,0.2896104196076283,55.42562584220407,55.413997650146484,0.9997902018807926,0.29258328096042385,0.30118827554257765,0.2896104196076283,0.29258328096042385,0.30118827554257765,0.035,0.0375,1.0102650358948524,1.039977345948517,0.001577681628987193,1.889140548883006e-05,1.889140548883006e-05,0.00010885696480271881,0.0003864739845051289,0.00012774837029154887,0.00040281695483228357,0.000405365389993959,0.43637380827647754,True,0.006454805843532085,3392.331298828125,0.0002686540537979454
5,1250,47,blocks.7.mlp.proj.weight,mlp_proj,7,116.72036743164062,0.23742910968244288,0.23731463544916997,0.23742910968244288,0.23742910968244288,27.712812921102035,27.699451446533203,0.9995178593163072,0.24093795447159305,0.30118827554257765,0.23742910968244288,0.24093795447159305,0.30118827554257765,0.035,0.025,1.0147784944897582,1.2685398009764326,0.0021704984828829765,2.085749656544067e-05,2.085749656544067e-05,0.00019975825327780327,0.0008173037463489826,0.00022061574984324394,0.000918537384687679,0.0008381612429144233,0.8915601730531714,True,0.006374916527420282,3347.80615234375,0.00015474759857170284
5,1250,48,blocks.8.attn.k.weight,attn_k,8,75.77587890625,0.36572077184862956,0.36354164317380266,0.36572077184862956,0.36572077184862956,27.712812921102035,27.547687530517578,0.9940415507060013,0.3626842819447648,0.30118827554257765,0.36572077184862956,0.3626842819447648,0.30118827554257765,0.025,0.025,0.991697245172824,0.8235470848979788,0.0006790402694605291,1.0800142263178714e-05,1.0800142263178714e-05,2.3385682650511355e-05,0.0003103951744367677,3.418582491369007e-05,0.00029119409969003427,0.0003211953166999464,0.8297267116190048,True,0.0026343679055571556,1385.0765380859375,0.00011994018132099882
5,1250,49,blocks.8.attn.proj.weight,attn_proj,8,112.64329528808594,0.24602274685081205,0.24432832677994704,0.24602274685081205,0.24602274685081205,27.712812921102035,27.521947860717773,0.9931127503755157,0.28402895563262265,0.30118827554257765,0.24602274685081205,0.28402895563262265,0.30118827554257765,0.03,0.025,1.1544824991522329,1.224229382843278,0.0009074348490685225,7.031388122413773e-06,7.031388122413773e-06,6.16198793364944e-05,0.00045343505385491773,6.865126745890817e-05,0.00046283005936483055,0.0004604664419773315,1.1456950479181638,True,0.004736260510981083,2490.29443359375,7.126476702978835e-05
5,1250,50,blocks.8.attn.q.weight,attn_q,8,75.18497467041016,0.368595095530553,0.36660196790447064,0.368595095530553,0.368595095530553,27.712812921102035,27.562959671020508,0.9945926366079056,0.36229719313100417,0.30118827554257765,0.368595095530553,0.36229719313100417,0.30118827554257765,0.025,0.025,0.9829137650611339,0.8171250219947976,0.0006604349473491311,8.38609048514627e-06,8.38609048514627e-06,1.5768373961147556e-05,0.00025455295611755634,2.4154464446293825e-05,0.00023885172684556076,0.0002629390466027026,1.0474648166335168,True,0.003061192110180855,1611.4619140625,0.00013788678916171193
5,1250,51,blocks.8.attn.v.weight,attn_v,8,108.51216888427734,0.25538898730018317,0.251500572281037,0.25538898730018317,0.25538898730018317,27.712812921102035,27.29087257385254,0.9847745391833462,0.3016895191831278,0.30118827554257765,0.25538898730018317,0.3016895191831278,0.30118827554257765,0.025,0.025,1.1812941598320494,1.1793314924286935,0.0014248101506382227,4.6948967792559415e-05,4.6948967792559415e-05,0.0003531219742673053,0.0012910585861536485,0.0004000709420598647,0.0013061676048983285,0.001338007553946208,0.27967426668847184,True,0.013156278990209103,6917.19873046875,0.00077812623931095
5,1250,52,blocks.8.mlp.fc.weight,mlp_fc,8,192.14682006835938,0.28845455689813393,0.28846132160532434,0.28845455689813393,0.28845455689813393,55.42562584220407,55.42692565917969,1.0000234515525241,0.29258328096042385,0.30118827554257765,0.28845455689813393,0.29258328096042385,0.30118827554257765,0.035,0.0375,1.0143132565028188,1.0441446263888996,0.0015021427534520626,1.4961860870243981e-05,1.4961860870243981e-05,8.637096935986412e-05,0.00030551883957872735,0.0001013328302301081,0.0003178040279613532,0.00032048070044897133,0.5225073375212582,True,0.005621137097477913,2954.333251953125,0.00020349507394712418
5,1250,53,blocks.8.mlp.proj.weight,mlp_proj,8,117.9192123413086,0.23501524790455106,0.23495049497903742,0.23501524790455106,0.23501524790455106,27.712812921102035,27.705177307128906,0.9997244735135741,0.24093795447159305,0.30118827554257765,0.23501524790455106,0.24093795447159305,0.30118827554257765,0.035,0.025,1.02520137148483,1.2815690821256929,0.0021005377639085054,1.7559199477545917e-05,1.7559199477545917e-05,0.0001743142733088746,0.0006744332103080731,0.0001918734727864205,0.0007568436292867078,0.0006919924097856191,1.0144746789558048,True,0.005961933173239231,3130.69921875,0.00012143022468080744
5,1250,54,blocks.9.attn.k.weight,attn_k,9,75.90501403808594,0.365098581066027,0.36270208267706644,0.365098581066027,0.365098581066027,27.712812921102035,27.530906677246094,0.9934360238214062,0.3626842819447648,0.30118827554257765,0.365098581066027,0.3626842819447648,0.30118827554257765,0.025,0.025,0.993387267860059,0.8249505507886612,0.0006392823997884989,1.6823074474814348e-05,1.6823074474814348e-05,3.147973731756725e-05,0.000413555856740571,4.83028117923816e-05,0.0003897462490800328,0.0004303789312153853,0.5006300513781289,True,0.0030006433371454477,1574.317138671875,0.0002453574270475656
5,1250,55,blocks.9.attn.proj.weight,attn_proj,9,111.1336669921875,0.24936469452636884,0.24745325099103804,0.24936469452636884,0.24936469452636884,27.712812921102035,27.50038719177246,0.992334746749298,0.28402895563262265,0.30118827554257765,0.24936469452636884,0.28402895563262265,0.30118827554257765,0.03,0.025,1.1390103004440681,1.2078224470173695,0.0009035500697791576,8.437766155111603e-06,8.437766155111603e-06,6.486362825747964e-05,0.0004859374513480593,7.330139441259125e-05,0.0004966702761517311,0.0004943752175031709,0.9635607344174533,True,0.005913813132792711,3111.837646484375,0.00012848846381530166
5,1250,56,blocks.9.attn.q.weight,attn_q,9,75.34585571289062,0.3678080587033635,0.3655044000788957,0.3678080587033635,0.3678080587033635,27.712812921102035,27.539241790771484,0.9937367913237568,0.36229719313100417,0.30118827554257765,0.3678080587033635,0.36229719313100417,0.30118827554257765,0.025,0.025,0.985017006990584,0.8188735086565502,0.0005859798402525485,1.0533212844165973e-05,1.0533212844165973e-05,1.7098554357694187e-05,0.0002694005365687686,2.763176720186016e-05,0.0002544823577425303,0.0002799337494129346,0.7383502825418127,True,0.0030634303111582994,1607.204345703125,0.00021714386821258813
5,1250,57,blocks.9.attn.v.weight,attn_v,9,106.8114242553711,0.2594555134368829,0.2560147198708089,0.2594555134368829,0.2594555134368829,27.712812921102035,27.34529685974121,0.9867384064401136,0.3016895191831278,0.30118827554257765,0.2594555134368829,0.3016895191831278,0.30118827554257765,0.025,0.025,1.1627793727980233,1.1608474668850965,0.001254734001122415,3.6954883398720995e-05,3.6954883398720995e-05,0.0002806235383217052,0.0010531877226899584,0.0003175784217204262,0.0010619370941896058,0.0010901426060886794,0.3178792095024631,True,0.010551723651587963,5548.3779296875,0.0005700331530533731
5,1250,58,blocks.9.mlp.fc.weight,mlp_fc,9,192.38906860351562,0.28809134658491325,0.2880391540249707,0.28809134658491325,0.28809134658491325,55.42562584220407,55.415584564208984,0.999818833295204,0.29258328096042385,0.30118827554257765,0.28809134658491325,0.29258328096042385,0.30118827554257765,0.035,0.0375,1.0155920489412777,1.045461028638721,0.0015239412896335125,1.6279780538752675e-05,1.6279780538752675e-05,7.770023823381246e-05,0.0002821830048553619,9.398001877256513e-05,0.00029567104472494625,0.0002984627853941146,0.48656324342204654,True,0.005441839806735516,2861.258544921875,0.00021592091070488095
5,1250,59,blocks.9.mlp.proj.weight,mlp_proj,9,119.16268920898438,0.23256283577571865,0.23241366929228846,0.23256283577571865,0.23256283577571865,27.712812921102035,27.695037841796875,0.9993585970736437,0.24093795447159305,0.30118827554257765,0.23256283577571865,0.24093795447159305,0.30118827554257765,0.035,0.025,1.0360122831661345,1.29508343213118,0.0021804925054311752,1.9542057998478413e-05,1.9542057998478413e-05,0.000170337937384329,0.00063989745585786,0.0001898799953828074,0.0007205937340126476,0.0006594395138563384,0.9363624834239568,True,0.00634670490399003,3334.81591796875,0.00015440606512129307
5,1250,60,blocks.10.attn.k.weight,attn_k,10,75.03368377685547,0.3693382961646646,0.36725454418816744,0.3693382961646646,0.3693382961646646,27.712812921102035,27.556461334228516,0.9943581480768968,0.3626842819447648,0.30118827554257765,0.3693382961646646,0.3626842819447648,0.30118827554257765,0.025,0.025,0.981983958097502,0.8154807629488192,0.0005066361045464873,1.1342726793373004e-05,1.1342726793373004e-05,1.317931588274082e-05,0.0002162408284587006,2.4522042676113823e-05,0.00020639803495510012,0.0002275835552520736,0.595281513304985,True,0.0020074411295354366,1055.26171875,0.0001641970156924799
5,1250,61,blocks.10.attn.proj.weight,attn_proj,10,108.4544448852539,0.2555249160181726,0.2529966920948268,0.2555249160181726,0.2555249160181726,27.712812921102035,27.438615798950195,0.9901057636071634,0.28402895563262265,0.30118827554257765,0.2555249160181726,0.28402895563262265,0.30118827554257765,0.03,0.025,1.1115509205858534,1.1787041367079738,0.0008486279402859509,9.684061296866275e-06,9.684061296866275e-06,6.721364730244515e-05,0.0005143455031219312,7.689770859931142e-05,0.0005262829585311508,0.0005240295644187975,0.8080020095596955,True,0.006739628966897726,3551.764404296875,0.0002017649239860475
5,1250,62,blocks.10.attn.q.weight,attn_q,10,75.54056549072266,0.36686001410070884,0.36465205464398825,0.36686001410070884,0.36686001410070884,27.712812921102035,27.546022415161133,0.9939814660310466,0.36229719313100417,0.30118827554257765,0.36686001410070884,0.36229719313100417,0.30118827554257765,0.025,0.025,0.9875625012420893,0.8209896526359963,0.00047610970796085894,7.452156751242001e-06,7.452156751242001e-06,7.0799393044479526e-06,0.00015454093587283547,1.4532096055689953e-05,0.00014702437849227717,0.00016199309262407747,0.845755486707598,True,0.002300903433933854,1209.577880859375,0.00016090729332063347
5,1250,63,blocks.10.attn.v.weight,attn_v,10,104.78398895263672,0.26447564363701087,0.26103092874330613,0.26447564363701087,0.26447564363701087,27.712812921102035,27.35186195373535,0.9869753038641619,0.3016895191831278,0.30118827554257765,0.26447564363701087,0.3016895191831278,0.30118827554257765,0.025,0.025,1.1407081386942097,1.1388129031494272,0.0010350742377340794,2.3486431018682197e-05,2.3486431018682197e-05,0.0002233004982658421,0.0008258452181516746,0.0002467869292845243,0.0008275298587484059,0.0008493316491703568,0.42059058377401276,True,0.008459199219942093,4452.9833984375,0.00036430160980671644
5,1250,64,blocks.10.mlp.fc.weight,mlp_fc,10,191.95602416992188,0.2887412681205598,0.2887840092591179,0.2887412681205598,0.2887412681205598,55.42562584220407,55.43383026123047,1.0001480257354198,0.29258328096042385,0.30118827554257765,0.2887412681205598,0.29258328096042385,0.30118827554257765,0.035,0.0375,1.0133060745520446,1.0431078228028727,0.001548644620925188,1.6815050912555307e-05,1.6815050912555307e-05,6.74492986127925e-05,0.0002502970826422439,8.426434952534781e-05,0.00026429529879453664,0.00026711213355479923,0.4797907110790317,True,0.005199863575398922,2733.221435546875,0.00020009007130283862
5,1250,65,blocks.10.mlp.proj.weight,mlp_proj,10,120.39517211914062,0.23018209479096052,0.23023853713547396,0.23018209479096052,0.23018209479096052,27.712812921102035,27.719608306884766,1.0002452073631818,0.24093795447159305,0.30118827554257765,0.23018209479096052,0.24093795447159305,0.30118827554257765,0.035,0.025,1.046727612286266,1.308478297654304,0.00235280254855752,2.7256888643023558e-05,2.7256888643023558e-05,0.0001922089961441858,0.0007038262377202164,0.00021946588478720936,0.0007980632723225106,0.00073108312636324,0.7169685903732029,True,0.0071657150983810425,3766.1689453125,0.0002480594557709992
5,1250,66,blocks.11.attn.k.weight,attn_k,11,75.81736755371094,0.36552064276657426,0.3636524664972168,0.36552064276657426,0.36552064276657426,27.712812921102035,27.5711727142334,0.9948889992772699,0.3626842819447648,0.30118827554257765,0.36552064276657426,0.3626842819447648,0.30118827554257765,0.025,0.025,0.9922402171315375,0.8239979916398866,0.0005312925204634666,8.42317513161106e-06,8.42317513161106e-06,2.0341986177935047e-05,0.00027379308968316886,2.8765161309546107e-05,0.00025537382079411967,0.0002822162648147799,0.8319345680402062,True,0.0021360754035413265,1124.7054443359375,0.00011439757508924231
5,1250,67,blocks.11.attn.proj.weight,attn_proj,11,112.55543518066406,0.2462147907528399,0.2425343997566282,0.2462147907528399,0.2462147907528399,27.712812921102035,27.298564910888672,0.985052112487003,0.28402895563262265,0.30118827554257765,0.2462147907528399,0.28402895563262265,0.30118827554257765,0.03,0.025,1.1535820198460056,1.2232745019974138,0.0009259110665880144,2.1701420337194577e-05,2.1701420337194577e-05,7.477534960230314e-05,0.0006266880041548641,9.647676993949771e-05,0.0006496155776036185,0.0006483894244920587,0.37906583587979675,True,0.009877431206405163,5212.50830078125,0.0006720774108543992
5,1250,68,blocks.11.attn.q.weight,attn_q,11,75.87705993652344,0.36523308815979133,0.36324577255036494,0.36523308815979133,0.36523308815979133,27.712812921102035,27.562021255493164,0.994558774454323,0.36229719313100417,0.30118827554257765,0.36523308815979133,0.36229719313100417,0.30118827554257765,0.025,0.025,0.991961585289056,0.8246467401409323,0.0004987240536138415,5.338184564607218e-06,5.338184564607218e-06,1.1106640147199472e-05,0.00019183121672580636,1.644482471180669e-05,0.00017879471579773903,0.00019716940129041357,1.231278326993177,True,0.00234321434982121,1234.39404296875,0.00012535562564153224
5,1250,69,blocks.11.attn.v.weight,attn_v,11,108.6321029663086,0.2551070278893243,0.2520485823527765,0.2551070278893243,0.2551070278893243,27.712812921102035,27.38056755065918,0.9880111278711131,0.3016895191831278,0.30118827554257765,0.2551070278893243,0.3016895191831278,0.30118827554257765,0.025,0.025,1.1825997961687391,1.1806349595090153,0.0009718440123833716,2.0791030692635104e-05,2.0791030692635104e-05,0.00018475945200547813,0.0007021356598214722,0.00020555048269811323,0.0007033970393644486,0.0007229266905141073,0.43029109347812833,True,0.007818231359124184,4120.64892578125,0.0003302849654573947
5,1250,70,blocks.11.mlp.fc.weight,mlp_fc,11,188.84706115722656,0.293494775627241,0.29351343509411115,0.293494775627241,0.293494775627241,55.42562584220407,55.42914962768555,1.0000635768280093,0.29258328096042385,0.30118827554257765,0.293494775627241,0.29258328096042385,0.30118827554257765,0.035,0.0375,0.9968943410836899,1.0262134135058947,0.0017252941615879536,4.487480327952653e-05,4.487480327952653e-05,7.10353487856536e-05,0.00029811201895562283,0.00011591015206518013,0.0003386469703051929,0.00034298682223514936,0.20358715067602956,True,0.006856173276901245,3651.406982421875,0.0011848935391753912
5,1250,71,blocks.11.mlp.proj.weight,mlp_proj,11,121.5466079711914,0.22800153277556243,0.2279843612819655,0.22800153277556243,0.22800153277556243,27.712812921102035,27.710725784301758,0.9999246869379078,0.24093795447159305,0.30118827554257765,0.22800153277556243,0.24093795447159305,0.30118827554257765,0.035,0.025,1.0567383102146284,1.3209923278851725,0.003125544171780348,0.00014185989857651293,0.00014185989857651293,0.0002984778210294593,0.0012364128702212884,0.00044033771960597226,0.0014990739043568495,0.0013782727687978013,0.18126883874180386,True,0.015890108421444893,8406.8515625,0.0035178731195628643
6,1500,0,blocks.0.attn.k.weight,attn_k,0,79.8221435546875,0.3471820185098828,0.3455565800661523,0.3471820185098828,0.3471820185098828,27.712812921102035,27.583066940307617,0.9953181951913794,0.35667233381880503,0.3004514526564597,0.3471820185098828,0.35667233381880503,0.3004514526564597,0.025,0.025,1.0273352731505365,0.8654003854980962,0.0007745551411062479,2.3737455194350332e-05,2.3737455194350332e-05,1.3807624038257251e-05,0.00028444780517136297,3.7545079232607583e-05,0.00028210262436619173,0.0003081852603657133,0.4087848544269791,True,0.0025495432782918215,1337.868408203125,0.0003968983073718846
6,1500,1,blocks.0.attn.proj.weight,attn_proj,0,77.8582534790039,0.35593930871536145,0.35310908230905524,0.35593930871536145,0.35593930871536145,27.712812921102035,27.492456436157227,0.9920485702562147,0.28533816871664003,0.3004514526564597,0.35593930871536145,0.28533816871664003,0.3004514526564597,0.03,0.025,0.8016483758044832,0.8441086592566419,0.0015600487822666764,5.1462004194036126e-05,5.1462004194036126e-05,0.00012906623858179787,0.0011552351104737702,0.000180528242775834,0.0012147912548782286,0.0012066971146678063,0.3893559587706675,True,0.00651744706556201,3417.829345703125,0.0006145139341242611
6,1500,2,blocks.0.attn.q.weight,attn_q,0,82.65959167480469,0.33526433363146074,0.3337712073018038,0.33526433363146074,0.33526433363146074,27.712812921102035,27.589391708374023,0.9955464206004858,0.3566248961880836,0.3004514526564597,0.33526433363146074,0.3566248961880836,0.3004514526564597,0.025,0.025,1.063712600518084,0.8961628855717498,0.0007642107084393501,1.7532609490444884e-05,1.7532609490444884e-05,1.0232567635073337e-05,0.00020433490818471585,2.776517712551822e-05,0.00020351629928263328,0.00022186751767516074,0.5273188588580212,True,0.0023993973154574633,1258.7506103515625,0.00027425235020928085
6,1500,3,blocks.0.attn.v.weight,attn_v,0,71.9514389038086,0.3851599543151752,0.381108231427191,0.3851599543151752,0.3851599543151752,27.712812921102035,27.42128562927246,0.9894804149741295,0.29968786539580455,0.3004514526564597,0.3851599543151752,0.29968786539580455,0.3004514526564597,0.025,0.025,0.7780867715821019,0.7800692914471613,0.0017555633094161749,9.797287930268794e-05,9.797287930268794e-05,0.00044024387741831855,0.001652042505446874,0.0005382167567210065,0.0017249102156071125,0.001750015384749562,0.24904116573811072,True,0.011424625292420387,5997.65576171875,0.0013627454172819853
6,1500,4,blocks.0.mlp.fc.weight,mlp_fc,0,174.6510467529297,0.3173506650699437,0.3173396074115753,0.3173506650699437,0.3173506650699437,55.42562584220407,55.4236946105957,0.99996515634097,0.2966175152237898,0.3004514526564597,0.3173506650699437,0.2966175152237898,0.3004514526564597,0.035,0.0375,0.9346680119873569,0.9467490877646045,0.002411652822047472,8.029105083551258e-05,8.029105083551258e-05,0.00015168227832435278,0.000683332441134203,0.00023197332915986536,0.0007543994248873469,0.0007636234919697156,0.1719794092354834,True,0.00694816280156374,3644.11669921875,0.0009303588303737342
6,1500,5,blocks.0.mlp.proj.weight,mlp_proj,0,105.98821258544922,0.26147070740304795,0.2614314537477318,0.26147070740304795,0.26147070740304795,27.712812921102035,27.70865249633789,0.9998498736026549,0.24099729273253653,0.3004514526564597,0.26147070740304795,0.24099729273253653,0.3004514526564597,0.035,0.025,0.9216990121996634,1.1490826473090323,0.004726956598460674,0.00022724761220160872,0.00022724761220160872,0.0004974101096280561,0.0028480949112296705,0.0007246577218296648,0.003369616580622109,0.0030753425234312792,0.19625680212380636,True,0.020406538620591164,10708.5146484375,0.0030307990964502096
6,1500,6,blocks.1.attn.k.weight,attn_k,1,76.15414428710938,0.3639041995747694,0.3601338342378527,0.3639041995747694,0.3639041995747694,27.712812921102035,27.425683975219727,0.9896391266126697,0.35667233381880503,0.3004514526564597,0.3639041995747694,0.35667233381880503,0.3004514526564597,0.025,0.025,0.9801270066011468,0.8256333755080164,0.0006878405692987144,3.265478153480217e-05,3.265478153480217e-05,2.6978370010539797e-05,0.0004467954067944999,5.9633151545341966e-05,0.00043981594587588774,0.00047945018832930205,0.2765969979069904,True,0.0030445223674178123,1592.4794921875,0.0006726172869093716
6,1500,7,blocks.1.attn.proj.weight,attn_proj,1,80.00433349609375,0.3463913979416518,0.3432908783703843,0.3463913979416518,0.3463913979416518,27.712812921102035,27.464757919311523,0.991049086121401,0.28533816871664003,0.3004514526564597,0.3463913979416518,0.28533816871664003,0.3004514526564597,0.03,0.025,0.8237449613708481,0.8673756174137717,0.001758528989739716,5.3253672376740724e-05,5.3253672376740724e-05,0.00018008668009413586,0.0015850404761381858,0.00023334035247087658,0.0016482605882084615,0.0016382941485149265,0.41274940750285,True,0.010423345491290092,5474.71630859375,0.0007489923154935241
6,1500,8,blocks.1.attn.q.weight,attn_q,1,78.52526092529297,0.35291589731191514,0.34928223691452226,0.35291589731191514,0.35291589731191514,27.712812921102035,27.427478790283203,0.9897038914226725,0.3566248961880836,0.3004514526564597,0.35291589731191514,0.3566248961880836,0.3004514526564597,0.025,0.025,1.010509582890482,0.8513400924836034,0.0006801877752877772,2.4379274691455066e-05,2.4379274691455066e-05,2.2936533841581575e-05,0.0004124671246463202,4.731580853303664e-05,0.00040007064374263096,0.00043684639933777526,0.3553028191104326,True,0.0030632673297077417,1604.97705078125,0.0003668908611871302
6,1500,9,blocks.1.attn.v.weight,attn_v,1,71.22733306884766,0.3890755378179764,0.3817765897246803,0.3890755378179764,0.3890755378179764,27.712812921102035,27.192928314208984,0.9812402801414222,0.29968786539580455,0.3004514526564597,0.3890755378179764,0.29968786539580455,0.3004514526564597,0.025,0.025,0.7702562517204805,0.772218819876108,0.00177107285708189,9.921534365275875e-05,9.921534365275875e-05,0.0005462744650520259,0.0019337298240133883,0.0006454898087047846,0.0020047126835160416,0.002032945167666147,0.2506172168093283,True,0.01496280450373888,7855.85888671875,0.0020630594808608294
6,1500,10,blocks.1.mlp.fc.weight,mlp_fc,1,185.92303466796875,0.29811059152076613,0.2980221552490773,0.29811059152076613,0.29811059152076613,55.42562584220407,55.409183502197266,0.9997033440803427,0.2966175152237898,0.3004514526564597,0.29811059152076613,0.2966175152237898,0.3004514526564597,0.035,0.0375,0.9949915355594727,1.0078523246146742,0.0014043116243556142,3.07587870338466e-05,3.07587870338466e-05,0.00010406474113381774,0.0004007716873376227,0.00013482352816766434,0.00042659783050758287,0.0004315304743714693,0.24556195723141336,True,0.005398005247116089,2833.265869140625,0.00032449609716422856
6,1500,11,blocks.1.mlp.proj.weight,mlp_proj,1,111.18962860107422,0.24923918956982916,0.24914904074400998,0.24923918956982916,0.24923918956982916,27.712812921102035,27.702789306640625,0.9996383039682782,0.24099729273253653,0.3004514526564597,0.24923918956982916,0.24099729273253653,0.3004514526564597,0.035,0.025,0.9669317780581874,1.205474360492905,0.002322249813005328,3.5117409424856305e-05,3.5117409424856305e-05,0.00022334025955144114,0.0010291510023489971,0.00025845766897629745,0.0011682686134600177,0.0010642684117738535,0.5947332042210378,True,0.006354876793920994,3334.724853515625,0.00029270132654346526
6,1500,12,blocks.2.attn.k.weight,attn_k,2,79.41355895996094,0.34896827801250413,0.34682018089529537,0.34896827801250413,0.34896827801250413,27.712812921102035,27.542224884033203,0.9938444344298613,0.35667233381880503,0.3004514526564597,0.34896827801250413,0.35667233381880503,0.3004514526564597,0.025,0.025,1.0220766651060038,0.8609706715109906,0.0007265437161549926,2.070897608064115e-05,2.070897608064115e-05,2.5623454287744814e-05,0.0004408738096008401,4.6332430368385965e-05,0.0004215425073300241,0.00046158278568148123,0.441782455606953,True,0.0029041345696896315,1523.101806640625,0.0003361903945915401
6,1500,13,blocks.2.attn.proj.weight,attn_proj,2,82.676025390625,0.3351976923196953,0.33260162495090273,0.3351976923196953,0.3351976923196953,27.712812921102035,27.498180389404297,0.9922551156279662,0.28533816871664003,0.3004514526564597,0.3351976923196953,0.28533816871664003,0.3004514526564597,0.03,0.025,0.8512533804812066,0.8963410534757014,0.0015275260666385293,3.189564449712634e-05,3.189564449712634e-05,0.00015064082722415724,0.001211367134220396,0.00018253647172128358,0.001250230125663589,0.0012432627787175223,0.5792654926446917,True,0.007906961254775524,4154.55908203125,0.0003959171590395272
6,1500,14,blocks.2.attn.q.weight,attn_q,2,80.08271789550781,0.34605235248461225,0.34341556438930954,0.34605235248461225,0.34605235248461225,27.712812921102035,27.501651763916016,0.9923803780660162,0.3566248961880836,0.3004514526564597,0.34605235248461225,0.3566248961880836,0.3004514526564597,0.025,0.025,1.0305518619583476,0.8682254303409764,0.0006812859792262316,2.1438969270093367e-05,2.1438969270093367e-05,2.5612660283528616e-05,0.00037307444612112847,4.705162955362198e-05,0.0003615908026359615,0.00039451341539122184,0.39681378013279334,True,0.0034797582775354385,1825.5716552734375,0.000505223753862083
6,1500,15,blocks.2.attn.v.weight,attn_v,2,77.1483383178711,0.35921464448032675,0.3512190284659142,0.35921464448032675,0.35921464448032675,27.712812921102035,27.095964431762695,0.9777413974144199,0.29968786539580455,0.3004514526564597,0.35921464448032675,0.29968786539580455,0.3004514526564597,0.025,0.025,0.8342863243489442,0.8364120374076639,0.0020860591903328896,0.0001893206062959507,0.0001893206062959507,0.0007921278351008764,0.0027844638547729786,0.000981448441396827,0.002923912294635624,0.0029737844610689293,0.14282431969702253,True,0.02241850644350052,11778.9697265625,0.0040688482113182545
6,1500,16,blocks.2.mlp.fc.weight,mlp_fc,2,186.48338317871094,0.29721482363438534,0.2972343537449739,0.29721482363438534,0.29721482363438534,55.42562584220407,55.42926788330078,1.000065710418987,0.2966175152237898,0.3004514526564597,0.29721482363438534,0.2966175152237898,0.3004514526564597,0.035,0.0375,0.9979903142000404,1.0108898640468078,0.0016060417983680964,3.1437608413398266e-05,3.1437608413398266e-05,0.00011633402817798694,0.0004505076350006805,0.0001477716365913852,0.0004756294690832517,0.0004819452434140788,0.27394741345258583,True,0.006799193564802408,3569.036865234375,0.0004128392902202904
6,1500,17,blocks.2.mlp.proj.weight,mlp_proj,2,111.29356384277344,0.249006429161101,0.24905631339772885,0.249006429161101,0.249006429161101,27.712812921102035,27.718364715576172,1.000200333127133,0.24099729273253653,0.3004514526564597,0.249006429161101,0.24099729273253653,0.3004514526564597,0.035,0.025,0.967835623941329,1.2066011856347496,0.0024970390368252993,4.3654894398059696e-05,4.3654894398059696e-05,0.00028730349532675876,0.0012506235030461659,0.00033095838972481846,0.0014161678214455692,0.0012942783974442256,0.513951739426678,True,0.008220596238970757,4316.53564453125,0.0004512582381721586
6,1500,18,blocks.3.attn.k.weight,attn_k,3,77.13919830322266,0.35925720685049267,0.3568895068426365,0.35925720685049267,0.35925720685049267,27.712812921102035,27.530170440673828,0.9934094571724571,0.35667233381880503,0.3004514526564597,0.35925720685049267,0.35667233381880503,0.3004514526564597,0.025,0.025,0.9928049514876862,0.8363129449522627,0.0006151427514851093,1.3135837434674613e-05,1.3135837434674613e-05,2.0724755932814358e-05,0.00036920942293840127,3.386059336748897e-05,0.0003487856513913096,0.0003823452603730759,0.6070759452937963,True,0.0025393497198820114,1336.083251953125,0.00016484921798110008
6,1500,19,blocks.3.attn.proj.weight,attn_proj,3,85.34100341796875,0.32473033842096866,0.3222771812087699,0.32473033842096866,0.32473033842096866,27.712812921102035,27.50345802307129,0.9924455558291114,0.28533816871664003,0.3004514526564597,0.32473033842096866,0.28533816871664003,0.3004514526564597,0.03,0.025,0.8786926719077844,0.9252337004218107,0.0014604957541450858,2.3043598048388958e-05,2.3043598048388958e-05,0.00012710812044772223,0.000990205688698563,0.0001501517184961112,0.001019576910430134,0.001013249286746952,0.7426638124527524,True,0.006112276576459408,3210.62255859375,0.00020318583119660616
6,1500,20,blocks.3.attn.q.weight,attn_q,3,78.46886444091797,0.35316954206681567,0.3505447847661873,0.35316954206681567,0.35316954206681567,27.712812921102035,27.506851196289062,0.9925679964210294,0.3566248961880836,0.3004514526564597,0.35316954206681567,0.3566248961880836,0.3004514526564597,0.025,0.025,1.0097838395152836,0.850728663910711,0.0005665895878337324,1.036339563142974e-05,1.036339563142974e-05,2.2223169792268557e-05,0.0002901074689122237,3.2586565423698296e-05,0.0002749604139739332,0.00030047086454365347,0.6967374319355496,True,0.002830337733030319,1489.3414306640625,0.0002099651755997911
6,1500,21,blocks.3.attn.v.weight,attn_v,3,78.93406677246094,0.3510881176436569,0.34491096888608025,0.3510881176436569,0.3510881176436569,27.712812921102035,27.2252254486084,0.9824057025938944,0.29968786539580455,0.3004514526564597,0.3510881176436569,0.29968786539580455,0.3004514526564597,0.025,0.025,0.8535972889289807,0.8557722052029351,0.0018844783771783113,0.00012427690671756864,0.00012427690671756864,0.0006469613816129208,0.0022234869205473434,0.0007712382883304894,0.0023120677527368226,0.002347763827264912,0.19210392791687084,True,0.01785683073103428,9393.5419921875,0.002734625479206443
6,1500,22,blocks.3.mlp.fc.weight,mlp_fc,3,187.57821655273438,0.29548007684902,0.29542087179452814,0.29548007684902,0.29548007684902,55.42562584220407,55.414520263671875,0.9997996309764041,0.2966175152237898,0.3004514526564597,0.29548007684902,0.2966175152237898,0.3004514526564597,0.035,0.0375,1.0038494587753577,1.016824741148216,0.0016084332019090652,3.2043295504990965e-05,3.2043295504990965e-05,0.00011807206879726272,0.00044608948920717194,0.00015011536430225368,0.00047146821584615893,0.0004781327847121629,0.2675983628579602,True,0.006778607610613108,3557.538818359375,0.00042825983837246895
6,1500,23,blocks.3.mlp.proj.weight,mlp_proj,3,112.57540893554688,0.2461711059559067,0.24613724971678108,0.2461711059559067,0.2461711059559067,27.712812921102035,27.709001541137695,0.9998624686719753,0.24099729273253653,0.3004514526564597,0.2461711059559067,0.24099729273253653,0.3004514526564597,0.035,0.025,0.9789828574589218,1.2204984475727851,0.00260586803779006,9.402396972291172e-05,9.402396972291172e-05,0.00038145819790062405,0.001594932420109354,0.00047548216762353576,0.0018405224052301205,0.0016889563898322658,0.2461899400394489,True,0.015323166735470295,8043.14892578125,0.0020321649499237537
6,1500,24,blocks.4.attn.k.weight,attn_k,4,78.22859191894531,0.354254272527569,0.351880704472132,0.354254272527569,0.354254272527569,27.712812921102035,27.527132034301758,0.9932998181264057,0.35667233381880503,0.3004514526564597,0.354254272527569,0.35667233381880503,0.3004514526564597,0.025,0.025,1.0068257787661483,0.8481237234282836,0.0008258564630523324,4.970208101440221e-05,4.970208101440221e-05,4.757231579603113e-05,0.0005907616589971194,9.727439681043334e-05,0.0005954827994379063,0.0006404637400115216,0.21240487770708497,True,0.003780568251386285,1987.6546630859375,0.0011689672246575356
6,1500,25,blocks.4.attn.proj.weight,attn_proj,4,91.5499267578125,0.302707100950653,0.3009822092877482,0.302707100950653,0.302707100950653,27.712812921102035,27.554899215698242,0.9943017799797743,0.28533816871664003,0.3004514526564597,0.302707100950653,0.28533816871664003,0.3004514526564597,0.03,0.025,0.942621325434832,0.9925484130134067,0.0011894230265170336,1.4864220247545745e-05,1.4864220247545745e-05,0.00010204323233775996,0.0007684574618293757,0.00011690745258530571,0.0007881227527256063,0.0007833216820769214,0.8740498627849879,True,0.004888259340077639,2566.766845703125,0.000130792788695544
6,1500,26,blocks.4.attn.q.weight,attn_q,4,77.52311706542969,0.35747805261380755,0.3539875072703626,0.35747805261380755,0.35747805261380755,27.712812921102035,27.442214965820312,0.990235637354746,0.3566248961880836,0.3004514526564597,0.35747805261380755,0.3566248961880836,0.3004514526564597,0.025,0.025,0.9976134019431798,0.8404752416536322,0.0008392971940338612,0.00011345937673468143,0.00011345937673468143,6.73477613214964e-05,0.0007076164850414684,0.00018080713805617782,0.0007686953964941501,0.0008210758617761498,0.09542104118444557,True,0.005549212917685509,2920.0732421875,0.0032835551537573338
6,1500,27,blocks.4.attn.v.weight,attn_v,4,85.11487579345703,0.32559306070481725,0.32054318428256906,0.32559306070481725,0.32559306070481725,27.712812921102035,27.28299331665039,0.984490220979179,0.29968786539580455,0.3004514526564597,0.32559306070481725,0.29968786539580455,0.3004514526564597,0.025,0.025,0.9204368936704755,0.9227821133720325,0.0017214177642017603,0.00010377331636846066,0.00010377331636846066,0.0005858587571142493,0.002034316674669486,0.00068963207348271,0.002106504312150017,0.0021380899910379467,0.19489249460905472,True,0.015795351937413216,8300.02734375,0.0020866275299340487
6,1500,28,blocks.4.mlp.fc.weight,mlp_fc,4,187.81568908691406,0.2951064743933888,0.2950163701430738,0.2951064743933888,0.2951064743933888,55.42562584220407,55.4087028503418,0.9996946720654007,0.2966175152237898,0.3004514526564597,0.2951064743933888,0.2966175152237898,0.3004514526564597,0.035,0.0375,1.0051203242270679,1.0181120332044828,0.0017299909377470613,3.950995596824214e-05,3.950995596824214e-05,0.00013344742271944403,0.0005246764793149538,0.00017295737868768617,0.0005573463347197877,0.0005641864352831959,0.2331338922658488,True,0.007521061226725578,3952.34521484375,0.0005528911715373397
6,1500,29,blocks.4.mlp.proj.weight,mlp_proj,4,113.37548828125,0.2444339013769449,0.24449590763394893,0.2444339013769449,0.2444339013769449,27.712812921102035,27.7198429107666,1.0002536729015774,0.24099729273253653,0.3004514526564597,0.2444339013769449,0.24099729273253653,0.3004514526564597,0.035,0.025,0.9859405400599128,1.2291725941612714,0.002551156096160412,6.481644231826067e-05,6.481644231826067e-05,0.00034983366743597955,0.0014284650863636448,0.0004146501097542402,0.0016282701675727374,0.0014932815286819055,0.3471623922192378,True,0.01160686556249857,6095.353515625,0.0010987932328134775
6,1500,30,blocks.5.attn.k.weight,attn_k,5,79.0623550415039,0.3505184345514898,0.3485532614979545,0.3505184345514898,0.3505184345514898,27.712812921102035,27.55744171142578,0.9943935243918186,0.35667233381880503,0.3004514526564597,0.3505184345514898,0.35667233381880503,0.3004514526564597,0.025,0.025,1.0175565638229258,0.8571630563194376,0.0006467968923971057,1.4688195733469911e-05,1.4688195733469911e-05,2.910620553024052e-05,0.000357373395119223,4.379440126371043e-05,0.00034141896752971923,0.0003720615908526929,0.5569673367190691,True,0.0025287321768701077,1326.4105224609375,0.0002049324830295518
6,1500,31,blocks.5.attn.proj.weight,attn_proj,5,96.66947174072266,0.28667595283266484,0.28488709073662083,0.28667595283266484,0.28667595283266484,27.712812921102035,27.539884567260742,0.9937599855224507,0.28533816871664003,0.3004514526564597,0.28667595283266484,0.28533816871664003,0.3004514526564597,0.03,0.025,0.9953334623891329,1.0480525125587905,0.0011280335020273924,1.2758117918565404e-05,1.2758117918565404e-05,9.001068842056986e-05,0.0006598035001713399,0.00010276880633913526,0.0006758461489060651,0.0006725616180899053,0.9146312609792059,True,0.004572831094264984,2401.718505859375,0.000105491497379262
6,1500,32,blocks.5.attn.q.weight,attn_q,5,78.19807434082031,0.35439252378924146,0.35203834733488093,0.35439252378924146,0.35439252378924146,27.712812921102035,27.52872085571289,0.993357149780744,0.3566248961880836,0.3004514526564597,0.35439252378924146,0.3566248961880836,0.3004514526564597,0.025,0.025,1.006299152067242,0.8477928638109175,0.000592096010223031,1.1108928447356448e-05,1.1108928447356448e-05,2.6003441764082748e-05,0.000271364877867236,3.7112370211439195e-05,0.0002603502106779064,0.00028247380631459245,0.6815910932942626,True,0.0028465825598686934,1492.5726318359375,0.00025188500876538455
6,1500,33,blocks.5.attn.v.weight,attn_v,5,91.55412292480469,0.302693227085613,0.29779108766850043,0.302693227085613,0.302693227085613,27.712812921102035,27.264001846313477,0.9838049253222213,0.29968786539580455,0.3004514526564597,0.302693227085613,0.29968786539580455,0.3004514526564597,0.025,0.025,0.9900712621859938,0.9925939062107946,0.00172056769952178,0.00010727222979767248,0.00010727222979767248,0.0005813739394772421,0.00205645069546707,0.0006886461692749146,0.0021292584569411886,0.0021637229252647423,0.17518888596861013,True,0.015952369198203087,8390.8173828125,0.0020906408317387104
6,1500,34,blocks.5.mlp.fc.weight,mlp_fc,5,188.46221923828125,0.2940940951784451,0.29407650031657045,0.2940940951784451,0.2940940951784451,55.42562584220407,55.42230987548828,0.9999401726788755,0.2966175152237898,0.3004514526564597,0.2940940951784451,0.2966175152237898,0.3004514526564597,0.035,0.0375,1.0085803152348694,1.0216167464163375,0.001620938302949071,2.4341745302081108e-05,2.4341745302081108e-05,0.00011245739568658229,0.0004180358350761683,0.0001367991409886634,0.00043617978226964525,0.0004423775803782494,0.3533381005418819,True,0.0068672336637973785,3608.65478515625,0.00038413499714806676
6,1500,35,blocks.5.mlp.proj.weight,mlp_proj,5,114.86688232421875,0.24126025152211356,0.24124201505436355,0.24126025152211356,0.24126025152211356,27.712812921102035,27.710718154907227,0.9999244116358461,0.24099729273253653,0.3004514526564597,0.24126025152211356,0.24099729273253653,0.3004514526564597,0.035,0.025,0.998910061695128,1.2453417036619512,0.0021004308946430683,2.040220715571195e-05,2.040220715571195e-05,0.00019478349031115354,0.0007858360160284586,0.0002151856974668655,0.0008807158231182328,0.0008062382231841705,0.8962649458713702,True,0.005868976004421711,3082.403076171875,0.00016976564074866474
6,1500,36,blocks.6.attn.k.weight,attn_k,6,77.92295837402344,0.3556437473547005,0.3536377230646633,0.3556437473547005,0.3556437473547005,27.712812921102035,27.55649757385254,0.9943594557616896,0.35667233381880503,0.3004514526564597,0.3556437473547005,0.35667233381880503,0.3004514526564597,0.025,0.025,1.002892182055091,0.8448101643603624,0.0008487296872772276,2.281859633512795e-05,2.281859633512795e-05,3.978680927448788e-05,0.0005132818061077249,6.260540560961583e-05,0.00049120436411433,0.0005361004024428529,0.47732593879306584,True,0.0031960862688720226,1681.1070556640625,0.00030645140213891864
6,1500,37,blocks.6.attn.proj.weight,attn_proj,6,103.96929931640625,0.26654803969356927,0.2649529105341952,0.26654803969356927,0.26654803969356927,27.712812921102035,27.546968460083008,0.994015603486691,0.28533816871664003,0.3004514526564597,0.26654803969356927,0.28533816871664003,0.3004514526564597,0.03,0.025,1.07049434332615,1.127194381177467,0.0009102124022319913,7.977005225257017e-06,7.977005225257017e-06,6.808243973568769e-05,0.0004908728391531365,7.60594449609447e-05,0.0005010741732238296,0.0004988498443783935,1.0974828821013056,True,0.0036405969876796007,1911.45068359375,6.483078323071823e-05
6,1500,38,blocks.6.attn.q.weight,attn_q,6,75.05217742919922,0.3692472872921646,0.3670778965520663,0.3692472872921646,0.3692472872921646,27.712812921102035,27.54999542236328,0.99412482957965,0.3566248961880836,0.3004514526564597,0.3692472872921646,0.3566248961880836,0.3004514526564597,0.025,0.025,0.9658158867011699,0.8136862828696407,0.0007231754716485739,1.5151380466704722e-05,1.5151380466704722e-05,3.25210520264938e-05,0.00029677514595020477,4.767243249319852e-05,0.00028872411335006205,0.0003119265264169095,0.6359576370089514,True,0.0030236125458031893,1591.4681396484375,0.00031161803053691983
6,1500,39,blocks.6.attn.v.weight,attn_v,6,99.7155990600586,0.27791853212866563,0.2731411654070161,0.27791853212866563,0.27791853212866563,27.712812921102035,27.236434936523438,0.982810190147971,0.29968786539580455,0.3004514526564597,0.27791853212866563,0.29968786539580455,0.3004514526564597,0.025,0.025,1.0783299087700295,1.0810774306959934,0.001581183634698391,9.282818791689351e-05,9.282818791689351e-05,0.0005147999666372134,0.0018542112793937622,0.000607628154554107,0.001907403519469709,0.0019470394673106557,0.17082024297864978,True,0.015311048366129398,8054.44580078125,0.0017361982027068734
6,1500,40,blocks.6.mlp.fc.weight,mlp_fc,6,189.5592498779297,0.29239209312073383,0.292365986997456,0.29239209312073383,0.29239209312073383,55.42562584220407,55.420677185058594,0.9999107153582791,0.2966175152237898,0.3004514526564597,0.29239209312073383,0.2966175152237898,0.3004514526564597,0.035,0.0375,1.014451218765725,1.0275635344639709,0.0016093410085886717,1.8573837223812006e-05,1.8573837223812006e-05,9.418790805773886e-05,0.0003374971761474809,0.00011276174528155087,0.00035032496811252526,0.0003560710133712929,0.45708972762607714,True,0.006019432097673416,3160.6865234375,0.00027673327713273466
6,1500,41,blocks.6.mlp.proj.weight,mlp_proj,6,115.47528839111328,0.23998912067869538,0.24001491651094428,0.23998912067869538,0.23998912067869538,27.712812921102035,27.715791702270508,1.000107487506842,0.24099729273253653,0.3004514526564597,0.23998912067869538,0.24099729273253653,0.3004514526564597,0.035,0.025,1.004200907320257,1.2519378037086653,0.002182486467063427,2.0608715203707106e-05,2.0608715203707106e-05,0.00018956661689510518,0.0007272672279281412,0.0002101753320988123,0.0008151391407921587,0.0007478759431318483,0.917089215185782,True,0.005662031006067991,2972.289306640625,0.0001464433444198221
6,1500,42,blocks.7.attn.k.weight,attn_k,7,77.45892333984375,0.3577743109017236,0.3557673252503526,0.3577743109017236,0.3577743109017236,27.712812921102035,27.557353973388672,0.9943903584181096,0.35667233381880503,0.3004514526564597,0.3577743109017236,0.35667233381880503,0.3004514526564597,0.025,0.025,0.9969199099841987,0.8397792784485026,0.0006027580238878727,1.1442974937381223e-05,1.1442974937381223e-05,1.926902246122092e-05,0.0002715365537116849,3.071199739860214e-05,0.00025853783001810344,0.00028297952864906613,0.680037085743577,True,0.0021456873510032892,1127.3753662109375,0.00015753375191707164
6,1500,43,blocks.7.attn.proj.weight,attn_proj,7,104.78741455078125,0.26446699768197895,0.26273994342502854,0.26446699768197895,0.26446699768197895,27.712812921102035,27.53183937072754,0.9934696794984427,0.28533816871664003,0.3004514526564597,0.26446699768197895,0.28533816871664003,0.3004514526564597,0.03,0.025,1.078917865811592,1.1360640657998167,0.0009751017787493765,9.105962817557156e-06,9.105962817557156e-06,7.063579318017276e-05,0.0005104907438804641,7.974175599772992e-05,0.0005205853292014343,0.0005195967066980213,1.021915416754737,True,0.0041863443329930305,2197.98779296875,8.221402094932273e-05
6,1500,44,blocks.7.attn.q.weight,attn_q,7,75.7036361694336,0.3660697731754591,0.3639497131152821,0.3660697731754591,0.3660697731754591,27.712812921102035,27.552316665649414,0.9942085902319064,0.3566248961880836,0.3004514526564597,0.3660697731754591,0.3566248961880836,0.3004514526564597,0.025,0.025,0.9741992437522327,0.8207491431215541,0.0005780190695077181,9.504195986664854e-06,9.504195986664854e-06,1.7192522479494965e-05,0.00019256869932045092,2.669671846615982e-05,0.00018610941914323165,0.00020207289530711577,0.8033597026921528,True,0.0023086771834641695,1215.8970947265625,0.0002341792860534042
6,1500,45,blocks.7.attn.v.weight,attn_v,7,101.95848846435547,0.2718048623366008,0.2679337765321976,0.2718048623366008,0.2718048623366008,27.712812921102035,27.31812286376953,0.9857578493220381,0.29968786539580455,0.3004514526564597,0.2718048623366008,0.29968786539580455,0.3004514526564597,0.025,0.025,1.1025846367114422,1.1053939582743124,0.0014437075005844235,6.710625893902034e-05,6.710625893902034e-05,0.0004287406288315985,0.0015204152483530504,0.0004958468877706188,0.0015513011204823443,0.0015875215072920707,0.211005024076054,True,0.012138290330767632,6380.4267578125,0.0011077389353886247
6,1500,46,blocks.7.mlp.fc.weight,mlp_fc,7,188.51063537597656,0.2940185615080018,0.2939971668010455,0.2940185615080018,0.2940185615080018,55.42562584220407,55.421592712402344,0.999927233481978,0.2966175152237898,0.3004514526564597,0.2940185615080018,0.2966175152237898,0.3004514526564597,0.035,0.0375,1.0088394205537845,1.021879200807813,0.0015559637686237693,1.5245459508150816e-05,1.5245459508150816e-05,8.347833635909709e-05,0.0002919963969734471,9.87237958672479e-05,0.0003017644346839344,0.0003072418564815979,0.5414060493035523,True,0.005543622653931379,2909.130615234375,0.0002232952247140929
6,1500,47,blocks.7.mlp.proj.weight,mlp_proj,7,116.50724029541016,0.2378634396526324,0.23786965639145838,0.2378634396526324,0.2378634396526324,27.712812921102035,27.713537216186523,1.0000261357476252,0.24099729273253653,0.3004514526564597,0.2378634396526324,0.24099729273253653,0.3004514526564597,0.035,0.025,1.0131750095116792,1.263125821669899,0.002163224620744586,2.03737617994193e-05,2.03737617994193e-05,0.00018572226934246113,0.0006803806155005914,0.00020609603114188043,0.0007628754970517961,0.0007007543773000107,0.9113337995248041,True,0.005698059685528278,2989.497314453125,0.0001471318246331066
6,1500,48,blocks.8.attn.k.weight,attn_k,8,76.98809051513672,0.359962336196056,0.3580879335541397,0.359962336196056,0.359962336196056,27.712812921102035,27.568506240844727,0.9947927812067239,0.35667233381880503,0.3004514526564597,0.359962336196056,0.35667233381880503,0.3004514526564597,0.025,0.025,0.9908601482810161,0.8346746935568746,0.000697760027833283,1.4712881238665432e-05,1.4712881238665432e-05,2.426308940716715e-05,0.00032463801483505504,3.897597064583258e-05,0.0003102075512932602,0.00033935089607372047,0.6160058109750858,True,0.0024370825849473476,1279.19287109375,0.0001803528139134869
6,1500,49,blocks.8.attn.proj.weight,attn_proj,8,111.78240203857422,0.24791749341312966,0.2465626145997024,0.24791749341312966,0.24791749341312966,27.712812921102035,27.56136131286621,0.9945349608259904,0.28533816871664003,0.3004514526564597,0.24791749341312966,0.28533816871664003,0.3004514526564597,0.03,0.025,1.150940035688214,1.2119009777006235,0.0009010458015836775,7.4143308665952645e-06,7.4143308665952645e-06,6.13519351087833e-05,0.0004440846096063623,6.876626597537856e-05,0.00045164174347718674,0.0004514989404729576,1.0871800316121127,True,0.004151910077780485,2180.643798828125,8.311757119372487e-05
6,1500,50,blocks.8.attn.q.weight,attn_q,8,76.23188781738281,0.3635330793261925,0.36151435577698426,0.3635330793261925,0.3635330793261925,27.712812921102035,27.558921813964844,0.9944469329917783,0.3566248961880836,0.3004514526564597,0.3635330793261925,0.3566248961880836,0.3004514526564597,0.025,0.025,0.9809970989410008,0.8264762403832565,0.0006841343711130321,1.0911790013778955e-05,1.0911790013778955e-05,1.7845868369522603e-05,0.0002421711630137381,2.8757658383301558e-05,0.0002321042116551732,0.00025308295302751705,0.8224485426429088,True,0.002663825638592243,1400.414306640625,0.0002479364047758281
6,1500,51,blocks.8.attn.v.weight,attn_v,8,109.01384735107422,0.25421369481488126,0.25101958454755124,0.25421369481488126,0.25421369481488126,27.712812921102035,27.36461067199707,0.987435333609176,0.29968786539580455,0.3004514526564597,0.25421369481488126,0.29968786539580455,0.3004514526564597,0.025,0.025,1.1788816712413455,1.1818853932131739,0.0012924293987452984,4.481962605495937e-05,4.481962605495937e-05,0.000322696258071201,0.0011742634578777575,0.00036751588412616037,0.0011879856085256577,0.0012190830839327168,0.26451903665114984,True,0.010705702938139439,5626.298828125,0.0007709525525569916
6,1500,52,blocks.8.mlp.fc.weight,mlp_fc,8,189.16929626464844,0.2929948302216204,0.29298750487904607,0.2929948302216204,0.2929948302216204,55.42562584220407,55.42424011230469,0.999974998389674,0.2966175152237898,0.3004514526564597,0.2929948302216204,0.2966175152237898,0.3004514526564597,0.035,0.0375,1.0123643307952883,1.0254496723686188,0.0015328420558944345,1.5551795513601974e-05,1.5551795513601974e-05,7.125080163718558e-05,0.0002467088724838799,8.680259715078756e-05,0.0002570961961145265,0.0002622606679974819,0.5210341895315703,True,0.004995665978640318,2622.211669921875,0.0002427067665848881
6,1500,53,blocks.8.mlp.proj.weight,mlp_proj,8,117.72279357910156,0.23540736741420382,0.2354257362949248,0.23540736741420382,0.23540736741420382,27.712812921102035,27.714975357055664,1.0000780301862457,0.24099729273253653,0.3004514526564597,0.23540736741420382,0.24099729273253653,0.3004514526564597,0.035,0.025,1.0237457534984329,1.276304373804111,0.0021601617336273193,1.9011016775039025e-05,1.9011016775039025e-05,0.00017332019360775635,0.0006046097035765165,0.00019233121038279537,0.0006774043296084514,0.0006236207203515555,0.9652067801654215,True,0.005522176623344421,2898.432861328125,0.0001335999259026721
6,1500,54,blocks.9.attn.k.weight,attn_k,9,77.12335968017578,0.3593309865652221,0.3572791610564029,0.3593309865652221,0.3593309865652221,27.712812921102035,27.554569244384766,0.994289873165608,0.35667233381880503,0.3004514526564597,0.3593309865652221,0.35667233381880503,0.3004514526564597,0.025,0.025,0.9926011035902285,0.8361412288108496,0.0005953212967142463,1.665767194936052e-05,1.665767194936052e-05,2.2756747702294817e-05,0.0003205823933769815,3.941441965165534e-05,0.0003076735262380381,0.00033724006532634204,0.46339481900902535,True,0.0022673571947962046,1189.2596435546875,0.00025174603797495365
6,1500,55,blocks.9.attn.proj.weight,attn_proj,9,110.26342010498047,0.25133278919443097,0.2494735147618924,0.25133278919443097,0.25133278919443097,27.712812921102035,27.507802963256836,0.99260234035322,0.28533816871664003,0.3004514526564597,0.25133278919443097,0.28533816871664003,0.3004514526564597,0.03,0.025,1.1353002114495396,1.1954327711058448,0.000907020759768784,9.310140740126371e-06,9.310140740126371e-06,6.51071800335e-05,0.00047474911392691543,7.441732077362637e-05,0.0004832828173978561,0.0004840592546670418,0.8835467259904838,True,0.005142532754689455,2702.89599609375,0.00015202522627077997
6,1500,56,blocks.9.attn.q.weight,attn_q,9,76.4382553100586,0.36255161513943235,0.36054467973827037,0.36255161513943235,0.36255161513943235,27.712812921102035,27.559406280517578,0.994464414672693,0.3566248961880836,0.3004514526564597,0.36255161513943235,0.3566248961880836,0.3004514526564597,0.025,0.025,0.9836527581070921,0.8287135958307902,0.0005627069622278214,7.810194802004844e-06,7.810194802004844e-06,1.1897346501036297e-05,0.00017655813236666033,1.970754130304114e-05,0.00016881903484428692,0.00018436832716866517,0.9425614133524286,True,0.0021390237379819155,1123.224853515625,0.00013758891145698726
6,1500,57,blocks.9.attn.v.weight,attn_v,9,107.35224914550781,0.2581484146041451,0.255189851746236,0.2581484146041451,0.2581484146041451,27.712812921102035,27.395204544067383,0.9885392948763853,0.29968786539580455,0.3004514526564597,0.2581484146041451,0.29968786539580455,0.3004514526564597,0.025,0.025,1.160913057921962,1.1638709969115393,0.0011598493438214064,3.959848254453391e-05,3.959848254453391e-05,0.00027068147999820356,0.0010059146751855202,0.00031027996254273747,0.0010182765158882852,0.0010455131577300541,0.2728424179946045,True,0.008594118058681488,4512.892578125,0.0006591714918613434
6,1500,58,blocks.9.mlp.fc.weight,mlp_fc,9,189.4835968017578,0.29250883336456646,0.2925192967915825,0.29250883336456646,0.29250883336456646,55.42562584220407,55.427608489990234,1.0000357713197827,0.2966175152237898,0.3004514526564597,0.29250883336456646,0.2966175152237898,0.3004514526564597,0.035,0.0375,1.01404635139378,1.0271534339682455,0.0015491100493818521,1.3854687495040707e-05,1.3854687495040707e-05,6.301876665592723e-05,0.0002234473146900551,7.687345415096794e-05,0.00023223759602350179,0.0002373020021850958,0.590084105999118,True,0.004922391381114721,2583.4208984375,0.0001972522441064939
6,1500,59,blocks.9.mlp.proj.weight,mlp_proj,9,119.00967407226562,0.23286185040952326,0.2328461078762524,0.23286185040952326,0.23286185040952326,27.712812921102035,27.710939407348633,0.9999323953956339,0.24099729273253653,0.3004514526564597,0.23286185040952326,0.24099729273253653,0.3004514526564597,0.035,0.025,1.0349367760700425,1.2902562275790121,0.0022379644215106964,2.10228481591912e-05,2.10228481591912e-05,0.00017088588716213983,0.00057038194953614,0.00019190873532133103,0.000641138586937211,0.0005914047976953312,0.8944979685442164,True,0.00588295329362154,3088.09912109375,0.00017104120342992246
6,1500,60,blocks.10.attn.k.weight,attn_k,10,76.1396255493164,0.36397359090178566,0.3620867929561076,0.36397359090178566,0.36397359090178566,27.712812921102035,27.56915283203125,0.9948161130564486,0.35667233381880503,0.3004514526564597,0.36397359090178566,0.35667233381880503,0.3004514526564597,0.025,0.025,0.9799401460284771,0.8254759690450545,0.0004765717312693596,1.136506580223795e-05,1.136506580223795e-05,9.590865397187651e-06,0.0001527634046244306,2.09559311994256e-05,0.00015023697805509456,0.00016412847042666855,0.5507386891824912,True,0.0017661487217992544,927.2667236328125,0.00018221826758235693
6,1500,61,blocks.10.attn.proj.weight,attn_proj,10,108.18862915039062,0.2561527319343243,0.2538601777088232,0.2561527319343243,0.2561527319343243,27.712812921102035,27.464784622192383,0.9910500496786167,0.28533816871664003,0.3004514526564597,0.2561527319343243,0.28533816871664003,0.3004514526564597,0.03,0.025,1.1139376361982298,1.1729387010148824,0.0008261507609859109,1.101813541026786e-05,1.101813541026786e-05,6.702755408003814e-05,0.0005021556690092203,7.8045689490306e-05,0.0005117474857796809,0.0005131738044194882,0.6930580046320082,True,0.005841775331646204,3073.056884765625,0.0002458380185998976
6,1500,62,blocks.10.attn.q.weight,attn_q,10,76.68118286132812,0.36140304422818403,0.3593965717603684,0.36140304422818403,0.36140304422818403,27.712812921102035,27.5589542388916,0.9944481030255403,0.3566248961880836,0.3004514526564597,0.36140304422818403,0.3566248961880836,0.3004514526564597,0.025,0.025,0.9867788937685771,0.8313473210999284,0.0004593709600158036,6.259714609768707e-06,6.259714609768707e-06,6.513605148523045e-06,0.00010929425092183028,1.2773319758291752e-05,0.00010590467545965172,0.00011555396553159899,0.9570182064795031,True,0.0018100900342687964,951.4769897460938,0.0001520571968285367
6,1500,63,blocks.10.attn.v.weight,attn_v,10,105.84111785888672,0.2618340913410448,0.2589075159771174,0.2618340913410448,0.2618340913410448,27.712812921102035,27.403060913085938,0.9888227871743674,0.29968786539580455,0.3004514526564597,0.2618340913410448,0.29968786539580455,0.3004514526564597,0.025,0.025,1.1445716020434267,1.1474879039533281,0.0009418260306119919,2.2807060304330662e-05,2.2807060304330662e-05,0.00019321336684229227,0.0007180904538388193,0.00021602042714662293,0.000720934956217852,0.00074089751414315,0.39016378932832424,True,0.006893949117511511,3624.3828125,0.00036825178540311754
6,1500,64,blocks.10.mlp.fc.weight,mlp_fc,10,188.98658752441406,0.2932780922087604,0.2933070524426882,0.2932780922087604,0.2932780922087604,55.42562584220407,55.43109893798828,1.0000987466663849,0.2966175152237898,0.3004514526564597,0.2932780922087604,0.2966175152237898,0.3004514526564597,0.035,0.0375,1.0113865409784935,1.0244592441040337,0.0016016154550015926,1.5630119378329255e-05,1.5630119378329255e-05,5.752119107732328e-05,0.00019755255033211585,7.315131045565254e-05,0.00020807612290317588,0.0002131826697104451,0.542206815997212,True,0.004623069427907467,2424.368896484375,0.0001873955479823053
6,1500,65,blocks.10.mlp.proj.weight,mlp_proj,10,120.32859802246094,0.23030944743434198,0.23017267943678713,0.23030944743434198,0.23030944743434198,27.712812921102035,27.69635581970215,0.9994061555047934,0.24099729273253653,0.3004514526564597,0.23030944743434198,0.24099729273253653,0.3004514526564597,0.035,0.025,1.0464064562581243,1.3045554839521478,0.002440731506794691,2.8892965929117054e-05,2.8892965929117054e-05,0.0001931069036956978,0.0006177416375958531,0.00022199986962481485,0.0006996442369628417,0.0006466346035249701,0.702035421613582,True,0.006731079425662756,3532.832275390625,0.000273451441898942
6,1500,66,blocks.11.attn.k.weight,attn_k,11,76.92594146728516,0.3602531524802678,0.35831564568582763,0.3602531524802678,0.3602531524802678,27.712812921102035,27.56376838684082,0.9946218186264403,0.35667233381880503,0.3004514526564597,0.3602531524802678,0.35667233381880503,0.3004514526564597,0.025,0.025,0.9900602711265409,0.8340008979461087,0.0005108724581077695,8.114230695355218e-06,8.114230695355218e-06,1.1501072008790848e-05,0.00017829778929603235,1.9615302704146065e-05,0.0001698515647110721,0.00018641201999138756,0.8184503123608284,True,0.001762100262567401,926.3834838867188,0.00011115812230855227
6,1500,67,blocks.11.attn.proj.weight,attn_proj,11,112.3822021484375,0.24659432179926666,0.24326931954574615,0.24659432179926666,0.24659432179926666,27.712812921102035,27.339141845703125,0.9865163065018789,0.28533816871664003,0.3004514526564597,0.24659432179926666,0.28533816871664003,0.3004514526564597,0.03,0.025,1.1571157301379864,1.2184037753352406,0.00094147480558604,3.1248622690327466e-05,3.1248622690327466e-05,7.99220629271556e-05,0.0006937593014742327,0.00011117068561748307,0.0007215719323393487,0.0007250079241645602,0.26808979611109923,True,0.009406047873198986,4952.8076171875,0.0010117166675627232
6,1500,68,blocks.11.attn.q.weight,attn_q,11,76.93814849853516,0.36019599459986573,0.3582917172272437,0.36019599459986573,0.36019599459986573,27.712812921102035,27.566301345825195,0.9947132189109076,0.3566248961880836,0.3004514526564597,0.36019599459986573,0.3566248961880836,0.3004514526564597,0.025,0.025,0.9900856798373086,0.8341332417930549,0.0004901212523691356,4.907661150355125e-06,4.907661150355125e-06,5.777629550779098e-06,0.00011070439416566532,1.0685290701134223e-05,0.00010562043302659106,0.00011561205531602044,1.2980374855100993,True,0.0018481714650988579,971.550048828125,0.00010998822108376771
6,1500,69,blocks.11.attn.v.weight,attn_v,11,109.8555908203125,0.25226584021955745,0.24973734272509962,0.25226584021955745,0.25226584021955745,27.712812921102035,27.435043334960938,0.9899768534167966,0.29968786539580455,0.3004514526564597,0.25226584021955745,0.29968786539580455,0.3004514526564597,0.025,0.025,1.1879843308748175,1.191011245894269,0.0009376240777783096,2.230638165201526e-05,2.230638165201526e-05,0.00017591204779759476,0.0006713840090251079,0.00019821842944961002,0.0006743181450024959,0.0006936903906771232,0.3826286263816895,True,0.006719216704368591,3534.285400390625,0.0003598819312173873
6,1500,70,blocks.11.mlp.fc.weight,mlp_fc,11,185.68397521972656,0.2984943949881347,0.2984820426683064,0.2984943949881347,0.2984943949881347,55.42562584220407,55.42333221435547,0.9999586179170059,0.2966175152237898,0.3004514526564597,0.2984943949881347,0.2966175152237898,0.3004514526564597,0.035,0.0375,0.9937121775287624,1.0065564302083556,0.0019034866709262133,8.017960499273613e-05,8.017960499273613e-05,7.756508821437871e-05,0.00036318085403609705,0.00015774469320711484,0.00043185703231228713,0.0004433604590288332,0.1278531706202745,True,0.008413750678300858,4476.64697265625,0.0021200436167418957
6,1500,71,blocks.11.mlp.proj.weight,mlp_proj,11,121.57382202148438,0.22795049510086687,0.227937751695582,0.22795049510086687,0.22795049510086687,27.712812921102035,27.71126365661621,0.9999440957332539,0.24099729273253653,0.3004514526564597,0.22795049510086687,0.24099729273253653,0.3004514526564597,0.035,0.025,1.0572352239283205,1.318055714349344,0.0034371481742709875,0.0002841788518708199,0.0002841788518708199,0.0003464123480770802,0.0015027976933398414,0.0006305911999479001,0.001930966841670322,0.0017869765452106614,0.0994870215958455,True,0.019003868103027344,10031.591796875,0.007865619845688343
7,1750,0,blocks.0.attn.k.weight,attn_k,0,80.24623107910156,0.3453472212767791,0.343757374239326,0.3453472212767791,0.3453472212767791,27.712812921102035,27.585233688354492,0.9953963809768875,0.357380554537427,0.3046309569769507,0.3453472212767791,0.357380554537427,0.3046309569769507,0.025,0.025,1.0348441583405814,0.882100501201959,0.0008191136876121163,1.3438895621220581e-05,1.3438895621220581e-05,1.747089666468233e-05,0.00029305557309319824,3.090979228590291e-05,0.00028053525743911776,0.0003064944687144188,0.7595492833054069,True,0.0024782735854387283,1298.929443359375,0.00012722561950795352
7,1750,1,blocks.0.attn.proj.weight,attn_proj,0,78.49761962890625,0.3530401692702662,0.35018600250367915,0.3530401692702662,0.3530401692702662,27.712812921102035,27.488767623901367,0.9919154617094078,0.29081182371825426,0.3046309569769507,0.3530401692702662,0.29081182371825426,0.3046309569769507,0.03,0.025,0.8237357927834731,0.8628790248050885,0.0016520521603524685,3.3115742553491145e-05,3.3115742553491145e-05,0.0001435664051573013,0.0012584960573854243,0.00017668214771079244,0.0012960167266162928,0.0012916117999389155,0.6355251915313853,True,0.006849604658782482,3586.392822265625,0.00035698534338735044
7,1750,2,blocks.0.attn.q.weight,attn_q,0,82.71709442138672,0.33503126669227895,0.33337207194867285,0.33503126669227895,0.33503126669227895,27.712812921102035,27.57556915283203,0.9950476420902946,0.3575759793714744,0.3046309569769507,0.33503126669227895,0.3575759793714744,0.3046309569769507,0.025,0.025,1.0672913692557011,0.9092612757744475,0.0008167433552443981,1.1707439625752158e-05,1.1707439625752158e-05,1.2705727728378136e-05,0.00022329315656015279,2.4413167354130294e-05,0.00021531759414843724,0.00023500059618590494,0.8433899321077463,True,0.002474959706887603,1297.2904052734375,0.0001073231251211837
7,1750,3,blocks.0.attn.v.weight,attn_v,0,73.2045669555664,0.37856672163531974,0.37463701407462013,0.37856672163531974,0.37856672163531974,27.712812921102035,27.425140380859375,0.9896195113407773,0.3023662523395438,0.3046309569769507,0.37856672163531974,0.3023662523395438,0.3046309569769507,0.025,0.025,0.7987132388007913,0.8046955518462272,0.0018263605888932943,6.537193257827312e-05,6.537193257827312e-05,0.00048243017303141824,0.001828255329304262,0.0005478021056096914,0.0018672234911471187,0.0018936272618825351,0.38164275907933193,True,0.011068863794207573,5793.5859375,0.0011064119171351194
7,1750,4,blocks.0.mlp.fc.weight,mlp_fc,0,169.94679260253906,0.32613516850435686,0.32607031494034494,0.32613516850435686,0.32613516850435686,55.42562584220407,55.41460418701172,0.9998011451377431,0.3054744534335795,0.3046309569769507,0.32613516850435686,0.3054744534335795,0.3046309569769507,0.035,0.0375,0.936649840109159,0.9340635000327513,0.0026305867359042168,6.426805339287966e-05,6.426805339287966e-05,0.00020309556097269698,0.0008334186672000324,0.00026736361436557665,0.0008801647448579062,0.000897686720592912,0.24084881149508214,True,0.007633349858224392,3997.805419921875,0.0005829288274981081
7,1750,5,blocks.0.mlp.proj.weight,mlp_proj,0,104.5479965209961,0.2650726349934075,0.26502362749451247,0.2650726349934075,0.2650726349934075,27.712812921102035,27.70768928527832,0.9998151167173718,0.24499455357084032,0.3046309569769507,0.2650726349934075,0.24499455357084032,0.3046309569769507,0.035,0.025,0.9242544164430005,1.149235782050935,0.004980536177754402,0.0002463367418386042,0.0002463367418386042,0.0006976431785813244,0.003595548252641844,0.0009439799204199286,0.004207688424151757,0.0038418849944804483,0.1933887433727299,True,0.02241179347038269,11741.6259765625,0.003446400398388505
7,1750,6,blocks.1.attn.k.weight,attn_k,1,76.2187271118164,0.3635958506686428,0.35992352360191443,0.3635958506686428,0.3635958506686428,27.712812921102035,27.432912826538086,0.9898999753160814,0.357380554537427,0.3046309569769507,0.3635958506686428,0.357380554537427,0.3046309569769507,0.025,0.025,0.9829060311887882,0.8378284747109812,0.000765786215197295,5.5548913223901764e-05,5.5548913223901764e-05,4.996683239360809e-05,0.0007017131971653699,0.00010551574561750985,0.0007000953175992777,0.0007572621103892717,0.1808715607483892,True,0.004134820774197578,2162.131591796875,0.001303390716202557
7,1750,7,blocks.1.attn.proj.weight,attn_proj,1,78.7520980834961,0.35189936008714096,0.3485602626185569,0.35189936008714096,0.35189936008714096,27.712812921102035,27.449851989746094,0.9905112147184558,0.29081182371825426,0.3046309569769507,0.35189936008714096,0.29081182371825426,0.3046309569769507,0.03,0.025,0.8264062305945666,0.8656763595748365,0.0018923559691756964,5.989157943986356e-05,5.989157943986356e-05,0.00021755150322416282,0.0020761023453364008,0.0002774430826640264,0.002145221937367731,0.0021359939247762643,0.4012129434171713,True,0.011322556994855404,5931.9169921875,0.0008821046212688088
7,1750,8,blocks.1.attn.q.weight,attn_q,1,78.53595733642578,0.35286783100367897,0.3490815888881343,0.35286783100367897,0.35286783100367897,27.712812921102035,27.415456771850586,0.9892700841990303,0.3575759793714744,0.3046309569769507,0.35286783100367897,0.3575759793714744,0.3046309569769507,0.025,0.025,1.0133425264479445,0.863300449095839,0.0007299210992641747,3.278830263298005e-05,3.278830263298005e-05,3.98061802279587e-05,0.0006241243130037614,7.259448286093875e-05,0.0006049067755752957,0.0006569126156367414,0.2834578186278488,True,0.0036972500383853912,1934.8690185546875,0.0006977950688451529
7,1750,9,blocks.1.attn.v.weight,attn_v,1,70.71519470214844,0.3918933269975155,0.38489560980072135,0.3918933269975155,0.3918933269975155,27.712812921102035,27.217967987060547,0.9821438215077515,0.3023662523395438,0.3046309569769507,0.3918933269975155,0.3023662523395438,0.3046309569769507,0.025,0.025,0.7715524391704192,0.7773313194967517,0.001869079889729619,9.213224984705448e-05,9.213224984705448e-05,0.0006232047195628686,0.0023389313991384417,0.0007153369694099231,0.002402267642727862,0.0024310636489854962,0.2868820969072435,True,0.0151376249268651,7928.22021484375,0.001856057089753449
7,1750,10,blocks.1.mlp.fc.weight,mlp_fc,1,181.09674072265625,0.30605534710912663,0.3059810263527636,0.30605534710912663,0.30605534710912663,55.42562584220407,55.412166595458984,0.9997571656333949,0.3054744534335795,0.3046309569769507,0.30605534710912663,0.3054744534335795,0.3046309569769507,0.035,0.0375,0.99810199795222,0.9953459720745605,0.0015473607927560806,3.16331788781099e-05,3.16331788781099e-05,0.0001381563070286455,0.0005148680146214458,0.0001697894859067554,0.0005359676553790136,0.0005465011934995557,0.27010841661026863,True,0.00597239937633276,3127.955810546875,0.00032708069193176925
7,1750,11,blocks.1.mlp.proj.weight,mlp_proj,1,109.56561279296875,0.2529334908523459,0.2527568967418923,0.2529334908523459,0.2529334908523459,27.712812921102035,27.693464279174805,0.9993018160234287,0.24499455357084032,0.3046309569769507,0.2529334908523459,0.24499455357084032,0.3046309569769507,0.035,0.025,0.9686125500630517,1.2043915416277715,0.0025061999913305044,4.129578155698255e-05,4.129578155698255e-05,0.0003221025322635546,0.0014153229939996043,0.0003633983138205371,0.0015985430042639122,0.0014566187755565869,0.5539056080153885,True,0.00699590053409338,3665.235107421875,0.0003327989543322474
7,1750,12,blocks.2.attn.k.weight,attn_k,2,79.33979797363281,0.34929270843759774,0.3467898235887897,0.34929270843759774,0.34929270843759774,27.712812921102035,27.51423454284668,0.9928344199911895,0.357380554537427,0.3046309569769507,0.34929270843759774,0.357380554537427,0.3046309569769507,0.025,0.025,1.0231549239490472,0.8721366052545984,0.0007581238751299679,1.8145521607948467e-05,1.8145521607948467e-05,3.2573602360856e-05,0.0005478050582061842,5.071912396880447e-05,0.0005178271870274108,0.0005659505798141326,0.5265985108917673,True,0.0029441877268254757,1541.189453125,0.00021668511908501387
7,1750,13,blocks.2.attn.proj.weight,attn_proj,2,80.87593841552734,0.3426583167260222,0.3397603298916592,0.3426583167260222,0.3426583167260222,27.712812921102035,27.478435516357422,0.9915426338924207,0.29081182371825426,0.3046309569769507,0.3426583167260222,0.29081182371825426,0.3046309569769507,0.03,0.025,0.8486933178708672,0.8890225104926408,0.0016485886881127954,3.670173464342952e-05,3.670173464342952e-05,0.00018266036361470827,0.0016324770978825712,0.00021936209825813778,0.0016767496345700828,0.0016691788325260007,0.5554006603626078,True,0.008686432614922523,4549.9951171875,0.00047217324026860297
7,1750,14,blocks.2.attn.q.weight,attn_q,2,79.92797088623047,0.3467223377977213,0.3441754685018617,0.3467223377977213,0.3467223377977213,27.712812921102035,27.509246826171875,0.992654441268387,0.3575759793714744,0.3046309569769507,0.3467223377977213,0.3575759793714744,0.3046309569769507,0.025,0.025,1.0313035544311688,0.8786020505972509,0.0007067747646942735,1.2935732229379937e-05,1.2935732229379937e-05,2.6892959909366796e-05,0.00045886373959922464,3.982869213874673e-05,0.0004318189944484492,0.0004717994718286046,0.6835829624063918,True,0.003281981684267521,1716.8575439453125,0.00024440520792268217
7,1750,15,blocks.2.attn.v.weight,attn_v,2,76.22943878173828,0.3635447586128758,0.3551901132407404,0.3635447586128758,0.3635447586128758,27.712812921102035,27.075942993164062,0.9770189359791396,0.3023662523395438,0.3046309569769507,0.3635447586128758,0.3023662523395438,0.3046309569769507,0.025,0.025,0.8317167148640464,0.8379462219157998,0.0022876812145113945,0.00022309369524009526,0.00022309369524009526,0.0009402087104980043,0.003654113813468906,0.0011633024057380995,0.003825260780756844,0.0038772075087090013,0.13451957498907313,True,0.025048140436410904,13128.4775390625,0.004733140114694834
7,1750,16,blocks.2.mlp.fc.weight,mlp_fc,2,181.32545471191406,0.3056693056706412,0.30573068862344566,0.3056693056706412,0.3056693056706412,55.42562584220407,55.4367561340332,1.0002008149057409,0.3054744534335795,0.3046309569769507,0.3056693056706412,0.3054744534335795,0.3046309569769507,0.035,0.0375,0.9993625390791718,0.9966030325111893,0.0017864708788692951,4.1036448237719014e-05,4.1036448237719014e-05,0.00017778912679611224,0.0006642256719206263,0.00021882557503383125,0.0006920375741653706,0.0007052621201583453,0.24008631235122097,True,0.007608436979353428,3985.95654296875,0.0005139126442372799
7,1750,17,blocks.2.mlp.proj.weight,mlp_proj,2,109.5450210571289,0.25298103604954814,0.2530213566592366,0.25298103604954814,0.25298103604954814,27.712812921102035,27.71722984313965,1.0001593819454628,0.24499455357084032,0.3046309569769507,0.25298103604954814,0.24499455357084032,0.3046309569769507,0.035,0.025,0.9684305092451926,1.204165188560958,0.002722053322941065,5.7325902162119746e-05,5.7325902162119746e-05,0.00043817872170650424,0.0018509632335978311,0.000495504623868624,0.0020911456160103274,0.0019082891357599509,0.43346405269770055,True,0.0090943006798625,4758.876953125,0.0005790091236121953
7,1750,18,blocks.3.attn.k.weight,attn_k,3,76.99427795410156,0.3599334087868506,0.35727673890290995,0.3599334087868506,0.3599334087868506,27.712812921102035,27.508264541625977,0.9926189961279498,0.357380554537427,0.3046309569769507,0.3599334087868506,0.357380554537427,0.3046309569769507,0.025,0.025,0.9929074262430155,0.8463536574826552,0.0006915614940226078,2.6829487978830002e-05,2.6829487978830002e-05,5.6701217931990946e-05,0.0007567517424061797,8.353070591082095e-05,0.0007204853936379283,0.0007835812303850097,0.3347803574612968,True,0.003192959586158395,1672.2083740234375,0.0003691051388159394
7,1750,19,blocks.3.attn.proj.weight,attn_proj,3,83.42625427246094,0.3321833535830944,0.32981372119917896,0.3321833535830944,0.3321833535830944,27.712812921102035,27.51512336730957,0.9928664926813715,0.29081182371825426,0.3046309569769507,0.3321833535830944,0.29081182371825426,0.3046309569769507,0.03,0.025,0.8754557402754042,0.9170566606997314,0.001606560661457479,2.8106009267503396e-05,2.8106009267503396e-05,0.00015993605188658306,0.0013991904635093691,0.00018804206115408646,0.0014343951613244295,0.0014272964727768725,0.6851650452202895,True,0.00687149353325367,3598.14013671875,0.0002682422928046435
7,1750,20,blocks.3.attn.q.weight,attn_q,3,78.35991668701172,0.35366057153676733,0.35071962811821933,0.35366057153676733,0.35366057153676733,27.712812921102035,27.48236083984375,0.9916842768031388,0.3575759793714744,0.3046309569769507,0.35366057153676733,0.3575759793714744,0.3046309569769507,0.025,0.025,1.011071089484738,0.861365335845137,0.0006270167650654912,2.0281746401451528e-05,2.0281746401451528e-05,4.6005972384507337e-05,0.0005581959276717836,6.628771878595886e-05,0.0005330471802559938,0.0005784776740732351,0.3945298246014949,True,0.0034277380909770727,1794.302734375,0.0004542686219792813
7,1750,21,blocks.3.attn.v.weight,attn_v,3,77.87709045410156,0.3558532138207595,0.3494104730381696,0.3558532138207595,0.3558532138207595,27.712812921102035,27.211071014404297,0.9818949484440216,0.3023662523395438,0.3046309569769507,0.3558532138207595,0.3023662523395438,0.3046309569769507,0.025,0.025,0.8496937517946467,0.8560579057475954,0.002075576689094305,0.00014431821182370186,0.00014431821182370186,0.0008002631846317532,0.0030936797695366755,0.0009445813964554551,0.00319904457168121,0.0032379979813603773,0.18467492349534986,True,0.0197089035063982,10320.53515625,0.002984137972816825
7,1750,22,blocks.3.mlp.fc.weight,mlp_fc,3,182.30072021484375,0.3040340475719693,0.30399175208373974,0.3040340475719693,0.3040340475719693,55.42562584220407,55.41791534423828,0.9998608856851208,0.3054744534335795,0.3046309569769507,0.3040340475719693,0.3054744534335795,0.3046309569769507,0.035,0.0375,1.0047376465666045,1.0019632978929445,0.0017943565035238862,4.274059756426141e-05,4.274059756426141e-05,0.00018667184781220693,0.0006935559659076028,0.00022941244537646834,0.0007224819934511736,0.0007362965634718642,0.2302924811457451,True,0.007722986396402121,4046.594970703125,0.0005449532764032483
7,1750,23,blocks.3.mlp.proj.weight,mlp_proj,3,110.70513153076172,0.2503299760174302,0.2504065892859988,0.2503299760174302,0.2503299760174302,27.712812921102035,27.721294403076172,1.0003060491188058,0.24499455357084032,0.3046309569769507,0.2503299760174302,0.24499455357084032,0.3046309569769507,0.035,0.025,0.9786864420654986,1.2169176133973647,0.002913922071456909,0.00014753358846064657,0.00014753358846064657,0.0006035813896789974,0.002557856626309818,0.0007511149781396439,0.002956944422258234,0.0027053902147704647,0.17841003354464857,True,0.01888580061495304,9864.2900390625,0.0033157942816615105
7,1750,24,blocks.4.attn.k.weight,attn_k,4,78.02272033691406,0.3551890116293544,0.3517239219626744,0.3551890116293544,0.3551890116293544,27.712812921102035,27.44245719909668,0.9902443781952033,0.357380554537427,0.3046309569769507,0.3551890116293544,0.357380554537427,0.3046309569769507,0.025,0.025,1.0061700751890363,0.8576587309937339,0.001044688979163766,8.513873763149604e-05,8.513873763149604e-05,8.574578458942097e-05,0.0012152269475717073,0.000170884522220917,0.001206887119253779,0.0013003656852032034,0.1572674041263556,True,0.006691906601190567,3490.91845703125,0.001708927913568914
7,1750,25,blocks.4.attn.proj.weight,attn_proj,4,89.30604553222656,0.3103128433908958,0.30850129964301976,0.3103128433908958,0.3103128433908958,27.712812921102035,27.5510311126709,0.9941622018345186,0.29081182371825426,0.3046309569769507,0.3103128433908958,0.29081182371825426,0.3046309569769507,0.03,0.025,0.9371569044337734,0.9816898122815119,0.0013400327879935503,1.8957374777528457e-05,1.8957374777528457e-05,0.0001266107470773592,0.0010992881203113882,0.00014556812185488767,0.001124322038940504,0.0011182454950889166,0.7915099334657685,True,0.005601084791123867,2933.470947265625,0.00019111834990326315
7,1750,26,blocks.4.attn.q.weight,attn_q,4,77.30123901367188,0.35850412328061926,0.353334914787045,0.35850412328061926,0.35850412328061926,27.712812921102035,27.3132266998291,0.9855811742239754,0.3575759793714744,0.3046309569769507,0.35850412328061926,0.3575759793714744,0.3046309569769507,0.025,0.025,0.9974110648975204,0.8497279032366963,0.0010786375496536493,0.00017886651039589196,0.00017886651039589196,9.163299904318566e-05,0.0014453126444389972,0.0002704995094390776,0.001513373819822528,0.0016241791548348892,0.07801175456228293,True,0.0099484259262681,5188.97314453125,0.0042593153193593025
7,1750,27,blocks.4.attn.v.weight,attn_v,4,83.86122131347656,0.33046040216264494,0.3247022932792579,0.33046040216264494,0.33046040216264494,27.712812921102035,27.229930877685547,0.9825754951404159,0.3023662523395438,0.3046309569769507,0.33046040216264494,0.3023662523395438,0.3046309569769507,0.025,0.025,0.9149848222684367,0.9218380023244612,0.0020075333304703236,0.00015047707711346447,0.00015047707711346447,0.0007511060119483857,0.0029625864043937365,0.0009015830890618502,0.0030827056805310007,0.003113063481507201,0.15908573348877766,True,0.019216211512684822,10060.0234375,0.0030132534448057413
7,1750,28,blocks.4.mlp.fc.weight,mlp_fc,4,182.4854278564453,0.30372631115403587,0.3037471889184735,0.30372631115403587,0.30372631115403587,55.42562584220407,55.42943572998047,1.0000687387416651,0.3054744534335795,0.3046309569769507,0.30372631115403587,0.3054744534335795,0.3046309569769507,0.035,0.0375,1.005755649791753,1.002978490139618,0.001971099991351366,5.387169949244708e-05,5.387169949244708e-05,0.00022538778143851775,0.000868193686066749,0.00027925948093096483,0.0009073824586179535,0.0009220653855591961,0.20050249878329443,True,0.009639458730816841,5044.69921875,0.0007538049831055105
7,1750,29,blocks.4.mlp.proj.weight,mlp_proj,4,111.43461608886719,0.2486912406015878,0.24862448255704744,0.2486912406015878,0.2486912406015878,27.712812921102035,27.705373764038086,0.9997315625416615,0.24499455357084032,0.3046309569769507,0.2486912406015878,0.24499455357084032,0.3046309569769507,0.035,0.025,0.9851354353221081,1.2249364160958942,0.0028611873276531696,9.271383169107139e-05,9.271383169107139e-05,0.0005431171151915524,0.0022432195502000815,0.0006358309468826238,0.002556439952602578,0.002335933381891153,0.27693741982221665,True,0.013580630533397198,7096.92626953125,0.0015206960961222649
7,1750,30,blocks.5.attn.k.weight,attn_k,5,78.8357162475586,0.3515261132920861,0.34937874734289326,0.3515261132920861,0.3515261132920861,27.712812921102035,27.54352378845215,0.9938913046058568,0.357380554537427,0.3046309569769507,0.3515261132920861,0.357380554537427,0.3046309569769507,0.025,0.025,1.0166543566010313,0.8665955257890904,0.0007290372159332037,2.2679236280964687e-05,2.2679236280964687e-05,5.123374683102179e-05,0.0006671811979710708,7.391298311198648e-05,0.0006350274397029914,0.0006898604342520355,0.40775402377305614,True,0.0032947538420557976,1721.5150146484375,0.00031950330594554543
7,1750,31,blocks.5.attn.proj.weight,attn_proj,5,94.71469116210938,0.2925925490658048,0.29073964166256355,0.2925925490658048,0.2925925490658048,27.712812921102035,27.537315368652344,0.9936672775531906,0.29081182371825426,0.3046309569769507,0.2925925490658048,0.29081182371825426,0.3046309569769507,0.03,0.025,0.9939139757548986,1.0411439318929425,0.0012661803048104048,1.53787768795155e-05,1.53787768795155e-05,0.00011376707260166182,0.00093675518237471,0.00012914584948117732,0.0009553221326881593,0.0009521339592542255,0.8692734400121283,True,0.0054084681905806065,2834.852294921875,0.0001556013012304902
7,1750,32,blocks.5.attn.q.weight,attn_q,5,77.9806137084961,0.3553808004730115,0.35285143685962134,0.3553808004730115,0.3553808004730115,27.712812921102035,27.51557159423828,0.9928826666774933,0.3575759793714744,0.3046309569769507,0.3553808004730115,0.3575759793714744,0.3046309569769507,0.025,0.025,1.0061769766277218,0.8571958771309175,0.0006446107290685177,1.6510748537257314e-05,1.6510748537257314e-05,3.724081597573614e-05,0.00047028156496303205,5.375156451299345e-05,0.00044859351806028516,0.00048679231350028936,0.5006614097873919,True,0.0034298254176974297,1791.07568359375,0.0003732063341885805
7,1750,33,blocks.5.attn.v.weight,attn_v,5,90.48448944091797,0.3062714183649914,0.30034526609354845,0.3062714183649914,0.3062714183649914,27.712812921102035,27.17658805847168,0.9806506519508872,0.3023662523395438,0.3046309569769507,0.3062714183649914,0.3023662523395438,0.3046309569769507,0.025,0.025,0.9872493292181979,0.994643765987704,0.002041447442024946,0.0001592986227478832,0.0001592986227478832,0.0008001754479299263,0.0031344143266038575,0.0009594740706778095,0.0032540901633723446,0.0032937129493517407,0.14162895216117558,True,0.020424995571374893,10694.6865234375,0.0031277972739189863
7,1750,34,blocks.5.mlp.fc.weight,mlp_fc,5,182.95407104492188,0.3029483056903121,0.30289423471640303,0.3029483056903121,0.3029483056903121,55.42562584220407,55.415733337402344,0.9998215174903051,0.3054744534335795,0.3046309569769507,0.3029483056903121,0.3054744534335795,0.3046309569769507,0.035,0.0375,1.008338543889563,1.0055542521777912,0.001835071248933673,3.448060306254774e-05,3.448060306254774e-05,0.0001860535506782735,0.000687057998978851,0.00022053415374082125,0.0007083703113592754,0.0007215386020413987,0.2908948283304748,True,0.007990189827978611,4186.66259765625,0.0005017273942939937
7,1750,35,blocks.5.mlp.proj.weight,mlp_proj,5,112.8590087890625,0.2455525103263867,0.24549484217032885,0.2455525103263867,0.2455525103263867,27.712812921102035,27.7063045501709,0.9997651493931826,0.24499455357084032,0.3046309569769507,0.2455525103263867,0.24499455357084032,0.3046309569769507,0.035,0.025,0.9977277497395374,1.240593942908738,0.0023564493749290705,2.9881572118029e-05,2.9881572118029e-05,0.00031362197292501295,0.001302501058174036,0.00034350354504304194,0.001461611576673573,0.001332382630292065,0.6987445598111962,True,0.006911431904882193,3621.409423828125,0.00025452414411120117
7,1750,36,blocks.6.attn.k.weight,attn_k,6,77.69258117675781,0.3566983166391759,0.35432025521730076,0.3566983166391759,0.3566983166391759,27.712812921102035,27.52805519104004,0.9933331296758652,0.357380554537427,0.3046309569769507,0.3566983166391759,0.357380554537427,0.3046309569769507,0.025,0.025,1.0019126468122395,0.854029701758041,0.000949520559515804,2.6033774702227674e-05,2.6033774702227674e-05,5.917181533627582e-05,0.000797256323603074,8.52055900385035e-05,0.000755324526703112,0.0008232900983053017,0.4694482023847058,True,0.00413146149367094,2165.1484375,0.0003280427190475166
7,1750,37,blocks.6.attn.proj.weight,attn_proj,6,101.39594268798828,0.2733128386249028,0.2715501586172429,0.2733128386249028,0.2733128386249028,27.712812921102035,27.53408432006836,0.9935506871300827,0.29081182371825426,0.3046309569769507,0.2733128386249028,0.29081182371825426,0.3046309569769507,0.03,0.025,1.0640254778421414,1.114587073587967,0.0010253405198454857,8.988492481876165e-06,8.988492481876165e-06,8.006871780500721e-05,0.0006356924619275565,8.905721028688338e-05,0.0006453841959806368,0.0006446809544094327,1.1250211408867898,True,0.004365486558526754,2287.377197265625,9.793809294933453e-05
7,1750,38,blocks.6.attn.q.weight,attn_q,6,74.77678680419922,0.3706071644087517,0.36832818886531415,0.3706071644087517,0.3706071644087517,27.712812921102035,27.54239845275879,0.9938506975517637,0.3575759793714744,0.3046309569769507,0.3706071644087517,0.3575759793714744,0.3046309569769507,0.025,0.025,0.9648382808301437,0.8219780571779929,0.0007818135782144964,1.2265300028957427e-05,1.2265300028957427e-05,4.189730199389818e-05,0.00048316991841885527,5.4162602022855606e-05,0.0004571920843872462,0.0004954352184478127,0.8524290334619519,True,0.003781478386372328,1978.2490234375,0.00021731163724325597
7,1750,39,blocks.6.attn.v.weight,attn_v,6,98.36554718017578,0.28173292088072854,0.2761551664321821,0.28173292088072854,0.28173292088072854,27.712812921102035,27.164154052734375,0.980201978415916,0.3023662523395438,0.3046309569769507,0.28173292088072854,0.3023662523395438,0.3046309569769507,0.025,0.025,1.0732372042085574,1.0812756848743141,0.001864956459030509,0.0001451459975214675,0.0001451459975214675,0.0007239083552798429,0.0028244507650354547,0.0008690543528013104,0.002924987190151092,0.0029695967625569222,0.1306232906423415,True,0.01876421459019184,9833.146484375,0.0027492353692650795
7,1750,40,blocks.6.mlp.fc.weight,mlp_fc,6,183.9915771484375,0.3012400170769163,0.30116338250426605,0.3012400170769163,0.3012400170769163,55.42562584220407,55.41152572631836,0.9997456029468056,0.3054744534335795,0.3046309569769507,0.3012400170769163,0.3054744534335795,0.3046309569769507,0.035,0.0375,1.0140566860862381,1.0112566050584462,0.0018577786395326257,3.257562639191747e-05,3.257562639191747e-05,0.0001683439891472899,0.000608413412526219,0.00020091961553920737,0.0006282979877123557,0.0006409890389181365,0.3099582837592128,True,0.007183234207332134,3763.2451171875,0.00042651849798858166
7,1750,41,blocks.6.mlp.proj.weight,mlp_proj,6,113.46416473388672,0.2442428672180182,0.24422859102439107,0.2442428672180182,0.2442428672180182,27.712812921102035,27.711193084716797,0.9999415491891838,0.24499455357084032,0.3046309569769507,0.2442428672180182,0.24499455357084032,0.3046309569769507,0.035,0.025,1.0030776184434125,1.2472460729222785,0.0024887113831937313,2.9689947041333653e-05,2.9689947041333653e-05,0.00030601054561204383,0.0012296946499962083,0.0003357004926533775,0.0013798872626214172,0.001259384597037542,0.738765134237627,True,0.006634552497416735,3476.68115234375,0.00022487335081677884
7,1750,42,blocks.7.attn.k.weight,attn_k,7,77.15458679199219,0.35918555297062815,0.3572179422803081,0.35918555297062815,0.35918555297062815,27.712812921102035,27.561002731323242,0.9945220216290929,0.357380554537427,0.3046309569769507,0.35918555297062815,0.357380554537427,0.3046309569769507,0.025,0.025,0.9949747465668567,0.8481158400094712,0.0006290972232818604,1.1731575796147808e-05,1.1731575796147808e-05,2.8234477576515438e-05,0.00040522204251164,3.9966053372663246e-05,0.0003818992223676404,0.0004169536183077878,0.6950237858243629,True,0.0024478398263454437,1281.97119140625,0.0001961466041393578
7,1750,43,blocks.7.attn.proj.weight,attn_proj,7,102.3151626586914,0.2708573411894772,0.26912181308396876,0.2708573411894772,0.2708573411894772,27.712812921102035,27.535242080688477,0.9935924642179378,0.29081182371825426,0.3046309569769507,0.2708573411894772,0.29081182371825426,0.3046309569769507,0.03,0.025,1.0736715587664947,1.1246915281644418,0.0010702887084335089,1.0152329195989296e-05,1.0152329195989296e-05,8.368273523019457e-05,0.0006541611226681077,9.383506442618387e-05,0.0006642927324265676,0.000664313451864097,1.0303748580341812,True,0.004705547355115414,2466.437255859375,0.00010702330473577604
7,1750,44,blocks.7.attn.q.weight,attn_q,7,75.36132049560547,0.36773258136736137,0.3654384309234465,0.36773258136736137,0.36773258136736137,27.712812921102035,27.5399227142334,0.9937613620327589,0.3575759793714744,0.3046309569769507,0.36773258136736137,0.3575759793714744,0.3046309569769507,0.025,0.025,0.9723804674632824,0.8284034986625981,0.0006111901602707803,7.890006600064225e-06,7.890006600064225e-06,2.3742959731281654e-05,0.0003275512921989843,3.163296633134588e-05,0.0003082582444239451,0.0003354412987990485,1.0278991043607295,True,0.0027826782315969467,1455.87109375,0.00021174855646677315
7,1750,45,blocks.7.attn.v.weight,attn_v,7,100.56620025634766,0.2755678632628145,0.2713093808683458,0.2755678632628145,0.2755678632628145,27.712812921102035,27.28455352783203,0.984546520250786,0.3023662523395438,0.3046309569769507,0.2755678632628145,0.3023662523395438,0.3046309569769507,0.025,0.025,1.0972478748408014,1.1054661939531685,0.0016016365261748433,8.637971041025594e-05,8.637971041025594e-05,0.0005615711276231182,0.0021461294974291036,0.0006479508380333741,0.0021947312116060626,0.0022325092078393596,0.1843742130081436,True,0.013733495026826859,7193.6611328125,0.001427978160791099
7,1750,46,blocks.7.mlp.fc.weight,mlp_fc,7,182.9197235107422,0.3030051914491831,0.30301079586817364,0.3030051914491831,0.3030051914491831,55.42562584220407,55.42665100097656,1.0000184961154144,0.3054744534335795,0.3046309569769507,0.3030051914491831,0.3054744534335795,0.3046309569769507,0.035,0.0375,1.008149239861491,1.005365470868641,0.001811494235880673,2.6698955480242148e-05,2.6698955480242148e-05,0.0001490592655504256,0.000526696070884586,0.00017575822103066776,0.0005420606497790783,0.0005533950263648281,0.3709216209656284,True,0.006681081838905811,3501.58544921875,0.0003748598101083189
7,1750,47,blocks.7.mlp.proj.weight,mlp_proj,7,114.4980239868164,0.24203747764496755,0.2419924457695589,0.24203747764496755,0.24203747764496755,27.712812921102035,27.707656860351562,0.9998139466836098,0.24499455357084032,0.3046309569769507,0.24203747764496755,0.24499455357084032,0.3046309569769507,0.035,0.025,1.0122174299395499,1.2586106909600105,0.002456167945638299,3.0093051464064047e-05,3.0093051464064047e-05,0.0003019513042572428,0.0011718984692816615,0.00033204435572130683,0.001316012004598347,0.0012019915207457255,0.7128429187702029,True,0.00655723549425602,3437.42138671875,0.0002436841168673709
7,1750,48,blocks.8.attn.k.weight,attn_k,8,76.7330322265625,0.361158840162565,0.35918524209469194,0.361158840162565,0.361158840162565,27.712812921102035,27.561372756958008,0.9945353737790827,0.357380554537427,0.3046309569769507,0.361158840162565,0.357380554537427,0.3046309569769507,0.025,0.025,0.9895384379254366,0.8434819339873559,0.0007294454844668508,1.1275125871179625e-05,1.1275125871179625e-05,2.8677063307293344e-05,0.00040450000345718356,3.995218917847297e-05,0.00038089395369264177,0.0004157751293283632,0.8431193970997795,True,0.002780535025522113,1458.286376953125,0.00016092037549242377
7,1750,49,blocks.8.attn.proj.weight,attn_proj,8,109.32545471191406,0.25348911645626065,0.25195847644712716,0.25348911645626065,0.25348911645626065,27.712812921102035,27.545475006103516,0.9939617131081234,0.29081182371825426,0.3046309569769507,0.25348911645626065,0.29081182371825426,0.3046309569769507,0.03,0.025,1.1472359357425652,1.2017516224587674,0.0009754152852110565,8.109275768219959e-06,8.109275768219959e-06,7.022344161728447e-05,0.00053563679396069,7.833271738550443e-05,0.0005424418586757206,0.0005437460697289099,1.1002368713889177,True,0.004584374371916056,2402.73828125,0.00010447578824823722
7,1750,50,blocks.8.attn.q.weight,attn_q,8,75.88421630859375,0.3651986443189189,0.36286231578066375,0.3651986443189189,0.3651986443189189,27.712812921102035,27.5355224609375,0.9936025815687033,0.3575759793714744,0.3046309569769507,0.3651986443189189,0.3575759793714744,0.3046309569769507,0.025,0.025,0.9791273459909456,0.8341513905263133,0.0007096389890648425,7.926373655209318e-06,7.926373655209318e-06,1.78334443178317e-05,0.0002982629959834539,2.5759817973041018e-05,0.0002807209494883983,0.0003061893696386632,1.1798083723582857,True,0.0030801091343164444,1614.8985595703125,0.00015397318929899484
7,1750,51,blocks.8.attn.v.weight,attn_v,8,107.7936019897461,0.2570914452208233,0.25350498767652013,0.2570914452208233,0.2570914452208233,27.712812921102035,27.326215744018555,0.9860498759839315,0.3023662523395438,0.3046309569769507,0.2570914452208233,0.3023662523395438,0.3046309569769507,0.025,0.025,1.1761039037290124,1.1849128496488646,0.0014425474219024181,5.6899632909335196e-05,5.6899632909335196e-05,0.00040375059202305236,0.0015554505785244385,0.00046065022493238755,0.001579577944211752,0.0016123502114337737,0.23519476451259377,True,0.012654107064008713,6632.34521484375,0.0010567036224529147
7,1750,52,blocks.8.mlp.fc.weight,mlp_fc,8,183.49066162109375,0.3020623793741471,0.3019821884695213,0.3020623793741471,0.3020623793741471,55.42562584220407,55.410911560058594,0.9997345220388243,0.3054744534335795,0.3046309569769507,0.3020623793741471,0.3054744534335795,0.3046309569769507,0.035,0.0375,1.0112959252539226,1.0085034674232705,0.0017787427641451359,2.2890772015671246e-05,2.2890772015671246e-05,0.00012898786384574624,0.0004527511726829214,0.0001518786358614175,0.0004651854571928612,0.00047564194469859264,0.4234856901311218,True,0.006068182643502951,3179.754150390625,0.0003032954118680209
7,1750,53,blocks.8.mlp.proj.weight,mlp_proj,8,115.70597076416016,0.23951065565655372,0.23951012385554066,0.23951065565655372,0.23951065565655372,27.712812921102035,27.712751388549805,0.9999977796352754,0.24499455357084032,0.3046309569769507,0.23951065565655372,0.24499455357084032,0.3046309569769507,0.035,0.025,1.0228962586205361,1.271888952672637,0.002475075889378786,2.4057982955127954e-05,2.4057982955127954e-05,0.00026314278576872825,0.0009699730812414724,0.0002872007687238562,0.0010865677881406349,0.0009940310641966003,0.8891469361579976,True,0.006329791620373726,3316.6630859375,0.00021710646979045123
7,1750,54,blocks.9.attn.k.weight,attn_k,9,76.82975006103516,0.3607041920491268,0.35844646631173466,0.3607041920491268,0.3607041920491268,27.712812921102035,27.539352416992188,0.9937407832036507,0.357380554537427,0.3046309569769507,0.3607041920491268,0.357380554537427,0.3046309569769507,0.025,0.025,0.9907856975744626,0.8445450973174742,0.0006816093809902668,1.890336898213718e-05,1.890336898213718e-05,3.8609175534219e-05,0.0005520116982397601,5.751254451635618e-05,0.0005230144908783676,0.0005709150672218973,0.4693176928764692,True,0.0029168243054300547,1531.7901611328125,0.0002843247202690691
7,1750,55,blocks.9.attn.proj.weight,attn_proj,9,107.99720001220703,0.2566067723790027,0.25475941740715274,0.2566067723790027,0.2566067723790027,27.712812921102035,27.513303756713867,0.9928008331396684,0.29081182371825426,0.3046309569769507,0.2566067723790027,0.29081182371825426,0.3046309569769507,0.03,0.025,1.1332975393522795,1.187150885195724,0.001006880309432745,1.161955515271984e-05,1.161955515271984e-05,8.53153239618893e-05,0.0006776046565394265,9.693487911460914e-05,0.0006887036090703996,0.0006892242116921463,0.8023721577355681,True,0.005842976737767458,3061.4951171875,0.00020537232921924442
7,1750,56,blocks.9.attn.q.weight,attn_q,9,76.15238952636719,0.36391258492954687,0.3616690407381809,0.36391258492954687,0.36391258492954687,27.712812921102035,27.541961669921875,0.9938349365087343,0.3575759793714744,0.3046309569769507,0.36391258492954687,0.3575759793714744,0.3046309569769507,0.025,0.025,0.9825875613526824,0.8370992639233045,0.0006326914299279451,1.1297312084934674e-05,1.1297312084934674e-05,2.0832282535491124e-05,0.0003671408922873869,3.21295946204258e-05,0.00034729850902832563,0.00037843820437232157,0.7354163658121358,True,0.0028050828259438276,1472.051513671875,0.00024011425557546318
7,1750,57,blocks.9.attn.v.weight,attn_v,9,106.22467803955078,0.26088865066537253,0.2577632242461253,0.26088865066537253,0.26088865066537253,27.712812921102035,27.380815505981445,0.9880200751881167,0.3023662523395438,0.3046309569769507,0.26088865066537253,0.3023662523395438,0.3046309569769507,0.025,0.025,1.1589858415396241,1.167666574226274,0.0013096858747303486,4.7932990128174424e-05,4.7932990128174424e-05,0.0003443640443653815,0.0014105985716528833,0.0003922970344935559,0.0014288478078327575,0.0014585315617810578,0.2572214596490843,True,0.010159195400774479,5322.48583984375,0.000818531378172338
7,1750,58,blocks.9.mlp.fc.weight,mlp_fc,9,183.75054931640625,0.30163515727381485,0.30168588977698074,0.30163515727381485,0.30163515727381485,55.42562584220407,55.4349479675293,1.0001681916114356,0.3054744534335795,0.3046309569769507,0.30163515727381485,0.3054744534335795,0.3046309569769507,0.035,0.0375,1.0127282780776097,1.009931865138706,0.0017481888644397259,2.2833588445791975e-05,2.2833588445791975e-05,0.00011986423880065323,0.0004181755143168129,0.0001426978272464452,0.0004308614856777467,0.00044100910276260487,0.41666357369456286,True,0.005700941197574139,2986.79638671875,0.00033271097345277667
7,1750,59,blocks.9.mlp.proj.weight,mlp_proj,9,117.00443267822266,0.23685267546500446,0.23686563091235097,0.23685267546500446,0.23685267546500446,27.712812921102035,27.71432876586914,1.000054698336521,0.24499455357084032,0.3046309569769507,0.23685267546500446,0.24499455357084032,0.3046309569769507,0.035,0.025,1.034375284509036,1.2861621950390871,0.0024861199781298637,2.685176150407642e-05,2.685176150407642e-05,0.00026475860919707275,0.0009619747762548904,0.0002916103707011492,0.0010805116964351007,0.0009888265377589669,0.7913106069742926,True,0.0065056621097028255,3409.967529296875,0.00023388520639855415
7,1750,60,blocks.10.attn.k.weight,attn_k,10,75.86288452148438,0.36530133405689,0.3633752702770607,0.36530133405689,0.36530133405689,27.712812921102035,27.566696166992188,0.9947274657925979,0.357380554537427,0.3046309569769507,0.36530133405689,0.357380554537427,0.3046309569769507,0.025,0.025,0.9783171349759443,0.8339169025030418,0.0005421610549092293,1.4329798432299867e-05,1.4329798432299867e-05,2.0649523574629424e-05,0.00034417607402211506,3.497932200692929e-05,0.00032863084928426206,0.00035850587245441493,0.4987224108790981,True,0.0021873919758945704,1144.0400390625,0.00023175973910838366
7,1750,61,blocks.10.attn.proj.weight,attn_proj,10,106.33379364013672,0.2606209368856898,0.25828509197171134,0.2606209368856898,0.2606209368856898,27.712812921102035,27.464433670043945,0.9910373857837809,0.29081182371825426,0.3046309569769507,0.2606209368856898,0.29081182371825426,0.3046309569769507,0.03,0.025,1.1158421391363749,1.1688660190434508,0.0009052753448486328,1.3817241779179312e-05,1.3817241779179312e-05,8.988106229130536e-05,0.0007151032333896693,0.00010369830407048467,0.0007279431164075216,0.0007289204751688486,0.616152233466671,True,0.006348185241222382,3326.70068359375,0.0003091567486990243
7,1750,62,blocks.10.attn.q.weight,attn_q,10,76.42809295654297,0.3625998222520029,0.36047125838637456,0.3625998222520029,0.3625998222520029,27.712812921102035,27.55013084411621,0.9941297161912442,0.3575759793714744,0.3046309569769507,0.3625998222520029,0.3575759793714744,0.3046309569769507,0.025,0.025,0.98614493838048,0.8401299125988968,0.0005313841393217444,1.295669972023461e-05,1.295669972023461e-05,1.3120735727656501e-05,0.00031288630509227155,2.607743544789111e-05,0.00029810872338910177,0.00032584300481250616,0.536612976317883,True,0.002602549269795418,1358.4351806640625,0.0003489887749310583
7,1750,63,blocks.10.attn.v.weight,attn_v,10,105.23802947998047,0.2633345859670802,0.2603193226733892,0.2633345859670802,0.2633345859670802,27.712812921102035,27.395492553710938,0.9885496875292125,0.3023662523395438,0.3046309569769507,0.2633345859670802,0.3023662523395438,0.3046309569769507,0.025,0.025,1.1482208128078664,1.1568209160912613,0.0010476456955075264,2.934028088930063e-05,2.934028088930063e-05,0.0002519465189964503,0.00103644720120307,0.00028128679988575095,0.0010435013373934071,0.0010657874820923707,0.3392949987223472,True,0.00791096780449152,4144.67236328125,0.00048303569201380014
7,1750,64,blocks.10.mlp.fc.weight,mlp_fc,10,183.1627960205078,0.3026030779525682,0.3026615750385467,0.3026030779525682,0.3026030779525682,55.42562584220407,55.43634033203125,1.000193312924561,0.3054744534335795,0.3046309569769507,0.3026030779525682,0.3054744534335795,0.3046309569769507,0.035,0.0375,1.0094889169681922,1.006701448769468,0.001798607176169753,2.2732436264050193e-05,2.2732436264050193e-05,0.00010875456620671473,0.00036890054298379597,0.00013148700247076492,0.0003819723047302342,0.00039163297924784616,0.431969491540211,True,0.005330877844244242,2791.964599609375,0.00027955611585639417
7,1750,65,blocks.10.mlp.proj.weight,mlp_proj,10,118.34798431396484,0.23416379317101707,0.23407068427261168,0.23416379317101707,0.23416379317101707,27.712812921102035,27.701793670654297,0.9996023770492332,0.24499455357084032,0.3046309569769507,0.23416379317101707,0.24499455357084032,0.3046309569769507,0.035,0.025,1.0462529251561672,1.3009310826907783,0.0026730969548225403,3.575807568267919e-05,3.575807568267919e-05,0.0003004135878209347,0.0010512309222366122,0.0003361716635036139,0.0011865549178749827,0.0010869889979192914,0.6316546628580206,True,0.007326238323003054,3836.908447265625,0.0003581469354685396
7,1750,66,blocks.11.attn.k.weight,attn_k,11,76.60089111328125,0.3617818607373501,0.3599305773013963,0.3617818607373501,0.3617818607373501,27.712812921102035,27.571002960205078,0.9948828738063982,0.357380554537427,0.3046309569769507,0.3617818607373501,0.357380554537427,0.3046309569769507,0.025,0.025,0.9878343646335592,0.8420293829991373,0.0005783021333627403,1.1182166417711414e-05,1.1182166417711414e-05,2.3122046924441193e-05,0.0003543011451455208,3.430421334215261e-05,0.0003346212527544657,0.0003654833115632322,0.6751418372216766,True,0.0022138087078928947,1159.9600830078125,0.0001654854859225452
7,1750,67,blocks.11.attn.proj.weight,attn_proj,11,110.5956802368164,0.2505777157097015,0.2471675283873174,0.2505777157097015,0.2505777157097015,27.712812921102035,27.335660934448242,0.986390699936252,0.29081182371825426,0.3046309569769507,0.2505777157097015,0.29081182371825426,0.3046309569769507,0.03,0.025,1.1605653874471609,1.215714478496846,0.001100407913327217,4.923575761495158e-05,4.923575761495158e-05,0.00011443875639665109,0.0010851257334395532,0.00016367451401160267,0.0011309910525432016,0.0011343614910545047,0.20208538946836702,True,0.011059675365686417,5789.61474609375,0.0015149493701756
7,1750,68,blocks.11.attn.q.weight,attn_q,11,76.59703826904297,0.36180005842735424,0.3599637968243512,0.36180005842735424,0.36180005842735424,27.712812921102035,27.572160720825195,0.9949246508942533,0.3575759793714744,0.3046309569769507,0.36180005842735424,0.3575759793714744,0.3046309569769507,0.025,0.025,0.988324824837672,0.841987030906236,0.0005468636518344283,8.970322596724145e-06,8.970322596724145e-06,1.1506117869383173e-05,0.00021872240580582798,2.047644046610732e-05,0.00020903309548889055,0.00022769272840255213,0.7959009428612597,True,0.0023957346566021442,1254.3299560546875,0.0002462150005158037
7,1750,69,blocks.11.attn.v.weight,attn_v,11,109.27748107910156,0.25360040007732104,0.2509969302987616,0.25360040007732104,0.25360040007732104,27.712812921102035,27.428312301635742,0.9897339681729075,0.3023662523395438,0.3046309569769507,0.25360040007732104,0.3023662523395438,0.3046309569769507,0.025,0.025,1.1922940667576012,1.2012242760029983,0.0010747149353846908,2.9631934012286365e-05,2.9631934012286365e-05,0.00021487548763432447,0.000950772170684872,0.00024450742164661084,0.0009583683770126119,0.0009804041046971583,0.33189645277460134,True,0.007597349584102631,3978.17431640625,0.0004968888824805617
7,1750,70,blocks.11.mlp.fc.weight,mlp_fc,11,179.86888122558594,0.30814460769726465,0.3080529826931646,0.30814460769726465,0.30814460769726465,55.42562584220407,55.40914535522461,0.9997026558251885,0.3054744534335795,0.3046309569769507,0.30814460769726465,0.3054744534335795,0.3046309569769507,0.035,0.0375,0.991334736364076,0.9885973967009478,0.0022778999991714954,0.00016577861970290542,0.00016577861970290542,0.00015551160610698973,0.0006915459331146435,0.00032129022580989515,0.0008337331504288161,0.0008573245528175489,0.07639239074542462,True,0.010678739286959171,5579.78173828125,0.003383402246981859
7,1750,71,blocks.11.mlp.proj.weight,mlp_proj,11,119.7144775390625,0.2314909064533103,0.23132499737432521,0.2314909064533103,0.2314909064533103,27.712812921102035,27.692951202392578,0.9992833019597829,0.24499455357084032,0.3046309569769507,0.2314909064533103,0.24499455357084032,0.3046309569769507,0.035,0.025,1.0583333804529103,1.3159521539926757,0.003977800253778696,0.0004767804348375648,0.0004767804348375648,0.0005702684542931242,0.002633651707064221,0.001047048889130689,0.0033804189935862016,0.0031104321419017857,0.06969118854431464,True,0.024362491443753242,12700.072265625,0.012225798331201077
8,2000,0,blocks.0.attn.k.weight,attn_k,0,79.6118392944336,0.3480991416189991,0.34656758968930984,0.3480991416189991,0.3480991416189991,27.712812921102035,27.590883255004883,0.995600242153538,0.3619245725175756,0.31162446594984483,0.3480991416189991,0.3619245725175756,0.31162446594984483,0.025,0.025,1.039716934762536,0.8952175650318711,0.0008410300360992551,6.356416270136833e-05,6.356416270136833e-05,2.5334381177316827e-05,0.0005772568111206014,8.889854387868516e-05,0.0005980515917695365,0.0006408209738219697,0.166196363916302,True,0.002631939947605133,1369.760009765625,0.0016356416745111346
8,2000,1,blocks.0.attn.proj.weight,attn_proj,0,77.95288848876953,0.35550719746702586,0.35292254195546163,0.35550719746702586,0.35550719746702586,27.712812921102035,27.51133155822754,0.9927296675567323,0.29856737876035166,0.31162446594984483,0.35550719746702586,0.29856737876035166,0.31162446594984483,0.03,0.025,0.8398349763032421,0.8765630293005495,0.0016086418181657791,4.3183994421269745e-05,4.3183994421269745e-05,0.00014045661810671548,0.001280056407916288,0.00018364061252798523,0.0013359463390037378,0.0013232404023375579,0.4778640186306917,True,0.006517019588500261,3407.53125,0.001173400436528027
8,2000,2,blocks.0.attn.q.weight,attn_q,0,81.8100814819336,0.3387456951405427,0.3371006986750229,0.3387456951405427,0.3387456951405427,27.712812921102035,27.578235626220703,0.9951438601608407,0.3623394259151752,0.31162446594984483,0.3387456951405427,0.3623394259151752,0.31162446594984483,0.025,0.025,1.0696502748613341,0.9199363133472575,0.0008365974645130336,7.722780719632283e-05,7.722780719632283e-05,1.8032631434954866e-05,0.0005297792424807792,9.52604386312777e-05,0.0005673718222974185,0.0006070070496771021,0.13241464335531736,True,0.0026233920361846685,1363.296875,0.0021166205406188965
8,2000,3,blocks.0.attn.v.weight,attn_v,0,73.3294677734375,0.37792191546684845,0.37444537447041765,0.37792191546684845,0.37792191546684845,27.712812921102035,27.4578800201416,0.990800901312825,0.30769640587620617,0.31162446594984483,0.37792191546684845,0.30769640587620617,0.31162446594984483,0.025,0.025,0.814179843198846,0.8245736836004705,0.0017590655479580164,8.508674363838509e-05,8.508674363838509e-05,0.00047025865218004986,0.0017549672441845112,0.0005553453958184349,0.0018333266422874042,0.0018400539878228963,0.28193019186868795,True,0.010315228253602982,5395.41064453125,0.002022359985858202
8,2000,4,blocks.0.mlp.fc.weight,mlp_fc,0,164.082763671875,0.3377906649173805,0.33779614552815446,0.3377906649173805,0.3377906649173805,55.42562584220407,55.4265251159668,1.0000162248734057,0.31719711387853644,0.31162446594984483,0.3377906649173805,0.31719711387853644,0.31162446594984483,0.035,0.0375,0.9390345762104438,0.9225372347873034,0.0025300709530711174,4.20771939388942e-05,4.20771939388942e-05,0.00016188775756531727,0.0006996522652509043,0.00020396495150421147,0.0007273349168184498,0.0007417294591897985,0.3664569550387903,True,0.0069372993893921375,3628.5263671875,0.00201586470939219
8,2000,5,blocks.0.mlp.proj.weight,mlp_proj,0,102.2074966430664,0.27114266400518505,0.271125061312466,0.27114266400518505,0.27114266400518505,27.712812921102035,27.711013793945312,0.999935079590735,0.25130705704264283,0.31162446594984483,0.27114266400518505,0.25130705704264283,0.31162446594984483,0.035,0.025,0.9268443900729584,1.1493007457649145,0.004691002890467644,0.0001924749813042581,0.0001924749813042581,0.0005563276001433495,0.0031100920847287826,0.0007488025814476076,0.0036291271393378848,0.0033025670660330408,0.238456224331363,True,0.018154364079236984,9509.373046875,0.0030011425260454416
8,2000,6,blocks.1.attn.k.weight,attn_k,1,75.4926528930664,0.3670928475696382,0.3632179946322191,0.3670928475696382,0.3670928475696382,27.712812921102035,27.420289993286133,0.9894444880550844,0.3619245725175756,0.31162446594984483,0.3670928475696382,0.3619245725175756,0.31162446594984483,0.025,0.025,0.9859210685082003,0.8488982229236408,0.0007531949668191373,5.6122851674444973e-05,5.6122851674444973e-05,5.512331157212477e-05,0.0006394928592564215,0.00011124616324656974,0.0006484212997376342,0.0006956157109308665,0.17777185001800377,True,0.0036553419195115566,1910.0140380859375,0.0012477419804781675
8,2000,7,blocks.1.attn.proj.weight,attn_proj,1,77.01456451416016,0.3598385980096877,0.35676430411830673,0.3598385980096877,0.3598385980096877,27.712812921102035,27.47604751586914,0.9914564643471249,0.29856737876035166,0.31162446594984483,0.3598385980096877,0.29856737876035166,0.31162446594984483,0.03,0.025,0.8297258282234456,0.8660117832647157,0.0018644505180418491,6.485301128122956e-05,6.485301128122956e-05,0.0002180366261801254,0.0020697580735709728,0.00028288963746135495,0.0021497304329103945,0.0021346110848522023,0.37329128563194247,True,0.010035988874733448,5251.71875,0.0008857698412612081
8,2000,8,blocks.1.attn.q.weight,attn_q,1,77.75658416748047,0.3564047111613237,0.3526440997002323,0.3564047111613237,0.3564047111613237,27.712812921102035,27.420400619506836,0.9894484799349783,0.3623394259151752,0.31162446594984483,0.3564047111613237,0.3623394259151752,0.31162446594984483,0.025,0.025,1.0166516170185114,0.8743556305258561,0.0006955071585252881,2.688478161871899e-05,2.688478161871899e-05,3.317179638707314e-05,0.0004845377246392975,6.005657800579213e-05,0.00047493889848439485,0.0005114225062580165,0.33270391961631335,True,0.0032833856530487537,1721.30908203125,0.00048508658073842525
8,2000,9,blocks.1.attn.v.weight,attn_v,1,69.70399475097656,0.3975785465396698,0.39100335236303385,0.3975785465396698,0.3975785465396698,27.712812921102035,27.25449562072754,0.9834618989534076,0.30769640587620617,0.31162446594984483,0.3975785465396698,0.30769640587620617,0.31162446594984483,0.025,0.025,0.7739260796495333,0.783806039490995,0.001873637898825109,0.00012617168249562383,0.00012617168249562383,0.0006672174919409144,0.002420892081836257,0.0007933891744365383,0.002539448719402323,0.002547063764331881,0.21304242639076745,True,0.014904183335602283,7780.55078125,0.002742697950452566
8,2000,10,blocks.1.mlp.fc.weight,mlp_fc,1,174.7064666748047,0.31724999593387854,0.3172500994142728,0.31724999593387854,0.31724999593387854,55.42562584220407,55.42564392089844,1.0000003261793455,0.31719711387853644,0.31162446594984483,0.31724999593387854,0.31719711387853644,0.31162446594984483,0.035,0.0375,0.9998333110921359,0.9822678327623803,0.0016007102094590664,3.512743569444865e-05,3.512743569444865e-05,0.0001330012390751714,0.0005250573582267174,0.00016812867476962006,0.0005485567522506462,0.000560184793921166,0.26082984723764396,True,0.005968812387436628,3125.018310546875,0.0004508662095759064
8,2000,11,blocks.1.mlp.proj.weight,mlp_proj,1,106.9419174194336,0.25913891942305906,0.25903991063480764,0.25913891942305906,0.25913891942305906,27.712812921102035,27.702224731445312,0.9996179316157163,0.25130705704264283,0.31162446594984483,0.25913891942305906,0.25130705704264283,0.31162446594984483,0.035,0.025,0.969777359580518,1.2025382626571046,0.002561016473919153,4.220684786560014e-05,4.220684786560014e-05,0.0002834613835662364,0.0013874860247674412,0.0003256682314318365,0.0015746929177842814,0.0014296928726330413,0.567389750920747,True,0.006716400850564241,3516.56298828125,0.0003330726467538625
8,2000,12,blocks.2.attn.k.weight,attn_k,2,78.39859008789062,0.3534861135899755,0.3510912955217329,0.3534861135899755,0.3534861135899755,27.712812921102035,27.525062561035156,0.9932251424421836,0.3619245725175756,0.31162446594984483,0.3534861135899755,0.3619245725175756,0.31162446594984483,0.025,0.025,1.0238721087001121,0.8815748454303133,0.0007857290329411626,2.5251330953324214e-05,2.5251330953324214e-05,4.46886373471945e-05,0.0006060559421609787,6.993996830051871e-05,0.0005832984488546336,0.0006313072731143029,0.3968992464476873,True,0.0030630645342171192,1605.1488037109375,0.0003430828801356256
8,2000,13,blocks.2.attn.proj.weight,attn_proj,2,78.64143371582031,0.3523945535027427,0.3498091230915903,0.3523945535027427,0.3523945535027427,27.712812921102035,27.509490966796875,0.9926632509343597,0.29856737876035166,0.31162446594984483,0.3523945535027427,0.29856737876035166,0.31162446594984483,0.03,0.025,0.8472531025029816,0.8843055684384165,0.001658746274188161,4.1781782783800736e-05,4.1781782783800736e-05,0.0001927344555187232,0.0016872943015279224,0.00023451623830252394,0.0017393124801770988,0.0017290760843117231,0.5048258334092164,True,0.007791262585669756,4079.893310546875,0.0004970248555764556
8,2000,14,blocks.2.attn.q.weight,attn_q,2,78.90789794921875,0.3512045516525689,0.34867699332547536,0.3512045516525689,0.3512045516525689,27.712812921102035,27.513368606567383,0.9928031732071924,0.3623394259151752,0.31162446594984483,0.3512045516525689,0.3623394259151752,0.31162446594984483,0.025,0.025,1.0317048119399703,0.8873018999426895,0.0007291248766705394,1.8067377823172137e-05,1.8067377823172137e-05,3.067096094304186e-05,0.000476345417405043,4.8738338766213994e-05,0.0004572913787775452,0.0004944127952282152,0.5114301359255595,True,0.003628587117418647,1905.3564453125,0.00042089243652299047
8,2000,15,blocks.2.attn.v.weight,attn_v,2,74.75435638427734,0.37071836694898913,0.36350833923321985,0.37071836694898913,0.37071836694898913,27.712812921102035,27.173831939697266,0.9805511990811168,0.30769640587620617,0.31162446594984483,0.37071836694898913,0.30769640587620617,0.31162446594984483,0.025,0.025,0.8300004351242333,0.8405962416011732,0.002180716022849083,0.0002330056158825755,0.0002330056158825755,0.0009901504485899629,0.0035910472235644616,0.0012231560644725384,0.00379840918616881,0.003824052839447037,0.12519766219763284,True,0.021444205194711685,11217.755859375,0.004879707004874945
8,2000,16,blocks.2.mlp.fc.weight,mlp_fc,2,174.72544860839844,0.31721553032853367,0.3170908172672877,0.31721553032853367,0.31721553032853367,55.42562584220407,55.40383529663086,0.9996068507077349,0.31719711387853644,0.31162446594984483,0.31721553032853367,0.31719711387853644,0.31162446594984483,0.035,0.0375,0.9999419434162692,0.9823745565896528,0.0018645960371941328,4.858587999478914e-05,4.858587999478914e-05,0.0001832368678289155,0.0007106414597678348,0.00023182274782370464,0.0007424399143596899,0.000759227339762624,0.21964358294398817,True,0.007883960381150246,4123.0625,0.0006392151117324829
8,2000,17,blocks.2.mlp.proj.weight,mlp_proj,2,106.81492614746094,0.2594470072735316,0.25947110899181114,0.2594470072735316,0.2594470072735316,27.712812921102035,27.71538734436035,1.0000928964975748,0.25130705704264283,0.31162446594984483,0.2594470072735316,0.25130705704264283,0.31162446594984483,0.035,0.025,0.9686257694146114,1.2011102738267596,0.0027972511015832424,6.298929656622931e-05,6.298929656622931e-05,0.00041192406327387326,0.0018728105014693172,0.0004749133598401026,0.002124817613053957,0.0019357997980355465,0.41575047167980633,True,0.008822975680232048,4624.7001953125,0.0006787698366679251
8,2000,18,blocks.3.attn.k.weight,attn_k,3,76.0147476196289,0.3645715310372996,0.36179074824319124,0.3645715310372996,0.3645715310372996,27.712812921102035,27.501432418823242,0.9923724631317438,0.3619245725175756,0.31162446594984483,0.3645715310372996,0.3619245725175756,0.31162446594984483,0.025,0.025,0.992739535881497,0.8547690629139176,0.0006900266744196415,2.33281243708916e-05,2.33281243708916e-05,5.0735130115412525e-05,0.0006692771528881164,7.406325448630413e-05,0.0006400396834892717,0.000692605277259008,0.3891241631267692,True,0.0030154299456626177,1582.789306640625,0.00039501514402218163
8,2000,19,blocks.3.attn.proj.weight,attn_proj,3,81.04167938232422,0.34195753508960974,0.33940028967374336,0.34195753508960974,0.34195753508960974,27.712812921102035,27.505569458007812,0.9925217456746726,0.29856737876035166,0.31162446594984483,0.34195753508960974,0.29856737876035166,0.31162446594984483,0.03,0.025,0.8731124426958812,0.9112958012993744,0.001623581862077117,3.268031287007034e-05,3.268031287007034e-05,0.00017149444813127884,0.0014711172170496919,0.00020417476100134918,0.0015131402599993509,0.0015037975299197622,0.6130269298188971,True,0.006402358878403902,3353.576904296875,0.00029129907488822937
8,2000,20,blocks.3.attn.q.weight,attn_q,3,77.40666961669922,0.35801582807178994,0.3552814023314124,0.35801582807178994,0.35801582807178994,27.712812921102035,27.501150131225586,0.9923622769554628,0.3623394259151752,0.31162446594984483,0.35801582807178994,0.3623394259151752,0.31162446594984483,0.025,0.025,1.0120765550134232,0.8704209186174791,0.0006197491311468184,1.3300080354383681e-05,1.3300080354383681e-05,2.7361167506771316e-05,0.0004458371913412985,4.0661247861155e-05,0.00042413663438714994,0.0004591372716956822,0.6019816863021213,True,0.0031187294516712427,1637.3546142578125,0.0002635550918057561
8,2000,21,blocks.3.attn.v.weight,attn_v,3,76.27381134033203,0.36333326516814646,0.35714227484632727,0.36333326516814646,0.36333326516814646,27.712812921102035,27.240602493286133,0.9829605738991463,0.30769640587620617,0.31162446594984483,0.36333326516814646,0.30769640587620617,0.31162446594984483,0.025,0.025,0.8468710007430996,0.8576821772859928,0.0021334467455744743,0.00018243235535919666,0.00018243235535919666,0.000923952979028479,0.003330761701376064,0.0011063853343876756,0.003492238700303532,0.0035131940567352605,0.1533220061081437,True,0.019819650799036026,10378.9140625,0.0037405285984277725
8,2000,22,blocks.3.mlp.fc.weight,mlp_fc,3,175.70993041992188,0.31543820949530094,0.3153654963828188,0.31543820949530094,0.31543820949530094,55.42562584220407,55.41284942626953,0.9997694854006536,0.31719711387853644,0.31162446594984483,0.31543820949530094,0.31719711387853644,0.31162446594984483,0.035,0.0375,1.005576066342913,0.9879096969528262,0.0018800883553922176,5.099666668684222e-05,5.099666668684222e-05,0.00019904862611272607,0.0007580275037494357,0.0002500452927995683,0.0007907282064204061,0.0008090241704362779,0.20981675340992872,True,0.00824320875108242,4309.9267578125,0.000734088069293648
8,2000,23,blocks.3.mlp.proj.weight,mlp_proj,3,107.8874740600586,0.25686775191042954,0.2568608171103815,0.25686775191042954,0.25686775191042954,27.712812921102035,27.712064743041992,0.999973002449727,0.25130705704264283,0.31162446594984483,0.25686775191042954,0.25130705704264283,0.31162446594984483,0.035,0.025,0.9783519152309718,1.2131708384262618,0.0029408263508230448,0.0001479450729675591,0.0001479450729675591,0.0005650368451987997,0.0023814695061984085,0.0007129819181663588,0.0027629847604664277,0.0025294145791659676,0.18424590731287335,True,0.016697272658348083,8766.142578125,0.0034956466406583786
8,2000,24,blocks.4.attn.k.weight,attn_k,4,76.98554992675781,0.35997421525815343,0.3568696020573455,0.35997421525815343,0.35997421525815343,27.712812921102035,27.47380256652832,0.9913754567154849,0.3619245725175756,0.31162446594984483,0.35997421525815343,0.3619245725175756,0.31162446594984483,0.025,0.025,1.0054180471176901,0.8656855206319851,0.0009856568649411201,7.334648398682475e-05,7.334648398682475e-05,7.9544617254534e-05,0.001110789169042503,0.00015289110124135875,0.0011000009079695221,0.0011841356530293277,0.1745569860937197,True,0.005552847869694233,2903.9228515625,0.001354299602098763
8,2000,25,blocks.4.attn.proj.weight,attn_proj,4,86.55532836914062,0.32017454549895075,0.31820126611064614,0.32017454549895075,0.32017454549895075,27.712812921102035,27.542015075683594,0.9938368636231659,0.29856737876035166,0.31162446594984483,0.32017454549895075,0.29856737876035166,0.31162446594984483,0.03,0.025,0.9325144142707313,0.9732955674668586,0.001340613467618823,2.2091688151704147e-05,2.2091688151704147e-05,0.00013899457833757762,0.0011574694960286049,0.00016108626648928177,0.0011867644711763307,0.001179561184180309,0.7011014504196852,True,0.005171796306967735,2710.0146484375,0.0002005387650569901
8,2000,26,blocks.4.attn.q.weight,attn_q,4,76.27011108398438,0.36335089233823503,0.3596184448021515,0.36335089233823503,0.36335089233823503,27.712812921102035,27.428138732910156,0.989727705051005,0.3623394259151752,0.31162446594984483,0.36335089233823503,0.3623394259151752,0.31162446594984483,0.025,0.025,0.9972162819897019,0.8576405687198939,0.0009453832171857357,9.050201333593577e-05,9.050201333593577e-05,5.399348273259067e-05,0.0010241437299006492,0.00014449549606852644,0.0010373088510452246,0.001114645743236585,0.13696047974652173,True,0.006782337091863155,3546.083251953125,0.002265753922984004
8,2000,27,blocks.4.attn.v.weight,attn_v,4,82.00865173339844,0.33792547902376807,0.33274924230428404,0.33792547902376807,0.33792547902376807,27.712812921102035,27.28831672668457,0.984682312992694,0.30769640587620617,0.31162446594984483,0.33792547902376807,0.30769640587620617,0.31162446594984483,0.025,0.025,0.9105451496735595,0.922169192006758,0.0019776388071477413,0.00017857382772490382,0.00017857382772490382,0.000900005475474417,0.0032574424547613403,0.0010785793031993208,0.003416452249936025,0.003436016282486244,0.1350421973223274,True,0.017760518938302994,9306.25,0.003515207674354315
8,2000,28,blocks.4.mlp.fc.weight,mlp_fc,4,175.81201171875,0.3152550573783864,0.31521727621277207,0.3152550573783864,0.3152550573783864,55.42562584220407,55.418983459472656,0.9998801568294362,0.31719711387853644,0.31162446594984483,0.3152550573783864,0.31719711387853644,0.31162446594984483,0.035,0.0375,1.0061602707226964,0.988483637792418,0.0020305959042161703,6.522538751596585e-05,6.522538751596585e-05,0.0002252327706250951,0.0008889183744065689,0.00029045815814106096,0.0009330077456352137,0.0009541437619225348,0.17707542568713752,True,0.008938459679484367,4681.33251953125,0.0009509199298918247
8,2000,29,blocks.4.mlp.proj.weight,mlp_proj,4,108.57392883300781,0.25524371475702734,0.25529453231753935,0.25524371475702734,0.25524371475702734,27.712812921102035,27.71833038330078,1.0001990942678556,0.25130705704264283,0.31162446594984483,0.25524371475702734,0.25130705704264283,0.31162446594984483,0.035,0.025,0.984576867179151,1.2208898708690543,0.0029454571194946766,0.00010115349141415209,0.00010115349141415209,0.0005216057498152085,0.0022419668025705185,0.0006227592412293606,0.0025662212688412783,0.0023431202939846706,0.26819228081138596,True,0.012521222233772278,6572.43896484375,0.0016385602066293359
8,2000,30,blocks.5.attn.k.weight,attn_k,5,77.76970672607422,0.35634457281308773,0.35401308941022447,0.35634457281308773,0.35634457281308773,27.712812921102035,27.531494140625,0.9934572220801531,0.3619245725175756,0.31162446594984483,0.35634457281308773,0.3619245725175756,0.31162446594984483,0.025,0.025,1.015659000108905,0.8745031908015061,0.0007507145637646317,3.190635470673442e-05,3.190635470673442e-05,5.890229710454958e-05,0.0008419380474820928,9.0808651811284e-05,0.000808264529439113,0.0008738444021888272,0.3025430571118255,True,0.003499572863802314,1833.1925048828125,0.00047491907025687397
8,2000,31,blocks.5.attn.proj.weight,attn_proj,5,92.18731689453125,0.3006141609784287,0.29885578096354476,0.3006141609784287,0.3006141609784287,27.712812921102035,27.55071258544922,0.9941507079734448,0.29856737876035166,0.31162446594984483,0.3006141609784287,0.29856737876035166,0.31162446594984483,0.03,0.025,0.9931913313351066,1.0366260356317885,0.001283913617953658,1.849629552452825e-05,1.849629552452825e-05,0.00012272985856424387,0.0009913734715407481,0.00014122615408877212,0.0010147711599143745,0.0010098697670652764,0.7529738163959265,True,0.005013294983655214,2626.68310546875,0.00016373467224184424
8,2000,32,blocks.5.attn.q.weight,attn_q,5,76.89122009277344,0.3604158301515442,0.35757255747653455,0.3604158301515442,0.3604158301515442,27.712812921102035,27.494190216064453,0.9921111326497243,0.3623394259151752,0.31162446594984483,0.3604158301515442,0.3623394259151752,0.31162446594984483,0.025,0.025,1.0053371567026403,0.8646248024644643,0.0006807835306972265,2.0882198441540822e-05,2.0882198441540822e-05,3.743314841092473e-05,0.0006530476758750733,5.831534685246555e-05,0.0006235488933573887,0.0006739298743166141,0.423990445627509,True,0.004056270234286785,2124.138427734375,0.0004550160374492407
8,2000,33,blocks.5.attn.v.weight,attn_v,5,88.76091003417969,0.3122186659694059,0.30639058386273765,0.3122186659694059,0.3122186659694059,27.712812921102035,27.195507049560547,0.9813333322382592,0.30769640587620617,0.31162446594984483,0.3122186659694059,0.30769640587620617,0.31162446594984483,0.025,0.025,0.9855157279621365,0.9980968465875795,0.002104549203068018,0.0002579865395091474,0.0002579865395091474,0.0010057833287926915,0.003757571250841467,0.001263769868301839,0.003988873638303857,0.004015557790350614,0.09190524356033611,True,0.020853279158473015,10926.107421875,0.005136112216860056
8,2000,34,blocks.5.mlp.fc.weight,mlp_fc,5,176.21371459960938,0.3145363910416479,0.31447577063443216,0.3145363910416479,0.3145363910416479,55.42562584220407,55.41494369506836,0.9998072706086149,0.31719711387853644,0.31162446594984483,0.3145363910416479,0.31719711387853644,0.31162446594984483,0.035,0.0375,1.0084591891834107,0.9907421679184414,0.0019518921617418528,4.4275380787439644e-05,4.4275380787439644e-05,0.00019557062267182984,0.0007451337134067972,0.00023984600345926949,0.0007711648491124894,0.0007894090941942369,0.25018070315923235,True,0.008391208946704865,4391.529296875,0.0006572166457772255
8,2000,35,blocks.5.mlp.proj.weight,mlp_proj,5,109.92822265625,0.2520991629943943,0.25207531839512415,0.2520991629943943,0.2520991629943943,27.712812921102035,27.71019172668457,0.9999054157935924,0.25130705704264283,0.31162446594984483,0.2520991629943943,0.25130705704264283,0.31162446594984483,0.035,0.025,0.9968579588192878,1.236118606061275,0.0024646467063575983,3.14379867631942e-05,3.14379867631942e-05,0.00028455645164803927,0.0012486154533075504,0.0003159944384112335,0.0014056897461936244,0.0012800534400707446,0.7131661826002126,True,0.006559039931744337,3434.36279296875,0.0002765477984212339
8,2000,36,blocks.6.attn.k.weight,attn_k,6,76.67266845703125,0.36144317758593203,0.3591687363925427,0.36144317758593203,0.36144317758593203,27.712812921102035,27.53842544555664,0.9937073340031605,0.3619245725175756,0.31162446594984483,0.36144317758593203,0.3619245725175756,0.31162446594984483,0.025,0.025,1.001331868911896,0.8621672375480294,0.0009338663658127189,3.055237903026864e-05,3.055237903026864e-05,5.705607762305797e-05,0.0007984869080103562,8.760845665332661e-05,0.0007654478322442181,0.0008290392870406248,0.3986567505600953,True,0.003926208708435297,2055.875,0.00041066380799748003
8,2000,37,blocks.6.attn.proj.weight,attn_proj,6,98.24263763427734,0.28208539172438607,0.28056067477324736,0.28208539172438607,0.28208539172438607,27.712812921102035,27.563020706176758,0.9945948390243988,0.29856737876035166,0.31162446594984483,0.28208539172438607,0.29856737876035166,0.31162446594984483,0.03,0.025,1.058429069776394,1.1047167811310135,0.0010368681978434324,1.101383168133907e-05,1.101383168133907e-05,9.004176552063661e-05,0.0006979302164325541,0.00010105559720197568,0.0007109541150386889,0.0007089440481138932,0.9582638506441586,True,0.004079795442521572,2136.638916015625,9.391949424752966e-05
8,2000,38,blocks.6.attn.q.weight,attn_q,6,73.77155303955078,0.37565717108116864,0.3731333223364207,0.37565717108116864,0.37565717108116864,27.712812921102035,27.52662467956543,0.9932815105393061,0.3623394259151752,0.31162446594984483,0.37565717108116864,0.3623394259151752,0.31162446594984483,0.025,0.025,0.9645481407218609,0.8295448348635724,0.0007651910418644547,1.565642742207274e-05,1.565642742207274e-05,2.948361583420701e-05,0.00045370043706328717,4.514004325627975e-05,0.0004349994656468157,0.0004693568644853599,0.6625036596608371,True,0.0036255093291401863,1899.5228271484375,0.0003505591594148427
8,2000,39,blocks.6.attn.v.weight,attn_v,6,96.2567138671875,0.28790524637418485,0.28271277987026283,0.28790524637418485,0.28790524637418485,27.712812921102035,27.213003158569336,0.981964668691134,0.30769640587620617,0.31162446594984483,0.28790524637418485,0.30769640587620617,0.31162446594984483,0.025,0.025,1.0687419203063049,1.0823855066011288,0.0018082050373777747,0.0001670343626756221,0.0001670343626756221,0.0007937130363961885,0.0029549879050841396,0.0009607473990718106,0.003093266275017725,0.0031220222677597618,0.11246329909569909,True,0.01731703244149685,9064.5615234375,0.0031878468580543995
8,2000,40,blocks.6.mlp.fc.weight,mlp_fc,6,177.1391143798828,0.31289320846067525,0.3128507357531289,0.31289320846067525,0.31289320846067525,55.42562584220407,55.4181022644043,0.9998642581353759,0.31719711387853644,0.31162446594984483,0.31289320846067525,0.31719711387853644,0.31162446594984483,0.035,0.0375,1.0137551896349393,0.9959451260796864,0.001956368563696742,4.109067958779633e-05,4.109067958779633e-05,0.00017299850181999325,0.0006418117136903762,0.00021408918140778958,0.0006662273143215654,0.0006829023932781725,0.2687774829865889,True,0.007452807854861021,3899.7333984375,0.0005986969918012619
8,2000,41,blocks.6.mlp.proj.weight,mlp_proj,6,110.52760314941406,0.25073205363586093,0.2507987982942565,0.25073205363586093,0.25073205363586093,27.712812921102035,27.720190048217773,1.0002661991453823,0.25130705704264283,0.31162446594984483,0.25073205363586093,0.25130705704264283,0.31162446594984483,0.035,0.025,1.0022932983575246,1.2428585074424436,0.002543242182582617,3.091344842687249e-05,3.091344842687249e-05,0.0002732503524716769,0.001143768576465566,0.0003041638008985494,0.001287968095755445,0.0011746820248924384,0.7443368363808112,True,0.006386404857039452,3344.24853515625,0.00023858582426328212
8,2000,42,blocks.7.attn.k.weight,attn_k,7,76.12371826171875,0.36404964909653276,0.362007511158893,0.36404964909653276,0.36404964909653276,27.712812921102035,27.557357788085938,0.9943904960691404,0.3619245725175756,0.31162446594984483,0.36404964909653276,0.3619245725175756,0.31162446594984483,0.025,0.025,0.9941626737335663,0.8559944137378177,0.000649265362881124,1.537838215881493e-05,1.537838215881493e-05,3.3366462132816334e-05,0.0004054168113082556,4.8744844291631263e-05,0.0003901180816703113,0.00042079519346707056,0.554614975874125,True,0.0024922117590904236,1305.744140625,0.00022480548068415374
8,2000,43,blocks.7.attn.proj.weight,attn_proj,7,99.2398452758789,0.27925086787532377,0.2774980174998137,0.27925086787532377,0.27925086787532377,27.712812921102035,27.538860321044922,0.9937230262206744,0.29856737876035166,0.31162446594984483,0.27925086787532377,0.29856737876035166,0.31162446594984483,0.03,0.025,1.0691726082428938,1.1159301610083976,0.0010836715810000896,1.1321029887767509e-05,1.1321029887767509e-05,8.756393291285098e-05,0.0006669829171385216,9.888496280061848e-05,0.0006793478296082321,0.0006783039470262891,0.9645520509563521,True,0.00427473708987236,2240.19921875,9.72977140918374e-05
8,2000,44,blocks.7.attn.q.weight,attn_q,7,74.29705810546875,0.3730001379295823,0.37058514741435966,0.3730001379295823,0.3730001379295823,27.712812921102035,27.53338623046875,0.9935254969914418,0.3623394259151752,0.31162446594984483,0.3730001379295823,0.3623394259151752,0.31162446594984483,0.025,0.025,0.9714190132111433,0.8354540233673468,0.0006175988237373531,1.4970045413065236e-05,1.4970045413065236e-05,2.4075577427906016e-05,0.000306456269712534,3.904562284097125e-05,0.0002992833215054483,0.00032142631512559926,0.5552796079333461,True,0.0028482149355113506,1493.5323486328125,0.00045484647853299975
8,2000,45,blocks.7.attn.v.weight,attn_v,7,98.4352798461914,0.28153333809183334,0.2776046342501031,0.28153333809183334,0.28153333809183334,27.712812921102035,27.32608985900879,0.9860453334999143,0.30769640587620617,0.31162446594984483,0.28153333809183334,0.30769640587620617,0.31162446594984483,0.025,0.025,1.0929306204433902,1.1068830002938979,0.0015940733719617128,9.781544213183224e-05,9.781544213183224e-05,0.0006013494392213295,0.0021560075734526427,0.0006991648813531617,0.002229930672874302,0.002253823015584475,0.16555797456359855,True,0.01277676597237587,6691.5126953125,0.0016205706633627415
8,2000,46,blocks.7.mlp.fc.weight,mlp_fc,7,176.00900268554688,0.3149022208893829,0.31490661491889754,0.3149022208893829,0.3149022208893829,55.42562584220407,55.42639923095703,1.0000139536313972,0.31719711387853644,0.31162446594984483,0.3149022208893829,0.31719711387853644,0.31162446594984483,0.035,0.0375,1.0072876367231454,0.9895911977683718,0.001855790033005178,2.506965392967686e-05,2.506965392967686e-05,0.00013355078969285749,0.00047332874832517696,0.00015862044362253435,0.0004854517827089458,0.0004983984022548538,0.42057709501072466,True,0.006338849198073149,3317.572265625,0.00032578897662460804
8,2000,47,blocks.7.mlp.proj.weight,mlp_proj,7,111.54191589355469,0.2484520074726759,0.24848519379792777,0.2484520074726759,0.2484520074726759,27.712812921102035,27.716514587402344,1.0001335723771834,0.25130705704264283,0.31162446594984483,0.2484520074726759,0.25130705704264283,0.31162446594984483,0.035,0.025,1.0114913523903843,1.2542642304233202,0.0025488799437880516,3.1172094168141484e-05,3.1172094168141484e-05,0.0002677796413378043,0.0010498104740760885,0.0002989517355059458,0.001183036938928319,0.00108098256824423,0.7330697530870334,True,0.006260783411562443,3279.43798828125,0.00025134082534350455
8,2000,48,blocks.8.attn.k.weight,attn_k,8,75.74798583984375,0.36585544307007806,0.3639188784945019,0.36585544307007806,0.36585544307007806,27.712812921102035,27.56612205505371,0.9947067493124588,0.3619245725175756,0.31162446594984483,0.36585544307007806,0.3619245725175756,0.31162446594984483,0.025,0.025,0.9892556728976982,0.8517693855661852,0.0007449684198945761,1.5201224414340686e-05,1.5201224414340686e-05,3.178428615527777e-05,0.00045492997934822504,4.6985510569618456e-05,0.0004340271844618017,0.00047013120376256573,0.6469760484471393,True,0.0027408250607550144,1436.4931640625,0.00020361898350529373
8,2000,49,blocks.8.attn.proj.weight,attn_proj,8,106.2331314086914,0.2608678907758783,0.25969045665783236,0.2608678907758783,0.2608678907758783,27.712812921102035,27.587730407714844,0.9954864735765618,0.29856737876035166,0.31162446594984483,0.2608678907758783,0.29856737876035166,0.31162446594984483,0.03,0.025,1.1445156315418767,1.1945681203731335,0.0010108359856531024,9.259505532099865e-06,9.259505532099865e-06,7.34838213790162e-05,0.0005543457324556499,8.274332691111606e-05,0.0005638014383990904,0.0005636052379877497,1.027620869563895,True,0.004121775273233652,2159.799072265625,0.00010199730604654178
8,2000,50,blocks.8.attn.q.weight,attn_q,8,74.79811096191406,0.37050150818933025,0.3684633154554784,0.37050150818933025,0.37050150818933025,27.712812921102035,27.560359954833984,0.994498827430399,0.3623394259151752,0.31162446594984483,0.37050150818933025,0.3623394259151752,0.31162446594984483,0.025,0.025,0.9779701780053642,0.8410882521714362,0.0007479377673007548,1.5242704648699146e-05,1.5242704648699146e-05,2.495925781930176e-05,0.0004171507855483409,4.0201962468000904e-05,0.00039978984994803687,0.00043239349019704007,0.6560135338881798,True,0.0032154025975614786,1686.0758056640625,0.00039727851981297135
8,2000,51,blocks.8.attn.v.weight,attn_v,8,105.69808197021484,0.262188418224196,0.2591889496067518,0.262188418224196,0.262188418224196,27.712812921102035,27.395774841308594,0.9885598737054934,0.30769640587620617,0.31162446594984483,0.262188418224196,0.30769640587620617,0.31162446594984483,0.025,0.025,1.173569786034929,1.1885516075060811,0.0013786767376586795,5.622784738079645e-05,5.622784738079645e-05,0.000392265734900592,0.001443779311856002,0.0004484935822813885,0.0014778442844776438,0.0015000071592367985,0.2319764424728594,True,0.010582434013485909,5548.32861328125,0.0010085873072966933
8,2000,52,blocks.8.mlp.fc.weight,mlp_fc,8,176.52777099609375,0.31397680676220935,0.31410170470477455,0.31397680676220935,0.31397680676220935,55.42562584220407,55.44767379760742,1.0003977935308501,0.31719711387853644,0.31162446594984483,0.31397680676220935,0.31719711387853644,0.31162446594984483,0.035,0.0375,1.0102565127326937,0.9925079153564802,0.001789226196706295,2.1661502614733763e-05,2.1661502614733763e-05,0.00010041437059014297,0.0003499595223339227,0.00012207587320487673,0.0003613520599074459,0.00037162102494865646,0.4679114054003172,True,0.005494804121553898,2879.368896484375,0.00027685100212693214
8,2000,53,blocks.8.mlp.proj.weight,mlp_proj,8,112.70081329345703,0.2458971866417838,0.24600877908837773,0.2458971866417838,0.2458971866417838,27.712812921102035,27.72538948059082,1.0004538175003956,0.25130705704264283,0.31162446594984483,0.2458971866417838,0.25130705704264283,0.31162446594984483,0.035,0.025,1.0220005380083506,1.267295775952942,0.0025092309806495905,2.5789940991671756e-05,2.5789940991671756e-05,0.00022693817548393835,0.0008312578391498364,0.0002527281164756101,0.0009353030377742975,0.0008570477801415081,0.863302984766172,True,0.005902748089283705,3092.563720703125,0.00017902610125020146
8,2000,54,blocks.9.attn.k.weight,attn_k,9,75.82119750976562,0.36550217922280476,0.36345999350374186,0.36550217922280476,0.36550217922280476,27.712812921102035,27.557971954345703,0.9944126578851031,0.3619245725175756,0.31162446594984483,0.36550217922280476,0.3619245725175756,0.31162446594984483,0.025,0.025,0.9902118047207366,0.8525926346389392,0.0006471279193647206,2.1019968698965386e-05,2.1019968698965386e-05,2.983833787618413e-05,0.00041292692274689987,5.085830657514952e-05,0.0004005549826248002,0.00043394689144586525,0.4060387039806297,True,0.002665954874828458,1396.1510009765625,0.00031014668638817966
8,2000,55,blocks.9.attn.proj.weight,attn_proj,9,104.96398162841797,0.2640221196944292,0.26234094613259873,0.2640221196944292,0.2640221196944292,27.712812921102035,27.53635025024414,0.9936324518423921,0.29856737876035166,0.31162446594984483,0.2640221196944292,0.29856737876035166,0.31162446594984483,0.03,0.025,1.1308422911909959,1.1802968111554786,0.0009908138308674097,1.110332777898293e-05,1.110332777898293e-05,7.687482062447306e-05,0.0005809808696839783,8.797814840345599e-05,0.0005911086294089472,0.0005920841974629612,0.8501559585483139,True,0.0049084024503827095,2568.791259765625,0.00018465040193405002
8,2000,56,blocks.9.attn.q.weight,attn_q,9,75.12262725830078,0.36890100802537984,0.36684000961562097,0.36890100802537984,0.36890100802537984,27.712812921102035,27.557985305786133,0.994413139663711,0.3623394259151752,0.31162446594984483,0.36890100802537984,0.3623394259151752,0.31162446594984483,0.025,0.025,0.9822131629693102,0.8447373663137443,0.0006290192832238972,1.2809710824512877e-05,1.2809710824512877e-05,1.7165349368031168e-05,0.00029260303481074544,2.9975060192544044e-05,0.0002823579625447062,0.0003054127456352583,0.6536629438774093,True,0.0027496865950524807,1440.573974609375,0.0002353874733671546
8,2000,57,blocks.9.attn.v.weight,attn_v,9,104.18460845947266,0.2659971883647496,0.2630909397807555,0.2659971883647496,0.2659971883647496,27.712812921102035,27.41002655029297,0.9890741379566522,0.30769640587620617,0.31162446594984483,0.2659971883647496,0.30769640587620617,0.31162446594984483,0.025,0.025,1.1567656326287041,1.1715329318538836,0.0012617211323231459,4.718900891020894e-05,4.718900891020894e-05,0.00030951666422465246,0.0011863175014684704,0.0003567056731348614,0.0012131686017966515,0.0012335065103786793,0.2566368150901401,True,0.00908382423222065,4755.51025390625,0.0008149874047376215
8,2000,58,blocks.9.mlp.fc.weight,mlp_fc,9,176.79913330078125,0.31349489563340044,0.31356878934033544,0.31349489563340044,0.31349489563340044,55.42562584220407,55.438690185546875,1.0002357094420549,0.31719711387853644,0.31162446594984483,0.31349489563340044,0.31719711387853644,0.31162446594984483,0.035,0.0375,1.0118095008776964,0.9940336199740143,0.0018023769371211529,2.0590205167536624e-05,2.0590205167536624e-05,8.618941565955378e-05,0.00029585255288772165,0.00010677962082709041,0.00030712588648085194,0.00031644275805525827,0.4951135543096909,True,0.005299413576722145,2775.01708984375,0.000256931409239769
8,2000,59,blocks.9.mlp.proj.weight,mlp_proj,9,114.0174789428711,0.24305758360950647,0.2430688375702637,0.24305758360950647,0.24305758360950647,27.712812921102035,27.714096069335938,1.000046301623641,0.25130705704264283,0.31162446594984483,0.24305758360950647,0.25130705704264283,0.31162446594984483,0.035,0.025,1.0339404074977965,1.2821013906338226,0.0025819367729127407,2.79954620054923e-05,2.79954620054923e-05,0.00022137265535300874,0.0007676804203620024,0.00024936811735850104,0.0008665148464917186,0.0007956758823674947,0.8088845306755854,True,0.006141604855656624,3214.797607421875,0.0002153587556676939
8,2000,60,blocks.10.attn.k.weight,attn_k,10,74.74577331542969,0.3707609365970839,0.3686800033642635,0.3707609365970839,0.3707609365970839,27.712812921102035,27.55727195739746,0.9943873989209469,0.3619245725175756,0.31162446594984483,0.3707609365970839,0.3619245725175756,0.31162446594984483,0.025,0.025,0.9761669496236303,0.8404997268859953,0.0005387061974033713,1.7695658243610524e-05,1.7695658243610524e-05,1.929058419292809e-05,0.0003229428443117795,3.698624243653861e-05,0.00031508378538888036,0.00034063850255539003,0.4072851824517161,True,0.0021174384746700525,1111.883056640625,0.0002891674230340868
8,2000,61,blocks.10.attn.proj.weight,attn_proj,10,103.71196746826172,0.2672094030959619,0.265166894896801,0.2672094030959619,0.2672094030959619,27.712812921102035,27.500980377197266,0.9923561514845911,0.29856737876035166,0.31162446594984483,0.2672094030959619,0.29856737876035166,0.31162446594984483,0.03,0.025,1.117353563538811,1.1662181882047478,0.0009023438906297088,1.1819700375781395e-05,1.1819700375781395e-05,7.575781322611716e-05,0.0005788020858582386,8.757751360189855e-05,0.0005887106208490871,0.00059062178623402,0.7360998710116854,True,0.005200280342251062,2718.2666015625,0.00025650963652879
8,2000,62,blocks.10.attn.q.weight,attn_q,10,75.31155395507812,0.3679755823074928,0.3653823087605192,0.3679755823074928,0.3679755823074928,27.712812921102035,27.51750946044922,0.9929525934011519,0.3623394259151752,0.31162446594984483,0.3679755823074928,0.3623394259151752,0.31162446594984483,0.025,0.025,0.9846833413321219,0.8468618053288137,0.0005441509420052171,1.995207458094228e-05,1.995207458094228e-05,1.7275342037591406e-05,0.0003286397805910306,3.7227416618533686e-05,0.0003223253646076366,0.0003485918551719729,0.3621343462845063,True,0.0027039283886551857,1418.5721435546875,0.0005649332888424397
8,2000,63,blocks.10.attn.v.weight,attn_v,10,103.63262939453125,0.26741397070606854,0.2646974020225934,0.26741397070606854,0.26741397070606854,27.712812921102035,27.43128776550293,0.9898413359769503,0.30769640587620617,0.31162446594984483,0.26741397070606854,0.30769640587620617,0.31162446594984483,0.025,0.025,1.150636988276183,1.165326049073071,0.0010470128618180752,3.187839683960192e-05,3.187839683960192e-05,0.00023809648617826234,0.0009199253541306994,0.00026997488301786426,0.0009356838259779679,0.0009518037509703013,0.3169268446042118,True,0.007046455051749945,3688.847412109375,0.0005519361002370715
8,2000,64,blocks.10.mlp.fc.weight,mlp_fc,10,176.1716766357422,0.3146114454981532,0.31459379241609625,0.3146114454981532,0.3146114454981532,55.42562584220407,55.422515869140625,0.9999438892567077,0.31719711387853644,0.31162446594984483,0.3146114454981532,0.31719711387853644,0.31162446594984483,0.035,0.0375,1.008218608754965,0.9905058141048276,0.0018631888087838888,2.2898711904417723e-05,2.2898711904417723e-05,7.94133451798554e-05,0.00027720354611427843,0.00010231205708427312,0.00029024115997759823,0.00030010225801869615,0.4618593353497616,True,0.005124078597873449,2684.212890625,0.0002396942873019725
8,2000,65,blocks.10.mlp.proj.weight,mlp_proj,10,115.33582305908203,0.2402793181343653,0.2402480913089138,0.2402793181343653,0.2402793181343653,27.712812921102035,27.709211349487305,0.9998700394786706,0.25130705704264283,0.31162446594984483,0.2402793181343653,0.25130705704264283,0.31162446594984483,0.035,0.025,1.0458954977644426,1.2969258793034488,0.002767407801002264,3.806535096373409e-05,3.806535096373409e-05,0.00026168349302510443,0.0008204745339377839,0.0002997488439888385,0.0009311609241302524,0.000858539884901518,0.6303461480829321,True,0.006832154933363199,3577.361083984375,0.00036011904012411833
8,2000,66,blocks.11.attn.k.weight,attn_k,11,75.46380615234375,0.3672331722197573,0.3653491662076676,0.3672331722197573,0.3672331722197573,27.712812921102035,27.57063865661621,0.9948697281329545,0.3619245725175756,0.31162446594984483,0.3672331722197573,0.3619245725175756,0.31162446594984483,0.025,0.025,0.9855443350335329,0.8485738476897847,0.0005575296236202121,1.1453075785539113e-05,1.1453075785539113e-05,1.8562537255605336e-05,0.00029245498601425575,3.001561304114445e-05,0.00028005294960167207,0.00030390806179979486,0.6450703904733593,True,0.001972752856090665,1033.009521484375,0.0001746998750604689
8,2000,67,blocks.11.attn.proj.weight,attn_proj,11,108.04673767089844,0.256489122378808,0.25373456192536614,0.256489122378808,0.256489122378808,27.712812921102035,27.415191650390625,0.9892605174523881,0.29856737876035166,0.31162446594984483,0.256489122378808,0.29856737876035166,0.31162446594984483,0.03,0.025,1.1640547403776385,1.214961722585676,0.0010292897932231426,4.220166738377884e-05,4.220166738377884e-05,9.543996220363489e-05,0.0009106485072281541,0.00013764162958741373,0.0009479964210370197,0.000952850174611933,0.22573369861388487,True,0.008845246396958828,4604.24462890625,0.0014167377958074212
8,2000,68,blocks.11.attn.q.weight,attn_q,11,75.45275115966797,0.3672869775478176,0.3654748915113317,0.3672869775478176,0.3672869775478176,27.712812921102035,27.576086044311523,0.9950662938049714,0.3623394259151752,0.31162446594984483,0.3672869775478176,0.3623394259151752,0.31162446594984483,0.025,0.025,0.9865294662346197,0.8484495367366354,0.0005307660903781652,6.9843081291764975e-06,6.9843081291764975e-06,1.063453224215738e-05,0.00018587513271914834,1.7618840371333878e-05,0.000178038506273198,0.00019285944084832484,1.0071744455648304,True,0.0019676005467772484,1030.522216796875,0.00014175627438817173
8,2000,69,blocks.11.attn.v.weight,attn_v,11,107.7468032836914,0.2572031102225439,0.254924079430476,0.2572031102225439,0.2572031102225439,27.712812921102035,27.467254638671875,0.9911391787210753,0.30769640587620617,0.31162446594984483,0.2572031102225439,0.30769640587620617,0.31162446594984483,0.025,0.025,1.1963168159590807,1.2115890265876377,0.0010072242002934217,2.8457572625484318e-05,2.8457572625484318e-05,0.0001901856313145908,0.0007971571981042979,0.00021864320394007511,0.0008091234303025141,0.0008256147707297822,0.3284913250440243,True,0.006409355904906988,3354.601806640625,0.0004767667851410806
8,2000,70,blocks.11.mlp.fc.weight,mlp_fc,11,172.93008422851562,0.32050886975202525,0.3205179082665995,0.32050886975202525,0.32050886975202525,55.42562584220407,55.427188873291016,1.0000282005130874,0.31719711387853644,0.31162446594984483,0.32050886975202525,0.31719711387853644,0.31162446594984483,0.035,0.0375,0.9896671943086908,0.9722803184540441,0.002214950742200017,0.00012182526552351192,0.00012182526552351192,0.0001068706554032453,0.00052141138507633,0.00022869592092675722,0.000619785136560532,0.000643236650599842,0.10513713853374104,True,0.008354557678103447,4312.42724609375,0.0028328076004981995
8,2000,71,blocks.11.mlp.proj.weight,mlp_proj,11,116.81892395019531,0.2372287980748491,0.2372058375006266,0.2372287980748491,0.2372287980748491,27.712812921102035,27.71013069152832,0.9999032133770992,0.25130705704264283,0.31162446594984483,0.2372287980748491,0.25130705704264283,0.31162446594984483,0.035,0.025,1.0593446456840028,1.3136030215502033,0.003940642345696688,0.0005525622982531786,0.0005525622982531786,0.0005390673754390133,0.002188842001772992,0.0010916296736921919,0.0029563545125681663,0.002741404300026171,0.06104815863067353,True,0.020234370604157448,10545.7880859375,0.014825309626758099
9,2250,0,blocks.0.attn.k.weight,attn_k,0,78.38463592529297,0.35354904177286267,0.3520636155370715,0.35354904177286267,0.35354904177286267,27.712812921102035,27.596378326416016,0.9957985284634401,0.36896653709672833,0.3204132146170944,0.35354904177286267,0.36896653709672833,0.3204132146170944,0.025,0.025,1.0436077983596137,0.9062765748434516,0.000866158923599869,2.1491232473636046e-05,2.1491232473636046e-05,2.513013584004063e-05,0.0004162219967497713,4.6621368313676676e-05,0.0004058867713986366,0.00043771322922340735,0.5141683224376359,True,0.002625970868393779,1374.5089111328125,0.00023910740856081247
9,2250,1,blocks.0.attn.proj.weight,attn_proj,0,76.6753921508789,0.36143033825728366,0.35898672407563437,0.36143033825728366,0.36143033825728366,27.712812921102035,27.525447845458984,0.9932390451962969,0.30764150801024776,0.3204132146170944,0.36143033825728366,0.30764150801024776,0.3204132146170944,0.03,0.025,0.8511778770249596,0.8865144419310166,0.001517660217359662,3.2843749067978933e-05,3.2843749067978933e-05,0.00013558028273773497,0.001169996027128746,0.0001684240318057139,0.0012063497251083297,0.001202839776196725,0.602650912999999,True,0.005557552445679903,2909.7177734375,0.0003604352823458612
9,2250,2,blocks.0.attn.q.weight,attn_q,0,80.3449935913086,0.34492270995837004,0.34329146891281004,0.34492270995837004,0.34492270995837004,27.712812921102035,27.581750869750977,0.9952707055857452,0.3695859315389478,0.3204132146170944,0.34492270995837004,0.3695859315389478,0.3204132146170944,0.025,0.025,1.0715036176758395,0.9289420654724828,0.0008508736500516534,1.7087077139876783e-05,1.7087077139876783e-05,1.3869267769934608e-05,0.0002484570268936291,3.095634490981139e-05,0.00024680382987741654,0.00026554410403350587,0.6197813078161113,True,0.0025571805890649557,1340.2484130859375,0.0002410619636066258
9,2250,3,blocks.0.attn.v.weight,attn_v,0,72.6979751586914,0.3812047427814615,0.37829824396250417,0.3812047427814615,0.3812047427814615,27.712812921102035,27.501516342163086,0.9923754914544219,0.3146157691445274,0.3204132146170944,0.3812047427814615,0.3146157691445274,0.3204132146170944,0.025,0.025,0.8253196611588107,0.8405278808421911,0.0016167841386049986,6.14233358646743e-05,6.14233358646743e-05,0.0004211940162575042,0.001583020259513057,0.0004826173521221785,0.0016325048202239872,0.0016444435953777313,0.36207315485033104,True,0.008456273935735226,4422.455078125,0.001110318349674344
9,2250,4,blocks.0.mlp.fc.weight,mlp_fc,0,157.56112670898438,0.35177221056926866,0.3518466043626477,0.35177221056926866,0.35177221056926866,55.42562584220407,55.437347412109375,1.0002114828606297,0.33095677599406126,0.3204132146170944,0.35177221056926866,0.33095677599406126,0.3204132146170944,0.035,0.0375,0.9408269500836293,0.9108542545147997,0.0024874629452824593,5.2260656957514584e-05,5.2260656957514584e-05,0.00016795876318708027,0.0006779904612726797,0.00022021942014459486,0.0007078139096922035,0.0007302511182301943,0.30208744592878656,True,0.006448582746088505,3378.514892578125,0.0005688217934221029
9,2250,5,blocks.0.mlp.proj.weight,mlp_proj,0,99.3251724243164,0.27901097219054505,0.27897112080430797,0.27901097219054505,0.27901097219054505,27.712812921102035,27.70885467529297,0.9998571691072885,0.2591172771613204,0.3204132146170944,0.27901097219054505,0.2591172771613204,0.3204132146170944,0.035,0.025,0.9286992376212407,1.1483892984619777,0.004469686653465033,0.00020102654525544494,0.00020102654525544494,0.0006327865407289533,0.003076765449080074,0.0008338130859843983,0.003583792453267295,0.003277791994335519,0.22385373308871337,True,0.01588205248117447,8315.6806640625,0.0030008452013134956
9,2250,6,blocks.1.attn.k.weight,attn_k,1,74.26631927490234,0.3731545226917869,0.36970758359541883,0.3731545226917869,0.3731545226917869,27.712812921102035,27.45682144165039,0.9907627031517714,0.36896653709672833,0.3204132146170944,0.3731545226917869,0.36896653709672833,0.3204132146170944,0.025,0.025,0.9887768060136372,0.858660943744597,0.0007004201179370284,3.488722359179519e-05,3.488722359179519e-05,3.696826524516187e-05,0.0005341099727397022,7.185548883695706e-05,0.0005296343409241103,0.0005689971963314974,0.2703337710833867,True,0.0030248300172388554,1583.134765625,0.000832663441542536
9,2250,7,blocks.1.attn.proj.weight,attn_proj,1,74.95355224609375,0.36973314927240564,0.36703226648338855,0.36973314927240564,0.36973314927240564,27.712812921102035,27.510372161865234,0.99269504832248,0.30764150801024776,0.3204132146170944,0.36973314927240564,0.30764150801024776,0.3204132146170944,0.03,0.025,0.8320636345852477,0.8666066736175334,0.0017313567223027349,6.228842539712787e-05,6.228842539712787e-05,0.00020635290430269152,0.0019601559363018914,0.0002686413296998194,0.002028855881830538,0.0020224443616990192,0.37084035239553287,True,0.008669551461935043,4535.287109375,0.0009902293095365167
9,2250,8,blocks.1.attn.q.weight,attn_q,1,76.46820068359375,0.36240963790649017,0.3589000223489503,0.36240963790649017,0.36240963790649017,27.712812921102035,27.444438934326172,0.9903158879057163,0.3695859315389478,0.3204132146170944,0.36240963790649017,0.3695859315389478,0.3204132146170944,0.025,0.025,1.0198016081302708,0.8841189115940901,0.000685306906234473,2.3854914616094902e-05,2.3854914616094902e-05,3.0155057733595335e-05,0.0004985114998646312,5.400997234969024e-05,0.0004851478339362536,0.0005223664144807261,0.3756871760275759,True,0.0030068655032664537,1574.6160888671875,0.00048354960745200515
9,2250,9,blocks.1.attn.v.weight,attn_v,1,68.35652923583984,0.40541574054307017,0.3998657254370018,0.40541574054307017,0.40541574054307017,27.712812921102035,27.333433151245117,0.9863103117342507,0.3146157691445274,0.3204132146170944,0.40541574054307017,0.3146157691445274,0.3204132146170944,0.025,0.025,0.7760324468978124,0.790332447842031,0.0016887180972844362,0.00010032120917458087,0.00010032120917458087,0.0006123951403289142,0.002243321830792277,0.0007127163495034951,0.0023299097479060177,0.002343643039966858,0.24625462501679166,True,0.011898846365511417,6214.78759765625,0.0021333368495106697
9,2250,10,blocks.1.mlp.fc.weight,mlp_fc,1,167.7371368408203,0.33043145296322807,0.3302963133848881,0.33043145296322807,0.33043145296322807,55.42562584220407,55.402957916259766,0.9995910208391902,0.33095677599406126,0.3204132146170944,0.33043145296322807,0.33095677599406126,0.3204132146170944,0.035,0.0375,1.0015898094025923,0.9696813416026453,0.0015780131798237562,3.3124873880296946e-05,3.3124873880296946e-05,0.00013709235599326843,0.0005292858678552177,0.00017021722987356537,0.0005455042986691543,0.0005624107417355146,0.2840057723964286,True,0.005514720920473337,2884.529296875,0.0003953588311560452
9,2250,11,blocks.1.mlp.proj.weight,mlp_proj,1,103.7991943359375,0.2669848556956214,0.266984740651491,0.2669848556956214,0.2669848556956214,27.712812921102035,27.712800979614258,0.999999569098676,0.2591172771613204,0.3204132146170944,0.2669848556956214,0.2591172771613204,0.3204132146170944,0.035,0.025,0.9705317422825266,1.200117563905514,0.0025539547204971313,4.268100019544363e-05,4.268100019544363e-05,0.00031600344901125876,0.0013915602891559399,0.0003586844492067024,0.001574385947332915,0.0014342412893513835,0.5764805013291638,True,0.006248566787689924,3272.294677734375,0.0003821814025286585
9,2250,12,blocks.2.attn.k.weight,attn_k,2,76.98493194580078,0.3599771048782964,0.3578116853469763,0.3599771048782964,0.3599771048782964,27.712812921102035,27.54610824584961,0.9939845631792402,0.36896653709672833,0.3204132146170944,0.3599771048782964,0.36896653709672833,0.3204132146170944,0.025,0.025,1.0249722332243079,0.8900933150329712,0.0007453060243278742,2.1248521079542115e-05,2.1248521079542115e-05,3.299370205292808e-05,0.0005528933917500116,5.4242223132470197e-05,0.0005311913034901181,0.0005741419128295537,0.4556172866918108,True,0.0026468210853636265,1385.5333251953125,0.0003136558807455003
9,2250,13,blocks.2.attn.proj.weight,attn_proj,2,76.22254180908203,0.3635776538457028,0.36120570241688726,0.3635776538457028,0.3635776538457028,27.712812921102035,27.53201675415039,0.993476080271376,0.30764150801024776,0.3204132146170944,0.3635776538457028,0.30764150801024776,0.3204132146170944,0.03,0.025,0.8461507596965969,0.8812786243267668,0.0015951247187331319,3.9238428144017234e-05,3.9238428144017234e-05,0.00018041107667102994,0.0015782770670712768,0.00021964950481504717,0.001622385751411288,0.001617515495215294,0.5333344242854526,True,0.006867078132927418,3595.72802734375,0.000532414996996522
9,2250,14,blocks.2.attn.q.weight,attn_q,2,77.42007446289062,0.3579538396644849,0.35548174721835357,0.3579538396644849,0.3579538396644849,27.712812921102035,27.52142333984375,0.9930938233587775,0.3695859315389478,0.3204132146170944,0.3579538396644849,0.3695859315389478,0.3204132146170944,0.025,0.025,1.0324960667704133,0.8951243962557355,0.000716274487785995,1.7907821529661305e-05,1.7907821529661305e-05,2.612650831243001e-05,0.0004686419980080279,4.4034329842091315e-05,0.00045041347875677515,0.0004865498195376892,0.516634186267896,True,0.0029175174422562122,1528.7916259765625,0.0003712655452545732
9,2250,15,blocks.2.attn.v.weight,attn_v,2,73.00348663330078,0.379609443317475,0.3736881595257326,0.379609443317475,0.379609443317475,27.712812921102035,27.28053855895996,0.9844016425408437,0.3146157691445274,0.3204132146170944,0.379609443317475,0.3146157691445274,0.3204132146170944,0.025,0.025,0.8287880469859858,0.8440601788431443,0.001990064512938261,0.000225479481741786,0.000225479481741786,0.0009003979070424863,0.0034075884638858998,0.0011258773887842723,0.00360671743277557,0.0036330679456276858,0.12089727860358067,True,0.018412534147500992,9624.8359375,0.005221670027822256
9,2250,16,blocks.2.mlp.fc.weight,mlp_fc,2,167.60272216796875,0.3306964536450512,0.33062127026080984,0.3306964536450512,0.3306964536450512,55.42562584220407,55.41302490234375,0.9997726513743626,0.33095677599406126,0.3204132146170944,0.3306964536450512,0.33095677599406126,0.3204132146170944,0.035,0.0375,1.0007871942566686,0.9689042960255202,0.0018684146925807,4.475376408663578e-05,4.475376408663578e-05,0.000170466013449671,0.0006629937067398722,0.00021521977753630677,0.0006865486965243882,0.000707747470826508,0.24909363911708077,True,0.007023674435913563,3676.35595703125,0.0005850524175912142
9,2250,17,blocks.2.mlp.proj.weight,mlp_proj,2,103.61549377441406,0.2674581948278589,0.26733478314332393,0.2674581948278589,0.2674581948278589,27.712812921102035,27.70002555847168,0.9995385757964462,0.2591172771613204,0.3204132146170944,0.2674581948278589,0.2591172771613204,0.3204132146170944,0.035,0.025,0.9688141256172507,1.1979936334473444,0.0027974420227110386,6.370284245349467e-05,6.370284245349467e-05,0.0004505170636361814,0.0018934198988790406,0.0005142199060896761,0.002143142230047355,0.0019571227413325352,0.4238162284194676,True,0.00811753049492836,4250.6337890625,0.0007345359190367162
9,2250,18,blocks.3.attn.k.weight,attn_k,3,74.55472564697266,0.37171101738508416,0.3693841928760556,0.37171101738508416,0.37171101738508416,27.712812921102035,27.539337158203125,0.9937402325995274,0.36896653709672833,0.3204132146170944,0.37171101738508416,0.36896653709672833,0.3204132146170944,0.025,0.025,0.9926166291554587,0.8619954739871312,0.0006780489347875118,1.8337512301513925e-05,1.8337512301513925e-05,3.568555031940015e-05,0.0006222327885403226,5.402306262091408e-05,0.0005924084351890094,0.0006405703008418365,0.49595862060786716,True,0.0027369780000299215,1434.4378662109375,0.00027283275267109275
9,2250,19,blocks.3.attn.proj.weight,attn_proj,3,78.44671630859375,0.3532692536432673,0.3514708911583583,0.3532692536432673,0.3532692536432673,27.712812921102035,27.57173728942871,0.9949093716298318,0.30764150801024776,0.3204132146170944,0.3532692536432673,0.30764150801024776,0.3204132146170944,0.03,0.025,0.8708414469630165,0.906994343019302,0.001577971619553864,2.8444588679121807e-05,2.8444588679121807e-05,0.00015379447173062078,0.0013090428131710514,0.00018223906040974258,0.001342125001881021,0.0013374874018501732,0.7071715179306858,True,0.005559136159718037,2911.494140625,0.0002585001930128783
9,2250,20,blocks.3.attn.q.weight,attn_q,3,75.9245834350586,0.36500447769734473,0.3621411841146495,0.36500447769734473,0.36500447769734473,27.712812921102035,27.495418548583984,0.9921554562816496,0.3695859315389478,0.3204132146170944,0.36500447769734473,0.3695859315389478,0.3204132146170944,0.025,0.025,1.0125517743522092,0.8778336546401915,0.0006305878632701933,1.5273997632903047e-05,1.5273997632903047e-05,2.638219835252116e-05,0.0004920798870240341,4.165619598542421e-05,0.0004690681642077829,0.0005073538846569371,0.5437640242050968,True,0.0030473978258669376,1597.4852294921875,0.0003198120975866914
9,2250,21,blocks.3.attn.v.weight,attn_v,3,74.391845703125,0.3725248736493964,0.3673979210492585,0.3725248736493964,0.3725248736493964,27.712812921102035,27.331409454345703,0.9862372878623985,0.3146157691445274,0.3204132146170944,0.3725248736493964,0.3146157691445274,0.3204132146170944,0.025,0.025,0.8445496969435377,0.8601122697612209,0.0019455496221780777,0.00017355754971504211,0.00017355754971504211,0.0008493340646302367,0.0031574109050589868,0.0010228916143452788,0.0033080913424965368,0.003330968454774029,0.15068619552962703,True,0.016743101179599762,8768.361328125,0.0039511797949671745
9,2250,22,blocks.3.mlp.fc.weight,mlp_fc,3,168.45799255371094,0.3290174897729013,0.32898650578352484,0.3290174897729013,0.3290174897729013,55.42562584220407,55.420406341552734,0.9999058287466849,0.33095677599406126,0.3204132146170944,0.3290174897729013,0.33095677599406126,0.3204132146170944,0.035,0.0375,1.0058941736577545,0.9738485781964179,0.0018623488722369075,3.8669604691676795e-05,3.8669604691676795e-05,0.00017348583068516776,0.0006356873524101233,0.00021215543537684455,0.0006539793333034607,0.0006743569571018001,0.2858904753645842,True,0.006831257604062557,3573.523681640625,0.0005138317937962711
9,2250,23,blocks.3.mlp.proj.weight,mlp_proj,3,104.6006851196289,0.2649391147812049,0.26487317381681635,0.2649391147812049,0.2649391147812049,27.712812921102035,27.705915451049805,0.9997511089880385,0.2591172771613204,0.3204132146170944,0.2649391147812049,0.2591172771613204,0.3204132146170944,0.035,0.025,0.9780257527292926,1.209384333006856,0.002990209963172674,0.00017060991376638412,0.00017060991376638412,0.0006275014779884649,0.002561306090101712,0.000798111391754849,0.0029778148853620897,0.002731916003868096,0.16755712177379295,True,0.01626732014119625,8515.37109375,0.0040272679179906845
9,2250,24,blocks.4.attn.k.weight,attn_k,4,75.46317291259766,0.36723625381084024,0.3646945200988031,0.36723625381084024,0.36723625381084024,27.712812921102035,27.521005630493164,0.9930787505709022,0.36896653709672833,0.3204132146170944,0.36723625381084024,0.36896653709672833,0.3204132146170944,0.025,0.025,1.004711635270028,0.8724988649463135,0.0008594569517299533,3.356163506396115e-05,3.356163506396115e-05,4.533597609538926e-05,0.0007018508443999776,7.889761115935041e-05,0.0006831652329285979,0.0007354124794639388,0.33934851767539187,True,0.0036455069202929735,1912.1551513671875,0.0008249515667557716
9,2250,25,blocks.4.attn.proj.weight,attn_proj,4,83.69469451904297,0.33111791709564775,0.3292365810087462,0.33111791709564775,0.33111791709564775,27.712812921102035,27.555355072021484,0.9943182292779578,0.30764150801024776,0.3204132146170944,0.33111791709564775,0.30764150801024776,0.3204132146170944,0.03,0.025,0.9290995507240446,0.9676710261635851,0.0013269532937556505,2.003679946938064e-05,2.003679946938064e-05,0.00012782407836880576,0.001079160396963547,0.0001478608778381864,0.0011039212822022543,0.0010991971964329275,0.7912784834598591,True,0.0046467711217701435,2434.15869140625,0.00018752300820779055
9,2250,26,blocks.4.attn.q.weight,attn_q,4,74.77579498291016,0.3706120801181149,0.3678441708015235,0.3706120801181149,0.3706120801181149,27.712812921102035,27.505840301513672,0.9925315188978611,0.3695859315389478,0.3204132146170944,0.3706120801181149,0.3695859315389478,0.3204132146170944,0.025,0.025,0.9972312057965297,0.8645514590754245,0.0008131102658808231,3.9616301364731044e-05,3.9616301364731044e-05,4.3370166322314224e-05,0.000721953033538565,8.298646768704527e-05,0.0007080327769996566,0.0007615693349032961,0.2744823849303106,True,0.0039785997942090034,2083.103515625,0.0013998599024489522
9,2250,27,blocks.4.attn.v.weight,attn_v,4,79.9102554321289,0.3467992033217773,0.3428470525626421,0.3467992033217773,0.3467992033217773,27.712812921102035,27.396995544433594,0.9886039220353571,0.3146157691445274,0.3204132146170944,0.3467992033217773,0.3146157691445274,0.3204132146170944,0.025,0.025,0.9071986502016598,0.9239156594019026,0.001736470963805914,0.0001399072352796793,0.0001399072352796793,0.0007165971597399009,0.002609722251622036,0.0008565043950195802,0.0027341479378452742,0.002749629486901715,0.15531908817136952,True,0.013266821391880512,6948.81005859375,0.0030359087977558374
9,2250,28,blocks.4.mlp.fc.weight,mlp_fc,4,168.55548095703125,0.3288271940343095,0.3288194707223621,0.3288271940343095,0.3288271940343095,55.42562584220407,55.42432403564453,0.999976512551013,0.33095677599406126,0.3204132146170944,0.3288271940343095,0.33095677599406126,0.3204132146170944,0.035,0.0375,1.006476295143429,0.9744121545606195,0.0020348378457129,5.050095933256671e-05,5.050095933256671e-05,0.00021181201720644192,0.0007919390424442763,0.0002623129765390086,0.0008172663610383481,0.000842440001776843,0.2390492024571972,True,0.0077315429225564,4046.37451171875,0.0006952845142222941
9,2250,29,blocks.4.mlp.proj.weight,mlp_proj,4,105.2466049194336,0.2633131295999166,0.26326145716494775,0.2633131295999166,0.2633131295999166,27.712812921102035,27.707374572753906,0.9998037605073288,0.2591172771613204,0.3204132146170944,0.2633131295999166,0.2591172771613204,0.3204132146170944,0.035,0.025,0.9840651605752759,1.2168524034632713,0.0030119414441287518,0.0001282412267755717,0.0001282412267755717,0.0006044920184737944,0.0024281899022841735,0.0007327332452493661,0.002790017200607309,0.002556431129059745,0.22315712898197662,True,0.013018853031098843,6812.06201171875,0.0024377070367336273
9,2250,30,blocks.5.attn.k.weight,attn_k,5,76.19286346435547,0.36371927318451075,0.36159522751693246,0.36371927318451075,0.36371927318451075,27.712812921102035,27.550975799560547,0.9941602058945718,0.36896653709672833,0.3204132146170944,0.36371927318451075,0.36896653709672833,0.3204132146170944,0.025,0.025,1.0144266864559461,0.8809354857985552,0.0006955674034543335,2.100393430737313e-05,2.100393430737313e-05,2.9596695431859755e-05,0.000522010144408025,5.0600629739232884e-05,0.0005028881222461604,0.0005430140787153981,0.43463457830951974,True,0.0027387328445911407,1435.6468505859375,0.00038726627826690674
9,2250,31,blocks.5.attn.proj.weight,attn_proj,5,89.44166564941406,0.30984231699942166,0.3080053923392513,0.30984231699942166,0.30984231699942166,27.712812921102035,27.54851531982422,0.9940714209796901,0.30764150801024776,0.3204132146170944,0.30984231699942166,0.30764150801024776,0.3204132146170944,0.03,0.025,0.9928970031902452,1.0341170235235895,0.0012877932749688625,1.8463655578671023e-05,1.8463655578671023e-05,0.00011600086628486744,0.0009534208980639214,0.00013446452186353846,0.0009747729326085295,0.0009718845536425924,0.7798096123466621,True,0.004531123209744692,2372.198486328125,0.00016351799422409385
9,2250,32,blocks.5.attn.q.weight,attn_q,5,75.36189270019531,0.3677297892629787,0.36540326047187593,0.3677297892629787,0.3677297892629787,27.712812921102035,27.5374813079834,0.9936732653730315,0.3695859315389478,0.3204132146170944,0.3677297892629787,0.3695859315389478,0.3204132146170944,0.025,0.025,1.0050475711518756,0.8713278716398841,0.0006660586223006248,1.7691168977762572e-05,1.7691168977762572e-05,2.3666560389458267e-05,0.00046837683828430043,4.135772936722084e-05,0.000449777527176992,0.000486068007262063,0.49957894540358866,True,0.003111480502411723,1627.7529296875,0.0004963310202583671
9,2250,33,blocks.5.attn.v.weight,attn_v,5,86.67390441894531,0.3197365240078481,0.3158626865913343,0.3197365240078481,0.3197365240078481,27.712812921102035,27.377052307128906,0.9878842824462087,0.3146157691445274,0.3204132146170944,0.3197365240078481,0.3146157691445274,0.3204132146170944,0.025,0.025,0.9839844544528951,1.0021164007188297,0.001774160424247384,0.000174618762684986,0.000174618762684986,0.0007949076468528395,0.0029906027974630532,0.0009695264095378255,0.003143007407961341,0.0031652215601480392,0.1172232127550224,True,0.014361364766955376,7503.37353515625,0.0036888413596898317
9,2250,34,blocks.5.mlp.fc.weight,mlp_fc,5,168.83644104003906,0.32827999394431706,0.32827964914167307,0.32827999394431706,0.32827999394431706,55.42562584220407,55.425567626953125,0.9999989496690374,0.33095677599406126,0.3204132146170944,0.32827999394431706,0.33095677599406126,0.3204132146170944,0.035,0.0375,1.0081539603360608,0.9760363729976276,0.0019682911224663258,3.918563015758991e-05,3.918563015758991e-05,0.0001832938540564845,0.000680275571426112,0.00022247948421407442,0.0006978848659047301,0.0007194612015837019,0.297506397797911,True,0.007017789874225855,3669.458251953125,0.0005991137004457414
9,2250,35,blocks.5.mlp.proj.weight,mlp_proj,5,106.53343963623047,0.26013252754938093,0.2602784563897798,0.26013252754938093,0.26013252754938093,27.712812921102035,27.72835922241211,1.0005609788278922,0.2591172771613204,0.3204132146170944,0.26013252754938093,0.2591172771613204,0.3204132146170944,0.035,0.025,0.9960971801657221,1.231730678341525,0.0025580963119864464,3.557454328984022e-05,3.557454328984022e-05,0.0003349676695356444,0.0013667612046582445,0.00037054221282548463,0.0015367762843961205,0.0014023357479480848,0.6749810947452002,True,0.006222538184374571,3258.873046875,0.0003318180388305336
9,2250,36,blocks.6.attn.k.weight,attn_k,6,75.16112518310547,0.3687120549830626,0.36680927073276237,0.3687120549830626,0.3687120549830626,27.712812921102035,27.56979751586914,0.9948393760806578,0.36896653709672833,0.3204132146170944,0.3687120549830626,0.36896653709672833,0.3204132146170944,0.025,0.025,1.0006901920081714,0.8690066144753881,0.0008666545618325472,2.038055390585214e-05,2.038055390585214e-05,3.833068729838399e-05,0.0006518782521985659,5.871124120423613e-05,0.0006216884794986431,0.000672258806104418,0.5657659042139875,True,0.00328268320299685,1719.4674072265625,0.00027057380066253245
9,2250,37,blocks.6.attn.proj.weight,attn_proj,6,95.03509521484375,0.2916060941324075,0.29024277803288595,0.2916060941324075,0.2916060941324075,27.712812921102035,27.583250045776367,0.995324802440859,0.30764150801024776,0.3204132146170944,0.2916060941324075,0.30764150801024776,0.3204132146170944,0.03,0.025,1.054989982035695,1.098787786210005,0.0010331189259886742,1.0808817023644224e-05,1.0808817023644224e-05,8.374290569604637e-05,0.0006683317017532882,9.45517227196906e-05,0.0006801367832931832,0.0006791405187769324,1.0057455934290052,True,0.0035939065273851156,1883.5562744140625,9.552328265272081e-05
9,2250,38,blocks.6.attn.q.weight,attn_q,6,72.25569915771484,0.3835380910315792,0.38134109742057587,0.3835380910315792,0.3835380910315792,27.712812921102035,27.554067611694336,0.9942717720550547,0.3695859315389478,0.3204132146170944,0.3835380910315792,0.3695859315389478,0.3204132146170944,0.025,0.025,0.9636224932571753,0.8354143228780702,0.000753912958316505,1.997753861360252e-05,1.997753861360252e-05,2.431474867370746e-05,0.00044317466264106236,4.429228728730998e-05,0.0004300590827719543,0.0004631522012546649,0.5222844810832215,True,0.0031281369738280773,1638.389404296875,0.0005526048480533063
9,2250,39,blocks.6.attn.v.weight,attn_v,6,93.8709716796875,0.29522239330456124,0.29107037663639446,0.29522239330456124,0.29522239330456124,27.712812921102035,27.32305908203125,0.9859359697559245,0.3146157691445274,0.3204132146170944,0.29522239330456124,0.3146157691445274,0.3204132146170944,0.025,0.025,1.0656907344422186,1.0853282877039259,0.0016368988435715437,0.0001538019278086722,0.0001538019278086722,0.0006979351723591204,0.0026693387259190296,0.0008517371001677926,0.002798987708467377,0.0028231406537277018,0.11337798895399294,True,0.01434847991913557,7510.25634765625,0.003090034006163478
9,2250,40,blocks.6.mlp.fc.weight,mlp_fc,6,169.63262939453125,0.3267391777161884,0.3266837839267326,0.3267391777161884,0.3267391777161884,55.42562584220407,55.416229248046875,0.9998304648073086,0.33095677599406126,0.3204132146170944,0.3267391777161884,0.33095677599406126,0.3204132146170944,0.035,0.0375,1.012908149880748,0.9806391044278479,0.001995114143937826,3.496075078146532e-05,3.496075078146532e-05,0.00015746173593347027,0.0005809845972543792,0.0001924224867149356,0.0005970480579475581,0.0006159453480358445,0.336416743861064,True,0.006498081609606743,3403.5693359375,0.0004739324504043907
9,2250,41,blocks.6.mlp.proj.weight,mlp_proj,6,107.13088989257812,0.2586818138903739,0.2588137362144307,0.2586818138903739,0.2586818138903739,27.712812921102035,27.726945877075195,1.0005099791209717,0.2591172771613204,0.3204132146170944,0.2586818138903739,0.2591172771613204,0.3204132146170944,0.035,0.025,1.0016833934492628,1.2386383480088068,0.0026860188227146864,3.547700180206448e-05,3.547700180206448e-05,0.0003237464451332476,0.0012819731486254295,0.0003592234469353121,0.0014425248314278625,0.001317450150427494,0.7067200770471768,True,0.006213461514562368,3254.099365234375,0.0002810218429658562
9,2250,42,blocks.7.attn.k.weight,attn_k,7,74.62094116210938,0.3713811765104606,0.36934294994353706,0.3713811765104606,0.3713811765104606,27.712812921102035,27.560718536376953,0.9945117666272965,0.36896653709672833,0.3204132146170944,0.3713811765104606,0.36896653709672833,0.3204132146170944,0.025,0.025,0.9934982180938181,0.8627610522098429,0.0006446413462981582,1.878610419225879e-05,1.878610419225879e-05,3.188720968803646e-05,0.0005261459064112349,5.067331388029525e-05,0.0005044432599436191,0.0005449320106034937,0.4598547830393285,True,0.0024551372043788433,1281.9237060546875,0.0003539105236995965
9,2250,43,blocks.7.attn.proj.weight,attn_proj,7,95.93148040771484,0.28888132241179676,0.28729565559091763,0.28888132241179676,0.28888132241179676,27.712812921102035,27.560697555541992,0.994511009546627,0.30764150801024776,0.3204132146170944,0.28888132241179676,0.30764150801024776,0.3204132146170944,0.03,0.025,1.0649408049015665,1.1091517164974387,0.0010688864858821034,1.2195991075714119e-05,1.2195991075714119e-05,8.305731021605171e-05,0.0006514940350970681,9.525330129176583e-05,0.0006638427668665953,0.0006636900261727822,0.9135942169321928,True,0.003874586196616292,2029.5179443359375,0.00011280374747002497
9,2250,44,blocks.7.attn.q.weight,attn_q,7,72.76306915283203,0.38086371621974685,0.37904359989895886,0.38086371621974685,0.38086371621974685,27.712812921102035,27.58037567138672,0.995221082389133,0.3695859315389478,0.3204132146170944,0.38086371621974685,0.3695859315389478,0.3204132146170944,0.025,0.025,0.9703889233851509,0.8412804921333741,0.0006183102377690375,1.6084157323348336e-05,1.6084157323348336e-05,2.4329349296318564e-05,0.00044527312554785785,4.04135066196669e-05,0.0004276953552485141,0.0004613572828712062,0.5283200779985683,True,0.0026759235188364983,1390.048828125,0.0005019341479055583
9,2250,45,blocks.7.attn.v.weight,attn_v,7,95.88688659667969,0.28901567153460644,0.28576101404780035,0.28901567153460644,0.28901567153460644,27.712812921102035,27.400733947753906,0.9887388200455647,0.3146157691445274,0.3204132146170944,0.28901567153460644,0.3146157691445274,0.3204132146170944,0.025,0.025,1.0885768493936343,1.1086361266009357,0.0014591070357710123,0.0001010579289868474,0.0001010579289868474,0.0005718159548996562,0.0021532994303258145,0.0006728738838865036,0.0022310053780542445,0.002254357359312662,0.15057661860064747,True,0.011064623482525349,5795.56884765625,0.0017841981025412679
9,2250,46,blocks.7.mlp.fc.weight,mlp_fc,7,168.56414794921875,0.3288102868642119,0.32882060048773143,0.3288102868642119,0.3288102868642119,55.42562584220407,55.427364349365234,1.0000313664867964,0.33095677599406126,0.3204132146170944,0.3288102868642119,0.33095677599406126,0.3204132146170944,0.035,0.0375,1.0065280473744296,0.9744622580783635,0.001935041742399335,2.868223782570567e-05,2.868223782570567e-05,0.00013783012677786224,0.0004901625168098974,0.0001665123646035679,0.0005027505548838297,0.0005188447546356031,0.40023226419994956,True,0.005877749063074589,3077.1337890625,0.0003742092230822891
9,2250,47,blocks.7.mlp.proj.weight,mlp_proj,7,108.12401580810547,0.25630580508853573,0.2564204100315591,0.25630580508853573,0.25630580508853573,27.712812921102035,27.725204467773438,1.0004471414254006,0.2591172771613204,0.3204132146170944,0.25630580508853573,0.2591172771613204,0.3204132146170944,0.035,0.025,1.0109692095027403,1.2501207864036243,0.0026560062542557716,3.4607517591211945e-05,3.4607517591211945e-05,0.0003103135632945144,0.0011779769981119146,0.0003449210808857263,0.001326317298094743,0.0012125845157031265,0.7098007888611283,True,0.006118104327470064,3205.248779296875,0.0002874430501833558
9,2250,48,blocks.8.attn.k.weight,attn_k,8,74.25330352783203,0.3732199323726326,0.3712958625656242,0.3732199323726326,0.3732199323726326,27.712812921102035,27.569944381713867,0.9948446756453445,0.36896653709672833,0.3204132146170944,0.3732199323726326,0.36896653709672833,0.3204132146170944,0.025,0.025,0.988603515227966,0.858510456770528,0.000708144623786211,1.2254153261892498e-05,1.2254153261892498e-05,2.510731132735213e-05,0.00034604729461936915,3.736146458924463e-05,0.0003324313760986169,0.00035830144788126164,0.7782567111989811,True,0.0025333683006465435,1329.8583984375,0.00024693255545571446
9,2250,49,blocks.8.attn.proj.weight,attn_proj,8,102.91972351074219,0.26926629780743166,0.26790668258771827,0.26926629780743166,0.26926629780743166,27.712812921102035,27.5728816986084,0.9949506669390791,0.30764150801024776,0.3204132146170944,0.26926629780743166,0.30764150801024776,0.3204132146170944,0.03,0.025,1.1425176879367966,1.1899491961160358,0.0009862937731668353,1.0044132068287581e-05,1.0044132068287581e-05,7.066883461562375e-05,0.0005477557451409155,8.071296668391133e-05,0.0005570703838379057,0.000557799877209203,0.9541030098990699,True,0.0036500298883765936,1911.5599365234375,0.00012221150973346084
9,2250,50,blocks.8.attn.q.weight,attn_q,8,73.26602172851562,0.3782491838275426,0.3762194729548375,0.3782491838275426,0.3782491838275426,27.712812921102035,27.564104080200195,0.9946339319171529,0.3695859315389478,0.3204132146170944,0.3782491838275426,0.3695859315389478,0.3204132146170944,0.025,0.025,0.9770964415549284,0.8470955875563297,0.0007146683055907488,1.042077383317519e-05,1.042077383317519e-05,1.9520765090821927e-05,0.0002958849835206606,2.9941538923997117e-05,0.0002844290527753645,0.0003063057573538358,0.9360562373724248,True,0.002804715419188142,1467.3726806640625,0.0003240131482016295
9,2250,51,blocks.8.attn.v.weight,attn_v,8,103.16825103759766,0.26861764779750547,0.265814456664679,0.26861764779750547,0.26861764779750547,27.712812921102035,27.423612594604492,0.9895643821029323,0.3146157691445274,0.3204132146170944,0.26861764779750547,0.3146157691445274,0.3204132146170944,0.025,0.025,1.171240131555679,1.1928226505007387,0.0013361991150304675,6.899114669067785e-05,6.899114669067785e-05,0.00041187961050545216,0.001576416499084436,0.00048087075719613,0.0016245265216851094,0.001645407645775114,0.18772916489792227,True,0.010164172388613224,5315.583984375,0.0013593795010820031
9,2250,52,blocks.8.mlp.fc.weight,mlp_fc,8,169.07217407226562,0.3278222814980411,0.3278763805791044,0.3278222814980411,0.3278222814980411,55.42562584220407,55.43477249145508,1.0001650256377266,0.33095677599406126,0.3204132146170944,0.3278222814980411,0.33095677599406126,0.3204132146170944,0.035,0.0375,1.0095615663514284,0.9773991357540137,0.0019054635195061564,2.5145640393020585e-05,2.5145640393020585e-05,0.00011822697878114433,0.00041155882336709365,0.0001433726191741649,0.0004227642159191019,0.00043670446376011424,0.44819375497099734,True,0.005379925016313791,2817.619873046875,0.0003040975134354085
9,2250,53,blocks.8.mlp.proj.weight,mlp_proj,8,109.23883819580078,0.2536901103930574,0.2538274315129868,0.2536901103930574,0.2536901103930574,27.712812921102035,27.727813720703125,1.0005412947304844,0.2591172771613204,0.3204132146170944,0.2536901103930574,0.2591172771613204,0.3204132146170944,0.035,0.025,1.0213928984454868,1.2630102691849472,0.0026392550207674503,3.070855018449947e-05,3.070855018449947e-05,0.0002814334689607314,0.0010233068896924355,0.00031214201914523087,0.0011514948533543927,0.001054015439876935,0.7867648898443522,True,0.005855970550328493,3066.382568359375,0.00023142696591094136
9,2250,54,blocks.9.attn.k.weight,attn_k,9,74.31401824951172,0.37291501084028816,0.3708553792022875,0.37291501084028816,0.37291501084028816,27.712812921102035,27.55975341796875,0.994476940916498,0.36896653709672833,0.3204132146170944,0.37291501084028816,0.36896653709672833,0.3204132146170944,0.025,0.025,0.989411866970271,0.8592124352814555,0.000626913970336318,1.4626019037677906e-05,1.4626019037677906e-05,2.2421047911851828e-05,0.00032083249403140976,3.7047066949529734e-05,0.0003110855140290849,0.00033545851306908766,0.5767811634645729,True,0.0022174231708049774,1160.820556640625,0.00023589987540617585
9,2250,55,blocks.9.attn.proj.weight,attn_proj,9,101.72016906738281,0.2724416718452773,0.2709439919967968,0.2724416718452773,0.2724416718452773,27.712812921102035,27.560468673706055,0.9945027504847774,0.30764150801024776,0.3204132146170944,0.2724416718452773,0.30764150801024776,0.3204132146170944,0.03,0.025,1.1292013660265632,1.1760800484261478,0.0010126817505806684,1.2574222637340426e-05,1.2574222637340426e-05,8.048760470268876e-05,0.000648626683414722,9.306182734002919e-05,0.000660047988348884,0.0006612009060520624,0.7917439705075875,True,0.004341488238424063,2274.96044921875,0.0002188362122979015
9,2250,56,blocks.9.attn.q.weight,attn_q,9,73.57827758789062,0.37664394750201324,0.3743354712313819,0.37664394750201324,0.37664394750201324,27.712812921102035,27.542959213256836,0.9938709322532949,0.3695859315389478,0.3204132146170944,0.37664394750201324,0.3695859315389478,0.3204132146170944,0.025,0.025,0.9812607742408294,0.850705863567293,0.0006173212314024568,1.1726040611392818e-05,1.1726040611392818e-05,1.7380158643731872e-05,0.00028872780870171016,2.910619925512469e-05,0.00027893809973943563,0.000300453849313103,0.7155009302720547,True,0.002198543632403016,1150.0098876953125,0.00028884789207950234
9,2250,57,blocks.9.attn.v.weight,attn_v,9,101.75303649902344,0.27235366997001614,0.26981169041792874,0.27235366997001614,0.27235366997001614,27.712812921102035,27.454158782958984,0.9906666227322561,0.3146157691445274,0.3204132146170944,0.27235366997001614,0.3146157691445274,0.3204132146170944,0.025,0.025,1.155173599016176,1.1764600589093188,0.0012072724057361484,4.893803270533681e-05,4.893803270533681e-05,0.00031657598630060026,0.0012487216831516346,0.00036551401900593707,0.0012792615843611977,0.0012976597158569714,0.24244397121540276,True,0.007721737492829561,4041.279052734375,0.0008679761667735875
9,2250,58,blocks.9.mlp.fc.weight,mlp_fc,9,169.3330841064453,0.3273171697939588,0.3273837109603814,0.3273171697939588,0.3273171697939588,55.42562584220407,55.436893463134766,1.0002032926242956,0.33095677599406126,0.3204132146170944,0.3273171697939588,0.33095677599406126,0.3204132146170944,0.035,0.0375,1.0111195089533296,0.9789074457010295,0.0019479163456708193,2.488911195541732e-05,2.488911195541732e-05,0.00011560236828579587,0.0004069201249807612,0.0001404914802412132,0.00041749050969293913,0.00043180923693617853,0.4621884435967321,True,0.005372354295104742,2815.45849609375,0.00031164081883616745
9,2250,59,blocks.9.mlp.proj.weight,mlp_proj,9,110.54259490966797,0.2506980494147808,0.25081627221791364,0.2506980494147808,0.2506980494147808,27.712812921102035,27.725881576538086,1.0004715744833719,0.2591172771613204,0.3204132146170944,0.2506980494147808,0.2591172771613204,0.3204132146170944,0.035,0.025,1.0335831402206481,1.278084194771574,0.0027514020912349224,3.345903678564355e-05,3.345903678564355e-05,0.00027831294762276727,0.000982698084278303,0.0003117719844084108,0.001108932141111852,0.0010161571210639466,0.7438938589760216,True,0.006141409743577242,3217.54248046875,0.00028473392012529075
9,2250,60,blocks.10.attn.k.weight,attn_k,10,73.18412017822266,0.37867248869855946,0.3765314615576944,0.37867248869855946,0.37867248869855946,27.712812921102035,27.556123733520508,0.9943459659606688,0.36896653709672833,0.3204132146170944,0.37867248869855946,0.36896653709672833,0.3204132146170944,0.025,0.025,0.9743684796453288,0.8461486487130515,0.0005434085614979267,1.3205020877649076e-05,1.3205020877649076e-05,1.9589324723357936e-05,0.00033024505345094707,3.279434560100701e-05,0.00031817112329224096,0.00034345007432859615,0.5623031653142959,True,0.002137437229976058,1119.086669921875,0.00021548553195316344
9,2250,61,blocks.10.attn.proj.weight,attn_proj,10,100.75091552734375,0.2750626411288619,0.2731676291858654,0.2750626411288619,0.2750626411288619,27.712812921102035,27.521888732910156,0.993110616784538,0.30764150801024776,0.3204132146170944,0.2750626411288619,0.30764150801024776,0.3204132146170944,0.03,0.025,1.1184416275059441,1.1648736204310148,0.0008831818122416735,1.2537342627183534e-05,1.2537342627183534e-05,7.544921095332531e-05,0.0006085224536190724,8.798655358050885e-05,0.0006188859844187407,0.000621059796246256,0.6991906643314301,True,0.0043535479344427586,2282.508544921875,0.00028502853820100427
9,2250,62,blocks.10.attn.q.weight,attn_q,10,73.78701782226562,0.37557843830814835,0.3734565593938043,0.37557843830814835,0.37557843830814835,27.712812921102035,27.556245803833008,0.9943503707936552,0.3695859315389478,0.3204132146170944,0.37557843830814835,0.3695859315389478,0.3204132146170944,0.025,0.025,0.9840445931981753,0.8531193006191881,0.0005273135611787438,7.570186426164582e-06,7.570186426164582e-06,1.2921181000851941e-05,0.00025473379193874086,2.0491367427016524e-05,0.00024270497417716713,0.00026230397836490545,0.9440226347554224,True,0.0021216128952801228,1111.5191650390625,0.0001809425448300317
9,2250,63,blocks.10.attn.v.weight,attn_v,10,101.54373931884766,0.2729150325465533,0.27043085107142045,0.2729150325465533,0.2729150325465533,27.712812921102035,27.460559844970703,0.990897601161979,0.3146157691445274,0.3204132146170944,0.2729150325465533,0.3146157691445274,0.3204132146170944,0.025,0.025,1.1527975070074634,1.174040182496869,0.0009762942790985107,3.308544910396449e-05,3.308544910396449e-05,0.00023549937880533087,0.000946243704757518,0.00026858482790929536,0.0009645950290764769,0.0009793291538614825,0.2905966196892575,True,0.006229474674910307,3264.393310546875,0.0006025712937116623
9,2250,64,blocks.10.mlp.fc.weight,mlp_fc,10,168.70452880859375,0.3285366802754184,0.3284895289710207,0.3285366802754184,0.3285366802754184,55.42562584220407,55.41767120361328,0.9998564808521344,0.33095677599406126,0.3204132146170944,0.3285366802754184,0.33095677599406126,0.3204132146170944,0.035,0.0375,1.0073662877357075,0.9752737939291468,0.0020173455122858286,3.204335371265188e-05,3.204335371265188e-05,0.0001119485686932249,0.000371728424709422,0.00014399192240587677,0.00039006746599029617,0.0004037717784220739,0.37317761219946977,True,0.00520437303930521,2730.114501953125,0.00036751621519215405
9,2250,65,blocks.10.mlp.proj.weight,mlp_proj,10,111.86031341552734,0.24774481739700915,0.2477703385440534,0.24774481739700915,0.24774481739700915,27.712812921102035,27.715667724609375,1.0001030138483404,0.2591172771613204,0.3204132146170944,0.24774481739700915,0.2591172771613204,0.3204132146170944,0.035,0.025,1.0459039259985283,1.293319545424172,0.002908332971855998,4.003433059551753e-05,4.003433059551753e-05,0.0002866001008954599,0.0009649202457498501,0.0003266344314909774,0.0010947012671374168,0.0010049545763453677,0.6494347511535675,True,0.006629034876823425,3475.732177734375,0.0003658909990917891
9,2250,66,blocks.11.attn.k.weight,attn_k,11,73.93126678466797,0.37484563874467763,0.3729685008305662,0.37484563874467763,0.37484563874467763,27.712812921102035,27.574033737182617,0.994992237550388,0.36896653709672833,0.3204132146170944,0.37484563874467763,0.36896653709672833,0.3204132146170944,0.025,0.025,0.9843159395754534,0.8547870950029663,0.000580649240873754,1.4280307368608192e-05,1.4280307368608192e-05,2.9526193881537156e-05,0.0004390592548140349,4.380650125014535e-05,0.00042021499016869,0.0004533395621826431,0.5499815993090208,True,0.002207827987149358,1160.9359130859375,0.0002680988109204918
9,2250,67,blocks.11.attn.proj.weight,attn_proj,11,105.18622589111328,0.2634642766800075,0.2611347715368016,0.2634642766800075,0.2634642766800075,27.712812921102035,27.46778106689453,0.991158174563329,0.30764150801024776,0.3204132146170944,0.2634642766800075,0.30764150801024776,0.3204132146170944,0.03,0.025,1.1676782594093242,1.2161543062107605,0.0009731073514558375,3.80516066798009e-05,3.80516066798009e-05,8.585788790553764e-05,0.0008251564437113103,0.00012390949458533854,0.000857847878606668,0.0008632080503911112,0.24312458742804396,True,0.006700367201119661,3521.00048828125,0.001386229763738811
9,2250,68,blocks.11.attn.q.weight,attn_q,11,73.85527801513672,0.3752313127224606,0.37323349784857685,0.3752313127224606,0.3752313127224606,27.712812921102035,27.565263748168945,0.9946757778305234,0.3695859315389478,0.3204132146170944,0.3752313127224606,0.3695859315389478,0.3204132146170944,0.025,0.025,0.9849549304866027,0.8539085192340748,0.0005659065209329128,1.0604076123854611e-05,1.0604076123854611e-05,2.0782477314639506e-05,0.00035172438138401116,3.138655343849412e-05,0.0003358282921256349,0.00036232845750786577,0.7225873000255706,True,0.002376747550442815,1250.718994140625,0.000279894913546741
9,2250,69,blocks.11.attn.v.weight,attn_v,11,105.75865173339844,0.26203825849597484,0.26000059659509156,0.26203825849597484,0.26203825849597484,27.712812921102035,27.497312545776367,0.9922238000184538,0.3146157691445274,0.3204132146170944,0.26203825849597484,0.3146157691445274,0.3204132146170944,0.025,0.025,1.2006482219441257,1.2227726457051546,0.0009762534755282104,2.876330108847469e-05,2.876330108847469e-05,0.00016984793754121978,0.0007544104941833078,0.00019861123862969447,0.0007690101212438759,0.0007831737952717825,0.32092825893485,True,0.005391416605561972,2831.77587890625,0.0004999818629585207
9,2250,70,blocks.11.mlp.fc.weight,mlp_fc,11,165.5932159423828,0.3347095201139707,0.33470617380601564,0.3347095201139707,0.3347095201139707,55.42562584220407,55.425071716308594,0.9999900023520338,0.33095677599406126,0.3204132146170944,0.3347095201139707,0.33095677599406126,0.3204132146170944,0.035,0.0375,0.988788056824223,0.9572874249528118,0.002345459535717964,0.00014964447473175824,0.00014964447473175824,0.00016250731599143202,0.0006772819457388493,0.00031215179072319025,0.0007976160205238825,0.0008269264204706075,0.09465089351358302,True,0.007452153600752354,3908.115966796875,0.00333237973973155
9,2250,71,blocks.11.mlp.proj.weight,mlp_proj,11,113.39295196533203,0.24439625603516132,0.24435418308226434,0.24439625603516132,0.24439625603516132,27.712812921102035,27.70804214477539,0.9998278494377231,0.2591172771613204,0.3204132146170944,0.24439625603516132,0.2591172771613204,0.3204132146170944,0.035,0.025,1.0602342333920252,1.3110397835677012,0.0038807615637779236,0.00042403064435347915,0.00042403064435347915,0.0004912328195722802,0.0020786716943652327,0.0009152634639257594,0.002713884780705213,0.002502702338718712,0.08071117223307143,True,0.015044005587697029,7909.38623046875,0.012572423554956913
10,2500,0,blocks.0.attn.k.weight,attn_k,0,76.87937927246094,0.3604713407334843,0.3586230667595228,0.3604713407334843,0.3604713407334843,27.712812921102035,27.57071876525879,0.9948726188046019,0.3773537154675808,0.33010964695514267,0.3604713407334843,0.3773537154675808,0.33010964695514267,0.025,0.025,1.046834166343833,0.9157722394336207,0.0009281522361561656,3.468217983026989e-05,3.468217983026989e-05,3.708137228828885e-05,0.0005079522679168702,7.176355211855874e-05,0.0005078338493296774,0.0005426344477471401,0.34809914887828325,True,0.0028248364105820656,1480.9232177734375,0.0005196964484639466
10,2500,1,blocks.0.attn.proj.weight,attn_proj,0,75.07218170166016,0.36914889500925735,0.3665539330281141,0.36914889500925735,0.36914889500925735,27.712812921102035,27.518003463745117,0.9929704192096437,0.31723237201018556,0.33010964695514267,0.36914889500925735,0.31723237201018556,0.33010964695514267,0.03,0.025,0.8593615646668268,0.894245252845371,0.001677910564467311,4.435254231793806e-05,4.435254231793806e-05,0.00015661071665558175,0.0013361991601277567,0.00020096325897351981,0.0013902649343497011,0.0013805517024456948,0.5039312052468641,True,0.0060838256031274796,3191.549072265625,0.0006687978748232126
10,2500,2,blocks.0.attn.q.weight,attn_q,0,78.59602355957031,0.3525981553010459,0.3508810843374151,0.3525981553010459,0.3525981553010459,27.712812921102035,27.577857971191406,0.9951302327087891,0.3782211546790683,0.33010964695514267,0.3525981553010459,0.3782211546790683,0.33010964695514267,0.025,0.025,1.0726691248743083,0.9362205728878454,0.0009384662844240665,2.662937913555652e-05,2.662937913555652e-05,2.7194243652023963e-05,0.00042457236633993486,5.382362278758048e-05,0.00042218136510720016,0.0004512017454754914,0.4483911781818149,True,0.002910399343818426,1526.618408203125,0.00031355037936009467
10,2500,3,blocks.0.attn.v.weight,attn_v,0,71.6880874633789,0.38657486762021415,0.38332448588012985,0.38657486762021415,0.38657486762021415,27.712812921102035,27.479799270629883,0.9915918441359404,0.32219636795527046,0.33010964695514267,0.38657486762021415,0.32219636795527046,0.33010964695514267,0.025,0.025,0.833464342725478,0.8539345793153189,0.001758794765919447,8.520217670593411e-05,8.520217670593411e-05,0.0004873305404721549,0.0018237931374791797,0.000572532717178089,0.0019074786190676385,0.0019089953141851138,0.2879502634903109,True,0.008972647599875927,4702.91845703125,0.0015110617969185114
10,2500,4,blocks.0.mlp.fc.weight,mlp_fc,0,150.98440551757812,0.36709503641918323,0.3671625392600659,0.36709503641918323,0.36709503641918323,55.42562584220407,55.43581771850586,1.0001838838289496,0.3459908835127865,0.33010964695514267,0.36709503641918323,0.3459908835127865,0.33010964695514267,0.035,0.0375,0.9425103833812178,0.8992484621290079,0.002753267530351877,6.700571975670755e-05,6.700571975670755e-05,0.0001808784890487783,0.0007913768736143076,0.00024788420880548584,0.0008301753260038533,0.0008583825933710152,0.2721475588965652,True,0.007011865731328726,3675.920654296875,0.001733752666041255
10,2500,5,blocks.0.mlp.proj.weight,mlp_proj,0,96.29496765136719,0.28779087419641053,0.2877199388919292,0.28779087419641053,0.28779087419641053,27.712812921102035,27.705982208251953,0.999753517881078,0.2676960861947731,0.33010964695514267,0.28779087419641053,0.2676960861947731,0.33010964695514267,0.035,0.025,0.9301757289637919,1.14704695858372,0.0047887517139315605,0.00022731719946023077,0.00022731719946023077,0.0006177096812605625,0.0033268083034472904,0.0008450268807207933,0.003898337809673488,0.003554125502907521,0.21876932756571196,True,0.016614234074950218,8721.8193359375,0.0033554250840097666
10,2500,6,blocks.1.attn.k.weight,attn_k,1,72.85353088378906,0.380390800348546,0.376180901822981,0.380390800348546,0.380390800348546,27.712812921102035,27.40610694885254,0.9889327015224805,0.3773537154675808,0.33010964695514267,0.380390800348546,0.3773537154675808,0.33010964695514267,0.025,0.025,0.9920158824078228,0.8678171150634255,0.0008508908795192838,0.00011927088780794293,0.00011927088780794293,0.00010306877624720513,0.0010754734490214528,0.00022233966405514806,0.0011250698165225482,0.0011947443368293957,0.09792392479195565,True,0.004367896355688572,2309.612060546875,0.002534444909542799
10,2500,7,blocks.1.attn.proj.weight,attn_proj,1,72.79761505126953,0.3806829784407717,0.37790967968173805,0.3806829784407717,0.3806829784407717,27.712812921102035,27.510923385620117,0.9927149388964341,0.31723237201018556,0.33010964695514267,0.3806829784407717,0.31723237201018556,0.33010964695514267,0.03,0.025,0.833324288124277,0.8671510565227506,0.0018713881727308035,7.04303165548481e-05,7.04303165548481e-05,0.00024236719116546384,0.002170615171492988,0.00031279750772031194,0.0022549724931600393,0.002241045488047836,0.3649951457072155,True,0.009086688049137592,4768.56298828125,0.0011016358621418476
10,2500,8,blocks.1.attn.q.weight,attn_q,1,74.95861053466797,0.3697081992773199,0.3657684116244522,0.3697081992773199,0.3697081992773199,27.712812921102035,27.417491912841797,0.9893435210239749,0.3782211546790683,0.33010964695514267,0.3697081992773199,0.3782211546790683,0.33010964695514267,0.025,0.025,1.0230261471571065,0.8928924151544874,0.0007967497804202139,5.531383794732392e-05,5.531383794732392e-05,6.411275926608177e-05,0.0008708562885965213,0.00011942659721340569,0.000868847810034987,0.0009261701265438452,0.19216161133210155,True,0.0037235370837152004,1965.404296875,0.001152635901235044
10,2500,9,blocks.1.attn.v.weight,attn_v,1,66.84654235839844,0.41457361807166476,0.408711170536339,0.41457361807166476,0.41457361807166476,27.712812921102035,27.3209285736084,0.9858590916552092,0.32219636795527046,0.33010964695514267,0.41457361807166476,0.32219636795527046,0.33010964695514267,0.025,0.025,0.7771752806025741,0.796263034031458,0.0018247507978230715,0.00014045261195860803,0.00014045261195860803,0.0007255425663679991,0.002666897508787821,0.0008659951783266071,0.0028119691907428977,0.002807350120746429,0.19435458651348994,True,0.012601918540894985,6621.26171875,0.003131173551082611
10,2500,10,blocks.1.mlp.fc.weight,mlp_fc,1,160.69740295410156,0.34490679266319413,0.34479984503580247,0.34490679266319413,0.34490679266319413,55.42562584220407,55.40843963623047,0.9996899231048373,0.3459908835127865,0.33010964695514267,0.34490679266319413,0.3459908835127865,0.33010964695514267,0.035,0.0375,1.003143141488231,0.9570981319509673,0.0017321037594228983,4.149863525526598e-05,4.149863525526598e-05,0.00013764373037643819,0.0005715312703861379,0.00017914236563170417,0.0005923915268166421,0.0006130299056414038,0.25973545195500397,True,0.0057845222763717175,3033.341796875,0.0005393243627622724
10,2500,11,blocks.1.mlp.proj.weight,mlp_proj,1,100.53138732910156,0.2756632894200576,0.27561323457426956,0.2756632894200576,0.2756632894200576,27.712812921102035,27.707780838012695,0.9998184203421115,0.2676960861947731,0.33010964695514267,0.2756632894200576,0.2676960861947731,0.33010964695514267,0.035,0.025,0.971098062269931,1.1975103672659124,0.0027493340894579887,4.876226739725098e-05,4.876226739725098e-05,0.0003241816413041425,0.0015493629826367021,0.00037294390870139347,0.0017599074663088871,0.0015981252500339531,0.5608438339156565,True,0.00674727838486433,3539.73193359375,0.000435362511780113
10,2500,12,blocks.2.attn.k.weight,attn_k,2,75.33082580566406,0.3678814432831869,0.36529523903857036,0.3678814432831869,0.3678814432831869,27.712812921102035,27.51799201965332,0.9929700062565512,0.3773537154675808,0.33010964695514267,0.3678814432831869,0.3773537154675808,0.33010964695514267,0.025,0.025,1.0257481652237141,0.8973261711954078,0.0008383126696571708,1.8277580238645896e-05,1.8277580238645896e-05,8.593939525689219e-05,0.0008271427893080408,0.00010421697549553809,0.0007881589391811793,0.0008454203695466867,0.6088560170430704,True,0.0031450255773961544,1649.4986572265625,0.0003071240789722651
10,2500,13,blocks.2.attn.proj.weight,attn_proj,2,73.7780532836914,0.3756240736596927,0.3731459735681712,0.3756240736596927,0.3756240736596927,27.712812921102035,27.529983520507812,0.9934027122719468,0.31723237201018556,0.33010964695514267,0.3756240736596927,0.31723237201018556,0.33010964695514267,0.03,0.025,0.8445474990977049,0.8788298463910885,0.0017271785764023662,4.871872079093009e-05,4.871872079093009e-05,0.00022643257382942754,0.0018885888667273907,0.00027515129462035763,0.0019506952592425867,0.0019373075875183208,0.4805229938803551,True,0.007312641944736242,3838.50146484375,0.0006256830529309809
10,2500,14,blocks.2.attn.q.weight,attn_q,2,75.71968841552734,0.3659921679685511,0.36340476129780774,0.3659921679685511,0.3659921679685511,27.712812921102035,27.516895294189453,0.9929304315851892,0.3782211546790683,0.33010964695514267,0.3659921679685511,0.3782211546790683,0.33010964695514267,0.025,0.025,1.0334132470057884,0.9019582271047621,0.0007881312631070614,1.1637050192803144e-05,1.1637050192803144e-05,4.382174006743638e-05,0.000581788451623135,5.545879026023953e-05,0.0005530281032079476,0.0005934255018159382,0.8944309721882496,True,0.003384282346814871,1774.20654296875,0.00032769530662335455
10,2500,15,blocks.2.attn.v.weight,attn_v,2,71.19234466552734,0.3892667540492046,0.3828374872459082,0.3892667540492046,0.3892667540492046,27.712812921102035,27.255098342895508,0.9834836478162778,0.32219636795527046,0.33010964695514267,0.3892667540492046,0.32219636795527046,0.33010964695514267,0.025,0.025,0.8277007080716269,0.8480293873578932,0.002160906558856368,0.00027109254733659327,0.00027109254733659327,0.0011039473293007003,0.003986623947111212,0.0013750398766372936,0.004252477467763668,0.0042577164944478055,0.11196572920404284,True,0.019619878381490707,10309.0068359375,0.00621445756405592
10,2500,16,blocks.2.mlp.fc.weight,mlp_fc,2,160.39414978027344,0.345558899237488,0.3454776969537701,0.345558899237488,0.345558899237488,55.42562584220407,55.412601470947266,0.9997650117421518,0.3459908835127865,0.33010964695514267,0.345558899237488,0.3459908835127865,0.33010964695514267,0.035,0.0375,1.0012501031698264,0.9552919854865966,0.0020833760499954224,6.484765617642552e-05,6.484765617642552e-05,0.00019026449376667755,0.0008538845446075581,0.00025511214994310307,0.0008897719032683443,0.0009187322007839836,0.200301803550312,True,0.007961743511259556,4181.59912109375,0.000839389453176409
10,2500,17,blocks.2.mlp.proj.weight,mlp_proj,2,100.29981231689453,0.2762997485333687,0.2763283633655387,0.2762997485333687,0.2762997485333687,27.712812921102035,27.715682983398438,1.0001035644524636,0.2676960861947731,0.33010964695514267,0.2762997485333687,0.2676960861947731,0.33010964695514267,0.035,0.025,0.9688611285957919,1.1947518906817802,0.0030777323991060257,8.338568295584992e-05,8.338568295584992e-05,0.0004882136365833475,0.0022741413987710747,0.0005715993195391974,0.002592631292218406,0.0023575270817269246,0.36799273589523684,True,0.009206289425492287,4831.00927734375,0.0009097155998460948
10,2500,18,blocks.3.attn.k.weight,attn_k,3,72.88414001464844,0.3802310477359305,0.377424037508356,0.3802310477359305,0.3802310477359305,27.712812921102035,27.50822639465332,0.9926176196176415,0.3773537154675808,0.33010964695514267,0.3802310477359305,0.3773537154675808,0.33010964695514267,0.025,0.025,0.9924326740662481,0.8681817250873289,0.0007167542353272438,2.4563280021538958e-05,2.4563280021538958e-05,5.294164123658429e-05,0.0006659257331033921,7.750492125812325e-05,0.0006434261688850419,0.000690489013124931,0.4003601791509401,True,0.002802114002406597,1472.8619384765625,0.0003141988127026707
10,2500,19,blocks.3.attn.proj.weight,attn_proj,3,75.93418884277344,0.364958305915181,0.36266709542174697,0.364958305915181,0.364958305915181,27.712812921102035,27.53883171081543,0.9937219938379432,0.31723237201018556,0.33010964695514267,0.364958305915181,0.31723237201018556,0.33010964695514267,0.03,0.025,0.8692290786879986,0.9045133145479434,0.0017662405734881759,4.059135972056538e-05,4.059135972056538e-05,0.00020948423586591097,0.0017091549840244484,0.00025007559558647634,0.0017641175287965282,0.0017497463437450137,0.5730320322652096,True,0.006316983141005039,3315.400634765625,0.00035213230876252055
10,2500,20,blocks.3.attn.q.weight,attn_q,3,74.2441177368164,0.37326610869482685,0.3704604460338085,0.37326610869482685,0.37326610869482685,27.712812921102035,27.50450897216797,0.9924834786881034,0.3782211546790683,0.33010964695514267,0.37326610869482685,0.3782211546790683,0.33010964695514267,0.025,0.025,1.0132748349470233,0.8843815156683088,0.0006749666063115001,1.6877973394002765e-05,1.6877973394002765e-05,3.1348162890278196e-05,0.000490979231871259,4.822613628428096e-05,0.0004730828051899657,0.0005078572052652617,0.5386416578044431,True,0.0029877335764467716,1569.4444580078125,0.0003274436166975647
10,2500,21,blocks.3.attn.v.weight,attn_v,3,72.48655700683594,0.3823165848322544,0.37642585621365243,0.3823165848322544,0.3823165848322544,27.712812921102035,27.28581428527832,0.9845920139164734,0.32219636795527046,0.33010964695514267,0.3823165848322544,0.32219636795527046,0.33010964695514267,0.025,0.025,0.8427475572283574,0.8634457934907059,0.002208892023190856,0.00024020049022510648,0.00024020049022510648,0.0011055272172235833,0.003923263633196761,0.0013457277074486898,0.0041609205579512904,0.004163464123421868,0.12686538024401187,True,0.01885683462023735,9907.349609375,0.005353432148694992
10,2500,22,blocks.3.mlp.fc.weight,mlp_fc,3,161.2454833984375,0.3437344394028537,0.3436324448889127,0.3437344394028537,0.3437344394028537,55.42562584220407,55.4091796875,0.9997032752548272,0.3459908835127865,0.33010964695514267,0.3437344394028537,0.3459908835127865,0.33010964695514267,0.035,0.0375,1.0065644982034758,0.9603624458713522,0.0020192351657897234,4.62368261651136e-05,4.62368261651136e-05,0.00018079711474575455,0.0007180907165941807,0.00022703394091086815,0.0007385143222814743,0.0007643275427592943,0.2708390783877364,True,0.00740567222237587,3888.114013671875,0.0006672909948974848
10,2500,23,blocks.3.mlp.proj.weight,mlp_proj,3,101.22264099121094,0.27378077325119693,0.27379821705053314,0.27378077325119693,0.27378077325119693,27.712812921102035,27.71457862854004,1.00006371447904,0.2676960861947731,0.33010964695514267,0.27378077325119693,0.2676960861947731,0.33010964695514267,0.035,0.025,0.977775331027935,1.2057444466791076,0.003274729009717703,0.00020152240176685154,0.00020152240176685154,0.0006515798069720316,0.002872274896728641,0.0008531022087388832,0.003360728444486048,0.0030737972984954927,0.16053671514938467,True,0.018731344491243362,9817.0986328125,0.00463187275454402
10,2500,24,blocks.4.attn.k.weight,attn_k,4,73.73270416259766,0.3758551003363294,0.37315784506946875,0.3758551003363294,0.3758551003363294,27.712812921102035,27.51393699645996,0.9928236832107852,0.3773537154675808,0.33010964695514267,0.3758551003363294,0.3773537154675808,0.33010964695514267,0.025,0.025,1.0039872150994102,0.8782896564653454,0.0009608446271158755,4.289502976462245e-05,4.289502976462245e-05,0.00011632222557363551,0.0010408352386173144,0.00015921725533825796,0.0010149206437149937,0.0010837302683819369,0.3037987834577477,True,0.004243776202201843,2222.632568359375,0.0011036868672817945
10,2500,25,blocks.4.attn.proj.weight,attn_proj,4,80.92138671875,0.3424658677368019,0.34059086064732547,0.3424658677368019,0.3424658677368019,27.712812921102035,27.561084747314453,0.9945249811262555,0.31723237201018556,0.33010964695514267,0.3424658677368019,0.31723237201018556,0.33010964695514267,0.03,0.025,0.9263182170726304,0.9639198473608019,0.001464930595830083,2.6617348339641467e-05,2.6617348339641467e-05,0.00016810037737325514,0.0013222119384400178,0.0001947177257128966,0.001358894384581967,0.0013488292867796592,0.6801253224886042,True,0.005102531984448433,2678.963623046875,0.00023389564012177289
10,2500,26,blocks.4.attn.q.weight,attn_q,4,73.04446411132812,0.3793964848433214,0.37635947731396036,0.3793964848433214,0.3793964848433214,27.712812921102035,27.490976333618164,0.9919951616562549,0.3782211546790683,0.33010964695514267,0.3793964848433214,0.3782211546790683,0.33010964695514267,0.025,0.025,0.9969021058148747,0.870091474599369,0.0009179913904517889,6.498804577859119e-05,6.498804577859119e-05,7.179687266435238e-05,0.0009530232399748103,0.00013678491844294356,0.000954366639655075,0.0010180112857534015,0.1933827906652185,True,0.004692124202847481,2453.26025390625,0.0024397261440753937
10,2500,27,blocks.4.attn.v.weight,attn_v,4,77.78477478027344,0.3562755436315813,0.3517827784396182,0.3562755436315813,0.3562755436315813,27.712812921102035,27.363344192504883,0.9873896334669424,0.32219636795527046,0.33010964695514267,0.3562755436315813,0.32219636795527046,0.33010964695514267,0.025,0.025,0.9043460145230974,0.9265571349362773,0.0019545392133295536,0.00018232045113109052,0.00018232045113109052,0.0009150123035854252,0.0032397183885970915,0.0010973327547165158,0.0034217473169243255,0.003422038839728182,0.1378206845174668,True,0.015151722356677055,7971.384765625,0.0037518946919590235
10,2500,28,blocks.4.mlp.fc.weight,mlp_fc,4,161.25196838378906,0.34372061561622524,0.3437205148200519,0.34372061561622524,0.34372061561622524,55.42562584220407,55.42560958862305,0.999999706749707,0.3459908835127865,0.33010964695514267,0.34372061561622524,0.3459908835127865,0.33010964695514267,0.035,0.0375,1.0066049803049815,0.9604010698145623,0.002241643611341715,7.551090675406158e-05,7.551090675406158e-05,0.0002377325097760607,0.0009748996193210773,0.0003132434165301223,0.0010171915333208627,0.0010504105260751388,0.18409918127522876,True,0.008559144102036953,4486.68896484375,0.0010483403457328677
10,2500,29,blocks.4.mlp.proj.weight,mlp_proj,4,101.81366729736328,0.27219148132796633,0.2722182094596112,0.27219148132796633,0.27219148132796633,27.712812921102035,27.715534210205078,1.0000981960622615,0.2676960861947731,0.33010964695514267,0.27219148132796633,0.2676960861947731,0.33010964695514267,0.035,0.025,0.9834844385604533,1.212784637287712,0.0032988935708999634,0.00014554189692717046,0.00014554189692717046,0.0006272014886368174,0.002732696173824012,0.0007727433855639879,0.003152165788059782,0.0028782380707511827,0.22262513336287637,True,0.014125693589448929,7410.57275390625,0.002524329349398613
10,2500,30,blocks.5.attn.k.weight,attn_k,5,74.44761657714844,0.3722458044359802,0.3692951156579405,0.3722458044359802,0.3722458044359802,27.712812921102035,27.493141174316406,0.9920732786162476,0.3773537154675808,0.33010964695514267,0.3722458044359802,0.3773537154675808,0.33010964695514267,0.025,0.025,1.0137218767027878,0.8868055543441746,0.0008493629284203053,4.162988261668943e-05,4.162988261668943e-05,0.00010841871778660526,0.001095813664344185,0.0001500486004032947,0.001062480760613551,0.0011374435469608745,0.2740547393478948,True,0.004276961553841829,2249.97216796875,0.0007133116596378386
10,2500,31,blocks.5.attn.proj.weight,attn_proj,5,86.72589874267578,0.3195448340446567,0.3176371695499094,0.3195448340446567,0.3195448340446567,27.712812921102035,27.5473690032959,0.9940300568449275,0.31723237201018556,0.33010964695514267,0.3195448340446567,0.31723237201018556,0.33010964695514267,0.03,0.025,0.9927632626533152,1.033062067618998,0.0015021953731775284,3.133739664917812e-05,3.133739664917812e-05,0.00016901625107928534,0.0013473087851067207,0.00020035364772846346,0.0013903235107683143,0.0013786461817558988,0.5527321116627878,True,0.005463326815515757,2869.28076171875,0.0002901183906942606
10,2500,32,blocks.5.attn.q.weight,attn_q,5,73.64885711669922,0.37628300025335226,0.3733266996798869,0.37628300025335226,0.37628300025335226,27.712812921102035,27.495084762573242,0.9921434118164525,0.3782211546790683,0.33010964695514267,0.37628300025335226,0.3782211546790683,0.33010964695514267,0.025,0.025,1.0051507892315388,0.8772908867338653,0.000776402244810015,2.924940417869948e-05,2.924940417869948e-05,7.01927277171492e-05,0.0008362053009510064,9.944213189584868e-05,0.0008087753938080902,0.0008654547051297059,0.36041573804170596,True,0.004405349027365446,2313.239013671875,0.0006143086939118803
10,2500,33,blocks.5.attn.v.weight,attn_v,5,84.53651428222656,0.3278206246898511,0.32326614544459775,0.3278206246898511,0.3278206246898511,27.712812921102035,27.32779312133789,0.9861067946851773,0.32219636795527046,0.33010964695514267,0.3278206246898511,0.32219636795527046,0.33010964695514267,0.025,0.025,0.9828434933283965,1.0069825450044736,0.002045560395345092,0.0002381683880230412,0.0002381683880230412,0.0010107130255524147,0.0037397225203397296,0.0012488814135754559,0.003979452330277411,0.003977890908362771,0.10159769450021792,True,0.015978824347257614,8409.9345703125,0.0047064186073839664
10,2500,34,blocks.5.mlp.fc.weight,mlp_fc,5,161.48057556152344,0.34323401219911515,0.34323374618283375,0.34323401219911515,0.34323401219911515,55.42562584220407,55.42558288574219,0.999999224971099,0.3459908835127865,0.33010964695514267,0.34323401219911515,0.3459908835127865,0.33010964695514267,0.035,0.0375,1.0080320458220557,0.961762631972618,0.0020818538032472134,4.2136540287174284e-05,4.2136540287174284e-05,0.00016848459336913982,0.0006615103373146472,0.0002106211336563141,0.0006790117920302645,0.0007036468776018214,0.3059645181535663,True,0.007435601670295,3900.44384765625,0.0006630631978623569
10,2500,35,blocks.5.mlp.proj.weight,mlp_proj,5,103.05757904052734,0.2689061122831537,0.2689686076279573,0.2689061122831537,0.2689061122831537,27.712812921102035,27.719253540039062,1.000232405817315,0.2676960861947731,0.33010964695514267,0.2689061122831537,0.2676960861947731,0.33010964695514267,0.035,0.025,0.9955001912076046,1.227601872461503,0.0027378294616937637,3.900517549482174e-05,3.900517549482174e-05,0.0003445305991905226,0.0014572855733600157,0.00038353577468534436,0.001642550447197947,0.0014962907488548375,0.681089555243955,True,0.006834537256509066,3586.90234375,0.0003288924344815314
10,2500,36,blocks.6.attn.k.weight,attn_k,6,73.4262466430664,0.3774237985473678,0.3742848570649229,0.3774237985473678,0.3774237985473678,27.712812921102035,27.482332229614258,0.9916832444204076,0.3773537154675808,0.33010964695514267,0.3774237985473678,0.3773537154675808,0.33010964695514267,0.025,0.025,0.9998143119748761,0.8746391939927257,0.0011873503681272268,0.00011555136734386906,0.00011555136734386906,0.00017287113281434514,0.001725866366183881,0.0002884225001582142,0.00172420863251469,0.00184141773352775,0.13994341687941306,True,0.006638055667281151,3484.11376953125,0.0019408517982810736
10,2500,37,blocks.6.attn.proj.weight,attn_proj,6,91.92086791992188,0.3014855445582219,0.29980425791226484,0.3014855445582219,0.3014855445582219,27.712812921102035,27.55826759338379,0.9944233258399919,0.31723237201018556,0.33010964695514267,0.3014855445582219,0.31723237201018556,0.33010964695514267,0.03,0.025,1.0522307876320838,1.0949435318328935,0.0011695167049765587,1.459029135730816e-05,1.459029135730816e-05,0.00011287049289035233,0.0008422907434379619,0.0001274607842476605,0.000860905440407444,0.0008568810347952701,0.8720238209634474,True,0.004107472021132708,2156.525390625,0.00011420017835916951
10,2500,38,blocks.6.attn.q.weight,attn_q,6,70.5301742553711,0.392921373209164,0.3903520362471551,0.392921373209164,0.392921373209164,27.712812921102035,27.531597137451172,0.9934609386579853,0.3782211546790683,0.33010964695514267,0.392921373209164,0.3782211546790683,0.33010964695514267,0.025,0.025,0.9625873787164275,0.8401417419953261,0.0009141485206782818,2.803903589665424e-05,2.803903589665424e-05,7.113949122587763e-05,0.000840456591076071,9.917852712253187e-05,0.0008137470810766906,0.0008684956269727252,0.46225192385844877,True,0.004467350896447897,2341.486083984375,0.00048239348689094186
10,2500,39,blocks.6.attn.v.weight,attn_v,6,91.45507049560547,0.3030210656546776,0.2983856153551769,0.3030210656546776,0.3030210656546776,27.712812921102035,27.288877487182617,0.9847025476942252,0.32219636795527046,0.33010964695514267,0.3030210656546776,0.32219636795527046,0.33010964695514267,0.025,0.025,1.0632804265906879,1.0893950433509965,0.0018201025668531656,0.00019594331388361752,0.00019594331388361752,0.000845009273662837,0.0029747563690621344,0.0010409525875464546,0.0031592249081879185,0.003170699682945752,0.1015681692737932,True,0.015576483681797981,8190.65576171875,0.003953420091420412
10,2500,40,blocks.6.mlp.fc.weight,mlp_fc,6,162.1656036376953,0.3417841058701576,0.34171345876359505,0.3417841058701576,0.3417841058701576,55.42562584220407,55.41416931152344,0.9997932990289862,0.3459908835127865,0.33010964695514267,0.3417841058701576,0.3459908835127865,0.33010964695514267,0.035,0.0375,1.012308289269095,0.9658425926937338,0.0021568969823420048,4.300395812606439e-05,4.300395812606439e-05,0.00015407143009040194,0.0005923578583627432,0.00019707538821646633,0.0006125439093034327,0.0006353618164888076,0.30928740128384247,True,0.007018381729722023,3681.140380859375,0.0006670504226349294
10,2500,41,blocks.6.mlp.proj.weight,mlp_proj,6,103.6351318359375,0.26740751355412545,0.2674603847680541,0.26740751355412545,0.26740751355412545,27.712812921102035,27.718292236328125,1.0001977177575474,0.2676960861947731,0.33010964695514267,0.26740751355412545,0.2676960861947731,0.33010964695514267,0.035,0.025,1.001079149335829,1.234481569226086,0.0028952162247151136,3.9714133890811354e-05,3.9714133890811354e-05,0.0003282165590449951,0.0013106949227797988,0.00036793069293580643,0.0014794580282818876,0.0013504090566706102,0.703442986594119,True,0.006831839680671692,3585.296875,0.00027980096638202667
10,2500,42,blocks.7.attn.k.weight,attn_k,7,72.90040588378906,0.3801462088603345,0.37780268800177647,0.3801462088603345,0.3801462088603345,27.712812921102035,27.541969299316406,0.993835211810796,0.3773537154675808,0.33010964695514267,0.3801462088603345,0.3773537154675808,0.33010964695514267,0.025,0.025,0.9926541595636965,0.868375480962444,0.0007680993876419961,1.9354311007191427e-05,1.9354311007191427e-05,6.650101198608777e-05,0.0006543477242679266,8.58553229932792e-05,0.0006288231995191285,0.000673702035275118,0.5443895212517227,True,0.003229086520150304,1694.22021484375,0.0002798454079311341
10,2500,43,blocks.7.attn.proj.weight,attn_proj,7,92.80554962158203,0.2986115920233437,0.2968494293381478,0.2986115920233437,0.2986115920233437,27.712812921102035,27.549274444580078,0.9940988135348242,0.31723237201018556,0.33010964695514267,0.2986115920233437,0.31723237201018556,0.33010964695514267,0.03,0.025,1.0623578604590347,1.1054816884983374,0.0012010547798126936,1.4245702004700433e-05,1.4245702004700433e-05,0.00010491813187632566,0.0007632872816855009,0.00011916383388102609,0.0007794611327491801,0.0007775329836902013,0.9084583340057946,True,0.004317858722060919,2267.64501953125,0.00011107296450063586
10,2500,44,blocks.7.attn.q.weight,attn_q,7,71.0146713256836,0.3902406700441807,0.3878172729260203,0.3902406700441807,0.3902406700441807,27.712812921102035,27.54071617126465,0.9937899934471703,0.3782211546790683,0.33010964695514267,0.3902406700441807,0.3782211546790683,0.33010964695514267,0.025,0.025,0.9691997367579559,0.8459129770297125,0.0007321244920603931,1.1200317203474697e-05,1.1200317203474697e-05,4.3842637701926494e-05,0.0005039223506786648,5.504295490540119e-05,0.0004814351014657698,0.0005151226678821395,0.9204634156453949,True,0.0036278183106333017,1900.966796875,0.00025569903664290905
10,2500,45,blocks.7.attn.v.weight,attn_v,7,93.38778686523438,0.29674986260348707,0.2932120798096521,0.29674986260348707,0.29674986260348707,27.712812921102035,27.382427215576172,0.9880782327486399,0.32219636795527046,0.33010964695514267,0.29674986260348707,0.32219636795527046,0.33010964695514267,0.025,0.025,1.085750689582575,1.1124171855008758,0.001601983094587922,0.0001111344390665181,0.0001111344390665181,0.0006462633499251567,0.00223158124713937,0.0007573977889916748,0.0023297632350077336,0.002342715686205888,0.15435446026029018,True,0.01151883602142334,6058.39599609375,0.001928032492287457
10,2500,46,blocks.7.mlp.fc.weight,mlp_fc,7,161.1494598388672,0.34393925922943813,0.3439511836419152,0.34393925922943813,0.34393925922943813,55.42562584220407,55.427547454833984,1.0000346701115361,0.3459908835127865,0.33010964695514267,0.34393925922943813,0.3459908835127865,0.33010964695514267,0.035,0.0375,1.0059650773451825,0.9597905388722435,0.002104436978697777,2.971737558254972e-05,2.971737558254972e-05,0.00013085332392321537,0.00046616405623751067,0.0001605706995057651,0.0004775048967377272,0.0004958814318200604,0.43943699608823267,True,0.006427742075175047,3372.91259765625,0.0003699248190969229
10,2500,47,blocks.7.mlp.proj.weight,mlp_proj,7,104.61127471923828,0.2649122955004541,0.2650222705446141,0.2649122955004541,0.2649122955004541,27.712812921102035,27.72431755065918,1.000415137560734,0.2676960861947731,0.33010964695514267,0.2649122955004541,0.2676960861947731,0.33010964695514267,0.035,0.025,1.0105083483915311,1.246109193729654,0.002899543847888708,3.637444388004951e-05,3.637444388004951e-05,0.0002994368282606937,0.0011191659114541195,0.0003358112721407432,0.0012636972032739802,0.001155540355334169,0.7619997420538432,True,0.006729276850819588,3531.310791015625,0.0002295695448992774
10,2500,48,blocks.8.attn.k.weight,attn_k,8,72.54975128173828,0.3819835689509484,0.3798291051830478,0.3819835689509484,0.3819835689509484,27.712812921102035,27.556507110595703,0.9943597998892667,0.3773537154675808,0.33010964695514267,0.3819835689509484,0.3773537154675808,0.33010964695514267,0.025,0.025,0.9878794433590881,0.8641985514239042,0.0007838773890398443,1.52507864186191e-05,1.52507864186191e-05,2.7917451301844186e-05,0.0003608401799824458,4.3168237720463286e-05,0.00035039087262937345,0.0003760909664010649,0.708467562205273,True,0.0027435508091002703,1438.6707763671875,0.0002458386297803372
10,2500,49,blocks.8.attn.proj.weight,attn_proj,8,99.601318359375,0.2782374106847709,0.2770022988991729,0.2782374106847709,0.2782374106847709,27.712812921102035,27.589794158935547,0.9955609427842377,0.31723237201018556,0.33010964695514267,0.2782374106847709,0.31723237201018556,0.33010964695514267,0.03,0.025,1.1401499576546663,1.1864315662753935,0.0011342593934386969,1.2168291505076922e-05,1.2168291505076922e-05,9.244839884625947e-05,0.0006751792924510572,0.00010461669035133639,0.000689578409553041,0.0006873475839561341,0.9358746688519757,True,0.004219959490001202,2216.67626953125,0.00012040627916576341
10,2500,50,blocks.8.attn.q.weight,attn_q,8,71.5265884399414,0.38744771036258213,0.3852579744735301,0.38744771036258213,0.38744771036258213,27.712812921102035,27.556188583374023,0.9943483060281928,0.3782211546790683,0.33010964695514267,0.38744771036258213,0.3782211546790683,0.33010964695514267,0.025,0.025,0.9761863202782141,0.8520108343038568,0.0008046163711696863,2.0304660210967995e-05,2.0304660210967995e-05,2.1447537852555272e-05,0.00034690410242655133,4.175219806352327e-05,0.0003424979210921473,0.0003672087626375193,0.5540202351635087,True,0.0031332937069237232,1638.6572265625,0.0006256075575947762
10,2500,51,blocks.8.attn.v.weight,attn_v,8,100.54703521728516,0.2756203886192548,0.27276963382606517,0.2756203886192548,0.2756203886192548,27.712812921102035,27.426177978515625,0.9896569524211615,0.32219636795527046,0.33010964695514267,0.2756203886192548,0.32219636795527046,0.33010964695514267,0.025,0.025,1.1689859722255753,1.197696761871851,0.0014467345317825675,6.737757939845324e-05,6.737757939845324e-05,0.000420435985114069,0.0014894511694290597,0.00048781356451252226,0.001544201857276017,0.001556828748827513,0.213552260985362,True,0.010331785306334496,5424.7607421875,0.0012780146207660437
10,2500,52,blocks.8.mlp.fc.weight,mlp_fc,8,161.5767822265625,0.3430296424921151,0.3431414494683944,0.3430296424921151,0.3430296424921151,55.42562584220407,55.44369125366211,1.00032593969276,0.3459908835127865,0.33010964695514267,0.3430296424921151,0.3459908835127865,0.33010964695514267,0.035,0.0375,1.0086326097043916,0.9623356295301232,0.002045886591076851,2.5399205696885474e-05,2.5399205696885474e-05,0.00010644594351465206,0.00037436808207650665,0.00013184514921153753,0.00038483082926554367,0.0003997672877733921,0.4985198615283243,True,0.005832076538354158,3061.209716796875,0.0002909382455982268
10,2500,53,blocks.8.mlp.proj.weight,mlp_proj,8,105.68217468261719,0.26222788284144094,0.2623281526517423,0.26222788284144094,0.26222788284144094,27.712812921102035,27.72340965270996,1.0003823766153979,0.2676960861947731,0.33010964695514267,0.26222788284144094,0.2676960861947731,0.33010964695514267,0.035,0.025,1.0208528677197861,1.2588655461736202,0.0028392933309078217,3.219880454707891e-05,3.219880454707891e-05,0.00027156732222062877,0.0009693707582778435,0.0003037661267677077,0.0010951043084254332,0.0010015695628249224,0.8343893901296563,True,0.006438932381570339,3380.75634765625,0.0002040999970631674
10,2500,54,blocks.9.attn.k.weight,attn_k,9,72.60486602783203,0.38169360315985884,0.3791865729553937,0.38169360315985884,0.38169360315985884,27.712812921102035,27.530790328979492,0.993431825464966,0.3773537154675808,0.33010964695514267,0.38169360315985884,0.3773537154675808,0.33010964695514267,0.025,0.025,0.9886299176712677,0.8648550675786095,0.0007517060148529708,2.9695927878492512e-05,2.9695927878492512e-05,9.338567270586107e-05,0.000753895764896756,0.00012308160058435358,0.0007338202887058876,0.0007835916927752486,0.34864657014871797,True,0.0035044571850448847,1841.114990234375,0.0004326513153500855
10,2500,55,blocks.9.attn.proj.weight,attn_proj,9,98.5836181640625,0.2811097161699064,0.27926608583860235,0.2811097161699064,0.2811097161699064,27.712812921102035,27.53106117248535,0.9934415986881545,0.31723237201018556,0.33010964695514267,0.2811097161699064,0.31723237201018556,0.33010964695514267,0.03,0.025,1.1285002038792789,1.1743089191396718,0.001127827214077115,1.4654540791525505e-05,1.4654540791525505e-05,9.469069695220892e-05,0.0007108961894602065,0.00010934523774373443,0.0007258523327521936,0.000725550730251732,0.7806666060131636,True,0.004946367349475622,2602.295654296875,0.00022821080347057432
10,2500,56,blocks.9.attn.q.weight,attn_q,9,71.82775115966797,0.38582320166892636,0.3831273307531531,0.38582320166892636,0.38582320166892636,27.712812921102035,27.519174575805664,0.9930126780761066,0.3782211546790683,0.33010964695514267,0.38582320166892636,0.3782211546790683,0.33010964695514267,0.025,0.025,0.9802965530404225,0.8555982261492109,0.0007320770528167486,1.8504617401049472e-05,1.8504617401049472e-05,6.0915493469110255e-05,0.0006215384281037584,7.942011087015973e-05,0.0005998211845987929,0.0006400430455048079,0.550787929895622,True,0.0037307380698621273,1959.732177734375,0.0003454709949437529
10,2500,57,blocks.9.attn.v.weight,attn_v,9,99.30453491210938,0.27906895637374046,0.27629523993618677,0.27906895637374046,0.27906895637374046,27.712812921102035,27.43737030029297,0.9900608205455993,0.32219636795527046,0.33010964695514267,0.27906895637374046,0.32219636795527046,0.33010964695514267,0.025,0.025,1.1545403406453136,1.1828963394733394,0.00136026949621737,5.951512503088452e-05,5.951512503088452e-05,0.0003589483099734178,0.0013644718555012923,0.0004184634350043023,0.0014118951169604817,0.0014239869805321769,0.2301592995235908,True,0.008726128377020359,4587.44873046875,0.001001712866127491
10,2500,58,blocks.9.mlp.fc.weight,mlp_fc,9,161.79562377929688,0.34256566739907246,0.3426448808395897,0.34256566739907246,0.34256566739907246,55.42562584220407,55.43844223022461,1.000231235783553,0.3459908835127865,0.33010964695514267,0.34256566739907246,0.3459908835127865,0.33010964695514267,0.035,0.0375,1.0099987139391988,0.9636390285736979,0.0021174282301217318,3.068656224058941e-05,3.068656224058941e-05,0.00010893699756153589,0.00036755862019533116,0.0001396235598021253,0.0003827641147412868,0.00039824518243592057,0.42647511036610697,True,0.005901952274143696,3098.823486328125,0.0003436012484598905
10,2500,59,blocks.9.mlp.proj.weight,mlp_proj,9,106.96859741210938,0.2590742852721074,0.25909045326772073,0.2590742852721074,0.2590742852721074,27.712812921102035,27.714542388916016,1.0000624067942472,0.2676960861947731,0.33010964695514267,0.2590742852721074,0.2676960861947731,0.33010964695514267,0.035,0.025,1.0332792616357511,1.2741891639628624,0.002944639418274164,3.897341957781464e-05,3.897341957781464e-05,0.00026300193610388794,0.0008961322975581907,0.0003019753556817026,0.0010204270868271338,0.0009351057171360053,0.7063294383497877,True,0.006791050545871258,3565.9638671875,0.0002728680265136063
10,2500,60,blocks.10.attn.k.weight,attn_k,10,71.4543228149414,0.3878395572074076,0.3855849576447353,0.3878395572074076,0.3878395572074076,27.712812921102035,27.551712036132812,0.9941867725435207,0.3773537154675808,0.33010964695514267,0.3878395572074076,0.3773537154675808,0.33010964695514267,0.025,0.025,0.9729634547457489,0.8511500202095366,0.0006002995069138706,1.583804260008037e-05,1.583804260008037e-05,1.293974132227791e-05,0.00021952002186355853,2.877778392235828e-05,0.00021939661093077175,0.0002353580644636389,0.5304420834148187,True,0.0022026419173926115,1155.71484375,0.0002677803859114647
10,2500,61,blocks.10.attn.proj.weight,attn_proj,10,97.77022552490234,0.2834483890399077,0.2815037199942944,0.2834483890399077,0.2834483890399077,27.712812921102035,27.522682189941406,0.9931392481989494,0.31723237201018556,0.33010964695514267,0.2834483890399077,0.31723237201018556,0.33010964695514267,0.03,0.025,1.1191891867324082,1.164619943945652,0.0010088991839438677,1.4283610653365031e-05,1.4283610653365031e-05,8.725712918359426e-05,0.0006483302433097449,0.0001015407398369593,0.0006617887711452274,0.0006626138539631099,0.7224422727672567,True,0.005140979308634996,2708.390380859375,0.0003109060344286263
10,2500,62,blocks.10.attn.q.weight,attn_q,10,72.04376220703125,0.38466637599330356,0.38223642686795506,0.38466637599330356,0.38466637599330356,27.712812921102035,27.537750244140625,0.9936829697707046,0.3782211546790683,0.33010964695514267,0.38466637599330356,0.3782211546790683,0.33010964695514267,0.025,0.025,0.9832446459673214,0.8581713078059345,0.0005836475174874067,1.0165098501602188e-05,1.0165098501602188e-05,8.818724911588855e-06,0.00017158009205778848,1.8983823413191043e-05,0.00016931956045670383,0.00018174519055939067,0.7969712724489182,True,0.0022320568095892668,1170.367919921875,0.00021717467461712658
10,2500,63,blocks.10.attn.v.weight,attn_v,10,99.29903411865234,0.27908441574555515,0.2763505561867319,0.27908441574555515,0.27908441574555515,27.712812921102035,27.441343307495117,0.9902041840942026,0.32219636795527046,0.33010964695514267,0.27908441574555515,0.32219636795527046,0.33010964695514267,0.025,0.025,1.1544763869904546,1.182830815089682,0.0011176735861226916,3.637511326815002e-05,3.637511326815002e-05,0.00025391401312234283,0.0009392224788923886,0.00029028912639049285,0.0009652789756825725,0.0009755975921605386,0.3094322739954098,True,0.007099192123860121,3728.04541015625,0.0006192066939547658
10,2500,64,blocks.10.mlp.fc.weight,mlp_fc,10,161.22462463378906,0.343778910747038,0.34378493807079596,0.343778910747038,0.343778910747038,55.42562584220407,55.426597595214844,1.0000175325581986,0.3459908835127865,0.33010964695514267,0.343778910747038,0.3459908835127865,0.33010964695514267,0.035,0.0375,1.0064342887146331,0.9602382130940151,0.002171969972550869,3.566378654795699e-05,3.566378654795699e-05,0.00010663973179865694,0.00033769175465668425,0.00014230351834661393,0.00035880693737412025,0.00037335554120464123,0.3777417522109583,True,0.00562298484146595,2948.76025390625,0.0003950092359445989
10,2500,65,blocks.10.mlp.proj.weight,mlp_proj,10,108.28211212158203,0.25593158812773575,0.2559166463335173,0.25593158812773575,0.25593158812773575,27.712812921102035,27.71119499206543,0.9999416180146992,0.2676960861947731,0.33010964695514267,0.25593158812773575,0.2676960861947731,0.33010964695514267,0.035,0.025,1.0459673546087076,1.2898354961576082,0.003166857408359647,4.742103556054644e-05,4.742103556054644e-05,0.0002794488868577826,0.0009097916813903641,0.00032686992241832903,0.0010430772140110841,0.0009572127169509106,0.616738069567022,True,0.007456212304532528,3914.983154296875,0.000345672364346683
10,2500,66,blocks.11.attn.k.weight,attn_k,11,72.21481323242188,0.38375523913506393,0.3817474332670512,0.38375523913506393,0.38375523913506393,27.712812921102035,27.567819595336914,0.9947680040211755,0.3773537154675808,0.33010964695514267,0.38375523913506393,0.3773537154675808,0.33010964695514267,0.025,0.025,0.9833187328415076,0.8602088344101003,0.0006239586509764194,1.0884654329856858e-05,1.0884654329856858e-05,2.6441976257307084e-05,0.00028937225525255415,3.732663058716394e-05,0.00027973320361894576,0.000300256909582411,0.7938069127931087,True,0.002137934323400259,1122.227294921875,0.00018664897652342916
10,2500,67,blocks.11.attn.proj.weight,attn_proj,11,102.3861312866211,0.2706695972672551,0.2682751916828309,0.2706695972672551,0.2706695972672551,27.712812921102035,27.46765899658203,0.9911537697303426,0.31723237201018556,0.33010964695514267,0.2706695972672551,0.31723237201018556,0.33010964695514267,0.03,0.025,1.1720280933397742,1.2196037171814216,0.0011077040107920766,4.3936510337516665e-05,4.3936510337516665e-05,0.00010934734664096572,0.0009695645905529486,0.0001532838569784824,0.0010114296367187603,0.0010135011008904652,0.24623911118958414,True,0.008056441321969032,4259.11083984375,0.001548656146042049
10,2500,68,blocks.11.attn.q.weight,attn_q,11,72.10270690917969,0.3843519072870453,0.38242425438429817,0.3843519072870453,0.3843519072870453,27.712812921102035,27.573823928833008,0.9949846667436927,0.3782211546790683,0.33010964695514267,0.3843519072870453,0.3782211546790683,0.33010964695514267,0.025,0.025,0.9840491162090205,0.858873445653561,0.0006121594924479723,7.745251423330046e-06,7.745251423330046e-06,1.5651973606704335e-05,0.00021187229700284866,2.339722503003438e-05,0.0002046718727401898,0.0002196175484261787,1.0961689561615477,True,0.002149247331544757,1127.7060546875,0.00019900327606592327
10,2500,69,blocks.11.attn.v.weight,attn_v,11,103.61791229248047,0.26745195215743744,0.2651234330876002,0.26745195215743744,0.26745195215743744,27.712812921102035,27.47153663635254,0.9912936920031754,0.32219636795527046,0.33010964695514267,0.26745195215743744,0.32219636795527046,0.33010964695514267,0.025,0.025,1.2046887874858634,1.2342764533676738,0.001095958985388279,3.189025665051304e-05,3.189025665051304e-05,0.00020753982014106898,0.0008041823372690297,0.00023943007679158202,0.0008271618089453849,0.0008360725939195428,0.3316663790352096,True,0.006298987194895744,3309.979736328125,0.0005136709078215063
10,2500,70,blocks.11.mlp.fc.weight,mlp_fc,11,158.36061096191406,0.3499962869904184,0.3501088952634995,0.3499962869904184,0.3499962869904184,55.42562584220407,55.443458557128906,1.00032174133632,0.3459908835127865,0.33010964695514267,0.3499962869904184,0.3459908835127865,0.33010964695514267,0.035,0.0375,0.9885558686577108,0.9431804256945727,0.0025547135155647993,0.00019116625480819494,0.00019116625480819494,0.00016129868223521584,0.0006268785716837011,0.0003524649370434108,0.0007870570255529895,0.0008180448264918961,0.08438860449152984,True,0.007959114387631416,4266.4150390625,0.004108509048819542
10,2500,71,blocks.11.mlp.proj.weight,mlp_proj,11,109.88162994384766,0.2522060596959109,0.2520927407610026,0.2522060596959109,0.2522060596959109,27.712812921102035,27.700361251831055,0.9995506890871587,0.2676960861947731,0.33010964695514267,0.2522060596959109,0.2676960861947731,0.33010964695514267,0.035,0.025,1.0614181376828882,1.3088886419032175,0.00433605071157217,0.0004838320310227573,0.0004838320310227573,0.0005167061575203781,0.0023276787963804517,0.0010005381885431353,0.003057596070802815,0.002811510827403209,0.08155951665140385,True,0.01793419010937214,9518.478515625,0.014762092381715775
11,2750,0,blocks.0.attn.k.weight,attn_k,0,75.35987854003906,0.36773961765846114,0.3661705257467122,0.36773961765846114,0.36773961765846114,27.712812921102035,27.594566345214844,0.9957331442237987,0.3858747460031007,0.33955811525453233,0.36773961765846114,0.3858747460031007,0.33955811525453233,0.025,0.025,1.0493151335178756,0.9233656069384876,0.0008252267143689096,2.0732191842398606e-05,2.0732191842398606e-05,1.4651414240909863e-05,0.00018283868253384737,3.538360608330847e-05,0.0001924012926739033,0.00020357087437624597,0.5281871969737463,True,0.0024687093682587147,1294.3521728515625,0.0002860461245290935
11,2750,1,blocks.0.attn.proj.weight,attn_proj,0,73.40715789794922,0.37752194356343893,0.37516087462582465,0.37752194356343893,0.37752194356343893,27.712812921102035,27.539493560791016,0.9937458762917912,0.32622847874275746,0.33955811525453233,0.37752194356343893,0.32622847874275746,0.33955811525453233,0.03,0.025,0.8641311698691705,0.8994394128442837,0.0014608748024329543,2.7732070520869456e-05,2.7732070520869456e-05,0.00010387642497517875,0.0008352683436468672,0.0001316084954960482,0.0008672039423967293,0.0008630004141677366,0.7176162963941569,True,0.005014198832213879,2630.2548828125,0.00039359735092148185
11,2750,2,blocks.0.attn.q.weight,attn_q,0,76.92103576660156,0.3602761279136948,0.3586760480903217,0.3602761279136948,0.3602761279136948,27.712812921102035,27.589733123779297,0.9955587403677445,0.3868848404531987,0.33955811525453233,0.3602761279136948,0.3868848404531987,0.33955811525453233,0.025,0.025,1.0738564408738125,0.9424940731456803,0.0008395342156291008,1.794050695025362e-05,1.794050695025362e-05,1.0375060148026423e-05,0.00015201606918515757,2.8315567098280044e-05,0.0001605336199954411,0.00016995657613541119,0.6083570794863857,True,0.002579999854788184,1352.50732421875,0.0002451945620123297
11,2750,3,blocks.0.attn.v.weight,attn_v,0,70.53839874267578,0.39287556019237735,0.39004961706686375,0.39287556019237735,0.39287556019237735,27.712812921102035,27.51347541809082,0.9928070274360554,0.3294116152933301,0.33955811525453233,0.39287556019237735,0.3294116152933301,0.33955811525453233,0.025,0.025,0.8384629859185662,0.8642892296183113,0.0015109144151210785,5.7494500651955605e-05,5.7494500651955605e-05,0.00039819493944371834,0.0011570271919004206,0.00045568944009567394,0.0012145001243984157,0.0012145216925523762,0.3725529112959855,True,0.006951387505978346,3644.511962890625,0.0013158221263438463
11,2750,4,blocks.0.mlp.fc.weight,mlp_fc,0,144.9871826171875,0.382279487342998,0.3823765665320942,0.382279487342998,0.382279487342998,55.42562584220407,55.439701080322266,1.000253948203639,0.36093905994570735,0.33955811525453233,0.382279487342998,0.36093905994570735,0.33955811525453233,0.035,0.0375,0.9441758501205086,0.8882457115724491,0.002481685485690832,3.6728146369569004e-05,3.6728146369569004e-05,0.00011347490256291093,0.00047731963597701826,0.00015020304893247993,0.0004933042618085236,0.0005140477823465873,0.46603455497497487,True,0.006133135408163071,3219.779296875,0.0007301511941477656
11,2750,5,blocks.0.mlp.proj.weight,mlp_proj,0,93.48872375488281,0.296429470935575,0.29656550555853833,0.296429470935575,0.296429470935575,27.712812921102035,27.72553062438965,1.000458910588536,0.27607850487621505,0.33955811525453233,0.296429470935575,0.27607850487621505,0.33955811525453233,0.035,0.025,0.9313463469231676,1.1454937803007137,0.004195448011159897,0.00017390992434229702,0.00017390992434229702,0.0004094492890599911,0.0023347669541036718,0.0005833592134022881,0.0027465475475123425,0.002508676878445969,0.25804458296775895,True,0.012656139209866524,6644.66455078125,0.0029099765233695507
11,2750,6,blocks.1.attn.k.weight,attn_k,1,71.41837310791016,0.38803478313947504,0.38472023509581665,0.38803478313947504,0.38803478313947504,27.712812921102035,27.476093292236328,0.9914581161594948,0.3858747460031007,0.33955811525453233,0.38803478313947504,0.3858747460031007,0.33955811525453233,0.025,0.025,0.994433393009518,0.8750713338306111,0.0006908273207955062,3.5737306461669505e-05,3.5737306461669505e-05,3.562881805144824e-05,0.00044934370077204944,7.136612451311775e-05,0.0004573531975710608,0.00048508100723371894,0.27066851200132214,True,0.002688419306650758,1404.5072021484375,0.000823640322778374
11,2750,7,blocks.1.attn.proj.weight,attn_proj,1,70.85051727294922,0.3911448213474485,0.38852556054641674,0.3911448213474485,0.3911448213474485,27.712812921102035,27.527236938476562,0.9933036035297533,0.32622847874275746,0.33955811525453233,0.3911448213474485,0.32622847874275746,0.33955811525453233,0.03,0.025,0.8340350196097145,0.868113539340222,0.0016435948200523853,6.315361679298803e-05,6.315361679298803e-05,0.0001724816546283543,0.0015847140185052402,0.00023563527142134234,0.0016563987134163632,0.0016478676352982282,0.36732755745934165,True,0.0070318360812962055,3685.577880859375,0.0012382462155073881
11,2750,8,blocks.1.attn.q.weight,attn_q,1,73.45345306396484,0.3772840045650287,0.3738114362000142,0.3772840045650287,0.3772840045650287,27.712812921102035,27.457740783691406,0.9907958770502,0.3868848404531987,0.33955811525453233,0.3772840045650287,0.3868848404531987,0.33955811525453233,0.025,0.025,1.0254472380806041,0.9000066558507016,0.0006903347093611956,2.804370342346374e-05,2.804370342346374e-05,2.9294919474453784e-05,0.00043056229280714165,5.7338622897917524e-05,0.00043085060850783145,0.0004586059962306054,0.33512909008667796,True,0.002740205731242895,1434.299560546875,0.0005015365895815194
11,2750,9,blocks.1.attn.v.weight,attn_v,1,65.4568862915039,0.42337505633382183,0.4186540926025906,0.42337505633382183,0.42337505633382183,27.712812921102035,27.403793334960938,0.9888492161722856,0.3294116152933301,0.33955811525453233,0.42337505633382183,0.3294116152933301,0.33955811525453233,0.025,0.025,0.7780609895770438,0.8020267376989689,0.00157638406381011,0.0001171170879388228,0.0001171170879388228,0.0005996630056327198,0.001825379268688183,0.0007167800935715426,0.0019460770135256808,0.0019424963566270059,0.20562997744978298,True,0.009428276680409908,4949.1357421875,0.002759563969448209
11,2750,10,blocks.1.mlp.fc.weight,mlp_fc,1,154.2443389892578,0.3593365319297983,0.35922726161607205,0.3593365319297983,0.3593365319297983,55.42562584220407,55.40877151489258,0.9996959109246781,0.36093905994570735,0.33955811525453233,0.3593365319297983,0.36093905994570735,0.33955811525453233,0.035,0.0375,1.004459685763935,0.9449585140451848,0.001680905930697918,4.451537097338587e-05,4.451537097338587e-05,9.719059603351506e-05,0.0004139208533686778,0.00014170596700690093,0.000440138574298361,0.0004584362243420637,0.24480719559087072,True,0.005288071930408478,2769.622802734375,0.0005705815856344998
11,2750,11,blocks.1.mlp.proj.weight,mlp_proj,1,97.50804138183594,0.2842105382117177,0.2842848059875842,0.2842105382117177,0.2842105382117177,27.712812921102035,27.720054626464844,1.000261312533788,0.27607850487621505,0.33955811525453233,0.2842105382117177,0.27607850487621505,0.33955811525453233,0.035,0.025,0.9713872913134387,1.1947414666291662,0.0026440739165991545,4.577422805596143e-05,4.577422805596143e-05,0.00022416873687210615,0.0010969752331605044,0.0002699429649280676,0.0012545489988117057,0.0011427494612164658,0.5923960171121703,True,0.006096521392464638,3195.607177734375,0.0004917323240078986
11,2750,12,blocks.2.attn.k.weight,attn_k,2,73.71768951416016,0.37593165363353914,0.37350402206507766,0.37593165363353914,0.37593165363353914,27.712812921102035,27.53385353088379,0.9935423592427177,0.3858747460031007,0.33955811525453233,0.37593165363353914,0.3858747460031007,0.33955811525453233,0.025,0.025,1.0264492023309486,0.9032442785079652,0.0007390339160338044,2.315421443199739e-05,2.315421443199739e-05,2.389316360002955e-05,0.0003940214971816463,4.704737803202694e-05,0.00039028292760959963,0.0004171757116136437,0.43297478349445856,True,0.002456681104376912,1291.8226318359375,0.0003514420532155782
11,2750,13,blocks.2.attn.proj.weight,attn_proj,2,71.6162109375,0.3869628476335786,0.38486962654257323,0.3869628476335786,0.3869628476335786,27.712812921102035,27.562904357910156,0.9945906406679587,0.32622847874275746,0.33955811525453233,0.3869628476335786,0.32622847874275746,0.33955811525453233,0.03,0.025,0.8430485787919064,0.8774953909168702,0.0015385091537609696,4.236996392137371e-05,4.236996392137371e-05,0.00016026846135586928,0.0013372363898195736,0.000202638425277243,0.001386563484550852,0.0013796063537409474,0.5070264907957313,True,0.005861327052116394,3071.936767578125,0.0007095178007148206
11,2750,14,blocks.2.attn.q.weight,attn_q,2,74.06355285644531,0.37417612107829573,0.37184854472623075,0.37417612107829573,0.37417612107829573,27.712812921102035,27.540424346923828,0.9937794631433122,0.3868848404531987,0.33955811525453233,0.37417612107829573,0.3868848404531987,0.33955811525453233,0.025,0.025,1.0339645387799712,0.9074820549103944,0.0007072342559695244,1.6206828149734065e-05,1.6206828149734065e-05,1.75285662327278e-05,0.0002828108309496548,3.373539438246186e-05,0.00028003657164159447,0.0002990176590993889,0.5891972615478629,True,0.002672447357326746,1406.0428466796875,0.0003140264889225364
11,2750,15,blocks.2.attn.v.weight,attn_v,2,69.5399169921875,0.3985166235417774,0.3935073654354826,0.3985166235417774,0.3985166235417774,27.712812921102035,27.364469528198242,0.9874302405210355,0.3294116152933301,0.33955811525453233,0.3985166235417774,0.3294116152933301,0.33955811525453233,0.025,0.025,0.8265944149724964,0.852055084269115,0.0017903842963278294,0.00029689475195482373,0.00029689475195482373,0.0010146352410103053,0.0031051069218776214,0.001311529992965129,0.0034052127019635822,0.003402001673832445,0.08671806351057174,True,0.014132216572761536,7404.77587890625,0.00825160089880228
11,2750,16,blocks.2.mlp.fc.weight,mlp_fc,2,153.8610076904297,0.3602317875996311,0.3601796163708078,0.3602317875996311,0.3602317875996311,55.42562584220407,55.417598724365234,0.9998551731673416,0.36093905994570735,0.33955811525453233,0.3602317875996311,0.36093905994570735,0.33955811525453233,0.035,0.0375,1.00196338127401,0.9426100831277113,0.0019567355047911406,5.496329686138779e-05,5.496329686138779e-05,0.00012905637288031344,0.0005355911008090936,0.00018401966974170123,0.000567255647596888,0.0005905543976704814,0.23138264310522477,True,0.006606373004615307,3466.0380859375,0.0008240132010541856
11,2750,17,blocks.2.mlp.proj.weight,mlp_proj,2,97.2583236694336,0.2849402691258973,0.28488858860279054,0.2849402691258973,0.2849402691258973,27.712812921102035,27.707786560058594,0.9998186268186579,0.27607850487621505,0.33955811525453233,0.2849402691258973,0.27607850487621505,0.33955811525453233,0.035,0.025,0.9688995722616981,1.1916817384084901,0.002882598899304867,6.729776941938326e-05,6.729776941938326e-05,0.0003428506814887603,0.0015377231163996084,0.00041014845090814355,0.0017547560049848683,0.0016050208858189917,0.4404095895570703,True,0.0077196937054395676,4048.96240234375,0.0009128102683462203
11,2750,18,blocks.3.attn.k.weight,attn_k,3,71.31187438964844,0.3886142828006327,0.38644649240022183,0.3886142828006327,0.3886142828006327,27.712812921102035,27.558223724365234,0.9944217428531376,0.3858747460031007,0.33955811525453233,0.3886142828006327,0.3858747460031007,0.33955811525453233,0.025,0.025,0.9929504989425788,0.8737664318651222,0.0006215443136170506,1.7389404092682526e-05,1.7389404092682526e-05,2.5645675531296567e-05,0.00036788222500791983,4.303507962397909e-05,0.000361082745932053,0.00038527162910060236,0.5012167153594393,True,0.002357714343816042,1236.6524658203125,0.00032144205761142075
11,2750,19,blocks.3.attn.proj.weight,attn_proj,3,73.68974304199219,0.37607422386192685,0.37375583181189603,0.37607422386192685,0.37607422386192685,27.712812921102035,27.54197120666504,0.9938352806363114,0.32622847874275746,0.33955811525453233,0.37607422386192685,0.32622847874275746,0.33955811525453233,0.03,0.025,0.8674576933050591,0.9029018574248228,0.0015481377486139536,2.9152575734769925e-05,2.9152575734769925e-05,0.00013557748787658763,0.0010685370912465774,0.00016473006361135756,0.0011031927775218186,0.0010976896669813473,0.7206520491607135,True,0.005108170211315155,2680.554931640625,0.0002897340164054185
11,2750,20,blocks.3.attn.q.weight,attn_q,3,72.64627838134766,0.38147601692170724,0.3789955684232065,0.38147601692170724,0.38147601692170724,27.712812921102035,27.532617568969727,0.9934977603087307,0.3868848404531987,0.33955811525453233,0.38147601692170724,0.3868848404531987,0.33955811525453233,0.025,0.025,1.014178672554929,0.8901165478096674,0.0005927728489041328,1.2066780982422642e-05,1.2066780982422642e-05,1.87953144324505e-05,0.0002643879332663959,3.086209541487314e-05,0.00025917089955569466,0.00027645471424881854,0.6762129793629866,True,0.002555662300437689,1340.812744140625,0.00027880133711732924
11,2750,21,blocks.3.attn.v.weight,attn_v,3,70.74617004394531,0.3917217413167059,0.3871102300675402,0.3917217413167059,0.3917217413167059,27.712812921102035,27.386566162109375,0.988227584117084,0.3294116152933301,0.33955811525453233,0.3917217413167059,0.3294116152933301,0.33955811525453233,0.025,0.025,0.8409326839660956,0.8668349990306016,0.001815536292269826,0.00026724181952886283,0.00026724181952886283,0.0009967565039518474,0.003016414204969332,0.0012639983234807102,0.0032880205238383924,0.003283656024498195,0.09602793309061637,True,0.013799508102238178,7251.07958984375,0.007692985236644745
11,2750,22,blocks.3.mlp.fc.weight,mlp_fc,3,154.61627197265625,0.3584721396723758,0.3584297713633109,0.3584721396723758,0.3584721396723758,55.42562584220407,55.41907501220703,0.9998818086418061,0.36093905994570735,0.33955811525453233,0.3584721396723758,0.36093905994570735,0.33955811525453233,0.035,0.0375,1.0068817629051625,0.9472371146189217,0.001946470234543085,4.3350752093829215e-05,4.3350752093829215e-05,0.00012943668168501808,0.0004746510592489883,0.0001727874337788473,0.000498188243476149,0.0005180018113428175,0.29039954583362915,True,0.006579432170838118,3456.351318359375,0.0007170888129621744
11,2750,23,blocks.3.mlp.proj.weight,mlp_proj,3,98.10868072509766,0.28247054915307496,0.28247697911418074,0.28247054915307496,0.28247054915307496,27.712812921102035,27.713443756103516,1.00002276329737,0.27607850487621505,0.33955811525453233,0.28247054915307496,0.27607850487621505,0.33955811525453233,0.035,0.025,0.9773709354974349,1.2021009491878771,0.002997221425175667,0.00017545169976074249,0.00017545169976074249,0.0004913105963375283,0.001958553089038527,0.0006667622960982708,0.002312761506508919,0.0021340047887992695,0.17412206646517583,True,0.014941233210265636,7836.34375,0.004403975326567888
11,2750,24,blocks.4.attn.k.weight,attn_k,4,72.06538391113281,0.38455096493034713,0.3819497628246459,0.38455096493034713,0.38455096493034713,27.712812921102035,27.52535629272461,0.9932357415715571,0.3858747460031007,0.33955811525453233,0.38455096493034713,0.3858747460031007,0.33955811525453233,0.025,0.025,1.003442407362034,0.8829989942062315,0.0008226979989558458,3.7101151974638924e-05,3.7101151974638924e-05,4.274944592736939e-05,0.000465295747377947,7.985059790200832e-05,0.0004757937807078433,0.0005023968993525859,0.307699182154736,True,0.0033169251400977373,1734.017822265625,0.0012255347101017833
11,2750,25,blocks.4.attn.proj.weight,attn_proj,4,78.46794128417969,0.3531736970228038,0.35143573862779637,0.3531736970228038,0.3531736970228038,27.712812921102035,27.576438903808594,0.9950790265253225,0.32622847874275746,0.33955811525453233,0.3531736970228038,0.32622847874275746,0.33955811525453233,0.03,0.025,0.9237054783320782,0.9614479167530068,0.001310050836764276,2.125390528817661e-05,2.125390528817661e-05,0.00011609622142750659,0.0008908839466863073,0.0001373501267156832,0.0009167031431257713,0.000912137851974484,0.7855198235813612,True,0.004296192899346352,2254.873046875,0.00020999356638640165
11,2750,26,blocks.4.attn.q.weight,attn_q,4,71.39679718017578,0.38815204624888755,0.38526126131516675,0.38815204624888755,0.38815204624888755,27.712812921102035,27.506420135498047,0.9925524418545463,0.3868848404531987,0.33955811525453233,0.38815204624888755,0.3868848404531987,0.33955811525453233,0.025,0.025,0.9967352850308657,0.874806969423533,0.0007923254743218422,7.730873767286539e-05,7.730873767286539e-05,5.356868184788546e-05,0.0005774937617706562,0.00013087741952075085,0.0006217124007088117,0.0006548024994435216,0.14354772277568023,True,0.0036831458564847708,1920.9979248046875,0.003177828388288617
11,2750,27,blocks.4.attn.v.weight,attn_v,4,75.86711883544922,0.3652809457705821,0.361384691657473,0.3652809457705821,0.3652809457705821,27.712812921102035,27.41721534729004,0.9893335413242402,0.3294116152933301,0.33955811525453233,0.3652809457705821,0.3294116152933301,0.33955811525453233,0.025,0.025,0.9018034450124861,0.9295806944931498,0.001637037843465805,0.00017649226356297731,0.00017649226356297731,0.0008249157421712603,0.0024832787879266686,0.0010014080057342376,0.0026623291324721723,0.002659771051489646,0.12225861022195643,True,0.011442136019468307,6018.9990234375,0.003999618347734213
11,2750,28,blocks.4.mlp.fc.weight,mlp_fc,4,154.56239318847656,0.35859709919616034,0.35855066849461054,0.35859709919616034,0.35859709919616034,55.42562584220407,55.41844940185547,0.9998705212572785,0.36093905994570735,0.33955811525453233,0.35859709919616034,0.36093905994570735,0.33955811525453233,0.035,0.0375,1.0065308970842117,0.9469070330342709,0.002111951820552349,6.893203681102023e-05,6.893203681102023e-05,0.0001685812445090467,0.0006790578112943277,0.00023751328132006692,0.0007195354013197845,0.0007479898481053479,0.19822528990197685,True,0.0075540803372859955,3964.07080078125,0.0014029499143362045
11,2750,29,blocks.4.mlp.proj.weight,mlp_proj,4,98.6728515625,0.28085549857195086,0.28079220703105384,0.28085549857195086,0.28085549857195086,27.712812921102035,27.706567764282227,0.9997746473143095,0.27607850487621505,0.33955811525453233,0.28085549857195086,0.27607850487621505,0.33955811525453233,0.035,0.025,0.9829912758695304,1.2090135923315126,0.0030188264790922403,0.00012833172513637692,0.00012833172513637692,0.00047097325612744344,0.0018442457477952706,0.0005993049812638204,0.0021407501155125265,0.0019725774729316475,0.2384001032217717,True,0.011742663569748402,6162.14599609375,0.00267073349095881
11,2750,30,blocks.5.attn.k.weight,attn_k,5,72.77159881591797,0.3808190746393244,0.37862696246581296,0.3808190746393244,0.3808190746393244,27.712812921102035,27.55328941345215,0.9942436912447665,0.3858747460031007,0.33955811525453233,0.3808190746393244,0.3858747460031007,0.33955811525453233,0.025,0.025,1.0132757829123042,0.8916520675234807,0.0006495648995041847,1.7276663129450753e-05,1.7276663129450753e-05,2.7200958057502225e-05,0.000352707620929596,4.447762118695298e-05,0.00034720805705027466,0.00036998428405904675,0.5166551551450568,True,0.0024649964179843664,1296.0709228515625,0.00034928094828501344
11,2750,31,blocks.5.attn.proj.weight,attn_proj,5,84.31433868408203,0.328684460479959,0.32707721543510215,0.328684460479959,0.328684460479959,27.712812921102035,27.577299118041992,0.9951100668327734,0.32622847874275746,0.33955811525453233,0.328684460479959,0.32622847874275746,0.33955811525453233,0.03,0.025,0.9925278434714705,1.0330823512577845,0.0012768255546689034,1.967831121874042e-05,1.967831121874042e-05,0.00010150339144067037,0.0007529273398329998,0.00012118170265941079,0.0007750774521171733,0.0007726056510517402,0.7695596764528104,True,0.004214085638523102,2211.561279296875,0.0001702557347016409
11,2750,32,blocks.5.attn.q.weight,attn_q,5,71.99263763427734,0.38493954148316034,0.3827474224580788,0.38493954148316034,0.38493954148316034,27.712812921102035,27.554996490478516,0.9943052900810603,0.3868848404531987,0.33955811525453233,0.38493954148316034,0.3868848404531987,0.33955811525453233,0.025,0.025,1.0050535181772784,0.8821076524023104,0.0006269050063565373,1.7099868273362517e-05,1.7099868273362517e-05,2.250783275934562e-05,0.0002994350944443011,3.9607701032708136e-05,0.0002971957176541105,0.0003165349627176636,0.5092380985294467,True,0.0025576879270374775,1346.4453125,0.0005764239467680454
11,2750,33,blocks.5.attn.v.weight,attn_v,5,82.60363006591797,0.33549146567756305,0.33194253859070555,0.33549146567756305,0.33549146567756305,27.712812921102035,27.419658660888672,0.989421706809483,0.3294116152933301,0.33955811525453233,0.33549146567756305,0.3294116152933301,0.33955811525453233,0.025,0.025,0.9818777792992318,1.0121214695245861,0.0016416807193309069,0.00021169277897570282,0.00021169277897570282,0.0008542479658810588,0.0026411769041427453,0.0010659407448567616,0.0028552641498095685,0.002852869683118448,0.093882256710196,True,0.012123183347284794,6400.619140625,0.00488267932087183
11,2750,34,blocks.5.mlp.fc.weight,mlp_fc,5,154.73255920410156,0.3582027346235147,0.3581395413050922,0.3582027346235147,0.3582027346235147,55.42562584220407,55.41584777832031,0.9998235822557675,0.36093905994570735,0.33955811525453233,0.3582027346235147,0.36093905994570735,0.33955811525453233,0.035,0.0375,1.0076390408495028,0.9479495336947145,0.002066867658868432,4.4006774260196835e-05,4.4006774260196835e-05,0.0001239239160479519,0.0005056404609323869,0.00016793069030814872,0.0005278407156643123,0.0005496472351925837,0.3035368519060745,True,0.006846982520073652,3599.18603515625,0.0007712200749665499
11,2750,35,blocks.5.mlp.proj.weight,mlp_proj,5,99.86986541748047,0.2774892386733045,0.27764795999554504,0.2774892386733045,0.2774892386733045,27.712812921102035,27.72866439819336,1.000571990910358,0.27607850487621505,0.33955811525453233,0.2774892386733045,0.27607850487621505,0.33955811525453233,0.035,0.025,0.9949160774528257,1.2236803015424436,0.002670315094292164,3.738783561857417e-05,3.738783561857417e-05,0.0002612966881239814,0.0010567007869284706,0.0002986845237425556,0.0011956236169864479,0.0010940886225470447,0.7151509525834921,True,0.006226277910172939,3269.215576171875,0.00035070363082922995
11,2750,36,blocks.6.attn.k.weight,attn_k,6,71.75271606445312,0.38622667462801713,0.3840924585944189,0.38622667462801713,0.38622667462801713,27.712812921102035,27.559677124023438,0.9944741878958815,0.3858747460031007,0.33955811525453233,0.38622667462801713,0.3858747460031007,0.33955811525453233,0.025,0.025,0.9990888029024525,0.87916795384878,0.000846054230351001,2.768743797787465e-05,2.768743797787465e-05,4.2279335773567296e-05,0.0004828949886552447,6.996677375144195e-05,0.0004806265112313888,0.0005105824266331193,0.42587003705897464,True,0.003080399939790368,1614.8839111328125,0.0004681826685555279
11,2750,37,blocks.6.attn.proj.weight,attn_proj,6,89.2266616821289,0.3105889248645128,0.3091901090001887,0.3105889248645128,0.3105889248645128,27.712812921102035,27.588001251220703,0.9954962467997504,0.32622847874275746,0.33955811525453233,0.3105889248645128,0.32622847874275746,0.33955811525453233,0.03,0.025,1.05035451243172,1.0932718074305343,0.0010372665710747242,1.1752192222047597e-05,1.1752192222047597e-05,7.624385848511e-05,0.0005644418779538859,8.799605070715759e-05,0.0005777526698984246,0.0005761940701759335,0.9891834710082398,True,0.003381372196599841,1774.8831787109375,9.700414375402033e-05
11,2750,38,blocks.6.attn.q.weight,attn_q,6,68.91404724121094,0.40213590741670496,0.3999503969022722,0.40213590741670496,0.40213590741670496,27.712812921102035,27.56220054626465,0.9945652440527716,0.3868848404531987,0.33955811525453233,0.40213590741670496,0.3868848404531987,0.33955811525453233,0.025,0.025,0.9620748441454081,0.8443864598807693,0.0007511235307902098,1.8227439795737155e-05,1.8227439795737155e-05,3.3598660899923715e-05,0.00033419784958980275,5.182610069566087e-05,0.0003327802708957527,0.0003524252893855399,0.5979679935001806,True,0.0029626383911818266,1550.433349609375,0.0004994642804376781
11,2750,39,blocks.6.attn.v.weight,attn_v,6,89.30549621582031,0.3103147521192851,0.30667571515832026,0.3103147521192851,0.3103147521192851,27.712812921102035,27.387826919555664,0.9882730777827714,0.3294116152933301,0.33955811525453233,0.3103147521192851,0.3294116152933301,0.33955811525453233,0.025,0.025,1.0615403007547128,1.0942377471117006,0.0014365286333486438,0.00015918711142148823,0.00015918711142148823,0.0006745443395278799,0.002081699578894166,0.0008337314509493681,0.0022354176437419564,0.002240886690315654,0.10104811044202545,True,0.01087383832782507,5723.240234375,0.003579414449632168
11,2750,40,blocks.6.mlp.fc.weight,mlp_fc,6,155.3528289794922,0.3567725557770222,0.3568637714030431,0.3567725557770222,0.3567725557770222,55.42562584220407,55.439796447753906,1.0002556688415243,0.36093905994570735,0.33955811525453233,0.3567725557770222,0.36093905994570735,0.33955811525453233,0.035,0.0375,1.0116783202665653,0.9517495383438387,0.0020652874372899532,3.383270450285636e-05,3.383270450285636e-05,0.00011166291332880799,0.0004083536827250082,0.00014549561783166434,0.0004237718481039983,0.0004421863872278646,0.3929385349235359,True,0.006099039688706398,3198.3193359375,0.000425368343712762
11,2750,41,blocks.6.mlp.proj.weight,mlp_proj,6,100.4350814819336,0.2759276192361835,0.27610259607343174,0.2759276192361835,0.2759276192361835,27.712812921102035,27.73038673400879,1.0006341403507752,0.27607850487621505,0.33955811525453233,0.2759276192361835,0.27607850487621505,0.33955811525453233,0.035,0.025,1.0005468305073963,1.2306057515898168,0.002761661075055599,3.759405080927536e-05,3.759405080927536e-05,0.00025060472506643623,0.000944536010923053,0.0002881987758757116,0.0010713126006202155,0.0009821300617323283,0.7314182937407373,True,0.006243889685720205,3273.7119140625,0.0002849233860615641
11,2750,42,blocks.7.attn.k.weight,attn_k,7,71.22825622558594,0.3890704951884994,0.3871954942304116,0.3890704951884994,0.3890704951884994,27.712812921102035,27.579259872436523,0.9951808194626169,0.3858747460031007,0.33955811525453233,0.3890704951884994,0.3858747460031007,0.33955811525453233,0.025,0.025,0.9917861949828645,0.8727418795661208,0.0006271641468629241,1.5061894373502582e-05,1.5061894373502582e-05,2.3786782477818466e-05,0.00029138331702725974,3.884867685132105e-05,0.00028769182330244664,0.0003064452114007623,0.5845872150771717,True,0.0022256586235016584,1169.2745361328125,0.000285629736026749
11,2750,43,blocks.7.attn.proj.weight,attn_proj,7,90.09940338134766,0.3075804265185526,0.3061152457735508,0.3075804265185526,0.3075804265185526,27.712812921102035,27.580801010131836,0.99523643047907,0.32622847874275746,0.33955811525453233,0.3075804265185526,0.32622847874275746,0.33955811525453233,0.03,0.025,1.060628214985195,1.1039652916082126,0.0010719106066972017,1.2703927495749667e-05,1.2703927495749667e-05,7.488945326004475e-05,0.0005516733207031608,8.759338075579442e-05,0.000564417242056147,0.0005643772481989104,0.9364803017097717,True,0.003569236723706126,1871.3621826171875,0.00010211498010903597
11,2750,44,blocks.7.attn.q.weight,attn_q,7,69.3427505493164,0.3996497499964722,0.3976743097316635,0.3996497499964722,0.3996497499964722,27.712812921102035,27.575830459594727,0.9950570711859061,0.3868848404531987,0.33955811525453233,0.3996497499964722,0.3868848404531987,0.33955811525453233,0.025,0.025,0.9680597584675428,0.8496392535151835,0.0006167365936562419,1.405104103469057e-05,1.405104103469057e-05,1.980527555178864e-05,0.00023064461845825608,3.385631658647921e-05,0.0002305076651726772,0.00024469565949294665,0.6329802379603515,True,0.002379021141678095,1252.0980224609375,0.0004896785249002278
11,2750,45,blocks.7.attn.v.weight,attn_v,7,91.17930603027344,0.30393752845520455,0.3010447865100401,0.30393752845520455,0.30393752845520455,27.712812921102035,27.449054718017578,0.9904824456530136,0.3294116152933301,0.33955811525453233,0.30393752845520455,0.3294116152933301,0.33955811525453233,0.025,0.025,1.0838135618447657,1.1171970667142463,0.0013074902817606926,9.632308501750231e-05,9.632308501750231e-05,0.0005217837128686858,0.0016262053905568244,0.0006181067978861881,0.0017141146487862171,0.0017225284755743267,0.14887158199971867,True,0.008697418496012688,4563.05810546875,0.0018043681047856808
11,2750,46,blocks.7.mlp.fc.weight,mlp_fc,7,154.3566131591797,0.3590751617816763,0.35912445883540706,0.3590751617816763,0.3590751617816763,55.42562584220407,55.43323516845703,1.0001372889550155,0.36093905994570735,0.33955811525453233,0.3590751617816763,0.36093905994570735,0.33955811525453233,0.035,0.0375,1.0051908301169667,0.9456463476050436,0.0020334632135927677,2.921665509347804e-05,2.921665509347804e-05,8.904649781499996e-05,0.00029915903185158155,0.000118263152908478,0.0003142578570172323,0.0003283756869450596,0.45090036374833176,True,0.005648249760270119,2963.065185546875,0.0003207541012670845
11,2750,47,blocks.7.mlp.proj.weight,mlp_proj,7,101.40006256103516,0.2733017339552529,0.27343343759915023,0.2733017339552529,0.2733017339552529,27.712812921102035,27.726167678833008,1.0004818983106838,0.27607850487621505,0.33955811525453233,0.2733017339552529,0.27607850487621505,0.33955811525453233,0.035,0.025,1.0101600925862284,1.2424294216520684,0.002769036451354623,3.593954897951335e-05,3.593954897951335e-05,0.00023558871473303096,0.0007996101041896976,0.0002715282637125443,0.0009082132102150903,0.000835549653169211,0.7598324329490221,True,0.00620332220569253,3252.342041015625,0.0002503780706319958
11,2750,48,blocks.8.attn.k.weight,attn_k,8,70.8951416015625,0.3908986186507773,0.38886072957936546,0.3908986186507773,0.3908986186507773,27.712812921102035,27.568336486816406,0.9947866557358522,0.3858747460031007,0.33955811525453233,0.3908986186507773,0.3858747460031007,0.33955811525453233,0.025,0.025,0.9871478884601409,0.8686603099968696,0.0007138180080801249,1.6625104763079435e-05,1.6625104763079435e-05,2.6378972330065012e-05,0.00032003406595546843,4.3004077093144447e-05,0.00031592395936310184,0.00033665917071854786,0.6056289613771586,True,0.0024037801194936037,1261.331787109375,0.00023144645092543215
11,2750,49,blocks.8.attn.proj.weight,attn_proj,8,96.73889923095703,0.28647021148069635,0.2853533871813485,0.28647021148069635,0.28647021148069635,27.712812921102035,27.604772567749023,0.9961014295567685,0.32622847874275746,0.33955811525453233,0.28647021148069635,0.32622847874275746,0.33955811525453233,0.03,0.025,1.138786741757756,1.1853173616182893,0.0010073654120787978,1.0423751518828794e-05,1.0423751518828794e-05,6.282595284948914e-05,0.00047152788083574117,7.324970436831793e-05,0.00048148439800659,0.00048195163235456996,0.9989916168080644,True,0.0033042943105101585,1733.0294189453125,0.00010115357144968584
11,2750,50,blocks.8.attn.q.weight,attn_q,8,69.86746978759766,0.3966482972025617,0.3944758486029522,0.3966482972025617,0.3966482972025617,27.712812921102035,27.5610294342041,0.9945229851863087,0.3868848404531987,0.33955811525453233,0.3966482972025617,0.3868848404531987,0.33955811525453233,0.025,0.025,0.9753851035836493,0.8560685061535148,0.0007229599868878722,1.4243250916479155e-05,1.4243250916479155e-05,2.001977455448537e-05,0.00028476914568151805,3.4263025470964524e-05,0.00028054478518479975,0.0002990123965979972,0.7264908025968723,True,0.002503786003217101,1316.0601806640625,0.0004118240613024682
11,2750,51,blocks.8.attn.v.weight,attn_v,8,98.23776245117188,0.28209939059713846,0.2797255910507869,0.28209939059713846,0.28209939059713846,27.712812921102035,27.479616165161133,0.9915852368864608,0.3294116152933301,0.33955811525453233,0.28209939059713846,0.3294116152933301,0.33955811525453233,0.025,0.025,1.1677147355619688,1.2036825550589358,0.0012274200562387705,6.677400961052626e-05,6.677400961052626e-05,0.0003529466325111638,0.0011623743347487286,0.0004197206421216901,0.0012184659429045,0.0012291483443592549,0.1871144373832056,True,0.008086617104709148,4235.87939453125,0.0013340002624318004
11,2750,52,blocks.8.mlp.fc.weight,mlp_fc,8,154.7539825439453,0.35815314689213196,0.3581982008008885,0.35815314689213196,0.35815314689213196,55.42562584220407,55.43259811401367,1.0001257950939417,0.36093905994570735,0.33955811525453233,0.35815314689213196,0.36093905994570735,0.33955811525453233,0.035,0.0375,1.0077785524928375,0.9480807810877617,0.0020039237570017576,2.599411345727276e-05,2.599411345727276e-05,7.600190494790301e-05,0.00024517176505692024,0.00010199601840517577,0.00025904864723313395,0.000271165878514193,0.49815483461480115,True,0.005462057888507843,2862.711669921875,0.00029289835947565734
11,2750,53,blocks.8.mlp.proj.weight,mlp_proj,8,102.43974304199219,0.2705279425558689,0.2706423528384833,0.2705279425558689,0.2705279425558689,27.712812921102035,27.724533081054688,1.0004229148439756,0.27607850487621505,0.33955811525453233,0.2705279425558689,0.27607850487621505,0.33955811525453233,0.035,0.025,1.0205175194396041,1.2551683646668308,0.0027312193997204304,3.1287163437809795e-05,3.1287163437809795e-05,0.00020355908821890112,0.0006206372091543677,0.0002348462516567109,0.0007054911089956715,0.0006519243725921775,0.8521615158262035,True,0.005987726151943207,3138.11083984375,0.0001870473352028057
11,2750,54,blocks.9.attn.k.weight,attn_k,9,70.95555114746094,0.3905658186419951,0.3884324632597266,0.3905658186419951,0.3905658186419951,27.712812921102035,27.561439514160156,0.9945377826721222,0.3858747460031007,0.33955811525453233,0.3905658186419951,0.3858747460031007,0.33955811525453233,0.025,0.025,0.9879890343317668,0.8694004929442686,0.0006132937269285321,1.8390672266832553e-05,1.8390672266832553e-05,1.9024783764798965e-05,0.0002505881859954851,3.741545603163152e-05,0.0002519224868369859,0.0002689788582623177,0.4699855870090982,True,0.002227583434432745,1167.373779296875,0.0003098853339906782
11,2750,55,blocks.9.attn.proj.weight,attn_proj,9,95.83736419677734,0.289165015684289,0.2877089254987096,0.289165015684289,0.289165015684289,27.712812921102035,27.573265075683594,0.994964500867677,0.32622847874275746,0.33955811525453233,0.289165015684289,0.32622847874275746,0.33955811525453233,0.03,0.025,1.128174091083461,1.1742710799610097,0.0010191414039582014,1.251717003469821e-05,1.251717003469821e-05,6.365664113987528e-05,0.0004858988053108757,7.617381117457349e-05,0.0004972575527511879,0.0004984159753455739,0.8495587809945804,True,0.003780502825975418,1980.59423828125,0.00016030164260882884
11,2750,56,blocks.9.attn.q.weight,attn_q,9,70.20353698730469,0.3947495255988812,0.3925729412703094,0.3947495255988812,0.3947495255988812,27.712812921102035,27.560009002685547,0.9944861635355632,0.3868848404531987,0.33955811525453233,0.3947495255988812,0.3868848404531987,0.33955811525453233,0.025,0.025,0.9800767711278415,0.8601862528887981,0.0006140511250123382,9.765045433596242e-06,9.765045433596242e-06,1.096199410659181e-05,0.0001618871950081993,2.0727039540188052e-05,0.00016093595854681185,0.00017165224044179555,0.8957179342980944,True,0.002120448974892497,1109.8306884765625,0.00018433989316690713
11,2750,57,blocks.9.attn.v.weight,attn_v,9,97.08537292480469,0.2854478701190794,0.28300066859596285,0.2854478701190794,0.2854478701190794,27.712812921102035,27.4752254486084,0.9914268005499822,0.3294116152933301,0.33955811525453233,0.2854478701190794,0.3294116152933301,0.33955811525453233,0.025,0.025,1.1540167217079267,1.1895626165046527,0.0011448832228779793,4.865910159423947e-05,4.865910159423947e-05,0.0002700941730033296,0.0009331964362256173,0.0003187532745975691,0.0009725663226355657,0.0009818555378198568,0.2423501550562978,True,0.00664099445566535,3480.281982421875,0.0008523471187800169
11,2750,58,blocks.9.mlp.fc.weight,mlp_fc,9,155.0040740966797,0.3575752841672652,0.35754298903157933,0.3575752841672652,0.3575752841672652,55.42562584220407,55.42061996459961,0.9999096829755479,0.36093905994570735,0.33955811525453233,0.3575752841672652,0.36093905994570735,0.33955811525453233,0.035,0.0375,1.0094071820044157,0.9496129354838047,0.002037209924310446,2.843984475475736e-05,2.843984475475736e-05,7.150405930404079e-05,0.00023846539769081516,9.994390405879815e-05,0.00025499761181968885,0.0002669052424455725,0.46213136857614007,True,0.005338673014193773,2799.563232421875,0.00030088555649854243
11,2750,59,blocks.9.mlp.proj.weight,mlp_proj,9,103.71781158447266,0.26719434683146415,0.26734138678572794,0.26719434683146415,0.26719434683146415,27.712812921102035,27.728063583374023,1.0005503108730034,0.27607850487621505,0.33955811525453233,0.26719434683146415,0.27607850487621505,0.33955811525453233,0.035,0.025,1.03324979794709,1.2708282165442386,0.002821217756718397,3.53384020854719e-05,3.53384020854719e-05,0.00020245001238676172,0.0005905828870970361,0.00023778841447223361,0.0006767902376324654,0.000625921289182508,0.7697263535912325,True,0.006265794858336449,3283.778564453125,0.00022294354857876897
11,2750,60,blocks.10.attn.k.weight,attn_k,10,69.80149841308594,0.39702318075032345,0.39493505426043884,0.39702318075032345,0.39702318075032345,27.712812921102035,27.567058563232422,0.9947405426405261,0.3858747460031007,0.33955811525453233,0.39702318075032345,0.3858747460031007,0.33955811525453233,0.025,0.025,0.9719199399738987,0.8552601755212644,0.0005911351181566715,1.8335553249926306e-05,1.8335553249926306e-05,2.4041631416602498e-05,0.0003202548210042561,4.2377184666528804e-05,0.0003174257017054619,0.0003385903742541824,0.4618787654557508,True,0.00214087194763124,1123.794189453125,0.00028871509130112827
11,2750,61,blocks.10.attn.proj.weight,attn_proj,10,95.24565887451172,0.2909614280438155,0.2891484478701134,0.2909614280438155,0.2909614280438155,27.712812921102035,27.54013442993164,0.9937690016649696,0.32622847874275746,0.33955811525453233,0.2909614280438155,0.32622847874275746,0.33955811525453233,0.03,0.025,1.121208680257203,1.1670210637108873,0.0009146494558081031,1.1049804015783593e-05,1.1049804015783593e-05,5.705681482351193e-05,0.0004337822358862723,6.810661883929552e-05,0.00044295469277268624,0.0004448320399020559,0.8690703124657555,True,0.0037682910915464163,1973.74072265625,0.00017867203860078007
11,2750,62,blocks.10.attn.q.weight,attn_q,10,70.35881805419922,0.3938783181342549,0.3915885054452464,0.3938783181342549,0.3938783181342549,27.712812921102035,27.55170440673828,0.9941864972414591,0.3868848404531987,0.33955811525453233,0.3938783181342549,0.3868848404531987,0.33955811525453233,0.025,0.025,0.982244573110337,0.8620888726827373,0.0005817247438244522,1.2200051060062833e-05,1.2200051060062833e-05,1.462082447700037e-05,0.00024507526945842127,2.6820875537063203e-05,0.00024061431800897275,0.0002572753205184841,0.6776997938290862,True,0.0022736582905054092,1191.8768310546875,0.0003150459087919444
11,2750,63,blocks.10.attn.v.weight,attn_v,10,97.31511688232422,0.2847739776607681,0.28245810933144533,0.2847739776607681,0.2847739776607681,27.712812921102035,27.487443923950195,0.9918676968017118,0.3294116152933301,0.33955811525453233,0.2847739776607681,0.3294116152933301,0.33955811525453233,0.025,0.025,1.156747600322301,1.1923776113385782,0.000987214152701199,3.868361818604171e-05,3.868361818604171e-05,0.0002059151203797275,0.0007460568289237782,0.0002445987385657692,0.0007777040953161282,0.0007847404471098199,0.2622430432452398,True,0.0057057528756558895,2987.057373046875,0.0006954151904210448
11,2750,64,blocks.10.mlp.fc.weight,mlp_fc,10,154.45895385742188,0.3588372474241047,0.35878401860703446,0.3588372474241047,0.3588372474241047,55.42562584220407,55.41740417480469,0.9998516630660556,0.36093905994570735,0.33955811525453233,0.3588372474241047,0.36093905994570735,0.33955811525453233,0.035,0.0375,1.0058572863789654,0.9462733250018869,0.0021182566415518522,3.318059316370636e-05,3.318059316370636e-05,6.774754564277491e-05,0.00021910233653086832,0.00010092813880648128,0.0002405747749891262,0.0002522829296945747,0.41331516672263396,True,0.005393076688051224,2826.8486328125,0.0003556933661457151
11,2750,65,blocks.10.mlp.proj.weight,mlp_proj,10,105.00725555419922,0.26391331508324334,0.2639379043617552,0.26391331508324334,0.26391331508324334,27.712812921102035,27.715394973754883,1.0000931717996364,0.27607850487621505,0.33955811525453233,0.26391331508324334,0.27607850487621505,0.33955811525453233,0.035,0.025,1.046095399882096,1.2866274486659726,0.0030307662673294544,4.297053601476364e-05,4.297053601476364e-05,0.00020723775396823743,0.0005427056678401055,0.00025020828998300107,0.0006294433980619297,0.0005856762038548691,0.6716799208970438,True,0.006847517564892769,3589.095458984375,0.0002822469105012715
11,2750,66,blocks.11.attn.k.weight,attn_k,11,70.5399169921875,0.39286710422655174,0.39080248584006383,0.39286710422655174,0.39286710422655174,27.712812921102035,27.567174911499023,0.9947447409969662,0.3858747460031007,0.33955811525453233,0.39286710422655174,0.3858747460031007,0.33955811525453233,0.025,0.025,0.9822017212736172,0.864307832347098,0.0006039014551788568,1.4639464097854216e-05,1.4639464097854216e-05,2.1397295695260546e-05,0.0002774419104948923,3.603675979311476e-05,0.00027350422715370626,0.0002920813745927465,0.5847980999344045,True,0.0020634252578020096,1083.0001220703125,0.00021160070900805295
11,2750,67,blocks.11.attn.proj.weight,attn_proj,11,99.89520263671875,0.2774188568582528,0.2753364388522368,0.2774188568582528,0.2774188568582528,27.712812921102035,27.504789352416992,0.992493596038869,0.32622847874275746,0.33955811525453233,0.2774188568582528,0.32622847874275746,0.33955811525453233,0.03,0.025,1.175941976105265,1.2239907521067668,0.0009740874520502985,2.2630725652561523e-05,2.2630725652561523e-05,6.117252071368817e-05,0.0005205253575101204,8.380324636624969e-05,0.0005385445434371514,0.000543156083162682,0.43087851264651356,True,0.005426585208624601,2830.389404296875,0.0008192132809199393
11,2750,68,blocks.11.attn.q.weight,attn_q,11,70.40743255615234,0.39360635539437,0.3915403172561123,0.39360635539437,0.39360635539437,27.712812921102035,27.56734848022461,0.9947510041188687,0.3868848404531987,0.33955811525453233,0.39360635539437,0.3868848404531987,0.33955811525453233,0.025,0.025,0.9829232560677615,0.8626845339281055,0.000579852785449475,7.674320841033477e-06,7.674320841033477e-06,1.240925121211793e-05,0.00019317876097538935,2.0083572053151408e-05,0.0001879197821574511,0.00020085308181642283,1.0731471785034314,True,0.0020092602353543043,1054.567138671875,0.0001346702774753794
11,2750,69,blocks.11.attn.v.weight,attn_v,11,101.66346740722656,0.2725936231359754,0.27067592208887026,0.2725936231359754,0.2725936231359754,27.712812921102035,27.517852783203125,0.9929649819939261,0.3294116152933301,0.33955811525453233,0.2725936231359754,0.3294116152933301,0.33955811525453233,0.025,0.025,1.2084347810624045,1.2456568548749714,0.0009695482440292835,3.0020724807400256e-05,3.0020724807400256e-05,0.00014906475312065196,0.000569569737039595,0.00017908547792805222,0.0005923582259776131,0.0005995904618469952,0.31767521513475194,True,0.004888297989964485,2562.6552734375,0.0004788870573975146
11,2750,70,blocks.11.mlp.fc.weight,mlp_fc,11,151.783935546875,0.36516134360666336,0.365210119075382,0.36516134360666336,0.36516134360666336,55.42562584220407,55.43302917480469,1.0001335723771834,0.36093905994570735,0.33955811525453233,0.36516134360666336,0.36093905994570735,0.33955811525453233,0.035,0.0375,0.98843721074292,0.9298851622703257,0.0024010948836803436,0.00014488617307506502,0.00014488617307506502,9.522568068319145e-05,0.0003028028178291424,0.00024011185375825647,0.000430320600154088,0.00044768899090420744,0.10918338929287498,True,0.006556908134371042,3385.4912109375,0.0032822650391608477
11,2750,71,blocks.11.mlp.proj.weight,mlp_proj,11,106.65584564208984,0.25983398054054396,0.25980398573778185,0.25983398054054396,0.25983398054054396,27.712812921102035,27.709613800048828,0.9998845616624226,0.27607850487621505,0.33955811525453233,0.25983398054054396,0.27607850487621505,0.33955811525453233,0.035,0.025,1.062518860319489,1.3068272076967562,0.003937248140573502,0.00041314109694212675,0.00041314109694212675,0.0003558244325749828,0.0011750054220832362,0.0007689655295171096,0.0016928024410656107,0.001588146519025363,0.08935312065605998,True,0.013943309895694256,7235.95849609375,0.015896569937467575
12,3000,0,blocks.0.attn.k.weight,attn_k,0,74.11886596679688,0.3738968825226843,0.3721137915047627,0.3738968825226843,0.3738968825226843,27.712812921102035,27.580652236938477,0.9952310620888678,0.392980610230529,0.3474050201596854,0.3738968825226843,0.392980610230529,0.3474050201596854,0.025,0.025,1.0510400824395396,0.9291466080587295,0.0008720980258658528,3.911440580850467e-05,3.911440580850467e-05,2.5255736334676868e-05,0.00033025483810560454,6.437014214318154e-05,0.0003530088548927866,0.0003693692439141092,0.3008152160542486,True,0.0025190028827637434,1306.891357421875,0.000777986366301775
12,3000,1,blocks.0.attn.proj.weight,attn_proj,0,71.98885345458984,0.3849597762879099,0.3827189501005858,0.3849597762879099,0.3849597762879099,27.712812921102035,27.551498413085938,0.9941790640857946,0.3335369807059427,0.3474050201596854,0.3849597762879099,0.3335369807059427,0.3474050201596854,0.03,0.025,0.8664203411644018,0.9024449866155952,0.0014776370953768492,4.03734520659782e-05,4.03734520659782e-05,7.885539467702884e-05,0.0007456409884998563,0.00011922884674300704,0.0007945522536410876,0.0007860144405658345,0.5084012901206922,True,0.004773415625095367,2498.8681640625,0.0005300515331327915
12,3000,2,blocks.0.attn.q.weight,attn_q,0,75.57058715820312,0.3667142728835319,0.36499029599437716,0.3667142728835319,0.3667142728835319,27.712812921102035,27.582530975341797,0.9952988552215486,0.39414940239246987,0.3474050201596854,0.3667142728835319,0.39414940239246987,0.3474050201596854,0.025,0.025,1.0748133670751652,0.9473452381004567,0.000882175168953836,3.8613863580394536e-05,3.8613863580394536e-05,2.768390343265697e-05,0.0003388273261349629,6.629776701305151e-05,0.0003601906407719356,0.0003774411897153574,0.30231435865679707,True,0.002629113383591175,1357.214111328125,0.001004454679787159
12,3000,3,blocks.0.attn.v.weight,attn_v,0,69.51119232177734,0.3986813057790093,0.3958356085207546,0.3986813057790093,0.3986813057790093,27.712812921102035,27.515005111694336,0.9928622254994159,0.33530509771714784,0.3474050201596854,0.3986813057790093,0.33530509771714784,0.3474050201596854,0.025,0.025,0.8410354156485302,0.8713852772225379,0.0015238584019243717,7.988321158336475e-05,7.988321158336475e-05,0.0002424642934464121,0.0009762644234152156,0.00032234750502977685,0.0010635371002105868,0.0010561476349985803,0.2744317526313625,True,0.006321601569652557,3306.802490234375,0.001308087375946343
12,3000,4,blocks.0.mlp.fc.weight,mlp_fc,0,140.18963623046875,0.3953617923017186,0.3955322619899165,0.3953617923017186,0.3953617923017186,55.42562584220407,55.44952392578125,1.000431173905825,0.3737659477817904,0.3474050201596854,0.3953617923017186,0.3737659477817904,0.3474050201596854,0.035,0.0375,0.9453770067304647,0.8787015511467653,0.002548547927290201,8.923394489102066e-05,8.923394489102066e-05,0.00010340074796385724,0.0004530822189960784,0.0001926346928548779,0.0005226663922627887,0.000542316163887099,0.2037261619714504,True,0.006145923864096403,3213.2158203125,0.0014884996926411986
12,3000,5,blocks.0.mlp.proj.weight,mlp_proj,0,91.26847076416016,0.30364059668220567,0.3037041009246928,0.30364059668220567,0.30364059668220567,27.712812921102035,27.718608856201172,1.0002091427931057,0.28303388359462084,0.3474050201596854,0.30364059668220567,0.28303388359462084,0.3474050201596854,0.035,0.025,0.9321345257757081,1.1441323194450317,0.004180096089839935,0.0001454620505683124,0.0001454620505683124,0.0003420446533453246,0.0017387584402403108,0.00048750670391363703,0.002061979440788823,0.0018842204908086232,0.3148587637307233,True,0.011460211127996445,6006.33935546875,0.0021723436657339334
12,3000,6,blocks.1.attn.k.weight,attn_k,1,70.2593002319336,0.3944362216762624,0.391318594244533,0.3944362216762624,0.3944362216762624,27.712812921102035,27.493770599365234,0.9920959910363336,0.392980610230529,0.3474050201596854,0.3944362216762624,0.392980610230529,0.3474050201596854,0.025,0.025,0.99630964053061,0.8807634823274969,0.0006799947004765272,3.273901529610157e-05,3.273901529610157e-05,2.695199583851984e-05,0.0002866784288842068,5.969101113462141e-05,0.00030434008949843693,0.0003194174441803084,0.29562155372785864,True,0.0025207309518009424,1313.5823974609375,0.0007934441091492772
12,3000,7,blocks.1.attn.proj.weight,attn_proj,1,69.26600646972656,0.4000925465973589,0.3976742497990324,0.4000925465973589,0.4000925465973589,27.712812921102035,27.545307159423828,0.9939556564627671,0.3335369807059427,0.3474050201596854,0.4000925465973589,0.3335369807059427,0.3474050201596854,0.03,0.025,0.8336495731863864,0.8683116521770733,0.001597268390469253,4.741602606372908e-05,4.741602606372908e-05,0.00012128036712723685,0.0010907768670516897,0.00016869639319096592,0.001144907602496231,0.0011381928931154188,0.4863317184628149,True,0.005951913073658943,3116.91064453125,0.0007087340927682817
12,3000,8,blocks.1.attn.q.weight,attn_q,1,72.25965118408203,0.3835171145582121,0.38019831559132794,0.3835171145582121,0.3835171145582121,27.712812921102035,27.472997665405273,0.9913464123479809,0.39414940239246987,0.3474050201596854,0.3835171145582121,0.39414940239246987,0.3474050201596854,0.025,0.025,1.027723111774309,0.9058396795665153,0.0006912745884619653,2.5435074348933995e-05,2.5435074348933995e-05,2.8968709664682092e-05,0.0002856780490446379,5.440378401361609e-05,0.00029560530543452094,0.0003111131233935719,0.37611592323827303,True,0.0025117669720202684,1309.6275634765625,0.0005087859462946653
12,3000,9,blocks.1.attn.v.weight,attn_v,1,64.30548095703125,0.4309556900697106,0.42662731911451807,0.4309556900697106,0.4309556900697106,27.712812921102035,27.43447494506836,0.9899563434132038,0.33530509771714784,0.3474050201596854,0.4309556900697106,0.33530509771714784,0.3474050201596854,0.025,0.025,0.7780500535052908,0.8061270060118937,0.001522633247077465,0.00010024452785728499,0.00010024452785728499,0.0003572802798203844,0.0012537168899889597,0.0004575248076776694,0.001360724528268344,0.0013539614178462447,0.23620367101280082,True,0.008114181458950043,4241.51220703125,0.0023337535094469786
12,3000,10,blocks.1.mlp.fc.weight,mlp_fc,1,149.14703369140625,0.37161735282568786,0.37154672873292505,0.37161735282568786,0.37161735282568786,55.42562584220407,55.41509246826172,0.9998099548037159,0.3737659477817904,0.3474050201596854,0.37161735282568786,0.3737659477817904,0.3474050201596854,0.035,0.0375,1.0057817401145699,0.9348460654974861,0.0017364248633384705,4.009439726360142e-05,4.009439726360142e-05,7.899660820410199e-05,0.0002844753858013896,0.00011909100546770341,0.0003122556807380944,0.000324569783064991,0.29037397265590376,True,0.005013329908251762,2621.422607421875,0.0005528924521058798
12,3000,11,blocks.1.mlp.proj.weight,mlp_proj,1,95.13111877441406,0.29131175243316404,0.29143086236246213,0.29131175243316404,0.29131175243316404,27.712812921102035,27.724143981933594,1.0004088744388315,0.28303388359462084,0.3474050201596854,0.29131175243316404,0.28303388359462084,0.3474050201596854,0.035,0.025,0.971584157627,1.1925540842688482,0.0027142895851284266,3.806354652624577e-05,3.806354652624577e-05,0.0001976391155568364,0.0008273560186189138,0.00023570266208308217,0.0009487661948233313,0.0008654195651451596,0.7495909340827343,True,0.005925455130636692,3107.093505859375,0.0003018104180227965
12,3000,12,blocks.2.attn.k.weight,attn_k,2,72.41625213623047,0.38268775452461007,0.38045262076732905,0.38268775452461007,0.38268775452461007,27.712812921102035,27.550952911376953,0.9941593799883868,0.392980610230529,0.3474050201596854,0.38268775452461007,0.392980610230529,0.3474050201596854,0.025,0.025,1.0268962243610462,0.9078028132654667,0.0007553658215329051,2.2831398382550105e-05,2.2831398382550105e-05,2.570279098383303e-05,0.00029763234048547915,4.8534189366383136e-05,0.0003032114246415131,0.00032046373886802926,0.4568659312819575,True,0.0024857281241565943,1297.380859375,0.0004110216978006065
12,3000,13,blocks.2.attn.proj.weight,attn_proj,2,69.93611907958984,0.39625894724818583,0.3942161583921341,0.39625894724818583,0.39625894724818583,27.712812921102035,27.569948196411133,0.9948448132963753,0.3335369807059427,0.3474050201596854,0.39625894724818583,0.3335369807059427,0.3474050201596854,0.03,0.025,0.8417146994968444,0.8767121160852877,0.0015190315898507833,3.361500785103999e-05,3.361500785103999e-05,0.00011797601643430958,0.0009276652274051894,0.00015159102428534958,0.0009646876993808708,0.0009612802352562294,0.6461480826025132,True,0.005060977302491665,2652.7998046875,0.0004143880505580455
12,3000,14,blocks.2.attn.q.weight,attn_q,2,72.74311828613281,0.3809681736778803,0.3786004709590905,0.3809681736778803,0.3809681736778803,27.712812921102035,27.540578842163086,0.9937850380100607,0.39414940239246987,0.3474050201596854,0.3809681736778803,0.39414940239246987,0.3474050201596854,0.025,0.025,1.0345992910308952,0.9119003742644037,0.000739941606298089,2.278195825056173e-05,2.278195825056173e-05,2.8160968944065128e-05,0.0002867178062439098,5.094292719462686e-05,0.0002932410545338644,0.00030949976449447155,0.4464928229525624,True,0.0026889473665505648,1402.0303955078125,0.0006144411745481193
12,3000,15,blocks.2.attn.v.weight,attn_v,2,68.24627685546875,0.4060706927616277,0.4015329882832879,0.4060706927616277,0.4060706927616277,27.712812921102035,27.40313148498535,0.9888253337184377,0.33530509771714784,0.3474050201596854,0.4060706927616277,0.33530509771714784,0.3474050201596854,0.025,0.025,0.8257308485790655,0.8555284248588204,0.0016479616751894355,0.00018393331265542656,0.00018393331265542656,0.0005738158257971422,0.0018594581576712888,0.0007577491384525688,0.0020426874091642156,0.0020433914703267154,0.131282775990875,True,0.010875296778976917,5699.15869140625,0.004810696002095938
12,3000,16,blocks.2.mlp.fc.weight,mlp_fc,2,148.6373291015625,0.3728916967038089,0.3728442107541057,0.3728916967038089,0.3728916967038089,55.42562584220407,55.4185676574707,0.9998726548482563,0.3737659477817904,0.3474050201596854,0.3728916967038089,0.3737659477817904,0.3474050201596854,0.035,0.0375,1.0023445174180854,0.9316512629017647,0.002025613794103265,4.807833465747535e-05,4.807833465747535e-05,9.94994590746309e-05,0.0003636886805013805,0.00014757779373210625,0.0003929978323347292,0.00041176701515885584,0.28345187681592676,True,0.006302730180323124,3301.49609375,0.0006527367513626814
12,3000,17,blocks.2.mlp.proj.weight,mlp_proj,2,94.85902404785156,0.2921473544480315,0.29206354242721816,0.2921473544480315,0.2921473544480315,27.712812921102035,27.704862594604492,0.9997131173035312,0.28303388359462084,0.3474050201596854,0.2921473544480315,0.28303388359462084,0.3474050201596854,0.035,0.025,0.9688052254636048,1.189143132293821,0.002924382919445634,5.889119711355306e-05,5.889119711355306e-05,0.00032649637970867554,0.001188148114451412,0.0003853875768222286,0.0013563276047346578,0.0012470393115649652,0.5234861596836371,True,0.00726258335635066,3811.1865234375,0.0007201266125775874
12,3000,18,blocks.3.attn.k.weight,attn_k,3,70.03460693359375,0.39570169855281834,0.3933554501863647,0.39570169855281834,0.39570169855281834,27.712812921102035,27.548494338989258,0.9940706638990207,0.392980610230529,0.3474050201596854,0.39570169855281834,0.392980610230529,0.3474050201596854,0.025,0.025,0.9931233847814123,0.8779467498629241,0.000658117700368166,2.017037149926182e-05,2.017037149926182e-05,1.3089833212944613e-05,0.00024027510261387868,3.326020471220643e-05,0.0002448564072319057,0.0002604454741131405,0.4658831238131317,True,0.0023079542443156242,1206.966552734375,0.0003539007157087326
12,3000,19,blocks.3.attn.proj.weight,attn_proj,3,71.96488189697266,0.38508800668604765,0.3827246487467163,0.38508800668604765,0.38508800668604765,27.712812921102035,27.542734146118164,0.9938628108424763,0.3335369807059427,0.3474050201596854,0.38508800668604765,0.3335369807059427,0.3474050201596854,0.03,0.025,0.8661318319837128,0.9021444815935693,0.0015550998505204916,2.9429989808704704e-05,2.9429989808704704e-05,0.00011264661370051537,0.000883415102015124,0.00014207660350922007,0.0009164288899530809,0.0009128450918238287,0.7342560792163927,True,0.004821241833269596,2527.00048828125,0.0002437476796330884
12,3000,20,blocks.3.attn.q.weight,attn_q,3,71.36943817138672,0.38830084180503743,0.3856086646744012,0.38830084180503743,0.38830084180503743,27.712812921102035,27.520673751831055,0.9930667749312205,0.39414940239246987,0.3474050201596854,0.38830084180503743,0.39414940239246987,0.3474050201596854,0.025,0.025,1.0150619312599094,0.894680059267331,0.0006429469212889671,1.483073447161587e-05,1.483073447161587e-05,1.2805406133522477e-05,0.00020697817352481336,2.7636140605138346e-05,0.00020875760505866786,0.00022180890799642923,0.6074355198295088,True,0.0025683706626296043,1343.769287109375,0.00032882444793358445
12,3000,21,blocks.3.attn.v.weight,attn_v,3,69.40303039550781,0.3993026351036075,0.3957195524049405,0.3993026351036075,0.3993026351036075,27.712812921102035,27.464136123657227,0.9910266490033766,0.33530509771714784,0.3474050201596854,0.3993026351036075,0.33530509771714784,0.3474050201596854,0.025,0.025,0.8397267341602839,0.8700293702533264,0.0016570636071264744,0.00016248322208411992,0.00016248322208411992,0.0005370386383185716,0.0017361438101492804,0.0006995218604026915,0.0018999613007894003,0.0018986270322334004,0.14694412355762573,True,0.009716604836285114,5071.0576171875,0.004377397708594799
12,3000,22,blocks.3.mlp.fc.weight,mlp_fc,3,149.32839965820312,0.37116600706273856,0.37110586584260785,0.37116600706273856,0.37116600706273856,55.42562584220407,55.41664505004883,0.9998379667884886,0.3737659477817904,0.3474050201596854,0.37116600706273856,0.3737659477817904,0.3474050201596854,0.035,0.0375,1.0070047921134446,0.9359828582065253,0.0020428281277418137,4.836857988266274e-05,4.836857988266274e-05,0.00010898013624808728,0.00037578839593415054,0.00015734871613075002,0.00040549388571523855,0.0004241569758168133,0.2828303960474578,True,0.006444916129112244,3380.190185546875,0.0006971712573431432
12,3000,23,blocks.3.mlp.proj.weight,mlp_proj,3,95.66472625732422,0.2896868470261295,0.2896612416317837,0.2896868470261295,0.2896868470261295,27.712812921102035,27.710363388061523,0.9999116100899795,0.28303388359462084,0.3474050201596854,0.2896868470261295,0.28303388359462084,0.3474050201596854,0.035,0.025,0.9770339471750038,1.1992433337104522,0.003020716831088066,0.00020986016897950321,0.00020986016897950321,0.0005964439324822479,0.0017807747467125292,0.0008063041014617511,0.0021351701504125336,0.0019906349156920324,0.15046246207969918,True,0.014482133090496063,7652.42529296875,0.007127760443836451
12,3000,24,blocks.4.attn.k.weight,attn_k,4,70.74544525146484,0.3917257545358119,0.3890473340855681,0.3917257545358119,0.3917257545358119,27.712812921102035,27.523326873779297,0.9931625112231587,0.392980610230529,0.3474050201596854,0.3917257545358119,0.392980610230529,0.3474050201596854,0.025,0.025,1.003203403606189,0.8868577471281004,0.0008606083574704826,6.478128489106894e-05,6.478128489106894e-05,2.8112791741505356e-05,0.000558239659062512,9.289407663257429e-05,0.0005907910122912603,0.0006230209439535809,0.18778353801673167,True,0.0033440450206398964,1755.8402099609375,0.002135193906724453
12,3000,25,blocks.4.attn.proj.weight,attn_proj,4,76.57180786132812,0.36191927153254705,0.36023744024263166,0.36191927153254705,0.36191927153254705,27.712812921102035,27.58403205871582,0.9953530209021779,0.3335369807059427,0.3474050201596854,0.36191927153254705,0.3335369807059427,0.3474050201596854,0.03,0.025,0.9215783931415987,0.9598964395805698,0.0013165706768631935,2.0738720195367932e-05,2.0738720195367932e-05,9.279046000722491e-05,0.0007071392254058402,0.00011352918020259284,0.000730105011177454,0.0007278779456012082,0.8290740558254523,True,0.004058795049786568,2127.590087890625,0.00018220479250885546
12,3000,26,blocks.4.attn.q.weight,attn_q,4,70.07041931152344,0.3954994588785702,0.3925146745468011,0.3954994588785702,0.3954994588785702,27.712812921102035,27.5036678314209,0.9924531266358068,0.39414940239246987,0.3474050201596854,0.3954994588785702,0.39414940239246987,0.3474050201596854,0.025,0.025,0.9965864517490659,0.8783956902109158,0.0008309840341098607,0.00012030851939925924,0.00012030851939925924,2.3415496090056342e-05,0.0006608241751865927,0.00014372401548931558,0.0007416585675612316,0.000781132694585852,0.0985738186900002,True,0.0038113370537757874,2003.7666015625,0.004538542125374079
12,3000,27,blocks.4.attn.v.weight,attn_v,4,74.37516784667969,0.3726084084708282,0.3693057661577083,0.3726084084708282,0.3726084084708282,27.712812921102035,27.467178344726562,0.9911364257004588,0.33530509771714784,0.3474050201596854,0.3726084084708282,0.33530509771714784,0.3474050201596854,0.025,0.025,0.8998860199994632,0.9323595825049235,0.001532664755359292,0.00014424002438317984,0.00014424002438317984,0.0005374221230080489,0.001791868791367964,0.0006816621473912288,0.0019411005814120247,0.001936108815751144,0.1428674932458359,True,0.00902692973613739,4721.6875,0.0034480509348213673
12,3000,28,blocks.4.mlp.fc.weight,mlp_fc,4,149.26255798339844,0.3713297332635069,0.3713220083967879,0.3713297332635069,0.3713297332635069,55.42562584220407,55.42447280883789,0.9999791967461141,0.3737659477817904,0.3474050201596854,0.3713297332635069,0.3737659477817904,0.3474050201596854,0.035,0.0375,1.0065607849306124,0.9355701659181604,0.0021851465571671724,5.491854244610295e-05,5.491854244610295e-05,0.00012439580293899127,0.00047958627063507994,0.00017931434538509422,0.000510837919637131,0.0005345048130811829,0.26656964143961065,True,0.006787171587347984,3561.65087890625,0.0008979947306215763
12,3000,29,blocks.4.mlp.proj.weight,mlp_proj,4,96.21487426757812,0.28803044365085784,0.2879300703603691,0.28803044365085784,0.28803044365085784,27.712812921102035,27.703155517578125,0.9996515184672373,0.28303388359462084,0.3474050201596854,0.28803044365085784,0.28303388359462084,0.3474050201596854,0.035,0.025,0.9826526668747083,1.2061399335300809,0.003090266138315201,0.00015126776997931302,0.00015126776997931302,0.0005606767086255827,0.00171876666292786,0.0007119444786048957,0.002012397814868005,0.001870034432907173,0.21232799657270338,True,0.011564301326870918,6084.35986328125,0.0038137075025588274
12,3000,30,blocks.5.attn.k.weight,attn_k,5,71.41019439697266,0.38807922531403843,0.3855831385391015,0.38807922531403843,0.38807922531403843,27.712812921102035,27.53456687927246,0.9935680999854819,0.392980610230529,0.3474050201596854,0.38807922531403843,0.392980610230529,0.3474050201596854,0.025,0.025,1.0126298564746008,0.895190975189566,0.0007127592107281089,3.4815006074495614e-05,3.4815006074495614e-05,2.425370159027054e-05,0.00039681847732743296,5.906870766476615e-05,0.0004060163300968451,0.00043163348340192857,0.2866923784424157,True,0.00273537659086287,1436.1185302734375,0.0008413056493736804
12,3000,31,blocks.5.attn.proj.weight,attn_proj,5,82.459716796875,0.3360769839819808,0.3343841828766373,0.3360769839819808,0.3360769839819808,27.712812921102035,27.573225021362305,0.9949630555318533,0.3335369807059427,0.3474050201596854,0.3360769839819808,0.3335369807059427,0.3474050201596854,0.03,0.025,0.9924421980763362,1.0337066705475788,0.0013036300661042333,2.018979830609169e-05,2.018979830609169e-05,8.689684207057408e-05,0.0006339613424580398,0.00010708664037666577,0.0006547468954642265,0.0006541511407641315,0.7830338719556791,True,0.004085260443389416,2141.219482421875,0.00015836306556593627
12,3000,32,blocks.5.attn.q.weight,attn_q,5,70.65235900878906,0.39224186297381236,0.38982131831103145,0.39224186297381236,0.39224186297381236,27.712812921102035,27.54179573059082,0.9938289486888935,0.39414940239246987,0.3474050201596854,0.39224186297381236,0.39414940239246987,0.3474050201596854,0.025,0.025,1.0048631714223346,0.885690827403804,0.0006637424230575562,1.8242582882521674e-05,1.8242582882521674e-05,1.6793267854084006e-05,0.0002632196691865101,3.503585073660568e-05,0.00026471111754793275,0.0002814622520690318,0.5149755158253234,True,0.0025465672370046377,1337.898681640625,0.0005281135090626776
12,3000,33,blocks.5.attn.v.weight,attn_v,5,81.08859252929688,0.34175969833351766,0.3385459339109239,0.34175969833351766,0.34175969833351766,27.712812921102035,27.452213287353516,0.9905964207065359,0.33530509771714784,0.3474050201596854,0.34175969833351766,0.33530509771714784,0.3474050201596854,0.025,0.025,0.9811136285295088,1.0165183953921288,0.00153815106023103,0.00019185326527804136,0.00019185326527804136,0.0006014193947374552,0.0019887271766446273,0.0007932726600154966,0.00218248074028592,0.0021805804419226687,0.09887125155580623,True,0.009689237922430038,5075.86083984375,0.004754804540425539
12,3000,34,blocks.5.mlp.fc.weight,mlp_fc,5,149.37049865722656,0.37106139659742354,0.3710505105399885,0.37106139659742354,0.37106139659742354,55.42562584220407,55.42399978637695,0.999970662382203,0.3737659477817904,0.3474050201596854,0.37106139659742354,0.3737659477817904,0.3474050201596854,0.035,0.0375,1.0072886891742638,0.9362467326036512,0.002116158837452531,3.8352289266185835e-05,3.8352289266185835e-05,0.0001064703988964104,0.0003901045250961551,0.00014482268816259623,0.0004090115594288084,0.00042845681436234093,0.36939595825122395,True,0.006394501309841871,3351.501708984375,0.0005717097083106637
12,3000,35,blocks.5.mlp.proj.weight,mlp_proj,5,97.363525390625,0.2846323899008125,0.2848170986281349,0.2846323899008125,0.2846323899008125,27.712812921102035,27.730796813964844,1.0006489378365888,0.28303388359462084,0.3474050201596854,0.2846323899008125,0.28303388359462084,0.3474050201596854,0.035,0.025,0.9943839620404806,1.2205393078445768,0.0027161347679793835,3.7066551158204675e-05,3.7066551158204675e-05,0.0002651742613018231,0.0009625243395281662,0.00030224081246002776,0.0010889896509576546,0.0009995908906863709,0.7526149569554753,True,0.006120126228779554,3206.75341796875,0.0003486366767901927
12,3000,36,blocks.6.attn.k.weight,attn_k,6,70.42431640625,0.39351199039317314,0.39136010485061395,0.39351199039317314,0.39351199039317314,27.712812921102035,27.561267852783203,0.9945315883757352,0.392980610230529,0.3474050201596854,0.39351199039317314,0.392980610230529,0.3474050201596854,0.025,0.025,0.9986496468325826,0.8828321084005077,0.0008831039885990322,2.2167230781633407e-05,2.2167230781633407e-05,1.8032094012101976e-05,0.0002819425810072651,4.019932479373538e-05,0.00028540175411504484,0.0003041098117888985,0.5656890386485091,True,0.0029471714515239,1544.420654296875,0.00029674667166545987
12,3000,37,blocks.6.attn.proj.weight,attn_proj,6,87.17595672607422,0.317895139461236,0.3165012912723361,0.317895139461236,0.317895139461236,27.712812921102035,27.5913028717041,0.9956153837669286,0.3335369807059427,0.3474050201596854,0.317895139461236,0.3335369807059427,0.3474050201596854,0.03,0.025,1.0492044051734049,1.0928289773428506,0.0010626553557813168,1.2451639122446068e-05,1.2451639122446068e-05,6.592170920400816e-05,0.0004704998453434426,7.837334832645423e-05,0.0004824689222631357,0.00048295148446588865,0.9789695592750478,True,0.003256079275161028,1706.78271484375,9.391694766236469e-05
12,3000,38,blocks.6.attn.q.weight,attn_q,6,67.5905990600586,0.4100098727705819,0.4080017349127715,0.4100098727705819,0.4100098727705819,27.712812921102035,27.57708168029785,0.9951022207240164,0.39414940239246987,0.3474050201596854,0.4100098727705819,0.39414940239246987,0.3474050201596854,0.025,0.025,0.9613168573943423,0.8473089143247861,0.0007803348707966506,1.5350477042375132e-05,1.5350477042375132e-05,1.0182121965957443e-05,0.00018056197410225741,2.5532599008332576e-05,0.00018433436397990465,0.00019591245114463255,0.7520952443263191,True,0.00266002188436687,1394.6558837890625,0.00039665051735937595
12,3000,39,blocks.6.attn.v.weight,attn_v,6,87.64563751220703,0.31619158360554195,0.3129509694949141,0.31619158360554195,0.31619158360554195,27.712812921102035,27.428787231445312,0.9897511057262451,0.33530509771714784,0.3474050201596854,0.31619158360554195,0.33530509771714784,0.3474050201596854,0.025,0.025,1.0604491552041138,1.0987168481786127,0.0013673598878085613,0.00014160928549245,0.00014160928549245,0.0005030371021446152,0.0016142284532898524,0.0006446463876370652,0.0017484916722735673,0.0017558377387823024,0.11016935319016358,True,0.009456961415708065,4936.81787109375,0.0032263589091598988
12,3000,40,blocks.6.mlp.fc.weight,mlp_fc,6,149.93812561035156,0.36965665414705934,0.3696776115636054,0.36965665414705934,0.36965665414705934,55.42562584220407,55.428768157958984,1.0000566942764681,0.3737659477817904,0.3474050201596854,0.36965665414705934,0.3737659477817904,0.3474050201596854,0.035,0.0375,1.0111165147133974,0.9398045896435516,0.0021476754918694496,3.595150337787345e-05,3.595150337787345e-05,0.00010435671437923163,0.0003497772802869303,0.00014030821775710508,0.00036783341603779636,0.00038572878366480374,0.39841852921924004,True,0.006045014597475529,3166.509521484375,0.00044011001591570675
12,3000,41,blocks.6.mlp.proj.weight,mlp_proj,6,97.9388656616211,0.2829603215627373,0.283157363420841,0.2829603215627373,0.2829603215627373,27.712812921102035,27.73211097717285,1.0006963586167077,0.28303388359462084,0.3474050201596854,0.2829603215627373,0.28303388359462084,0.3474050201596854,0.035,0.025,1.0002599729583188,1.2277517152971553,0.002862077672034502,3.8865196984261274e-05,3.8865196984261274e-05,0.0002576506809271995,0.0009096673155193386,0.0002965158779114608,0.0010327221072385566,0.0009485325125035999,0.7519093282006096,True,0.006325118709355593,3314.350341796875,0.0002837346983142197
12,3000,42,blocks.7.attn.k.weight,attn_k,7,69.91765594482422,0.39636358723140985,0.3941852505721363,0.39636358723140985,0.39636358723140985,27.712812921102035,27.560508728027344,0.9945041958206011,0.392980610230529,0.3474050201596854,0.39636358723140985,0.392980610230529,0.3474050201596854,0.025,0.025,0.9914649652242001,0.8764806640950575,0.0006587178795598447,1.8689304852159694e-05,1.8689304852159694e-05,1.1094033739930055e-05,0.00018626054595629178,2.978333859208975e-05,0.00019241279217908824,0.00020494985080845147,0.5041031877899185,True,0.002261654008179903,1183.0465087890625,0.0003554598370101303
12,3000,43,blocks.7.attn.proj.weight,attn_proj,7,88.01705169677734,0.31485731897239533,0.31307409281319026,0.31485731897239533,0.31485731897239533,27.712812921102035,27.555858612060547,0.9943363992140266,0.3335369807059427,0.3474050201596854,0.31485731897239533,0.3335369807059427,0.3474050201596854,0.03,0.025,1.059327386114169,1.1033728588349685,0.0011110433842986822,1.3685244084626902e-05,1.3685244084626902e-05,6.471071491560165e-05,0.0004620804216593202,7.839595900022855e-05,0.000474342104157657,0.0004757656657439471,0.9223837709125747,True,0.003507611807435751,1839.0025634765625,0.00010152483446290717
12,3000,44,blocks.7.attn.q.weight,attn_q,7,67.98887634277344,0.4076080443127906,0.4053140750123546,0.4076080443127906,0.4076080443127906,27.712812921102035,27.556848526000977,0.9943721196565254,0.39414940239246987,0.3474050201596854,0.4076080443127906,0.39414940239246987,0.3474050201596854,0.025,0.025,0.9669814123933412,0.8523016780627947,0.0006432493682950735,1.138227162300609e-05,1.138227162300609e-05,6.2992502818934245e-06,0.00016408352641236341,1.7681521904899515e-05,0.000164391227852725,0.0001754657980353695,0.8312134452259351,True,0.0022604672703891993,1182.973388671875,0.00031119349296204746
12,3000,45,blocks.7.attn.v.weight,attn_v,7,89.4621353149414,0.30977142255259377,0.30687391954668525,0.30977142255259377,0.30977142255259377,27.712812921102035,27.453596115112305,0.9906463192052096,0.33530509771714784,0.3474050201596854,0.30977142255259377,0.33530509771714784,0.3474050201596854,0.025,0.025,1.082427471695582,1.1214882809297946,0.0012691495940089226,8.892854384612292e-05,8.892854384612292e-05,0.0003486165219125345,0.0011157047122005493,0.00043754506575865743,0.0011952030513608385,0.0012046332560466722,0.1595263300611421,True,0.007800394669175148,4071.047119140625,0.0016888001700863242
12,3000,46,blocks.7.mlp.fc.weight,mlp_fc,7,148.95767211914062,0.3720897692189568,0.37220300673318685,0.3720897692189568,0.3720897692189568,55.42562584220407,55.4424934387207,1.0003043284809205,0.3737659477817904,0.3474050201596854,0.3720897692189568,0.3737659477817904,0.3474050201596854,0.035,0.0375,1.004504769282832,0.9336591567376699,0.002143870573490858,3.2273361284751445e-05,3.2273361284751445e-05,9.751020280317221e-05,0.0003319688983961836,0.00012978356408792366,0.0003467278370130837,0.00036424225968093504,0.44595546141344233,True,0.005831439979374409,3055.005126953125,0.00034184695687144995
12,3000,47,blocks.7.mlp.proj.weight,mlp_proj,7,98.87828063964844,0.2802719944342326,0.2804669327742022,0.2802719944342326,0.2802719944342326,27.712812921102035,27.732088088989258,1.0006955327105227,0.28303388359462084,0.3474050201596854,0.2802719944342326,0.28303388359462084,0.3474050201596854,0.035,0.025,1.0098543172890444,1.2395281264579072,0.0028666253201663494,3.88881926483009e-05,3.88881926483009e-05,0.00025528844209049605,0.0008460888972801408,0.00029417663473879695,0.0009619943958536099,0.0008849770899284417,0.7455079293190804,True,0.006339023355394602,3320.394775390625,0.00027648938703350723
12,3000,48,blocks.8.attn.k.weight,attn_k,8,69.56952667236328,0.3983470097707455,0.39643552854560604,0.3983470097707455,0.3983470097707455,27.712812921102035,27.579832077026367,0.9952014671172406,0.392980610230529,0.3474050201596854,0.3983470097707455,0.392980610230529,0.3474050201596854,0.025,0.025,0.9865283298014338,0.8721165507420829,0.0007138543878681958,1.3443257557810284e-05,1.3443257557810284e-05,5.737155213886224e-06,0.00013118138720499782,1.918041277169651e-05,0.00013577993462695123,0.0001446246447628081,0.7632838360144839,True,0.002398291602730751,1257.0400390625,0.00023866152332630008
12,3000,49,blocks.8.attn.proj.weight,attn_proj,8,94.57719421386719,0.29301792204191546,0.29190352264548286,0.29301792204191546,0.29301792204191546,27.712812921102035,27.6074161529541,0.9961968217211297,0.3335369807059427,0.3474050201596854,0.29301792204191546,0.3335369807059427,0.3474050201596854,0.03,0.025,1.1382818442696863,1.1856101419966727,0.001028175000101328,1.0183863196289167e-05,1.0183863196289167e-05,4.9266343765430705e-05,0.00035117610633246575,5.945020696171987e-05,0.0003599600020117809,0.0003613599695287549,1.067500426970516,True,0.003148669144138694,1650.1695556640625,9.093857079278678e-05
12,3000,50,blocks.8.attn.q.weight,attn_q,8,68.52857208251953,0.40439793328440155,0.4023402678437474,0.40439793328440155,0.40439793328440155,27.712812921102035,27.57180404663086,0.9949117805228713,0.39414940239246987,0.3474050201596854,0.40439793328440155,0.39414940239246987,0.3474050201596854,0.025,0.025,0.9746573114043978,0.8590672492763838,0.0007271193317137659,1.2114189303247258e-05,1.2114189303247258e-05,4.819758200362553e-06,0.00014110015190656555,1.693394750360981e-05,0.00014353565701711752,0.0001532143412098128,0.8758700029433245,True,0.0024296364281326532,1275.0955810546875,0.0003525907814037055
12,3000,51,blocks.8.attn.v.weight,attn_v,8,96.44898223876953,0.2873313152490927,0.2848773402692839,0.2873313152490927,0.2873313152490927,27.712812921102035,27.47612953186035,0.9914594238442875,0.33530509771714784,0.3474050201596854,0.2873313152490927,0.33530509771714784,0.3474050201596854,0.025,0.025,1.1669632926242857,1.2090746873814073,0.0011950698681175709,6.573479913640767e-05,6.573479913640767e-05,0.00025858921900902266,0.0008369785660322987,0.00032432401814543033,0.000893516522842664,0.0009027133651687063,0.18849520504082168,True,0.007546538021415472,3951.725341796875,0.001402587746270001
12,3000,52,blocks.8.mlp.fc.weight,mlp_fc,8,149.3603973388672,0.3710864916652239,0.3710984378273912,0.3710864916652239,0.3710864916652239,55.42562584220407,55.42741012573242,1.0000321923929814,0.3737659477817904,0.3474050201596854,0.3710864916652239,0.3737659477817904,0.3474050201596854,0.035,0.0375,1.007220570343433,0.936183418050952,0.002123334677889943,3.11256771965418e-05,3.11256771965418e-05,8.670486492677781e-05,0.000283572195758356,0.00011783054212331961,0.0002993563876272509,0.0003146978729548978,0.45673488432723447,True,0.005540703888982534,2901.854248046875,0.00030930133652873337
12,3000,53,blocks.8.mlp.proj.weight,mlp_proj,8,99.90342712402344,0.2773960185239534,0.2775355946011677,0.2773960185239534,0.2773960185239534,27.712812921102035,27.726757049560547,1.000503165394946,0.28303388359462084,0.3474050201596854,0.2773960185239534,0.28303388359462084,0.3474050201596854,0.035,0.025,1.0203242465435047,1.252379259112137,0.0028748312033712864,3.6664234357886016e-05,3.6664234357886016e-05,0.00023684912393206125,0.0007456606425742855,0.00027351335828994727,0.0008492884975242689,0.0007823248769321716,0.7848548441531479,True,0.006277807988226414,3288.328369140625,0.000245068920776248
12,3000,54,blocks.9.attn.k.weight,attn_k,9,69.64773559570312,0.39789969744273723,0.3954283269294669,0.39789969744273723,0.39789969744273723,27.712812921102035,27.540687561035156,0.9937889610644391,0.392980610230529,0.3474050201596854,0.39789969744273723,0.392980610230529,0.3474050201596854,0.025,0.025,0.9876373688046944,0.8730969698957395,0.0006495961570180953,1.9351646187715232e-05,1.9351646187715232e-05,1.1526355554765688e-05,0.00018323890642145207,3.087800174248092e-05,0.00018995253487522204,0.0002025905526091673,0.4819683621606421,True,0.0024156251456588507,1263.0262451171875,0.0003763280692510307
12,3000,55,blocks.9.attn.proj.weight,attn_proj,9,93.78157043457031,0.2955038265267349,0.2939671276062766,0.2955038265267349,0.2955038265267349,27.712812921102035,27.56869888305664,0.9947997325837805,0.3335369807059427,0.3474050201596854,0.2955038265267349,0.3335369807059427,0.3474050201596854,0.03,0.025,1.1287061309027306,1.1756362827614852,0.0010170472087338567,1.1570575225050561e-05,1.1570575225050561e-05,5.050014020372807e-05,0.0003621609086740196,6.207071542877863e-05,0.00037120752495094016,0.00037373148389907015,0.9372785130397666,True,0.0035432809963822365,1854.6976318359375,0.00014902463590260595
12,3000,56,blocks.9.attn.q.weight,attn_q,9,68.87879943847656,0.4023416950792744,0.3997808726150192,0.4023416950792744,0.4023416950792744,27.712812921102035,27.536426544189453,0.9936352048630086,0.39414940239246987,0.3474050201596854,0.4023416950792744,0.39414940239246987,0.3474050201596854,0.025,0.025,0.9796384695223039,0.8634576639918845,0.000651344598736614,1.7070466128643602e-05,1.7070466128643602e-05,5.600458350228002e-06,0.00012531062118609283,2.2670924478871604e-05,0.0001339067510289905,0.00014238108731473643,0.5539618630623436,True,0.002388452645391226,1247.3009033203125,0.00046025359188206494
12,3000,57,blocks.9.attn.v.weight,attn_v,9,95.41231536865234,0.2904532063185531,0.28808067770983964,0.2904532063185531,0.2904532063185531,27.712812921102035,27.4864444732666,0.991831632231636,0.33530509771714784,0.3474050201596854,0.2904532063185531,0.33530509771714784,0.3474050201596854,0.025,0.025,1.1544203693499726,1.1960791363365797,0.001110683660954237,5.189410876482725e-05,5.189410876482725e-05,0.00020917856843512126,0.0007216859434784775,0.0002610726771999485,0.0007635016533349174,0.0007735800522433048,0.22431994529408877,True,0.006383961066603661,3344.2451171875,0.000979044707491994
12,3000,58,blocks.9.mlp.fc.weight,mlp_fc,9,149.60916137695312,0.3704694641162679,0.3704019649179468,0.3704694641162679,0.3704694641162679,55.42562584220407,55.41552734375,0.9998178009124729,0.3737659477817904,0.3474050201596854,0.3704694641162679,0.3737659477817904,0.3474050201596854,0.035,0.0375,1.0088981251758118,0.93774265846282,0.0021418703254312277,3.0232957215048373e-05,3.0232957215048373e-05,7.919845851121224e-05,0.0002563097855092281,0.00010943141572626062,0.00027239989367244165,0.0002865427427242765,0.4735374770390888,True,0.005510713905096054,2887.731201171875,0.0003316110814921558
12,3000,59,blocks.9.mlp.proj.weight,mlp_proj,9,101.16789245605469,0.273928933857547,0.2740660301390336,0.273928933857547,0.273928933857547,27.712812921102035,27.726682662963867,1.000500481199845,0.28303388359462084,0.3474050201596854,0.273928933857547,0.28303388359462084,0.3474050201596854,0.035,0.025,1.0332383644504262,1.268230468638076,0.002961154328659177,3.975324216298759e-05,3.975324216298759e-05,0.0002296881885642375,0.0006885608222086196,0.0002694414307272251,0.00078947580780116,0.0007283140643716072,0.7362847159606349,True,0.006560705602169037,3436.797119140625,0.00030483477166853845
12,3000,60,blocks.10.attn.k.weight,attn_k,10,68.49207305908203,0.40461343456777327,0.4024704610792852,0.40461343456777327,0.40461343456777327,27.712812921102035,27.566036224365234,0.9947036521642653,0.392980610230529,0.3474050201596854,0.40461343456777327,0.392980610230529,0.3474050201596854,0.025,0.025,0.9712495351280884,0.8586097012097471,0.0005722916685044765,1.3715292880078778e-05,1.3715292880078778e-05,7.5628058957312754e-06,0.00011370281191490445,2.1278098775810053e-05,0.00012004194614060315,0.00012741810479498323,0.6092170174226146,True,0.0019754336681216955,1034.0655517578125,0.0002520227280911058
12,3000,61,blocks.10.attn.proj.weight,attn_proj,10,93.28936004638672,0.29706295452474174,0.29514407665332515,0.29706295452474174,0.29706295452474174,27.712812921102035,27.533802032470703,0.9935405009538016,0.3335369807059427,0.3474050201596854,0.29706295452474174,0.3335369807059427,0.3474050201596854,0.03,0.025,1.1227821430630895,1.1694659831128515,0.0009243534877896309,1.1291165719740093e-05,1.1291165719740093e-05,4.6651770779430764e-05,0.0003405738784385029,5.794293649917086e-05,0.0003494707967554249,0.000351865044158243,0.8775405399495656,True,0.003610628191381693,1888.926025390625,0.00019115301256533712
12,3000,62,blocks.10.attn.q.weight,attn_q,10,69.01834869384766,0.40152819424919645,0.39925539771574176,0.40152819424919645,0.40152819424919645,27.712812921102035,27.55594825744629,0.994339634013251,0.39414940239246987,0.3474050201596854,0.40152819424919645,0.39414940239246987,0.3474050201596854,0.025,0.025,0.981623228549308,0.8652070393444872,0.0005601126467809081,7.929029379738495e-06,7.929029379738495e-06,4.128550977036084e-06,8.952424255093141e-05,1.2057580356774578e-05,9.146278725369927e-05,9.745327193066991e-05,1.0235069294930754,True,0.0019589774310588837,1024.144775390625,0.0001619658578420058
12,3000,63,blocks.10.attn.v.weight,attn_v,10,95.7479476928711,0.2894350593288528,0.28701759977688723,0.2894350593288528,0.2894350593288528,27.712812921102035,27.481346130371094,0.9916476616289395,0.33530509771714784,0.3474050201596854,0.2894350593288528,0.33530509771714784,0.3474050201596854,0.025,0.025,1.1584812789945327,1.2002865892102166,0.0009659231291152537,3.558276148396544e-05,3.558276148396544e-05,0.000149353920742513,0.0005532876148000551,0.00018493668222647845,0.0005824520959281331,0.0005888703762840206,0.2835133032541936,True,0.005338347516953945,2796.41748046875,0.0006407779874280095
12,3000,64,blocks.10.mlp.fc.weight,mlp_fc,10,149.10435485839844,0.37172372258906006,0.3715825685655792,0.37172372258906006,0.37172372258906006,55.42562584220407,55.404579162597656,0.9996202716832403,0.3737659477817904,0.3474050201596854,0.37172372258906006,0.3737659477817904,0.3474050201596854,0.035,0.0375,1.0054939329093828,0.9345785567302656,0.0022124769166111946,3.185292371199466e-05,3.185292371199466e-05,7.630967017163526e-05,0.0002550962500623025,0.00010816259388362992,0.00027219775937878605,0.00028694917377429714,0.46584251183069875,True,0.005509536247700453,2887.169677734375,0.00028050984838046134
12,3000,65,blocks.10.mlp.proj.weight,mlp_proj,10,102.4421157836914,0.27052167664730975,0.2705307763821021,0.27052167664730975,0.27052167664730975,27.712812921102035,27.7137451171875,1.000033637728805,0.28303388359462084,0.3474050201596854,0.27052167664730975,0.28303388359462084,0.3474050201596854,0.035,0.025,1.0462521417964734,1.2842040034100912,0.0031555788591504097,5.176081322133541e-05,5.176081322133541e-05,0.0002742642065701267,0.0007441322887591426,0.0003260250197914621,0.0008590121482586758,0.000795893101980478,0.595112958802914,True,0.0072002955712378025,3776.22705078125,0.00043066139915026724
12,3000,66,blocks.11.attn.k.weight,attn_k,11,69.19853973388672,0.40048262618945113,0.3984212884003907,0.40048262618945113,0.40048262618945113,27.712812921102035,27.570171356201172,0.9948528658816785,0.392980610230529,0.3474050201596854,0.40048262618945113,0.392980610230529,0.3474050201596854,0.025,0.025,0.9812675620156035,0.8674658959995508,0.0005842783721163869,1.1861762686748989e-05,1.1861762686748989e-05,7.728276787785767e-06,0.00012823296878930585,1.9590039474534756e-05,0.00013157946698990445,0.00014009473147605483,0.7118256768102433,True,0.0018871818901970983,988.5025024414062,0.00021204091899562627
12,3000,67,blocks.11.attn.proj.weight,attn_proj,11,98.02360534667969,0.2827157073348837,0.28061269521292664,0.2827157073348837,0.2827157073348837,27.712812921102035,27.506668090820312,0.9925613891715499,0.3335369807059427,0.3474050201596854,0.2827157073348837,0.3335369807059427,0.3474050201596854,0.03,0.025,1.1797610534276397,1.2288140034192567,0.0009894478134810925,2.4627777747809887e-05,2.4627777747809887e-05,4.705539367934977e-05,0.0004005744009893707,7.168317142715966e-05,0.0004206531450158817,0.0004252021787371806,0.4098613776162953,True,0.005260114558041096,2749.095947265625,0.000917455181479454
12,3000,68,blocks.11.attn.q.weight,attn_q,11,69.05435943603516,0.4013188037284211,0.39943070963915056,0.4013188037284211,0.4013188037284211,27.712812921102035,27.58243179321289,0.9952952762947472,0.39414940239246987,0.3474050201596854,0.4013188037284211,0.39414940239246987,0.3474050201596854,0.025,0.025,0.9821353964246269,0.865658466366754,0.0005799998762086034,7.894975169620011e-06,7.894975169620011e-06,5.0272075812929355e-06,0.00010552266276466128,1.2922182750912947e-05,0.0001063970847557815,0.00011341763793428129,1.0638637999242568,True,0.0019142237724736333,1002.2468872070312,0.0001882748183561489
12,3000,69,blocks.11.attn.v.weight,attn_v,11,100.14775085449219,0.276719274118965,0.2747858426948803,0.276719274118965,0.276719274118965,27.712812921102035,27.519184112548828,0.9930130222036837,0.33530509771714784,0.3474050201596854,0.276719274118965,0.33530509771714784,0.3474050201596854,0.025,0.025,1.2117157317093714,1.255442076688636,0.0009583903010934591,3.119176108157262e-05,3.119176108157262e-05,0.00011467223858917054,0.000441549161007373,0.00014586399967074317,0.0004665367414927722,0.00047274092208894565,0.30680420956068516,True,0.004773249849677086,2499.86376953125,0.0005439780070446432
12,3000,70,blocks.11.mlp.fc.weight,mlp_fc,11,146.57077026367188,0.37814924314375065,0.37791736790238667,0.37814924314375065,0.37814924314375065,55.42562584220407,55.391639709472656,0.9993868155349627,0.3737659477817904,0.3474050201596854,0.37814924314375065,0.3737659477817904,0.3474050201596854,0.035,0.0375,0.9884085570937029,0.9186981766022521,0.0024779587984085083,8.00204070401378e-05,8.00204070401378e-05,7.959260396900417e-05,0.0003132786606327455,0.00015961301100914197,0.00037386675817777066,0.0003932990676728833,0.21127395127905574,True,0.006234657950699329,3264.538330078125,0.0020436099730432034
12,3000,71,blocks.11.mlp.proj.weight,mlp_proj,11,104.12860870361328,0.26614024009465514,0.26610607366680467,0.26614024009465514,0.26614024009465514,27.712812921102035,27.70925521850586,0.9998716224655251,0.28303388359462084,0.3474050201596854,0.26614024009465514,0.28303388359462084,0.3474050201596854,0.035,0.025,1.0634764720057264,1.3053457080978348,0.004133003298193216,0.0004774590488523245,0.0004774590488523245,0.0005552999600334128,0.0014873591616307844,0.0010327590088857373,0.002089614346496241,0.001964818210483109,0.08313034016728733,True,0.014372745528817177,7710.25830078125,0.0216684453189373
13,3250,0,blocks.0.attn.k.weight,attn_k,0,73.48103332519531,0.37714239535060834,0.37529489770130353,0.37714239535060834,0.37714239535060834,27.712812921102035,27.577056884765625,0.995101325992316,0.3966891313516398,0.3515090617373353,0.37714239535060834,0.3966891313516398,0.3515090617373353,0.025,0.025,1.051828530130801,0.9320327443181159,0.000850390293635428,1.8540564269642346e-05,1.8540564269642346e-05,1.186238130819546e-05,0.00021015861506393363,3.0402945577837806e-05,0.00021672666977414992,0.00022869917933357597,0.6241947220216156,True,0.0024810913018882275,1301.2464599609375,0.0003082716139033437
13,3250,1,blocks.0.attn.proj.weight,attn_proj,0,71.24867248535156,0.38895900729658756,0.38638436631370016,0.38895900729658756,0.38895900729658756,27.712812921102035,27.529373168945312,0.9933806881070149,0.3372659239388723,0.3515090617373353,0.38895900729658756,0.3372659239388723,0.3515090617373353,0.03,0.025,0.8670988911736438,0.903717500156267,0.0014878785004839301,3.082956391153857e-05,3.082956391153857e-05,0.00010550847468250899,0.0008500080597809669,0.00013633803859404756,0.0008859014273089826,0.0008808376236925055,0.6773658691851381,True,0.005008722189813852,2628.43310546875,0.0006059666047804058
13,3250,2,blocks.0.attn.q.weight,attn_q,0,74.87496948242188,0.3701211915366199,0.3685298886938341,0.3701211915366199,0.3701211915366199,27.712812921102035,27.593664169311523,0.9957005897550087,0.39797256277218374,0.3515090617373353,0.3701211915366199,0.39797256277218374,0.3515090617373353,0.025,0.025,1.0752493287939937,0.9497134175916456,0.0008628075011074543,1.9622793843154795e-05,1.9622793843154795e-05,1.1522297725658257e-05,0.00019335308766623305,3.114509156881305e-05,0.00020172881266119642,0.00021297588150938785,0.5872410581670147,True,0.0025882970076054335,1356.214111328125,0.00025936189922504127
13,3250,3,blocks.0.attn.v.weight,attn_v,0,68.96157836914062,0.4018587389743264,0.3987292414634769,0.4018587389743264,0.4018587389743264,27.712812921102035,27.496997833251953,0.9922124438084108,0.3383038034056163,0.3515090617373353,0.4018587389743264,0.3383038034056163,0.3515090617373353,0.025,0.025,0.8418475712860621,0.874708019625255,0.0015189535915851593,6.542422488564625e-05,6.542422488564625e-05,0.000327679684388172,0.0011586503055530072,0.00039310390927381825,0.001229082049955462,0.0012240745304386534,0.33666558689141984,True,0.0068113249726593494,3581.424072265625,0.0014165223110467196
13,3250,4,blocks.0.mlp.fc.weight,mlp_fc,0,137.6744384765625,0.40258472419075564,0.4027548447060651,0.40258472419075564,0.40258472419075564,55.42562584220407,55.44904708862305,1.0004225707163985,0.3807365139676739,0.3515090617373353,0.40258472419075564,0.3807365139676739,0.3515090617373353,0.035,0.0375,0.9457301558895477,0.8731306495642908,0.0025747085455805063,4.1204817534890026e-05,4.1204817534890026e-05,0.00011645545200400644,0.0004579536727969143,0.00015766026953889647,0.0004754737514413175,0.0004991584903318043,0.4538650753394367,True,0.006288866978138685,3298.65283203125,0.0012683060485869646
13,3250,5,blocks.0.mlp.proj.weight,mlp_proj,0,90.13023376464844,0.30747521407152684,0.30741671639769247,0.30747521407152684,0.30747521407152684,27.712812921102035,27.70754051208496,0.9998097483271696,0.2866784378528563,0.3515090617373353,0.30747521407152684,0.2866784378528563,0.3515090617373353,0.035,0.025,0.9323627555428495,1.143211048080009,0.004190289415419102,0.00016539613716304302,0.00016539613716304302,0.00042425422541396364,0.0020937890457913173,0.0005896503625770067,0.0024678894366094812,0.0022591851829543604,0.28109178932621093,True,0.012082566507160664,6354.06640625,0.002566250041127205
13,3250,6,blocks.1.attn.k.weight,attn_k,1,69.67066192626953,0.3977687616981408,0.39440717692853905,0.3977687616981408,0.3977687616981408,27.712812921102035,27.478609085083008,0.9915488970143232,0.3966891313516398,0.3515090617373353,0.3977687616981408,0.3966891313516398,0.3515090617373353,0.025,0.025,0.9972857839768717,0.8837020288790021,0.0006856872932985425,3.443294554017484e-05,3.443294554017484e-05,2.2315696220008822e-05,0.0003629205781780512,5.6748641760183664e-05,0.00037532319096478375,0.00039735352371822604,0.2858261694708103,True,0.002697241259738803,1419.5018310546875,0.0005079646944068372
13,3250,7,blocks.1.attn.proj.weight,attn_proj,1,68.4496078491211,0.4048644512644622,0.40206537642778306,0.4048644512644622,0.4048644512644622,27.712812921102035,27.521217346191406,0.993086390203113,0.3372659239388723,0.3515090617373353,0.4048644512644622,0.3372659239388723,0.3515090617373353,0.03,0.025,0.8330341744886025,0.8682141903037209,0.0016026616794988513,5.921740739722736e-05,5.921740739722736e-05,0.00015712004777421358,0.0014142097697080322,0.00021633745517144094,0.00148260777608919,0.0014734271771052595,0.39538619237828604,True,0.006488838233053684,3411.083740234375,0.000938494922593236
13,3250,8,blocks.1.attn.q.weight,attn_q,1,71.63793182373047,0.38684551906511083,0.38309324648096266,0.38684551906511083,0.38684551906511083,27.712812921102035,27.444007873535156,0.9903003333392333,0.39797256277218374,0.3515090617373353,0.38684551906511083,0.39797256277218374,0.3515090617373353,0.025,0.025,1.028763532621403,0.9086548619894238,0.0006932105170562863,2.818552457029e-05,2.818552457029e-05,1.7163817985714575e-05,0.0003370298627407665,4.5349342556004574e-05,0.0003441355902279313,0.0003652153873110565,0.34331753181392705,True,0.002635532757267356,1386.1533203125,0.00037501181941479445
13,3250,9,blocks.1.attn.v.weight,attn_v,1,63.707454681396484,0.43500110088677874,0.42946569889680053,0.43500110088677874,0.43500110088677874,27.712812921102035,27.360166549682617,0.9872749701582659,0.3383038034056163,0.3515090617373353,0.43500110088677874,0.3383038034056163,0.3515090617373353,0.025,0.025,0.7777079246833202,0.8080647635621167,0.0015126122161746025,0.00011547783651622012,0.00011547783651622012,0.00048110784005001353,0.0017007723549190442,0.0005965856765662337,0.0018276817157893144,0.0018162501914352643,0.20560738558400463,True,0.008675074204802513,4548.38232421875,0.002792148385196924
13,3250,10,blocks.1.mlp.fc.weight,mlp_fc,1,146.5231170654297,0.37827222729266563,0.3781564438321964,0.37827222729266563,0.37827222729266563,55.42562584220407,55.408660888671875,0.9996939149847311,0.3807365139676739,0.3515090617373353,0.37827222729266563,0.3807365139676739,0.3515090617373353,0.035,0.0375,1.0065145852568809,0.9292489280884375,0.001821635290980339,4.860164335696027e-05,4.860164335696027e-05,0.00010808815523796734,0.00040469959432722476,0.0001566897985949276,0.00043267393905249094,0.000453301237684185,0.25580223111648803,True,0.005486125126481056,2878.9912109375,0.0005544753512367606
13,3250,11,blocks.1.mlp.proj.weight,mlp_proj,1,93.93147277832031,0.29503224107328424,0.2949762528361004,0.29503224107328424,0.29503224107328424,27.712812921102035,27.70755386352539,0.9998102301057775,0.2866784378528563,0.3515090617373353,0.29503224107328424,0.2866784378528563,0.3515090617373353,0.035,0.025,0.9716851175653277,1.1914259284293698,0.0028021999169141054,5.2835734095424414e-05,5.2835734095424414e-05,0.00025239819804055464,0.0011397357216559195,0.00030523393213597905,0.0013094053960212829,0.001192571455751344,0.5646251750175451,True,0.00640704482793808,3362.9931640625,0.00045940151903778315
13,3250,12,blocks.2.attn.k.weight,attn_k,2,71.77035522460938,0.38613175083742063,0.3835968988902353,0.38613175083742063,0.38613175083742063,27.712812921102035,27.530885696411133,0.9934352667407367,0.3966891313516398,0.3515090617373353,0.38613175083742063,0.3966891313516398,0.3515090617373353,0.025,0.025,1.0273413944627008,0.9103345191764273,0.0007680475828237832,2.1366955479606986e-05,2.1366955479606986e-05,1.8488376327149547e-05,0.00033901428269588504,3.985533180675653e-05,0.0003388508901380725,0.00036038123817549203,0.5008415902408705,True,0.002588770119473338,1356.6451416015625,0.0003078287991229445
13,3250,13,blocks.2.attn.proj.weight,attn_proj,2,69.0816421508789,0.40116030913937173,0.3986107885335122,0.40116030913937173,0.40116030913937173,27.712812921102035,27.53668785095215,0.9936446339586201,0.3372659239388723,0.3515090617373353,0.40116030913937173,0.3372659239388723,0.3515090617373353,0.03,0.025,0.8407260545352179,0.8762309075178559,0.0015262041706591845,3.8261336158029735e-05,3.8261336158029735e-05,0.00014482353904329828,0.001139769508758618,0.00018308487520132802,0.0011839610981250657,0.0011780308449166478,0.5774173788943614,True,0.005319920834153891,2795.07666015625,0.0004579014203045517
13,3250,14,blocks.2.attn.q.weight,attn_q,2,72.07867431640625,0.3844800585461678,0.38184104550030507,0.3844800585461678,0.3844800585461678,27.712812921102035,27.52259635925293,0.9931361510507559,0.39797256277218374,0.3515090617373353,0.3844800585461678,0.39797256277218374,0.3515090617373353,0.025,0.025,1.035092858331938,0.914245235673586,0.0007426819647662342,1.406945739290677e-05,1.406945739290677e-05,1.4104782545797567e-05,0.0002404779379559408,2.8174239938704337e-05,0.00023949151897127902,0.00025454739534884756,0.7323500889150666,True,0.002787315985187888,1460.9510498046875,0.0003295665082987398
13,3250,15,blocks.2.attn.v.weight,attn_v,2,67.58163452148438,0.41006425957768244,0.4046090509660069,0.41006425957768244,0.41006425957768244,27.712812921102035,27.344141006469727,0.9866966981777738,0.3383038034056163,0.3515090617373353,0.41006425957768244,0.3383038034056163,0.3515090617373353,0.025,0.025,0.8250019247081642,0.8572048246763763,0.001655043219216168,0.00024175047292374074,0.00024175047292374074,0.000695330950711963,0.00246979304788452,0.0009370814236357038,0.002720660731853575,0.002711543520808261,0.1013009027373152,True,0.012465490028262138,6549.33740234375,0.0062510608695447445
13,3250,16,blocks.2.mlp.fc.weight,mlp_fc,2,145.97232055664062,0.37969955968945257,0.37964535299539526,0.37969955968945257,0.37969955968945257,55.42562584220407,55.4177131652832,0.999857237932804,0.3807365139676739,0.3515090617373353,0.37969955968945257,0.3807365139676739,0.3515090617373353,0.035,0.0375,1.002730986254157,0.9257557791871721,0.002090652473270893,5.9036236052634194e-05,5.9036236052634194e-05,0.0001340347713641443,0.0004970495231288309,0.0001930710074167785,0.0005300314768956901,0.0005560857591814651,0.2426010486670026,True,0.006706590298563242,3514.622314453125,0.0007539813523180783
13,3250,17,blocks.2.mlp.proj.weight,mlp_proj,2,93.64978790283203,0.29591965493670896,0.2957603810713976,0.29591965493670896,0.29591965493670896,27.712812921102035,27.69789695739746,0.9994617665212463,0.2866784378528563,0.3515090617373353,0.29591965493670896,0.2866784378528563,0.3515090617373353,0.035,0.025,0.9687711953914343,1.1878530400845315,0.0029703706968575716,7.40174000384286e-05,7.40174000384286e-05,0.0003792527175457148,0.0015049728021714025,0.0004532701175841434,0.001722100815847393,0.001578990202209831,0.42851894585588174,True,0.007800867315381765,4099.91943359375,0.0009193767909891903
13,3250,18,blocks.3.attn.k.weight,attn_k,3,69.3834457397461,0.39941534505293147,0.39674900351618103,0.39941534505293147,0.39941534505293147,27.712812921102035,27.527812957763672,0.9933243888354079,0.3966891313516398,0.3515090617373353,0.39941534505293147,0.3966891313516398,0.3515090617373353,0.025,0.025,0.9931744893253153,0.8800589814363604,0.0006554563296958804,2.5266030206694268e-05,2.5266030206694268e-05,2.4834581836724735e-05,0.0003376638038054523,5.0100612043419e-05,0.0003426896766810027,0.00036292983401214657,0.37389605822326577,True,0.0022962521761655807,1206.2548828125,0.0003784789005294442
13,3250,19,blocks.3.attn.proj.weight,attn_proj,3,71.0914306640625,0.38981931664952646,0.38754821800504624,0.38981931664952646,0.38981931664952646,27.712812921102035,27.55135726928711,0.9941739709976541,0.3372659239388723,0.3515090617373353,0.38981931664952646,0.3372659239388723,0.3515090617373353,0.03,0.025,0.8651852525874104,0.9017230463552564,0.0015743785770609975,3.091245162067935e-05,3.091245162067935e-05,0.00013154258127447051,0.0010182145770307443,0.00016245503289514986,0.0010552581860547735,0.0010491270286514236,0.7164047681729043,True,0.004944552201777697,2594.3134765625,0.00023761157353874296
13,3250,20,blocks.3.attn.q.weight,attn_q,3,70.70947265625,0.3919250403100341,0.3887373554601397,0.3919250403100341,0.3919250403100341,27.712812921102035,27.48741340637207,0.9918665955934652,0.39797256277218374,0.3515090617373353,0.3919250403100341,0.39797256277218374,0.3515090617373353,0.025,0.025,1.0154303038595485,0.8968782945312003,0.0006322159897536039,2.1027412003604695e-05,2.1027412003604695e-05,1.9081760451262205e-05,0.00027393380180375893,4.01091724548669e-05,0.00027862513467932884,0.00029496121380736363,0.42520861312718833,True,0.0024133718106895685,1266.4801025390625,0.0005072043277323246
13,3250,21,blocks.3.attn.v.weight,attn_v,3,68.72679901123047,0.4032315387855261,0.3980665749794101,0.4032315387855261,0.4032315387855261,27.712812921102035,27.35784149169922,0.9871910718549786,0.3383038034056163,0.3515090617373353,0.4032315387855261,0.3383038034056163,0.3515090617373353,0.025,0.025,0.8389815053270323,0.8717300804297917,0.001687158946879208,0.0001915328757604584,0.0001915328757604584,0.0006997288549759634,0.002389837744820056,0.0008912617307364219,0.0025917406334451357,0.0025813706205805144,0.12817004979004318,True,0.011480824090540409,6031.4521484375,0.004770764149725437
13,3250,22,blocks.3.mlp.fc.weight,mlp_fc,3,146.60879516601562,0.37805116520766485,0.3780159539491119,0.37805116520766485,0.37805116520766485,55.42562584220407,55.42046356201172,0.9999068611294161,0.3807365139676739,0.3515090617373353,0.37805116520766485,0.3807365139676739,0.3515090617373353,0.035,0.0375,1.0071031357846336,0.9297922982045305,0.002081387210637331,5.4992222430882975e-05,5.4992222430882975e-05,0.00014158634925489212,0.0005008882997181683,0.0001965785716857751,0.000529772273705715,0.0005558805221490512,0.25816156522299594,True,0.006676312070339918,3496.392333984375,0.0007285398314706981
13,3250,23,blocks.3.mlp.proj.weight,mlp_proj,3,94.42903900146484,0.2934776549052049,0.2934710244475146,0.2934776549052049,0.2934776549052049,27.712812921102035,27.712186813354492,0.9999774072827134,0.2866784378528563,0.3515090617373353,0.2934776549052049,0.2866784378528563,0.3515090617373353,0.035,0.025,0.9768322496152397,1.1977370537831065,0.0029945741407573223,0.00022555077157448977,0.00022555077157448977,0.0005593536238600302,0.0019936902144848763,0.00078490439543452,0.0023940773777212307,0.002219240986059366,0.1405999554138185,True,0.014687244780361652,7719.35791015625,0.006355589721351862
13,3250,24,blocks.4.attn.k.weight,attn_k,4,70.06758117675781,0.3955154788516473,0.39266600086368,0.3955154788516473,0.3955154788516473,27.712812921102035,27.51315689086914,0.9927955335749816,0.3966891313516398,0.3515090617373353,0.3955154788516473,0.3966891313516398,0.3515090617373353,0.025,0.025,1.00296739966638,0.8887365489662209,0.0008428451837971807,4.061953950440511e-05,4.061953950440511e-05,2.8799820055663153e-05,0.0003648876459485025,6.941935956006826e-05,0.0003854926736167211,0.00040550718545290763,0.29613905662346107,True,0.0032428286504000425,1695.4556884765625,0.001042183954268694
13,3250,25,blocks.4.attn.proj.weight,attn_proj,4,75.64974975585938,0.3663305299824282,0.36428563216373294,0.3663305299824282,0.3663305299824282,27.712812921102035,27.558116912841797,0.9944178886242744,0.3372659239388723,0.3515090617373353,0.3663305299824282,0.3372659239388723,0.3515090617373353,0.03,0.025,0.9206601588872484,0.959540723384961,0.0013296572724357247,2.1680791178368963e-05,2.1680791178368963e-05,0.00011007546530302685,0.0008178242305176682,0.00013175625648139582,0.0008432368640368189,0.0008395050216960372,0.8106942468204199,True,0.004153666086494923,2178.630859375,0.00017208755889441818
13,3250,26,blocks.4.attn.q.weight,attn_q,4,69.38871765136719,0.3993849988746117,0.39637256762512296,0.3993849988746117,0.3993849988746117,27.712812921102035,27.5037841796875,0.9924573249922468,0.39797256277218374,0.3515090617373353,0.3993849988746117,0.39797256277218374,0.3515090617373353,0.025,0.025,0.9964634723226763,0.880125850314405,0.0008000263478606939,4.4497428461909294e-05,4.4497428461909294e-05,2.4710899072883253e-05,0.000333930934036731,6.920832753479255e-05,0.00036029250213287295,0.0003784283624986403,0.2591078168550525,True,0.0030831957701593637,1609.5982666015625,0.0015170337865129113
13,3250,27,blocks.4.attn.v.weight,attn_v,4,73.64608764648438,0.37629715042201506,0.37240037750156446,0.37629715042201506,0.37629715042201506,27.712812921102035,27.425830841064453,0.9896444261773565,0.3383038034056163,0.3515090617373353,0.37629715042201506,0.3383038034056163,0.3515090617373353,0.025,0.025,0.8990336573801064,0.934126291796576,0.0015209675766527653,0.00015631646965630352,0.00015631646965630352,0.0005833335448130233,0.0019483589529707972,0.0007396500144693268,0.0021116864036254375,0.0021046754226271007,0.13211907896839514,True,0.00981983169913292,5148.990234375,0.0034545480739325285
13,3250,28,blocks.4.mlp.fc.weight,mlp_fc,4,146.52859497070312,0.3782580857564754,0.3782003359819062,0.3782580857564754,0.3782580857564754,55.42562584220407,55.41716384887695,0.9998473270585846,0.3807365139676739,0.3515090617373353,0.3782580857564754,0.3807365139676739,0.3515090617373353,0.035,0.0375,1.00655221475634,0.9292836689382464,0.002233396749943495,6.471477536251768e-05,6.471477536251768e-05,0.00015701870125930576,0.0005692107202231576,0.00022173347662182344,0.0006034928460789155,0.0006339254955856753,0.23552664543547927,True,0.007089682854712009,3713.55810546875,0.0008955867378972471
13,3250,29,blocks.4.mlp.proj.weight,mlp_proj,4,94.97303009033203,0.2917966594805225,0.29170708381582566,0.2917966594805225,0.2917966594805225,27.712812921102035,27.70430564880371,0.9996930202530309,0.2866784378528563,0.3515090617373353,0.2917966594805225,0.2866784378528563,0.3515090617373353,0.035,0.025,0.9824596291240001,1.2046370317025463,0.0030831315089017153,0.0001672442740527913,0.0001672442740527913,0.0005435758841927321,0.0019049330378270645,0.0007108201582455234,0.002238513473023848,0.002072177311879856,0.19410668722066027,True,0.011886007152497768,6238.330078125,0.00372059247456491
13,3250,30,blocks.5.attn.k.weight,attn_k,5,70.7282485961914,0.39182099756665434,0.3897653824882829,0.39182099756665434,0.39182099756665434,27.712812921102035,27.56742286682129,0.9947536883139698,0.3966891313516398,0.3515090617373353,0.39182099756665434,0.3966891313516398,0.3515090617373353,0.025,0.025,1.0124243820908483,0.897116448379055,0.0006858542910777032,2.564378701208625e-05,2.564378701208625e-05,2.3759599577528584e-05,0.0003185385074792962,4.9403386589614834e-05,0.00032443789245190487,0.00034418229449138246,0.37814363530715667,True,0.0024810493923723698,1300.6878662109375,0.0005732512217946351
13,3250,31,blocks.5.attn.proj.weight,attn_proj,5,81.53630065917969,0.3398831280921256,0.3379744470122235,0.3398831280921256,0.3398831280921256,27.712812921102035,27.557186126708984,0.9943843017727534,0.3372659239388723,0.3515090617373353,0.3398831280921256,0.3372659239388723,0.3515090617373353,0.03,0.025,0.9922996938155049,1.0342056803774575,0.0013282736763358116,2.2722479116055183e-05,2.2722479116055183e-05,0.00010378342180148977,0.0007598820586129946,0.00012650590091754495,0.000785351697228852,0.0007826045377290498,0.7169367611645967,True,0.004159938078373671,2183.79345703125,0.00017285108333453536
13,3250,32,blocks.5.attn.q.weight,attn_q,5,69.97748565673828,0.39602470224555014,0.39342188022815183,0.39602470224555014,0.39602470224555014,27.712812921102035,27.53067398071289,0.9934276271085258,0.39797256277218374,0.3515090617373353,0.39602470224555014,0.39797256277218374,0.3515090617373353,0.025,0.025,1.004918532898551,0.8875937782269615,0.0006568513344973326,1.696464096312411e-05,1.696464096312411e-05,1.6320650896100032e-05,0.00025624546773862403,3.328529185922414e-05,0.00025723680876589376,0.00027321010870174815,0.5533043440806811,True,0.002408413914963603,1263.0111083984375,0.00045685379882343113
13,3250,33,blocks.5.attn.v.weight,attn_v,5,80.34064483642578,0.34494138026307297,0.34111766219146433,0.34494138026307297,0.34494138026307297,27.712812921102035,27.40561294555664,0.9889148757139887,0.3383038034056163,0.3515090617373353,0.34494138026307297,0.3383038034056163,0.3515090617373353,0.025,0.025,0.9807573772320547,1.0190399930250567,0.0014822040684521198,0.00016935248277150095,0.00016935248277150095,0.0005867785433119917,0.0018673958619268992,0.0007561310260834926,0.0020390689903698597,0.0020367483446984,0.10893843197489336,True,0.009651469066739082,5056.482421875,0.004190525505691767
13,3250,34,blocks.5.mlp.fc.weight,mlp_fc,5,146.60667419433594,0.37805663450719906,0.3780987279890774,0.37805663450719906,0.37805663450719906,55.42562584220407,55.43179702758789,1.0001113417357053,0.3807365139676739,0.3515090617373353,0.37805663450719906,0.3807365139676739,0.3515090617373353,0.035,0.0375,1.0070885661455673,0.9297788470119859,0.0021816715598106384,4.944009560858831e-05,4.944009560858831e-05,0.00013241763500928915,0.00047067394329905845,0.00018185773061787745,0.000495212574502185,0.0005201140389076468,0.30099295210566723,True,0.006523776333779097,3415.367431640625,0.0006742194527760148
13,3250,35,blocks.5.mlp.proj.weight,mlp_proj,5,96.10102844238281,0.2883716581422144,0.2883324941883024,0.2883716581422144,0.2883716581422144,27.712812921102035,27.709049224853516,0.9998641893098605,0.2866784378528563,0.3515090617373353,0.2883716581422144,0.2866784378528563,0.3515090617373353,0.035,0.025,0.9941283401417935,1.218944552324847,0.002787954406812787,4.333559991209768e-05,4.333559991209768e-05,0.00029558456066716265,0.0010915180710042364,0.0003389201605792603,0.0012375758096208665,0.0011348536709163341,0.6694417884577,True,0.006367090158164501,3340.7080078125,0.00038078814395703375
13,3250,36,blocks.6.attn.k.weight,attn_k,6,69.74436950683594,0.397348389799205,0.39503859527295404,0.397348389799205,0.397348389799205,27.712812921102035,27.55171775817871,0.994186979020067,0.3966891313516398,0.3515090617373353,0.397348389799205,0.3966891313516398,0.3515090617373353,0.025,0.025,0.9983408553690167,0.8846369351464239,0.0008587272022850811,2.29099860007409e-05,2.29099860007409e-05,2.232783852414446e-05,0.0002790944858432212,4.523782452488536e-05,0.00028516556901702044,0.0003020044718439621,0.5374291813381964,True,0.002937771612778306,1540.5238037109375,0.0003868394414894283
13,3250,37,blocks.6.attn.proj.weight,attn_proj,6,86.18434143066406,0.32155276075755823,0.3199668007925352,0.32155276075755823,0.32155276075755823,27.712812921102035,27.576128005981445,0.9950678079663104,0.3372659239388723,0.3515090617373353,0.32155276075755823,0.3372659239388723,0.3515090617373353,0.03,0.025,1.0488665161645474,1.0931613863591216,0.0010790089145302773,1.3289740309119225e-05,1.3289740309119225e-05,7.710153272285967e-05,0.000554806780955614,9.03912730319789e-05,0.0005694317947781269,0.0005680965212647332,0.9420634854316697,True,0.003296246286481619,1730.72802734375,9.167151438305154e-05
13,3250,38,blocks.6.attn.q.weight,attn_q,6,66.915771484375,0.41414471217107685,0.4119663076869692,0.41414471217107685,0.41414471217107685,27.712812921102035,27.56704330444336,0.9947399920364028,0.39797256277218374,0.3515090617373353,0.41414471217107685,0.39797256277218374,0.3515090617373353,0.025,0.025,0.9609504868138636,0.8487590240971912,0.000779906171374023,1.672513099038042e-05,1.672513099038042e-05,1.4599411915148617e-05,0.00023426308114718437,3.132454290552904e-05,0.0002369579187150206,0.0002509882121375648,0.6968580795062465,True,0.002614520490169525,1371.913818359375,0.00044088708818890154
13,3250,39,blocks.6.attn.v.weight,attn_v,6,86.84346008300781,0.31911226124124054,0.3150105211870632,0.31911226124124054,0.31911226124124054,27.712812921102035,27.356603622436523,0.9871464040954762,0.3383038034056163,0.3515090617373353,0.31911226124124054,0.3383038034056163,0.3515090617373353,0.025,0.025,1.0601404098035188,1.101521641224571,0.0013149746228009462,0.00014465267304331064,0.00014465267304331064,0.000504095935993887,0.0016231324083195336,0.0006487486090371976,0.0017642853932075672,0.0017677850813628442,0.10467760791085245,True,0.009557156823575497,5019.46435546875,0.0034545029047876596
13,3250,40,blocks.6.mlp.fc.weight,mlp_fc,6,147.16151428222656,0.37663125520649865,0.37652183235889425,0.37663125520649865,0.37663125520649865,55.42562584220407,55.409523010253906,0.9997094695512143,0.3807365139676739,0.3515090617373353,0.37663125520649865,0.3807365139676739,0.3515090617373353,0.035,0.0375,1.01089994179831,0.9332976402731383,0.002222214126959443,4.320390144130215e-05,4.320390144130215e-05,0.00012562409036657063,0.0004114941903660818,0.00016882799180787278,0.0004328582145862835,0.000454698091807384,0.349517310148904,True,0.006384562700986862,3354.446044921875,0.0005244375206530094
13,3250,41,blocks.6.mlp.proj.weight,mlp_proj,6,96.67737579345703,0.2866525150652423,0.28669137606430795,0.2866525150652423,0.2866525150652423,27.712812921102035,27.716569900512695,1.0001355683171302,0.2866784378528563,0.3515090617373353,0.2866525150652423,0.2866784378528563,0.3515090617373353,0.035,0.025,1.0000904327931959,1.226254936773646,0.0029284139163792133,4.534891922958195e-05,4.534891922958195e-05,0.00028771102683017085,0.0010121942225311223,0.0003330599460597528,0.0011523137505984665,0.0010575431417607043,0.6679449448122783,True,0.006549583747982979,3437.12255859375,0.0003341577248647809
13,3250,42,blocks.7.attn.k.weight,attn_k,7,69.24213409423828,0.4002304851462984,0.3979857487655172,0.4002304851462984,0.4002304851462984,27.712812921102035,27.557382583618164,0.9943913908008408,0.3966891313516398,0.3515090617373353,0.4002304851462984,0.3966891313516398,0.3515090617373353,0.025,0.025,0.991151714009581,0.8782665858370242,0.0006524231866933405,1.7118709365604445e-05,1.7118709365604445e-05,1.494358927216471e-05,0.00018785160150981998,3.2062298637769156e-05,0.00019352659750660413,0.00020497031087542443,0.5504120380453573,True,0.0022628174629062414,1185.370361328125,0.0002857671061065048
13,3250,43,blocks.7.attn.proj.weight,attn_proj,7,87.01797485351562,0.31847228078742634,0.3165649697254475,0.31847228078742634,0.31847228078742634,27.712812921102035,27.546842575073242,0.9940110610026738,0.3372659239388723,0.3515090617373353,0.31847228078742634,0.3372659239388723,0.3515090617373353,0.03,0.025,1.0590118647217222,1.1037351849530677,0.0011065717553719878,1.444144709239481e-05,1.444144709239481e-05,7.487901001787673e-05,0.000543749239290091,8.932045711027154e-05,0.0005581446485038134,0.0005581906863824859,0.880561910103366,True,0.0034911148250102997,1831.63916015625,9.909846994560212e-05
13,3250,44,blocks.7.attn.q.weight,attn_q,7,67.2977523803711,0.41179403384035007,0.4092918018907639,0.41179403384035007,0.41179403384035007,27.712812921102035,27.544418334960938,0.993923583772585,0.39797256277218374,0.3515090617373353,0.41179403384035007,0.39797256277218374,0.3515090617373353,0.025,0.025,0.9664359608630833,0.8536040662347555,0.0006424114690162241,1.7345537344226614e-05,1.7345537344226614e-05,1.1805743485735738e-05,0.00015064017734935946,2.9151280829962352e-05,0.00015920736089142687,0.00016798571469358608,0.550332255122501,True,0.0021904215682297945,1151.214599609375,0.0005531339556910098
13,3250,45,blocks.7.attn.v.weight,attn_v,7,88.6298828125,0.3126802387827769,0.30918719596008776,0.3126802387827769,0.3126802387827769,27.712812921102035,27.40322494506836,0.9888287061686929,0.3383038034056163,0.3515090617373353,0.3126802387827769,0.3383038034056163,0.3515090617373353,0.025,0.025,1.0819481420462915,1.124180610535907,0.001211359165608883,9.82364799710922e-05,9.82364799710922e-05,0.0004137192158213685,0.0013429539659755609,0.0005119556957924607,0.0014349769668829655,0.001441190445946653,0.1391297363899444,True,0.007572591304779053,3988.791748046875,0.0018344984855502844
13,3250,46,blocks.7.mlp.fc.weight,mlp_fc,7,146.18191528320312,0.3791551488077451,0.37922207708457767,0.3791551488077451,0.3791551488077451,55.42562584220407,55.43540954589844,1.0001765194988004,0.3807365139676739,0.3515090617373353,0.3791551488077451,0.3807365139676739,0.3515090617373353,0.035,0.0375,1.0041707600830463,0.927085027969835,0.002186096739023924,3.8515107007697225e-05,3.8515107007697225e-05,0.00011871847562299558,0.00037888893461363016,0.0001572335826306928,0.0003969311241588555,0.0004174040416213274,0.3882796414097433,True,0.00589447608217597,3090.90087890625,0.000401566328946501
13,3250,47,blocks.7.mlp.proj.weight,mlp_proj,7,97.60985565185547,0.28391408568357246,0.2839153116414105,0.28391408568357246,0.28391408568357246,27.712812921102035,27.712932586669922,1.0000043180592395,0.2866784378528563,0.3515090617373353,0.28391408568357246,0.2866784378528563,0.3515090617373353,0.035,0.025,1.0097365798622784,1.238082502638135,0.002919146791100502,4.4728967623086646e-05,4.4728967623086646e-05,0.00028127153104017395,0.0009256871994735179,0.0003260004986632606,0.0010547996971629755,0.0009704161670966046,0.6686108029143216,True,0.006491688080132008,3404.76611328125,0.00029990129405632615
13,3250,48,blocks.8.attn.k.weight,attn_k,8,68.90937805175781,0.40216315550384085,0.3999479633174545,0.40216315550384085,0.40216315550384085,27.712812921102035,27.560165405273438,0.9944918072278269,0.3966891313516398,0.3515090617373353,0.40216315550384085,0.3966891313516398,0.3515090617373353,0.025,0.025,0.9863885488332639,0.8740459112843276,0.0007145401905290782,2.0076568034710363e-05,2.0076568034710363e-05,1.7918542049326485e-05,0.00023026513998479275,3.799511008403685e-05,0.00023639129042614653,0.0002503417080195031,0.5164863597523445,True,0.0023749342653900385,1244.8883056640625,0.00035157514503225684
13,3250,49,blocks.8.attn.proj.weight,attn_proj,8,93.53792572021484,0.2962735458127966,0.2948807209799023,0.2962735458127966,0.2962735458127966,27.712812921102035,27.582530975341797,0.9952988552215486,0.3372659239388723,0.3515090617373353,0.2962735458127966,0.3372659239388723,0.3515090617373353,0.03,0.025,1.138359899847343,1.186434181199019,0.0010332493111491203,1.0738789569586515e-05,1.0738789569586515e-05,5.8040231840971774e-05,0.00043269206150409656,6.877902141055829e-05,0.0004428066067353495,0.0004434308510736831,1.0286367997592476,True,0.0031272959895431995,1640.6304931640625,8.937340317061171e-05
13,3250,50,blocks.8.attn.q.weight,attn_q,8,67.84970092773438,0.4084441426001053,0.4061580617361798,0.4084441426001053,0.4084441426001053,27.712812921102035,27.557703018188477,0.99440295348743,0.39797256277218374,0.3515090617373353,0.4084441426001053,0.39797256277218374,0.3515090617373353,0.025,0.025,0.9743622720079647,0.8606049764838632,0.0007357924478128552,1.5233485100907274e-05,1.5233485100907274e-05,1.523503391250937e-05,0.00021196672924530968,3.0468519013416643e-05,0.00021447174291295122,0.00022720021434621696,0.7118821707647137,True,0.002423773752525449,1269.283203125,0.0003278765070717782
13,3250,51,blocks.8.attn.v.weight,attn_v,8,95.5838623046875,0.2899319221142519,0.2867812072569997,0.2899319221142519,0.2899319221142519,27.712812921102035,27.41165542602539,0.9891329149468141,0.3383038034056163,0.3515090617373353,0.2899319221142519,0.3383038034056163,0.3515090617373353,0.025,0.025,1.166838756279837,1.2123848218369624,0.0011628108331933618,7.22380937077105e-05,7.22380937077105e-05,0.0002936450612588475,0.0010002955649149547,0.000365883154966558,0.0010636994395578636,0.0010725336586226652,0.16840625455666913,True,0.007446024566888809,3914.084228515625,0.0014904652489349246
13,3250,52,blocks.8.mlp.fc.weight,mlp_fc,8,146.5819854736328,0.37812031037179555,0.3781953056905701,0.37812031037179555,0.37812031037179555,55.42562584220407,55.43661880493164,1.000198337187186,0.3807365139676739,0.3515090617373353,0.37812031037179555,0.3807365139676739,0.3515090617373353,0.035,0.0375,1.0069189713541329,0.9296222712599223,0.0021690241992473602,3.480101440800354e-05,3.480101440800354e-05,0.0001016285641258829,0.00030613953403291536,0.00013642957853388644,0.00032393824315928255,0.0003409405484409189,0.4251986667475995,True,0.005605797749012709,2938.08154296875,0.0003322792472317815
13,3250,53,blocks.8.mlp.proj.weight,mlp_proj,8,98.62496948242188,0.2809918529408655,0.28100985288743285,0.2809918529408655,0.2809918529408655,27.712812921102035,27.714588165283203,1.0000640586066172,0.2866784378528563,0.3515090617373353,0.2809918529408655,0.2866784378528563,0.3515090617373353,0.035,0.025,1.0202375437311613,1.2509581970382255,0.0029365860391408205,4.2621664761099964e-05,4.2621664761099964e-05,0.00025598082427886386,0.0007864412475810216,0.0002986024890399638,0.0008992201320925014,0.0008290629123421215,0.6985949455309829,True,0.006430634297430515,3372.55615234375,0.00026021103258244693
13,3250,54,blocks.9.attn.k.weight,attn_k,9,68.98829650878906,0.4017031050704585,0.3992752117405499,0.4017031050704585,0.4017031050704585,27.712812921102035,27.545316696166992,0.9939560005903442,0.3966891313516398,0.3515090617373353,0.4017031050704585,0.3966891313516398,0.3515090617373353,0.025,0.025,0.9875182102016881,0.8750469122604388,0.0006294072372838855,1.9579247236833908e-05,1.9579247236833908e-05,1.5017719616464456e-05,0.0002409327836309124,3.459696685329836e-05,0.00024499402139379294,0.0002605120308677463,0.4659725361107561,True,0.0021531882230192423,1128.6611328125,0.0003559649339877069
13,3250,55,blocks.9.attn.proj.weight,attn_proj,9,92.7840805053711,0.2986806871411286,0.29684244693967765,0.2986806871411286,0.2986806871411286,27.712812921102035,27.542253494262695,0.9938454668125924,0.3372659239388723,0.3515090617373353,0.2986806871411286,0.3372659239388723,0.3515090617373353,0.03,0.025,1.1291855766339252,1.176872415494494,0.0010260510025545955,1.241432073584292e-05,1.241432073584292e-05,5.69333045372584e-05,0.0004216734916964049,6.934762527310132e-05,0.00043259000920802963,0.0004340878124322478,0.8907842286210629,True,0.003482043044641614,1827.9132080078125,0.00015569195966236293
13,3250,56,blocks.9.attn.q.weight,attn_q,9,68.19445037841797,0.40637929871596307,0.40386885413166423,0.40637929871596307,0.40637929871596307,27.712812921102035,27.541614532470703,0.9938224102649293,0.39797256277218374,0.3515090617373353,0.40637929871596307,0.39797256277218374,0.3515090617373353,0.025,0.025,0.9793130802421726,0.864977775314832,0.000629336922429502,1.285452253796393e-05,1.285452253796393e-05,9.114973613536985e-06,0.00017810000854982385,2.1969496151500915e-05,0.00017959145472187522,0.00019095453108778778,0.7179235975771644,True,0.002107965759932995,1103.3052978515625,0.00030117493588477373
13,3250,57,blocks.9.attn.v.weight,attn_v,9,94.59131622314453,0.2929741759352037,0.29001883972065806,0.2929741759352037,0.2929741759352037,27.712812921102035,27.433263778686523,0.9899126392109172,0.3383038034056163,0.3515090617373353,0.2929741759352037,0.3383038034056163,0.3515090617373353,0.025,0.025,1.154722262894727,1.1997953765559106,0.0010975529439747334,5.844590486958623e-05,5.844590486958623e-05,0.00024736572566013613,0.0008636453562434924,0.00030581163052972236,0.0009138876297231154,0.0009220912611130786,0.19852724850590261,True,0.006113152485340834,3214.046630859375,0.0010778337018564343
13,3250,58,blocks.9.mlp.fc.weight,mlp_fc,9,146.83717346191406,0.37746317594829015,0.37760127405651195,0.37746317594829015,0.37746317594829015,55.42562584220407,55.44590377807617,1.000365858491699,0.3807365139676739,0.3515090617373353,0.37746317594829015,0.3807365139676739,0.3515090617373353,0.035,0.0375,1.0086719400141755,0.9312406722967054,0.002223995514214039,3.4167525882367045e-05,3.4167525882367045e-05,9.539507449969034e-05,0.0003024626025382096,0.0001295626003820574,0.00031939469230041667,0.00033663012842057667,0.4432863505141863,True,0.005670362617820501,2971.88671875,0.0003342566196806729
13,3250,59,blocks.9.mlp.proj.weight,mlp_proj,9,99.88597106933594,0.2774444962032272,0.277396504834077,0.2774444962032272,0.2774444962032272,27.712812921102035,27.708019256591797,0.9998270235315381,0.2866784378528563,0.3515090617373353,0.2774444962032272,0.2866784378528563,0.3515090617373353,0.035,0.025,1.0332821222838937,1.266952729456403,0.0030365849379450083,4.499141141423024e-05,4.499141141423024e-05,0.00024784110643535516,0.0007350750325563246,0.0002928325178495854,0.000844981428531432,0.0007800664439705548,0.6756959563116418,True,0.0067124562337994576,3519.561279296875,0.00028490324621088803
13,3250,60,blocks.10.attn.k.weight,attn_k,10,67.82418060302734,0.4085978286019289,0.4063140934533039,0.4085978286019289,0.4085978286019289,27.712812921102035,27.557920455932617,0.994410799596187,0.3966891313516398,0.3515090617373353,0.4085978286019289,0.3966891313516398,0.3515090617373353,0.025,0.025,0.9708547221334086,0.8602812769222727,0.0005754136363975704,1.7719887182465754e-05,1.7719887182465754e-05,1.0778559981052885e-05,0.00020008556087094,2.849844716351864e-05,0.00020519821708341298,0.00021780544805340574,0.4787785019884409,True,0.0019633693154901266,1029.383544921875,0.00028912737616337836
13,3250,61,blocks.10.attn.proj.weight,attn_proj,10,92.33905792236328,0.30012016090095245,0.29799278116741185,0.30012016090095245,0.30012016090095245,27.712812921102035,27.516372680664062,0.9929115733939664,0.3372659239388723,0.3515090617373353,0.30012016090095245,0.3372659239388723,0.3515090617373353,0.03,0.025,1.1237696358898692,1.1712277531843072,0.0009233799064531922,1.1566251487238333e-05,1.1566251487238333e-05,5.150219909983942e-05,0.0003909028054103046,6.306845058707775e-05,0.000400704137282314,0.0004024690568975429,0.8645743548484887,True,0.0034472362603992224,1806.98095703125,0.0001660344423726201
13,3250,62,blocks.10.attn.q.weight,attn_q,10,68.3443832397461,0.40548779003371677,0.40313391832025075,0.40548779003371677,0.40548779003371677,27.712812921102035,27.551939010620117,0.9941949627798549,0.39797256277218374,0.3515090617373353,0.40548779003371677,0.39797256277218374,0.3515090617373353,0.025,0.025,0.9814662057742648,0.8668795223355725,0.0005773114389739931,1.6591144230915233e-05,1.6591144230915233e-05,6.869574148896024e-06,0.00018710654623790743,2.3460718379811257e-05,0.00019146440521901993,0.00020369769046882266,0.5091327047501146,True,0.002046973444521427,1071.003173828125,0.0005362991360016167
13,3250,63,blocks.10.attn.v.weight,attn_v,10,94.98324584960938,0.2917652757938047,0.28895761999298636,0.2917652757938047,0.2917652757938047,27.712812921102035,27.44613265991211,0.9903770049634023,0.3383038034056163,0.3515090617373353,0.2917652757938047,0.3383038034056163,0.3515090617373353,0.025,0.025,1.1595067387138323,1.204766608298352,0.0009342718403786421,3.9708440453978255e-05,3.9708440453978255e-05,0.00017993221938418543,0.0006470455749777657,0.00021964065983816369,0.0006807193154718215,0.0006867540154317439,0.24770993308456477,True,0.004967433866113424,2604.2314453125,0.0007207632879726589
13,3250,64,blocks.10.mlp.fc.weight,mlp_fc,10,146.34689331054688,0.37872772416556433,0.3786442796833252,0.37872772416556433,0.37872772416556433,55.42562584220407,55.413414001464844,0.9997796715769346,0.3807365139676739,0.3515090617373353,0.37872772416556433,0.3807365139676739,0.3515090617373353,0.035,0.0375,1.0053040474038055,0.9281313178532181,0.002301004948094487,4.8905825678957626e-05,4.8905825678957626e-05,9.688889408697118e-05,0.0002923933100159328,0.0001457947197659288,0.000323929176454645,0.0003412991356948904,0.321494427398078,True,0.005714482627809048,2995.35400390625,0.0005900231772102416
13,3250,65,blocks.10.mlp.proj.weight,mlp_proj,10,101.15589141845703,0.27396143252260957,0.2738580615527658,0.27396143252260957,0.27396143252260957,27.712812921102035,27.702356338500977,0.9996226805762797,0.2866784378528563,0.3515090617373353,0.27396143252260957,0.2866784378528563,0.3515090617373353,0.035,0.025,1.0464189620164772,1.2830603873715907,0.003259834833443165,5.5872646044008434e-05,5.5872646044008434e-05,0.00025677037310301953,0.0007086294416292315,0.00031264301914702797,0.0008253622398495242,0.0007645020876732399,0.5767733363801961,True,0.007380140479654074,3867.798095703125,0.00033621664624661207
13,3250,66,blocks.11.attn.k.weight,attn_k,11,68.5136489868164,0.4044860160117091,0.40269195490845355,0.4044860160117091,0.4044860160117091,27.712812921102035,27.589895248413086,0.9955645905365546,0.3966891313516398,0.3515090617373353,0.4044860160117091,0.3966891313516398,0.3515090617373353,0.025,0.025,0.9807239698001239,0.8690264874995328,0.0005802494124509394,1.0635846592776943e-05,1.0635846592776943e-05,1.1996688864839437e-05,0.0001755157320981031,2.263253545761638e-05,0.0001747584538979376,0.00018615157869088003,0.7962795207888584,True,0.0019716154783964157,1034.0277099609375,0.00021563662448897958
13,3250,67,blocks.11.attn.proj.weight,attn_proj,11,97.1075439453125,0.2853826983484301,0.2831695746726893,0.2853826983484301,0.2853826983484301,27.712812921102035,27.497901916503906,0.9922450671027161,0.3372659239388723,0.3515090617373353,0.2853826983484301,0.3372659239388723,0.3515090617373353,0.03,0.025,1.1818022812549651,1.2317111856170413,0.0009622130310162902,2.026975926128216e-05,2.026975926128216e-05,5.235843546912016e-05,0.0004304904217012145,7.262819473040232e-05,0.00044714858611013625,0.00045076018096249664,0.4888433069735604,True,0.00465738819912076,2437.521240234375,0.0005456411163322628
13,3250,68,blocks.11.attn.q.weight,attn_q,11,68.35049438476562,0.4054515358016026,0.40342020994691136,0.4054515358016026,0.4054515358016026,27.712812921102035,27.573970794677734,0.9949899663083793,0.39797256277218374,0.3515090617373353,0.4054515358016026,0.39797256277218374,0.3515090617373353,0.025,0.025,0.9815539654705402,0.8669570360422493,0.000573829049244523,7.333028406719677e-06,7.333028406719677e-06,7.693264313259538e-06,0.00014014495027211315,1.5026292719979215e-05,0.000138364015128294,0.00014747797867883282,1.1448734983852404,True,0.0019355292897671461,1015.43994140625,0.0001517278578830883
13,3250,69,blocks.11.attn.v.weight,attn_v,11,99.40733337402344,0.27878036740842493,0.27648296352942325,0.27878036740842493,0.27878036740842493,27.712812921102035,27.484434127807617,0.9917590901383916,0.3383038034056163,0.3515090617373353,0.27878036740842493,0.3383038034056163,0.3515090617373353,0.025,0.025,1.2135137296450542,1.2608816933739089,0.0009472721721976995,3.278316944488324e-05,3.278316944488324e-05,0.00012364928981284932,0.0004833738297453766,0.00015643245925773256,0.0005101030933186845,0.0005161569991902599,0.2906734846016931,True,0.004531184211373329,2374.383056640625,0.0005344279343262315
13,3250,70,blocks.11.mlp.fc.weight,mlp_fc,11,143.87367248535156,0.38523813901982107,0.3853437382177437,0.38523813901982107,0.38523813901982107,55.42562584220407,55.440818786621094,1.0002741140796547,0.3807365139676739,0.3515090617373353,0.38523813901982107,0.3807365139676739,0.3515090617373353,0.035,0.0375,0.9883146952594027,0.9124461628635623,0.0025472063571214676,8.99680599104613e-05,8.99680599104613e-05,8.789439847077096e-05,0.00034239946964003445,0.00017786245838123226,0.00040931956285472995,0.00043236752955049575,0.19678611194872755,True,0.0064307525753974915,3362.576416015625,0.0023010012228041887
13,3250,71,blocks.11.mlp.proj.weight,mlp_proj,11,102.85494995117188,0.2694358699727926,0.26933611662405227,0.2694358699727926,0.2694358699727926,27.712812921102035,27.702552795410156,0.9996297696043671,0.2866784378528563,0.3515090617373353,0.2694358699727926,0.2866784378528563,0.3515090617373353,0.035,0.025,1.063995071932348,1.304611230022307,0.0041007185354828835,0.00035574048524722457,0.00035574048524722457,0.0003938091612329084,0.0012572857719130625,0.000749549646480133,0.0017308913546163456,0.001613026257160287,0.11207312220246031,True,0.014078496024012566,7324.951171875,0.011411350220441818
