logfile: ../../../../records/track_3_optimization/results/iclr_code/runs/random5_shared_uwfloor_c0p35_wdfree_20260909T042915Z/plain_muon_shared_uwfloor_c0p35_wdfree/seed1490436515/raw/seed1490436515_plain_muon_shared_uwfloor_c0p35_wdfree_loss_only.txt
val_loss_file: ../../../../records/track_3_optimization/results/iclr_code/runs/random5_shared_uwfloor_c0p35_wdfree_20260909T042915Z/plain_muon_shared_uwfloor_c0p35_wdfree/seed1490436515/raw/seed1490436515_plain_muon_shared_uwfloor_c0p35_wdfree_loss_only_val_loss.jsonl
scheme:plain_muon opt_mode:plain rho:0.0 ns_steps:12 momentum:0.95 nesterov:True scale_ema_beta:0.9 interval:5
matrix_lr_base:0.035 matrix_weight_decay_base:0.0 weight_decay_mode:decoupled zero_init_trust_floor_scale:1.0
matrix_group:q/k/v initial_lr:0.035 weight_decay:0.0
matrix_group:attn.proj initial_lr:0.035 weight_decay:0.0
matrix_group:mlp.fc initial_lr:0.035 weight_decay:0.0
matrix_group:mlp.proj initial_lr:0.035 weight_decay:0.0
uw_floor_mode:fixed uw_floor_c:0.35 uw_floor_calibration_step:400 uw_floor_eps:1e-12
schedule_cooldown_frac:0.7 previous_muonl_experiment_cooldown_frac:0.7
validation_frequency early:125 mid:25@3000 late:10@3200
seed:1490436515 train_steps:3300 schedule_steps:3300 diag_freq:250
batch_tokens:524288 train_microbatches:8 train_microbatch_sequences:64 val_tokens:10485760
save_log:True save_diag:False save_orscale_state:False orscale_state_freq:250
save_weight_norms:False weight_norm_freq:1 save_uw_floor_summary:False uw_floor_summary_freq:1 save_val_loss_jsonl:True
step:S val_loss is after S optimizer updates
step:0/3300 val_loss:10.82583 train_time:0.000s step_avg:nanms
step:1/3300 train_loss:10.82584 train_time:3.614s step_avg:3614.20ms
step:2/3300 train_loss:10.43132 train_time:4.753s step_avg:2376.42ms
step:3/3300 train_loss:9.09516 train_time:5.972s step_avg:1990.66ms
step:4/3300 train_loss:7.93342 train_time:7.175s step_avg:1793.87ms
step:5/3300 train_loss:7.29687 train_time:8.375s step_avg:1675.04ms
step:6/3300 train_loss:6.93478 train_time:9.572s step_avg:1595.39ms
step:7/3300 train_loss:6.90286 train_time:10.793s step_avg:1541.91ms
step:8/3300 train_loss:6.69805 train_time:12.001s step_avg:1500.17ms
step:9/3300 train_loss:6.78346 train_time:13.203s step_avg:1466.95ms
step:10/3300 train_loss:6.60761 train_time:14.408s step_avg:1440.84ms
step:11/3300 train_loss:6.55681 train_time:15.640s step_avg:1421.78ms
step:12/3300 train_loss:6.46931 train_time:16.838s step_avg:1403.14ms
step:13/3300 train_loss:6.44875 train_time:18.031s step_avg:1387.01ms
step:14/3300 train_loss:6.35546 train_time:19.235s step_avg:1373.93ms
step:15/3300 train_loss:6.35652 train_time:20.433s step_avg:1362.18ms
step:16/3300 train_loss:6.25104 train_time:21.661s step_avg:1353.83ms
step:17/3300 train_loss:6.26014 train_time:22.877s step_avg:1345.68ms
step:18/3300 train_loss:6.27814 train_time:24.122s step_avg:1340.13ms
step:19/3300 train_loss:6.27641 train_time:25.328s step_avg:1333.03ms
step:20/3300 train_loss:6.11288 train_time:26.549s step_avg:1327.46ms
step:21/3300 train_loss:6.14563 train_time:27.780s step_avg:1322.88ms
step:22/3300 train_loss:6.19313 train_time:28.973s step_avg:1316.94ms
step:23/3300 train_loss:6.05407 train_time:30.176s step_avg:1312.00ms
step:24/3300 train_loss:6.10679 train_time:31.392s step_avg:1308.01ms
step:25/3300 train_loss:6.00070 train_time:32.602s step_avg:1304.07ms
step:26/3300 train_loss:6.03195 train_time:33.802s step_avg:1300.09ms
step:27/3300 train_loss:6.01280 train_time:35.006s step_avg:1296.50ms
step:28/3300 train_loss:5.91040 train_time:36.215s step_avg:1293.40ms
step:29/3300 train_loss:5.96274 train_time:37.428s step_avg:1290.61ms
step:30/3300 train_loss:5.87207 train_time:38.638s step_avg:1287.93ms
step:31/3300 train_loss:5.92556 train_time:39.837s step_avg:1285.06ms
step:32/3300 train_loss:5.81129 train_time:41.042s step_avg:1282.56ms
step:33/3300 train_loss:5.80949 train_time:42.254s step_avg:1280.43ms
step:34/3300 train_loss:5.79235 train_time:43.465s step_avg:1278.38ms
step:35/3300 train_loss:5.86152 train_time:44.667s step_avg:1276.20ms
step:36/3300 train_loss:5.74514 train_time:45.884s step_avg:1274.55ms
step:37/3300 train_loss:5.74645 train_time:47.090s step_avg:1272.69ms
step:38/3300 train_loss:5.71921 train_time:48.315s step_avg:1271.46ms
step:39/3300 train_loss:5.71649 train_time:49.519s step_avg:1269.71ms
step:40/3300 train_loss:5.62895 train_time:50.717s step_avg:1267.94ms
step:41/3300 train_loss:5.65351 train_time:51.927s step_avg:1266.51ms
step:42/3300 train_loss:5.58151 train_time:53.147s step_avg:1265.40ms
step:43/3300 train_loss:5.66364 train_time:54.366s step_avg:1264.32ms
step:44/3300 train_loss:5.54980 train_time:55.570s step_avg:1262.96ms
step:45/3300 train_loss:5.54247 train_time:56.781s step_avg:1261.79ms
step:46/3300 train_loss:5.56785 train_time:57.980s step_avg:1260.43ms
step:47/3300 train_loss:5.50903 train_time:59.185s step_avg:1259.25ms
step:48/3300 train_loss:5.50719 train_time:60.389s step_avg:1258.09ms
step:49/3300 train_loss:5.47383 train_time:61.604s step_avg:1257.23ms
step:50/3300 train_loss:5.47339 train_time:62.825s step_avg:1256.51ms
step:51/3300 train_loss:5.39624 train_time:64.053s step_avg:1255.94ms
step:52/3300 train_loss:5.46220 train_time:65.260s step_avg:1255.00ms
step:53/3300 train_loss:5.43290 train_time:66.462s step_avg:1254.00ms
step:54/3300 train_loss:5.42408 train_time:67.699s step_avg:1253.68ms
step:55/3300 train_loss:5.39805 train_time:68.897s step_avg:1252.68ms
step:56/3300 train_loss:5.33847 train_time:70.100s step_avg:1251.78ms
step:57/3300 train_loss:5.32108 train_time:71.301s step_avg:1250.89ms
step:58/3300 train_loss:5.33150 train_time:72.499s step_avg:1249.98ms
step:59/3300 train_loss:5.28951 train_time:73.710s step_avg:1249.32ms
step:60/3300 train_loss:5.29210 train_time:74.917s step_avg:1248.61ms
step:61/3300 train_loss:5.28412 train_time:76.132s step_avg:1248.06ms
step:62/3300 train_loss:5.27845 train_time:77.334s step_avg:1247.33ms
step:63/3300 train_loss:5.23069 train_time:78.538s step_avg:1246.63ms
step:64/3300 train_loss:5.23116 train_time:79.741s step_avg:1245.95ms
step:65/3300 train_loss:5.18197 train_time:80.966s step_avg:1245.63ms
step:66/3300 train_loss:5.22910 train_time:82.181s step_avg:1245.17ms
step:67/3300 train_loss:5.19199 train_time:83.396s step_avg:1244.72ms
step:68/3300 train_loss:5.29389 train_time:84.605s step_avg:1244.19ms
step:69/3300 train_loss:5.17286 train_time:85.805s step_avg:1243.55ms
step:70/3300 train_loss:5.16855 train_time:87.003s step_avg:1242.90ms
step:71/3300 train_loss:5.14030 train_time:88.204s step_avg:1242.31ms
step:72/3300 train_loss:5.14140 train_time:89.417s step_avg:1241.90ms
step:73/3300 train_loss:5.12525 train_time:90.620s step_avg:1241.37ms
step:74/3300 train_loss:5.14495 train_time:91.830s step_avg:1240.95ms
step:75/3300 train_loss:5.09997 train_time:93.040s step_avg:1240.53ms
step:76/3300 train_loss:5.06161 train_time:94.254s step_avg:1240.19ms
step:77/3300 train_loss:5.13575 train_time:95.466s step_avg:1239.81ms
step:78/3300 train_loss:5.11336 train_time:96.665s step_avg:1239.29ms
step:79/3300 train_loss:4.92041 train_time:97.873s step_avg:1238.90ms
step:80/3300 train_loss:5.03152 train_time:99.073s step_avg:1238.41ms
step:81/3300 train_loss:4.98523 train_time:100.295s step_avg:1238.21ms
step:82/3300 train_loss:5.17651 train_time:101.504s step_avg:1237.86ms
step:83/3300 train_loss:5.05058 train_time:102.706s step_avg:1237.42ms
step:84/3300 train_loss:5.02896 train_time:103.906s step_avg:1236.98ms
step:85/3300 train_loss:4.98212 train_time:105.131s step_avg:1236.84ms
step:86/3300 train_loss:5.01321 train_time:106.338s step_avg:1236.48ms
step:87/3300 train_loss:5.00241 train_time:107.549s step_avg:1236.20ms
step:88/3300 train_loss:4.99167 train_time:108.750s step_avg:1235.80ms
step:89/3300 train_loss:4.98301 train_time:109.953s step_avg:1235.43ms
step:90/3300 train_loss:4.93837 train_time:111.163s step_avg:1235.15ms
step:91/3300 train_loss:4.95353 train_time:112.364s step_avg:1234.77ms
step:92/3300 train_loss:4.94268 train_time:113.572s step_avg:1234.48ms
step:93/3300 train_loss:4.92044 train_time:114.782s step_avg:1234.22ms
step:94/3300 train_loss:4.94854 train_time:115.989s step_avg:1233.93ms
step:95/3300 train_loss:4.92781 train_time:117.181s step_avg:1233.48ms
step:96/3300 train_loss:4.86979 train_time:118.378s step_avg:1233.10ms
step:97/3300 train_loss:4.95949 train_time:119.576s step_avg:1232.75ms
step:98/3300 train_loss:4.90684 train_time:120.797s step_avg:1232.63ms
step:99/3300 train_loss:4.88618 train_time:122.004s step_avg:1232.36ms
step:100/3300 train_loss:4.84040 train_time:123.202s step_avg:1232.02ms
step:101/3300 train_loss:4.80929 train_time:124.405s step_avg:1231.73ms
step:102/3300 train_loss:4.81947 train_time:125.605s step_avg:1231.42ms
step:103/3300 train_loss:4.83969 train_time:126.806s step_avg:1231.12ms
step:104/3300 train_loss:4.93432 train_time:128.001s step_avg:1230.78ms
step:105/3300 train_loss:4.85953 train_time:129.203s step_avg:1230.50ms
step:106/3300 train_loss:4.89613 train_time:130.416s step_avg:1230.34ms
step:107/3300 train_loss:4.84503 train_time:131.631s step_avg:1230.19ms
step:108/3300 train_loss:4.76526 train_time:132.838s step_avg:1229.98ms
step:109/3300 train_loss:4.83037 train_time:134.058s step_avg:1229.89ms
step:110/3300 train_loss:4.87682 train_time:135.274s step_avg:1229.77ms
step:111/3300 train_loss:4.77785 train_time:136.479s step_avg:1229.54ms
step:112/3300 train_loss:4.83043 train_time:137.707s step_avg:1229.53ms
step:113/3300 train_loss:4.85173 train_time:138.925s step_avg:1229.43ms
step:114/3300 train_loss:4.78380 train_time:140.121s step_avg:1229.13ms
step:115/3300 train_loss:4.81905 train_time:141.325s step_avg:1228.91ms
step:116/3300 train_loss:4.79837 train_time:142.540s step_avg:1228.79ms
step:117/3300 train_loss:4.74350 train_time:143.750s step_avg:1228.63ms
step:118/3300 train_loss:4.74881 train_time:144.947s step_avg:1228.37ms
step:119/3300 train_loss:4.73414 train_time:146.149s step_avg:1228.14ms
step:120/3300 train_loss:4.70523 train_time:147.410s step_avg:1228.42ms
step:121/3300 train_loss:4.71125 train_time:148.606s step_avg:1228.15ms
step:122/3300 train_loss:4.65351 train_time:149.810s step_avg:1227.95ms
step:123/3300 train_loss:4.70853 train_time:151.025s step_avg:1227.85ms
step:124/3300 train_loss:4.67509 train_time:152.231s step_avg:1227.67ms
step:125/3300 train_loss:4.68744 train_time:153.433s step_avg:1227.47ms
step:125/3300 val_loss:4.68713 train_time:153.434s step_avg:1227.47ms
step:126/3300 train_loss:4.67112 train_time:154.641s step_avg:1227.31ms
step:127/3300 train_loss:4.74945 train_time:155.842s step_avg:1227.10ms
step:128/3300 train_loss:4.66718 train_time:157.046s step_avg:1226.92ms
step:129/3300 train_loss:4.75304 train_time:158.264s step_avg:1226.86ms
step:130/3300 train_loss:4.61210 train_time:159.474s step_avg:1226.72ms
step:131/3300 train_loss:4.66860 train_time:160.676s step_avg:1226.54ms
step:132/3300 train_loss:4.65564 train_time:161.883s step_avg:1226.39ms
step:133/3300 train_loss:4.61929 train_time:163.094s step_avg:1226.27ms
step:134/3300 train_loss:4.62962 train_time:164.297s step_avg:1226.10ms
step:135/3300 train_loss:4.66611 train_time:165.496s step_avg:1225.89ms
step:136/3300 train_loss:4.58889 train_time:166.696s step_avg:1225.70ms
step:137/3300 train_loss:4.63258 train_time:167.894s step_avg:1225.50ms
step:138/3300 train_loss:4.62817 train_time:169.104s step_avg:1225.39ms
step:139/3300 train_loss:4.59834 train_time:170.323s step_avg:1225.35ms
step:140/3300 train_loss:4.64180 train_time:171.535s step_avg:1225.25ms
step:141/3300 train_loss:4.57223 train_time:172.749s step_avg:1225.17ms
step:142/3300 train_loss:4.66540 train_time:173.959s step_avg:1225.06ms
step:143/3300 train_loss:4.58438 train_time:175.154s step_avg:1224.85ms
step:144/3300 train_loss:4.59004 train_time:176.369s step_avg:1224.78ms
step:145/3300 train_loss:4.56024 train_time:177.571s step_avg:1224.62ms
step:146/3300 train_loss:4.49094 train_time:178.778s step_avg:1224.51ms
step:147/3300 train_loss:4.53602 train_time:179.979s step_avg:1224.35ms
step:148/3300 train_loss:4.56786 train_time:181.175s step_avg:1224.16ms
step:149/3300 train_loss:4.58579 train_time:182.379s step_avg:1224.02ms
step:150/3300 train_loss:4.56939 train_time:183.575s step_avg:1223.84ms
step:151/3300 train_loss:4.52586 train_time:184.771s step_avg:1223.65ms
step:152/3300 train_loss:4.43290 train_time:185.979s step_avg:1223.55ms
step:153/3300 train_loss:4.47150 train_time:187.176s step_avg:1223.37ms
step:154/3300 train_loss:4.49290 train_time:188.374s step_avg:1223.21ms
step:155/3300 train_loss:4.53637 train_time:189.580s step_avg:1223.09ms
step:156/3300 train_loss:4.53499 train_time:190.777s step_avg:1222.93ms
step:157/3300 train_loss:4.54082 train_time:191.978s step_avg:1222.79ms
step:158/3300 train_loss:4.44242 train_time:193.175s step_avg:1222.63ms
step:159/3300 train_loss:4.46682 train_time:194.376s step_avg:1222.49ms
step:160/3300 train_loss:4.45976 train_time:195.577s step_avg:1222.36ms
step:161/3300 train_loss:4.47904 train_time:196.773s step_avg:1222.19ms
step:162/3300 train_loss:4.46826 train_time:197.966s step_avg:1222.01ms
step:163/3300 train_loss:4.42857 train_time:199.196s step_avg:1222.06ms
step:164/3300 train_loss:4.46464 train_time:200.411s step_avg:1222.02ms
step:165/3300 train_loss:4.41970 train_time:201.621s step_avg:1221.95ms
step:166/3300 train_loss:4.46773 train_time:202.825s step_avg:1221.84ms
step:167/3300 train_loss:4.37999 train_time:204.070s step_avg:1221.98ms
step:168/3300 train_loss:4.41427 train_time:205.294s step_avg:1221.99ms
step:169/3300 train_loss:4.38811 train_time:206.492s step_avg:1221.85ms
step:170/3300 train_loss:4.36083 train_time:207.692s step_avg:1221.72ms
step:171/3300 train_loss:4.35966 train_time:208.896s step_avg:1221.62ms
step:172/3300 train_loss:4.43951 train_time:210.101s step_avg:1221.52ms
step:173/3300 train_loss:4.37294 train_time:211.301s step_avg:1221.39ms
step:174/3300 train_loss:4.42275 train_time:212.501s step_avg:1221.27ms
step:175/3300 train_loss:4.40868 train_time:213.699s step_avg:1221.14ms
step:176/3300 train_loss:4.37174 train_time:214.908s step_avg:1221.07ms
step:177/3300 train_loss:4.35784 train_time:216.106s step_avg:1220.94ms
step:178/3300 train_loss:4.37201 train_time:217.305s step_avg:1220.82ms
step:179/3300 train_loss:4.37991 train_time:218.518s step_avg:1220.77ms
step:180/3300 train_loss:4.34665 train_time:219.738s step_avg:1220.76ms
step:181/3300 train_loss:4.32337 train_time:220.945s step_avg:1220.69ms
step:182/3300 train_loss:4.35718 train_time:222.138s step_avg:1220.54ms
step:183/3300 train_loss:4.29513 train_time:223.340s step_avg:1220.44ms
step:184/3300 train_loss:4.37009 train_time:224.544s step_avg:1220.35ms
step:185/3300 train_loss:4.32187 train_time:225.760s step_avg:1220.32ms
step:186/3300 train_loss:4.30698 train_time:226.957s step_avg:1220.20ms
step:187/3300 train_loss:4.36866 train_time:228.175s step_avg:1220.19ms
step:188/3300 train_loss:4.34203 train_time:229.375s step_avg:1220.08ms
step:189/3300 train_loss:4.25984 train_time:230.583s step_avg:1220.01ms
step:190/3300 train_loss:4.31072 train_time:231.783s step_avg:1219.91ms
step:191/3300 train_loss:4.22830 train_time:233.104s step_avg:1220.44ms
step:192/3300 train_loss:4.35695 train_time:234.315s step_avg:1220.39ms
step:193/3300 train_loss:4.29451 train_time:235.520s step_avg:1220.31ms
step:194/3300 train_loss:4.34726 train_time:236.723s step_avg:1220.22ms
step:195/3300 train_loss:4.31838 train_time:237.916s step_avg:1220.08ms
step:196/3300 train_loss:4.35150 train_time:239.122s step_avg:1220.01ms
step:197/3300 train_loss:4.26746 train_time:240.324s step_avg:1219.92ms
step:198/3300 train_loss:4.31042 train_time:241.528s step_avg:1219.84ms
step:199/3300 train_loss:4.25415 train_time:242.754s step_avg:1219.87ms
step:200/3300 train_loss:4.43982 train_time:243.974s step_avg:1219.87ms
step:201/3300 train_loss:4.28809 train_time:245.182s step_avg:1219.81ms
step:202/3300 train_loss:4.28818 train_time:246.389s step_avg:1219.75ms
step:203/3300 train_loss:4.33720 train_time:247.593s step_avg:1219.67ms
step:204/3300 train_loss:4.29032 train_time:248.798s step_avg:1219.60ms
step:205/3300 train_loss:4.25636 train_time:250.025s step_avg:1219.63ms
step:206/3300 train_loss:4.22154 train_time:251.221s step_avg:1219.52ms
step:207/3300 train_loss:4.29886 train_time:252.425s step_avg:1219.44ms
step:208/3300 train_loss:4.26337 train_time:253.621s step_avg:1219.33ms
step:209/3300 train_loss:4.18232 train_time:254.849s step_avg:1219.37ms
step:210/3300 train_loss:4.27564 train_time:256.067s step_avg:1219.36ms
step:211/3300 train_loss:4.22831 train_time:257.260s step_avg:1219.24ms
step:212/3300 train_loss:4.24290 train_time:258.464s step_avg:1219.17ms
step:213/3300 train_loss:4.23561 train_time:259.665s step_avg:1219.09ms
step:214/3300 train_loss:4.24470 train_time:260.871s step_avg:1219.02ms
step:215/3300 train_loss:4.23486 train_time:262.081s step_avg:1218.98ms
step:216/3300 train_loss:4.20637 train_time:263.294s step_avg:1218.95ms
step:217/3300 train_loss:4.26480 train_time:264.493s step_avg:1218.86ms
step:218/3300 train_loss:4.20187 train_time:265.710s step_avg:1218.85ms
step:219/3300 train_loss:4.22576 train_time:266.910s step_avg:1218.77ms
step:220/3300 train_loss:4.20084 train_time:268.140s step_avg:1218.82ms
step:221/3300 train_loss:4.18120 train_time:269.356s step_avg:1218.81ms
step:222/3300 train_loss:4.18028 train_time:270.569s step_avg:1218.78ms
step:223/3300 train_loss:4.27105 train_time:271.778s step_avg:1218.73ms
step:224/3300 train_loss:4.24221 train_time:273.034s step_avg:1218.90ms
step:225/3300 train_loss:4.16205 train_time:274.237s step_avg:1218.83ms
step:226/3300 train_loss:4.16785 train_time:275.451s step_avg:1218.81ms
step:227/3300 train_loss:4.17265 train_time:276.652s step_avg:1218.73ms
step:228/3300 train_loss:4.23097 train_time:277.857s step_avg:1218.67ms
step:229/3300 train_loss:4.21387 train_time:279.118s step_avg:1218.86ms
step:230/3300 train_loss:4.14166 train_time:280.324s step_avg:1218.80ms
step:231/3300 train_loss:4.16638 train_time:281.532s step_avg:1218.75ms
step:232/3300 train_loss:4.14401 train_time:282.731s step_avg:1218.67ms
step:233/3300 train_loss:4.19189 train_time:283.933s step_avg:1218.60ms
step:234/3300 train_loss:4.19385 train_time:285.149s step_avg:1218.58ms
step:235/3300 train_loss:4.21891 train_time:286.355s step_avg:1218.53ms
step:236/3300 train_loss:4.21813 train_time:287.556s step_avg:1218.46ms
step:237/3300 train_loss:4.24546 train_time:288.759s step_avg:1218.39ms
step:238/3300 train_loss:4.19633 train_time:289.992s step_avg:1218.45ms
step:239/3300 train_loss:4.13007 train_time:291.195s step_avg:1218.39ms
step:240/3300 train_loss:4.15689 train_time:292.414s step_avg:1218.39ms
step:241/3300 train_loss:4.29509 train_time:293.620s step_avg:1218.34ms
step:242/3300 train_loss:4.24309 train_time:294.825s step_avg:1218.29ms
step:243/3300 train_loss:4.12830 train_time:296.039s step_avg:1218.27ms
step:244/3300 train_loss:4.20561 train_time:297.241s step_avg:1218.20ms
step:245/3300 train_loss:4.11878 train_time:298.469s step_avg:1218.24ms
step:246/3300 train_loss:4.15143 train_time:299.671s step_avg:1218.18ms
step:247/3300 train_loss:4.09105 train_time:300.871s step_avg:1218.10ms
step:248/3300 train_loss:4.14672 train_time:302.086s step_avg:1218.09ms
step:249/3300 train_loss:4.14563 train_time:303.348s step_avg:1218.27ms
step:250/3300 train_loss:4.08921 train_time:304.547s step_avg:1218.19ms
step:250/3300 val_loss:4.12940 train_time:304.547s step_avg:1208.91ms
step:251/3300 train_loss:4.16818 train_time:305.759s step_avg:1218.16ms
step:252/3300 train_loss:4.17818 train_time:306.965s step_avg:1218.12ms
step:253/3300 train_loss:4.12710 train_time:308.175s step_avg:1218.08ms
step:254/3300 train_loss:4.08682 train_time:309.373s step_avg:1218.01ms
step:255/3300 train_loss:4.16645 train_time:310.607s step_avg:1218.06ms
step:256/3300 train_loss:4.11154 train_time:311.808s step_avg:1218.00ms
step:257/3300 train_loss:4.12096 train_time:313.006s step_avg:1217.92ms
step:258/3300 train_loss:4.20899 train_time:314.211s step_avg:1217.87ms
step:259/3300 train_loss:4.10400 train_time:315.420s step_avg:1217.84ms
step:260/3300 train_loss:4.08798 train_time:316.624s step_avg:1217.78ms
step:261/3300 train_loss:4.08089 train_time:317.829s step_avg:1217.74ms
step:262/3300 train_loss:4.16144 train_time:319.046s step_avg:1217.73ms
step:263/3300 train_loss:4.11886 train_time:320.247s step_avg:1217.67ms
step:264/3300 train_loss:4.17494 train_time:321.446s step_avg:1217.60ms
step:265/3300 train_loss:4.03056 train_time:322.648s step_avg:1217.54ms
step:266/3300 train_loss:4.13738 train_time:323.844s step_avg:1217.46ms
step:267/3300 train_loss:4.07956 train_time:325.053s step_avg:1217.43ms
step:268/3300 train_loss:4.05942 train_time:326.260s step_avg:1217.39ms
step:269/3300 train_loss:4.09651 train_time:327.478s step_avg:1217.39ms
step:270/3300 train_loss:4.10124 train_time:328.675s step_avg:1217.32ms
step:271/3300 train_loss:4.14918 train_time:329.875s step_avg:1217.25ms
step:272/3300 train_loss:4.07639 train_time:331.074s step_avg:1217.18ms
step:273/3300 train_loss:4.11648 train_time:332.283s step_avg:1217.15ms
step:274/3300 train_loss:4.04126 train_time:333.493s step_avg:1217.13ms
step:275/3300 train_loss:4.10826 train_time:334.715s step_avg:1217.15ms
step:276/3300 train_loss:4.15550 train_time:335.921s step_avg:1217.10ms
step:277/3300 train_loss:4.05520 train_time:337.127s step_avg:1217.06ms
step:278/3300 train_loss:4.10061 train_time:338.324s step_avg:1216.99ms
step:279/3300 train_loss:4.03002 train_time:339.527s step_avg:1216.94ms
step:280/3300 train_loss:4.14506 train_time:340.725s step_avg:1216.87ms
step:281/3300 train_loss:4.11204 train_time:341.932s step_avg:1216.84ms
step:282/3300 train_loss:4.07595 train_time:343.131s step_avg:1216.78ms
step:283/3300 train_loss:4.08929 train_time:344.359s step_avg:1216.81ms
step:284/3300 train_loss:4.03322 train_time:345.572s step_avg:1216.80ms
step:285/3300 train_loss:4.11495 train_time:346.769s step_avg:1216.73ms
step:286/3300 train_loss:4.08747 train_time:347.971s step_avg:1216.68ms
step:287/3300 train_loss:4.05479 train_time:349.162s step_avg:1216.59ms
step:288/3300 train_loss:4.07813 train_time:350.361s step_avg:1216.53ms
step:289/3300 train_loss:4.07019 train_time:351.592s step_avg:1216.58ms
step:290/3300 train_loss:4.04162 train_time:352.800s step_avg:1216.55ms
step:291/3300 train_loss:4.05580 train_time:354.025s step_avg:1216.58ms
step:292/3300 train_loss:4.09878 train_time:355.236s step_avg:1216.56ms
step:293/3300 train_loss:4.03169 train_time:356.445s step_avg:1216.54ms
step:294/3300 train_loss:4.20893 train_time:357.660s step_avg:1216.53ms
step:295/3300 train_loss:4.03950 train_time:358.869s step_avg:1216.51ms
step:296/3300 train_loss:4.03659 train_time:360.066s step_avg:1216.44ms
step:297/3300 train_loss:4.05651 train_time:361.275s step_avg:1216.41ms
step:298/3300 train_loss:4.05728 train_time:362.482s step_avg:1216.38ms
step:299/3300 train_loss:4.02609 train_time:363.689s step_avg:1216.35ms
step:300/3300 train_loss:4.03562 train_time:364.886s step_avg:1216.29ms
step:301/3300 train_loss:4.09252 train_time:366.105s step_avg:1216.30ms
step:302/3300 train_loss:4.01779 train_time:367.306s step_avg:1216.24ms
step:303/3300 train_loss:4.05830 train_time:368.503s step_avg:1216.18ms
step:304/3300 train_loss:4.04562 train_time:369.703s step_avg:1216.13ms
step:305/3300 train_loss:4.06809 train_time:370.926s step_avg:1216.15ms
step:306/3300 train_loss:4.02037 train_time:372.160s step_avg:1216.21ms
step:307/3300 train_loss:4.05641 train_time:373.368s step_avg:1216.18ms
step:308/3300 train_loss:4.03829 train_time:374.563s step_avg:1216.11ms
step:309/3300 train_loss:4.05287 train_time:375.770s step_avg:1216.08ms
step:310/3300 train_loss:4.10802 train_time:376.972s step_avg:1216.04ms
step:311/3300 train_loss:4.08014 train_time:378.167s step_avg:1215.97ms
step:312/3300 train_loss:4.01188 train_time:379.362s step_avg:1215.90ms
step:313/3300 train_loss:4.06540 train_time:380.602s step_avg:1215.98ms
step:314/3300 train_loss:4.02053 train_time:381.824s step_avg:1216.00ms
step:315/3300 train_loss:3.99405 train_time:383.026s step_avg:1215.96ms
step:316/3300 train_loss:4.00231 train_time:384.255s step_avg:1216.00ms
step:317/3300 train_loss:4.00004 train_time:385.454s step_avg:1215.94ms
step:318/3300 train_loss:3.99234 train_time:386.688s step_avg:1216.00ms
step:319/3300 train_loss:4.05183 train_time:387.886s step_avg:1215.94ms
step:320/3300 train_loss:4.02809 train_time:389.088s step_avg:1215.90ms
step:321/3300 train_loss:4.04883 train_time:390.288s step_avg:1215.85ms
step:322/3300 train_loss:4.00952 train_time:391.488s step_avg:1215.80ms
step:323/3300 train_loss:4.05455 train_time:392.699s step_avg:1215.79ms
step:324/3300 train_loss:3.99423 train_time:393.910s step_avg:1215.77ms
step:325/3300 train_loss:4.08709 train_time:395.114s step_avg:1215.74ms
step:326/3300 train_loss:4.01593 train_time:396.326s step_avg:1215.72ms
step:327/3300 train_loss:4.14602 train_time:397.577s step_avg:1215.83ms
step:328/3300 train_loss:4.06159 train_time:398.778s step_avg:1215.79ms
step:329/3300 train_loss:4.03124 train_time:399.980s step_avg:1215.75ms
step:330/3300 train_loss:3.95791 train_time:401.187s step_avg:1215.72ms
step:331/3300 train_loss:4.06540 train_time:402.397s step_avg:1215.70ms
step:332/3300 train_loss:3.97780 train_time:403.602s step_avg:1215.67ms
step:333/3300 train_loss:3.94755 train_time:404.807s step_avg:1215.64ms
step:334/3300 train_loss:3.98931 train_time:406.011s step_avg:1215.60ms
step:335/3300 train_loss:4.07914 train_time:407.216s step_avg:1215.57ms
step:336/3300 train_loss:4.03654 train_time:408.418s step_avg:1215.53ms
step:337/3300 train_loss:4.30802 train_time:409.619s step_avg:1215.49ms
step:338/3300 train_loss:3.99894 train_time:410.835s step_avg:1215.49ms
step:339/3300 train_loss:3.97533 train_time:412.030s step_avg:1215.43ms
step:340/3300 train_loss:3.97708 train_time:413.232s step_avg:1215.39ms
step:341/3300 train_loss:4.00333 train_time:414.439s step_avg:1215.36ms
step:342/3300 train_loss:3.98899 train_time:415.644s step_avg:1215.33ms
step:343/3300 train_loss:4.06246 train_time:416.847s step_avg:1215.30ms
step:344/3300 train_loss:3.99477 train_time:418.050s step_avg:1215.26ms
step:345/3300 train_loss:3.95791 train_time:419.247s step_avg:1215.21ms
step:346/3300 train_loss:3.96893 train_time:420.456s step_avg:1215.19ms
step:347/3300 train_loss:3.96803 train_time:421.758s step_avg:1215.44ms
step:348/3300 train_loss:4.00359 train_time:422.957s step_avg:1215.39ms
step:349/3300 train_loss:3.94232 train_time:424.159s step_avg:1215.36ms
step:350/3300 train_loss:3.92615 train_time:425.365s step_avg:1215.33ms
step:351/3300 train_loss:3.91673 train_time:426.595s step_avg:1215.37ms
step:352/3300 train_loss:4.03345 train_time:427.802s step_avg:1215.35ms
step:353/3300 train_loss:3.93512 train_time:429.002s step_avg:1215.30ms
step:354/3300 train_loss:3.92436 train_time:430.204s step_avg:1215.27ms
step:355/3300 train_loss:4.01248 train_time:431.411s step_avg:1215.24ms
step:356/3300 train_loss:3.92911 train_time:432.625s step_avg:1215.24ms
step:357/3300 train_loss:4.00914 train_time:433.832s step_avg:1215.22ms
step:358/3300 train_loss:3.99544 train_time:435.035s step_avg:1215.18ms
step:359/3300 train_loss:3.90758 train_time:436.251s step_avg:1215.18ms
step:360/3300 train_loss:3.91490 train_time:437.451s step_avg:1215.14ms
step:361/3300 train_loss:4.03026 train_time:438.653s step_avg:1215.11ms
step:362/3300 train_loss:3.97152 train_time:439.850s step_avg:1215.06ms
step:363/3300 train_loss:3.94243 train_time:441.051s step_avg:1215.02ms
step:364/3300 train_loss:3.96398 train_time:442.268s step_avg:1215.02ms
step:365/3300 train_loss:4.00594 train_time:443.480s step_avg:1215.01ms
step:366/3300 train_loss:3.95128 train_time:444.685s step_avg:1214.99ms
step:367/3300 train_loss:3.99483 train_time:445.890s step_avg:1214.96ms
step:368/3300 train_loss:3.97897 train_time:447.098s step_avg:1214.94ms
step:369/3300 train_loss:3.97091 train_time:448.293s step_avg:1214.89ms
step:370/3300 train_loss:3.94256 train_time:449.490s step_avg:1214.84ms
step:371/3300 train_loss:3.97469 train_time:450.695s step_avg:1214.81ms
step:372/3300 train_loss:3.95962 train_time:451.917s step_avg:1214.83ms
step:373/3300 train_loss:3.98295 train_time:453.145s step_avg:1214.87ms
step:374/3300 train_loss:4.00474 train_time:454.345s step_avg:1214.83ms
step:375/3300 train_loss:3.97529 train_time:455.555s step_avg:1214.81ms
step:375/3300 val_loss:3.95220 train_time:455.555s step_avg:1208.06ms
step:376/3300 train_loss:4.07395 train_time:456.758s step_avg:1214.78ms
step:377/3300 train_loss:3.86794 train_time:457.975s step_avg:1214.79ms
step:378/3300 train_loss:3.97695 train_time:459.170s step_avg:1214.73ms
step:379/3300 train_loss:3.97092 train_time:460.377s step_avg:1214.72ms
step:380/3300 train_loss:3.93457 train_time:461.586s step_avg:1214.70ms
step:381/3300 train_loss:4.00896 train_time:462.807s step_avg:1214.72ms
step:382/3300 train_loss:3.92962 train_time:464.013s step_avg:1214.69ms
step:383/3300 train_loss:3.94599 train_time:465.254s step_avg:1214.76ms
step:384/3300 train_loss:3.93580 train_time:466.449s step_avg:1214.71ms
step:385/3300 train_loss:3.96925 train_time:467.650s step_avg:1214.68ms
step:386/3300 train_loss:3.96394 train_time:468.893s step_avg:1214.75ms
step:387/3300 train_loss:3.98930 train_time:470.103s step_avg:1214.74ms
step:388/3300 train_loss:3.96990 train_time:471.303s step_avg:1214.70ms
step:389/3300 train_loss:3.91894 train_time:472.502s step_avg:1214.66ms
step:390/3300 train_loss:3.96853 train_time:473.706s step_avg:1214.63ms
step:391/3300 train_loss:3.90090 train_time:474.904s step_avg:1214.59ms
step:392/3300 train_loss:3.94720 train_time:476.104s step_avg:1214.55ms
step:393/3300 train_loss:3.98288 train_time:477.297s step_avg:1214.50ms
step:394/3300 train_loss:3.97269 train_time:478.500s step_avg:1214.47ms
step:395/3300 train_loss:3.89835 train_time:479.730s step_avg:1214.51ms
step:396/3300 train_loss:3.81604 train_time:480.924s step_avg:1214.45ms
step:397/3300 train_loss:4.00284 train_time:482.121s step_avg:1214.41ms
step:398/3300 train_loss:3.94066 train_time:483.312s step_avg:1214.35ms
step:399/3300 train_loss:3.89312 train_time:484.513s step_avg:1214.32ms
step:400/3300 train_loss:3.98050 train_time:485.706s step_avg:1214.27ms
step:401/3300 train_loss:3.92741 train_time:486.909s step_avg:1214.24ms
step:402/3300 train_loss:3.94093 train_time:488.107s step_avg:1214.20ms
step:403/3300 train_loss:3.94969 train_time:489.330s step_avg:1214.22ms
step:404/3300 train_loss:3.92085 train_time:490.541s step_avg:1214.21ms
step:405/3300 train_loss:3.97490 train_time:491.753s step_avg:1214.20ms
step:406/3300 train_loss:3.95229 train_time:492.956s step_avg:1214.18ms
step:407/3300 train_loss:4.04392 train_time:494.163s step_avg:1214.16ms
step:408/3300 train_loss:3.96389 train_time:495.378s step_avg:1214.16ms
step:409/3300 train_loss:3.92013 train_time:496.572s step_avg:1214.11ms
step:410/3300 train_loss:3.93093 train_time:497.779s step_avg:1214.10ms
step:411/3300 train_loss:3.90580 train_time:498.975s step_avg:1214.05ms
step:412/3300 train_loss:3.99659 train_time:500.173s step_avg:1214.01ms
step:413/3300 train_loss:3.91840 train_time:501.371s step_avg:1213.97ms
step:414/3300 train_loss:3.95720 train_time:502.586s step_avg:1213.98ms
step:415/3300 train_loss:3.99452 train_time:503.806s step_avg:1213.99ms
step:416/3300 train_loss:3.91862 train_time:505.043s step_avg:1214.05ms
step:417/3300 train_loss:3.93350 train_time:506.244s step_avg:1214.02ms
step:418/3300 train_loss:3.93047 train_time:507.443s step_avg:1213.98ms
step:419/3300 train_loss:3.90613 train_time:508.644s step_avg:1213.95ms
step:420/3300 train_loss:3.90068 train_time:509.852s step_avg:1213.93ms
step:421/3300 train_loss:3.90609 train_time:511.065s step_avg:1213.93ms
step:422/3300 train_loss:3.88584 train_time:512.279s step_avg:1213.93ms
step:423/3300 train_loss:3.91667 train_time:513.485s step_avg:1213.91ms
step:424/3300 train_loss:3.94051 train_time:514.691s step_avg:1213.89ms
step:425/3300 train_loss:3.95188 train_time:515.886s step_avg:1213.85ms
step:426/3300 train_loss:3.87950 train_time:517.088s step_avg:1213.82ms
step:427/3300 train_loss:3.93016 train_time:518.288s step_avg:1213.79ms
step:428/3300 train_loss:3.87698 train_time:519.487s step_avg:1213.76ms
step:429/3300 train_loss:3.86148 train_time:520.689s step_avg:1213.73ms
step:430/3300 train_loss:3.88409 train_time:521.914s step_avg:1213.75ms
step:431/3300 train_loss:3.96663 train_time:523.126s step_avg:1213.75ms
step:432/3300 train_loss:3.90540 train_time:524.330s step_avg:1213.73ms
step:433/3300 train_loss:3.96339 train_time:525.526s step_avg:1213.69ms
step:434/3300 train_loss:3.90888 train_time:526.730s step_avg:1213.66ms
step:435/3300 train_loss:3.92856 train_time:527.997s step_avg:1213.79ms
step:436/3300 train_loss:3.96803 train_time:529.194s step_avg:1213.75ms
step:437/3300 train_loss:3.91758 train_time:530.393s step_avg:1213.71ms
step:438/3300 train_loss:3.92672 train_time:531.600s step_avg:1213.70ms
step:439/3300 train_loss:3.85287 train_time:532.804s step_avg:1213.68ms
step:440/3300 train_loss:3.91231 train_time:534.014s step_avg:1213.67ms
step:441/3300 train_loss:3.85713 train_time:535.219s step_avg:1213.65ms
step:442/3300 train_loss:3.89787 train_time:536.417s step_avg:1213.61ms
step:443/3300 train_loss:3.85862 train_time:537.613s step_avg:1213.57ms
step:444/3300 train_loss:3.96619 train_time:538.815s step_avg:1213.55ms
step:445/3300 train_loss:3.92939 train_time:540.017s step_avg:1213.52ms
step:446/3300 train_loss:3.90146 train_time:541.221s step_avg:1213.50ms
step:447/3300 train_loss:3.89322 train_time:542.413s step_avg:1213.45ms
step:448/3300 train_loss:3.94379 train_time:543.619s step_avg:1213.44ms
step:449/3300 train_loss:3.91574 train_time:544.862s step_avg:1213.50ms
step:450/3300 train_loss:3.91213 train_time:546.058s step_avg:1213.46ms
step:451/3300 train_loss:4.03528 train_time:547.260s step_avg:1213.44ms
step:452/3300 train_loss:3.93536 train_time:548.534s step_avg:1213.57ms
step:453/3300 train_loss:3.98245 train_time:549.733s step_avg:1213.54ms
step:454/3300 train_loss:3.82189 train_time:550.930s step_avg:1213.50ms
step:455/3300 train_loss:3.87725 train_time:552.191s step_avg:1213.61ms
step:456/3300 train_loss:3.88054 train_time:553.407s step_avg:1213.61ms
step:457/3300 train_loss:3.87544 train_time:554.603s step_avg:1213.57ms
step:458/3300 train_loss:3.92035 train_time:555.798s step_avg:1213.53ms
step:459/3300 train_loss:3.89526 train_time:557.012s step_avg:1213.53ms
step:460/3300 train_loss:3.94775 train_time:558.218s step_avg:1213.52ms
step:461/3300 train_loss:3.92544 train_time:559.420s step_avg:1213.49ms
step:462/3300 train_loss:3.80942 train_time:560.622s step_avg:1213.47ms
step:463/3300 train_loss:3.89597 train_time:561.830s step_avg:1213.46ms
step:464/3300 train_loss:3.91468 train_time:563.055s step_avg:1213.48ms
step:465/3300 train_loss:3.89267 train_time:564.265s step_avg:1213.47ms
step:466/3300 train_loss:3.91434 train_time:565.484s step_avg:1213.48ms
step:467/3300 train_loss:3.87348 train_time:566.676s step_avg:1213.44ms
step:468/3300 train_loss:3.92207 train_time:567.875s step_avg:1213.41ms
step:469/3300 train_loss:3.88644 train_time:569.089s step_avg:1213.41ms
step:470/3300 train_loss:3.82149 train_time:570.297s step_avg:1213.40ms
step:471/3300 train_loss:3.95076 train_time:571.505s step_avg:1213.39ms
step:472/3300 train_loss:3.86803 train_time:572.702s step_avg:1213.35ms
step:473/3300 train_loss:3.88520 train_time:573.902s step_avg:1213.32ms
step:474/3300 train_loss:3.88802 train_time:575.110s step_avg:1213.31ms
step:475/3300 train_loss:3.95548 train_time:576.311s step_avg:1213.29ms
step:476/3300 train_loss:3.90076 train_time:577.514s step_avg:1213.26ms
step:477/3300 train_loss:3.85698 train_time:578.723s step_avg:1213.26ms
step:478/3300 train_loss:3.90734 train_time:579.930s step_avg:1213.24ms
step:479/3300 train_loss:3.84218 train_time:581.133s step_avg:1213.22ms
step:480/3300 train_loss:3.97577 train_time:582.333s step_avg:1213.19ms
step:481/3300 train_loss:3.87938 train_time:583.584s step_avg:1213.27ms
step:482/3300 train_loss:3.80437 train_time:584.805s step_avg:1213.29ms
step:483/3300 train_loss:3.91661 train_time:586.002s step_avg:1213.25ms
step:484/3300 train_loss:3.89630 train_time:587.212s step_avg:1213.25ms
step:485/3300 train_loss:3.79644 train_time:588.416s step_avg:1213.23ms
step:486/3300 train_loss:3.89705 train_time:589.616s step_avg:1213.20ms
step:487/3300 train_loss:3.85675 train_time:590.817s step_avg:1213.18ms
step:488/3300 train_loss:3.86837 train_time:592.026s step_avg:1213.17ms
step:489/3300 train_loss:3.88685 train_time:593.228s step_avg:1213.14ms
step:490/3300 train_loss:3.83494 train_time:594.432s step_avg:1213.13ms
step:491/3300 train_loss:3.86779 train_time:595.637s step_avg:1213.11ms
step:492/3300 train_loss:3.90964 train_time:596.841s step_avg:1213.09ms
step:493/3300 train_loss:3.84015 train_time:598.048s step_avg:1213.08ms
step:494/3300 train_loss:3.84450 train_time:599.246s step_avg:1213.05ms
step:495/3300 train_loss:3.90045 train_time:600.438s step_avg:1213.01ms
step:496/3300 train_loss:3.81680 train_time:601.654s step_avg:1213.01ms
step:497/3300 train_loss:3.88468 train_time:602.875s step_avg:1213.03ms
step:498/3300 train_loss:3.85684 train_time:604.077s step_avg:1213.01ms
step:499/3300 train_loss:3.92819 train_time:605.296s step_avg:1213.02ms
step:500/3300 train_loss:3.86481 train_time:606.492s step_avg:1212.98ms
step:500/3300 val_loss:3.85347 train_time:606.493s step_avg:1207.50ms
step:501/3300 train_loss:3.92263 train_time:607.695s step_avg:1212.96ms
step:502/3300 train_loss:3.87738 train_time:608.898s step_avg:1212.94ms
step:503/3300 train_loss:3.82238 train_time:610.107s step_avg:1212.94ms
step:504/3300 train_loss:3.90628 train_time:611.314s step_avg:1212.92ms
step:505/3300 train_loss:3.86199 train_time:612.511s step_avg:1212.89ms
step:506/3300 train_loss:3.81115 train_time:613.720s step_avg:1212.88ms
step:507/3300 train_loss:3.94380 train_time:614.919s step_avg:1212.86ms
step:508/3300 train_loss:3.83258 train_time:616.123s step_avg:1212.84ms
step:509/3300 train_loss:3.86989 train_time:617.343s step_avg:1212.86ms
step:510/3300 train_loss:3.82688 train_time:618.548s step_avg:1212.84ms
step:511/3300 train_loss:3.81419 train_time:619.746s step_avg:1212.81ms
step:512/3300 train_loss:3.86833 train_time:620.952s step_avg:1212.80ms
step:513/3300 train_loss:3.86423 train_time:622.163s step_avg:1212.79ms
step:514/3300 train_loss:3.95100 train_time:623.369s step_avg:1212.78ms
step:515/3300 train_loss:3.82495 train_time:624.565s step_avg:1212.75ms
step:516/3300 train_loss:3.91062 train_time:625.786s step_avg:1212.76ms
step:517/3300 train_loss:3.88052 train_time:626.992s step_avg:1212.75ms
step:518/3300 train_loss:3.82912 train_time:628.190s step_avg:1212.72ms
step:519/3300 train_loss:3.90794 train_time:629.388s step_avg:1212.69ms
step:520/3300 train_loss:3.83725 train_time:630.594s step_avg:1212.68ms
step:521/3300 train_loss:3.82431 train_time:631.800s step_avg:1212.67ms
step:522/3300 train_loss:3.88268 train_time:633.007s step_avg:1212.66ms
step:523/3300 train_loss:3.86087 train_time:634.217s step_avg:1212.65ms
step:524/3300 train_loss:3.82580 train_time:635.413s step_avg:1212.62ms
step:525/3300 train_loss:3.80273 train_time:636.614s step_avg:1212.60ms
step:526/3300 train_loss:3.90898 train_time:637.818s step_avg:1212.58ms
step:527/3300 train_loss:3.84496 train_time:639.022s step_avg:1212.57ms
step:528/3300 train_loss:3.85459 train_time:640.235s step_avg:1212.57ms
step:529/3300 train_loss:3.88376 train_time:641.433s step_avg:1212.54ms
step:530/3300 train_loss:3.85400 train_time:642.639s step_avg:1212.53ms
step:531/3300 train_loss:3.80438 train_time:643.849s step_avg:1212.52ms
step:532/3300 train_loss:3.87893 train_time:645.046s step_avg:1212.49ms
step:533/3300 train_loss:3.83477 train_time:646.251s step_avg:1212.48ms
step:534/3300 train_loss:3.85948 train_time:647.458s step_avg:1212.47ms
step:535/3300 train_loss:3.95848 train_time:648.657s step_avg:1212.44ms
step:536/3300 train_loss:3.82057 train_time:649.862s step_avg:1212.43ms
step:537/3300 train_loss:3.80147 train_time:651.071s step_avg:1212.42ms
step:538/3300 train_loss:3.80783 train_time:652.285s step_avg:1212.43ms
step:539/3300 train_loss:4.00485 train_time:653.490s step_avg:1212.41ms
step:540/3300 train_loss:3.80104 train_time:654.695s step_avg:1212.40ms
step:541/3300 train_loss:3.89391 train_time:655.894s step_avg:1212.37ms
step:542/3300 train_loss:3.82940 train_time:657.090s step_avg:1212.34ms
step:543/3300 train_loss:3.82255 train_time:658.288s step_avg:1212.32ms
step:544/3300 train_loss:3.85679 train_time:659.494s step_avg:1212.30ms
step:545/3300 train_loss:3.81783 train_time:660.699s step_avg:1212.29ms
step:546/3300 train_loss:3.80191 train_time:661.903s step_avg:1212.28ms
step:547/3300 train_loss:3.84895 train_time:663.108s step_avg:1212.26ms
step:548/3300 train_loss:3.76505 train_time:664.313s step_avg:1212.25ms
step:549/3300 train_loss:3.81045 train_time:665.509s step_avg:1212.22ms
step:550/3300 train_loss:3.84859 train_time:666.716s step_avg:1212.21ms
step:551/3300 train_loss:3.81252 train_time:667.918s step_avg:1212.19ms
step:552/3300 train_loss:3.95396 train_time:669.118s step_avg:1212.17ms
step:553/3300 train_loss:3.84131 train_time:670.343s step_avg:1212.19ms
step:554/3300 train_loss:3.82614 train_time:671.545s step_avg:1212.17ms
step:555/3300 train_loss:3.88353 train_time:672.758s step_avg:1212.18ms
step:556/3300 train_loss:3.81662 train_time:673.959s step_avg:1212.16ms
step:557/3300 train_loss:3.77468 train_time:675.168s step_avg:1212.15ms
step:558/3300 train_loss:3.82288 train_time:676.378s step_avg:1212.15ms
step:559/3300 train_loss:3.89660 train_time:677.582s step_avg:1212.13ms
step:560/3300 train_loss:3.84054 train_time:678.784s step_avg:1212.11ms
step:561/3300 train_loss:3.81065 train_time:679.981s step_avg:1212.09ms
step:562/3300 train_loss:3.81035 train_time:681.183s step_avg:1212.07ms
step:563/3300 train_loss:3.81137 train_time:682.411s step_avg:1212.10ms
step:564/3300 train_loss:3.85455 train_time:683.611s step_avg:1212.08ms
step:565/3300 train_loss:3.81711 train_time:684.815s step_avg:1212.06ms
step:566/3300 train_loss:3.85189 train_time:686.024s step_avg:1212.06ms
step:567/3300 train_loss:3.82044 train_time:687.233s step_avg:1212.05ms
step:568/3300 train_loss:3.90771 train_time:688.427s step_avg:1212.02ms
step:569/3300 train_loss:3.83405 train_time:689.625s step_avg:1211.99ms
step:570/3300 train_loss:3.81204 train_time:690.846s step_avg:1212.01ms
step:571/3300 train_loss:3.76804 train_time:692.074s step_avg:1212.04ms
step:572/3300 train_loss:3.83895 train_time:693.280s step_avg:1212.03ms
step:573/3300 train_loss:3.90622 train_time:694.484s step_avg:1212.01ms
step:574/3300 train_loss:3.80610 train_time:695.693s step_avg:1212.01ms
step:575/3300 train_loss:3.85853 train_time:696.900s step_avg:1212.00ms
step:576/3300 train_loss:3.83447 train_time:698.104s step_avg:1211.99ms
step:577/3300 train_loss:3.83116 train_time:699.305s step_avg:1211.97ms
step:578/3300 train_loss:3.88890 train_time:700.545s step_avg:1212.01ms
step:579/3300 train_loss:3.79320 train_time:701.746s step_avg:1212.00ms
step:580/3300 train_loss:3.86459 train_time:702.954s step_avg:1211.99ms
step:581/3300 train_loss:3.85486 train_time:704.157s step_avg:1211.97ms
step:582/3300 train_loss:3.87900 train_time:705.355s step_avg:1211.95ms
step:583/3300 train_loss:3.83335 train_time:706.555s step_avg:1211.93ms
step:584/3300 train_loss:3.79345 train_time:707.753s step_avg:1211.91ms
step:585/3300 train_loss:3.82818 train_time:708.953s step_avg:1211.89ms
step:586/3300 train_loss:3.93074 train_time:710.154s step_avg:1211.87ms
step:587/3300 train_loss:3.79153 train_time:711.354s step_avg:1211.85ms
step:588/3300 train_loss:3.85708 train_time:712.553s step_avg:1211.82ms
step:589/3300 train_loss:3.91309 train_time:713.759s step_avg:1211.82ms
step:590/3300 train_loss:3.81354 train_time:714.945s step_avg:1211.77ms
step:591/3300 train_loss:3.82809 train_time:716.145s step_avg:1211.75ms
step:592/3300 train_loss:3.80723 train_time:717.344s step_avg:1211.73ms
step:593/3300 train_loss:3.76341 train_time:718.554s step_avg:1211.73ms
step:594/3300 train_loss:3.89074 train_time:719.752s step_avg:1211.70ms
step:595/3300 train_loss:3.83634 train_time:720.950s step_avg:1211.68ms
step:596/3300 train_loss:3.81756 train_time:722.147s step_avg:1211.66ms
step:597/3300 train_loss:3.82526 train_time:723.344s step_avg:1211.63ms
step:598/3300 train_loss:3.84447 train_time:724.545s step_avg:1211.61ms
step:599/3300 train_loss:3.79595 train_time:725.748s step_avg:1211.60ms
step:600/3300 train_loss:3.81086 train_time:726.977s step_avg:1211.63ms
step:601/3300 train_loss:3.81583 train_time:728.171s step_avg:1211.60ms
step:602/3300 train_loss:3.82711 train_time:729.375s step_avg:1211.59ms
step:603/3300 train_loss:3.85471 train_time:730.576s step_avg:1211.57ms
step:604/3300 train_loss:3.87185 train_time:731.794s step_avg:1211.58ms
step:605/3300 train_loss:3.81194 train_time:732.990s step_avg:1211.55ms
step:606/3300 train_loss:3.82753 train_time:734.191s step_avg:1211.54ms
step:607/3300 train_loss:3.81325 train_time:735.427s step_avg:1211.58ms
step:608/3300 train_loss:3.80558 train_time:736.649s step_avg:1211.59ms
step:609/3300 train_loss:3.82946 train_time:737.848s step_avg:1211.57ms
step:610/3300 train_loss:3.79484 train_time:739.046s step_avg:1211.55ms
step:611/3300 train_loss:3.81766 train_time:740.254s step_avg:1211.54ms
step:612/3300 train_loss:3.75428 train_time:741.453s step_avg:1211.52ms
step:613/3300 train_loss:3.79507 train_time:742.658s step_avg:1211.51ms
step:614/3300 train_loss:3.83165 train_time:743.866s step_avg:1211.51ms
step:615/3300 train_loss:3.80053 train_time:745.065s step_avg:1211.49ms
step:616/3300 train_loss:3.81992 train_time:746.272s step_avg:1211.48ms
step:617/3300 train_loss:3.80447 train_time:747.494s step_avg:1211.50ms
step:618/3300 train_loss:3.83456 train_time:748.691s step_avg:1211.47ms
step:619/3300 train_loss:3.85215 train_time:749.886s step_avg:1211.45ms
step:620/3300 train_loss:3.79099 train_time:751.105s step_avg:1211.46ms
step:621/3300 train_loss:3.89498 train_time:752.315s step_avg:1211.46ms
step:622/3300 train_loss:3.83858 train_time:753.517s step_avg:1211.44ms
step:623/3300 train_loss:3.82182 train_time:754.738s step_avg:1211.46ms
step:624/3300 train_loss:3.84829 train_time:755.955s step_avg:1211.47ms
step:625/3300 train_loss:3.82554 train_time:757.161s step_avg:1211.46ms
step:625/3300 val_loss:3.79302 train_time:757.162s step_avg:1205.35ms
step:626/3300 train_loss:3.82873 train_time:758.370s step_avg:1211.45ms
step:627/3300 train_loss:3.82873 train_time:759.568s step_avg:1211.43ms
step:628/3300 train_loss:3.77028 train_time:760.765s step_avg:1211.41ms
step:629/3300 train_loss:3.79333 train_time:761.966s step_avg:1211.39ms
step:630/3300 train_loss:3.79051 train_time:763.164s step_avg:1211.37ms
step:631/3300 train_loss:3.79744 train_time:764.359s step_avg:1211.35ms
step:632/3300 train_loss:3.80901 train_time:765.560s step_avg:1211.33ms
step:633/3300 train_loss:3.81333 train_time:766.773s step_avg:1211.33ms
step:634/3300 train_loss:3.76113 train_time:767.979s step_avg:1211.32ms
step:635/3300 train_loss:3.86016 train_time:769.189s step_avg:1211.32ms
step:636/3300 train_loss:3.75719 train_time:770.396s step_avg:1211.31ms
step:637/3300 train_loss:3.72936 train_time:771.586s step_avg:1211.28ms
step:638/3300 train_loss:3.84630 train_time:772.804s step_avg:1211.29ms
step:639/3300 train_loss:3.78845 train_time:774.003s step_avg:1211.27ms
step:640/3300 train_loss:3.79954 train_time:775.210s step_avg:1211.26ms
step:641/3300 train_loss:3.87835 train_time:776.404s step_avg:1211.24ms
step:642/3300 train_loss:3.75053 train_time:777.599s step_avg:1211.21ms
step:643/3300 train_loss:3.84236 train_time:778.817s step_avg:1211.22ms
step:644/3300 train_loss:3.78262 train_time:780.014s step_avg:1211.20ms
step:645/3300 train_loss:3.81958 train_time:781.205s step_avg:1211.17ms
step:646/3300 train_loss:3.83298 train_time:782.415s step_avg:1211.17ms
step:647/3300 train_loss:3.90456 train_time:783.635s step_avg:1211.18ms
step:648/3300 train_loss:3.81771 train_time:784.839s step_avg:1211.17ms
step:649/3300 train_loss:3.80675 train_time:786.049s step_avg:1211.17ms
step:650/3300 train_loss:3.77756 train_time:787.251s step_avg:1211.16ms
step:651/3300 train_loss:3.75848 train_time:788.455s step_avg:1211.14ms
step:652/3300 train_loss:3.75893 train_time:789.648s step_avg:1211.12ms
step:653/3300 train_loss:3.77233 train_time:790.845s step_avg:1211.10ms
step:654/3300 train_loss:3.82489 train_time:792.046s step_avg:1211.08ms
step:655/3300 train_loss:3.78254 train_time:793.267s step_avg:1211.09ms
step:656/3300 train_loss:3.83973 train_time:794.465s step_avg:1211.07ms
step:657/3300 train_loss:3.74400 train_time:795.668s step_avg:1211.06ms
step:658/3300 train_loss:3.85717 train_time:796.870s step_avg:1211.05ms
step:659/3300 train_loss:3.82868 train_time:798.077s step_avg:1211.04ms
step:660/3300 train_loss:3.86096 train_time:799.283s step_avg:1211.04ms
step:661/3300 train_loss:3.85069 train_time:800.479s step_avg:1211.01ms
step:662/3300 train_loss:3.85629 train_time:801.671s step_avg:1210.98ms
step:663/3300 train_loss:3.75593 train_time:802.879s step_avg:1210.98ms
step:664/3300 train_loss:3.75659 train_time:804.084s step_avg:1210.97ms
step:665/3300 train_loss:3.77726 train_time:805.285s step_avg:1210.96ms
step:666/3300 train_loss:3.83100 train_time:806.489s step_avg:1210.94ms
step:667/3300 train_loss:3.83904 train_time:807.689s step_avg:1210.93ms
step:668/3300 train_loss:3.81555 train_time:808.888s step_avg:1210.91ms
step:669/3300 train_loss:3.81580 train_time:810.104s step_avg:1210.92ms
step:670/3300 train_loss:3.80091 train_time:811.304s step_avg:1210.90ms
step:671/3300 train_loss:3.78576 train_time:812.510s step_avg:1210.89ms
step:672/3300 train_loss:3.84834 train_time:813.705s step_avg:1210.87ms
step:673/3300 train_loss:3.79204 train_time:814.909s step_avg:1210.86ms
step:674/3300 train_loss:3.78269 train_time:816.133s step_avg:1210.88ms
step:675/3300 train_loss:3.84458 train_time:817.332s step_avg:1210.86ms
step:676/3300 train_loss:3.77939 train_time:818.543s step_avg:1210.86ms
step:677/3300 train_loss:3.77050 train_time:819.762s step_avg:1210.88ms
step:678/3300 train_loss:3.78627 train_time:820.966s step_avg:1210.86ms
step:679/3300 train_loss:3.80293 train_time:822.174s step_avg:1210.86ms
step:680/3300 train_loss:3.80538 train_time:823.381s step_avg:1210.85ms
step:681/3300 train_loss:3.72381 train_time:824.583s step_avg:1210.84ms
step:682/3300 train_loss:3.82154 train_time:825.789s step_avg:1210.83ms
step:683/3300 train_loss:3.86661 train_time:827.005s step_avg:1210.84ms
step:684/3300 train_loss:3.79986 train_time:828.214s step_avg:1210.84ms
step:685/3300 train_loss:3.84089 train_time:829.425s step_avg:1210.84ms
step:686/3300 train_loss:3.84497 train_time:830.622s step_avg:1210.82ms
step:687/3300 train_loss:3.76652 train_time:831.826s step_avg:1210.81ms
step:688/3300 train_loss:3.75908 train_time:833.030s step_avg:1210.80ms
step:689/3300 train_loss:3.76311 train_time:834.249s step_avg:1210.81ms
step:690/3300 train_loss:3.78276 train_time:835.456s step_avg:1210.81ms
step:691/3300 train_loss:3.80027 train_time:836.662s step_avg:1210.80ms
step:692/3300 train_loss:3.76640 train_time:837.857s step_avg:1210.78ms
step:693/3300 train_loss:3.80809 train_time:839.066s step_avg:1210.77ms
step:694/3300 train_loss:3.76511 train_time:840.273s step_avg:1210.77ms
step:695/3300 train_loss:3.72272 train_time:841.472s step_avg:1210.75ms
step:696/3300 train_loss:3.84204 train_time:842.683s step_avg:1210.75ms
step:697/3300 train_loss:3.74402 train_time:843.902s step_avg:1210.76ms
step:698/3300 train_loss:3.77693 train_time:845.105s step_avg:1210.75ms
step:699/3300 train_loss:3.81664 train_time:846.311s step_avg:1210.75ms
step:700/3300 train_loss:3.74839 train_time:847.509s step_avg:1210.73ms
step:701/3300 train_loss:3.76147 train_time:848.723s step_avg:1210.73ms
step:702/3300 train_loss:3.75899 train_time:849.942s step_avg:1210.74ms
step:703/3300 train_loss:3.69983 train_time:851.144s step_avg:1210.73ms
step:704/3300 train_loss:3.77266 train_time:852.343s step_avg:1210.71ms
step:705/3300 train_loss:3.69130 train_time:853.545s step_avg:1210.70ms
step:706/3300 train_loss:3.73285 train_time:854.741s step_avg:1210.68ms
step:707/3300 train_loss:3.80790 train_time:855.936s step_avg:1210.66ms
step:708/3300 train_loss:3.78883 train_time:857.141s step_avg:1210.65ms
step:709/3300 train_loss:3.77708 train_time:858.332s step_avg:1210.62ms
step:710/3300 train_loss:3.76413 train_time:859.535s step_avg:1210.61ms
step:711/3300 train_loss:3.77077 train_time:860.734s step_avg:1210.60ms
step:712/3300 train_loss:3.72413 train_time:861.931s step_avg:1210.58ms
step:713/3300 train_loss:3.81446 train_time:863.129s step_avg:1210.56ms
step:714/3300 train_loss:3.68625 train_time:864.333s step_avg:1210.55ms
step:715/3300 train_loss:3.86379 train_time:865.567s step_avg:1210.58ms
step:716/3300 train_loss:3.75813 train_time:866.773s step_avg:1210.58ms
step:717/3300 train_loss:3.81424 train_time:868.001s step_avg:1210.60ms
step:718/3300 train_loss:3.79802 train_time:869.207s step_avg:1210.60ms
step:719/3300 train_loss:3.80944 train_time:870.420s step_avg:1210.60ms
step:720/3300 train_loss:3.81538 train_time:871.614s step_avg:1210.58ms
step:721/3300 train_loss:3.79101 train_time:872.814s step_avg:1210.56ms
step:722/3300 train_loss:3.78554 train_time:874.011s step_avg:1210.54ms
step:723/3300 train_loss:3.82431 train_time:875.208s step_avg:1210.52ms
step:724/3300 train_loss:3.74978 train_time:876.418s step_avg:1210.52ms
step:725/3300 train_loss:3.75018 train_time:877.612s step_avg:1210.50ms
step:726/3300 train_loss:3.78858 train_time:878.813s step_avg:1210.49ms
step:727/3300 train_loss:3.74407 train_time:880.019s step_avg:1210.48ms
step:728/3300 train_loss:3.77895 train_time:881.216s step_avg:1210.46ms
step:729/3300 train_loss:3.81881 train_time:882.413s step_avg:1210.44ms
step:730/3300 train_loss:3.84333 train_time:883.616s step_avg:1210.43ms
step:731/3300 train_loss:3.80380 train_time:884.819s step_avg:1210.42ms
step:732/3300 train_loss:3.80699 train_time:886.014s step_avg:1210.40ms
step:733/3300 train_loss:3.80857 train_time:887.220s step_avg:1210.40ms
step:734/3300 train_loss:3.87508 train_time:888.436s step_avg:1210.40ms
step:735/3300 train_loss:3.78622 train_time:889.646s step_avg:1210.40ms
step:736/3300 train_loss:3.78495 train_time:890.843s step_avg:1210.38ms
step:737/3300 train_loss:3.81620 train_time:892.035s step_avg:1210.36ms
step:738/3300 train_loss:3.78492 train_time:893.242s step_avg:1210.35ms
step:739/3300 train_loss:3.78663 train_time:894.443s step_avg:1210.34ms
step:740/3300 train_loss:3.90013 train_time:895.747s step_avg:1210.47ms
step:741/3300 train_loss:3.77108 train_time:896.952s step_avg:1210.46ms
step:742/3300 train_loss:3.74659 train_time:898.168s step_avg:1210.47ms
step:743/3300 train_loss:3.79900 train_time:899.385s step_avg:1210.48ms
step:744/3300 train_loss:3.70009 train_time:900.587s step_avg:1210.47ms
step:745/3300 train_loss:3.75898 train_time:901.785s step_avg:1210.45ms
step:746/3300 train_loss:3.78807 train_time:902.987s step_avg:1210.44ms
step:747/3300 train_loss:3.75461 train_time:904.185s step_avg:1210.42ms
step:748/3300 train_loss:3.79894 train_time:905.393s step_avg:1210.42ms
step:749/3300 train_loss:3.72578 train_time:906.612s step_avg:1210.43ms
step:750/3300 train_loss:3.80329 train_time:907.821s step_avg:1210.43ms
step:750/3300 val_loss:3.75639 train_time:907.821s step_avg:1205.28ms
step:751/3300 train_loss:3.73306 train_time:909.021s step_avg:1210.41ms
step:752/3300 train_loss:3.77736 train_time:910.225s step_avg:1210.41ms
step:753/3300 train_loss:3.77641 train_time:911.423s step_avg:1210.39ms
step:754/3300 train_loss:3.85949 train_time:912.620s step_avg:1210.37ms
step:755/3300 train_loss:3.80362 train_time:913.818s step_avg:1210.35ms
step:756/3300 train_loss:3.86527 train_time:915.018s step_avg:1210.34ms
step:757/3300 train_loss:3.77685 train_time:916.226s step_avg:1210.34ms
step:758/3300 train_loss:3.78635 train_time:917.436s step_avg:1210.34ms
step:759/3300 train_loss:3.73731 train_time:918.641s step_avg:1210.33ms
step:760/3300 train_loss:3.78977 train_time:919.835s step_avg:1210.31ms
step:761/3300 train_loss:3.73575 train_time:921.063s step_avg:1210.33ms
step:762/3300 train_loss:3.73160 train_time:922.261s step_avg:1210.32ms
step:763/3300 train_loss:3.78639 train_time:923.457s step_avg:1210.30ms
step:764/3300 train_loss:3.74821 train_time:924.651s step_avg:1210.28ms
step:765/3300 train_loss:3.91855 train_time:925.855s step_avg:1210.27ms
step:766/3300 train_loss:3.85877 train_time:927.055s step_avg:1210.25ms
step:767/3300 train_loss:3.80779 train_time:928.264s step_avg:1210.25ms
step:768/3300 train_loss:3.84876 train_time:929.465s step_avg:1210.24ms
step:769/3300 train_loss:3.91598 train_time:930.674s step_avg:1210.24ms
step:770/3300 train_loss:3.76237 train_time:931.875s step_avg:1210.23ms
step:771/3300 train_loss:3.81230 train_time:933.087s step_avg:1210.23ms
step:772/3300 train_loss:3.73990 train_time:934.294s step_avg:1210.23ms
step:773/3300 train_loss:3.78341 train_time:935.491s step_avg:1210.21ms
step:774/3300 train_loss:3.79025 train_time:936.689s step_avg:1210.19ms
step:775/3300 train_loss:3.79393 train_time:937.899s step_avg:1210.19ms
step:776/3300 train_loss:3.71867 train_time:939.115s step_avg:1210.20ms
step:777/3300 train_loss:3.75031 train_time:940.318s step_avg:1210.19ms
step:778/3300 train_loss:3.80453 train_time:941.510s step_avg:1210.17ms
step:779/3300 train_loss:3.75401 train_time:942.704s step_avg:1210.15ms
step:780/3300 train_loss:3.76578 train_time:943.901s step_avg:1210.13ms
step:781/3300 train_loss:3.75226 train_time:945.118s step_avg:1210.14ms
step:782/3300 train_loss:3.77209 train_time:946.341s step_avg:1210.15ms
step:783/3300 train_loss:3.74622 train_time:947.548s step_avg:1210.15ms
step:784/3300 train_loss:3.75419 train_time:948.799s step_avg:1210.20ms
step:785/3300 train_loss:3.70406 train_time:950.007s step_avg:1210.20ms
step:786/3300 train_loss:3.76200 train_time:951.209s step_avg:1210.19ms
step:787/3300 train_loss:3.76993 train_time:952.407s step_avg:1210.17ms
step:788/3300 train_loss:3.74332 train_time:953.603s step_avg:1210.16ms
step:789/3300 train_loss:3.82337 train_time:954.812s step_avg:1210.15ms
step:790/3300 train_loss:3.76322 train_time:956.025s step_avg:1210.16ms
step:791/3300 train_loss:3.85862 train_time:957.257s step_avg:1210.19ms
step:792/3300 train_loss:3.82405 train_time:958.478s step_avg:1210.20ms
step:793/3300 train_loss:3.75193 train_time:959.678s step_avg:1210.19ms
step:794/3300 train_loss:4.08695 train_time:960.876s step_avg:1210.17ms
step:795/3300 train_loss:3.75117 train_time:962.080s step_avg:1210.16ms
step:796/3300 train_loss:3.78527 train_time:963.281s step_avg:1210.15ms
step:797/3300 train_loss:3.77202 train_time:964.485s step_avg:1210.14ms
step:798/3300 train_loss:3.82748 train_time:965.691s step_avg:1210.14ms
step:799/3300 train_loss:3.77063 train_time:966.892s step_avg:1210.13ms
step:800/3300 train_loss:3.77273 train_time:968.093s step_avg:1210.12ms
step:801/3300 train_loss:3.90986 train_time:969.296s step_avg:1210.11ms
step:802/3300 train_loss:3.74330 train_time:970.494s step_avg:1210.09ms
step:803/3300 train_loss:3.76361 train_time:971.715s step_avg:1210.11ms
step:804/3300 train_loss:3.76175 train_time:972.909s step_avg:1210.09ms
step:805/3300 train_loss:3.77222 train_time:974.107s step_avg:1210.07ms
step:806/3300 train_loss:3.76856 train_time:975.308s step_avg:1210.06ms
step:807/3300 train_loss:3.74164 train_time:976.516s step_avg:1210.06ms
step:808/3300 train_loss:3.76777 train_time:977.712s step_avg:1210.04ms
step:809/3300 train_loss:3.76478 train_time:978.911s step_avg:1210.03ms
step:810/3300 train_loss:3.77900 train_time:980.107s step_avg:1210.01ms
step:811/3300 train_loss:3.77224 train_time:981.323s step_avg:1210.02ms
step:812/3300 train_loss:3.85661 train_time:982.537s step_avg:1210.02ms
step:813/3300 train_loss:3.82693 train_time:983.731s step_avg:1210.00ms
step:814/3300 train_loss:3.75525 train_time:984.935s step_avg:1209.99ms
step:815/3300 train_loss:3.77629 train_time:986.161s step_avg:1210.01ms
step:816/3300 train_loss:3.75509 train_time:987.373s step_avg:1210.02ms
step:817/3300 train_loss:3.79172 train_time:988.577s step_avg:1210.01ms
step:818/3300 train_loss:3.73150 train_time:989.771s step_avg:1209.99ms
step:819/3300 train_loss:3.72365 train_time:990.976s step_avg:1209.98ms
step:820/3300 train_loss:3.73604 train_time:992.180s step_avg:1209.98ms
step:821/3300 train_loss:3.77905 train_time:993.370s step_avg:1209.95ms
step:822/3300 train_loss:3.70724 train_time:994.570s step_avg:1209.94ms
step:823/3300 train_loss:3.70018 train_time:995.774s step_avg:1209.93ms
step:824/3300 train_loss:3.75525 train_time:996.979s step_avg:1209.93ms
step:825/3300 train_loss:3.65909 train_time:998.196s step_avg:1209.93ms
step:826/3300 train_loss:3.71755 train_time:999.395s step_avg:1209.92ms
step:827/3300 train_loss:3.75360 train_time:1000.599s step_avg:1209.91ms
step:828/3300 train_loss:3.73320 train_time:1001.854s step_avg:1209.97ms
step:829/3300 train_loss:3.77896 train_time:1003.049s step_avg:1209.95ms
step:830/3300 train_loss:3.80227 train_time:1004.250s step_avg:1209.94ms
step:831/3300 train_loss:3.85558 train_time:1005.496s step_avg:1209.98ms
step:832/3300 train_loss:3.76472 train_time:1006.693s step_avg:1209.97ms
step:833/3300 train_loss:3.75030 train_time:1007.896s step_avg:1209.96ms
step:834/3300 train_loss:3.74721 train_time:1009.099s step_avg:1209.95ms
step:835/3300 train_loss:3.71287 train_time:1010.311s step_avg:1209.95ms
step:836/3300 train_loss:3.74406 train_time:1011.520s step_avg:1209.95ms
step:837/3300 train_loss:3.72339 train_time:1012.709s step_avg:1209.93ms
step:838/3300 train_loss:3.80315 train_time:1013.906s step_avg:1209.91ms
step:839/3300 train_loss:3.75588 train_time:1015.128s step_avg:1209.93ms
step:840/3300 train_loss:3.74115 train_time:1016.342s step_avg:1209.93ms
step:841/3300 train_loss:3.76741 train_time:1017.537s step_avg:1209.91ms
step:842/3300 train_loss:3.72203 train_time:1018.735s step_avg:1209.90ms
step:843/3300 train_loss:3.74288 train_time:1019.929s step_avg:1209.88ms
step:844/3300 train_loss:3.77567 train_time:1021.146s step_avg:1209.89ms
step:845/3300 train_loss:3.76317 train_time:1022.347s step_avg:1209.88ms
step:846/3300 train_loss:3.74317 train_time:1023.546s step_avg:1209.87ms
step:847/3300 train_loss:3.73594 train_time:1024.742s step_avg:1209.85ms
step:848/3300 train_loss:3.79363 train_time:1025.934s step_avg:1209.83ms
step:849/3300 train_loss:3.73908 train_time:1027.190s step_avg:1209.88ms
step:850/3300 train_loss:3.81419 train_time:1028.392s step_avg:1209.87ms
step:851/3300 train_loss:3.74806 train_time:1029.597s step_avg:1209.87ms
step:852/3300 train_loss:3.75766 train_time:1030.804s step_avg:1209.86ms
step:853/3300 train_loss:3.75106 train_time:1032.004s step_avg:1209.85ms
step:854/3300 train_loss:3.72339 train_time:1033.200s step_avg:1209.84ms
step:855/3300 train_loss:3.77225 train_time:1034.395s step_avg:1209.82ms
step:856/3300 train_loss:3.79576 train_time:1035.599s step_avg:1209.81ms
step:857/3300 train_loss:3.70853 train_time:1036.821s step_avg:1209.83ms
step:858/3300 train_loss:3.73606 train_time:1038.019s step_avg:1209.81ms
step:859/3300 train_loss:3.75409 train_time:1039.219s step_avg:1209.80ms
step:860/3300 train_loss:3.71938 train_time:1040.417s step_avg:1209.79ms
step:861/3300 train_loss:3.72940 train_time:1041.623s step_avg:1209.78ms
step:862/3300 train_loss:3.70224 train_time:1042.845s step_avg:1209.80ms
step:863/3300 train_loss:3.76011 train_time:1044.037s step_avg:1209.78ms
step:864/3300 train_loss:3.76561 train_time:1045.245s step_avg:1209.77ms
step:865/3300 train_loss:3.86470 train_time:1046.442s step_avg:1209.76ms
step:866/3300 train_loss:3.78464 train_time:1047.643s step_avg:1209.75ms
step:867/3300 train_loss:3.73211 train_time:1048.840s step_avg:1209.73ms
step:868/3300 train_loss:3.68969 train_time:1050.053s step_avg:1209.74ms
step:869/3300 train_loss:3.71943 train_time:1051.256s step_avg:1209.73ms
step:870/3300 train_loss:3.75810 train_time:1052.450s step_avg:1209.71ms
step:871/3300 train_loss:3.72800 train_time:1053.649s step_avg:1209.70ms
step:872/3300 train_loss:3.77486 train_time:1054.849s step_avg:1209.69ms
step:873/3300 train_loss:3.74765 train_time:1056.060s step_avg:1209.69ms
step:874/3300 train_loss:3.69914 train_time:1057.292s step_avg:1209.72ms
step:875/3300 train_loss:3.73325 train_time:1058.497s step_avg:1209.71ms
step:875/3300 val_loss:3.72202 train_time:1058.497s step_avg:1205.41ms
step:876/3300 train_loss:3.78012 train_time:1059.698s step_avg:1209.70ms
step:877/3300 train_loss:3.72562 train_time:1060.894s step_avg:1209.69ms
step:878/3300 train_loss:3.79045 train_time:1062.084s step_avg:1209.66ms
step:879/3300 train_loss:3.73973 train_time:1063.296s step_avg:1209.67ms
step:880/3300 train_loss:3.70813 train_time:1064.505s step_avg:1209.66ms
step:881/3300 train_loss:3.73354 train_time:1065.719s step_avg:1209.67ms
step:882/3300 train_loss:3.74615 train_time:1066.922s step_avg:1209.66ms
step:883/3300 train_loss:3.75023 train_time:1068.122s step_avg:1209.65ms
step:884/3300 train_loss:3.73905 train_time:1069.344s step_avg:1209.66ms
step:885/3300 train_loss:3.71440 train_time:1070.551s step_avg:1209.66ms
step:886/3300 train_loss:3.73743 train_time:1071.751s step_avg:1209.65ms
step:887/3300 train_loss:3.86031 train_time:1072.951s step_avg:1209.64ms
step:888/3300 train_loss:3.75362 train_time:1074.163s step_avg:1209.64ms
step:889/3300 train_loss:3.69008 train_time:1075.382s step_avg:1209.65ms
step:890/3300 train_loss:3.67053 train_time:1076.585s step_avg:1209.65ms
step:891/3300 train_loss:3.73163 train_time:1077.798s step_avg:1209.65ms
step:892/3300 train_loss:3.77042 train_time:1078.996s step_avg:1209.64ms
step:893/3300 train_loss:3.66771 train_time:1080.213s step_avg:1209.64ms
step:894/3300 train_loss:3.76601 train_time:1081.407s step_avg:1209.63ms
step:895/3300 train_loss:3.75460 train_time:1082.623s step_avg:1209.63ms
step:896/3300 train_loss:3.75127 train_time:1083.832s step_avg:1209.63ms
step:897/3300 train_loss:3.74328 train_time:1085.041s step_avg:1209.63ms
step:898/3300 train_loss:3.78177 train_time:1086.245s step_avg:1209.63ms
step:899/3300 train_loss:3.74282 train_time:1087.452s step_avg:1209.62ms
step:900/3300 train_loss:3.68417 train_time:1088.655s step_avg:1209.62ms
step:901/3300 train_loss:3.72399 train_time:1089.860s step_avg:1209.61ms
step:902/3300 train_loss:4.02601 train_time:1091.058s step_avg:1209.60ms
step:903/3300 train_loss:3.71657 train_time:1092.258s step_avg:1209.59ms
step:904/3300 train_loss:3.72568 train_time:1093.464s step_avg:1209.58ms
step:905/3300 train_loss:3.78338 train_time:1094.660s step_avg:1209.57ms
step:906/3300 train_loss:3.78204 train_time:1095.891s step_avg:1209.59ms
step:907/3300 train_loss:3.70817 train_time:1097.102s step_avg:1209.59ms
step:908/3300 train_loss:3.76959 train_time:1098.310s step_avg:1209.59ms
step:909/3300 train_loss:3.87117 train_time:1099.508s step_avg:1209.58ms
step:910/3300 train_loss:3.69394 train_time:1100.713s step_avg:1209.58ms
step:911/3300 train_loss:3.74364 train_time:1101.911s step_avg:1209.56ms
step:912/3300 train_loss:3.69836 train_time:1103.119s step_avg:1209.56ms
step:913/3300 train_loss:3.72953 train_time:1104.311s step_avg:1209.54ms
step:914/3300 train_loss:3.80144 train_time:1105.526s step_avg:1209.55ms
step:915/3300 train_loss:3.74868 train_time:1106.723s step_avg:1209.53ms
step:916/3300 train_loss:3.83221 train_time:1107.940s step_avg:1209.54ms
step:917/3300 train_loss:3.72588 train_time:1109.141s step_avg:1209.53ms
step:918/3300 train_loss:3.87929 train_time:1110.357s step_avg:1209.54ms
step:919/3300 train_loss:3.74316 train_time:1111.552s step_avg:1209.52ms
step:920/3300 train_loss:3.78070 train_time:1112.762s step_avg:1209.52ms
step:921/3300 train_loss:3.69188 train_time:1113.964s step_avg:1209.52ms
step:922/3300 train_loss:3.71306 train_time:1115.164s step_avg:1209.51ms
step:923/3300 train_loss:3.69339 train_time:1116.364s step_avg:1209.50ms
step:924/3300 train_loss:3.74461 train_time:1117.564s step_avg:1209.49ms
step:925/3300 train_loss:3.74039 train_time:1118.769s step_avg:1209.48ms
step:926/3300 train_loss:3.76617 train_time:1119.976s step_avg:1209.48ms
step:927/3300 train_loss:3.69664 train_time:1121.168s step_avg:1209.46ms
step:928/3300 train_loss:3.72392 train_time:1122.365s step_avg:1209.45ms
step:929/3300 train_loss:3.85120 train_time:1123.567s step_avg:1209.44ms
step:930/3300 train_loss:3.70685 train_time:1124.772s step_avg:1209.43ms
step:931/3300 train_loss:3.70864 train_time:1125.990s step_avg:1209.44ms
step:932/3300 train_loss:3.87086 train_time:1127.207s step_avg:1209.45ms
step:933/3300 train_loss:3.70085 train_time:1128.407s step_avg:1209.44ms
step:934/3300 train_loss:3.83418 train_time:1129.631s step_avg:1209.45ms
step:935/3300 train_loss:3.77010 train_time:1130.861s step_avg:1209.48ms
step:936/3300 train_loss:3.72790 train_time:1132.052s step_avg:1209.46ms
step:937/3300 train_loss:3.67685 train_time:1133.252s step_avg:1209.45ms
step:938/3300 train_loss:3.74961 train_time:1134.456s step_avg:1209.44ms
step:939/3300 train_loss:3.71252 train_time:1135.664s step_avg:1209.44ms
step:940/3300 train_loss:3.68905 train_time:1136.885s step_avg:1209.45ms
step:941/3300 train_loss:3.81463 train_time:1138.094s step_avg:1209.45ms
step:942/3300 train_loss:3.70605 train_time:1139.303s step_avg:1209.45ms
step:943/3300 train_loss:3.77146 train_time:1140.501s step_avg:1209.44ms
step:944/3300 train_loss:3.76216 train_time:1141.699s step_avg:1209.43ms
step:945/3300 train_loss:3.73332 train_time:1142.895s step_avg:1209.41ms
step:946/3300 train_loss:3.90574 train_time:1144.097s step_avg:1209.41ms
step:947/3300 train_loss:3.76688 train_time:1145.291s step_avg:1209.39ms
step:948/3300 train_loss:3.70585 train_time:1146.516s step_avg:1209.40ms
step:949/3300 train_loss:3.73190 train_time:1147.720s step_avg:1209.40ms
step:950/3300 train_loss:3.73014 train_time:1148.920s step_avg:1209.39ms
step:951/3300 train_loss:3.70789 train_time:1150.141s step_avg:1209.40ms
step:952/3300 train_loss:3.77389 train_time:1151.340s step_avg:1209.39ms
step:953/3300 train_loss:3.70046 train_time:1152.561s step_avg:1209.40ms
step:954/3300 train_loss:3.73542 train_time:1153.757s step_avg:1209.39ms
step:955/3300 train_loss:3.75518 train_time:1154.950s step_avg:1209.37ms
step:956/3300 train_loss:3.74037 train_time:1156.162s step_avg:1209.37ms
step:957/3300 train_loss:3.81218 train_time:1157.361s step_avg:1209.36ms
step:958/3300 train_loss:3.77214 train_time:1158.560s step_avg:1209.35ms
step:959/3300 train_loss:3.77379 train_time:1159.758s step_avg:1209.34ms
step:960/3300 train_loss:3.69916 train_time:1160.951s step_avg:1209.32ms
step:961/3300 train_loss:3.72759 train_time:1162.147s step_avg:1209.31ms
step:962/3300 train_loss:3.70475 train_time:1163.353s step_avg:1209.31ms
step:963/3300 train_loss:3.70749 train_time:1164.557s step_avg:1209.30ms
step:964/3300 train_loss:3.69348 train_time:1165.764s step_avg:1209.30ms
step:965/3300 train_loss:3.73603 train_time:1166.964s step_avg:1209.29ms
step:966/3300 train_loss:3.74377 train_time:1168.201s step_avg:1209.32ms
step:967/3300 train_loss:3.75329 train_time:1169.393s step_avg:1209.30ms
step:968/3300 train_loss:3.72964 train_time:1170.588s step_avg:1209.28ms
step:969/3300 train_loss:3.70915 train_time:1171.785s step_avg:1209.27ms
step:970/3300 train_loss:3.71126 train_time:1172.991s step_avg:1209.27ms
step:971/3300 train_loss:3.69964 train_time:1174.199s step_avg:1209.27ms
step:972/3300 train_loss:3.72144 train_time:1175.402s step_avg:1209.26ms
step:973/3300 train_loss:3.78181 train_time:1176.607s step_avg:1209.26ms
step:974/3300 train_loss:3.72310 train_time:1177.814s step_avg:1209.25ms
step:975/3300 train_loss:3.76246 train_time:1179.025s step_avg:1209.26ms
step:976/3300 train_loss:3.73826 train_time:1180.211s step_avg:1209.23ms
step:977/3300 train_loss:3.70695 train_time:1181.405s step_avg:1209.22ms
step:978/3300 train_loss:3.67767 train_time:1182.627s step_avg:1209.23ms
step:979/3300 train_loss:3.74251 train_time:1183.829s step_avg:1209.22ms
step:980/3300 train_loss:3.70849 train_time:1185.037s step_avg:1209.22ms
step:981/3300 train_loss:3.73734 train_time:1186.236s step_avg:1209.21ms
step:982/3300 train_loss:3.73708 train_time:1187.453s step_avg:1209.22ms
step:983/3300 train_loss:3.72396 train_time:1188.659s step_avg:1209.22ms
step:984/3300 train_loss:3.80389 train_time:1189.860s step_avg:1209.21ms
step:985/3300 train_loss:3.78081 train_time:1191.059s step_avg:1209.20ms
step:986/3300 train_loss:3.71121 train_time:1192.250s step_avg:1209.18ms
step:987/3300 train_loss:3.73911 train_time:1193.505s step_avg:1209.23ms
step:988/3300 train_loss:3.66824 train_time:1194.703s step_avg:1209.21ms
step:989/3300 train_loss:3.70230 train_time:1195.905s step_avg:1209.21ms
step:990/3300 train_loss:3.71743 train_time:1197.105s step_avg:1209.20ms
step:991/3300 train_loss:3.71608 train_time:1198.295s step_avg:1209.18ms
step:992/3300 train_loss:3.71441 train_time:1199.495s step_avg:1209.17ms
step:993/3300 train_loss:3.70530 train_time:1200.701s step_avg:1209.17ms
step:994/3300 train_loss:3.68980 train_time:1201.897s step_avg:1209.15ms
step:995/3300 train_loss:3.77189 train_time:1203.095s step_avg:1209.14ms
step:996/3300 train_loss:3.67351 train_time:1204.294s step_avg:1209.13ms
step:997/3300 train_loss:3.72860 train_time:1205.493s step_avg:1209.12ms
step:998/3300 train_loss:3.74879 train_time:1206.692s step_avg:1209.11ms
step:999/3300 train_loss:3.75003 train_time:1207.891s step_avg:1209.10ms
step:1000/3300 train_loss:3.74967 train_time:1209.092s step_avg:1209.09ms
step:1000/3300 val_loss:3.69711 train_time:1209.092s step_avg:1204.76ms
step:1001/3300 train_loss:3.67317 train_time:1210.336s step_avg:1209.13ms
step:1002/3300 train_loss:3.73555 train_time:1211.549s step_avg:1209.13ms
step:1003/3300 train_loss:3.73864 train_time:1212.747s step_avg:1209.12ms
step:1004/3300 train_loss:3.75142 train_time:1213.945s step_avg:1209.11ms
step:1005/3300 train_loss:3.72306 train_time:1215.146s step_avg:1209.10ms
step:1006/3300 train_loss:3.67172 train_time:1216.353s step_avg:1209.10ms
step:1007/3300 train_loss:3.75909 train_time:1217.544s step_avg:1209.08ms
step:1008/3300 train_loss:3.76821 train_time:1218.753s step_avg:1209.08ms
step:1009/3300 train_loss:3.76501 train_time:1219.946s step_avg:1209.06ms
step:1010/3300 train_loss:3.69702 train_time:1221.148s step_avg:1209.06ms
step:1011/3300 train_loss:3.73776 train_time:1222.360s step_avg:1209.06ms
step:1012/3300 train_loss:3.63847 train_time:1223.562s step_avg:1209.05ms
step:1013/3300 train_loss:3.72818 train_time:1224.761s step_avg:1209.04ms
step:1014/3300 train_loss:3.74011 train_time:1226.035s step_avg:1209.11ms
step:1015/3300 train_loss:3.70750 train_time:1227.234s step_avg:1209.10ms
step:1016/3300 train_loss:3.72227 train_time:1228.437s step_avg:1209.09ms
step:1017/3300 train_loss:3.69196 train_time:1229.658s step_avg:1209.10ms
step:1018/3300 train_loss:3.72311 train_time:1230.858s step_avg:1209.09ms
step:1019/3300 train_loss:3.73221 train_time:1232.055s step_avg:1209.08ms
step:1020/3300 train_loss:3.73210 train_time:1233.244s step_avg:1209.06ms
step:1021/3300 train_loss:3.72628 train_time:1234.440s step_avg:1209.05ms
step:1022/3300 train_loss:3.74352 train_time:1235.639s step_avg:1209.04ms
step:1023/3300 train_loss:3.72433 train_time:1236.842s step_avg:1209.03ms
step:1024/3300 train_loss:3.73422 train_time:1238.045s step_avg:1209.03ms
step:1025/3300 train_loss:3.69774 train_time:1239.252s step_avg:1209.03ms
step:1026/3300 train_loss:3.71406 train_time:1240.453s step_avg:1209.02ms
step:1027/3300 train_loss:3.71097 train_time:1241.703s step_avg:1209.06ms
step:1028/3300 train_loss:3.71945 train_time:1242.899s step_avg:1209.05ms
step:1029/3300 train_loss:3.77920 train_time:1244.087s step_avg:1209.02ms
step:1030/3300 train_loss:3.71408 train_time:1245.290s step_avg:1209.02ms
step:1031/3300 train_loss:3.67730 train_time:1246.482s step_avg:1209.00ms
step:1032/3300 train_loss:3.73449 train_time:1247.688s step_avg:1209.00ms
step:1033/3300 train_loss:3.72409 train_time:1248.887s step_avg:1208.99ms
step:1034/3300 train_loss:3.70417 train_time:1250.088s step_avg:1208.98ms
step:1035/3300 train_loss:3.70076 train_time:1251.289s step_avg:1208.97ms
step:1036/3300 train_loss:3.92970 train_time:1252.482s step_avg:1208.96ms
step:1037/3300 train_loss:3.71918 train_time:1253.679s step_avg:1208.95ms
step:1038/3300 train_loss:3.72560 train_time:1254.880s step_avg:1208.94ms
step:1039/3300 train_loss:3.73388 train_time:1256.084s step_avg:1208.94ms
step:1040/3300 train_loss:3.69987 train_time:1257.292s step_avg:1208.93ms
step:1041/3300 train_loss:3.69864 train_time:1258.500s step_avg:1208.93ms
step:1042/3300 train_loss:3.75813 train_time:1259.717s step_avg:1208.94ms
step:1043/3300 train_loss:3.72367 train_time:1260.915s step_avg:1208.93ms
step:1044/3300 train_loss:3.63791 train_time:1262.135s step_avg:1208.94ms
step:1045/3300 train_loss:3.71858 train_time:1263.328s step_avg:1208.93ms
step:1046/3300 train_loss:3.71832 train_time:1264.523s step_avg:1208.91ms
step:1047/3300 train_loss:3.79097 train_time:1265.787s step_avg:1208.97ms
step:1048/3300 train_loss:3.68250 train_time:1267.029s step_avg:1209.00ms
step:1049/3300 train_loss:3.66574 train_time:1268.298s step_avg:1209.05ms
step:1050/3300 train_loss:3.80544 train_time:1269.502s step_avg:1209.05ms
step:1051/3300 train_loss:3.71379 train_time:1270.703s step_avg:1209.04ms
step:1052/3300 train_loss:3.69412 train_time:1271.905s step_avg:1209.03ms
step:1053/3300 train_loss:3.72465 train_time:1273.106s step_avg:1209.03ms
step:1054/3300 train_loss:3.64315 train_time:1274.301s step_avg:1209.01ms
step:1055/3300 train_loss:3.67092 train_time:1275.498s step_avg:1209.00ms
step:1056/3300 train_loss:3.67112 train_time:1276.688s step_avg:1208.99ms
step:1057/3300 train_loss:3.71223 train_time:1277.883s step_avg:1208.97ms
step:1058/3300 train_loss:3.70364 train_time:1279.075s step_avg:1208.96ms
step:1059/3300 train_loss:3.74343 train_time:1280.275s step_avg:1208.95ms
step:1060/3300 train_loss:3.63091 train_time:1281.530s step_avg:1208.99ms
step:1061/3300 train_loss:3.77030 train_time:1282.728s step_avg:1208.98ms
step:1062/3300 train_loss:3.69805 train_time:1283.924s step_avg:1208.97ms
step:1063/3300 train_loss:3.66884 train_time:1285.119s step_avg:1208.95ms
step:1064/3300 train_loss:3.72482 train_time:1286.310s step_avg:1208.94ms
step:1065/3300 train_loss:3.65945 train_time:1287.527s step_avg:1208.95ms
step:1066/3300 train_loss:3.69421 train_time:1288.732s step_avg:1208.94ms
step:1067/3300 train_loss:3.70558 train_time:1289.938s step_avg:1208.94ms
step:1068/3300 train_loss:3.72141 train_time:1291.134s step_avg:1208.93ms
step:1069/3300 train_loss:3.70549 train_time:1292.325s step_avg:1208.91ms
step:1070/3300 train_loss:3.71720 train_time:1293.522s step_avg:1208.90ms
step:1071/3300 train_loss:3.63895 train_time:1294.714s step_avg:1208.88ms
step:1072/3300 train_loss:3.73121 train_time:1295.915s step_avg:1208.88ms
step:1073/3300 train_loss:3.62164 train_time:1297.119s step_avg:1208.87ms
step:1074/3300 train_loss:3.72300 train_time:1298.325s step_avg:1208.87ms
step:1075/3300 train_loss:3.68568 train_time:1299.552s step_avg:1208.89ms
step:1076/3300 train_loss:3.76062 train_time:1300.767s step_avg:1208.89ms
step:1077/3300 train_loss:3.72480 train_time:1301.967s step_avg:1208.88ms
step:1078/3300 train_loss:3.66158 train_time:1303.179s step_avg:1208.89ms
step:1079/3300 train_loss:3.69846 train_time:1304.374s step_avg:1208.87ms
step:1080/3300 train_loss:3.69897 train_time:1305.574s step_avg:1208.87ms
step:1081/3300 train_loss:3.67794 train_time:1306.773s step_avg:1208.86ms
step:1082/3300 train_loss:3.67663 train_time:1307.972s step_avg:1208.85ms
step:1083/3300 train_loss:3.70716 train_time:1309.170s step_avg:1208.84ms
step:1084/3300 train_loss:3.68121 train_time:1310.374s step_avg:1208.83ms
step:1085/3300 train_loss:3.69682 train_time:1311.580s step_avg:1208.83ms
step:1086/3300 train_loss:3.70829 train_time:1312.775s step_avg:1208.82ms
step:1087/3300 train_loss:3.68099 train_time:1313.972s step_avg:1208.81ms
step:1088/3300 train_loss:3.66785 train_time:1315.167s step_avg:1208.79ms
step:1089/3300 train_loss:3.65479 train_time:1316.404s step_avg:1208.82ms
step:1090/3300 train_loss:3.71636 train_time:1317.603s step_avg:1208.81ms
step:1091/3300 train_loss:3.69246 train_time:1318.864s step_avg:1208.86ms
step:1092/3300 train_loss:3.65151 train_time:1320.063s step_avg:1208.85ms
step:1093/3300 train_loss:3.69840 train_time:1321.280s step_avg:1208.86ms
step:1094/3300 train_loss:3.72785 train_time:1322.492s step_avg:1208.86ms
step:1095/3300 train_loss:3.63076 train_time:1323.685s step_avg:1208.84ms
step:1096/3300 train_loss:3.66341 train_time:1324.887s step_avg:1208.84ms
step:1097/3300 train_loss:3.73216 train_time:1326.092s step_avg:1208.83ms
step:1098/3300 train_loss:3.73527 train_time:1327.290s step_avg:1208.83ms
step:1099/3300 train_loss:3.72800 train_time:1328.501s step_avg:1208.83ms
step:1100/3300 train_loss:3.70727 train_time:1329.716s step_avg:1208.83ms
step:1101/3300 train_loss:3.70896 train_time:1330.939s step_avg:1208.85ms
step:1102/3300 train_loss:3.70566 train_time:1332.138s step_avg:1208.84ms
step:1103/3300 train_loss:3.69979 train_time:1333.329s step_avg:1208.82ms
step:1104/3300 train_loss:3.75797 train_time:1334.527s step_avg:1208.81ms
step:1105/3300 train_loss:3.80657 train_time:1335.725s step_avg:1208.80ms
step:1106/3300 train_loss:3.72861 train_time:1336.942s step_avg:1208.81ms
step:1107/3300 train_loss:3.72734 train_time:1338.133s step_avg:1208.79ms
step:1108/3300 train_loss:3.67543 train_time:1339.326s step_avg:1208.78ms
step:1109/3300 train_loss:3.68681 train_time:1340.631s step_avg:1208.86ms
step:1110/3300 train_loss:3.64104 train_time:1341.828s step_avg:1208.85ms
step:1111/3300 train_loss:3.59556 train_time:1343.023s step_avg:1208.84ms
step:1112/3300 train_loss:3.63873 train_time:1344.219s step_avg:1208.83ms
step:1113/3300 train_loss:3.74019 train_time:1345.415s step_avg:1208.82ms
step:1114/3300 train_loss:3.71159 train_time:1346.634s step_avg:1208.83ms
step:1115/3300 train_loss:3.73264 train_time:1347.836s step_avg:1208.82ms
step:1116/3300 train_loss:3.75024 train_time:1349.051s step_avg:1208.83ms
step:1117/3300 train_loss:3.76283 train_time:1350.250s step_avg:1208.82ms
step:1118/3300 train_loss:3.68245 train_time:1351.459s step_avg:1208.82ms
step:1119/3300 train_loss:3.67776 train_time:1352.662s step_avg:1208.81ms
step:1120/3300 train_loss:3.77495 train_time:1353.850s step_avg:1208.80ms
step:1121/3300 train_loss:3.70564 train_time:1355.063s step_avg:1208.80ms
step:1122/3300 train_loss:3.64252 train_time:1356.262s step_avg:1208.79ms
step:1123/3300 train_loss:3.66842 train_time:1357.468s step_avg:1208.79ms
step:1124/3300 train_loss:3.68411 train_time:1358.680s step_avg:1208.79ms
step:1125/3300 train_loss:3.70205 train_time:1359.897s step_avg:1208.80ms
step:1125/3300 val_loss:3.66654 train_time:1359.897s step_avg:1206.44ms
step:1126/3300 train_loss:3.64656 train_time:1361.097s step_avg:1208.79ms
step:1127/3300 train_loss:3.73430 train_time:1362.295s step_avg:1208.78ms
step:1128/3300 train_loss:3.67725 train_time:1363.495s step_avg:1208.77ms
step:1129/3300 train_loss:3.67635 train_time:1364.698s step_avg:1208.77ms
step:1130/3300 train_loss:3.66487 train_time:1365.898s step_avg:1208.76ms
step:1131/3300 train_loss:3.69079 train_time:1367.115s step_avg:1208.77ms
step:1132/3300 train_loss:3.68342 train_time:1368.322s step_avg:1208.77ms
step:1133/3300 train_loss:3.73365 train_time:1369.524s step_avg:1208.76ms
step:1134/3300 train_loss:3.69849 train_time:1370.736s step_avg:1208.76ms
step:1135/3300 train_loss:3.72692 train_time:1371.936s step_avg:1208.75ms
step:1136/3300 train_loss:3.66693 train_time:1373.142s step_avg:1208.75ms
step:1137/3300 train_loss:3.78185 train_time:1374.341s step_avg:1208.74ms
step:1138/3300 train_loss:3.65360 train_time:1375.538s step_avg:1208.73ms
step:1139/3300 train_loss:3.69538 train_time:1376.737s step_avg:1208.72ms
step:1140/3300 train_loss:3.67640 train_time:1378.012s step_avg:1208.78ms
step:1141/3300 train_loss:3.73784 train_time:1379.255s step_avg:1208.81ms
step:1142/3300 train_loss:3.68678 train_time:1380.454s step_avg:1208.80ms
step:1143/3300 train_loss:3.66149 train_time:1381.643s step_avg:1208.79ms
step:1144/3300 train_loss:3.67172 train_time:1382.894s step_avg:1208.82ms
step:1145/3300 train_loss:3.71828 train_time:1384.103s step_avg:1208.82ms
step:1146/3300 train_loss:3.76859 train_time:1385.307s step_avg:1208.82ms
step:1147/3300 train_loss:3.71649 train_time:1386.521s step_avg:1208.82ms
step:1148/3300 train_loss:3.75705 train_time:1387.738s step_avg:1208.83ms
step:1149/3300 train_loss:3.66080 train_time:1388.932s step_avg:1208.82ms
step:1150/3300 train_loss:3.64183 train_time:1390.122s step_avg:1208.80ms
step:1151/3300 train_loss:3.66308 train_time:1391.314s step_avg:1208.79ms
step:1152/3300 train_loss:3.74703 train_time:1392.501s step_avg:1208.77ms
step:1153/3300 train_loss:3.64725 train_time:1393.689s step_avg:1208.75ms
step:1154/3300 train_loss:3.68347 train_time:1394.892s step_avg:1208.75ms
step:1155/3300 train_loss:3.72830 train_time:1396.090s step_avg:1208.74ms
step:1156/3300 train_loss:3.71432 train_time:1397.285s step_avg:1208.72ms
step:1157/3300 train_loss:3.68245 train_time:1398.502s step_avg:1208.73ms
step:1158/3300 train_loss:3.73236 train_time:1399.706s step_avg:1208.73ms
step:1159/3300 train_loss:3.68506 train_time:1400.902s step_avg:1208.72ms
step:1160/3300 train_loss:3.65525 train_time:1402.098s step_avg:1208.71ms
step:1161/3300 train_loss:3.59574 train_time:1403.306s step_avg:1208.70ms
step:1162/3300 train_loss:3.70198 train_time:1404.506s step_avg:1208.70ms
step:1163/3300 train_loss:3.66579 train_time:1405.715s step_avg:1208.70ms
step:1164/3300 train_loss:3.63899 train_time:1406.907s step_avg:1208.68ms
step:1165/3300 train_loss:3.67537 train_time:1408.108s step_avg:1208.68ms
step:1166/3300 train_loss:3.68667 train_time:1409.313s step_avg:1208.67ms
step:1167/3300 train_loss:3.70146 train_time:1410.505s step_avg:1208.66ms
step:1168/3300 train_loss:3.69591 train_time:1411.704s step_avg:1208.65ms
step:1169/3300 train_loss:3.63794 train_time:1412.906s step_avg:1208.64ms
step:1170/3300 train_loss:3.70811 train_time:1414.110s step_avg:1208.64ms
step:1171/3300 train_loss:3.61553 train_time:1415.322s step_avg:1208.64ms
step:1172/3300 train_loss:3.66698 train_time:1416.528s step_avg:1208.64ms
step:1173/3300 train_loss:3.81899 train_time:1417.724s step_avg:1208.63ms
step:1174/3300 train_loss:3.64426 train_time:1418.922s step_avg:1208.62ms
step:1175/3300 train_loss:3.66282 train_time:1420.121s step_avg:1208.61ms
step:1176/3300 train_loss:3.62629 train_time:1421.322s step_avg:1208.61ms
step:1177/3300 train_loss:3.67679 train_time:1422.532s step_avg:1208.61ms
step:1178/3300 train_loss:3.65734 train_time:1423.737s step_avg:1208.61ms
step:1179/3300 train_loss:3.74453 train_time:1424.940s step_avg:1208.60ms
step:1180/3300 train_loss:3.66073 train_time:1426.129s step_avg:1208.58ms
step:1181/3300 train_loss:3.63499 train_time:1427.326s step_avg:1208.57ms
step:1182/3300 train_loss:3.67479 train_time:1428.531s step_avg:1208.57ms
step:1183/3300 train_loss:3.65666 train_time:1429.734s step_avg:1208.57ms
step:1184/3300 train_loss:3.64785 train_time:1430.924s step_avg:1208.55ms
step:1185/3300 train_loss:3.69728 train_time:1432.119s step_avg:1208.54ms
step:1186/3300 train_loss:3.60900 train_time:1433.313s step_avg:1208.53ms
step:1187/3300 train_loss:3.69757 train_time:1434.532s step_avg:1208.54ms
step:1188/3300 train_loss:3.67890 train_time:1435.747s step_avg:1208.54ms
step:1189/3300 train_loss:3.68241 train_time:1436.953s step_avg:1208.54ms
step:1190/3300 train_loss:3.68511 train_time:1438.151s step_avg:1208.53ms
step:1191/3300 train_loss:3.80076 train_time:1439.345s step_avg:1208.52ms
step:1192/3300 train_loss:3.74972 train_time:1440.543s step_avg:1208.51ms
step:1193/3300 train_loss:3.64642 train_time:1441.733s step_avg:1208.49ms
step:1194/3300 train_loss:3.67619 train_time:1442.927s step_avg:1208.48ms
step:1195/3300 train_loss:3.66020 train_time:1444.127s step_avg:1208.47ms
step:1196/3300 train_loss:3.66474 train_time:1445.352s step_avg:1208.49ms
step:1197/3300 train_loss:3.74294 train_time:1446.551s step_avg:1208.48ms
step:1198/3300 train_loss:3.69132 train_time:1447.773s step_avg:1208.49ms
step:1199/3300 train_loss:3.64156 train_time:1448.979s step_avg:1208.49ms
step:1200/3300 train_loss:3.64667 train_time:1450.194s step_avg:1208.49ms
step:1201/3300 train_loss:3.68993 train_time:1451.391s step_avg:1208.49ms
step:1202/3300 train_loss:3.69417 train_time:1452.592s step_avg:1208.48ms
step:1203/3300 train_loss:3.62878 train_time:1453.802s step_avg:1208.48ms
step:1204/3300 train_loss:3.69224 train_time:1454.993s step_avg:1208.47ms
step:1205/3300 train_loss:3.68833 train_time:1456.189s step_avg:1208.46ms
step:1206/3300 train_loss:3.61397 train_time:1457.389s step_avg:1208.45ms
step:1207/3300 train_loss:3.71682 train_time:1458.600s step_avg:1208.45ms
step:1208/3300 train_loss:3.65695 train_time:1459.792s step_avg:1208.44ms
step:1209/3300 train_loss:3.66068 train_time:1460.991s step_avg:1208.43ms
step:1210/3300 train_loss:3.64047 train_time:1462.189s step_avg:1208.42ms
step:1211/3300 train_loss:3.70782 train_time:1463.388s step_avg:1208.41ms
step:1212/3300 train_loss:3.63006 train_time:1464.595s step_avg:1208.41ms
step:1213/3300 train_loss:3.65887 train_time:1465.806s step_avg:1208.41ms
step:1214/3300 train_loss:3.62080 train_time:1467.016s step_avg:1208.42ms
step:1215/3300 train_loss:3.65979 train_time:1468.218s step_avg:1208.41ms
step:1216/3300 train_loss:3.64375 train_time:1469.424s step_avg:1208.41ms
step:1217/3300 train_loss:3.63164 train_time:1470.625s step_avg:1208.40ms
step:1218/3300 train_loss:3.64086 train_time:1471.818s step_avg:1208.39ms
step:1219/3300 train_loss:3.74011 train_time:1473.011s step_avg:1208.38ms
step:1220/3300 train_loss:3.69125 train_time:1474.219s step_avg:1208.38ms
step:1221/3300 train_loss:3.64384 train_time:1475.426s step_avg:1208.37ms
step:1222/3300 train_loss:3.70026 train_time:1476.656s step_avg:1208.39ms
step:1223/3300 train_loss:3.64893 train_time:1477.860s step_avg:1208.39ms
step:1224/3300 train_loss:3.66751 train_time:1479.061s step_avg:1208.38ms
step:1225/3300 train_loss:3.62019 train_time:1480.266s step_avg:1208.38ms
step:1226/3300 train_loss:3.67360 train_time:1481.470s step_avg:1208.38ms
step:1227/3300 train_loss:3.65794 train_time:1482.668s step_avg:1208.37ms
step:1228/3300 train_loss:3.63675 train_time:1483.869s step_avg:1208.36ms
step:1229/3300 train_loss:3.65641 train_time:1485.072s step_avg:1208.36ms
step:1230/3300 train_loss:3.63066 train_time:1486.277s step_avg:1208.35ms
step:1231/3300 train_loss:3.71055 train_time:1487.477s step_avg:1208.35ms
step:1232/3300 train_loss:3.66230 train_time:1488.682s step_avg:1208.35ms
step:1233/3300 train_loss:3.62209 train_time:1489.872s step_avg:1208.33ms
step:1234/3300 train_loss:3.69641 train_time:1491.072s step_avg:1208.32ms
step:1235/3300 train_loss:3.66082 train_time:1492.272s step_avg:1208.32ms
step:1236/3300 train_loss:3.66722 train_time:1493.486s step_avg:1208.32ms
step:1237/3300 train_loss:3.62219 train_time:1494.692s step_avg:1208.32ms
step:1238/3300 train_loss:3.61460 train_time:1495.906s step_avg:1208.33ms
step:1239/3300 train_loss:3.67726 train_time:1497.107s step_avg:1208.32ms
step:1240/3300 train_loss:3.60862 train_time:1498.312s step_avg:1208.32ms
step:1241/3300 train_loss:3.72148 train_time:1499.510s step_avg:1208.31ms
step:1242/3300 train_loss:3.74259 train_time:1500.708s step_avg:1208.30ms
step:1243/3300 train_loss:3.67841 train_time:1501.907s step_avg:1208.29ms
step:1244/3300 train_loss:3.64206 train_time:1503.115s step_avg:1208.29ms
step:1245/3300 train_loss:3.66746 train_time:1504.320s step_avg:1208.29ms
step:1246/3300 train_loss:3.61346 train_time:1505.519s step_avg:1208.28ms
step:1247/3300 train_loss:3.61789 train_time:1506.737s step_avg:1208.29ms
step:1248/3300 train_loss:3.68197 train_time:1507.941s step_avg:1208.29ms
step:1249/3300 train_loss:3.64688 train_time:1509.151s step_avg:1208.29ms
step:1250/3300 train_loss:3.59204 train_time:1510.356s step_avg:1208.29ms
step:1250/3300 val_loss:3.63662 train_time:1510.357s step_avg:1203.68ms
step:1251/3300 train_loss:3.62773 train_time:1511.552s step_avg:1208.27ms
step:1252/3300 train_loss:3.63589 train_time:1512.740s step_avg:1208.26ms
step:1253/3300 train_loss:3.66388 train_time:1513.940s step_avg:1208.25ms
step:1254/3300 train_loss:3.67574 train_time:1515.146s step_avg:1208.25ms
step:1255/3300 train_loss:3.67239 train_time:1516.342s step_avg:1208.24ms
step:1256/3300 train_loss:3.66134 train_time:1517.539s step_avg:1208.23ms
step:1257/3300 train_loss:3.61637 train_time:1518.743s step_avg:1208.23ms
step:1258/3300 train_loss:3.83086 train_time:1519.938s step_avg:1208.22ms
step:1259/3300 train_loss:3.66519 train_time:1521.157s step_avg:1208.23ms
step:1260/3300 train_loss:3.62099 train_time:1522.357s step_avg:1208.22ms
step:1261/3300 train_loss:3.65239 train_time:1523.552s step_avg:1208.21ms
step:1262/3300 train_loss:3.67965 train_time:1524.759s step_avg:1208.21ms
step:1263/3300 train_loss:3.64840 train_time:1525.958s step_avg:1208.20ms
step:1264/3300 train_loss:3.63465 train_time:1527.156s step_avg:1208.19ms
step:1265/3300 train_loss:3.66587 train_time:1528.362s step_avg:1208.19ms
step:1266/3300 train_loss:3.64836 train_time:1529.556s step_avg:1208.18ms
step:1267/3300 train_loss:3.58274 train_time:1530.755s step_avg:1208.17ms
step:1268/3300 train_loss:3.59974 train_time:1531.949s step_avg:1208.16ms
step:1269/3300 train_loss:3.62705 train_time:1533.147s step_avg:1208.15ms
step:1270/3300 train_loss:3.67268 train_time:1534.343s step_avg:1208.14ms
step:1271/3300 train_loss:3.63310 train_time:1535.553s step_avg:1208.15ms
step:1272/3300 train_loss:3.66355 train_time:1536.776s step_avg:1208.16ms
step:1273/3300 train_loss:3.67762 train_time:1537.982s step_avg:1208.16ms
step:1274/3300 train_loss:3.68784 train_time:1539.177s step_avg:1208.15ms
step:1275/3300 train_loss:3.60057 train_time:1540.376s step_avg:1208.14ms
step:1276/3300 train_loss:3.66732 train_time:1541.580s step_avg:1208.13ms
step:1277/3300 train_loss:3.61026 train_time:1542.781s step_avg:1208.13ms
step:1278/3300 train_loss:3.68557 train_time:1543.981s step_avg:1208.12ms
step:1279/3300 train_loss:3.63315 train_time:1545.201s step_avg:1208.13ms
step:1280/3300 train_loss:3.69492 train_time:1546.401s step_avg:1208.13ms
step:1281/3300 train_loss:3.65703 train_time:1547.606s step_avg:1208.12ms
step:1282/3300 train_loss:3.69643 train_time:1548.811s step_avg:1208.12ms
step:1283/3300 train_loss:3.58564 train_time:1550.008s step_avg:1208.11ms
step:1284/3300 train_loss:3.62543 train_time:1551.218s step_avg:1208.11ms
step:1285/3300 train_loss:3.64059 train_time:1552.422s step_avg:1208.11ms
step:1286/3300 train_loss:3.74772 train_time:1553.620s step_avg:1208.10ms
step:1287/3300 train_loss:3.66522 train_time:1554.846s step_avg:1208.12ms
step:1288/3300 train_loss:3.64736 train_time:1556.046s step_avg:1208.11ms
step:1289/3300 train_loss:3.61889 train_time:1557.244s step_avg:1208.10ms
step:1290/3300 train_loss:3.61755 train_time:1558.445s step_avg:1208.10ms
step:1291/3300 train_loss:3.63759 train_time:1559.644s step_avg:1208.09ms
step:1292/3300 train_loss:3.69284 train_time:1560.840s step_avg:1208.08ms
step:1293/3300 train_loss:3.67675 train_time:1562.043s step_avg:1208.08ms
step:1294/3300 train_loss:3.64387 train_time:1563.237s step_avg:1208.07ms
step:1295/3300 train_loss:3.68248 train_time:1564.431s step_avg:1208.05ms
step:1296/3300 train_loss:3.70767 train_time:1565.624s step_avg:1208.04ms
step:1297/3300 train_loss:3.60529 train_time:1566.822s step_avg:1208.04ms
step:1298/3300 train_loss:3.69268 train_time:1568.015s step_avg:1208.02ms
step:1299/3300 train_loss:3.62132 train_time:1569.204s step_avg:1208.01ms
step:1300/3300 train_loss:3.66236 train_time:1570.400s step_avg:1208.00ms
step:1301/3300 train_loss:3.67653 train_time:1571.601s step_avg:1207.99ms
step:1302/3300 train_loss:3.67574 train_time:1572.795s step_avg:1207.98ms
step:1303/3300 train_loss:3.66748 train_time:1573.981s step_avg:1207.97ms
step:1304/3300 train_loss:3.64164 train_time:1575.197s step_avg:1207.97ms
step:1305/3300 train_loss:3.59337 train_time:1576.382s step_avg:1207.96ms
step:1306/3300 train_loss:3.64356 train_time:1577.578s step_avg:1207.95ms
step:1307/3300 train_loss:3.58981 train_time:1578.798s step_avg:1207.96ms
step:1308/3300 train_loss:3.62174 train_time:1580.012s step_avg:1207.96ms
step:1309/3300 train_loss:3.71564 train_time:1581.221s step_avg:1207.96ms
step:1310/3300 train_loss:3.57472 train_time:1582.426s step_avg:1207.96ms
step:1311/3300 train_loss:3.63611 train_time:1583.629s step_avg:1207.96ms
step:1312/3300 train_loss:3.63798 train_time:1584.851s step_avg:1207.97ms
step:1313/3300 train_loss:3.61488 train_time:1586.062s step_avg:1207.97ms
step:1314/3300 train_loss:3.54427 train_time:1587.265s step_avg:1207.96ms
step:1315/3300 train_loss:3.70032 train_time:1588.488s step_avg:1207.98ms
step:1316/3300 train_loss:3.69935 train_time:1589.691s step_avg:1207.97ms
step:1317/3300 train_loss:3.63620 train_time:1590.903s step_avg:1207.98ms
step:1318/3300 train_loss:3.61764 train_time:1592.125s step_avg:1207.99ms
step:1319/3300 train_loss:3.71693 train_time:1593.327s step_avg:1207.98ms
step:1320/3300 train_loss:3.66889 train_time:1594.527s step_avg:1207.98ms
step:1321/3300 train_loss:3.77177 train_time:1595.735s step_avg:1207.98ms
step:1322/3300 train_loss:3.62307 train_time:1596.968s step_avg:1207.99ms
step:1323/3300 train_loss:3.68652 train_time:1598.190s step_avg:1208.00ms
step:1324/3300 train_loss:3.69346 train_time:1599.388s step_avg:1208.00ms
step:1325/3300 train_loss:3.61220 train_time:1600.586s step_avg:1207.99ms
step:1326/3300 train_loss:3.61009 train_time:1601.790s step_avg:1207.99ms
step:1327/3300 train_loss:3.65177 train_time:1602.991s step_avg:1207.98ms
step:1328/3300 train_loss:3.55439 train_time:1604.185s step_avg:1207.97ms
step:1329/3300 train_loss:3.65259 train_time:1605.387s step_avg:1207.97ms
step:1330/3300 train_loss:3.67464 train_time:1606.588s step_avg:1207.96ms
step:1331/3300 train_loss:3.66328 train_time:1607.817s step_avg:1207.98ms
step:1332/3300 train_loss:3.73140 train_time:1609.020s step_avg:1207.97ms
step:1333/3300 train_loss:3.65772 train_time:1610.230s step_avg:1207.97ms
step:1334/3300 train_loss:3.65860 train_time:1611.434s step_avg:1207.97ms
step:1335/3300 train_loss:3.70494 train_time:1612.627s step_avg:1207.96ms
step:1336/3300 train_loss:3.65522 train_time:1613.825s step_avg:1207.95ms
step:1337/3300 train_loss:3.65835 train_time:1615.042s step_avg:1207.96ms
step:1338/3300 train_loss:3.63984 train_time:1616.248s step_avg:1207.96ms
step:1339/3300 train_loss:3.63472 train_time:1617.445s step_avg:1207.95ms
step:1340/3300 train_loss:3.65461 train_time:1618.655s step_avg:1207.95ms
step:1341/3300 train_loss:3.66079 train_time:1619.867s step_avg:1207.95ms
step:1342/3300 train_loss:3.72644 train_time:1621.075s step_avg:1207.95ms
step:1343/3300 train_loss:3.66915 train_time:1622.271s step_avg:1207.95ms
step:1344/3300 train_loss:3.62151 train_time:1623.463s step_avg:1207.93ms
step:1345/3300 train_loss:3.54866 train_time:1624.661s step_avg:1207.93ms
step:1346/3300 train_loss:3.62431 train_time:1625.887s step_avg:1207.94ms
step:1347/3300 train_loss:3.64816 train_time:1627.103s step_avg:1207.95ms
step:1348/3300 train_loss:3.64043 train_time:1628.373s step_avg:1207.99ms
step:1349/3300 train_loss:3.62249 train_time:1629.619s step_avg:1208.02ms
step:1350/3300 train_loss:3.65066 train_time:1630.828s step_avg:1208.02ms
step:1351/3300 train_loss:3.68027 train_time:1632.032s step_avg:1208.02ms
step:1352/3300 train_loss:3.60262 train_time:1633.234s step_avg:1208.01ms
step:1353/3300 train_loss:3.64627 train_time:1634.430s step_avg:1208.00ms
step:1354/3300 train_loss:3.63057 train_time:1635.654s step_avg:1208.02ms
step:1355/3300 train_loss:3.57056 train_time:1636.848s step_avg:1208.01ms
step:1356/3300 train_loss:3.67081 train_time:1638.064s step_avg:1208.01ms
step:1357/3300 train_loss:3.81997 train_time:1639.253s step_avg:1208.00ms
step:1358/3300 train_loss:3.65146 train_time:1640.445s step_avg:1207.99ms
step:1359/3300 train_loss:3.57625 train_time:1641.657s step_avg:1207.99ms
step:1360/3300 train_loss:3.60948 train_time:1642.850s step_avg:1207.98ms
step:1361/3300 train_loss:3.58687 train_time:1644.051s step_avg:1207.97ms
step:1362/3300 train_loss:3.62682 train_time:1645.246s step_avg:1207.96ms
step:1363/3300 train_loss:3.57227 train_time:1646.449s step_avg:1207.96ms
step:1364/3300 train_loss:3.58882 train_time:1647.645s step_avg:1207.95ms
step:1365/3300 train_loss:3.62678 train_time:1648.846s step_avg:1207.95ms
step:1366/3300 train_loss:3.65051 train_time:1650.051s step_avg:1207.94ms
step:1367/3300 train_loss:3.62599 train_time:1651.249s step_avg:1207.94ms
step:1368/3300 train_loss:3.69520 train_time:1652.445s step_avg:1207.93ms
step:1369/3300 train_loss:3.63327 train_time:1653.639s step_avg:1207.92ms
step:1370/3300 train_loss:3.70105 train_time:1654.844s step_avg:1207.92ms
step:1371/3300 train_loss:3.62204 train_time:1656.046s step_avg:1207.91ms
step:1372/3300 train_loss:3.66794 train_time:1657.252s step_avg:1207.91ms
step:1373/3300 train_loss:3.64813 train_time:1658.449s step_avg:1207.90ms
step:1374/3300 train_loss:3.60406 train_time:1659.652s step_avg:1207.90ms
step:1375/3300 train_loss:3.62940 train_time:1660.872s step_avg:1207.91ms
step:1375/3300 val_loss:3.60648 train_time:1660.872s step_avg:1204.12ms
step:1376/3300 train_loss:3.66763 train_time:1662.069s step_avg:1207.90ms
step:1377/3300 train_loss:3.62262 train_time:1663.293s step_avg:1207.91ms
step:1378/3300 train_loss:3.65057 train_time:1664.517s step_avg:1207.92ms
step:1379/3300 train_loss:3.56847 train_time:1665.709s step_avg:1207.91ms
step:1380/3300 train_loss:3.56291 train_time:1666.917s step_avg:1207.91ms
step:1381/3300 train_loss:3.67622 train_time:1668.113s step_avg:1207.90ms
step:1382/3300 train_loss:3.62863 train_time:1669.315s step_avg:1207.90ms
step:1383/3300 train_loss:3.63468 train_time:1670.514s step_avg:1207.89ms
step:1384/3300 train_loss:3.60838 train_time:1671.713s step_avg:1207.89ms
step:1385/3300 train_loss:3.58697 train_time:1672.914s step_avg:1207.88ms
step:1386/3300 train_loss:3.64830 train_time:1674.123s step_avg:1207.88ms
step:1387/3300 train_loss:3.64064 train_time:1675.313s step_avg:1207.87ms
step:1388/3300 train_loss:3.62027 train_time:1676.511s step_avg:1207.86ms
step:1389/3300 train_loss:3.65300 train_time:1677.710s step_avg:1207.85ms
step:1390/3300 train_loss:3.63441 train_time:1678.914s step_avg:1207.85ms
step:1391/3300 train_loss:3.67728 train_time:1680.125s step_avg:1207.85ms
step:1392/3300 train_loss:3.62201 train_time:1681.321s step_avg:1207.85ms
step:1393/3300 train_loss:3.62745 train_time:1682.515s step_avg:1207.84ms
step:1394/3300 train_loss:3.67982 train_time:1683.710s step_avg:1207.83ms
step:1395/3300 train_loss:3.63431 train_time:1684.906s step_avg:1207.82ms
step:1396/3300 train_loss:3.62992 train_time:1686.137s step_avg:1207.83ms
step:1397/3300 train_loss:3.59805 train_time:1687.334s step_avg:1207.83ms
step:1398/3300 train_loss:3.60479 train_time:1688.534s step_avg:1207.82ms
step:1399/3300 train_loss:3.58665 train_time:1689.734s step_avg:1207.82ms
step:1400/3300 train_loss:3.62812 train_time:1690.930s step_avg:1207.81ms
step:1401/3300 train_loss:3.58247 train_time:1692.138s step_avg:1207.81ms
step:1402/3300 train_loss:3.61839 train_time:1693.333s step_avg:1207.80ms
step:1403/3300 train_loss:3.65602 train_time:1694.534s step_avg:1207.79ms
step:1404/3300 train_loss:3.60440 train_time:1695.738s step_avg:1207.79ms
step:1405/3300 train_loss:3.56829 train_time:1696.948s step_avg:1207.79ms
step:1406/3300 train_loss:3.61241 train_time:1698.142s step_avg:1207.78ms
step:1407/3300 train_loss:3.63365 train_time:1699.341s step_avg:1207.78ms
step:1408/3300 train_loss:3.68718 train_time:1700.546s step_avg:1207.77ms
step:1409/3300 train_loss:3.61766 train_time:1701.736s step_avg:1207.76ms
step:1410/3300 train_loss:3.63006 train_time:1702.951s step_avg:1207.77ms
step:1411/3300 train_loss:3.62377 train_time:1704.167s step_avg:1207.77ms
step:1412/3300 train_loss:3.65001 train_time:1705.360s step_avg:1207.76ms
step:1413/3300 train_loss:3.62543 train_time:1706.557s step_avg:1207.75ms
step:1414/3300 train_loss:3.56957 train_time:1707.754s step_avg:1207.75ms
step:1415/3300 train_loss:3.61876 train_time:1708.960s step_avg:1207.75ms
step:1416/3300 train_loss:3.60202 train_time:1710.171s step_avg:1207.75ms
step:1417/3300 train_loss:3.61889 train_time:1711.418s step_avg:1207.78ms
step:1418/3300 train_loss:3.62990 train_time:1712.644s step_avg:1207.79ms
step:1419/3300 train_loss:3.72971 train_time:1713.874s step_avg:1207.80ms
step:1420/3300 train_loss:3.62456 train_time:1715.072s step_avg:1207.80ms
step:1421/3300 train_loss:3.58170 train_time:1716.273s step_avg:1207.79ms
step:1422/3300 train_loss:3.60284 train_time:1717.468s step_avg:1207.78ms
step:1423/3300 train_loss:3.58224 train_time:1718.669s step_avg:1207.78ms
step:1424/3300 train_loss:3.60316 train_time:1719.855s step_avg:1207.76ms
step:1425/3300 train_loss:3.58325 train_time:1721.061s step_avg:1207.76ms
step:1426/3300 train_loss:3.62255 train_time:1722.262s step_avg:1207.76ms
step:1427/3300 train_loss:3.61285 train_time:1723.535s step_avg:1207.80ms
step:1428/3300 train_loss:3.61649 train_time:1724.733s step_avg:1207.80ms
step:1429/3300 train_loss:3.62891 train_time:1725.936s step_avg:1207.79ms
step:1430/3300 train_loss:3.56549 train_time:1727.145s step_avg:1207.79ms
step:1431/3300 train_loss:3.56812 train_time:1728.341s step_avg:1207.79ms
step:1432/3300 train_loss:3.64315 train_time:1729.541s step_avg:1207.78ms
step:1433/3300 train_loss:3.55780 train_time:1730.751s step_avg:1207.78ms
step:1434/3300 train_loss:3.57423 train_time:1731.965s step_avg:1207.79ms
step:1435/3300 train_loss:3.57092 train_time:1733.158s step_avg:1207.78ms
step:1436/3300 train_loss:3.55361 train_time:1734.358s step_avg:1207.77ms
step:1437/3300 train_loss:3.68792 train_time:1735.555s step_avg:1207.76ms
step:1438/3300 train_loss:3.63785 train_time:1736.754s step_avg:1207.76ms
step:1439/3300 train_loss:3.58982 train_time:1737.962s step_avg:1207.76ms
step:1440/3300 train_loss:3.53030 train_time:1739.163s step_avg:1207.75ms
step:1441/3300 train_loss:3.57896 train_time:1740.362s step_avg:1207.75ms
step:1442/3300 train_loss:3.58692 train_time:1741.558s step_avg:1207.74ms
step:1443/3300 train_loss:3.61698 train_time:1742.755s step_avg:1207.73ms
step:1444/3300 train_loss:3.60026 train_time:1743.960s step_avg:1207.73ms
step:1445/3300 train_loss:3.59924 train_time:1745.157s step_avg:1207.72ms
step:1446/3300 train_loss:3.63583 train_time:1746.360s step_avg:1207.72ms
step:1447/3300 train_loss:3.56722 train_time:1747.560s step_avg:1207.71ms
step:1448/3300 train_loss:3.59729 train_time:1748.761s step_avg:1207.71ms
step:1449/3300 train_loss:3.59690 train_time:1749.968s step_avg:1207.71ms
step:1450/3300 train_loss:3.60786 train_time:1751.172s step_avg:1207.71ms
step:1451/3300 train_loss:3.54632 train_time:1752.375s step_avg:1207.70ms
step:1452/3300 train_loss:3.59190 train_time:1753.572s step_avg:1207.69ms
step:1453/3300 train_loss:3.54075 train_time:1754.782s step_avg:1207.70ms
step:1454/3300 train_loss:3.65290 train_time:1755.973s step_avg:1207.68ms
step:1455/3300 train_loss:3.63408 train_time:1757.179s step_avg:1207.68ms
step:1456/3300 train_loss:3.57589 train_time:1758.385s step_avg:1207.68ms
step:1457/3300 train_loss:3.60771 train_time:1759.580s step_avg:1207.67ms
step:1458/3300 train_loss:3.63199 train_time:1760.777s step_avg:1207.67ms
step:1459/3300 train_loss:3.62793 train_time:1761.964s step_avg:1207.65ms
step:1460/3300 train_loss:3.55815 train_time:1763.163s step_avg:1207.65ms
step:1461/3300 train_loss:3.59619 train_time:1764.360s step_avg:1207.64ms
step:1462/3300 train_loss:3.53331 train_time:1765.556s step_avg:1207.63ms
step:1463/3300 train_loss:3.68037 train_time:1766.755s step_avg:1207.62ms
step:1464/3300 train_loss:3.58964 train_time:1767.962s step_avg:1207.62ms
step:1465/3300 train_loss:3.59086 train_time:1769.162s step_avg:1207.62ms
step:1466/3300 train_loss:3.59743 train_time:1770.364s step_avg:1207.62ms
step:1467/3300 train_loss:3.56810 train_time:1771.582s step_avg:1207.62ms
step:1468/3300 train_loss:3.58502 train_time:1772.785s step_avg:1207.62ms
step:1469/3300 train_loss:3.59277 train_time:1773.997s step_avg:1207.62ms
step:1470/3300 train_loss:3.51002 train_time:1775.197s step_avg:1207.62ms
step:1471/3300 train_loss:3.55725 train_time:1776.399s step_avg:1207.61ms
step:1472/3300 train_loss:3.64230 train_time:1777.628s step_avg:1207.63ms
step:1473/3300 train_loss:3.62086 train_time:1778.829s step_avg:1207.62ms
step:1474/3300 train_loss:3.58009 train_time:1780.036s step_avg:1207.62ms
step:1475/3300 train_loss:3.55432 train_time:1781.244s step_avg:1207.62ms
step:1476/3300 train_loss:3.58855 train_time:1782.439s step_avg:1207.61ms
step:1477/3300 train_loss:3.53394 train_time:1783.656s step_avg:1207.62ms
step:1478/3300 train_loss:3.58778 train_time:1784.856s step_avg:1207.62ms
step:1479/3300 train_loss:3.62727 train_time:1786.046s step_avg:1207.60ms
step:1480/3300 train_loss:3.62425 train_time:1787.259s step_avg:1207.61ms
step:1481/3300 train_loss:3.65076 train_time:1788.467s step_avg:1207.61ms
step:1482/3300 train_loss:3.58501 train_time:1789.666s step_avg:1207.60ms
step:1483/3300 train_loss:3.57648 train_time:1790.902s step_avg:1207.62ms
step:1484/3300 train_loss:3.57619 train_time:1792.112s step_avg:1207.62ms
step:1485/3300 train_loss:3.56164 train_time:1793.349s step_avg:1207.64ms
step:1486/3300 train_loss:3.60356 train_time:1794.555s step_avg:1207.64ms
step:1487/3300 train_loss:3.64514 train_time:1795.753s step_avg:1207.64ms
step:1488/3300 train_loss:3.58566 train_time:1796.944s step_avg:1207.62ms
step:1489/3300 train_loss:3.57395 train_time:1798.180s step_avg:1207.64ms
step:1490/3300 train_loss:3.59868 train_time:1799.393s step_avg:1207.65ms
step:1491/3300 train_loss:3.57391 train_time:1800.611s step_avg:1207.65ms
step:1492/3300 train_loss:3.51574 train_time:1801.823s step_avg:1207.66ms
step:1493/3300 train_loss:3.64035 train_time:1803.029s step_avg:1207.66ms
step:1494/3300 train_loss:3.54770 train_time:1804.222s step_avg:1207.65ms
step:1495/3300 train_loss:3.52648 train_time:1805.419s step_avg:1207.64ms
step:1496/3300 train_loss:3.55496 train_time:1806.621s step_avg:1207.63ms
step:1497/3300 train_loss:3.60186 train_time:1807.820s step_avg:1207.63ms
step:1498/3300 train_loss:3.53297 train_time:1809.024s step_avg:1207.63ms
step:1499/3300 train_loss:3.56555 train_time:1810.226s step_avg:1207.62ms
step:1500/3300 train_loss:3.61197 train_time:1811.421s step_avg:1207.61ms
step:1500/3300 val_loss:3.57606 train_time:1811.421s step_avg:1204.39ms
step:1501/3300 train_loss:3.48115 train_time:1812.620s step_avg:1207.61ms
step:1502/3300 train_loss:3.53329 train_time:1813.819s step_avg:1207.60ms
step:1503/3300 train_loss:3.51942 train_time:1815.029s step_avg:1207.60ms
step:1504/3300 train_loss:3.55570 train_time:1816.230s step_avg:1207.60ms
step:1505/3300 train_loss:3.54799 train_time:1817.441s step_avg:1207.60ms
step:1506/3300 train_loss:3.57003 train_time:1818.641s step_avg:1207.60ms
step:1507/3300 train_loss:3.51242 train_time:1819.839s step_avg:1207.59ms
step:1508/3300 train_loss:3.58034 train_time:1821.033s step_avg:1207.58ms
step:1509/3300 train_loss:3.58572 train_time:1822.229s step_avg:1207.57ms
step:1510/3300 train_loss:3.55678 train_time:1823.419s step_avg:1207.56ms
step:1511/3300 train_loss:3.61737 train_time:1824.608s step_avg:1207.55ms
step:1512/3300 train_loss:3.56700 train_time:1825.819s step_avg:1207.55ms
step:1513/3300 train_loss:3.56658 train_time:1827.009s step_avg:1207.54ms
step:1514/3300 train_loss:3.64542 train_time:1828.208s step_avg:1207.54ms
step:1515/3300 train_loss:3.58411 train_time:1829.409s step_avg:1207.53ms
step:1516/3300 train_loss:3.63998 train_time:1830.622s step_avg:1207.53ms
step:1517/3300 train_loss:3.54740 train_time:1831.819s step_avg:1207.53ms
step:1518/3300 train_loss:3.57842 train_time:1833.008s step_avg:1207.52ms
step:1519/3300 train_loss:3.62836 train_time:1834.205s step_avg:1207.51ms
step:1520/3300 train_loss:3.50880 train_time:1835.421s step_avg:1207.51ms
step:1521/3300 train_loss:3.56476 train_time:1836.645s step_avg:1207.52ms
step:1522/3300 train_loss:3.55854 train_time:1837.847s step_avg:1207.52ms
step:1523/3300 train_loss:3.59370 train_time:1839.053s step_avg:1207.52ms
step:1524/3300 train_loss:3.60645 train_time:1840.250s step_avg:1207.51ms
step:1525/3300 train_loss:3.61838 train_time:1841.453s step_avg:1207.51ms
step:1526/3300 train_loss:3.59872 train_time:1842.648s step_avg:1207.50ms
step:1527/3300 train_loss:3.53790 train_time:1843.846s step_avg:1207.50ms
step:1528/3300 train_loss:3.63901 train_time:1845.048s step_avg:1207.49ms
step:1529/3300 train_loss:3.57115 train_time:1846.247s step_avg:1207.49ms
step:1530/3300 train_loss:3.56586 train_time:1847.445s step_avg:1207.48ms
step:1531/3300 train_loss:3.57997 train_time:1848.648s step_avg:1207.48ms
step:1532/3300 train_loss:3.61952 train_time:1849.846s step_avg:1207.47ms
step:1533/3300 train_loss:3.60119 train_time:1851.055s step_avg:1207.47ms
step:1534/3300 train_loss:3.57126 train_time:1852.252s step_avg:1207.47ms
step:1535/3300 train_loss:3.58278 train_time:1853.448s step_avg:1207.46ms
step:1536/3300 train_loss:3.54740 train_time:1854.665s step_avg:1207.46ms
step:1537/3300 train_loss:3.62987 train_time:1855.882s step_avg:1207.47ms
step:1538/3300 train_loss:3.58486 train_time:1857.074s step_avg:1207.46ms
step:1539/3300 train_loss:3.68120 train_time:1858.287s step_avg:1207.46ms
step:1540/3300 train_loss:3.53732 train_time:1859.491s step_avg:1207.46ms
step:1541/3300 train_loss:3.54265 train_time:1860.687s step_avg:1207.45ms
step:1542/3300 train_loss:3.55760 train_time:1861.888s step_avg:1207.45ms
step:1543/3300 train_loss:3.58035 train_time:1863.084s step_avg:1207.44ms
step:1544/3300 train_loss:3.54126 train_time:1864.282s step_avg:1207.44ms
step:1545/3300 train_loss:3.59937 train_time:1865.478s step_avg:1207.43ms
step:1546/3300 train_loss:3.57970 train_time:1866.678s step_avg:1207.42ms
step:1547/3300 train_loss:3.58279 train_time:1867.898s step_avg:1207.43ms
step:1548/3300 train_loss:3.60553 train_time:1869.092s step_avg:1207.42ms
step:1549/3300 train_loss:3.59562 train_time:1870.292s step_avg:1207.42ms
step:1550/3300 train_loss:3.59713 train_time:1871.510s step_avg:1207.43ms
step:1551/3300 train_loss:3.54403 train_time:1872.705s step_avg:1207.42ms
step:1552/3300 train_loss:3.58954 train_time:1873.906s step_avg:1207.41ms
step:1553/3300 train_loss:3.58502 train_time:1875.109s step_avg:1207.41ms
step:1554/3300 train_loss:3.57199 train_time:1876.320s step_avg:1207.41ms
step:1555/3300 train_loss:3.57777 train_time:1877.521s step_avg:1207.41ms
step:1556/3300 train_loss:3.60957 train_time:1878.726s step_avg:1207.41ms
step:1557/3300 train_loss:3.57200 train_time:1879.924s step_avg:1207.40ms
step:1558/3300 train_loss:3.45602 train_time:1881.127s step_avg:1207.40ms
step:1559/3300 train_loss:3.57167 train_time:1882.333s step_avg:1207.40ms
step:1560/3300 train_loss:3.56179 train_time:1883.528s step_avg:1207.39ms
step:1561/3300 train_loss:3.66069 train_time:1884.731s step_avg:1207.39ms
step:1562/3300 train_loss:3.60062 train_time:1885.931s step_avg:1207.38ms
step:1563/3300 train_loss:3.58356 train_time:1887.156s step_avg:1207.39ms
step:1564/3300 train_loss:3.50103 train_time:1888.353s step_avg:1207.39ms
step:1565/3300 train_loss:3.55857 train_time:1889.581s step_avg:1207.40ms
step:1566/3300 train_loss:3.56168 train_time:1890.788s step_avg:1207.40ms
step:1567/3300 train_loss:3.53948 train_time:1891.984s step_avg:1207.39ms
step:1568/3300 train_loss:3.56796 train_time:1893.180s step_avg:1207.39ms
step:1569/3300 train_loss:3.60152 train_time:1894.373s step_avg:1207.38ms
step:1570/3300 train_loss:3.53571 train_time:1895.572s step_avg:1207.37ms
step:1571/3300 train_loss:3.52156 train_time:1896.793s step_avg:1207.38ms
step:1572/3300 train_loss:3.54436 train_time:1897.995s step_avg:1207.38ms
step:1573/3300 train_loss:3.57145 train_time:1899.255s step_avg:1207.41ms
step:1574/3300 train_loss:3.55209 train_time:1900.458s step_avg:1207.41ms
step:1575/3300 train_loss:3.60174 train_time:1901.652s step_avg:1207.40ms
step:1576/3300 train_loss:3.62670 train_time:1902.848s step_avg:1207.39ms
step:1577/3300 train_loss:3.60168 train_time:1904.044s step_avg:1207.38ms
step:1578/3300 train_loss:3.59418 train_time:1905.229s step_avg:1207.37ms
step:1579/3300 train_loss:3.52385 train_time:1906.429s step_avg:1207.36ms
step:1580/3300 train_loss:3.47508 train_time:1907.632s step_avg:1207.36ms
step:1581/3300 train_loss:3.63978 train_time:1908.843s step_avg:1207.36ms
step:1582/3300 train_loss:3.53038 train_time:1910.032s step_avg:1207.35ms
step:1583/3300 train_loss:3.57090 train_time:1911.232s step_avg:1207.35ms
step:1584/3300 train_loss:3.54531 train_time:1912.429s step_avg:1207.34ms
step:1585/3300 train_loss:3.56683 train_time:1913.625s step_avg:1207.33ms
step:1586/3300 train_loss:3.51432 train_time:1914.817s step_avg:1207.32ms
step:1587/3300 train_loss:3.53197 train_time:1916.019s step_avg:1207.32ms
step:1588/3300 train_loss:3.54201 train_time:1917.221s step_avg:1207.32ms
step:1589/3300 train_loss:3.55832 train_time:1918.418s step_avg:1207.31ms
step:1590/3300 train_loss:3.55854 train_time:1919.620s step_avg:1207.31ms
step:1591/3300 train_loss:3.54144 train_time:1920.837s step_avg:1207.31ms
step:1592/3300 train_loss:3.52265 train_time:1922.031s step_avg:1207.31ms
step:1593/3300 train_loss:3.55355 train_time:1923.230s step_avg:1207.30ms
step:1594/3300 train_loss:3.57777 train_time:1924.428s step_avg:1207.29ms
step:1595/3300 train_loss:3.56866 train_time:1925.626s step_avg:1207.29ms
step:1596/3300 train_loss:3.49690 train_time:1926.815s step_avg:1207.28ms
step:1597/3300 train_loss:3.52011 train_time:1928.022s step_avg:1207.28ms
step:1598/3300 train_loss:3.68258 train_time:1929.212s step_avg:1207.27ms
step:1599/3300 train_loss:3.54415 train_time:1930.414s step_avg:1207.26ms
step:1600/3300 train_loss:3.53465 train_time:1931.622s step_avg:1207.26ms
step:1601/3300 train_loss:3.59724 train_time:1932.823s step_avg:1207.26ms
step:1602/3300 train_loss:3.60151 train_time:1934.018s step_avg:1207.25ms
step:1603/3300 train_loss:3.55346 train_time:1935.240s step_avg:1207.26ms
step:1604/3300 train_loss:3.51757 train_time:1936.443s step_avg:1207.26ms
step:1605/3300 train_loss:3.58017 train_time:1937.640s step_avg:1207.25ms
step:1606/3300 train_loss:3.61815 train_time:1938.839s step_avg:1207.25ms
step:1607/3300 train_loss:3.50555 train_time:1940.073s step_avg:1207.26ms
step:1608/3300 train_loss:3.50344 train_time:1941.271s step_avg:1207.26ms
step:1609/3300 train_loss:3.56569 train_time:1942.472s step_avg:1207.25ms
step:1610/3300 train_loss:3.60409 train_time:1943.668s step_avg:1207.25ms
step:1611/3300 train_loss:3.60149 train_time:1944.859s step_avg:1207.24ms
step:1612/3300 train_loss:3.56031 train_time:1946.061s step_avg:1207.23ms
step:1613/3300 train_loss:3.54983 train_time:1947.275s step_avg:1207.24ms
step:1614/3300 train_loss:3.67970 train_time:1948.485s step_avg:1207.24ms
step:1615/3300 train_loss:3.61205 train_time:1949.688s step_avg:1207.24ms
step:1616/3300 train_loss:3.57687 train_time:1950.882s step_avg:1207.23ms
step:1617/3300 train_loss:3.51729 train_time:1952.084s step_avg:1207.23ms
step:1618/3300 train_loss:3.58239 train_time:1953.287s step_avg:1207.22ms
step:1619/3300 train_loss:3.48677 train_time:1954.475s step_avg:1207.21ms
step:1620/3300 train_loss:3.63002 train_time:1955.671s step_avg:1207.20ms
step:1621/3300 train_loss:3.54084 train_time:1956.896s step_avg:1207.22ms
step:1622/3300 train_loss:3.53332 train_time:1958.097s step_avg:1207.21ms
step:1623/3300 train_loss:3.50160 train_time:1959.302s step_avg:1207.21ms
step:1624/3300 train_loss:3.56194 train_time:1960.517s step_avg:1207.21ms
step:1625/3300 train_loss:3.56392 train_time:1961.711s step_avg:1207.21ms
step:1625/3300 val_loss:3.55477 train_time:1961.711s step_avg:1202.32ms
step:1626/3300 train_loss:3.56095 train_time:1962.909s step_avg:1207.20ms
step:1627/3300 train_loss:3.56265 train_time:1964.113s step_avg:1207.20ms
step:1628/3300 train_loss:3.49713 train_time:1965.305s step_avg:1207.19ms
step:1629/3300 train_loss:3.58290 train_time:1966.508s step_avg:1207.19ms
step:1630/3300 train_loss:3.56723 train_time:1967.728s step_avg:1207.19ms
step:1631/3300 train_loss:3.49134 train_time:1968.929s step_avg:1207.19ms
step:1632/3300 train_loss:3.55409 train_time:1970.152s step_avg:1207.20ms
step:1633/3300 train_loss:3.60610 train_time:1971.375s step_avg:1207.21ms
step:1634/3300 train_loss:3.59292 train_time:1972.582s step_avg:1207.21ms
step:1635/3300 train_loss:3.55137 train_time:1973.788s step_avg:1207.21ms
step:1636/3300 train_loss:3.56042 train_time:1974.983s step_avg:1207.20ms
step:1637/3300 train_loss:3.63277 train_time:1976.177s step_avg:1207.19ms
step:1638/3300 train_loss:3.52662 train_time:1977.371s step_avg:1207.19ms
step:1639/3300 train_loss:3.56573 train_time:1978.570s step_avg:1207.18ms
step:1640/3300 train_loss:3.54059 train_time:1979.771s step_avg:1207.18ms
step:1641/3300 train_loss:3.53716 train_time:1980.990s step_avg:1207.18ms
step:1642/3300 train_loss:3.58899 train_time:1982.200s step_avg:1207.19ms
step:1643/3300 train_loss:3.55055 train_time:1983.417s step_avg:1207.19ms
step:1644/3300 train_loss:3.53143 train_time:1984.610s step_avg:1207.18ms
step:1645/3300 train_loss:3.52999 train_time:1985.809s step_avg:1207.18ms
step:1646/3300 train_loss:3.51867 train_time:1987.017s step_avg:1207.18ms
step:1647/3300 train_loss:3.58337 train_time:1988.220s step_avg:1207.18ms
step:1648/3300 train_loss:3.58830 train_time:1989.418s step_avg:1207.17ms
step:1649/3300 train_loss:3.58159 train_time:1990.614s step_avg:1207.16ms
step:1650/3300 train_loss:3.55105 train_time:1991.815s step_avg:1207.16ms
step:1651/3300 train_loss:3.55086 train_time:1993.023s step_avg:1207.16ms
step:1652/3300 train_loss:3.51652 train_time:1994.229s step_avg:1207.16ms
step:1653/3300 train_loss:3.54600 train_time:1995.425s step_avg:1207.15ms
step:1654/3300 train_loss:3.55374 train_time:1996.627s step_avg:1207.15ms
step:1655/3300 train_loss:3.54491 train_time:1997.831s step_avg:1207.15ms
step:1656/3300 train_loss:3.60260 train_time:1999.032s step_avg:1207.14ms
step:1657/3300 train_loss:3.53803 train_time:2000.234s step_avg:1207.14ms
step:1658/3300 train_loss:3.54032 train_time:2001.453s step_avg:1207.15ms
step:1659/3300 train_loss:3.56238 train_time:2002.664s step_avg:1207.15ms
step:1660/3300 train_loss:3.62808 train_time:2003.918s step_avg:1207.18ms
step:1661/3300 train_loss:3.53011 train_time:2005.110s step_avg:1207.17ms
step:1662/3300 train_loss:3.56317 train_time:2006.307s step_avg:1207.16ms
step:1663/3300 train_loss:3.58998 train_time:2007.560s step_avg:1207.19ms
step:1664/3300 train_loss:3.52369 train_time:2008.773s step_avg:1207.20ms
step:1665/3300 train_loss:3.54671 train_time:2009.977s step_avg:1207.19ms
step:1666/3300 train_loss:3.56544 train_time:2011.169s step_avg:1207.18ms
step:1667/3300 train_loss:3.58416 train_time:2012.390s step_avg:1207.19ms
step:1668/3300 train_loss:3.51846 train_time:2013.588s step_avg:1207.19ms
step:1669/3300 train_loss:3.59425 train_time:2014.785s step_avg:1207.18ms
step:1670/3300 train_loss:3.47943 train_time:2015.987s step_avg:1207.18ms
step:1671/3300 train_loss:3.85509 train_time:2017.210s step_avg:1207.19ms
step:1672/3300 train_loss:3.55717 train_time:2018.431s step_avg:1207.20ms
step:1673/3300 train_loss:3.52731 train_time:2019.642s step_avg:1207.20ms
step:1674/3300 train_loss:3.57923 train_time:2020.857s step_avg:1207.20ms
step:1675/3300 train_loss:3.53223 train_time:2022.069s step_avg:1207.21ms
step:1676/3300 train_loss:3.53849 train_time:2023.276s step_avg:1207.21ms
step:1677/3300 train_loss:3.63071 train_time:2024.471s step_avg:1207.20ms
step:1678/3300 train_loss:3.53917 train_time:2025.667s step_avg:1207.19ms
step:1679/3300 train_loss:3.49296 train_time:2026.864s step_avg:1207.18ms
step:1680/3300 train_loss:3.52598 train_time:2028.075s step_avg:1207.19ms
step:1681/3300 train_loss:3.52323 train_time:2029.267s step_avg:1207.18ms
step:1682/3300 train_loss:3.55338 train_time:2030.484s step_avg:1207.18ms
step:1683/3300 train_loss:3.51960 train_time:2031.678s step_avg:1207.18ms
step:1684/3300 train_loss:3.55027 train_time:2032.895s step_avg:1207.18ms
step:1685/3300 train_loss:3.54846 train_time:2034.101s step_avg:1207.18ms
step:1686/3300 train_loss:3.52050 train_time:2035.297s step_avg:1207.17ms
step:1687/3300 train_loss:3.54397 train_time:2036.497s step_avg:1207.17ms
step:1688/3300 train_loss:3.54142 train_time:2037.697s step_avg:1207.17ms
step:1689/3300 train_loss:3.50294 train_time:2038.900s step_avg:1207.16ms
step:1690/3300 train_loss:3.49403 train_time:2040.104s step_avg:1207.16ms
step:1691/3300 train_loss:3.48897 train_time:2041.313s step_avg:1207.16ms
step:1692/3300 train_loss:3.57180 train_time:2042.516s step_avg:1207.16ms
step:1693/3300 train_loss:3.50315 train_time:2043.736s step_avg:1207.17ms
step:1694/3300 train_loss:3.55453 train_time:2044.931s step_avg:1207.16ms
step:1695/3300 train_loss:3.58445 train_time:2046.132s step_avg:1207.16ms
step:1696/3300 train_loss:3.54129 train_time:2047.345s step_avg:1207.16ms
step:1697/3300 train_loss:3.54428 train_time:2048.544s step_avg:1207.16ms
step:1698/3300 train_loss:3.48484 train_time:2049.741s step_avg:1207.15ms
step:1699/3300 train_loss:3.55080 train_time:2050.942s step_avg:1207.15ms
step:1700/3300 train_loss:3.59021 train_time:2052.141s step_avg:1207.14ms
step:1701/3300 train_loss:3.56870 train_time:2053.345s step_avg:1207.14ms
step:1702/3300 train_loss:3.57393 train_time:2054.551s step_avg:1207.14ms
step:1703/3300 train_loss:3.51968 train_time:2055.759s step_avg:1207.14ms
step:1704/3300 train_loss:3.55350 train_time:2056.957s step_avg:1207.13ms
step:1705/3300 train_loss:3.53238 train_time:2058.167s step_avg:1207.14ms
step:1706/3300 train_loss:3.51266 train_time:2059.373s step_avg:1207.14ms
step:1707/3300 train_loss:3.52900 train_time:2060.584s step_avg:1207.14ms
step:1708/3300 train_loss:3.50888 train_time:2061.780s step_avg:1207.13ms
step:1709/3300 train_loss:3.77807 train_time:2063.009s step_avg:1207.14ms
step:1710/3300 train_loss:3.61522 train_time:2064.227s step_avg:1207.15ms
step:1711/3300 train_loss:3.51471 train_time:2065.454s step_avg:1207.16ms
step:1712/3300 train_loss:3.52696 train_time:2066.648s step_avg:1207.15ms
step:1713/3300 train_loss:3.58192 train_time:2067.848s step_avg:1207.15ms
step:1714/3300 train_loss:3.48943 train_time:2069.054s step_avg:1207.15ms
step:1715/3300 train_loss:3.57241 train_time:2070.253s step_avg:1207.14ms
step:1716/3300 train_loss:3.50886 train_time:2071.456s step_avg:1207.14ms
step:1717/3300 train_loss:3.53041 train_time:2072.663s step_avg:1207.14ms
step:1718/3300 train_loss:3.57272 train_time:2073.879s step_avg:1207.15ms
step:1719/3300 train_loss:3.57186 train_time:2075.078s step_avg:1207.14ms
step:1720/3300 train_loss:3.52380 train_time:2076.272s step_avg:1207.14ms
step:1721/3300 train_loss:3.55903 train_time:2077.478s step_avg:1207.13ms
step:1722/3300 train_loss:3.56214 train_time:2078.682s step_avg:1207.13ms
step:1723/3300 train_loss:3.55375 train_time:2079.888s step_avg:1207.13ms
step:1724/3300 train_loss:3.52985 train_time:2081.085s step_avg:1207.13ms
step:1725/3300 train_loss:3.55178 train_time:2082.290s step_avg:1207.12ms
step:1726/3300 train_loss:3.51841 train_time:2083.488s step_avg:1207.12ms
step:1727/3300 train_loss:3.50959 train_time:2084.699s step_avg:1207.12ms
step:1728/3300 train_loss:3.50012 train_time:2085.898s step_avg:1207.12ms
step:1729/3300 train_loss:3.57205 train_time:2087.103s step_avg:1207.12ms
step:1730/3300 train_loss:3.62728 train_time:2088.300s step_avg:1207.11ms
step:1731/3300 train_loss:3.52798 train_time:2089.503s step_avg:1207.11ms
step:1732/3300 train_loss:3.54979 train_time:2090.717s step_avg:1207.11ms
step:1733/3300 train_loss:3.48196 train_time:2091.956s step_avg:1207.13ms
step:1734/3300 train_loss:3.64667 train_time:2093.164s step_avg:1207.13ms
step:1735/3300 train_loss:3.55578 train_time:2094.370s step_avg:1207.13ms
step:1736/3300 train_loss:3.62636 train_time:2095.570s step_avg:1207.13ms
step:1737/3300 train_loss:3.62391 train_time:2096.762s step_avg:1207.12ms
step:1738/3300 train_loss:3.49492 train_time:2097.994s step_avg:1207.13ms
step:1739/3300 train_loss:3.51220 train_time:2099.202s step_avg:1207.13ms
step:1740/3300 train_loss:3.50056 train_time:2100.415s step_avg:1207.14ms
step:1741/3300 train_loss:3.49894 train_time:2101.616s step_avg:1207.13ms
step:1742/3300 train_loss:3.54717 train_time:2102.896s step_avg:1207.17ms
step:1743/3300 train_loss:3.48081 train_time:2104.117s step_avg:1207.18ms
step:1744/3300 train_loss:3.49565 train_time:2105.315s step_avg:1207.18ms
step:1745/3300 train_loss:3.55270 train_time:2106.518s step_avg:1207.17ms
step:1746/3300 train_loss:3.56314 train_time:2107.714s step_avg:1207.17ms
step:1747/3300 train_loss:3.52900 train_time:2108.921s step_avg:1207.17ms
step:1748/3300 train_loss:3.58512 train_time:2110.131s step_avg:1207.17ms
step:1749/3300 train_loss:3.53898 train_time:2111.327s step_avg:1207.16ms
step:1750/3300 train_loss:3.52712 train_time:2112.532s step_avg:1207.16ms
step:1750/3300 val_loss:3.52427 train_time:2112.532s step_avg:1206.57ms
step:1751/3300 train_loss:3.57178 train_time:2113.755s step_avg:1207.17ms
step:1752/3300 train_loss:3.56112 train_time:2114.969s step_avg:1207.17ms
step:1753/3300 train_loss:3.50295 train_time:2116.190s step_avg:1207.18ms
step:1754/3300 train_loss:3.54000 train_time:2117.407s step_avg:1207.19ms
step:1755/3300 train_loss:3.54064 train_time:2118.609s step_avg:1207.18ms
step:1756/3300 train_loss:3.50890 train_time:2119.811s step_avg:1207.18ms
step:1757/3300 train_loss:3.51623 train_time:2121.024s step_avg:1207.18ms
step:1758/3300 train_loss:3.65228 train_time:2122.229s step_avg:1207.18ms
step:1759/3300 train_loss:3.64334 train_time:2123.476s step_avg:1207.21ms
step:1760/3300 train_loss:3.58452 train_time:2124.684s step_avg:1207.21ms
step:1761/3300 train_loss:3.52957 train_time:2125.884s step_avg:1207.20ms
step:1762/3300 train_loss:3.53183 train_time:2127.092s step_avg:1207.20ms
step:1763/3300 train_loss:3.49870 train_time:2128.282s step_avg:1207.19ms
step:1764/3300 train_loss:3.52256 train_time:2129.506s step_avg:1207.20ms
step:1765/3300 train_loss:3.52503 train_time:2130.702s step_avg:1207.20ms
step:1766/3300 train_loss:3.49343 train_time:2131.913s step_avg:1207.20ms
step:1767/3300 train_loss:3.60882 train_time:2133.139s step_avg:1207.21ms
step:1768/3300 train_loss:3.54128 train_time:2134.367s step_avg:1207.22ms
step:1769/3300 train_loss:3.64674 train_time:2135.601s step_avg:1207.24ms
step:1770/3300 train_loss:3.53886 train_time:2136.810s step_avg:1207.24ms
step:1771/3300 train_loss:3.54605 train_time:2138.006s step_avg:1207.23ms
step:1772/3300 train_loss:3.49702 train_time:2139.202s step_avg:1207.22ms
step:1773/3300 train_loss:3.56463 train_time:2140.406s step_avg:1207.22ms
step:1774/3300 train_loss:3.55065 train_time:2141.605s step_avg:1207.22ms
step:1775/3300 train_loss:3.56182 train_time:2142.829s step_avg:1207.23ms
step:1776/3300 train_loss:3.56899 train_time:2144.032s step_avg:1207.22ms
step:1777/3300 train_loss:3.56927 train_time:2145.235s step_avg:1207.22ms
step:1778/3300 train_loss:3.56941 train_time:2146.445s step_avg:1207.22ms
step:1779/3300 train_loss:3.59172 train_time:2147.639s step_avg:1207.22ms
step:1780/3300 train_loss:3.51992 train_time:2148.845s step_avg:1207.22ms
step:1781/3300 train_loss:3.50106 train_time:2150.049s step_avg:1207.21ms
step:1782/3300 train_loss:3.52632 train_time:2151.265s step_avg:1207.22ms
step:1783/3300 train_loss:3.55696 train_time:2152.469s step_avg:1207.22ms
step:1784/3300 train_loss:3.45743 train_time:2153.682s step_avg:1207.22ms
step:1785/3300 train_loss:3.56384 train_time:2154.892s step_avg:1207.22ms
step:1786/3300 train_loss:3.55851 train_time:2156.088s step_avg:1207.22ms
step:1787/3300 train_loss:3.60056 train_time:2157.288s step_avg:1207.21ms
step:1788/3300 train_loss:3.49160 train_time:2158.488s step_avg:1207.21ms
step:1789/3300 train_loss:3.55472 train_time:2159.694s step_avg:1207.21ms
step:1790/3300 train_loss:3.47660 train_time:2160.898s step_avg:1207.21ms
step:1791/3300 train_loss:3.52053 train_time:2162.098s step_avg:1207.20ms
step:1792/3300 train_loss:3.53743 train_time:2163.298s step_avg:1207.20ms
step:1793/3300 train_loss:3.48224 train_time:2164.502s step_avg:1207.20ms
step:1794/3300 train_loss:3.55611 train_time:2165.705s step_avg:1207.19ms
step:1795/3300 train_loss:3.58548 train_time:2166.935s step_avg:1207.21ms
step:1796/3300 train_loss:3.58152 train_time:2168.125s step_avg:1207.20ms
step:1797/3300 train_loss:3.55462 train_time:2169.326s step_avg:1207.19ms
step:1798/3300 train_loss:3.56563 train_time:2170.567s step_avg:1207.21ms
step:1799/3300 train_loss:3.58195 train_time:2171.766s step_avg:1207.21ms
step:1800/3300 train_loss:3.50787 train_time:2172.978s step_avg:1207.21ms
step:1801/3300 train_loss:3.55283 train_time:2174.202s step_avg:1207.22ms
step:1802/3300 train_loss:3.49284 train_time:2175.407s step_avg:1207.22ms
step:1803/3300 train_loss:3.55414 train_time:2176.645s step_avg:1207.24ms
step:1804/3300 train_loss:3.51526 train_time:2177.844s step_avg:1207.23ms
step:1805/3300 train_loss:3.52900 train_time:2179.043s step_avg:1207.23ms
step:1806/3300 train_loss:3.54025 train_time:2180.256s step_avg:1207.23ms
step:1807/3300 train_loss:3.50759 train_time:2181.470s step_avg:1207.23ms
step:1808/3300 train_loss:3.56592 train_time:2182.671s step_avg:1207.23ms
step:1809/3300 train_loss:3.58904 train_time:2183.894s step_avg:1207.24ms
step:1810/3300 train_loss:3.53500 train_time:2185.093s step_avg:1207.23ms
step:1811/3300 train_loss:3.50036 train_time:2186.312s step_avg:1207.24ms
step:1812/3300 train_loss:3.50950 train_time:2187.536s step_avg:1207.25ms
step:1813/3300 train_loss:3.53888 train_time:2188.729s step_avg:1207.24ms
step:1814/3300 train_loss:3.49987 train_time:2189.948s step_avg:1207.25ms
step:1815/3300 train_loss:3.55984 train_time:2191.163s step_avg:1207.25ms
step:1816/3300 train_loss:3.51276 train_time:2192.430s step_avg:1207.29ms
step:1817/3300 train_loss:3.49911 train_time:2193.637s step_avg:1207.28ms
step:1818/3300 train_loss:3.50698 train_time:2194.847s step_avg:1207.29ms
step:1819/3300 train_loss:3.53410 train_time:2196.043s step_avg:1207.28ms
step:1820/3300 train_loss:3.49420 train_time:2197.244s step_avg:1207.28ms
step:1821/3300 train_loss:3.52675 train_time:2198.440s step_avg:1207.27ms
step:1822/3300 train_loss:3.48547 train_time:2199.665s step_avg:1207.28ms
step:1823/3300 train_loss:3.54298 train_time:2200.868s step_avg:1207.28ms
step:1824/3300 train_loss:3.55988 train_time:2202.072s step_avg:1207.28ms
step:1825/3300 train_loss:3.65967 train_time:2203.276s step_avg:1207.27ms
step:1826/3300 train_loss:3.50169 train_time:2204.479s step_avg:1207.27ms
step:1827/3300 train_loss:3.49001 train_time:2205.687s step_avg:1207.27ms
step:1828/3300 train_loss:3.55622 train_time:2206.901s step_avg:1207.28ms
step:1829/3300 train_loss:3.49147 train_time:2208.098s step_avg:1207.27ms
step:1830/3300 train_loss:3.52113 train_time:2209.288s step_avg:1207.26ms
step:1831/3300 train_loss:3.48924 train_time:2210.505s step_avg:1207.27ms
step:1832/3300 train_loss:3.50978 train_time:2211.712s step_avg:1207.27ms
step:1833/3300 train_loss:3.57041 train_time:2212.911s step_avg:1207.26ms
step:1834/3300 train_loss:3.52876 train_time:2214.115s step_avg:1207.26ms
step:1835/3300 train_loss:3.57867 train_time:2215.314s step_avg:1207.26ms
step:1836/3300 train_loss:3.50971 train_time:2216.526s step_avg:1207.26ms
step:1837/3300 train_loss:3.50453 train_time:2217.735s step_avg:1207.26ms
step:1838/3300 train_loss:3.47713 train_time:2218.930s step_avg:1207.25ms
step:1839/3300 train_loss:3.53410 train_time:2220.130s step_avg:1207.25ms
step:1840/3300 train_loss:3.49560 train_time:2221.337s step_avg:1207.25ms
step:1841/3300 train_loss:3.59400 train_time:2222.538s step_avg:1207.24ms
step:1842/3300 train_loss:3.52131 train_time:2223.749s step_avg:1207.25ms
step:1843/3300 train_loss:3.47721 train_time:2224.956s step_avg:1207.25ms
step:1844/3300 train_loss:3.47604 train_time:2226.184s step_avg:1207.26ms
step:1845/3300 train_loss:3.49828 train_time:2227.379s step_avg:1207.25ms
step:1846/3300 train_loss:3.52611 train_time:2228.575s step_avg:1207.25ms
step:1847/3300 train_loss:3.52255 train_time:2229.793s step_avg:1207.25ms
step:1848/3300 train_loss:3.51539 train_time:2231.025s step_avg:1207.26ms
step:1849/3300 train_loss:3.54615 train_time:2232.254s step_avg:1207.28ms
step:1850/3300 train_loss:3.49557 train_time:2233.465s step_avg:1207.28ms
step:1851/3300 train_loss:3.52430 train_time:2234.680s step_avg:1207.28ms
step:1852/3300 train_loss:3.50041 train_time:2235.887s step_avg:1207.28ms
step:1853/3300 train_loss:3.55854 train_time:2237.104s step_avg:1207.29ms
step:1854/3300 train_loss:3.50454 train_time:2238.291s step_avg:1207.28ms
step:1855/3300 train_loss:3.48491 train_time:2239.495s step_avg:1207.28ms
step:1856/3300 train_loss:3.50738 train_time:2240.701s step_avg:1207.27ms
step:1857/3300 train_loss:3.53770 train_time:2241.908s step_avg:1207.27ms
step:1858/3300 train_loss:3.55527 train_time:2243.115s step_avg:1207.27ms
step:1859/3300 train_loss:3.51593 train_time:2244.324s step_avg:1207.27ms
step:1860/3300 train_loss:3.46287 train_time:2245.522s step_avg:1207.27ms
step:1861/3300 train_loss:3.51026 train_time:2246.724s step_avg:1207.27ms
step:1862/3300 train_loss:3.54140 train_time:2247.918s step_avg:1207.26ms
step:1863/3300 train_loss:3.58102 train_time:2249.116s step_avg:1207.25ms
step:1864/3300 train_loss:3.54572 train_time:2250.317s step_avg:1207.25ms
step:1865/3300 train_loss:3.47596 train_time:2251.532s step_avg:1207.26ms
step:1866/3300 train_loss:3.49699 train_time:2252.732s step_avg:1207.25ms
step:1867/3300 train_loss:3.51716 train_time:2253.990s step_avg:1207.28ms
step:1868/3300 train_loss:3.59985 train_time:2255.206s step_avg:1207.28ms
step:1869/3300 train_loss:3.46574 train_time:2256.403s step_avg:1207.28ms
step:1870/3300 train_loss:3.51906 train_time:2257.597s step_avg:1207.27ms
step:1871/3300 train_loss:3.55110 train_time:2258.796s step_avg:1207.27ms
step:1872/3300 train_loss:3.48801 train_time:2260.001s step_avg:1207.27ms
step:1873/3300 train_loss:3.52245 train_time:2261.204s step_avg:1207.26ms
step:1874/3300 train_loss:3.50205 train_time:2262.416s step_avg:1207.27ms
step:1875/3300 train_loss:3.57775 train_time:2263.610s step_avg:1207.26ms
step:1875/3300 val_loss:3.50045 train_time:2263.610s step_avg:1208.62ms
step:1876/3300 train_loss:3.54384 train_time:2264.827s step_avg:1207.26ms
step:1877/3300 train_loss:3.56230 train_time:2266.024s step_avg:1207.26ms
step:1878/3300 train_loss:3.59980 train_time:2267.281s step_avg:1207.28ms
step:1879/3300 train_loss:3.59853 train_time:2268.487s step_avg:1207.28ms
step:1880/3300 train_loss:3.50046 train_time:2269.682s step_avg:1207.28ms
step:1881/3300 train_loss:3.43728 train_time:2270.906s step_avg:1207.29ms
step:1882/3300 train_loss:3.51616 train_time:2272.107s step_avg:1207.28ms
step:1883/3300 train_loss:3.47672 train_time:2273.347s step_avg:1207.30ms
step:1884/3300 train_loss:3.51562 train_time:2274.544s step_avg:1207.30ms
step:1885/3300 train_loss:3.50965 train_time:2275.740s step_avg:1207.29ms
step:1886/3300 train_loss:3.46281 train_time:2276.965s step_avg:1207.30ms
step:1887/3300 train_loss:3.50711 train_time:2278.234s step_avg:1207.33ms
step:1888/3300 train_loss:3.46597 train_time:2279.425s step_avg:1207.32ms
step:1889/3300 train_loss:3.50062 train_time:2280.634s step_avg:1207.32ms
step:1890/3300 train_loss:3.52551 train_time:2281.834s step_avg:1207.32ms
step:1891/3300 train_loss:3.54486 train_time:2283.037s step_avg:1207.32ms
step:1892/3300 train_loss:3.45000 train_time:2284.240s step_avg:1207.31ms
step:1893/3300 train_loss:3.52545 train_time:2285.441s step_avg:1207.31ms
step:1894/3300 train_loss:3.51088 train_time:2286.641s step_avg:1207.31ms
step:1895/3300 train_loss:3.46915 train_time:2287.845s step_avg:1207.31ms
step:1896/3300 train_loss:3.56449 train_time:2289.045s step_avg:1207.30ms
step:1897/3300 train_loss:3.55200 train_time:2290.248s step_avg:1207.30ms
step:1898/3300 train_loss:3.46577 train_time:2291.444s step_avg:1207.29ms
step:1899/3300 train_loss:3.45639 train_time:2292.689s step_avg:1207.31ms
step:1900/3300 train_loss:3.48306 train_time:2293.899s step_avg:1207.32ms
step:1901/3300 train_loss:3.44527 train_time:2295.137s step_avg:1207.33ms
step:1902/3300 train_loss:3.52457 train_time:2296.337s step_avg:1207.33ms
step:1903/3300 train_loss:3.54780 train_time:2297.535s step_avg:1207.32ms
step:1904/3300 train_loss:3.49958 train_time:2298.757s step_avg:1207.33ms
step:1905/3300 train_loss:3.48501 train_time:2299.943s step_avg:1207.32ms
step:1906/3300 train_loss:3.52947 train_time:2301.142s step_avg:1207.31ms
step:1907/3300 train_loss:3.48908 train_time:2302.386s step_avg:1207.33ms
step:1908/3300 train_loss:3.50721 train_time:2303.587s step_avg:1207.33ms
step:1909/3300 train_loss:3.45127 train_time:2304.790s step_avg:1207.33ms
step:1910/3300 train_loss:3.53738 train_time:2305.990s step_avg:1207.32ms
step:1911/3300 train_loss:3.51508 train_time:2307.204s step_avg:1207.33ms
step:1912/3300 train_loss:3.43269 train_time:2308.403s step_avg:1207.32ms
step:1913/3300 train_loss:3.54760 train_time:2309.613s step_avg:1207.33ms
step:1914/3300 train_loss:3.63930 train_time:2310.818s step_avg:1207.32ms
step:1915/3300 train_loss:3.46853 train_time:2312.027s step_avg:1207.32ms
step:1916/3300 train_loss:3.44712 train_time:2313.224s step_avg:1207.32ms
step:1917/3300 train_loss:3.54419 train_time:2314.424s step_avg:1207.32ms
step:1918/3300 train_loss:3.53776 train_time:2315.620s step_avg:1207.31ms
step:1919/3300 train_loss:3.53267 train_time:2316.818s step_avg:1207.30ms
step:1920/3300 train_loss:3.46902 train_time:2318.040s step_avg:1207.31ms
step:1921/3300 train_loss:3.51363 train_time:2319.242s step_avg:1207.31ms
step:1922/3300 train_loss:3.45766 train_time:2320.440s step_avg:1207.30ms
step:1923/3300 train_loss:3.50175 train_time:2321.638s step_avg:1207.30ms
step:1924/3300 train_loss:3.53927 train_time:2322.840s step_avg:1207.30ms
step:1925/3300 train_loss:3.47353 train_time:2324.026s step_avg:1207.29ms
step:1926/3300 train_loss:3.49493 train_time:2325.223s step_avg:1207.28ms
step:1927/3300 train_loss:3.51904 train_time:2326.421s step_avg:1207.28ms
step:1928/3300 train_loss:3.57140 train_time:2327.620s step_avg:1207.27ms
step:1929/3300 train_loss:3.50861 train_time:2328.829s step_avg:1207.27ms
step:1930/3300 train_loss:3.52531 train_time:2330.027s step_avg:1207.27ms
step:1931/3300 train_loss:3.42398 train_time:2331.227s step_avg:1207.26ms
step:1932/3300 train_loss:3.84065 train_time:2332.441s step_avg:1207.27ms
step:1933/3300 train_loss:3.54333 train_time:2333.638s step_avg:1207.26ms
step:1934/3300 train_loss:3.51277 train_time:2334.834s step_avg:1207.26ms
step:1935/3300 train_loss:3.54508 train_time:2336.035s step_avg:1207.25ms
step:1936/3300 train_loss:3.51299 train_time:2337.239s step_avg:1207.25ms
step:1937/3300 train_loss:3.53450 train_time:2338.434s step_avg:1207.25ms
step:1938/3300 train_loss:3.46461 train_time:2339.650s step_avg:1207.25ms
step:1939/3300 train_loss:3.47225 train_time:2340.857s step_avg:1207.25ms
step:1940/3300 train_loss:3.52892 train_time:2342.055s step_avg:1207.24ms
step:1941/3300 train_loss:3.51442 train_time:2343.263s step_avg:1207.25ms
step:1942/3300 train_loss:3.43291 train_time:2344.472s step_avg:1207.25ms
step:1943/3300 train_loss:3.56322 train_time:2345.671s step_avg:1207.24ms
step:1944/3300 train_loss:3.44921 train_time:2346.879s step_avg:1207.24ms
step:1945/3300 train_loss:3.53260 train_time:2348.093s step_avg:1207.25ms
step:1946/3300 train_loss:3.52480 train_time:2349.303s step_avg:1207.25ms
step:1947/3300 train_loss:3.46289 train_time:2350.526s step_avg:1207.26ms
step:1948/3300 train_loss:3.51447 train_time:2351.730s step_avg:1207.25ms
step:1949/3300 train_loss:3.42884 train_time:2352.948s step_avg:1207.26ms
step:1950/3300 train_loss:3.55598 train_time:2354.149s step_avg:1207.26ms
step:1951/3300 train_loss:3.52867 train_time:2355.346s step_avg:1207.25ms
step:1952/3300 train_loss:3.58560 train_time:2356.550s step_avg:1207.25ms
step:1953/3300 train_loss:3.44803 train_time:2357.753s step_avg:1207.25ms
step:1954/3300 train_loss:3.49601 train_time:2358.951s step_avg:1207.24ms
step:1955/3300 train_loss:3.51438 train_time:2360.158s step_avg:1207.24ms
step:1956/3300 train_loss:3.47733 train_time:2361.347s step_avg:1207.23ms
step:1957/3300 train_loss:3.49889 train_time:2362.549s step_avg:1207.23ms
step:1958/3300 train_loss:3.52827 train_time:2363.755s step_avg:1207.23ms
step:1959/3300 train_loss:3.58016 train_time:2364.950s step_avg:1207.22ms
step:1960/3300 train_loss:3.45753 train_time:2366.146s step_avg:1207.22ms
step:1961/3300 train_loss:3.51909 train_time:2367.345s step_avg:1207.21ms
step:1962/3300 train_loss:3.46931 train_time:2368.550s step_avg:1207.21ms
step:1963/3300 train_loss:3.49822 train_time:2369.758s step_avg:1207.21ms
step:1964/3300 train_loss:3.49318 train_time:2370.955s step_avg:1207.21ms
step:1965/3300 train_loss:3.49493 train_time:2372.189s step_avg:1207.22ms
step:1966/3300 train_loss:3.55629 train_time:2373.388s step_avg:1207.22ms
step:1967/3300 train_loss:3.44963 train_time:2374.583s step_avg:1207.21ms
step:1968/3300 train_loss:3.50725 train_time:2375.770s step_avg:1207.20ms
step:1969/3300 train_loss:3.46028 train_time:2376.974s step_avg:1207.20ms
step:1970/3300 train_loss:3.49066 train_time:2378.192s step_avg:1207.20ms
step:1971/3300 train_loss:3.51174 train_time:2379.402s step_avg:1207.21ms
step:1972/3300 train_loss:3.46704 train_time:2380.604s step_avg:1207.20ms
step:1973/3300 train_loss:3.45552 train_time:2381.821s step_avg:1207.21ms
step:1974/3300 train_loss:3.46838 train_time:2383.014s step_avg:1207.20ms
step:1975/3300 train_loss:3.48733 train_time:2384.222s step_avg:1207.20ms
step:1976/3300 train_loss:3.49758 train_time:2385.411s step_avg:1207.19ms
step:1977/3300 train_loss:3.53377 train_time:2386.618s step_avg:1207.19ms
step:1978/3300 train_loss:3.53133 train_time:2387.856s step_avg:1207.21ms
step:1979/3300 train_loss:3.51726 train_time:2389.055s step_avg:1207.20ms
step:1980/3300 train_loss:3.51633 train_time:2390.250s step_avg:1207.20ms
step:1981/3300 train_loss:3.47578 train_time:2391.446s step_avg:1207.19ms
step:1982/3300 train_loss:3.49494 train_time:2392.636s step_avg:1207.18ms
step:1983/3300 train_loss:3.64132 train_time:2393.834s step_avg:1207.18ms
step:1984/3300 train_loss:3.44659 train_time:2395.031s step_avg:1207.17ms
step:1985/3300 train_loss:3.46853 train_time:2396.230s step_avg:1207.17ms
step:1986/3300 train_loss:3.46958 train_time:2397.495s step_avg:1207.20ms
step:1987/3300 train_loss:3.47871 train_time:2398.698s step_avg:1207.20ms
step:1988/3300 train_loss:3.50201 train_time:2399.893s step_avg:1207.19ms
step:1989/3300 train_loss:3.46795 train_time:2401.090s step_avg:1207.18ms
step:1990/3300 train_loss:3.50573 train_time:2402.313s step_avg:1207.19ms
step:1991/3300 train_loss:3.48743 train_time:2403.520s step_avg:1207.19ms
step:1992/3300 train_loss:3.47351 train_time:2404.726s step_avg:1207.19ms
step:1993/3300 train_loss:3.57007 train_time:2405.924s step_avg:1207.19ms
step:1994/3300 train_loss:3.49677 train_time:2407.117s step_avg:1207.18ms
step:1995/3300 train_loss:3.48682 train_time:2408.339s step_avg:1207.19ms
step:1996/3300 train_loss:3.54850 train_time:2409.540s step_avg:1207.18ms
step:1997/3300 train_loss:3.60931 train_time:2410.742s step_avg:1207.18ms
step:1998/3300 train_loss:3.49560 train_time:2411.954s step_avg:1207.18ms
step:1999/3300 train_loss:3.55472 train_time:2413.154s step_avg:1207.18ms
step:2000/3300 train_loss:3.46433 train_time:2414.352s step_avg:1207.18ms
step:2000/3300 val_loss:3.47617 train_time:2414.352s step_avg:1205.93ms
step:2001/3300 train_loss:3.52302 train_time:2415.556s step_avg:1207.17ms
step:2002/3300 train_loss:3.49510 train_time:2416.753s step_avg:1207.17ms
step:2003/3300 train_loss:3.47928 train_time:2417.945s step_avg:1207.16ms
step:2004/3300 train_loss:3.62533 train_time:2419.141s step_avg:1207.16ms
step:2005/3300 train_loss:3.46340 train_time:2420.358s step_avg:1207.16ms
step:2006/3300 train_loss:3.49205 train_time:2421.577s step_avg:1207.17ms
step:2007/3300 train_loss:3.49422 train_time:2422.782s step_avg:1207.17ms
step:2008/3300 train_loss:3.42369 train_time:2423.987s step_avg:1207.16ms
step:2009/3300 train_loss:3.50492 train_time:2425.206s step_avg:1207.17ms
step:2010/3300 train_loss:3.50148 train_time:2426.402s step_avg:1207.17ms
step:2011/3300 train_loss:3.50355 train_time:2427.598s step_avg:1207.16ms
step:2012/3300 train_loss:3.47114 train_time:2428.798s step_avg:1207.16ms
step:2013/3300 train_loss:3.49282 train_time:2429.995s step_avg:1207.15ms
step:2014/3300 train_loss:3.49769 train_time:2431.204s step_avg:1207.15ms
step:2015/3300 train_loss:3.44118 train_time:2432.410s step_avg:1207.15ms
step:2016/3300 train_loss:3.52737 train_time:2433.615s step_avg:1207.15ms
step:2017/3300 train_loss:3.46936 train_time:2434.804s step_avg:1207.14ms
step:2018/3300 train_loss:3.54726 train_time:2436.010s step_avg:1207.14ms
step:2019/3300 train_loss:3.50585 train_time:2437.205s step_avg:1207.13ms
step:2020/3300 train_loss:3.42527 train_time:2438.400s step_avg:1207.13ms
step:2021/3300 train_loss:3.49676 train_time:2439.605s step_avg:1207.13ms
step:2022/3300 train_loss:3.40313 train_time:2440.808s step_avg:1207.13ms
step:2023/3300 train_loss:3.44959 train_time:2442.032s step_avg:1207.13ms
step:2024/3300 train_loss:3.47674 train_time:2443.230s step_avg:1207.13ms
step:2025/3300 train_loss:3.40556 train_time:2444.425s step_avg:1207.12ms
step:2026/3300 train_loss:3.48429 train_time:2445.639s step_avg:1207.13ms
step:2027/3300 train_loss:3.44534 train_time:2446.841s step_avg:1207.12ms
step:2028/3300 train_loss:3.47865 train_time:2448.039s step_avg:1207.12ms
step:2029/3300 train_loss:3.48631 train_time:2449.243s step_avg:1207.12ms
step:2030/3300 train_loss:3.49342 train_time:2450.449s step_avg:1207.12ms
step:2031/3300 train_loss:3.48252 train_time:2451.649s step_avg:1207.11ms
step:2032/3300 train_loss:3.48562 train_time:2452.853s step_avg:1207.11ms
step:2033/3300 train_loss:3.45330 train_time:2454.053s step_avg:1207.11ms
step:2034/3300 train_loss:3.49386 train_time:2455.262s step_avg:1207.11ms
step:2035/3300 train_loss:3.49862 train_time:2456.472s step_avg:1207.11ms
step:2036/3300 train_loss:3.44535 train_time:2457.694s step_avg:1207.12ms
step:2037/3300 train_loss:3.54110 train_time:2458.884s step_avg:1207.11ms
step:2038/3300 train_loss:3.47797 train_time:2460.082s step_avg:1207.11ms
step:2039/3300 train_loss:3.46264 train_time:2461.294s step_avg:1207.11ms
step:2040/3300 train_loss:3.48586 train_time:2462.492s step_avg:1207.10ms
step:2041/3300 train_loss:3.48116 train_time:2463.703s step_avg:1207.11ms
step:2042/3300 train_loss:3.48098 train_time:2464.904s step_avg:1207.10ms
step:2043/3300 train_loss:3.45593 train_time:2466.109s step_avg:1207.10ms
step:2044/3300 train_loss:3.49305 train_time:2467.308s step_avg:1207.10ms
step:2045/3300 train_loss:3.42078 train_time:2468.506s step_avg:1207.09ms
step:2046/3300 train_loss:3.49618 train_time:2469.715s step_avg:1207.09ms
step:2047/3300 train_loss:3.48906 train_time:2470.915s step_avg:1207.09ms
step:2048/3300 train_loss:3.47837 train_time:2472.109s step_avg:1207.08ms
step:2049/3300 train_loss:3.44038 train_time:2473.324s step_avg:1207.09ms
step:2050/3300 train_loss:3.52478 train_time:2474.536s step_avg:1207.09ms
step:2051/3300 train_loss:3.52128 train_time:2475.738s step_avg:1207.09ms
step:2052/3300 train_loss:3.47574 train_time:2476.939s step_avg:1207.09ms
step:2053/3300 train_loss:3.57561 train_time:2478.140s step_avg:1207.08ms
step:2054/3300 train_loss:3.48129 train_time:2479.352s step_avg:1207.08ms
step:2055/3300 train_loss:3.44225 train_time:2480.592s step_avg:1207.10ms
step:2056/3300 train_loss:3.49425 train_time:2481.795s step_avg:1207.10ms
step:2057/3300 train_loss:3.40393 train_time:2482.990s step_avg:1207.09ms
step:2058/3300 train_loss:3.50782 train_time:2484.188s step_avg:1207.09ms
step:2059/3300 train_loss:3.51655 train_time:2485.435s step_avg:1207.11ms
step:2060/3300 train_loss:3.37662 train_time:2486.640s step_avg:1207.11ms
step:2061/3300 train_loss:3.43972 train_time:2487.825s step_avg:1207.10ms
step:2062/3300 train_loss:3.48877 train_time:2489.017s step_avg:1207.09ms
step:2063/3300 train_loss:3.49049 train_time:2490.221s step_avg:1207.09ms
step:2064/3300 train_loss:3.48277 train_time:2491.426s step_avg:1207.09ms
step:2065/3300 train_loss:3.49522 train_time:2492.639s step_avg:1207.09ms
step:2066/3300 train_loss:3.45475 train_time:2493.883s step_avg:1207.11ms
step:2067/3300 train_loss:3.48374 train_time:2495.088s step_avg:1207.11ms
step:2068/3300 train_loss:3.45900 train_time:2496.297s step_avg:1207.11ms
step:2069/3300 train_loss:3.55646 train_time:2497.488s step_avg:1207.10ms
step:2070/3300 train_loss:3.50527 train_time:2498.690s step_avg:1207.10ms
step:2071/3300 train_loss:3.50729 train_time:2499.892s step_avg:1207.09ms
step:2072/3300 train_loss:3.48313 train_time:2501.093s step_avg:1207.09ms
step:2073/3300 train_loss:3.55137 train_time:2502.294s step_avg:1207.09ms
step:2074/3300 train_loss:3.51433 train_time:2503.488s step_avg:1207.08ms
step:2075/3300 train_loss:3.52054 train_time:2504.727s step_avg:1207.10ms
step:2076/3300 train_loss:3.49122 train_time:2505.929s step_avg:1207.09ms
step:2077/3300 train_loss:3.47251 train_time:2507.125s step_avg:1207.09ms
step:2078/3300 train_loss:3.43068 train_time:2508.325s step_avg:1207.09ms
step:2079/3300 train_loss:3.45230 train_time:2509.531s step_avg:1207.09ms
step:2080/3300 train_loss:3.54604 train_time:2510.734s step_avg:1207.08ms
step:2081/3300 train_loss:3.49532 train_time:2511.926s step_avg:1207.08ms
step:2082/3300 train_loss:3.44689 train_time:2513.215s step_avg:1207.12ms
step:2083/3300 train_loss:3.42925 train_time:2514.419s step_avg:1207.11ms
step:2084/3300 train_loss:3.43407 train_time:2515.610s step_avg:1207.11ms
step:2085/3300 train_loss:3.49635 train_time:2516.812s step_avg:1207.10ms
step:2086/3300 train_loss:3.46821 train_time:2518.012s step_avg:1207.10ms
step:2087/3300 train_loss:3.45705 train_time:2519.209s step_avg:1207.10ms
step:2088/3300 train_loss:3.51032 train_time:2520.409s step_avg:1207.09ms
step:2089/3300 train_loss:3.43612 train_time:2521.624s step_avg:1207.10ms
step:2090/3300 train_loss:3.43596 train_time:2522.825s step_avg:1207.09ms
step:2091/3300 train_loss:3.49401 train_time:2524.059s step_avg:1207.11ms
step:2092/3300 train_loss:3.48983 train_time:2525.260s step_avg:1207.10ms
step:2093/3300 train_loss:3.44875 train_time:2526.455s step_avg:1207.10ms
step:2094/3300 train_loss:3.55136 train_time:2527.661s step_avg:1207.10ms
step:2095/3300 train_loss:3.46704 train_time:2528.852s step_avg:1207.09ms
step:2096/3300 train_loss:3.47722 train_time:2530.051s step_avg:1207.09ms
step:2097/3300 train_loss:3.48023 train_time:2531.267s step_avg:1207.09ms
step:2098/3300 train_loss:3.43832 train_time:2532.474s step_avg:1207.09ms
step:2099/3300 train_loss:3.45368 train_time:2533.687s step_avg:1207.09ms
step:2100/3300 train_loss:3.56095 train_time:2534.916s step_avg:1207.10ms
step:2101/3300 train_loss:3.46377 train_time:2536.127s step_avg:1207.10ms
step:2102/3300 train_loss:3.46955 train_time:2537.325s step_avg:1207.10ms
step:2103/3300 train_loss:3.43675 train_time:2538.520s step_avg:1207.09ms
step:2104/3300 train_loss:3.51238 train_time:2539.714s step_avg:1207.09ms
step:2105/3300 train_loss:3.46476 train_time:2540.912s step_avg:1207.08ms
step:2106/3300 train_loss:3.45106 train_time:2542.110s step_avg:1207.08ms
step:2107/3300 train_loss:3.47865 train_time:2543.321s step_avg:1207.08ms
step:2108/3300 train_loss:3.50849 train_time:2544.532s step_avg:1207.08ms
step:2109/3300 train_loss:3.47863 train_time:2545.733s step_avg:1207.08ms
step:2110/3300 train_loss:3.40561 train_time:2546.945s step_avg:1207.08ms
step:2111/3300 train_loss:3.46206 train_time:2548.163s step_avg:1207.09ms
step:2112/3300 train_loss:3.42603 train_time:2549.376s step_avg:1207.09ms
step:2113/3300 train_loss:3.43765 train_time:2550.577s step_avg:1207.09ms
step:2114/3300 train_loss:3.46926 train_time:2551.781s step_avg:1207.09ms
step:2115/3300 train_loss:3.48437 train_time:2552.977s step_avg:1207.08ms
step:2116/3300 train_loss:3.52218 train_time:2554.174s step_avg:1207.08ms
step:2117/3300 train_loss:3.45527 train_time:2555.390s step_avg:1207.08ms
step:2118/3300 train_loss:3.52700 train_time:2556.589s step_avg:1207.08ms
step:2119/3300 train_loss:3.43723 train_time:2557.788s step_avg:1207.07ms
step:2120/3300 train_loss:3.44332 train_time:2558.993s step_avg:1207.07ms
step:2121/3300 train_loss:3.40284 train_time:2560.209s step_avg:1207.08ms
step:2122/3300 train_loss:3.45342 train_time:2561.437s step_avg:1207.09ms
step:2123/3300 train_loss:3.44530 train_time:2562.644s step_avg:1207.09ms
step:2124/3300 train_loss:3.50899 train_time:2563.835s step_avg:1207.08ms
step:2125/3300 train_loss:3.40526 train_time:2565.063s step_avg:1207.09ms
step:2125/3300 val_loss:3.45392 train_time:2565.063s step_avg:1205.69ms
step:2126/3300 train_loss:3.51262 train_time:2566.278s step_avg:1207.09ms
step:2127/3300 train_loss:3.49366 train_time:2567.494s step_avg:1207.10ms
step:2128/3300 train_loss:3.42678 train_time:2568.695s step_avg:1207.09ms
step:2129/3300 train_loss:3.47005 train_time:2569.896s step_avg:1207.09ms
step:2130/3300 train_loss:3.46301 train_time:2571.105s step_avg:1207.09ms
step:2131/3300 train_loss:3.50606 train_time:2572.308s step_avg:1207.09ms
step:2132/3300 train_loss:3.46691 train_time:2573.515s step_avg:1207.09ms
step:2133/3300 train_loss:3.41736 train_time:2574.727s step_avg:1207.09ms
step:2134/3300 train_loss:3.49434 train_time:2575.940s step_avg:1207.09ms
step:2135/3300 train_loss:3.45774 train_time:2577.155s step_avg:1207.10ms
step:2136/3300 train_loss:3.42846 train_time:2578.357s step_avg:1207.10ms
step:2137/3300 train_loss:3.47348 train_time:2579.555s step_avg:1207.09ms
step:2138/3300 train_loss:3.42666 train_time:2580.756s step_avg:1207.09ms
step:2139/3300 train_loss:3.47765 train_time:2581.964s step_avg:1207.09ms
step:2140/3300 train_loss:3.56464 train_time:2583.162s step_avg:1207.08ms
step:2141/3300 train_loss:3.49783 train_time:2584.366s step_avg:1207.08ms
step:2142/3300 train_loss:3.45262 train_time:2585.581s step_avg:1207.09ms
step:2143/3300 train_loss:3.43494 train_time:2586.779s step_avg:1207.08ms
step:2144/3300 train_loss:3.40984 train_time:2587.982s step_avg:1207.08ms
step:2145/3300 train_loss:3.51720 train_time:2589.180s step_avg:1207.08ms
step:2146/3300 train_loss:3.45950 train_time:2590.382s step_avg:1207.07ms
step:2147/3300 train_loss:3.54701 train_time:2591.581s step_avg:1207.07ms
step:2148/3300 train_loss:3.49556 train_time:2592.790s step_avg:1207.07ms
step:2149/3300 train_loss:3.43499 train_time:2593.988s step_avg:1207.07ms
step:2150/3300 train_loss:3.51904 train_time:2595.185s step_avg:1207.06ms
step:2151/3300 train_loss:3.45440 train_time:2596.383s step_avg:1207.06ms
step:2152/3300 train_loss:3.58574 train_time:2597.590s step_avg:1207.06ms
step:2153/3300 train_loss:3.50209 train_time:2598.792s step_avg:1207.06ms
step:2154/3300 train_loss:3.53901 train_time:2599.985s step_avg:1207.05ms
step:2155/3300 train_loss:3.43557 train_time:2601.183s step_avg:1207.05ms
step:2156/3300 train_loss:3.42814 train_time:2602.388s step_avg:1207.04ms
step:2157/3300 train_loss:3.45345 train_time:2603.583s step_avg:1207.04ms
step:2158/3300 train_loss:3.41626 train_time:2604.778s step_avg:1207.03ms
step:2159/3300 train_loss:3.52909 train_time:2605.986s step_avg:1207.03ms
step:2160/3300 train_loss:3.53216 train_time:2607.183s step_avg:1207.03ms
step:2161/3300 train_loss:3.45418 train_time:2608.400s step_avg:1207.03ms
step:2162/3300 train_loss:3.41040 train_time:2609.599s step_avg:1207.03ms
step:2163/3300 train_loss:3.56128 train_time:2610.804s step_avg:1207.03ms
step:2164/3300 train_loss:3.46389 train_time:2612.006s step_avg:1207.03ms
step:2165/3300 train_loss:3.50729 train_time:2613.206s step_avg:1207.02ms
step:2166/3300 train_loss:3.50818 train_time:2614.457s step_avg:1207.04ms
step:2167/3300 train_loss:3.46222 train_time:2615.660s step_avg:1207.04ms
step:2168/3300 train_loss:3.46149 train_time:2616.882s step_avg:1207.05ms
step:2169/3300 train_loss:3.51257 train_time:2618.112s step_avg:1207.06ms
step:2170/3300 train_loss:3.47065 train_time:2619.301s step_avg:1207.05ms
step:2171/3300 train_loss:3.49572 train_time:2620.501s step_avg:1207.05ms
step:2172/3300 train_loss:3.44920 train_time:2621.701s step_avg:1207.04ms
step:2173/3300 train_loss:3.50572 train_time:2622.902s step_avg:1207.04ms
step:2174/3300 train_loss:3.48360 train_time:2624.099s step_avg:1207.04ms
step:2175/3300 train_loss:3.44517 train_time:2625.305s step_avg:1207.04ms
step:2176/3300 train_loss:3.44973 train_time:2626.504s step_avg:1207.03ms
step:2177/3300 train_loss:3.50707 train_time:2627.709s step_avg:1207.03ms
step:2178/3300 train_loss:3.38783 train_time:2628.906s step_avg:1207.03ms
step:2179/3300 train_loss:3.44986 train_time:2630.106s step_avg:1207.02ms
step:2180/3300 train_loss:3.47842 train_time:2631.304s step_avg:1207.02ms
step:2181/3300 train_loss:3.47634 train_time:2632.513s step_avg:1207.02ms
step:2182/3300 train_loss:3.43867 train_time:2633.723s step_avg:1207.02ms
step:2183/3300 train_loss:3.41455 train_time:2634.933s step_avg:1207.02ms
step:2184/3300 train_loss:3.47223 train_time:2636.126s step_avg:1207.02ms
step:2185/3300 train_loss:3.51543 train_time:2637.327s step_avg:1207.01ms
step:2186/3300 train_loss:3.37331 train_time:2638.557s step_avg:1207.02ms
step:2187/3300 train_loss:3.43988 train_time:2639.759s step_avg:1207.02ms
step:2188/3300 train_loss:3.38553 train_time:2640.958s step_avg:1207.02ms
step:2189/3300 train_loss:3.42380 train_time:2642.162s step_avg:1207.02ms
step:2190/3300 train_loss:3.46173 train_time:2643.361s step_avg:1207.01ms
step:2191/3300 train_loss:3.40434 train_time:2644.560s step_avg:1207.01ms
step:2192/3300 train_loss:3.50194 train_time:2645.772s step_avg:1207.01ms
step:2193/3300 train_loss:3.46422 train_time:2646.977s step_avg:1207.01ms
step:2194/3300 train_loss:3.48482 train_time:2648.167s step_avg:1207.00ms
step:2195/3300 train_loss:3.41273 train_time:2649.363s step_avg:1207.00ms
step:2196/3300 train_loss:3.41918 train_time:2650.564s step_avg:1207.00ms
step:2197/3300 train_loss:3.46564 train_time:2651.771s step_avg:1207.00ms
step:2198/3300 train_loss:3.44538 train_time:2652.974s step_avg:1206.99ms
step:2199/3300 train_loss:3.42812 train_time:2654.191s step_avg:1207.00ms
step:2200/3300 train_loss:3.47176 train_time:2655.399s step_avg:1207.00ms
step:2201/3300 train_loss:3.41059 train_time:2656.604s step_avg:1207.00ms
step:2202/3300 train_loss:3.66609 train_time:2657.804s step_avg:1207.00ms
step:2203/3300 train_loss:3.52190 train_time:2659.007s step_avg:1206.99ms
step:2204/3300 train_loss:3.42111 train_time:2660.207s step_avg:1206.99ms
step:2205/3300 train_loss:3.47534 train_time:2661.408s step_avg:1206.99ms
step:2206/3300 train_loss:3.48005 train_time:2662.619s step_avg:1206.99ms
step:2207/3300 train_loss:3.53270 train_time:2663.833s step_avg:1206.99ms
step:2208/3300 train_loss:3.47737 train_time:2665.036s step_avg:1206.99ms
step:2209/3300 train_loss:3.41537 train_time:2666.236s step_avg:1206.99ms
step:2210/3300 train_loss:3.43611 train_time:2667.442s step_avg:1206.99ms
step:2211/3300 train_loss:3.41766 train_time:2668.649s step_avg:1206.99ms
step:2212/3300 train_loss:3.48607 train_time:2669.848s step_avg:1206.98ms
step:2213/3300 train_loss:3.38957 train_time:2671.046s step_avg:1206.98ms
step:2214/3300 train_loss:3.44346 train_time:2672.250s step_avg:1206.98ms
step:2215/3300 train_loss:3.48619 train_time:2673.451s step_avg:1206.98ms
step:2216/3300 train_loss:3.49819 train_time:2674.656s step_avg:1206.97ms
step:2217/3300 train_loss:3.45241 train_time:2675.849s step_avg:1206.97ms
step:2218/3300 train_loss:3.41167 train_time:2677.048s step_avg:1206.96ms
step:2219/3300 train_loss:3.47512 train_time:2678.243s step_avg:1206.96ms
step:2220/3300 train_loss:3.45578 train_time:2679.443s step_avg:1206.96ms
step:2221/3300 train_loss:3.50323 train_time:2680.638s step_avg:1206.95ms
step:2222/3300 train_loss:3.45061 train_time:2681.826s step_avg:1206.94ms
step:2223/3300 train_loss:3.46606 train_time:2683.025s step_avg:1206.94ms
step:2224/3300 train_loss:3.53572 train_time:2684.223s step_avg:1206.93ms
step:2225/3300 train_loss:3.41427 train_time:2685.429s step_avg:1206.93ms
step:2226/3300 train_loss:3.46988 train_time:2686.639s step_avg:1206.94ms
step:2227/3300 train_loss:3.48092 train_time:2687.841s step_avg:1206.93ms
step:2228/3300 train_loss:3.43111 train_time:2689.057s step_avg:1206.94ms
step:2229/3300 train_loss:3.48173 train_time:2690.249s step_avg:1206.93ms
step:2230/3300 train_loss:3.46990 train_time:2691.451s step_avg:1206.93ms
step:2231/3300 train_loss:3.45867 train_time:2692.665s step_avg:1206.93ms
step:2232/3300 train_loss:3.41320 train_time:2693.881s step_avg:1206.94ms
step:2233/3300 train_loss:3.43796 train_time:2695.077s step_avg:1206.93ms
step:2234/3300 train_loss:3.45047 train_time:2696.278s step_avg:1206.93ms
step:2235/3300 train_loss:3.40046 train_time:2697.473s step_avg:1206.92ms
step:2236/3300 train_loss:3.57058 train_time:2698.675s step_avg:1206.92ms
step:2237/3300 train_loss:3.43496 train_time:2699.869s step_avg:1206.92ms
step:2238/3300 train_loss:3.47926 train_time:2701.074s step_avg:1206.91ms
step:2239/3300 train_loss:3.39121 train_time:2702.286s step_avg:1206.92ms
step:2240/3300 train_loss:3.39283 train_time:2703.486s step_avg:1206.91ms
step:2241/3300 train_loss:3.45455 train_time:2704.739s step_avg:1206.93ms
step:2242/3300 train_loss:3.45313 train_time:2705.929s step_avg:1206.93ms
step:2243/3300 train_loss:3.44258 train_time:2707.126s step_avg:1206.92ms
step:2244/3300 train_loss:3.42593 train_time:2708.325s step_avg:1206.92ms
step:2245/3300 train_loss:3.40182 train_time:2709.534s step_avg:1206.92ms
step:2246/3300 train_loss:3.44548 train_time:2710.732s step_avg:1206.92ms
step:2247/3300 train_loss:3.40944 train_time:2711.933s step_avg:1206.91ms
step:2248/3300 train_loss:3.45702 train_time:2713.135s step_avg:1206.91ms
step:2249/3300 train_loss:3.45614 train_time:2714.342s step_avg:1206.91ms
step:2250/3300 train_loss:3.41497 train_time:2715.550s step_avg:1206.91ms
step:2250/3300 val_loss:3.43244 train_time:2715.550s step_avg:1203.90ms
step:2251/3300 train_loss:3.39861 train_time:2716.744s step_avg:1206.91ms
step:2252/3300 train_loss:3.51070 train_time:2717.946s step_avg:1206.90ms
step:2253/3300 train_loss:3.37844 train_time:2719.153s step_avg:1206.90ms
step:2254/3300 train_loss:3.42819 train_time:2720.351s step_avg:1206.90ms
step:2255/3300 train_loss:3.53778 train_time:2721.563s step_avg:1206.90ms
step:2256/3300 train_loss:3.44716 train_time:2722.771s step_avg:1206.90ms
step:2257/3300 train_loss:3.58715 train_time:2723.986s step_avg:1206.91ms
step:2258/3300 train_loss:3.47277 train_time:2725.189s step_avg:1206.90ms
step:2259/3300 train_loss:3.40097 train_time:2726.387s step_avg:1206.90ms
step:2260/3300 train_loss:3.43832 train_time:2727.587s step_avg:1206.90ms
step:2261/3300 train_loss:3.47072 train_time:2728.788s step_avg:1206.89ms
step:2262/3300 train_loss:3.42060 train_time:2729.995s step_avg:1206.89ms
step:2263/3300 train_loss:3.42145 train_time:2731.214s step_avg:1206.90ms
step:2264/3300 train_loss:3.43375 train_time:2732.428s step_avg:1206.90ms
step:2265/3300 train_loss:3.45355 train_time:2733.638s step_avg:1206.90ms
step:2266/3300 train_loss:3.42100 train_time:2734.831s step_avg:1206.90ms
step:2267/3300 train_loss:3.42214 train_time:2736.038s step_avg:1206.90ms
step:2268/3300 train_loss:3.38990 train_time:2737.243s step_avg:1206.90ms
step:2269/3300 train_loss:3.40275 train_time:2738.430s step_avg:1206.89ms
step:2270/3300 train_loss:3.47190 train_time:2739.629s step_avg:1206.89ms
step:2271/3300 train_loss:3.45021 train_time:2740.855s step_avg:1206.89ms
step:2272/3300 train_loss:3.42746 train_time:2742.056s step_avg:1206.89ms
step:2273/3300 train_loss:3.37555 train_time:2743.261s step_avg:1206.89ms
step:2274/3300 train_loss:3.44803 train_time:2744.456s step_avg:1206.88ms
step:2275/3300 train_loss:3.43699 train_time:2745.664s step_avg:1206.89ms
step:2276/3300 train_loss:3.38325 train_time:2746.919s step_avg:1206.91ms
step:2277/3300 train_loss:3.37939 train_time:2748.128s step_avg:1206.91ms
step:2278/3300 train_loss:3.45867 train_time:2749.336s step_avg:1206.91ms
step:2279/3300 train_loss:3.46672 train_time:2750.542s step_avg:1206.91ms
step:2280/3300 train_loss:3.39517 train_time:2751.746s step_avg:1206.91ms
step:2281/3300 train_loss:3.45595 train_time:2752.982s step_avg:1206.92ms
step:2282/3300 train_loss:3.42914 train_time:2754.204s step_avg:1206.93ms
step:2283/3300 train_loss:3.41450 train_time:2755.402s step_avg:1206.92ms
step:2284/3300 train_loss:3.49069 train_time:2756.618s step_avg:1206.93ms
step:2285/3300 train_loss:3.41982 train_time:2757.815s step_avg:1206.92ms
step:2286/3300 train_loss:3.44953 train_time:2759.012s step_avg:1206.92ms
step:2287/3300 train_loss:3.45743 train_time:2760.219s step_avg:1206.92ms
step:2288/3300 train_loss:3.49967 train_time:2761.421s step_avg:1206.91ms
step:2289/3300 train_loss:3.42252 train_time:2762.622s step_avg:1206.91ms
step:2290/3300 train_loss:3.39959 train_time:2763.821s step_avg:1206.91ms
step:2291/3300 train_loss:3.46785 train_time:2765.033s step_avg:1206.91ms
step:2292/3300 train_loss:3.43506 train_time:2766.241s step_avg:1206.91ms
step:2293/3300 train_loss:3.38050 train_time:2767.435s step_avg:1206.91ms
step:2294/3300 train_loss:3.46738 train_time:2768.634s step_avg:1206.90ms
step:2295/3300 train_loss:3.44381 train_time:2769.849s step_avg:1206.91ms
step:2296/3300 train_loss:3.43955 train_time:2771.047s step_avg:1206.90ms
step:2297/3300 train_loss:3.42405 train_time:2772.265s step_avg:1206.91ms
step:2298/3300 train_loss:3.46741 train_time:2773.479s step_avg:1206.91ms
step:2299/3300 train_loss:3.45903 train_time:2774.733s step_avg:1206.93ms
step:2300/3300 train_loss:3.44348 train_time:2775.953s step_avg:1206.94ms
step:2301/3300 train_loss:3.46871 train_time:2777.148s step_avg:1206.93ms
step:2302/3300 train_loss:3.38540 train_time:2778.353s step_avg:1206.93ms
step:2303/3300 train_loss:3.42252 train_time:2779.580s step_avg:1206.94ms
step:2304/3300 train_loss:3.37177 train_time:2780.779s step_avg:1206.94ms
step:2305/3300 train_loss:3.45021 train_time:2781.984s step_avg:1206.93ms
step:2306/3300 train_loss:3.36287 train_time:2783.198s step_avg:1206.94ms
step:2307/3300 train_loss:3.44820 train_time:2784.409s step_avg:1206.94ms
step:2308/3300 train_loss:3.47171 train_time:2785.681s step_avg:1206.97ms
step:2309/3300 train_loss:3.47791 train_time:2786.881s step_avg:1206.96ms
step:2310/3300 train_loss:3.35581 train_time:2788.073s step_avg:1206.96ms
step:2311/3300 train_loss:3.42169 train_time:2789.273s step_avg:1206.95ms
step:2312/3300 train_loss:3.46387 train_time:2790.482s step_avg:1206.96ms
step:2313/3300 train_loss:3.41643 train_time:2791.677s step_avg:1206.95ms
step:2314/3300 train_loss:3.42355 train_time:2792.888s step_avg:1206.95ms
step:2315/3300 train_loss:3.42689 train_time:2794.100s step_avg:1206.95ms
step:2316/3300 train_loss:3.41258 train_time:2795.301s step_avg:1206.95ms
step:2317/3300 train_loss:3.41850 train_time:2796.501s step_avg:1206.95ms
step:2318/3300 train_loss:3.37669 train_time:2797.697s step_avg:1206.94ms
step:2319/3300 train_loss:3.49999 train_time:2798.900s step_avg:1206.94ms
step:2320/3300 train_loss:3.46459 train_time:2800.123s step_avg:1206.95ms
step:2321/3300 train_loss:3.45379 train_time:2801.336s step_avg:1206.95ms
step:2322/3300 train_loss:3.44675 train_time:2802.538s step_avg:1206.95ms
step:2323/3300 train_loss:3.39258 train_time:2803.740s step_avg:1206.95ms
step:2324/3300 train_loss:3.40584 train_time:2804.949s step_avg:1206.95ms
step:2325/3300 train_loss:3.36056 train_time:2806.157s step_avg:1206.95ms
step:2326/3300 train_loss:3.43599 train_time:2807.359s step_avg:1206.95ms
step:2327/3300 train_loss:3.39950 train_time:2808.556s step_avg:1206.94ms
step:2328/3300 train_loss:3.42637 train_time:2809.759s step_avg:1206.94ms
step:2329/3300 train_loss:3.58599 train_time:2810.974s step_avg:1206.94ms
step:2330/3300 train_loss:3.38604 train_time:2812.176s step_avg:1206.94ms
step:2331/3300 train_loss:3.45411 train_time:2813.377s step_avg:1206.94ms
step:2332/3300 train_loss:3.43494 train_time:2814.577s step_avg:1206.94ms
step:2333/3300 train_loss:3.48897 train_time:2815.790s step_avg:1206.94ms
step:2334/3300 train_loss:3.41954 train_time:2816.986s step_avg:1206.93ms
step:2335/3300 train_loss:3.40078 train_time:2818.180s step_avg:1206.93ms
step:2336/3300 train_loss:3.47830 train_time:2819.385s step_avg:1206.93ms
step:2337/3300 train_loss:3.40542 train_time:2820.575s step_avg:1206.92ms
step:2338/3300 train_loss:3.44021 train_time:2821.799s step_avg:1206.93ms
step:2339/3300 train_loss:3.43869 train_time:2823.004s step_avg:1206.93ms
step:2340/3300 train_loss:3.39411 train_time:2824.208s step_avg:1206.93ms
step:2341/3300 train_loss:3.42958 train_time:2825.405s step_avg:1206.92ms
step:2342/3300 train_loss:3.43752 train_time:2826.597s step_avg:1206.92ms
step:2343/3300 train_loss:3.42695 train_time:2827.792s step_avg:1206.91ms
step:2344/3300 train_loss:3.42120 train_time:2828.994s step_avg:1206.91ms
step:2345/3300 train_loss:3.43169 train_time:2830.223s step_avg:1206.92ms
step:2346/3300 train_loss:3.39720 train_time:2831.436s step_avg:1206.92ms
step:2347/3300 train_loss:3.50072 train_time:2832.657s step_avg:1206.93ms
step:2348/3300 train_loss:3.47560 train_time:2833.869s step_avg:1206.93ms
step:2349/3300 train_loss:3.43132 train_time:2835.075s step_avg:1206.93ms
step:2350/3300 train_loss:3.40005 train_time:2836.288s step_avg:1206.93ms
step:2351/3300 train_loss:3.39151 train_time:2837.482s step_avg:1206.93ms
step:2352/3300 train_loss:3.40364 train_time:2838.681s step_avg:1206.92ms
step:2353/3300 train_loss:3.50105 train_time:2839.906s step_avg:1206.93ms
step:2354/3300 train_loss:3.43751 train_time:2841.113s step_avg:1206.93ms
step:2355/3300 train_loss:3.34926 train_time:2842.318s step_avg:1206.93ms
step:2356/3300 train_loss:3.52535 train_time:2843.519s step_avg:1206.93ms
step:2357/3300 train_loss:3.41640 train_time:2844.717s step_avg:1206.92ms
step:2358/3300 train_loss:3.41928 train_time:2845.918s step_avg:1206.92ms
step:2359/3300 train_loss:3.39555 train_time:2847.132s step_avg:1206.92ms
step:2360/3300 train_loss:3.44099 train_time:2848.333s step_avg:1206.92ms
step:2361/3300 train_loss:3.43551 train_time:2849.536s step_avg:1206.92ms
step:2362/3300 train_loss:3.43865 train_time:2850.740s step_avg:1206.92ms
step:2363/3300 train_loss:3.43438 train_time:2851.943s step_avg:1206.92ms
step:2364/3300 train_loss:3.45808 train_time:2853.147s step_avg:1206.91ms
step:2365/3300 train_loss:3.39452 train_time:2854.347s step_avg:1206.91ms
step:2366/3300 train_loss:3.40478 train_time:2855.557s step_avg:1206.91ms
step:2367/3300 train_loss:3.52116 train_time:2856.762s step_avg:1206.91ms
step:2368/3300 train_loss:3.46146 train_time:2857.958s step_avg:1206.91ms
step:2369/3300 train_loss:3.43315 train_time:2859.176s step_avg:1206.91ms
step:2370/3300 train_loss:3.37709 train_time:2860.377s step_avg:1206.91ms
step:2371/3300 train_loss:3.45770 train_time:2861.577s step_avg:1206.91ms
step:2372/3300 train_loss:3.40181 train_time:2862.778s step_avg:1206.90ms
step:2373/3300 train_loss:3.48925 train_time:2863.987s step_avg:1206.91ms
step:2374/3300 train_loss:3.56751 train_time:2865.205s step_avg:1206.91ms
step:2375/3300 train_loss:3.37890 train_time:2866.443s step_avg:1206.92ms
step:2375/3300 val_loss:3.41115 train_time:2866.444s step_avg:1207.15ms
step:2376/3300 train_loss:3.41605 train_time:2867.651s step_avg:1206.92ms
step:2377/3300 train_loss:3.42570 train_time:2868.854s step_avg:1206.92ms
step:2378/3300 train_loss:3.40595 train_time:2870.051s step_avg:1206.92ms
step:2379/3300 train_loss:3.43725 train_time:2871.244s step_avg:1206.91ms
step:2380/3300 train_loss:3.38130 train_time:2872.446s step_avg:1206.91ms
step:2381/3300 train_loss:3.43877 train_time:2873.645s step_avg:1206.91ms
step:2382/3300 train_loss:3.44808 train_time:2874.844s step_avg:1206.90ms
step:2383/3300 train_loss:3.42826 train_time:2876.050s step_avg:1206.90ms
step:2384/3300 train_loss:3.39997 train_time:2877.249s step_avg:1206.90ms
step:2385/3300 train_loss:3.46674 train_time:2878.449s step_avg:1206.90ms
step:2386/3300 train_loss:3.40994 train_time:2879.649s step_avg:1206.89ms
step:2387/3300 train_loss:3.43611 train_time:2880.845s step_avg:1206.89ms
step:2388/3300 train_loss:3.40873 train_time:2882.049s step_avg:1206.89ms
step:2389/3300 train_loss:3.44884 train_time:2883.251s step_avg:1206.89ms
step:2390/3300 train_loss:3.40520 train_time:2884.469s step_avg:1206.89ms
step:2391/3300 train_loss:3.45480 train_time:2885.670s step_avg:1206.89ms
step:2392/3300 train_loss:3.38507 train_time:2886.868s step_avg:1206.88ms
step:2393/3300 train_loss:3.42314 train_time:2888.067s step_avg:1206.88ms
step:2394/3300 train_loss:3.46299 train_time:2889.270s step_avg:1206.88ms
step:2395/3300 train_loss:3.37164 train_time:2890.468s step_avg:1206.88ms
step:2396/3300 train_loss:3.43659 train_time:2891.676s step_avg:1206.88ms
step:2397/3300 train_loss:3.41766 train_time:2892.879s step_avg:1206.87ms
step:2398/3300 train_loss:3.40975 train_time:2894.086s step_avg:1206.87ms
step:2399/3300 train_loss:3.41278 train_time:2895.285s step_avg:1206.87ms
step:2400/3300 train_loss:3.37825 train_time:2896.491s step_avg:1206.87ms
step:2401/3300 train_loss:3.40783 train_time:2897.691s step_avg:1206.87ms
step:2402/3300 train_loss:3.43380 train_time:2898.896s step_avg:1206.87ms
step:2403/3300 train_loss:3.39023 train_time:2900.086s step_avg:1206.86ms
step:2404/3300 train_loss:3.51381 train_time:2901.282s step_avg:1206.86ms
step:2405/3300 train_loss:3.39270 train_time:2902.512s step_avg:1206.87ms
step:2406/3300 train_loss:3.54047 train_time:2903.716s step_avg:1206.86ms
step:2407/3300 train_loss:3.36683 train_time:2904.912s step_avg:1206.86ms
step:2408/3300 train_loss:3.40572 train_time:2906.126s step_avg:1206.86ms
step:2409/3300 train_loss:3.41250 train_time:2907.325s step_avg:1206.86ms
step:2410/3300 train_loss:3.45269 train_time:2908.544s step_avg:1206.86ms
step:2411/3300 train_loss:3.44054 train_time:2909.746s step_avg:1206.86ms
step:2412/3300 train_loss:3.39282 train_time:2910.948s step_avg:1206.86ms
step:2413/3300 train_loss:3.39428 train_time:2912.150s step_avg:1206.86ms
step:2414/3300 train_loss:3.48604 train_time:2913.358s step_avg:1206.86ms
step:2415/3300 train_loss:3.44844 train_time:2914.570s step_avg:1206.86ms
step:2416/3300 train_loss:3.39666 train_time:2915.786s step_avg:1206.87ms
step:2417/3300 train_loss:3.40874 train_time:2916.987s step_avg:1206.86ms
step:2418/3300 train_loss:3.43056 train_time:2918.196s step_avg:1206.86ms
step:2419/3300 train_loss:3.39035 train_time:2919.383s step_avg:1206.86ms
step:2420/3300 train_loss:3.40576 train_time:2920.584s step_avg:1206.85ms
step:2421/3300 train_loss:3.51063 train_time:2921.802s step_avg:1206.86ms
step:2422/3300 train_loss:3.49183 train_time:2922.993s step_avg:1206.85ms
step:2423/3300 train_loss:3.48218 train_time:2924.191s step_avg:1206.85ms
step:2424/3300 train_loss:3.44326 train_time:2925.418s step_avg:1206.86ms
step:2425/3300 train_loss:3.38675 train_time:2926.639s step_avg:1206.86ms
step:2426/3300 train_loss:3.33598 train_time:2927.831s step_avg:1206.86ms
step:2427/3300 train_loss:3.46975 train_time:2929.037s step_avg:1206.86ms
step:2428/3300 train_loss:3.40422 train_time:2930.228s step_avg:1206.85ms
step:2429/3300 train_loss:3.37523 train_time:2931.424s step_avg:1206.84ms
step:2430/3300 train_loss:3.43696 train_time:2932.634s step_avg:1206.85ms
step:2431/3300 train_loss:3.50128 train_time:2933.839s step_avg:1206.84ms
step:2432/3300 train_loss:3.43939 train_time:2935.039s step_avg:1206.84ms
step:2433/3300 train_loss:3.42106 train_time:2936.232s step_avg:1206.84ms
step:2434/3300 train_loss:3.40732 train_time:2937.488s step_avg:1206.86ms
step:2435/3300 train_loss:3.40088 train_time:2938.690s step_avg:1206.85ms
step:2436/3300 train_loss:3.41648 train_time:2939.898s step_avg:1206.85ms
step:2437/3300 train_loss:3.40393 train_time:2941.090s step_avg:1206.85ms
step:2438/3300 train_loss:3.41684 train_time:2942.287s step_avg:1206.84ms
step:2439/3300 train_loss:3.37840 train_time:2943.514s step_avg:1206.85ms
step:2440/3300 train_loss:3.40951 train_time:2944.709s step_avg:1206.85ms
step:2441/3300 train_loss:3.38233 train_time:2945.917s step_avg:1206.85ms
step:2442/3300 train_loss:3.45058 train_time:2947.114s step_avg:1206.84ms
step:2443/3300 train_loss:3.41714 train_time:2948.313s step_avg:1206.84ms
step:2444/3300 train_loss:3.34400 train_time:2949.513s step_avg:1206.84ms
step:2445/3300 train_loss:3.46601 train_time:2950.712s step_avg:1206.84ms
step:2446/3300 train_loss:3.39803 train_time:2951.913s step_avg:1206.83ms
step:2447/3300 train_loss:3.39810 train_time:2953.129s step_avg:1206.84ms
step:2448/3300 train_loss:3.47263 train_time:2954.342s step_avg:1206.84ms
step:2449/3300 train_loss:3.41701 train_time:2955.557s step_avg:1206.84ms
step:2450/3300 train_loss:3.43950 train_time:2956.774s step_avg:1206.85ms
step:2451/3300 train_loss:3.43365 train_time:2957.977s step_avg:1206.85ms
step:2452/3300 train_loss:3.45135 train_time:2959.184s step_avg:1206.84ms
step:2453/3300 train_loss:3.38998 train_time:2960.381s step_avg:1206.84ms
step:2454/3300 train_loss:3.46274 train_time:2961.584s step_avg:1206.84ms
step:2455/3300 train_loss:3.48148 train_time:2962.792s step_avg:1206.84ms
step:2456/3300 train_loss:3.35031 train_time:2963.993s step_avg:1206.84ms
step:2457/3300 train_loss:3.39696 train_time:2965.193s step_avg:1206.83ms
step:2458/3300 train_loss:3.53339 train_time:2966.393s step_avg:1206.83ms
step:2459/3300 train_loss:3.61157 train_time:2967.591s step_avg:1206.83ms
step:2460/3300 train_loss:3.42838 train_time:2968.794s step_avg:1206.83ms
step:2461/3300 train_loss:3.39792 train_time:2969.992s step_avg:1206.82ms
step:2462/3300 train_loss:3.45748 train_time:2971.188s step_avg:1206.82ms
step:2463/3300 train_loss:3.47259 train_time:2972.400s step_avg:1206.82ms
step:2464/3300 train_loss:3.49363 train_time:2973.597s step_avg:1206.82ms
step:2465/3300 train_loss:3.39918 train_time:2974.810s step_avg:1206.82ms
step:2466/3300 train_loss:3.43684 train_time:2976.019s step_avg:1206.82ms
step:2467/3300 train_loss:3.37182 train_time:2977.229s step_avg:1206.82ms
step:2468/3300 train_loss:3.43351 train_time:2978.431s step_avg:1206.82ms
step:2469/3300 train_loss:3.50579 train_time:2979.631s step_avg:1206.82ms
step:2470/3300 train_loss:3.41023 train_time:2980.831s step_avg:1206.81ms
step:2471/3300 train_loss:3.40546 train_time:2982.065s step_avg:1206.83ms
step:2472/3300 train_loss:3.40150 train_time:2983.254s step_avg:1206.82ms
step:2473/3300 train_loss:3.58939 train_time:2984.458s step_avg:1206.82ms
step:2474/3300 train_loss:3.44538 train_time:2985.665s step_avg:1206.82ms
step:2475/3300 train_loss:3.40838 train_time:2986.871s step_avg:1206.82ms
step:2476/3300 train_loss:3.39173 train_time:2988.072s step_avg:1206.81ms
step:2477/3300 train_loss:3.40190 train_time:2989.283s step_avg:1206.82ms
step:2478/3300 train_loss:3.41269 train_time:2990.475s step_avg:1206.81ms
step:2479/3300 train_loss:3.43596 train_time:2991.674s step_avg:1206.81ms
step:2480/3300 train_loss:3.35885 train_time:2992.873s step_avg:1206.80ms
step:2481/3300 train_loss:3.47337 train_time:2994.085s step_avg:1206.81ms
step:2482/3300 train_loss:3.38185 train_time:2995.283s step_avg:1206.80ms
step:2483/3300 train_loss:3.40533 train_time:2996.486s step_avg:1206.80ms
step:2484/3300 train_loss:3.46757 train_time:2997.686s step_avg:1206.80ms
step:2485/3300 train_loss:3.46664 train_time:2998.874s step_avg:1206.79ms
step:2486/3300 train_loss:3.41674 train_time:3000.072s step_avg:1206.79ms
step:2487/3300 train_loss:3.44014 train_time:3001.273s step_avg:1206.78ms
step:2488/3300 train_loss:3.39417 train_time:3002.478s step_avg:1206.78ms
step:2489/3300 train_loss:3.42164 train_time:3003.694s step_avg:1206.79ms
step:2490/3300 train_loss:3.42778 train_time:3004.930s step_avg:1206.80ms
step:2491/3300 train_loss:3.44653 train_time:3006.187s step_avg:1206.82ms
step:2492/3300 train_loss:3.38492 train_time:3007.388s step_avg:1206.82ms
step:2493/3300 train_loss:3.43438 train_time:3008.592s step_avg:1206.82ms
step:2494/3300 train_loss:3.42810 train_time:3009.791s step_avg:1206.81ms
step:2495/3300 train_loss:3.36200 train_time:3010.991s step_avg:1206.81ms
step:2496/3300 train_loss:3.39180 train_time:3012.193s step_avg:1206.81ms
step:2497/3300 train_loss:3.39589 train_time:3013.404s step_avg:1206.81ms
step:2498/3300 train_loss:3.36456 train_time:3014.668s step_avg:1206.83ms
step:2499/3300 train_loss:3.40934 train_time:3015.898s step_avg:1206.84ms
step:2500/3300 train_loss:3.35822 train_time:3017.117s step_avg:1206.85ms
step:2500/3300 val_loss:3.39064 train_time:3017.117s step_avg:1205.38ms
step:2501/3300 train_loss:3.37684 train_time:3018.328s step_avg:1206.85ms
step:2502/3300 train_loss:3.38456 train_time:3019.528s step_avg:1206.85ms
step:2503/3300 train_loss:3.39698 train_time:3020.728s step_avg:1206.84ms
step:2504/3300 train_loss:3.45979 train_time:3021.927s step_avg:1206.84ms
step:2505/3300 train_loss:3.41560 train_time:3023.128s step_avg:1206.84ms
step:2506/3300 train_loss:3.39361 train_time:3024.332s step_avg:1206.84ms
step:2507/3300 train_loss:3.45557 train_time:3025.541s step_avg:1206.84ms
step:2508/3300 train_loss:3.39736 train_time:3026.762s step_avg:1206.84ms
step:2509/3300 train_loss:3.48634 train_time:3027.985s step_avg:1206.85ms
step:2510/3300 train_loss:3.42348 train_time:3029.201s step_avg:1206.85ms
step:2511/3300 train_loss:3.41972 train_time:3030.399s step_avg:1206.85ms
step:2512/3300 train_loss:3.42252 train_time:3031.608s step_avg:1206.85ms
step:2513/3300 train_loss:3.39258 train_time:3032.807s step_avg:1206.85ms
step:2514/3300 train_loss:3.42438 train_time:3034.021s step_avg:1206.85ms
step:2515/3300 train_loss:3.34926 train_time:3035.245s step_avg:1206.86ms
step:2516/3300 train_loss:3.41505 train_time:3036.459s step_avg:1206.86ms
step:2517/3300 train_loss:3.39007 train_time:3037.662s step_avg:1206.86ms
step:2518/3300 train_loss:3.44868 train_time:3038.889s step_avg:1206.87ms
step:2519/3300 train_loss:3.44202 train_time:3040.093s step_avg:1206.87ms
step:2520/3300 train_loss:3.43627 train_time:3041.297s step_avg:1206.86ms
step:2521/3300 train_loss:3.44013 train_time:3042.498s step_avg:1206.86ms
step:2522/3300 train_loss:3.40230 train_time:3043.698s step_avg:1206.86ms
step:2523/3300 train_loss:3.36348 train_time:3044.913s step_avg:1206.86ms
step:2524/3300 train_loss:3.43883 train_time:3046.109s step_avg:1206.86ms
step:2525/3300 train_loss:3.37453 train_time:3047.318s step_avg:1206.86ms
step:2526/3300 train_loss:3.44037 train_time:3048.533s step_avg:1206.86ms
step:2527/3300 train_loss:3.40259 train_time:3049.747s step_avg:1206.86ms
step:2528/3300 train_loss:3.32111 train_time:3050.950s step_avg:1206.86ms
step:2529/3300 train_loss:3.43626 train_time:3052.163s step_avg:1206.87ms
step:2530/3300 train_loss:3.42485 train_time:3053.364s step_avg:1206.86ms
step:2531/3300 train_loss:3.42321 train_time:3054.568s step_avg:1206.86ms
step:2532/3300 train_loss:3.37394 train_time:3055.786s step_avg:1206.87ms
step:2533/3300 train_loss:3.40555 train_time:3056.992s step_avg:1206.87ms
step:2534/3300 train_loss:3.40330 train_time:3058.198s step_avg:1206.87ms
step:2535/3300 train_loss:3.40127 train_time:3059.409s step_avg:1206.87ms
step:2536/3300 train_loss:3.40198 train_time:3060.621s step_avg:1206.87ms
step:2537/3300 train_loss:3.34459 train_time:3061.826s step_avg:1206.87ms
step:2538/3300 train_loss:3.35928 train_time:3063.027s step_avg:1206.87ms
step:2539/3300 train_loss:3.39360 train_time:3064.246s step_avg:1206.87ms
step:2540/3300 train_loss:3.40755 train_time:3065.448s step_avg:1206.87ms
step:2541/3300 train_loss:3.39086 train_time:3066.649s step_avg:1206.87ms
step:2542/3300 train_loss:3.58042 train_time:3067.845s step_avg:1206.86ms
step:2543/3300 train_loss:3.61337 train_time:3069.106s step_avg:1206.88ms
step:2544/3300 train_loss:3.37698 train_time:3070.311s step_avg:1206.88ms
step:2545/3300 train_loss:3.38504 train_time:3071.508s step_avg:1206.88ms
step:2546/3300 train_loss:3.53343 train_time:3072.711s step_avg:1206.88ms
step:2547/3300 train_loss:3.39497 train_time:3073.911s step_avg:1206.88ms
step:2548/3300 train_loss:3.34515 train_time:3075.110s step_avg:1206.87ms
step:2549/3300 train_loss:3.43760 train_time:3076.322s step_avg:1206.87ms
step:2550/3300 train_loss:3.42241 train_time:3077.545s step_avg:1206.88ms
step:2551/3300 train_loss:3.38509 train_time:3078.755s step_avg:1206.88ms
step:2552/3300 train_loss:3.37776 train_time:3079.954s step_avg:1206.88ms
step:2553/3300 train_loss:3.44428 train_time:3081.148s step_avg:1206.87ms
step:2554/3300 train_loss:3.42796 train_time:3082.355s step_avg:1206.87ms
step:2555/3300 train_loss:3.36000 train_time:3083.551s step_avg:1206.87ms
step:2556/3300 train_loss:3.42069 train_time:3084.765s step_avg:1206.87ms
step:2557/3300 train_loss:3.40414 train_time:3085.980s step_avg:1206.88ms
step:2558/3300 train_loss:3.37713 train_time:3087.190s step_avg:1206.88ms
step:2559/3300 train_loss:3.37005 train_time:3088.409s step_avg:1206.88ms
step:2560/3300 train_loss:3.40522 train_time:3089.635s step_avg:1206.89ms
step:2561/3300 train_loss:3.42734 train_time:3090.835s step_avg:1206.89ms
step:2562/3300 train_loss:3.37038 train_time:3092.029s step_avg:1206.88ms
step:2563/3300 train_loss:3.46762 train_time:3093.229s step_avg:1206.88ms
step:2564/3300 train_loss:3.41137 train_time:3094.495s step_avg:1206.90ms
step:2565/3300 train_loss:3.35125 train_time:3095.698s step_avg:1206.90ms
step:2566/3300 train_loss:3.41862 train_time:3096.909s step_avg:1206.90ms
step:2567/3300 train_loss:3.43260 train_time:3098.119s step_avg:1206.90ms
step:2568/3300 train_loss:3.40195 train_time:3099.328s step_avg:1206.90ms
step:2569/3300 train_loss:3.36561 train_time:3100.530s step_avg:1206.90ms
step:2570/3300 train_loss:3.42245 train_time:3101.739s step_avg:1206.90ms
step:2571/3300 train_loss:3.36480 train_time:3102.934s step_avg:1206.90ms
step:2572/3300 train_loss:3.37975 train_time:3104.135s step_avg:1206.90ms
step:2573/3300 train_loss:3.34144 train_time:3105.335s step_avg:1206.89ms
step:2574/3300 train_loss:3.38620 train_time:3106.533s step_avg:1206.89ms
step:2575/3300 train_loss:3.37907 train_time:3107.742s step_avg:1206.89ms
step:2576/3300 train_loss:3.41112 train_time:3108.953s step_avg:1206.89ms
step:2577/3300 train_loss:3.38018 train_time:3110.153s step_avg:1206.89ms
step:2578/3300 train_loss:3.38859 train_time:3111.366s step_avg:1206.89ms
step:2579/3300 train_loss:3.32670 train_time:3112.565s step_avg:1206.89ms
step:2580/3300 train_loss:3.36792 train_time:3113.769s step_avg:1206.89ms
step:2581/3300 train_loss:3.45129 train_time:3114.976s step_avg:1206.89ms
step:2582/3300 train_loss:3.34734 train_time:3116.179s step_avg:1206.89ms
step:2583/3300 train_loss:3.43655 train_time:3117.386s step_avg:1206.89ms
step:2584/3300 train_loss:3.45250 train_time:3118.605s step_avg:1206.89ms
step:2585/3300 train_loss:3.43076 train_time:3119.805s step_avg:1206.89ms
step:2586/3300 train_loss:3.41270 train_time:3121.017s step_avg:1206.89ms
step:2587/3300 train_loss:3.38893 train_time:3122.215s step_avg:1206.89ms
step:2588/3300 train_loss:3.41690 train_time:3123.416s step_avg:1206.88ms
step:2589/3300 train_loss:3.32634 train_time:3124.618s step_avg:1206.88ms
step:2590/3300 train_loss:3.45079 train_time:3125.811s step_avg:1206.88ms
step:2591/3300 train_loss:3.43982 train_time:3127.056s step_avg:1206.89ms
step:2592/3300 train_loss:3.46518 train_time:3128.260s step_avg:1206.89ms
step:2593/3300 train_loss:3.39848 train_time:3129.458s step_avg:1206.89ms
step:2594/3300 train_loss:3.39003 train_time:3130.660s step_avg:1206.89ms
step:2595/3300 train_loss:3.43603 train_time:3131.854s step_avg:1206.88ms
step:2596/3300 train_loss:3.34467 train_time:3133.051s step_avg:1206.88ms
step:2597/3300 train_loss:3.48073 train_time:3134.270s step_avg:1206.88ms
step:2598/3300 train_loss:3.39461 train_time:3135.468s step_avg:1206.88ms
step:2599/3300 train_loss:3.34534 train_time:3136.670s step_avg:1206.88ms
step:2600/3300 train_loss:3.40499 train_time:3137.878s step_avg:1206.88ms
step:2601/3300 train_loss:3.34305 train_time:3139.079s step_avg:1206.87ms
step:2602/3300 train_loss:3.39639 train_time:3140.274s step_avg:1206.87ms
step:2603/3300 train_loss:3.42075 train_time:3141.476s step_avg:1206.87ms
step:2604/3300 train_loss:3.40195 train_time:3142.674s step_avg:1206.86ms
step:2605/3300 train_loss:3.36888 train_time:3143.883s step_avg:1206.86ms
step:2606/3300 train_loss:3.36632 train_time:3145.082s step_avg:1206.86ms
step:2607/3300 train_loss:3.34720 train_time:3146.287s step_avg:1206.86ms
step:2608/3300 train_loss:3.41854 train_time:3147.495s step_avg:1206.86ms
step:2609/3300 train_loss:3.39995 train_time:3148.701s step_avg:1206.86ms
step:2610/3300 train_loss:3.38074 train_time:3149.893s step_avg:1206.86ms
step:2611/3300 train_loss:3.34791 train_time:3151.102s step_avg:1206.86ms
step:2612/3300 train_loss:3.37520 train_time:3152.297s step_avg:1206.85ms
step:2613/3300 train_loss:3.38901 train_time:3153.494s step_avg:1206.85ms
step:2614/3300 train_loss:3.44134 train_time:3154.697s step_avg:1206.85ms
step:2615/3300 train_loss:3.33347 train_time:3155.912s step_avg:1206.85ms
step:2616/3300 train_loss:3.33379 train_time:3157.123s step_avg:1206.85ms
step:2617/3300 train_loss:3.42219 train_time:3158.331s step_avg:1206.85ms
step:2618/3300 train_loss:3.38238 train_time:3159.538s step_avg:1206.85ms
step:2619/3300 train_loss:3.38896 train_time:3160.752s step_avg:1206.85ms
step:2620/3300 train_loss:3.43300 train_time:3161.960s step_avg:1206.86ms
step:2621/3300 train_loss:3.38683 train_time:3163.158s step_avg:1206.85ms
step:2622/3300 train_loss:3.39232 train_time:3164.357s step_avg:1206.85ms
step:2623/3300 train_loss:3.40030 train_time:3165.561s step_avg:1206.85ms
step:2624/3300 train_loss:3.38703 train_time:3166.780s step_avg:1206.85ms
step:2625/3300 train_loss:3.35819 train_time:3167.999s step_avg:1206.86ms
step:2625/3300 val_loss:3.36888 train_time:3167.999s step_avg:1207.06ms
step:2626/3300 train_loss:3.41051 train_time:3169.195s step_avg:1206.85ms
step:2627/3300 train_loss:3.38961 train_time:3170.396s step_avg:1206.85ms
step:2628/3300 train_loss:3.42719 train_time:3171.603s step_avg:1206.85ms
step:2629/3300 train_loss:3.40091 train_time:3172.857s step_avg:1206.87ms
step:2630/3300 train_loss:3.37506 train_time:3174.058s step_avg:1206.87ms
step:2631/3300 train_loss:3.44084 train_time:3175.264s step_avg:1206.87ms
step:2632/3300 train_loss:3.34688 train_time:3176.464s step_avg:1206.86ms
step:2633/3300 train_loss:3.41311 train_time:3177.664s step_avg:1206.86ms
step:2634/3300 train_loss:3.32042 train_time:3178.877s step_avg:1206.86ms
step:2635/3300 train_loss:3.34626 train_time:3180.078s step_avg:1206.86ms
step:2636/3300 train_loss:3.37896 train_time:3181.295s step_avg:1206.86ms
step:2637/3300 train_loss:3.36808 train_time:3182.502s step_avg:1206.86ms
step:2638/3300 train_loss:3.40334 train_time:3183.706s step_avg:1206.86ms
step:2639/3300 train_loss:3.39040 train_time:3184.907s step_avg:1206.86ms
step:2640/3300 train_loss:3.43374 train_time:3186.112s step_avg:1206.86ms
step:2641/3300 train_loss:3.37201 train_time:3187.311s step_avg:1206.86ms
step:2642/3300 train_loss:3.33939 train_time:3188.515s step_avg:1206.86ms
step:2643/3300 train_loss:3.37606 train_time:3189.716s step_avg:1206.85ms
step:2644/3300 train_loss:3.37689 train_time:3190.915s step_avg:1206.85ms
step:2645/3300 train_loss:3.42298 train_time:3192.116s step_avg:1206.85ms
step:2646/3300 train_loss:3.36390 train_time:3193.328s step_avg:1206.85ms
step:2647/3300 train_loss:3.37490 train_time:3194.532s step_avg:1206.85ms
step:2648/3300 train_loss:3.40225 train_time:3195.733s step_avg:1206.85ms
step:2649/3300 train_loss:3.41867 train_time:3196.940s step_avg:1206.85ms
step:2650/3300 train_loss:3.41469 train_time:3198.170s step_avg:1206.86ms
step:2651/3300 train_loss:3.41192 train_time:3199.372s step_avg:1206.85ms
step:2652/3300 train_loss:3.39448 train_time:3200.575s step_avg:1206.85ms
step:2653/3300 train_loss:3.42036 train_time:3201.812s step_avg:1206.86ms
step:2654/3300 train_loss:3.41639 train_time:3203.018s step_avg:1206.86ms
step:2655/3300 train_loss:3.38017 train_time:3204.234s step_avg:1206.87ms
step:2656/3300 train_loss:3.39791 train_time:3205.449s step_avg:1206.87ms
step:2657/3300 train_loss:3.34441 train_time:3206.649s step_avg:1206.87ms
step:2658/3300 train_loss:3.36787 train_time:3207.854s step_avg:1206.87ms
step:2659/3300 train_loss:3.39146 train_time:3209.052s step_avg:1206.86ms
step:2660/3300 train_loss:3.37118 train_time:3210.257s step_avg:1206.86ms
step:2661/3300 train_loss:3.39293 train_time:3211.488s step_avg:1206.87ms
step:2662/3300 train_loss:3.38545 train_time:3212.683s step_avg:1206.87ms
step:2663/3300 train_loss:3.37268 train_time:3213.878s step_avg:1206.86ms
step:2664/3300 train_loss:3.34419 train_time:3215.077s step_avg:1206.86ms
step:2665/3300 train_loss:3.40031 train_time:3216.285s step_avg:1206.86ms
step:2666/3300 train_loss:3.41524 train_time:3217.476s step_avg:1206.86ms
step:2667/3300 train_loss:3.41277 train_time:3218.680s step_avg:1206.85ms
step:2668/3300 train_loss:3.36470 train_time:3219.877s step_avg:1206.85ms
step:2669/3300 train_loss:3.39679 train_time:3221.079s step_avg:1206.85ms
step:2670/3300 train_loss:3.35652 train_time:3222.290s step_avg:1206.85ms
step:2671/3300 train_loss:3.34451 train_time:3223.484s step_avg:1206.85ms
step:2672/3300 train_loss:3.31675 train_time:3224.721s step_avg:1206.86ms
step:2673/3300 train_loss:3.36520 train_time:3225.914s step_avg:1206.85ms
step:2674/3300 train_loss:3.37923 train_time:3227.117s step_avg:1206.85ms
step:2675/3300 train_loss:3.42795 train_time:3228.325s step_avg:1206.85ms
step:2676/3300 train_loss:3.35033 train_time:3229.520s step_avg:1206.85ms
step:2677/3300 train_loss:3.29043 train_time:3230.721s step_avg:1206.84ms
step:2678/3300 train_loss:3.42749 train_time:3231.921s step_avg:1206.84ms
step:2679/3300 train_loss:3.42835 train_time:3233.120s step_avg:1206.84ms
step:2680/3300 train_loss:3.32465 train_time:3234.321s step_avg:1206.84ms
step:2681/3300 train_loss:3.36528 train_time:3235.520s step_avg:1206.83ms
step:2682/3300 train_loss:3.42262 train_time:3236.717s step_avg:1206.83ms
step:2683/3300 train_loss:3.41553 train_time:3237.933s step_avg:1206.83ms
step:2684/3300 train_loss:3.46211 train_time:3239.132s step_avg:1206.83ms
step:2685/3300 train_loss:3.39880 train_time:3240.320s step_avg:1206.82ms
step:2686/3300 train_loss:3.35311 train_time:3241.531s step_avg:1206.82ms
step:2687/3300 train_loss:3.40251 train_time:3242.750s step_avg:1206.83ms
step:2688/3300 train_loss:3.36346 train_time:3243.961s step_avg:1206.83ms
step:2689/3300 train_loss:3.41259 train_time:3245.161s step_avg:1206.83ms
step:2690/3300 train_loss:3.39039 train_time:3246.359s step_avg:1206.82ms
step:2691/3300 train_loss:3.37535 train_time:3247.591s step_avg:1206.83ms
step:2692/3300 train_loss:3.42578 train_time:3248.783s step_avg:1206.83ms
step:2693/3300 train_loss:3.41864 train_time:3249.979s step_avg:1206.82ms
step:2694/3300 train_loss:3.34861 train_time:3251.179s step_avg:1206.82ms
step:2695/3300 train_loss:3.33139 train_time:3252.439s step_avg:1206.84ms
step:2696/3300 train_loss:3.47529 train_time:3253.642s step_avg:1206.84ms
step:2697/3300 train_loss:3.36065 train_time:3254.864s step_avg:1206.85ms
step:2698/3300 train_loss:3.29144 train_time:3256.062s step_avg:1206.84ms
step:2699/3300 train_loss:3.37357 train_time:3257.262s step_avg:1206.84ms
step:2700/3300 train_loss:3.38366 train_time:3258.479s step_avg:1206.84ms
step:2701/3300 train_loss:3.36851 train_time:3259.681s step_avg:1206.84ms
step:2702/3300 train_loss:3.36669 train_time:3260.883s step_avg:1206.84ms
step:2703/3300 train_loss:3.42354 train_time:3262.093s step_avg:1206.84ms
step:2704/3300 train_loss:3.36925 train_time:3263.296s step_avg:1206.84ms
step:2705/3300 train_loss:3.36748 train_time:3264.512s step_avg:1206.84ms
step:2706/3300 train_loss:3.38633 train_time:3265.710s step_avg:1206.84ms
step:2707/3300 train_loss:3.40105 train_time:3266.931s step_avg:1206.85ms
step:2708/3300 train_loss:3.35748 train_time:3268.134s step_avg:1206.84ms
step:2709/3300 train_loss:3.40726 train_time:3269.329s step_avg:1206.84ms
step:2710/3300 train_loss:3.33900 train_time:3270.530s step_avg:1206.84ms
step:2711/3300 train_loss:3.43573 train_time:3271.732s step_avg:1206.84ms
step:2712/3300 train_loss:3.37573 train_time:3272.922s step_avg:1206.83ms
step:2713/3300 train_loss:3.35977 train_time:3274.120s step_avg:1206.83ms
step:2714/3300 train_loss:3.36885 train_time:3275.330s step_avg:1206.83ms
step:2715/3300 train_loss:3.32466 train_time:3276.535s step_avg:1206.83ms
step:2716/3300 train_loss:3.35502 train_time:3277.742s step_avg:1206.83ms
step:2717/3300 train_loss:3.35702 train_time:3278.941s step_avg:1206.82ms
step:2718/3300 train_loss:3.41955 train_time:3280.142s step_avg:1206.82ms
step:2719/3300 train_loss:3.36056 train_time:3281.346s step_avg:1206.82ms
step:2720/3300 train_loss:3.37861 train_time:3282.554s step_avg:1206.82ms
step:2721/3300 train_loss:3.41235 train_time:3283.753s step_avg:1206.82ms
step:2722/3300 train_loss:3.49730 train_time:3284.948s step_avg:1206.81ms
step:2723/3300 train_loss:3.34949 train_time:3286.143s step_avg:1206.81ms
step:2724/3300 train_loss:3.37996 train_time:3287.351s step_avg:1206.81ms
step:2725/3300 train_loss:3.41490 train_time:3288.549s step_avg:1206.81ms
step:2726/3300 train_loss:3.37002 train_time:3289.746s step_avg:1206.80ms
step:2727/3300 train_loss:3.35444 train_time:3290.946s step_avg:1206.80ms
step:2728/3300 train_loss:3.38390 train_time:3292.156s step_avg:1206.80ms
step:2729/3300 train_loss:3.41210 train_time:3293.364s step_avg:1206.80ms
step:2730/3300 train_loss:3.41503 train_time:3294.562s step_avg:1206.80ms
step:2731/3300 train_loss:3.33929 train_time:3295.761s step_avg:1206.80ms
step:2732/3300 train_loss:3.32829 train_time:3297.061s step_avg:1206.83ms
step:2733/3300 train_loss:3.30014 train_time:3298.266s step_avg:1206.83ms
step:2734/3300 train_loss:3.36042 train_time:3299.466s step_avg:1206.83ms
step:2735/3300 train_loss:3.37053 train_time:3300.665s step_avg:1206.82ms
step:2736/3300 train_loss:3.36651 train_time:3301.925s step_avg:1206.84ms
step:2737/3300 train_loss:3.37366 train_time:3303.126s step_avg:1206.84ms
step:2738/3300 train_loss:3.34414 train_time:3304.327s step_avg:1206.84ms
step:2739/3300 train_loss:3.31025 train_time:3305.533s step_avg:1206.84ms
step:2740/3300 train_loss:3.37736 train_time:3306.726s step_avg:1206.83ms
step:2741/3300 train_loss:3.37511 train_time:3307.959s step_avg:1206.84ms
step:2742/3300 train_loss:3.40666 train_time:3309.176s step_avg:1206.85ms
step:2743/3300 train_loss:3.39574 train_time:3310.371s step_avg:1206.84ms
step:2744/3300 train_loss:3.42195 train_time:3311.586s step_avg:1206.85ms
step:2745/3300 train_loss:3.32500 train_time:3312.786s step_avg:1206.84ms
step:2746/3300 train_loss:3.37123 train_time:3314.008s step_avg:1206.85ms
step:2747/3300 train_loss:3.35242 train_time:3315.207s step_avg:1206.85ms
step:2748/3300 train_loss:3.38517 train_time:3316.421s step_avg:1206.85ms
step:2749/3300 train_loss:3.37409 train_time:3317.629s step_avg:1206.85ms
step:2750/3300 train_loss:3.39037 train_time:3318.826s step_avg:1206.85ms
step:2750/3300 val_loss:3.34904 train_time:3318.826s step_avg:1206.62ms
step:2751/3300 train_loss:3.34130 train_time:3320.027s step_avg:1206.84ms
step:2752/3300 train_loss:3.32198 train_time:3321.228s step_avg:1206.84ms
step:2753/3300 train_loss:3.33950 train_time:3322.430s step_avg:1206.84ms
step:2754/3300 train_loss:3.33626 train_time:3323.644s step_avg:1206.84ms
step:2755/3300 train_loss:3.30577 train_time:3324.848s step_avg:1206.84ms
step:2756/3300 train_loss:3.34293 train_time:3326.061s step_avg:1206.84ms
step:2757/3300 train_loss:3.43044 train_time:3327.265s step_avg:1206.84ms
step:2758/3300 train_loss:3.32740 train_time:3328.467s step_avg:1206.84ms
step:2759/3300 train_loss:3.35009 train_time:3329.684s step_avg:1206.84ms
step:2760/3300 train_loss:3.37714 train_time:3330.877s step_avg:1206.84ms
step:2761/3300 train_loss:3.37758 train_time:3332.083s step_avg:1206.84ms
step:2762/3300 train_loss:3.32538 train_time:3333.277s step_avg:1206.83ms
step:2763/3300 train_loss:3.36977 train_time:3334.483s step_avg:1206.83ms
step:2764/3300 train_loss:3.40835 train_time:3335.693s step_avg:1206.84ms
step:2765/3300 train_loss:3.34128 train_time:3336.892s step_avg:1206.83ms
step:2766/3300 train_loss:3.32984 train_time:3338.101s step_avg:1206.83ms
step:2767/3300 train_loss:3.35359 train_time:3339.324s step_avg:1206.84ms
step:2768/3300 train_loss:3.36452 train_time:3340.533s step_avg:1206.84ms
step:2769/3300 train_loss:3.33808 train_time:3341.727s step_avg:1206.84ms
step:2770/3300 train_loss:3.28107 train_time:3342.928s step_avg:1206.83ms
step:2771/3300 train_loss:3.47558 train_time:3344.129s step_avg:1206.83ms
step:2772/3300 train_loss:3.34030 train_time:3345.334s step_avg:1206.83ms
step:2773/3300 train_loss:3.32242 train_time:3346.542s step_avg:1206.83ms
step:2774/3300 train_loss:3.34111 train_time:3347.752s step_avg:1206.83ms
step:2775/3300 train_loss:3.37504 train_time:3348.965s step_avg:1206.83ms
step:2776/3300 train_loss:3.42899 train_time:3350.161s step_avg:1206.83ms
step:2777/3300 train_loss:3.42058 train_time:3351.355s step_avg:1206.83ms
step:2778/3300 train_loss:3.39565 train_time:3352.556s step_avg:1206.82ms
step:2779/3300 train_loss:3.35811 train_time:3353.771s step_avg:1206.83ms
step:2780/3300 train_loss:3.37362 train_time:3354.979s step_avg:1206.83ms
step:2781/3300 train_loss:3.33206 train_time:3356.185s step_avg:1206.83ms
step:2782/3300 train_loss:3.37578 train_time:3357.378s step_avg:1206.82ms
step:2783/3300 train_loss:3.37509 train_time:3358.573s step_avg:1206.82ms
step:2784/3300 train_loss:3.37669 train_time:3359.776s step_avg:1206.82ms
step:2785/3300 train_loss:3.33575 train_time:3360.977s step_avg:1206.81ms
step:2786/3300 train_loss:3.37804 train_time:3362.177s step_avg:1206.81ms
step:2787/3300 train_loss:3.38545 train_time:3363.379s step_avg:1206.81ms
step:2788/3300 train_loss:3.40120 train_time:3364.586s step_avg:1206.81ms
step:2789/3300 train_loss:3.39985 train_time:3365.791s step_avg:1206.81ms
step:2790/3300 train_loss:3.34352 train_time:3366.993s step_avg:1206.81ms
step:2791/3300 train_loss:3.32721 train_time:3368.191s step_avg:1206.80ms
step:2792/3300 train_loss:3.36794 train_time:3369.399s step_avg:1206.80ms
step:2793/3300 train_loss:3.43117 train_time:3370.609s step_avg:1206.81ms
step:2794/3300 train_loss:3.32699 train_time:3371.812s step_avg:1206.80ms
step:2795/3300 train_loss:3.42288 train_time:3373.020s step_avg:1206.80ms
step:2796/3300 train_loss:3.33283 train_time:3374.218s step_avg:1206.80ms
step:2797/3300 train_loss:3.37580 train_time:3375.420s step_avg:1206.80ms
step:2798/3300 train_loss:3.34655 train_time:3376.628s step_avg:1206.80ms
step:2799/3300 train_loss:3.37029 train_time:3377.824s step_avg:1206.80ms
step:2800/3300 train_loss:3.40505 train_time:3379.026s step_avg:1206.80ms
step:2801/3300 train_loss:3.38623 train_time:3380.224s step_avg:1206.79ms
step:2802/3300 train_loss:3.31768 train_time:3381.420s step_avg:1206.79ms
step:2803/3300 train_loss:3.40387 train_time:3382.619s step_avg:1206.79ms
step:2804/3300 train_loss:3.46917 train_time:3383.832s step_avg:1206.79ms
step:2805/3300 train_loss:3.33315 train_time:3385.043s step_avg:1206.79ms
step:2806/3300 train_loss:3.44079 train_time:3386.243s step_avg:1206.79ms
step:2807/3300 train_loss:3.39353 train_time:3387.441s step_avg:1206.78ms
step:2808/3300 train_loss:3.34707 train_time:3388.679s step_avg:1206.79ms
step:2809/3300 train_loss:3.39650 train_time:3389.881s step_avg:1206.79ms
step:2810/3300 train_loss:3.36116 train_time:3391.106s step_avg:1206.80ms
step:2811/3300 train_loss:3.39100 train_time:3392.297s step_avg:1206.79ms
step:2812/3300 train_loss:3.31221 train_time:3393.499s step_avg:1206.79ms
step:2813/3300 train_loss:3.39785 train_time:3394.699s step_avg:1206.79ms
step:2814/3300 train_loss:3.34698 train_time:3395.905s step_avg:1206.79ms
step:2815/3300 train_loss:3.26464 train_time:3397.101s step_avg:1206.79ms
step:2816/3300 train_loss:3.31759 train_time:3398.303s step_avg:1206.78ms
step:2817/3300 train_loss:3.36904 train_time:3399.501s step_avg:1206.78ms
step:2818/3300 train_loss:3.36556 train_time:3400.712s step_avg:1206.78ms
step:2819/3300 train_loss:3.37744 train_time:3401.913s step_avg:1206.78ms
step:2820/3300 train_loss:3.37292 train_time:3403.114s step_avg:1206.78ms
step:2821/3300 train_loss:3.40807 train_time:3404.319s step_avg:1206.78ms
step:2822/3300 train_loss:3.37093 train_time:3405.517s step_avg:1206.77ms
step:2823/3300 train_loss:3.34282 train_time:3406.724s step_avg:1206.77ms
step:2824/3300 train_loss:3.29421 train_time:3407.924s step_avg:1206.77ms
step:2825/3300 train_loss:3.38667 train_time:3409.133s step_avg:1206.77ms
step:2826/3300 train_loss:3.34532 train_time:3410.339s step_avg:1206.77ms
step:2827/3300 train_loss:3.35794 train_time:3411.538s step_avg:1206.77ms
step:2828/3300 train_loss:3.34501 train_time:3412.743s step_avg:1206.77ms
step:2829/3300 train_loss:3.35188 train_time:3413.948s step_avg:1206.77ms
step:2830/3300 train_loss:3.38212 train_time:3415.152s step_avg:1206.77ms
step:2831/3300 train_loss:3.36972 train_time:3416.345s step_avg:1206.76ms
step:2832/3300 train_loss:3.37461 train_time:3417.549s step_avg:1206.76ms
step:2833/3300 train_loss:3.46411 train_time:3418.741s step_avg:1206.76ms
step:2834/3300 train_loss:3.35704 train_time:3419.948s step_avg:1206.76ms
step:2835/3300 train_loss:3.40074 train_time:3421.139s step_avg:1206.75ms
step:2836/3300 train_loss:3.34020 train_time:3422.337s step_avg:1206.75ms
step:2837/3300 train_loss:3.34876 train_time:3423.534s step_avg:1206.74ms
step:2838/3300 train_loss:3.38842 train_time:3424.741s step_avg:1206.74ms
step:2839/3300 train_loss:3.36718 train_time:3425.935s step_avg:1206.74ms
step:2840/3300 train_loss:3.34057 train_time:3427.134s step_avg:1206.74ms
step:2841/3300 train_loss:3.37610 train_time:3428.321s step_avg:1206.73ms
step:2842/3300 train_loss:3.36208 train_time:3429.518s step_avg:1206.73ms
step:2843/3300 train_loss:3.36188 train_time:3430.711s step_avg:1206.72ms
step:2844/3300 train_loss:3.45947 train_time:3431.903s step_avg:1206.72ms
step:2845/3300 train_loss:3.32317 train_time:3433.099s step_avg:1206.71ms
step:2846/3300 train_loss:3.32756 train_time:3434.298s step_avg:1206.71ms
step:2847/3300 train_loss:3.35179 train_time:3435.500s step_avg:1206.71ms
step:2848/3300 train_loss:3.37639 train_time:3436.704s step_avg:1206.71ms
step:2849/3300 train_loss:3.33423 train_time:3437.946s step_avg:1206.72ms
step:2850/3300 train_loss:3.35555 train_time:3439.159s step_avg:1206.72ms
step:2851/3300 train_loss:3.31092 train_time:3440.398s step_avg:1206.73ms
step:2852/3300 train_loss:3.36955 train_time:3441.654s step_avg:1206.75ms
step:2853/3300 train_loss:3.32275 train_time:3442.845s step_avg:1206.75ms
step:2854/3300 train_loss:3.33252 train_time:3444.121s step_avg:1206.77ms
step:2855/3300 train_loss:3.38047 train_time:3445.332s step_avg:1206.77ms
step:2856/3300 train_loss:3.44658 train_time:3446.533s step_avg:1206.77ms
step:2857/3300 train_loss:3.35651 train_time:3447.724s step_avg:1206.76ms
step:2858/3300 train_loss:3.39647 train_time:3448.921s step_avg:1206.76ms
step:2859/3300 train_loss:3.34402 train_time:3450.120s step_avg:1206.76ms
step:2860/3300 train_loss:3.31056 train_time:3451.323s step_avg:1206.76ms
step:2861/3300 train_loss:3.42909 train_time:3452.519s step_avg:1206.75ms
step:2862/3300 train_loss:3.39436 train_time:3453.738s step_avg:1206.76ms
step:2863/3300 train_loss:3.40568 train_time:3454.961s step_avg:1206.76ms
step:2864/3300 train_loss:3.33742 train_time:3456.161s step_avg:1206.76ms
step:2865/3300 train_loss:3.38368 train_time:3457.374s step_avg:1206.76ms
step:2866/3300 train_loss:3.29662 train_time:3458.564s step_avg:1206.76ms
step:2867/3300 train_loss:3.33616 train_time:3459.774s step_avg:1206.76ms
step:2868/3300 train_loss:3.36675 train_time:3460.991s step_avg:1206.76ms
step:2869/3300 train_loss:3.32923 train_time:3462.183s step_avg:1206.76ms
step:2870/3300 train_loss:3.33740 train_time:3463.385s step_avg:1206.75ms
step:2871/3300 train_loss:3.32924 train_time:3464.596s step_avg:1206.76ms
step:2872/3300 train_loss:3.30809 train_time:3465.813s step_avg:1206.76ms
step:2873/3300 train_loss:3.26681 train_time:3467.015s step_avg:1206.76ms
step:2874/3300 train_loss:3.37275 train_time:3468.231s step_avg:1206.76ms
step:2875/3300 train_loss:3.41483 train_time:3469.430s step_avg:1206.76ms
step:2875/3300 val_loss:3.32995 train_time:3469.430s step_avg:1204.83ms
step:2876/3300 train_loss:3.35106 train_time:3470.632s step_avg:1206.76ms
step:2877/3300 train_loss:3.34227 train_time:3471.833s step_avg:1206.75ms
step:2878/3300 train_loss:3.37989 train_time:3473.029s step_avg:1206.75ms
step:2879/3300 train_loss:3.36866 train_time:3474.227s step_avg:1206.75ms
step:2880/3300 train_loss:3.33627 train_time:3475.425s step_avg:1206.74ms
step:2881/3300 train_loss:3.31915 train_time:3476.630s step_avg:1206.74ms
step:2882/3300 train_loss:3.39001 train_time:3477.835s step_avg:1206.74ms
step:2883/3300 train_loss:3.32741 train_time:3479.035s step_avg:1206.74ms
step:2884/3300 train_loss:3.35662 train_time:3480.242s step_avg:1206.74ms
step:2885/3300 train_loss:3.31402 train_time:3481.432s step_avg:1206.74ms
step:2886/3300 train_loss:3.35765 train_time:3482.636s step_avg:1206.73ms
step:2887/3300 train_loss:3.42007 train_time:3483.841s step_avg:1206.73ms
step:2888/3300 train_loss:3.41350 train_time:3485.035s step_avg:1206.73ms
step:2889/3300 train_loss:3.48567 train_time:3486.236s step_avg:1206.73ms
step:2890/3300 train_loss:3.31155 train_time:3487.457s step_avg:1206.73ms
step:2891/3300 train_loss:3.34816 train_time:3488.679s step_avg:1206.74ms
step:2892/3300 train_loss:3.28226 train_time:3489.877s step_avg:1206.73ms
step:2893/3300 train_loss:3.30025 train_time:3491.074s step_avg:1206.73ms
step:2894/3300 train_loss:3.33291 train_time:3492.279s step_avg:1206.73ms
step:2895/3300 train_loss:3.40371 train_time:3493.477s step_avg:1206.73ms
step:2896/3300 train_loss:3.39591 train_time:3494.677s step_avg:1206.73ms
step:2897/3300 train_loss:3.31393 train_time:3495.882s step_avg:1206.73ms
step:2898/3300 train_loss:3.56429 train_time:3497.083s step_avg:1206.72ms
step:2899/3300 train_loss:3.34758 train_time:3498.284s step_avg:1206.72ms
step:2900/3300 train_loss:3.36350 train_time:3499.478s step_avg:1206.72ms
step:2901/3300 train_loss:3.32788 train_time:3500.684s step_avg:1206.72ms
step:2902/3300 train_loss:3.42471 train_time:3501.882s step_avg:1206.71ms
step:2903/3300 train_loss:3.32274 train_time:3503.084s step_avg:1206.71ms
step:2904/3300 train_loss:3.37811 train_time:3504.282s step_avg:1206.71ms
step:2905/3300 train_loss:3.40107 train_time:3505.479s step_avg:1206.71ms
step:2906/3300 train_loss:3.34927 train_time:3506.692s step_avg:1206.71ms
step:2907/3300 train_loss:3.36754 train_time:3507.894s step_avg:1206.71ms
step:2908/3300 train_loss:3.38233 train_time:3509.119s step_avg:1206.71ms
step:2909/3300 train_loss:3.40827 train_time:3510.331s step_avg:1206.71ms
step:2910/3300 train_loss:3.35554 train_time:3511.534s step_avg:1206.71ms
step:2911/3300 train_loss:3.33800 train_time:3512.738s step_avg:1206.71ms
step:2912/3300 train_loss:3.31751 train_time:3513.937s step_avg:1206.71ms
step:2913/3300 train_loss:3.39769 train_time:3515.135s step_avg:1206.71ms
step:2914/3300 train_loss:3.36061 train_time:3516.337s step_avg:1206.70ms
step:2915/3300 train_loss:3.36021 train_time:3517.554s step_avg:1206.71ms
step:2916/3300 train_loss:3.33858 train_time:3518.755s step_avg:1206.71ms
step:2917/3300 train_loss:3.40853 train_time:3519.962s step_avg:1206.71ms
step:2918/3300 train_loss:3.24040 train_time:3521.166s step_avg:1206.71ms
step:2919/3300 train_loss:3.30803 train_time:3522.375s step_avg:1206.71ms
step:2920/3300 train_loss:3.27750 train_time:3523.584s step_avg:1206.71ms
step:2921/3300 train_loss:3.36142 train_time:3524.783s step_avg:1206.70ms
step:2922/3300 train_loss:3.49471 train_time:3526.009s step_avg:1206.71ms
step:2923/3300 train_loss:3.35313 train_time:3527.207s step_avg:1206.71ms
step:2924/3300 train_loss:3.30961 train_time:3528.432s step_avg:1206.71ms
step:2925/3300 train_loss:3.35872 train_time:3529.675s step_avg:1206.73ms
step:2926/3300 train_loss:3.36343 train_time:3530.905s step_avg:1206.73ms
step:2927/3300 train_loss:3.29302 train_time:3532.112s step_avg:1206.73ms
step:2928/3300 train_loss:3.39294 train_time:3533.330s step_avg:1206.74ms
step:2929/3300 train_loss:3.30069 train_time:3534.534s step_avg:1206.74ms
step:2930/3300 train_loss:3.41314 train_time:3535.737s step_avg:1206.74ms
step:2931/3300 train_loss:3.36667 train_time:3536.954s step_avg:1206.74ms
step:2932/3300 train_loss:3.36337 train_time:3538.166s step_avg:1206.74ms
step:2933/3300 train_loss:3.58091 train_time:3539.373s step_avg:1206.74ms
step:2934/3300 train_loss:3.33804 train_time:3540.598s step_avg:1206.75ms
step:2935/3300 train_loss:3.46119 train_time:3541.805s step_avg:1206.75ms
step:2936/3300 train_loss:3.38741 train_time:3543.021s step_avg:1206.75ms
step:2937/3300 train_loss:3.33597 train_time:3544.224s step_avg:1206.75ms
step:2938/3300 train_loss:3.37462 train_time:3545.427s step_avg:1206.75ms
step:2939/3300 train_loss:3.38094 train_time:3546.626s step_avg:1206.75ms
step:2940/3300 train_loss:3.31124 train_time:3547.825s step_avg:1206.74ms
step:2941/3300 train_loss:3.31796 train_time:3549.024s step_avg:1206.74ms
step:2942/3300 train_loss:3.27661 train_time:3550.225s step_avg:1206.74ms
step:2943/3300 train_loss:3.32029 train_time:3551.429s step_avg:1206.74ms
step:2944/3300 train_loss:3.26903 train_time:3552.644s step_avg:1206.74ms
step:2945/3300 train_loss:3.35926 train_time:3553.841s step_avg:1206.74ms
step:2946/3300 train_loss:3.34539 train_time:3555.057s step_avg:1206.74ms
step:2947/3300 train_loss:3.32052 train_time:3556.266s step_avg:1206.74ms
step:2948/3300 train_loss:3.36981 train_time:3557.468s step_avg:1206.74ms
step:2949/3300 train_loss:3.30537 train_time:3558.665s step_avg:1206.74ms
step:2950/3300 train_loss:3.32304 train_time:3559.876s step_avg:1206.74ms
step:2951/3300 train_loss:3.37537 train_time:3561.077s step_avg:1206.74ms
step:2952/3300 train_loss:3.28991 train_time:3562.282s step_avg:1206.74ms
step:2953/3300 train_loss:3.37725 train_time:3563.502s step_avg:1206.74ms
step:2954/3300 train_loss:3.36213 train_time:3564.701s step_avg:1206.74ms
step:2955/3300 train_loss:3.33450 train_time:3565.898s step_avg:1206.73ms
step:2956/3300 train_loss:3.33433 train_time:3567.095s step_avg:1206.73ms
step:2957/3300 train_loss:3.34323 train_time:3568.295s step_avg:1206.73ms
step:2958/3300 train_loss:3.35897 train_time:3569.496s step_avg:1206.73ms
step:2959/3300 train_loss:3.27511 train_time:3570.713s step_avg:1206.73ms
step:2960/3300 train_loss:3.32416 train_time:3571.967s step_avg:1206.75ms
step:2961/3300 train_loss:3.39535 train_time:3573.161s step_avg:1206.74ms
step:2962/3300 train_loss:3.29588 train_time:3574.355s step_avg:1206.74ms
step:2963/3300 train_loss:3.26478 train_time:3575.556s step_avg:1206.73ms
step:2964/3300 train_loss:3.29297 train_time:3576.756s step_avg:1206.73ms
step:2965/3300 train_loss:3.34794 train_time:3577.956s step_avg:1206.73ms
step:2966/3300 train_loss:3.28651 train_time:3579.157s step_avg:1206.73ms
step:2967/3300 train_loss:3.34263 train_time:3580.363s step_avg:1206.73ms
step:2968/3300 train_loss:3.32613 train_time:3581.559s step_avg:1206.72ms
step:2969/3300 train_loss:3.49841 train_time:3582.764s step_avg:1206.72ms
step:2970/3300 train_loss:3.32771 train_time:3583.962s step_avg:1206.72ms
step:2971/3300 train_loss:3.38225 train_time:3585.163s step_avg:1206.72ms
step:2972/3300 train_loss:3.30322 train_time:3586.376s step_avg:1206.72ms
step:2973/3300 train_loss:3.36007 train_time:3587.571s step_avg:1206.72ms
step:2974/3300 train_loss:3.25846 train_time:3588.769s step_avg:1206.71ms
step:2975/3300 train_loss:3.32156 train_time:3590.006s step_avg:1206.72ms
step:2976/3300 train_loss:3.33368 train_time:3591.232s step_avg:1206.73ms
step:2977/3300 train_loss:3.30291 train_time:3592.440s step_avg:1206.73ms
step:2978/3300 train_loss:3.39837 train_time:3593.661s step_avg:1206.74ms
step:2979/3300 train_loss:3.32455 train_time:3594.859s step_avg:1206.73ms
step:2980/3300 train_loss:3.36436 train_time:3596.063s step_avg:1206.73ms
step:2981/3300 train_loss:3.32152 train_time:3597.273s step_avg:1206.73ms
step:2982/3300 train_loss:3.37887 train_time:3598.466s step_avg:1206.73ms
step:2983/3300 train_loss:3.33938 train_time:3599.706s step_avg:1206.74ms
step:2984/3300 train_loss:3.36906 train_time:3600.904s step_avg:1206.74ms
step:2985/3300 train_loss:3.37250 train_time:3602.121s step_avg:1206.74ms
step:2986/3300 train_loss:3.36114 train_time:3603.331s step_avg:1206.74ms
step:2987/3300 train_loss:3.28759 train_time:3604.528s step_avg:1206.74ms
step:2988/3300 train_loss:3.24711 train_time:3605.725s step_avg:1206.74ms
step:2989/3300 train_loss:3.39188 train_time:3606.936s step_avg:1206.74ms
step:2990/3300 train_loss:3.35255 train_time:3608.140s step_avg:1206.74ms
step:2991/3300 train_loss:3.30271 train_time:3609.341s step_avg:1206.73ms
step:2992/3300 train_loss:3.31262 train_time:3610.539s step_avg:1206.73ms
step:2993/3300 train_loss:3.31135 train_time:3611.765s step_avg:1206.74ms
step:2994/3300 train_loss:3.29558 train_time:3613.046s step_avg:1206.76ms
step:2995/3300 train_loss:3.38738 train_time:3614.246s step_avg:1206.76ms
step:2996/3300 train_loss:3.27492 train_time:3615.447s step_avg:1206.76ms
step:2997/3300 train_loss:3.28381 train_time:3616.654s step_avg:1206.76ms
step:2998/3300 train_loss:3.35495 train_time:3617.855s step_avg:1206.76ms
step:2999/3300 train_loss:3.38973 train_time:3619.050s step_avg:1206.75ms
step:3000/3300 train_loss:3.35392 train_time:3620.253s step_avg:1206.75ms
step:3000/3300 val_loss:3.31136 train_time:3620.253s step_avg:1206.59ms
step:3001/3300 train_loss:3.31578 train_time:3621.452s step_avg:1206.75ms
step:3002/3300 train_loss:3.32543 train_time:3622.656s step_avg:1206.75ms
step:3003/3300 train_loss:3.30652 train_time:3623.858s step_avg:1206.75ms
step:3004/3300 train_loss:3.36502 train_time:3625.062s step_avg:1206.75ms
step:3005/3300 train_loss:3.33222 train_time:3626.264s step_avg:1206.74ms
step:3006/3300 train_loss:3.29501 train_time:3627.464s step_avg:1206.74ms
step:3007/3300 train_loss:3.31215 train_time:3628.664s step_avg:1206.74ms
step:3008/3300 train_loss:3.36403 train_time:3629.875s step_avg:1206.74ms
step:3009/3300 train_loss:3.29925 train_time:3631.068s step_avg:1206.74ms
step:3010/3300 train_loss:3.34682 train_time:3632.267s step_avg:1206.73ms
step:3011/3300 train_loss:3.34660 train_time:3633.466s step_avg:1206.73ms
step:3012/3300 train_loss:3.30400 train_time:3634.664s step_avg:1206.73ms
step:3013/3300 train_loss:3.38127 train_time:3635.867s step_avg:1206.73ms
step:3014/3300 train_loss:3.36140 train_time:3637.066s step_avg:1206.72ms
step:3015/3300 train_loss:3.33976 train_time:3638.266s step_avg:1206.72ms
step:3016/3300 train_loss:3.32608 train_time:3639.479s step_avg:1206.72ms
step:3017/3300 train_loss:3.33148 train_time:3640.678s step_avg:1206.72ms
step:3018/3300 train_loss:3.27043 train_time:3641.873s step_avg:1206.72ms
step:3019/3300 train_loss:3.33580 train_time:3643.068s step_avg:1206.71ms
step:3020/3300 train_loss:3.33960 train_time:3644.267s step_avg:1206.71ms
step:3021/3300 train_loss:3.29255 train_time:3645.518s step_avg:1206.73ms
step:3022/3300 train_loss:3.31081 train_time:3646.708s step_avg:1206.72ms
step:3023/3300 train_loss:3.27113 train_time:3647.909s step_avg:1206.72ms
step:3024/3300 train_loss:3.33618 train_time:3649.106s step_avg:1206.71ms
step:3025/3300 train_loss:3.32534 train_time:3650.307s step_avg:1206.71ms
step:3025/3300 val_loss:3.30706 train_time:3650.307s step_avg:1202.17ms
step:3026/3300 train_loss:3.28216 train_time:3651.514s step_avg:1206.71ms
step:3027/3300 train_loss:3.34548 train_time:3652.713s step_avg:1206.71ms
step:3028/3300 train_loss:3.24791 train_time:3653.914s step_avg:1206.71ms
step:3029/3300 train_loss:3.38174 train_time:3655.112s step_avg:1206.71ms
step:3030/3300 train_loss:3.21603 train_time:3656.329s step_avg:1206.71ms
step:3031/3300 train_loss:3.26141 train_time:3657.537s step_avg:1206.71ms
step:3032/3300 train_loss:3.35706 train_time:3658.736s step_avg:1206.71ms
step:3033/3300 train_loss:3.32604 train_time:3659.937s step_avg:1206.71ms
step:3034/3300 train_loss:3.28692 train_time:3661.156s step_avg:1206.71ms
step:3035/3300 train_loss:3.25660 train_time:3662.381s step_avg:1206.72ms
step:3036/3300 train_loss:3.31164 train_time:3663.617s step_avg:1206.73ms
step:3037/3300 train_loss:3.29554 train_time:3664.814s step_avg:1206.72ms
step:3038/3300 train_loss:3.29518 train_time:3666.010s step_avg:1206.72ms
step:3039/3300 train_loss:3.30943 train_time:3667.207s step_avg:1206.72ms
step:3040/3300 train_loss:3.33526 train_time:3668.418s step_avg:1206.72ms
step:3041/3300 train_loss:3.24258 train_time:3669.659s step_avg:1206.73ms
step:3042/3300 train_loss:3.26926 train_time:3670.854s step_avg:1206.72ms
step:3043/3300 train_loss:3.35671 train_time:3672.084s step_avg:1206.73ms
step:3044/3300 train_loss:3.41517 train_time:3673.287s step_avg:1206.73ms
step:3045/3300 train_loss:3.26746 train_time:3674.497s step_avg:1206.73ms
step:3046/3300 train_loss:3.27878 train_time:3675.695s step_avg:1206.73ms
step:3047/3300 train_loss:3.32608 train_time:3676.922s step_avg:1206.74ms
step:3048/3300 train_loss:3.27113 train_time:3678.117s step_avg:1206.73ms
step:3049/3300 train_loss:3.28926 train_time:3679.327s step_avg:1206.73ms
step:3050/3300 train_loss:3.30983 train_time:3680.519s step_avg:1206.73ms
step:3050/3300 val_loss:3.30357 train_time:3680.519s step_avg:1208.47ms
step:3051/3300 train_loss:3.26663 train_time:3681.725s step_avg:1206.73ms
step:3052/3300 train_loss:3.33506 train_time:3682.925s step_avg:1206.73ms
step:3053/3300 train_loss:3.31080 train_time:3684.174s step_avg:1206.74ms
step:3054/3300 train_loss:3.35210 train_time:3685.433s step_avg:1206.76ms
step:3055/3300 train_loss:3.36426 train_time:3686.664s step_avg:1206.76ms
step:3056/3300 train_loss:3.24358 train_time:3687.862s step_avg:1206.76ms
step:3057/3300 train_loss:3.30266 train_time:3689.059s step_avg:1206.76ms
step:3058/3300 train_loss:3.34836 train_time:3690.257s step_avg:1206.76ms
step:3059/3300 train_loss:3.37354 train_time:3691.460s step_avg:1206.75ms
step:3060/3300 train_loss:3.28536 train_time:3692.661s step_avg:1206.75ms
step:3061/3300 train_loss:3.32598 train_time:3693.861s step_avg:1206.75ms
step:3062/3300 train_loss:3.31619 train_time:3695.058s step_avg:1206.75ms
step:3063/3300 train_loss:3.35431 train_time:3696.259s step_avg:1206.74ms
step:3064/3300 train_loss:3.28867 train_time:3697.464s step_avg:1206.74ms
step:3065/3300 train_loss:3.32934 train_time:3698.673s step_avg:1206.74ms
step:3066/3300 train_loss:3.26226 train_time:3699.878s step_avg:1206.74ms
step:3067/3300 train_loss:3.25709 train_time:3701.077s step_avg:1206.74ms
step:3068/3300 train_loss:3.30249 train_time:3702.278s step_avg:1206.74ms
step:3069/3300 train_loss:3.33957 train_time:3703.499s step_avg:1206.74ms
step:3070/3300 train_loss:3.32908 train_time:3704.728s step_avg:1206.75ms
step:3071/3300 train_loss:3.36091 train_time:3705.931s step_avg:1206.75ms
step:3072/3300 train_loss:3.35214 train_time:3707.176s step_avg:1206.76ms
step:3073/3300 train_loss:3.26987 train_time:3708.398s step_avg:1206.77ms
step:3074/3300 train_loss:3.35844 train_time:3709.599s step_avg:1206.77ms
step:3075/3300 train_loss:3.28266 train_time:3710.797s step_avg:1206.76ms
step:3075/3300 val_loss:3.30041 train_time:3710.797s step_avg:1211.12ms
step:3076/3300 train_loss:3.34921 train_time:3711.997s step_avg:1206.76ms
step:3077/3300 train_loss:3.31932 train_time:3713.207s step_avg:1206.76ms
step:3078/3300 train_loss:3.39058 train_time:3714.398s step_avg:1206.76ms
step:3079/3300 train_loss:3.27477 train_time:3715.599s step_avg:1206.76ms
step:3080/3300 train_loss:3.33560 train_time:3716.799s step_avg:1206.75ms
step:3081/3300 train_loss:3.28736 train_time:3718.004s step_avg:1206.75ms
step:3082/3300 train_loss:3.28196 train_time:3719.196s step_avg:1206.75ms
step:3083/3300 train_loss:3.32187 train_time:3720.397s step_avg:1206.75ms
step:3084/3300 train_loss:3.29748 train_time:3721.598s step_avg:1206.74ms
step:3085/3300 train_loss:3.38790 train_time:3722.798s step_avg:1206.74ms
step:3086/3300 train_loss:3.31369 train_time:3723.998s step_avg:1206.74ms
step:3087/3300 train_loss:3.31577 train_time:3725.207s step_avg:1206.74ms
step:3088/3300 train_loss:3.31040 train_time:3726.418s step_avg:1206.74ms
step:3089/3300 train_loss:3.30760 train_time:3727.624s step_avg:1206.74ms
step:3090/3300 train_loss:3.34797 train_time:3728.816s step_avg:1206.74ms
step:3091/3300 train_loss:3.42133 train_time:3730.034s step_avg:1206.74ms
step:3092/3300 train_loss:3.34540 train_time:3731.242s step_avg:1206.74ms
step:3093/3300 train_loss:3.26528 train_time:3732.453s step_avg:1206.74ms
step:3094/3300 train_loss:3.34184 train_time:3733.652s step_avg:1206.74ms
step:3095/3300 train_loss:3.32016 train_time:3734.853s step_avg:1206.74ms
step:3096/3300 train_loss:3.31863 train_time:3736.060s step_avg:1206.74ms
step:3097/3300 train_loss:3.30444 train_time:3737.274s step_avg:1206.74ms
step:3098/3300 train_loss:3.26119 train_time:3738.481s step_avg:1206.74ms
step:3099/3300 train_loss:3.32879 train_time:3739.684s step_avg:1206.74ms
step:3100/3300 train_loss:3.24822 train_time:3740.895s step_avg:1206.74ms
step:3100/3300 val_loss:3.29725 train_time:3740.895s step_avg:1203.93ms
step:3101/3300 train_loss:3.29564 train_time:3742.112s step_avg:1206.74ms
step:3102/3300 train_loss:3.22265 train_time:3743.308s step_avg:1206.74ms
step:3103/3300 train_loss:3.34943 train_time:3744.520s step_avg:1206.74ms
step:3104/3300 train_loss:3.26636 train_time:3745.729s step_avg:1206.74ms
step:3105/3300 train_loss:3.30136 train_time:3746.926s step_avg:1206.74ms
step:3106/3300 train_loss:3.20486 train_time:3748.135s step_avg:1206.74ms
step:3107/3300 train_loss:3.19127 train_time:3749.359s step_avg:1206.75ms
step:3108/3300 train_loss:3.30455 train_time:3750.562s step_avg:1206.74ms
step:3109/3300 train_loss:3.29962 train_time:3751.761s step_avg:1206.74ms
step:3110/3300 train_loss:3.31060 train_time:3752.961s step_avg:1206.74ms
step:3111/3300 train_loss:3.24658 train_time:3754.173s step_avg:1206.74ms
step:3112/3300 train_loss:3.34417 train_time:3755.372s step_avg:1206.74ms
step:3113/3300 train_loss:3.25128 train_time:3756.566s step_avg:1206.74ms
step:3114/3300 train_loss:3.32117 train_time:3757.766s step_avg:1206.73ms
step:3115/3300 train_loss:3.32694 train_time:3758.976s step_avg:1206.73ms
step:3116/3300 train_loss:3.43640 train_time:3760.180s step_avg:1206.73ms
step:3117/3300 train_loss:3.29036 train_time:3761.383s step_avg:1206.73ms
step:3118/3300 train_loss:3.31317 train_time:3762.584s step_avg:1206.73ms
step:3119/3300 train_loss:3.30254 train_time:3763.799s step_avg:1206.73ms
step:3120/3300 train_loss:3.25368 train_time:3765.004s step_avg:1206.73ms
step:3121/3300 train_loss:3.35202 train_time:3766.215s step_avg:1206.73ms
step:3122/3300 train_loss:3.32362 train_time:3767.409s step_avg:1206.73ms
step:3123/3300 train_loss:3.31486 train_time:3768.610s step_avg:1206.73ms
step:3124/3300 train_loss:3.19442 train_time:3769.813s step_avg:1206.73ms
step:3125/3300 train_loss:3.31103 train_time:3771.009s step_avg:1206.72ms
step:3125/3300 val_loss:3.29431 train_time:3771.009s step_avg:1204.55ms
step:3126/3300 train_loss:3.25909 train_time:3772.224s step_avg:1206.73ms
step:3127/3300 train_loss:3.40825 train_time:3773.421s step_avg:1206.72ms
step:3128/3300 train_loss:3.30413 train_time:3774.619s step_avg:1206.72ms
step:3129/3300 train_loss:3.28355 train_time:3775.820s step_avg:1206.72ms
step:3130/3300 train_loss:3.30391 train_time:3777.033s step_avg:1206.72ms
step:3131/3300 train_loss:3.30965 train_time:3778.239s step_avg:1206.72ms
step:3132/3300 train_loss:3.24298 train_time:3779.438s step_avg:1206.72ms
step:3133/3300 train_loss:3.32225 train_time:3780.647s step_avg:1206.72ms
step:3134/3300 train_loss:3.28113 train_time:3781.860s step_avg:1206.72ms
step:3135/3300 train_loss:3.26044 train_time:3783.047s step_avg:1206.71ms
step:3136/3300 train_loss:3.28406 train_time:3784.244s step_avg:1206.71ms
step:3137/3300 train_loss:3.38374 train_time:3785.442s step_avg:1206.71ms
step:3138/3300 train_loss:3.29472 train_time:3786.646s step_avg:1206.71ms
step:3139/3300 train_loss:3.34340 train_time:3787.848s step_avg:1206.71ms
step:3140/3300 train_loss:3.33740 train_time:3789.069s step_avg:1206.71ms
step:3141/3300 train_loss:3.29261 train_time:3790.266s step_avg:1206.71ms
step:3142/3300 train_loss:3.30532 train_time:3791.468s step_avg:1206.71ms
step:3143/3300 train_loss:3.25062 train_time:3792.664s step_avg:1206.70ms
step:3144/3300 train_loss:3.34559 train_time:3793.864s step_avg:1206.70ms
step:3145/3300 train_loss:3.27279 train_time:3795.063s step_avg:1206.70ms
step:3146/3300 train_loss:3.33431 train_time:3796.321s step_avg:1206.71ms
step:3147/3300 train_loss:3.33218 train_time:3797.527s step_avg:1206.71ms
step:3148/3300 train_loss:3.31219 train_time:3798.758s step_avg:1206.72ms
step:3149/3300 train_loss:3.24793 train_time:3799.974s step_avg:1206.72ms
step:3150/3300 train_loss:3.29751 train_time:3801.175s step_avg:1206.72ms
step:3150/3300 val_loss:3.29118 train_time:3801.175s step_avg:1206.65ms
step:3151/3300 train_loss:3.28840 train_time:3802.391s step_avg:1206.73ms
step:3152/3300 train_loss:3.31665 train_time:3803.663s step_avg:1206.75ms
step:3153/3300 train_loss:3.31567 train_time:3804.921s step_avg:1206.76ms
step:3154/3300 train_loss:3.28327 train_time:3806.110s step_avg:1206.76ms
step:3155/3300 train_loss:3.30478 train_time:3807.311s step_avg:1206.75ms
step:3156/3300 train_loss:3.33459 train_time:3808.518s step_avg:1206.75ms
step:3157/3300 train_loss:3.29153 train_time:3809.713s step_avg:1206.75ms
step:3158/3300 train_loss:3.36859 train_time:3810.922s step_avg:1206.75ms
step:3159/3300 train_loss:3.29596 train_time:3812.123s step_avg:1206.75ms
step:3160/3300 train_loss:3.26277 train_time:3813.324s step_avg:1206.75ms
step:3161/3300 train_loss:3.27168 train_time:3814.558s step_avg:1206.76ms
step:3162/3300 train_loss:3.26790 train_time:3815.750s step_avg:1206.75ms
step:3163/3300 train_loss:3.22814 train_time:3816.949s step_avg:1206.75ms
step:3164/3300 train_loss:3.31960 train_time:3818.156s step_avg:1206.75ms
step:3165/3300 train_loss:3.29660 train_time:3819.359s step_avg:1206.75ms
step:3166/3300 train_loss:3.30528 train_time:3820.558s step_avg:1206.75ms
step:3167/3300 train_loss:3.28131 train_time:3821.749s step_avg:1206.74ms
step:3168/3300 train_loss:3.25002 train_time:3822.958s step_avg:1206.74ms
step:3169/3300 train_loss:3.33902 train_time:3824.159s step_avg:1206.74ms
step:3170/3300 train_loss:3.25297 train_time:3825.368s step_avg:1206.74ms
step:3171/3300 train_loss:3.34393 train_time:3826.567s step_avg:1206.74ms
step:3172/3300 train_loss:3.34350 train_time:3827.767s step_avg:1206.74ms
step:3173/3300 train_loss:3.29243 train_time:3828.967s step_avg:1206.73ms
step:3174/3300 train_loss:3.28917 train_time:3830.167s step_avg:1206.73ms
step:3175/3300 train_loss:3.34044 train_time:3831.371s step_avg:1206.73ms
step:3175/3300 val_loss:3.28848 train_time:3831.371s step_avg:1207.84ms
step:3176/3300 train_loss:3.30211 train_time:3832.576s step_avg:1206.73ms
step:3177/3300 train_loss:3.32307 train_time:3833.778s step_avg:1206.73ms
step:3178/3300 train_loss:3.37937 train_time:3834.976s step_avg:1206.73ms
step:3179/3300 train_loss:3.29359 train_time:3836.181s step_avg:1206.73ms
step:3180/3300 train_loss:3.26863 train_time:3837.388s step_avg:1206.73ms
step:3181/3300 train_loss:3.25930 train_time:3838.616s step_avg:1206.73ms
step:3182/3300 train_loss:3.24471 train_time:3839.847s step_avg:1206.74ms
step:3183/3300 train_loss:3.30295 train_time:3841.046s step_avg:1206.74ms
step:3184/3300 train_loss:3.28523 train_time:3842.245s step_avg:1206.74ms
step:3185/3300 train_loss:3.25150 train_time:3843.444s step_avg:1206.73ms
step:3186/3300 train_loss:3.32064 train_time:3844.643s step_avg:1206.73ms
step:3187/3300 train_loss:3.27120 train_time:3845.851s step_avg:1206.73ms
step:3188/3300 train_loss:3.30421 train_time:3847.063s step_avg:1206.73ms
step:3189/3300 train_loss:3.28786 train_time:3848.267s step_avg:1206.73ms
step:3190/3300 train_loss:3.29990 train_time:3849.469s step_avg:1206.73ms
step:3191/3300 train_loss:3.25343 train_time:3850.673s step_avg:1206.73ms
step:3192/3300 train_loss:3.33511 train_time:3851.867s step_avg:1206.73ms
step:3193/3300 train_loss:3.38388 train_time:3853.066s step_avg:1206.72ms
step:3194/3300 train_loss:3.35211 train_time:3854.265s step_avg:1206.72ms
step:3195/3300 train_loss:3.19908 train_time:3855.501s step_avg:1206.73ms
step:3196/3300 train_loss:3.47277 train_time:3856.701s step_avg:1206.73ms
step:3197/3300 train_loss:3.22372 train_time:3857.925s step_avg:1206.73ms
step:3198/3300 train_loss:3.30403 train_time:3859.125s step_avg:1206.73ms
step:3199/3300 train_loss:3.29242 train_time:3860.323s step_avg:1206.73ms
step:3200/3300 train_loss:3.27065 train_time:3861.546s step_avg:1206.73ms
step:3200/3300 val_loss:3.28581 train_time:3861.546s step_avg:1206.99ms
step:3201/3300 train_loss:3.30598 train_time:3862.808s step_avg:1206.75ms
step:3202/3300 train_loss:3.30455 train_time:3864.005s step_avg:1206.75ms
step:3203/3300 train_loss:3.25410 train_time:3865.203s step_avg:1206.74ms
step:3204/3300 train_loss:3.35868 train_time:3866.401s step_avg:1206.74ms
step:3205/3300 train_loss:3.37177 train_time:3867.600s step_avg:1206.74ms
step:3206/3300 train_loss:3.22668 train_time:3868.802s step_avg:1206.74ms
step:3207/3300 train_loss:3.32537 train_time:3870.004s step_avg:1206.74ms
step:3208/3300 train_loss:3.34233 train_time:3871.206s step_avg:1206.74ms
step:3209/3300 train_loss:3.26791 train_time:3872.401s step_avg:1206.73ms
step:3210/3300 train_loss:3.33881 train_time:3873.616s step_avg:1206.73ms
step:3210/3300 val_loss:3.28481 train_time:3873.617s step_avg:1207.07ms
step:3211/3300 train_loss:3.25386 train_time:3874.812s step_avg:1206.73ms
step:3212/3300 train_loss:3.30291 train_time:3876.010s step_avg:1206.73ms
step:3213/3300 train_loss:3.32033 train_time:3877.214s step_avg:1206.73ms
step:3214/3300 train_loss:3.31573 train_time:3878.410s step_avg:1206.72ms
step:3215/3300 train_loss:3.25336 train_time:3879.618s step_avg:1206.72ms
step:3216/3300 train_loss:3.28483 train_time:3880.843s step_avg:1206.73ms
step:3217/3300 train_loss:3.30887 train_time:3882.057s step_avg:1206.73ms
step:3218/3300 train_loss:3.30375 train_time:3883.260s step_avg:1206.73ms
step:3219/3300 train_loss:3.33205 train_time:3884.459s step_avg:1206.73ms
step:3220/3300 train_loss:3.35186 train_time:3885.680s step_avg:1206.73ms
step:3220/3300 val_loss:3.28391 train_time:3885.680s step_avg:1206.37ms
step:3221/3300 train_loss:3.29554 train_time:3886.921s step_avg:1206.74ms
step:3222/3300 train_loss:3.30233 train_time:3888.124s step_avg:1206.74ms
step:3223/3300 train_loss:3.27539 train_time:3889.325s step_avg:1206.74ms
step:3224/3300 train_loss:3.26257 train_time:3890.521s step_avg:1206.74ms
step:3225/3300 train_loss:3.26140 train_time:3891.722s step_avg:1206.74ms
step:3226/3300 train_loss:3.28366 train_time:3892.930s step_avg:1206.74ms
step:3227/3300 train_loss:3.29059 train_time:3894.123s step_avg:1206.73ms
step:3228/3300 train_loss:3.29197 train_time:3895.331s step_avg:1206.73ms
step:3229/3300 train_loss:3.20940 train_time:3896.529s step_avg:1206.73ms
step:3230/3300 train_loss:3.30566 train_time:3897.732s step_avg:1206.73ms
step:3230/3300 val_loss:3.28321 train_time:3897.732s step_avg:1205.16ms
step:3231/3300 train_loss:3.35110 train_time:3898.959s step_avg:1206.73ms
step:3232/3300 train_loss:3.26913 train_time:3900.160s step_avg:1206.73ms
step:3233/3300 train_loss:3.37044 train_time:3901.369s step_avg:1206.73ms
step:3234/3300 train_loss:3.21903 train_time:3902.568s step_avg:1206.73ms
step:3235/3300 train_loss:3.31189 train_time:3903.765s step_avg:1206.73ms
step:3236/3300 train_loss:3.33737 train_time:3904.966s step_avg:1206.73ms
step:3237/3300 train_loss:3.30706 train_time:3906.248s step_avg:1206.75ms
step:3238/3300 train_loss:3.28348 train_time:3907.462s step_avg:1206.75ms
step:3239/3300 train_loss:3.23534 train_time:3908.664s step_avg:1206.75ms
step:3240/3300 train_loss:3.30467 train_time:3909.870s step_avg:1206.75ms
step:3240/3300 val_loss:3.28245 train_time:3909.870s step_avg:1213.83ms
step:3241/3300 train_loss:3.37345 train_time:3911.072s step_avg:1206.75ms
step:3242/3300 train_loss:3.33675 train_time:3912.277s step_avg:1206.75ms
step:3243/3300 train_loss:3.34217 train_time:3913.476s step_avg:1206.75ms
step:3244/3300 train_loss:3.34259 train_time:3914.669s step_avg:1206.74ms
step:3245/3300 train_loss:3.30668 train_time:3915.867s step_avg:1206.74ms
step:3246/3300 train_loss:3.31575 train_time:3917.064s step_avg:1206.74ms
step:3247/3300 train_loss:3.21481 train_time:3918.276s step_avg:1206.74ms
step:3248/3300 train_loss:3.22017 train_time:3919.473s step_avg:1206.73ms
step:3249/3300 train_loss:3.29944 train_time:3920.686s step_avg:1206.74ms
step:3250/3300 train_loss:3.30441 train_time:3921.885s step_avg:1206.73ms
step:3250/3300 val_loss:3.28169 train_time:3921.885s step_avg:1201.52ms
step:3251/3300 train_loss:3.28458 train_time:3923.085s step_avg:1206.73ms
step:3252/3300 train_loss:3.26940 train_time:3924.287s step_avg:1206.73ms
step:3253/3300 train_loss:3.33261 train_time:3925.496s step_avg:1206.73ms
step:3254/3300 train_loss:3.33084 train_time:3926.714s step_avg:1206.73ms
step:3255/3300 train_loss:3.30563 train_time:3927.905s step_avg:1206.73ms
step:3256/3300 train_loss:3.29171 train_time:3929.125s step_avg:1206.73ms
step:3257/3300 train_loss:3.30774 train_time:3930.325s step_avg:1206.73ms
step:3258/3300 train_loss:3.29224 train_time:3931.571s step_avg:1206.74ms
step:3259/3300 train_loss:3.33621 train_time:3932.768s step_avg:1206.74ms
step:3260/3300 train_loss:3.27923 train_time:3933.967s step_avg:1206.74ms
step:3260/3300 val_loss:3.28106 train_time:3933.967s step_avg:1208.13ms
step:3261/3300 train_loss:3.28996 train_time:3935.173s step_avg:1206.74ms
step:3262/3300 train_loss:3.26250 train_time:3936.366s step_avg:1206.73ms
step:3263/3300 train_loss:3.41532 train_time:3937.573s step_avg:1206.73ms
step:3264/3300 train_loss:3.28590 train_time:3938.773s step_avg:1206.73ms
step:3265/3300 train_loss:3.34548 train_time:3939.975s step_avg:1206.73ms
step:3266/3300 train_loss:3.27504 train_time:3941.178s step_avg:1206.73ms
step:3267/3300 train_loss:3.35141 train_time:3942.381s step_avg:1206.73ms
step:3268/3300 train_loss:3.22987 train_time:3943.585s step_avg:1206.73ms
step:3269/3300 train_loss:3.34722 train_time:3944.791s step_avg:1206.73ms
step:3270/3300 train_loss:3.24495 train_time:3946.044s step_avg:1206.74ms
step:3270/3300 val_loss:3.28054 train_time:3946.045s step_avg:1207.80ms
step:3271/3300 train_loss:3.29301 train_time:3947.249s step_avg:1206.74ms
step:3272/3300 train_loss:3.26555 train_time:3948.451s step_avg:1206.74ms
step:3273/3300 train_loss:3.29115 train_time:3949.669s step_avg:1206.74ms
step:3274/3300 train_loss:3.27273 train_time:3950.919s step_avg:1206.76ms
step:3275/3300 train_loss:3.27370 train_time:3952.113s step_avg:1206.75ms
step:3276/3300 train_loss:3.25850 train_time:3953.312s step_avg:1206.75ms
step:3277/3300 train_loss:3.32211 train_time:3954.517s step_avg:1206.75ms
step:3278/3300 train_loss:3.24101 train_time:3955.713s step_avg:1206.75ms
step:3279/3300 train_loss:3.32227 train_time:3956.938s step_avg:1206.75ms
step:3280/3300 train_loss:3.21190 train_time:3958.134s step_avg:1206.75ms
step:3280/3300 val_loss:3.28009 train_time:3958.134s step_avg:1208.94ms
step:3281/3300 train_loss:3.31430 train_time:3959.338s step_avg:1206.75ms
step:3282/3300 train_loss:3.28876 train_time:3960.538s step_avg:1206.75ms
step:3283/3300 train_loss:3.33719 train_time:3961.737s step_avg:1206.74ms
step:3284/3300 train_loss:3.24533 train_time:3962.950s step_avg:1206.74ms
step:3285/3300 train_loss:3.31729 train_time:3964.147s step_avg:1206.74ms
step:3286/3300 train_loss:3.25263 train_time:3965.347s step_avg:1206.74ms
step:3287/3300 train_loss:3.27719 train_time:3966.549s step_avg:1206.74ms
step:3288/3300 train_loss:3.37005 train_time:3967.814s step_avg:1206.76ms
step:3289/3300 train_loss:3.33220 train_time:3969.051s step_avg:1206.77ms
step:3290/3300 train_loss:3.20348 train_time:3970.250s step_avg:1206.76ms
step:3290/3300 val_loss:3.27975 train_time:3970.250s step_avg:1211.62ms
step:3291/3300 train_loss:3.31739 train_time:3971.451s step_avg:1206.76ms
step:3292/3300 train_loss:3.29707 train_time:3972.659s step_avg:1206.76ms
step:3293/3300 train_loss:3.27033 train_time:3973.856s step_avg:1206.76ms
step:3294/3300 train_loss:3.33656 train_time:3975.101s step_avg:1206.77ms
step:3295/3300 train_loss:3.26167 train_time:3976.318s step_avg:1206.77ms
step:3296/3300 train_loss:3.29472 train_time:3977.525s step_avg:1206.77ms
step:3297/3300 train_loss:3.29398 train_time:3978.732s step_avg:1206.77ms
step:3298/3300 train_loss:3.26709 train_time:3979.940s step_avg:1206.77ms
step:3299/3300 train_loss:3.28318 train_time:3981.147s step_avg:1206.77ms
step:3300/3300 train_loss:3.28487 train_time:3982.338s step_avg:1206.77ms
step:3300/3300 val_loss:3.27963 train_time:3982.339s step_avg:1208.83ms
