logfile: ../../../../records/track_3_optimization/results/muonl_draft/runs/random5_h100_mainpdf_loss_only_20260727T145437Z/plain_muon/seed1490436515/raw/seed1490436515_plain_muon_lr0p035_mainpdf_h100_loss_only.txt
scheme:plain_muon opt_mode:plain rho:0.0 ns_steps:12 momentum:0.95 nesterov:True scale_ema_beta:0.9 interval:5
matrix_lr:0.035 matrix_weight_decay:0.025 weight_decay_mode:decoupled zero_init_trust_floor_scale:1.0
schedule_cooldown_frac:0.7 previous_muonl_experiment_cooldown_frac:0.7
seed:1490436515 train_steps:3300 schedule_steps:3300 diag_freq:250
batch_tokens:524288 train_microbatches:8 train_microbatch_sequences:64 val_tokens:10485760
save_log:True save_diag:False save_orscale_state:False orscale_state_freq:250
step:S val_loss is after S optimizer updates
step:0/3300 val_loss:10.82583 train_time:0.000s step_avg:nanms
step:1/3300 train_loss:10.82584 train_time:3.567s step_avg:3567.00ms
step:2/3300 train_loss:10.43132 train_time:4.679s step_avg:2339.69ms
step:3/3300 train_loss:9.09574 train_time:5.872s step_avg:1957.37ms
step:4/3300 train_loss:7.93371 train_time:7.073s step_avg:1768.24ms
step:5/3300 train_loss:7.29701 train_time:8.277s step_avg:1655.49ms
step:6/3300 train_loss:6.93365 train_time:9.472s step_avg:1578.64ms
step:7/3300 train_loss:6.90221 train_time:10.675s step_avg:1524.95ms
step:8/3300 train_loss:6.69625 train_time:11.884s step_avg:1485.46ms
step:9/3300 train_loss:6.77757 train_time:13.085s step_avg:1453.90ms
step:10/3300 train_loss:6.61221 train_time:14.289s step_avg:1428.93ms
step:11/3300 train_loss:6.56127 train_time:15.497s step_avg:1408.84ms
step:12/3300 train_loss:6.46803 train_time:16.695s step_avg:1391.26ms
step:13/3300 train_loss:6.44521 train_time:17.896s step_avg:1376.63ms
step:14/3300 train_loss:6.35838 train_time:19.097s step_avg:1364.09ms
step:15/3300 train_loss:6.35923 train_time:20.307s step_avg:1353.83ms
step:16/3300 train_loss:6.25215 train_time:21.524s step_avg:1345.22ms
step:17/3300 train_loss:6.26092 train_time:22.715s step_avg:1336.17ms
step:18/3300 train_loss:6.27672 train_time:23.915s step_avg:1328.61ms
step:19/3300 train_loss:6.27602 train_time:25.116s step_avg:1321.90ms
step:20/3300 train_loss:6.11434 train_time:26.315s step_avg:1315.77ms
step:21/3300 train_loss:6.14745 train_time:27.516s step_avg:1310.29ms
step:22/3300 train_loss:6.20180 train_time:28.717s step_avg:1305.31ms
step:23/3300 train_loss:6.09689 train_time:29.918s step_avg:1300.77ms
step:24/3300 train_loss:6.12338 train_time:31.119s step_avg:1296.62ms
step:25/3300 train_loss:6.00423 train_time:32.317s step_avg:1292.66ms
step:26/3300 train_loss:6.04313 train_time:33.516s step_avg:1289.06ms
step:27/3300 train_loss:6.02914 train_time:34.715s step_avg:1285.74ms
step:28/3300 train_loss:5.92437 train_time:35.918s step_avg:1282.78ms
step:29/3300 train_loss:5.97747 train_time:37.115s step_avg:1279.81ms
step:30/3300 train_loss:5.88652 train_time:38.316s step_avg:1277.21ms
step:31/3300 train_loss:5.94174 train_time:39.518s step_avg:1274.77ms
step:32/3300 train_loss:5.84093 train_time:40.724s step_avg:1272.63ms
step:33/3300 train_loss:5.83494 train_time:41.928s step_avg:1270.55ms
step:34/3300 train_loss:5.80531 train_time:43.134s step_avg:1268.64ms
step:35/3300 train_loss:5.86671 train_time:44.337s step_avg:1266.76ms
step:36/3300 train_loss:5.76642 train_time:45.540s step_avg:1265.01ms
step:37/3300 train_loss:5.76491 train_time:46.733s step_avg:1263.07ms
step:38/3300 train_loss:5.73226 train_time:47.934s step_avg:1261.41ms
step:39/3300 train_loss:5.73735 train_time:49.134s step_avg:1259.85ms
step:40/3300 train_loss:5.64299 train_time:50.337s step_avg:1258.42ms
step:41/3300 train_loss:5.66591 train_time:51.541s step_avg:1257.11ms
step:42/3300 train_loss:5.61561 train_time:52.747s step_avg:1255.88ms
step:43/3300 train_loss:5.68608 train_time:53.963s step_avg:1254.95ms
step:44/3300 train_loss:5.56022 train_time:55.162s step_avg:1253.68ms
step:45/3300 train_loss:5.55733 train_time:56.356s step_avg:1252.35ms
step:46/3300 train_loss:5.56701 train_time:57.555s step_avg:1251.19ms
step:47/3300 train_loss:5.53968 train_time:58.752s step_avg:1250.04ms
step:48/3300 train_loss:5.53898 train_time:59.955s step_avg:1249.06ms
step:49/3300 train_loss:5.48594 train_time:61.154s step_avg:1248.03ms
step:50/3300 train_loss:5.48213 train_time:62.357s step_avg:1247.14ms
step:51/3300 train_loss:5.39724 train_time:63.571s step_avg:1246.48ms
step:52/3300 train_loss:5.47648 train_time:64.770s step_avg:1245.58ms
step:53/3300 train_loss:5.44096 train_time:65.971s step_avg:1244.74ms
step:54/3300 train_loss:5.40506 train_time:67.175s step_avg:1243.99ms
step:55/3300 train_loss:5.38777 train_time:68.373s step_avg:1243.15ms
step:56/3300 train_loss:5.37705 train_time:69.575s step_avg:1242.41ms
step:57/3300 train_loss:5.35115 train_time:70.779s step_avg:1241.73ms
step:58/3300 train_loss:5.33394 train_time:72.004s step_avg:1241.45ms
step:59/3300 train_loss:5.28865 train_time:73.195s step_avg:1240.59ms
step:60/3300 train_loss:5.29931 train_time:74.397s step_avg:1239.95ms
step:61/3300 train_loss:5.28227 train_time:75.601s step_avg:1239.36ms
step:62/3300 train_loss:5.26940 train_time:76.806s step_avg:1238.81ms
step:63/3300 train_loss:5.22144 train_time:78.009s step_avg:1238.24ms
step:64/3300 train_loss:5.21348 train_time:79.204s step_avg:1237.56ms
step:65/3300 train_loss:5.18535 train_time:80.399s step_avg:1236.91ms
step:66/3300 train_loss:5.23878 train_time:81.618s step_avg:1236.64ms
step:67/3300 train_loss:5.20638 train_time:82.831s step_avg:1236.28ms
step:68/3300 train_loss:5.30205 train_time:84.033s step_avg:1235.78ms
step:69/3300 train_loss:5.17999 train_time:85.236s step_avg:1235.31ms
step:70/3300 train_loss:5.16522 train_time:86.449s step_avg:1234.99ms
step:71/3300 train_loss:5.14907 train_time:87.649s step_avg:1234.49ms
step:72/3300 train_loss:5.16352 train_time:88.846s step_avg:1233.98ms
step:73/3300 train_loss:5.14403 train_time:90.046s step_avg:1233.51ms
step:74/3300 train_loss:5.15392 train_time:91.242s step_avg:1233.00ms
step:75/3300 train_loss:5.12318 train_time:92.452s step_avg:1232.70ms
step:76/3300 train_loss:5.08097 train_time:93.660s step_avg:1232.36ms
step:77/3300 train_loss:5.14760 train_time:94.857s step_avg:1231.91ms
step:78/3300 train_loss:5.11668 train_time:96.065s step_avg:1231.60ms
step:79/3300 train_loss:4.92968 train_time:97.259s step_avg:1231.12ms
step:80/3300 train_loss:5.05185 train_time:98.452s step_avg:1230.64ms
step:81/3300 train_loss:4.99296 train_time:99.648s step_avg:1230.22ms
step:82/3300 train_loss:5.18537 train_time:100.838s step_avg:1229.73ms
step:83/3300 train_loss:5.05317 train_time:102.033s step_avg:1229.31ms
step:84/3300 train_loss:5.03897 train_time:103.236s step_avg:1228.99ms
step:85/3300 train_loss:4.98526 train_time:104.440s step_avg:1228.70ms
step:86/3300 train_loss:5.01665 train_time:105.646s step_avg:1228.44ms
step:87/3300 train_loss:5.00096 train_time:106.849s step_avg:1228.15ms
step:88/3300 train_loss:4.99499 train_time:108.053s step_avg:1227.87ms
step:89/3300 train_loss:4.98397 train_time:109.257s step_avg:1227.61ms
step:90/3300 train_loss:4.92921 train_time:110.478s step_avg:1227.54ms
step:91/3300 train_loss:4.96186 train_time:111.679s step_avg:1227.24ms
step:92/3300 train_loss:4.96030 train_time:112.887s step_avg:1227.03ms
step:93/3300 train_loss:4.92941 train_time:114.080s step_avg:1226.67ms
step:94/3300 train_loss:4.95194 train_time:115.284s step_avg:1226.43ms
step:95/3300 train_loss:4.91803 train_time:116.499s step_avg:1226.31ms
step:96/3300 train_loss:4.85555 train_time:117.701s step_avg:1226.05ms
step:97/3300 train_loss:4.95719 train_time:118.902s step_avg:1225.79ms
step:98/3300 train_loss:4.91848 train_time:120.102s step_avg:1225.53ms
step:99/3300 train_loss:4.89869 train_time:121.310s step_avg:1225.35ms
step:100/3300 train_loss:4.85495 train_time:122.517s step_avg:1225.17ms
step:101/3300 train_loss:4.82198 train_time:123.737s step_avg:1225.12ms
step:102/3300 train_loss:4.84190 train_time:124.939s step_avg:1224.90ms
step:103/3300 train_loss:4.86618 train_time:126.142s step_avg:1224.68ms
step:104/3300 train_loss:4.93562 train_time:127.357s step_avg:1224.58ms
step:105/3300 train_loss:4.84864 train_time:128.559s step_avg:1224.37ms
step:106/3300 train_loss:4.88893 train_time:129.760s step_avg:1224.15ms
step:107/3300 train_loss:4.85674 train_time:130.974s step_avg:1224.06ms
step:108/3300 train_loss:4.77694 train_time:132.182s step_avg:1223.90ms
step:109/3300 train_loss:4.83831 train_time:133.393s step_avg:1223.79ms
step:110/3300 train_loss:4.87370 train_time:134.587s step_avg:1223.52ms
step:111/3300 train_loss:4.77809 train_time:135.784s step_avg:1223.28ms
step:112/3300 train_loss:4.83187 train_time:136.990s step_avg:1223.12ms
step:113/3300 train_loss:4.85157 train_time:138.192s step_avg:1222.94ms
step:114/3300 train_loss:4.78097 train_time:139.394s step_avg:1222.76ms
step:115/3300 train_loss:4.81720 train_time:140.619s step_avg:1222.77ms
step:116/3300 train_loss:4.79342 train_time:141.824s step_avg:1222.62ms
step:117/3300 train_loss:4.74760 train_time:143.025s step_avg:1222.44ms
step:118/3300 train_loss:4.75208 train_time:144.223s step_avg:1222.23ms
step:119/3300 train_loss:4.74085 train_time:145.427s step_avg:1222.08ms
step:120/3300 train_loss:4.71477 train_time:146.624s step_avg:1221.87ms
step:121/3300 train_loss:4.71365 train_time:147.822s step_avg:1221.67ms
step:122/3300 train_loss:4.65597 train_time:149.020s step_avg:1221.48ms
step:123/3300 train_loss:4.71640 train_time:150.224s step_avg:1221.34ms
step:124/3300 train_loss:4.68193 train_time:151.431s step_avg:1221.22ms
step:125/3300 train_loss:4.69708 train_time:152.627s step_avg:1221.02ms
step:125/3300 val_loss:4.69005 train_time:152.627s step_avg:1221.02ms
step:126/3300 train_loss:4.67311 train_time:153.833s step_avg:1220.90ms
step:127/3300 train_loss:4.75527 train_time:155.030s step_avg:1220.71ms
step:128/3300 train_loss:4.67022 train_time:156.231s step_avg:1220.56ms
step:129/3300 train_loss:4.75246 train_time:157.430s step_avg:1220.39ms
step:130/3300 train_loss:4.61542 train_time:158.635s step_avg:1220.27ms
step:131/3300 train_loss:4.68085 train_time:159.833s step_avg:1220.10ms
step:132/3300 train_loss:4.65409 train_time:161.034s step_avg:1219.95ms
step:133/3300 train_loss:4.61567 train_time:162.234s step_avg:1219.81ms
step:134/3300 train_loss:4.62635 train_time:163.443s step_avg:1219.72ms
step:135/3300 train_loss:4.66560 train_time:164.648s step_avg:1219.62ms
step:136/3300 train_loss:4.57735 train_time:165.853s step_avg:1219.51ms
step:137/3300 train_loss:4.61784 train_time:167.051s step_avg:1219.35ms
step:138/3300 train_loss:4.62329 train_time:168.254s step_avg:1219.23ms
step:139/3300 train_loss:4.60137 train_time:169.462s step_avg:1219.15ms
step:140/3300 train_loss:4.63290 train_time:170.723s step_avg:1219.45ms
step:141/3300 train_loss:4.55104 train_time:171.924s step_avg:1219.32ms
step:142/3300 train_loss:4.65662 train_time:173.132s step_avg:1219.24ms
step:143/3300 train_loss:4.58385 train_time:174.334s step_avg:1219.12ms
step:144/3300 train_loss:4.59534 train_time:175.534s step_avg:1218.99ms
step:145/3300 train_loss:4.56284 train_time:176.735s step_avg:1218.86ms
step:146/3300 train_loss:4.49403 train_time:177.934s step_avg:1218.73ms
step:147/3300 train_loss:4.53259 train_time:179.153s step_avg:1218.73ms
step:148/3300 train_loss:4.56367 train_time:180.357s step_avg:1218.63ms
step:149/3300 train_loss:4.57824 train_time:181.554s step_avg:1218.49ms
step:150/3300 train_loss:4.55743 train_time:182.760s step_avg:1218.40ms
step:151/3300 train_loss:4.52608 train_time:183.953s step_avg:1218.23ms
step:152/3300 train_loss:4.42943 train_time:185.151s step_avg:1218.10ms
step:153/3300 train_loss:4.46784 train_time:186.350s step_avg:1217.98ms
step:154/3300 train_loss:4.48911 train_time:187.559s step_avg:1217.92ms
step:155/3300 train_loss:4.53740 train_time:188.769s step_avg:1217.86ms
step:156/3300 train_loss:4.53298 train_time:189.973s step_avg:1217.78ms
step:157/3300 train_loss:4.54115 train_time:191.174s step_avg:1217.67ms
step:158/3300 train_loss:4.43938 train_time:192.373s step_avg:1217.55ms
step:159/3300 train_loss:4.46814 train_time:193.573s step_avg:1217.44ms
step:160/3300 train_loss:4.46458 train_time:194.774s step_avg:1217.34ms
step:161/3300 train_loss:4.47411 train_time:195.972s step_avg:1217.22ms
step:162/3300 train_loss:4.46490 train_time:197.170s step_avg:1217.10ms
step:163/3300 train_loss:4.42865 train_time:198.372s step_avg:1217.01ms
step:164/3300 train_loss:4.46341 train_time:199.584s step_avg:1216.98ms
step:165/3300 train_loss:4.41038 train_time:200.787s step_avg:1216.89ms
step:166/3300 train_loss:4.46381 train_time:201.990s step_avg:1216.81ms
step:167/3300 train_loss:4.37884 train_time:203.192s step_avg:1216.72ms
step:168/3300 train_loss:4.40594 train_time:204.394s step_avg:1216.63ms
step:169/3300 train_loss:4.39235 train_time:205.594s step_avg:1216.53ms
step:170/3300 train_loss:4.36111 train_time:206.795s step_avg:1216.44ms
step:171/3300 train_loss:4.35189 train_time:207.995s step_avg:1216.35ms
step:172/3300 train_loss:4.43165 train_time:209.195s step_avg:1216.25ms
step:173/3300 train_loss:4.36929 train_time:210.395s step_avg:1216.16ms
step:174/3300 train_loss:4.42980 train_time:211.596s step_avg:1216.07ms
step:175/3300 train_loss:4.40566 train_time:212.807s step_avg:1216.04ms
step:176/3300 train_loss:4.36958 train_time:214.011s step_avg:1215.97ms
step:177/3300 train_loss:4.35443 train_time:215.213s step_avg:1215.89ms
step:178/3300 train_loss:4.36818 train_time:216.414s step_avg:1215.81ms
step:179/3300 train_loss:4.37843 train_time:217.615s step_avg:1215.72ms
step:180/3300 train_loss:4.34367 train_time:218.815s step_avg:1215.64ms
step:181/3300 train_loss:4.32123 train_time:220.016s step_avg:1215.56ms
step:182/3300 train_loss:4.35539 train_time:221.221s step_avg:1215.50ms
step:183/3300 train_loss:4.29977 train_time:222.417s step_avg:1215.40ms
step:184/3300 train_loss:4.37392 train_time:223.618s step_avg:1215.32ms
step:185/3300 train_loss:4.31450 train_time:224.818s step_avg:1215.23ms
step:186/3300 train_loss:4.30669 train_time:226.017s step_avg:1215.14ms
step:187/3300 train_loss:4.36700 train_time:227.214s step_avg:1215.05ms
step:188/3300 train_loss:4.34634 train_time:228.434s step_avg:1215.08ms
step:189/3300 train_loss:4.26547 train_time:229.659s step_avg:1215.13ms
step:190/3300 train_loss:4.30672 train_time:230.857s step_avg:1215.04ms
step:191/3300 train_loss:4.22029 train_time:232.172s step_avg:1215.56ms
step:192/3300 train_loss:4.34634 train_time:233.377s step_avg:1215.51ms
step:193/3300 train_loss:4.29788 train_time:234.576s step_avg:1215.42ms
step:194/3300 train_loss:4.35233 train_time:235.778s step_avg:1215.35ms
step:195/3300 train_loss:4.31716 train_time:236.976s step_avg:1215.26ms
step:196/3300 train_loss:4.34497 train_time:238.178s step_avg:1215.20ms
step:197/3300 train_loss:4.26122 train_time:239.383s step_avg:1215.14ms
step:198/3300 train_loss:4.31090 train_time:240.583s step_avg:1215.07ms
step:199/3300 train_loss:4.25828 train_time:241.778s step_avg:1214.96ms
step:200/3300 train_loss:4.44612 train_time:242.988s step_avg:1214.94ms
step:201/3300 train_loss:4.28809 train_time:244.192s step_avg:1214.88ms
step:202/3300 train_loss:4.28413 train_time:245.397s step_avg:1214.84ms
step:203/3300 train_loss:4.33145 train_time:246.600s step_avg:1214.78ms
step:204/3300 train_loss:4.29585 train_time:247.818s step_avg:1214.79ms
step:205/3300 train_loss:4.25867 train_time:249.024s step_avg:1214.75ms
step:206/3300 train_loss:4.21765 train_time:250.260s step_avg:1214.85ms
step:207/3300 train_loss:4.30458 train_time:251.457s step_avg:1214.77ms
step:208/3300 train_loss:4.26812 train_time:252.665s step_avg:1214.73ms
step:209/3300 train_loss:4.17759 train_time:253.865s step_avg:1214.67ms
step:210/3300 train_loss:4.26928 train_time:255.059s step_avg:1214.57ms
step:211/3300 train_loss:4.23248 train_time:256.259s step_avg:1214.50ms
step:212/3300 train_loss:4.24919 train_time:257.456s step_avg:1214.42ms
step:213/3300 train_loss:4.23725 train_time:258.666s step_avg:1214.39ms
step:214/3300 train_loss:4.24407 train_time:259.857s step_avg:1214.28ms
step:215/3300 train_loss:4.23583 train_time:261.086s step_avg:1214.35ms
step:216/3300 train_loss:4.20716 train_time:262.278s step_avg:1214.25ms
step:217/3300 train_loss:4.26911 train_time:263.476s step_avg:1214.18ms
step:218/3300 train_loss:4.19989 train_time:264.678s step_avg:1214.12ms
step:219/3300 train_loss:4.21991 train_time:265.878s step_avg:1214.05ms
step:220/3300 train_loss:4.19732 train_time:267.081s step_avg:1214.00ms
step:221/3300 train_loss:4.18170 train_time:268.288s step_avg:1213.97ms
step:222/3300 train_loss:4.18186 train_time:269.484s step_avg:1213.89ms
step:223/3300 train_loss:4.26427 train_time:270.678s step_avg:1213.80ms
step:224/3300 train_loss:4.23789 train_time:271.876s step_avg:1213.73ms
step:225/3300 train_loss:4.16354 train_time:273.079s step_avg:1213.69ms
step:226/3300 train_loss:4.17323 train_time:274.291s step_avg:1213.67ms
step:227/3300 train_loss:4.17317 train_time:275.491s step_avg:1213.62ms
step:228/3300 train_loss:4.23950 train_time:276.696s step_avg:1213.58ms
step:229/3300 train_loss:4.21519 train_time:277.903s step_avg:1213.55ms
step:230/3300 train_loss:4.14598 train_time:279.101s step_avg:1213.48ms
step:231/3300 train_loss:4.16989 train_time:280.302s step_avg:1213.43ms
step:232/3300 train_loss:4.14621 train_time:281.501s step_avg:1213.37ms
step:233/3300 train_loss:4.19420 train_time:282.714s step_avg:1213.37ms
step:234/3300 train_loss:4.19809 train_time:283.949s step_avg:1213.46ms
step:235/3300 train_loss:4.22614 train_time:285.150s step_avg:1213.40ms
step:236/3300 train_loss:4.22495 train_time:286.345s step_avg:1213.33ms
step:237/3300 train_loss:4.24381 train_time:287.541s step_avg:1213.25ms
step:238/3300 train_loss:4.19465 train_time:288.755s step_avg:1213.26ms
step:239/3300 train_loss:4.13021 train_time:289.964s step_avg:1213.24ms
step:240/3300 train_loss:4.15369 train_time:291.161s step_avg:1213.17ms
step:241/3300 train_loss:4.29541 train_time:292.373s step_avg:1213.17ms
step:242/3300 train_loss:4.24724 train_time:293.570s step_avg:1213.10ms
step:243/3300 train_loss:4.13389 train_time:294.763s step_avg:1213.02ms
step:244/3300 train_loss:4.20877 train_time:295.956s step_avg:1212.93ms
step:245/3300 train_loss:4.12419 train_time:297.158s step_avg:1212.89ms
step:246/3300 train_loss:4.15524 train_time:298.365s step_avg:1212.87ms
step:247/3300 train_loss:4.09260 train_time:299.570s step_avg:1212.83ms
step:248/3300 train_loss:4.14449 train_time:300.769s step_avg:1212.78ms
step:249/3300 train_loss:4.14243 train_time:301.961s step_avg:1212.69ms
step:250/3300 train_loss:4.08830 train_time:303.167s step_avg:1212.67ms
step:250/3300 val_loss:4.13203 train_time:303.168s step_avg:1204.32ms
step:251/3300 train_loss:4.17071 train_time:304.369s step_avg:1212.62ms
step:252/3300 train_loss:4.18079 train_time:305.569s step_avg:1212.58ms
step:253/3300 train_loss:4.12926 train_time:306.775s step_avg:1212.55ms
step:254/3300 train_loss:4.09037 train_time:307.972s step_avg:1212.49ms
step:255/3300 train_loss:4.17125 train_time:309.170s step_avg:1212.43ms
step:256/3300 train_loss:4.11079 train_time:310.379s step_avg:1212.42ms
step:257/3300 train_loss:4.11705 train_time:311.590s step_avg:1212.41ms
step:258/3300 train_loss:4.20214 train_time:312.801s step_avg:1212.41ms
step:259/3300 train_loss:4.10572 train_time:314.014s step_avg:1212.41ms
step:260/3300 train_loss:4.09533 train_time:315.220s step_avg:1212.38ms
step:261/3300 train_loss:4.08615 train_time:316.412s step_avg:1212.31ms
step:262/3300 train_loss:4.16335 train_time:317.611s step_avg:1212.26ms
step:263/3300 train_loss:4.11671 train_time:318.813s step_avg:1212.22ms
step:264/3300 train_loss:4.17272 train_time:320.034s step_avg:1212.25ms
step:265/3300 train_loss:4.02804 train_time:321.235s step_avg:1212.21ms
step:266/3300 train_loss:4.13617 train_time:322.437s step_avg:1212.17ms
step:267/3300 train_loss:4.08085 train_time:323.629s step_avg:1212.09ms
step:268/3300 train_loss:4.06295 train_time:324.844s step_avg:1212.11ms
step:269/3300 train_loss:4.10119 train_time:326.045s step_avg:1212.06ms
step:270/3300 train_loss:4.10342 train_time:327.246s step_avg:1212.02ms
step:271/3300 train_loss:4.15427 train_time:328.450s step_avg:1211.99ms
step:272/3300 train_loss:4.08190 train_time:329.670s step_avg:1212.02ms
step:273/3300 train_loss:4.12450 train_time:330.870s step_avg:1211.98ms
step:274/3300 train_loss:4.03856 train_time:332.070s step_avg:1211.94ms
step:275/3300 train_loss:4.11174 train_time:333.284s step_avg:1211.94ms
step:276/3300 train_loss:4.15750 train_time:334.481s step_avg:1211.89ms
step:277/3300 train_loss:4.05336 train_time:335.689s step_avg:1211.87ms
step:278/3300 train_loss:4.09898 train_time:336.893s step_avg:1211.84ms
step:279/3300 train_loss:4.03058 train_time:338.092s step_avg:1211.80ms
step:280/3300 train_loss:4.14764 train_time:339.284s step_avg:1211.73ms
step:281/3300 train_loss:4.11460 train_time:340.496s step_avg:1211.73ms
step:282/3300 train_loss:4.07420 train_time:341.691s step_avg:1211.67ms
step:283/3300 train_loss:4.09283 train_time:342.892s step_avg:1211.63ms
step:284/3300 train_loss:4.03780 train_time:344.092s step_avg:1211.59ms
step:285/3300 train_loss:4.12103 train_time:345.301s step_avg:1211.58ms
step:286/3300 train_loss:4.09259 train_time:346.491s step_avg:1211.51ms
step:287/3300 train_loss:4.05611 train_time:347.692s step_avg:1211.47ms
step:288/3300 train_loss:4.07668 train_time:348.893s step_avg:1211.43ms
step:289/3300 train_loss:4.07109 train_time:350.092s step_avg:1211.39ms
step:290/3300 train_loss:4.04010 train_time:351.296s step_avg:1211.36ms
step:291/3300 train_loss:4.05011 train_time:352.493s step_avg:1211.31ms
step:292/3300 train_loss:4.09632 train_time:353.693s step_avg:1211.28ms
step:293/3300 train_loss:4.03730 train_time:354.900s step_avg:1211.26ms
step:294/3300 train_loss:4.20883 train_time:356.093s step_avg:1211.20ms
step:295/3300 train_loss:4.04416 train_time:357.293s step_avg:1211.16ms
step:296/3300 train_loss:4.04033 train_time:358.490s step_avg:1211.12ms
step:297/3300 train_loss:4.05689 train_time:359.716s step_avg:1211.16ms
step:298/3300 train_loss:4.05970 train_time:360.918s step_avg:1211.13ms
step:299/3300 train_loss:4.02501 train_time:362.113s step_avg:1211.08ms
step:300/3300 train_loss:4.03575 train_time:363.312s step_avg:1211.04ms
step:301/3300 train_loss:4.09501 train_time:364.514s step_avg:1211.01ms
step:302/3300 train_loss:4.01869 train_time:365.727s step_avg:1211.02ms
step:303/3300 train_loss:4.05793 train_time:366.932s step_avg:1211.00ms
step:304/3300 train_loss:4.04467 train_time:368.134s step_avg:1210.97ms
step:305/3300 train_loss:4.06649 train_time:369.333s step_avg:1210.93ms
step:306/3300 train_loss:4.02080 train_time:370.547s step_avg:1210.94ms
step:307/3300 train_loss:4.05884 train_time:371.756s step_avg:1210.93ms
step:308/3300 train_loss:4.04142 train_time:372.962s step_avg:1210.92ms
step:309/3300 train_loss:4.05286 train_time:374.153s step_avg:1210.85ms
step:310/3300 train_loss:4.10628 train_time:375.355s step_avg:1210.82ms
step:311/3300 train_loss:4.07952 train_time:376.553s step_avg:1210.78ms
step:312/3300 train_loss:4.00870 train_time:377.752s step_avg:1210.74ms
step:313/3300 train_loss:4.06713 train_time:378.952s step_avg:1210.71ms
step:314/3300 train_loss:4.02314 train_time:380.157s step_avg:1210.69ms
step:315/3300 train_loss:3.98800 train_time:381.370s step_avg:1210.70ms
step:316/3300 train_loss:3.99833 train_time:382.569s step_avg:1210.66ms
step:317/3300 train_loss:3.99532 train_time:383.770s step_avg:1210.63ms
step:318/3300 train_loss:3.98632 train_time:384.971s step_avg:1210.60ms
step:319/3300 train_loss:4.04742 train_time:386.172s step_avg:1210.57ms
step:320/3300 train_loss:4.02841 train_time:387.370s step_avg:1210.53ms
step:321/3300 train_loss:4.05302 train_time:388.570s step_avg:1210.50ms
step:322/3300 train_loss:4.01379 train_time:389.767s step_avg:1210.46ms
step:323/3300 train_loss:4.05462 train_time:390.975s step_avg:1210.45ms
step:324/3300 train_loss:3.99602 train_time:392.188s step_avg:1210.46ms
step:325/3300 train_loss:4.08917 train_time:393.392s step_avg:1210.44ms
step:326/3300 train_loss:4.01567 train_time:394.609s step_avg:1210.46ms
step:327/3300 train_loss:4.14585 train_time:395.833s step_avg:1210.50ms
step:328/3300 train_loss:4.05992 train_time:397.036s step_avg:1210.48ms
step:329/3300 train_loss:4.03278 train_time:398.237s step_avg:1210.45ms
step:330/3300 train_loss:3.95409 train_time:399.436s step_avg:1210.41ms
step:331/3300 train_loss:4.06100 train_time:400.651s step_avg:1210.43ms
step:332/3300 train_loss:3.97471 train_time:401.852s step_avg:1210.40ms
step:333/3300 train_loss:3.94271 train_time:403.059s step_avg:1210.39ms
step:334/3300 train_loss:3.98138 train_time:404.258s step_avg:1210.35ms
step:335/3300 train_loss:4.07154 train_time:405.464s step_avg:1210.34ms
step:336/3300 train_loss:4.02718 train_time:406.658s step_avg:1210.29ms
step:337/3300 train_loss:4.30071 train_time:407.856s step_avg:1210.26ms
step:338/3300 train_loss:3.99893 train_time:409.056s step_avg:1210.22ms
step:339/3300 train_loss:3.97056 train_time:410.259s step_avg:1210.20ms
step:340/3300 train_loss:3.97665 train_time:411.458s step_avg:1210.17ms
step:341/3300 train_loss:4.00111 train_time:412.658s step_avg:1210.14ms
step:342/3300 train_loss:3.98617 train_time:413.863s step_avg:1210.13ms
step:343/3300 train_loss:4.05819 train_time:415.055s step_avg:1210.07ms
step:344/3300 train_loss:3.98935 train_time:416.266s step_avg:1210.08ms
step:345/3300 train_loss:3.95588 train_time:417.461s step_avg:1210.03ms
step:346/3300 train_loss:3.96567 train_time:418.655s step_avg:1209.99ms
step:347/3300 train_loss:3.96830 train_time:419.853s step_avg:1209.95ms
step:348/3300 train_loss:3.99987 train_time:421.053s step_avg:1209.92ms
step:349/3300 train_loss:3.93541 train_time:422.258s step_avg:1209.91ms
step:350/3300 train_loss:3.91994 train_time:423.456s step_avg:1209.87ms
step:351/3300 train_loss:3.91366 train_time:424.657s step_avg:1209.85ms
step:352/3300 train_loss:4.03264 train_time:425.861s step_avg:1209.83ms
step:353/3300 train_loss:3.93460 train_time:427.057s step_avg:1209.79ms
step:354/3300 train_loss:3.92285 train_time:428.258s step_avg:1209.77ms
step:355/3300 train_loss:4.00691 train_time:429.458s step_avg:1209.74ms
step:356/3300 train_loss:3.92734 train_time:430.663s step_avg:1209.73ms
step:357/3300 train_loss:4.00691 train_time:431.860s step_avg:1209.69ms
step:358/3300 train_loss:3.99319 train_time:433.060s step_avg:1209.66ms
step:359/3300 train_loss:3.90637 train_time:434.260s step_avg:1209.64ms
step:360/3300 train_loss:3.91190 train_time:435.460s step_avg:1209.61ms
step:361/3300 train_loss:4.02594 train_time:436.672s step_avg:1209.62ms
step:362/3300 train_loss:3.96778 train_time:437.868s step_avg:1209.58ms
step:363/3300 train_loss:3.94237 train_time:439.059s step_avg:1209.53ms
step:364/3300 train_loss:3.96119 train_time:440.256s step_avg:1209.49ms
step:365/3300 train_loss:3.99965 train_time:441.464s step_avg:1209.49ms
step:366/3300 train_loss:3.94702 train_time:442.674s step_avg:1209.49ms
step:367/3300 train_loss:3.98411 train_time:443.874s step_avg:1209.47ms
step:368/3300 train_loss:3.96856 train_time:445.073s step_avg:1209.44ms
step:369/3300 train_loss:3.96298 train_time:446.277s step_avg:1209.42ms
step:370/3300 train_loss:3.93809 train_time:447.474s step_avg:1209.39ms
step:371/3300 train_loss:3.96891 train_time:448.677s step_avg:1209.37ms
step:372/3300 train_loss:3.95189 train_time:449.890s step_avg:1209.38ms
step:373/3300 train_loss:3.97612 train_time:451.091s step_avg:1209.36ms
step:374/3300 train_loss:4.00083 train_time:452.293s step_avg:1209.34ms
step:375/3300 train_loss:3.97001 train_time:453.502s step_avg:1209.34ms
step:375/3300 val_loss:3.94427 train_time:453.502s step_avg:1202.67ms
step:376/3300 train_loss:4.06303 train_time:454.706s step_avg:1209.32ms
step:377/3300 train_loss:3.86544 train_time:455.912s step_avg:1209.32ms
step:378/3300 train_loss:3.97127 train_time:457.122s step_avg:1209.32ms
step:379/3300 train_loss:3.96147 train_time:458.318s step_avg:1209.28ms
step:380/3300 train_loss:3.92586 train_time:459.519s step_avg:1209.26ms
step:381/3300 train_loss:4.00459 train_time:460.742s step_avg:1209.30ms
step:382/3300 train_loss:3.92773 train_time:461.935s step_avg:1209.25ms
step:383/3300 train_loss:3.94098 train_time:463.137s step_avg:1209.23ms
step:384/3300 train_loss:3.93203 train_time:464.349s step_avg:1209.24ms
step:385/3300 train_loss:3.96452 train_time:465.552s step_avg:1209.23ms
step:386/3300 train_loss:3.95852 train_time:466.754s step_avg:1209.21ms
step:387/3300 train_loss:3.97786 train_time:467.955s step_avg:1209.19ms
step:388/3300 train_loss:3.95909 train_time:469.162s step_avg:1209.18ms
step:389/3300 train_loss:3.90800 train_time:470.366s step_avg:1209.17ms
step:390/3300 train_loss:3.95984 train_time:471.556s step_avg:1209.12ms
step:391/3300 train_loss:3.88810 train_time:472.765s step_avg:1209.12ms
step:392/3300 train_loss:3.93542 train_time:473.959s step_avg:1209.08ms
step:393/3300 train_loss:3.97157 train_time:475.160s step_avg:1209.06ms
step:394/3300 train_loss:3.96746 train_time:476.354s step_avg:1209.02ms
step:395/3300 train_loss:3.89165 train_time:477.568s step_avg:1209.03ms
step:396/3300 train_loss:3.80658 train_time:478.759s step_avg:1208.99ms
step:397/3300 train_loss:3.99393 train_time:479.958s step_avg:1208.96ms
step:398/3300 train_loss:3.92961 train_time:481.153s step_avg:1208.93ms
step:399/3300 train_loss:3.88353 train_time:482.380s step_avg:1208.97ms
step:400/3300 train_loss:3.96505 train_time:483.577s step_avg:1208.94ms
step:401/3300 train_loss:3.91366 train_time:484.774s step_avg:1208.91ms
step:402/3300 train_loss:3.92631 train_time:485.978s step_avg:1208.90ms
step:403/3300 train_loss:3.93780 train_time:487.175s step_avg:1208.87ms
step:404/3300 train_loss:3.91457 train_time:488.376s step_avg:1208.85ms
step:405/3300 train_loss:3.97039 train_time:489.573s step_avg:1208.82ms
step:406/3300 train_loss:3.94530 train_time:490.773s step_avg:1208.80ms
step:407/3300 train_loss:4.03820 train_time:491.975s step_avg:1208.78ms
step:408/3300 train_loss:3.95805 train_time:493.174s step_avg:1208.76ms
step:409/3300 train_loss:3.90978 train_time:494.379s step_avg:1208.75ms
step:410/3300 train_loss:3.91604 train_time:495.573s step_avg:1208.72ms
step:411/3300 train_loss:3.89506 train_time:496.771s step_avg:1208.69ms
step:412/3300 train_loss:3.98379 train_time:497.975s step_avg:1208.68ms
step:413/3300 train_loss:3.90777 train_time:499.172s step_avg:1208.65ms
step:414/3300 train_loss:3.94481 train_time:500.370s step_avg:1208.62ms
step:415/3300 train_loss:3.98342 train_time:501.561s step_avg:1208.58ms
step:416/3300 train_loss:3.90765 train_time:502.758s step_avg:1208.55ms
step:417/3300 train_loss:3.92585 train_time:503.959s step_avg:1208.53ms
step:418/3300 train_loss:3.92194 train_time:505.160s step_avg:1208.52ms
step:419/3300 train_loss:3.89629 train_time:506.360s step_avg:1208.50ms
step:420/3300 train_loss:3.88717 train_time:507.571s step_avg:1208.50ms
step:421/3300 train_loss:3.89031 train_time:508.774s step_avg:1208.49ms
step:422/3300 train_loss:3.87051 train_time:509.970s step_avg:1208.46ms
step:423/3300 train_loss:3.90518 train_time:511.159s step_avg:1208.41ms
step:424/3300 train_loss:3.92885 train_time:512.361s step_avg:1208.40ms
step:425/3300 train_loss:3.93899 train_time:513.560s step_avg:1208.38ms
step:426/3300 train_loss:3.86923 train_time:514.758s step_avg:1208.35ms
step:427/3300 train_loss:3.92093 train_time:515.957s step_avg:1208.33ms
step:428/3300 train_loss:3.86534 train_time:517.181s step_avg:1208.37ms
step:429/3300 train_loss:3.85158 train_time:518.382s step_avg:1208.35ms
step:430/3300 train_loss:3.87403 train_time:519.583s step_avg:1208.33ms
step:431/3300 train_loss:3.94791 train_time:520.832s step_avg:1208.43ms
step:432/3300 train_loss:3.88740 train_time:522.040s step_avg:1208.43ms
step:433/3300 train_loss:3.94807 train_time:523.241s step_avg:1208.41ms
step:434/3300 train_loss:3.89671 train_time:524.441s step_avg:1208.39ms
step:435/3300 train_loss:3.91995 train_time:525.643s step_avg:1208.38ms
step:436/3300 train_loss:3.95879 train_time:526.842s step_avg:1208.35ms
step:437/3300 train_loss:3.90993 train_time:528.041s step_avg:1208.33ms
step:438/3300 train_loss:3.91623 train_time:529.244s step_avg:1208.32ms
step:439/3300 train_loss:3.84141 train_time:530.441s step_avg:1208.29ms
step:440/3300 train_loss:3.90066 train_time:531.635s step_avg:1208.26ms
step:441/3300 train_loss:3.84149 train_time:532.836s step_avg:1208.24ms
step:442/3300 train_loss:3.88224 train_time:534.037s step_avg:1208.23ms
step:443/3300 train_loss:3.84174 train_time:535.234s step_avg:1208.20ms
step:444/3300 train_loss:3.94467 train_time:536.439s step_avg:1208.20ms
step:445/3300 train_loss:3.90929 train_time:537.646s step_avg:1208.19ms
step:446/3300 train_loss:3.88415 train_time:538.842s step_avg:1208.17ms
step:447/3300 train_loss:3.87430 train_time:540.042s step_avg:1208.15ms
step:448/3300 train_loss:3.93018 train_time:541.241s step_avg:1208.13ms
step:449/3300 train_loss:3.89683 train_time:542.451s step_avg:1208.13ms
step:450/3300 train_loss:3.89476 train_time:543.647s step_avg:1208.10ms
step:451/3300 train_loss:4.02277 train_time:544.842s step_avg:1208.07ms
step:452/3300 train_loss:3.91973 train_time:546.040s step_avg:1208.05ms
step:453/3300 train_loss:3.96648 train_time:547.244s step_avg:1208.04ms
step:454/3300 train_loss:3.80768 train_time:548.447s step_avg:1208.03ms
step:455/3300 train_loss:3.86272 train_time:549.646s step_avg:1208.01ms
step:456/3300 train_loss:3.87025 train_time:550.850s step_avg:1208.00ms
step:457/3300 train_loss:3.86364 train_time:552.047s step_avg:1207.98ms
step:458/3300 train_loss:3.90732 train_time:553.252s step_avg:1207.97ms
step:459/3300 train_loss:3.88371 train_time:554.448s step_avg:1207.95ms
step:460/3300 train_loss:3.93431 train_time:555.642s step_avg:1207.92ms
step:461/3300 train_loss:3.91055 train_time:556.858s step_avg:1207.94ms
step:462/3300 train_loss:3.79480 train_time:558.066s step_avg:1207.94ms
step:463/3300 train_loss:3.88296 train_time:559.264s step_avg:1207.91ms
step:464/3300 train_loss:3.89958 train_time:560.463s step_avg:1207.89ms
step:465/3300 train_loss:3.87510 train_time:561.659s step_avg:1207.87ms
step:466/3300 train_loss:3.89562 train_time:562.868s step_avg:1207.87ms
step:467/3300 train_loss:3.85870 train_time:564.082s step_avg:1207.88ms
step:468/3300 train_loss:3.91165 train_time:565.283s step_avg:1207.87ms
step:469/3300 train_loss:3.87621 train_time:566.483s step_avg:1207.85ms
step:470/3300 train_loss:3.80334 train_time:567.693s step_avg:1207.86ms
step:471/3300 train_loss:3.92832 train_time:568.885s step_avg:1207.82ms
step:472/3300 train_loss:3.85099 train_time:570.096s step_avg:1207.83ms
step:473/3300 train_loss:3.87229 train_time:571.286s step_avg:1207.79ms
step:474/3300 train_loss:3.87030 train_time:572.492s step_avg:1207.79ms
step:475/3300 train_loss:3.94163 train_time:573.686s step_avg:1207.76ms
step:476/3300 train_loss:3.88831 train_time:574.886s step_avg:1207.74ms
step:477/3300 train_loss:3.84517 train_time:576.086s step_avg:1207.73ms
step:478/3300 train_loss:3.89178 train_time:577.287s step_avg:1207.71ms
step:479/3300 train_loss:3.82309 train_time:578.494s step_avg:1207.71ms
step:480/3300 train_loss:3.95699 train_time:579.686s step_avg:1207.68ms
step:481/3300 train_loss:3.86217 train_time:580.884s step_avg:1207.66ms
step:482/3300 train_loss:3.78218 train_time:582.089s step_avg:1207.65ms
step:483/3300 train_loss:3.89653 train_time:583.292s step_avg:1207.64ms
step:484/3300 train_loss:3.87243 train_time:584.488s step_avg:1207.62ms
step:485/3300 train_loss:3.77443 train_time:585.688s step_avg:1207.60ms
step:486/3300 train_loss:3.87825 train_time:586.903s step_avg:1207.62ms
step:487/3300 train_loss:3.83890 train_time:588.114s step_avg:1207.63ms
step:488/3300 train_loss:3.84699 train_time:589.308s step_avg:1207.60ms
step:489/3300 train_loss:3.86678 train_time:590.507s step_avg:1207.58ms
step:490/3300 train_loss:3.81594 train_time:591.707s step_avg:1207.57ms
step:491/3300 train_loss:3.85068 train_time:592.907s step_avg:1207.55ms
step:492/3300 train_loss:3.89360 train_time:594.130s step_avg:1207.58ms
step:493/3300 train_loss:3.82807 train_time:595.330s step_avg:1207.57ms
step:494/3300 train_loss:3.83416 train_time:596.528s step_avg:1207.55ms
step:495/3300 train_loss:3.88330 train_time:597.727s step_avg:1207.53ms
step:496/3300 train_loss:3.79601 train_time:598.927s step_avg:1207.51ms
step:497/3300 train_loss:3.86517 train_time:600.128s step_avg:1207.50ms
step:498/3300 train_loss:3.83668 train_time:601.328s step_avg:1207.49ms
step:499/3300 train_loss:3.90755 train_time:602.539s step_avg:1207.49ms
step:500/3300 train_loss:3.84594 train_time:603.750s step_avg:1207.50ms
step:500/3300 val_loss:3.83468 train_time:603.750s step_avg:1201.98ms
step:501/3300 train_loss:3.90541 train_time:604.944s step_avg:1207.47ms
step:502/3300 train_loss:3.86079 train_time:606.149s step_avg:1207.47ms
step:503/3300 train_loss:3.80384 train_time:607.344s step_avg:1207.44ms
step:504/3300 train_loss:3.88954 train_time:608.544s step_avg:1207.43ms
step:505/3300 train_loss:3.84672 train_time:609.744s step_avg:1207.41ms
step:506/3300 train_loss:3.79584 train_time:610.945s step_avg:1207.40ms
step:507/3300 train_loss:3.92110 train_time:612.147s step_avg:1207.39ms
step:508/3300 train_loss:3.81222 train_time:613.349s step_avg:1207.38ms
step:509/3300 train_loss:3.84611 train_time:614.558s step_avg:1207.38ms
step:510/3300 train_loss:3.80629 train_time:615.755s step_avg:1207.36ms
step:511/3300 train_loss:3.79124 train_time:616.947s step_avg:1207.33ms
step:512/3300 train_loss:3.84704 train_time:618.143s step_avg:1207.31ms
step:513/3300 train_loss:3.84338 train_time:619.338s step_avg:1207.29ms
step:514/3300 train_loss:3.93218 train_time:620.536s step_avg:1207.27ms
step:515/3300 train_loss:3.80691 train_time:621.736s step_avg:1207.26ms
step:516/3300 train_loss:3.88692 train_time:622.941s step_avg:1207.25ms
step:517/3300 train_loss:3.85747 train_time:624.137s step_avg:1207.23ms
step:518/3300 train_loss:3.80766 train_time:625.326s step_avg:1207.19ms
step:519/3300 train_loss:3.88802 train_time:626.521s step_avg:1207.17ms
step:520/3300 train_loss:3.82057 train_time:627.704s step_avg:1207.12ms
step:521/3300 train_loss:3.80645 train_time:628.887s step_avg:1207.08ms
step:522/3300 train_loss:3.86530 train_time:630.093s step_avg:1207.07ms
step:523/3300 train_loss:3.84034 train_time:631.292s step_avg:1207.06ms
step:524/3300 train_loss:3.80445 train_time:632.495s step_avg:1207.05ms
step:525/3300 train_loss:3.77816 train_time:633.697s step_avg:1207.04ms
step:526/3300 train_loss:3.89021 train_time:634.895s step_avg:1207.03ms
step:527/3300 train_loss:3.82117 train_time:636.119s step_avg:1207.06ms
step:528/3300 train_loss:3.83337 train_time:637.316s step_avg:1207.04ms
step:529/3300 train_loss:3.86129 train_time:638.511s step_avg:1207.01ms
step:530/3300 train_loss:3.83036 train_time:639.706s step_avg:1206.99ms
step:531/3300 train_loss:3.77849 train_time:640.897s step_avg:1206.96ms
step:532/3300 train_loss:3.85807 train_time:642.101s step_avg:1206.96ms
step:533/3300 train_loss:3.81795 train_time:643.294s step_avg:1206.93ms
step:534/3300 train_loss:3.84013 train_time:644.512s step_avg:1206.95ms
step:535/3300 train_loss:3.93495 train_time:645.713s step_avg:1206.94ms
step:536/3300 train_loss:3.79751 train_time:646.910s step_avg:1206.92ms
step:537/3300 train_loss:3.77898 train_time:648.111s step_avg:1206.91ms
step:538/3300 train_loss:3.78929 train_time:649.329s step_avg:1206.93ms
step:539/3300 train_loss:3.98226 train_time:650.531s step_avg:1206.92ms
step:540/3300 train_loss:3.77547 train_time:651.740s step_avg:1206.93ms
step:541/3300 train_loss:3.87237 train_time:652.947s step_avg:1206.93ms
step:542/3300 train_loss:3.80385 train_time:654.150s step_avg:1206.92ms
step:543/3300 train_loss:3.79903 train_time:655.362s step_avg:1206.93ms
step:544/3300 train_loss:3.83180 train_time:656.555s step_avg:1206.90ms
step:545/3300 train_loss:3.79186 train_time:657.758s step_avg:1206.90ms
step:546/3300 train_loss:3.77497 train_time:658.957s step_avg:1206.88ms
step:547/3300 train_loss:3.82224 train_time:660.163s step_avg:1206.88ms
step:548/3300 train_loss:3.74174 train_time:661.369s step_avg:1206.88ms
step:549/3300 train_loss:3.78881 train_time:662.568s step_avg:1206.86ms
step:550/3300 train_loss:3.82433 train_time:663.769s step_avg:1206.85ms
step:551/3300 train_loss:3.78832 train_time:664.975s step_avg:1206.85ms
step:552/3300 train_loss:3.92842 train_time:666.174s step_avg:1206.84ms
step:553/3300 train_loss:3.81633 train_time:667.374s step_avg:1206.83ms
step:554/3300 train_loss:3.80322 train_time:668.578s step_avg:1206.82ms
step:555/3300 train_loss:3.86066 train_time:669.777s step_avg:1206.81ms
step:556/3300 train_loss:3.79504 train_time:670.978s step_avg:1206.79ms
step:557/3300 train_loss:3.75157 train_time:672.178s step_avg:1206.78ms
step:558/3300 train_loss:3.79978 train_time:673.386s step_avg:1206.78ms
step:559/3300 train_loss:3.86892 train_time:674.592s step_avg:1206.78ms
step:560/3300 train_loss:3.81380 train_time:675.794s step_avg:1206.78ms
step:561/3300 train_loss:3.78282 train_time:676.997s step_avg:1206.77ms
step:562/3300 train_loss:3.78244 train_time:678.198s step_avg:1206.76ms
step:563/3300 train_loss:3.78582 train_time:679.398s step_avg:1206.75ms
step:564/3300 train_loss:3.82944 train_time:680.610s step_avg:1206.76ms
step:565/3300 train_loss:3.79256 train_time:681.819s step_avg:1206.76ms
step:566/3300 train_loss:3.82667 train_time:683.025s step_avg:1206.76ms
step:567/3300 train_loss:3.79201 train_time:684.225s step_avg:1206.75ms
step:568/3300 train_loss:3.88175 train_time:685.420s step_avg:1206.73ms
step:569/3300 train_loss:3.80406 train_time:686.625s step_avg:1206.72ms
step:570/3300 train_loss:3.78432 train_time:687.816s step_avg:1206.70ms
step:571/3300 train_loss:3.74447 train_time:689.039s step_avg:1206.72ms
step:572/3300 train_loss:3.81663 train_time:690.246s step_avg:1206.72ms
step:573/3300 train_loss:3.88272 train_time:691.439s step_avg:1206.70ms
step:574/3300 train_loss:3.78045 train_time:692.651s step_avg:1206.71ms
step:575/3300 train_loss:3.83099 train_time:693.845s step_avg:1206.69ms
step:576/3300 train_loss:3.80753 train_time:695.037s step_avg:1206.66ms
step:577/3300 train_loss:3.80925 train_time:696.235s step_avg:1206.65ms
step:578/3300 train_loss:3.86828 train_time:697.434s step_avg:1206.63ms
step:579/3300 train_loss:3.76809 train_time:698.636s step_avg:1206.62ms
step:580/3300 train_loss:3.83745 train_time:699.836s step_avg:1206.61ms
step:581/3300 train_loss:3.82740 train_time:701.046s step_avg:1206.62ms
step:582/3300 train_loss:3.85110 train_time:702.243s step_avg:1206.60ms
step:583/3300 train_loss:3.80915 train_time:703.439s step_avg:1206.59ms
step:584/3300 train_loss:3.77139 train_time:704.637s step_avg:1206.57ms
step:585/3300 train_loss:3.80446 train_time:705.836s step_avg:1206.56ms
step:586/3300 train_loss:3.90156 train_time:707.035s step_avg:1206.54ms
step:587/3300 train_loss:3.76474 train_time:708.233s step_avg:1206.53ms
step:588/3300 train_loss:3.83170 train_time:709.435s step_avg:1206.52ms
step:589/3300 train_loss:3.88653 train_time:710.634s step_avg:1206.51ms
step:590/3300 train_loss:3.78464 train_time:711.849s step_avg:1206.52ms
step:591/3300 train_loss:3.80099 train_time:713.050s step_avg:1206.52ms
step:592/3300 train_loss:3.77948 train_time:714.273s step_avg:1206.54ms
step:593/3300 train_loss:3.73783 train_time:715.474s step_avg:1206.53ms
step:594/3300 train_loss:3.86381 train_time:716.674s step_avg:1206.52ms
step:595/3300 train_loss:3.80781 train_time:717.873s step_avg:1206.51ms
step:596/3300 train_loss:3.78734 train_time:719.072s step_avg:1206.50ms
step:597/3300 train_loss:3.80189 train_time:720.306s step_avg:1206.54ms
step:598/3300 train_loss:3.82030 train_time:721.503s step_avg:1206.53ms
step:599/3300 train_loss:3.76744 train_time:722.702s step_avg:1206.51ms
step:600/3300 train_loss:3.78467 train_time:723.898s step_avg:1206.50ms
step:601/3300 train_loss:3.79034 train_time:725.098s step_avg:1206.49ms
step:602/3300 train_loss:3.80259 train_time:726.305s step_avg:1206.49ms
step:603/3300 train_loss:3.82705 train_time:727.499s step_avg:1206.47ms
step:604/3300 train_loss:3.84248 train_time:728.699s step_avg:1206.46ms
step:605/3300 train_loss:3.78437 train_time:729.904s step_avg:1206.45ms
step:606/3300 train_loss:3.79741 train_time:731.099s step_avg:1206.43ms
step:607/3300 train_loss:3.78568 train_time:732.298s step_avg:1206.42ms
step:608/3300 train_loss:3.77933 train_time:733.523s step_avg:1206.45ms
step:609/3300 train_loss:3.80156 train_time:734.725s step_avg:1206.45ms
step:610/3300 train_loss:3.77109 train_time:735.934s step_avg:1206.45ms
step:611/3300 train_loss:3.78942 train_time:737.132s step_avg:1206.43ms
step:612/3300 train_loss:3.72885 train_time:738.332s step_avg:1206.43ms
step:613/3300 train_loss:3.76772 train_time:739.527s step_avg:1206.41ms
step:614/3300 train_loss:3.80293 train_time:740.731s step_avg:1206.40ms
step:615/3300 train_loss:3.76900 train_time:741.924s step_avg:1206.38ms
step:616/3300 train_loss:3.79009 train_time:743.135s step_avg:1206.39ms
step:617/3300 train_loss:3.77436 train_time:744.336s step_avg:1206.38ms
step:618/3300 train_loss:3.80711 train_time:745.543s step_avg:1206.38ms
step:619/3300 train_loss:3.82323 train_time:746.743s step_avg:1206.37ms
step:620/3300 train_loss:3.75767 train_time:747.941s step_avg:1206.36ms
step:621/3300 train_loss:3.86335 train_time:749.148s step_avg:1206.36ms
step:622/3300 train_loss:3.80751 train_time:750.347s step_avg:1206.35ms
step:623/3300 train_loss:3.78989 train_time:751.544s step_avg:1206.33ms
step:624/3300 train_loss:3.82102 train_time:752.750s step_avg:1206.33ms
step:625/3300 train_loss:3.79719 train_time:753.942s step_avg:1206.31ms
step:625/3300 val_loss:3.76744 train_time:753.942s step_avg:1201.54ms
step:626/3300 train_loss:3.80313 train_time:755.132s step_avg:1206.28ms
step:627/3300 train_loss:3.80286 train_time:756.323s step_avg:1206.26ms
step:628/3300 train_loss:3.74233 train_time:757.519s step_avg:1206.24ms
step:629/3300 train_loss:3.76424 train_time:758.719s step_avg:1206.23ms
step:630/3300 train_loss:3.76372 train_time:759.923s step_avg:1206.23ms
step:631/3300 train_loss:3.76965 train_time:761.123s step_avg:1206.22ms
step:632/3300 train_loss:3.77859 train_time:762.321s step_avg:1206.20ms
step:633/3300 train_loss:3.78424 train_time:763.535s step_avg:1206.22ms
step:634/3300 train_loss:3.73136 train_time:764.728s step_avg:1206.20ms
step:635/3300 train_loss:3.82617 train_time:765.926s step_avg:1206.18ms
step:636/3300 train_loss:3.72754 train_time:767.136s step_avg:1206.19ms
step:637/3300 train_loss:3.69888 train_time:768.326s step_avg:1206.16ms
step:638/3300 train_loss:3.81317 train_time:769.526s step_avg:1206.15ms
step:639/3300 train_loss:3.75779 train_time:770.726s step_avg:1206.14ms
step:640/3300 train_loss:3.77371 train_time:771.926s step_avg:1206.13ms
step:641/3300 train_loss:3.84914 train_time:773.134s step_avg:1206.14ms
step:642/3300 train_loss:3.71532 train_time:774.324s step_avg:1206.11ms
step:643/3300 train_loss:3.81286 train_time:775.540s step_avg:1206.13ms
step:644/3300 train_loss:3.75243 train_time:776.743s step_avg:1206.12ms
step:645/3300 train_loss:3.78893 train_time:777.974s step_avg:1206.16ms
step:646/3300 train_loss:3.80148 train_time:779.196s step_avg:1206.19ms
step:647/3300 train_loss:3.87518 train_time:780.386s step_avg:1206.16ms
step:648/3300 train_loss:3.78819 train_time:781.585s step_avg:1206.15ms
step:649/3300 train_loss:3.77760 train_time:782.785s step_avg:1206.14ms
step:650/3300 train_loss:3.74813 train_time:783.985s step_avg:1206.13ms
step:651/3300 train_loss:3.72734 train_time:785.185s step_avg:1206.12ms
step:652/3300 train_loss:3.72928 train_time:786.390s step_avg:1206.12ms
step:653/3300 train_loss:3.74630 train_time:787.608s step_avg:1206.14ms
step:654/3300 train_loss:3.79367 train_time:788.807s step_avg:1206.13ms
step:655/3300 train_loss:3.75395 train_time:790.009s step_avg:1206.12ms
step:656/3300 train_loss:3.81550 train_time:791.207s step_avg:1206.11ms
step:657/3300 train_loss:3.71690 train_time:792.423s step_avg:1206.12ms
step:658/3300 train_loss:3.82892 train_time:793.622s step_avg:1206.11ms
step:659/3300 train_loss:3.79881 train_time:794.820s step_avg:1206.10ms
step:660/3300 train_loss:3.83120 train_time:796.020s step_avg:1206.09ms
step:661/3300 train_loss:3.81892 train_time:797.223s step_avg:1206.09ms
step:662/3300 train_loss:3.82241 train_time:798.423s step_avg:1206.08ms
step:663/3300 train_loss:3.72289 train_time:799.622s step_avg:1206.07ms
step:664/3300 train_loss:3.72203 train_time:800.816s step_avg:1206.05ms
step:665/3300 train_loss:3.74488 train_time:802.023s step_avg:1206.05ms
step:666/3300 train_loss:3.79815 train_time:803.225s step_avg:1206.04ms
step:667/3300 train_loss:3.80550 train_time:804.424s step_avg:1206.03ms
step:668/3300 train_loss:3.78070 train_time:805.625s step_avg:1206.03ms
step:669/3300 train_loss:3.78395 train_time:806.837s step_avg:1206.03ms
step:670/3300 train_loss:3.77034 train_time:808.030s step_avg:1206.01ms
step:671/3300 train_loss:3.75263 train_time:809.235s step_avg:1206.01ms
step:672/3300 train_loss:3.81147 train_time:810.429s step_avg:1206.00ms
step:673/3300 train_loss:3.75806 train_time:811.640s step_avg:1206.00ms
step:674/3300 train_loss:3.75124 train_time:812.850s step_avg:1206.01ms
step:675/3300 train_loss:3.81056 train_time:814.043s step_avg:1205.99ms
step:676/3300 train_loss:3.74785 train_time:815.240s step_avg:1205.98ms
step:677/3300 train_loss:3.73962 train_time:816.430s step_avg:1205.95ms
step:678/3300 train_loss:3.75536 train_time:817.635s step_avg:1205.95ms
step:679/3300 train_loss:3.76978 train_time:818.844s step_avg:1205.96ms
step:680/3300 train_loss:3.77163 train_time:820.044s step_avg:1205.95ms
step:681/3300 train_loss:3.69149 train_time:821.243s step_avg:1205.94ms
step:682/3300 train_loss:3.78283 train_time:822.513s step_avg:1206.03ms
step:683/3300 train_loss:3.82874 train_time:823.703s step_avg:1206.01ms
step:684/3300 train_loss:3.76752 train_time:824.897s step_avg:1205.99ms
step:685/3300 train_loss:3.81027 train_time:826.091s step_avg:1205.97ms
step:686/3300 train_loss:3.80764 train_time:827.286s step_avg:1205.96ms
step:687/3300 train_loss:3.73332 train_time:828.487s step_avg:1205.95ms
step:688/3300 train_loss:3.72510 train_time:829.687s step_avg:1205.94ms
step:689/3300 train_loss:3.73088 train_time:830.886s step_avg:1205.93ms
step:690/3300 train_loss:3.75334 train_time:832.087s step_avg:1205.92ms
step:691/3300 train_loss:3.76994 train_time:833.295s step_avg:1205.93ms
step:692/3300 train_loss:3.73388 train_time:834.490s step_avg:1205.91ms
step:693/3300 train_loss:3.78044 train_time:835.684s step_avg:1205.89ms
step:694/3300 train_loss:3.73518 train_time:836.874s step_avg:1205.87ms
step:695/3300 train_loss:3.69283 train_time:838.070s step_avg:1205.86ms
step:696/3300 train_loss:3.80982 train_time:839.268s step_avg:1205.84ms
step:697/3300 train_loss:3.70841 train_time:840.462s step_avg:1205.83ms
step:698/3300 train_loss:3.74384 train_time:841.653s step_avg:1205.81ms
step:699/3300 train_loss:3.78485 train_time:842.849s step_avg:1205.79ms
step:700/3300 train_loss:3.71616 train_time:844.046s step_avg:1205.78ms
step:701/3300 train_loss:3.72659 train_time:845.240s step_avg:1205.76ms
step:702/3300 train_loss:3.72858 train_time:846.428s step_avg:1205.74ms
step:703/3300 train_loss:3.66609 train_time:847.626s step_avg:1205.73ms
step:704/3300 train_loss:3.73714 train_time:848.824s step_avg:1205.72ms
step:705/3300 train_loss:3.65987 train_time:850.012s step_avg:1205.69ms
step:706/3300 train_loss:3.70296 train_time:851.204s step_avg:1205.67ms
step:707/3300 train_loss:3.77253 train_time:852.393s step_avg:1205.65ms
step:708/3300 train_loss:3.75171 train_time:853.586s step_avg:1205.63ms
step:709/3300 train_loss:3.74223 train_time:854.785s step_avg:1205.62ms
step:710/3300 train_loss:3.72864 train_time:855.975s step_avg:1205.60ms
step:711/3300 train_loss:3.73679 train_time:857.173s step_avg:1205.59ms
step:712/3300 train_loss:3.68932 train_time:858.369s step_avg:1205.57ms
step:713/3300 train_loss:3.78255 train_time:859.569s step_avg:1205.57ms
step:714/3300 train_loss:3.65271 train_time:860.766s step_avg:1205.55ms
step:715/3300 train_loss:3.82852 train_time:861.963s step_avg:1205.54ms
step:716/3300 train_loss:3.72390 train_time:863.151s step_avg:1205.52ms
step:717/3300 train_loss:3.78097 train_time:864.345s step_avg:1205.50ms
step:718/3300 train_loss:3.76184 train_time:865.537s step_avg:1205.48ms
step:719/3300 train_loss:3.77290 train_time:866.735s step_avg:1205.47ms
step:720/3300 train_loss:3.77548 train_time:867.945s step_avg:1205.48ms
step:721/3300 train_loss:3.75695 train_time:869.146s step_avg:1205.47ms
step:722/3300 train_loss:3.75195 train_time:870.338s step_avg:1205.45ms
step:723/3300 train_loss:3.78595 train_time:871.536s step_avg:1205.44ms
step:724/3300 train_loss:3.70481 train_time:872.738s step_avg:1205.44ms
step:725/3300 train_loss:3.71101 train_time:873.935s step_avg:1205.43ms
step:726/3300 train_loss:3.75279 train_time:875.136s step_avg:1205.42ms
step:727/3300 train_loss:3.70904 train_time:876.335s step_avg:1205.41ms
step:728/3300 train_loss:3.73953 train_time:877.538s step_avg:1205.41ms
step:729/3300 train_loss:3.78046 train_time:878.737s step_avg:1205.40ms
step:730/3300 train_loss:3.80602 train_time:879.942s step_avg:1205.40ms
step:731/3300 train_loss:3.76803 train_time:881.135s step_avg:1205.38ms
step:732/3300 train_loss:3.76927 train_time:882.337s step_avg:1205.38ms
step:733/3300 train_loss:3.76829 train_time:883.540s step_avg:1205.37ms
step:734/3300 train_loss:3.83277 train_time:884.736s step_avg:1205.36ms
step:735/3300 train_loss:3.74627 train_time:885.937s step_avg:1205.36ms
step:736/3300 train_loss:3.74888 train_time:887.142s step_avg:1205.36ms
step:737/3300 train_loss:3.78084 train_time:888.335s step_avg:1205.34ms
step:738/3300 train_loss:3.74954 train_time:889.534s step_avg:1205.33ms
step:739/3300 train_loss:3.75392 train_time:890.737s step_avg:1205.33ms
step:740/3300 train_loss:3.86113 train_time:891.934s step_avg:1205.32ms
step:741/3300 train_loss:3.73607 train_time:893.134s step_avg:1205.31ms
step:742/3300 train_loss:3.71213 train_time:894.331s step_avg:1205.30ms
step:743/3300 train_loss:3.75811 train_time:895.530s step_avg:1205.29ms
step:744/3300 train_loss:3.65930 train_time:896.730s step_avg:1205.28ms
step:745/3300 train_loss:3.71935 train_time:897.935s step_avg:1205.28ms
step:746/3300 train_loss:3.75159 train_time:899.135s step_avg:1205.27ms
step:747/3300 train_loss:3.71972 train_time:900.333s step_avg:1205.27ms
step:748/3300 train_loss:3.76408 train_time:901.558s step_avg:1205.29ms
step:749/3300 train_loss:3.68850 train_time:902.753s step_avg:1205.28ms
step:750/3300 train_loss:3.76789 train_time:903.951s step_avg:1205.27ms
step:750/3300 val_loss:3.72089 train_time:903.951s step_avg:1200.07ms
step:751/3300 train_loss:3.69863 train_time:905.149s step_avg:1205.26ms
step:752/3300 train_loss:3.74329 train_time:906.340s step_avg:1205.24ms
step:753/3300 train_loss:3.74037 train_time:907.542s step_avg:1205.24ms
step:754/3300 train_loss:3.82405 train_time:908.744s step_avg:1205.23ms
step:755/3300 train_loss:3.76987 train_time:909.944s step_avg:1205.22ms
step:756/3300 train_loss:3.82437 train_time:911.143s step_avg:1205.22ms
step:757/3300 train_loss:3.73864 train_time:912.341s step_avg:1205.21ms
step:758/3300 train_loss:3.74539 train_time:913.541s step_avg:1205.20ms
step:759/3300 train_loss:3.70104 train_time:914.739s step_avg:1205.19ms
step:760/3300 train_loss:3.75198 train_time:915.938s step_avg:1205.18ms
step:761/3300 train_loss:3.69747 train_time:917.165s step_avg:1205.21ms
step:762/3300 train_loss:3.69160 train_time:918.363s step_avg:1205.20ms
step:763/3300 train_loss:3.74989 train_time:919.572s step_avg:1205.21ms
step:764/3300 train_loss:3.71373 train_time:920.772s step_avg:1205.20ms
step:765/3300 train_loss:3.87001 train_time:921.969s step_avg:1205.19ms
step:766/3300 train_loss:3.80709 train_time:923.177s step_avg:1205.19ms
step:767/3300 train_loss:3.76232 train_time:924.374s step_avg:1205.18ms
step:768/3300 train_loss:3.81511 train_time:925.567s step_avg:1205.17ms
step:769/3300 train_loss:3.87968 train_time:926.765s step_avg:1205.16ms
step:770/3300 train_loss:3.72370 train_time:927.962s step_avg:1205.15ms
step:771/3300 train_loss:3.77398 train_time:929.167s step_avg:1205.15ms
step:772/3300 train_loss:3.69589 train_time:930.369s step_avg:1205.14ms
step:773/3300 train_loss:3.74234 train_time:931.560s step_avg:1205.12ms
step:774/3300 train_loss:3.74788 train_time:932.758s step_avg:1205.11ms
step:775/3300 train_loss:3.75101 train_time:933.956s step_avg:1205.10ms
step:776/3300 train_loss:3.67897 train_time:935.155s step_avg:1205.10ms
step:777/3300 train_loss:3.70767 train_time:936.350s step_avg:1205.08ms
step:778/3300 train_loss:3.76120 train_time:937.547s step_avg:1205.07ms
step:779/3300 train_loss:3.71116 train_time:938.750s step_avg:1205.07ms
step:780/3300 train_loss:3.72702 train_time:939.953s step_avg:1205.07ms
step:781/3300 train_loss:3.71468 train_time:941.145s step_avg:1205.05ms
step:782/3300 train_loss:3.73041 train_time:942.345s step_avg:1205.05ms
step:783/3300 train_loss:3.70458 train_time:943.547s step_avg:1205.04ms
step:784/3300 train_loss:3.71534 train_time:944.747s step_avg:1205.03ms
step:785/3300 train_loss:3.66544 train_time:945.944s step_avg:1205.02ms
step:786/3300 train_loss:3.72766 train_time:947.146s step_avg:1205.02ms
step:787/3300 train_loss:3.73729 train_time:948.345s step_avg:1205.01ms
step:788/3300 train_loss:3.70438 train_time:949.547s step_avg:1205.01ms
step:789/3300 train_loss:3.78349 train_time:950.747s step_avg:1205.00ms
step:790/3300 train_loss:3.72435 train_time:951.952s step_avg:1205.00ms
step:791/3300 train_loss:3.81826 train_time:953.147s step_avg:1204.99ms
step:792/3300 train_loss:3.78181 train_time:954.353s step_avg:1204.99ms
step:793/3300 train_loss:3.71147 train_time:955.541s step_avg:1204.97ms
step:794/3300 train_loss:4.05619 train_time:956.738s step_avg:1204.96ms
step:795/3300 train_loss:3.71457 train_time:957.937s step_avg:1204.95ms
step:796/3300 train_loss:3.74437 train_time:959.145s step_avg:1204.96ms
step:797/3300 train_loss:3.73170 train_time:960.345s step_avg:1204.95ms
step:798/3300 train_loss:3.79565 train_time:961.544s step_avg:1204.94ms
step:799/3300 train_loss:3.73105 train_time:962.746s step_avg:1204.94ms
step:800/3300 train_loss:3.72804 train_time:963.947s step_avg:1204.93ms
step:801/3300 train_loss:3.86875 train_time:965.156s step_avg:1204.94ms
step:802/3300 train_loss:3.70245 train_time:966.348s step_avg:1204.92ms
step:803/3300 train_loss:3.72266 train_time:967.548s step_avg:1204.92ms
step:804/3300 train_loss:3.72438 train_time:968.746s step_avg:1204.91ms
step:805/3300 train_loss:3.73548 train_time:969.948s step_avg:1204.90ms
step:806/3300 train_loss:3.72748 train_time:971.185s step_avg:1204.94ms
step:807/3300 train_loss:3.69947 train_time:972.390s step_avg:1204.94ms
step:808/3300 train_loss:3.72450 train_time:973.586s step_avg:1204.93ms
step:809/3300 train_loss:3.71996 train_time:974.785s step_avg:1204.93ms
step:810/3300 train_loss:3.73729 train_time:975.979s step_avg:1204.91ms
step:811/3300 train_loss:3.73133 train_time:977.174s step_avg:1204.90ms
step:812/3300 train_loss:3.81957 train_time:978.369s step_avg:1204.89ms
step:813/3300 train_loss:3.78882 train_time:979.572s step_avg:1204.89ms
step:814/3300 train_loss:3.71256 train_time:980.766s step_avg:1204.87ms
step:815/3300 train_loss:3.73610 train_time:981.982s step_avg:1204.89ms
step:816/3300 train_loss:3.71555 train_time:983.181s step_avg:1204.88ms
step:817/3300 train_loss:3.75164 train_time:984.381s step_avg:1204.87ms
step:818/3300 train_loss:3.68747 train_time:985.625s step_avg:1204.92ms
step:819/3300 train_loss:3.67772 train_time:986.823s step_avg:1204.91ms
step:820/3300 train_loss:3.69292 train_time:988.021s step_avg:1204.90ms
step:821/3300 train_loss:3.73295 train_time:989.218s step_avg:1204.89ms
step:822/3300 train_loss:3.66167 train_time:990.421s step_avg:1204.89ms
step:823/3300 train_loss:3.65175 train_time:991.662s step_avg:1204.94ms
step:824/3300 train_loss:3.71370 train_time:992.852s step_avg:1204.92ms
step:825/3300 train_loss:3.62290 train_time:994.060s step_avg:1204.92ms
step:826/3300 train_loss:3.67412 train_time:995.261s step_avg:1204.92ms
step:827/3300 train_loss:3.71557 train_time:996.460s step_avg:1204.91ms
step:828/3300 train_loss:3.68762 train_time:997.658s step_avg:1204.90ms
step:829/3300 train_loss:3.73335 train_time:998.852s step_avg:1204.89ms
step:830/3300 train_loss:3.75577 train_time:1000.072s step_avg:1204.91ms
step:831/3300 train_loss:3.81423 train_time:1001.288s step_avg:1204.92ms
step:832/3300 train_loss:3.72757 train_time:1002.490s step_avg:1204.92ms
step:833/3300 train_loss:3.70556 train_time:1003.689s step_avg:1204.91ms
step:834/3300 train_loss:3.70326 train_time:1004.887s step_avg:1204.90ms
step:835/3300 train_loss:3.66855 train_time:1006.085s step_avg:1204.89ms
step:836/3300 train_loss:3.70079 train_time:1007.288s step_avg:1204.89ms
step:837/3300 train_loss:3.67782 train_time:1008.488s step_avg:1204.88ms
step:838/3300 train_loss:3.75569 train_time:1009.684s step_avg:1204.87ms
step:839/3300 train_loss:3.71021 train_time:1010.887s step_avg:1204.87ms
step:840/3300 train_loss:3.69706 train_time:1012.098s step_avg:1204.88ms
step:841/3300 train_loss:3.72185 train_time:1013.289s step_avg:1204.86ms
step:842/3300 train_loss:3.67561 train_time:1014.503s step_avg:1204.87ms
step:843/3300 train_loss:3.70671 train_time:1015.701s step_avg:1204.86ms
step:844/3300 train_loss:3.73634 train_time:1016.902s step_avg:1204.86ms
step:845/3300 train_loss:3.72278 train_time:1018.106s step_avg:1204.86ms
step:846/3300 train_loss:3.70392 train_time:1019.331s step_avg:1204.88ms
step:847/3300 train_loss:3.69037 train_time:1020.534s step_avg:1204.88ms
step:848/3300 train_loss:3.75091 train_time:1021.729s step_avg:1204.87ms
step:849/3300 train_loss:3.69242 train_time:1022.927s step_avg:1204.86ms
step:850/3300 train_loss:3.76871 train_time:1024.126s step_avg:1204.85ms
step:851/3300 train_loss:3.70412 train_time:1025.327s step_avg:1204.85ms
step:852/3300 train_loss:3.70984 train_time:1026.526s step_avg:1204.84ms
step:853/3300 train_loss:3.70411 train_time:1027.724s step_avg:1204.83ms
step:854/3300 train_loss:3.67386 train_time:1028.933s step_avg:1204.84ms
step:855/3300 train_loss:3.72790 train_time:1030.144s step_avg:1204.85ms
step:856/3300 train_loss:3.75356 train_time:1031.339s step_avg:1204.83ms
step:857/3300 train_loss:3.66139 train_time:1032.533s step_avg:1204.82ms
step:858/3300 train_loss:3.68982 train_time:1033.731s step_avg:1204.81ms
step:859/3300 train_loss:3.71065 train_time:1034.931s step_avg:1204.81ms
step:860/3300 train_loss:3.67774 train_time:1036.130s step_avg:1204.80ms
step:861/3300 train_loss:3.68133 train_time:1037.332s step_avg:1204.80ms
step:862/3300 train_loss:3.65627 train_time:1038.532s step_avg:1204.79ms
step:863/3300 train_loss:3.71648 train_time:1039.741s step_avg:1204.80ms
step:864/3300 train_loss:3.71324 train_time:1040.940s step_avg:1204.79ms
step:865/3300 train_loss:3.81798 train_time:1042.134s step_avg:1204.78ms
step:866/3300 train_loss:3.73806 train_time:1043.332s step_avg:1204.77ms
step:867/3300 train_loss:3.68802 train_time:1044.533s step_avg:1204.77ms
step:868/3300 train_loss:3.64685 train_time:1045.744s step_avg:1204.77ms
step:869/3300 train_loss:3.67706 train_time:1046.946s step_avg:1204.77ms
step:870/3300 train_loss:3.71163 train_time:1048.146s step_avg:1204.77ms
step:871/3300 train_loss:3.67794 train_time:1049.349s step_avg:1204.76ms
step:872/3300 train_loss:3.72428 train_time:1050.555s step_avg:1204.76ms
step:873/3300 train_loss:3.69867 train_time:1051.766s step_avg:1204.77ms
step:874/3300 train_loss:3.65546 train_time:1052.986s step_avg:1204.79ms
step:875/3300 train_loss:3.69170 train_time:1054.181s step_avg:1204.78ms
step:875/3300 val_loss:3.67799 train_time:1054.182s step_avg:1201.85ms
step:876/3300 train_loss:3.73751 train_time:1055.392s step_avg:1204.79ms
step:877/3300 train_loss:3.68128 train_time:1056.596s step_avg:1204.78ms
step:878/3300 train_loss:3.74640 train_time:1057.800s step_avg:1204.78ms
step:879/3300 train_loss:3.69493 train_time:1058.992s step_avg:1204.77ms
step:880/3300 train_loss:3.66016 train_time:1060.191s step_avg:1204.76ms
step:881/3300 train_loss:3.68763 train_time:1061.386s step_avg:1204.75ms
step:882/3300 train_loss:3.70287 train_time:1062.586s step_avg:1204.75ms
step:883/3300 train_loss:3.70519 train_time:1063.780s step_avg:1204.73ms
step:884/3300 train_loss:3.69478 train_time:1064.990s step_avg:1204.74ms
step:885/3300 train_loss:3.66684 train_time:1066.201s step_avg:1204.75ms
step:886/3300 train_loss:3.69409 train_time:1067.395s step_avg:1204.73ms
step:887/3300 train_loss:3.81874 train_time:1068.591s step_avg:1204.72ms
step:888/3300 train_loss:3.71031 train_time:1069.789s step_avg:1204.72ms
step:889/3300 train_loss:3.64456 train_time:1070.979s step_avg:1204.70ms
step:890/3300 train_loss:3.62254 train_time:1072.184s step_avg:1204.70ms
step:891/3300 train_loss:3.68754 train_time:1073.392s step_avg:1204.70ms
step:892/3300 train_loss:3.72552 train_time:1074.591s step_avg:1204.70ms
step:893/3300 train_loss:3.62201 train_time:1075.788s step_avg:1204.69ms
step:894/3300 train_loss:3.71344 train_time:1076.995s step_avg:1204.69ms
step:895/3300 train_loss:3.70811 train_time:1078.197s step_avg:1204.69ms
step:896/3300 train_loss:3.70103 train_time:1079.394s step_avg:1204.68ms
step:897/3300 train_loss:3.69509 train_time:1080.595s step_avg:1204.68ms
step:898/3300 train_loss:3.73675 train_time:1081.798s step_avg:1204.67ms
step:899/3300 train_loss:3.69548 train_time:1082.997s step_avg:1204.67ms
step:900/3300 train_loss:3.63699 train_time:1084.195s step_avg:1204.66ms
step:901/3300 train_loss:3.68004 train_time:1085.396s step_avg:1204.66ms
step:902/3300 train_loss:3.98193 train_time:1086.602s step_avg:1204.66ms
step:903/3300 train_loss:3.67385 train_time:1087.807s step_avg:1204.66ms
step:904/3300 train_loss:3.68004 train_time:1088.998s step_avg:1204.64ms
step:905/3300 train_loss:3.73421 train_time:1090.193s step_avg:1204.63ms
step:906/3300 train_loss:3.73526 train_time:1091.391s step_avg:1204.63ms
step:907/3300 train_loss:3.66334 train_time:1092.606s step_avg:1204.64ms
step:908/3300 train_loss:3.72402 train_time:1093.812s step_avg:1204.64ms
step:909/3300 train_loss:3.82509 train_time:1095.010s step_avg:1204.63ms
step:910/3300 train_loss:3.64904 train_time:1096.213s step_avg:1204.63ms
step:911/3300 train_loss:3.69813 train_time:1097.414s step_avg:1204.63ms
step:912/3300 train_loss:3.65074 train_time:1098.615s step_avg:1204.62ms
step:913/3300 train_loss:3.68191 train_time:1099.809s step_avg:1204.61ms
step:914/3300 train_loss:3.75578 train_time:1101.011s step_avg:1204.61ms
step:915/3300 train_loss:3.70371 train_time:1102.210s step_avg:1204.60ms
step:916/3300 train_loss:3.79248 train_time:1103.420s step_avg:1204.61ms
step:917/3300 train_loss:3.68444 train_time:1104.629s step_avg:1204.61ms
step:918/3300 train_loss:3.83565 train_time:1105.822s step_avg:1204.60ms
step:919/3300 train_loss:3.69365 train_time:1107.039s step_avg:1204.61ms
step:920/3300 train_loss:3.72844 train_time:1108.240s step_avg:1204.61ms
step:921/3300 train_loss:3.64469 train_time:1109.435s step_avg:1204.60ms
step:922/3300 train_loss:3.66626 train_time:1110.637s step_avg:1204.60ms
step:923/3300 train_loss:3.64615 train_time:1111.848s step_avg:1204.60ms
step:924/3300 train_loss:3.69649 train_time:1113.042s step_avg:1204.59ms
step:925/3300 train_loss:3.69233 train_time:1114.250s step_avg:1204.59ms
step:926/3300 train_loss:3.71951 train_time:1115.442s step_avg:1204.58ms
step:927/3300 train_loss:3.65592 train_time:1116.649s step_avg:1204.58ms
step:928/3300 train_loss:3.68060 train_time:1117.840s step_avg:1204.57ms
step:929/3300 train_loss:3.80242 train_time:1119.040s step_avg:1204.56ms
step:930/3300 train_loss:3.65647 train_time:1120.240s step_avg:1204.56ms
step:931/3300 train_loss:3.65607 train_time:1121.448s step_avg:1204.56ms
step:932/3300 train_loss:3.82100 train_time:1122.647s step_avg:1204.56ms
step:933/3300 train_loss:3.65034 train_time:1123.850s step_avg:1204.56ms
step:934/3300 train_loss:3.78473 train_time:1125.055s step_avg:1204.56ms
step:935/3300 train_loss:3.71765 train_time:1126.251s step_avg:1204.55ms
step:936/3300 train_loss:3.68100 train_time:1127.456s step_avg:1204.55ms
step:937/3300 train_loss:3.63346 train_time:1128.655s step_avg:1204.54ms
step:938/3300 train_loss:3.70200 train_time:1129.857s step_avg:1204.54ms
step:939/3300 train_loss:3.66442 train_time:1131.058s step_avg:1204.53ms
step:940/3300 train_loss:3.64420 train_time:1132.261s step_avg:1204.53ms
step:941/3300 train_loss:3.76746 train_time:1133.471s step_avg:1204.54ms
step:942/3300 train_loss:3.66087 train_time:1134.662s step_avg:1204.52ms
step:943/3300 train_loss:3.72926 train_time:1135.864s step_avg:1204.52ms
step:944/3300 train_loss:3.71669 train_time:1137.064s step_avg:1204.52ms
step:945/3300 train_loss:3.68650 train_time:1138.266s step_avg:1204.51ms
step:946/3300 train_loss:3.85655 train_time:1139.462s step_avg:1204.51ms
step:947/3300 train_loss:3.71929 train_time:1140.665s step_avg:1204.50ms
step:948/3300 train_loss:3.65565 train_time:1141.866s step_avg:1204.50ms
step:949/3300 train_loss:3.68262 train_time:1143.073s step_avg:1204.50ms
step:950/3300 train_loss:3.68028 train_time:1144.281s step_avg:1204.51ms
step:951/3300 train_loss:3.65810 train_time:1145.519s step_avg:1204.54ms
step:952/3300 train_loss:3.72355 train_time:1146.728s step_avg:1204.55ms
step:953/3300 train_loss:3.65036 train_time:1147.926s step_avg:1204.54ms
step:954/3300 train_loss:3.68366 train_time:1149.122s step_avg:1204.53ms
step:955/3300 train_loss:3.70586 train_time:1150.318s step_avg:1204.52ms
step:956/3300 train_loss:3.69409 train_time:1151.510s step_avg:1204.51ms
step:957/3300 train_loss:3.76279 train_time:1152.705s step_avg:1204.50ms
step:958/3300 train_loss:3.72338 train_time:1153.901s step_avg:1204.49ms
step:959/3300 train_loss:3.72375 train_time:1155.097s step_avg:1204.48ms
step:960/3300 train_loss:3.64802 train_time:1156.293s step_avg:1204.47ms
step:961/3300 train_loss:3.67990 train_time:1157.479s step_avg:1204.45ms
step:962/3300 train_loss:3.65578 train_time:1158.679s step_avg:1204.45ms
step:963/3300 train_loss:3.65957 train_time:1159.873s step_avg:1204.44ms
step:964/3300 train_loss:3.64751 train_time:1161.063s step_avg:1204.42ms
step:965/3300 train_loss:3.69053 train_time:1162.262s step_avg:1204.42ms
step:966/3300 train_loss:3.69476 train_time:1163.457s step_avg:1204.41ms
step:967/3300 train_loss:3.70229 train_time:1164.648s step_avg:1204.39ms
step:968/3300 train_loss:3.67518 train_time:1165.841s step_avg:1204.38ms
step:969/3300 train_loss:3.66020 train_time:1167.038s step_avg:1204.37ms
step:970/3300 train_loss:3.65950 train_time:1168.225s step_avg:1204.36ms
step:971/3300 train_loss:3.64715 train_time:1169.418s step_avg:1204.34ms
step:972/3300 train_loss:3.66904 train_time:1170.608s step_avg:1204.33ms
step:973/3300 train_loss:3.72666 train_time:1171.803s step_avg:1204.32ms
step:974/3300 train_loss:3.67068 train_time:1173.001s step_avg:1204.31ms
step:975/3300 train_loss:3.71042 train_time:1174.209s step_avg:1204.32ms
step:976/3300 train_loss:3.68361 train_time:1175.419s step_avg:1204.32ms
step:977/3300 train_loss:3.65516 train_time:1176.616s step_avg:1204.32ms
step:978/3300 train_loss:3.63115 train_time:1177.807s step_avg:1204.30ms
step:979/3300 train_loss:3.69676 train_time:1179.002s step_avg:1204.29ms
step:980/3300 train_loss:3.66289 train_time:1180.197s step_avg:1204.28ms
step:981/3300 train_loss:3.68939 train_time:1181.385s step_avg:1204.27ms
step:982/3300 train_loss:3.68889 train_time:1182.581s step_avg:1204.26ms
step:983/3300 train_loss:3.67117 train_time:1183.775s step_avg:1204.25ms
step:984/3300 train_loss:3.75444 train_time:1184.965s step_avg:1204.23ms
step:985/3300 train_loss:3.73226 train_time:1186.175s step_avg:1204.24ms
step:986/3300 train_loss:3.66500 train_time:1187.370s step_avg:1204.23ms
step:987/3300 train_loss:3.69126 train_time:1188.569s step_avg:1204.22ms
step:988/3300 train_loss:3.61639 train_time:1189.768s step_avg:1204.22ms
step:989/3300 train_loss:3.65369 train_time:1190.967s step_avg:1204.21ms
step:990/3300 train_loss:3.67026 train_time:1192.166s step_avg:1204.21ms
step:991/3300 train_loss:3.66905 train_time:1193.365s step_avg:1204.20ms
step:992/3300 train_loss:3.66386 train_time:1194.565s step_avg:1204.20ms
step:993/3300 train_loss:3.65488 train_time:1195.763s step_avg:1204.19ms
step:994/3300 train_loss:3.63939 train_time:1196.969s step_avg:1204.19ms
step:995/3300 train_loss:3.72188 train_time:1198.177s step_avg:1204.20ms
step:996/3300 train_loss:3.62404 train_time:1199.370s step_avg:1204.19ms
step:997/3300 train_loss:3.67596 train_time:1200.571s step_avg:1204.18ms
step:998/3300 train_loss:3.69910 train_time:1201.790s step_avg:1204.20ms
step:999/3300 train_loss:3.70732 train_time:1203.005s step_avg:1204.21ms
step:1000/3300 train_loss:3.70161 train_time:1204.208s step_avg:1204.21ms
step:1000/3300 val_loss:3.64379 train_time:1204.208s step_avg:1200.21ms
step:1001/3300 train_loss:3.61924 train_time:1205.409s step_avg:1204.20ms
step:1002/3300 train_loss:3.68076 train_time:1206.607s step_avg:1204.20ms
step:1003/3300 train_loss:3.68603 train_time:1207.803s step_avg:1204.19ms
step:1004/3300 train_loss:3.70094 train_time:1209.010s step_avg:1204.19ms
step:1005/3300 train_loss:3.67218 train_time:1210.208s step_avg:1204.19ms
step:1006/3300 train_loss:3.62381 train_time:1211.407s step_avg:1204.18ms
step:1007/3300 train_loss:3.69442 train_time:1212.603s step_avg:1204.17ms
step:1008/3300 train_loss:3.72118 train_time:1213.809s step_avg:1204.18ms
step:1009/3300 train_loss:3.71739 train_time:1215.005s step_avg:1204.17ms
step:1010/3300 train_loss:3.64611 train_time:1216.203s step_avg:1204.16ms
step:1011/3300 train_loss:3.68165 train_time:1217.397s step_avg:1204.15ms
step:1012/3300 train_loss:3.58956 train_time:1218.606s step_avg:1204.16ms
step:1013/3300 train_loss:3.67777 train_time:1219.803s step_avg:1204.15ms
step:1014/3300 train_loss:3.69234 train_time:1221.001s step_avg:1204.14ms
step:1015/3300 train_loss:3.65749 train_time:1222.207s step_avg:1204.14ms
step:1016/3300 train_loss:3.67287 train_time:1223.409s step_avg:1204.14ms
step:1017/3300 train_loss:3.64249 train_time:1224.605s step_avg:1204.13ms
step:1018/3300 train_loss:3.67069 train_time:1225.807s step_avg:1204.13ms
step:1019/3300 train_loss:3.68003 train_time:1227.004s step_avg:1204.13ms
step:1020/3300 train_loss:3.67858 train_time:1228.205s step_avg:1204.12ms
step:1021/3300 train_loss:3.67364 train_time:1229.404s step_avg:1204.12ms
step:1022/3300 train_loss:3.69123 train_time:1230.606s step_avg:1204.12ms
step:1023/3300 train_loss:3.67178 train_time:1231.810s step_avg:1204.12ms
step:1024/3300 train_loss:3.68122 train_time:1233.006s step_avg:1204.11ms
step:1025/3300 train_loss:3.64372 train_time:1234.207s step_avg:1204.10ms
step:1026/3300 train_loss:3.66084 train_time:1235.405s step_avg:1204.10ms
step:1027/3300 train_loss:3.65577 train_time:1236.604s step_avg:1204.09ms
step:1028/3300 train_loss:3.66739 train_time:1237.799s step_avg:1204.09ms
step:1029/3300 train_loss:3.72917 train_time:1239.000s step_avg:1204.08ms
step:1030/3300 train_loss:3.66247 train_time:1240.213s step_avg:1204.09ms
step:1031/3300 train_loss:3.62278 train_time:1241.509s step_avg:1204.18ms
step:1032/3300 train_loss:3.68333 train_time:1242.705s step_avg:1204.17ms
step:1033/3300 train_loss:3.67253 train_time:1243.916s step_avg:1204.18ms
step:1034/3300 train_loss:3.64980 train_time:1245.114s step_avg:1204.17ms
step:1035/3300 train_loss:3.64877 train_time:1246.305s step_avg:1204.16ms
step:1036/3300 train_loss:3.87767 train_time:1247.505s step_avg:1204.16ms
step:1037/3300 train_loss:3.66841 train_time:1248.711s step_avg:1204.16ms
step:1038/3300 train_loss:3.67433 train_time:1249.903s step_avg:1204.15ms
step:1039/3300 train_loss:3.68155 train_time:1251.101s step_avg:1204.14ms
step:1040/3300 train_loss:3.64591 train_time:1252.313s step_avg:1204.15ms
step:1041/3300 train_loss:3.64572 train_time:1253.508s step_avg:1204.14ms
step:1042/3300 train_loss:3.70821 train_time:1254.725s step_avg:1204.15ms
step:1043/3300 train_loss:3.67181 train_time:1255.928s step_avg:1204.15ms
step:1044/3300 train_loss:3.58380 train_time:1257.127s step_avg:1204.14ms
step:1045/3300 train_loss:3.66121 train_time:1258.325s step_avg:1204.14ms
step:1046/3300 train_loss:3.66158 train_time:1259.525s step_avg:1204.14ms
step:1047/3300 train_loss:3.73868 train_time:1260.728s step_avg:1204.13ms
step:1048/3300 train_loss:3.63055 train_time:1261.933s step_avg:1204.13ms
step:1049/3300 train_loss:3.61257 train_time:1263.126s step_avg:1204.12ms
step:1050/3300 train_loss:3.75413 train_time:1264.336s step_avg:1204.13ms
step:1051/3300 train_loss:3.65998 train_time:1265.532s step_avg:1204.12ms
step:1052/3300 train_loss:3.63966 train_time:1266.727s step_avg:1204.11ms
step:1053/3300 train_loss:3.67382 train_time:1267.930s step_avg:1204.11ms
step:1054/3300 train_loss:3.59621 train_time:1269.144s step_avg:1204.12ms
step:1055/3300 train_loss:3.61893 train_time:1270.347s step_avg:1204.12ms
step:1056/3300 train_loss:3.61703 train_time:1271.551s step_avg:1204.12ms
step:1057/3300 train_loss:3.66016 train_time:1272.750s step_avg:1204.11ms
step:1058/3300 train_loss:3.65011 train_time:1273.951s step_avg:1204.11ms
step:1059/3300 train_loss:3.68963 train_time:1275.154s step_avg:1204.11ms
step:1060/3300 train_loss:3.57746 train_time:1276.345s step_avg:1204.10ms
step:1061/3300 train_loss:3.71920 train_time:1277.545s step_avg:1204.09ms
step:1062/3300 train_loss:3.64979 train_time:1278.749s step_avg:1204.10ms
step:1063/3300 train_loss:3.61805 train_time:1279.956s step_avg:1204.10ms
step:1064/3300 train_loss:3.67380 train_time:1281.151s step_avg:1204.09ms
step:1065/3300 train_loss:3.60539 train_time:1282.360s step_avg:1204.09ms
step:1066/3300 train_loss:3.64093 train_time:1283.564s step_avg:1204.09ms
step:1067/3300 train_loss:3.65446 train_time:1284.780s step_avg:1204.10ms
step:1068/3300 train_loss:3.67089 train_time:1285.988s step_avg:1204.11ms
step:1069/3300 train_loss:3.65518 train_time:1287.189s step_avg:1204.11ms
step:1070/3300 train_loss:3.66785 train_time:1288.392s step_avg:1204.10ms
step:1071/3300 train_loss:3.59092 train_time:1289.591s step_avg:1204.10ms
step:1072/3300 train_loss:3.68211 train_time:1290.804s step_avg:1204.11ms
step:1073/3300 train_loss:3.57056 train_time:1292.005s step_avg:1204.11ms
step:1074/3300 train_loss:3.66910 train_time:1293.203s step_avg:1204.10ms
step:1075/3300 train_loss:3.63231 train_time:1294.401s step_avg:1204.09ms
step:1076/3300 train_loss:3.70978 train_time:1295.615s step_avg:1204.10ms
step:1077/3300 train_loss:3.67000 train_time:1296.809s step_avg:1204.09ms
step:1078/3300 train_loss:3.61437 train_time:1298.010s step_avg:1204.09ms
step:1079/3300 train_loss:3.64973 train_time:1299.208s step_avg:1204.09ms
step:1080/3300 train_loss:3.64493 train_time:1300.409s step_avg:1204.08ms
step:1081/3300 train_loss:3.62267 train_time:1301.607s step_avg:1204.08ms
step:1082/3300 train_loss:3.62550 train_time:1302.802s step_avg:1204.07ms
step:1083/3300 train_loss:3.65770 train_time:1304.004s step_avg:1204.07ms
step:1084/3300 train_loss:3.62763 train_time:1305.210s step_avg:1204.07ms
step:1085/3300 train_loss:3.64312 train_time:1306.410s step_avg:1204.06ms
step:1086/3300 train_loss:3.65385 train_time:1307.601s step_avg:1204.05ms
step:1087/3300 train_loss:3.62925 train_time:1308.809s step_avg:1204.06ms
step:1088/3300 train_loss:3.61440 train_time:1310.026s step_avg:1204.07ms
step:1089/3300 train_loss:3.60665 train_time:1311.225s step_avg:1204.06ms
step:1090/3300 train_loss:3.66482 train_time:1312.423s step_avg:1204.06ms
step:1091/3300 train_loss:3.64020 train_time:1313.644s step_avg:1204.07ms
step:1092/3300 train_loss:3.59791 train_time:1314.853s step_avg:1204.08ms
step:1093/3300 train_loss:3.64534 train_time:1316.055s step_avg:1204.08ms
step:1094/3300 train_loss:3.67646 train_time:1317.250s step_avg:1204.07ms
step:1095/3300 train_loss:3.58219 train_time:1318.451s step_avg:1204.06ms
step:1096/3300 train_loss:3.61019 train_time:1319.668s step_avg:1204.08ms
step:1097/3300 train_loss:3.67518 train_time:1320.869s step_avg:1204.07ms
step:1098/3300 train_loss:3.68216 train_time:1322.071s step_avg:1204.07ms
step:1099/3300 train_loss:3.67939 train_time:1323.269s step_avg:1204.07ms
step:1100/3300 train_loss:3.65400 train_time:1324.482s step_avg:1204.07ms
step:1101/3300 train_loss:3.65756 train_time:1325.670s step_avg:1204.06ms
step:1102/3300 train_loss:3.65682 train_time:1326.865s step_avg:1204.05ms
step:1103/3300 train_loss:3.65026 train_time:1328.061s step_avg:1204.04ms
step:1104/3300 train_loss:3.70385 train_time:1329.248s step_avg:1204.03ms
step:1105/3300 train_loss:3.75368 train_time:1330.445s step_avg:1204.02ms
step:1106/3300 train_loss:3.67679 train_time:1331.650s step_avg:1204.02ms
step:1107/3300 train_loss:3.67397 train_time:1332.848s step_avg:1204.02ms
step:1108/3300 train_loss:3.62278 train_time:1334.047s step_avg:1204.01ms
step:1109/3300 train_loss:3.63408 train_time:1335.255s step_avg:1204.02ms
step:1110/3300 train_loss:3.58887 train_time:1336.450s step_avg:1204.01ms
step:1111/3300 train_loss:3.54522 train_time:1337.652s step_avg:1204.01ms
step:1112/3300 train_loss:3.58486 train_time:1338.851s step_avg:1204.00ms
step:1113/3300 train_loss:3.68801 train_time:1340.052s step_avg:1204.00ms
step:1114/3300 train_loss:3.65789 train_time:1341.254s step_avg:1204.00ms
step:1115/3300 train_loss:3.68434 train_time:1342.452s step_avg:1203.99ms
step:1116/3300 train_loss:3.69794 train_time:1343.672s step_avg:1204.01ms
step:1117/3300 train_loss:3.70651 train_time:1344.872s step_avg:1204.00ms
step:1118/3300 train_loss:3.63304 train_time:1346.073s step_avg:1204.00ms
step:1119/3300 train_loss:3.62422 train_time:1347.271s step_avg:1204.00ms
step:1120/3300 train_loss:3.71823 train_time:1348.473s step_avg:1203.99ms
step:1121/3300 train_loss:3.65251 train_time:1349.674s step_avg:1203.99ms
step:1122/3300 train_loss:3.58643 train_time:1350.870s step_avg:1203.98ms
step:1123/3300 train_loss:3.61368 train_time:1352.071s step_avg:1203.98ms
step:1124/3300 train_loss:3.63316 train_time:1353.271s step_avg:1203.98ms
step:1125/3300 train_loss:3.64958 train_time:1354.471s step_avg:1203.97ms
step:1125/3300 val_loss:3.61363 train_time:1354.471s step_avg:1202.10ms
step:1126/3300 train_loss:3.59765 train_time:1355.665s step_avg:1203.97ms
step:1127/3300 train_loss:3.68192 train_time:1356.863s step_avg:1203.96ms
step:1128/3300 train_loss:3.62659 train_time:1358.068s step_avg:1203.96ms
step:1129/3300 train_loss:3.62681 train_time:1359.259s step_avg:1203.95ms
step:1130/3300 train_loss:3.61089 train_time:1360.457s step_avg:1203.94ms
step:1131/3300 train_loss:3.63660 train_time:1361.687s step_avg:1203.97ms
step:1132/3300 train_loss:3.63253 train_time:1362.879s step_avg:1203.96ms
step:1133/3300 train_loss:3.68660 train_time:1364.079s step_avg:1203.95ms
step:1134/3300 train_loss:3.64546 train_time:1365.275s step_avg:1203.95ms
step:1135/3300 train_loss:3.67031 train_time:1366.494s step_avg:1203.96ms
step:1136/3300 train_loss:3.61451 train_time:1367.701s step_avg:1203.96ms
step:1137/3300 train_loss:3.72798 train_time:1368.899s step_avg:1203.96ms
step:1138/3300 train_loss:3.60010 train_time:1370.096s step_avg:1203.95ms
step:1139/3300 train_loss:3.64345 train_time:1371.294s step_avg:1203.95ms
step:1140/3300 train_loss:3.62348 train_time:1372.524s step_avg:1203.97ms
step:1141/3300 train_loss:3.68537 train_time:1373.748s step_avg:1203.99ms
step:1142/3300 train_loss:3.63206 train_time:1374.957s step_avg:1203.99ms
step:1143/3300 train_loss:3.60954 train_time:1376.159s step_avg:1203.99ms
step:1144/3300 train_loss:3.62003 train_time:1377.360s step_avg:1203.99ms
step:1145/3300 train_loss:3.66617 train_time:1378.556s step_avg:1203.98ms
step:1146/3300 train_loss:3.71534 train_time:1379.756s step_avg:1203.98ms
step:1147/3300 train_loss:3.65916 train_time:1380.971s step_avg:1203.99ms
step:1148/3300 train_loss:3.70009 train_time:1382.164s step_avg:1203.98ms
step:1149/3300 train_loss:3.60445 train_time:1383.362s step_avg:1203.97ms
step:1150/3300 train_loss:3.58744 train_time:1384.558s step_avg:1203.96ms
step:1151/3300 train_loss:3.61263 train_time:1385.756s step_avg:1203.96ms
step:1152/3300 train_loss:3.69438 train_time:1386.954s step_avg:1203.95ms
step:1153/3300 train_loss:3.59427 train_time:1388.179s step_avg:1203.97ms
step:1154/3300 train_loss:3.63377 train_time:1389.378s step_avg:1203.97ms
step:1155/3300 train_loss:3.67557 train_time:1390.575s step_avg:1203.96ms
step:1156/3300 train_loss:3.66353 train_time:1391.777s step_avg:1203.96ms
step:1157/3300 train_loss:3.62886 train_time:1392.985s step_avg:1203.96ms
step:1158/3300 train_loss:3.67661 train_time:1394.187s step_avg:1203.96ms
step:1159/3300 train_loss:3.63066 train_time:1395.380s step_avg:1203.95ms
step:1160/3300 train_loss:3.60512 train_time:1396.585s step_avg:1203.95ms
step:1161/3300 train_loss:3.54462 train_time:1397.783s step_avg:1203.95ms
step:1162/3300 train_loss:3.64986 train_time:1398.986s step_avg:1203.95ms
step:1163/3300 train_loss:3.61384 train_time:1400.184s step_avg:1203.94ms
step:1164/3300 train_loss:3.58723 train_time:1401.385s step_avg:1203.94ms
step:1165/3300 train_loss:3.62223 train_time:1402.591s step_avg:1203.94ms
step:1166/3300 train_loss:3.63531 train_time:1403.785s step_avg:1203.93ms
step:1167/3300 train_loss:3.64816 train_time:1404.983s step_avg:1203.93ms
step:1168/3300 train_loss:3.64446 train_time:1406.196s step_avg:1203.93ms
step:1169/3300 train_loss:3.58720 train_time:1407.392s step_avg:1203.93ms
step:1170/3300 train_loss:3.65529 train_time:1408.584s step_avg:1203.92ms
step:1171/3300 train_loss:3.56146 train_time:1409.784s step_avg:1203.91ms
step:1172/3300 train_loss:3.61674 train_time:1410.988s step_avg:1203.91ms
step:1173/3300 train_loss:3.77022 train_time:1412.183s step_avg:1203.91ms
step:1174/3300 train_loss:3.59388 train_time:1413.390s step_avg:1203.91ms
step:1175/3300 train_loss:3.61071 train_time:1414.581s step_avg:1203.90ms
step:1176/3300 train_loss:3.57269 train_time:1415.789s step_avg:1203.90ms
step:1177/3300 train_loss:3.62289 train_time:1416.984s step_avg:1203.89ms
step:1178/3300 train_loss:3.60503 train_time:1418.177s step_avg:1203.89ms
step:1179/3300 train_loss:3.69013 train_time:1419.375s step_avg:1203.88ms
step:1180/3300 train_loss:3.60744 train_time:1420.564s step_avg:1203.87ms
step:1181/3300 train_loss:3.58165 train_time:1421.762s step_avg:1203.86ms
step:1182/3300 train_loss:3.62103 train_time:1422.954s step_avg:1203.85ms
step:1183/3300 train_loss:3.60845 train_time:1424.144s step_avg:1203.84ms
step:1184/3300 train_loss:3.59020 train_time:1425.338s step_avg:1203.83ms
step:1185/3300 train_loss:3.64218 train_time:1426.538s step_avg:1203.83ms
step:1186/3300 train_loss:3.55786 train_time:1427.747s step_avg:1203.83ms
step:1187/3300 train_loss:3.64516 train_time:1428.944s step_avg:1203.83ms
step:1188/3300 train_loss:3.62860 train_time:1430.145s step_avg:1203.83ms
step:1189/3300 train_loss:3.62804 train_time:1431.344s step_avg:1203.82ms
step:1190/3300 train_loss:3.62980 train_time:1432.540s step_avg:1203.82ms
step:1191/3300 train_loss:3.75045 train_time:1433.743s step_avg:1203.81ms
step:1192/3300 train_loss:3.69800 train_time:1434.948s step_avg:1203.82ms
step:1193/3300 train_loss:3.59262 train_time:1436.144s step_avg:1203.81ms
step:1194/3300 train_loss:3.62607 train_time:1437.350s step_avg:1203.81ms
step:1195/3300 train_loss:3.61238 train_time:1438.545s step_avg:1203.80ms
step:1196/3300 train_loss:3.61100 train_time:1439.744s step_avg:1203.80ms
step:1197/3300 train_loss:3.69587 train_time:1440.955s step_avg:1203.81ms
step:1198/3300 train_loss:3.63742 train_time:1442.153s step_avg:1203.80ms
step:1199/3300 train_loss:3.59042 train_time:1443.346s step_avg:1203.79ms
step:1200/3300 train_loss:3.59764 train_time:1444.579s step_avg:1203.82ms
step:1201/3300 train_loss:3.63812 train_time:1445.770s step_avg:1203.80ms
step:1202/3300 train_loss:3.64538 train_time:1446.966s step_avg:1203.80ms
step:1203/3300 train_loss:3.57866 train_time:1448.164s step_avg:1203.79ms
step:1204/3300 train_loss:3.63865 train_time:1449.356s step_avg:1203.78ms
step:1205/3300 train_loss:3.63736 train_time:1450.542s step_avg:1203.77ms
step:1206/3300 train_loss:3.56433 train_time:1451.739s step_avg:1203.76ms
step:1207/3300 train_loss:3.66640 train_time:1452.940s step_avg:1203.76ms
step:1208/3300 train_loss:3.60377 train_time:1454.139s step_avg:1203.76ms
step:1209/3300 train_loss:3.60845 train_time:1455.340s step_avg:1203.76ms
step:1210/3300 train_loss:3.59089 train_time:1456.538s step_avg:1203.75ms
step:1211/3300 train_loss:3.65376 train_time:1457.731s step_avg:1203.74ms
step:1212/3300 train_loss:3.57848 train_time:1458.929s step_avg:1203.74ms
step:1213/3300 train_loss:3.60430 train_time:1460.126s step_avg:1203.73ms
step:1214/3300 train_loss:3.56495 train_time:1461.327s step_avg:1203.73ms
step:1215/3300 train_loss:3.60501 train_time:1462.526s step_avg:1203.73ms
step:1216/3300 train_loss:3.59094 train_time:1463.729s step_avg:1203.72ms
step:1217/3300 train_loss:3.58107 train_time:1464.927s step_avg:1203.72ms
step:1218/3300 train_loss:3.59321 train_time:1466.139s step_avg:1203.73ms
step:1219/3300 train_loss:3.69227 train_time:1467.332s step_avg:1203.72ms
step:1220/3300 train_loss:3.63821 train_time:1468.528s step_avg:1203.71ms
step:1221/3300 train_loss:3.59015 train_time:1469.725s step_avg:1203.71ms
step:1222/3300 train_loss:3.64676 train_time:1470.939s step_avg:1203.71ms
step:1223/3300 train_loss:3.59930 train_time:1472.151s step_avg:1203.72ms
step:1224/3300 train_loss:3.61960 train_time:1473.356s step_avg:1203.72ms
step:1225/3300 train_loss:3.57063 train_time:1474.554s step_avg:1203.72ms
step:1226/3300 train_loss:3.61682 train_time:1475.758s step_avg:1203.72ms
step:1227/3300 train_loss:3.60566 train_time:1476.955s step_avg:1203.71ms
step:1228/3300 train_loss:3.58751 train_time:1478.148s step_avg:1203.70ms
step:1229/3300 train_loss:3.60155 train_time:1479.346s step_avg:1203.70ms
step:1230/3300 train_loss:3.57620 train_time:1480.545s step_avg:1203.70ms
step:1231/3300 train_loss:3.65669 train_time:1481.751s step_avg:1203.70ms
step:1232/3300 train_loss:3.61351 train_time:1482.953s step_avg:1203.70ms
step:1233/3300 train_loss:3.57334 train_time:1484.151s step_avg:1203.69ms
step:1234/3300 train_loss:3.64591 train_time:1485.347s step_avg:1203.69ms
step:1235/3300 train_loss:3.60852 train_time:1486.548s step_avg:1203.68ms
step:1236/3300 train_loss:3.61601 train_time:1487.750s step_avg:1203.68ms
step:1237/3300 train_loss:3.56788 train_time:1488.951s step_avg:1203.68ms
step:1238/3300 train_loss:3.56179 train_time:1490.152s step_avg:1203.68ms
step:1239/3300 train_loss:3.62665 train_time:1491.350s step_avg:1203.67ms
step:1240/3300 train_loss:3.55461 train_time:1492.545s step_avg:1203.67ms
step:1241/3300 train_loss:3.66940 train_time:1493.744s step_avg:1203.66ms
step:1242/3300 train_loss:3.69055 train_time:1494.942s step_avg:1203.66ms
step:1243/3300 train_loss:3.62394 train_time:1496.144s step_avg:1203.66ms
step:1244/3300 train_loss:3.59361 train_time:1497.353s step_avg:1203.66ms
step:1245/3300 train_loss:3.61584 train_time:1498.548s step_avg:1203.65ms
step:1246/3300 train_loss:3.56095 train_time:1499.752s step_avg:1203.65ms
step:1247/3300 train_loss:3.56966 train_time:1500.960s step_avg:1203.66ms
step:1248/3300 train_loss:3.63181 train_time:1502.155s step_avg:1203.65ms
step:1249/3300 train_loss:3.59384 train_time:1503.348s step_avg:1203.64ms
step:1250/3300 train_loss:3.53747 train_time:1504.565s step_avg:1203.65ms
step:1250/3300 val_loss:3.58270 train_time:1504.565s step_avg:1200.75ms
step:1251/3300 train_loss:3.57404 train_time:1505.764s step_avg:1203.65ms
step:1252/3300 train_loss:3.58517 train_time:1506.955s step_avg:1203.64ms
step:1253/3300 train_loss:3.61330 train_time:1508.159s step_avg:1203.64ms
step:1254/3300 train_loss:3.62900 train_time:1509.351s step_avg:1203.63ms
step:1255/3300 train_loss:3.62134 train_time:1510.551s step_avg:1203.63ms
step:1256/3300 train_loss:3.60814 train_time:1511.754s step_avg:1203.63ms
step:1257/3300 train_loss:3.56913 train_time:1512.953s step_avg:1203.62ms
step:1258/3300 train_loss:3.78645 train_time:1514.152s step_avg:1203.62ms
step:1259/3300 train_loss:3.61590 train_time:1515.353s step_avg:1203.62ms
step:1260/3300 train_loss:3.57257 train_time:1516.552s step_avg:1203.61ms
step:1261/3300 train_loss:3.60187 train_time:1517.750s step_avg:1203.61ms
step:1262/3300 train_loss:3.62857 train_time:1518.949s step_avg:1203.60ms
step:1263/3300 train_loss:3.59811 train_time:1520.192s step_avg:1203.64ms
step:1264/3300 train_loss:3.58300 train_time:1521.394s step_avg:1203.63ms
step:1265/3300 train_loss:3.61066 train_time:1522.594s step_avg:1203.63ms
step:1266/3300 train_loss:3.59618 train_time:1523.791s step_avg:1203.63ms
step:1267/3300 train_loss:3.52775 train_time:1524.990s step_avg:1203.62ms
step:1268/3300 train_loss:3.55360 train_time:1526.185s step_avg:1203.62ms
step:1269/3300 train_loss:3.57478 train_time:1527.380s step_avg:1203.61ms
step:1270/3300 train_loss:3.61941 train_time:1528.574s step_avg:1203.60ms
step:1271/3300 train_loss:3.58428 train_time:1529.789s step_avg:1203.61ms
step:1272/3300 train_loss:3.61134 train_time:1530.992s step_avg:1203.61ms
step:1273/3300 train_loss:3.62429 train_time:1532.193s step_avg:1203.61ms
step:1274/3300 train_loss:3.63407 train_time:1533.402s step_avg:1203.61ms
step:1275/3300 train_loss:3.55172 train_time:1534.595s step_avg:1203.60ms
step:1276/3300 train_loss:3.61867 train_time:1535.789s step_avg:1203.60ms
step:1277/3300 train_loss:3.56179 train_time:1536.983s step_avg:1203.59ms
step:1278/3300 train_loss:3.63371 train_time:1538.175s step_avg:1203.58ms
step:1279/3300 train_loss:3.58729 train_time:1539.375s step_avg:1203.58ms
step:1280/3300 train_loss:3.63909 train_time:1540.582s step_avg:1203.58ms
step:1281/3300 train_loss:3.60656 train_time:1541.779s step_avg:1203.57ms
step:1282/3300 train_loss:3.64460 train_time:1542.977s step_avg:1203.57ms
step:1283/3300 train_loss:3.53387 train_time:1544.176s step_avg:1203.57ms
step:1284/3300 train_loss:3.57288 train_time:1545.378s step_avg:1203.57ms
step:1285/3300 train_loss:3.59252 train_time:1546.571s step_avg:1203.56ms
step:1286/3300 train_loss:3.69331 train_time:1547.764s step_avg:1203.55ms
step:1287/3300 train_loss:3.61232 train_time:1548.966s step_avg:1203.55ms
step:1288/3300 train_loss:3.59710 train_time:1550.160s step_avg:1203.54ms
step:1289/3300 train_loss:3.56813 train_time:1551.406s step_avg:1203.57ms
step:1290/3300 train_loss:3.57190 train_time:1552.593s step_avg:1203.56ms
step:1291/3300 train_loss:3.58702 train_time:1553.786s step_avg:1203.55ms
step:1292/3300 train_loss:3.64243 train_time:1554.978s step_avg:1203.54ms
step:1293/3300 train_loss:3.62369 train_time:1556.173s step_avg:1203.54ms
step:1294/3300 train_loss:3.59324 train_time:1557.367s step_avg:1203.53ms
step:1295/3300 train_loss:3.62944 train_time:1558.557s step_avg:1203.52ms
step:1296/3300 train_loss:3.66204 train_time:1559.758s step_avg:1203.52ms
step:1297/3300 train_loss:3.54947 train_time:1560.960s step_avg:1203.52ms
step:1298/3300 train_loss:3.64135 train_time:1562.159s step_avg:1203.51ms
step:1299/3300 train_loss:3.56883 train_time:1563.353s step_avg:1203.51ms
step:1300/3300 train_loss:3.61477 train_time:1564.553s step_avg:1203.50ms
step:1301/3300 train_loss:3.62623 train_time:1565.750s step_avg:1203.50ms
step:1302/3300 train_loss:3.62800 train_time:1566.937s step_avg:1203.48ms
step:1303/3300 train_loss:3.61938 train_time:1568.137s step_avg:1203.48ms
step:1304/3300 train_loss:3.59365 train_time:1569.336s step_avg:1203.48ms
step:1305/3300 train_loss:3.54077 train_time:1570.540s step_avg:1203.48ms
step:1306/3300 train_loss:3.59268 train_time:1571.743s step_avg:1203.48ms
step:1307/3300 train_loss:3.54059 train_time:1572.940s step_avg:1203.47ms
step:1308/3300 train_loss:3.57305 train_time:1574.137s step_avg:1203.47ms
step:1309/3300 train_loss:3.66341 train_time:1575.337s step_avg:1203.47ms
step:1310/3300 train_loss:3.52642 train_time:1576.538s step_avg:1203.46ms
step:1311/3300 train_loss:3.58711 train_time:1577.735s step_avg:1203.46ms
step:1312/3300 train_loss:3.58475 train_time:1578.950s step_avg:1203.47ms
step:1313/3300 train_loss:3.56344 train_time:1580.172s step_avg:1203.48ms
step:1314/3300 train_loss:3.49541 train_time:1581.375s step_avg:1203.48ms
step:1315/3300 train_loss:3.64778 train_time:1582.572s step_avg:1203.48ms
step:1316/3300 train_loss:3.64684 train_time:1583.783s step_avg:1203.48ms
step:1317/3300 train_loss:3.58411 train_time:1584.988s step_avg:1203.48ms
step:1318/3300 train_loss:3.56877 train_time:1586.179s step_avg:1203.47ms
step:1319/3300 train_loss:3.66852 train_time:1587.375s step_avg:1203.47ms
step:1320/3300 train_loss:3.61926 train_time:1588.577s step_avg:1203.47ms
step:1321/3300 train_loss:3.72208 train_time:1589.774s step_avg:1203.46ms
step:1322/3300 train_loss:3.56954 train_time:1590.966s step_avg:1203.45ms
step:1323/3300 train_loss:3.63181 train_time:1592.161s step_avg:1203.45ms
step:1324/3300 train_loss:3.64403 train_time:1593.369s step_avg:1203.45ms
step:1325/3300 train_loss:3.56062 train_time:1594.562s step_avg:1203.44ms
step:1326/3300 train_loss:3.55923 train_time:1595.760s step_avg:1203.44ms
step:1327/3300 train_loss:3.60216 train_time:1596.960s step_avg:1203.44ms
step:1328/3300 train_loss:3.49864 train_time:1598.195s step_avg:1203.46ms
step:1329/3300 train_loss:3.60545 train_time:1599.399s step_avg:1203.46ms
step:1330/3300 train_loss:3.62713 train_time:1600.595s step_avg:1203.45ms
step:1331/3300 train_loss:3.61268 train_time:1601.815s step_avg:1203.47ms
step:1332/3300 train_loss:3.68122 train_time:1603.012s step_avg:1203.46ms
step:1333/3300 train_loss:3.60865 train_time:1604.202s step_avg:1203.45ms
step:1334/3300 train_loss:3.60974 train_time:1605.397s step_avg:1203.45ms
step:1335/3300 train_loss:3.65760 train_time:1606.591s step_avg:1203.44ms
step:1336/3300 train_loss:3.60464 train_time:1607.781s step_avg:1203.43ms
step:1337/3300 train_loss:3.60527 train_time:1608.977s step_avg:1203.42ms
step:1338/3300 train_loss:3.59221 train_time:1610.173s step_avg:1203.42ms
step:1339/3300 train_loss:3.58211 train_time:1611.370s step_avg:1203.41ms
step:1340/3300 train_loss:3.60594 train_time:1612.562s step_avg:1203.40ms
step:1341/3300 train_loss:3.61114 train_time:1613.757s step_avg:1203.40ms
step:1342/3300 train_loss:3.67458 train_time:1614.955s step_avg:1203.39ms
step:1343/3300 train_loss:3.61949 train_time:1616.152s step_avg:1203.39ms
step:1344/3300 train_loss:3.56959 train_time:1617.344s step_avg:1203.38ms
step:1345/3300 train_loss:3.49932 train_time:1618.542s step_avg:1203.38ms
step:1346/3300 train_loss:3.57682 train_time:1619.739s step_avg:1203.37ms
step:1347/3300 train_loss:3.60276 train_time:1620.942s step_avg:1203.37ms
step:1348/3300 train_loss:3.59204 train_time:1622.146s step_avg:1203.37ms
step:1349/3300 train_loss:3.57413 train_time:1623.342s step_avg:1203.37ms
step:1350/3300 train_loss:3.60125 train_time:1624.550s step_avg:1203.37ms
step:1351/3300 train_loss:3.62879 train_time:1625.741s step_avg:1203.36ms
step:1352/3300 train_loss:3.55341 train_time:1626.938s step_avg:1203.36ms
step:1353/3300 train_loss:3.59742 train_time:1628.149s step_avg:1203.36ms
step:1354/3300 train_loss:3.57882 train_time:1629.344s step_avg:1203.36ms
step:1355/3300 train_loss:3.52055 train_time:1630.545s step_avg:1203.35ms
step:1356/3300 train_loss:3.61984 train_time:1631.773s step_avg:1203.37ms
step:1357/3300 train_loss:3.77021 train_time:1632.963s step_avg:1203.36ms
step:1358/3300 train_loss:3.59919 train_time:1634.163s step_avg:1203.36ms
step:1359/3300 train_loss:3.52621 train_time:1635.361s step_avg:1203.36ms
step:1360/3300 train_loss:3.55948 train_time:1636.561s step_avg:1203.35ms
step:1361/3300 train_loss:3.53583 train_time:1637.764s step_avg:1203.35ms
step:1362/3300 train_loss:3.57903 train_time:1638.968s step_avg:1203.35ms
step:1363/3300 train_loss:3.52825 train_time:1640.166s step_avg:1203.35ms
step:1364/3300 train_loss:3.53882 train_time:1641.362s step_avg:1203.34ms
step:1365/3300 train_loss:3.57651 train_time:1642.562s step_avg:1203.34ms
step:1366/3300 train_loss:3.59962 train_time:1643.765s step_avg:1203.34ms
step:1367/3300 train_loss:3.57933 train_time:1644.975s step_avg:1203.35ms
step:1368/3300 train_loss:3.64704 train_time:1646.177s step_avg:1203.35ms
step:1369/3300 train_loss:3.58256 train_time:1647.371s step_avg:1203.34ms
step:1370/3300 train_loss:3.65293 train_time:1648.563s step_avg:1203.33ms
step:1371/3300 train_loss:3.57549 train_time:1649.771s step_avg:1203.33ms
step:1372/3300 train_loss:3.61697 train_time:1650.976s step_avg:1203.34ms
step:1373/3300 train_loss:3.59473 train_time:1652.171s step_avg:1203.33ms
step:1374/3300 train_loss:3.55699 train_time:1653.361s step_avg:1203.32ms
step:1375/3300 train_loss:3.58017 train_time:1654.561s step_avg:1203.32ms
step:1375/3300 val_loss:3.55629 train_time:1654.562s step_avg:1199.97ms
step:1376/3300 train_loss:3.61986 train_time:1655.762s step_avg:1203.32ms
step:1377/3300 train_loss:3.57365 train_time:1656.957s step_avg:1203.31ms
step:1378/3300 train_loss:3.60225 train_time:1658.154s step_avg:1203.30ms
step:1379/3300 train_loss:3.51649 train_time:1659.346s step_avg:1203.30ms
step:1380/3300 train_loss:3.51238 train_time:1660.546s step_avg:1203.29ms
step:1381/3300 train_loss:3.62700 train_time:1661.747s step_avg:1203.29ms
step:1382/3300 train_loss:3.58019 train_time:1662.976s step_avg:1203.31ms
step:1383/3300 train_loss:3.58361 train_time:1664.178s step_avg:1203.31ms
step:1384/3300 train_loss:3.55803 train_time:1665.371s step_avg:1203.30ms
step:1385/3300 train_loss:3.53818 train_time:1666.581s step_avg:1203.31ms
step:1386/3300 train_loss:3.59874 train_time:1667.778s step_avg:1203.30ms
step:1387/3300 train_loss:3.59061 train_time:1668.971s step_avg:1203.30ms
step:1388/3300 train_loss:3.57136 train_time:1670.171s step_avg:1203.29ms
step:1389/3300 train_loss:3.60559 train_time:1671.384s step_avg:1203.30ms
step:1390/3300 train_loss:3.58766 train_time:1672.590s step_avg:1203.30ms
step:1391/3300 train_loss:3.62815 train_time:1673.807s step_avg:1203.31ms
step:1392/3300 train_loss:3.57273 train_time:1675.007s step_avg:1203.31ms
step:1393/3300 train_loss:3.57758 train_time:1676.203s step_avg:1203.30ms
step:1394/3300 train_loss:3.62320 train_time:1677.395s step_avg:1203.30ms
step:1395/3300 train_loss:3.58200 train_time:1678.590s step_avg:1203.29ms
step:1396/3300 train_loss:3.57913 train_time:1679.790s step_avg:1203.29ms
step:1397/3300 train_loss:3.54828 train_time:1680.988s step_avg:1203.28ms
step:1398/3300 train_loss:3.55556 train_time:1682.195s step_avg:1203.29ms
step:1399/3300 train_loss:3.53708 train_time:1683.409s step_avg:1203.29ms
step:1400/3300 train_loss:3.58039 train_time:1684.613s step_avg:1203.30ms
step:1401/3300 train_loss:3.53448 train_time:1685.825s step_avg:1203.30ms
step:1402/3300 train_loss:3.57043 train_time:1687.020s step_avg:1203.30ms
step:1403/3300 train_loss:3.60589 train_time:1688.217s step_avg:1203.29ms
step:1404/3300 train_loss:3.55530 train_time:1689.414s step_avg:1203.29ms
step:1405/3300 train_loss:3.51948 train_time:1690.621s step_avg:1203.29ms
step:1406/3300 train_loss:3.56803 train_time:1691.832s step_avg:1203.29ms
step:1407/3300 train_loss:3.58519 train_time:1693.040s step_avg:1203.30ms
step:1408/3300 train_loss:3.63693 train_time:1694.235s step_avg:1203.29ms
step:1409/3300 train_loss:3.56600 train_time:1695.436s step_avg:1203.29ms
step:1410/3300 train_loss:3.58040 train_time:1696.644s step_avg:1203.29ms
step:1411/3300 train_loss:3.57499 train_time:1697.838s step_avg:1203.29ms
step:1412/3300 train_loss:3.60171 train_time:1699.035s step_avg:1203.28ms
step:1413/3300 train_loss:3.57522 train_time:1700.235s step_avg:1203.28ms
step:1414/3300 train_loss:3.51590 train_time:1701.446s step_avg:1203.29ms
step:1415/3300 train_loss:3.57255 train_time:1702.654s step_avg:1203.29ms
step:1416/3300 train_loss:3.55123 train_time:1703.865s step_avg:1203.29ms
step:1417/3300 train_loss:3.57162 train_time:1705.057s step_avg:1203.29ms
step:1418/3300 train_loss:3.58200 train_time:1706.266s step_avg:1203.29ms
step:1419/3300 train_loss:3.67649 train_time:1707.460s step_avg:1203.28ms
step:1420/3300 train_loss:3.57527 train_time:1708.658s step_avg:1203.28ms
step:1421/3300 train_loss:3.53448 train_time:1709.859s step_avg:1203.28ms
step:1422/3300 train_loss:3.55439 train_time:1711.056s step_avg:1203.27ms
step:1423/3300 train_loss:3.53241 train_time:1712.259s step_avg:1203.27ms
step:1424/3300 train_loss:3.55612 train_time:1713.459s step_avg:1203.27ms
step:1425/3300 train_loss:3.53524 train_time:1714.668s step_avg:1203.28ms
step:1426/3300 train_loss:3.57600 train_time:1715.879s step_avg:1203.28ms
step:1427/3300 train_loss:3.56385 train_time:1717.085s step_avg:1203.28ms
step:1428/3300 train_loss:3.56768 train_time:1718.278s step_avg:1203.28ms
step:1429/3300 train_loss:3.58059 train_time:1719.475s step_avg:1203.27ms
step:1430/3300 train_loss:3.51555 train_time:1720.699s step_avg:1203.29ms
step:1431/3300 train_loss:3.52184 train_time:1721.897s step_avg:1203.28ms
step:1432/3300 train_loss:3.59269 train_time:1723.110s step_avg:1203.29ms
step:1433/3300 train_loss:3.51042 train_time:1724.309s step_avg:1203.29ms
step:1434/3300 train_loss:3.52143 train_time:1725.521s step_avg:1203.29ms
step:1435/3300 train_loss:3.52001 train_time:1726.719s step_avg:1203.29ms
step:1436/3300 train_loss:3.50492 train_time:1727.920s step_avg:1203.29ms
step:1437/3300 train_loss:3.63723 train_time:1729.113s step_avg:1203.28ms
step:1438/3300 train_loss:3.58887 train_time:1730.301s step_avg:1203.27ms
step:1439/3300 train_loss:3.54125 train_time:1731.506s step_avg:1203.27ms
step:1440/3300 train_loss:3.48295 train_time:1732.708s step_avg:1203.27ms
step:1441/3300 train_loss:3.52853 train_time:1733.906s step_avg:1203.27ms
step:1442/3300 train_loss:3.53579 train_time:1735.101s step_avg:1203.26ms
step:1443/3300 train_loss:3.57022 train_time:1736.314s step_avg:1203.27ms
step:1444/3300 train_loss:3.54997 train_time:1737.522s step_avg:1203.27ms
step:1445/3300 train_loss:3.54501 train_time:1738.722s step_avg:1203.27ms
step:1446/3300 train_loss:3.58644 train_time:1739.924s step_avg:1203.27ms
step:1447/3300 train_loss:3.52180 train_time:1741.124s step_avg:1203.26ms
step:1448/3300 train_loss:3.53429 train_time:1742.322s step_avg:1203.26ms
step:1449/3300 train_loss:3.55367 train_time:1743.522s step_avg:1203.26ms
step:1450/3300 train_loss:3.56232 train_time:1744.721s step_avg:1203.26ms
step:1451/3300 train_loss:3.50110 train_time:1745.942s step_avg:1203.27ms
step:1452/3300 train_loss:3.54150 train_time:1747.142s step_avg:1203.27ms
step:1453/3300 train_loss:3.49219 train_time:1748.341s step_avg:1203.26ms
step:1454/3300 train_loss:3.60141 train_time:1749.542s step_avg:1203.26ms
step:1455/3300 train_loss:3.58357 train_time:1750.733s step_avg:1203.25ms
step:1456/3300 train_loss:3.52724 train_time:1751.923s step_avg:1203.24ms
step:1457/3300 train_loss:3.55843 train_time:1753.130s step_avg:1203.25ms
step:1458/3300 train_loss:3.58209 train_time:1754.321s step_avg:1203.24ms
step:1459/3300 train_loss:3.58033 train_time:1755.521s step_avg:1203.24ms
step:1460/3300 train_loss:3.50477 train_time:1756.721s step_avg:1203.23ms
step:1461/3300 train_loss:3.54576 train_time:1757.923s step_avg:1203.23ms
step:1462/3300 train_loss:3.48216 train_time:1759.131s step_avg:1203.24ms
step:1463/3300 train_loss:3.62781 train_time:1760.327s step_avg:1203.23ms
step:1464/3300 train_loss:3.54313 train_time:1761.551s step_avg:1203.25ms
step:1465/3300 train_loss:3.54285 train_time:1762.743s step_avg:1203.24ms
step:1466/3300 train_loss:3.54962 train_time:1763.946s step_avg:1203.24ms
step:1467/3300 train_loss:3.51995 train_time:1765.141s step_avg:1203.23ms
step:1468/3300 train_loss:3.53565 train_time:1766.337s step_avg:1203.23ms
step:1469/3300 train_loss:3.54104 train_time:1767.538s step_avg:1203.23ms
step:1470/3300 train_loss:3.46012 train_time:1768.738s step_avg:1203.22ms
step:1471/3300 train_loss:3.50895 train_time:1769.940s step_avg:1203.22ms
step:1472/3300 train_loss:3.59389 train_time:1771.161s step_avg:1203.23ms
step:1473/3300 train_loss:3.57292 train_time:1772.370s step_avg:1203.24ms
step:1474/3300 train_loss:3.52991 train_time:1773.572s step_avg:1203.24ms
step:1475/3300 train_loss:3.50643 train_time:1774.764s step_avg:1203.23ms
step:1476/3300 train_loss:3.53906 train_time:1775.973s step_avg:1203.23ms
step:1477/3300 train_loss:3.48863 train_time:1777.164s step_avg:1203.23ms
step:1478/3300 train_loss:3.54000 train_time:1778.363s step_avg:1203.22ms
step:1479/3300 train_loss:3.57904 train_time:1779.562s step_avg:1203.22ms
step:1480/3300 train_loss:3.57430 train_time:1780.771s step_avg:1203.22ms
step:1481/3300 train_loss:3.60106 train_time:1781.963s step_avg:1203.22ms
step:1482/3300 train_loss:3.53536 train_time:1783.170s step_avg:1203.22ms
step:1483/3300 train_loss:3.52892 train_time:1784.381s step_avg:1203.22ms
step:1484/3300 train_loss:3.52619 train_time:1785.588s step_avg:1203.23ms
step:1485/3300 train_loss:3.51131 train_time:1786.806s step_avg:1203.24ms
step:1486/3300 train_loss:3.55547 train_time:1788.006s step_avg:1203.23ms
step:1487/3300 train_loss:3.59686 train_time:1789.204s step_avg:1203.23ms
step:1488/3300 train_loss:3.53325 train_time:1790.418s step_avg:1203.24ms
step:1489/3300 train_loss:3.52541 train_time:1791.618s step_avg:1203.24ms
step:1490/3300 train_loss:3.54884 train_time:1792.819s step_avg:1203.23ms
step:1491/3300 train_loss:3.52589 train_time:1794.017s step_avg:1203.23ms
step:1492/3300 train_loss:3.46557 train_time:1795.217s step_avg:1203.23ms
step:1493/3300 train_loss:3.59119 train_time:1796.417s step_avg:1203.23ms
step:1494/3300 train_loss:3.49912 train_time:1797.620s step_avg:1203.23ms
step:1495/3300 train_loss:3.47918 train_time:1798.820s step_avg:1203.22ms
step:1496/3300 train_loss:3.50656 train_time:1800.020s step_avg:1203.22ms
step:1497/3300 train_loss:3.55265 train_time:1801.225s step_avg:1203.22ms
step:1498/3300 train_loss:3.48458 train_time:1802.437s step_avg:1203.23ms
step:1499/3300 train_loss:3.51475 train_time:1803.648s step_avg:1203.23ms
step:1500/3300 train_loss:3.56401 train_time:1804.848s step_avg:1203.23ms
step:1500/3300 val_loss:3.52756 train_time:1804.848s step_avg:1202.30ms
step:1501/3300 train_loss:3.43513 train_time:1806.053s step_avg:1203.23ms
step:1502/3300 train_loss:3.48522 train_time:1807.248s step_avg:1203.23ms
step:1503/3300 train_loss:3.46815 train_time:1808.446s step_avg:1203.22ms
step:1504/3300 train_loss:3.50778 train_time:1809.650s step_avg:1203.22ms
step:1505/3300 train_loss:3.49899 train_time:1810.855s step_avg:1203.23ms
step:1506/3300 train_loss:3.52545 train_time:1812.046s step_avg:1203.22ms
step:1507/3300 train_loss:3.46573 train_time:1813.250s step_avg:1203.22ms
step:1508/3300 train_loss:3.53479 train_time:1814.446s step_avg:1203.21ms
step:1509/3300 train_loss:3.53564 train_time:1815.645s step_avg:1203.21ms
step:1510/3300 train_loss:3.50603 train_time:1816.845s step_avg:1203.21ms
step:1511/3300 train_loss:3.56952 train_time:1818.075s step_avg:1203.23ms
step:1512/3300 train_loss:3.52170 train_time:1819.268s step_avg:1203.22ms
step:1513/3300 train_loss:3.51931 train_time:1820.485s step_avg:1203.23ms
step:1514/3300 train_loss:3.59471 train_time:1821.696s step_avg:1203.23ms
step:1515/3300 train_loss:3.53395 train_time:1822.906s step_avg:1203.24ms
step:1516/3300 train_loss:3.59099 train_time:1824.103s step_avg:1203.23ms
step:1517/3300 train_loss:3.49849 train_time:1825.301s step_avg:1203.23ms
step:1518/3300 train_loss:3.53563 train_time:1826.501s step_avg:1203.23ms
step:1519/3300 train_loss:3.58139 train_time:1827.690s step_avg:1203.22ms
step:1520/3300 train_loss:3.45978 train_time:1828.924s step_avg:1203.24ms
step:1521/3300 train_loss:3.51489 train_time:1830.158s step_avg:1203.26ms
step:1522/3300 train_loss:3.51056 train_time:1831.350s step_avg:1203.25ms
step:1523/3300 train_loss:3.54635 train_time:1832.548s step_avg:1203.25ms
step:1524/3300 train_loss:3.55946 train_time:1833.768s step_avg:1203.26ms
step:1525/3300 train_loss:3.57179 train_time:1834.980s step_avg:1203.27ms
step:1526/3300 train_loss:3.55603 train_time:1836.173s step_avg:1203.26ms
step:1527/3300 train_loss:3.48818 train_time:1837.368s step_avg:1203.25ms
step:1528/3300 train_loss:3.59376 train_time:1838.570s step_avg:1203.25ms
step:1529/3300 train_loss:3.52139 train_time:1839.781s step_avg:1203.26ms
step:1530/3300 train_loss:3.52111 train_time:1840.990s step_avg:1203.26ms
step:1531/3300 train_loss:3.53406 train_time:1842.178s step_avg:1203.25ms
step:1532/3300 train_loss:3.57252 train_time:1843.371s step_avg:1203.25ms
step:1533/3300 train_loss:3.55829 train_time:1844.575s step_avg:1203.25ms
step:1534/3300 train_loss:3.52616 train_time:1845.769s step_avg:1203.24ms
step:1535/3300 train_loss:3.53472 train_time:1846.960s step_avg:1203.23ms
step:1536/3300 train_loss:3.49877 train_time:1848.158s step_avg:1203.23ms
step:1537/3300 train_loss:3.58177 train_time:1849.347s step_avg:1203.22ms
step:1538/3300 train_loss:3.53802 train_time:1850.547s step_avg:1203.22ms
step:1539/3300 train_loss:3.63457 train_time:1851.746s step_avg:1203.21ms
step:1540/3300 train_loss:3.49181 train_time:1852.947s step_avg:1203.21ms
step:1541/3300 train_loss:3.49556 train_time:1854.153s step_avg:1203.21ms
step:1542/3300 train_loss:3.51178 train_time:1855.346s step_avg:1203.21ms
step:1543/3300 train_loss:3.53266 train_time:1856.548s step_avg:1203.21ms
step:1544/3300 train_loss:3.49812 train_time:1857.789s step_avg:1203.23ms
step:1545/3300 train_loss:3.55542 train_time:1858.992s step_avg:1203.23ms
step:1546/3300 train_loss:3.53566 train_time:1860.193s step_avg:1203.23ms
step:1547/3300 train_loss:3.53527 train_time:1861.391s step_avg:1203.23ms
step:1548/3300 train_loss:3.55628 train_time:1862.588s step_avg:1203.22ms
step:1549/3300 train_loss:3.54883 train_time:1863.784s step_avg:1203.22ms
step:1550/3300 train_loss:3.55073 train_time:1864.992s step_avg:1203.22ms
step:1551/3300 train_loss:3.49465 train_time:1866.190s step_avg:1203.22ms
step:1552/3300 train_loss:3.54752 train_time:1867.392s step_avg:1203.22ms
step:1553/3300 train_loss:3.54141 train_time:1868.599s step_avg:1203.22ms
step:1554/3300 train_loss:3.52970 train_time:1869.791s step_avg:1203.21ms
step:1555/3300 train_loss:3.53374 train_time:1870.993s step_avg:1203.21ms
step:1556/3300 train_loss:3.56180 train_time:1872.192s step_avg:1203.21ms
step:1557/3300 train_loss:3.52428 train_time:1873.422s step_avg:1203.23ms
step:1558/3300 train_loss:3.40723 train_time:1874.628s step_avg:1203.23ms
step:1559/3300 train_loss:3.52434 train_time:1875.830s step_avg:1203.23ms
step:1560/3300 train_loss:3.51787 train_time:1877.029s step_avg:1203.22ms
step:1561/3300 train_loss:3.61412 train_time:1878.236s step_avg:1203.23ms
step:1562/3300 train_loss:3.55786 train_time:1879.431s step_avg:1203.22ms
step:1563/3300 train_loss:3.54031 train_time:1880.637s step_avg:1203.22ms
step:1564/3300 train_loss:3.45411 train_time:1881.833s step_avg:1203.22ms
step:1565/3300 train_loss:3.51298 train_time:1883.035s step_avg:1203.22ms
step:1566/3300 train_loss:3.51535 train_time:1884.239s step_avg:1203.22ms
step:1567/3300 train_loss:3.49519 train_time:1885.433s step_avg:1203.21ms
step:1568/3300 train_loss:3.52222 train_time:1886.632s step_avg:1203.21ms
step:1569/3300 train_loss:3.55960 train_time:1887.832s step_avg:1203.21ms
step:1570/3300 train_loss:3.49057 train_time:1889.038s step_avg:1203.21ms
step:1571/3300 train_loss:3.47564 train_time:1890.241s step_avg:1203.21ms
step:1572/3300 train_loss:3.49922 train_time:1891.434s step_avg:1203.20ms
step:1573/3300 train_loss:3.52725 train_time:1892.633s step_avg:1203.20ms
step:1574/3300 train_loss:3.50645 train_time:1893.848s step_avg:1203.21ms
step:1575/3300 train_loss:3.55681 train_time:1895.053s step_avg:1203.21ms
step:1576/3300 train_loss:3.57814 train_time:1896.250s step_avg:1203.20ms
step:1577/3300 train_loss:3.55492 train_time:1897.446s step_avg:1203.20ms
step:1578/3300 train_loss:3.54755 train_time:1898.648s step_avg:1203.20ms
step:1579/3300 train_loss:3.47716 train_time:1899.857s step_avg:1203.20ms
step:1580/3300 train_loss:3.42967 train_time:1901.054s step_avg:1203.20ms
step:1581/3300 train_loss:3.59236 train_time:1902.249s step_avg:1203.19ms
step:1582/3300 train_loss:3.48414 train_time:1903.447s step_avg:1203.19ms
step:1583/3300 train_loss:3.52768 train_time:1904.648s step_avg:1203.19ms
step:1584/3300 train_loss:3.50204 train_time:1905.855s step_avg:1203.19ms
step:1585/3300 train_loss:3.52131 train_time:1907.054s step_avg:1203.19ms
step:1586/3300 train_loss:3.46747 train_time:1908.278s step_avg:1203.20ms
step:1587/3300 train_loss:3.48993 train_time:1909.474s step_avg:1203.20ms
step:1588/3300 train_loss:3.49493 train_time:1910.682s step_avg:1203.20ms
step:1589/3300 train_loss:3.51138 train_time:1911.876s step_avg:1203.19ms
step:1590/3300 train_loss:3.51082 train_time:1913.082s step_avg:1203.20ms
step:1591/3300 train_loss:3.49717 train_time:1914.281s step_avg:1203.19ms
step:1592/3300 train_loss:3.47257 train_time:1915.477s step_avg:1203.19ms
step:1593/3300 train_loss:3.50509 train_time:1916.668s step_avg:1203.18ms
step:1594/3300 train_loss:3.53041 train_time:1917.863s step_avg:1203.18ms
step:1595/3300 train_loss:3.51934 train_time:1919.060s step_avg:1203.17ms
step:1596/3300 train_loss:3.45132 train_time:1920.266s step_avg:1203.17ms
step:1597/3300 train_loss:3.47402 train_time:1921.466s step_avg:1203.17ms
step:1598/3300 train_loss:3.63809 train_time:1922.659s step_avg:1203.17ms
step:1599/3300 train_loss:3.50255 train_time:1923.863s step_avg:1203.17ms
step:1600/3300 train_loss:3.49314 train_time:1925.055s step_avg:1203.16ms
step:1601/3300 train_loss:3.55352 train_time:1926.252s step_avg:1203.16ms
step:1602/3300 train_loss:3.55380 train_time:1927.452s step_avg:1203.15ms
step:1603/3300 train_loss:3.50375 train_time:1928.652s step_avg:1203.15ms
step:1604/3300 train_loss:3.47453 train_time:1929.849s step_avg:1203.15ms
step:1605/3300 train_loss:3.53285 train_time:1931.037s step_avg:1203.14ms
step:1606/3300 train_loss:3.57433 train_time:1932.239s step_avg:1203.14ms
step:1607/3300 train_loss:3.45981 train_time:1933.442s step_avg:1203.14ms
step:1608/3300 train_loss:3.45866 train_time:1934.636s step_avg:1203.13ms
step:1609/3300 train_loss:3.52066 train_time:1935.835s step_avg:1203.13ms
step:1610/3300 train_loss:3.55467 train_time:1937.034s step_avg:1203.13ms
step:1611/3300 train_loss:3.55869 train_time:1938.251s step_avg:1203.14ms
step:1612/3300 train_loss:3.51649 train_time:1939.446s step_avg:1203.13ms
step:1613/3300 train_loss:3.50718 train_time:1940.638s step_avg:1203.12ms
step:1614/3300 train_loss:3.63612 train_time:1941.837s step_avg:1203.12ms
step:1615/3300 train_loss:3.56680 train_time:1943.053s step_avg:1203.13ms
step:1616/3300 train_loss:3.53039 train_time:1944.253s step_avg:1203.13ms
step:1617/3300 train_loss:3.47443 train_time:1945.448s step_avg:1203.12ms
step:1618/3300 train_loss:3.53625 train_time:1946.638s step_avg:1203.11ms
step:1619/3300 train_loss:3.43996 train_time:1947.839s step_avg:1203.11ms
step:1620/3300 train_loss:3.58626 train_time:1949.059s step_avg:1203.12ms
step:1621/3300 train_loss:3.49600 train_time:1950.258s step_avg:1203.12ms
step:1622/3300 train_loss:3.48766 train_time:1951.463s step_avg:1203.12ms
step:1623/3300 train_loss:3.45575 train_time:1952.660s step_avg:1203.12ms
step:1624/3300 train_loss:3.51579 train_time:1953.858s step_avg:1203.11ms
step:1625/3300 train_loss:3.51929 train_time:1955.052s step_avg:1203.11ms
step:1625/3300 val_loss:3.50807 train_time:1955.052s step_avg:1201.63ms
step:1626/3300 train_loss:3.51417 train_time:1956.248s step_avg:1203.10ms
step:1627/3300 train_loss:3.51691 train_time:1957.441s step_avg:1203.10ms
step:1628/3300 train_loss:3.45710 train_time:1958.638s step_avg:1203.09ms
step:1629/3300 train_loss:3.54250 train_time:1959.832s step_avg:1203.09ms
step:1630/3300 train_loss:3.52376 train_time:1961.019s step_avg:1203.08ms
step:1631/3300 train_loss:3.44765 train_time:1962.215s step_avg:1203.07ms
step:1632/3300 train_loss:3.51132 train_time:1963.404s step_avg:1203.07ms
step:1633/3300 train_loss:3.56416 train_time:1964.601s step_avg:1203.06ms
step:1634/3300 train_loss:3.54973 train_time:1965.796s step_avg:1203.06ms
step:1635/3300 train_loss:3.50995 train_time:1966.992s step_avg:1203.05ms
step:1636/3300 train_loss:3.51611 train_time:1968.179s step_avg:1203.04ms
step:1637/3300 train_loss:3.58693 train_time:1969.373s step_avg:1203.04ms
step:1638/3300 train_loss:3.48456 train_time:1970.562s step_avg:1203.03ms
step:1639/3300 train_loss:3.51857 train_time:1971.760s step_avg:1203.03ms
step:1640/3300 train_loss:3.49761 train_time:1972.969s step_avg:1203.03ms
step:1641/3300 train_loss:3.49559 train_time:1974.164s step_avg:1203.02ms
step:1642/3300 train_loss:3.54529 train_time:1975.372s step_avg:1203.03ms
step:1643/3300 train_loss:3.50316 train_time:1976.572s step_avg:1203.03ms
step:1644/3300 train_loss:3.48676 train_time:1977.765s step_avg:1203.02ms
step:1645/3300 train_loss:3.48609 train_time:1978.964s step_avg:1203.02ms
step:1646/3300 train_loss:3.47207 train_time:1980.171s step_avg:1203.02ms
step:1647/3300 train_loss:3.54040 train_time:1981.366s step_avg:1203.02ms
step:1648/3300 train_loss:3.54399 train_time:1982.569s step_avg:1203.02ms
step:1649/3300 train_loss:3.53758 train_time:1983.777s step_avg:1203.02ms
step:1650/3300 train_loss:3.50928 train_time:1984.969s step_avg:1203.01ms
step:1651/3300 train_loss:3.50915 train_time:1986.166s step_avg:1203.01ms
step:1652/3300 train_loss:3.47500 train_time:1987.368s step_avg:1203.01ms
step:1653/3300 train_loss:3.50417 train_time:1988.565s step_avg:1203.00ms
step:1654/3300 train_loss:3.51225 train_time:1989.764s step_avg:1203.00ms
step:1655/3300 train_loss:3.50134 train_time:1990.965s step_avg:1203.00ms
step:1656/3300 train_loss:3.56082 train_time:1992.164s step_avg:1203.00ms
step:1657/3300 train_loss:3.49657 train_time:1993.372s step_avg:1203.00ms
step:1658/3300 train_loss:3.49638 train_time:1994.568s step_avg:1203.00ms
step:1659/3300 train_loss:3.52080 train_time:1995.773s step_avg:1203.00ms
step:1660/3300 train_loss:3.58563 train_time:1996.983s step_avg:1203.00ms
step:1661/3300 train_loss:3.48807 train_time:1998.184s step_avg:1203.00ms
step:1662/3300 train_loss:3.52092 train_time:1999.385s step_avg:1203.00ms
step:1663/3300 train_loss:3.54708 train_time:2000.594s step_avg:1203.00ms
step:1664/3300 train_loss:3.48099 train_time:2001.785s step_avg:1203.00ms
step:1665/3300 train_loss:3.50479 train_time:2002.985s step_avg:1202.99ms
step:1666/3300 train_loss:3.52371 train_time:2004.196s step_avg:1203.00ms
step:1667/3300 train_loss:3.54149 train_time:2005.396s step_avg:1203.00ms
step:1668/3300 train_loss:3.47827 train_time:2006.597s step_avg:1203.00ms
step:1669/3300 train_loss:3.55305 train_time:2007.786s step_avg:1202.99ms
step:1670/3300 train_loss:3.43521 train_time:2008.983s step_avg:1202.98ms
step:1671/3300 train_loss:3.81049 train_time:2010.183s step_avg:1202.98ms
step:1672/3300 train_loss:3.51500 train_time:2011.378s step_avg:1202.98ms
step:1673/3300 train_loss:3.48467 train_time:2012.590s step_avg:1202.98ms
step:1674/3300 train_loss:3.53798 train_time:2013.787s step_avg:1202.98ms
step:1675/3300 train_loss:3.49055 train_time:2014.985s step_avg:1202.98ms
step:1676/3300 train_loss:3.49525 train_time:2016.192s step_avg:1202.98ms
step:1677/3300 train_loss:3.58871 train_time:2017.403s step_avg:1202.98ms
step:1678/3300 train_loss:3.49800 train_time:2018.604s step_avg:1202.98ms
step:1679/3300 train_loss:3.45310 train_time:2019.802s step_avg:1202.98ms
step:1680/3300 train_loss:3.48270 train_time:2021.012s step_avg:1202.98ms
step:1681/3300 train_loss:3.47766 train_time:2022.213s step_avg:1202.98ms
step:1682/3300 train_loss:3.51353 train_time:2023.411s step_avg:1202.98ms
step:1683/3300 train_loss:3.47759 train_time:2024.610s step_avg:1202.98ms
step:1684/3300 train_loss:3.50962 train_time:2025.814s step_avg:1202.98ms
step:1685/3300 train_loss:3.50688 train_time:2027.011s step_avg:1202.97ms
step:1686/3300 train_loss:3.47735 train_time:2028.206s step_avg:1202.97ms
step:1687/3300 train_loss:3.50152 train_time:2029.409s step_avg:1202.97ms
step:1688/3300 train_loss:3.49909 train_time:2030.636s step_avg:1202.98ms
step:1689/3300 train_loss:3.46319 train_time:2031.838s step_avg:1202.98ms
step:1690/3300 train_loss:3.45428 train_time:2033.049s step_avg:1202.99ms
step:1691/3300 train_loss:3.44691 train_time:2034.247s step_avg:1202.98ms
step:1692/3300 train_loss:3.53008 train_time:2035.463s step_avg:1202.99ms
step:1693/3300 train_loss:3.45935 train_time:2036.663s step_avg:1202.99ms
step:1694/3300 train_loss:3.51319 train_time:2037.863s step_avg:1202.99ms
step:1695/3300 train_loss:3.53995 train_time:2039.067s step_avg:1202.99ms
step:1696/3300 train_loss:3.50062 train_time:2040.272s step_avg:1202.99ms
step:1697/3300 train_loss:3.50278 train_time:2041.467s step_avg:1202.99ms
step:1698/3300 train_loss:3.44465 train_time:2042.673s step_avg:1202.99ms
step:1699/3300 train_loss:3.51088 train_time:2043.875s step_avg:1202.99ms
step:1700/3300 train_loss:3.54990 train_time:2045.071s step_avg:1202.98ms
step:1701/3300 train_loss:3.52835 train_time:2046.281s step_avg:1202.99ms
step:1702/3300 train_loss:3.52979 train_time:2047.475s step_avg:1202.98ms
step:1703/3300 train_loss:3.47822 train_time:2048.670s step_avg:1202.98ms
step:1704/3300 train_loss:3.51343 train_time:2049.868s step_avg:1202.97ms
step:1705/3300 train_loss:3.49371 train_time:2051.075s step_avg:1202.98ms
step:1706/3300 train_loss:3.47301 train_time:2052.264s step_avg:1202.97ms
step:1707/3300 train_loss:3.48911 train_time:2053.464s step_avg:1202.97ms
step:1708/3300 train_loss:3.46822 train_time:2054.662s step_avg:1202.96ms
step:1709/3300 train_loss:3.73464 train_time:2055.873s step_avg:1202.97ms
step:1710/3300 train_loss:3.57367 train_time:2057.072s step_avg:1202.97ms
step:1711/3300 train_loss:3.47197 train_time:2058.313s step_avg:1202.99ms
step:1712/3300 train_loss:3.48642 train_time:2059.506s step_avg:1202.98ms
step:1713/3300 train_loss:3.54054 train_time:2060.724s step_avg:1202.99ms
step:1714/3300 train_loss:3.44818 train_time:2061.922s step_avg:1202.99ms
step:1715/3300 train_loss:3.53178 train_time:2063.120s step_avg:1202.99ms
step:1716/3300 train_loss:3.46977 train_time:2064.311s step_avg:1202.98ms
step:1717/3300 train_loss:3.48748 train_time:2065.514s step_avg:1202.98ms
step:1718/3300 train_loss:3.52941 train_time:2066.708s step_avg:1202.97ms
step:1719/3300 train_loss:3.53021 train_time:2067.911s step_avg:1202.97ms
step:1720/3300 train_loss:3.48489 train_time:2069.111s step_avg:1202.97ms
step:1721/3300 train_loss:3.51720 train_time:2070.340s step_avg:1202.99ms
step:1722/3300 train_loss:3.52131 train_time:2071.536s step_avg:1202.98ms
step:1723/3300 train_loss:3.51388 train_time:2072.740s step_avg:1202.98ms
step:1724/3300 train_loss:3.47790 train_time:2073.932s step_avg:1202.98ms
step:1725/3300 train_loss:3.51275 train_time:2075.137s step_avg:1202.98ms
step:1726/3300 train_loss:3.47935 train_time:2076.337s step_avg:1202.98ms
step:1727/3300 train_loss:3.46812 train_time:2077.536s step_avg:1202.97ms
step:1728/3300 train_loss:3.45348 train_time:2078.730s step_avg:1202.97ms
step:1729/3300 train_loss:3.53207 train_time:2079.925s step_avg:1202.96ms
step:1730/3300 train_loss:3.58633 train_time:2081.122s step_avg:1202.96ms
step:1731/3300 train_loss:3.48849 train_time:2082.307s step_avg:1202.95ms
step:1732/3300 train_loss:3.51327 train_time:2083.504s step_avg:1202.95ms
step:1733/3300 train_loss:3.44070 train_time:2084.704s step_avg:1202.95ms
step:1734/3300 train_loss:3.60757 train_time:2085.916s step_avg:1202.95ms
step:1735/3300 train_loss:3.51664 train_time:2087.116s step_avg:1202.95ms
step:1736/3300 train_loss:3.58812 train_time:2088.313s step_avg:1202.95ms
step:1737/3300 train_loss:3.58098 train_time:2089.514s step_avg:1202.94ms
step:1738/3300 train_loss:3.45707 train_time:2090.722s step_avg:1202.95ms
step:1739/3300 train_loss:3.47131 train_time:2091.923s step_avg:1202.95ms
step:1740/3300 train_loss:3.46205 train_time:2093.116s step_avg:1202.94ms
step:1741/3300 train_loss:3.45982 train_time:2094.316s step_avg:1202.94ms
step:1742/3300 train_loss:3.50781 train_time:2095.517s step_avg:1202.94ms
step:1743/3300 train_loss:3.44111 train_time:2096.723s step_avg:1202.94ms
step:1744/3300 train_loss:3.45292 train_time:2097.919s step_avg:1202.94ms
step:1745/3300 train_loss:3.51299 train_time:2099.113s step_avg:1202.93ms
step:1746/3300 train_loss:3.52214 train_time:2100.328s step_avg:1202.94ms
step:1747/3300 train_loss:3.49233 train_time:2101.536s step_avg:1202.94ms
step:1748/3300 train_loss:3.54559 train_time:2102.735s step_avg:1202.94ms
step:1749/3300 train_loss:3.50067 train_time:2103.933s step_avg:1202.93ms
step:1750/3300 train_loss:3.48718 train_time:2105.145s step_avg:1202.94ms
step:1750/3300 val_loss:3.48550 train_time:2105.145s step_avg:1200.75ms
step:1751/3300 train_loss:3.53194 train_time:2106.340s step_avg:1202.94ms
step:1752/3300 train_loss:3.52482 train_time:2107.557s step_avg:1202.94ms
step:1753/3300 train_loss:3.46363 train_time:2108.753s step_avg:1202.94ms
step:1754/3300 train_loss:3.50231 train_time:2109.944s step_avg:1202.93ms
step:1755/3300 train_loss:3.50448 train_time:2111.139s step_avg:1202.93ms
step:1756/3300 train_loss:3.46954 train_time:2112.361s step_avg:1202.94ms
step:1757/3300 train_loss:3.47552 train_time:2113.564s step_avg:1202.94ms
step:1758/3300 train_loss:3.61447 train_time:2114.768s step_avg:1202.94ms
step:1759/3300 train_loss:3.60312 train_time:2115.975s step_avg:1202.94ms
step:1760/3300 train_loss:3.54610 train_time:2117.171s step_avg:1202.94ms
step:1761/3300 train_loss:3.49160 train_time:2118.367s step_avg:1202.93ms
step:1762/3300 train_loss:3.49225 train_time:2119.592s step_avg:1202.95ms
step:1763/3300 train_loss:3.46112 train_time:2120.790s step_avg:1202.94ms
step:1764/3300 train_loss:3.48417 train_time:2121.989s step_avg:1202.94ms
step:1765/3300 train_loss:3.48543 train_time:2123.189s step_avg:1202.94ms
step:1766/3300 train_loss:3.45326 train_time:2124.399s step_avg:1202.94ms
step:1767/3300 train_loss:3.56851 train_time:2125.597s step_avg:1202.94ms
step:1768/3300 train_loss:3.50164 train_time:2126.788s step_avg:1202.93ms
step:1769/3300 train_loss:3.60611 train_time:2127.996s step_avg:1202.94ms
step:1770/3300 train_loss:3.49906 train_time:2129.199s step_avg:1202.94ms
step:1771/3300 train_loss:3.50342 train_time:2130.389s step_avg:1202.93ms
step:1772/3300 train_loss:3.45678 train_time:2131.586s step_avg:1202.93ms
step:1773/3300 train_loss:3.52352 train_time:2132.803s step_avg:1202.93ms
step:1774/3300 train_loss:3.51336 train_time:2134.002s step_avg:1202.93ms
step:1775/3300 train_loss:3.52553 train_time:2135.259s step_avg:1202.96ms
step:1776/3300 train_loss:3.52792 train_time:2136.451s step_avg:1202.96ms
step:1777/3300 train_loss:3.53079 train_time:2137.656s step_avg:1202.96ms
step:1778/3300 train_loss:3.52874 train_time:2138.852s step_avg:1202.95ms
step:1779/3300 train_loss:3.55080 train_time:2140.048s step_avg:1202.95ms
step:1780/3300 train_loss:3.48093 train_time:2141.247s step_avg:1202.95ms
step:1781/3300 train_loss:3.46406 train_time:2142.448s step_avg:1202.95ms
step:1782/3300 train_loss:3.48563 train_time:2143.653s step_avg:1202.95ms
step:1783/3300 train_loss:3.51896 train_time:2144.851s step_avg:1202.95ms
step:1784/3300 train_loss:3.41932 train_time:2146.053s step_avg:1202.94ms
step:1785/3300 train_loss:3.52547 train_time:2147.251s step_avg:1202.94ms
step:1786/3300 train_loss:3.51756 train_time:2148.457s step_avg:1202.94ms
step:1787/3300 train_loss:3.56023 train_time:2149.653s step_avg:1202.94ms
step:1788/3300 train_loss:3.45392 train_time:2150.853s step_avg:1202.94ms
step:1789/3300 train_loss:3.51827 train_time:2152.053s step_avg:1202.94ms
step:1790/3300 train_loss:3.43898 train_time:2153.262s step_avg:1202.94ms
step:1791/3300 train_loss:3.48469 train_time:2154.455s step_avg:1202.93ms
step:1792/3300 train_loss:3.50025 train_time:2155.669s step_avg:1202.94ms
step:1793/3300 train_loss:3.44450 train_time:2156.869s step_avg:1202.94ms
step:1794/3300 train_loss:3.51978 train_time:2158.077s step_avg:1202.94ms
step:1795/3300 train_loss:3.54865 train_time:2159.279s step_avg:1202.94ms
step:1796/3300 train_loss:3.54534 train_time:2160.470s step_avg:1202.93ms
step:1797/3300 train_loss:3.51698 train_time:2161.669s step_avg:1202.93ms
step:1798/3300 train_loss:3.52796 train_time:2162.870s step_avg:1202.93ms
step:1799/3300 train_loss:3.54623 train_time:2164.080s step_avg:1202.94ms
step:1800/3300 train_loss:3.47207 train_time:2165.288s step_avg:1202.94ms
step:1801/3300 train_loss:3.51433 train_time:2166.496s step_avg:1202.94ms
step:1802/3300 train_loss:3.45510 train_time:2167.693s step_avg:1202.94ms
step:1803/3300 train_loss:3.51733 train_time:2168.890s step_avg:1202.93ms
step:1804/3300 train_loss:3.47847 train_time:2170.084s step_avg:1202.93ms
step:1805/3300 train_loss:3.49243 train_time:2171.280s step_avg:1202.93ms
step:1806/3300 train_loss:3.50171 train_time:2172.479s step_avg:1202.92ms
step:1807/3300 train_loss:3.47033 train_time:2173.671s step_avg:1202.92ms
step:1808/3300 train_loss:3.52791 train_time:2174.879s step_avg:1202.92ms
step:1809/3300 train_loss:3.55034 train_time:2176.076s step_avg:1202.92ms
step:1810/3300 train_loss:3.49806 train_time:2177.270s step_avg:1202.91ms
step:1811/3300 train_loss:3.46164 train_time:2178.480s step_avg:1202.92ms
step:1812/3300 train_loss:3.47469 train_time:2179.676s step_avg:1202.91ms
step:1813/3300 train_loss:3.50271 train_time:2180.873s step_avg:1202.91ms
step:1814/3300 train_loss:3.46281 train_time:2182.073s step_avg:1202.91ms
step:1815/3300 train_loss:3.52074 train_time:2183.282s step_avg:1202.91ms
step:1816/3300 train_loss:3.47525 train_time:2184.479s step_avg:1202.91ms
step:1817/3300 train_loss:3.46161 train_time:2185.676s step_avg:1202.90ms
step:1818/3300 train_loss:3.46686 train_time:2186.871s step_avg:1202.90ms
step:1819/3300 train_loss:3.49746 train_time:2188.076s step_avg:1202.90ms
step:1820/3300 train_loss:3.45687 train_time:2189.279s step_avg:1202.90ms
step:1821/3300 train_loss:3.49008 train_time:2190.476s step_avg:1202.90ms
step:1822/3300 train_loss:3.44948 train_time:2191.676s step_avg:1202.90ms
step:1823/3300 train_loss:3.50728 train_time:2192.874s step_avg:1202.89ms
step:1824/3300 train_loss:3.52175 train_time:2194.081s step_avg:1202.90ms
step:1825/3300 train_loss:3.62502 train_time:2195.272s step_avg:1202.89ms
step:1826/3300 train_loss:3.46521 train_time:2196.478s step_avg:1202.89ms
step:1827/3300 train_loss:3.45428 train_time:2197.693s step_avg:1202.90ms
step:1828/3300 train_loss:3.51848 train_time:2198.893s step_avg:1202.90ms
step:1829/3300 train_loss:3.45621 train_time:2200.094s step_avg:1202.89ms
step:1830/3300 train_loss:3.48357 train_time:2201.290s step_avg:1202.89ms
step:1831/3300 train_loss:3.45098 train_time:2202.504s step_avg:1202.90ms
step:1832/3300 train_loss:3.47240 train_time:2203.705s step_avg:1202.90ms
step:1833/3300 train_loss:3.53360 train_time:2204.905s step_avg:1202.89ms
step:1834/3300 train_loss:3.49434 train_time:2206.093s step_avg:1202.89ms
step:1835/3300 train_loss:3.54098 train_time:2207.283s step_avg:1202.88ms
step:1836/3300 train_loss:3.47406 train_time:2208.470s step_avg:1202.87ms
step:1837/3300 train_loss:3.46665 train_time:2209.663s step_avg:1202.87ms
step:1838/3300 train_loss:3.44196 train_time:2210.848s step_avg:1202.86ms
step:1839/3300 train_loss:3.49788 train_time:2212.041s step_avg:1202.85ms
step:1840/3300 train_loss:3.46271 train_time:2213.237s step_avg:1202.85ms
step:1841/3300 train_loss:3.55840 train_time:2214.441s step_avg:1202.85ms
step:1842/3300 train_loss:3.48347 train_time:2215.647s step_avg:1202.85ms
step:1843/3300 train_loss:3.44093 train_time:2216.845s step_avg:1202.85ms
step:1844/3300 train_loss:3.44185 train_time:2218.044s step_avg:1202.84ms
step:1845/3300 train_loss:3.46315 train_time:2219.236s step_avg:1202.84ms
step:1846/3300 train_loss:3.48704 train_time:2220.438s step_avg:1202.84ms
step:1847/3300 train_loss:3.48606 train_time:2221.636s step_avg:1202.83ms
step:1848/3300 train_loss:3.47988 train_time:2222.846s step_avg:1202.84ms
step:1849/3300 train_loss:3.51033 train_time:2224.041s step_avg:1202.83ms
step:1850/3300 train_loss:3.45894 train_time:2225.236s step_avg:1202.83ms
step:1851/3300 train_loss:3.48827 train_time:2226.434s step_avg:1202.83ms
step:1852/3300 train_loss:3.46485 train_time:2227.635s step_avg:1202.83ms
step:1853/3300 train_loss:3.52019 train_time:2228.830s step_avg:1202.82ms
step:1854/3300 train_loss:3.46588 train_time:2230.028s step_avg:1202.82ms
step:1855/3300 train_loss:3.45000 train_time:2231.228s step_avg:1202.82ms
step:1856/3300 train_loss:3.47108 train_time:2232.426s step_avg:1202.82ms
step:1857/3300 train_loss:3.50345 train_time:2233.636s step_avg:1202.82ms
step:1858/3300 train_loss:3.51841 train_time:2234.838s step_avg:1202.82ms
step:1859/3300 train_loss:3.47935 train_time:2236.045s step_avg:1202.82ms
step:1860/3300 train_loss:3.42331 train_time:2237.238s step_avg:1202.82ms
step:1861/3300 train_loss:3.47138 train_time:2238.438s step_avg:1202.81ms
step:1862/3300 train_loss:3.50705 train_time:2239.638s step_avg:1202.81ms
step:1863/3300 train_loss:3.54274 train_time:2240.838s step_avg:1202.81ms
step:1864/3300 train_loss:3.50931 train_time:2242.039s step_avg:1202.81ms
step:1865/3300 train_loss:3.44104 train_time:2243.245s step_avg:1202.81ms
step:1866/3300 train_loss:3.46391 train_time:2244.439s step_avg:1202.81ms
step:1867/3300 train_loss:3.48406 train_time:2245.645s step_avg:1202.81ms
step:1868/3300 train_loss:3.56700 train_time:2246.832s step_avg:1202.80ms
step:1869/3300 train_loss:3.42751 train_time:2248.029s step_avg:1202.80ms
step:1870/3300 train_loss:3.48171 train_time:2249.223s step_avg:1202.79ms
step:1871/3300 train_loss:3.51618 train_time:2250.420s step_avg:1202.79ms
step:1872/3300 train_loss:3.45318 train_time:2251.615s step_avg:1202.79ms
step:1873/3300 train_loss:3.48714 train_time:2252.816s step_avg:1202.78ms
step:1874/3300 train_loss:3.46707 train_time:2254.019s step_avg:1202.79ms
step:1875/3300 train_loss:3.54169 train_time:2255.218s step_avg:1202.78ms
step:1875/3300 val_loss:3.46582 train_time:2255.218s step_avg:1200.58ms
step:1876/3300 train_loss:3.50723 train_time:2256.417s step_avg:1202.78ms
step:1877/3300 train_loss:3.52859 train_time:2257.619s step_avg:1202.78ms
step:1878/3300 train_loss:3.56525 train_time:2258.814s step_avg:1202.78ms
step:1879/3300 train_loss:3.56680 train_time:2260.021s step_avg:1202.78ms
step:1880/3300 train_loss:3.46143 train_time:2261.217s step_avg:1202.77ms
step:1881/3300 train_loss:3.39951 train_time:2262.415s step_avg:1202.77ms
step:1882/3300 train_loss:3.48248 train_time:2263.614s step_avg:1202.77ms
step:1883/3300 train_loss:3.44146 train_time:2264.814s step_avg:1202.77ms
step:1884/3300 train_loss:3.48064 train_time:2266.013s step_avg:1202.77ms
step:1885/3300 train_loss:3.47311 train_time:2267.209s step_avg:1202.76ms
step:1886/3300 train_loss:3.42934 train_time:2268.408s step_avg:1202.76ms
step:1887/3300 train_loss:3.47074 train_time:2269.611s step_avg:1202.76ms
step:1888/3300 train_loss:3.43072 train_time:2270.809s step_avg:1202.76ms
step:1889/3300 train_loss:3.46638 train_time:2271.994s step_avg:1202.75ms
step:1890/3300 train_loss:3.48545 train_time:2273.199s step_avg:1202.75ms
step:1891/3300 train_loss:3.50913 train_time:2274.397s step_avg:1202.75ms
step:1892/3300 train_loss:3.41471 train_time:2275.596s step_avg:1202.75ms
step:1893/3300 train_loss:3.49076 train_time:2276.794s step_avg:1202.74ms
step:1894/3300 train_loss:3.47570 train_time:2277.990s step_avg:1202.74ms
step:1895/3300 train_loss:3.43553 train_time:2279.187s step_avg:1202.74ms
step:1896/3300 train_loss:3.53085 train_time:2280.448s step_avg:1202.77ms
step:1897/3300 train_loss:3.51645 train_time:2281.647s step_avg:1202.77ms
step:1898/3300 train_loss:3.43146 train_time:2282.836s step_avg:1202.76ms
step:1899/3300 train_loss:3.42426 train_time:2284.035s step_avg:1202.76ms
step:1900/3300 train_loss:3.44852 train_time:2285.247s step_avg:1202.76ms
step:1901/3300 train_loss:3.40937 train_time:2286.475s step_avg:1202.77ms
step:1902/3300 train_loss:3.49120 train_time:2287.675s step_avg:1202.77ms
step:1903/3300 train_loss:3.51208 train_time:2288.871s step_avg:1202.77ms
step:1904/3300 train_loss:3.46475 train_time:2290.072s step_avg:1202.77ms
step:1905/3300 train_loss:3.45046 train_time:2291.270s step_avg:1202.77ms
step:1906/3300 train_loss:3.49571 train_time:2292.481s step_avg:1202.77ms
step:1907/3300 train_loss:3.45324 train_time:2293.699s step_avg:1202.78ms
step:1908/3300 train_loss:3.47076 train_time:2294.924s step_avg:1202.79ms
step:1909/3300 train_loss:3.41582 train_time:2296.144s step_avg:1202.80ms
step:1910/3300 train_loss:3.50434 train_time:2297.343s step_avg:1202.80ms
step:1911/3300 train_loss:3.48215 train_time:2298.539s step_avg:1202.79ms
step:1912/3300 train_loss:3.39757 train_time:2299.764s step_avg:1202.81ms
step:1913/3300 train_loss:3.51369 train_time:2300.968s step_avg:1202.81ms
step:1914/3300 train_loss:3.60161 train_time:2302.168s step_avg:1202.80ms
step:1915/3300 train_loss:3.43752 train_time:2303.359s step_avg:1202.80ms
step:1916/3300 train_loss:3.41404 train_time:2304.556s step_avg:1202.80ms
step:1917/3300 train_loss:3.50827 train_time:2305.761s step_avg:1202.80ms
step:1918/3300 train_loss:3.50120 train_time:2306.957s step_avg:1202.79ms
step:1919/3300 train_loss:3.49734 train_time:2308.157s step_avg:1202.79ms
step:1920/3300 train_loss:3.43565 train_time:2309.357s step_avg:1202.79ms
step:1921/3300 train_loss:3.47878 train_time:2310.554s step_avg:1202.79ms
step:1922/3300 train_loss:3.42768 train_time:2311.760s step_avg:1202.79ms
step:1923/3300 train_loss:3.46656 train_time:2312.964s step_avg:1202.79ms
step:1924/3300 train_loss:3.50610 train_time:2314.170s step_avg:1202.79ms
step:1925/3300 train_loss:3.44131 train_time:2315.378s step_avg:1202.79ms
step:1926/3300 train_loss:3.46241 train_time:2316.582s step_avg:1202.79ms
step:1927/3300 train_loss:3.48838 train_time:2317.779s step_avg:1202.79ms
step:1928/3300 train_loss:3.53810 train_time:2318.980s step_avg:1202.79ms
step:1929/3300 train_loss:3.47625 train_time:2320.179s step_avg:1202.79ms
step:1930/3300 train_loss:3.49286 train_time:2321.382s step_avg:1202.79ms
step:1931/3300 train_loss:3.38845 train_time:2322.579s step_avg:1202.79ms
step:1932/3300 train_loss:3.80743 train_time:2323.775s step_avg:1202.78ms
step:1933/3300 train_loss:3.50879 train_time:2325.039s step_avg:1202.81ms
step:1934/3300 train_loss:3.47823 train_time:2326.254s step_avg:1202.82ms
step:1935/3300 train_loss:3.51283 train_time:2327.450s step_avg:1202.82ms
step:1936/3300 train_loss:3.48187 train_time:2328.641s step_avg:1202.81ms
step:1937/3300 train_loss:3.50282 train_time:2329.838s step_avg:1202.81ms
step:1938/3300 train_loss:3.42992 train_time:2331.037s step_avg:1202.81ms
step:1939/3300 train_loss:3.44153 train_time:2332.234s step_avg:1202.80ms
step:1940/3300 train_loss:3.49734 train_time:2333.445s step_avg:1202.81ms
step:1941/3300 train_loss:3.48300 train_time:2334.640s step_avg:1202.80ms
step:1942/3300 train_loss:3.40147 train_time:2335.840s step_avg:1202.80ms
step:1943/3300 train_loss:3.53044 train_time:2337.041s step_avg:1202.80ms
step:1944/3300 train_loss:3.41597 train_time:2338.236s step_avg:1202.80ms
step:1945/3300 train_loss:3.50181 train_time:2339.433s step_avg:1202.79ms
step:1946/3300 train_loss:3.49244 train_time:2340.645s step_avg:1202.80ms
step:1947/3300 train_loss:3.42965 train_time:2341.864s step_avg:1202.81ms
step:1948/3300 train_loss:3.48288 train_time:2343.076s step_avg:1202.81ms
step:1949/3300 train_loss:3.39267 train_time:2344.280s step_avg:1202.81ms
step:1950/3300 train_loss:3.52286 train_time:2345.474s step_avg:1202.81ms
step:1951/3300 train_loss:3.49600 train_time:2346.671s step_avg:1202.80ms
step:1952/3300 train_loss:3.55246 train_time:2347.862s step_avg:1202.80ms
step:1953/3300 train_loss:3.41643 train_time:2349.062s step_avg:1202.80ms
step:1954/3300 train_loss:3.46231 train_time:2350.281s step_avg:1202.81ms
step:1955/3300 train_loss:3.48251 train_time:2351.480s step_avg:1202.80ms
step:1956/3300 train_loss:3.44301 train_time:2352.678s step_avg:1202.80ms
step:1957/3300 train_loss:3.46763 train_time:2353.883s step_avg:1202.80ms
step:1958/3300 train_loss:3.49626 train_time:2355.080s step_avg:1202.80ms
step:1959/3300 train_loss:3.54846 train_time:2356.274s step_avg:1202.79ms
step:1960/3300 train_loss:3.42698 train_time:2357.474s step_avg:1202.79ms
step:1961/3300 train_loss:3.48787 train_time:2358.664s step_avg:1202.79ms
step:1962/3300 train_loss:3.43817 train_time:2359.862s step_avg:1202.78ms
step:1963/3300 train_loss:3.46481 train_time:2361.062s step_avg:1202.78ms
step:1964/3300 train_loss:3.45905 train_time:2362.282s step_avg:1202.79ms
step:1965/3300 train_loss:3.46276 train_time:2363.509s step_avg:1202.80ms
step:1966/3300 train_loss:3.52411 train_time:2364.729s step_avg:1202.81ms
step:1967/3300 train_loss:3.41926 train_time:2365.948s step_avg:1202.82ms
step:1968/3300 train_loss:3.47617 train_time:2367.149s step_avg:1202.82ms
step:1969/3300 train_loss:3.42691 train_time:2368.342s step_avg:1202.81ms
step:1970/3300 train_loss:3.45828 train_time:2369.538s step_avg:1202.81ms
step:1971/3300 train_loss:3.47839 train_time:2370.737s step_avg:1202.81ms
step:1972/3300 train_loss:3.43656 train_time:2371.937s step_avg:1202.81ms
step:1973/3300 train_loss:3.42299 train_time:2373.135s step_avg:1202.81ms
step:1974/3300 train_loss:3.43752 train_time:2374.325s step_avg:1202.80ms
step:1975/3300 train_loss:3.45465 train_time:2375.552s step_avg:1202.81ms
step:1976/3300 train_loss:3.46343 train_time:2376.757s step_avg:1202.81ms
step:1977/3300 train_loss:3.50460 train_time:2377.950s step_avg:1202.81ms
step:1978/3300 train_loss:3.50048 train_time:2379.145s step_avg:1202.80ms
step:1979/3300 train_loss:3.48516 train_time:2380.366s step_avg:1202.81ms
step:1980/3300 train_loss:3.48362 train_time:2381.570s step_avg:1202.81ms
step:1981/3300 train_loss:3.44468 train_time:2382.780s step_avg:1202.82ms
step:1982/3300 train_loss:3.46300 train_time:2383.980s step_avg:1202.82ms
step:1983/3300 train_loss:3.60692 train_time:2385.180s step_avg:1202.81ms
step:1984/3300 train_loss:3.41589 train_time:2386.377s step_avg:1202.81ms
step:1985/3300 train_loss:3.43684 train_time:2387.578s step_avg:1202.81ms
step:1986/3300 train_loss:3.44006 train_time:2388.776s step_avg:1202.81ms
step:1987/3300 train_loss:3.44788 train_time:2389.974s step_avg:1202.81ms
step:1988/3300 train_loss:3.47139 train_time:2391.170s step_avg:1202.80ms
step:1989/3300 train_loss:3.43518 train_time:2392.376s step_avg:1202.80ms
step:1990/3300 train_loss:3.47645 train_time:2393.582s step_avg:1202.81ms
step:1991/3300 train_loss:3.45679 train_time:2394.793s step_avg:1202.81ms
step:1992/3300 train_loss:3.44331 train_time:2395.994s step_avg:1202.81ms
step:1993/3300 train_loss:3.53924 train_time:2397.185s step_avg:1202.80ms
step:1994/3300 train_loss:3.46289 train_time:2398.386s step_avg:1202.80ms
step:1995/3300 train_loss:3.45739 train_time:2399.585s step_avg:1202.80ms
step:1996/3300 train_loss:3.51833 train_time:2400.799s step_avg:1202.80ms
step:1997/3300 train_loss:3.57951 train_time:2402.002s step_avg:1202.81ms
step:1998/3300 train_loss:3.46415 train_time:2403.204s step_avg:1202.80ms
step:1999/3300 train_loss:3.52279 train_time:2404.398s step_avg:1202.80ms
step:2000/3300 train_loss:3.43322 train_time:2405.608s step_avg:1202.80ms
step:2000/3300 val_loss:3.44529 train_time:2405.608s step_avg:1203.12ms
step:2001/3300 train_loss:3.49035 train_time:2406.801s step_avg:1202.80ms
step:2002/3300 train_loss:3.46337 train_time:2408.004s step_avg:1202.80ms
step:2003/3300 train_loss:3.44855 train_time:2409.193s step_avg:1202.79ms
step:2004/3300 train_loss:3.59386 train_time:2410.388s step_avg:1202.79ms
step:2005/3300 train_loss:3.43366 train_time:2411.590s step_avg:1202.79ms
step:2006/3300 train_loss:3.46070 train_time:2412.789s step_avg:1202.79ms
step:2007/3300 train_loss:3.46194 train_time:2414.000s step_avg:1202.79ms
step:2008/3300 train_loss:3.39741 train_time:2415.195s step_avg:1202.79ms
step:2009/3300 train_loss:3.47459 train_time:2416.410s step_avg:1202.79ms
step:2010/3300 train_loss:3.46891 train_time:2417.620s step_avg:1202.80ms
step:2011/3300 train_loss:3.47262 train_time:2418.815s step_avg:1202.79ms
step:2012/3300 train_loss:3.43926 train_time:2420.014s step_avg:1202.79ms
step:2013/3300 train_loss:3.46348 train_time:2421.214s step_avg:1202.79ms
step:2014/3300 train_loss:3.46757 train_time:2422.423s step_avg:1202.79ms
step:2015/3300 train_loss:3.41405 train_time:2423.619s step_avg:1202.79ms
step:2016/3300 train_loss:3.49650 train_time:2424.815s step_avg:1202.79ms
step:2017/3300 train_loss:3.43977 train_time:2426.012s step_avg:1202.78ms
step:2018/3300 train_loss:3.51708 train_time:2427.218s step_avg:1202.78ms
step:2019/3300 train_loss:3.47466 train_time:2428.417s step_avg:1202.78ms
step:2020/3300 train_loss:3.39529 train_time:2429.615s step_avg:1202.78ms
step:2021/3300 train_loss:3.46713 train_time:2430.813s step_avg:1202.78ms
step:2022/3300 train_loss:3.37353 train_time:2432.042s step_avg:1202.79ms
step:2023/3300 train_loss:3.42030 train_time:2433.239s step_avg:1202.79ms
step:2024/3300 train_loss:3.44695 train_time:2434.444s step_avg:1202.79ms
step:2025/3300 train_loss:3.37615 train_time:2435.637s step_avg:1202.78ms
step:2026/3300 train_loss:3.45319 train_time:2436.832s step_avg:1202.78ms
step:2027/3300 train_loss:3.41641 train_time:2438.041s step_avg:1202.78ms
step:2028/3300 train_loss:3.44848 train_time:2439.246s step_avg:1202.78ms
step:2029/3300 train_loss:3.45661 train_time:2440.439s step_avg:1202.78ms
step:2030/3300 train_loss:3.46648 train_time:2441.636s step_avg:1202.78ms
step:2031/3300 train_loss:3.45476 train_time:2442.841s step_avg:1202.78ms
step:2032/3300 train_loss:3.45611 train_time:2444.049s step_avg:1202.78ms
step:2033/3300 train_loss:3.42238 train_time:2445.266s step_avg:1202.79ms
step:2034/3300 train_loss:3.46392 train_time:2446.457s step_avg:1202.78ms
step:2035/3300 train_loss:3.46897 train_time:2447.669s step_avg:1202.79ms
step:2036/3300 train_loss:3.41324 train_time:2448.860s step_avg:1202.78ms
step:2037/3300 train_loss:3.51004 train_time:2450.058s step_avg:1202.78ms
step:2038/3300 train_loss:3.44939 train_time:2451.256s step_avg:1202.78ms
step:2039/3300 train_loss:3.43208 train_time:2452.452s step_avg:1202.77ms
step:2040/3300 train_loss:3.45604 train_time:2453.647s step_avg:1202.77ms
step:2041/3300 train_loss:3.45217 train_time:2454.838s step_avg:1202.76ms
step:2042/3300 train_loss:3.45014 train_time:2456.044s step_avg:1202.76ms
step:2043/3300 train_loss:3.42891 train_time:2457.247s step_avg:1202.76ms
step:2044/3300 train_loss:3.46322 train_time:2458.436s step_avg:1202.76ms
step:2045/3300 train_loss:3.39032 train_time:2459.634s step_avg:1202.76ms
step:2046/3300 train_loss:3.46948 train_time:2460.832s step_avg:1202.75ms
step:2047/3300 train_loss:3.46029 train_time:2462.033s step_avg:1202.75ms
step:2048/3300 train_loss:3.45306 train_time:2463.242s step_avg:1202.75ms
step:2049/3300 train_loss:3.41136 train_time:2464.437s step_avg:1202.75ms
step:2050/3300 train_loss:3.49556 train_time:2465.633s step_avg:1202.75ms
step:2051/3300 train_loss:3.49378 train_time:2466.845s step_avg:1202.75ms
step:2052/3300 train_loss:3.44490 train_time:2468.049s step_avg:1202.75ms
step:2053/3300 train_loss:3.54618 train_time:2469.240s step_avg:1202.75ms
step:2054/3300 train_loss:3.45145 train_time:2470.440s step_avg:1202.75ms
step:2055/3300 train_loss:3.41345 train_time:2471.640s step_avg:1202.74ms
step:2056/3300 train_loss:3.46596 train_time:2472.842s step_avg:1202.74ms
step:2057/3300 train_loss:3.37514 train_time:2474.044s step_avg:1202.74ms
step:2058/3300 train_loss:3.48139 train_time:2475.239s step_avg:1202.74ms
step:2059/3300 train_loss:3.48599 train_time:2476.441s step_avg:1202.74ms
step:2060/3300 train_loss:3.34589 train_time:2477.650s step_avg:1202.74ms
step:2061/3300 train_loss:3.41132 train_time:2478.845s step_avg:1202.74ms
step:2062/3300 train_loss:3.45832 train_time:2480.041s step_avg:1202.74ms
step:2063/3300 train_loss:3.46104 train_time:2481.240s step_avg:1202.73ms
step:2064/3300 train_loss:3.45285 train_time:2482.439s step_avg:1202.73ms
step:2065/3300 train_loss:3.46456 train_time:2483.638s step_avg:1202.73ms
step:2066/3300 train_loss:3.42787 train_time:2484.837s step_avg:1202.73ms
step:2067/3300 train_loss:3.45577 train_time:2486.034s step_avg:1202.73ms
step:2068/3300 train_loss:3.43353 train_time:2487.230s step_avg:1202.72ms
step:2069/3300 train_loss:3.52735 train_time:2488.425s step_avg:1202.72ms
step:2070/3300 train_loss:3.47560 train_time:2489.623s step_avg:1202.72ms
step:2071/3300 train_loss:3.47857 train_time:2490.819s step_avg:1202.71ms
step:2072/3300 train_loss:3.45343 train_time:2492.016s step_avg:1202.71ms
step:2073/3300 train_loss:3.52409 train_time:2493.221s step_avg:1202.71ms
step:2074/3300 train_loss:3.48609 train_time:2494.420s step_avg:1202.71ms
step:2075/3300 train_loss:3.49393 train_time:2495.618s step_avg:1202.71ms
step:2076/3300 train_loss:3.46284 train_time:2496.815s step_avg:1202.70ms
step:2077/3300 train_loss:3.44537 train_time:2498.034s step_avg:1202.71ms
step:2078/3300 train_loss:3.40238 train_time:2499.236s step_avg:1202.71ms
step:2079/3300 train_loss:3.42393 train_time:2500.435s step_avg:1202.71ms
step:2080/3300 train_loss:3.51791 train_time:2501.635s step_avg:1202.71ms
step:2081/3300 train_loss:3.46794 train_time:2502.835s step_avg:1202.71ms
step:2082/3300 train_loss:3.42250 train_time:2504.048s step_avg:1202.71ms
step:2083/3300 train_loss:3.39914 train_time:2505.245s step_avg:1202.71ms
step:2084/3300 train_loss:3.40380 train_time:2506.449s step_avg:1202.71ms
step:2085/3300 train_loss:3.46785 train_time:2507.644s step_avg:1202.71ms
step:2086/3300 train_loss:3.44072 train_time:2508.843s step_avg:1202.71ms
step:2087/3300 train_loss:3.43115 train_time:2510.043s step_avg:1202.70ms
step:2088/3300 train_loss:3.48601 train_time:2511.242s step_avg:1202.70ms
step:2089/3300 train_loss:3.40777 train_time:2512.442s step_avg:1202.70ms
step:2090/3300 train_loss:3.40848 train_time:2513.641s step_avg:1202.70ms
step:2091/3300 train_loss:3.46727 train_time:2514.863s step_avg:1202.71ms
step:2092/3300 train_loss:3.46214 train_time:2516.062s step_avg:1202.71ms
step:2093/3300 train_loss:3.42189 train_time:2517.262s step_avg:1202.71ms
step:2094/3300 train_loss:3.52137 train_time:2518.460s step_avg:1202.70ms
step:2095/3300 train_loss:3.44021 train_time:2519.654s step_avg:1202.70ms
step:2096/3300 train_loss:3.45118 train_time:2520.847s step_avg:1202.69ms
step:2097/3300 train_loss:3.45262 train_time:2522.067s step_avg:1202.70ms
step:2098/3300 train_loss:3.41047 train_time:2523.271s step_avg:1202.70ms
step:2099/3300 train_loss:3.42610 train_time:2524.463s step_avg:1202.70ms
step:2100/3300 train_loss:3.53311 train_time:2525.660s step_avg:1202.70ms
step:2101/3300 train_loss:3.43718 train_time:2526.860s step_avg:1202.69ms
step:2102/3300 train_loss:3.44029 train_time:2528.136s step_avg:1202.73ms
step:2103/3300 train_loss:3.40787 train_time:2529.336s step_avg:1202.73ms
step:2104/3300 train_loss:3.48538 train_time:2530.538s step_avg:1202.73ms
step:2105/3300 train_loss:3.43702 train_time:2531.736s step_avg:1202.73ms
step:2106/3300 train_loss:3.42269 train_time:2532.938s step_avg:1202.72ms
step:2107/3300 train_loss:3.45191 train_time:2534.144s step_avg:1202.73ms
step:2108/3300 train_loss:3.48065 train_time:2535.354s step_avg:1202.73ms
step:2109/3300 train_loss:3.45337 train_time:2536.556s step_avg:1202.73ms
step:2110/3300 train_loss:3.37477 train_time:2537.758s step_avg:1202.73ms
step:2111/3300 train_loss:3.43678 train_time:2538.958s step_avg:1202.73ms
step:2112/3300 train_loss:3.39710 train_time:2540.159s step_avg:1202.73ms
step:2113/3300 train_loss:3.41290 train_time:2541.356s step_avg:1202.72ms
step:2114/3300 train_loss:3.44316 train_time:2542.579s step_avg:1202.73ms
step:2115/3300 train_loss:3.46019 train_time:2543.783s step_avg:1202.73ms
step:2116/3300 train_loss:3.49523 train_time:2544.979s step_avg:1202.73ms
step:2117/3300 train_loss:3.42820 train_time:2546.178s step_avg:1202.73ms
step:2118/3300 train_loss:3.50250 train_time:2547.375s step_avg:1202.73ms
step:2119/3300 train_loss:3.41120 train_time:2548.565s step_avg:1202.72ms
step:2120/3300 train_loss:3.41549 train_time:2549.751s step_avg:1202.71ms
step:2121/3300 train_loss:3.37692 train_time:2550.943s step_avg:1202.71ms
step:2122/3300 train_loss:3.42393 train_time:2552.134s step_avg:1202.70ms
step:2123/3300 train_loss:3.41817 train_time:2553.339s step_avg:1202.70ms
step:2124/3300 train_loss:3.48029 train_time:2554.547s step_avg:1202.71ms
step:2125/3300 train_loss:3.37877 train_time:2555.745s step_avg:1202.70ms
step:2125/3300 val_loss:3.42739 train_time:2555.745s step_avg:1201.09ms
step:2126/3300 train_loss:3.48291 train_time:2556.949s step_avg:1202.70ms
step:2127/3300 train_loss:3.46456 train_time:2558.150s step_avg:1202.70ms
step:2128/3300 train_loss:3.40012 train_time:2559.337s step_avg:1202.70ms
step:2129/3300 train_loss:3.44245 train_time:2560.537s step_avg:1202.69ms
step:2130/3300 train_loss:3.43438 train_time:2561.752s step_avg:1202.70ms
step:2131/3300 train_loss:3.48318 train_time:2562.966s step_avg:1202.71ms
step:2132/3300 train_loss:3.43901 train_time:2564.162s step_avg:1202.70ms
step:2133/3300 train_loss:3.39156 train_time:2565.361s step_avg:1202.70ms
step:2134/3300 train_loss:3.46862 train_time:2566.548s step_avg:1202.69ms
step:2135/3300 train_loss:3.43061 train_time:2567.737s step_avg:1202.69ms
step:2136/3300 train_loss:3.40713 train_time:2568.934s step_avg:1202.68ms
step:2137/3300 train_loss:3.44546 train_time:2570.139s step_avg:1202.69ms
step:2138/3300 train_loss:3.40272 train_time:2571.345s step_avg:1202.69ms
step:2139/3300 train_loss:3.45247 train_time:2572.541s step_avg:1202.68ms
step:2140/3300 train_loss:3.53941 train_time:2573.743s step_avg:1202.68ms
step:2141/3300 train_loss:3.47278 train_time:2574.940s step_avg:1202.68ms
step:2142/3300 train_loss:3.42746 train_time:2576.139s step_avg:1202.68ms
step:2143/3300 train_loss:3.40875 train_time:2577.340s step_avg:1202.68ms
step:2144/3300 train_loss:3.38234 train_time:2578.538s step_avg:1202.68ms
step:2145/3300 train_loss:3.49210 train_time:2579.733s step_avg:1202.67ms
step:2146/3300 train_loss:3.43500 train_time:2580.938s step_avg:1202.67ms
step:2147/3300 train_loss:3.52218 train_time:2582.141s step_avg:1202.67ms
step:2148/3300 train_loss:3.46952 train_time:2583.337s step_avg:1202.67ms
step:2149/3300 train_loss:3.41115 train_time:2584.545s step_avg:1202.67ms
step:2150/3300 train_loss:3.49391 train_time:2585.740s step_avg:1202.67ms
step:2151/3300 train_loss:3.42864 train_time:2586.938s step_avg:1202.67ms
step:2152/3300 train_loss:3.55930 train_time:2588.135s step_avg:1202.66ms
step:2153/3300 train_loss:3.47681 train_time:2589.335s step_avg:1202.66ms
step:2154/3300 train_loss:3.51408 train_time:2590.534s step_avg:1202.66ms
step:2155/3300 train_loss:3.40654 train_time:2591.734s step_avg:1202.66ms
step:2156/3300 train_loss:3.40105 train_time:2592.942s step_avg:1202.66ms
step:2157/3300 train_loss:3.42734 train_time:2594.141s step_avg:1202.66ms
step:2158/3300 train_loss:3.39225 train_time:2595.339s step_avg:1202.66ms
step:2159/3300 train_loss:3.50366 train_time:2596.548s step_avg:1202.66ms
step:2160/3300 train_loss:3.50853 train_time:2597.742s step_avg:1202.66ms
step:2161/3300 train_loss:3.42921 train_time:2598.941s step_avg:1202.66ms
step:2162/3300 train_loss:3.38733 train_time:2600.150s step_avg:1202.66ms
step:2163/3300 train_loss:3.53427 train_time:2601.340s step_avg:1202.65ms
step:2164/3300 train_loss:3.43708 train_time:2602.564s step_avg:1202.66ms
step:2165/3300 train_loss:3.48332 train_time:2603.761s step_avg:1202.66ms
step:2166/3300 train_loss:3.48265 train_time:2604.983s step_avg:1202.67ms
step:2167/3300 train_loss:3.43793 train_time:2606.183s step_avg:1202.67ms
step:2168/3300 train_loss:3.43793 train_time:2607.383s step_avg:1202.67ms
step:2169/3300 train_loss:3.48609 train_time:2608.583s step_avg:1202.67ms
step:2170/3300 train_loss:3.44674 train_time:2609.785s step_avg:1202.67ms
step:2171/3300 train_loss:3.47099 train_time:2610.981s step_avg:1202.66ms
step:2172/3300 train_loss:3.42558 train_time:2612.193s step_avg:1202.67ms
step:2173/3300 train_loss:3.48238 train_time:2613.387s step_avg:1202.66ms
step:2174/3300 train_loss:3.45926 train_time:2614.581s step_avg:1202.66ms
step:2175/3300 train_loss:3.42083 train_time:2615.785s step_avg:1202.66ms
step:2176/3300 train_loss:3.42589 train_time:2616.980s step_avg:1202.66ms
step:2177/3300 train_loss:3.48491 train_time:2618.179s step_avg:1202.65ms
step:2178/3300 train_loss:3.36141 train_time:2619.381s step_avg:1202.65ms
step:2179/3300 train_loss:3.42760 train_time:2620.587s step_avg:1202.66ms
step:2180/3300 train_loss:3.45386 train_time:2621.797s step_avg:1202.66ms
step:2181/3300 train_loss:3.45273 train_time:2623.009s step_avg:1202.66ms
step:2182/3300 train_loss:3.41222 train_time:2624.205s step_avg:1202.66ms
step:2183/3300 train_loss:3.38962 train_time:2625.400s step_avg:1202.66ms
step:2184/3300 train_loss:3.44770 train_time:2626.595s step_avg:1202.65ms
step:2185/3300 train_loss:3.48760 train_time:2627.794s step_avg:1202.65ms
step:2186/3300 train_loss:3.34944 train_time:2628.984s step_avg:1202.65ms
step:2187/3300 train_loss:3.41572 train_time:2630.182s step_avg:1202.64ms
step:2188/3300 train_loss:3.35932 train_time:2631.382s step_avg:1202.64ms
step:2189/3300 train_loss:3.39675 train_time:2632.582s step_avg:1202.64ms
step:2190/3300 train_loss:3.43739 train_time:2633.786s step_avg:1202.64ms
step:2191/3300 train_loss:3.38069 train_time:2634.999s step_avg:1202.65ms
step:2192/3300 train_loss:3.47902 train_time:2636.205s step_avg:1202.65ms
step:2193/3300 train_loss:3.43936 train_time:2637.402s step_avg:1202.65ms
step:2194/3300 train_loss:3.46048 train_time:2638.604s step_avg:1202.65ms
step:2195/3300 train_loss:3.38967 train_time:2639.803s step_avg:1202.64ms
step:2196/3300 train_loss:3.39620 train_time:2641.015s step_avg:1202.65ms
step:2197/3300 train_loss:3.44156 train_time:2642.228s step_avg:1202.65ms
step:2198/3300 train_loss:3.42160 train_time:2643.425s step_avg:1202.65ms
step:2199/3300 train_loss:3.40778 train_time:2644.643s step_avg:1202.66ms
step:2200/3300 train_loss:3.44820 train_time:2645.843s step_avg:1202.66ms
step:2201/3300 train_loss:3.38578 train_time:2647.039s step_avg:1202.65ms
step:2202/3300 train_loss:3.64381 train_time:2648.242s step_avg:1202.65ms
step:2203/3300 train_loss:3.49850 train_time:2649.448s step_avg:1202.65ms
step:2204/3300 train_loss:3.39736 train_time:2650.645s step_avg:1202.65ms
step:2205/3300 train_loss:3.45105 train_time:2651.851s step_avg:1202.65ms
step:2206/3300 train_loss:3.45777 train_time:2653.056s step_avg:1202.65ms
step:2207/3300 train_loss:3.50874 train_time:2654.266s step_avg:1202.66ms
step:2208/3300 train_loss:3.45200 train_time:2655.483s step_avg:1202.66ms
step:2209/3300 train_loss:3.39287 train_time:2656.694s step_avg:1202.67ms
step:2210/3300 train_loss:3.41379 train_time:2657.883s step_avg:1202.66ms
step:2211/3300 train_loss:3.39636 train_time:2659.079s step_avg:1202.66ms
step:2212/3300 train_loss:3.46304 train_time:2660.277s step_avg:1202.66ms
step:2213/3300 train_loss:3.36617 train_time:2661.524s step_avg:1202.68ms
step:2214/3300 train_loss:3.41897 train_time:2662.723s step_avg:1202.68ms
step:2215/3300 train_loss:3.46366 train_time:2663.917s step_avg:1202.67ms
step:2216/3300 train_loss:3.47405 train_time:2665.118s step_avg:1202.67ms
step:2217/3300 train_loss:3.42874 train_time:2666.313s step_avg:1202.67ms
step:2218/3300 train_loss:3.38837 train_time:2667.506s step_avg:1202.66ms
step:2219/3300 train_loss:3.45050 train_time:2668.704s step_avg:1202.66ms
step:2220/3300 train_loss:3.43297 train_time:2669.903s step_avg:1202.66ms
step:2221/3300 train_loss:3.48029 train_time:2671.103s step_avg:1202.66ms
step:2222/3300 train_loss:3.43037 train_time:2672.309s step_avg:1202.66ms
step:2223/3300 train_loss:3.44335 train_time:2673.505s step_avg:1202.66ms
step:2224/3300 train_loss:3.51291 train_time:2674.708s step_avg:1202.66ms
step:2225/3300 train_loss:3.39132 train_time:2675.909s step_avg:1202.66ms
step:2226/3300 train_loss:3.44733 train_time:2677.109s step_avg:1202.65ms
step:2227/3300 train_loss:3.45677 train_time:2678.308s step_avg:1202.65ms
step:2228/3300 train_loss:3.40809 train_time:2679.518s step_avg:1202.66ms
step:2229/3300 train_loss:3.45864 train_time:2680.715s step_avg:1202.65ms
step:2230/3300 train_loss:3.44646 train_time:2681.905s step_avg:1202.65ms
step:2231/3300 train_loss:3.43578 train_time:2683.110s step_avg:1202.65ms
step:2232/3300 train_loss:3.38899 train_time:2684.326s step_avg:1202.66ms
step:2233/3300 train_loss:3.41385 train_time:2685.524s step_avg:1202.65ms
step:2234/3300 train_loss:3.42844 train_time:2686.720s step_avg:1202.65ms
step:2235/3300 train_loss:3.37788 train_time:2687.913s step_avg:1202.65ms
step:2236/3300 train_loss:3.54629 train_time:2689.101s step_avg:1202.64ms
step:2237/3300 train_loss:3.41117 train_time:2690.289s step_avg:1202.63ms
step:2238/3300 train_loss:3.45463 train_time:2691.483s step_avg:1202.63ms
step:2239/3300 train_loss:3.37000 train_time:2692.679s step_avg:1202.63ms
step:2240/3300 train_loss:3.36836 train_time:2693.868s step_avg:1202.62ms
step:2241/3300 train_loss:3.43341 train_time:2695.064s step_avg:1202.62ms
step:2242/3300 train_loss:3.43338 train_time:2696.261s step_avg:1202.61ms
step:2243/3300 train_loss:3.42311 train_time:2697.455s step_avg:1202.61ms
step:2244/3300 train_loss:3.40602 train_time:2698.650s step_avg:1202.61ms
step:2245/3300 train_loss:3.38138 train_time:2699.862s step_avg:1202.61ms
step:2246/3300 train_loss:3.42574 train_time:2701.132s step_avg:1202.64ms
step:2247/3300 train_loss:3.38845 train_time:2702.332s step_avg:1202.64ms
step:2248/3300 train_loss:3.43432 train_time:2703.530s step_avg:1202.64ms
step:2249/3300 train_loss:3.43475 train_time:2704.736s step_avg:1202.64ms
step:2250/3300 train_loss:3.39099 train_time:2705.932s step_avg:1202.64ms
step:2250/3300 val_loss:3.40958 train_time:2705.932s step_avg:1201.50ms
step:2251/3300 train_loss:3.37476 train_time:2707.130s step_avg:1202.63ms
step:2252/3300 train_loss:3.48943 train_time:2708.336s step_avg:1202.64ms
step:2253/3300 train_loss:3.35572 train_time:2709.534s step_avg:1202.63ms
step:2254/3300 train_loss:3.40534 train_time:2710.738s step_avg:1202.63ms
step:2255/3300 train_loss:3.51558 train_time:2711.939s step_avg:1202.63ms
step:2256/3300 train_loss:3.42631 train_time:2713.148s step_avg:1202.64ms
step:2257/3300 train_loss:3.56762 train_time:2714.354s step_avg:1202.64ms
step:2258/3300 train_loss:3.45137 train_time:2715.565s step_avg:1202.64ms
step:2259/3300 train_loss:3.38020 train_time:2716.766s step_avg:1202.64ms
step:2260/3300 train_loss:3.41715 train_time:2717.958s step_avg:1202.64ms
step:2261/3300 train_loss:3.44855 train_time:2719.157s step_avg:1202.63ms
step:2262/3300 train_loss:3.39834 train_time:2720.353s step_avg:1202.63ms
step:2263/3300 train_loss:3.40155 train_time:2721.550s step_avg:1202.63ms
step:2264/3300 train_loss:3.41295 train_time:2722.750s step_avg:1202.63ms
step:2265/3300 train_loss:3.43193 train_time:2723.949s step_avg:1202.63ms
step:2266/3300 train_loss:3.40054 train_time:2725.148s step_avg:1202.62ms
step:2267/3300 train_loss:3.39951 train_time:2726.346s step_avg:1202.62ms
step:2268/3300 train_loss:3.36689 train_time:2727.549s step_avg:1202.62ms
step:2269/3300 train_loss:3.38171 train_time:2728.777s step_avg:1202.63ms
step:2270/3300 train_loss:3.44926 train_time:2729.975s step_avg:1202.63ms
step:2271/3300 train_loss:3.42754 train_time:2731.169s step_avg:1202.63ms
step:2272/3300 train_loss:3.40706 train_time:2732.368s step_avg:1202.63ms
step:2273/3300 train_loss:3.35446 train_time:2733.559s step_avg:1202.62ms
step:2274/3300 train_loss:3.42762 train_time:2734.757s step_avg:1202.62ms
step:2275/3300 train_loss:3.41742 train_time:2735.958s step_avg:1202.62ms
step:2276/3300 train_loss:3.36319 train_time:2737.164s step_avg:1202.62ms
step:2277/3300 train_loss:3.36073 train_time:2738.361s step_avg:1202.62ms
step:2278/3300 train_loss:3.43457 train_time:2739.559s step_avg:1202.62ms
step:2279/3300 train_loss:3.44589 train_time:2740.763s step_avg:1202.62ms
step:2280/3300 train_loss:3.37407 train_time:2742.019s step_avg:1202.64ms
step:2281/3300 train_loss:3.43521 train_time:2743.240s step_avg:1202.65ms
step:2282/3300 train_loss:3.40851 train_time:2744.440s step_avg:1202.65ms
step:2283/3300 train_loss:3.39465 train_time:2745.641s step_avg:1202.65ms
step:2284/3300 train_loss:3.47061 train_time:2746.836s step_avg:1202.64ms
step:2285/3300 train_loss:3.39916 train_time:2748.036s step_avg:1202.64ms
step:2286/3300 train_loss:3.42758 train_time:2749.232s step_avg:1202.64ms
step:2287/3300 train_loss:3.43536 train_time:2750.432s step_avg:1202.64ms
step:2288/3300 train_loss:3.47949 train_time:2751.629s step_avg:1202.64ms
step:2289/3300 train_loss:3.40163 train_time:2752.843s step_avg:1202.64ms
step:2290/3300 train_loss:3.37863 train_time:2754.040s step_avg:1202.64ms
step:2291/3300 train_loss:3.44725 train_time:2755.239s step_avg:1202.64ms
step:2292/3300 train_loss:3.41682 train_time:2756.438s step_avg:1202.63ms
step:2293/3300 train_loss:3.35947 train_time:2757.638s step_avg:1202.63ms
step:2294/3300 train_loss:3.44756 train_time:2758.841s step_avg:1202.63ms
step:2295/3300 train_loss:3.42428 train_time:2760.038s step_avg:1202.63ms
step:2296/3300 train_loss:3.41976 train_time:2761.235s step_avg:1202.63ms
step:2297/3300 train_loss:3.40019 train_time:2762.435s step_avg:1202.63ms
step:2298/3300 train_loss:3.44828 train_time:2763.640s step_avg:1202.63ms
step:2299/3300 train_loss:3.43708 train_time:2764.839s step_avg:1202.63ms
step:2300/3300 train_loss:3.42504 train_time:2766.039s step_avg:1202.63ms
step:2301/3300 train_loss:3.44915 train_time:2767.240s step_avg:1202.63ms
step:2302/3300 train_loss:3.36281 train_time:2768.444s step_avg:1202.63ms
step:2303/3300 train_loss:3.40388 train_time:2769.642s step_avg:1202.62ms
step:2304/3300 train_loss:3.35208 train_time:2770.841s step_avg:1202.62ms
step:2305/3300 train_loss:3.43013 train_time:2772.053s step_avg:1202.63ms
step:2306/3300 train_loss:3.34181 train_time:2773.259s step_avg:1202.63ms
step:2307/3300 train_loss:3.42820 train_time:2774.469s step_avg:1202.63ms
step:2308/3300 train_loss:3.45074 train_time:2775.673s step_avg:1202.63ms
step:2309/3300 train_loss:3.45804 train_time:2776.878s step_avg:1202.63ms
step:2310/3300 train_loss:3.33910 train_time:2778.083s step_avg:1202.63ms
step:2311/3300 train_loss:3.40146 train_time:2779.273s step_avg:1202.63ms
step:2312/3300 train_loss:3.44459 train_time:2780.472s step_avg:1202.63ms
step:2313/3300 train_loss:3.39862 train_time:2781.660s step_avg:1202.62ms
step:2314/3300 train_loss:3.40467 train_time:2782.878s step_avg:1202.63ms
step:2315/3300 train_loss:3.40733 train_time:2784.090s step_avg:1202.63ms
step:2316/3300 train_loss:3.39230 train_time:2785.292s step_avg:1202.63ms
step:2317/3300 train_loss:3.39754 train_time:2786.484s step_avg:1202.63ms
step:2318/3300 train_loss:3.35751 train_time:2787.682s step_avg:1202.62ms
step:2319/3300 train_loss:3.47913 train_time:2788.881s step_avg:1202.62ms
step:2320/3300 train_loss:3.44675 train_time:2790.074s step_avg:1202.62ms
step:2321/3300 train_loss:3.43393 train_time:2791.262s step_avg:1202.61ms
step:2322/3300 train_loss:3.42867 train_time:2792.458s step_avg:1202.61ms
step:2323/3300 train_loss:3.37350 train_time:2793.650s step_avg:1202.60ms
step:2324/3300 train_loss:3.38857 train_time:2794.845s step_avg:1202.60ms
step:2325/3300 train_loss:3.33987 train_time:2796.038s step_avg:1202.60ms
step:2326/3300 train_loss:3.41643 train_time:2797.237s step_avg:1202.60ms
step:2327/3300 train_loss:3.37909 train_time:2798.431s step_avg:1202.59ms
step:2328/3300 train_loss:3.40335 train_time:2799.623s step_avg:1202.59ms
step:2329/3300 train_loss:3.56636 train_time:2800.824s step_avg:1202.59ms
step:2330/3300 train_loss:3.36545 train_time:2802.028s step_avg:1202.59ms
step:2331/3300 train_loss:3.43619 train_time:2803.224s step_avg:1202.58ms
step:2332/3300 train_loss:3.41593 train_time:2804.434s step_avg:1202.59ms
step:2333/3300 train_loss:3.46814 train_time:2805.640s step_avg:1202.59ms
step:2334/3300 train_loss:3.40104 train_time:2806.846s step_avg:1202.59ms
step:2335/3300 train_loss:3.38188 train_time:2808.046s step_avg:1202.59ms
step:2336/3300 train_loss:3.45946 train_time:2809.244s step_avg:1202.59ms
step:2337/3300 train_loss:3.38679 train_time:2810.446s step_avg:1202.59ms
step:2338/3300 train_loss:3.42012 train_time:2811.665s step_avg:1202.59ms
step:2339/3300 train_loss:3.41823 train_time:2812.871s step_avg:1202.60ms
step:2340/3300 train_loss:3.37372 train_time:2814.067s step_avg:1202.59ms
step:2341/3300 train_loss:3.41036 train_time:2815.261s step_avg:1202.59ms
step:2342/3300 train_loss:3.41913 train_time:2816.462s step_avg:1202.59ms
step:2343/3300 train_loss:3.40914 train_time:2817.667s step_avg:1202.59ms
step:2344/3300 train_loss:3.40206 train_time:2818.865s step_avg:1202.59ms
step:2345/3300 train_loss:3.41128 train_time:2820.060s step_avg:1202.58ms
step:2346/3300 train_loss:3.37852 train_time:2821.256s step_avg:1202.58ms
step:2347/3300 train_loss:3.48160 train_time:2822.457s step_avg:1202.58ms
step:2348/3300 train_loss:3.45891 train_time:2823.675s step_avg:1202.59ms
step:2349/3300 train_loss:3.41294 train_time:2824.863s step_avg:1202.58ms
step:2350/3300 train_loss:3.37976 train_time:2826.064s step_avg:1202.58ms
step:2351/3300 train_loss:3.37353 train_time:2827.263s step_avg:1202.58ms
step:2352/3300 train_loss:3.38564 train_time:2828.468s step_avg:1202.58ms
step:2353/3300 train_loss:3.48399 train_time:2829.664s step_avg:1202.58ms
step:2354/3300 train_loss:3.41839 train_time:2830.863s step_avg:1202.58ms
step:2355/3300 train_loss:3.33428 train_time:2832.064s step_avg:1202.57ms
step:2356/3300 train_loss:3.50408 train_time:2833.262s step_avg:1202.57ms
step:2357/3300 train_loss:3.40009 train_time:2834.472s step_avg:1202.58ms
step:2358/3300 train_loss:3.40196 train_time:2835.680s step_avg:1202.58ms
step:2359/3300 train_loss:3.37772 train_time:2836.878s step_avg:1202.58ms
step:2360/3300 train_loss:3.42327 train_time:2838.076s step_avg:1202.57ms
step:2361/3300 train_loss:3.41590 train_time:2839.266s step_avg:1202.57ms
step:2362/3300 train_loss:3.41795 train_time:2840.468s step_avg:1202.57ms
step:2363/3300 train_loss:3.41557 train_time:2841.668s step_avg:1202.57ms
step:2364/3300 train_loss:3.44036 train_time:2842.878s step_avg:1202.57ms
step:2365/3300 train_loss:3.37690 train_time:2844.082s step_avg:1202.57ms
step:2366/3300 train_loss:3.38652 train_time:2845.281s step_avg:1202.57ms
step:2367/3300 train_loss:3.50394 train_time:2846.481s step_avg:1202.57ms
step:2368/3300 train_loss:3.44393 train_time:2847.689s step_avg:1202.57ms
step:2369/3300 train_loss:3.41434 train_time:2848.891s step_avg:1202.57ms
step:2370/3300 train_loss:3.35554 train_time:2850.087s step_avg:1202.57ms
step:2371/3300 train_loss:3.43999 train_time:2851.285s step_avg:1202.57ms
step:2372/3300 train_loss:3.38510 train_time:2852.487s step_avg:1202.57ms
step:2373/3300 train_loss:3.47338 train_time:2853.686s step_avg:1202.56ms
step:2374/3300 train_loss:3.54865 train_time:2854.889s step_avg:1202.56ms
step:2375/3300 train_loss:3.36134 train_time:2856.087s step_avg:1202.56ms
step:2375/3300 val_loss:3.39338 train_time:2856.087s step_avg:1201.24ms
step:2376/3300 train_loss:3.39636 train_time:2857.285s step_avg:1202.56ms
step:2377/3300 train_loss:3.40935 train_time:2858.480s step_avg:1202.56ms
step:2378/3300 train_loss:3.38930 train_time:2859.686s step_avg:1202.56ms
step:2379/3300 train_loss:3.42054 train_time:2860.886s step_avg:1202.56ms
step:2380/3300 train_loss:3.36428 train_time:2862.086s step_avg:1202.56ms
step:2381/3300 train_loss:3.42082 train_time:2863.285s step_avg:1202.56ms
step:2382/3300 train_loss:3.43098 train_time:2864.485s step_avg:1202.55ms
step:2383/3300 train_loss:3.41020 train_time:2865.682s step_avg:1202.55ms
step:2384/3300 train_loss:3.38328 train_time:2866.887s step_avg:1202.55ms
step:2385/3300 train_loss:3.45114 train_time:2868.082s step_avg:1202.55ms
step:2386/3300 train_loss:3.39236 train_time:2869.298s step_avg:1202.56ms
step:2387/3300 train_loss:3.41905 train_time:2870.493s step_avg:1202.55ms
step:2388/3300 train_loss:3.39207 train_time:2871.691s step_avg:1202.55ms
step:2389/3300 train_loss:3.43057 train_time:2872.881s step_avg:1202.55ms
step:2390/3300 train_loss:3.38634 train_time:2874.085s step_avg:1202.55ms
step:2391/3300 train_loss:3.43881 train_time:2875.278s step_avg:1202.54ms
step:2392/3300 train_loss:3.36820 train_time:2876.476s step_avg:1202.54ms
step:2393/3300 train_loss:3.40574 train_time:2877.673s step_avg:1202.54ms
step:2394/3300 train_loss:3.44397 train_time:2878.858s step_avg:1202.53ms
step:2395/3300 train_loss:3.35511 train_time:2880.075s step_avg:1202.54ms
step:2396/3300 train_loss:3.41876 train_time:2881.286s step_avg:1202.54ms
step:2397/3300 train_loss:3.40041 train_time:2882.490s step_avg:1202.54ms
step:2398/3300 train_loss:3.39200 train_time:2883.680s step_avg:1202.54ms
step:2399/3300 train_loss:3.39477 train_time:2884.879s step_avg:1202.53ms
step:2400/3300 train_loss:3.36211 train_time:2886.080s step_avg:1202.53ms
step:2401/3300 train_loss:3.39276 train_time:2887.274s step_avg:1202.53ms
step:2402/3300 train_loss:3.41737 train_time:2888.462s step_avg:1202.52ms
step:2403/3300 train_loss:3.37390 train_time:2889.663s step_avg:1202.52ms
step:2404/3300 train_loss:3.49601 train_time:2890.863s step_avg:1202.52ms
step:2405/3300 train_loss:3.37637 train_time:2892.064s step_avg:1202.52ms
step:2406/3300 train_loss:3.52389 train_time:2893.262s step_avg:1202.52ms
step:2407/3300 train_loss:3.35037 train_time:2894.477s step_avg:1202.52ms
step:2408/3300 train_loss:3.38890 train_time:2895.669s step_avg:1202.52ms
step:2409/3300 train_loss:3.39221 train_time:2896.864s step_avg:1202.52ms
step:2410/3300 train_loss:3.43762 train_time:2898.066s step_avg:1202.52ms
step:2411/3300 train_loss:3.42148 train_time:2899.264s step_avg:1202.52ms
step:2412/3300 train_loss:3.37452 train_time:2900.463s step_avg:1202.51ms
step:2413/3300 train_loss:3.37892 train_time:2901.663s step_avg:1202.51ms
step:2414/3300 train_loss:3.46956 train_time:2902.866s step_avg:1202.51ms
step:2415/3300 train_loss:3.43290 train_time:2904.086s step_avg:1202.52ms
step:2416/3300 train_loss:3.38011 train_time:2905.292s step_avg:1202.52ms
step:2417/3300 train_loss:3.39399 train_time:2906.479s step_avg:1202.52ms
step:2418/3300 train_loss:3.41555 train_time:2907.679s step_avg:1202.51ms
step:2419/3300 train_loss:3.37545 train_time:2908.877s step_avg:1202.51ms
step:2420/3300 train_loss:3.39250 train_time:2910.078s step_avg:1202.51ms
step:2421/3300 train_loss:3.49568 train_time:2911.280s step_avg:1202.51ms
step:2422/3300 train_loss:3.47407 train_time:2912.481s step_avg:1202.51ms
step:2423/3300 train_loss:3.46419 train_time:2913.679s step_avg:1202.51ms
step:2424/3300 train_loss:3.42524 train_time:2914.872s step_avg:1202.50ms
step:2425/3300 train_loss:3.36997 train_time:2916.064s step_avg:1202.50ms
step:2426/3300 train_loss:3.31942 train_time:2917.262s step_avg:1202.50ms
step:2427/3300 train_loss:3.45408 train_time:2918.462s step_avg:1202.50ms
step:2428/3300 train_loss:3.38950 train_time:2919.679s step_avg:1202.50ms
step:2429/3300 train_loss:3.35971 train_time:2920.876s step_avg:1202.50ms
step:2430/3300 train_loss:3.42198 train_time:2922.080s step_avg:1202.50ms
step:2431/3300 train_loss:3.48506 train_time:2923.329s step_avg:1202.52ms
step:2432/3300 train_loss:3.42372 train_time:2924.554s step_avg:1202.53ms
step:2433/3300 train_loss:3.40535 train_time:2925.741s step_avg:1202.52ms
step:2434/3300 train_loss:3.39127 train_time:2926.938s step_avg:1202.52ms
step:2435/3300 train_loss:3.38538 train_time:2928.137s step_avg:1202.52ms
step:2436/3300 train_loss:3.39999 train_time:2929.350s step_avg:1202.52ms
step:2437/3300 train_loss:3.38894 train_time:2930.547s step_avg:1202.52ms
step:2438/3300 train_loss:3.40088 train_time:2931.744s step_avg:1202.52ms
step:2439/3300 train_loss:3.36279 train_time:2932.945s step_avg:1202.52ms
step:2440/3300 train_loss:3.39421 train_time:2934.183s step_avg:1202.53ms
step:2441/3300 train_loss:3.36709 train_time:2935.386s step_avg:1202.53ms
step:2442/3300 train_loss:3.43522 train_time:2936.585s step_avg:1202.53ms
step:2443/3300 train_loss:3.40274 train_time:2937.801s step_avg:1202.54ms
step:2444/3300 train_loss:3.33263 train_time:2939.004s step_avg:1202.54ms
step:2445/3300 train_loss:3.45155 train_time:2940.202s step_avg:1202.54ms
step:2446/3300 train_loss:3.38368 train_time:2941.398s step_avg:1202.53ms
step:2447/3300 train_loss:3.38159 train_time:2942.588s step_avg:1202.53ms
step:2448/3300 train_loss:3.45890 train_time:2943.786s step_avg:1202.53ms
step:2449/3300 train_loss:3.40284 train_time:2944.987s step_avg:1202.53ms
step:2450/3300 train_loss:3.42459 train_time:2946.191s step_avg:1202.53ms
step:2451/3300 train_loss:3.41803 train_time:2947.387s step_avg:1202.52ms
step:2452/3300 train_loss:3.43525 train_time:2948.590s step_avg:1202.52ms
step:2453/3300 train_loss:3.37819 train_time:2949.791s step_avg:1202.52ms
step:2454/3300 train_loss:3.44520 train_time:2950.988s step_avg:1202.52ms
step:2455/3300 train_loss:3.46902 train_time:2952.190s step_avg:1202.52ms
step:2456/3300 train_loss:3.33551 train_time:2953.387s step_avg:1202.52ms
step:2457/3300 train_loss:3.38194 train_time:2954.581s step_avg:1202.52ms
step:2458/3300 train_loss:3.51981 train_time:2955.774s step_avg:1202.51ms
step:2459/3300 train_loss:3.59740 train_time:2956.962s step_avg:1202.51ms
step:2460/3300 train_loss:3.41353 train_time:2958.165s step_avg:1202.51ms
step:2461/3300 train_loss:3.38328 train_time:2959.388s step_avg:1202.51ms
step:2462/3300 train_loss:3.44276 train_time:2960.593s step_avg:1202.52ms
step:2463/3300 train_loss:3.45682 train_time:2961.785s step_avg:1202.51ms
step:2464/3300 train_loss:3.47964 train_time:2962.995s step_avg:1202.51ms
step:2465/3300 train_loss:3.38188 train_time:2964.189s step_avg:1202.51ms
step:2466/3300 train_loss:3.42219 train_time:2965.384s step_avg:1202.51ms
step:2467/3300 train_loss:3.35620 train_time:2966.584s step_avg:1202.51ms
step:2468/3300 train_loss:3.42100 train_time:2967.785s step_avg:1202.51ms
step:2469/3300 train_loss:3.49285 train_time:2968.986s step_avg:1202.51ms
step:2470/3300 train_loss:3.39368 train_time:2970.190s step_avg:1202.51ms
step:2471/3300 train_loss:3.39003 train_time:2971.419s step_avg:1202.52ms
step:2472/3300 train_loss:3.38777 train_time:2972.615s step_avg:1202.51ms
step:2473/3300 train_loss:3.57230 train_time:2973.809s step_avg:1202.51ms
step:2474/3300 train_loss:3.42975 train_time:2975.011s step_avg:1202.51ms
step:2475/3300 train_loss:3.39311 train_time:2976.207s step_avg:1202.51ms
step:2476/3300 train_loss:3.37679 train_time:2977.427s step_avg:1202.51ms
step:2477/3300 train_loss:3.38760 train_time:2978.629s step_avg:1202.51ms
step:2478/3300 train_loss:3.39602 train_time:2979.856s step_avg:1202.52ms
step:2479/3300 train_loss:3.42078 train_time:2981.048s step_avg:1202.52ms
step:2480/3300 train_loss:3.34517 train_time:2982.244s step_avg:1202.52ms
step:2481/3300 train_loss:3.45884 train_time:2983.442s step_avg:1202.52ms
step:2482/3300 train_loss:3.36783 train_time:2984.625s step_avg:1202.51ms
step:2483/3300 train_loss:3.39093 train_time:2985.831s step_avg:1202.51ms
step:2484/3300 train_loss:3.45482 train_time:2987.029s step_avg:1202.51ms
step:2485/3300 train_loss:3.45129 train_time:2988.228s step_avg:1202.51ms
step:2486/3300 train_loss:3.40384 train_time:2989.437s step_avg:1202.51ms
step:2487/3300 train_loss:3.42661 train_time:2990.652s step_avg:1202.51ms
step:2488/3300 train_loss:3.38128 train_time:2991.860s step_avg:1202.52ms
step:2489/3300 train_loss:3.40910 train_time:2993.051s step_avg:1202.51ms
step:2490/3300 train_loss:3.41468 train_time:2994.283s step_avg:1202.52ms
step:2491/3300 train_loss:3.43294 train_time:2995.491s step_avg:1202.53ms
step:2492/3300 train_loss:3.37124 train_time:2996.694s step_avg:1202.53ms
step:2493/3300 train_loss:3.42088 train_time:2997.894s step_avg:1202.52ms
step:2494/3300 train_loss:3.41383 train_time:2999.095s step_avg:1202.52ms
step:2495/3300 train_loss:3.34934 train_time:3000.297s step_avg:1202.52ms
step:2496/3300 train_loss:3.37951 train_time:3001.495s step_avg:1202.52ms
step:2497/3300 train_loss:3.38175 train_time:3002.694s step_avg:1202.52ms
step:2498/3300 train_loss:3.35237 train_time:3003.894s step_avg:1202.52ms
step:2499/3300 train_loss:3.39432 train_time:3005.092s step_avg:1202.52ms
step:2500/3300 train_loss:3.33665 train_time:3006.292s step_avg:1202.52ms
step:2500/3300 val_loss:3.37659 train_time:3006.292s step_avg:1201.64ms
step:2501/3300 train_loss:3.36324 train_time:3007.489s step_avg:1202.51ms
step:2502/3300 train_loss:3.36987 train_time:3008.682s step_avg:1202.51ms
step:2503/3300 train_loss:3.38328 train_time:3009.879s step_avg:1202.51ms
step:2504/3300 train_loss:3.44486 train_time:3011.079s step_avg:1202.51ms
step:2505/3300 train_loss:3.40447 train_time:3012.277s step_avg:1202.51ms
step:2506/3300 train_loss:3.38064 train_time:3013.483s step_avg:1202.51ms
step:2507/3300 train_loss:3.43838 train_time:3014.706s step_avg:1202.52ms
step:2508/3300 train_loss:3.38215 train_time:3015.902s step_avg:1202.51ms
step:2509/3300 train_loss:3.47149 train_time:3017.109s step_avg:1202.51ms
step:2510/3300 train_loss:3.40882 train_time:3018.314s step_avg:1202.52ms
step:2511/3300 train_loss:3.40489 train_time:3019.515s step_avg:1202.51ms
step:2512/3300 train_loss:3.40990 train_time:3020.717s step_avg:1202.51ms
step:2513/3300 train_loss:3.37870 train_time:3021.926s step_avg:1202.52ms
step:2514/3300 train_loss:3.41226 train_time:3023.135s step_avg:1202.52ms
step:2515/3300 train_loss:3.33414 train_time:3024.345s step_avg:1202.52ms
step:2516/3300 train_loss:3.40101 train_time:3025.542s step_avg:1202.52ms
step:2517/3300 train_loss:3.37414 train_time:3026.745s step_avg:1202.52ms
step:2518/3300 train_loss:3.43651 train_time:3027.951s step_avg:1202.52ms
step:2519/3300 train_loss:3.42747 train_time:3029.144s step_avg:1202.52ms
step:2520/3300 train_loss:3.42366 train_time:3030.345s step_avg:1202.52ms
step:2521/3300 train_loss:3.42768 train_time:3031.548s step_avg:1202.52ms
step:2522/3300 train_loss:3.38956 train_time:3032.742s step_avg:1202.51ms
step:2523/3300 train_loss:3.34969 train_time:3033.942s step_avg:1202.51ms
step:2524/3300 train_loss:3.42540 train_time:3035.147s step_avg:1202.51ms
step:2525/3300 train_loss:3.35668 train_time:3036.352s step_avg:1202.52ms
step:2526/3300 train_loss:3.42414 train_time:3037.545s step_avg:1202.51ms
step:2527/3300 train_loss:3.38752 train_time:3038.745s step_avg:1202.51ms
step:2528/3300 train_loss:3.30555 train_time:3039.942s step_avg:1202.51ms
step:2529/3300 train_loss:3.42307 train_time:3041.140s step_avg:1202.51ms
step:2530/3300 train_loss:3.41274 train_time:3042.350s step_avg:1202.51ms
step:2531/3300 train_loss:3.41041 train_time:3043.552s step_avg:1202.51ms
step:2532/3300 train_loss:3.36167 train_time:3044.745s step_avg:1202.51ms
step:2533/3300 train_loss:3.39430 train_time:3045.942s step_avg:1202.50ms
step:2534/3300 train_loss:3.39145 train_time:3047.152s step_avg:1202.51ms
step:2535/3300 train_loss:3.38969 train_time:3048.354s step_avg:1202.51ms
step:2536/3300 train_loss:3.38909 train_time:3049.544s step_avg:1202.50ms
step:2537/3300 train_loss:3.33082 train_time:3050.742s step_avg:1202.50ms
step:2538/3300 train_loss:3.34656 train_time:3051.948s step_avg:1202.50ms
step:2539/3300 train_loss:3.38141 train_time:3053.145s step_avg:1202.50ms
step:2540/3300 train_loss:3.39541 train_time:3054.341s step_avg:1202.50ms
step:2541/3300 train_loss:3.37333 train_time:3055.535s step_avg:1202.49ms
step:2542/3300 train_loss:3.56871 train_time:3056.735s step_avg:1202.49ms
step:2543/3300 train_loss:3.59967 train_time:3057.943s step_avg:1202.49ms
step:2544/3300 train_loss:3.36406 train_time:3059.141s step_avg:1202.49ms
step:2545/3300 train_loss:3.37234 train_time:3060.339s step_avg:1202.49ms
step:2546/3300 train_loss:3.52193 train_time:3061.544s step_avg:1202.49ms
step:2547/3300 train_loss:3.38145 train_time:3062.742s step_avg:1202.49ms
step:2548/3300 train_loss:3.33299 train_time:3063.949s step_avg:1202.49ms
step:2549/3300 train_loss:3.42537 train_time:3065.143s step_avg:1202.49ms
step:2550/3300 train_loss:3.40983 train_time:3066.340s step_avg:1202.49ms
step:2551/3300 train_loss:3.37250 train_time:3067.542s step_avg:1202.49ms
step:2552/3300 train_loss:3.36472 train_time:3068.740s step_avg:1202.48ms
step:2553/3300 train_loss:3.42987 train_time:3069.936s step_avg:1202.48ms
step:2554/3300 train_loss:3.41678 train_time:3071.129s step_avg:1202.48ms
step:2555/3300 train_loss:3.34663 train_time:3072.341s step_avg:1202.48ms
step:2556/3300 train_loss:3.40890 train_time:3073.540s step_avg:1202.48ms
step:2557/3300 train_loss:3.39258 train_time:3074.743s step_avg:1202.48ms
step:2558/3300 train_loss:3.36546 train_time:3075.952s step_avg:1202.48ms
step:2559/3300 train_loss:3.35815 train_time:3077.148s step_avg:1202.48ms
step:2560/3300 train_loss:3.39320 train_time:3078.346s step_avg:1202.48ms
step:2561/3300 train_loss:3.41681 train_time:3079.542s step_avg:1202.48ms
step:2562/3300 train_loss:3.35900 train_time:3080.737s step_avg:1202.47ms
step:2563/3300 train_loss:3.45464 train_time:3081.937s step_avg:1202.47ms
step:2564/3300 train_loss:3.39916 train_time:3083.138s step_avg:1202.47ms
step:2565/3300 train_loss:3.33705 train_time:3084.336s step_avg:1202.47ms
step:2566/3300 train_loss:3.40792 train_time:3085.525s step_avg:1202.47ms
step:2567/3300 train_loss:3.42246 train_time:3086.729s step_avg:1202.47ms
step:2568/3300 train_loss:3.38921 train_time:3087.929s step_avg:1202.46ms
step:2569/3300 train_loss:3.35387 train_time:3089.129s step_avg:1202.46ms
step:2570/3300 train_loss:3.40916 train_time:3090.325s step_avg:1202.46ms
step:2571/3300 train_loss:3.35402 train_time:3091.528s step_avg:1202.46ms
step:2572/3300 train_loss:3.36766 train_time:3092.730s step_avg:1202.46ms
step:2573/3300 train_loss:3.32991 train_time:3093.943s step_avg:1202.47ms
step:2574/3300 train_loss:3.37396 train_time:3095.148s step_avg:1202.47ms
step:2575/3300 train_loss:3.36675 train_time:3096.361s step_avg:1202.47ms
step:2576/3300 train_loss:3.39952 train_time:3097.561s step_avg:1202.47ms
step:2577/3300 train_loss:3.36858 train_time:3098.760s step_avg:1202.47ms
step:2578/3300 train_loss:3.37633 train_time:3099.964s step_avg:1202.47ms
step:2579/3300 train_loss:3.31579 train_time:3101.158s step_avg:1202.47ms
step:2580/3300 train_loss:3.35683 train_time:3102.351s step_avg:1202.46ms
step:2581/3300 train_loss:3.43959 train_time:3103.550s step_avg:1202.46ms
step:2582/3300 train_loss:3.33775 train_time:3104.772s step_avg:1202.47ms
step:2583/3300 train_loss:3.42640 train_time:3105.977s step_avg:1202.47ms
step:2584/3300 train_loss:3.44193 train_time:3107.177s step_avg:1202.47ms
step:2585/3300 train_loss:3.41935 train_time:3108.371s step_avg:1202.46ms
step:2586/3300 train_loss:3.40098 train_time:3109.570s step_avg:1202.46ms
step:2587/3300 train_loss:3.37670 train_time:3110.771s step_avg:1202.46ms
step:2588/3300 train_loss:3.40667 train_time:3111.975s step_avg:1202.46ms
step:2589/3300 train_loss:3.31513 train_time:3113.201s step_avg:1202.47ms
step:2590/3300 train_loss:3.44099 train_time:3114.405s step_avg:1202.47ms
step:2591/3300 train_loss:3.43066 train_time:3115.615s step_avg:1202.48ms
step:2592/3300 train_loss:3.45417 train_time:3116.810s step_avg:1202.47ms
step:2593/3300 train_loss:3.38839 train_time:3118.018s step_avg:1202.47ms
step:2594/3300 train_loss:3.37857 train_time:3119.210s step_avg:1202.47ms
step:2595/3300 train_loss:3.42462 train_time:3120.408s step_avg:1202.47ms
step:2596/3300 train_loss:3.33376 train_time:3121.620s step_avg:1202.47ms
step:2597/3300 train_loss:3.47107 train_time:3122.845s step_avg:1202.48ms
step:2598/3300 train_loss:3.38309 train_time:3124.048s step_avg:1202.48ms
step:2599/3300 train_loss:3.33259 train_time:3125.242s step_avg:1202.48ms
step:2600/3300 train_loss:3.39477 train_time:3126.432s step_avg:1202.47ms
step:2601/3300 train_loss:3.33323 train_time:3127.630s step_avg:1202.47ms
step:2602/3300 train_loss:3.38605 train_time:3128.824s step_avg:1202.47ms
step:2603/3300 train_loss:3.40955 train_time:3130.024s step_avg:1202.47ms
step:2604/3300 train_loss:3.39289 train_time:3131.225s step_avg:1202.47ms
step:2605/3300 train_loss:3.35753 train_time:3132.433s step_avg:1202.47ms
step:2606/3300 train_loss:3.35551 train_time:3133.639s step_avg:1202.47ms
step:2607/3300 train_loss:3.33628 train_time:3134.837s step_avg:1202.47ms
step:2608/3300 train_loss:3.40926 train_time:3136.031s step_avg:1202.47ms
step:2609/3300 train_loss:3.39125 train_time:3137.230s step_avg:1202.46ms
step:2610/3300 train_loss:3.37033 train_time:3138.438s step_avg:1202.47ms
step:2611/3300 train_loss:3.33805 train_time:3139.630s step_avg:1202.46ms
step:2612/3300 train_loss:3.36576 train_time:3140.836s step_avg:1202.46ms
step:2613/3300 train_loss:3.37944 train_time:3142.047s step_avg:1202.47ms
step:2614/3300 train_loss:3.43216 train_time:3143.249s step_avg:1202.47ms
step:2615/3300 train_loss:3.32496 train_time:3144.450s step_avg:1202.47ms
step:2616/3300 train_loss:3.32361 train_time:3145.648s step_avg:1202.46ms
step:2617/3300 train_loss:3.41235 train_time:3146.848s step_avg:1202.46ms
step:2618/3300 train_loss:3.37065 train_time:3148.044s step_avg:1202.46ms
step:2619/3300 train_loss:3.37870 train_time:3149.243s step_avg:1202.46ms
step:2620/3300 train_loss:3.42308 train_time:3150.435s step_avg:1202.46ms
step:2621/3300 train_loss:3.37769 train_time:3151.630s step_avg:1202.45ms
step:2622/3300 train_loss:3.38394 train_time:3152.829s step_avg:1202.45ms
step:2623/3300 train_loss:3.39043 train_time:3154.045s step_avg:1202.46ms
step:2624/3300 train_loss:3.37885 train_time:3155.244s step_avg:1202.46ms
step:2625/3300 train_loss:3.34843 train_time:3156.447s step_avg:1202.46ms
step:2625/3300 val_loss:3.35941 train_time:3156.448s step_avg:1201.24ms
step:2626/3300 train_loss:3.39875 train_time:3157.656s step_avg:1202.46ms
step:2627/3300 train_loss:3.37868 train_time:3158.869s step_avg:1202.46ms
step:2628/3300 train_loss:3.41725 train_time:3160.065s step_avg:1202.46ms
step:2629/3300 train_loss:3.39275 train_time:3161.254s step_avg:1202.45ms
step:2630/3300 train_loss:3.36567 train_time:3162.449s step_avg:1202.45ms
step:2631/3300 train_loss:3.43067 train_time:3163.652s step_avg:1202.45ms
step:2632/3300 train_loss:3.33689 train_time:3164.852s step_avg:1202.45ms
step:2633/3300 train_loss:3.40438 train_time:3166.050s step_avg:1202.45ms
step:2634/3300 train_loss:3.31194 train_time:3167.256s step_avg:1202.45ms
step:2635/3300 train_loss:3.33731 train_time:3168.461s step_avg:1202.45ms
step:2636/3300 train_loss:3.36920 train_time:3169.654s step_avg:1202.45ms
step:2637/3300 train_loss:3.35945 train_time:3170.845s step_avg:1202.44ms
step:2638/3300 train_loss:3.39440 train_time:3172.037s step_avg:1202.44ms
step:2639/3300 train_loss:3.38191 train_time:3173.236s step_avg:1202.44ms
step:2640/3300 train_loss:3.42416 train_time:3174.442s step_avg:1202.44ms
step:2641/3300 train_loss:3.36280 train_time:3175.641s step_avg:1202.44ms
step:2642/3300 train_loss:3.32806 train_time:3176.845s step_avg:1202.44ms
step:2643/3300 train_loss:3.36537 train_time:3178.042s step_avg:1202.44ms
step:2644/3300 train_loss:3.36685 train_time:3179.250s step_avg:1202.44ms
step:2645/3300 train_loss:3.41475 train_time:3180.456s step_avg:1202.44ms
step:2646/3300 train_loss:3.35513 train_time:3181.653s step_avg:1202.44ms
step:2647/3300 train_loss:3.36373 train_time:3182.855s step_avg:1202.44ms
step:2648/3300 train_loss:3.39185 train_time:3184.057s step_avg:1202.44ms
step:2649/3300 train_loss:3.40999 train_time:3185.262s step_avg:1202.44ms
step:2650/3300 train_loss:3.40624 train_time:3186.483s step_avg:1202.45ms
step:2651/3300 train_loss:3.40224 train_time:3187.678s step_avg:1202.44ms
step:2652/3300 train_loss:3.38418 train_time:3188.891s step_avg:1202.45ms
step:2653/3300 train_loss:3.41017 train_time:3190.094s step_avg:1202.45ms
step:2654/3300 train_loss:3.40695 train_time:3191.292s step_avg:1202.45ms
step:2655/3300 train_loss:3.37041 train_time:3192.495s step_avg:1202.45ms
step:2656/3300 train_loss:3.38288 train_time:3193.702s step_avg:1202.45ms
step:2657/3300 train_loss:3.33481 train_time:3194.910s step_avg:1202.45ms
step:2658/3300 train_loss:3.36113 train_time:3196.103s step_avg:1202.45ms
step:2659/3300 train_loss:3.38448 train_time:3197.301s step_avg:1202.45ms
step:2660/3300 train_loss:3.36319 train_time:3198.499s step_avg:1202.44ms
step:2661/3300 train_loss:3.38494 train_time:3199.717s step_avg:1202.45ms
step:2662/3300 train_loss:3.37437 train_time:3200.919s step_avg:1202.45ms
step:2663/3300 train_loss:3.36462 train_time:3202.120s step_avg:1202.45ms
step:2664/3300 train_loss:3.33571 train_time:3203.318s step_avg:1202.45ms
step:2665/3300 train_loss:3.38971 train_time:3204.526s step_avg:1202.45ms
step:2666/3300 train_loss:3.40566 train_time:3205.722s step_avg:1202.45ms
step:2667/3300 train_loss:3.40260 train_time:3206.926s step_avg:1202.45ms
step:2668/3300 train_loss:3.35624 train_time:3208.121s step_avg:1202.44ms
step:2669/3300 train_loss:3.38677 train_time:3209.327s step_avg:1202.45ms
step:2670/3300 train_loss:3.34753 train_time:3210.523s step_avg:1202.44ms
step:2671/3300 train_loss:3.33583 train_time:3211.715s step_avg:1202.44ms
step:2672/3300 train_loss:3.30544 train_time:3212.909s step_avg:1202.44ms
step:2673/3300 train_loss:3.35727 train_time:3214.130s step_avg:1202.44ms
step:2674/3300 train_loss:3.37047 train_time:3215.328s step_avg:1202.44ms
step:2675/3300 train_loss:3.41835 train_time:3216.540s step_avg:1202.44ms
step:2676/3300 train_loss:3.33990 train_time:3217.742s step_avg:1202.44ms
step:2677/3300 train_loss:3.28386 train_time:3218.943s step_avg:1202.44ms
step:2678/3300 train_loss:3.42136 train_time:3220.142s step_avg:1202.44ms
step:2679/3300 train_loss:3.41862 train_time:3221.340s step_avg:1202.44ms
step:2680/3300 train_loss:3.31803 train_time:3222.541s step_avg:1202.44ms
step:2681/3300 train_loss:3.35720 train_time:3223.750s step_avg:1202.44ms
step:2682/3300 train_loss:3.41299 train_time:3224.948s step_avg:1202.44ms
step:2683/3300 train_loss:3.40769 train_time:3226.152s step_avg:1202.44ms
step:2684/3300 train_loss:3.45448 train_time:3227.350s step_avg:1202.44ms
step:2685/3300 train_loss:3.39001 train_time:3228.540s step_avg:1202.44ms
step:2686/3300 train_loss:3.34393 train_time:3229.757s step_avg:1202.44ms
step:2687/3300 train_loss:3.39428 train_time:3230.957s step_avg:1202.44ms
step:2688/3300 train_loss:3.35505 train_time:3232.158s step_avg:1202.44ms
step:2689/3300 train_loss:3.40607 train_time:3233.356s step_avg:1202.44ms
step:2690/3300 train_loss:3.38298 train_time:3234.557s step_avg:1202.44ms
step:2691/3300 train_loss:3.36648 train_time:3235.761s step_avg:1202.44ms
step:2692/3300 train_loss:3.41753 train_time:3236.970s step_avg:1202.44ms
step:2693/3300 train_loss:3.40987 train_time:3238.171s step_avg:1202.44ms
step:2694/3300 train_loss:3.33988 train_time:3239.373s step_avg:1202.44ms
step:2695/3300 train_loss:3.32254 train_time:3240.574s step_avg:1202.44ms
step:2696/3300 train_loss:3.47010 train_time:3241.763s step_avg:1202.43ms
step:2697/3300 train_loss:3.35502 train_time:3242.960s step_avg:1202.43ms
step:2698/3300 train_loss:3.28265 train_time:3244.157s step_avg:1202.43ms
step:2699/3300 train_loss:3.36688 train_time:3245.378s step_avg:1202.44ms
step:2700/3300 train_loss:3.37478 train_time:3246.576s step_avg:1202.44ms
step:2701/3300 train_loss:3.36007 train_time:3247.775s step_avg:1202.43ms
step:2702/3300 train_loss:3.35909 train_time:3248.966s step_avg:1202.43ms
step:2703/3300 train_loss:3.41550 train_time:3250.164s step_avg:1202.43ms
step:2704/3300 train_loss:3.36120 train_time:3251.362s step_avg:1202.43ms
step:2705/3300 train_loss:3.35969 train_time:3252.564s step_avg:1202.43ms
step:2706/3300 train_loss:3.38021 train_time:3253.786s step_avg:1202.43ms
step:2707/3300 train_loss:3.39456 train_time:3254.989s step_avg:1202.43ms
step:2708/3300 train_loss:3.34999 train_time:3256.187s step_avg:1202.43ms
step:2709/3300 train_loss:3.40052 train_time:3257.385s step_avg:1202.43ms
step:2710/3300 train_loss:3.32932 train_time:3258.584s step_avg:1202.43ms
step:2711/3300 train_loss:3.42633 train_time:3259.792s step_avg:1202.43ms
step:2712/3300 train_loss:3.36815 train_time:3260.977s step_avg:1202.43ms
step:2713/3300 train_loss:3.35420 train_time:3262.180s step_avg:1202.43ms
step:2714/3300 train_loss:3.36067 train_time:3263.382s step_avg:1202.43ms
step:2715/3300 train_loss:3.31826 train_time:3264.590s step_avg:1202.43ms
step:2716/3300 train_loss:3.34773 train_time:3265.784s step_avg:1202.42ms
step:2717/3300 train_loss:3.35011 train_time:3266.989s step_avg:1202.43ms
step:2718/3300 train_loss:3.41317 train_time:3268.182s step_avg:1202.42ms
step:2719/3300 train_loss:3.35215 train_time:3269.378s step_avg:1202.42ms
step:2720/3300 train_loss:3.37075 train_time:3270.576s step_avg:1202.42ms
step:2721/3300 train_loss:3.40757 train_time:3271.769s step_avg:1202.41ms
step:2722/3300 train_loss:3.49044 train_time:3272.969s step_avg:1202.41ms
step:2723/3300 train_loss:3.34308 train_time:3274.187s step_avg:1202.42ms
step:2724/3300 train_loss:3.37331 train_time:3275.390s step_avg:1202.42ms
step:2725/3300 train_loss:3.40813 train_time:3276.613s step_avg:1202.43ms
step:2726/3300 train_loss:3.36276 train_time:3277.817s step_avg:1202.43ms
step:2727/3300 train_loss:3.34798 train_time:3279.021s step_avg:1202.43ms
step:2728/3300 train_loss:3.37873 train_time:3280.226s step_avg:1202.43ms
step:2729/3300 train_loss:3.40678 train_time:3281.423s step_avg:1202.43ms
step:2730/3300 train_loss:3.40785 train_time:3282.624s step_avg:1202.43ms
step:2731/3300 train_loss:3.33192 train_time:3283.830s step_avg:1202.43ms
step:2732/3300 train_loss:3.32189 train_time:3285.038s step_avg:1202.43ms
step:2733/3300 train_loss:3.29475 train_time:3286.233s step_avg:1202.43ms
step:2734/3300 train_loss:3.35206 train_time:3287.434s step_avg:1202.43ms
step:2735/3300 train_loss:3.36416 train_time:3288.642s step_avg:1202.43ms
step:2736/3300 train_loss:3.35731 train_time:3289.848s step_avg:1202.43ms
step:2737/3300 train_loss:3.36732 train_time:3291.051s step_avg:1202.43ms
step:2738/3300 train_loss:3.33815 train_time:3292.250s step_avg:1202.43ms
step:2739/3300 train_loss:3.30265 train_time:3293.449s step_avg:1202.43ms
step:2740/3300 train_loss:3.37050 train_time:3294.661s step_avg:1202.43ms
step:2741/3300 train_loss:3.36640 train_time:3295.892s step_avg:1202.44ms
step:2742/3300 train_loss:3.39821 train_time:3297.095s step_avg:1202.44ms
step:2743/3300 train_loss:3.39115 train_time:3298.288s step_avg:1202.44ms
step:2744/3300 train_loss:3.41526 train_time:3299.491s step_avg:1202.44ms
step:2745/3300 train_loss:3.31787 train_time:3300.704s step_avg:1202.44ms
step:2746/3300 train_loss:3.36362 train_time:3301.905s step_avg:1202.44ms
step:2747/3300 train_loss:3.34563 train_time:3303.109s step_avg:1202.44ms
step:2748/3300 train_loss:3.37789 train_time:3304.315s step_avg:1202.44ms
step:2749/3300 train_loss:3.36629 train_time:3305.513s step_avg:1202.44ms
step:2750/3300 train_loss:3.38408 train_time:3306.711s step_avg:1202.44ms
step:2750/3300 val_loss:3.34249 train_time:3306.711s step_avg:1202.11ms
step:2751/3300 train_loss:3.33564 train_time:3307.904s step_avg:1202.44ms
step:2752/3300 train_loss:3.31498 train_time:3309.098s step_avg:1202.43ms
step:2753/3300 train_loss:3.33212 train_time:3310.296s step_avg:1202.43ms
step:2754/3300 train_loss:3.32953 train_time:3311.509s step_avg:1202.44ms
step:2755/3300 train_loss:3.29977 train_time:3312.707s step_avg:1202.43ms
step:2756/3300 train_loss:3.33496 train_time:3313.910s step_avg:1202.43ms
step:2757/3300 train_loss:3.42404 train_time:3315.103s step_avg:1202.43ms
step:2758/3300 train_loss:3.32258 train_time:3316.306s step_avg:1202.43ms
step:2759/3300 train_loss:3.34361 train_time:3317.508s step_avg:1202.43ms
step:2760/3300 train_loss:3.37303 train_time:3318.695s step_avg:1202.43ms
step:2761/3300 train_loss:3.37182 train_time:3319.894s step_avg:1202.42ms
step:2762/3300 train_loss:3.31924 train_time:3321.105s step_avg:1202.43ms
step:2763/3300 train_loss:3.36571 train_time:3322.301s step_avg:1202.43ms
step:2764/3300 train_loss:3.40024 train_time:3323.500s step_avg:1202.42ms
step:2765/3300 train_loss:3.33537 train_time:3324.703s step_avg:1202.42ms
step:2766/3300 train_loss:3.32424 train_time:3325.905s step_avg:1202.42ms
step:2767/3300 train_loss:3.34627 train_time:3327.103s step_avg:1202.42ms
step:2768/3300 train_loss:3.36061 train_time:3328.321s step_avg:1202.43ms
step:2769/3300 train_loss:3.33228 train_time:3329.518s step_avg:1202.43ms
step:2770/3300 train_loss:3.27464 train_time:3330.718s step_avg:1202.43ms
step:2771/3300 train_loss:3.47007 train_time:3331.933s step_avg:1202.43ms
step:2772/3300 train_loss:3.33332 train_time:3333.128s step_avg:1202.43ms
step:2773/3300 train_loss:3.31408 train_time:3334.326s step_avg:1202.43ms
step:2774/3300 train_loss:3.33685 train_time:3335.528s step_avg:1202.43ms
step:2775/3300 train_loss:3.37062 train_time:3336.735s step_avg:1202.43ms
step:2776/3300 train_loss:3.42410 train_time:3337.932s step_avg:1202.43ms
step:2777/3300 train_loss:3.41373 train_time:3339.126s step_avg:1202.42ms
step:2778/3300 train_loss:3.39044 train_time:3340.325s step_avg:1202.42ms
step:2779/3300 train_loss:3.35446 train_time:3341.534s step_avg:1202.42ms
step:2780/3300 train_loss:3.36627 train_time:3342.725s step_avg:1202.42ms
step:2781/3300 train_loss:3.32650 train_time:3343.919s step_avg:1202.42ms
step:2782/3300 train_loss:3.37208 train_time:3345.110s step_avg:1202.41ms
step:2783/3300 train_loss:3.36815 train_time:3346.321s step_avg:1202.42ms
step:2784/3300 train_loss:3.36963 train_time:3347.519s step_avg:1202.41ms
step:2785/3300 train_loss:3.33063 train_time:3348.721s step_avg:1202.41ms
step:2786/3300 train_loss:3.37152 train_time:3349.919s step_avg:1202.41ms
step:2787/3300 train_loss:3.38052 train_time:3351.123s step_avg:1202.41ms
step:2788/3300 train_loss:3.39489 train_time:3352.336s step_avg:1202.42ms
step:2789/3300 train_loss:3.39542 train_time:3353.530s step_avg:1202.41ms
step:2790/3300 train_loss:3.33938 train_time:3354.723s step_avg:1202.41ms
step:2791/3300 train_loss:3.32175 train_time:3355.934s step_avg:1202.41ms
step:2792/3300 train_loss:3.36335 train_time:3357.133s step_avg:1202.41ms
step:2793/3300 train_loss:3.42507 train_time:3358.328s step_avg:1202.41ms
step:2794/3300 train_loss:3.32302 train_time:3359.527s step_avg:1202.41ms
step:2795/3300 train_loss:3.41737 train_time:3360.720s step_avg:1202.40ms
step:2796/3300 train_loss:3.32664 train_time:3361.922s step_avg:1202.40ms
step:2797/3300 train_loss:3.37140 train_time:3363.132s step_avg:1202.41ms
step:2798/3300 train_loss:3.34019 train_time:3364.325s step_avg:1202.40ms
step:2799/3300 train_loss:3.36706 train_time:3365.522s step_avg:1202.40ms
step:2800/3300 train_loss:3.39722 train_time:3366.735s step_avg:1202.41ms
step:2801/3300 train_loss:3.38046 train_time:3367.943s step_avg:1202.41ms
step:2802/3300 train_loss:3.31253 train_time:3369.142s step_avg:1202.41ms
step:2803/3300 train_loss:3.39836 train_time:3370.346s step_avg:1202.41ms
step:2804/3300 train_loss:3.46438 train_time:3371.549s step_avg:1202.41ms
step:2805/3300 train_loss:3.32900 train_time:3372.750s step_avg:1202.41ms
step:2806/3300 train_loss:3.43571 train_time:3373.952s step_avg:1202.41ms
step:2807/3300 train_loss:3.38840 train_time:3375.144s step_avg:1202.40ms
step:2808/3300 train_loss:3.34216 train_time:3376.349s step_avg:1202.40ms
step:2809/3300 train_loss:3.39255 train_time:3377.548s step_avg:1202.40ms
step:2810/3300 train_loss:3.35642 train_time:3378.748s step_avg:1202.40ms
step:2811/3300 train_loss:3.38677 train_time:3379.942s step_avg:1202.40ms
step:2812/3300 train_loss:3.30805 train_time:3381.143s step_avg:1202.40ms
step:2813/3300 train_loss:3.39233 train_time:3382.344s step_avg:1202.40ms
step:2814/3300 train_loss:3.34287 train_time:3383.553s step_avg:1202.40ms
step:2815/3300 train_loss:3.25980 train_time:3384.746s step_avg:1202.40ms
step:2816/3300 train_loss:3.31326 train_time:3385.937s step_avg:1202.39ms
step:2817/3300 train_loss:3.36314 train_time:3387.124s step_avg:1202.39ms
step:2818/3300 train_loss:3.36195 train_time:3388.329s step_avg:1202.39ms
step:2819/3300 train_loss:3.37343 train_time:3389.527s step_avg:1202.39ms
step:2820/3300 train_loss:3.36920 train_time:3390.729s step_avg:1202.39ms
step:2821/3300 train_loss:3.40274 train_time:3391.927s step_avg:1202.38ms
step:2822/3300 train_loss:3.36396 train_time:3393.125s step_avg:1202.38ms
step:2823/3300 train_loss:3.33752 train_time:3394.319s step_avg:1202.38ms
step:2824/3300 train_loss:3.28614 train_time:3395.508s step_avg:1202.38ms
step:2825/3300 train_loss:3.38095 train_time:3396.704s step_avg:1202.37ms
step:2826/3300 train_loss:3.34161 train_time:3397.901s step_avg:1202.37ms
step:2827/3300 train_loss:3.35269 train_time:3399.097s step_avg:1202.37ms
step:2828/3300 train_loss:3.34244 train_time:3400.290s step_avg:1202.37ms
step:2829/3300 train_loss:3.34836 train_time:3401.487s step_avg:1202.36ms
step:2830/3300 train_loss:3.37709 train_time:3402.748s step_avg:1202.38ms
step:2831/3300 train_loss:3.36630 train_time:3403.949s step_avg:1202.38ms
step:2832/3300 train_loss:3.37107 train_time:3405.155s step_avg:1202.39ms
step:2833/3300 train_loss:3.45930 train_time:3406.344s step_avg:1202.38ms
step:2834/3300 train_loss:3.35338 train_time:3407.543s step_avg:1202.38ms
step:2835/3300 train_loss:3.39801 train_time:3408.743s step_avg:1202.38ms
step:2836/3300 train_loss:3.33631 train_time:3409.944s step_avg:1202.38ms
step:2837/3300 train_loss:3.34430 train_time:3411.156s step_avg:1202.38ms
step:2838/3300 train_loss:3.38528 train_time:3412.355s step_avg:1202.38ms
step:2839/3300 train_loss:3.36378 train_time:3413.559s step_avg:1202.38ms
step:2840/3300 train_loss:3.33667 train_time:3414.761s step_avg:1202.38ms
step:2841/3300 train_loss:3.37194 train_time:3415.958s step_avg:1202.38ms
step:2842/3300 train_loss:3.35718 train_time:3417.157s step_avg:1202.38ms
step:2843/3300 train_loss:3.35798 train_time:3418.349s step_avg:1202.37ms
step:2844/3300 train_loss:3.45470 train_time:3419.546s step_avg:1202.37ms
step:2845/3300 train_loss:3.31827 train_time:3420.747s step_avg:1202.37ms
step:2846/3300 train_loss:3.32104 train_time:3421.942s step_avg:1202.37ms
step:2847/3300 train_loss:3.34194 train_time:3423.150s step_avg:1202.37ms
step:2848/3300 train_loss:3.37180 train_time:3424.358s step_avg:1202.37ms
step:2849/3300 train_loss:3.33138 train_time:3425.548s step_avg:1202.37ms
step:2850/3300 train_loss:3.35278 train_time:3426.753s step_avg:1202.37ms
step:2851/3300 train_loss:3.30584 train_time:3427.983s step_avg:1202.38ms
step:2852/3300 train_loss:3.36431 train_time:3429.184s step_avg:1202.38ms
step:2853/3300 train_loss:3.31904 train_time:3430.384s step_avg:1202.38ms
step:2854/3300 train_loss:3.32802 train_time:3431.600s step_avg:1202.38ms
step:2855/3300 train_loss:3.37715 train_time:3432.818s step_avg:1202.39ms
step:2856/3300 train_loss:3.44275 train_time:3434.012s step_avg:1202.39ms
step:2857/3300 train_loss:3.35484 train_time:3435.217s step_avg:1202.39ms
step:2858/3300 train_loss:3.39313 train_time:3436.410s step_avg:1202.38ms
step:2859/3300 train_loss:3.34124 train_time:3437.617s step_avg:1202.38ms
step:2860/3300 train_loss:3.30889 train_time:3438.808s step_avg:1202.38ms
step:2861/3300 train_loss:3.42625 train_time:3440.006s step_avg:1202.38ms
step:2862/3300 train_loss:3.39090 train_time:3441.209s step_avg:1202.38ms
step:2863/3300 train_loss:3.40306 train_time:3442.423s step_avg:1202.38ms
step:2864/3300 train_loss:3.33244 train_time:3443.630s step_avg:1202.38ms
step:2865/3300 train_loss:3.37869 train_time:3444.829s step_avg:1202.38ms
step:2866/3300 train_loss:3.29196 train_time:3446.036s step_avg:1202.39ms
step:2867/3300 train_loss:3.33206 train_time:3447.236s step_avg:1202.38ms
step:2868/3300 train_loss:3.36357 train_time:3448.431s step_avg:1202.38ms
step:2869/3300 train_loss:3.32480 train_time:3449.628s step_avg:1202.38ms
step:2870/3300 train_loss:3.33306 train_time:3450.823s step_avg:1202.38ms
step:2871/3300 train_loss:3.32512 train_time:3452.020s step_avg:1202.38ms
step:2872/3300 train_loss:3.30370 train_time:3453.224s step_avg:1202.38ms
step:2873/3300 train_loss:3.26033 train_time:3454.420s step_avg:1202.37ms
step:2874/3300 train_loss:3.36997 train_time:3455.609s step_avg:1202.37ms
step:2875/3300 train_loss:3.41190 train_time:3456.810s step_avg:1202.37ms
step:2875/3300 val_loss:3.32640 train_time:3456.810s step_avg:1200.79ms
step:2876/3300 train_loss:3.34807 train_time:3458.001s step_avg:1202.36ms
step:2877/3300 train_loss:3.33829 train_time:3459.202s step_avg:1202.36ms
step:2878/3300 train_loss:3.37584 train_time:3460.393s step_avg:1202.36ms
step:2879/3300 train_loss:3.36440 train_time:3461.590s step_avg:1202.36ms
step:2880/3300 train_loss:3.33335 train_time:3462.791s step_avg:1202.36ms
step:2881/3300 train_loss:3.31601 train_time:3463.995s step_avg:1202.36ms
step:2882/3300 train_loss:3.38488 train_time:3465.198s step_avg:1202.36ms
step:2883/3300 train_loss:3.32539 train_time:3466.401s step_avg:1202.36ms
step:2884/3300 train_loss:3.35305 train_time:3467.598s step_avg:1202.36ms
step:2885/3300 train_loss:3.31061 train_time:3468.812s step_avg:1202.36ms
step:2886/3300 train_loss:3.35535 train_time:3470.019s step_avg:1202.36ms
step:2887/3300 train_loss:3.41707 train_time:3471.211s step_avg:1202.36ms
step:2888/3300 train_loss:3.41043 train_time:3472.417s step_avg:1202.36ms
step:2889/3300 train_loss:3.48217 train_time:3473.617s step_avg:1202.36ms
step:2890/3300 train_loss:3.30804 train_time:3474.818s step_avg:1202.36ms
step:2891/3300 train_loss:3.34633 train_time:3476.026s step_avg:1202.36ms
step:2892/3300 train_loss:3.27744 train_time:3477.242s step_avg:1202.37ms
step:2893/3300 train_loss:3.29749 train_time:3478.446s step_avg:1202.37ms
step:2894/3300 train_loss:3.33063 train_time:3479.654s step_avg:1202.37ms
step:2895/3300 train_loss:3.40112 train_time:3480.853s step_avg:1202.37ms
step:2896/3300 train_loss:3.39251 train_time:3482.049s step_avg:1202.37ms
step:2897/3300 train_loss:3.30990 train_time:3483.252s step_avg:1202.37ms
step:2898/3300 train_loss:3.56361 train_time:3484.469s step_avg:1202.37ms
step:2899/3300 train_loss:3.34519 train_time:3485.662s step_avg:1202.37ms
step:2900/3300 train_loss:3.36196 train_time:3486.858s step_avg:1202.36ms
step:2901/3300 train_loss:3.32541 train_time:3488.059s step_avg:1202.36ms
step:2902/3300 train_loss:3.42186 train_time:3489.262s step_avg:1202.36ms
step:2903/3300 train_loss:3.31941 train_time:3490.457s step_avg:1202.36ms
step:2904/3300 train_loss:3.37598 train_time:3491.656s step_avg:1202.36ms
step:2905/3300 train_loss:3.39782 train_time:3492.856s step_avg:1202.36ms
step:2906/3300 train_loss:3.34842 train_time:3494.053s step_avg:1202.36ms
step:2907/3300 train_loss:3.36414 train_time:3495.263s step_avg:1202.36ms
step:2908/3300 train_loss:3.37974 train_time:3496.464s step_avg:1202.36ms
step:2909/3300 train_loss:3.40659 train_time:3497.655s step_avg:1202.36ms
step:2910/3300 train_loss:3.35278 train_time:3498.861s step_avg:1202.36ms
step:2911/3300 train_loss:3.33669 train_time:3500.055s step_avg:1202.35ms
step:2912/3300 train_loss:3.31312 train_time:3501.254s step_avg:1202.35ms
step:2913/3300 train_loss:3.39658 train_time:3502.457s step_avg:1202.35ms
step:2914/3300 train_loss:3.35966 train_time:3503.660s step_avg:1202.35ms
step:2915/3300 train_loss:3.35816 train_time:3504.861s step_avg:1202.35ms
step:2916/3300 train_loss:3.33498 train_time:3506.065s step_avg:1202.35ms
step:2917/3300 train_loss:3.40397 train_time:3507.273s step_avg:1202.36ms
step:2918/3300 train_loss:3.23770 train_time:3508.461s step_avg:1202.35ms
step:2919/3300 train_loss:3.30404 train_time:3509.656s step_avg:1202.35ms
step:2920/3300 train_loss:3.27670 train_time:3510.850s step_avg:1202.35ms
step:2921/3300 train_loss:3.35947 train_time:3512.039s step_avg:1202.34ms
step:2922/3300 train_loss:3.49274 train_time:3513.239s step_avg:1202.34ms
step:2923/3300 train_loss:3.35078 train_time:3514.450s step_avg:1202.34ms
step:2924/3300 train_loss:3.30965 train_time:3515.651s step_avg:1202.34ms
step:2925/3300 train_loss:3.35479 train_time:3516.850s step_avg:1202.34ms
step:2926/3300 train_loss:3.36381 train_time:3518.041s step_avg:1202.34ms
step:2927/3300 train_loss:3.29098 train_time:3519.238s step_avg:1202.34ms
step:2928/3300 train_loss:3.39104 train_time:3520.458s step_avg:1202.34ms
step:2929/3300 train_loss:3.29958 train_time:3521.661s step_avg:1202.34ms
step:2930/3300 train_loss:3.41133 train_time:3522.860s step_avg:1202.34ms
step:2931/3300 train_loss:3.36329 train_time:3524.068s step_avg:1202.34ms
step:2932/3300 train_loss:3.36055 train_time:3525.265s step_avg:1202.34ms
step:2933/3300 train_loss:3.57938 train_time:3526.464s step_avg:1202.34ms
step:2934/3300 train_loss:3.33491 train_time:3527.664s step_avg:1202.34ms
step:2935/3300 train_loss:3.46042 train_time:3528.864s step_avg:1202.34ms
step:2936/3300 train_loss:3.38516 train_time:3530.061s step_avg:1202.34ms
step:2937/3300 train_loss:3.33400 train_time:3531.260s step_avg:1202.34ms
step:2938/3300 train_loss:3.37102 train_time:3532.461s step_avg:1202.34ms
step:2939/3300 train_loss:3.37849 train_time:3533.661s step_avg:1202.33ms
step:2940/3300 train_loss:3.30887 train_time:3534.877s step_avg:1202.34ms
step:2941/3300 train_loss:3.31394 train_time:3536.083s step_avg:1202.34ms
step:2942/3300 train_loss:3.27633 train_time:3537.280s step_avg:1202.34ms
step:2943/3300 train_loss:3.31708 train_time:3538.484s step_avg:1202.34ms
step:2944/3300 train_loss:3.26846 train_time:3539.679s step_avg:1202.34ms
step:2945/3300 train_loss:3.35669 train_time:3540.869s step_avg:1202.33ms
step:2946/3300 train_loss:3.34330 train_time:3542.055s step_avg:1202.33ms
step:2947/3300 train_loss:3.31774 train_time:3543.242s step_avg:1202.32ms
step:2948/3300 train_loss:3.36860 train_time:3544.431s step_avg:1202.32ms
step:2949/3300 train_loss:3.30434 train_time:3545.631s step_avg:1202.32ms
step:2950/3300 train_loss:3.32077 train_time:3546.823s step_avg:1202.31ms
step:2951/3300 train_loss:3.37413 train_time:3548.021s step_avg:1202.31ms
step:2952/3300 train_loss:3.28904 train_time:3549.219s step_avg:1202.31ms
step:2953/3300 train_loss:3.37411 train_time:3550.435s step_avg:1202.31ms
step:2954/3300 train_loss:3.35924 train_time:3551.632s step_avg:1202.31ms
step:2955/3300 train_loss:3.33359 train_time:3552.825s step_avg:1202.31ms
step:2956/3300 train_loss:3.33113 train_time:3554.041s step_avg:1202.31ms
step:2957/3300 train_loss:3.33955 train_time:3555.238s step_avg:1202.31ms
step:2958/3300 train_loss:3.35491 train_time:3556.452s step_avg:1202.32ms
step:2959/3300 train_loss:3.27379 train_time:3557.641s step_avg:1202.31ms
step:2960/3300 train_loss:3.32352 train_time:3558.838s step_avg:1202.31ms
step:2961/3300 train_loss:3.39259 train_time:3560.039s step_avg:1202.31ms
step:2962/3300 train_loss:3.29569 train_time:3561.237s step_avg:1202.31ms
step:2963/3300 train_loss:3.26306 train_time:3562.433s step_avg:1202.31ms
step:2964/3300 train_loss:3.29234 train_time:3563.621s step_avg:1202.30ms
step:2965/3300 train_loss:3.34695 train_time:3564.816s step_avg:1202.30ms
step:2966/3300 train_loss:3.28557 train_time:3566.017s step_avg:1202.30ms
step:2967/3300 train_loss:3.34147 train_time:3567.214s step_avg:1202.30ms
step:2968/3300 train_loss:3.32476 train_time:3568.412s step_avg:1202.30ms
step:2969/3300 train_loss:3.49773 train_time:3569.610s step_avg:1202.29ms
step:2970/3300 train_loss:3.32826 train_time:3570.802s step_avg:1202.29ms
step:2971/3300 train_loss:3.37982 train_time:3572.000s step_avg:1202.29ms
step:2972/3300 train_loss:3.30100 train_time:3573.198s step_avg:1202.29ms
step:2973/3300 train_loss:3.35867 train_time:3574.398s step_avg:1202.29ms
step:2974/3300 train_loss:3.25688 train_time:3575.601s step_avg:1202.29ms
step:2975/3300 train_loss:3.32110 train_time:3576.802s step_avg:1202.29ms
step:2976/3300 train_loss:3.33311 train_time:3577.998s step_avg:1202.28ms
step:2977/3300 train_loss:3.30184 train_time:3579.206s step_avg:1202.29ms
step:2978/3300 train_loss:3.39754 train_time:3580.410s step_avg:1202.29ms
step:2979/3300 train_loss:3.32331 train_time:3581.606s step_avg:1202.28ms
step:2980/3300 train_loss:3.36442 train_time:3582.807s step_avg:1202.28ms
step:2981/3300 train_loss:3.32107 train_time:3584.007s step_avg:1202.28ms
step:2982/3300 train_loss:3.37832 train_time:3585.220s step_avg:1202.29ms
step:2983/3300 train_loss:3.33745 train_time:3586.420s step_avg:1202.29ms
step:2984/3300 train_loss:3.36622 train_time:3587.618s step_avg:1202.28ms
step:2985/3300 train_loss:3.37111 train_time:3588.835s step_avg:1202.29ms
step:2986/3300 train_loss:3.36087 train_time:3590.037s step_avg:1202.29ms
step:2987/3300 train_loss:3.28616 train_time:3591.238s step_avg:1202.29ms
step:2988/3300 train_loss:3.24595 train_time:3592.439s step_avg:1202.29ms
step:2989/3300 train_loss:3.39073 train_time:3593.638s step_avg:1202.29ms
step:2990/3300 train_loss:3.35176 train_time:3594.838s step_avg:1202.29ms
step:2991/3300 train_loss:3.30029 train_time:3596.051s step_avg:1202.29ms
step:2992/3300 train_loss:3.31294 train_time:3597.250s step_avg:1202.29ms
step:2993/3300 train_loss:3.30923 train_time:3598.490s step_avg:1202.30ms
step:2994/3300 train_loss:3.29559 train_time:3599.687s step_avg:1202.30ms
step:2995/3300 train_loss:3.38455 train_time:3600.886s step_avg:1202.30ms
step:2996/3300 train_loss:3.27238 train_time:3602.086s step_avg:1202.30ms
step:2997/3300 train_loss:3.28265 train_time:3603.286s step_avg:1202.30ms
step:2998/3300 train_loss:3.35456 train_time:3604.494s step_avg:1202.30ms
step:2999/3300 train_loss:3.39078 train_time:3605.738s step_avg:1202.31ms
step:3000/3300 train_loss:3.35229 train_time:3606.937s step_avg:1202.31ms
step:3000/3300 val_loss:3.31074 train_time:3606.937s step_avg:1201.02ms
step:3001/3300 train_loss:3.31595 train_time:3608.141s step_avg:1202.31ms
step:3002/3300 train_loss:3.32479 train_time:3609.334s step_avg:1202.31ms
step:3003/3300 train_loss:3.30545 train_time:3610.534s step_avg:1202.31ms
step:3004/3300 train_loss:3.36487 train_time:3611.744s step_avg:1202.31ms
step:3005/3300 train_loss:3.33193 train_time:3612.937s step_avg:1202.31ms
step:3006/3300 train_loss:3.29292 train_time:3614.136s step_avg:1202.31ms
step:3007/3300 train_loss:3.31157 train_time:3615.336s step_avg:1202.31ms
step:3008/3300 train_loss:3.36263 train_time:3616.535s step_avg:1202.31ms
step:3009/3300 train_loss:3.29857 train_time:3617.737s step_avg:1202.31ms
step:3010/3300 train_loss:3.34708 train_time:3618.936s step_avg:1202.30ms
step:3011/3300 train_loss:3.34474 train_time:3620.137s step_avg:1202.30ms
step:3012/3300 train_loss:3.30325 train_time:3621.346s step_avg:1202.31ms
step:3013/3300 train_loss:3.38152 train_time:3622.540s step_avg:1202.30ms
step:3014/3300 train_loss:3.35919 train_time:3623.747s step_avg:1202.31ms
step:3015/3300 train_loss:3.33686 train_time:3624.960s step_avg:1202.31ms
step:3016/3300 train_loss:3.32562 train_time:3626.166s step_avg:1202.31ms
step:3017/3300 train_loss:3.33132 train_time:3627.366s step_avg:1202.31ms
step:3018/3300 train_loss:3.27120 train_time:3628.558s step_avg:1202.31ms
step:3019/3300 train_loss:3.33613 train_time:3629.758s step_avg:1202.30ms
step:3020/3300 train_loss:3.33937 train_time:3630.967s step_avg:1202.31ms
step:3021/3300 train_loss:3.29095 train_time:3632.161s step_avg:1202.30ms
step:3022/3300 train_loss:3.31166 train_time:3633.358s step_avg:1202.30ms
step:3023/3300 train_loss:3.26960 train_time:3634.561s step_avg:1202.30ms
step:3024/3300 train_loss:3.33750 train_time:3635.765s step_avg:1202.30ms
step:3025/3300 train_loss:3.32433 train_time:3636.958s step_avg:1202.30ms
step:3025/3300 val_loss:3.30698 train_time:3636.958s step_avg:1200.84ms
step:3026/3300 train_loss:3.28066 train_time:3638.154s step_avg:1202.30ms
step:3027/3300 train_loss:3.34588 train_time:3639.354s step_avg:1202.30ms
step:3028/3300 train_loss:3.24812 train_time:3640.554s step_avg:1202.30ms
step:3029/3300 train_loss:3.38105 train_time:3641.753s step_avg:1202.30ms
step:3030/3300 train_loss:3.21462 train_time:3642.960s step_avg:1202.30ms
step:3031/3300 train_loss:3.26074 train_time:3644.159s step_avg:1202.30ms
step:3032/3300 train_loss:3.35775 train_time:3645.374s step_avg:1202.30ms
step:3033/3300 train_loss:3.32618 train_time:3646.562s step_avg:1202.30ms
step:3034/3300 train_loss:3.28790 train_time:3647.759s step_avg:1202.29ms
step:3035/3300 train_loss:3.25863 train_time:3648.960s step_avg:1202.29ms
step:3036/3300 train_loss:3.30995 train_time:3650.162s step_avg:1202.29ms
step:3037/3300 train_loss:3.29651 train_time:3651.360s step_avg:1202.29ms
step:3038/3300 train_loss:3.29637 train_time:3652.559s step_avg:1202.29ms
step:3039/3300 train_loss:3.30948 train_time:3653.761s step_avg:1202.29ms
step:3040/3300 train_loss:3.33696 train_time:3654.965s step_avg:1202.29ms
step:3041/3300 train_loss:3.24068 train_time:3656.192s step_avg:1202.30ms
step:3042/3300 train_loss:3.26952 train_time:3657.386s step_avg:1202.30ms
step:3043/3300 train_loss:3.35660 train_time:3658.615s step_avg:1202.31ms
step:3044/3300 train_loss:3.41829 train_time:3659.824s step_avg:1202.31ms
step:3045/3300 train_loss:3.27014 train_time:3661.046s step_avg:1202.31ms
step:3046/3300 train_loss:3.27791 train_time:3662.240s step_avg:1202.31ms
step:3047/3300 train_loss:3.32669 train_time:3663.446s step_avg:1202.31ms
step:3048/3300 train_loss:3.27130 train_time:3664.654s step_avg:1202.31ms
step:3049/3300 train_loss:3.28988 train_time:3665.857s step_avg:1202.31ms
step:3050/3300 train_loss:3.30822 train_time:3667.059s step_avg:1202.31ms
step:3050/3300 val_loss:3.30408 train_time:3667.059s step_avg:1204.05ms
step:3051/3300 train_loss:3.26673 train_time:3668.261s step_avg:1202.31ms
step:3052/3300 train_loss:3.33566 train_time:3669.459s step_avg:1202.31ms
step:3053/3300 train_loss:3.31215 train_time:3670.656s step_avg:1202.31ms
step:3054/3300 train_loss:3.34966 train_time:3671.860s step_avg:1202.31ms
step:3055/3300 train_loss:3.36376 train_time:3673.064s step_avg:1202.31ms
step:3056/3300 train_loss:3.24361 train_time:3674.255s step_avg:1202.31ms
step:3057/3300 train_loss:3.30232 train_time:3675.454s step_avg:1202.31ms
step:3058/3300 train_loss:3.34989 train_time:3676.656s step_avg:1202.31ms
step:3059/3300 train_loss:3.37802 train_time:3677.852s step_avg:1202.31ms
step:3060/3300 train_loss:3.28459 train_time:3679.049s step_avg:1202.30ms
step:3061/3300 train_loss:3.32524 train_time:3680.263s step_avg:1202.31ms
step:3062/3300 train_loss:3.31710 train_time:3681.460s step_avg:1202.31ms
step:3063/3300 train_loss:3.35615 train_time:3682.671s step_avg:1202.31ms
step:3064/3300 train_loss:3.28783 train_time:3683.873s step_avg:1202.31ms
step:3065/3300 train_loss:3.32968 train_time:3685.069s step_avg:1202.31ms
step:3066/3300 train_loss:3.26169 train_time:3686.269s step_avg:1202.31ms
step:3067/3300 train_loss:3.25629 train_time:3687.469s step_avg:1202.30ms
step:3068/3300 train_loss:3.30299 train_time:3688.667s step_avg:1202.30ms
step:3069/3300 train_loss:3.34071 train_time:3689.855s step_avg:1202.30ms
step:3070/3300 train_loss:3.33205 train_time:3691.052s step_avg:1202.30ms
step:3071/3300 train_loss:3.35956 train_time:3692.266s step_avg:1202.30ms
step:3072/3300 train_loss:3.35476 train_time:3693.467s step_avg:1202.30ms
step:3073/3300 train_loss:3.27083 train_time:3694.663s step_avg:1202.30ms
step:3074/3300 train_loss:3.36225 train_time:3695.869s step_avg:1202.30ms
step:3075/3300 train_loss:3.28444 train_time:3697.069s step_avg:1202.30ms
step:3075/3300 val_loss:3.30130 train_time:3697.069s step_avg:1200.41ms
step:3076/3300 train_loss:3.35150 train_time:3698.274s step_avg:1202.30ms
step:3077/3300 train_loss:3.32033 train_time:3699.474s step_avg:1202.30ms
step:3078/3300 train_loss:3.39275 train_time:3700.667s step_avg:1202.30ms
step:3079/3300 train_loss:3.27665 train_time:3701.867s step_avg:1202.30ms
step:3080/3300 train_loss:3.33547 train_time:3703.076s step_avg:1202.30ms
step:3081/3300 train_loss:3.28712 train_time:3704.273s step_avg:1202.30ms
step:3082/3300 train_loss:3.28106 train_time:3705.471s step_avg:1202.29ms
step:3083/3300 train_loss:3.32311 train_time:3706.672s step_avg:1202.29ms
step:3084/3300 train_loss:3.29808 train_time:3707.871s step_avg:1202.29ms
step:3085/3300 train_loss:3.39018 train_time:3709.070s step_avg:1202.29ms
step:3086/3300 train_loss:3.31432 train_time:3710.270s step_avg:1202.29ms
step:3087/3300 train_loss:3.31630 train_time:3711.469s step_avg:1202.29ms
step:3088/3300 train_loss:3.31005 train_time:3712.669s step_avg:1202.29ms
step:3089/3300 train_loss:3.30864 train_time:3713.877s step_avg:1202.29ms
step:3090/3300 train_loss:3.35118 train_time:3715.075s step_avg:1202.29ms
step:3091/3300 train_loss:3.42309 train_time:3716.274s step_avg:1202.29ms
step:3092/3300 train_loss:3.34690 train_time:3717.471s step_avg:1202.29ms
step:3093/3300 train_loss:3.26630 train_time:3718.672s step_avg:1202.29ms
step:3094/3300 train_loss:3.34391 train_time:3719.871s step_avg:1202.29ms
step:3095/3300 train_loss:3.32309 train_time:3721.103s step_avg:1202.29ms
step:3096/3300 train_loss:3.32065 train_time:3722.308s step_avg:1202.30ms
step:3097/3300 train_loss:3.30643 train_time:3723.504s step_avg:1202.29ms
step:3098/3300 train_loss:3.26133 train_time:3724.694s step_avg:1202.29ms
step:3099/3300 train_loss:3.33107 train_time:3725.890s step_avg:1202.29ms
step:3100/3300 train_loss:3.25028 train_time:3727.093s step_avg:1202.29ms
step:3100/3300 val_loss:3.29851 train_time:3727.093s step_avg:1200.95ms
step:3101/3300 train_loss:3.29696 train_time:3728.286s step_avg:1202.29ms
step:3102/3300 train_loss:3.22212 train_time:3729.489s step_avg:1202.29ms
step:3103/3300 train_loss:3.35110 train_time:3730.711s step_avg:1202.29ms
step:3104/3300 train_loss:3.26897 train_time:3731.913s step_avg:1202.29ms
step:3105/3300 train_loss:3.30222 train_time:3733.121s step_avg:1202.29ms
step:3106/3300 train_loss:3.20643 train_time:3734.316s step_avg:1202.29ms
step:3107/3300 train_loss:3.19307 train_time:3735.517s step_avg:1202.29ms
step:3108/3300 train_loss:3.30672 train_time:3736.717s step_avg:1202.29ms
step:3109/3300 train_loss:3.30039 train_time:3737.912s step_avg:1202.29ms
step:3110/3300 train_loss:3.31198 train_time:3739.112s step_avg:1202.29ms
step:3111/3300 train_loss:3.24843 train_time:3740.309s step_avg:1202.29ms
step:3112/3300 train_loss:3.34533 train_time:3741.502s step_avg:1202.28ms
step:3113/3300 train_loss:3.25528 train_time:3742.701s step_avg:1202.28ms
step:3114/3300 train_loss:3.32184 train_time:3743.902s step_avg:1202.28ms
step:3115/3300 train_loss:3.32908 train_time:3745.109s step_avg:1202.28ms
step:3116/3300 train_loss:3.43819 train_time:3746.313s step_avg:1202.28ms
step:3117/3300 train_loss:3.29401 train_time:3747.513s step_avg:1202.28ms
step:3118/3300 train_loss:3.31399 train_time:3748.708s step_avg:1202.28ms
step:3119/3300 train_loss:3.30410 train_time:3749.913s step_avg:1202.28ms
step:3120/3300 train_loss:3.25479 train_time:3751.112s step_avg:1202.28ms
step:3121/3300 train_loss:3.35380 train_time:3752.328s step_avg:1202.28ms
step:3122/3300 train_loss:3.32536 train_time:3753.525s step_avg:1202.28ms
step:3123/3300 train_loss:3.31604 train_time:3754.724s step_avg:1202.28ms
step:3124/3300 train_loss:3.19572 train_time:3755.925s step_avg:1202.28ms
step:3125/3300 train_loss:3.31331 train_time:3757.118s step_avg:1202.28ms
step:3125/3300 val_loss:3.29602 train_time:3757.118s step_avg:1201.01ms
step:3126/3300 train_loss:3.26154 train_time:3758.320s step_avg:1202.28ms
step:3127/3300 train_loss:3.41116 train_time:3759.521s step_avg:1202.28ms
step:3128/3300 train_loss:3.30641 train_time:3760.722s step_avg:1202.28ms
step:3129/3300 train_loss:3.28541 train_time:3761.918s step_avg:1202.27ms
step:3130/3300 train_loss:3.30644 train_time:3763.129s step_avg:1202.28ms
step:3131/3300 train_loss:3.31176 train_time:3764.332s step_avg:1202.28ms
step:3132/3300 train_loss:3.24473 train_time:3765.528s step_avg:1202.28ms
step:3133/3300 train_loss:3.32470 train_time:3766.725s step_avg:1202.27ms
step:3134/3300 train_loss:3.28215 train_time:3767.933s step_avg:1202.28ms
step:3135/3300 train_loss:3.26196 train_time:3769.126s step_avg:1202.27ms
step:3136/3300 train_loss:3.28478 train_time:3770.325s step_avg:1202.27ms
step:3137/3300 train_loss:3.38711 train_time:3771.523s step_avg:1202.27ms
step:3138/3300 train_loss:3.29742 train_time:3772.724s step_avg:1202.27ms
step:3139/3300 train_loss:3.34642 train_time:3773.922s step_avg:1202.27ms
step:3140/3300 train_loss:3.34088 train_time:3775.126s step_avg:1202.27ms
step:3141/3300 train_loss:3.29379 train_time:3776.338s step_avg:1202.27ms
step:3142/3300 train_loss:3.30845 train_time:3777.540s step_avg:1202.27ms
step:3143/3300 train_loss:3.25007 train_time:3778.761s step_avg:1202.28ms
step:3144/3300 train_loss:3.34915 train_time:3779.960s step_avg:1202.28ms
step:3145/3300 train_loss:3.27412 train_time:3781.163s step_avg:1202.28ms
step:3146/3300 train_loss:3.33555 train_time:3782.364s step_avg:1202.28ms
step:3147/3300 train_loss:3.33472 train_time:3783.565s step_avg:1202.28ms
step:3148/3300 train_loss:3.31605 train_time:3784.774s step_avg:1202.28ms
step:3149/3300 train_loss:3.25091 train_time:3785.986s step_avg:1202.28ms
step:3150/3300 train_loss:3.29926 train_time:3787.186s step_avg:1202.28ms
step:3150/3300 val_loss:3.29317 train_time:3787.186s step_avg:1202.69ms
step:3151/3300 train_loss:3.28919 train_time:3788.387s step_avg:1202.28ms
step:3152/3300 train_loss:3.32142 train_time:3789.600s step_avg:1202.28ms
step:3153/3300 train_loss:3.31674 train_time:3790.802s step_avg:1202.28ms
step:3154/3300 train_loss:3.28596 train_time:3792.004s step_avg:1202.28ms
step:3155/3300 train_loss:3.30617 train_time:3793.203s step_avg:1202.28ms
step:3156/3300 train_loss:3.33640 train_time:3794.404s step_avg:1202.28ms
step:3157/3300 train_loss:3.29351 train_time:3795.607s step_avg:1202.28ms
step:3158/3300 train_loss:3.37031 train_time:3796.810s step_avg:1202.28ms
step:3159/3300 train_loss:3.29911 train_time:3798.017s step_avg:1202.28ms
step:3160/3300 train_loss:3.26590 train_time:3799.213s step_avg:1202.28ms
step:3161/3300 train_loss:3.27562 train_time:3800.406s step_avg:1202.28ms
step:3162/3300 train_loss:3.27056 train_time:3801.601s step_avg:1202.28ms
step:3163/3300 train_loss:3.23019 train_time:3802.815s step_avg:1202.28ms
step:3164/3300 train_loss:3.32054 train_time:3804.006s step_avg:1202.28ms
step:3165/3300 train_loss:3.29859 train_time:3805.211s step_avg:1202.28ms
step:3166/3300 train_loss:3.30735 train_time:3806.406s step_avg:1202.28ms
step:3167/3300 train_loss:3.28431 train_time:3807.623s step_avg:1202.28ms
step:3168/3300 train_loss:3.25190 train_time:3808.820s step_avg:1202.28ms
step:3169/3300 train_loss:3.34133 train_time:3810.024s step_avg:1202.28ms
step:3170/3300 train_loss:3.25645 train_time:3811.223s step_avg:1202.28ms
step:3171/3300 train_loss:3.34614 train_time:3812.415s step_avg:1202.28ms
step:3172/3300 train_loss:3.34480 train_time:3813.607s step_avg:1202.27ms
step:3173/3300 train_loss:3.29505 train_time:3814.814s step_avg:1202.27ms
step:3174/3300 train_loss:3.29008 train_time:3816.010s step_avg:1202.27ms
step:3175/3300 train_loss:3.34296 train_time:3817.207s step_avg:1202.27ms
step:3175/3300 val_loss:3.29090 train_time:3817.207s step_avg:1200.85ms
step:3176/3300 train_loss:3.30449 train_time:3818.410s step_avg:1202.27ms
step:3177/3300 train_loss:3.32741 train_time:3819.601s step_avg:1202.27ms
step:3178/3300 train_loss:3.37997 train_time:3820.801s step_avg:1202.27ms
step:3179/3300 train_loss:3.29483 train_time:3822.003s step_avg:1202.27ms
step:3180/3300 train_loss:3.27129 train_time:3823.203s step_avg:1202.27ms
step:3181/3300 train_loss:3.26191 train_time:3824.410s step_avg:1202.27ms
step:3182/3300 train_loss:3.24805 train_time:3825.619s step_avg:1202.27ms
step:3183/3300 train_loss:3.30668 train_time:3826.817s step_avg:1202.27ms
step:3184/3300 train_loss:3.28853 train_time:3828.039s step_avg:1202.27ms
step:3185/3300 train_loss:3.25346 train_time:3829.245s step_avg:1202.27ms
step:3186/3300 train_loss:3.32211 train_time:3830.445s step_avg:1202.27ms
step:3187/3300 train_loss:3.27460 train_time:3831.648s step_avg:1202.27ms
step:3188/3300 train_loss:3.30774 train_time:3832.856s step_avg:1202.28ms
step:3189/3300 train_loss:3.28942 train_time:3834.061s step_avg:1202.28ms
step:3190/3300 train_loss:3.30308 train_time:3835.256s step_avg:1202.27ms
step:3191/3300 train_loss:3.25604 train_time:3836.445s step_avg:1202.27ms
step:3192/3300 train_loss:3.33828 train_time:3837.646s step_avg:1202.27ms
step:3193/3300 train_loss:3.38606 train_time:3838.852s step_avg:1202.27ms
step:3194/3300 train_loss:3.35590 train_time:3840.047s step_avg:1202.27ms
step:3195/3300 train_loss:3.20080 train_time:3841.245s step_avg:1202.27ms
step:3196/3300 train_loss:3.47570 train_time:3842.446s step_avg:1202.27ms
step:3197/3300 train_loss:3.22763 train_time:3843.646s step_avg:1202.27ms
step:3198/3300 train_loss:3.30692 train_time:3844.845s step_avg:1202.27ms
step:3199/3300 train_loss:3.29435 train_time:3846.045s step_avg:1202.26ms
step:3200/3300 train_loss:3.27364 train_time:3847.243s step_avg:1202.26ms
step:3200/3300 val_loss:3.28864 train_time:3847.243s step_avg:1201.46ms
step:3201/3300 train_loss:3.30893 train_time:3848.443s step_avg:1202.26ms
step:3202/3300 train_loss:3.30779 train_time:3849.652s step_avg:1202.26ms
step:3203/3300 train_loss:3.25817 train_time:3850.853s step_avg:1202.26ms
step:3204/3300 train_loss:3.36210 train_time:3852.048s step_avg:1202.26ms
step:3205/3300 train_loss:3.37369 train_time:3853.248s step_avg:1202.26ms
step:3206/3300 train_loss:3.23157 train_time:3854.452s step_avg:1202.26ms
step:3207/3300 train_loss:3.32807 train_time:3855.656s step_avg:1202.26ms
step:3208/3300 train_loss:3.34705 train_time:3856.854s step_avg:1202.26ms
step:3209/3300 train_loss:3.27146 train_time:3858.058s step_avg:1202.26ms
step:3210/3300 train_loss:3.34126 train_time:3859.254s step_avg:1202.26ms
step:3211/3300 train_loss:3.25495 train_time:3860.462s step_avg:1202.26ms
step:3212/3300 train_loss:3.30459 train_time:3861.662s step_avg:1202.26ms
step:3213/3300 train_loss:3.32519 train_time:3862.863s step_avg:1202.26ms
step:3214/3300 train_loss:3.31967 train_time:3864.064s step_avg:1202.26ms
step:3215/3300 train_loss:3.25613 train_time:3865.254s step_avg:1202.26ms
step:3216/3300 train_loss:3.28705 train_time:3866.469s step_avg:1202.26ms
step:3217/3300 train_loss:3.31138 train_time:3867.680s step_avg:1202.26ms
step:3218/3300 train_loss:3.30878 train_time:3868.872s step_avg:1202.26ms
step:3219/3300 train_loss:3.33561 train_time:3870.080s step_avg:1202.26ms
step:3220/3300 train_loss:3.35534 train_time:3871.277s step_avg:1202.26ms
step:3221/3300 train_loss:3.29888 train_time:3872.470s step_avg:1202.26ms
step:3222/3300 train_loss:3.30408 train_time:3873.672s step_avg:1202.26ms
step:3223/3300 train_loss:3.27881 train_time:3874.872s step_avg:1202.26ms
step:3224/3300 train_loss:3.26644 train_time:3876.075s step_avg:1202.26ms
step:3225/3300 train_loss:3.26458 train_time:3877.268s step_avg:1202.25ms
step:3225/3300 val_loss:3.28664 train_time:3877.268s step_avg:1201.00ms
step:3226/3300 train_loss:3.28694 train_time:3878.466s step_avg:1202.25ms
step:3227/3300 train_loss:3.29232 train_time:3879.661s step_avg:1202.25ms
step:3228/3300 train_loss:3.29384 train_time:3880.860s step_avg:1202.25ms
step:3229/3300 train_loss:3.21381 train_time:3882.060s step_avg:1202.25ms
step:3230/3300 train_loss:3.30797 train_time:3883.289s step_avg:1202.26ms
step:3231/3300 train_loss:3.35474 train_time:3884.522s step_avg:1202.27ms
step:3232/3300 train_loss:3.27050 train_time:3885.721s step_avg:1202.27ms
step:3233/3300 train_loss:3.37285 train_time:3886.920s step_avg:1202.26ms
step:3234/3300 train_loss:3.22026 train_time:3888.116s step_avg:1202.26ms
step:3235/3300 train_loss:3.31512 train_time:3889.314s step_avg:1202.26ms
step:3236/3300 train_loss:3.33976 train_time:3890.510s step_avg:1202.26ms
step:3237/3300 train_loss:3.30935 train_time:3891.709s step_avg:1202.26ms
step:3238/3300 train_loss:3.28588 train_time:3892.900s step_avg:1202.25ms
step:3239/3300 train_loss:3.23912 train_time:3894.097s step_avg:1202.25ms
step:3240/3300 train_loss:3.30785 train_time:3895.303s step_avg:1202.25ms
step:3241/3300 train_loss:3.37617 train_time:3896.504s step_avg:1202.25ms
step:3242/3300 train_loss:3.33813 train_time:3897.723s step_avg:1202.26ms
step:3243/3300 train_loss:3.34507 train_time:3898.923s step_avg:1202.26ms
step:3244/3300 train_loss:3.34522 train_time:3900.119s step_avg:1202.26ms
step:3245/3300 train_loss:3.30808 train_time:3901.320s step_avg:1202.26ms
step:3246/3300 train_loss:3.32025 train_time:3902.536s step_avg:1202.26ms
step:3247/3300 train_loss:3.21950 train_time:3903.730s step_avg:1202.26ms
step:3248/3300 train_loss:3.22375 train_time:3904.925s step_avg:1202.26ms
step:3249/3300 train_loss:3.30201 train_time:3906.122s step_avg:1202.25ms
step:3250/3300 train_loss:3.30823 train_time:3907.334s step_avg:1202.26ms
step:3250/3300 val_loss:3.28500 train_time:3907.334s step_avg:1202.64ms
step:3251/3300 train_loss:3.28761 train_time:3908.534s step_avg:1202.26ms
step:3252/3300 train_loss:3.27129 train_time:3909.734s step_avg:1202.26ms
step:3253/3300 train_loss:3.33368 train_time:3910.934s step_avg:1202.25ms
step:3254/3300 train_loss:3.33340 train_time:3912.132s step_avg:1202.25ms
step:3255/3300 train_loss:3.30901 train_time:3913.332s step_avg:1202.25ms
step:3256/3300 train_loss:3.29496 train_time:3914.556s step_avg:1202.26ms
step:3257/3300 train_loss:3.31143 train_time:3915.757s step_avg:1202.26ms
step:3258/3300 train_loss:3.29426 train_time:3916.957s step_avg:1202.26ms
step:3259/3300 train_loss:3.33664 train_time:3918.158s step_avg:1202.26ms
step:3260/3300 train_loss:3.28280 train_time:3919.367s step_avg:1202.26ms
step:3261/3300 train_loss:3.29409 train_time:3920.584s step_avg:1202.26ms
step:3262/3300 train_loss:3.26458 train_time:3921.780s step_avg:1202.26ms
step:3263/3300 train_loss:3.41648 train_time:3922.980s step_avg:1202.26ms
step:3264/3300 train_loss:3.28828 train_time:3924.184s step_avg:1202.26ms
step:3265/3300 train_loss:3.34827 train_time:3925.379s step_avg:1202.26ms
step:3266/3300 train_loss:3.27814 train_time:3926.577s step_avg:1202.26ms
step:3267/3300 train_loss:3.35708 train_time:3927.780s step_avg:1202.26ms
step:3268/3300 train_loss:3.23375 train_time:3928.978s step_avg:1202.26ms
step:3269/3300 train_loss:3.35084 train_time:3930.188s step_avg:1202.26ms
step:3270/3300 train_loss:3.24642 train_time:3931.382s step_avg:1202.26ms
step:3271/3300 train_loss:3.29703 train_time:3932.579s step_avg:1202.26ms
step:3272/3300 train_loss:3.27127 train_time:3933.782s step_avg:1202.26ms
step:3273/3300 train_loss:3.29404 train_time:3934.977s step_avg:1202.25ms
step:3274/3300 train_loss:3.27689 train_time:3936.182s step_avg:1202.25ms
step:3275/3300 train_loss:3.27605 train_time:3937.390s step_avg:1202.26ms
step:3275/3300 val_loss:3.28382 train_time:3937.390s step_avg:1202.24ms
step:3276/3300 train_loss:3.26316 train_time:3938.590s step_avg:1202.26ms
step:3277/3300 train_loss:3.32779 train_time:3939.790s step_avg:1202.26ms
step:3278/3300 train_loss:3.24296 train_time:3940.993s step_avg:1202.26ms
step:3279/3300 train_loss:3.32573 train_time:3942.191s step_avg:1202.25ms
step:3280/3300 train_loss:3.21558 train_time:3943.397s step_avg:1202.26ms
step:3281/3300 train_loss:3.31700 train_time:3944.606s step_avg:1202.26ms
step:3282/3300 train_loss:3.29281 train_time:3945.809s step_avg:1202.26ms
step:3283/3300 train_loss:3.34158 train_time:3947.022s step_avg:1202.26ms
step:3284/3300 train_loss:3.24685 train_time:3948.220s step_avg:1202.26ms
step:3285/3300 train_loss:3.32162 train_time:3949.418s step_avg:1202.26ms
step:3286/3300 train_loss:3.25618 train_time:3950.609s step_avg:1202.25ms
step:3287/3300 train_loss:3.28088 train_time:3951.813s step_avg:1202.26ms
step:3288/3300 train_loss:3.37399 train_time:3953.017s step_avg:1202.26ms
step:3289/3300 train_loss:3.33682 train_time:3954.229s step_avg:1202.26ms
step:3290/3300 train_loss:3.20411 train_time:3955.430s step_avg:1202.26ms
step:3291/3300 train_loss:3.32111 train_time:3956.631s step_avg:1202.26ms
step:3292/3300 train_loss:3.29992 train_time:3957.834s step_avg:1202.26ms
step:3293/3300 train_loss:3.27292 train_time:3959.030s step_avg:1202.26ms
step:3294/3300 train_loss:3.34122 train_time:3960.229s step_avg:1202.26ms
step:3295/3300 train_loss:3.26378 train_time:3961.430s step_avg:1202.25ms
step:3296/3300 train_loss:3.29689 train_time:3962.633s step_avg:1202.26ms
step:3297/3300 train_loss:3.29832 train_time:3963.831s step_avg:1202.25ms
step:3298/3300 train_loss:3.27108 train_time:3965.033s step_avg:1202.25ms
step:3299/3300 train_loss:3.28532 train_time:3966.247s step_avg:1202.26ms
step:3300/3300 train_loss:3.29067 train_time:3967.450s step_avg:1202.26ms
step:3300/3300 val_loss:3.28327 train_time:3967.450s step_avg:1202.39ms
