logfile: ../../../../records/track_3_optimization/results/muonl_draft/runs/seed42_h100_mainpdf_loss_only_20260727T111653Z/alllayer_muonl/raw/seed42_alllayer_muonl_lr0p035_mainpdf_h100_loss_only.txt
scheme:alllayer_muonl opt_mode:alllayer rho:1.0 ns_steps:12 momentum:0.95 nesterov:True scale_ema_beta:0.9 interval:5
matrix_lr:0.035 matrix_weight_decay:0.025 weight_decay_mode:decoupled zero_init_trust_floor_scale:1.0
schedule_cooldown_frac:0.7 previous_muonl_experiment_cooldown_frac:0.7
seed:42 train_steps:3300 schedule_steps:3300 diag_freq:250
batch_tokens:524288 train_microbatches:8 train_microbatch_sequences:64 val_tokens:10485760
save_log:True save_diag:False save_orscale_state:False orscale_state_freq:250
step:S val_loss is after S optimizer updates
step:0/3300 val_loss:10.82583 train_time:0.000s step_avg:nanms
step:1/3300 train_loss:10.82584 train_time:3.921s step_avg:3920.78ms
step:2/3300 train_loss:10.43467 train_time:5.103s step_avg:2551.58ms
step:3/3300 train_loss:9.11073 train_time:6.309s step_avg:2102.92ms
step:4/3300 train_loss:7.93593 train_time:7.514s step_avg:1878.48ms
step:5/3300 train_loss:7.30646 train_time:8.726s step_avg:1745.14ms
step:6/3300 train_loss:6.94423 train_time:9.942s step_avg:1656.95ms
step:7/3300 train_loss:6.89416 train_time:11.154s step_avg:1593.36ms
step:8/3300 train_loss:6.74684 train_time:12.371s step_avg:1546.38ms
step:9/3300 train_loss:6.79584 train_time:13.581s step_avg:1509.03ms
step:10/3300 train_loss:6.55562 train_time:14.799s step_avg:1479.95ms
step:11/3300 train_loss:6.54269 train_time:16.031s step_avg:1457.35ms
step:12/3300 train_loss:6.48115 train_time:17.239s step_avg:1436.62ms
step:13/3300 train_loss:6.43399 train_time:18.465s step_avg:1420.41ms
step:14/3300 train_loss:6.33447 train_time:19.674s step_avg:1405.31ms
step:15/3300 train_loss:6.34823 train_time:20.894s step_avg:1392.96ms
step:16/3300 train_loss:6.25359 train_time:22.123s step_avg:1382.70ms
step:17/3300 train_loss:6.26393 train_time:23.338s step_avg:1372.84ms
step:18/3300 train_loss:6.28851 train_time:24.555s step_avg:1364.15ms
step:19/3300 train_loss:6.27643 train_time:25.767s step_avg:1356.14ms
step:20/3300 train_loss:6.11521 train_time:26.976s step_avg:1348.81ms
step:21/3300 train_loss:6.15262 train_time:28.215s step_avg:1343.56ms
step:22/3300 train_loss:6.22728 train_time:29.438s step_avg:1338.09ms
step:23/3300 train_loss:6.05875 train_time:30.668s step_avg:1333.40ms
step:24/3300 train_loss:6.09980 train_time:31.879s step_avg:1328.28ms
step:25/3300 train_loss:6.02283 train_time:33.097s step_avg:1323.87ms
step:26/3300 train_loss:6.02884 train_time:34.319s step_avg:1319.97ms
step:27/3300 train_loss:5.99340 train_time:35.560s step_avg:1317.03ms
step:28/3300 train_loss:5.89391 train_time:36.778s step_avg:1313.51ms
step:29/3300 train_loss:5.96312 train_time:38.008s step_avg:1310.64ms
step:30/3300 train_loss:5.87397 train_time:39.220s step_avg:1307.32ms
step:31/3300 train_loss:5.93094 train_time:40.444s step_avg:1304.63ms
step:32/3300 train_loss:5.80256 train_time:41.658s step_avg:1301.82ms
step:33/3300 train_loss:5.82219 train_time:42.872s step_avg:1299.14ms
step:34/3300 train_loss:5.79842 train_time:44.083s step_avg:1296.55ms
step:35/3300 train_loss:5.85061 train_time:45.294s step_avg:1294.11ms
step:36/3300 train_loss:5.77787 train_time:46.522s step_avg:1292.28ms
step:37/3300 train_loss:5.78837 train_time:47.735s step_avg:1290.13ms
step:38/3300 train_loss:5.71498 train_time:48.939s step_avg:1287.87ms
step:39/3300 train_loss:5.73416 train_time:50.186s step_avg:1286.83ms
step:40/3300 train_loss:5.65468 train_time:51.396s step_avg:1284.90ms
step:41/3300 train_loss:5.69551 train_time:52.617s step_avg:1283.34ms
step:42/3300 train_loss:5.60781 train_time:53.827s step_avg:1281.59ms
step:43/3300 train_loss:5.67622 train_time:55.036s step_avg:1279.91ms
step:44/3300 train_loss:5.57920 train_time:56.261s step_avg:1278.66ms
step:45/3300 train_loss:5.55431 train_time:57.483s step_avg:1277.40ms
step:46/3300 train_loss:5.56325 train_time:58.712s step_avg:1276.35ms
step:47/3300 train_loss:5.53625 train_time:59.919s step_avg:1274.87ms
step:48/3300 train_loss:5.54939 train_time:61.144s step_avg:1273.83ms
step:49/3300 train_loss:5.48848 train_time:62.356s step_avg:1272.57ms
step:50/3300 train_loss:5.49271 train_time:63.558s step_avg:1271.15ms
step:51/3300 train_loss:5.44261 train_time:64.782s step_avg:1270.23ms
step:52/3300 train_loss:5.47802 train_time:65.998s step_avg:1269.19ms
step:53/3300 train_loss:5.42704 train_time:67.222s step_avg:1268.34ms
step:54/3300 train_loss:5.41687 train_time:68.453s step_avg:1267.64ms
step:55/3300 train_loss:5.40112 train_time:69.665s step_avg:1266.63ms
step:56/3300 train_loss:5.35235 train_time:70.899s step_avg:1266.05ms
step:57/3300 train_loss:5.33253 train_time:72.123s step_avg:1265.31ms
step:58/3300 train_loss:5.34949 train_time:73.337s step_avg:1264.43ms
step:59/3300 train_loss:5.29228 train_time:74.536s step_avg:1263.32ms
step:60/3300 train_loss:5.29585 train_time:75.747s step_avg:1262.44ms
step:61/3300 train_loss:5.28117 train_time:76.968s step_avg:1261.76ms
step:62/3300 train_loss:5.28141 train_time:78.182s step_avg:1261.00ms
step:63/3300 train_loss:5.23266 train_time:79.405s step_avg:1260.40ms
step:64/3300 train_loss:5.22329 train_time:80.619s step_avg:1259.67ms
step:65/3300 train_loss:5.20079 train_time:81.848s step_avg:1259.19ms
step:66/3300 train_loss:5.22877 train_time:83.065s step_avg:1258.56ms
step:67/3300 train_loss:5.18937 train_time:84.279s step_avg:1257.90ms
step:68/3300 train_loss:5.31189 train_time:85.506s step_avg:1257.45ms
step:69/3300 train_loss:5.19123 train_time:86.720s step_avg:1256.81ms
step:70/3300 train_loss:5.17142 train_time:87.935s step_avg:1256.21ms
step:71/3300 train_loss:5.14710 train_time:89.145s step_avg:1255.57ms
step:72/3300 train_loss:5.16341 train_time:90.370s step_avg:1255.15ms
step:73/3300 train_loss:5.12544 train_time:91.579s step_avg:1254.50ms
step:74/3300 train_loss:5.14787 train_time:92.794s step_avg:1253.98ms
step:75/3300 train_loss:5.11692 train_time:94.001s step_avg:1253.35ms
step:76/3300 train_loss:5.07968 train_time:95.220s step_avg:1252.89ms
step:77/3300 train_loss:5.14899 train_time:96.434s step_avg:1252.39ms
step:78/3300 train_loss:5.13235 train_time:97.644s step_avg:1251.85ms
step:79/3300 train_loss:4.93423 train_time:98.858s step_avg:1251.37ms
step:80/3300 train_loss:5.03174 train_time:100.088s step_avg:1251.10ms
step:81/3300 train_loss:4.98436 train_time:101.306s step_avg:1250.70ms
step:82/3300 train_loss:5.18423 train_time:102.518s step_avg:1250.22ms
step:83/3300 train_loss:5.05219 train_time:103.727s step_avg:1249.72ms
step:84/3300 train_loss:5.02070 train_time:104.933s step_avg:1249.20ms
step:85/3300 train_loss:4.98642 train_time:106.141s step_avg:1248.72ms
step:86/3300 train_loss:5.02809 train_time:107.375s step_avg:1248.54ms
step:87/3300 train_loss:5.02977 train_time:108.580s step_avg:1248.04ms
step:88/3300 train_loss:5.01200 train_time:109.786s step_avg:1247.57ms
step:89/3300 train_loss:4.99369 train_time:111.002s step_avg:1247.22ms
step:90/3300 train_loss:4.93005 train_time:112.210s step_avg:1246.78ms
step:91/3300 train_loss:4.96215 train_time:113.429s step_avg:1246.48ms
step:92/3300 train_loss:4.94031 train_time:114.641s step_avg:1246.10ms
step:93/3300 train_loss:4.92088 train_time:115.856s step_avg:1245.76ms
step:94/3300 train_loss:4.95077 train_time:117.084s step_avg:1245.58ms
step:95/3300 train_loss:4.91566 train_time:118.316s step_avg:1245.43ms
step:96/3300 train_loss:4.84705 train_time:119.532s step_avg:1245.13ms
step:97/3300 train_loss:4.94357 train_time:120.744s step_avg:1244.79ms
step:98/3300 train_loss:4.89749 train_time:121.958s step_avg:1244.46ms
step:99/3300 train_loss:4.88087 train_time:123.161s step_avg:1244.05ms
step:100/3300 train_loss:4.83258 train_time:124.376s step_avg:1243.76ms
step:101/3300 train_loss:4.80013 train_time:125.601s step_avg:1243.57ms
step:102/3300 train_loss:4.81261 train_time:126.815s step_avg:1243.29ms
step:103/3300 train_loss:4.83311 train_time:128.023s step_avg:1242.95ms
step:104/3300 train_loss:4.91418 train_time:129.237s step_avg:1242.66ms
step:105/3300 train_loss:4.84435 train_time:130.448s step_avg:1242.36ms
step:106/3300 train_loss:4.88829 train_time:131.672s step_avg:1242.19ms
step:107/3300 train_loss:4.84013 train_time:132.883s step_avg:1241.89ms
step:108/3300 train_loss:4.75669 train_time:134.095s step_avg:1241.62ms
step:109/3300 train_loss:4.82284 train_time:135.306s step_avg:1241.34ms
step:110/3300 train_loss:4.86151 train_time:136.549s step_avg:1241.36ms
step:111/3300 train_loss:4.76628 train_time:137.773s step_avg:1241.20ms
step:112/3300 train_loss:4.80867 train_time:138.987s step_avg:1240.95ms
step:113/3300 train_loss:4.82155 train_time:140.209s step_avg:1240.79ms
step:114/3300 train_loss:4.75942 train_time:141.426s step_avg:1240.58ms
step:115/3300 train_loss:4.79915 train_time:142.639s step_avg:1240.34ms
step:116/3300 train_loss:4.77791 train_time:143.851s step_avg:1240.09ms
step:117/3300 train_loss:4.71354 train_time:145.074s step_avg:1239.95ms
step:118/3300 train_loss:4.73349 train_time:146.288s step_avg:1239.73ms
step:119/3300 train_loss:4.71929 train_time:147.503s step_avg:1239.52ms
step:120/3300 train_loss:4.68716 train_time:148.707s step_avg:1239.22ms
step:121/3300 train_loss:4.68642 train_time:149.941s step_avg:1239.19ms
step:122/3300 train_loss:4.63090 train_time:151.150s step_avg:1238.93ms
step:123/3300 train_loss:4.69011 train_time:152.361s step_avg:1238.71ms
step:124/3300 train_loss:4.66601 train_time:153.566s step_avg:1238.43ms
step:125/3300 train_loss:4.69057 train_time:154.768s step_avg:1238.14ms
step:125/3300 val_loss:4.66620 train_time:154.768s step_avg:1238.15ms
step:126/3300 train_loss:4.64988 train_time:155.991s step_avg:1238.02ms
step:127/3300 train_loss:4.72538 train_time:157.198s step_avg:1237.78ms
step:128/3300 train_loss:4.64973 train_time:158.415s step_avg:1237.62ms
step:129/3300 train_loss:4.72459 train_time:159.638s step_avg:1237.50ms
step:130/3300 train_loss:4.58540 train_time:160.856s step_avg:1237.35ms
step:131/3300 train_loss:4.64460 train_time:162.075s step_avg:1237.21ms
step:132/3300 train_loss:4.61365 train_time:163.293s step_avg:1237.07ms
step:133/3300 train_loss:4.58632 train_time:164.506s step_avg:1236.89ms
step:134/3300 train_loss:4.59809 train_time:165.716s step_avg:1236.69ms
step:135/3300 train_loss:4.63846 train_time:166.928s step_avg:1236.51ms
step:136/3300 train_loss:4.55757 train_time:168.140s step_avg:1236.33ms
step:137/3300 train_loss:4.58450 train_time:169.355s step_avg:1236.17ms
step:138/3300 train_loss:4.59018 train_time:170.568s step_avg:1236.00ms
step:139/3300 train_loss:4.56951 train_time:171.786s step_avg:1235.87ms
step:140/3300 train_loss:4.61094 train_time:173.001s step_avg:1235.72ms
step:141/3300 train_loss:4.52317 train_time:174.219s step_avg:1235.59ms
step:142/3300 train_loss:4.62310 train_time:175.432s step_avg:1235.44ms
step:143/3300 train_loss:4.54391 train_time:176.639s step_avg:1235.24ms
step:144/3300 train_loss:4.55063 train_time:177.860s step_avg:1235.14ms
step:145/3300 train_loss:4.53081 train_time:179.079s step_avg:1235.03ms
step:146/3300 train_loss:4.46467 train_time:180.298s step_avg:1234.92ms
step:147/3300 train_loss:4.50559 train_time:181.510s step_avg:1234.76ms
step:148/3300 train_loss:4.51977 train_time:182.719s step_avg:1234.59ms
step:149/3300 train_loss:4.53678 train_time:183.946s step_avg:1234.54ms
step:150/3300 train_loss:4.52130 train_time:185.150s step_avg:1234.33ms
step:151/3300 train_loss:4.49302 train_time:186.361s step_avg:1234.18ms
step:152/3300 train_loss:4.40543 train_time:187.575s step_avg:1234.04ms
step:153/3300 train_loss:4.44967 train_time:188.779s step_avg:1233.85ms
step:154/3300 train_loss:4.46550 train_time:189.977s step_avg:1233.62ms
step:155/3300 train_loss:4.50682 train_time:191.187s step_avg:1233.46ms
step:156/3300 train_loss:4.49325 train_time:192.403s step_avg:1233.35ms
step:157/3300 train_loss:4.49618 train_time:193.617s step_avg:1233.23ms
step:158/3300 train_loss:4.40521 train_time:194.820s step_avg:1233.04ms
step:159/3300 train_loss:4.44094 train_time:196.028s step_avg:1232.88ms
step:160/3300 train_loss:4.43762 train_time:197.234s step_avg:1232.71ms
step:161/3300 train_loss:4.45630 train_time:198.447s step_avg:1232.59ms
step:162/3300 train_loss:4.44461 train_time:199.660s step_avg:1232.47ms
step:163/3300 train_loss:4.40942 train_time:200.904s step_avg:1232.54ms
step:164/3300 train_loss:4.44306 train_time:202.117s step_avg:1232.42ms
step:165/3300 train_loss:4.38335 train_time:203.334s step_avg:1232.33ms
step:166/3300 train_loss:4.42869 train_time:204.556s step_avg:1232.26ms
step:167/3300 train_loss:4.34701 train_time:205.768s step_avg:1232.14ms
step:168/3300 train_loss:4.37489 train_time:206.981s step_avg:1232.03ms
step:169/3300 train_loss:4.35168 train_time:208.200s step_avg:1231.96ms
step:170/3300 train_loss:4.32696 train_time:209.411s step_avg:1231.83ms
step:171/3300 train_loss:4.32788 train_time:210.642s step_avg:1231.82ms
step:172/3300 train_loss:4.41276 train_time:211.861s step_avg:1231.75ms
step:173/3300 train_loss:4.34461 train_time:213.086s step_avg:1231.71ms
step:174/3300 train_loss:4.39911 train_time:214.299s step_avg:1231.60ms
step:175/3300 train_loss:4.37432 train_time:215.510s step_avg:1231.49ms
step:176/3300 train_loss:4.34313 train_time:216.721s step_avg:1231.37ms
step:177/3300 train_loss:4.33482 train_time:217.946s step_avg:1231.33ms
step:178/3300 train_loss:4.34167 train_time:219.173s step_avg:1231.31ms
step:179/3300 train_loss:4.34931 train_time:220.391s step_avg:1231.24ms
step:180/3300 train_loss:4.31931 train_time:221.609s step_avg:1231.16ms
step:181/3300 train_loss:4.29879 train_time:222.855s step_avg:1231.24ms
step:182/3300 train_loss:4.32817 train_time:224.076s step_avg:1231.19ms
step:183/3300 train_loss:4.26950 train_time:225.279s step_avg:1231.03ms
step:184/3300 train_loss:4.34095 train_time:226.493s step_avg:1230.94ms
step:185/3300 train_loss:4.29394 train_time:227.706s step_avg:1230.85ms
step:186/3300 train_loss:4.28770 train_time:228.929s step_avg:1230.80ms
step:187/3300 train_loss:4.35208 train_time:230.174s step_avg:1230.87ms
step:188/3300 train_loss:4.31962 train_time:231.380s step_avg:1230.74ms
step:189/3300 train_loss:4.24277 train_time:232.605s step_avg:1230.71ms
step:190/3300 train_loss:4.28247 train_time:233.829s step_avg:1230.68ms
step:191/3300 train_loss:4.19928 train_time:235.167s step_avg:1231.24ms
step:192/3300 train_loss:4.32706 train_time:236.378s step_avg:1231.14ms
step:193/3300 train_loss:4.27682 train_time:237.589s step_avg:1231.03ms
step:194/3300 train_loss:4.32932 train_time:238.817s step_avg:1231.01ms
step:195/3300 train_loss:4.29630 train_time:240.032s step_avg:1230.93ms
step:196/3300 train_loss:4.32880 train_time:241.260s step_avg:1230.92ms
step:197/3300 train_loss:4.24310 train_time:242.477s step_avg:1230.85ms
step:198/3300 train_loss:4.28809 train_time:243.685s step_avg:1230.73ms
step:199/3300 train_loss:4.23461 train_time:244.900s step_avg:1230.65ms
step:200/3300 train_loss:4.42807 train_time:246.118s step_avg:1230.59ms
step:201/3300 train_loss:4.26746 train_time:247.337s step_avg:1230.53ms
step:202/3300 train_loss:4.26538 train_time:248.550s step_avg:1230.45ms
step:203/3300 train_loss:4.30934 train_time:249.803s step_avg:1230.56ms
step:204/3300 train_loss:4.27314 train_time:251.019s step_avg:1230.49ms
step:205/3300 train_loss:4.23487 train_time:252.222s step_avg:1230.35ms
step:206/3300 train_loss:4.19548 train_time:253.458s step_avg:1230.38ms
step:207/3300 train_loss:4.27605 train_time:254.664s step_avg:1230.26ms
step:208/3300 train_loss:4.24413 train_time:255.884s step_avg:1230.21ms
step:209/3300 train_loss:4.16193 train_time:257.102s step_avg:1230.15ms
step:210/3300 train_loss:4.25095 train_time:258.310s step_avg:1230.05ms
step:211/3300 train_loss:4.21016 train_time:259.534s step_avg:1230.02ms
step:212/3300 train_loss:4.22277 train_time:260.744s step_avg:1229.93ms
step:213/3300 train_loss:4.21935 train_time:261.948s step_avg:1229.80ms
step:214/3300 train_loss:4.22068 train_time:263.167s step_avg:1229.75ms
step:215/3300 train_loss:4.21036 train_time:264.385s step_avg:1229.70ms
step:216/3300 train_loss:4.18607 train_time:265.595s step_avg:1229.61ms
step:217/3300 train_loss:4.24695 train_time:266.805s step_avg:1229.51ms
step:218/3300 train_loss:4.18456 train_time:268.021s step_avg:1229.45ms
step:219/3300 train_loss:4.20818 train_time:269.234s step_avg:1229.38ms
step:220/3300 train_loss:4.17897 train_time:270.442s step_avg:1229.28ms
step:221/3300 train_loss:4.16551 train_time:271.655s step_avg:1229.21ms
step:222/3300 train_loss:4.16134 train_time:272.861s step_avg:1229.10ms
step:223/3300 train_loss:4.24449 train_time:274.065s step_avg:1228.99ms
step:224/3300 train_loss:4.21590 train_time:275.276s step_avg:1228.91ms
step:225/3300 train_loss:4.14739 train_time:276.486s step_avg:1228.82ms
step:226/3300 train_loss:4.15770 train_time:277.700s step_avg:1228.76ms
step:227/3300 train_loss:4.15345 train_time:278.919s step_avg:1228.72ms
step:228/3300 train_loss:4.21381 train_time:280.125s step_avg:1228.62ms
step:229/3300 train_loss:4.19865 train_time:281.335s step_avg:1228.54ms
step:230/3300 train_loss:4.13288 train_time:282.549s step_avg:1228.47ms
step:231/3300 train_loss:4.14956 train_time:283.773s step_avg:1228.45ms
step:232/3300 train_loss:4.12763 train_time:284.980s step_avg:1228.36ms
step:233/3300 train_loss:4.17933 train_time:286.185s step_avg:1228.26ms
step:234/3300 train_loss:4.18270 train_time:287.423s step_avg:1228.30ms
step:235/3300 train_loss:4.20808 train_time:288.624s step_avg:1228.19ms
step:236/3300 train_loss:4.20477 train_time:289.836s step_avg:1228.12ms
step:237/3300 train_loss:4.22828 train_time:291.047s step_avg:1228.05ms
step:238/3300 train_loss:4.17864 train_time:292.258s step_avg:1227.97ms
step:239/3300 train_loss:4.11448 train_time:293.473s step_avg:1227.92ms
step:240/3300 train_loss:4.14284 train_time:294.681s step_avg:1227.84ms
step:241/3300 train_loss:4.27812 train_time:295.892s step_avg:1227.77ms
step:242/3300 train_loss:4.22439 train_time:297.104s step_avg:1227.70ms
step:243/3300 train_loss:4.11839 train_time:298.327s step_avg:1227.68ms
step:244/3300 train_loss:4.19181 train_time:299.545s step_avg:1227.64ms
step:245/3300 train_loss:4.10667 train_time:300.763s step_avg:1227.60ms
step:246/3300 train_loss:4.13223 train_time:301.974s step_avg:1227.54ms
step:247/3300 train_loss:4.06840 train_time:303.193s step_avg:1227.50ms
step:248/3300 train_loss:4.12995 train_time:304.411s step_avg:1227.47ms
step:249/3300 train_loss:4.12558 train_time:305.623s step_avg:1227.40ms
step:250/3300 train_loss:4.07260 train_time:306.828s step_avg:1227.31ms
step:250/3300 val_loss:4.11561 train_time:306.828s step_avg:1216.48ms
step:251/3300 train_loss:4.15313 train_time:308.045s step_avg:1227.27ms
step:252/3300 train_loss:4.16688 train_time:309.255s step_avg:1227.20ms
step:253/3300 train_loss:4.11610 train_time:310.472s step_avg:1227.16ms
step:254/3300 train_loss:4.07509 train_time:311.685s step_avg:1227.10ms
step:255/3300 train_loss:4.14894 train_time:312.884s step_avg:1226.99ms
step:256/3300 train_loss:4.09435 train_time:314.095s step_avg:1226.93ms
step:257/3300 train_loss:4.10862 train_time:315.311s step_avg:1226.89ms
step:258/3300 train_loss:4.19016 train_time:316.570s step_avg:1227.02ms
step:259/3300 train_loss:4.08100 train_time:317.786s step_avg:1226.97ms
step:260/3300 train_loss:4.07411 train_time:318.993s step_avg:1226.90ms
step:261/3300 train_loss:4.07033 train_time:320.210s step_avg:1226.86ms
step:262/3300 train_loss:4.14904 train_time:321.420s step_avg:1226.79ms
step:263/3300 train_loss:4.10388 train_time:322.629s step_avg:1226.73ms
step:264/3300 train_loss:4.15917 train_time:323.842s step_avg:1226.68ms
step:265/3300 train_loss:4.02091 train_time:325.047s step_avg:1226.59ms
step:266/3300 train_loss:4.12379 train_time:326.263s step_avg:1226.55ms
step:267/3300 train_loss:4.06000 train_time:327.470s step_avg:1226.48ms
step:268/3300 train_loss:4.04614 train_time:328.686s step_avg:1226.44ms
step:269/3300 train_loss:4.09161 train_time:329.894s step_avg:1226.37ms
step:270/3300 train_loss:4.09192 train_time:331.109s step_avg:1226.33ms
step:271/3300 train_loss:4.13467 train_time:332.329s step_avg:1226.31ms
step:272/3300 train_loss:4.07034 train_time:333.533s step_avg:1226.23ms
step:273/3300 train_loss:4.10643 train_time:334.746s step_avg:1226.18ms
step:274/3300 train_loss:4.02496 train_time:335.959s step_avg:1226.13ms
step:275/3300 train_loss:4.09114 train_time:337.171s step_avg:1226.08ms
step:276/3300 train_loss:4.13969 train_time:338.381s step_avg:1226.02ms
step:277/3300 train_loss:4.03781 train_time:339.593s step_avg:1225.97ms
step:278/3300 train_loss:4.08490 train_time:340.807s step_avg:1225.92ms
step:279/3300 train_loss:4.01406 train_time:342.012s step_avg:1225.85ms
step:280/3300 train_loss:4.13530 train_time:343.239s step_avg:1225.85ms
step:281/3300 train_loss:4.09395 train_time:344.456s step_avg:1225.82ms
step:282/3300 train_loss:4.05691 train_time:345.667s step_avg:1225.77ms
step:283/3300 train_loss:4.07308 train_time:346.874s step_avg:1225.70ms
step:284/3300 train_loss:4.01591 train_time:348.085s step_avg:1225.65ms
step:285/3300 train_loss:4.10369 train_time:349.291s step_avg:1225.58ms
step:286/3300 train_loss:4.07642 train_time:350.537s step_avg:1225.66ms
step:287/3300 train_loss:4.04234 train_time:351.753s step_avg:1225.62ms
step:288/3300 train_loss:4.06377 train_time:352.965s step_avg:1225.57ms
step:289/3300 train_loss:4.05657 train_time:354.177s step_avg:1225.53ms
step:290/3300 train_loss:4.02470 train_time:355.394s step_avg:1225.50ms
step:291/3300 train_loss:4.03188 train_time:356.631s step_avg:1225.54ms
step:292/3300 train_loss:4.07970 train_time:357.832s step_avg:1225.45ms
step:293/3300 train_loss:4.02263 train_time:359.044s step_avg:1225.41ms
step:294/3300 train_loss:4.19763 train_time:360.259s step_avg:1225.37ms
step:295/3300 train_loss:4.02889 train_time:361.480s step_avg:1225.36ms
step:296/3300 train_loss:4.02037 train_time:362.697s step_avg:1225.33ms
step:297/3300 train_loss:4.03970 train_time:363.918s step_avg:1225.31ms
step:298/3300 train_loss:4.04366 train_time:365.129s step_avg:1225.27ms
step:299/3300 train_loss:4.01289 train_time:366.334s step_avg:1225.20ms
step:300/3300 train_loss:4.01987 train_time:367.551s step_avg:1225.17ms
step:301/3300 train_loss:4.07264 train_time:368.760s step_avg:1225.12ms
step:302/3300 train_loss:3.99967 train_time:369.974s step_avg:1225.08ms
step:303/3300 train_loss:4.04238 train_time:371.187s step_avg:1225.04ms
step:304/3300 train_loss:4.02867 train_time:372.399s step_avg:1225.00ms
step:305/3300 train_loss:4.04916 train_time:373.613s step_avg:1224.96ms
step:306/3300 train_loss:4.00621 train_time:374.849s step_avg:1225.00ms
step:307/3300 train_loss:4.04347 train_time:376.055s step_avg:1224.93ms
step:308/3300 train_loss:4.02314 train_time:377.269s step_avg:1224.90ms
step:309/3300 train_loss:4.03720 train_time:378.475s step_avg:1224.84ms
step:310/3300 train_loss:4.09390 train_time:379.678s step_avg:1224.77ms
step:311/3300 train_loss:4.06427 train_time:380.903s step_avg:1224.77ms
step:312/3300 train_loss:3.99452 train_time:382.147s step_avg:1224.83ms
step:313/3300 train_loss:4.05098 train_time:383.362s step_avg:1224.80ms
step:314/3300 train_loss:4.00537 train_time:384.585s step_avg:1224.79ms
step:315/3300 train_loss:3.97645 train_time:385.797s step_avg:1224.75ms
step:316/3300 train_loss:3.98252 train_time:387.016s step_avg:1224.73ms
step:317/3300 train_loss:3.97915 train_time:388.229s step_avg:1224.70ms
step:318/3300 train_loss:3.97382 train_time:389.437s step_avg:1224.65ms
step:319/3300 train_loss:4.03598 train_time:390.655s step_avg:1224.62ms
step:320/3300 train_loss:4.01243 train_time:391.875s step_avg:1224.61ms
step:321/3300 train_loss:4.03552 train_time:393.098s step_avg:1224.60ms
step:322/3300 train_loss:3.99380 train_time:394.312s step_avg:1224.57ms
step:323/3300 train_loss:4.03666 train_time:395.531s step_avg:1224.55ms
step:324/3300 train_loss:3.97909 train_time:396.734s step_avg:1224.49ms
step:325/3300 train_loss:4.07057 train_time:397.944s step_avg:1224.44ms
step:326/3300 train_loss:3.99923 train_time:399.163s step_avg:1224.43ms
step:327/3300 train_loss:4.13777 train_time:400.381s step_avg:1224.41ms
step:328/3300 train_loss:4.06032 train_time:401.593s step_avg:1224.37ms
step:329/3300 train_loss:4.02106 train_time:402.809s step_avg:1224.34ms
step:330/3300 train_loss:3.94129 train_time:404.015s step_avg:1224.29ms
step:331/3300 train_loss:4.04880 train_time:405.251s step_avg:1224.32ms
step:332/3300 train_loss:3.96220 train_time:406.456s step_avg:1224.26ms
step:333/3300 train_loss:3.93258 train_time:407.667s step_avg:1224.23ms
step:334/3300 train_loss:3.97242 train_time:408.878s step_avg:1224.19ms
step:335/3300 train_loss:4.05946 train_time:410.094s step_avg:1224.16ms
step:336/3300 train_loss:4.01452 train_time:411.334s step_avg:1224.21ms
step:337/3300 train_loss:4.28987 train_time:412.538s step_avg:1224.15ms
step:338/3300 train_loss:3.98785 train_time:413.754s step_avg:1224.12ms
step:339/3300 train_loss:3.95522 train_time:414.959s step_avg:1224.07ms
step:340/3300 train_loss:3.96040 train_time:416.183s step_avg:1224.07ms
step:341/3300 train_loss:3.98828 train_time:417.400s step_avg:1224.05ms
step:342/3300 train_loss:3.96826 train_time:418.617s step_avg:1224.03ms
step:343/3300 train_loss:4.03997 train_time:419.836s step_avg:1224.01ms
step:344/3300 train_loss:3.97264 train_time:421.040s step_avg:1223.95ms
step:345/3300 train_loss:3.93914 train_time:422.254s step_avg:1223.92ms
step:346/3300 train_loss:3.94860 train_time:423.467s step_avg:1223.89ms
step:347/3300 train_loss:3.95177 train_time:424.682s step_avg:1223.87ms
step:348/3300 train_loss:3.98553 train_time:425.896s step_avg:1223.84ms
step:349/3300 train_loss:3.92243 train_time:427.101s step_avg:1223.79ms
step:350/3300 train_loss:3.90813 train_time:428.314s step_avg:1223.75ms
step:351/3300 train_loss:3.89972 train_time:429.526s step_avg:1223.72ms
step:352/3300 train_loss:4.01280 train_time:430.743s step_avg:1223.70ms
step:353/3300 train_loss:3.91595 train_time:431.955s step_avg:1223.67ms
step:354/3300 train_loss:3.91074 train_time:433.158s step_avg:1223.61ms
step:355/3300 train_loss:3.99466 train_time:434.372s step_avg:1223.58ms
step:356/3300 train_loss:3.91370 train_time:435.588s step_avg:1223.56ms
step:357/3300 train_loss:3.98585 train_time:436.796s step_avg:1223.52ms
step:358/3300 train_loss:3.97494 train_time:438.005s step_avg:1223.48ms
step:359/3300 train_loss:3.88801 train_time:439.214s step_avg:1223.44ms
step:360/3300 train_loss:3.89277 train_time:440.426s step_avg:1223.41ms
step:361/3300 train_loss:4.01044 train_time:441.649s step_avg:1223.40ms
step:362/3300 train_loss:3.95246 train_time:442.865s step_avg:1223.38ms
step:363/3300 train_loss:3.92617 train_time:444.082s step_avg:1223.37ms
step:364/3300 train_loss:3.94987 train_time:445.301s step_avg:1223.35ms
step:365/3300 train_loss:3.99067 train_time:446.522s step_avg:1223.35ms
step:366/3300 train_loss:3.93748 train_time:447.745s step_avg:1223.35ms
step:367/3300 train_loss:3.97667 train_time:448.964s step_avg:1223.33ms
step:368/3300 train_loss:3.95932 train_time:450.202s step_avg:1223.37ms
step:369/3300 train_loss:3.95422 train_time:451.419s step_avg:1223.36ms
step:370/3300 train_loss:3.92696 train_time:452.631s step_avg:1223.33ms
step:371/3300 train_loss:3.95555 train_time:453.846s step_avg:1223.30ms
step:372/3300 train_loss:3.93881 train_time:455.066s step_avg:1223.30ms
step:373/3300 train_loss:3.96295 train_time:456.292s step_avg:1223.30ms
step:374/3300 train_loss:3.98755 train_time:457.501s step_avg:1223.27ms
step:375/3300 train_loss:3.95877 train_time:458.717s step_avg:1223.24ms
step:375/3300 val_loss:3.92677 train_time:458.717s step_avg:1215.11ms
step:376/3300 train_loss:4.04712 train_time:459.934s step_avg:1223.23ms
step:377/3300 train_loss:3.84586 train_time:461.138s step_avg:1223.18ms
step:378/3300 train_loss:3.95938 train_time:462.361s step_avg:1223.18ms
step:379/3300 train_loss:3.94948 train_time:463.586s step_avg:1223.18ms
step:380/3300 train_loss:3.91301 train_time:464.827s step_avg:1223.23ms
step:381/3300 train_loss:3.99108 train_time:466.092s step_avg:1223.34ms
step:382/3300 train_loss:3.91286 train_time:467.302s step_avg:1223.30ms
step:383/3300 train_loss:3.93142 train_time:468.512s step_avg:1223.27ms
step:384/3300 train_loss:3.91712 train_time:469.718s step_avg:1223.22ms
step:385/3300 train_loss:3.94874 train_time:470.930s step_avg:1223.20ms
step:386/3300 train_loss:3.94414 train_time:472.146s step_avg:1223.18ms
step:387/3300 train_loss:3.96382 train_time:473.357s step_avg:1223.14ms
step:388/3300 train_loss:3.94459 train_time:474.574s step_avg:1223.13ms
step:389/3300 train_loss:3.89354 train_time:475.780s step_avg:1223.08ms
step:390/3300 train_loss:3.94570 train_time:476.986s step_avg:1223.04ms
step:391/3300 train_loss:3.87616 train_time:478.196s step_avg:1223.01ms
step:392/3300 train_loss:3.92286 train_time:479.400s step_avg:1222.96ms
step:393/3300 train_loss:3.95966 train_time:480.613s step_avg:1222.93ms
step:394/3300 train_loss:3.95009 train_time:481.819s step_avg:1222.89ms
step:395/3300 train_loss:3.87726 train_time:483.036s step_avg:1222.88ms
step:396/3300 train_loss:3.79448 train_time:484.252s step_avg:1222.86ms
step:397/3300 train_loss:3.98278 train_time:485.468s step_avg:1222.84ms
step:398/3300 train_loss:3.91630 train_time:486.677s step_avg:1222.81ms
step:399/3300 train_loss:3.86793 train_time:487.889s step_avg:1222.78ms
step:400/3300 train_loss:3.95285 train_time:489.116s step_avg:1222.79ms
step:401/3300 train_loss:3.90376 train_time:490.338s step_avg:1222.79ms
step:402/3300 train_loss:3.91520 train_time:491.545s step_avg:1222.75ms
step:403/3300 train_loss:3.92239 train_time:492.754s step_avg:1222.71ms
step:404/3300 train_loss:3.90103 train_time:493.963s step_avg:1222.68ms
step:405/3300 train_loss:3.95893 train_time:495.188s step_avg:1222.69ms
step:406/3300 train_loss:3.93358 train_time:496.405s step_avg:1222.67ms
step:407/3300 train_loss:4.02680 train_time:497.624s step_avg:1222.66ms
step:408/3300 train_loss:3.94338 train_time:498.835s step_avg:1222.63ms
step:409/3300 train_loss:3.89627 train_time:500.040s step_avg:1222.59ms
step:410/3300 train_loss:3.90564 train_time:501.258s step_avg:1222.58ms
step:411/3300 train_loss:3.88177 train_time:502.468s step_avg:1222.55ms
step:412/3300 train_loss:3.97111 train_time:503.684s step_avg:1222.53ms
step:413/3300 train_loss:3.89853 train_time:504.901s step_avg:1222.52ms
step:414/3300 train_loss:3.93492 train_time:506.102s step_avg:1222.47ms
step:415/3300 train_loss:3.97423 train_time:507.310s step_avg:1222.43ms
step:416/3300 train_loss:3.89526 train_time:508.532s step_avg:1222.43ms
step:417/3300 train_loss:3.91228 train_time:509.742s step_avg:1222.40ms
step:418/3300 train_loss:3.90692 train_time:510.944s step_avg:1222.35ms
step:419/3300 train_loss:3.88713 train_time:512.155s step_avg:1222.33ms
step:420/3300 train_loss:3.87629 train_time:513.374s step_avg:1222.32ms
step:421/3300 train_loss:3.87914 train_time:514.611s step_avg:1222.35ms
step:422/3300 train_loss:3.86264 train_time:515.820s step_avg:1222.32ms
step:423/3300 train_loss:3.89632 train_time:517.032s step_avg:1222.30ms
step:424/3300 train_loss:3.91672 train_time:518.243s step_avg:1222.27ms
step:425/3300 train_loss:3.92501 train_time:519.456s step_avg:1222.25ms
step:426/3300 train_loss:3.85302 train_time:520.665s step_avg:1222.22ms
step:427/3300 train_loss:3.90917 train_time:521.873s step_avg:1222.18ms
step:428/3300 train_loss:3.85457 train_time:523.082s step_avg:1222.15ms
step:429/3300 train_loss:3.83923 train_time:524.291s step_avg:1222.12ms
step:430/3300 train_loss:3.86126 train_time:525.502s step_avg:1222.10ms
step:431/3300 train_loss:3.93634 train_time:526.710s step_avg:1222.07ms
step:432/3300 train_loss:3.87462 train_time:527.922s step_avg:1222.04ms
step:433/3300 train_loss:3.93594 train_time:529.128s step_avg:1222.00ms
step:434/3300 train_loss:3.88505 train_time:530.342s step_avg:1221.99ms
step:435/3300 train_loss:3.90966 train_time:531.558s step_avg:1221.97ms
step:436/3300 train_loss:3.94554 train_time:532.770s step_avg:1221.95ms
step:437/3300 train_loss:3.89587 train_time:533.987s step_avg:1221.94ms
step:438/3300 train_loss:3.90528 train_time:535.207s step_avg:1221.93ms
step:439/3300 train_loss:3.82809 train_time:536.423s step_avg:1221.92ms
step:440/3300 train_loss:3.88411 train_time:537.628s step_avg:1221.88ms
step:441/3300 train_loss:3.82522 train_time:538.844s step_avg:1221.87ms
step:442/3300 train_loss:3.87266 train_time:540.048s step_avg:1221.83ms
step:443/3300 train_loss:3.83440 train_time:541.262s step_avg:1221.81ms
step:444/3300 train_loss:3.93550 train_time:542.475s step_avg:1221.79ms
step:445/3300 train_loss:3.90058 train_time:543.701s step_avg:1221.80ms
step:446/3300 train_loss:3.87392 train_time:544.913s step_avg:1221.78ms
step:447/3300 train_loss:3.86371 train_time:546.125s step_avg:1221.76ms
step:448/3300 train_loss:3.92099 train_time:547.337s step_avg:1221.73ms
step:449/3300 train_loss:3.88840 train_time:548.551s step_avg:1221.72ms
step:450/3300 train_loss:3.88179 train_time:549.765s step_avg:1221.70ms
step:451/3300 train_loss:4.00784 train_time:550.969s step_avg:1221.66ms
step:452/3300 train_loss:3.90904 train_time:552.193s step_avg:1221.67ms
step:453/3300 train_loss:3.95939 train_time:553.411s step_avg:1221.66ms
step:454/3300 train_loss:3.79940 train_time:554.630s step_avg:1221.65ms
step:455/3300 train_loss:3.85298 train_time:555.835s step_avg:1221.62ms
step:456/3300 train_loss:3.85675 train_time:557.049s step_avg:1221.60ms
step:457/3300 train_loss:3.85097 train_time:558.260s step_avg:1221.58ms
step:458/3300 train_loss:3.89857 train_time:559.468s step_avg:1221.55ms
step:459/3300 train_loss:3.87356 train_time:560.682s step_avg:1221.53ms
step:460/3300 train_loss:3.92599 train_time:561.887s step_avg:1221.49ms
step:461/3300 train_loss:3.89584 train_time:563.100s step_avg:1221.48ms
step:462/3300 train_loss:3.78158 train_time:564.307s step_avg:1221.44ms
step:463/3300 train_loss:3.87236 train_time:565.520s step_avg:1221.43ms
step:464/3300 train_loss:3.88772 train_time:566.724s step_avg:1221.39ms
step:465/3300 train_loss:3.86623 train_time:567.926s step_avg:1221.35ms
step:466/3300 train_loss:3.88286 train_time:569.133s step_avg:1221.31ms
step:467/3300 train_loss:3.84985 train_time:570.343s step_avg:1221.29ms
step:468/3300 train_loss:3.89561 train_time:571.546s step_avg:1221.25ms
step:469/3300 train_loss:3.86008 train_time:572.755s step_avg:1221.23ms
step:470/3300 train_loss:3.79469 train_time:573.983s step_avg:1221.24ms
step:471/3300 train_loss:3.92114 train_time:575.193s step_avg:1221.22ms
step:472/3300 train_loss:3.83791 train_time:576.403s step_avg:1221.19ms
step:473/3300 train_loss:3.85748 train_time:577.623s step_avg:1221.19ms
step:474/3300 train_loss:3.85717 train_time:578.842s step_avg:1221.19ms
step:475/3300 train_loss:3.92401 train_time:580.047s step_avg:1221.15ms
step:476/3300 train_loss:3.87244 train_time:581.270s step_avg:1221.16ms
step:477/3300 train_loss:3.82504 train_time:582.476s step_avg:1221.12ms
step:478/3300 train_loss:3.87945 train_time:583.688s step_avg:1221.10ms
step:479/3300 train_loss:3.81263 train_time:584.915s step_avg:1221.12ms
step:480/3300 train_loss:3.95047 train_time:586.127s step_avg:1221.10ms
step:481/3300 train_loss:3.85490 train_time:587.342s step_avg:1221.09ms
step:482/3300 train_loss:3.77376 train_time:588.555s step_avg:1221.07ms
step:483/3300 train_loss:3.88684 train_time:589.760s step_avg:1221.03ms
step:484/3300 train_loss:3.86524 train_time:590.968s step_avg:1221.01ms
step:485/3300 train_loss:3.76433 train_time:592.197s step_avg:1221.02ms
step:486/3300 train_loss:3.86692 train_time:593.414s step_avg:1221.02ms
step:487/3300 train_loss:3.82466 train_time:594.628s step_avg:1221.00ms
step:488/3300 train_loss:3.83599 train_time:595.840s step_avg:1220.98ms
step:489/3300 train_loss:3.85847 train_time:597.057s step_avg:1220.98ms
step:490/3300 train_loss:3.80510 train_time:598.281s step_avg:1220.98ms
step:491/3300 train_loss:3.84131 train_time:599.492s step_avg:1220.96ms
step:492/3300 train_loss:3.88751 train_time:600.702s step_avg:1220.94ms
step:493/3300 train_loss:3.81839 train_time:601.908s step_avg:1220.91ms
step:494/3300 train_loss:3.81961 train_time:603.129s step_avg:1220.91ms
step:495/3300 train_loss:3.87039 train_time:604.332s step_avg:1220.87ms
step:496/3300 train_loss:3.78582 train_time:605.555s step_avg:1220.88ms
step:497/3300 train_loss:3.85566 train_time:606.768s step_avg:1220.86ms
step:498/3300 train_loss:3.82598 train_time:607.977s step_avg:1220.84ms
step:499/3300 train_loss:3.89630 train_time:609.184s step_avg:1220.81ms
step:500/3300 train_loss:3.83308 train_time:610.385s step_avg:1220.77ms
step:500/3300 val_loss:3.82449 train_time:610.385s step_avg:1213.34ms
step:501/3300 train_loss:3.89483 train_time:611.603s step_avg:1220.76ms
step:502/3300 train_loss:3.85132 train_time:612.806s step_avg:1220.73ms
step:503/3300 train_loss:3.79476 train_time:614.005s step_avg:1220.68ms
step:504/3300 train_loss:3.87964 train_time:615.207s step_avg:1220.65ms
step:505/3300 train_loss:3.83400 train_time:616.406s step_avg:1220.61ms
step:506/3300 train_loss:3.78440 train_time:617.618s step_avg:1220.59ms
step:507/3300 train_loss:3.91243 train_time:618.831s step_avg:1220.57ms
step:508/3300 train_loss:3.80095 train_time:620.047s step_avg:1220.56ms
step:509/3300 train_loss:3.83568 train_time:621.261s step_avg:1220.55ms
step:510/3300 train_loss:3.79631 train_time:622.467s step_avg:1220.52ms
step:511/3300 train_loss:3.78338 train_time:623.675s step_avg:1220.50ms
step:512/3300 train_loss:3.83731 train_time:624.883s step_avg:1220.47ms
step:513/3300 train_loss:3.83196 train_time:626.089s step_avg:1220.45ms
step:514/3300 train_loss:3.92120 train_time:627.285s step_avg:1220.40ms
step:515/3300 train_loss:3.79688 train_time:628.487s step_avg:1220.36ms
step:516/3300 train_loss:3.88075 train_time:629.723s step_avg:1220.39ms
step:517/3300 train_loss:3.84707 train_time:630.932s step_avg:1220.37ms
step:518/3300 train_loss:3.79833 train_time:632.139s step_avg:1220.34ms
step:519/3300 train_loss:3.87746 train_time:633.348s step_avg:1220.32ms
step:520/3300 train_loss:3.80743 train_time:634.566s step_avg:1220.32ms
step:521/3300 train_loss:3.79136 train_time:635.773s step_avg:1220.29ms
step:522/3300 train_loss:3.85101 train_time:636.998s step_avg:1220.30ms
step:523/3300 train_loss:3.82238 train_time:638.210s step_avg:1220.29ms
step:524/3300 train_loss:3.79114 train_time:639.419s step_avg:1220.26ms
step:525/3300 train_loss:3.76700 train_time:640.662s step_avg:1220.31ms
step:526/3300 train_loss:3.87505 train_time:641.878s step_avg:1220.30ms
step:527/3300 train_loss:3.80908 train_time:643.090s step_avg:1220.28ms
step:528/3300 train_loss:3.82060 train_time:644.306s step_avg:1220.28ms
step:529/3300 train_loss:3.85319 train_time:645.525s step_avg:1220.27ms
step:530/3300 train_loss:3.81996 train_time:646.744s step_avg:1220.27ms
step:531/3300 train_loss:3.77033 train_time:647.974s step_avg:1220.29ms
step:532/3300 train_loss:3.84563 train_time:649.196s step_avg:1220.29ms
step:533/3300 train_loss:3.80555 train_time:650.409s step_avg:1220.28ms
step:534/3300 train_loss:3.82505 train_time:651.613s step_avg:1220.25ms
step:535/3300 train_loss:3.92515 train_time:652.840s step_avg:1220.26ms
step:536/3300 train_loss:3.79054 train_time:654.073s step_avg:1220.28ms
step:537/3300 train_loss:3.76690 train_time:655.288s step_avg:1220.28ms
step:538/3300 train_loss:3.77514 train_time:656.492s step_avg:1220.24ms
step:539/3300 train_loss:3.97096 train_time:657.700s step_avg:1220.22ms
step:540/3300 train_loss:3.76543 train_time:658.907s step_avg:1220.20ms
step:541/3300 train_loss:3.86196 train_time:660.123s step_avg:1220.19ms
step:542/3300 train_loss:3.79564 train_time:661.340s step_avg:1220.18ms
step:543/3300 train_loss:3.78778 train_time:662.553s step_avg:1220.17ms
step:544/3300 train_loss:3.82399 train_time:663.766s step_avg:1220.16ms
step:545/3300 train_loss:3.78173 train_time:664.970s step_avg:1220.13ms
step:546/3300 train_loss:3.76407 train_time:666.177s step_avg:1220.10ms
step:547/3300 train_loss:3.81284 train_time:667.385s step_avg:1220.08ms
step:548/3300 train_loss:3.73040 train_time:668.591s step_avg:1220.06ms
step:549/3300 train_loss:3.77835 train_time:669.814s step_avg:1220.06ms
step:550/3300 train_loss:3.81231 train_time:671.040s step_avg:1220.07ms
step:551/3300 train_loss:3.77321 train_time:672.258s step_avg:1220.07ms
step:552/3300 train_loss:3.91666 train_time:673.472s step_avg:1220.06ms
step:553/3300 train_loss:3.80508 train_time:674.693s step_avg:1220.06ms
step:554/3300 train_loss:3.79217 train_time:675.907s step_avg:1220.05ms
step:555/3300 train_loss:3.84636 train_time:677.123s step_avg:1220.04ms
step:556/3300 train_loss:3.78396 train_time:678.346s step_avg:1220.05ms
step:557/3300 train_loss:3.74346 train_time:679.565s step_avg:1220.04ms
step:558/3300 train_loss:3.79054 train_time:680.775s step_avg:1220.03ms
step:559/3300 train_loss:3.86200 train_time:681.995s step_avg:1220.03ms
step:560/3300 train_loss:3.80409 train_time:683.204s step_avg:1220.01ms
step:561/3300 train_loss:3.77646 train_time:684.419s step_avg:1220.00ms
step:562/3300 train_loss:3.77424 train_time:685.625s step_avg:1219.97ms
step:563/3300 train_loss:3.77732 train_time:686.852s step_avg:1219.99ms
step:564/3300 train_loss:3.81767 train_time:688.054s step_avg:1219.95ms
step:565/3300 train_loss:3.77962 train_time:689.272s step_avg:1219.95ms
step:566/3300 train_loss:3.81575 train_time:690.484s step_avg:1219.94ms
step:567/3300 train_loss:3.78230 train_time:691.693s step_avg:1219.92ms
step:568/3300 train_loss:3.86908 train_time:692.895s step_avg:1219.89ms
step:569/3300 train_loss:3.79299 train_time:694.106s step_avg:1219.87ms
step:570/3300 train_loss:3.77453 train_time:695.346s step_avg:1219.91ms
step:571/3300 train_loss:3.73374 train_time:696.604s step_avg:1219.97ms
step:572/3300 train_loss:3.80330 train_time:697.813s step_avg:1219.95ms
step:573/3300 train_loss:3.87233 train_time:699.025s step_avg:1219.94ms
step:574/3300 train_loss:3.76801 train_time:700.236s step_avg:1219.92ms
step:575/3300 train_loss:3.82102 train_time:701.446s step_avg:1219.91ms
step:576/3300 train_loss:3.79556 train_time:702.660s step_avg:1219.90ms
step:577/3300 train_loss:3.79799 train_time:703.869s step_avg:1219.88ms
step:578/3300 train_loss:3.85600 train_time:705.079s step_avg:1219.86ms
step:579/3300 train_loss:3.75590 train_time:706.293s step_avg:1219.85ms
step:580/3300 train_loss:3.82777 train_time:707.496s step_avg:1219.82ms
step:581/3300 train_loss:3.81838 train_time:708.769s step_avg:1219.91ms
step:582/3300 train_loss:3.83909 train_time:709.991s step_avg:1219.92ms
step:583/3300 train_loss:3.79559 train_time:711.195s step_avg:1219.89ms
step:584/3300 train_loss:3.75786 train_time:712.404s step_avg:1219.87ms
step:585/3300 train_loss:3.79491 train_time:713.612s step_avg:1219.85ms
step:586/3300 train_loss:3.89286 train_time:714.821s step_avg:1219.83ms
step:587/3300 train_loss:3.75213 train_time:716.034s step_avg:1219.82ms
step:588/3300 train_loss:3.81953 train_time:717.254s step_avg:1219.82ms
step:589/3300 train_loss:3.87487 train_time:718.462s step_avg:1219.80ms
step:590/3300 train_loss:3.77854 train_time:719.698s step_avg:1219.83ms
step:591/3300 train_loss:3.79151 train_time:720.916s step_avg:1219.82ms
step:592/3300 train_loss:3.76638 train_time:722.129s step_avg:1219.81ms
step:593/3300 train_loss:3.72666 train_time:723.337s step_avg:1219.79ms
step:594/3300 train_loss:3.85492 train_time:724.559s step_avg:1219.80ms
step:595/3300 train_loss:3.79743 train_time:725.773s step_avg:1219.79ms
step:596/3300 train_loss:3.77635 train_time:726.987s step_avg:1219.78ms
step:597/3300 train_loss:3.78895 train_time:728.199s step_avg:1219.76ms
step:598/3300 train_loss:3.80880 train_time:729.411s step_avg:1219.75ms
step:599/3300 train_loss:3.76399 train_time:730.625s step_avg:1219.74ms
step:600/3300 train_loss:3.78072 train_time:731.833s step_avg:1219.72ms
step:601/3300 train_loss:3.78076 train_time:733.046s step_avg:1219.71ms
step:602/3300 train_loss:3.79115 train_time:734.256s step_avg:1219.69ms
step:603/3300 train_loss:3.81898 train_time:735.458s step_avg:1219.67ms
step:604/3300 train_loss:3.83263 train_time:736.683s step_avg:1219.67ms
step:605/3300 train_loss:3.77526 train_time:737.896s step_avg:1219.66ms
step:606/3300 train_loss:3.79119 train_time:739.106s step_avg:1219.65ms
step:607/3300 train_loss:3.77461 train_time:740.329s step_avg:1219.65ms
step:608/3300 train_loss:3.76712 train_time:741.537s step_avg:1219.63ms
step:609/3300 train_loss:3.79035 train_time:742.742s step_avg:1219.61ms
step:610/3300 train_loss:3.75778 train_time:743.954s step_avg:1219.60ms
step:611/3300 train_loss:3.77784 train_time:745.182s step_avg:1219.61ms
step:612/3300 train_loss:3.71733 train_time:746.399s step_avg:1219.61ms
step:613/3300 train_loss:3.75690 train_time:747.621s step_avg:1219.61ms
step:614/3300 train_loss:3.79422 train_time:748.833s step_avg:1219.60ms
step:615/3300 train_loss:3.76414 train_time:750.042s step_avg:1219.58ms
step:616/3300 train_loss:3.78272 train_time:751.268s step_avg:1219.59ms
step:617/3300 train_loss:3.76304 train_time:752.475s step_avg:1219.57ms
step:618/3300 train_loss:3.79543 train_time:753.680s step_avg:1219.55ms
step:619/3300 train_loss:3.81444 train_time:754.910s step_avg:1219.56ms
step:620/3300 train_loss:3.75126 train_time:756.129s step_avg:1219.56ms
step:621/3300 train_loss:3.85501 train_time:757.353s step_avg:1219.57ms
step:622/3300 train_loss:3.79595 train_time:758.561s step_avg:1219.55ms
step:623/3300 train_loss:3.77626 train_time:759.776s step_avg:1219.54ms
step:624/3300 train_loss:3.80701 train_time:760.978s step_avg:1219.52ms
step:625/3300 train_loss:3.78587 train_time:762.181s step_avg:1219.49ms
step:625/3300 val_loss:3.75568 train_time:762.182s step_avg:1214.37ms
step:626/3300 train_loss:3.79314 train_time:763.388s step_avg:1219.47ms
step:627/3300 train_loss:3.79375 train_time:764.592s step_avg:1219.44ms
step:628/3300 train_loss:3.73117 train_time:765.801s step_avg:1219.43ms
step:629/3300 train_loss:3.75168 train_time:767.013s step_avg:1219.42ms
step:630/3300 train_loss:3.75569 train_time:768.226s step_avg:1219.41ms
step:631/3300 train_loss:3.76018 train_time:769.446s step_avg:1219.41ms
step:632/3300 train_loss:3.76661 train_time:770.666s step_avg:1219.41ms
step:633/3300 train_loss:3.77679 train_time:771.879s step_avg:1219.40ms
step:634/3300 train_loss:3.71942 train_time:773.085s step_avg:1219.38ms
step:635/3300 train_loss:3.81309 train_time:774.299s step_avg:1219.37ms
step:636/3300 train_loss:3.71836 train_time:775.505s step_avg:1219.35ms
step:637/3300 train_loss:3.68804 train_time:776.727s step_avg:1219.35ms
step:638/3300 train_loss:3.80486 train_time:777.938s step_avg:1219.34ms
step:639/3300 train_loss:3.75179 train_time:779.195s step_avg:1219.40ms
step:640/3300 train_loss:3.76149 train_time:780.409s step_avg:1219.39ms
step:641/3300 train_loss:3.83517 train_time:781.628s step_avg:1219.39ms
step:642/3300 train_loss:3.70691 train_time:782.850s step_avg:1219.39ms
step:643/3300 train_loss:3.79820 train_time:784.059s step_avg:1219.38ms
step:644/3300 train_loss:3.74081 train_time:785.261s step_avg:1219.35ms
step:645/3300 train_loss:3.78251 train_time:786.462s step_avg:1219.32ms
step:646/3300 train_loss:3.79457 train_time:787.678s step_avg:1219.32ms
step:647/3300 train_loss:3.86572 train_time:788.896s step_avg:1219.31ms
step:648/3300 train_loss:3.77608 train_time:790.102s step_avg:1219.29ms
step:649/3300 train_loss:3.76281 train_time:791.306s step_avg:1219.27ms
step:650/3300 train_loss:3.73739 train_time:792.517s step_avg:1219.26ms
step:651/3300 train_loss:3.71457 train_time:793.730s step_avg:1219.25ms
step:652/3300 train_loss:3.71714 train_time:794.944s step_avg:1219.24ms
step:653/3300 train_loss:3.73578 train_time:796.155s step_avg:1219.23ms
step:654/3300 train_loss:3.78311 train_time:797.376s step_avg:1219.23ms
step:655/3300 train_loss:3.74279 train_time:798.584s step_avg:1219.21ms
step:656/3300 train_loss:3.80212 train_time:799.798s step_avg:1219.20ms
step:657/3300 train_loss:3.70383 train_time:801.034s step_avg:1219.23ms
step:658/3300 train_loss:3.81593 train_time:802.242s step_avg:1219.21ms
step:659/3300 train_loss:3.78678 train_time:803.462s step_avg:1219.21ms
step:660/3300 train_loss:3.81888 train_time:804.665s step_avg:1219.19ms
step:661/3300 train_loss:3.81205 train_time:805.883s step_avg:1219.19ms
step:662/3300 train_loss:3.81337 train_time:807.108s step_avg:1219.20ms
step:663/3300 train_loss:3.71247 train_time:808.332s step_avg:1219.20ms
step:664/3300 train_loss:3.71437 train_time:809.551s step_avg:1219.20ms
step:665/3300 train_loss:3.73678 train_time:810.774s step_avg:1219.21ms
step:666/3300 train_loss:3.78860 train_time:811.990s step_avg:1219.20ms
step:667/3300 train_loss:3.79874 train_time:813.199s step_avg:1219.19ms
step:668/3300 train_loss:3.77309 train_time:814.403s step_avg:1219.17ms
step:669/3300 train_loss:3.77251 train_time:815.612s step_avg:1219.15ms
step:670/3300 train_loss:3.75850 train_time:816.827s step_avg:1219.14ms
step:671/3300 train_loss:3.74188 train_time:818.039s step_avg:1219.13ms
step:672/3300 train_loss:3.80378 train_time:819.246s step_avg:1219.12ms
step:673/3300 train_loss:3.74603 train_time:820.461s step_avg:1219.11ms
step:674/3300 train_loss:3.73922 train_time:821.665s step_avg:1219.09ms
step:675/3300 train_loss:3.79959 train_time:822.863s step_avg:1219.06ms
step:676/3300 train_loss:3.73646 train_time:824.073s step_avg:1219.04ms
step:677/3300 train_loss:3.73031 train_time:825.284s step_avg:1219.03ms
step:678/3300 train_loss:3.74665 train_time:826.498s step_avg:1219.02ms
step:679/3300 train_loss:3.75990 train_time:827.707s step_avg:1219.01ms
step:680/3300 train_loss:3.76062 train_time:828.926s step_avg:1219.01ms
step:681/3300 train_loss:3.67930 train_time:830.163s step_avg:1219.04ms
step:682/3300 train_loss:3.77301 train_time:831.375s step_avg:1219.02ms
step:683/3300 train_loss:3.82015 train_time:832.586s step_avg:1219.01ms
step:684/3300 train_loss:3.75902 train_time:833.792s step_avg:1218.99ms
step:685/3300 train_loss:3.80210 train_time:835.001s step_avg:1218.98ms
step:686/3300 train_loss:3.80204 train_time:836.211s step_avg:1218.97ms
step:687/3300 train_loss:3.72378 train_time:837.433s step_avg:1218.97ms
step:688/3300 train_loss:3.71674 train_time:838.648s step_avg:1218.97ms
step:689/3300 train_loss:3.72356 train_time:839.874s step_avg:1218.98ms
step:690/3300 train_loss:3.74562 train_time:841.086s step_avg:1218.97ms
step:691/3300 train_loss:3.75902 train_time:842.307s step_avg:1218.97ms
step:692/3300 train_loss:3.72103 train_time:843.526s step_avg:1218.97ms
step:693/3300 train_loss:3.76719 train_time:844.726s step_avg:1218.94ms
step:694/3300 train_loss:3.72438 train_time:845.932s step_avg:1218.92ms
step:695/3300 train_loss:3.68344 train_time:847.138s step_avg:1218.90ms
step:696/3300 train_loss:3.79984 train_time:848.347s step_avg:1218.89ms
step:697/3300 train_loss:3.70128 train_time:849.570s step_avg:1218.89ms
step:698/3300 train_loss:3.73497 train_time:850.785s step_avg:1218.89ms
step:699/3300 train_loss:3.77622 train_time:851.989s step_avg:1218.87ms
step:700/3300 train_loss:3.70901 train_time:853.211s step_avg:1218.87ms
step:701/3300 train_loss:3.71645 train_time:854.425s step_avg:1218.87ms
step:702/3300 train_loss:3.71930 train_time:855.619s step_avg:1218.83ms
step:703/3300 train_loss:3.65754 train_time:856.828s step_avg:1218.82ms
step:704/3300 train_loss:3.72888 train_time:858.047s step_avg:1218.82ms
step:705/3300 train_loss:3.64796 train_time:859.255s step_avg:1218.80ms
step:706/3300 train_loss:3.68885 train_time:860.472s step_avg:1218.80ms
step:707/3300 train_loss:3.76030 train_time:861.693s step_avg:1218.80ms
step:708/3300 train_loss:3.74287 train_time:862.910s step_avg:1218.80ms
step:709/3300 train_loss:3.73274 train_time:864.122s step_avg:1218.79ms
step:710/3300 train_loss:3.71736 train_time:865.326s step_avg:1218.77ms
step:711/3300 train_loss:3.72842 train_time:866.556s step_avg:1218.78ms
step:712/3300 train_loss:3.67850 train_time:867.768s step_avg:1218.77ms
step:713/3300 train_loss:3.77162 train_time:868.979s step_avg:1218.76ms
step:714/3300 train_loss:3.64204 train_time:870.185s step_avg:1218.75ms
step:715/3300 train_loss:3.82084 train_time:871.392s step_avg:1218.73ms
step:716/3300 train_loss:3.71422 train_time:872.640s step_avg:1218.77ms
step:717/3300 train_loss:3.77034 train_time:873.850s step_avg:1218.76ms
step:718/3300 train_loss:3.75160 train_time:875.060s step_avg:1218.75ms
step:719/3300 train_loss:3.76314 train_time:876.269s step_avg:1218.73ms
step:720/3300 train_loss:3.76520 train_time:877.509s step_avg:1218.76ms
step:721/3300 train_loss:3.74656 train_time:878.757s step_avg:1218.80ms
step:722/3300 train_loss:3.74460 train_time:879.987s step_avg:1218.82ms
step:723/3300 train_loss:3.77607 train_time:881.190s step_avg:1218.80ms
step:724/3300 train_loss:3.69683 train_time:882.406s step_avg:1218.79ms
step:725/3300 train_loss:3.70383 train_time:883.634s step_avg:1218.81ms
step:726/3300 train_loss:3.74496 train_time:884.850s step_avg:1218.80ms
step:727/3300 train_loss:3.70247 train_time:886.059s step_avg:1218.79ms
step:728/3300 train_loss:3.72983 train_time:887.269s step_avg:1218.78ms
step:729/3300 train_loss:3.76755 train_time:888.483s step_avg:1218.77ms
step:730/3300 train_loss:3.79552 train_time:889.689s step_avg:1218.75ms
step:731/3300 train_loss:3.75813 train_time:890.907s step_avg:1218.75ms
step:732/3300 train_loss:3.75995 train_time:892.123s step_avg:1218.75ms
step:733/3300 train_loss:3.75870 train_time:893.342s step_avg:1218.75ms
step:734/3300 train_loss:3.81913 train_time:894.546s step_avg:1218.73ms
step:735/3300 train_loss:3.73531 train_time:895.749s step_avg:1218.71ms
step:736/3300 train_loss:3.73916 train_time:896.973s step_avg:1218.71ms
step:737/3300 train_loss:3.77090 train_time:898.185s step_avg:1218.70ms
step:738/3300 train_loss:3.73740 train_time:899.389s step_avg:1218.68ms
step:739/3300 train_loss:3.74151 train_time:900.612s step_avg:1218.69ms
step:740/3300 train_loss:3.84599 train_time:901.823s step_avg:1218.68ms
step:741/3300 train_loss:3.72236 train_time:903.049s step_avg:1218.69ms
step:742/3300 train_loss:3.70271 train_time:904.260s step_avg:1218.68ms
step:743/3300 train_loss:3.74653 train_time:905.472s step_avg:1218.67ms
step:744/3300 train_loss:3.65013 train_time:906.715s step_avg:1218.70ms
step:745/3300 train_loss:3.71267 train_time:907.932s step_avg:1218.70ms
step:746/3300 train_loss:3.73894 train_time:909.152s step_avg:1218.70ms
step:747/3300 train_loss:3.70519 train_time:910.368s step_avg:1218.70ms
step:748/3300 train_loss:3.75037 train_time:911.584s step_avg:1218.70ms
step:749/3300 train_loss:3.67980 train_time:912.797s step_avg:1218.69ms
step:750/3300 train_loss:3.75734 train_time:914.020s step_avg:1218.69ms
step:750/3300 val_loss:3.70795 train_time:914.020s step_avg:1214.70ms
step:751/3300 train_loss:3.68533 train_time:915.235s step_avg:1218.69ms
step:752/3300 train_loss:3.73182 train_time:916.439s step_avg:1218.67ms
step:753/3300 train_loss:3.72862 train_time:917.648s step_avg:1218.66ms
step:754/3300 train_loss:3.81447 train_time:918.860s step_avg:1218.65ms
step:755/3300 train_loss:3.75988 train_time:920.062s step_avg:1218.62ms
step:756/3300 train_loss:3.81709 train_time:921.298s step_avg:1218.65ms
step:757/3300 train_loss:3.73047 train_time:922.521s step_avg:1218.65ms
step:758/3300 train_loss:3.73677 train_time:923.737s step_avg:1218.65ms
step:759/3300 train_loss:3.68980 train_time:924.944s step_avg:1218.63ms
step:760/3300 train_loss:3.74117 train_time:926.152s step_avg:1218.62ms
step:761/3300 train_loss:3.68834 train_time:927.404s step_avg:1218.67ms
step:762/3300 train_loss:3.68315 train_time:928.616s step_avg:1218.66ms
step:763/3300 train_loss:3.74144 train_time:929.822s step_avg:1218.64ms
step:764/3300 train_loss:3.70624 train_time:931.038s step_avg:1218.64ms
step:765/3300 train_loss:3.86073 train_time:932.243s step_avg:1218.62ms
step:766/3300 train_loss:3.80290 train_time:933.457s step_avg:1218.61ms
step:767/3300 train_loss:3.75570 train_time:934.664s step_avg:1218.60ms
step:768/3300 train_loss:3.80497 train_time:935.876s step_avg:1218.59ms
step:769/3300 train_loss:3.87426 train_time:937.080s step_avg:1218.57ms
step:770/3300 train_loss:3.71594 train_time:938.294s step_avg:1218.56ms
step:771/3300 train_loss:3.76381 train_time:939.505s step_avg:1218.55ms
step:772/3300 train_loss:3.68763 train_time:940.716s step_avg:1218.54ms
step:773/3300 train_loss:3.73476 train_time:941.921s step_avg:1218.53ms
step:774/3300 train_loss:3.74032 train_time:943.136s step_avg:1218.52ms
step:775/3300 train_loss:3.74285 train_time:944.345s step_avg:1218.51ms
step:776/3300 train_loss:3.67058 train_time:945.562s step_avg:1218.51ms
step:777/3300 train_loss:3.69953 train_time:946.771s step_avg:1218.50ms
step:778/3300 train_loss:3.75485 train_time:947.980s step_avg:1218.48ms
step:779/3300 train_loss:3.70432 train_time:949.183s step_avg:1218.46ms
step:780/3300 train_loss:3.71701 train_time:950.392s step_avg:1218.45ms
step:781/3300 train_loss:3.70512 train_time:951.602s step_avg:1218.44ms
step:782/3300 train_loss:3.72007 train_time:952.810s step_avg:1218.43ms
step:783/3300 train_loss:3.69266 train_time:954.020s step_avg:1218.42ms
step:784/3300 train_loss:3.70407 train_time:955.241s step_avg:1218.42ms
step:785/3300 train_loss:3.65973 train_time:956.450s step_avg:1218.41ms
step:786/3300 train_loss:3.71999 train_time:957.664s step_avg:1218.40ms
step:787/3300 train_loss:3.71570 train_time:958.902s step_avg:1218.43ms
step:788/3300 train_loss:3.69439 train_time:960.102s step_avg:1218.40ms
step:789/3300 train_loss:3.77155 train_time:961.333s step_avg:1218.42ms
step:790/3300 train_loss:3.71468 train_time:962.601s step_avg:1218.48ms
step:791/3300 train_loss:3.80941 train_time:963.808s step_avg:1218.47ms
step:792/3300 train_loss:3.77201 train_time:965.017s step_avg:1218.46ms
step:793/3300 train_loss:3.70192 train_time:966.222s step_avg:1218.44ms
step:794/3300 train_loss:4.04136 train_time:967.434s step_avg:1218.43ms
step:795/3300 train_loss:3.70761 train_time:968.641s step_avg:1218.42ms
step:796/3300 train_loss:3.73132 train_time:969.847s step_avg:1218.40ms
step:797/3300 train_loss:3.72429 train_time:971.067s step_avg:1218.40ms
step:798/3300 train_loss:3.78219 train_time:972.275s step_avg:1218.39ms
step:799/3300 train_loss:3.72303 train_time:973.493s step_avg:1218.39ms
step:800/3300 train_loss:3.72107 train_time:974.702s step_avg:1218.38ms
step:801/3300 train_loss:3.86028 train_time:975.917s step_avg:1218.37ms
step:802/3300 train_loss:3.69183 train_time:977.119s step_avg:1218.35ms
step:803/3300 train_loss:3.71249 train_time:978.324s step_avg:1218.34ms
step:804/3300 train_loss:3.71686 train_time:979.548s step_avg:1218.34ms
step:805/3300 train_loss:3.72342 train_time:980.760s step_avg:1218.34ms
step:806/3300 train_loss:3.71678 train_time:981.987s step_avg:1218.35ms
step:807/3300 train_loss:3.68768 train_time:983.201s step_avg:1218.34ms
step:808/3300 train_loss:3.71716 train_time:984.417s step_avg:1218.34ms
step:809/3300 train_loss:3.70827 train_time:985.656s step_avg:1218.36ms
step:810/3300 train_loss:3.72583 train_time:986.863s step_avg:1218.35ms
step:811/3300 train_loss:3.72188 train_time:988.071s step_avg:1218.34ms
step:812/3300 train_loss:3.81130 train_time:989.295s step_avg:1218.34ms
step:813/3300 train_loss:3.77924 train_time:990.521s step_avg:1218.35ms
step:814/3300 train_loss:3.69931 train_time:991.746s step_avg:1218.36ms
step:815/3300 train_loss:3.72450 train_time:992.953s step_avg:1218.35ms
step:816/3300 train_loss:3.70615 train_time:994.184s step_avg:1218.36ms
step:817/3300 train_loss:3.74464 train_time:995.419s step_avg:1218.38ms
step:818/3300 train_loss:3.67744 train_time:996.619s step_avg:1218.36ms
step:819/3300 train_loss:3.66754 train_time:997.824s step_avg:1218.34ms
step:820/3300 train_loss:3.68586 train_time:999.026s step_avg:1218.32ms
step:821/3300 train_loss:3.72542 train_time:1000.255s step_avg:1218.34ms
step:822/3300 train_loss:3.65114 train_time:1001.464s step_avg:1218.33ms
step:823/3300 train_loss:3.63974 train_time:1002.682s step_avg:1218.33ms
step:824/3300 train_loss:3.70415 train_time:1003.898s step_avg:1218.32ms
step:825/3300 train_loss:3.61568 train_time:1005.106s step_avg:1218.31ms
step:826/3300 train_loss:3.66907 train_time:1006.308s step_avg:1218.29ms
step:827/3300 train_loss:3.70680 train_time:1007.517s step_avg:1218.28ms
step:828/3300 train_loss:3.67831 train_time:1008.725s step_avg:1218.27ms
step:829/3300 train_loss:3.72531 train_time:1009.945s step_avg:1218.27ms
step:830/3300 train_loss:3.75104 train_time:1011.165s step_avg:1218.27ms
step:831/3300 train_loss:3.80364 train_time:1012.385s step_avg:1218.27ms
step:832/3300 train_loss:3.71301 train_time:1013.586s step_avg:1218.25ms
step:833/3300 train_loss:3.69728 train_time:1014.798s step_avg:1218.25ms
step:834/3300 train_loss:3.69586 train_time:1016.012s step_avg:1218.24ms
step:835/3300 train_loss:3.66131 train_time:1017.222s step_avg:1218.23ms
step:836/3300 train_loss:3.69346 train_time:1018.437s step_avg:1218.23ms
step:837/3300 train_loss:3.67008 train_time:1019.647s step_avg:1218.22ms
step:838/3300 train_loss:3.74545 train_time:1020.857s step_avg:1218.21ms
step:839/3300 train_loss:3.70331 train_time:1022.071s step_avg:1218.20ms
step:840/3300 train_loss:3.69009 train_time:1023.291s step_avg:1218.20ms
step:841/3300 train_loss:3.70996 train_time:1024.511s step_avg:1218.21ms
step:842/3300 train_loss:3.66449 train_time:1025.739s step_avg:1218.22ms
step:843/3300 train_loss:3.69549 train_time:1026.946s step_avg:1218.20ms
step:844/3300 train_loss:3.72726 train_time:1028.147s step_avg:1218.18ms
step:845/3300 train_loss:3.71457 train_time:1029.360s step_avg:1218.18ms
step:846/3300 train_loss:3.69485 train_time:1030.575s step_avg:1218.17ms
step:847/3300 train_loss:3.68186 train_time:1031.798s step_avg:1218.18ms
step:848/3300 train_loss:3.74049 train_time:1033.011s step_avg:1218.17ms
step:849/3300 train_loss:3.68375 train_time:1034.236s step_avg:1218.18ms
step:850/3300 train_loss:3.75762 train_time:1035.447s step_avg:1218.17ms
step:851/3300 train_loss:3.69626 train_time:1036.661s step_avg:1218.17ms
step:852/3300 train_loss:3.70328 train_time:1037.870s step_avg:1218.16ms
step:853/3300 train_loss:3.69938 train_time:1039.080s step_avg:1218.15ms
step:854/3300 train_loss:3.66763 train_time:1040.294s step_avg:1218.14ms
step:855/3300 train_loss:3.71813 train_time:1041.525s step_avg:1218.16ms
step:856/3300 train_loss:3.74486 train_time:1042.745s step_avg:1218.16ms
step:857/3300 train_loss:3.65170 train_time:1043.955s step_avg:1218.15ms
step:858/3300 train_loss:3.68083 train_time:1045.165s step_avg:1218.14ms
step:859/3300 train_loss:3.70075 train_time:1046.366s step_avg:1218.12ms
step:860/3300 train_loss:3.66691 train_time:1047.569s step_avg:1218.10ms
step:861/3300 train_loss:3.67455 train_time:1048.788s step_avg:1218.10ms
step:862/3300 train_loss:3.64593 train_time:1050.006s step_avg:1218.10ms
step:863/3300 train_loss:3.70946 train_time:1051.228s step_avg:1218.11ms
step:864/3300 train_loss:3.70634 train_time:1052.437s step_avg:1218.10ms
step:865/3300 train_loss:3.80978 train_time:1053.648s step_avg:1218.09ms
step:866/3300 train_loss:3.73114 train_time:1054.875s step_avg:1218.10ms
step:867/3300 train_loss:3.67701 train_time:1056.085s step_avg:1218.09ms
step:868/3300 train_loss:3.63783 train_time:1057.291s step_avg:1218.08ms
step:869/3300 train_loss:3.66562 train_time:1058.502s step_avg:1218.07ms
step:870/3300 train_loss:3.70457 train_time:1059.711s step_avg:1218.06ms
step:871/3300 train_loss:3.67019 train_time:1060.928s step_avg:1218.06ms
step:872/3300 train_loss:3.71453 train_time:1062.142s step_avg:1218.05ms
step:873/3300 train_loss:3.68991 train_time:1063.353s step_avg:1218.04ms
step:874/3300 train_loss:3.64518 train_time:1064.565s step_avg:1218.04ms
step:875/3300 train_loss:3.68059 train_time:1065.773s step_avg:1218.03ms
step:875/3300 val_loss:3.66999 train_time:1065.773s step_avg:1214.03ms
step:876/3300 train_loss:3.72887 train_time:1066.993s step_avg:1218.03ms
step:877/3300 train_loss:3.67244 train_time:1068.198s step_avg:1218.01ms
step:878/3300 train_loss:3.73536 train_time:1069.412s step_avg:1218.01ms
step:879/3300 train_loss:3.68566 train_time:1070.628s step_avg:1218.01ms
step:880/3300 train_loss:3.65439 train_time:1071.838s step_avg:1218.00ms
step:881/3300 train_loss:3.68003 train_time:1073.060s step_avg:1218.00ms
step:882/3300 train_loss:3.69444 train_time:1074.268s step_avg:1217.99ms
step:883/3300 train_loss:3.69575 train_time:1075.469s step_avg:1217.97ms
step:884/3300 train_loss:3.68498 train_time:1076.686s step_avg:1217.97ms
step:885/3300 train_loss:3.65838 train_time:1077.893s step_avg:1217.96ms
step:886/3300 train_loss:3.68678 train_time:1079.109s step_avg:1217.96ms
step:887/3300 train_loss:3.81341 train_time:1080.312s step_avg:1217.94ms
step:888/3300 train_loss:3.70094 train_time:1081.524s step_avg:1217.93ms
step:889/3300 train_loss:3.63534 train_time:1082.733s step_avg:1217.92ms
step:890/3300 train_loss:3.61299 train_time:1083.932s step_avg:1217.90ms
step:891/3300 train_loss:3.67830 train_time:1085.143s step_avg:1217.89ms
step:892/3300 train_loss:3.71624 train_time:1086.360s step_avg:1217.89ms
step:893/3300 train_loss:3.61286 train_time:1087.576s step_avg:1217.89ms
step:894/3300 train_loss:3.69918 train_time:1088.779s step_avg:1217.87ms
step:895/3300 train_loss:3.69852 train_time:1089.990s step_avg:1217.87ms
step:896/3300 train_loss:3.69367 train_time:1091.230s step_avg:1217.89ms
step:897/3300 train_loss:3.68768 train_time:1092.435s step_avg:1217.88ms
step:898/3300 train_loss:3.73149 train_time:1093.654s step_avg:1217.88ms
step:899/3300 train_loss:3.68606 train_time:1094.869s step_avg:1217.87ms
step:900/3300 train_loss:3.62468 train_time:1096.075s step_avg:1217.86ms
step:901/3300 train_loss:3.66914 train_time:1097.309s step_avg:1217.88ms
step:902/3300 train_loss:3.97416 train_time:1098.515s step_avg:1217.87ms
step:903/3300 train_loss:3.66179 train_time:1099.725s step_avg:1217.86ms
step:904/3300 train_loss:3.66956 train_time:1100.936s step_avg:1217.85ms
step:905/3300 train_loss:3.72452 train_time:1102.141s step_avg:1217.84ms
step:906/3300 train_loss:3.72396 train_time:1103.357s step_avg:1217.83ms
step:907/3300 train_loss:3.65293 train_time:1104.572s step_avg:1217.83ms
step:908/3300 train_loss:3.71711 train_time:1105.777s step_avg:1217.82ms
step:909/3300 train_loss:3.81859 train_time:1107.001s step_avg:1217.82ms
step:910/3300 train_loss:3.64210 train_time:1108.223s step_avg:1217.83ms
step:911/3300 train_loss:3.68890 train_time:1109.440s step_avg:1217.83ms
step:912/3300 train_loss:3.64184 train_time:1110.654s step_avg:1217.82ms
step:913/3300 train_loss:3.67208 train_time:1111.864s step_avg:1217.81ms
step:914/3300 train_loss:3.74686 train_time:1113.090s step_avg:1217.82ms
step:915/3300 train_loss:3.69542 train_time:1114.298s step_avg:1217.81ms
step:916/3300 train_loss:3.78036 train_time:1115.515s step_avg:1217.81ms
step:917/3300 train_loss:3.67291 train_time:1116.722s step_avg:1217.80ms
step:918/3300 train_loss:3.82647 train_time:1117.938s step_avg:1217.80ms
step:919/3300 train_loss:3.68459 train_time:1119.148s step_avg:1217.79ms
step:920/3300 train_loss:3.72149 train_time:1120.359s step_avg:1217.78ms
step:921/3300 train_loss:3.63525 train_time:1121.579s step_avg:1217.78ms
step:922/3300 train_loss:3.65632 train_time:1122.787s step_avg:1217.77ms
step:923/3300 train_loss:3.63807 train_time:1124.004s step_avg:1217.77ms
step:924/3300 train_loss:3.69081 train_time:1125.215s step_avg:1217.77ms
step:925/3300 train_loss:3.68638 train_time:1126.418s step_avg:1217.75ms
step:926/3300 train_loss:3.71056 train_time:1127.629s step_avg:1217.74ms
step:927/3300 train_loss:3.64821 train_time:1128.839s step_avg:1217.73ms
step:928/3300 train_loss:3.67127 train_time:1130.055s step_avg:1217.73ms
step:929/3300 train_loss:3.79535 train_time:1131.261s step_avg:1217.72ms
step:930/3300 train_loss:3.65334 train_time:1132.483s step_avg:1217.72ms
step:931/3300 train_loss:3.65145 train_time:1133.711s step_avg:1217.73ms
step:932/3300 train_loss:3.81389 train_time:1134.918s step_avg:1217.72ms
step:933/3300 train_loss:3.64517 train_time:1136.130s step_avg:1217.72ms
step:934/3300 train_loss:3.78026 train_time:1137.344s step_avg:1217.71ms
step:935/3300 train_loss:3.71412 train_time:1138.554s step_avg:1217.71ms
step:936/3300 train_loss:3.67058 train_time:1139.764s step_avg:1217.70ms
step:937/3300 train_loss:3.62298 train_time:1140.976s step_avg:1217.69ms
step:938/3300 train_loss:3.69465 train_time:1142.181s step_avg:1217.68ms
step:939/3300 train_loss:3.65555 train_time:1143.391s step_avg:1217.67ms
step:940/3300 train_loss:3.63634 train_time:1144.599s step_avg:1217.66ms
step:941/3300 train_loss:3.76088 train_time:1145.818s step_avg:1217.66ms
step:942/3300 train_loss:3.65385 train_time:1147.028s step_avg:1217.65ms
step:943/3300 train_loss:3.71694 train_time:1148.240s step_avg:1217.65ms
step:944/3300 train_loss:3.70534 train_time:1149.451s step_avg:1217.64ms
step:945/3300 train_loss:3.68392 train_time:1150.660s step_avg:1217.63ms
step:946/3300 train_loss:3.85293 train_time:1151.898s step_avg:1217.65ms
step:947/3300 train_loss:3.71071 train_time:1153.108s step_avg:1217.64ms
step:948/3300 train_loss:3.65029 train_time:1154.326s step_avg:1217.64ms
step:949/3300 train_loss:3.67379 train_time:1155.543s step_avg:1217.64ms
step:950/3300 train_loss:3.67434 train_time:1156.747s step_avg:1217.63ms
step:951/3300 train_loss:3.65111 train_time:1158.014s step_avg:1217.68ms
step:952/3300 train_loss:3.72003 train_time:1159.218s step_avg:1217.67ms
step:953/3300 train_loss:3.64384 train_time:1160.426s step_avg:1217.66ms
step:954/3300 train_loss:3.67586 train_time:1161.652s step_avg:1217.67ms
step:955/3300 train_loss:3.69850 train_time:1162.859s step_avg:1217.65ms
step:956/3300 train_loss:3.68256 train_time:1164.077s step_avg:1217.65ms
step:957/3300 train_loss:3.75217 train_time:1165.289s step_avg:1217.65ms
step:958/3300 train_loss:3.71380 train_time:1166.508s step_avg:1217.65ms
step:959/3300 train_loss:3.71420 train_time:1167.718s step_avg:1217.64ms
step:960/3300 train_loss:3.63792 train_time:1168.928s step_avg:1217.63ms
step:961/3300 train_loss:3.67229 train_time:1170.153s step_avg:1217.64ms
step:962/3300 train_loss:3.65033 train_time:1171.365s step_avg:1217.63ms
step:963/3300 train_loss:3.65041 train_time:1172.598s step_avg:1217.65ms
step:964/3300 train_loss:3.63932 train_time:1173.802s step_avg:1217.64ms
step:965/3300 train_loss:3.68289 train_time:1175.015s step_avg:1217.63ms
step:966/3300 train_loss:3.68675 train_time:1176.238s step_avg:1217.64ms
step:967/3300 train_loss:3.69439 train_time:1177.442s step_avg:1217.62ms
step:968/3300 train_loss:3.66884 train_time:1178.649s step_avg:1217.61ms
step:969/3300 train_loss:3.65360 train_time:1179.859s step_avg:1217.60ms
step:970/3300 train_loss:3.65388 train_time:1181.062s step_avg:1217.59ms
step:971/3300 train_loss:3.63900 train_time:1182.293s step_avg:1217.60ms
step:972/3300 train_loss:3.66194 train_time:1183.506s step_avg:1217.60ms
step:973/3300 train_loss:3.71816 train_time:1184.718s step_avg:1217.59ms
step:974/3300 train_loss:3.66441 train_time:1185.922s step_avg:1217.58ms
step:975/3300 train_loss:3.70282 train_time:1187.130s step_avg:1217.57ms
step:976/3300 train_loss:3.67713 train_time:1188.346s step_avg:1217.57ms
step:977/3300 train_loss:3.64989 train_time:1189.561s step_avg:1217.56ms
step:978/3300 train_loss:3.61938 train_time:1190.762s step_avg:1217.55ms
step:979/3300 train_loss:3.68557 train_time:1191.963s step_avg:1217.53ms
step:980/3300 train_loss:3.65246 train_time:1193.174s step_avg:1217.52ms
step:981/3300 train_loss:3.68157 train_time:1194.390s step_avg:1217.52ms
step:982/3300 train_loss:3.68093 train_time:1195.600s step_avg:1217.52ms
step:983/3300 train_loss:3.66122 train_time:1196.806s step_avg:1217.50ms
step:984/3300 train_loss:3.74600 train_time:1198.017s step_avg:1217.50ms
step:985/3300 train_loss:3.72540 train_time:1199.223s step_avg:1217.49ms
step:986/3300 train_loss:3.65626 train_time:1200.440s step_avg:1217.48ms
step:987/3300 train_loss:3.68289 train_time:1201.655s step_avg:1217.48ms
step:988/3300 train_loss:3.60889 train_time:1202.863s step_avg:1217.47ms
step:989/3300 train_loss:3.64297 train_time:1204.091s step_avg:1217.48ms
step:990/3300 train_loss:3.65748 train_time:1205.307s step_avg:1217.48ms
step:991/3300 train_loss:3.65911 train_time:1206.523s step_avg:1217.48ms
step:992/3300 train_loss:3.65895 train_time:1207.735s step_avg:1217.47ms
step:993/3300 train_loss:3.64778 train_time:1208.943s step_avg:1217.47ms
step:994/3300 train_loss:3.62979 train_time:1210.157s step_avg:1217.46ms
step:995/3300 train_loss:3.71381 train_time:1211.366s step_avg:1217.45ms
step:996/3300 train_loss:3.61734 train_time:1212.584s step_avg:1217.45ms
step:997/3300 train_loss:3.66808 train_time:1213.801s step_avg:1217.45ms
step:998/3300 train_loss:3.68948 train_time:1215.012s step_avg:1217.45ms
step:999/3300 train_loss:3.69160 train_time:1216.238s step_avg:1217.46ms
step:1000/3300 train_loss:3.69360 train_time:1217.451s step_avg:1217.45ms
step:1000/3300 val_loss:3.63732 train_time:1217.451s step_avg:1213.42ms
step:1001/3300 train_loss:3.61362 train_time:1218.674s step_avg:1217.46ms
step:1002/3300 train_loss:3.67677 train_time:1219.889s step_avg:1217.45ms
step:1003/3300 train_loss:3.67981 train_time:1221.099s step_avg:1217.45ms
step:1004/3300 train_loss:3.69267 train_time:1222.301s step_avg:1217.43ms
step:1005/3300 train_loss:3.66591 train_time:1223.511s step_avg:1217.42ms
step:1006/3300 train_loss:3.61514 train_time:1224.733s step_avg:1217.43ms
step:1007/3300 train_loss:3.68635 train_time:1225.969s step_avg:1217.45ms
step:1008/3300 train_loss:3.71387 train_time:1227.176s step_avg:1217.44ms
step:1009/3300 train_loss:3.71233 train_time:1228.380s step_avg:1217.42ms
step:1010/3300 train_loss:3.63653 train_time:1229.591s step_avg:1217.42ms
step:1011/3300 train_loss:3.67492 train_time:1230.803s step_avg:1217.41ms
step:1012/3300 train_loss:3.57909 train_time:1232.012s step_avg:1217.40ms
step:1013/3300 train_loss:3.66847 train_time:1233.215s step_avg:1217.39ms
step:1014/3300 train_loss:3.68428 train_time:1234.428s step_avg:1217.38ms
step:1015/3300 train_loss:3.65006 train_time:1235.644s step_avg:1217.38ms
step:1016/3300 train_loss:3.66287 train_time:1236.855s step_avg:1217.38ms
step:1017/3300 train_loss:3.63121 train_time:1238.065s step_avg:1217.37ms
step:1018/3300 train_loss:3.66233 train_time:1239.290s step_avg:1217.38ms
step:1019/3300 train_loss:3.67276 train_time:1240.508s step_avg:1217.38ms
step:1020/3300 train_loss:3.67234 train_time:1241.724s step_avg:1217.38ms
step:1021/3300 train_loss:3.66622 train_time:1242.943s step_avg:1217.38ms
step:1022/3300 train_loss:3.68375 train_time:1244.159s step_avg:1217.38ms
step:1023/3300 train_loss:3.66234 train_time:1245.367s step_avg:1217.37ms
step:1024/3300 train_loss:3.67435 train_time:1246.587s step_avg:1217.37ms
step:1025/3300 train_loss:3.63458 train_time:1247.798s step_avg:1217.36ms
step:1026/3300 train_loss:3.65718 train_time:1249.018s step_avg:1217.37ms
step:1027/3300 train_loss:3.64738 train_time:1250.227s step_avg:1217.36ms
step:1028/3300 train_loss:3.65985 train_time:1251.440s step_avg:1217.35ms
step:1029/3300 train_loss:3.71933 train_time:1252.648s step_avg:1217.35ms
step:1030/3300 train_loss:3.65184 train_time:1253.944s step_avg:1217.42ms
step:1031/3300 train_loss:3.61873 train_time:1255.188s step_avg:1217.45ms
step:1032/3300 train_loss:3.67706 train_time:1256.404s step_avg:1217.45ms
step:1033/3300 train_loss:3.66516 train_time:1257.606s step_avg:1217.43ms
step:1034/3300 train_loss:3.64221 train_time:1258.979s step_avg:1217.58ms
step:1035/3300 train_loss:3.64155 train_time:1260.188s step_avg:1217.57ms
step:1036/3300 train_loss:3.86820 train_time:1261.401s step_avg:1217.57ms
step:1037/3300 train_loss:3.66171 train_time:1262.606s step_avg:1217.56ms
step:1038/3300 train_loss:3.66603 train_time:1263.808s step_avg:1217.54ms
step:1039/3300 train_loss:3.67490 train_time:1265.031s step_avg:1217.55ms
step:1040/3300 train_loss:3.64030 train_time:1266.244s step_avg:1217.54ms
step:1041/3300 train_loss:3.63839 train_time:1267.452s step_avg:1217.53ms
step:1042/3300 train_loss:3.69759 train_time:1268.708s step_avg:1217.57ms
step:1043/3300 train_loss:3.66502 train_time:1269.913s step_avg:1217.56ms
step:1044/3300 train_loss:3.57971 train_time:1271.126s step_avg:1217.55ms
step:1045/3300 train_loss:3.65573 train_time:1272.338s step_avg:1217.55ms
step:1046/3300 train_loss:3.65614 train_time:1273.562s step_avg:1217.55ms
step:1047/3300 train_loss:3.73098 train_time:1274.766s step_avg:1217.54ms
step:1048/3300 train_loss:3.62197 train_time:1275.978s step_avg:1217.54ms
step:1049/3300 train_loss:3.60508 train_time:1277.200s step_avg:1217.54ms
step:1050/3300 train_loss:3.74982 train_time:1278.407s step_avg:1217.53ms
step:1051/3300 train_loss:3.65531 train_time:1279.633s step_avg:1217.54ms
step:1052/3300 train_loss:3.63172 train_time:1280.847s step_avg:1217.53ms
step:1053/3300 train_loss:3.66359 train_time:1282.059s step_avg:1217.53ms
step:1054/3300 train_loss:3.58688 train_time:1283.264s step_avg:1217.52ms
step:1055/3300 train_loss:3.61042 train_time:1284.477s step_avg:1217.51ms
step:1056/3300 train_loss:3.60961 train_time:1285.693s step_avg:1217.51ms
step:1057/3300 train_loss:3.65243 train_time:1286.900s step_avg:1217.50ms
step:1058/3300 train_loss:3.64123 train_time:1288.108s step_avg:1217.49ms
step:1059/3300 train_loss:3.68242 train_time:1289.319s step_avg:1217.49ms
step:1060/3300 train_loss:3.56853 train_time:1290.526s step_avg:1217.48ms
step:1061/3300 train_loss:3.71069 train_time:1291.733s step_avg:1217.47ms
step:1062/3300 train_loss:3.64049 train_time:1292.941s step_avg:1217.46ms
step:1063/3300 train_loss:3.61235 train_time:1294.168s step_avg:1217.47ms
step:1064/3300 train_loss:3.66388 train_time:1295.385s step_avg:1217.47ms
step:1065/3300 train_loss:3.59734 train_time:1296.597s step_avg:1217.46ms
step:1066/3300 train_loss:3.63061 train_time:1297.829s step_avg:1217.48ms
step:1067/3300 train_loss:3.64446 train_time:1299.045s step_avg:1217.47ms
step:1068/3300 train_loss:3.65966 train_time:1300.267s step_avg:1217.48ms
step:1069/3300 train_loss:3.64465 train_time:1301.467s step_avg:1217.46ms
step:1070/3300 train_loss:3.66126 train_time:1302.673s step_avg:1217.45ms
step:1071/3300 train_loss:3.58464 train_time:1303.896s step_avg:1217.46ms
step:1072/3300 train_loss:3.67611 train_time:1305.105s step_avg:1217.45ms
step:1073/3300 train_loss:3.55845 train_time:1306.316s step_avg:1217.44ms
step:1074/3300 train_loss:3.65999 train_time:1307.519s step_avg:1217.43ms
step:1075/3300 train_loss:3.62738 train_time:1308.732s step_avg:1217.43ms
step:1076/3300 train_loss:3.70002 train_time:1309.951s step_avg:1217.43ms
step:1077/3300 train_loss:3.66312 train_time:1311.164s step_avg:1217.42ms
step:1078/3300 train_loss:3.60433 train_time:1312.367s step_avg:1217.41ms
step:1079/3300 train_loss:3.64023 train_time:1313.579s step_avg:1217.40ms
step:1080/3300 train_loss:3.63901 train_time:1314.796s step_avg:1217.40ms
step:1081/3300 train_loss:3.61453 train_time:1316.009s step_avg:1217.40ms
step:1082/3300 train_loss:3.61541 train_time:1317.206s step_avg:1217.38ms
step:1083/3300 train_loss:3.65139 train_time:1318.404s step_avg:1217.36ms
step:1084/3300 train_loss:3.62066 train_time:1319.611s step_avg:1217.35ms
step:1085/3300 train_loss:3.63617 train_time:1320.822s step_avg:1217.35ms
step:1086/3300 train_loss:3.64609 train_time:1322.036s step_avg:1217.34ms
step:1087/3300 train_loss:3.62075 train_time:1323.239s step_avg:1217.33ms
step:1088/3300 train_loss:3.60602 train_time:1324.452s step_avg:1217.33ms
step:1089/3300 train_loss:3.59912 train_time:1325.680s step_avg:1217.34ms
step:1090/3300 train_loss:3.65670 train_time:1326.906s step_avg:1217.34ms
step:1091/3300 train_loss:3.62914 train_time:1328.116s step_avg:1217.34ms
step:1092/3300 train_loss:3.58992 train_time:1329.330s step_avg:1217.33ms
step:1093/3300 train_loss:3.63710 train_time:1330.545s step_avg:1217.33ms
step:1094/3300 train_loss:3.66556 train_time:1331.753s step_avg:1217.32ms
step:1095/3300 train_loss:3.57455 train_time:1332.966s step_avg:1217.32ms
step:1096/3300 train_loss:3.60440 train_time:1334.175s step_avg:1217.31ms
step:1097/3300 train_loss:3.66868 train_time:1335.403s step_avg:1217.32ms
step:1098/3300 train_loss:3.67117 train_time:1336.608s step_avg:1217.31ms
step:1099/3300 train_loss:3.67268 train_time:1337.812s step_avg:1217.30ms
step:1100/3300 train_loss:3.65226 train_time:1339.026s step_avg:1217.30ms
step:1101/3300 train_loss:3.65115 train_time:1340.271s step_avg:1217.32ms
step:1102/3300 train_loss:3.64800 train_time:1341.479s step_avg:1217.31ms
step:1103/3300 train_loss:3.64378 train_time:1342.695s step_avg:1217.31ms
step:1104/3300 train_loss:3.69844 train_time:1343.917s step_avg:1217.32ms
step:1105/3300 train_loss:3.74996 train_time:1345.135s step_avg:1217.32ms
step:1106/3300 train_loss:3.67057 train_time:1346.348s step_avg:1217.31ms
step:1107/3300 train_loss:3.66724 train_time:1347.554s step_avg:1217.30ms
step:1108/3300 train_loss:3.61483 train_time:1348.776s step_avg:1217.31ms
step:1109/3300 train_loss:3.62727 train_time:1350.002s step_avg:1217.31ms
step:1110/3300 train_loss:3.58220 train_time:1351.208s step_avg:1217.30ms
step:1111/3300 train_loss:3.54062 train_time:1352.417s step_avg:1217.30ms
step:1112/3300 train_loss:3.57921 train_time:1353.631s step_avg:1217.29ms
step:1113/3300 train_loss:3.68304 train_time:1354.836s step_avg:1217.28ms
step:1114/3300 train_loss:3.64950 train_time:1356.069s step_avg:1217.30ms
step:1115/3300 train_loss:3.67609 train_time:1357.274s step_avg:1217.29ms
step:1116/3300 train_loss:3.69053 train_time:1358.502s step_avg:1217.30ms
step:1117/3300 train_loss:3.69796 train_time:1359.717s step_avg:1217.29ms
step:1118/3300 train_loss:3.62004 train_time:1360.932s step_avg:1217.29ms
step:1119/3300 train_loss:3.61460 train_time:1362.138s step_avg:1217.28ms
step:1120/3300 train_loss:3.71253 train_time:1363.350s step_avg:1217.28ms
step:1121/3300 train_loss:3.64359 train_time:1364.568s step_avg:1217.28ms
step:1122/3300 train_loss:3.57918 train_time:1365.781s step_avg:1217.27ms
step:1123/3300 train_loss:3.61064 train_time:1366.995s step_avg:1217.27ms
step:1124/3300 train_loss:3.62553 train_time:1368.201s step_avg:1217.26ms
step:1125/3300 train_loss:3.64305 train_time:1369.413s step_avg:1217.26ms
step:1125/3300 val_loss:3.60719 train_time:1369.413s step_avg:1215.70ms
step:1126/3300 train_loss:3.58924 train_time:1370.635s step_avg:1217.26ms
step:1127/3300 train_loss:3.67619 train_time:1371.842s step_avg:1217.25ms
step:1128/3300 train_loss:3.62126 train_time:1373.055s step_avg:1217.25ms
step:1129/3300 train_loss:3.61923 train_time:1374.261s step_avg:1217.24ms
step:1130/3300 train_loss:3.60458 train_time:1375.468s step_avg:1217.23ms
step:1131/3300 train_loss:3.63071 train_time:1376.686s step_avg:1217.23ms
step:1132/3300 train_loss:3.62497 train_time:1377.899s step_avg:1217.23ms
step:1133/3300 train_loss:3.67933 train_time:1379.104s step_avg:1217.21ms
step:1134/3300 train_loss:3.64463 train_time:1380.305s step_avg:1217.20ms
step:1135/3300 train_loss:3.67211 train_time:1381.511s step_avg:1217.19ms
step:1136/3300 train_loss:3.60531 train_time:1382.740s step_avg:1217.20ms
step:1137/3300 train_loss:3.71759 train_time:1383.940s step_avg:1217.19ms
step:1138/3300 train_loss:3.59508 train_time:1385.142s step_avg:1217.17ms
step:1139/3300 train_loss:3.63556 train_time:1386.371s step_avg:1217.18ms
step:1140/3300 train_loss:3.61537 train_time:1387.581s step_avg:1217.18ms
step:1141/3300 train_loss:3.67777 train_time:1388.827s step_avg:1217.20ms
step:1142/3300 train_loss:3.62348 train_time:1390.032s step_avg:1217.19ms
step:1143/3300 train_loss:3.60200 train_time:1391.241s step_avg:1217.18ms
step:1144/3300 train_loss:3.60867 train_time:1392.443s step_avg:1217.17ms
step:1145/3300 train_loss:3.65954 train_time:1393.653s step_avg:1217.16ms
step:1146/3300 train_loss:3.70532 train_time:1394.870s step_avg:1217.16ms
step:1147/3300 train_loss:3.65114 train_time:1396.143s step_avg:1217.21ms
step:1148/3300 train_loss:3.68953 train_time:1397.355s step_avg:1217.21ms
step:1149/3300 train_loss:3.59488 train_time:1398.563s step_avg:1217.20ms
step:1150/3300 train_loss:3.58135 train_time:1399.765s step_avg:1217.19ms
step:1151/3300 train_loss:3.60571 train_time:1400.983s step_avg:1217.19ms
step:1152/3300 train_loss:3.68634 train_time:1402.201s step_avg:1217.19ms
step:1153/3300 train_loss:3.58678 train_time:1403.402s step_avg:1217.17ms
step:1154/3300 train_loss:3.62492 train_time:1404.602s step_avg:1217.16ms
step:1155/3300 train_loss:3.66752 train_time:1405.806s step_avg:1217.15ms
step:1156/3300 train_loss:3.65586 train_time:1407.024s step_avg:1217.15ms
step:1157/3300 train_loss:3.62350 train_time:1408.234s step_avg:1217.14ms
step:1158/3300 train_loss:3.67144 train_time:1409.444s step_avg:1217.14ms
step:1159/3300 train_loss:3.62586 train_time:1410.656s step_avg:1217.13ms
step:1160/3300 train_loss:3.59649 train_time:1411.865s step_avg:1217.12ms
step:1161/3300 train_loss:3.53940 train_time:1413.070s step_avg:1217.11ms
step:1162/3300 train_loss:3.64152 train_time:1414.284s step_avg:1217.11ms
step:1163/3300 train_loss:3.60613 train_time:1415.494s step_avg:1217.11ms
step:1164/3300 train_loss:3.58143 train_time:1416.702s step_avg:1217.10ms
step:1165/3300 train_loss:3.61650 train_time:1417.912s step_avg:1217.09ms
step:1166/3300 train_loss:3.62946 train_time:1419.127s step_avg:1217.09ms
step:1167/3300 train_loss:3.63844 train_time:1420.339s step_avg:1217.09ms
step:1168/3300 train_loss:3.63677 train_time:1421.552s step_avg:1217.08ms
step:1169/3300 train_loss:3.58234 train_time:1422.764s step_avg:1217.08ms
step:1170/3300 train_loss:3.64923 train_time:1423.965s step_avg:1217.06ms
step:1171/3300 train_loss:3.55536 train_time:1425.181s step_avg:1217.06ms
step:1172/3300 train_loss:3.60680 train_time:1426.388s step_avg:1217.05ms
step:1173/3300 train_loss:3.76186 train_time:1427.619s step_avg:1217.07ms
step:1174/3300 train_loss:3.58837 train_time:1428.825s step_avg:1217.06ms
step:1175/3300 train_loss:3.60354 train_time:1430.027s step_avg:1217.04ms
step:1176/3300 train_loss:3.56475 train_time:1431.249s step_avg:1217.05ms
step:1177/3300 train_loss:3.61725 train_time:1432.458s step_avg:1217.04ms
step:1178/3300 train_loss:3.59855 train_time:1433.667s step_avg:1217.03ms
step:1179/3300 train_loss:3.68382 train_time:1434.883s step_avg:1217.03ms
step:1180/3300 train_loss:3.59820 train_time:1436.099s step_avg:1217.03ms
step:1181/3300 train_loss:3.57384 train_time:1437.324s step_avg:1217.04ms
step:1182/3300 train_loss:3.61243 train_time:1438.523s step_avg:1217.02ms
step:1183/3300 train_loss:3.59884 train_time:1439.735s step_avg:1217.02ms
step:1184/3300 train_loss:3.58529 train_time:1440.945s step_avg:1217.01ms
step:1185/3300 train_loss:3.63718 train_time:1442.154s step_avg:1217.01ms
step:1186/3300 train_loss:3.55272 train_time:1443.369s step_avg:1217.01ms
step:1187/3300 train_loss:3.64068 train_time:1444.585s step_avg:1217.00ms
step:1188/3300 train_loss:3.62062 train_time:1445.794s step_avg:1217.00ms
step:1189/3300 train_loss:3.62145 train_time:1447.006s step_avg:1216.99ms
step:1190/3300 train_loss:3.62409 train_time:1448.215s step_avg:1216.99ms
step:1191/3300 train_loss:3.74018 train_time:1449.438s step_avg:1216.99ms
step:1192/3300 train_loss:3.68726 train_time:1450.658s step_avg:1217.00ms
step:1193/3300 train_loss:3.58335 train_time:1451.867s step_avg:1216.99ms
step:1194/3300 train_loss:3.61546 train_time:1453.078s step_avg:1216.98ms
step:1195/3300 train_loss:3.60400 train_time:1454.288s step_avg:1216.98ms
step:1196/3300 train_loss:3.60646 train_time:1455.497s step_avg:1216.97ms
step:1197/3300 train_loss:3.68883 train_time:1456.708s step_avg:1216.97ms
step:1198/3300 train_loss:3.63124 train_time:1457.925s step_avg:1216.97ms
step:1199/3300 train_loss:3.58383 train_time:1459.160s step_avg:1216.98ms
step:1200/3300 train_loss:3.58956 train_time:1460.367s step_avg:1216.97ms
step:1201/3300 train_loss:3.63301 train_time:1461.583s step_avg:1216.97ms
step:1202/3300 train_loss:3.64082 train_time:1462.802s step_avg:1216.97ms
step:1203/3300 train_loss:3.57022 train_time:1464.011s step_avg:1216.97ms
step:1204/3300 train_loss:3.63021 train_time:1465.213s step_avg:1216.95ms
step:1205/3300 train_loss:3.62791 train_time:1466.439s step_avg:1216.96ms
step:1206/3300 train_loss:3.55868 train_time:1467.666s step_avg:1216.97ms
step:1207/3300 train_loss:3.65785 train_time:1468.874s step_avg:1216.96ms
step:1208/3300 train_loss:3.59867 train_time:1470.089s step_avg:1216.96ms
step:1209/3300 train_loss:3.60219 train_time:1471.312s step_avg:1216.97ms
step:1210/3300 train_loss:3.58437 train_time:1472.520s step_avg:1216.96ms
step:1211/3300 train_loss:3.64793 train_time:1473.728s step_avg:1216.95ms
step:1212/3300 train_loss:3.57248 train_time:1474.937s step_avg:1216.95ms
step:1213/3300 train_loss:3.59799 train_time:1476.162s step_avg:1216.95ms
step:1214/3300 train_loss:3.56016 train_time:1477.370s step_avg:1216.94ms
step:1215/3300 train_loss:3.59868 train_time:1478.585s step_avg:1216.94ms
step:1216/3300 train_loss:3.58498 train_time:1479.795s step_avg:1216.94ms
step:1217/3300 train_loss:3.57440 train_time:1481.022s step_avg:1216.95ms
step:1218/3300 train_loss:3.58416 train_time:1482.236s step_avg:1216.94ms
step:1219/3300 train_loss:3.68276 train_time:1483.442s step_avg:1216.93ms
step:1220/3300 train_loss:3.63117 train_time:1484.646s step_avg:1216.92ms
step:1221/3300 train_loss:3.58407 train_time:1485.863s step_avg:1216.92ms
step:1222/3300 train_loss:3.63952 train_time:1487.071s step_avg:1216.92ms
step:1223/3300 train_loss:3.59096 train_time:1488.281s step_avg:1216.91ms
step:1224/3300 train_loss:3.60943 train_time:1489.489s step_avg:1216.90ms
step:1225/3300 train_loss:3.56296 train_time:1490.689s step_avg:1216.89ms
step:1226/3300 train_loss:3.61237 train_time:1491.898s step_avg:1216.88ms
step:1227/3300 train_loss:3.59855 train_time:1493.108s step_avg:1216.88ms
step:1228/3300 train_loss:3.57835 train_time:1494.311s step_avg:1216.87ms
step:1229/3300 train_loss:3.59376 train_time:1495.516s step_avg:1216.86ms
step:1230/3300 train_loss:3.56848 train_time:1496.738s step_avg:1216.86ms
step:1231/3300 train_loss:3.64718 train_time:1497.953s step_avg:1216.86ms
step:1232/3300 train_loss:3.60286 train_time:1499.163s step_avg:1216.85ms
step:1233/3300 train_loss:3.56456 train_time:1500.370s step_avg:1216.85ms
step:1234/3300 train_loss:3.63640 train_time:1501.572s step_avg:1216.83ms
step:1235/3300 train_loss:3.59888 train_time:1502.783s step_avg:1216.83ms
step:1236/3300 train_loss:3.60907 train_time:1503.998s step_avg:1216.83ms
step:1237/3300 train_loss:3.56169 train_time:1505.214s step_avg:1216.83ms
step:1238/3300 train_loss:3.55628 train_time:1506.451s step_avg:1216.84ms
step:1239/3300 train_loss:3.62011 train_time:1507.659s step_avg:1216.84ms
step:1240/3300 train_loss:3.55019 train_time:1508.870s step_avg:1216.83ms
step:1241/3300 train_loss:3.66337 train_time:1510.080s step_avg:1216.83ms
step:1242/3300 train_loss:3.68351 train_time:1511.292s step_avg:1216.82ms
step:1243/3300 train_loss:3.61818 train_time:1512.504s step_avg:1216.82ms
step:1244/3300 train_loss:3.58483 train_time:1513.711s step_avg:1216.81ms
step:1245/3300 train_loss:3.60826 train_time:1514.912s step_avg:1216.80ms
step:1246/3300 train_loss:3.55190 train_time:1516.120s step_avg:1216.79ms
step:1247/3300 train_loss:3.56059 train_time:1517.343s step_avg:1216.80ms
step:1248/3300 train_loss:3.62216 train_time:1518.557s step_avg:1216.79ms
step:1249/3300 train_loss:3.58773 train_time:1519.764s step_avg:1216.78ms
step:1250/3300 train_loss:3.53150 train_time:1521.016s step_avg:1216.81ms
step:1250/3300 val_loss:3.57473 train_time:1521.016s step_avg:1212.82ms
step:1251/3300 train_loss:3.56675 train_time:1522.227s step_avg:1216.81ms
step:1252/3300 train_loss:3.57589 train_time:1523.442s step_avg:1216.81ms
step:1253/3300 train_loss:3.60541 train_time:1524.649s step_avg:1216.80ms
step:1254/3300 train_loss:3.61856 train_time:1525.852s step_avg:1216.79ms
step:1255/3300 train_loss:3.61417 train_time:1527.051s step_avg:1216.77ms
step:1256/3300 train_loss:3.60168 train_time:1528.268s step_avg:1216.77ms
step:1257/3300 train_loss:3.56153 train_time:1529.473s step_avg:1216.76ms
step:1258/3300 train_loss:3.78038 train_time:1530.718s step_avg:1216.79ms
step:1259/3300 train_loss:3.60746 train_time:1531.930s step_avg:1216.78ms
step:1260/3300 train_loss:3.56590 train_time:1533.132s step_avg:1216.77ms
step:1261/3300 train_loss:3.59591 train_time:1534.341s step_avg:1216.77ms
step:1262/3300 train_loss:3.61929 train_time:1535.551s step_avg:1216.76ms
step:1263/3300 train_loss:3.59039 train_time:1536.756s step_avg:1216.75ms
step:1264/3300 train_loss:3.57494 train_time:1537.965s step_avg:1216.74ms
step:1265/3300 train_loss:3.60632 train_time:1539.184s step_avg:1216.75ms
step:1266/3300 train_loss:3.58907 train_time:1540.412s step_avg:1216.75ms
step:1267/3300 train_loss:3.52068 train_time:1541.626s step_avg:1216.75ms
step:1268/3300 train_loss:3.54237 train_time:1542.833s step_avg:1216.75ms
step:1269/3300 train_loss:3.57160 train_time:1544.045s step_avg:1216.74ms
step:1270/3300 train_loss:3.61571 train_time:1545.257s step_avg:1216.74ms
step:1271/3300 train_loss:3.57701 train_time:1546.476s step_avg:1216.74ms
step:1272/3300 train_loss:3.60492 train_time:1547.687s step_avg:1216.74ms
step:1273/3300 train_loss:3.61850 train_time:1548.895s step_avg:1216.73ms
step:1274/3300 train_loss:3.62771 train_time:1550.110s step_avg:1216.73ms
step:1275/3300 train_loss:3.54420 train_time:1551.319s step_avg:1216.72ms
step:1276/3300 train_loss:3.61264 train_time:1552.540s step_avg:1216.72ms
step:1277/3300 train_loss:3.55551 train_time:1553.751s step_avg:1216.72ms
step:1278/3300 train_loss:3.62623 train_time:1554.963s step_avg:1216.72ms
step:1279/3300 train_loss:3.57861 train_time:1556.175s step_avg:1216.71ms
step:1280/3300 train_loss:3.63701 train_time:1557.384s step_avg:1216.71ms
step:1281/3300 train_loss:3.59990 train_time:1558.614s step_avg:1216.72ms
step:1282/3300 train_loss:3.63706 train_time:1559.818s step_avg:1216.71ms
step:1283/3300 train_loss:3.52733 train_time:1561.032s step_avg:1216.70ms
step:1284/3300 train_loss:3.56713 train_time:1562.248s step_avg:1216.70ms
step:1285/3300 train_loss:3.58604 train_time:1563.461s step_avg:1216.70ms
step:1286/3300 train_loss:3.69063 train_time:1564.682s step_avg:1216.70ms
step:1287/3300 train_loss:3.60400 train_time:1565.891s step_avg:1216.70ms
step:1288/3300 train_loss:3.58811 train_time:1567.095s step_avg:1216.69ms
step:1289/3300 train_loss:3.56270 train_time:1568.305s step_avg:1216.68ms
step:1290/3300 train_loss:3.56423 train_time:1569.535s step_avg:1216.69ms
step:1291/3300 train_loss:3.58067 train_time:1570.745s step_avg:1216.69ms
step:1292/3300 train_loss:3.63494 train_time:1571.958s step_avg:1216.69ms
step:1293/3300 train_loss:3.61729 train_time:1573.173s step_avg:1216.68ms
step:1294/3300 train_loss:3.58653 train_time:1574.378s step_avg:1216.68ms
step:1295/3300 train_loss:3.62270 train_time:1575.591s step_avg:1216.67ms
step:1296/3300 train_loss:3.65546 train_time:1576.803s step_avg:1216.67ms
step:1297/3300 train_loss:3.54803 train_time:1578.017s step_avg:1216.67ms
step:1298/3300 train_loss:3.63594 train_time:1579.223s step_avg:1216.66ms
step:1299/3300 train_loss:3.56406 train_time:1580.432s step_avg:1216.65ms
step:1300/3300 train_loss:3.60659 train_time:1581.641s step_avg:1216.65ms
step:1301/3300 train_loss:3.62039 train_time:1582.854s step_avg:1216.64ms
step:1302/3300 train_loss:3.62017 train_time:1584.062s step_avg:1216.64ms
step:1303/3300 train_loss:3.61035 train_time:1585.280s step_avg:1216.64ms
step:1304/3300 train_loss:3.58215 train_time:1586.484s step_avg:1216.63ms
step:1305/3300 train_loss:3.53734 train_time:1587.701s step_avg:1216.63ms
step:1306/3300 train_loss:3.58823 train_time:1588.916s step_avg:1216.63ms
step:1307/3300 train_loss:3.53389 train_time:1590.158s step_avg:1216.65ms
step:1308/3300 train_loss:3.56500 train_time:1591.381s step_avg:1216.65ms
step:1309/3300 train_loss:3.65850 train_time:1592.591s step_avg:1216.65ms
step:1310/3300 train_loss:3.52063 train_time:1593.799s step_avg:1216.64ms
step:1311/3300 train_loss:3.57972 train_time:1595.026s step_avg:1216.65ms
step:1312/3300 train_loss:3.57795 train_time:1596.235s step_avg:1216.64ms
step:1313/3300 train_loss:3.55732 train_time:1597.440s step_avg:1216.63ms
step:1314/3300 train_loss:3.48631 train_time:1598.662s step_avg:1216.64ms
step:1315/3300 train_loss:3.64190 train_time:1599.881s step_avg:1216.64ms
step:1316/3300 train_loss:3.64066 train_time:1601.098s step_avg:1216.64ms
step:1317/3300 train_loss:3.57802 train_time:1602.303s step_avg:1216.63ms
step:1318/3300 train_loss:3.56150 train_time:1603.535s step_avg:1216.64ms
step:1319/3300 train_loss:3.66235 train_time:1604.774s step_avg:1216.66ms
step:1320/3300 train_loss:3.61106 train_time:1605.979s step_avg:1216.65ms
step:1321/3300 train_loss:3.71514 train_time:1607.192s step_avg:1216.65ms
step:1322/3300 train_loss:3.56455 train_time:1608.401s step_avg:1216.64ms
step:1323/3300 train_loss:3.62534 train_time:1609.613s step_avg:1216.64ms
step:1324/3300 train_loss:3.63805 train_time:1610.819s step_avg:1216.63ms
step:1325/3300 train_loss:3.55483 train_time:1612.029s step_avg:1216.63ms
step:1326/3300 train_loss:3.55215 train_time:1613.253s step_avg:1216.63ms
step:1327/3300 train_loss:3.59681 train_time:1614.485s step_avg:1216.64ms
step:1328/3300 train_loss:3.49515 train_time:1615.693s step_avg:1216.64ms
step:1329/3300 train_loss:3.59956 train_time:1616.901s step_avg:1216.63ms
step:1330/3300 train_loss:3.62176 train_time:1618.129s step_avg:1216.64ms
step:1331/3300 train_loss:3.60773 train_time:1619.381s step_avg:1216.66ms
step:1332/3300 train_loss:3.67364 train_time:1620.595s step_avg:1216.66ms
step:1333/3300 train_loss:3.60029 train_time:1621.819s step_avg:1216.67ms
step:1334/3300 train_loss:3.60409 train_time:1623.020s step_avg:1216.66ms
step:1335/3300 train_loss:3.65115 train_time:1624.229s step_avg:1216.65ms
step:1336/3300 train_loss:3.59799 train_time:1625.444s step_avg:1216.65ms
step:1337/3300 train_loss:3.59985 train_time:1626.656s step_avg:1216.65ms
step:1338/3300 train_loss:3.58537 train_time:1627.859s step_avg:1216.64ms
step:1339/3300 train_loss:3.57581 train_time:1629.062s step_avg:1216.63ms
step:1340/3300 train_loss:3.59785 train_time:1630.278s step_avg:1216.63ms
step:1341/3300 train_loss:3.60555 train_time:1631.502s step_avg:1216.63ms
step:1342/3300 train_loss:3.66935 train_time:1632.712s step_avg:1216.63ms
step:1343/3300 train_loss:3.61344 train_time:1633.921s step_avg:1216.62ms
step:1344/3300 train_loss:3.56493 train_time:1635.133s step_avg:1216.62ms
step:1345/3300 train_loss:3.49227 train_time:1636.338s step_avg:1216.61ms
step:1346/3300 train_loss:3.56916 train_time:1637.551s step_avg:1216.61ms
step:1347/3300 train_loss:3.59404 train_time:1638.764s step_avg:1216.60ms
step:1348/3300 train_loss:3.58388 train_time:1639.974s step_avg:1216.60ms
step:1349/3300 train_loss:3.56740 train_time:1641.185s step_avg:1216.59ms
step:1350/3300 train_loss:3.59268 train_time:1642.400s step_avg:1216.59ms
step:1351/3300 train_loss:3.61958 train_time:1643.609s step_avg:1216.59ms
step:1352/3300 train_loss:3.54541 train_time:1644.822s step_avg:1216.58ms
step:1353/3300 train_loss:3.59078 train_time:1646.031s step_avg:1216.58ms
step:1354/3300 train_loss:3.57376 train_time:1647.245s step_avg:1216.58ms
step:1355/3300 train_loss:3.51460 train_time:1648.462s step_avg:1216.58ms
step:1356/3300 train_loss:3.61594 train_time:1649.682s step_avg:1216.58ms
step:1357/3300 train_loss:3.76131 train_time:1650.891s step_avg:1216.57ms
step:1358/3300 train_loss:3.59247 train_time:1652.108s step_avg:1216.57ms
step:1359/3300 train_loss:3.52014 train_time:1653.316s step_avg:1216.57ms
step:1360/3300 train_loss:3.55494 train_time:1654.525s step_avg:1216.56ms
step:1361/3300 train_loss:3.52880 train_time:1655.729s step_avg:1216.55ms
step:1362/3300 train_loss:3.57304 train_time:1656.941s step_avg:1216.55ms
step:1363/3300 train_loss:3.51801 train_time:1658.162s step_avg:1216.55ms
step:1364/3300 train_loss:3.53128 train_time:1659.365s step_avg:1216.54ms
step:1365/3300 train_loss:3.57156 train_time:1660.572s step_avg:1216.54ms
step:1366/3300 train_loss:3.59247 train_time:1661.796s step_avg:1216.54ms
step:1367/3300 train_loss:3.57466 train_time:1662.998s step_avg:1216.53ms
step:1368/3300 train_loss:3.64049 train_time:1664.219s step_avg:1216.53ms
step:1369/3300 train_loss:3.57877 train_time:1665.422s step_avg:1216.52ms
step:1370/3300 train_loss:3.64919 train_time:1666.635s step_avg:1216.52ms
step:1371/3300 train_loss:3.56661 train_time:1667.854s step_avg:1216.52ms
step:1372/3300 train_loss:3.60945 train_time:1669.063s step_avg:1216.52ms
step:1373/3300 train_loss:3.58696 train_time:1670.292s step_avg:1216.53ms
step:1374/3300 train_loss:3.54849 train_time:1671.515s step_avg:1216.53ms
step:1375/3300 train_loss:3.57460 train_time:1672.740s step_avg:1216.54ms
step:1375/3300 val_loss:3.55028 train_time:1672.740s step_avg:1213.79ms
step:1376/3300 train_loss:3.61334 train_time:1673.957s step_avg:1216.54ms
step:1377/3300 train_loss:3.56810 train_time:1675.169s step_avg:1216.53ms
step:1378/3300 train_loss:3.59456 train_time:1676.374s step_avg:1216.53ms
step:1379/3300 train_loss:3.51350 train_time:1677.585s step_avg:1216.52ms
step:1380/3300 train_loss:3.50326 train_time:1678.797s step_avg:1216.52ms
step:1381/3300 train_loss:3.62341 train_time:1680.012s step_avg:1216.52ms
step:1382/3300 train_loss:3.57508 train_time:1681.224s step_avg:1216.52ms
step:1383/3300 train_loss:3.57635 train_time:1682.479s step_avg:1216.54ms
step:1384/3300 train_loss:3.55051 train_time:1683.688s step_avg:1216.54ms
step:1385/3300 train_loss:3.52985 train_time:1684.896s step_avg:1216.53ms
step:1386/3300 train_loss:3.59159 train_time:1686.130s step_avg:1216.54ms
step:1387/3300 train_loss:3.58467 train_time:1687.415s step_avg:1216.59ms
step:1388/3300 train_loss:3.56687 train_time:1688.638s step_avg:1216.60ms
step:1389/3300 train_loss:3.59548 train_time:1689.850s step_avg:1216.59ms
step:1390/3300 train_loss:3.57911 train_time:1691.061s step_avg:1216.59ms
step:1391/3300 train_loss:3.62108 train_time:1692.300s step_avg:1216.61ms
step:1392/3300 train_loss:3.56643 train_time:1693.512s step_avg:1216.60ms
step:1393/3300 train_loss:3.57237 train_time:1694.722s step_avg:1216.60ms
step:1394/3300 train_loss:3.61879 train_time:1695.942s step_avg:1216.60ms
step:1395/3300 train_loss:3.57480 train_time:1697.177s step_avg:1216.61ms
step:1396/3300 train_loss:3.57337 train_time:1698.392s step_avg:1216.61ms
step:1397/3300 train_loss:3.54372 train_time:1699.607s step_avg:1216.61ms
step:1398/3300 train_loss:3.54920 train_time:1700.828s step_avg:1216.62ms
step:1399/3300 train_loss:3.53005 train_time:1702.030s step_avg:1216.60ms
step:1400/3300 train_loss:3.57126 train_time:1703.234s step_avg:1216.60ms
step:1401/3300 train_loss:3.52856 train_time:1704.450s step_avg:1216.60ms
step:1402/3300 train_loss:3.56482 train_time:1705.654s step_avg:1216.59ms
step:1403/3300 train_loss:3.59944 train_time:1706.864s step_avg:1216.58ms
step:1404/3300 train_loss:3.54790 train_time:1708.081s step_avg:1216.58ms
step:1405/3300 train_loss:3.51320 train_time:1709.294s step_avg:1216.58ms
step:1406/3300 train_loss:3.55973 train_time:1710.514s step_avg:1216.58ms
step:1407/3300 train_loss:3.57856 train_time:1711.726s step_avg:1216.58ms
step:1408/3300 train_loss:3.62947 train_time:1712.934s step_avg:1216.57ms
step:1409/3300 train_loss:3.56238 train_time:1714.149s step_avg:1216.57ms
step:1410/3300 train_loss:3.57440 train_time:1715.352s step_avg:1216.56ms
step:1411/3300 train_loss:3.57113 train_time:1716.566s step_avg:1216.56ms
step:1412/3300 train_loss:3.59573 train_time:1717.771s step_avg:1216.55ms
step:1413/3300 train_loss:3.56959 train_time:1718.973s step_avg:1216.54ms
step:1414/3300 train_loss:3.51082 train_time:1720.180s step_avg:1216.53ms
step:1415/3300 train_loss:3.56870 train_time:1721.392s step_avg:1216.53ms
step:1416/3300 train_loss:3.54515 train_time:1722.625s step_avg:1216.54ms
step:1417/3300 train_loss:3.56527 train_time:1723.834s step_avg:1216.54ms
step:1418/3300 train_loss:3.57564 train_time:1725.035s step_avg:1216.53ms
step:1419/3300 train_loss:3.67317 train_time:1726.244s step_avg:1216.52ms
step:1420/3300 train_loss:3.56839 train_time:1727.454s step_avg:1216.52ms
step:1421/3300 train_loss:3.52752 train_time:1728.668s step_avg:1216.52ms
step:1422/3300 train_loss:3.54596 train_time:1729.878s step_avg:1216.51ms
step:1423/3300 train_loss:3.52432 train_time:1731.087s step_avg:1216.51ms
step:1424/3300 train_loss:3.54953 train_time:1732.293s step_avg:1216.50ms
step:1425/3300 train_loss:3.53012 train_time:1733.496s step_avg:1216.49ms
step:1426/3300 train_loss:3.57008 train_time:1734.713s step_avg:1216.49ms
step:1427/3300 train_loss:3.55612 train_time:1735.916s step_avg:1216.48ms
step:1428/3300 train_loss:3.56219 train_time:1737.125s step_avg:1216.47ms
step:1429/3300 train_loss:3.57624 train_time:1738.336s step_avg:1216.47ms
step:1430/3300 train_loss:3.50954 train_time:1739.545s step_avg:1216.46ms
step:1431/3300 train_loss:3.51463 train_time:1740.771s step_avg:1216.47ms
step:1432/3300 train_loss:3.58724 train_time:1741.986s step_avg:1216.47ms
step:1433/3300 train_loss:3.50717 train_time:1743.203s step_avg:1216.47ms
step:1434/3300 train_loss:3.51633 train_time:1744.418s step_avg:1216.47ms
step:1435/3300 train_loss:3.51345 train_time:1745.648s step_avg:1216.48ms
step:1436/3300 train_loss:3.49870 train_time:1746.862s step_avg:1216.48ms
step:1437/3300 train_loss:3.63379 train_time:1748.071s step_avg:1216.47ms
step:1438/3300 train_loss:3.58388 train_time:1749.313s step_avg:1216.49ms
step:1439/3300 train_loss:3.53313 train_time:1750.523s step_avg:1216.49ms
step:1440/3300 train_loss:3.47875 train_time:1751.745s step_avg:1216.49ms
step:1441/3300 train_loss:3.52234 train_time:1752.960s step_avg:1216.49ms
step:1442/3300 train_loss:3.53293 train_time:1754.175s step_avg:1216.49ms
step:1443/3300 train_loss:3.56523 train_time:1755.382s step_avg:1216.48ms
step:1444/3300 train_loss:3.54548 train_time:1756.600s step_avg:1216.48ms
step:1445/3300 train_loss:3.54163 train_time:1757.818s step_avg:1216.48ms
step:1446/3300 train_loss:3.58058 train_time:1759.045s step_avg:1216.49ms
step:1447/3300 train_loss:3.51549 train_time:1760.253s step_avg:1216.48ms
step:1448/3300 train_loss:3.52811 train_time:1761.460s step_avg:1216.48ms
step:1449/3300 train_loss:3.54611 train_time:1762.669s step_avg:1216.47ms
step:1450/3300 train_loss:3.55366 train_time:1763.877s step_avg:1216.47ms
step:1451/3300 train_loss:3.49336 train_time:1765.103s step_avg:1216.47ms
step:1452/3300 train_loss:3.53533 train_time:1766.312s step_avg:1216.47ms
step:1453/3300 train_loss:3.48564 train_time:1767.530s step_avg:1216.47ms
step:1454/3300 train_loss:3.59652 train_time:1768.742s step_avg:1216.47ms
step:1455/3300 train_loss:3.57676 train_time:1769.953s step_avg:1216.46ms
step:1456/3300 train_loss:3.52084 train_time:1771.176s step_avg:1216.47ms
step:1457/3300 train_loss:3.55348 train_time:1772.384s step_avg:1216.46ms
step:1458/3300 train_loss:3.57786 train_time:1773.595s step_avg:1216.46ms
step:1459/3300 train_loss:3.57344 train_time:1774.805s step_avg:1216.45ms
step:1460/3300 train_loss:3.49565 train_time:1776.024s step_avg:1216.45ms
step:1461/3300 train_loss:3.53895 train_time:1777.243s step_avg:1216.46ms
step:1462/3300 train_loss:3.47637 train_time:1778.459s step_avg:1216.46ms
step:1463/3300 train_loss:3.62188 train_time:1779.658s step_avg:1216.44ms
step:1464/3300 train_loss:3.53814 train_time:1780.870s step_avg:1216.44ms
step:1465/3300 train_loss:3.53671 train_time:1782.083s step_avg:1216.44ms
step:1466/3300 train_loss:3.54312 train_time:1783.296s step_avg:1216.44ms
step:1467/3300 train_loss:3.51479 train_time:1784.501s step_avg:1216.43ms
step:1468/3300 train_loss:3.52990 train_time:1785.715s step_avg:1216.43ms
step:1469/3300 train_loss:3.53602 train_time:1786.948s step_avg:1216.44ms
step:1470/3300 train_loss:3.45752 train_time:1788.160s step_avg:1216.44ms
step:1471/3300 train_loss:3.50223 train_time:1789.380s step_avg:1216.44ms
step:1472/3300 train_loss:3.59072 train_time:1790.588s step_avg:1216.43ms
step:1473/3300 train_loss:3.56833 train_time:1791.838s step_avg:1216.45ms
step:1474/3300 train_loss:3.52311 train_time:1793.049s step_avg:1216.45ms
step:1475/3300 train_loss:3.50090 train_time:1794.258s step_avg:1216.45ms
step:1476/3300 train_loss:3.53307 train_time:1795.507s step_avg:1216.47ms
step:1477/3300 train_loss:3.48076 train_time:1796.713s step_avg:1216.46ms
step:1478/3300 train_loss:3.53303 train_time:1797.917s step_avg:1216.45ms
step:1479/3300 train_loss:3.57065 train_time:1799.121s step_avg:1216.44ms
step:1480/3300 train_loss:3.56863 train_time:1800.323s step_avg:1216.43ms
step:1481/3300 train_loss:3.59714 train_time:1801.536s step_avg:1216.43ms
step:1482/3300 train_loss:3.52987 train_time:1802.746s step_avg:1216.43ms
step:1483/3300 train_loss:3.52283 train_time:1803.955s step_avg:1216.42ms
step:1484/3300 train_loss:3.51877 train_time:1805.156s step_avg:1216.41ms
step:1485/3300 train_loss:3.50568 train_time:1806.360s step_avg:1216.40ms
step:1486/3300 train_loss:3.54745 train_time:1807.566s step_avg:1216.40ms
step:1487/3300 train_loss:3.58901 train_time:1808.775s step_avg:1216.39ms
step:1488/3300 train_loss:3.52841 train_time:1809.982s step_avg:1216.39ms
step:1489/3300 train_loss:3.51846 train_time:1811.192s step_avg:1216.38ms
step:1490/3300 train_loss:3.54375 train_time:1812.401s step_avg:1216.38ms
step:1491/3300 train_loss:3.51865 train_time:1813.620s step_avg:1216.38ms
step:1492/3300 train_loss:3.46171 train_time:1814.831s step_avg:1216.37ms
step:1493/3300 train_loss:3.58319 train_time:1816.045s step_avg:1216.37ms
step:1494/3300 train_loss:3.49251 train_time:1817.294s step_avg:1216.39ms
step:1495/3300 train_loss:3.47205 train_time:1818.516s step_avg:1216.40ms
step:1496/3300 train_loss:3.50029 train_time:1819.729s step_avg:1216.40ms
step:1497/3300 train_loss:3.54777 train_time:1820.956s step_avg:1216.40ms
step:1498/3300 train_loss:3.47839 train_time:1822.161s step_avg:1216.40ms
step:1499/3300 train_loss:3.50916 train_time:1823.374s step_avg:1216.39ms
step:1500/3300 train_loss:3.55795 train_time:1824.582s step_avg:1216.39ms
step:1500/3300 val_loss:3.52084 train_time:1824.582s step_avg:1214.74ms
step:1501/3300 train_loss:3.42589 train_time:1825.809s step_avg:1216.40ms
step:1502/3300 train_loss:3.47881 train_time:1827.021s step_avg:1216.39ms
step:1503/3300 train_loss:3.46484 train_time:1828.264s step_avg:1216.41ms
step:1504/3300 train_loss:3.50247 train_time:1829.470s step_avg:1216.40ms
step:1505/3300 train_loss:3.49113 train_time:1830.676s step_avg:1216.40ms
step:1506/3300 train_loss:3.51598 train_time:1831.892s step_avg:1216.40ms
step:1507/3300 train_loss:3.46112 train_time:1833.127s step_avg:1216.41ms
step:1508/3300 train_loss:3.52618 train_time:1834.338s step_avg:1216.40ms
step:1509/3300 train_loss:3.52897 train_time:1835.551s step_avg:1216.40ms
step:1510/3300 train_loss:3.50198 train_time:1836.762s step_avg:1216.40ms
step:1511/3300 train_loss:3.56441 train_time:1837.981s step_avg:1216.40ms
step:1512/3300 train_loss:3.51537 train_time:1839.196s step_avg:1216.40ms
step:1513/3300 train_loss:3.51464 train_time:1840.419s step_avg:1216.40ms
step:1514/3300 train_loss:3.59276 train_time:1841.638s step_avg:1216.41ms
step:1515/3300 train_loss:3.53100 train_time:1842.869s step_avg:1216.42ms
step:1516/3300 train_loss:3.58809 train_time:1844.082s step_avg:1216.41ms
step:1517/3300 train_loss:3.49223 train_time:1845.292s step_avg:1216.41ms
step:1518/3300 train_loss:3.52757 train_time:1846.489s step_avg:1216.40ms
step:1519/3300 train_loss:3.57373 train_time:1847.687s step_avg:1216.38ms
step:1520/3300 train_loss:3.45605 train_time:1848.891s step_avg:1216.38ms
step:1521/3300 train_loss:3.51049 train_time:1850.138s step_avg:1216.40ms
step:1522/3300 train_loss:3.50667 train_time:1851.347s step_avg:1216.39ms
step:1523/3300 train_loss:3.54040 train_time:1852.550s step_avg:1216.38ms
step:1524/3300 train_loss:3.55542 train_time:1853.754s step_avg:1216.37ms
step:1525/3300 train_loss:3.56308 train_time:1854.967s step_avg:1216.37ms
step:1526/3300 train_loss:3.54885 train_time:1856.176s step_avg:1216.37ms
step:1527/3300 train_loss:3.48107 train_time:1857.387s step_avg:1216.36ms
step:1528/3300 train_loss:3.58800 train_time:1858.590s step_avg:1216.35ms
step:1529/3300 train_loss:3.51700 train_time:1859.799s step_avg:1216.35ms
step:1530/3300 train_loss:3.51531 train_time:1861.011s step_avg:1216.35ms
step:1531/3300 train_loss:3.52786 train_time:1862.228s step_avg:1216.35ms
step:1532/3300 train_loss:3.56669 train_time:1863.478s step_avg:1216.37ms
step:1533/3300 train_loss:3.55339 train_time:1864.685s step_avg:1216.36ms
step:1534/3300 train_loss:3.52126 train_time:1865.890s step_avg:1216.36ms
step:1535/3300 train_loss:3.53013 train_time:1867.093s step_avg:1216.35ms
step:1536/3300 train_loss:3.49338 train_time:1868.318s step_avg:1216.35ms
step:1537/3300 train_loss:3.57507 train_time:1869.529s step_avg:1216.35ms
step:1538/3300 train_loss:3.53262 train_time:1870.731s step_avg:1216.34ms
step:1539/3300 train_loss:3.63034 train_time:1871.936s step_avg:1216.33ms
step:1540/3300 train_loss:3.48498 train_time:1873.154s step_avg:1216.33ms
step:1541/3300 train_loss:3.48844 train_time:1874.361s step_avg:1216.33ms
step:1542/3300 train_loss:3.50710 train_time:1875.568s step_avg:1216.32ms
step:1543/3300 train_loss:3.52809 train_time:1876.770s step_avg:1216.31ms
step:1544/3300 train_loss:3.49033 train_time:1877.970s step_avg:1216.30ms
step:1545/3300 train_loss:3.54623 train_time:1879.207s step_avg:1216.32ms
step:1546/3300 train_loss:3.52754 train_time:1880.419s step_avg:1216.31ms
step:1547/3300 train_loss:3.53035 train_time:1881.629s step_avg:1216.31ms
step:1548/3300 train_loss:3.55186 train_time:1882.854s step_avg:1216.31ms
step:1549/3300 train_loss:3.54279 train_time:1884.065s step_avg:1216.31ms
step:1550/3300 train_loss:3.54380 train_time:1885.271s step_avg:1216.30ms
step:1551/3300 train_loss:3.48628 train_time:1886.480s step_avg:1216.30ms
step:1552/3300 train_loss:3.54042 train_time:1887.689s step_avg:1216.29ms
step:1553/3300 train_loss:3.53510 train_time:1888.896s step_avg:1216.29ms
step:1554/3300 train_loss:3.52288 train_time:1890.112s step_avg:1216.29ms
step:1555/3300 train_loss:3.52608 train_time:1891.314s step_avg:1216.28ms
step:1556/3300 train_loss:3.55688 train_time:1892.532s step_avg:1216.28ms
step:1557/3300 train_loss:3.51830 train_time:1893.739s step_avg:1216.27ms
step:1558/3300 train_loss:3.40075 train_time:1894.946s step_avg:1216.27ms
step:1559/3300 train_loss:3.51735 train_time:1896.156s step_avg:1216.26ms
step:1560/3300 train_loss:3.51152 train_time:1897.368s step_avg:1216.26ms
step:1561/3300 train_loss:3.60725 train_time:1898.626s step_avg:1216.29ms
step:1562/3300 train_loss:3.55033 train_time:1899.838s step_avg:1216.29ms
step:1563/3300 train_loss:3.53076 train_time:1901.054s step_avg:1216.29ms
step:1564/3300 train_loss:3.44960 train_time:1902.262s step_avg:1216.28ms
step:1565/3300 train_loss:3.50950 train_time:1903.474s step_avg:1216.28ms
step:1566/3300 train_loss:3.51003 train_time:1904.696s step_avg:1216.28ms
step:1567/3300 train_loss:3.48699 train_time:1905.897s step_avg:1216.27ms
step:1568/3300 train_loss:3.51542 train_time:1907.108s step_avg:1216.27ms
step:1569/3300 train_loss:3.55277 train_time:1908.327s step_avg:1216.27ms
step:1570/3300 train_loss:3.48401 train_time:1909.550s step_avg:1216.27ms
step:1571/3300 train_loss:3.46962 train_time:1910.782s step_avg:1216.28ms
step:1572/3300 train_loss:3.49295 train_time:1912.007s step_avg:1216.29ms
step:1573/3300 train_loss:3.52044 train_time:1913.215s step_avg:1216.28ms
step:1574/3300 train_loss:3.49969 train_time:1914.418s step_avg:1216.28ms
step:1575/3300 train_loss:3.54926 train_time:1915.629s step_avg:1216.27ms
step:1576/3300 train_loss:3.57327 train_time:1916.843s step_avg:1216.27ms
step:1577/3300 train_loss:3.54914 train_time:1918.074s step_avg:1216.28ms
step:1578/3300 train_loss:3.54503 train_time:1919.287s step_avg:1216.28ms
step:1579/3300 train_loss:3.47527 train_time:1920.510s step_avg:1216.28ms
step:1580/3300 train_loss:3.42192 train_time:1921.722s step_avg:1216.28ms
step:1581/3300 train_loss:3.58731 train_time:1922.940s step_avg:1216.28ms
step:1582/3300 train_loss:3.47810 train_time:1924.156s step_avg:1216.28ms
step:1583/3300 train_loss:3.52018 train_time:1925.360s step_avg:1216.27ms
step:1584/3300 train_loss:3.49556 train_time:1926.573s step_avg:1216.27ms
step:1585/3300 train_loss:3.51530 train_time:1927.779s step_avg:1216.26ms
step:1586/3300 train_loss:3.46026 train_time:1928.997s step_avg:1216.27ms
step:1587/3300 train_loss:3.48491 train_time:1930.200s step_avg:1216.26ms
step:1588/3300 train_loss:3.48898 train_time:1931.410s step_avg:1216.25ms
step:1589/3300 train_loss:3.50555 train_time:1932.617s step_avg:1216.25ms
step:1590/3300 train_loss:3.50511 train_time:1933.828s step_avg:1216.24ms
step:1591/3300 train_loss:3.49280 train_time:1935.053s step_avg:1216.25ms
step:1592/3300 train_loss:3.46753 train_time:1936.261s step_avg:1216.24ms
step:1593/3300 train_loss:3.49913 train_time:1937.471s step_avg:1216.24ms
step:1594/3300 train_loss:3.52371 train_time:1938.678s step_avg:1216.23ms
step:1595/3300 train_loss:3.51212 train_time:1939.886s step_avg:1216.23ms
step:1596/3300 train_loss:3.44520 train_time:1941.107s step_avg:1216.23ms
step:1597/3300 train_loss:3.46755 train_time:1942.318s step_avg:1216.23ms
step:1598/3300 train_loss:3.63387 train_time:1943.522s step_avg:1216.22ms
step:1599/3300 train_loss:3.49563 train_time:1944.739s step_avg:1216.22ms
step:1600/3300 train_loss:3.48605 train_time:1945.951s step_avg:1216.22ms
step:1601/3300 train_loss:3.54489 train_time:1947.166s step_avg:1216.22ms
step:1602/3300 train_loss:3.54823 train_time:1948.380s step_avg:1216.22ms
step:1603/3300 train_loss:3.50224 train_time:1949.601s step_avg:1216.22ms
step:1604/3300 train_loss:3.46440 train_time:1950.803s step_avg:1216.21ms
step:1605/3300 train_loss:3.53112 train_time:1952.012s step_avg:1216.21ms
step:1606/3300 train_loss:3.56872 train_time:1953.226s step_avg:1216.21ms
step:1607/3300 train_loss:3.45667 train_time:1954.445s step_avg:1216.21ms
step:1608/3300 train_loss:3.45385 train_time:1955.654s step_avg:1216.20ms
step:1609/3300 train_loss:3.51534 train_time:1956.861s step_avg:1216.20ms
step:1610/3300 train_loss:3.54357 train_time:1958.076s step_avg:1216.20ms
step:1611/3300 train_loss:3.55148 train_time:1959.293s step_avg:1216.20ms
step:1612/3300 train_loss:3.51065 train_time:1960.505s step_avg:1216.19ms
step:1613/3300 train_loss:3.50125 train_time:1961.714s step_avg:1216.19ms
step:1614/3300 train_loss:3.62965 train_time:1962.942s step_avg:1216.20ms
step:1615/3300 train_loss:3.56064 train_time:1964.161s step_avg:1216.20ms
step:1616/3300 train_loss:3.52433 train_time:1965.372s step_avg:1216.20ms
step:1617/3300 train_loss:3.46843 train_time:1966.581s step_avg:1216.19ms
step:1618/3300 train_loss:3.53181 train_time:1967.794s step_avg:1216.19ms
step:1619/3300 train_loss:3.43517 train_time:1969.007s step_avg:1216.19ms
step:1620/3300 train_loss:3.58007 train_time:1970.229s step_avg:1216.19ms
step:1621/3300 train_loss:3.48958 train_time:1971.449s step_avg:1216.19ms
step:1622/3300 train_loss:3.48204 train_time:1972.660s step_avg:1216.19ms
step:1623/3300 train_loss:3.44961 train_time:1973.872s step_avg:1216.19ms
step:1624/3300 train_loss:3.50867 train_time:1975.085s step_avg:1216.19ms
step:1625/3300 train_loss:3.51291 train_time:1976.293s step_avg:1216.18ms
step:1625/3300 val_loss:3.50207 train_time:1976.293s step_avg:1213.68ms
step:1626/3300 train_loss:3.50815 train_time:1977.512s step_avg:1216.18ms
step:1627/3300 train_loss:3.51110 train_time:1978.720s step_avg:1216.18ms
step:1628/3300 train_loss:3.44874 train_time:1979.925s step_avg:1216.17ms
step:1629/3300 train_loss:3.53570 train_time:1981.140s step_avg:1216.17ms
step:1630/3300 train_loss:3.51956 train_time:1982.352s step_avg:1216.17ms
step:1631/3300 train_loss:3.44344 train_time:1983.575s step_avg:1216.17ms
step:1632/3300 train_loss:3.50232 train_time:1984.781s step_avg:1216.16ms
step:1633/3300 train_loss:3.55843 train_time:1985.999s step_avg:1216.17ms
step:1634/3300 train_loss:3.54202 train_time:1987.204s step_avg:1216.16ms
step:1635/3300 train_loss:3.50407 train_time:1988.416s step_avg:1216.16ms
step:1636/3300 train_loss:3.50972 train_time:1989.627s step_avg:1216.15ms
step:1637/3300 train_loss:3.58298 train_time:1990.845s step_avg:1216.15ms
step:1638/3300 train_loss:3.47728 train_time:1992.059s step_avg:1216.15ms
step:1639/3300 train_loss:3.51438 train_time:1993.276s step_avg:1216.15ms
step:1640/3300 train_loss:3.49103 train_time:1994.479s step_avg:1216.15ms
step:1641/3300 train_loss:3.48868 train_time:1995.688s step_avg:1216.14ms
step:1642/3300 train_loss:3.53825 train_time:1996.908s step_avg:1216.14ms
step:1643/3300 train_loss:3.49610 train_time:1998.121s step_avg:1216.14ms
step:1644/3300 train_loss:3.48308 train_time:1999.329s step_avg:1216.14ms
step:1645/3300 train_loss:3.48214 train_time:2000.540s step_avg:1216.13ms
step:1646/3300 train_loss:3.46453 train_time:2001.761s step_avg:1216.14ms
step:1647/3300 train_loss:3.53604 train_time:2002.964s step_avg:1216.13ms
step:1648/3300 train_loss:3.53780 train_time:2004.180s step_avg:1216.13ms
step:1649/3300 train_loss:3.53126 train_time:2005.424s step_avg:1216.15ms
step:1650/3300 train_loss:3.50385 train_time:2006.643s step_avg:1216.15ms
step:1651/3300 train_loss:3.50310 train_time:2007.860s step_avg:1216.15ms
step:1652/3300 train_loss:3.46875 train_time:2009.067s step_avg:1216.14ms
step:1653/3300 train_loss:3.49765 train_time:2010.288s step_avg:1216.14ms
step:1654/3300 train_loss:3.50536 train_time:2011.497s step_avg:1216.14ms
step:1655/3300 train_loss:3.49599 train_time:2012.711s step_avg:1216.14ms
step:1656/3300 train_loss:3.55586 train_time:2013.926s step_avg:1216.14ms
step:1657/3300 train_loss:3.49085 train_time:2015.146s step_avg:1216.14ms
step:1658/3300 train_loss:3.48853 train_time:2016.356s step_avg:1216.14ms
step:1659/3300 train_loss:3.51404 train_time:2017.561s step_avg:1216.13ms
step:1660/3300 train_loss:3.57881 train_time:2018.766s step_avg:1216.12ms
step:1661/3300 train_loss:3.48285 train_time:2019.975s step_avg:1216.12ms
step:1662/3300 train_loss:3.51337 train_time:2021.185s step_avg:1216.12ms
step:1663/3300 train_loss:3.53984 train_time:2022.406s step_avg:1216.12ms
step:1664/3300 train_loss:3.47697 train_time:2023.608s step_avg:1216.11ms
step:1665/3300 train_loss:3.49784 train_time:2024.820s step_avg:1216.11ms
step:1666/3300 train_loss:3.51918 train_time:2026.030s step_avg:1216.10ms
step:1667/3300 train_loss:3.53720 train_time:2027.244s step_avg:1216.10ms
step:1668/3300 train_loss:3.47245 train_time:2028.442s step_avg:1216.09ms
step:1669/3300 train_loss:3.54458 train_time:2029.650s step_avg:1216.09ms
step:1670/3300 train_loss:3.42908 train_time:2030.878s step_avg:1216.09ms
step:1671/3300 train_loss:3.80128 train_time:2032.120s step_avg:1216.11ms
step:1672/3300 train_loss:3.50679 train_time:2033.330s step_avg:1216.11ms
step:1673/3300 train_loss:3.48168 train_time:2034.542s step_avg:1216.10ms
step:1674/3300 train_loss:3.52932 train_time:2035.755s step_avg:1216.10ms
step:1675/3300 train_loss:3.48520 train_time:2036.973s step_avg:1216.10ms
step:1676/3300 train_loss:3.48729 train_time:2038.188s step_avg:1216.10ms
step:1677/3300 train_loss:3.58085 train_time:2039.399s step_avg:1216.10ms
step:1678/3300 train_loss:3.49177 train_time:2040.601s step_avg:1216.09ms
step:1679/3300 train_loss:3.44725 train_time:2041.805s step_avg:1216.08ms
step:1680/3300 train_loss:3.47566 train_time:2043.044s step_avg:1216.10ms
step:1681/3300 train_loss:3.47546 train_time:2044.277s step_avg:1216.11ms
step:1682/3300 train_loss:3.50594 train_time:2045.484s step_avg:1216.10ms
step:1683/3300 train_loss:3.46959 train_time:2046.695s step_avg:1216.10ms
step:1684/3300 train_loss:3.50485 train_time:2047.903s step_avg:1216.09ms
step:1685/3300 train_loss:3.50117 train_time:2049.103s step_avg:1216.08ms
step:1686/3300 train_loss:3.47157 train_time:2050.316s step_avg:1216.08ms
step:1687/3300 train_loss:3.49506 train_time:2051.531s step_avg:1216.08ms
step:1688/3300 train_loss:3.49024 train_time:2052.754s step_avg:1216.09ms
step:1689/3300 train_loss:3.45614 train_time:2053.963s step_avg:1216.08ms
step:1690/3300 train_loss:3.44898 train_time:2055.176s step_avg:1216.08ms
step:1691/3300 train_loss:3.44185 train_time:2056.404s step_avg:1216.09ms
step:1692/3300 train_loss:3.52643 train_time:2057.618s step_avg:1216.09ms
step:1693/3300 train_loss:3.45352 train_time:2058.823s step_avg:1216.08ms
step:1694/3300 train_loss:3.50760 train_time:2060.039s step_avg:1216.08ms
step:1695/3300 train_loss:3.53426 train_time:2061.244s step_avg:1216.07ms
step:1696/3300 train_loss:3.49569 train_time:2062.456s step_avg:1216.07ms
step:1697/3300 train_loss:3.49691 train_time:2063.674s step_avg:1216.07ms
step:1698/3300 train_loss:3.43583 train_time:2064.883s step_avg:1216.07ms
step:1699/3300 train_loss:3.50483 train_time:2066.087s step_avg:1216.06ms
step:1700/3300 train_loss:3.54359 train_time:2067.302s step_avg:1216.06ms
step:1701/3300 train_loss:3.52205 train_time:2068.513s step_avg:1216.06ms
step:1702/3300 train_loss:3.52496 train_time:2069.729s step_avg:1216.06ms
step:1703/3300 train_loss:3.47020 train_time:2070.942s step_avg:1216.05ms
step:1704/3300 train_loss:3.50714 train_time:2072.149s step_avg:1216.05ms
step:1705/3300 train_loss:3.48732 train_time:2073.362s step_avg:1216.05ms
step:1706/3300 train_loss:3.46538 train_time:2074.576s step_avg:1216.05ms
step:1707/3300 train_loss:3.48416 train_time:2075.789s step_avg:1216.05ms
step:1708/3300 train_loss:3.46209 train_time:2077.004s step_avg:1216.04ms
step:1709/3300 train_loss:3.72702 train_time:2078.207s step_avg:1216.04ms
step:1710/3300 train_loss:3.57008 train_time:2079.419s step_avg:1216.03ms
step:1711/3300 train_loss:3.46683 train_time:2080.702s step_avg:1216.07ms
step:1712/3300 train_loss:3.48026 train_time:2081.906s step_avg:1216.07ms
step:1713/3300 train_loss:3.53507 train_time:2083.107s step_avg:1216.06ms
step:1714/3300 train_loss:3.43650 train_time:2084.308s step_avg:1216.05ms
step:1715/3300 train_loss:3.52585 train_time:2085.520s step_avg:1216.05ms
step:1716/3300 train_loss:3.46369 train_time:2086.740s step_avg:1216.05ms
step:1717/3300 train_loss:3.48229 train_time:2087.942s step_avg:1216.04ms
step:1718/3300 train_loss:3.52342 train_time:2089.156s step_avg:1216.04ms
step:1719/3300 train_loss:3.52551 train_time:2090.368s step_avg:1216.04ms
step:1720/3300 train_loss:3.47872 train_time:2091.584s step_avg:1216.04ms
step:1721/3300 train_loss:3.51351 train_time:2092.793s step_avg:1216.03ms
step:1722/3300 train_loss:3.51567 train_time:2094.006s step_avg:1216.03ms
step:1723/3300 train_loss:3.50723 train_time:2095.219s step_avg:1216.03ms
step:1724/3300 train_loss:3.48032 train_time:2096.428s step_avg:1216.03ms
step:1725/3300 train_loss:3.50753 train_time:2097.639s step_avg:1216.02ms
step:1726/3300 train_loss:3.47477 train_time:2098.855s step_avg:1216.02ms
step:1727/3300 train_loss:3.46355 train_time:2100.081s step_avg:1216.03ms
step:1728/3300 train_loss:3.45462 train_time:2101.299s step_avg:1216.03ms
step:1729/3300 train_loss:3.52539 train_time:2102.507s step_avg:1216.02ms
step:1730/3300 train_loss:3.58296 train_time:2103.706s step_avg:1216.02ms
step:1731/3300 train_loss:3.48179 train_time:2104.915s step_avg:1216.01ms
step:1732/3300 train_loss:3.50400 train_time:2106.128s step_avg:1216.01ms
step:1733/3300 train_loss:3.43713 train_time:2107.337s step_avg:1216.01ms
step:1734/3300 train_loss:3.60389 train_time:2108.551s step_avg:1216.00ms
step:1735/3300 train_loss:3.51215 train_time:2109.766s step_avg:1216.00ms
step:1736/3300 train_loss:3.58145 train_time:2110.990s step_avg:1216.01ms
step:1737/3300 train_loss:3.57804 train_time:2112.205s step_avg:1216.01ms
step:1738/3300 train_loss:3.44903 train_time:2113.427s step_avg:1216.01ms
step:1739/3300 train_loss:3.46885 train_time:2114.628s step_avg:1216.00ms
step:1740/3300 train_loss:3.45482 train_time:2115.837s step_avg:1216.00ms
step:1741/3300 train_loss:3.45103 train_time:2117.055s step_avg:1216.00ms
step:1742/3300 train_loss:3.50012 train_time:2118.258s step_avg:1215.99ms
step:1743/3300 train_loss:3.43525 train_time:2119.465s step_avg:1215.99ms
step:1744/3300 train_loss:3.44764 train_time:2120.669s step_avg:1215.98ms
step:1745/3300 train_loss:3.50741 train_time:2121.890s step_avg:1215.98ms
step:1746/3300 train_loss:3.51567 train_time:2123.115s step_avg:1215.99ms
step:1747/3300 train_loss:3.48958 train_time:2124.328s step_avg:1215.99ms
step:1748/3300 train_loss:3.53926 train_time:2125.543s step_avg:1215.99ms
step:1749/3300 train_loss:3.49535 train_time:2126.769s step_avg:1215.99ms
step:1750/3300 train_loss:3.48210 train_time:2127.980s step_avg:1215.99ms
step:1750/3300 val_loss:3.47850 train_time:2127.980s step_avg:1213.50ms
step:1751/3300 train_loss:3.52454 train_time:2129.201s step_avg:1215.99ms
step:1752/3300 train_loss:3.51669 train_time:2130.408s step_avg:1215.99ms
step:1753/3300 train_loss:3.45782 train_time:2131.620s step_avg:1215.98ms
step:1754/3300 train_loss:3.49732 train_time:2132.833s step_avg:1215.98ms
step:1755/3300 train_loss:3.49651 train_time:2134.051s step_avg:1215.98ms
step:1756/3300 train_loss:3.46277 train_time:2135.272s step_avg:1215.99ms
step:1757/3300 train_loss:3.47088 train_time:2136.485s step_avg:1215.98ms
step:1758/3300 train_loss:3.60830 train_time:2137.702s step_avg:1215.99ms
step:1759/3300 train_loss:3.59732 train_time:2138.918s step_avg:1215.99ms
step:1760/3300 train_loss:3.54117 train_time:2140.132s step_avg:1215.98ms
step:1761/3300 train_loss:3.48575 train_time:2141.347s step_avg:1215.98ms
step:1762/3300 train_loss:3.48777 train_time:2142.559s step_avg:1215.98ms
step:1763/3300 train_loss:3.45462 train_time:2143.774s step_avg:1215.98ms
step:1764/3300 train_loss:3.47694 train_time:2144.988s step_avg:1215.98ms
step:1765/3300 train_loss:3.48080 train_time:2146.193s step_avg:1215.97ms
step:1766/3300 train_loss:3.44830 train_time:2147.422s step_avg:1215.98ms
step:1767/3300 train_loss:3.56230 train_time:2148.640s step_avg:1215.98ms
step:1768/3300 train_loss:3.49635 train_time:2149.849s step_avg:1215.98ms
step:1769/3300 train_loss:3.59955 train_time:2151.054s step_avg:1215.97ms
step:1770/3300 train_loss:3.49391 train_time:2152.264s step_avg:1215.97ms
step:1771/3300 train_loss:3.49928 train_time:2153.480s step_avg:1215.97ms
step:1772/3300 train_loss:3.45155 train_time:2154.700s step_avg:1215.97ms
step:1773/3300 train_loss:3.51793 train_time:2155.911s step_avg:1215.97ms
step:1774/3300 train_loss:3.50732 train_time:2157.112s step_avg:1215.96ms
step:1775/3300 train_loss:3.51954 train_time:2158.324s step_avg:1215.96ms
step:1776/3300 train_loss:3.52277 train_time:2159.536s step_avg:1215.96ms
step:1777/3300 train_loss:3.52564 train_time:2160.749s step_avg:1215.95ms
step:1778/3300 train_loss:3.52453 train_time:2161.951s step_avg:1215.95ms
step:1779/3300 train_loss:3.54582 train_time:2163.169s step_avg:1215.95ms
step:1780/3300 train_loss:3.47428 train_time:2164.404s step_avg:1215.96ms
step:1781/3300 train_loss:3.45638 train_time:2165.618s step_avg:1215.96ms
step:1782/3300 train_loss:3.47919 train_time:2166.825s step_avg:1215.95ms
step:1783/3300 train_loss:3.51390 train_time:2168.031s step_avg:1215.95ms
step:1784/3300 train_loss:3.41224 train_time:2169.256s step_avg:1215.95ms
step:1785/3300 train_loss:3.51982 train_time:2170.471s step_avg:1215.95ms
step:1786/3300 train_loss:3.51310 train_time:2171.683s step_avg:1215.95ms
step:1787/3300 train_loss:3.55448 train_time:2172.897s step_avg:1215.95ms
step:1788/3300 train_loss:3.44842 train_time:2174.111s step_avg:1215.95ms
step:1789/3300 train_loss:3.51253 train_time:2175.339s step_avg:1215.95ms
step:1790/3300 train_loss:3.43221 train_time:2176.554s step_avg:1215.95ms
step:1791/3300 train_loss:3.47747 train_time:2177.778s step_avg:1215.96ms
step:1792/3300 train_loss:3.49492 train_time:2178.993s step_avg:1215.96ms
step:1793/3300 train_loss:3.44071 train_time:2180.195s step_avg:1215.95ms
step:1794/3300 train_loss:3.51324 train_time:2181.400s step_avg:1215.94ms
step:1795/3300 train_loss:3.54278 train_time:2182.622s step_avg:1215.95ms
step:1796/3300 train_loss:3.53851 train_time:2183.865s step_avg:1215.96ms
step:1797/3300 train_loss:3.51231 train_time:2185.073s step_avg:1215.96ms
step:1798/3300 train_loss:3.52273 train_time:2186.290s step_avg:1215.96ms
step:1799/3300 train_loss:3.54023 train_time:2187.507s step_avg:1215.96ms
step:1800/3300 train_loss:3.46635 train_time:2188.717s step_avg:1215.95ms
step:1801/3300 train_loss:3.50776 train_time:2189.934s step_avg:1215.95ms
step:1802/3300 train_loss:3.44919 train_time:2191.138s step_avg:1215.95ms
step:1803/3300 train_loss:3.50883 train_time:2192.364s step_avg:1215.95ms
step:1804/3300 train_loss:3.47221 train_time:2193.573s step_avg:1215.95ms
step:1805/3300 train_loss:3.48605 train_time:2194.774s step_avg:1215.94ms
step:1806/3300 train_loss:3.49693 train_time:2196.003s step_avg:1215.95ms
step:1807/3300 train_loss:3.46345 train_time:2197.213s step_avg:1215.95ms
step:1808/3300 train_loss:3.52094 train_time:2198.421s step_avg:1215.94ms
step:1809/3300 train_loss:3.54475 train_time:2199.627s step_avg:1215.94ms
step:1810/3300 train_loss:3.49311 train_time:2200.829s step_avg:1215.93ms
step:1811/3300 train_loss:3.45832 train_time:2202.038s step_avg:1215.92ms
step:1812/3300 train_loss:3.46811 train_time:2203.250s step_avg:1215.92ms
step:1813/3300 train_loss:3.49439 train_time:2204.465s step_avg:1215.92ms
step:1814/3300 train_loss:3.45638 train_time:2205.674s step_avg:1215.92ms
step:1815/3300 train_loss:3.51640 train_time:2206.882s step_avg:1215.91ms
step:1816/3300 train_loss:3.46915 train_time:2208.096s step_avg:1215.91ms
step:1817/3300 train_loss:3.45594 train_time:2209.325s step_avg:1215.92ms
step:1818/3300 train_loss:3.46299 train_time:2210.536s step_avg:1215.92ms
step:1819/3300 train_loss:3.48970 train_time:2211.750s step_avg:1215.92ms
step:1820/3300 train_loss:3.45286 train_time:2212.953s step_avg:1215.91ms
step:1821/3300 train_loss:3.48597 train_time:2214.166s step_avg:1215.91ms
step:1822/3300 train_loss:3.44393 train_time:2215.381s step_avg:1215.91ms
step:1823/3300 train_loss:3.50241 train_time:2216.593s step_avg:1215.90ms
step:1824/3300 train_loss:3.51680 train_time:2217.797s step_avg:1215.90ms
step:1825/3300 train_loss:3.62003 train_time:2219.009s step_avg:1215.90ms
step:1826/3300 train_loss:3.45872 train_time:2220.223s step_avg:1215.89ms
step:1827/3300 train_loss:3.44982 train_time:2221.447s step_avg:1215.90ms
step:1828/3300 train_loss:3.51282 train_time:2222.674s step_avg:1215.90ms
step:1829/3300 train_loss:3.45103 train_time:2223.882s step_avg:1215.90ms
step:1830/3300 train_loss:3.48058 train_time:2225.097s step_avg:1215.90ms
step:1831/3300 train_loss:3.44512 train_time:2226.304s step_avg:1215.90ms
step:1832/3300 train_loss:3.46738 train_time:2227.513s step_avg:1215.89ms
step:1833/3300 train_loss:3.52590 train_time:2228.723s step_avg:1215.89ms
step:1834/3300 train_loss:3.48686 train_time:2229.931s step_avg:1215.88ms
step:1835/3300 train_loss:3.53464 train_time:2231.135s step_avg:1215.88ms
step:1836/3300 train_loss:3.46424 train_time:2232.340s step_avg:1215.87ms
step:1837/3300 train_loss:3.46112 train_time:2233.550s step_avg:1215.87ms
step:1838/3300 train_loss:3.43504 train_time:2234.762s step_avg:1215.87ms
step:1839/3300 train_loss:3.48944 train_time:2235.981s step_avg:1215.87ms
step:1840/3300 train_loss:3.45502 train_time:2237.191s step_avg:1215.86ms
step:1841/3300 train_loss:3.55127 train_time:2238.414s step_avg:1215.87ms
step:1842/3300 train_loss:3.47862 train_time:2239.637s step_avg:1215.87ms
step:1843/3300 train_loss:3.43449 train_time:2240.838s step_avg:1215.86ms
step:1844/3300 train_loss:3.43512 train_time:2242.046s step_avg:1215.86ms
step:1845/3300 train_loss:3.45550 train_time:2243.254s step_avg:1215.86ms
step:1846/3300 train_loss:3.48164 train_time:2244.469s step_avg:1215.86ms
step:1847/3300 train_loss:3.47811 train_time:2245.679s step_avg:1215.85ms
step:1848/3300 train_loss:3.47256 train_time:2246.891s step_avg:1215.85ms
step:1849/3300 train_loss:3.50472 train_time:2248.099s step_avg:1215.85ms
step:1850/3300 train_loss:3.45364 train_time:2249.324s step_avg:1215.85ms
step:1851/3300 train_loss:3.48300 train_time:2250.537s step_avg:1215.85ms
step:1852/3300 train_loss:3.45964 train_time:2251.752s step_avg:1215.85ms
step:1853/3300 train_loss:3.51664 train_time:2252.963s step_avg:1215.85ms
step:1854/3300 train_loss:3.46112 train_time:2254.175s step_avg:1215.84ms
step:1855/3300 train_loss:3.44390 train_time:2255.382s step_avg:1215.84ms
step:1856/3300 train_loss:3.46655 train_time:2256.592s step_avg:1215.84ms
step:1857/3300 train_loss:3.49667 train_time:2257.814s step_avg:1215.84ms
step:1858/3300 train_loss:3.51356 train_time:2259.024s step_avg:1215.84ms
step:1859/3300 train_loss:3.47167 train_time:2260.227s step_avg:1215.83ms
step:1860/3300 train_loss:3.41887 train_time:2261.436s step_avg:1215.83ms
step:1861/3300 train_loss:3.46636 train_time:2262.650s step_avg:1215.82ms
step:1862/3300 train_loss:3.50123 train_time:2263.920s step_avg:1215.85ms
step:1863/3300 train_loss:3.53937 train_time:2265.119s step_avg:1215.84ms
step:1864/3300 train_loss:3.50558 train_time:2266.316s step_avg:1215.83ms
step:1865/3300 train_loss:3.43549 train_time:2267.517s step_avg:1215.83ms
step:1866/3300 train_loss:3.45615 train_time:2268.725s step_avg:1215.82ms
step:1867/3300 train_loss:3.47677 train_time:2269.938s step_avg:1215.82ms
step:1868/3300 train_loss:3.55806 train_time:2271.142s step_avg:1215.81ms
step:1869/3300 train_loss:3.42274 train_time:2272.354s step_avg:1215.81ms
step:1870/3300 train_loss:3.47634 train_time:2273.562s step_avg:1215.81ms
step:1871/3300 train_loss:3.51236 train_time:2274.779s step_avg:1215.81ms
step:1872/3300 train_loss:3.44897 train_time:2275.990s step_avg:1215.81ms
step:1873/3300 train_loss:3.47867 train_time:2277.202s step_avg:1215.80ms
step:1874/3300 train_loss:3.46079 train_time:2278.422s step_avg:1215.81ms
step:1875/3300 train_loss:3.53396 train_time:2279.631s step_avg:1215.80ms
step:1875/3300 val_loss:3.45917 train_time:2279.631s step_avg:1213.21ms
step:1876/3300 train_loss:3.50209 train_time:2280.846s step_avg:1215.80ms
step:1877/3300 train_loss:3.52212 train_time:2282.061s step_avg:1215.80ms
step:1878/3300 train_loss:3.55855 train_time:2283.266s step_avg:1215.80ms
step:1879/3300 train_loss:3.56048 train_time:2284.468s step_avg:1215.79ms
step:1880/3300 train_loss:3.45743 train_time:2285.685s step_avg:1215.79ms
step:1881/3300 train_loss:3.39484 train_time:2286.906s step_avg:1215.79ms
step:1882/3300 train_loss:3.47521 train_time:2288.114s step_avg:1215.79ms
step:1883/3300 train_loss:3.43579 train_time:2289.325s step_avg:1215.79ms
step:1884/3300 train_loss:3.47270 train_time:2290.544s step_avg:1215.79ms
step:1885/3300 train_loss:3.46765 train_time:2291.771s step_avg:1215.79ms
step:1886/3300 train_loss:3.42506 train_time:2292.993s step_avg:1215.80ms
step:1887/3300 train_loss:3.46373 train_time:2294.213s step_avg:1215.80ms
step:1888/3300 train_loss:3.42655 train_time:2295.424s step_avg:1215.80ms
step:1889/3300 train_loss:3.45958 train_time:2296.634s step_avg:1215.79ms
step:1890/3300 train_loss:3.48170 train_time:2297.857s step_avg:1215.80ms
step:1891/3300 train_loss:3.50355 train_time:2299.080s step_avg:1215.80ms
step:1892/3300 train_loss:3.40711 train_time:2300.288s step_avg:1215.80ms
step:1893/3300 train_loss:3.48166 train_time:2301.512s step_avg:1215.80ms
step:1894/3300 train_loss:3.46967 train_time:2302.721s step_avg:1215.80ms
step:1895/3300 train_loss:3.42834 train_time:2303.928s step_avg:1215.79ms
step:1896/3300 train_loss:3.52614 train_time:2305.137s step_avg:1215.79ms
step:1897/3300 train_loss:3.51332 train_time:2306.351s step_avg:1215.79ms
step:1898/3300 train_loss:3.42486 train_time:2307.557s step_avg:1215.78ms
step:1899/3300 train_loss:3.41935 train_time:2308.764s step_avg:1215.78ms
step:1900/3300 train_loss:3.44473 train_time:2309.991s step_avg:1215.78ms
step:1901/3300 train_loss:3.40478 train_time:2311.235s step_avg:1215.80ms
step:1902/3300 train_loss:3.48645 train_time:2312.445s step_avg:1215.80ms
step:1903/3300 train_loss:3.50728 train_time:2313.649s step_avg:1215.79ms
step:1904/3300 train_loss:3.45860 train_time:2314.876s step_avg:1215.80ms
step:1905/3300 train_loss:3.44617 train_time:2316.086s step_avg:1215.79ms
step:1906/3300 train_loss:3.49069 train_time:2317.295s step_avg:1215.79ms
step:1907/3300 train_loss:3.44826 train_time:2318.509s step_avg:1215.79ms
step:1908/3300 train_loss:3.46577 train_time:2319.728s step_avg:1215.79ms
step:1909/3300 train_loss:3.41101 train_time:2320.928s step_avg:1215.78ms
step:1910/3300 train_loss:3.50003 train_time:2322.183s step_avg:1215.80ms
step:1911/3300 train_loss:3.47592 train_time:2323.390s step_avg:1215.80ms
step:1912/3300 train_loss:3.39235 train_time:2324.609s step_avg:1215.80ms
step:1913/3300 train_loss:3.50768 train_time:2325.829s step_avg:1215.80ms
step:1914/3300 train_loss:3.59833 train_time:2327.071s step_avg:1215.82ms
step:1915/3300 train_loss:3.43249 train_time:2328.282s step_avg:1215.81ms
step:1916/3300 train_loss:3.40514 train_time:2329.496s step_avg:1215.81ms
step:1917/3300 train_loss:3.50318 train_time:2330.710s step_avg:1215.81ms
step:1918/3300 train_loss:3.49819 train_time:2331.924s step_avg:1215.81ms
step:1919/3300 train_loss:3.49278 train_time:2333.133s step_avg:1215.81ms
step:1920/3300 train_loss:3.42926 train_time:2334.348s step_avg:1215.81ms
step:1921/3300 train_loss:3.47058 train_time:2335.559s step_avg:1215.80ms
step:1922/3300 train_loss:3.42109 train_time:2336.767s step_avg:1215.80ms
step:1923/3300 train_loss:3.46175 train_time:2337.968s step_avg:1215.79ms
step:1924/3300 train_loss:3.49875 train_time:2339.174s step_avg:1215.79ms
step:1925/3300 train_loss:3.43615 train_time:2340.395s step_avg:1215.79ms
step:1926/3300 train_loss:3.45570 train_time:2341.619s step_avg:1215.79ms
step:1927/3300 train_loss:3.48380 train_time:2342.826s step_avg:1215.79ms
step:1928/3300 train_loss:3.53444 train_time:2344.030s step_avg:1215.78ms
step:1929/3300 train_loss:3.47186 train_time:2345.232s step_avg:1215.78ms
step:1930/3300 train_loss:3.48556 train_time:2346.466s step_avg:1215.79ms
step:1931/3300 train_loss:3.38200 train_time:2347.682s step_avg:1215.79ms
step:1932/3300 train_loss:3.80122 train_time:2348.893s step_avg:1215.78ms
step:1933/3300 train_loss:3.50344 train_time:2350.103s step_avg:1215.78ms
step:1934/3300 train_loss:3.47255 train_time:2351.315s step_avg:1215.78ms
step:1935/3300 train_loss:3.50512 train_time:2352.528s step_avg:1215.78ms
step:1936/3300 train_loss:3.47527 train_time:2353.732s step_avg:1215.77ms
step:1937/3300 train_loss:3.49607 train_time:2354.949s step_avg:1215.77ms
step:1938/3300 train_loss:3.42554 train_time:2356.150s step_avg:1215.76ms
step:1939/3300 train_loss:3.43629 train_time:2357.354s step_avg:1215.76ms
step:1940/3300 train_loss:3.49107 train_time:2358.565s step_avg:1215.75ms
step:1941/3300 train_loss:3.47769 train_time:2359.789s step_avg:1215.76ms
step:1942/3300 train_loss:3.39786 train_time:2360.991s step_avg:1215.75ms
step:1943/3300 train_loss:3.52538 train_time:2362.192s step_avg:1215.74ms
step:1944/3300 train_loss:3.41057 train_time:2363.402s step_avg:1215.74ms
step:1945/3300 train_loss:3.49609 train_time:2364.620s step_avg:1215.74ms
step:1946/3300 train_loss:3.48683 train_time:2365.842s step_avg:1215.75ms
step:1947/3300 train_loss:3.42251 train_time:2367.053s step_avg:1215.74ms
step:1948/3300 train_loss:3.47700 train_time:2368.259s step_avg:1215.74ms
step:1949/3300 train_loss:3.38869 train_time:2369.471s step_avg:1215.74ms
step:1950/3300 train_loss:3.51716 train_time:2370.688s step_avg:1215.74ms
step:1951/3300 train_loss:3.48914 train_time:2371.902s step_avg:1215.74ms
step:1952/3300 train_loss:3.54394 train_time:2373.114s step_avg:1215.73ms
step:1953/3300 train_loss:3.41106 train_time:2374.335s step_avg:1215.74ms
step:1954/3300 train_loss:3.45729 train_time:2375.537s step_avg:1215.73ms
step:1955/3300 train_loss:3.47690 train_time:2376.751s step_avg:1215.73ms
step:1956/3300 train_loss:3.43756 train_time:2377.979s step_avg:1215.74ms
step:1957/3300 train_loss:3.46302 train_time:2379.194s step_avg:1215.74ms
step:1958/3300 train_loss:3.49180 train_time:2380.405s step_avg:1215.73ms
step:1959/3300 train_loss:3.54190 train_time:2381.616s step_avg:1215.73ms
step:1960/3300 train_loss:3.41855 train_time:2382.816s step_avg:1215.72ms
step:1961/3300 train_loss:3.48172 train_time:2384.025s step_avg:1215.72ms
step:1962/3300 train_loss:3.43170 train_time:2385.240s step_avg:1215.72ms
step:1963/3300 train_loss:3.45859 train_time:2386.450s step_avg:1215.72ms
step:1964/3300 train_loss:3.45511 train_time:2387.656s step_avg:1215.71ms
step:1965/3300 train_loss:3.45769 train_time:2388.863s step_avg:1215.71ms
step:1966/3300 train_loss:3.51736 train_time:2390.081s step_avg:1215.71ms
step:1967/3300 train_loss:3.41409 train_time:2391.295s step_avg:1215.71ms
step:1968/3300 train_loss:3.46997 train_time:2392.506s step_avg:1215.70ms
step:1969/3300 train_loss:3.42177 train_time:2393.718s step_avg:1215.70ms
step:1970/3300 train_loss:3.45277 train_time:2394.940s step_avg:1215.71ms
step:1971/3300 train_loss:3.47355 train_time:2396.157s step_avg:1215.71ms
step:1972/3300 train_loss:3.43046 train_time:2397.373s step_avg:1215.71ms
step:1973/3300 train_loss:3.41742 train_time:2398.587s step_avg:1215.71ms
step:1974/3300 train_loss:3.43256 train_time:2399.796s step_avg:1215.70ms
step:1975/3300 train_loss:3.44947 train_time:2401.024s step_avg:1215.71ms
step:1976/3300 train_loss:3.45917 train_time:2402.238s step_avg:1215.71ms
step:1977/3300 train_loss:3.49661 train_time:2403.451s step_avg:1215.71ms
step:1978/3300 train_loss:3.49287 train_time:2404.666s step_avg:1215.71ms
step:1979/3300 train_loss:3.47924 train_time:2405.879s step_avg:1215.70ms
step:1980/3300 train_loss:3.47815 train_time:2407.104s step_avg:1215.71ms
step:1981/3300 train_loss:3.43887 train_time:2408.337s step_avg:1215.72ms
step:1982/3300 train_loss:3.45741 train_time:2409.549s step_avg:1215.72ms
step:1983/3300 train_loss:3.59974 train_time:2410.756s step_avg:1215.71ms
step:1984/3300 train_loss:3.40953 train_time:2411.998s step_avg:1215.72ms
step:1985/3300 train_loss:3.43406 train_time:2413.204s step_avg:1215.72ms
step:1986/3300 train_loss:3.43086 train_time:2414.421s step_avg:1215.72ms
step:1987/3300 train_loss:3.44214 train_time:2415.631s step_avg:1215.72ms
step:1988/3300 train_loss:3.46537 train_time:2416.838s step_avg:1215.71ms
step:1989/3300 train_loss:3.42917 train_time:2418.069s step_avg:1215.72ms
step:1990/3300 train_loss:3.46787 train_time:2419.277s step_avg:1215.72ms
step:1991/3300 train_loss:3.45084 train_time:2420.491s step_avg:1215.72ms
step:1992/3300 train_loss:3.43617 train_time:2421.709s step_avg:1215.72ms
step:1993/3300 train_loss:3.53547 train_time:2422.920s step_avg:1215.72ms
step:1994/3300 train_loss:3.45765 train_time:2424.126s step_avg:1215.71ms
step:1995/3300 train_loss:3.45286 train_time:2425.357s step_avg:1215.72ms
step:1996/3300 train_loss:3.51208 train_time:2426.562s step_avg:1215.71ms
step:1997/3300 train_loss:3.57433 train_time:2427.766s step_avg:1215.71ms
step:1998/3300 train_loss:3.45901 train_time:2428.975s step_avg:1215.70ms
step:1999/3300 train_loss:3.51847 train_time:2430.193s step_avg:1215.70ms
step:2000/3300 train_loss:3.42665 train_time:2431.411s step_avg:1215.71ms
step:2000/3300 val_loss:3.43972 train_time:2431.411s step_avg:1214.24ms
step:2001/3300 train_loss:3.48615 train_time:2432.648s step_avg:1215.72ms
step:2002/3300 train_loss:3.45698 train_time:2433.858s step_avg:1215.71ms
step:2003/3300 train_loss:3.44173 train_time:2435.069s step_avg:1215.71ms
step:2004/3300 train_loss:3.58769 train_time:2436.264s step_avg:1215.70ms
step:2005/3300 train_loss:3.42859 train_time:2437.486s step_avg:1215.70ms
step:2006/3300 train_loss:3.45607 train_time:2438.711s step_avg:1215.71ms
step:2007/3300 train_loss:3.45686 train_time:2439.920s step_avg:1215.70ms
step:2008/3300 train_loss:3.39470 train_time:2441.130s step_avg:1215.70ms
step:2009/3300 train_loss:3.46947 train_time:2442.371s step_avg:1215.71ms
step:2010/3300 train_loss:3.46322 train_time:2443.589s step_avg:1215.72ms
step:2011/3300 train_loss:3.46696 train_time:2444.796s step_avg:1215.71ms
step:2012/3300 train_loss:3.43272 train_time:2446.017s step_avg:1215.71ms
step:2013/3300 train_loss:3.45742 train_time:2447.239s step_avg:1215.72ms
step:2014/3300 train_loss:3.46073 train_time:2448.482s step_avg:1215.73ms
step:2015/3300 train_loss:3.40745 train_time:2449.739s step_avg:1215.75ms
step:2016/3300 train_loss:3.49088 train_time:2450.985s step_avg:1215.77ms
step:2017/3300 train_loss:3.43491 train_time:2452.212s step_avg:1215.77ms
step:2018/3300 train_loss:3.50982 train_time:2453.421s step_avg:1215.77ms
step:2019/3300 train_loss:3.46823 train_time:2454.629s step_avg:1215.76ms
step:2020/3300 train_loss:3.38895 train_time:2455.831s step_avg:1215.76ms
step:2021/3300 train_loss:3.46068 train_time:2457.089s step_avg:1215.78ms
step:2022/3300 train_loss:3.36676 train_time:2458.319s step_avg:1215.79ms
step:2023/3300 train_loss:3.41546 train_time:2459.530s step_avg:1215.78ms
step:2024/3300 train_loss:3.44117 train_time:2460.736s step_avg:1215.78ms
step:2025/3300 train_loss:3.36930 train_time:2461.951s step_avg:1215.78ms
step:2026/3300 train_loss:3.44862 train_time:2463.160s step_avg:1215.77ms
step:2027/3300 train_loss:3.40965 train_time:2464.370s step_avg:1215.77ms
step:2028/3300 train_loss:3.44215 train_time:2465.573s step_avg:1215.77ms
step:2029/3300 train_loss:3.45203 train_time:2466.778s step_avg:1215.76ms
step:2030/3300 train_loss:3.45894 train_time:2467.994s step_avg:1215.76ms
step:2031/3300 train_loss:3.44805 train_time:2469.215s step_avg:1215.76ms
step:2032/3300 train_loss:3.44964 train_time:2470.429s step_avg:1215.76ms
step:2033/3300 train_loss:3.41857 train_time:2471.633s step_avg:1215.76ms
step:2034/3300 train_loss:3.45995 train_time:2472.846s step_avg:1215.76ms
step:2035/3300 train_loss:3.46125 train_time:2474.083s step_avg:1215.77ms
step:2036/3300 train_loss:3.40853 train_time:2475.299s step_avg:1215.77ms
step:2037/3300 train_loss:3.50380 train_time:2476.510s step_avg:1215.76ms
step:2038/3300 train_loss:3.44354 train_time:2477.712s step_avg:1215.76ms
step:2039/3300 train_loss:3.42702 train_time:2478.918s step_avg:1215.75ms
step:2040/3300 train_loss:3.44979 train_time:2480.145s step_avg:1215.76ms
step:2041/3300 train_loss:3.44551 train_time:2481.360s step_avg:1215.76ms
step:2042/3300 train_loss:3.44468 train_time:2482.571s step_avg:1215.75ms
step:2043/3300 train_loss:3.42131 train_time:2483.778s step_avg:1215.75ms
step:2044/3300 train_loss:3.45612 train_time:2484.988s step_avg:1215.75ms
step:2045/3300 train_loss:3.38504 train_time:2486.195s step_avg:1215.74ms
step:2046/3300 train_loss:3.46295 train_time:2487.445s step_avg:1215.76ms
step:2047/3300 train_loss:3.45446 train_time:2488.658s step_avg:1215.76ms
step:2048/3300 train_loss:3.44805 train_time:2489.868s step_avg:1215.76ms
step:2049/3300 train_loss:3.40743 train_time:2491.082s step_avg:1215.76ms
step:2050/3300 train_loss:3.48941 train_time:2492.299s step_avg:1215.76ms
step:2051/3300 train_loss:3.48715 train_time:2493.519s step_avg:1215.76ms
step:2052/3300 train_loss:3.43954 train_time:2494.731s step_avg:1215.76ms
step:2053/3300 train_loss:3.54106 train_time:2495.937s step_avg:1215.75ms
step:2054/3300 train_loss:3.44635 train_time:2497.173s step_avg:1215.76ms
step:2055/3300 train_loss:3.41047 train_time:2498.376s step_avg:1215.75ms
step:2056/3300 train_loss:3.46095 train_time:2499.609s step_avg:1215.76ms
step:2057/3300 train_loss:3.36778 train_time:2500.831s step_avg:1215.77ms
step:2058/3300 train_loss:3.47649 train_time:2502.047s step_avg:1215.77ms
step:2059/3300 train_loss:3.47984 train_time:2503.257s step_avg:1215.76ms
step:2060/3300 train_loss:3.34192 train_time:2504.469s step_avg:1215.76ms
step:2061/3300 train_loss:3.40419 train_time:2505.678s step_avg:1215.76ms
step:2062/3300 train_loss:3.45223 train_time:2506.887s step_avg:1215.76ms
step:2063/3300 train_loss:3.45811 train_time:2508.101s step_avg:1215.75ms
step:2064/3300 train_loss:3.44850 train_time:2509.342s step_avg:1215.77ms
step:2065/3300 train_loss:3.45953 train_time:2510.557s step_avg:1215.77ms
step:2066/3300 train_loss:3.42124 train_time:2511.774s step_avg:1215.77ms
step:2067/3300 train_loss:3.45056 train_time:2512.989s step_avg:1215.77ms
step:2068/3300 train_loss:3.42642 train_time:2514.196s step_avg:1215.76ms
step:2069/3300 train_loss:3.52194 train_time:2515.399s step_avg:1215.76ms
step:2070/3300 train_loss:3.47011 train_time:2516.609s step_avg:1215.75ms
step:2071/3300 train_loss:3.47367 train_time:2517.826s step_avg:1215.75ms
step:2072/3300 train_loss:3.44867 train_time:2519.039s step_avg:1215.75ms
step:2073/3300 train_loss:3.51754 train_time:2520.256s step_avg:1215.75ms
step:2074/3300 train_loss:3.47938 train_time:2521.458s step_avg:1215.75ms
step:2075/3300 train_loss:3.48636 train_time:2522.677s step_avg:1215.75ms
step:2076/3300 train_loss:3.45791 train_time:2523.899s step_avg:1215.75ms
step:2077/3300 train_loss:3.43941 train_time:2525.110s step_avg:1215.75ms
step:2078/3300 train_loss:3.39516 train_time:2526.320s step_avg:1215.75ms
step:2079/3300 train_loss:3.41952 train_time:2527.559s step_avg:1215.76ms
step:2080/3300 train_loss:3.51479 train_time:2528.777s step_avg:1215.76ms
step:2081/3300 train_loss:3.46227 train_time:2529.997s step_avg:1215.76ms
step:2082/3300 train_loss:3.41706 train_time:2531.205s step_avg:1215.76ms
step:2083/3300 train_loss:3.39377 train_time:2532.423s step_avg:1215.76ms
step:2084/3300 train_loss:3.39893 train_time:2533.632s step_avg:1215.75ms
step:2085/3300 train_loss:3.46304 train_time:2534.839s step_avg:1215.75ms
step:2086/3300 train_loss:3.43445 train_time:2536.057s step_avg:1215.75ms
step:2087/3300 train_loss:3.42510 train_time:2537.263s step_avg:1215.75ms
step:2088/3300 train_loss:3.48020 train_time:2538.485s step_avg:1215.75ms
step:2089/3300 train_loss:3.40377 train_time:2539.704s step_avg:1215.75ms
step:2090/3300 train_loss:3.40425 train_time:2540.917s step_avg:1215.75ms
step:2091/3300 train_loss:3.46185 train_time:2542.174s step_avg:1215.77ms
step:2092/3300 train_loss:3.45640 train_time:2543.387s step_avg:1215.77ms
step:2093/3300 train_loss:3.41578 train_time:2544.595s step_avg:1215.76ms
step:2094/3300 train_loss:3.51439 train_time:2545.799s step_avg:1215.76ms
step:2095/3300 train_loss:3.43466 train_time:2547.015s step_avg:1215.76ms
step:2096/3300 train_loss:3.44481 train_time:2548.227s step_avg:1215.76ms
step:2097/3300 train_loss:3.44744 train_time:2549.443s step_avg:1215.76ms
step:2098/3300 train_loss:3.40579 train_time:2550.649s step_avg:1215.75ms
step:2099/3300 train_loss:3.42116 train_time:2551.858s step_avg:1215.75ms
step:2100/3300 train_loss:3.52759 train_time:2553.064s step_avg:1215.74ms
step:2101/3300 train_loss:3.43156 train_time:2554.286s step_avg:1215.75ms
step:2102/3300 train_loss:3.43294 train_time:2555.494s step_avg:1215.74ms
step:2103/3300 train_loss:3.40416 train_time:2556.700s step_avg:1215.74ms
step:2104/3300 train_loss:3.47803 train_time:2557.921s step_avg:1215.74ms
step:2105/3300 train_loss:3.43047 train_time:2559.139s step_avg:1215.74ms
step:2106/3300 train_loss:3.41898 train_time:2560.355s step_avg:1215.74ms
step:2107/3300 train_loss:3.44521 train_time:2561.563s step_avg:1215.74ms
step:2108/3300 train_loss:3.47482 train_time:2562.772s step_avg:1215.74ms
step:2109/3300 train_loss:3.44722 train_time:2563.979s step_avg:1215.73ms
step:2110/3300 train_loss:3.37020 train_time:2565.197s step_avg:1215.73ms
step:2111/3300 train_loss:3.42999 train_time:2566.404s step_avg:1215.73ms
step:2112/3300 train_loss:3.39353 train_time:2567.613s step_avg:1215.73ms
step:2113/3300 train_loss:3.40871 train_time:2568.821s step_avg:1215.72ms
step:2114/3300 train_loss:3.43799 train_time:2570.025s step_avg:1215.72ms
step:2115/3300 train_loss:3.45057 train_time:2571.227s step_avg:1215.71ms
step:2116/3300 train_loss:3.49032 train_time:2572.446s step_avg:1215.71ms
step:2117/3300 train_loss:3.42432 train_time:2573.667s step_avg:1215.71ms
step:2118/3300 train_loss:3.49552 train_time:2574.893s step_avg:1215.72ms
step:2119/3300 train_loss:3.40750 train_time:2576.103s step_avg:1215.72ms
step:2120/3300 train_loss:3.41083 train_time:2577.333s step_avg:1215.72ms
step:2121/3300 train_loss:3.36996 train_time:2578.557s step_avg:1215.73ms
step:2122/3300 train_loss:3.42036 train_time:2579.763s step_avg:1215.72ms
step:2123/3300 train_loss:3.41360 train_time:2580.964s step_avg:1215.72ms
step:2124/3300 train_loss:3.47516 train_time:2582.178s step_avg:1215.71ms
step:2125/3300 train_loss:3.37439 train_time:2583.377s step_avg:1215.71ms
step:2125/3300 val_loss:3.42165 train_time:2583.377s step_avg:1215.73ms
step:2126/3300 train_loss:3.47680 train_time:2584.607s step_avg:1215.71ms
step:2127/3300 train_loss:3.45808 train_time:2585.818s step_avg:1215.71ms
step:2128/3300 train_loss:3.39530 train_time:2587.024s step_avg:1215.71ms
step:2129/3300 train_loss:3.43828 train_time:2588.240s step_avg:1215.71ms
step:2130/3300 train_loss:3.43150 train_time:2589.480s step_avg:1215.72ms
step:2131/3300 train_loss:3.47625 train_time:2590.698s step_avg:1215.72ms
step:2132/3300 train_loss:3.43335 train_time:2591.896s step_avg:1215.71ms
step:2133/3300 train_loss:3.38479 train_time:2593.101s step_avg:1215.71ms
step:2134/3300 train_loss:3.46309 train_time:2594.318s step_avg:1215.71ms
step:2135/3300 train_loss:3.42498 train_time:2595.529s step_avg:1215.70ms
step:2136/3300 train_loss:3.39833 train_time:2596.765s step_avg:1215.71ms
step:2137/3300 train_loss:3.43988 train_time:2597.975s step_avg:1215.71ms
step:2138/3300 train_loss:3.39708 train_time:2599.181s step_avg:1215.71ms
step:2139/3300 train_loss:3.44534 train_time:2600.386s step_avg:1215.70ms
step:2140/3300 train_loss:3.53343 train_time:2601.601s step_avg:1215.70ms
step:2141/3300 train_loss:3.46521 train_time:2602.807s step_avg:1215.70ms
step:2142/3300 train_loss:3.42284 train_time:2604.046s step_avg:1215.71ms
step:2143/3300 train_loss:3.40241 train_time:2605.260s step_avg:1215.71ms
step:2144/3300 train_loss:3.37584 train_time:2606.489s step_avg:1215.71ms
step:2145/3300 train_loss:3.48673 train_time:2607.708s step_avg:1215.71ms
step:2146/3300 train_loss:3.42965 train_time:2608.924s step_avg:1215.71ms
step:2147/3300 train_loss:3.51788 train_time:2610.151s step_avg:1215.72ms
step:2148/3300 train_loss:3.46431 train_time:2611.386s step_avg:1215.73ms
step:2149/3300 train_loss:3.40397 train_time:2612.596s step_avg:1215.73ms
step:2150/3300 train_loss:3.48882 train_time:2613.801s step_avg:1215.72ms
step:2151/3300 train_loss:3.42226 train_time:2615.016s step_avg:1215.72ms
step:2152/3300 train_loss:3.55706 train_time:2616.257s step_avg:1215.73ms
step:2153/3300 train_loss:3.47090 train_time:2617.480s step_avg:1215.74ms
step:2154/3300 train_loss:3.50771 train_time:2618.683s step_avg:1215.73ms
step:2155/3300 train_loss:3.40348 train_time:2619.895s step_avg:1215.73ms
step:2156/3300 train_loss:3.39716 train_time:2621.110s step_avg:1215.73ms
step:2157/3300 train_loss:3.42229 train_time:2622.325s step_avg:1215.73ms
step:2158/3300 train_loss:3.38617 train_time:2623.535s step_avg:1215.72ms
step:2159/3300 train_loss:3.49761 train_time:2624.749s step_avg:1215.72ms
step:2160/3300 train_loss:3.50254 train_time:2625.977s step_avg:1215.73ms
step:2161/3300 train_loss:3.42348 train_time:2627.196s step_avg:1215.73ms
step:2162/3300 train_loss:3.37807 train_time:2628.417s step_avg:1215.73ms
step:2163/3300 train_loss:3.52846 train_time:2629.637s step_avg:1215.74ms
step:2164/3300 train_loss:3.43080 train_time:2630.860s step_avg:1215.74ms
step:2165/3300 train_loss:3.47887 train_time:2632.065s step_avg:1215.73ms
step:2166/3300 train_loss:3.47483 train_time:2633.282s step_avg:1215.74ms
step:2167/3300 train_loss:3.43174 train_time:2634.486s step_avg:1215.73ms
step:2168/3300 train_loss:3.43160 train_time:2635.704s step_avg:1215.73ms
step:2169/3300 train_loss:3.48137 train_time:2636.925s step_avg:1215.73ms
step:2170/3300 train_loss:3.44118 train_time:2638.140s step_avg:1215.73ms
step:2171/3300 train_loss:3.46537 train_time:2639.368s step_avg:1215.74ms
step:2172/3300 train_loss:3.41908 train_time:2640.580s step_avg:1215.74ms
step:2173/3300 train_loss:3.47838 train_time:2641.780s step_avg:1215.73ms
step:2174/3300 train_loss:3.45380 train_time:2642.984s step_avg:1215.72ms
step:2175/3300 train_loss:3.41422 train_time:2644.183s step_avg:1215.72ms
step:2176/3300 train_loss:3.41871 train_time:2645.426s step_avg:1215.73ms
step:2177/3300 train_loss:3.47966 train_time:2646.659s step_avg:1215.74ms
step:2178/3300 train_loss:3.35528 train_time:2647.885s step_avg:1215.74ms
step:2179/3300 train_loss:3.42300 train_time:2649.085s step_avg:1215.73ms
step:2180/3300 train_loss:3.44981 train_time:2650.285s step_avg:1215.73ms
step:2181/3300 train_loss:3.44733 train_time:2651.492s step_avg:1215.72ms
step:2182/3300 train_loss:3.40723 train_time:2652.704s step_avg:1215.72ms
step:2183/3300 train_loss:3.38319 train_time:2653.917s step_avg:1215.72ms
step:2184/3300 train_loss:3.44039 train_time:2655.132s step_avg:1215.72ms
step:2185/3300 train_loss:3.48507 train_time:2656.363s step_avg:1215.73ms
step:2186/3300 train_loss:3.34509 train_time:2657.575s step_avg:1215.72ms
step:2187/3300 train_loss:3.41079 train_time:2658.784s step_avg:1215.72ms
step:2188/3300 train_loss:3.35338 train_time:2659.985s step_avg:1215.72ms
step:2189/3300 train_loss:3.39132 train_time:2661.193s step_avg:1215.71ms
step:2190/3300 train_loss:3.43562 train_time:2662.396s step_avg:1215.71ms
step:2191/3300 train_loss:3.37541 train_time:2663.614s step_avg:1215.71ms
step:2192/3300 train_loss:3.47359 train_time:2664.825s step_avg:1215.70ms
step:2193/3300 train_loss:3.43552 train_time:2666.026s step_avg:1215.70ms
step:2194/3300 train_loss:3.45405 train_time:2667.230s step_avg:1215.69ms
step:2195/3300 train_loss:3.38400 train_time:2668.442s step_avg:1215.69ms
step:2196/3300 train_loss:3.39167 train_time:2669.665s step_avg:1215.69ms
step:2197/3300 train_loss:3.43605 train_time:2670.876s step_avg:1215.69ms
step:2198/3300 train_loss:3.41719 train_time:2672.083s step_avg:1215.69ms
step:2199/3300 train_loss:3.40158 train_time:2673.285s step_avg:1215.68ms
step:2200/3300 train_loss:3.44172 train_time:2674.490s step_avg:1215.68ms
step:2201/3300 train_loss:3.38104 train_time:2675.712s step_avg:1215.68ms
step:2202/3300 train_loss:3.63512 train_time:2676.927s step_avg:1215.68ms
step:2203/3300 train_loss:3.49189 train_time:2678.138s step_avg:1215.68ms
step:2204/3300 train_loss:3.38908 train_time:2679.349s step_avg:1215.68ms
step:2205/3300 train_loss:3.44714 train_time:2680.564s step_avg:1215.68ms
step:2206/3300 train_loss:3.44875 train_time:2681.775s step_avg:1215.67ms
step:2207/3300 train_loss:3.50347 train_time:2682.983s step_avg:1215.67ms
step:2208/3300 train_loss:3.44637 train_time:2684.188s step_avg:1215.66ms
step:2209/3300 train_loss:3.38730 train_time:2685.402s step_avg:1215.66ms
step:2210/3300 train_loss:3.40661 train_time:2686.628s step_avg:1215.67ms
step:2211/3300 train_loss:3.39138 train_time:2687.844s step_avg:1215.67ms
step:2212/3300 train_loss:3.45652 train_time:2689.050s step_avg:1215.66ms
step:2213/3300 train_loss:3.36120 train_time:2690.263s step_avg:1215.66ms
step:2214/3300 train_loss:3.41163 train_time:2691.467s step_avg:1215.66ms
step:2215/3300 train_loss:3.45645 train_time:2692.687s step_avg:1215.66ms
step:2216/3300 train_loss:3.46740 train_time:2693.894s step_avg:1215.66ms
step:2217/3300 train_loss:3.42400 train_time:2695.102s step_avg:1215.65ms
step:2218/3300 train_loss:3.38462 train_time:2696.315s step_avg:1215.65ms
step:2219/3300 train_loss:3.44554 train_time:2697.555s step_avg:1215.66ms
step:2220/3300 train_loss:3.42742 train_time:2698.763s step_avg:1215.66ms
step:2221/3300 train_loss:3.47305 train_time:2700.003s step_avg:1215.67ms
step:2222/3300 train_loss:3.42544 train_time:2701.222s step_avg:1215.67ms
step:2223/3300 train_loss:3.43678 train_time:2702.428s step_avg:1215.67ms
step:2224/3300 train_loss:3.50748 train_time:2703.627s step_avg:1215.66ms
step:2225/3300 train_loss:3.38745 train_time:2704.837s step_avg:1215.66ms
step:2226/3300 train_loss:3.44127 train_time:2706.064s step_avg:1215.66ms
step:2227/3300 train_loss:3.45141 train_time:2707.308s step_avg:1215.68ms
step:2228/3300 train_loss:3.40306 train_time:2708.510s step_avg:1215.67ms
step:2229/3300 train_loss:3.45228 train_time:2709.712s step_avg:1215.66ms
step:2230/3300 train_loss:3.44104 train_time:2710.936s step_avg:1215.67ms
step:2231/3300 train_loss:3.43142 train_time:2712.149s step_avg:1215.66ms
step:2232/3300 train_loss:3.38378 train_time:2713.349s step_avg:1215.66ms
step:2233/3300 train_loss:3.40874 train_time:2714.556s step_avg:1215.65ms
step:2234/3300 train_loss:3.42211 train_time:2715.808s step_avg:1215.67ms
step:2235/3300 train_loss:3.37417 train_time:2717.012s step_avg:1215.67ms
step:2236/3300 train_loss:3.54098 train_time:2718.233s step_avg:1215.67ms
step:2237/3300 train_loss:3.40783 train_time:2719.454s step_avg:1215.67ms
step:2238/3300 train_loss:3.45194 train_time:2720.671s step_avg:1215.67ms
step:2239/3300 train_loss:3.36534 train_time:2721.880s step_avg:1215.67ms
step:2240/3300 train_loss:3.36305 train_time:2723.093s step_avg:1215.67ms
step:2241/3300 train_loss:3.42792 train_time:2724.335s step_avg:1215.68ms
step:2242/3300 train_loss:3.42564 train_time:2725.564s step_avg:1215.68ms
step:2243/3300 train_loss:3.41719 train_time:2726.778s step_avg:1215.68ms
step:2244/3300 train_loss:3.40001 train_time:2727.998s step_avg:1215.69ms
step:2245/3300 train_loss:3.37364 train_time:2729.214s step_avg:1215.69ms
step:2246/3300 train_loss:3.41822 train_time:2730.431s step_avg:1215.69ms
step:2247/3300 train_loss:3.38074 train_time:2731.633s step_avg:1215.68ms
step:2248/3300 train_loss:3.42892 train_time:2732.834s step_avg:1215.67ms
step:2249/3300 train_loss:3.42835 train_time:2734.038s step_avg:1215.67ms
step:2250/3300 train_loss:3.38593 train_time:2735.252s step_avg:1215.67ms
step:2250/3300 val_loss:3.40446 train_time:2735.253s step_avg:1215.01ms
step:2251/3300 train_loss:3.37065 train_time:2736.465s step_avg:1215.67ms
step:2252/3300 train_loss:3.48246 train_time:2737.679s step_avg:1215.67ms
step:2253/3300 train_loss:3.35021 train_time:2738.887s step_avg:1215.66ms
step:2254/3300 train_loss:3.40075 train_time:2740.087s step_avg:1215.66ms
step:2255/3300 train_loss:3.50955 train_time:2741.285s step_avg:1215.65ms
step:2256/3300 train_loss:3.41914 train_time:2742.514s step_avg:1215.65ms
step:2257/3300 train_loss:3.55978 train_time:2743.727s step_avg:1215.65ms
step:2258/3300 train_loss:3.44786 train_time:2744.931s step_avg:1215.65ms
step:2259/3300 train_loss:3.37352 train_time:2746.132s step_avg:1215.64ms
step:2260/3300 train_loss:3.41115 train_time:2747.353s step_avg:1215.64ms
step:2261/3300 train_loss:3.44307 train_time:2748.585s step_avg:1215.65ms
step:2262/3300 train_loss:3.39258 train_time:2749.801s step_avg:1215.65ms
step:2263/3300 train_loss:3.39531 train_time:2751.011s step_avg:1215.65ms
step:2264/3300 train_loss:3.40509 train_time:2752.213s step_avg:1215.64ms
step:2265/3300 train_loss:3.42860 train_time:2753.413s step_avg:1215.63ms
step:2266/3300 train_loss:3.39512 train_time:2754.617s step_avg:1215.63ms
step:2267/3300 train_loss:3.39280 train_time:2755.824s step_avg:1215.63ms
step:2268/3300 train_loss:3.36148 train_time:2757.063s step_avg:1215.64ms
step:2269/3300 train_loss:3.37623 train_time:2758.274s step_avg:1215.63ms
step:2270/3300 train_loss:3.44498 train_time:2759.485s step_avg:1215.63ms
step:2271/3300 train_loss:3.42213 train_time:2760.699s step_avg:1215.63ms
step:2272/3300 train_loss:3.40181 train_time:2761.930s step_avg:1215.64ms
step:2273/3300 train_loss:3.34694 train_time:2763.131s step_avg:1215.63ms
step:2274/3300 train_loss:3.42195 train_time:2764.333s step_avg:1215.63ms
step:2275/3300 train_loss:3.40971 train_time:2765.531s step_avg:1215.62ms
step:2276/3300 train_loss:3.35645 train_time:2766.795s step_avg:1215.64ms
step:2277/3300 train_loss:3.35408 train_time:2768.008s step_avg:1215.64ms
step:2278/3300 train_loss:3.43031 train_time:2769.212s step_avg:1215.63ms
step:2279/3300 train_loss:3.43894 train_time:2770.412s step_avg:1215.63ms
step:2280/3300 train_loss:3.36949 train_time:2771.613s step_avg:1215.62ms
step:2281/3300 train_loss:3.42878 train_time:2772.857s step_avg:1215.63ms
step:2282/3300 train_loss:3.40375 train_time:2774.068s step_avg:1215.63ms
step:2283/3300 train_loss:3.38975 train_time:2775.272s step_avg:1215.62ms
step:2284/3300 train_loss:3.46460 train_time:2776.476s step_avg:1215.62ms
step:2285/3300 train_loss:3.39158 train_time:2777.689s step_avg:1215.62ms
step:2286/3300 train_loss:3.42256 train_time:2778.910s step_avg:1215.62ms
step:2287/3300 train_loss:3.42956 train_time:2780.119s step_avg:1215.62ms
step:2288/3300 train_loss:3.47236 train_time:2781.330s step_avg:1215.62ms
step:2289/3300 train_loss:3.39721 train_time:2782.551s step_avg:1215.62ms
step:2290/3300 train_loss:3.37420 train_time:2783.756s step_avg:1215.61ms
step:2291/3300 train_loss:3.43926 train_time:2784.971s step_avg:1215.61ms
step:2292/3300 train_loss:3.41103 train_time:2786.175s step_avg:1215.61ms
step:2293/3300 train_loss:3.35409 train_time:2787.400s step_avg:1215.61ms
step:2294/3300 train_loss:3.44145 train_time:2788.618s step_avg:1215.61ms
step:2295/3300 train_loss:3.41777 train_time:2789.848s step_avg:1215.62ms
step:2296/3300 train_loss:3.41289 train_time:2791.062s step_avg:1215.62ms
step:2297/3300 train_loss:3.39658 train_time:2792.274s step_avg:1215.62ms
step:2298/3300 train_loss:3.44244 train_time:2793.485s step_avg:1215.62ms
step:2299/3300 train_loss:3.43179 train_time:2794.698s step_avg:1215.61ms
step:2300/3300 train_loss:3.41673 train_time:2795.915s step_avg:1215.62ms
step:2301/3300 train_loss:3.44306 train_time:2797.133s step_avg:1215.62ms
step:2302/3300 train_loss:3.35927 train_time:2798.362s step_avg:1215.62ms
step:2303/3300 train_loss:3.39771 train_time:2799.580s step_avg:1215.62ms
step:2304/3300 train_loss:3.34624 train_time:2800.795s step_avg:1215.62ms
step:2305/3300 train_loss:3.42540 train_time:2802.001s step_avg:1215.62ms
step:2306/3300 train_loss:3.33759 train_time:2803.218s step_avg:1215.62ms
step:2307/3300 train_loss:3.42359 train_time:2804.427s step_avg:1215.62ms
step:2308/3300 train_loss:3.44720 train_time:2805.634s step_avg:1215.61ms
step:2309/3300 train_loss:3.45244 train_time:2806.854s step_avg:1215.61ms
step:2310/3300 train_loss:3.32934 train_time:2808.067s step_avg:1215.61ms
step:2311/3300 train_loss:3.39625 train_time:2809.285s step_avg:1215.61ms
step:2312/3300 train_loss:3.43894 train_time:2810.497s step_avg:1215.61ms
step:2313/3300 train_loss:3.39292 train_time:2811.727s step_avg:1215.62ms
step:2314/3300 train_loss:3.39897 train_time:2812.954s step_avg:1215.62ms
step:2315/3300 train_loss:3.40200 train_time:2814.152s step_avg:1215.62ms
step:2316/3300 train_loss:3.38604 train_time:2815.364s step_avg:1215.62ms
step:2317/3300 train_loss:3.39212 train_time:2816.576s step_avg:1215.61ms
step:2318/3300 train_loss:3.35364 train_time:2817.778s step_avg:1215.61ms
step:2319/3300 train_loss:3.47525 train_time:2818.987s step_avg:1215.60ms
step:2320/3300 train_loss:3.44139 train_time:2820.194s step_avg:1215.60ms
step:2321/3300 train_loss:3.42901 train_time:2821.403s step_avg:1215.60ms
step:2322/3300 train_loss:3.42323 train_time:2822.614s step_avg:1215.60ms
step:2323/3300 train_loss:3.36740 train_time:2823.812s step_avg:1215.59ms
step:2324/3300 train_loss:3.38123 train_time:2825.019s step_avg:1215.58ms
step:2325/3300 train_loss:3.33493 train_time:2826.220s step_avg:1215.58ms
step:2326/3300 train_loss:3.41151 train_time:2827.430s step_avg:1215.58ms
step:2327/3300 train_loss:3.37381 train_time:2828.640s step_avg:1215.57ms
step:2328/3300 train_loss:3.40025 train_time:2829.867s step_avg:1215.58ms
step:2329/3300 train_loss:3.55898 train_time:2831.079s step_avg:1215.58ms
step:2330/3300 train_loss:3.36106 train_time:2832.292s step_avg:1215.58ms
step:2331/3300 train_loss:3.42935 train_time:2833.504s step_avg:1215.57ms
step:2332/3300 train_loss:3.40958 train_time:2834.713s step_avg:1215.57ms
step:2333/3300 train_loss:3.46250 train_time:2835.920s step_avg:1215.57ms
step:2334/3300 train_loss:3.39561 train_time:2837.140s step_avg:1215.57ms
step:2335/3300 train_loss:3.37552 train_time:2838.354s step_avg:1215.57ms
step:2336/3300 train_loss:3.45415 train_time:2839.567s step_avg:1215.57ms
step:2337/3300 train_loss:3.38312 train_time:2840.776s step_avg:1215.57ms
step:2338/3300 train_loss:3.41368 train_time:2841.988s step_avg:1215.56ms
step:2339/3300 train_loss:3.41295 train_time:2843.199s step_avg:1215.56ms
step:2340/3300 train_loss:3.36813 train_time:2844.402s step_avg:1215.56ms
step:2341/3300 train_loss:3.40734 train_time:2845.624s step_avg:1215.56ms
step:2342/3300 train_loss:3.41216 train_time:2846.838s step_avg:1215.56ms
step:2343/3300 train_loss:3.40251 train_time:2848.042s step_avg:1215.55ms
step:2344/3300 train_loss:3.39804 train_time:2849.285s step_avg:1215.57ms
step:2345/3300 train_loss:3.40566 train_time:2850.494s step_avg:1215.56ms
step:2346/3300 train_loss:3.37279 train_time:2851.737s step_avg:1215.57ms
step:2347/3300 train_loss:3.47520 train_time:2852.940s step_avg:1215.57ms
step:2348/3300 train_loss:3.45179 train_time:2854.152s step_avg:1215.57ms
step:2349/3300 train_loss:3.40704 train_time:2855.362s step_avg:1215.56ms
step:2350/3300 train_loss:3.37544 train_time:2856.589s step_avg:1215.57ms
step:2351/3300 train_loss:3.36879 train_time:2857.817s step_avg:1215.58ms
step:2352/3300 train_loss:3.37821 train_time:2859.018s step_avg:1215.57ms
step:2353/3300 train_loss:3.47935 train_time:2860.216s step_avg:1215.56ms
step:2354/3300 train_loss:3.41225 train_time:2861.421s step_avg:1215.56ms
step:2355/3300 train_loss:3.32511 train_time:2862.620s step_avg:1215.55ms
step:2356/3300 train_loss:3.49880 train_time:2863.856s step_avg:1215.56ms
step:2357/3300 train_loss:3.39378 train_time:2865.060s step_avg:1215.55ms
step:2358/3300 train_loss:3.39522 train_time:2866.270s step_avg:1215.55ms
step:2359/3300 train_loss:3.37194 train_time:2867.529s step_avg:1215.57ms
step:2360/3300 train_loss:3.41954 train_time:2868.740s step_avg:1215.57ms
step:2361/3300 train_loss:3.41095 train_time:2869.952s step_avg:1215.57ms
step:2362/3300 train_loss:3.41329 train_time:2871.160s step_avg:1215.56ms
step:2363/3300 train_loss:3.41000 train_time:2872.361s step_avg:1215.56ms
step:2364/3300 train_loss:3.43520 train_time:2873.562s step_avg:1215.55ms
step:2365/3300 train_loss:3.37067 train_time:2874.762s step_avg:1215.54ms
step:2366/3300 train_loss:3.38129 train_time:2875.968s step_avg:1215.54ms
step:2367/3300 train_loss:3.49683 train_time:2877.176s step_avg:1215.54ms
step:2368/3300 train_loss:3.43735 train_time:2878.398s step_avg:1215.54ms
step:2369/3300 train_loss:3.40900 train_time:2879.605s step_avg:1215.54ms
step:2370/3300 train_loss:3.35063 train_time:2880.816s step_avg:1215.53ms
step:2371/3300 train_loss:3.43377 train_time:2882.028s step_avg:1215.53ms
step:2372/3300 train_loss:3.37750 train_time:2883.241s step_avg:1215.53ms
step:2373/3300 train_loss:3.46879 train_time:2884.439s step_avg:1215.52ms
step:2374/3300 train_loss:3.54551 train_time:2885.648s step_avg:1215.52ms
step:2375/3300 train_loss:3.35432 train_time:2886.862s step_avg:1215.52ms
step:2375/3300 val_loss:3.38752 train_time:2886.862s step_avg:1212.88ms
step:2376/3300 train_loss:3.39144 train_time:2888.081s step_avg:1215.52ms
step:2377/3300 train_loss:3.40528 train_time:2889.295s step_avg:1215.52ms
step:2378/3300 train_loss:3.38581 train_time:2890.520s step_avg:1215.53ms
step:2379/3300 train_loss:3.41419 train_time:2891.737s step_avg:1215.53ms
step:2380/3300 train_loss:3.35760 train_time:2892.953s step_avg:1215.53ms
step:2381/3300 train_loss:3.41390 train_time:2894.178s step_avg:1215.53ms
step:2382/3300 train_loss:3.42708 train_time:2895.392s step_avg:1215.53ms
step:2383/3300 train_loss:3.40509 train_time:2896.600s step_avg:1215.53ms
step:2384/3300 train_loss:3.37769 train_time:2897.811s step_avg:1215.52ms
step:2385/3300 train_loss:3.44437 train_time:2899.029s step_avg:1215.53ms
step:2386/3300 train_loss:3.38600 train_time:2900.241s step_avg:1215.52ms
step:2387/3300 train_loss:3.41421 train_time:2901.466s step_avg:1215.53ms
step:2388/3300 train_loss:3.38490 train_time:2902.671s step_avg:1215.52ms
step:2389/3300 train_loss:3.42682 train_time:2903.882s step_avg:1215.52ms
step:2390/3300 train_loss:3.38145 train_time:2905.099s step_avg:1215.52ms
step:2391/3300 train_loss:3.43378 train_time:2906.319s step_avg:1215.52ms
step:2392/3300 train_loss:3.36356 train_time:2907.531s step_avg:1215.52ms
step:2393/3300 train_loss:3.39967 train_time:2908.745s step_avg:1215.52ms
step:2394/3300 train_loss:3.43865 train_time:2909.959s step_avg:1215.52ms
step:2395/3300 train_loss:3.34984 train_time:2911.183s step_avg:1215.53ms
step:2396/3300 train_loss:3.41422 train_time:2912.405s step_avg:1215.53ms
step:2397/3300 train_loss:3.39530 train_time:2913.617s step_avg:1215.53ms
step:2398/3300 train_loss:3.38568 train_time:2914.834s step_avg:1215.53ms
step:2399/3300 train_loss:3.38693 train_time:2916.043s step_avg:1215.52ms
step:2400/3300 train_loss:3.35500 train_time:2917.250s step_avg:1215.52ms
step:2401/3300 train_loss:3.38675 train_time:2918.459s step_avg:1215.52ms
step:2402/3300 train_loss:3.41053 train_time:2919.673s step_avg:1215.52ms
step:2403/3300 train_loss:3.36934 train_time:2920.891s step_avg:1215.52ms
step:2404/3300 train_loss:3.49014 train_time:2922.096s step_avg:1215.51ms
step:2405/3300 train_loss:3.37034 train_time:2923.308s step_avg:1215.51ms
step:2406/3300 train_loss:3.51861 train_time:2924.615s step_avg:1215.55ms
step:2407/3300 train_loss:3.34633 train_time:2925.835s step_avg:1215.55ms
step:2408/3300 train_loss:3.38227 train_time:2927.189s step_avg:1215.61ms
step:2409/3300 train_loss:3.38709 train_time:2928.398s step_avg:1215.61ms
step:2410/3300 train_loss:3.43060 train_time:2929.619s step_avg:1215.61ms
step:2411/3300 train_loss:3.41752 train_time:2930.851s step_avg:1215.62ms
step:2412/3300 train_loss:3.36920 train_time:2932.144s step_avg:1215.65ms
step:2413/3300 train_loss:3.37211 train_time:2933.380s step_avg:1215.66ms
step:2414/3300 train_loss:3.46205 train_time:2934.590s step_avg:1215.65ms
step:2415/3300 train_loss:3.42567 train_time:2935.804s step_avg:1215.65ms
step:2416/3300 train_loss:3.37633 train_time:2937.019s step_avg:1215.65ms
step:2417/3300 train_loss:3.38825 train_time:2938.228s step_avg:1215.65ms
step:2418/3300 train_loss:3.40827 train_time:2939.450s step_avg:1215.65ms
step:2419/3300 train_loss:3.36854 train_time:2940.681s step_avg:1215.66ms
step:2420/3300 train_loss:3.38565 train_time:2941.889s step_avg:1215.66ms
step:2421/3300 train_loss:3.49038 train_time:2943.120s step_avg:1215.66ms
step:2422/3300 train_loss:3.47020 train_time:2944.340s step_avg:1215.66ms
step:2423/3300 train_loss:3.45918 train_time:2945.550s step_avg:1215.66ms
step:2424/3300 train_loss:3.42250 train_time:2946.752s step_avg:1215.66ms
step:2425/3300 train_loss:3.36516 train_time:2947.950s step_avg:1215.65ms
step:2426/3300 train_loss:3.31552 train_time:2949.161s step_avg:1215.65ms
step:2427/3300 train_loss:3.45044 train_time:2950.369s step_avg:1215.64ms
step:2428/3300 train_loss:3.38380 train_time:2951.572s step_avg:1215.64ms
step:2429/3300 train_loss:3.35400 train_time:2952.788s step_avg:1215.64ms
step:2430/3300 train_loss:3.41529 train_time:2954.005s step_avg:1215.64ms
step:2431/3300 train_loss:3.48004 train_time:2955.230s step_avg:1215.64ms
step:2432/3300 train_loss:3.41755 train_time:2956.434s step_avg:1215.64ms
step:2433/3300 train_loss:3.39919 train_time:2957.647s step_avg:1215.64ms
step:2434/3300 train_loss:3.38574 train_time:2958.870s step_avg:1215.64ms
step:2435/3300 train_loss:3.38100 train_time:2960.072s step_avg:1215.64ms
step:2436/3300 train_loss:3.39363 train_time:2961.281s step_avg:1215.63ms
step:2437/3300 train_loss:3.38168 train_time:2962.488s step_avg:1215.63ms
step:2438/3300 train_loss:3.39729 train_time:2963.694s step_avg:1215.63ms
step:2439/3300 train_loss:3.35588 train_time:2964.920s step_avg:1215.63ms
step:2440/3300 train_loss:3.38720 train_time:2966.126s step_avg:1215.63ms
step:2441/3300 train_loss:3.36106 train_time:2967.342s step_avg:1215.63ms
step:2442/3300 train_loss:3.42923 train_time:2968.551s step_avg:1215.62ms
step:2443/3300 train_loss:3.39766 train_time:2969.774s step_avg:1215.63ms
step:2444/3300 train_loss:3.32803 train_time:2970.979s step_avg:1215.62ms
step:2445/3300 train_loss:3.44608 train_time:2972.193s step_avg:1215.62ms
step:2446/3300 train_loss:3.37719 train_time:2973.417s step_avg:1215.62ms
step:2447/3300 train_loss:3.37637 train_time:2974.631s step_avg:1215.62ms
step:2448/3300 train_loss:3.45352 train_time:2975.839s step_avg:1215.62ms
step:2449/3300 train_loss:3.39701 train_time:2977.055s step_avg:1215.62ms
step:2450/3300 train_loss:3.41643 train_time:2978.257s step_avg:1215.61ms
step:2451/3300 train_loss:3.41210 train_time:2979.490s step_avg:1215.62ms
step:2452/3300 train_loss:3.42730 train_time:2980.715s step_avg:1215.63ms
step:2453/3300 train_loss:3.37288 train_time:2981.920s step_avg:1215.62ms
step:2454/3300 train_loss:3.43834 train_time:2983.141s step_avg:1215.62ms
step:2455/3300 train_loss:3.46104 train_time:2984.360s step_avg:1215.63ms
step:2456/3300 train_loss:3.32996 train_time:2985.579s step_avg:1215.63ms
step:2457/3300 train_loss:3.37780 train_time:2986.789s step_avg:1215.62ms
step:2458/3300 train_loss:3.51355 train_time:2988.000s step_avg:1215.62ms
step:2459/3300 train_loss:3.58986 train_time:2989.220s step_avg:1215.62ms
step:2460/3300 train_loss:3.40887 train_time:2990.434s step_avg:1215.62ms
step:2461/3300 train_loss:3.37626 train_time:2991.652s step_avg:1215.62ms
step:2462/3300 train_loss:3.43728 train_time:2992.863s step_avg:1215.62ms
step:2463/3300 train_loss:3.44986 train_time:2994.089s step_avg:1215.63ms
step:2464/3300 train_loss:3.47389 train_time:2995.301s step_avg:1215.63ms
step:2465/3300 train_loss:3.37634 train_time:2996.500s step_avg:1215.62ms
step:2466/3300 train_loss:3.41482 train_time:2997.714s step_avg:1215.62ms
step:2467/3300 train_loss:3.35223 train_time:2998.951s step_avg:1215.63ms
step:2468/3300 train_loss:3.41361 train_time:3000.175s step_avg:1215.63ms
step:2469/3300 train_loss:3.48627 train_time:3001.386s step_avg:1215.63ms
step:2470/3300 train_loss:3.38929 train_time:3002.605s step_avg:1215.63ms
step:2471/3300 train_loss:3.38673 train_time:3003.853s step_avg:1215.64ms
step:2472/3300 train_loss:3.38175 train_time:3005.062s step_avg:1215.64ms
step:2473/3300 train_loss:3.56537 train_time:3006.270s step_avg:1215.64ms
step:2474/3300 train_loss:3.42236 train_time:3007.481s step_avg:1215.63ms
step:2475/3300 train_loss:3.38752 train_time:3008.685s step_avg:1215.63ms
step:2476/3300 train_loss:3.37273 train_time:3009.905s step_avg:1215.63ms
step:2477/3300 train_loss:3.38222 train_time:3011.116s step_avg:1215.63ms
step:2478/3300 train_loss:3.39137 train_time:3012.325s step_avg:1215.63ms
step:2479/3300 train_loss:3.41542 train_time:3013.536s step_avg:1215.63ms
step:2480/3300 train_loss:3.33944 train_time:3014.742s step_avg:1215.62ms
step:2481/3300 train_loss:3.44991 train_time:3015.959s step_avg:1215.62ms
step:2482/3300 train_loss:3.36137 train_time:3017.160s step_avg:1215.62ms
step:2483/3300 train_loss:3.38696 train_time:3018.359s step_avg:1215.61ms
step:2484/3300 train_loss:3.44948 train_time:3019.567s step_avg:1215.61ms
step:2485/3300 train_loss:3.44645 train_time:3020.805s step_avg:1215.62ms
step:2486/3300 train_loss:3.39860 train_time:3022.020s step_avg:1215.62ms
step:2487/3300 train_loss:3.42046 train_time:3023.225s step_avg:1215.61ms
step:2488/3300 train_loss:3.37607 train_time:3024.435s step_avg:1215.61ms
step:2489/3300 train_loss:3.40395 train_time:3025.638s step_avg:1215.60ms
step:2490/3300 train_loss:3.40796 train_time:3026.847s step_avg:1215.60ms
step:2491/3300 train_loss:3.42729 train_time:3028.069s step_avg:1215.60ms
step:2492/3300 train_loss:3.36531 train_time:3029.281s step_avg:1215.60ms
step:2493/3300 train_loss:3.41527 train_time:3030.493s step_avg:1215.60ms
step:2494/3300 train_loss:3.40928 train_time:3031.701s step_avg:1215.60ms
step:2495/3300 train_loss:3.34274 train_time:3032.920s step_avg:1215.60ms
step:2496/3300 train_loss:3.37247 train_time:3034.143s step_avg:1215.60ms
step:2497/3300 train_loss:3.37406 train_time:3035.363s step_avg:1215.60ms
step:2498/3300 train_loss:3.34452 train_time:3036.563s step_avg:1215.60ms
step:2499/3300 train_loss:3.38973 train_time:3037.773s step_avg:1215.60ms
step:2500/3300 train_loss:3.32861 train_time:3038.989s step_avg:1215.60ms
step:2500/3300 val_loss:3.37056 train_time:3038.989s step_avg:1217.02ms
step:2501/3300 train_loss:3.35728 train_time:3040.222s step_avg:1215.60ms
step:2502/3300 train_loss:3.36464 train_time:3041.430s step_avg:1215.60ms
step:2503/3300 train_loss:3.37868 train_time:3042.647s step_avg:1215.60ms
step:2504/3300 train_loss:3.43853 train_time:3043.854s step_avg:1215.60ms
step:2505/3300 train_loss:3.39659 train_time:3045.064s step_avg:1215.59ms
step:2506/3300 train_loss:3.37468 train_time:3046.273s step_avg:1215.59ms
step:2507/3300 train_loss:3.42849 train_time:3047.489s step_avg:1215.59ms
step:2508/3300 train_loss:3.37617 train_time:3048.691s step_avg:1215.59ms
step:2509/3300 train_loss:3.46328 train_time:3049.900s step_avg:1215.58ms
step:2510/3300 train_loss:3.40311 train_time:3051.108s step_avg:1215.58ms
step:2511/3300 train_loss:3.39938 train_time:3052.332s step_avg:1215.58ms
step:2512/3300 train_loss:3.40429 train_time:3053.550s step_avg:1215.59ms
step:2513/3300 train_loss:3.37384 train_time:3054.758s step_avg:1215.58ms
step:2514/3300 train_loss:3.40604 train_time:3055.967s step_avg:1215.58ms
step:2515/3300 train_loss:3.32775 train_time:3057.169s step_avg:1215.57ms
step:2516/3300 train_loss:3.39488 train_time:3058.385s step_avg:1215.57ms
step:2517/3300 train_loss:3.36801 train_time:3059.587s step_avg:1215.57ms
step:2518/3300 train_loss:3.43027 train_time:3060.814s step_avg:1215.57ms
step:2519/3300 train_loss:3.42172 train_time:3062.038s step_avg:1215.58ms
step:2520/3300 train_loss:3.41585 train_time:3063.268s step_avg:1215.58ms
step:2521/3300 train_loss:3.42213 train_time:3064.486s step_avg:1215.58ms
step:2522/3300 train_loss:3.38420 train_time:3065.697s step_avg:1215.58ms
step:2523/3300 train_loss:3.34321 train_time:3066.908s step_avg:1215.58ms
step:2524/3300 train_loss:3.41909 train_time:3068.120s step_avg:1215.58ms
step:2525/3300 train_loss:3.35215 train_time:3069.330s step_avg:1215.58ms
step:2526/3300 train_loss:3.42071 train_time:3070.537s step_avg:1215.57ms
step:2527/3300 train_loss:3.38179 train_time:3071.792s step_avg:1215.59ms
step:2528/3300 train_loss:3.29987 train_time:3073.009s step_avg:1215.59ms
step:2529/3300 train_loss:3.41773 train_time:3074.208s step_avg:1215.58ms
step:2530/3300 train_loss:3.40626 train_time:3075.409s step_avg:1215.58ms
step:2531/3300 train_loss:3.40486 train_time:3076.628s step_avg:1215.58ms
step:2532/3300 train_loss:3.35409 train_time:3077.832s step_avg:1215.57ms
step:2533/3300 train_loss:3.38611 train_time:3079.042s step_avg:1215.57ms
step:2534/3300 train_loss:3.38416 train_time:3080.250s step_avg:1215.57ms
step:2535/3300 train_loss:3.38266 train_time:3081.456s step_avg:1215.56ms
step:2536/3300 train_loss:3.38445 train_time:3082.670s step_avg:1215.56ms
step:2537/3300 train_loss:3.32542 train_time:3083.874s step_avg:1215.56ms
step:2538/3300 train_loss:3.34117 train_time:3085.099s step_avg:1215.56ms
step:2539/3300 train_loss:3.37694 train_time:3086.339s step_avg:1215.57ms
step:2540/3300 train_loss:3.38871 train_time:3087.552s step_avg:1215.57ms
step:2541/3300 train_loss:3.36750 train_time:3088.769s step_avg:1215.57ms
step:2542/3300 train_loss:3.56383 train_time:3089.972s step_avg:1215.57ms
step:2543/3300 train_loss:3.59180 train_time:3091.194s step_avg:1215.57ms
step:2544/3300 train_loss:3.35980 train_time:3092.409s step_avg:1215.57ms
step:2545/3300 train_loss:3.36784 train_time:3093.635s step_avg:1215.57ms
step:2546/3300 train_loss:3.51577 train_time:3094.856s step_avg:1215.58ms
step:2547/3300 train_loss:3.37648 train_time:3096.063s step_avg:1215.57ms
step:2548/3300 train_loss:3.32704 train_time:3097.272s step_avg:1215.57ms
step:2549/3300 train_loss:3.42126 train_time:3098.482s step_avg:1215.57ms
step:2550/3300 train_loss:3.40456 train_time:3099.700s step_avg:1215.57ms
step:2551/3300 train_loss:3.36797 train_time:3100.912s step_avg:1215.57ms
step:2552/3300 train_loss:3.35832 train_time:3102.127s step_avg:1215.57ms
step:2553/3300 train_loss:3.42539 train_time:3103.341s step_avg:1215.57ms
step:2554/3300 train_loss:3.41134 train_time:3104.554s step_avg:1215.57ms
step:2555/3300 train_loss:3.34182 train_time:3105.768s step_avg:1215.56ms
step:2556/3300 train_loss:3.40237 train_time:3106.979s step_avg:1215.56ms
step:2557/3300 train_loss:3.38603 train_time:3108.211s step_avg:1215.57ms
step:2558/3300 train_loss:3.36071 train_time:3109.413s step_avg:1215.56ms
step:2559/3300 train_loss:3.35258 train_time:3110.622s step_avg:1215.56ms
step:2560/3300 train_loss:3.38719 train_time:3111.845s step_avg:1215.56ms
step:2561/3300 train_loss:3.41044 train_time:3113.063s step_avg:1215.57ms
step:2562/3300 train_loss:3.35175 train_time:3114.277s step_avg:1215.56ms
step:2563/3300 train_loss:3.44847 train_time:3115.497s step_avg:1215.57ms
step:2564/3300 train_loss:3.39385 train_time:3116.705s step_avg:1215.56ms
step:2565/3300 train_loss:3.33211 train_time:3117.922s step_avg:1215.56ms
step:2566/3300 train_loss:3.40271 train_time:3119.137s step_avg:1215.56ms
step:2567/3300 train_loss:3.41457 train_time:3120.347s step_avg:1215.56ms
step:2568/3300 train_loss:3.38608 train_time:3121.578s step_avg:1215.57ms
step:2569/3300 train_loss:3.34791 train_time:3122.793s step_avg:1215.57ms
step:2570/3300 train_loss:3.40494 train_time:3123.994s step_avg:1215.56ms
step:2571/3300 train_loss:3.34681 train_time:3125.230s step_avg:1215.57ms
step:2572/3300 train_loss:3.36205 train_time:3126.440s step_avg:1215.57ms
step:2573/3300 train_loss:3.32310 train_time:3127.658s step_avg:1215.57ms
step:2574/3300 train_loss:3.36754 train_time:3128.870s step_avg:1215.57ms
step:2575/3300 train_loss:3.35966 train_time:3130.077s step_avg:1215.56ms
step:2576/3300 train_loss:3.39351 train_time:3131.302s step_avg:1215.57ms
step:2577/3300 train_loss:3.36369 train_time:3132.515s step_avg:1215.57ms
step:2578/3300 train_loss:3.37202 train_time:3133.711s step_avg:1215.56ms
step:2579/3300 train_loss:3.31006 train_time:3134.920s step_avg:1215.56ms
step:2580/3300 train_loss:3.35135 train_time:3136.133s step_avg:1215.56ms
step:2581/3300 train_loss:3.43534 train_time:3137.368s step_avg:1215.56ms
step:2582/3300 train_loss:3.33200 train_time:3138.578s step_avg:1215.56ms
step:2583/3300 train_loss:3.41932 train_time:3139.788s step_avg:1215.56ms
step:2584/3300 train_loss:3.43662 train_time:3140.997s step_avg:1215.56ms
step:2585/3300 train_loss:3.41445 train_time:3142.213s step_avg:1215.56ms
step:2586/3300 train_loss:3.39511 train_time:3143.424s step_avg:1215.55ms
step:2587/3300 train_loss:3.37154 train_time:3144.639s step_avg:1215.55ms
step:2588/3300 train_loss:3.40140 train_time:3145.852s step_avg:1215.55ms
step:2589/3300 train_loss:3.31059 train_time:3147.059s step_avg:1215.55ms
step:2590/3300 train_loss:3.43535 train_time:3148.280s step_avg:1215.55ms
step:2591/3300 train_loss:3.42355 train_time:3149.497s step_avg:1215.55ms
step:2592/3300 train_loss:3.44954 train_time:3150.710s step_avg:1215.55ms
step:2593/3300 train_loss:3.38294 train_time:3151.926s step_avg:1215.55ms
step:2594/3300 train_loss:3.37153 train_time:3153.150s step_avg:1215.56ms
step:2595/3300 train_loss:3.41782 train_time:3154.357s step_avg:1215.55ms
step:2596/3300 train_loss:3.32851 train_time:3155.565s step_avg:1215.55ms
step:2597/3300 train_loss:3.46617 train_time:3156.786s step_avg:1215.55ms
step:2598/3300 train_loss:3.37736 train_time:3158.006s step_avg:1215.55ms
step:2599/3300 train_loss:3.32830 train_time:3159.215s step_avg:1215.55ms
step:2600/3300 train_loss:3.38980 train_time:3160.424s step_avg:1215.55ms
step:2601/3300 train_loss:3.32605 train_time:3161.646s step_avg:1215.55ms
step:2602/3300 train_loss:3.38028 train_time:3162.864s step_avg:1215.55ms
step:2603/3300 train_loss:3.40283 train_time:3164.078s step_avg:1215.55ms
step:2604/3300 train_loss:3.38662 train_time:3165.294s step_avg:1215.55ms
step:2605/3300 train_loss:3.35176 train_time:3166.506s step_avg:1215.55ms
step:2606/3300 train_loss:3.34947 train_time:3167.727s step_avg:1215.55ms
step:2607/3300 train_loss:3.33041 train_time:3168.934s step_avg:1215.55ms
step:2608/3300 train_loss:3.40444 train_time:3170.143s step_avg:1215.55ms
step:2609/3300 train_loss:3.38687 train_time:3171.365s step_avg:1215.55ms
step:2610/3300 train_loss:3.36524 train_time:3172.579s step_avg:1215.55ms
step:2611/3300 train_loss:3.33077 train_time:3173.796s step_avg:1215.55ms
step:2612/3300 train_loss:3.36004 train_time:3175.012s step_avg:1215.55ms
step:2613/3300 train_loss:3.37191 train_time:3176.230s step_avg:1215.55ms
step:2614/3300 train_loss:3.42659 train_time:3177.446s step_avg:1215.55ms
step:2615/3300 train_loss:3.32045 train_time:3178.663s step_avg:1215.55ms
step:2616/3300 train_loss:3.31971 train_time:3179.880s step_avg:1215.55ms
step:2617/3300 train_loss:3.40675 train_time:3181.089s step_avg:1215.55ms
step:2618/3300 train_loss:3.36517 train_time:3182.314s step_avg:1215.55ms
step:2619/3300 train_loss:3.37316 train_time:3183.520s step_avg:1215.55ms
step:2620/3300 train_loss:3.41590 train_time:3184.745s step_avg:1215.55ms
step:2621/3300 train_loss:3.37228 train_time:3185.961s step_avg:1215.55ms
step:2622/3300 train_loss:3.37973 train_time:3187.175s step_avg:1215.55ms
step:2623/3300 train_loss:3.38587 train_time:3188.380s step_avg:1215.55ms
step:2624/3300 train_loss:3.37372 train_time:3189.592s step_avg:1215.55ms
step:2625/3300 train_loss:3.34371 train_time:3190.803s step_avg:1215.54ms
step:2625/3300 val_loss:3.35296 train_time:3190.803s step_avg:1214.51ms
step:2626/3300 train_loss:3.39356 train_time:3192.019s step_avg:1215.54ms
step:2627/3300 train_loss:3.37403 train_time:3193.221s step_avg:1215.54ms
step:2628/3300 train_loss:3.41220 train_time:3194.431s step_avg:1215.54ms
step:2629/3300 train_loss:3.38623 train_time:3195.641s step_avg:1215.53ms
step:2630/3300 train_loss:3.35890 train_time:3196.846s step_avg:1215.53ms
step:2631/3300 train_loss:3.42513 train_time:3198.065s step_avg:1215.53ms
step:2632/3300 train_loss:3.33104 train_time:3199.277s step_avg:1215.53ms
step:2633/3300 train_loss:3.39787 train_time:3200.494s step_avg:1215.53ms
step:2634/3300 train_loss:3.30799 train_time:3201.702s step_avg:1215.53ms
step:2635/3300 train_loss:3.33194 train_time:3202.904s step_avg:1215.52ms
step:2636/3300 train_loss:3.36302 train_time:3204.138s step_avg:1215.53ms
step:2637/3300 train_loss:3.35398 train_time:3205.345s step_avg:1215.53ms
step:2638/3300 train_loss:3.38970 train_time:3206.544s step_avg:1215.52ms
step:2639/3300 train_loss:3.37441 train_time:3207.752s step_avg:1215.52ms
step:2640/3300 train_loss:3.42077 train_time:3208.965s step_avg:1215.52ms
step:2641/3300 train_loss:3.35819 train_time:3210.186s step_avg:1215.52ms
step:2642/3300 train_loss:3.32377 train_time:3211.403s step_avg:1215.52ms
step:2643/3300 train_loss:3.35960 train_time:3212.606s step_avg:1215.52ms
step:2644/3300 train_loss:3.36104 train_time:3213.845s step_avg:1215.52ms
step:2645/3300 train_loss:3.40833 train_time:3215.059s step_avg:1215.52ms
step:2646/3300 train_loss:3.35060 train_time:3216.274s step_avg:1215.52ms
step:2647/3300 train_loss:3.35821 train_time:3217.488s step_avg:1215.52ms
step:2648/3300 train_loss:3.38734 train_time:3218.708s step_avg:1215.52ms
step:2649/3300 train_loss:3.40422 train_time:3219.924s step_avg:1215.52ms
step:2650/3300 train_loss:3.40150 train_time:3221.122s step_avg:1215.52ms
step:2651/3300 train_loss:3.39550 train_time:3222.333s step_avg:1215.52ms
step:2652/3300 train_loss:3.37877 train_time:3223.549s step_avg:1215.52ms
step:2653/3300 train_loss:3.40470 train_time:3224.761s step_avg:1215.51ms
step:2654/3300 train_loss:3.40248 train_time:3225.978s step_avg:1215.52ms
step:2655/3300 train_loss:3.36674 train_time:3227.215s step_avg:1215.52ms
step:2656/3300 train_loss:3.38005 train_time:3228.439s step_avg:1215.53ms
step:2657/3300 train_loss:3.33033 train_time:3229.649s step_avg:1215.52ms
step:2658/3300 train_loss:3.35348 train_time:3230.863s step_avg:1215.52ms
step:2659/3300 train_loss:3.37935 train_time:3232.070s step_avg:1215.52ms
step:2660/3300 train_loss:3.35666 train_time:3233.280s step_avg:1215.52ms
step:2661/3300 train_loss:3.38095 train_time:3234.529s step_avg:1215.53ms
step:2662/3300 train_loss:3.36892 train_time:3235.746s step_avg:1215.53ms
step:2663/3300 train_loss:3.35703 train_time:3236.965s step_avg:1215.53ms
step:2664/3300 train_loss:3.33118 train_time:3238.167s step_avg:1215.53ms
step:2665/3300 train_loss:3.38606 train_time:3239.373s step_avg:1215.52ms
step:2666/3300 train_loss:3.39751 train_time:3240.592s step_avg:1215.53ms
step:2667/3300 train_loss:3.39563 train_time:3241.798s step_avg:1215.52ms
step:2668/3300 train_loss:3.35030 train_time:3243.009s step_avg:1215.52ms
step:2669/3300 train_loss:3.38118 train_time:3244.225s step_avg:1215.52ms
step:2670/3300 train_loss:3.34162 train_time:3245.430s step_avg:1215.52ms
step:2671/3300 train_loss:3.33104 train_time:3246.647s step_avg:1215.52ms
step:2672/3300 train_loss:3.30054 train_time:3247.851s step_avg:1215.51ms
step:2673/3300 train_loss:3.35094 train_time:3249.061s step_avg:1215.51ms
step:2674/3300 train_loss:3.36694 train_time:3250.273s step_avg:1215.51ms
step:2675/3300 train_loss:3.41158 train_time:3251.482s step_avg:1215.51ms
step:2676/3300 train_loss:3.33433 train_time:3252.693s step_avg:1215.51ms
step:2677/3300 train_loss:3.27908 train_time:3253.906s step_avg:1215.50ms
step:2678/3300 train_loss:3.41556 train_time:3255.107s step_avg:1215.50ms
step:2679/3300 train_loss:3.41241 train_time:3256.310s step_avg:1215.49ms
step:2680/3300 train_loss:3.31073 train_time:3257.534s step_avg:1215.50ms
step:2681/3300 train_loss:3.35217 train_time:3258.751s step_avg:1215.50ms
step:2682/3300 train_loss:3.40871 train_time:3259.977s step_avg:1215.50ms
step:2683/3300 train_loss:3.40103 train_time:3261.197s step_avg:1215.50ms
step:2684/3300 train_loss:3.44814 train_time:3262.410s step_avg:1215.50ms
step:2685/3300 train_loss:3.38547 train_time:3263.623s step_avg:1215.50ms
step:2686/3300 train_loss:3.33837 train_time:3264.840s step_avg:1215.50ms
step:2687/3300 train_loss:3.38963 train_time:3266.051s step_avg:1215.50ms
step:2688/3300 train_loss:3.34937 train_time:3267.252s step_avg:1215.50ms
step:2689/3300 train_loss:3.40029 train_time:3268.452s step_avg:1215.49ms
step:2690/3300 train_loss:3.37703 train_time:3269.652s step_avg:1215.48ms
step:2691/3300 train_loss:3.36287 train_time:3270.866s step_avg:1215.48ms
step:2692/3300 train_loss:3.41134 train_time:3272.072s step_avg:1215.48ms
step:2693/3300 train_loss:3.40602 train_time:3273.272s step_avg:1215.47ms
step:2694/3300 train_loss:3.33408 train_time:3274.477s step_avg:1215.47ms
step:2695/3300 train_loss:3.31718 train_time:3275.691s step_avg:1215.47ms
step:2696/3300 train_loss:3.46097 train_time:3276.907s step_avg:1215.47ms
step:2697/3300 train_loss:3.34925 train_time:3278.113s step_avg:1215.47ms
step:2698/3300 train_loss:3.27722 train_time:3279.324s step_avg:1215.46ms
step:2699/3300 train_loss:3.36134 train_time:3280.543s step_avg:1215.47ms
step:2700/3300 train_loss:3.36928 train_time:3281.750s step_avg:1215.46ms
step:2701/3300 train_loss:3.35388 train_time:3282.957s step_avg:1215.46ms
step:2702/3300 train_loss:3.35224 train_time:3284.173s step_avg:1215.46ms
step:2703/3300 train_loss:3.40990 train_time:3285.372s step_avg:1215.45ms
step:2704/3300 train_loss:3.35601 train_time:3286.570s step_avg:1215.45ms
step:2705/3300 train_loss:3.35451 train_time:3287.778s step_avg:1215.44ms
step:2706/3300 train_loss:3.37394 train_time:3288.995s step_avg:1215.45ms
step:2707/3300 train_loss:3.38878 train_time:3290.216s step_avg:1215.45ms
step:2708/3300 train_loss:3.34287 train_time:3291.424s step_avg:1215.44ms
step:2709/3300 train_loss:3.39384 train_time:3292.633s step_avg:1215.44ms
step:2710/3300 train_loss:3.32735 train_time:3293.849s step_avg:1215.44ms
step:2711/3300 train_loss:3.42102 train_time:3295.064s step_avg:1215.44ms
step:2712/3300 train_loss:3.36386 train_time:3296.274s step_avg:1215.44ms
step:2713/3300 train_loss:3.34647 train_time:3297.484s step_avg:1215.44ms
step:2714/3300 train_loss:3.35443 train_time:3298.691s step_avg:1215.44ms
step:2715/3300 train_loss:3.31136 train_time:3299.928s step_avg:1215.44ms
step:2716/3300 train_loss:3.34067 train_time:3301.140s step_avg:1215.44ms
step:2717/3300 train_loss:3.34543 train_time:3302.353s step_avg:1215.44ms
step:2718/3300 train_loss:3.40571 train_time:3303.563s step_avg:1215.44ms
step:2719/3300 train_loss:3.34590 train_time:3304.784s step_avg:1215.44ms
step:2720/3300 train_loss:3.36845 train_time:3305.997s step_avg:1215.44ms
step:2721/3300 train_loss:3.40184 train_time:3307.220s step_avg:1215.44ms
step:2722/3300 train_loss:3.48529 train_time:3308.427s step_avg:1215.44ms
step:2723/3300 train_loss:3.33681 train_time:3309.646s step_avg:1215.44ms
step:2724/3300 train_loss:3.36764 train_time:3310.854s step_avg:1215.44ms
step:2725/3300 train_loss:3.40056 train_time:3312.059s step_avg:1215.43ms
step:2726/3300 train_loss:3.35613 train_time:3313.278s step_avg:1215.44ms
step:2727/3300 train_loss:3.34219 train_time:3314.492s step_avg:1215.44ms
step:2728/3300 train_loss:3.37233 train_time:3315.694s step_avg:1215.43ms
step:2729/3300 train_loss:3.39918 train_time:3316.901s step_avg:1215.43ms
step:2730/3300 train_loss:3.40262 train_time:3318.119s step_avg:1215.43ms
step:2731/3300 train_loss:3.32610 train_time:3319.335s step_avg:1215.43ms
step:2732/3300 train_loss:3.31636 train_time:3320.536s step_avg:1215.42ms
step:2733/3300 train_loss:3.28651 train_time:3321.742s step_avg:1215.42ms
step:2734/3300 train_loss:3.34482 train_time:3322.953s step_avg:1215.42ms
step:2735/3300 train_loss:3.35912 train_time:3324.155s step_avg:1215.41ms
step:2736/3300 train_loss:3.35194 train_time:3325.366s step_avg:1215.41ms
step:2737/3300 train_loss:3.36237 train_time:3326.577s step_avg:1215.41ms
step:2738/3300 train_loss:3.32960 train_time:3327.797s step_avg:1215.41ms
step:2739/3300 train_loss:3.29714 train_time:3329.006s step_avg:1215.41ms
step:2740/3300 train_loss:3.36393 train_time:3330.270s step_avg:1215.43ms
step:2741/3300 train_loss:3.36005 train_time:3331.479s step_avg:1215.42ms
step:2742/3300 train_loss:3.39079 train_time:3332.688s step_avg:1215.42ms
step:2743/3300 train_loss:3.38428 train_time:3333.901s step_avg:1215.42ms
step:2744/3300 train_loss:3.40823 train_time:3335.110s step_avg:1215.42ms
step:2745/3300 train_loss:3.31292 train_time:3336.314s step_avg:1215.42ms
step:2746/3300 train_loss:3.35946 train_time:3337.522s step_avg:1215.41ms
step:2747/3300 train_loss:3.33943 train_time:3338.728s step_avg:1215.41ms
step:2748/3300 train_loss:3.37349 train_time:3339.937s step_avg:1215.41ms
step:2749/3300 train_loss:3.36067 train_time:3341.149s step_avg:1215.41ms
step:2750/3300 train_loss:3.37953 train_time:3342.356s step_avg:1215.40ms
step:2750/3300 val_loss:3.33660 train_time:3342.356s step_avg:1212.43ms
step:2751/3300 train_loss:3.32980 train_time:3343.575s step_avg:1215.40ms
step:2752/3300 train_loss:3.31133 train_time:3344.776s step_avg:1215.40ms
step:2753/3300 train_loss:3.32518 train_time:3345.982s step_avg:1215.39ms
step:2754/3300 train_loss:3.32492 train_time:3347.194s step_avg:1215.39ms
step:2755/3300 train_loss:3.29445 train_time:3348.407s step_avg:1215.39ms
step:2756/3300 train_loss:3.33142 train_time:3349.632s step_avg:1215.40ms
step:2757/3300 train_loss:3.41895 train_time:3350.841s step_avg:1215.39ms
step:2758/3300 train_loss:3.31512 train_time:3352.070s step_avg:1215.40ms
step:2759/3300 train_loss:3.33819 train_time:3353.278s step_avg:1215.40ms
step:2760/3300 train_loss:3.36683 train_time:3354.486s step_avg:1215.39ms
step:2761/3300 train_loss:3.36423 train_time:3355.704s step_avg:1215.39ms
step:2762/3300 train_loss:3.31245 train_time:3356.919s step_avg:1215.39ms
step:2763/3300 train_loss:3.36153 train_time:3358.143s step_avg:1215.40ms
step:2764/3300 train_loss:3.39447 train_time:3359.359s step_avg:1215.40ms
step:2765/3300 train_loss:3.32992 train_time:3360.582s step_avg:1215.40ms
step:2766/3300 train_loss:3.31764 train_time:3361.800s step_avg:1215.40ms
step:2767/3300 train_loss:3.34234 train_time:3363.024s step_avg:1215.40ms
step:2768/3300 train_loss:3.35368 train_time:3364.233s step_avg:1215.40ms
step:2769/3300 train_loss:3.32625 train_time:3365.441s step_avg:1215.40ms
step:2770/3300 train_loss:3.26910 train_time:3366.667s step_avg:1215.40ms
step:2771/3300 train_loss:3.46440 train_time:3367.880s step_avg:1215.40ms
step:2772/3300 train_loss:3.32819 train_time:3369.085s step_avg:1215.40ms
step:2773/3300 train_loss:3.30982 train_time:3370.297s step_avg:1215.40ms
step:2774/3300 train_loss:3.32924 train_time:3371.524s step_avg:1215.40ms
step:2775/3300 train_loss:3.36636 train_time:3372.791s step_avg:1215.42ms
step:2776/3300 train_loss:3.41716 train_time:3374.006s step_avg:1215.42ms
step:2777/3300 train_loss:3.40972 train_time:3375.214s step_avg:1215.42ms
step:2778/3300 train_loss:3.38293 train_time:3376.420s step_avg:1215.41ms
step:2779/3300 train_loss:3.34790 train_time:3377.633s step_avg:1215.41ms
step:2780/3300 train_loss:3.36347 train_time:3378.841s step_avg:1215.41ms
step:2781/3300 train_loss:3.32080 train_time:3380.063s step_avg:1215.41ms
step:2782/3300 train_loss:3.36529 train_time:3381.295s step_avg:1215.42ms
step:2783/3300 train_loss:3.36194 train_time:3382.515s step_avg:1215.42ms
step:2784/3300 train_loss:3.36511 train_time:3383.722s step_avg:1215.42ms
step:2785/3300 train_loss:3.32689 train_time:3384.938s step_avg:1215.42ms
step:2786/3300 train_loss:3.36606 train_time:3386.146s step_avg:1215.42ms
step:2787/3300 train_loss:3.37483 train_time:3387.369s step_avg:1215.42ms
step:2788/3300 train_loss:3.38861 train_time:3388.585s step_avg:1215.42ms
step:2789/3300 train_loss:3.38948 train_time:3389.813s step_avg:1215.42ms
step:2790/3300 train_loss:3.33286 train_time:3391.032s step_avg:1215.42ms
step:2791/3300 train_loss:3.31480 train_time:3392.253s step_avg:1215.43ms
step:2792/3300 train_loss:3.35646 train_time:3393.466s step_avg:1215.42ms
step:2793/3300 train_loss:3.41904 train_time:3394.675s step_avg:1215.42ms
step:2794/3300 train_loss:3.31554 train_time:3395.886s step_avg:1215.42ms
step:2795/3300 train_loss:3.41232 train_time:3397.099s step_avg:1215.42ms
step:2796/3300 train_loss:3.32240 train_time:3398.309s step_avg:1215.42ms
step:2797/3300 train_loss:3.36490 train_time:3399.524s step_avg:1215.42ms
step:2798/3300 train_loss:3.33385 train_time:3400.736s step_avg:1215.42ms
step:2799/3300 train_loss:3.35949 train_time:3401.958s step_avg:1215.42ms
step:2800/3300 train_loss:3.39185 train_time:3403.160s step_avg:1215.41ms
step:2801/3300 train_loss:3.37432 train_time:3404.368s step_avg:1215.41ms
step:2802/3300 train_loss:3.30655 train_time:3405.577s step_avg:1215.41ms
step:2803/3300 train_loss:3.39462 train_time:3406.795s step_avg:1215.41ms
step:2804/3300 train_loss:3.45863 train_time:3408.001s step_avg:1215.41ms
step:2805/3300 train_loss:3.32281 train_time:3409.202s step_avg:1215.40ms
step:2806/3300 train_loss:3.42942 train_time:3410.406s step_avg:1215.40ms
step:2807/3300 train_loss:3.38439 train_time:3411.619s step_avg:1215.40ms
step:2808/3300 train_loss:3.33594 train_time:3412.824s step_avg:1215.39ms
step:2809/3300 train_loss:3.38624 train_time:3414.036s step_avg:1215.39ms
step:2810/3300 train_loss:3.35055 train_time:3415.257s step_avg:1215.39ms
step:2811/3300 train_loss:3.37970 train_time:3416.482s step_avg:1215.40ms
step:2812/3300 train_loss:3.30359 train_time:3417.710s step_avg:1215.40ms
step:2813/3300 train_loss:3.38678 train_time:3418.921s step_avg:1215.40ms
step:2814/3300 train_loss:3.33701 train_time:3420.136s step_avg:1215.40ms
step:2815/3300 train_loss:3.25609 train_time:3421.345s step_avg:1215.40ms
step:2816/3300 train_loss:3.30791 train_time:3422.578s step_avg:1215.40ms
step:2817/3300 train_loss:3.35895 train_time:3423.783s step_avg:1215.40ms
step:2818/3300 train_loss:3.35525 train_time:3424.987s step_avg:1215.40ms
step:2819/3300 train_loss:3.36858 train_time:3426.204s step_avg:1215.40ms
step:2820/3300 train_loss:3.36359 train_time:3427.413s step_avg:1215.39ms
step:2821/3300 train_loss:3.39779 train_time:3428.628s step_avg:1215.39ms
step:2822/3300 train_loss:3.36111 train_time:3429.835s step_avg:1215.39ms
step:2823/3300 train_loss:3.33230 train_time:3431.102s step_avg:1215.41ms
step:2824/3300 train_loss:3.28241 train_time:3432.306s step_avg:1215.41ms
step:2825/3300 train_loss:3.37481 train_time:3433.516s step_avg:1215.40ms
step:2826/3300 train_loss:3.33422 train_time:3434.731s step_avg:1215.40ms
step:2827/3300 train_loss:3.34735 train_time:3435.948s step_avg:1215.40ms
step:2828/3300 train_loss:3.33599 train_time:3437.171s step_avg:1215.41ms
step:2829/3300 train_loss:3.34353 train_time:3438.385s step_avg:1215.41ms
step:2830/3300 train_loss:3.37102 train_time:3439.608s step_avg:1215.41ms
step:2831/3300 train_loss:3.36061 train_time:3440.829s step_avg:1215.41ms
step:2832/3300 train_loss:3.36499 train_time:3442.036s step_avg:1215.41ms
step:2833/3300 train_loss:3.45293 train_time:3443.243s step_avg:1215.41ms
step:2834/3300 train_loss:3.34863 train_time:3444.446s step_avg:1215.40ms
step:2835/3300 train_loss:3.39085 train_time:3445.639s step_avg:1215.39ms
step:2836/3300 train_loss:3.32958 train_time:3446.850s step_avg:1215.39ms
step:2837/3300 train_loss:3.33902 train_time:3448.063s step_avg:1215.39ms
step:2838/3300 train_loss:3.38058 train_time:3449.278s step_avg:1215.39ms
step:2839/3300 train_loss:3.35673 train_time:3450.484s step_avg:1215.39ms
step:2840/3300 train_loss:3.33046 train_time:3451.687s step_avg:1215.38ms
step:2841/3300 train_loss:3.36548 train_time:3452.909s step_avg:1215.39ms
step:2842/3300 train_loss:3.35131 train_time:3454.116s step_avg:1215.38ms
step:2843/3300 train_loss:3.35301 train_time:3455.328s step_avg:1215.38ms
step:2844/3300 train_loss:3.44944 train_time:3456.558s step_avg:1215.39ms
step:2845/3300 train_loss:3.31496 train_time:3457.772s step_avg:1215.39ms
step:2846/3300 train_loss:3.31709 train_time:3458.986s step_avg:1215.39ms
step:2847/3300 train_loss:3.33842 train_time:3460.184s step_avg:1215.38ms
step:2848/3300 train_loss:3.36636 train_time:3461.386s step_avg:1215.37ms
step:2849/3300 train_loss:3.32421 train_time:3462.584s step_avg:1215.37ms
step:2850/3300 train_loss:3.34650 train_time:3463.785s step_avg:1215.36ms
step:2851/3300 train_loss:3.30051 train_time:3465.033s step_avg:1215.37ms
step:2852/3300 train_loss:3.35969 train_time:3466.248s step_avg:1215.37ms
step:2853/3300 train_loss:3.31517 train_time:3467.456s step_avg:1215.37ms
step:2854/3300 train_loss:3.32336 train_time:3468.670s step_avg:1215.37ms
step:2855/3300 train_loss:3.37261 train_time:3469.877s step_avg:1215.37ms
step:2856/3300 train_loss:3.43745 train_time:3471.094s step_avg:1215.37ms
step:2857/3300 train_loss:3.34824 train_time:3472.317s step_avg:1215.37ms
step:2858/3300 train_loss:3.38888 train_time:3473.523s step_avg:1215.37ms
step:2859/3300 train_loss:3.33504 train_time:3474.727s step_avg:1215.36ms
step:2860/3300 train_loss:3.30253 train_time:3475.937s step_avg:1215.36ms
step:2861/3300 train_loss:3.42134 train_time:3477.165s step_avg:1215.37ms
step:2862/3300 train_loss:3.38519 train_time:3478.388s step_avg:1215.37ms
step:2863/3300 train_loss:3.39773 train_time:3479.649s step_avg:1215.39ms
step:2864/3300 train_loss:3.32646 train_time:3480.855s step_avg:1215.38ms
step:2865/3300 train_loss:3.37416 train_time:3482.083s step_avg:1215.39ms
step:2866/3300 train_loss:3.28924 train_time:3483.292s step_avg:1215.38ms
step:2867/3300 train_loss:3.32743 train_time:3484.498s step_avg:1215.38ms
step:2868/3300 train_loss:3.35832 train_time:3485.711s step_avg:1215.38ms
step:2869/3300 train_loss:3.31926 train_time:3486.923s step_avg:1215.38ms
step:2870/3300 train_loss:3.32684 train_time:3488.138s step_avg:1215.38ms
step:2871/3300 train_loss:3.31962 train_time:3489.356s step_avg:1215.38ms
step:2872/3300 train_loss:3.29919 train_time:3490.569s step_avg:1215.38ms
step:2873/3300 train_loss:3.25680 train_time:3491.770s step_avg:1215.37ms
step:2874/3300 train_loss:3.36477 train_time:3492.973s step_avg:1215.37ms
step:2875/3300 train_loss:3.40458 train_time:3494.183s step_avg:1215.37ms
step:2875/3300 val_loss:3.32032 train_time:3494.183s step_avg:1214.62ms
step:2876/3300 train_loss:3.34037 train_time:3495.404s step_avg:1215.37ms
step:2877/3300 train_loss:3.33369 train_time:3496.608s step_avg:1215.37ms
step:2878/3300 train_loss:3.36920 train_time:3497.811s step_avg:1215.36ms
step:2879/3300 train_loss:3.35993 train_time:3499.014s step_avg:1215.36ms
step:2880/3300 train_loss:3.32742 train_time:3500.227s step_avg:1215.36ms
step:2881/3300 train_loss:3.31066 train_time:3501.439s step_avg:1215.36ms
step:2882/3300 train_loss:3.37971 train_time:3502.703s step_avg:1215.37ms
step:2883/3300 train_loss:3.31779 train_time:3503.923s step_avg:1215.37ms
step:2884/3300 train_loss:3.34689 train_time:3505.132s step_avg:1215.37ms
step:2885/3300 train_loss:3.30590 train_time:3506.334s step_avg:1215.37ms
step:2886/3300 train_loss:3.35089 train_time:3507.548s step_avg:1215.37ms
step:2887/3300 train_loss:3.41263 train_time:3508.776s step_avg:1215.37ms
step:2888/3300 train_loss:3.40593 train_time:3509.986s step_avg:1215.37ms
step:2889/3300 train_loss:3.47575 train_time:3511.194s step_avg:1215.37ms
step:2890/3300 train_loss:3.30108 train_time:3512.408s step_avg:1215.37ms
step:2891/3300 train_loss:3.34081 train_time:3513.624s step_avg:1215.37ms
step:2892/3300 train_loss:3.27291 train_time:3514.843s step_avg:1215.37ms
step:2893/3300 train_loss:3.29205 train_time:3516.050s step_avg:1215.36ms
step:2894/3300 train_loss:3.32600 train_time:3517.253s step_avg:1215.36ms
step:2895/3300 train_loss:3.39521 train_time:3518.454s step_avg:1215.36ms
step:2896/3300 train_loss:3.38772 train_time:3519.672s step_avg:1215.36ms
step:2897/3300 train_loss:3.30424 train_time:3520.876s step_avg:1215.35ms
step:2898/3300 train_loss:3.55591 train_time:3522.087s step_avg:1215.35ms
step:2899/3300 train_loss:3.34145 train_time:3523.315s step_avg:1215.36ms
step:2900/3300 train_loss:3.35695 train_time:3524.536s step_avg:1215.36ms
step:2901/3300 train_loss:3.31871 train_time:3525.750s step_avg:1215.36ms
step:2902/3300 train_loss:3.41735 train_time:3526.949s step_avg:1215.35ms
step:2903/3300 train_loss:3.31358 train_time:3528.156s step_avg:1215.35ms
step:2904/3300 train_loss:3.36932 train_time:3529.371s step_avg:1215.35ms
step:2905/3300 train_loss:3.39249 train_time:3530.571s step_avg:1215.34ms
step:2906/3300 train_loss:3.34267 train_time:3531.777s step_avg:1215.34ms
step:2907/3300 train_loss:3.35932 train_time:3532.987s step_avg:1215.34ms
step:2908/3300 train_loss:3.37416 train_time:3534.208s step_avg:1215.34ms
step:2909/3300 train_loss:3.39828 train_time:3535.418s step_avg:1215.34ms
step:2910/3300 train_loss:3.34796 train_time:3536.626s step_avg:1215.34ms
step:2911/3300 train_loss:3.33069 train_time:3537.839s step_avg:1215.33ms
step:2912/3300 train_loss:3.30593 train_time:3539.061s step_avg:1215.34ms
step:2913/3300 train_loss:3.39001 train_time:3540.268s step_avg:1215.33ms
step:2914/3300 train_loss:3.35194 train_time:3541.488s step_avg:1215.34ms
step:2915/3300 train_loss:3.35117 train_time:3542.695s step_avg:1215.33ms
step:2916/3300 train_loss:3.33023 train_time:3543.926s step_avg:1215.34ms
step:2917/3300 train_loss:3.40018 train_time:3545.149s step_avg:1215.34ms
step:2918/3300 train_loss:3.23223 train_time:3546.353s step_avg:1215.34ms
step:2919/3300 train_loss:3.29976 train_time:3547.555s step_avg:1215.33ms
step:2920/3300 train_loss:3.26896 train_time:3548.763s step_avg:1215.33ms
step:2921/3300 train_loss:3.35397 train_time:3549.981s step_avg:1215.33ms
step:2922/3300 train_loss:3.48671 train_time:3551.203s step_avg:1215.33ms
step:2923/3300 train_loss:3.34379 train_time:3552.416s step_avg:1215.33ms
step:2924/3300 train_loss:3.30131 train_time:3553.633s step_avg:1215.33ms
step:2925/3300 train_loss:3.34967 train_time:3554.835s step_avg:1215.33ms
step:2926/3300 train_loss:3.35887 train_time:3556.046s step_avg:1215.33ms
step:2927/3300 train_loss:3.28527 train_time:3557.255s step_avg:1215.32ms
step:2928/3300 train_loss:3.38507 train_time:3558.472s step_avg:1215.33ms
step:2929/3300 train_loss:3.29361 train_time:3559.677s step_avg:1215.32ms
step:2930/3300 train_loss:3.40591 train_time:3560.887s step_avg:1215.32ms
step:2931/3300 train_loss:3.35892 train_time:3562.107s step_avg:1215.32ms
step:2932/3300 train_loss:3.35448 train_time:3563.338s step_avg:1215.33ms
step:2933/3300 train_loss:3.57601 train_time:3564.559s step_avg:1215.33ms
step:2934/3300 train_loss:3.33151 train_time:3565.766s step_avg:1215.33ms
step:2935/3300 train_loss:3.45359 train_time:3566.972s step_avg:1215.32ms
step:2936/3300 train_loss:3.37925 train_time:3568.185s step_avg:1215.32ms
step:2937/3300 train_loss:3.32925 train_time:3569.432s step_avg:1215.33ms
step:2938/3300 train_loss:3.36504 train_time:3570.641s step_avg:1215.33ms
step:2939/3300 train_loss:3.37387 train_time:3571.849s step_avg:1215.33ms
step:2940/3300 train_loss:3.30313 train_time:3573.056s step_avg:1215.33ms
step:2941/3300 train_loss:3.30930 train_time:3574.265s step_avg:1215.32ms
step:2942/3300 train_loss:3.27098 train_time:3575.475s step_avg:1215.32ms
step:2943/3300 train_loss:3.31133 train_time:3576.677s step_avg:1215.32ms
step:2944/3300 train_loss:3.26173 train_time:3577.876s step_avg:1215.31ms
step:2945/3300 train_loss:3.35146 train_time:3579.088s step_avg:1215.31ms
step:2946/3300 train_loss:3.33539 train_time:3580.305s step_avg:1215.31ms
step:2947/3300 train_loss:3.31237 train_time:3581.513s step_avg:1215.31ms
step:2948/3300 train_loss:3.36249 train_time:3582.718s step_avg:1215.30ms
step:2949/3300 train_loss:3.29685 train_time:3583.941s step_avg:1215.31ms
step:2950/3300 train_loss:3.31714 train_time:3585.151s step_avg:1215.31ms
step:2951/3300 train_loss:3.36613 train_time:3586.362s step_avg:1215.30ms
step:2952/3300 train_loss:3.28328 train_time:3587.577s step_avg:1215.30ms
step:2953/3300 train_loss:3.36735 train_time:3588.822s step_avg:1215.31ms
step:2954/3300 train_loss:3.35214 train_time:3590.029s step_avg:1215.31ms
step:2955/3300 train_loss:3.32634 train_time:3591.250s step_avg:1215.31ms
step:2956/3300 train_loss:3.32681 train_time:3592.462s step_avg:1215.31ms
step:2957/3300 train_loss:3.33735 train_time:3593.697s step_avg:1215.32ms
step:2958/3300 train_loss:3.34938 train_time:3594.898s step_avg:1215.31ms
step:2959/3300 train_loss:3.26984 train_time:3596.111s step_avg:1215.31ms
step:2960/3300 train_loss:3.31738 train_time:3597.317s step_avg:1215.31ms
step:2961/3300 train_loss:3.38686 train_time:3598.528s step_avg:1215.31ms
step:2962/3300 train_loss:3.28914 train_time:3599.741s step_avg:1215.31ms
step:2963/3300 train_loss:3.25753 train_time:3600.955s step_avg:1215.31ms
step:2964/3300 train_loss:3.28569 train_time:3602.158s step_avg:1215.30ms
step:2965/3300 train_loss:3.34115 train_time:3603.358s step_avg:1215.30ms
step:2966/3300 train_loss:3.27875 train_time:3604.562s step_avg:1215.29ms
step:2967/3300 train_loss:3.33606 train_time:3605.764s step_avg:1215.29ms
step:2968/3300 train_loss:3.32059 train_time:3606.967s step_avg:1215.29ms
step:2969/3300 train_loss:3.49249 train_time:3608.173s step_avg:1215.28ms
step:2970/3300 train_loss:3.32026 train_time:3609.386s step_avg:1215.28ms
step:2971/3300 train_loss:3.37366 train_time:3610.602s step_avg:1215.28ms
step:2972/3300 train_loss:3.29696 train_time:3611.814s step_avg:1215.28ms
step:2973/3300 train_loss:3.35268 train_time:3613.022s step_avg:1215.28ms
step:2974/3300 train_loss:3.25274 train_time:3614.242s step_avg:1215.28ms
step:2975/3300 train_loss:3.31501 train_time:3615.453s step_avg:1215.28ms
step:2976/3300 train_loss:3.32656 train_time:3616.665s step_avg:1215.28ms
step:2977/3300 train_loss:3.29495 train_time:3617.876s step_avg:1215.28ms
step:2978/3300 train_loss:3.39076 train_time:3619.086s step_avg:1215.27ms
step:2979/3300 train_loss:3.31620 train_time:3620.293s step_avg:1215.27ms
step:2980/3300 train_loss:3.35916 train_time:3621.504s step_avg:1215.27ms
step:2981/3300 train_loss:3.31408 train_time:3622.719s step_avg:1215.27ms
step:2982/3300 train_loss:3.37308 train_time:3623.934s step_avg:1215.27ms
step:2983/3300 train_loss:3.33246 train_time:3625.138s step_avg:1215.27ms
step:2984/3300 train_loss:3.36146 train_time:3626.339s step_avg:1215.26ms
step:2985/3300 train_loss:3.36573 train_time:3627.543s step_avg:1215.26ms
step:2986/3300 train_loss:3.35571 train_time:3628.768s step_avg:1215.26ms
step:2987/3300 train_loss:3.28049 train_time:3629.976s step_avg:1215.26ms
step:2988/3300 train_loss:3.24086 train_time:3631.185s step_avg:1215.26ms
step:2989/3300 train_loss:3.38645 train_time:3632.398s step_avg:1215.26ms
step:2990/3300 train_loss:3.34824 train_time:3633.601s step_avg:1215.25ms
step:2991/3300 train_loss:3.29571 train_time:3634.807s step_avg:1215.25ms
step:2992/3300 train_loss:3.30485 train_time:3636.017s step_avg:1215.25ms
step:2993/3300 train_loss:3.30386 train_time:3637.221s step_avg:1215.24ms
step:2994/3300 train_loss:3.28875 train_time:3638.432s step_avg:1215.24ms
step:2995/3300 train_loss:3.37896 train_time:3639.642s step_avg:1215.24ms
step:2996/3300 train_loss:3.26746 train_time:3640.848s step_avg:1215.24ms
step:2997/3300 train_loss:3.27771 train_time:3642.061s step_avg:1215.24ms
step:2998/3300 train_loss:3.34773 train_time:3643.276s step_avg:1215.24ms
step:2999/3300 train_loss:3.38258 train_time:3644.484s step_avg:1215.23ms
step:3000/3300 train_loss:3.34770 train_time:3645.696s step_avg:1215.23ms
step:3000/3300 val_loss:3.30473 train_time:3645.696s step_avg:1212.10ms
step:3001/3300 train_loss:3.31012 train_time:3646.907s step_avg:1215.23ms
step:3002/3300 train_loss:3.31896 train_time:3648.111s step_avg:1215.23ms
step:3003/3300 train_loss:3.30028 train_time:3649.318s step_avg:1215.22ms
step:3004/3300 train_loss:3.35804 train_time:3650.529s step_avg:1215.22ms
step:3005/3300 train_loss:3.32588 train_time:3651.738s step_avg:1215.22ms
step:3006/3300 train_loss:3.28643 train_time:3652.955s step_avg:1215.22ms
step:3007/3300 train_loss:3.30772 train_time:3654.174s step_avg:1215.22ms
step:3008/3300 train_loss:3.35644 train_time:3655.387s step_avg:1215.22ms
step:3009/3300 train_loss:3.29412 train_time:3656.593s step_avg:1215.22ms
step:3010/3300 train_loss:3.34090 train_time:3657.806s step_avg:1215.22ms
step:3011/3300 train_loss:3.34027 train_time:3659.012s step_avg:1215.21ms
step:3012/3300 train_loss:3.29633 train_time:3660.220s step_avg:1215.21ms
step:3013/3300 train_loss:3.37390 train_time:3661.425s step_avg:1215.21ms
step:3014/3300 train_loss:3.35714 train_time:3662.641s step_avg:1215.21ms
step:3015/3300 train_loss:3.33163 train_time:3663.861s step_avg:1215.21ms
step:3016/3300 train_loss:3.32044 train_time:3665.077s step_avg:1215.21ms
step:3017/3300 train_loss:3.32541 train_time:3666.305s step_avg:1215.22ms
step:3018/3300 train_loss:3.26416 train_time:3667.519s step_avg:1215.22ms
step:3019/3300 train_loss:3.33140 train_time:3668.732s step_avg:1215.21ms
step:3020/3300 train_loss:3.33442 train_time:3669.948s step_avg:1215.21ms
step:3021/3300 train_loss:3.28720 train_time:3671.158s step_avg:1215.21ms
step:3022/3300 train_loss:3.30576 train_time:3672.377s step_avg:1215.21ms
step:3023/3300 train_loss:3.26405 train_time:3673.598s step_avg:1215.22ms
step:3024/3300 train_loss:3.33019 train_time:3674.826s step_avg:1215.22ms
step:3025/3300 train_loss:3.31903 train_time:3676.045s step_avg:1215.22ms
step:3025/3300 val_loss:3.30091 train_time:3676.045s step_avg:1213.98ms
step:3026/3300 train_loss:3.27541 train_time:3677.263s step_avg:1215.22ms
step:3027/3300 train_loss:3.34151 train_time:3678.470s step_avg:1215.22ms
step:3028/3300 train_loss:3.24067 train_time:3679.675s step_avg:1215.22ms
step:3029/3300 train_loss:3.37398 train_time:3680.888s step_avg:1215.22ms
step:3030/3300 train_loss:3.20950 train_time:3682.094s step_avg:1215.21ms
step:3031/3300 train_loss:3.25693 train_time:3683.313s step_avg:1215.21ms
step:3032/3300 train_loss:3.35210 train_time:3684.526s step_avg:1215.21ms
step:3033/3300 train_loss:3.32174 train_time:3685.730s step_avg:1215.21ms
step:3034/3300 train_loss:3.28069 train_time:3686.930s step_avg:1215.20ms
step:3035/3300 train_loss:3.25180 train_time:3688.148s step_avg:1215.21ms
step:3036/3300 train_loss:3.30551 train_time:3689.366s step_avg:1215.21ms
step:3037/3300 train_loss:3.29042 train_time:3690.567s step_avg:1215.20ms
step:3038/3300 train_loss:3.29047 train_time:3691.774s step_avg:1215.20ms
step:3039/3300 train_loss:3.30512 train_time:3693.011s step_avg:1215.21ms
step:3040/3300 train_loss:3.33059 train_time:3694.221s step_avg:1215.20ms
step:3041/3300 train_loss:3.23607 train_time:3695.472s step_avg:1215.22ms
step:3042/3300 train_loss:3.26303 train_time:3696.680s step_avg:1215.21ms
step:3043/3300 train_loss:3.35010 train_time:3697.888s step_avg:1215.21ms
step:3044/3300 train_loss:3.41142 train_time:3699.106s step_avg:1215.21ms
step:3045/3300 train_loss:3.26301 train_time:3700.311s step_avg:1215.21ms
step:3046/3300 train_loss:3.27364 train_time:3701.520s step_avg:1215.21ms
step:3047/3300 train_loss:3.32118 train_time:3702.729s step_avg:1215.20ms
step:3048/3300 train_loss:3.26722 train_time:3703.939s step_avg:1215.20ms
step:3049/3300 train_loss:3.28435 train_time:3705.152s step_avg:1215.20ms
step:3050/3300 train_loss:3.30301 train_time:3706.357s step_avg:1215.20ms
step:3050/3300 val_loss:3.29799 train_time:3706.357s step_avg:1212.45ms
step:3051/3300 train_loss:3.26085 train_time:3707.572s step_avg:1215.20ms
step:3052/3300 train_loss:3.33040 train_time:3708.771s step_avg:1215.19ms
step:3053/3300 train_loss:3.30491 train_time:3709.974s step_avg:1215.19ms
step:3054/3300 train_loss:3.34449 train_time:3711.178s step_avg:1215.19ms
step:3055/3300 train_loss:3.35924 train_time:3712.395s step_avg:1215.19ms
step:3056/3300 train_loss:3.23881 train_time:3713.614s step_avg:1215.19ms
step:3057/3300 train_loss:3.29792 train_time:3714.819s step_avg:1215.18ms
step:3058/3300 train_loss:3.34216 train_time:3716.040s step_avg:1215.19ms
step:3059/3300 train_loss:3.37043 train_time:3717.245s step_avg:1215.18ms
step:3060/3300 train_loss:3.27921 train_time:3718.456s step_avg:1215.18ms
step:3061/3300 train_loss:3.31876 train_time:3719.673s step_avg:1215.18ms
step:3062/3300 train_loss:3.31245 train_time:3720.884s step_avg:1215.18ms
step:3063/3300 train_loss:3.34896 train_time:3722.107s step_avg:1215.18ms
step:3064/3300 train_loss:3.28079 train_time:3723.330s step_avg:1215.19ms
step:3065/3300 train_loss:3.32508 train_time:3724.536s step_avg:1215.18ms
step:3066/3300 train_loss:3.25601 train_time:3725.752s step_avg:1215.18ms
step:3067/3300 train_loss:3.25119 train_time:3726.969s step_avg:1215.18ms
step:3068/3300 train_loss:3.29837 train_time:3728.174s step_avg:1215.18ms
step:3069/3300 train_loss:3.33450 train_time:3729.377s step_avg:1215.18ms
step:3070/3300 train_loss:3.32509 train_time:3730.600s step_avg:1215.18ms
step:3071/3300 train_loss:3.35329 train_time:3731.814s step_avg:1215.18ms
step:3072/3300 train_loss:3.34974 train_time:3733.033s step_avg:1215.18ms
step:3073/3300 train_loss:3.26534 train_time:3734.241s step_avg:1215.18ms
step:3074/3300 train_loss:3.35445 train_time:3735.453s step_avg:1215.18ms
step:3075/3300 train_loss:3.27863 train_time:3736.685s step_avg:1215.18ms
step:3075/3300 val_loss:3.29525 train_time:3736.686s step_avg:1213.15ms
step:3076/3300 train_loss:3.34692 train_time:3737.916s step_avg:1215.19ms
step:3077/3300 train_loss:3.31299 train_time:3739.116s step_avg:1215.18ms
step:3078/3300 train_loss:3.38695 train_time:3740.351s step_avg:1215.19ms
step:3079/3300 train_loss:3.26824 train_time:3741.557s step_avg:1215.19ms
step:3080/3300 train_loss:3.33131 train_time:3742.771s step_avg:1215.19ms
step:3081/3300 train_loss:3.28072 train_time:3744.008s step_avg:1215.19ms
step:3082/3300 train_loss:3.27654 train_time:3745.223s step_avg:1215.19ms
step:3083/3300 train_loss:3.31814 train_time:3746.432s step_avg:1215.19ms
step:3084/3300 train_loss:3.29218 train_time:3747.656s step_avg:1215.19ms
step:3085/3300 train_loss:3.38603 train_time:3748.878s step_avg:1215.20ms
step:3086/3300 train_loss:3.30798 train_time:3750.082s step_avg:1215.19ms
step:3087/3300 train_loss:3.31128 train_time:3751.281s step_avg:1215.19ms
step:3088/3300 train_loss:3.30505 train_time:3752.496s step_avg:1215.19ms
step:3089/3300 train_loss:3.30216 train_time:3753.712s step_avg:1215.19ms
step:3090/3300 train_loss:3.34406 train_time:3754.917s step_avg:1215.18ms
step:3091/3300 train_loss:3.41559 train_time:3756.127s step_avg:1215.18ms
step:3092/3300 train_loss:3.34208 train_time:3757.333s step_avg:1215.18ms
step:3093/3300 train_loss:3.26151 train_time:3758.538s step_avg:1215.18ms
step:3094/3300 train_loss:3.33721 train_time:3759.739s step_avg:1215.17ms
step:3095/3300 train_loss:3.31909 train_time:3760.939s step_avg:1215.17ms
step:3096/3300 train_loss:3.31430 train_time:3762.144s step_avg:1215.16ms
step:3097/3300 train_loss:3.29933 train_time:3763.341s step_avg:1215.16ms
step:3098/3300 train_loss:3.25517 train_time:3764.543s step_avg:1215.15ms
step:3099/3300 train_loss:3.32512 train_time:3765.750s step_avg:1215.15ms
step:3100/3300 train_loss:3.24444 train_time:3766.955s step_avg:1215.15ms
step:3100/3300 val_loss:3.29242 train_time:3766.955s step_avg:1210.80ms
step:3101/3300 train_loss:3.29265 train_time:3768.164s step_avg:1215.14ms
step:3102/3300 train_loss:3.21686 train_time:3769.370s step_avg:1215.14ms
step:3103/3300 train_loss:3.34606 train_time:3770.571s step_avg:1215.14ms
step:3104/3300 train_loss:3.26189 train_time:3771.776s step_avg:1215.13ms
step:3105/3300 train_loss:3.29646 train_time:3772.987s step_avg:1215.13ms
step:3106/3300 train_loss:3.20195 train_time:3774.199s step_avg:1215.13ms
step:3107/3300 train_loss:3.18583 train_time:3775.408s step_avg:1215.13ms
step:3108/3300 train_loss:3.29990 train_time:3776.610s step_avg:1215.13ms
step:3109/3300 train_loss:3.29338 train_time:3777.808s step_avg:1215.12ms
step:3110/3300 train_loss:3.30655 train_time:3779.012s step_avg:1215.12ms
step:3111/3300 train_loss:3.24179 train_time:3780.226s step_avg:1215.12ms
step:3112/3300 train_loss:3.33899 train_time:3781.434s step_avg:1215.11ms
step:3113/3300 train_loss:3.24951 train_time:3782.642s step_avg:1215.11ms
step:3114/3300 train_loss:3.31470 train_time:3783.856s step_avg:1215.11ms
step:3115/3300 train_loss:3.32480 train_time:3785.054s step_avg:1215.11ms
step:3116/3300 train_loss:3.43150 train_time:3786.258s step_avg:1215.10ms
step:3117/3300 train_loss:3.28610 train_time:3787.463s step_avg:1215.10ms
step:3118/3300 train_loss:3.30893 train_time:3788.665s step_avg:1215.09ms
step:3119/3300 train_loss:3.29947 train_time:3789.886s step_avg:1215.10ms
step:3120/3300 train_loss:3.25139 train_time:3791.094s step_avg:1215.09ms
step:3121/3300 train_loss:3.34877 train_time:3792.301s step_avg:1215.09ms
step:3122/3300 train_loss:3.31990 train_time:3793.507s step_avg:1215.09ms
step:3123/3300 train_loss:3.31040 train_time:3794.714s step_avg:1215.09ms
step:3124/3300 train_loss:3.19102 train_time:3795.916s step_avg:1215.08ms
step:3125/3300 train_loss:3.30866 train_time:3797.111s step_avg:1215.08ms
step:3125/3300 val_loss:3.29001 train_time:3797.112s step_avg:1206.25ms
step:3126/3300 train_loss:3.25532 train_time:3798.323s step_avg:1215.07ms
step:3127/3300 train_loss:3.40432 train_time:3799.528s step_avg:1215.07ms
step:3128/3300 train_loss:3.30139 train_time:3800.739s step_avg:1215.07ms
step:3129/3300 train_loss:3.27958 train_time:3801.948s step_avg:1215.07ms
step:3130/3300 train_loss:3.29940 train_time:3803.160s step_avg:1215.07ms
step:3131/3300 train_loss:3.30593 train_time:3804.375s step_avg:1215.07ms
step:3132/3300 train_loss:3.23944 train_time:3805.600s step_avg:1215.07ms
step:3133/3300 train_loss:3.31808 train_time:3806.808s step_avg:1215.07ms
step:3134/3300 train_loss:3.27562 train_time:3808.010s step_avg:1215.06ms
step:3135/3300 train_loss:3.25698 train_time:3809.220s step_avg:1215.06ms
step:3136/3300 train_loss:3.27930 train_time:3810.432s step_avg:1215.06ms
step:3137/3300 train_loss:3.38030 train_time:3811.642s step_avg:1215.06ms
step:3138/3300 train_loss:3.29183 train_time:3812.850s step_avg:1215.06ms
step:3139/3300 train_loss:3.34041 train_time:3814.075s step_avg:1215.06ms
step:3140/3300 train_loss:3.33554 train_time:3815.289s step_avg:1215.06ms
step:3141/3300 train_loss:3.28892 train_time:3816.496s step_avg:1215.06ms
step:3142/3300 train_loss:3.30292 train_time:3817.710s step_avg:1215.06ms
step:3143/3300 train_loss:3.24303 train_time:3818.924s step_avg:1215.06ms
step:3144/3300 train_loss:3.34274 train_time:3820.133s step_avg:1215.05ms
step:3145/3300 train_loss:3.26903 train_time:3821.345s step_avg:1215.05ms
step:3146/3300 train_loss:3.32953 train_time:3822.559s step_avg:1215.05ms
step:3147/3300 train_loss:3.32885 train_time:3823.775s step_avg:1215.05ms
step:3148/3300 train_loss:3.30907 train_time:3824.993s step_avg:1215.05ms
step:3149/3300 train_loss:3.24298 train_time:3826.220s step_avg:1215.06ms
step:3150/3300 train_loss:3.29518 train_time:3827.448s step_avg:1215.06ms
step:3150/3300 val_loss:3.28713 train_time:3827.448s step_avg:1213.46ms
step:3151/3300 train_loss:3.28436 train_time:3828.664s step_avg:1215.06ms
step:3152/3300 train_loss:3.31361 train_time:3829.873s step_avg:1215.06ms
step:3153/3300 train_loss:3.31124 train_time:3831.085s step_avg:1215.06ms
step:3154/3300 train_loss:3.28057 train_time:3832.290s step_avg:1215.06ms
step:3155/3300 train_loss:3.30223 train_time:3833.500s step_avg:1215.06ms
step:3156/3300 train_loss:3.33006 train_time:3834.714s step_avg:1215.06ms
step:3157/3300 train_loss:3.28741 train_time:3835.931s step_avg:1215.06ms
step:3158/3300 train_loss:3.36488 train_time:3837.149s step_avg:1215.06ms
step:3159/3300 train_loss:3.29324 train_time:3838.362s step_avg:1215.06ms
step:3160/3300 train_loss:3.25943 train_time:3839.577s step_avg:1215.06ms
step:3161/3300 train_loss:3.27007 train_time:3840.802s step_avg:1215.06ms
step:3162/3300 train_loss:3.26642 train_time:3842.009s step_avg:1215.06ms
step:3163/3300 train_loss:3.22649 train_time:3843.215s step_avg:1215.05ms
step:3164/3300 train_loss:3.31483 train_time:3844.433s step_avg:1215.05ms
step:3165/3300 train_loss:3.29396 train_time:3845.650s step_avg:1215.06ms
step:3166/3300 train_loss:3.30044 train_time:3846.893s step_avg:1215.06ms
step:3167/3300 train_loss:3.27900 train_time:3848.099s step_avg:1215.06ms
step:3168/3300 train_loss:3.24634 train_time:3849.307s step_avg:1215.06ms
step:3169/3300 train_loss:3.33558 train_time:3850.513s step_avg:1215.06ms
step:3170/3300 train_loss:3.24967 train_time:3851.719s step_avg:1215.05ms
step:3171/3300 train_loss:3.34054 train_time:3852.932s step_avg:1215.05ms
step:3172/3300 train_loss:3.34049 train_time:3854.145s step_avg:1215.05ms
step:3173/3300 train_loss:3.29020 train_time:3855.355s step_avg:1215.05ms
step:3174/3300 train_loss:3.28386 train_time:3856.569s step_avg:1215.05ms
step:3175/3300 train_loss:3.33839 train_time:3857.775s step_avg:1215.05ms
step:3175/3300 val_loss:3.28471 train_time:3857.776s step_avg:1213.09ms
step:3176/3300 train_loss:3.29952 train_time:3858.996s step_avg:1215.05ms
step:3177/3300 train_loss:3.32145 train_time:3860.203s step_avg:1215.05ms
step:3178/3300 train_loss:3.37574 train_time:3861.406s step_avg:1215.04ms
step:3179/3300 train_loss:3.28874 train_time:3862.630s step_avg:1215.05ms
step:3180/3300 train_loss:3.26486 train_time:3863.845s step_avg:1215.05ms
step:3181/3300 train_loss:3.25818 train_time:3865.062s step_avg:1215.05ms
step:3182/3300 train_loss:3.24186 train_time:3866.263s step_avg:1215.04ms
step:3183/3300 train_loss:3.29907 train_time:3867.463s step_avg:1215.04ms
step:3184/3300 train_loss:3.28281 train_time:3868.667s step_avg:1215.03ms
step:3185/3300 train_loss:3.24754 train_time:3869.879s step_avg:1215.03ms
step:3186/3300 train_loss:3.31622 train_time:3871.089s step_avg:1215.03ms
step:3187/3300 train_loss:3.26786 train_time:3872.296s step_avg:1215.03ms
step:3188/3300 train_loss:3.30089 train_time:3873.504s step_avg:1215.03ms
step:3189/3300 train_loss:3.28411 train_time:3874.718s step_avg:1215.03ms
step:3190/3300 train_loss:3.29711 train_time:3875.924s step_avg:1215.02ms
step:3191/3300 train_loss:3.25028 train_time:3877.142s step_avg:1215.02ms
step:3192/3300 train_loss:3.33498 train_time:3878.362s step_avg:1215.03ms
step:3193/3300 train_loss:3.37892 train_time:3879.563s step_avg:1215.02ms
step:3194/3300 train_loss:3.35009 train_time:3880.768s step_avg:1215.02ms
step:3195/3300 train_loss:3.19477 train_time:3882.000s step_avg:1215.02ms
step:3196/3300 train_loss:3.47009 train_time:3883.212s step_avg:1215.02ms
step:3197/3300 train_loss:3.22088 train_time:3884.421s step_avg:1215.02ms
step:3198/3300 train_loss:3.30079 train_time:3885.631s step_avg:1215.02ms
step:3199/3300 train_loss:3.28852 train_time:3886.843s step_avg:1215.02ms
step:3200/3300 train_loss:3.26961 train_time:3888.052s step_avg:1215.02ms
step:3200/3300 val_loss:3.28250 train_time:3888.052s step_avg:1211.05ms
step:3201/3300 train_loss:3.30338 train_time:3889.308s step_avg:1215.03ms
step:3202/3300 train_loss:3.30144 train_time:3890.525s step_avg:1215.03ms
step:3203/3300 train_loss:3.25050 train_time:3891.730s step_avg:1215.03ms
step:3204/3300 train_loss:3.35615 train_time:3892.931s step_avg:1215.02ms
step:3205/3300 train_loss:3.36767 train_time:3894.143s step_avg:1215.02ms
step:3206/3300 train_loss:3.22486 train_time:3895.365s step_avg:1215.02ms
step:3207/3300 train_loss:3.32341 train_time:3896.578s step_avg:1215.02ms
step:3208/3300 train_loss:3.33921 train_time:3897.793s step_avg:1215.02ms
step:3209/3300 train_loss:3.26513 train_time:3899.033s step_avg:1215.03ms
step:3210/3300 train_loss:3.33737 train_time:3900.249s step_avg:1215.03ms
step:3211/3300 train_loss:3.24954 train_time:3901.456s step_avg:1215.03ms
step:3212/3300 train_loss:3.29900 train_time:3902.667s step_avg:1215.03ms
step:3213/3300 train_loss:3.31994 train_time:3903.870s step_avg:1215.02ms
step:3214/3300 train_loss:3.31444 train_time:3905.089s step_avg:1215.02ms
step:3215/3300 train_loss:3.24935 train_time:3906.298s step_avg:1215.02ms
step:3216/3300 train_loss:3.28230 train_time:3907.513s step_avg:1215.02ms
step:3217/3300 train_loss:3.30603 train_time:3908.721s step_avg:1215.02ms
step:3218/3300 train_loss:3.30380 train_time:3909.932s step_avg:1215.02ms
step:3219/3300 train_loss:3.32939 train_time:3911.134s step_avg:1215.02ms
step:3220/3300 train_loss:3.34925 train_time:3912.343s step_avg:1215.01ms
step:3221/3300 train_loss:3.29343 train_time:3913.553s step_avg:1215.01ms
step:3222/3300 train_loss:3.30009 train_time:3914.762s step_avg:1215.01ms
step:3223/3300 train_loss:3.27301 train_time:3916.029s step_avg:1215.03ms
step:3224/3300 train_loss:3.26073 train_time:3917.232s step_avg:1215.02ms
step:3225/3300 train_loss:3.25937 train_time:3918.437s step_avg:1215.02ms
step:3225/3300 val_loss:3.28052 train_time:3918.437s step_avg:1215.40ms
step:3226/3300 train_loss:3.27957 train_time:3919.650s step_avg:1215.02ms
step:3227/3300 train_loss:3.28724 train_time:3920.853s step_avg:1215.01ms
step:3228/3300 train_loss:3.28701 train_time:3922.059s step_avg:1215.01ms
step:3229/3300 train_loss:3.20727 train_time:3923.266s step_avg:1215.01ms
step:3230/3300 train_loss:3.30211 train_time:3924.473s step_avg:1215.01ms
step:3231/3300 train_loss:3.35104 train_time:3925.718s step_avg:1215.02ms
step:3232/3300 train_loss:3.26476 train_time:3926.928s step_avg:1215.01ms
step:3233/3300 train_loss:3.36673 train_time:3928.132s step_avg:1215.01ms
step:3234/3300 train_loss:3.21646 train_time:3929.333s step_avg:1215.01ms
step:3235/3300 train_loss:3.30863 train_time:3930.536s step_avg:1215.00ms
step:3236/3300 train_loss:3.33323 train_time:3931.760s step_avg:1215.01ms
step:3237/3300 train_loss:3.30619 train_time:3932.968s step_avg:1215.00ms
step:3238/3300 train_loss:3.28080 train_time:3934.194s step_avg:1215.01ms
step:3239/3300 train_loss:3.23386 train_time:3935.402s step_avg:1215.01ms
step:3240/3300 train_loss:3.30220 train_time:3936.629s step_avg:1215.01ms
step:3241/3300 train_loss:3.37039 train_time:3937.863s step_avg:1215.01ms
step:3242/3300 train_loss:3.33376 train_time:3939.072s step_avg:1215.01ms
step:3243/3300 train_loss:3.33929 train_time:3940.274s step_avg:1215.01ms
step:3244/3300 train_loss:3.34171 train_time:3941.484s step_avg:1215.01ms
step:3245/3300 train_loss:3.30220 train_time:3942.708s step_avg:1215.01ms
step:3246/3300 train_loss:3.31716 train_time:3943.937s step_avg:1215.01ms
step:3247/3300 train_loss:3.21336 train_time:3945.155s step_avg:1215.02ms
step:3248/3300 train_loss:3.21759 train_time:3946.372s step_avg:1215.02ms
step:3249/3300 train_loss:3.29887 train_time:3947.579s step_avg:1215.01ms
step:3250/3300 train_loss:3.30167 train_time:3948.785s step_avg:1215.01ms
step:3250/3300 val_loss:3.27894 train_time:3948.785s step_avg:1213.93ms
step:3251/3300 train_loss:3.28147 train_time:3949.992s step_avg:1215.01ms
step:3252/3300 train_loss:3.26736 train_time:3951.200s step_avg:1215.01ms
step:3253/3300 train_loss:3.32856 train_time:3952.401s step_avg:1215.00ms
step:3254/3300 train_loss:3.32818 train_time:3953.601s step_avg:1215.00ms
step:3255/3300 train_loss:3.30321 train_time:3954.811s step_avg:1215.00ms
step:3256/3300 train_loss:3.28931 train_time:3956.038s step_avg:1215.00ms
step:3257/3300 train_loss:3.30651 train_time:3957.240s step_avg:1215.00ms
step:3258/3300 train_loss:3.28906 train_time:3958.451s step_avg:1214.99ms
step:3259/3300 train_loss:3.33266 train_time:3959.670s step_avg:1215.00ms
step:3260/3300 train_loss:3.27782 train_time:3960.879s step_avg:1214.99ms
step:3261/3300 train_loss:3.28917 train_time:3962.091s step_avg:1214.99ms
step:3262/3300 train_loss:3.25906 train_time:3963.300s step_avg:1214.99ms
step:3263/3300 train_loss:3.41328 train_time:3964.506s step_avg:1214.99ms
step:3264/3300 train_loss:3.28276 train_time:3965.714s step_avg:1214.99ms
step:3265/3300 train_loss:3.34394 train_time:3966.925s step_avg:1214.98ms
step:3266/3300 train_loss:3.27172 train_time:3968.139s step_avg:1214.98ms
step:3267/3300 train_loss:3.35191 train_time:3969.351s step_avg:1214.98ms
step:3268/3300 train_loss:3.23010 train_time:3970.558s step_avg:1214.98ms
step:3269/3300 train_loss:3.34661 train_time:3971.768s step_avg:1214.98ms
step:3270/3300 train_loss:3.24162 train_time:3972.981s step_avg:1214.98ms
step:3271/3300 train_loss:3.29249 train_time:3974.211s step_avg:1214.98ms
step:3272/3300 train_loss:3.26457 train_time:3975.418s step_avg:1214.98ms
step:3273/3300 train_loss:3.28852 train_time:3976.621s step_avg:1214.98ms
step:3274/3300 train_loss:3.27228 train_time:3977.837s step_avg:1214.98ms
step:3275/3300 train_loss:3.27175 train_time:3979.044s step_avg:1214.98ms
step:3275/3300 val_loss:3.27774 train_time:3979.044s step_avg:1210.36ms
step:3276/3300 train_loss:3.25687 train_time:3980.264s step_avg:1214.98ms
step:3277/3300 train_loss:3.32090 train_time:3981.481s step_avg:1214.98ms
step:3278/3300 train_loss:3.23833 train_time:3982.710s step_avg:1214.98ms
step:3279/3300 train_loss:3.32161 train_time:3983.921s step_avg:1214.98ms
step:3280/3300 train_loss:3.20803 train_time:3985.131s step_avg:1214.98ms
step:3281/3300 train_loss:3.31118 train_time:3986.354s step_avg:1214.98ms
step:3282/3300 train_loss:3.28542 train_time:3987.568s step_avg:1214.98ms
step:3283/3300 train_loss:3.33575 train_time:3988.778s step_avg:1214.98ms
step:3284/3300 train_loss:3.24229 train_time:3989.986s step_avg:1214.98ms
step:3285/3300 train_loss:3.31708 train_time:3991.202s step_avg:1214.98ms
step:3286/3300 train_loss:3.25101 train_time:3992.413s step_avg:1214.98ms
step:3287/3300 train_loss:3.27471 train_time:3993.625s step_avg:1214.98ms
step:3288/3300 train_loss:3.36727 train_time:3994.822s step_avg:1214.97ms
step:3289/3300 train_loss:3.32900 train_time:3996.059s step_avg:1214.98ms
step:3290/3300 train_loss:3.20107 train_time:3997.312s step_avg:1214.99ms
step:3291/3300 train_loss:3.31511 train_time:3998.529s step_avg:1214.99ms
step:3292/3300 train_loss:3.29232 train_time:3999.739s step_avg:1214.99ms
step:3293/3300 train_loss:3.26723 train_time:4000.971s step_avg:1214.99ms
step:3294/3300 train_loss:3.33482 train_time:4002.212s step_avg:1215.00ms
step:3295/3300 train_loss:3.25997 train_time:4003.421s step_avg:1215.00ms
step:3296/3300 train_loss:3.29034 train_time:4004.629s step_avg:1215.00ms
step:3297/3300 train_loss:3.29100 train_time:4005.845s step_avg:1215.00ms
step:3298/3300 train_loss:3.26512 train_time:4007.061s step_avg:1215.00ms
step:3299/3300 train_loss:3.28008 train_time:4008.272s step_avg:1215.00ms
step:3300/3300 train_loss:3.28179 train_time:4009.490s step_avg:1215.00ms
step:3300/3300 val_loss:3.27719 train_time:4009.490s step_avg:1217.87ms
