logfile: ../../../../records/track_3_optimization/results/iclr_code/runs/uw_floor/seed42_c035_u_over_w/normuon_c035_u_over_w/raw/seed42_normuon_benchmark9_uwfloor_c0p35.txt
u_over_w_file: ../../../../records/track_3_optimization/results/iclr_code/runs/uw_floor/seed42_c035_u_over_w/normuon_c035_u_over_w/raw/seed42_normuon_benchmark9_uwfloor_c0p35_u_over_w.json
val_loss_file: ../../../../records/track_3_optimization/results/iclr_code/runs/uw_floor/seed42_c035_u_over_w/normuon_c035_u_over_w/raw/seed42_normuon_benchmark9_uwfloor_c0p35_val_loss.jsonl
scheme:normuon opt_mode:normuon rho:0.0 ns_steps:12 momentum:0.95 nesterov:True scale_ema_beta:0.9 interval:5 normuon_beta2:0.95 init_mode:benchmark_default
matrix_lr_base:0.0375 matrix_weight_decay_base:0.0 matrix_weight_decay_mode:decoupled
matrix_group:q/k/v initial_lr:0.0375 weight_decay:0.0
matrix_group:attn.proj initial_lr:0.0375 weight_decay:0.0
matrix_group:mlp.fc initial_lr:0.0375 weight_decay:0.0
matrix_group:mlp.proj initial_lr:0.0375 weight_decay:0.0
uw_floor_mode:fixed uw_floor_c:0.35 uw_floor_eps:1e-08
schedule_cooldown_frac:0.7
validation_frequency early:125 mid:125@3251 late:125@3251
seed:42 train_steps:3250 schedule_steps:3250 diag_freq:250
batch_tokens:524288 train_microbatches:8 train_microbatch_sequences:64 val_tokens:10485760
save_log:True save_diag:False save_u_over_w_json:True u_over_w_freq:5 save_val_loss_jsonl:True
step:S val_loss is after S optimizer updates
step:0/3250 val_loss:10.82583 train_time:0.000s step_avg:nanms
step:1/3250 train_loss:10.82584 train_time:40.853s step_avg:40852.90ms
step:2/3250 train_loss:10.43447 train_time:42.017s step_avg:21008.44ms
step:3/3250 train_loss:9.08429 train_time:43.241s step_avg:14413.55ms
step:4/3250 train_loss:7.92505 train_time:44.467s step_avg:11116.64ms
step:5/3250 train_loss:7.28229 train_time:45.714s step_avg:9142.78ms
step:6/3250 train_loss:6.91359 train_time:46.949s step_avg:7824.81ms
step:7/3250 train_loss:6.91320 train_time:48.193s step_avg:6884.68ms
step:8/3250 train_loss:6.69818 train_time:49.427s step_avg:6178.37ms
step:9/3250 train_loss:6.75564 train_time:50.664s step_avg:5629.31ms
step:10/3250 train_loss:6.60498 train_time:51.906s step_avg:5190.64ms
step:11/3250 train_loss:6.59283 train_time:53.155s step_avg:4832.24ms
step:12/3250 train_loss:6.47985 train_time:54.387s step_avg:4532.28ms
step:13/3250 train_loss:6.45653 train_time:55.625s step_avg:4278.87ms
step:14/3250 train_loss:6.38366 train_time:56.857s step_avg:4061.24ms
step:15/3250 train_loss:6.35925 train_time:58.112s step_avg:3874.15ms
step:16/3250 train_loss:6.26566 train_time:59.350s step_avg:3709.40ms
step:17/3250 train_loss:6.27766 train_time:60.590s step_avg:3564.14ms
step:18/3250 train_loss:6.30643 train_time:61.829s step_avg:3434.97ms
step:19/3250 train_loss:6.29967 train_time:63.072s step_avg:3319.55ms
step:20/3250 train_loss:6.12830 train_time:64.322s step_avg:3216.10ms
step:21/3250 train_loss:6.15334 train_time:65.557s step_avg:3121.75ms
step:22/3250 train_loss:6.19616 train_time:66.797s step_avg:3036.20ms
step:23/3250 train_loss:6.04988 train_time:68.035s step_avg:2958.05ms
step:24/3250 train_loss:6.10860 train_time:69.275s step_avg:2886.45ms
step:25/3250 train_loss:6.00017 train_time:70.526s step_avg:2821.05ms
step:26/3250 train_loss:6.01180 train_time:71.767s step_avg:2760.27ms
step:27/3250 train_loss:5.99811 train_time:73.011s step_avg:2704.11ms
step:28/3250 train_loss:5.89718 train_time:74.254s step_avg:2651.92ms
step:29/3250 train_loss:5.96841 train_time:75.494s step_avg:2603.25ms
step:30/3250 train_loss:5.86506 train_time:76.750s step_avg:2558.32ms
step:31/3250 train_loss:5.91567 train_time:77.993s step_avg:2515.91ms
step:32/3250 train_loss:5.83488 train_time:79.233s step_avg:2476.04ms
step:33/3250 train_loss:5.86284 train_time:80.479s step_avg:2438.77ms
step:34/3250 train_loss:5.79774 train_time:81.716s step_avg:2403.42ms
step:35/3250 train_loss:5.84047 train_time:82.972s step_avg:2370.62ms
step:36/3250 train_loss:5.73785 train_time:84.215s step_avg:2339.30ms
step:37/3250 train_loss:5.74642 train_time:85.455s step_avg:2309.60ms
step:38/3250 train_loss:5.70590 train_time:86.698s step_avg:2281.53ms
step:39/3250 train_loss:5.71566 train_time:87.936s step_avg:2254.77ms
step:40/3250 train_loss:5.64423 train_time:89.188s step_avg:2229.71ms
step:41/3250 train_loss:5.67627 train_time:90.429s step_avg:2205.59ms
step:42/3250 train_loss:5.59823 train_time:91.671s step_avg:2182.65ms
step:43/3250 train_loss:5.65984 train_time:92.914s step_avg:2160.79ms
step:44/3250 train_loss:5.54786 train_time:94.155s step_avg:2139.90ms
step:45/3250 train_loss:5.51998 train_time:95.413s step_avg:2120.30ms
step:46/3250 train_loss:5.53449 train_time:96.658s step_avg:2101.25ms
step:47/3250 train_loss:5.49947 train_time:97.898s step_avg:2082.93ms
step:48/3250 train_loss:5.50000 train_time:99.137s step_avg:2065.35ms
step:49/3250 train_loss:5.46891 train_time:100.376s step_avg:2048.50ms
step:50/3250 train_loss:5.46303 train_time:101.636s step_avg:2032.73ms
step:51/3250 train_loss:5.39589 train_time:102.876s step_avg:2017.18ms
step:52/3250 train_loss:5.44404 train_time:104.117s step_avg:2002.26ms
step:53/3250 train_loss:5.40034 train_time:105.358s step_avg:1987.88ms
step:54/3250 train_loss:5.38569 train_time:106.601s step_avg:1974.09ms
step:55/3250 train_loss:5.36689 train_time:107.860s step_avg:1961.09ms
step:56/3250 train_loss:5.33293 train_time:109.105s step_avg:1948.31ms
step:57/3250 train_loss:5.32068 train_time:110.335s step_avg:1935.70ms
step:58/3250 train_loss:5.32333 train_time:111.578s step_avg:1923.76ms
step:59/3250 train_loss:5.26123 train_time:112.818s step_avg:1912.16ms
step:60/3250 train_loss:5.26374 train_time:114.075s step_avg:1901.25ms
step:61/3250 train_loss:5.25248 train_time:115.316s step_avg:1890.43ms
step:62/3250 train_loss:5.24031 train_time:116.558s step_avg:1879.97ms
step:63/3250 train_loss:5.21164 train_time:117.797s step_avg:1869.80ms
step:64/3250 train_loss:5.21367 train_time:119.041s step_avg:1860.01ms
step:65/3250 train_loss:5.16189 train_time:120.301s step_avg:1850.79ms
step:66/3250 train_loss:5.21853 train_time:121.543s step_avg:1841.55ms
step:67/3250 train_loss:5.16773 train_time:122.780s step_avg:1832.54ms
step:68/3250 train_loss:5.28211 train_time:124.018s step_avg:1823.80ms
step:69/3250 train_loss:5.14490 train_time:125.258s step_avg:1815.33ms
step:70/3250 train_loss:5.13676 train_time:126.520s step_avg:1807.43ms
step:71/3250 train_loss:5.11692 train_time:127.760s step_avg:1799.44ms
step:72/3250 train_loss:5.13677 train_time:129.001s step_avg:1791.68ms
step:73/3250 train_loss:5.10842 train_time:130.240s step_avg:1784.11ms
step:74/3250 train_loss:5.11816 train_time:131.476s step_avg:1776.70ms
step:75/3250 train_loss:5.07875 train_time:132.739s step_avg:1769.85ms
step:76/3250 train_loss:5.03667 train_time:133.979s step_avg:1762.88ms
step:77/3250 train_loss:5.11437 train_time:135.220s step_avg:1756.10ms
step:78/3250 train_loss:5.09594 train_time:136.458s step_avg:1749.46ms
step:79/3250 train_loss:4.90436 train_time:137.701s step_avg:1743.05ms
step:80/3250 train_loss:5.03967 train_time:138.962s step_avg:1737.03ms
step:81/3250 train_loss:4.99743 train_time:140.201s step_avg:1730.87ms
step:82/3250 train_loss:5.15878 train_time:141.441s step_avg:1724.89ms
step:83/3250 train_loss:5.02181 train_time:142.680s step_avg:1719.04ms
step:84/3250 train_loss:5.00214 train_time:143.921s step_avg:1713.35ms
step:85/3250 train_loss:4.96269 train_time:145.185s step_avg:1708.06ms
step:86/3250 train_loss:4.99622 train_time:146.420s step_avg:1702.56ms
step:87/3250 train_loss:4.97665 train_time:147.662s step_avg:1697.27ms
step:88/3250 train_loss:4.96892 train_time:148.913s step_avg:1692.19ms
step:89/3250 train_loss:4.96341 train_time:150.155s step_avg:1687.13ms
step:90/3250 train_loss:4.90799 train_time:151.423s step_avg:1682.48ms
step:91/3250 train_loss:4.93640 train_time:152.657s step_avg:1677.55ms
step:92/3250 train_loss:4.92259 train_time:153.900s step_avg:1672.82ms
step:93/3250 train_loss:4.90226 train_time:155.136s step_avg:1668.13ms
step:94/3250 train_loss:4.92690 train_time:156.382s step_avg:1663.64ms
step:95/3250 train_loss:4.89611 train_time:157.647s step_avg:1659.45ms
step:96/3250 train_loss:4.82726 train_time:158.884s step_avg:1655.04ms
step:97/3250 train_loss:4.92661 train_time:160.123s step_avg:1650.75ms
step:98/3250 train_loss:4.87803 train_time:161.362s step_avg:1646.55ms
step:99/3250 train_loss:4.85794 train_time:162.614s step_avg:1642.57ms
step:100/3250 train_loss:4.81631 train_time:163.882s step_avg:1638.82ms
step:101/3250 train_loss:4.77827 train_time:165.120s step_avg:1634.85ms
step:102/3250 train_loss:4.79530 train_time:166.360s step_avg:1630.98ms
step:103/3250 train_loss:4.81541 train_time:167.602s step_avg:1627.20ms
step:104/3250 train_loss:4.90768 train_time:168.839s step_avg:1623.45ms
step:105/3250 train_loss:4.82971 train_time:170.109s step_avg:1620.09ms
step:106/3250 train_loss:4.86406 train_time:171.333s step_avg:1616.35ms
step:107/3250 train_loss:4.81847 train_time:172.565s step_avg:1612.75ms
step:108/3250 train_loss:4.74708 train_time:173.802s step_avg:1609.28ms
step:109/3250 train_loss:4.80995 train_time:175.058s step_avg:1606.03ms
step:110/3250 train_loss:4.84445 train_time:176.334s step_avg:1603.04ms
step:111/3250 train_loss:4.74081 train_time:177.575s step_avg:1599.78ms
step:112/3250 train_loss:4.78756 train_time:178.807s step_avg:1596.49ms
step:113/3250 train_loss:4.81192 train_time:180.057s step_avg:1593.43ms
step:114/3250 train_loss:4.74983 train_time:181.301s step_avg:1590.36ms
step:115/3250 train_loss:4.78280 train_time:182.574s step_avg:1587.60ms
step:116/3250 train_loss:4.75567 train_time:183.813s step_avg:1584.60ms
step:117/3250 train_loss:4.72328 train_time:185.044s step_avg:1581.57ms
step:118/3250 train_loss:4.72738 train_time:186.287s step_avg:1578.71ms
step:119/3250 train_loss:4.70079 train_time:187.526s step_avg:1575.85ms
step:120/3250 train_loss:4.68245 train_time:188.797s step_avg:1573.31ms
step:121/3250 train_loss:4.68406 train_time:190.049s step_avg:1570.65ms
step:122/3250 train_loss:4.62239 train_time:191.286s step_avg:1567.92ms
step:123/3250 train_loss:4.67408 train_time:192.525s step_avg:1565.24ms
step:124/3250 train_loss:4.64645 train_time:193.765s step_avg:1562.62ms
step:125/3250 train_loss:4.66145 train_time:195.050s step_avg:1560.40ms
step:125/3250 val_loss:4.64944 train_time:195.050s step_avg:1560.40ms
step:126/3250 train_loss:4.63459 train_time:196.288s step_avg:1557.84ms
step:127/3250 train_loss:4.71505 train_time:197.530s step_avg:1555.36ms
step:128/3250 train_loss:4.63262 train_time:198.776s step_avg:1552.94ms
step:129/3250 train_loss:4.71089 train_time:200.016s step_avg:1550.51ms
step:130/3250 train_loss:4.58232 train_time:201.306s step_avg:1548.51ms
step:131/3250 train_loss:4.64573 train_time:202.540s step_avg:1546.11ms
step:132/3250 train_loss:4.61560 train_time:203.773s step_avg:1543.74ms
step:133/3250 train_loss:4.57239 train_time:205.014s step_avg:1541.46ms
step:134/3250 train_loss:4.58697 train_time:206.265s step_avg:1539.29ms
step:135/3250 train_loss:4.63139 train_time:207.537s step_avg:1537.31ms
step:136/3250 train_loss:4.55310 train_time:208.808s step_avg:1535.35ms
step:137/3250 train_loss:4.59643 train_time:210.038s step_avg:1533.12ms
step:138/3250 train_loss:4.58908 train_time:211.277s step_avg:1530.99ms
step:139/3250 train_loss:4.55738 train_time:212.518s step_avg:1528.91ms
step:140/3250 train_loss:4.59583 train_time:213.797s step_avg:1527.12ms
step:141/3250 train_loss:4.51052 train_time:215.035s step_avg:1525.07ms
step:142/3250 train_loss:4.61559 train_time:216.288s step_avg:1523.15ms
step:143/3250 train_loss:4.53909 train_time:217.519s step_avg:1521.11ms
step:144/3250 train_loss:4.55056 train_time:218.763s step_avg:1519.18ms
step:145/3250 train_loss:4.51647 train_time:220.038s step_avg:1517.50ms
step:146/3250 train_loss:4.45267 train_time:221.319s step_avg:1515.89ms
step:147/3250 train_loss:4.48912 train_time:222.557s step_avg:1513.99ms
step:148/3250 train_loss:4.52005 train_time:223.806s step_avg:1512.20ms
step:149/3250 train_loss:4.53748 train_time:225.038s step_avg:1510.32ms
step:150/3250 train_loss:4.51799 train_time:226.319s step_avg:1508.79ms
step:151/3250 train_loss:4.48406 train_time:227.567s step_avg:1507.07ms
step:152/3250 train_loss:4.39502 train_time:228.800s step_avg:1505.26ms
step:153/3250 train_loss:4.43509 train_time:230.036s step_avg:1503.51ms
step:154/3250 train_loss:4.45481 train_time:231.296s step_avg:1501.92ms
step:155/3250 train_loss:4.49902 train_time:232.581s step_avg:1500.52ms
step:156/3250 train_loss:4.48179 train_time:233.823s step_avg:1498.87ms
step:157/3250 train_loss:4.48543 train_time:235.056s step_avg:1497.17ms
step:158/3250 train_loss:4.40111 train_time:236.296s step_avg:1495.54ms
step:159/3250 train_loss:4.43262 train_time:237.581s step_avg:1494.22ms
step:160/3250 train_loss:4.42303 train_time:238.864s step_avg:1492.90ms
step:161/3250 train_loss:4.43767 train_time:240.094s step_avg:1491.27ms
step:162/3250 train_loss:4.43409 train_time:241.333s step_avg:1489.71ms
step:163/3250 train_loss:4.39249 train_time:242.573s step_avg:1488.18ms
step:164/3250 train_loss:4.42158 train_time:243.815s step_avg:1486.68ms
step:165/3250 train_loss:4.37189 train_time:245.105s step_avg:1485.49ms
step:166/3250 train_loss:4.42692 train_time:246.358s step_avg:1484.08ms
step:167/3250 train_loss:4.33751 train_time:247.608s step_avg:1482.69ms
step:168/3250 train_loss:4.36241 train_time:248.847s step_avg:1481.23ms
step:169/3250 train_loss:4.34180 train_time:250.079s step_avg:1479.76ms
step:170/3250 train_loss:4.32014 train_time:251.367s step_avg:1478.63ms
step:171/3250 train_loss:4.31435 train_time:252.600s step_avg:1477.19ms
step:172/3250 train_loss:4.39346 train_time:253.839s step_avg:1475.81ms
step:173/3250 train_loss:4.32728 train_time:255.080s step_avg:1474.45ms
step:174/3250 train_loss:4.37318 train_time:256.332s step_avg:1473.17ms
step:175/3250 train_loss:4.35200 train_time:257.612s step_avg:1472.07ms
step:176/3250 train_loss:4.32570 train_time:258.857s step_avg:1470.78ms
step:177/3250 train_loss:4.31604 train_time:260.106s step_avg:1469.53ms
step:178/3250 train_loss:4.32732 train_time:261.343s step_avg:1468.22ms
step:179/3250 train_loss:4.34237 train_time:262.583s step_avg:1466.95ms
step:180/3250 train_loss:4.31149 train_time:263.875s step_avg:1465.97ms
step:181/3250 train_loss:4.28399 train_time:265.115s step_avg:1464.72ms
step:182/3250 train_loss:4.31194 train_time:266.354s step_avg:1463.48ms
step:183/3250 train_loss:4.25197 train_time:267.594s step_avg:1462.26ms
step:184/3250 train_loss:4.32238 train_time:268.835s step_avg:1461.06ms
step:185/3250 train_loss:4.28074 train_time:270.125s step_avg:1460.13ms
step:186/3250 train_loss:4.28058 train_time:271.361s step_avg:1458.93ms
step:187/3250 train_loss:4.33572 train_time:272.609s step_avg:1457.80ms
step:188/3250 train_loss:4.30541 train_time:273.843s step_avg:1456.61ms
step:189/3250 train_loss:4.22074 train_time:275.081s step_avg:1455.45ms
step:190/3250 train_loss:4.26791 train_time:276.385s step_avg:1454.66ms
step:191/3250 train_loss:4.18798 train_time:277.744s step_avg:1454.16ms
step:192/3250 train_loss:4.31513 train_time:279.007s step_avg:1453.16ms
step:193/3250 train_loss:4.26444 train_time:280.241s step_avg:1452.02ms
step:194/3250 train_loss:4.31659 train_time:281.495s step_avg:1451.00ms
step:195/3250 train_loss:4.28767 train_time:282.793s step_avg:1450.22ms
step:196/3250 train_loss:4.31608 train_time:284.021s step_avg:1449.09ms
step:197/3250 train_loss:4.23142 train_time:285.256s step_avg:1448.00ms
step:198/3250 train_loss:4.27714 train_time:286.494s step_avg:1446.94ms
step:199/3250 train_loss:4.22470 train_time:287.726s step_avg:1445.86ms
step:200/3250 train_loss:4.41122 train_time:289.025s step_avg:1445.13ms
step:201/3250 train_loss:4.25354 train_time:290.261s step_avg:1444.09ms
step:202/3250 train_loss:4.24957 train_time:291.537s step_avg:1443.25ms
step:203/3250 train_loss:4.29484 train_time:292.778s step_avg:1442.26ms
step:204/3250 train_loss:4.26076 train_time:294.016s step_avg:1441.26ms
step:205/3250 train_loss:4.22816 train_time:295.322s step_avg:1440.59ms
step:206/3250 train_loss:4.18531 train_time:296.567s step_avg:1439.65ms
step:207/3250 train_loss:4.26446 train_time:297.813s step_avg:1438.71ms
step:208/3250 train_loss:4.23177 train_time:299.047s step_avg:1437.73ms
step:209/3250 train_loss:4.14998 train_time:300.282s step_avg:1436.76ms
step:210/3250 train_loss:4.24033 train_time:301.579s step_avg:1436.09ms
step:211/3250 train_loss:4.19621 train_time:302.824s step_avg:1435.19ms
step:212/3250 train_loss:4.20416 train_time:304.060s step_avg:1434.24ms
step:213/3250 train_loss:4.19978 train_time:305.302s step_avg:1433.34ms
step:214/3250 train_loss:4.20823 train_time:306.542s step_avg:1432.44ms
step:215/3250 train_loss:4.19483 train_time:307.843s step_avg:1431.83ms
step:216/3250 train_loss:4.16093 train_time:309.085s step_avg:1430.95ms
step:217/3250 train_loss:4.22756 train_time:310.323s step_avg:1430.06ms
step:218/3250 train_loss:4.16408 train_time:311.560s step_avg:1429.17ms
step:219/3250 train_loss:4.18557 train_time:312.796s step_avg:1428.29ms
step:220/3250 train_loss:4.16243 train_time:314.094s step_avg:1427.70ms
step:221/3250 train_loss:4.14839 train_time:315.323s step_avg:1426.80ms
step:222/3250 train_loss:4.14678 train_time:316.566s step_avg:1425.97ms
step:223/3250 train_loss:4.23386 train_time:317.812s step_avg:1425.17ms
step:224/3250 train_loss:4.20579 train_time:319.049s step_avg:1424.33ms
step:225/3250 train_loss:4.13171 train_time:320.346s step_avg:1423.76ms
step:226/3250 train_loss:4.14330 train_time:321.598s step_avg:1423.00ms
step:227/3250 train_loss:4.13845 train_time:322.837s step_avg:1422.19ms
step:228/3250 train_loss:4.19880 train_time:324.068s step_avg:1421.35ms
step:229/3250 train_loss:4.18614 train_time:325.301s step_avg:1420.53ms
step:230/3250 train_loss:4.11350 train_time:326.602s step_avg:1420.01ms
step:231/3250 train_loss:4.13966 train_time:327.845s step_avg:1419.24ms
step:232/3250 train_loss:4.11681 train_time:329.095s step_avg:1418.51ms
step:233/3250 train_loss:4.16259 train_time:330.332s step_avg:1417.73ms
step:234/3250 train_loss:4.16417 train_time:331.574s step_avg:1416.98ms
step:235/3250 train_loss:4.19027 train_time:332.871s step_avg:1416.47ms
step:236/3250 train_loss:4.19153 train_time:334.108s step_avg:1415.71ms
step:237/3250 train_loss:4.21271 train_time:335.352s step_avg:1414.99ms
step:238/3250 train_loss:4.16632 train_time:336.587s step_avg:1414.23ms
step:239/3250 train_loss:4.09952 train_time:337.828s step_avg:1413.51ms
step:240/3250 train_loss:4.12511 train_time:339.130s step_avg:1413.04ms
step:241/3250 train_loss:4.26264 train_time:340.374s step_avg:1412.34ms
step:242/3250 train_loss:4.21603 train_time:341.608s step_avg:1411.60ms
step:243/3250 train_loss:4.10402 train_time:342.847s step_avg:1410.89ms
step:244/3250 train_loss:4.17505 train_time:344.094s step_avg:1410.22ms
step:245/3250 train_loss:4.09282 train_time:345.390s step_avg:1409.75ms
step:246/3250 train_loss:4.11866 train_time:346.629s step_avg:1409.06ms
step:247/3250 train_loss:4.05881 train_time:347.880s step_avg:1408.42ms
step:248/3250 train_loss:4.11623 train_time:349.125s step_avg:1407.76ms
step:249/3250 train_loss:4.11023 train_time:350.363s step_avg:1407.08ms
step:250/3250 train_loss:4.06489 train_time:351.667s step_avg:1406.67ms
step:250/3250 val_loss:4.10478 train_time:351.667s step_avg:1252.94ms
step:251/3250 train_loss:4.14374 train_time:352.899s step_avg:1405.97ms
step:252/3250 train_loss:4.15594 train_time:354.126s step_avg:1405.26ms
step:253/3250 train_loss:4.10080 train_time:355.365s step_avg:1404.60ms
step:254/3250 train_loss:4.06106 train_time:356.603s step_avg:1403.95ms
step:255/3250 train_loss:4.14056 train_time:357.912s step_avg:1403.58ms
step:256/3250 train_loss:4.08399 train_time:359.158s step_avg:1402.96ms
step:257/3250 train_loss:4.09807 train_time:360.397s step_avg:1402.32ms
step:258/3250 train_loss:4.17875 train_time:361.629s step_avg:1401.66ms
step:259/3250 train_loss:4.07407 train_time:362.868s step_avg:1401.04ms
step:260/3250 train_loss:4.05770 train_time:364.182s step_avg:1400.70ms
step:261/3250 train_loss:4.05177 train_time:365.422s step_avg:1400.08ms
step:262/3250 train_loss:4.13062 train_time:366.671s step_avg:1399.51ms
step:263/3250 train_loss:4.09152 train_time:367.910s step_avg:1398.90ms
step:264/3250 train_loss:4.14318 train_time:369.152s step_avg:1398.30ms
step:265/3250 train_loss:4.00694 train_time:370.472s step_avg:1398.01ms
step:266/3250 train_loss:4.11447 train_time:371.708s step_avg:1397.40ms
step:267/3250 train_loss:4.05406 train_time:372.942s step_avg:1396.79ms
step:268/3250 train_loss:4.03416 train_time:374.178s step_avg:1396.19ms
step:269/3250 train_loss:4.07362 train_time:375.412s step_avg:1395.58ms
step:270/3250 train_loss:4.08004 train_time:376.718s step_avg:1395.25ms
step:271/3250 train_loss:4.12556 train_time:377.954s step_avg:1394.67ms
step:272/3250 train_loss:4.05699 train_time:379.191s step_avg:1394.09ms
step:273/3250 train_loss:4.09730 train_time:380.432s step_avg:1393.52ms
step:274/3250 train_loss:4.01687 train_time:381.672s step_avg:1392.96ms
step:275/3250 train_loss:4.08733 train_time:382.978s step_avg:1392.65ms
step:276/3250 train_loss:4.13069 train_time:384.215s step_avg:1392.08ms
step:277/3250 train_loss:4.02990 train_time:385.449s step_avg:1391.51ms
step:278/3250 train_loss:4.07495 train_time:386.691s step_avg:1390.97ms
step:279/3250 train_loss:4.00512 train_time:387.926s step_avg:1390.42ms
step:280/3250 train_loss:4.12352 train_time:389.238s step_avg:1390.13ms
step:281/3250 train_loss:4.08922 train_time:390.475s step_avg:1389.59ms
step:282/3250 train_loss:4.05376 train_time:391.724s step_avg:1389.09ms
step:283/3250 train_loss:4.06752 train_time:392.965s step_avg:1388.57ms
step:284/3250 train_loss:4.00916 train_time:394.201s step_avg:1388.03ms
step:285/3250 train_loss:4.09357 train_time:395.516s step_avg:1387.78ms
step:286/3250 train_loss:4.06693 train_time:396.754s step_avg:1387.25ms
step:287/3250 train_loss:4.03299 train_time:397.988s step_avg:1386.72ms
step:288/3250 train_loss:4.05449 train_time:399.224s step_avg:1386.20ms
step:289/3250 train_loss:4.04961 train_time:400.456s step_avg:1385.66ms
step:290/3250 train_loss:4.01580 train_time:401.797s step_avg:1385.51ms
step:291/3250 train_loss:4.02648 train_time:403.037s step_avg:1385.01ms
step:292/3250 train_loss:4.07523 train_time:404.276s step_avg:1384.51ms
step:293/3250 train_loss:4.01153 train_time:405.516s step_avg:1384.01ms
step:294/3250 train_loss:4.19420 train_time:406.754s step_avg:1383.52ms
step:295/3250 train_loss:4.02265 train_time:408.102s step_avg:1383.40ms
step:296/3250 train_loss:4.01556 train_time:409.332s step_avg:1382.88ms
step:297/3250 train_loss:4.03522 train_time:410.569s step_avg:1382.39ms
step:298/3250 train_loss:4.03870 train_time:411.808s step_avg:1381.91ms
step:299/3250 train_loss:4.00799 train_time:413.049s step_avg:1381.44ms
step:300/3250 train_loss:4.01643 train_time:414.361s step_avg:1381.20ms
step:301/3250 train_loss:4.06818 train_time:415.596s step_avg:1380.72ms
step:302/3250 train_loss:3.99307 train_time:416.834s step_avg:1380.25ms
step:303/3250 train_loss:4.03488 train_time:418.078s step_avg:1379.79ms
step:304/3250 train_loss:4.02306 train_time:419.316s step_avg:1379.33ms
step:305/3250 train_loss:4.04366 train_time:420.633s step_avg:1379.12ms
step:306/3250 train_loss:3.99173 train_time:421.871s step_avg:1378.66ms
step:307/3250 train_loss:4.03368 train_time:423.112s step_avg:1378.21ms
step:308/3250 train_loss:4.02075 train_time:424.361s step_avg:1377.80ms
step:309/3250 train_loss:4.03434 train_time:425.597s step_avg:1377.34ms
step:310/3250 train_loss:4.09399 train_time:426.923s step_avg:1377.17ms
step:311/3250 train_loss:4.06605 train_time:428.152s step_avg:1376.69ms
step:312/3250 train_loss:3.99431 train_time:429.391s step_avg:1376.25ms
step:313/3250 train_loss:4.04500 train_time:430.632s step_avg:1375.82ms
step:314/3250 train_loss:4.00172 train_time:431.869s step_avg:1375.38ms
step:315/3250 train_loss:3.97304 train_time:433.176s step_avg:1375.16ms
step:316/3250 train_loss:3.98500 train_time:434.414s step_avg:1374.73ms
step:317/3250 train_loss:3.97932 train_time:435.658s step_avg:1374.32ms
step:318/3250 train_loss:3.96876 train_time:436.892s step_avg:1373.88ms
step:319/3250 train_loss:4.03101 train_time:438.128s step_avg:1373.44ms
step:320/3250 train_loss:4.00810 train_time:439.464s step_avg:1373.33ms
step:321/3250 train_loss:4.02887 train_time:440.693s step_avg:1372.87ms
step:322/3250 train_loss:3.98940 train_time:441.928s step_avg:1372.45ms
step:323/3250 train_loss:4.03156 train_time:443.153s step_avg:1371.99ms
step:324/3250 train_loss:3.97560 train_time:444.389s step_avg:1371.57ms
step:325/3250 train_loss:4.06702 train_time:445.722s step_avg:1371.45ms
step:326/3250 train_loss:3.99760 train_time:446.957s step_avg:1371.03ms
step:327/3250 train_loss:4.12918 train_time:448.200s step_avg:1370.64ms
step:328/3250 train_loss:4.05071 train_time:449.438s step_avg:1370.24ms
step:329/3250 train_loss:4.01994 train_time:450.674s step_avg:1369.83ms
step:330/3250 train_loss:3.94216 train_time:451.995s step_avg:1369.68ms
step:331/3250 train_loss:4.05176 train_time:453.230s step_avg:1369.28ms
step:332/3250 train_loss:3.96173 train_time:454.474s step_avg:1368.90ms
step:333/3250 train_loss:3.93504 train_time:455.711s step_avg:1368.50ms
step:334/3250 train_loss:3.97497 train_time:456.953s step_avg:1368.12ms
step:335/3250 train_loss:4.05993 train_time:458.277s step_avg:1367.99ms
step:336/3250 train_loss:4.01029 train_time:459.514s step_avg:1367.60ms
step:337/3250 train_loss:4.28490 train_time:460.754s step_avg:1367.22ms
step:338/3250 train_loss:3.97981 train_time:461.994s step_avg:1366.85ms
step:339/3250 train_loss:3.95574 train_time:463.234s step_avg:1366.47ms
step:340/3250 train_loss:3.95678 train_time:464.587s step_avg:1366.43ms
step:341/3250 train_loss:3.98695 train_time:465.829s step_avg:1366.07ms
step:342/3250 train_loss:3.97559 train_time:467.059s step_avg:1365.67ms
step:343/3250 train_loss:4.04743 train_time:468.306s step_avg:1365.32ms
step:344/3250 train_loss:3.97610 train_time:469.540s step_avg:1364.94ms
step:345/3250 train_loss:3.93964 train_time:470.867s step_avg:1364.83ms
step:346/3250 train_loss:3.94760 train_time:472.112s step_avg:1364.49ms
step:347/3250 train_loss:3.95149 train_time:473.342s step_avg:1364.10ms
step:348/3250 train_loss:3.98544 train_time:474.590s step_avg:1363.76ms
step:349/3250 train_loss:3.92388 train_time:475.823s step_avg:1363.39ms
step:350/3250 train_loss:3.91720 train_time:477.152s step_avg:1363.29ms
step:351/3250 train_loss:3.90583 train_time:478.380s step_avg:1362.91ms
step:352/3250 train_loss:4.01440 train_time:479.621s step_avg:1362.56ms
step:353/3250 train_loss:3.91942 train_time:480.860s step_avg:1362.21ms
step:354/3250 train_loss:3.91292 train_time:482.095s step_avg:1361.85ms
step:355/3250 train_loss:4.00042 train_time:483.425s step_avg:1361.76ms
step:356/3250 train_loss:3.91621 train_time:484.664s step_avg:1361.41ms
step:357/3250 train_loss:3.99275 train_time:485.910s step_avg:1361.09ms
step:358/3250 train_loss:3.98101 train_time:487.144s step_avg:1360.74ms
step:359/3250 train_loss:3.88990 train_time:488.395s step_avg:1360.43ms
step:360/3250 train_loss:3.89502 train_time:489.734s step_avg:1360.37ms
step:361/3250 train_loss:4.01439 train_time:490.972s step_avg:1360.03ms
step:362/3250 train_loss:3.95962 train_time:492.203s step_avg:1359.68ms
step:363/3250 train_loss:3.93287 train_time:493.440s step_avg:1359.34ms
step:364/3250 train_loss:3.95416 train_time:494.683s step_avg:1359.02ms
step:365/3250 train_loss:3.99601 train_time:496.033s step_avg:1359.00ms
step:366/3250 train_loss:3.93681 train_time:497.269s step_avg:1358.66ms
step:367/3250 train_loss:3.97333 train_time:498.507s step_avg:1358.33ms
step:368/3250 train_loss:3.96319 train_time:499.745s step_avg:1358.00ms
step:369/3250 train_loss:3.95512 train_time:500.986s step_avg:1357.68ms
step:370/3250 train_loss:3.93073 train_time:502.327s step_avg:1357.64ms
step:371/3250 train_loss:3.95771 train_time:503.579s step_avg:1357.36ms
step:372/3250 train_loss:3.94216 train_time:504.823s step_avg:1357.05ms
step:373/3250 train_loss:3.96637 train_time:506.067s step_avg:1356.75ms
step:374/3250 train_loss:3.99038 train_time:507.301s step_avg:1356.42ms
step:375/3250 train_loss:3.96643 train_time:508.644s step_avg:1356.38ms
step:375/3250 val_loss:3.93750 train_time:508.644s step_avg:1255.81ms
step:376/3250 train_loss:4.05866 train_time:509.875s step_avg:1356.05ms
step:377/3250 train_loss:3.86019 train_time:511.113s step_avg:1355.74ms
step:378/3250 train_loss:3.96287 train_time:512.347s step_avg:1355.42ms
step:379/3250 train_loss:3.95317 train_time:513.594s step_avg:1355.13ms
step:380/3250 train_loss:3.91931 train_time:514.926s step_avg:1355.07ms
step:381/3250 train_loss:3.99718 train_time:516.203s step_avg:1354.86ms
step:382/3250 train_loss:3.91541 train_time:517.455s step_avg:1354.59ms
step:383/3250 train_loss:3.93695 train_time:518.691s step_avg:1354.29ms
step:384/3250 train_loss:3.92661 train_time:519.927s step_avg:1353.98ms
step:385/3250 train_loss:3.95613 train_time:521.260s step_avg:1353.92ms
step:386/3250 train_loss:3.95164 train_time:522.506s step_avg:1353.64ms
step:387/3250 train_loss:3.97194 train_time:523.744s step_avg:1353.34ms
step:388/3250 train_loss:3.95514 train_time:524.980s step_avg:1353.04ms
step:389/3250 train_loss:3.90520 train_time:526.233s step_avg:1352.78ms
step:390/3250 train_loss:3.95613 train_time:527.595s step_avg:1352.81ms
step:391/3250 train_loss:3.88617 train_time:528.828s step_avg:1352.50ms
step:392/3250 train_loss:3.93456 train_time:530.066s step_avg:1352.21ms
step:393/3250 train_loss:3.96875 train_time:531.311s step_avg:1351.94ms
step:394/3250 train_loss:3.95821 train_time:532.550s step_avg:1351.65ms
step:395/3250 train_loss:3.88309 train_time:533.889s step_avg:1351.62ms
step:396/3250 train_loss:3.80003 train_time:535.124s step_avg:1351.32ms
step:397/3250 train_loss:3.99080 train_time:536.366s step_avg:1351.05ms
step:398/3250 train_loss:3.92738 train_time:537.608s step_avg:1350.77ms
step:399/3250 train_loss:3.88219 train_time:538.849s step_avg:1350.50ms
step:400/3250 train_loss:3.96185 train_time:540.187s step_avg:1350.47ms
step:401/3250 train_loss:3.91132 train_time:541.436s step_avg:1350.21ms
step:402/3250 train_loss:3.92490 train_time:542.671s step_avg:1349.93ms
step:403/3250 train_loss:3.93074 train_time:543.906s step_avg:1349.64ms
step:404/3250 train_loss:3.90321 train_time:545.142s step_avg:1349.36ms
step:405/3250 train_loss:3.96521 train_time:546.493s step_avg:1349.36ms
step:406/3250 train_loss:3.93859 train_time:547.729s step_avg:1349.09ms
step:407/3250 train_loss:4.03891 train_time:548.973s step_avg:1348.83ms
step:408/3250 train_loss:3.95996 train_time:550.206s step_avg:1348.54ms
step:409/3250 train_loss:3.91032 train_time:551.443s step_avg:1348.27ms
step:410/3250 train_loss:3.91738 train_time:552.790s step_avg:1348.27ms
step:411/3250 train_loss:3.89462 train_time:554.026s step_avg:1348.00ms
step:412/3250 train_loss:3.98187 train_time:555.262s step_avg:1347.72ms
step:413/3250 train_loss:3.90525 train_time:556.498s step_avg:1347.45ms
step:414/3250 train_loss:3.94288 train_time:557.732s step_avg:1347.18ms
step:415/3250 train_loss:3.98274 train_time:559.074s step_avg:1347.17ms
step:416/3250 train_loss:3.90657 train_time:560.317s step_avg:1346.92ms
step:417/3250 train_loss:3.92219 train_time:561.553s step_avg:1346.65ms
step:418/3250 train_loss:3.91760 train_time:562.794s step_avg:1346.40ms
step:419/3250 train_loss:3.89467 train_time:564.029s step_avg:1346.13ms
step:420/3250 train_loss:3.88841 train_time:565.374s step_avg:1346.13ms
step:421/3250 train_loss:3.89007 train_time:566.617s step_avg:1345.88ms
step:422/3250 train_loss:3.87047 train_time:567.863s step_avg:1345.65ms
step:423/3250 train_loss:3.90377 train_time:569.101s step_avg:1345.39ms
step:424/3250 train_loss:3.93180 train_time:570.328s step_avg:1345.11ms
step:425/3250 train_loss:3.93942 train_time:571.694s step_avg:1345.16ms
step:426/3250 train_loss:3.86630 train_time:572.932s step_avg:1344.91ms
step:427/3250 train_loss:3.92190 train_time:574.168s step_avg:1344.66ms
step:428/3250 train_loss:3.86862 train_time:575.409s step_avg:1344.41ms
step:429/3250 train_loss:3.85172 train_time:576.650s step_avg:1344.17ms
step:430/3250 train_loss:3.87539 train_time:578.013s step_avg:1344.22ms
step:431/3250 train_loss:3.95259 train_time:579.246s step_avg:1343.96ms
step:432/3250 train_loss:3.89310 train_time:580.485s step_avg:1343.71ms
step:433/3250 train_loss:3.95310 train_time:581.726s step_avg:1343.48ms
step:434/3250 train_loss:3.90152 train_time:582.964s step_avg:1343.23ms
step:435/3250 train_loss:3.92024 train_time:584.308s step_avg:1343.24ms
step:436/3250 train_loss:3.95721 train_time:585.542s step_avg:1342.99ms
step:437/3250 train_loss:3.90491 train_time:586.784s step_avg:1342.75ms
step:438/3250 train_loss:3.91488 train_time:588.008s step_avg:1342.48ms
step:439/3250 train_loss:3.84182 train_time:589.244s step_avg:1342.24ms
step:440/3250 train_loss:3.90121 train_time:590.590s step_avg:1342.25ms
step:441/3250 train_loss:3.84275 train_time:591.830s step_avg:1342.02ms
step:442/3250 train_loss:3.88564 train_time:593.070s step_avg:1341.79ms
step:443/3250 train_loss:3.84475 train_time:594.318s step_avg:1341.57ms
step:444/3250 train_loss:3.94802 train_time:595.550s step_avg:1341.33ms
step:445/3250 train_loss:3.91210 train_time:596.945s step_avg:1341.45ms
step:446/3250 train_loss:3.89145 train_time:598.182s step_avg:1341.22ms
step:447/3250 train_loss:3.88400 train_time:599.414s step_avg:1340.97ms
step:448/3250 train_loss:3.93643 train_time:600.666s step_avg:1340.77ms
step:449/3250 train_loss:3.90119 train_time:601.914s step_avg:1340.57ms
step:450/3250 train_loss:3.89865 train_time:603.268s step_avg:1340.59ms
step:451/3250 train_loss:4.02594 train_time:604.500s step_avg:1340.36ms
step:452/3250 train_loss:3.92811 train_time:605.735s step_avg:1340.12ms
step:453/3250 train_loss:3.97162 train_time:606.978s step_avg:1339.91ms
step:454/3250 train_loss:3.81286 train_time:608.223s step_avg:1339.70ms
step:455/3250 train_loss:3.86881 train_time:609.568s step_avg:1339.71ms
step:456/3250 train_loss:3.87071 train_time:610.797s step_avg:1339.47ms
step:457/3250 train_loss:3.86623 train_time:612.044s step_avg:1339.27ms
step:458/3250 train_loss:3.90961 train_time:613.281s step_avg:1339.04ms
step:459/3250 train_loss:3.88745 train_time:614.515s step_avg:1338.81ms
step:460/3250 train_loss:3.94200 train_time:615.867s step_avg:1338.84ms
step:461/3250 train_loss:3.91662 train_time:617.099s step_avg:1338.61ms
step:462/3250 train_loss:3.80186 train_time:618.336s step_avg:1338.39ms
step:463/3250 train_loss:3.88962 train_time:619.571s step_avg:1338.17ms
step:464/3250 train_loss:3.90218 train_time:620.819s step_avg:1337.97ms
step:465/3250 train_loss:3.87883 train_time:622.185s step_avg:1338.03ms
step:466/3250 train_loss:3.89823 train_time:623.426s step_avg:1337.82ms
step:467/3250 train_loss:3.86130 train_time:624.658s step_avg:1337.60ms
step:468/3250 train_loss:3.90882 train_time:625.917s step_avg:1337.43ms
step:469/3250 train_loss:3.88091 train_time:627.163s step_avg:1337.23ms
step:470/3250 train_loss:3.81639 train_time:628.526s step_avg:1337.29ms
step:471/3250 train_loss:3.93624 train_time:629.770s step_avg:1337.09ms
step:472/3250 train_loss:3.85370 train_time:631.015s step_avg:1336.90ms
step:473/3250 train_loss:3.87651 train_time:632.257s step_avg:1336.70ms
step:474/3250 train_loss:3.87492 train_time:633.500s step_avg:1336.50ms
step:475/3250 train_loss:3.94459 train_time:634.873s step_avg:1336.57ms
step:476/3250 train_loss:3.89713 train_time:636.125s step_avg:1336.40ms
step:477/3250 train_loss:3.85235 train_time:637.360s step_avg:1336.19ms
step:478/3250 train_loss:3.89552 train_time:638.598s step_avg:1335.98ms
step:479/3250 train_loss:3.82862 train_time:639.849s step_avg:1335.80ms
step:480/3250 train_loss:3.96482 train_time:641.214s step_avg:1335.86ms
step:481/3250 train_loss:3.87144 train_time:642.456s step_avg:1335.67ms
step:482/3250 train_loss:3.79819 train_time:643.697s step_avg:1335.47ms
step:483/3250 train_loss:3.90703 train_time:644.929s step_avg:1335.26ms
step:484/3250 train_loss:3.88201 train_time:646.164s step_avg:1335.05ms
step:485/3250 train_loss:3.78042 train_time:647.540s step_avg:1335.13ms
step:486/3250 train_loss:3.88616 train_time:648.780s step_avg:1334.94ms
step:487/3250 train_loss:3.84998 train_time:650.014s step_avg:1334.73ms
step:488/3250 train_loss:3.85810 train_time:651.255s step_avg:1334.54ms
step:489/3250 train_loss:3.87621 train_time:652.498s step_avg:1334.35ms
step:490/3250 train_loss:3.82696 train_time:653.875s step_avg:1334.44ms
step:491/3250 train_loss:3.85844 train_time:655.113s step_avg:1334.24ms
step:492/3250 train_loss:3.90230 train_time:656.356s step_avg:1334.06ms
step:493/3250 train_loss:3.83352 train_time:657.599s step_avg:1333.87ms
step:494/3250 train_loss:3.83493 train_time:658.834s step_avg:1333.67ms
step:495/3250 train_loss:3.88927 train_time:660.206s step_avg:1333.75ms
step:496/3250 train_loss:3.80618 train_time:661.441s step_avg:1333.55ms
step:497/3250 train_loss:3.87525 train_time:662.679s step_avg:1333.36ms
step:498/3250 train_loss:3.84665 train_time:663.914s step_avg:1333.16ms
step:499/3250 train_loss:3.91922 train_time:665.150s step_avg:1332.97ms
step:500/3250 train_loss:3.85916 train_time:666.522s step_avg:1333.04ms
step:500/3250 val_loss:3.84551 train_time:666.522s step_avg:1263.03ms
step:501/3250 train_loss:3.91550 train_time:667.755s step_avg:1332.84ms
step:502/3250 train_loss:3.87261 train_time:668.989s step_avg:1332.65ms
step:503/3250 train_loss:3.81539 train_time:670.228s step_avg:1332.46ms
step:504/3250 train_loss:3.90024 train_time:671.466s step_avg:1332.27ms
step:505/3250 train_loss:3.85437 train_time:672.841s step_avg:1332.36ms
step:506/3250 train_loss:3.80515 train_time:674.081s step_avg:1332.18ms
step:507/3250 train_loss:3.93413 train_time:675.327s step_avg:1332.01ms
step:508/3250 train_loss:3.82765 train_time:676.564s step_avg:1331.82ms
step:509/3250 train_loss:3.86142 train_time:677.801s step_avg:1331.63ms
step:510/3250 train_loss:3.82246 train_time:679.180s step_avg:1331.73ms
step:511/3250 train_loss:3.80877 train_time:680.413s step_avg:1331.53ms
step:512/3250 train_loss:3.85810 train_time:681.649s step_avg:1331.35ms
step:513/3250 train_loss:3.85727 train_time:682.886s step_avg:1331.16ms
step:514/3250 train_loss:3.94424 train_time:684.126s step_avg:1330.98ms
step:515/3250 train_loss:3.81782 train_time:685.496s step_avg:1331.06ms
step:516/3250 train_loss:3.90260 train_time:686.731s step_avg:1330.87ms
step:517/3250 train_loss:3.87076 train_time:687.965s step_avg:1330.69ms
step:518/3250 train_loss:3.82226 train_time:689.205s step_avg:1330.51ms
step:519/3250 train_loss:3.90291 train_time:690.443s step_avg:1330.33ms
step:520/3250 train_loss:3.83125 train_time:691.812s step_avg:1330.41ms
step:521/3250 train_loss:3.81661 train_time:693.044s step_avg:1330.22ms
step:522/3250 train_loss:3.87652 train_time:694.276s step_avg:1330.03ms
step:523/3250 train_loss:3.85116 train_time:695.507s step_avg:1329.84ms
step:524/3250 train_loss:3.81892 train_time:696.747s step_avg:1329.67ms
step:525/3250 train_loss:3.79393 train_time:698.144s step_avg:1329.80ms
step:526/3250 train_loss:3.89966 train_time:699.382s step_avg:1329.62ms
step:527/3250 train_loss:3.83153 train_time:700.625s step_avg:1329.46ms
step:528/3250 train_loss:3.84165 train_time:701.863s step_avg:1329.29ms
step:529/3250 train_loss:3.87539 train_time:703.107s step_avg:1329.12ms
step:530/3250 train_loss:3.84549 train_time:704.483s step_avg:1329.21ms
step:531/3250 train_loss:3.79539 train_time:705.723s step_avg:1329.04ms
step:532/3250 train_loss:3.87401 train_time:706.952s step_avg:1328.86ms
step:533/3250 train_loss:3.82640 train_time:708.187s step_avg:1328.68ms
step:534/3250 train_loss:3.84929 train_time:709.425s step_avg:1328.51ms
step:535/3250 train_loss:3.94765 train_time:710.794s step_avg:1328.59ms
step:536/3250 train_loss:3.80824 train_time:712.026s step_avg:1328.41ms
step:537/3250 train_loss:3.79033 train_time:713.262s step_avg:1328.23ms
step:538/3250 train_loss:3.80569 train_time:714.489s step_avg:1328.05ms
step:539/3250 train_loss:3.99988 train_time:715.726s step_avg:1327.88ms
step:540/3250 train_loss:3.78795 train_time:717.108s step_avg:1327.98ms
step:541/3250 train_loss:3.88420 train_time:718.345s step_avg:1327.81ms
step:542/3250 train_loss:3.81983 train_time:719.583s step_avg:1327.64ms
step:543/3250 train_loss:3.81901 train_time:720.835s step_avg:1327.51ms
step:544/3250 train_loss:3.85305 train_time:722.085s step_avg:1327.36ms
step:545/3250 train_loss:3.80931 train_time:723.458s step_avg:1327.45ms
step:546/3250 train_loss:3.79109 train_time:724.701s step_avg:1327.29ms
step:547/3250 train_loss:3.84087 train_time:725.934s step_avg:1327.12ms
step:548/3250 train_loss:3.75911 train_time:727.169s step_avg:1326.95ms
step:549/3250 train_loss:3.80634 train_time:728.415s step_avg:1326.80ms
step:550/3250 train_loss:3.84547 train_time:729.846s step_avg:1326.99ms
step:551/3250 train_loss:3.80429 train_time:731.084s step_avg:1326.83ms
step:552/3250 train_loss:3.94078 train_time:732.326s step_avg:1326.68ms
step:553/3250 train_loss:3.83514 train_time:733.560s step_avg:1326.51ms
step:554/3250 train_loss:3.82145 train_time:734.797s step_avg:1326.35ms
step:555/3250 train_loss:3.87538 train_time:736.188s step_avg:1326.47ms
step:556/3250 train_loss:3.81363 train_time:737.424s step_avg:1326.30ms
step:557/3250 train_loss:3.77093 train_time:738.658s step_avg:1326.14ms
step:558/3250 train_loss:3.82052 train_time:739.894s step_avg:1325.97ms
step:559/3250 train_loss:3.89061 train_time:741.135s step_avg:1325.82ms
step:560/3250 train_loss:3.83301 train_time:742.514s step_avg:1325.92ms
step:561/3250 train_loss:3.80475 train_time:743.761s step_avg:1325.78ms
step:562/3250 train_loss:3.80328 train_time:744.992s step_avg:1325.61ms
step:563/3250 train_loss:3.80372 train_time:746.228s step_avg:1325.45ms
step:564/3250 train_loss:3.84313 train_time:747.465s step_avg:1325.29ms
step:565/3250 train_loss:3.80806 train_time:748.848s step_avg:1325.39ms
step:566/3250 train_loss:3.84525 train_time:750.086s step_avg:1325.24ms
step:567/3250 train_loss:3.81092 train_time:751.320s step_avg:1325.08ms
step:568/3250 train_loss:3.89886 train_time:752.551s step_avg:1324.91ms
step:569/3250 train_loss:3.82297 train_time:753.791s step_avg:1324.76ms
step:570/3250 train_loss:3.80068 train_time:755.178s step_avg:1324.87ms
step:571/3250 train_loss:3.76199 train_time:756.453s step_avg:1324.79ms
step:572/3250 train_loss:3.82978 train_time:757.691s step_avg:1324.63ms
step:573/3250 train_loss:3.89822 train_time:758.929s step_avg:1324.48ms
step:574/3250 train_loss:3.80147 train_time:760.172s step_avg:1324.34ms
step:575/3250 train_loss:3.85522 train_time:761.558s step_avg:1324.45ms
step:576/3250 train_loss:3.83168 train_time:762.802s step_avg:1324.31ms
step:577/3250 train_loss:3.82655 train_time:764.033s step_avg:1324.15ms
step:578/3250 train_loss:3.88482 train_time:765.276s step_avg:1324.01ms
step:579/3250 train_loss:3.78523 train_time:766.511s step_avg:1323.85ms
step:580/3250 train_loss:3.85650 train_time:767.897s step_avg:1323.96ms
step:581/3250 train_loss:3.84939 train_time:769.134s step_avg:1323.81ms
step:582/3250 train_loss:3.87396 train_time:770.369s step_avg:1323.66ms
step:583/3250 train_loss:3.82683 train_time:771.609s step_avg:1323.51ms
step:584/3250 train_loss:3.79410 train_time:772.844s step_avg:1323.36ms
step:585/3250 train_loss:3.82620 train_time:774.228s step_avg:1323.47ms
step:586/3250 train_loss:3.92119 train_time:775.458s step_avg:1323.31ms
step:587/3250 train_loss:3.78647 train_time:776.696s step_avg:1323.16ms
step:588/3250 train_loss:3.85498 train_time:777.935s step_avg:1323.02ms
step:589/3250 train_loss:3.90540 train_time:779.173s step_avg:1322.88ms
step:590/3250 train_loss:3.80525 train_time:780.565s step_avg:1322.99ms
step:591/3250 train_loss:3.81989 train_time:781.800s step_avg:1322.84ms
step:592/3250 train_loss:3.79871 train_time:783.039s step_avg:1322.70ms
step:593/3250 train_loss:3.75818 train_time:784.277s step_avg:1322.56ms
step:594/3250 train_loss:3.88731 train_time:785.514s step_avg:1322.41ms
step:595/3250 train_loss:3.82794 train_time:786.900s step_avg:1322.52ms
step:596/3250 train_loss:3.80485 train_time:788.144s step_avg:1322.39ms
step:597/3250 train_loss:3.81776 train_time:789.370s step_avg:1322.23ms
step:598/3250 train_loss:3.83881 train_time:790.606s step_avg:1322.08ms
step:599/3250 train_loss:3.79306 train_time:791.840s step_avg:1321.94ms
step:600/3250 train_loss:3.80862 train_time:793.227s step_avg:1322.05ms
step:601/3250 train_loss:3.80965 train_time:794.462s step_avg:1321.90ms
step:602/3250 train_loss:3.82021 train_time:795.696s step_avg:1321.75ms
step:603/3250 train_loss:3.84753 train_time:796.937s step_avg:1321.62ms
step:604/3250 train_loss:3.86476 train_time:798.171s step_avg:1321.48ms
step:605/3250 train_loss:3.80892 train_time:799.555s step_avg:1321.58ms
step:606/3250 train_loss:3.82476 train_time:800.794s step_avg:1321.44ms
step:607/3250 train_loss:3.80920 train_time:802.051s step_avg:1321.34ms
step:608/3250 train_loss:3.80220 train_time:803.279s step_avg:1321.18ms
step:609/3250 train_loss:3.82467 train_time:804.517s step_avg:1321.05ms
step:610/3250 train_loss:3.79304 train_time:805.930s step_avg:1321.20ms
step:611/3250 train_loss:3.81689 train_time:807.158s step_avg:1321.04ms
step:612/3250 train_loss:3.75563 train_time:808.397s step_avg:1320.91ms
step:613/3250 train_loss:3.79501 train_time:809.636s step_avg:1320.78ms
step:614/3250 train_loss:3.82659 train_time:810.874s step_avg:1320.64ms
step:615/3250 train_loss:3.79276 train_time:812.282s step_avg:1320.78ms
step:616/3250 train_loss:3.81471 train_time:813.519s step_avg:1320.65ms
step:617/3250 train_loss:3.80259 train_time:814.762s step_avg:1320.52ms
step:618/3250 train_loss:3.83174 train_time:816.003s step_avg:1320.39ms
step:619/3250 train_loss:3.85090 train_time:817.238s step_avg:1320.25ms
step:620/3250 train_loss:3.78287 train_time:818.646s step_avg:1320.40ms
step:621/3250 train_loss:3.88897 train_time:819.884s step_avg:1320.26ms
step:622/3250 train_loss:3.83046 train_time:821.119s step_avg:1320.13ms
step:623/3250 train_loss:3.80928 train_time:822.357s step_avg:1319.99ms
step:624/3250 train_loss:3.84146 train_time:823.593s step_avg:1319.86ms
step:625/3250 train_loss:3.82298 train_time:824.982s step_avg:1319.97ms
step:625/3250 val_loss:3.79079 train_time:824.982s step_avg:1267.68ms
step:626/3250 train_loss:3.82629 train_time:826.225s step_avg:1319.85ms
step:627/3250 train_loss:3.82570 train_time:827.486s step_avg:1319.75ms
step:628/3250 train_loss:3.76599 train_time:828.719s step_avg:1319.62ms
step:629/3250 train_loss:3.79090 train_time:829.953s step_avg:1319.48ms
step:630/3250 train_loss:3.78854 train_time:831.366s step_avg:1319.63ms
step:631/3250 train_loss:3.78872 train_time:832.596s step_avg:1319.49ms
step:632/3250 train_loss:3.80016 train_time:833.831s step_avg:1319.35ms
step:633/3250 train_loss:3.81232 train_time:835.068s step_avg:1319.22ms
step:634/3250 train_loss:3.75841 train_time:836.311s step_avg:1319.10ms
step:635/3250 train_loss:3.85553 train_time:837.716s step_avg:1319.24ms
step:636/3250 train_loss:3.75437 train_time:838.952s step_avg:1319.11ms
step:637/3250 train_loss:3.72127 train_time:840.181s step_avg:1318.97ms
step:638/3250 train_loss:3.83571 train_time:841.416s step_avg:1318.83ms
step:639/3250 train_loss:3.78231 train_time:842.648s step_avg:1318.70ms
step:640/3250 train_loss:3.79563 train_time:844.055s step_avg:1318.84ms
step:641/3250 train_loss:3.87302 train_time:845.289s step_avg:1318.70ms
step:642/3250 train_loss:3.74702 train_time:846.522s step_avg:1318.57ms
step:643/3250 train_loss:3.83896 train_time:847.762s step_avg:1318.45ms
step:644/3250 train_loss:3.77963 train_time:849.000s step_avg:1318.32ms
step:645/3250 train_loss:3.81684 train_time:850.402s step_avg:1318.45ms
step:646/3250 train_loss:3.82840 train_time:851.638s step_avg:1318.32ms
step:647/3250 train_loss:3.90137 train_time:852.878s step_avg:1318.20ms
step:648/3250 train_loss:3.81387 train_time:854.113s step_avg:1318.08ms
step:649/3250 train_loss:3.80489 train_time:855.350s step_avg:1317.95ms
step:650/3250 train_loss:3.77405 train_time:856.747s step_avg:1318.07ms
step:651/3250 train_loss:3.75156 train_time:857.981s step_avg:1317.94ms
step:652/3250 train_loss:3.75517 train_time:859.217s step_avg:1317.82ms
step:653/3250 train_loss:3.77439 train_time:860.456s step_avg:1317.70ms
step:654/3250 train_loss:3.82077 train_time:861.703s step_avg:1317.59ms
step:655/3250 train_loss:3.77699 train_time:863.105s step_avg:1317.72ms
step:656/3250 train_loss:3.83896 train_time:864.341s step_avg:1317.59ms
step:657/3250 train_loss:3.74132 train_time:865.580s step_avg:1317.47ms
step:658/3250 train_loss:3.85476 train_time:866.813s step_avg:1317.34ms
step:659/3250 train_loss:3.82752 train_time:868.045s step_avg:1317.21ms
step:660/3250 train_loss:3.85661 train_time:869.446s step_avg:1317.34ms
step:661/3250 train_loss:3.84629 train_time:870.694s step_avg:1317.24ms
step:662/3250 train_loss:3.85034 train_time:871.923s step_avg:1317.10ms
step:663/3250 train_loss:3.74838 train_time:873.155s step_avg:1316.98ms
step:664/3250 train_loss:3.74961 train_time:874.384s step_avg:1316.84ms
step:665/3250 train_loss:3.77321 train_time:875.830s step_avg:1317.04ms
step:666/3250 train_loss:3.82656 train_time:877.084s step_avg:1316.94ms
step:667/3250 train_loss:3.83629 train_time:878.319s step_avg:1316.82ms
step:668/3250 train_loss:3.80897 train_time:879.555s step_avg:1316.70ms
step:669/3250 train_loss:3.80827 train_time:880.792s step_avg:1316.58ms
step:670/3250 train_loss:3.79109 train_time:882.207s step_avg:1316.73ms
step:671/3250 train_loss:3.77574 train_time:883.441s step_avg:1316.60ms
step:672/3250 train_loss:3.84135 train_time:884.679s step_avg:1316.49ms
step:673/3250 train_loss:3.79187 train_time:885.916s step_avg:1316.37ms
step:674/3250 train_loss:3.77845 train_time:887.179s step_avg:1316.29ms
step:675/3250 train_loss:3.84134 train_time:888.587s step_avg:1316.43ms
step:676/3250 train_loss:3.77644 train_time:889.817s step_avg:1316.30ms
step:677/3250 train_loss:3.76893 train_time:891.065s step_avg:1316.20ms
step:678/3250 train_loss:3.78104 train_time:892.305s step_avg:1316.08ms
step:679/3250 train_loss:3.79808 train_time:893.552s step_avg:1315.98ms
step:680/3250 train_loss:3.80341 train_time:894.960s step_avg:1316.12ms
step:681/3250 train_loss:3.71859 train_time:896.204s step_avg:1316.01ms
step:682/3250 train_loss:3.81275 train_time:897.451s step_avg:1315.91ms
step:683/3250 train_loss:3.85889 train_time:898.680s step_avg:1315.78ms
step:684/3250 train_loss:3.80004 train_time:899.915s step_avg:1315.67ms
step:685/3250 train_loss:3.84276 train_time:901.334s step_avg:1315.82ms
step:686/3250 train_loss:3.84047 train_time:902.570s step_avg:1315.70ms
step:687/3250 train_loss:3.75913 train_time:903.804s step_avg:1315.58ms
step:688/3250 train_loss:3.75715 train_time:905.038s step_avg:1315.46ms
step:689/3250 train_loss:3.76074 train_time:906.273s step_avg:1315.34ms
step:690/3250 train_loss:3.78373 train_time:907.714s step_avg:1315.53ms
step:691/3250 train_loss:3.80044 train_time:908.940s step_avg:1315.40ms
step:692/3250 train_loss:3.76411 train_time:910.179s step_avg:1315.29ms
step:693/3250 train_loss:3.80942 train_time:911.412s step_avg:1315.17ms
step:694/3250 train_loss:3.76985 train_time:912.644s step_avg:1315.05ms
step:695/3250 train_loss:3.72332 train_time:914.058s step_avg:1315.19ms
step:696/3250 train_loss:3.84065 train_time:915.295s step_avg:1315.08ms
step:697/3250 train_loss:3.73856 train_time:916.529s step_avg:1314.96ms
step:698/3250 train_loss:3.77392 train_time:917.775s step_avg:1314.86ms
step:699/3250 train_loss:3.81631 train_time:919.007s step_avg:1314.74ms
step:700/3250 train_loss:3.74679 train_time:920.423s step_avg:1314.89ms
step:701/3250 train_loss:3.75413 train_time:921.666s step_avg:1314.79ms
step:702/3250 train_loss:3.75765 train_time:922.902s step_avg:1314.67ms
step:703/3250 train_loss:3.69285 train_time:924.132s step_avg:1314.55ms
step:704/3250 train_loss:3.77208 train_time:925.360s step_avg:1314.43ms
step:705/3250 train_loss:3.69293 train_time:926.808s step_avg:1314.62ms
step:706/3250 train_loss:3.73664 train_time:928.051s step_avg:1314.52ms
step:707/3250 train_loss:3.81134 train_time:929.288s step_avg:1314.41ms
step:708/3250 train_loss:3.78969 train_time:930.530s step_avg:1314.31ms
step:709/3250 train_loss:3.77936 train_time:931.770s step_avg:1314.20ms
step:710/3250 train_loss:3.76558 train_time:933.199s step_avg:1314.36ms
step:711/3250 train_loss:3.76885 train_time:934.429s step_avg:1314.25ms
step:712/3250 train_loss:3.72326 train_time:935.675s step_avg:1314.15ms
step:713/3250 train_loss:3.81716 train_time:936.933s step_avg:1314.07ms
step:714/3250 train_loss:3.68802 train_time:938.175s step_avg:1313.97ms
step:715/3250 train_loss:3.86609 train_time:939.598s step_avg:1314.12ms
step:716/3250 train_loss:3.76034 train_time:940.824s step_avg:1314.00ms
step:717/3250 train_loss:3.81762 train_time:942.064s step_avg:1313.90ms
step:718/3250 train_loss:3.80058 train_time:943.300s step_avg:1313.79ms
step:719/3250 train_loss:3.80859 train_time:944.526s step_avg:1313.67ms
step:720/3250 train_loss:3.80860 train_time:945.956s step_avg:1313.83ms
step:721/3250 train_loss:3.78514 train_time:947.190s step_avg:1313.72ms
step:722/3250 train_loss:3.78494 train_time:948.436s step_avg:1313.62ms
step:723/3250 train_loss:3.82337 train_time:949.665s step_avg:1313.51ms
step:724/3250 train_loss:3.74000 train_time:950.906s step_avg:1313.41ms
step:725/3250 train_loss:3.74766 train_time:952.338s step_avg:1313.57ms
step:726/3250 train_loss:3.78930 train_time:953.569s step_avg:1313.46ms
step:727/3250 train_loss:3.74216 train_time:954.803s step_avg:1313.35ms
step:728/3250 train_loss:3.77221 train_time:956.042s step_avg:1313.24ms
step:729/3250 train_loss:3.80797 train_time:957.282s step_avg:1313.14ms
step:730/3250 train_loss:3.83948 train_time:958.697s step_avg:1313.28ms
step:731/3250 train_loss:3.80387 train_time:959.929s step_avg:1313.17ms
step:732/3250 train_loss:3.80632 train_time:961.165s step_avg:1313.07ms
step:733/3250 train_loss:3.80086 train_time:962.404s step_avg:1312.97ms
step:734/3250 train_loss:3.86371 train_time:963.635s step_avg:1312.85ms
step:735/3250 train_loss:3.78029 train_time:965.056s step_avg:1313.00ms
step:736/3250 train_loss:3.78346 train_time:966.292s step_avg:1312.90ms
step:737/3250 train_loss:3.81307 train_time:967.527s step_avg:1312.79ms
step:738/3250 train_loss:3.77890 train_time:968.771s step_avg:1312.70ms
step:739/3250 train_loss:3.78378 train_time:970.005s step_avg:1312.59ms
step:740/3250 train_loss:3.89416 train_time:971.432s step_avg:1312.75ms
step:741/3250 train_loss:3.76786 train_time:972.671s step_avg:1312.65ms
step:742/3250 train_loss:3.74627 train_time:973.903s step_avg:1312.54ms
step:743/3250 train_loss:3.79672 train_time:975.140s step_avg:1312.44ms
step:744/3250 train_loss:3.69669 train_time:976.375s step_avg:1312.33ms
step:745/3250 train_loss:3.75613 train_time:977.832s step_avg:1312.53ms
step:746/3250 train_loss:3.78638 train_time:979.074s step_avg:1312.43ms
step:747/3250 train_loss:3.75356 train_time:980.309s step_avg:1312.33ms
step:748/3250 train_loss:3.80082 train_time:981.567s step_avg:1312.26ms
step:749/3250 train_loss:3.72652 train_time:982.801s step_avg:1312.15ms
step:750/3250 train_loss:3.80136 train_time:984.220s step_avg:1312.29ms
step:750/3250 val_loss:3.75328 train_time:984.220s step_avg:1273.91ms
step:751/3250 train_loss:3.73007 train_time:985.457s step_avg:1312.19ms
step:752/3250 train_loss:3.77504 train_time:986.692s step_avg:1312.09ms
step:753/3250 train_loss:3.77542 train_time:987.934s step_avg:1312.00ms
step:754/3250 train_loss:3.86073 train_time:989.170s step_avg:1311.90ms
step:755/3250 train_loss:3.80767 train_time:990.592s step_avg:1312.04ms
step:756/3250 train_loss:3.86286 train_time:991.828s step_avg:1311.94ms
step:757/3250 train_loss:3.77541 train_time:993.062s step_avg:1311.84ms
step:758/3250 train_loss:3.78229 train_time:994.294s step_avg:1311.73ms
step:759/3250 train_loss:3.73594 train_time:995.534s step_avg:1311.64ms
step:760/3250 train_loss:3.78630 train_time:996.965s step_avg:1311.80ms
step:761/3250 train_loss:3.73466 train_time:998.237s step_avg:1311.74ms
step:762/3250 train_loss:3.73154 train_time:999.474s step_avg:1311.65ms
step:763/3250 train_loss:3.78594 train_time:1000.712s step_avg:1311.55ms
step:764/3250 train_loss:3.75211 train_time:1001.937s step_avg:1311.44ms
step:765/3250 train_loss:3.90562 train_time:1003.399s step_avg:1311.63ms
step:766/3250 train_loss:3.85637 train_time:1004.636s step_avg:1311.53ms
step:767/3250 train_loss:3.80638 train_time:1005.870s step_avg:1311.43ms
step:768/3250 train_loss:3.84775 train_time:1007.097s step_avg:1311.32ms
step:769/3250 train_loss:3.91687 train_time:1008.334s step_avg:1311.23ms
step:770/3250 train_loss:3.76022 train_time:1009.785s step_avg:1311.41ms
step:771/3250 train_loss:3.81286 train_time:1011.019s step_avg:1311.31ms
step:772/3250 train_loss:3.73542 train_time:1012.254s step_avg:1311.21ms
step:773/3250 train_loss:3.78151 train_time:1013.490s step_avg:1311.11ms
step:774/3250 train_loss:3.79077 train_time:1014.718s step_avg:1311.00ms
step:775/3250 train_loss:3.79492 train_time:1016.156s step_avg:1311.17ms
step:776/3250 train_loss:3.71972 train_time:1017.389s step_avg:1311.07ms
step:777/3250 train_loss:3.74645 train_time:1018.621s step_avg:1310.97ms
step:778/3250 train_loss:3.80084 train_time:1019.876s step_avg:1310.89ms
step:779/3250 train_loss:3.74716 train_time:1021.113s step_avg:1310.80ms
step:780/3250 train_loss:3.76522 train_time:1022.553s step_avg:1310.96ms
step:781/3250 train_loss:3.75252 train_time:1023.784s step_avg:1310.86ms
step:782/3250 train_loss:3.76741 train_time:1025.031s step_avg:1310.78ms
step:783/3250 train_loss:3.74306 train_time:1026.262s step_avg:1310.68ms
step:784/3250 train_loss:3.75537 train_time:1027.500s step_avg:1310.59ms
step:785/3250 train_loss:3.70787 train_time:1028.947s step_avg:1310.76ms
step:786/3250 train_loss:3.76430 train_time:1030.191s step_avg:1310.68ms
step:787/3250 train_loss:3.75990 train_time:1031.421s step_avg:1310.57ms
step:788/3250 train_loss:3.73901 train_time:1032.655s step_avg:1310.48ms
step:789/3250 train_loss:3.82004 train_time:1033.894s step_avg:1310.39ms
step:790/3250 train_loss:3.76368 train_time:1035.322s step_avg:1310.53ms
step:791/3250 train_loss:3.86005 train_time:1036.560s step_avg:1310.44ms
step:792/3250 train_loss:3.82308 train_time:1037.795s step_avg:1310.35ms
step:793/3250 train_loss:3.74795 train_time:1039.041s step_avg:1310.27ms
step:794/3250 train_loss:4.08393 train_time:1040.281s step_avg:1310.18ms
step:795/3250 train_loss:3.75143 train_time:1041.733s step_avg:1310.36ms
step:796/3250 train_loss:3.78601 train_time:1042.963s step_avg:1310.25ms
step:797/3250 train_loss:3.77017 train_time:1044.201s step_avg:1310.16ms
step:798/3250 train_loss:3.83194 train_time:1045.437s step_avg:1310.07ms
step:799/3250 train_loss:3.77181 train_time:1046.674s step_avg:1309.98ms
step:800/3250 train_loss:3.76960 train_time:1048.118s step_avg:1310.15ms
step:801/3250 train_loss:3.90609 train_time:1049.354s step_avg:1310.05ms
step:802/3250 train_loss:3.73854 train_time:1050.593s step_avg:1309.97ms
step:803/3250 train_loss:3.76132 train_time:1051.822s step_avg:1309.87ms
step:804/3250 train_loss:3.75873 train_time:1053.065s step_avg:1309.78ms
step:805/3250 train_loss:3.77632 train_time:1054.509s step_avg:1309.95ms
step:806/3250 train_loss:3.76637 train_time:1055.747s step_avg:1309.86ms
step:807/3250 train_loss:3.74071 train_time:1056.984s step_avg:1309.77ms
step:808/3250 train_loss:3.76546 train_time:1058.224s step_avg:1309.68ms
step:809/3250 train_loss:3.75976 train_time:1059.467s step_avg:1309.60ms
step:810/3250 train_loss:3.77576 train_time:1060.914s step_avg:1309.77ms
step:811/3250 train_loss:3.77394 train_time:1062.147s step_avg:1309.68ms
step:812/3250 train_loss:3.86033 train_time:1063.385s step_avg:1309.59ms
step:813/3250 train_loss:3.82703 train_time:1064.626s step_avg:1309.50ms
step:814/3250 train_loss:3.75181 train_time:1065.864s step_avg:1309.41ms
step:815/3250 train_loss:3.77536 train_time:1067.309s step_avg:1309.58ms
step:816/3250 train_loss:3.75512 train_time:1068.546s step_avg:1309.49ms
step:817/3250 train_loss:3.79540 train_time:1069.799s step_avg:1309.42ms
step:818/3250 train_loss:3.72973 train_time:1071.047s step_avg:1309.35ms
step:819/3250 train_loss:3.71693 train_time:1072.282s step_avg:1309.26ms
step:820/3250 train_loss:3.73413 train_time:1073.735s step_avg:1309.43ms
step:821/3250 train_loss:3.77763 train_time:1074.965s step_avg:1309.34ms
step:822/3250 train_loss:3.70584 train_time:1076.198s step_avg:1309.24ms
step:823/3250 train_loss:3.69286 train_time:1077.425s step_avg:1309.14ms
step:824/3250 train_loss:3.75054 train_time:1078.676s step_avg:1309.07ms
step:825/3250 train_loss:3.66563 train_time:1080.117s step_avg:1309.23ms
step:826/3250 train_loss:3.71602 train_time:1081.348s step_avg:1309.14ms
step:827/3250 train_loss:3.75623 train_time:1082.582s step_avg:1309.05ms
step:828/3250 train_loss:3.73356 train_time:1083.825s step_avg:1308.97ms
step:829/3250 train_loss:3.77956 train_time:1085.060s step_avg:1308.88ms
step:830/3250 train_loss:3.80683 train_time:1086.516s step_avg:1309.06ms
step:831/3250 train_loss:3.85370 train_time:1087.741s step_avg:1308.95ms
step:832/3250 train_loss:3.76210 train_time:1088.972s step_avg:1308.86ms
step:833/3250 train_loss:3.74680 train_time:1090.212s step_avg:1308.78ms
step:834/3250 train_loss:3.75124 train_time:1091.450s step_avg:1308.69ms
step:835/3250 train_loss:3.71187 train_time:1092.916s step_avg:1308.88ms
step:836/3250 train_loss:3.74077 train_time:1094.147s step_avg:1308.79ms
step:837/3250 train_loss:3.71964 train_time:1095.384s step_avg:1308.70ms
step:838/3250 train_loss:3.79670 train_time:1096.618s step_avg:1308.61ms
step:839/3250 train_loss:3.75149 train_time:1097.848s step_avg:1308.52ms
step:840/3250 train_loss:3.73872 train_time:1099.334s step_avg:1308.73ms
step:841/3250 train_loss:3.76247 train_time:1100.567s step_avg:1308.64ms
step:842/3250 train_loss:3.71967 train_time:1101.800s step_avg:1308.55ms
step:843/3250 train_loss:3.74437 train_time:1103.029s step_avg:1308.46ms
step:844/3250 train_loss:3.77411 train_time:1104.267s step_avg:1308.37ms
step:845/3250 train_loss:3.76667 train_time:1105.719s step_avg:1308.54ms
step:846/3250 train_loss:3.74521 train_time:1106.945s step_avg:1308.45ms
step:847/3250 train_loss:3.73499 train_time:1108.180s step_avg:1308.36ms
step:848/3250 train_loss:3.79315 train_time:1109.411s step_avg:1308.27ms
step:849/3250 train_loss:3.74029 train_time:1110.649s step_avg:1308.18ms
step:850/3250 train_loss:3.80815 train_time:1112.099s step_avg:1308.35ms
step:851/3250 train_loss:3.74761 train_time:1113.333s step_avg:1308.26ms
step:852/3250 train_loss:3.75806 train_time:1114.570s step_avg:1308.18ms
step:853/3250 train_loss:3.75415 train_time:1115.809s step_avg:1308.10ms
step:854/3250 train_loss:3.71919 train_time:1117.044s step_avg:1308.01ms
step:855/3250 train_loss:3.76986 train_time:1118.537s step_avg:1308.23ms
step:856/3250 train_loss:3.79146 train_time:1119.778s step_avg:1308.15ms
step:857/3250 train_loss:3.70266 train_time:1121.004s step_avg:1308.06ms
step:858/3250 train_loss:3.72901 train_time:1122.251s step_avg:1307.98ms
step:859/3250 train_loss:3.75266 train_time:1123.494s step_avg:1307.91ms
step:860/3250 train_loss:3.72353 train_time:1124.952s step_avg:1308.08ms
step:861/3250 train_loss:3.72838 train_time:1126.186s step_avg:1308.00ms
step:862/3250 train_loss:3.70220 train_time:1127.422s step_avg:1307.91ms
step:863/3250 train_loss:3.75739 train_time:1128.652s step_avg:1307.82ms
step:864/3250 train_loss:3.75742 train_time:1129.895s step_avg:1307.75ms
step:865/3250 train_loss:3.86777 train_time:1131.362s step_avg:1307.93ms
step:866/3250 train_loss:3.78424 train_time:1132.590s step_avg:1307.84ms
step:867/3250 train_loss:3.73082 train_time:1133.832s step_avg:1307.76ms
step:868/3250 train_loss:3.69393 train_time:1135.070s step_avg:1307.68ms
step:869/3250 train_loss:3.72132 train_time:1136.304s step_avg:1307.60ms
step:870/3250 train_loss:3.75624 train_time:1137.764s step_avg:1307.78ms
step:871/3250 train_loss:3.72194 train_time:1139.022s step_avg:1307.72ms
step:872/3250 train_loss:3.76916 train_time:1140.276s step_avg:1307.66ms
step:873/3250 train_loss:3.74436 train_time:1141.514s step_avg:1307.58ms
step:874/3250 train_loss:3.69749 train_time:1142.748s step_avg:1307.49ms
step:875/3250 train_loss:3.73696 train_time:1144.217s step_avg:1307.68ms
step:875/3250 val_loss:3.72117 train_time:1144.217s step_avg:1279.97ms
step:876/3250 train_loss:3.77873 train_time:1145.473s step_avg:1307.62ms
step:877/3250 train_loss:3.72309 train_time:1146.712s step_avg:1307.54ms
step:878/3250 train_loss:3.79332 train_time:1147.946s step_avg:1307.46ms
step:879/3250 train_loss:3.74394 train_time:1149.181s step_avg:1307.37ms
step:880/3250 train_loss:3.70957 train_time:1150.641s step_avg:1307.55ms
step:881/3250 train_loss:3.73228 train_time:1151.879s step_avg:1307.47ms
step:882/3250 train_loss:3.74314 train_time:1153.115s step_avg:1307.39ms
step:883/3250 train_loss:3.75132 train_time:1154.345s step_avg:1307.30ms
step:884/3250 train_loss:3.73903 train_time:1155.580s step_avg:1307.22ms
step:885/3250 train_loss:3.71202 train_time:1157.037s step_avg:1307.39ms
step:886/3250 train_loss:3.74034 train_time:1158.289s step_avg:1307.32ms
step:887/3250 train_loss:3.86717 train_time:1159.526s step_avg:1307.24ms
step:888/3250 train_loss:3.75502 train_time:1160.761s step_avg:1307.16ms
step:889/3250 train_loss:3.68952 train_time:1161.997s step_avg:1307.08ms
step:890/3250 train_loss:3.67143 train_time:1163.469s step_avg:1307.27ms
step:891/3250 train_loss:3.73071 train_time:1164.701s step_avg:1307.18ms
step:892/3250 train_loss:3.76807 train_time:1165.937s step_avg:1307.10ms
step:893/3250 train_loss:3.66597 train_time:1167.172s step_avg:1307.02ms
step:894/3250 train_loss:3.75762 train_time:1168.410s step_avg:1306.95ms
step:895/3250 train_loss:3.75219 train_time:1169.883s step_avg:1307.13ms
step:896/3250 train_loss:3.74821 train_time:1171.123s step_avg:1307.06ms
step:897/3250 train_loss:3.74256 train_time:1172.353s step_avg:1306.97ms
step:898/3250 train_loss:3.78262 train_time:1173.586s step_avg:1306.89ms
step:899/3250 train_loss:3.74102 train_time:1174.821s step_avg:1306.81ms
step:900/3250 train_loss:3.68199 train_time:1176.314s step_avg:1307.02ms
step:901/3250 train_loss:3.72356 train_time:1177.556s step_avg:1306.94ms
step:902/3250 train_loss:4.03276 train_time:1178.789s step_avg:1306.86ms
step:903/3250 train_loss:3.72316 train_time:1180.025s step_avg:1306.78ms
step:904/3250 train_loss:3.72460 train_time:1181.268s step_avg:1306.71ms
step:905/3250 train_loss:3.77809 train_time:1182.748s step_avg:1306.90ms
step:906/3250 train_loss:3.77923 train_time:1183.980s step_avg:1306.82ms
step:907/3250 train_loss:3.70933 train_time:1185.217s step_avg:1306.74ms
step:908/3250 train_loss:3.76968 train_time:1186.451s step_avg:1306.66ms
step:909/3250 train_loss:3.87747 train_time:1187.688s step_avg:1306.59ms
step:910/3250 train_loss:3.69848 train_time:1189.157s step_avg:1306.77ms
step:911/3250 train_loss:3.74719 train_time:1190.391s step_avg:1306.69ms
step:912/3250 train_loss:3.69886 train_time:1191.630s step_avg:1306.61ms
step:913/3250 train_loss:3.72916 train_time:1192.868s step_avg:1306.54ms
step:914/3250 train_loss:3.80601 train_time:1194.118s step_avg:1306.47ms
step:915/3250 train_loss:3.74919 train_time:1195.600s step_avg:1306.67ms
step:916/3250 train_loss:3.83547 train_time:1196.844s step_avg:1306.60ms
step:917/3250 train_loss:3.72915 train_time:1198.081s step_avg:1306.52ms
step:918/3250 train_loss:3.87548 train_time:1199.314s step_avg:1306.44ms
step:919/3250 train_loss:3.74051 train_time:1200.568s step_avg:1306.39ms
step:920/3250 train_loss:3.78081 train_time:1202.043s step_avg:1306.57ms
step:921/3250 train_loss:3.69228 train_time:1203.273s step_avg:1306.48ms
step:922/3250 train_loss:3.71571 train_time:1204.508s step_avg:1306.41ms
step:923/3250 train_loss:3.69295 train_time:1205.736s step_avg:1306.32ms
step:924/3250 train_loss:3.74583 train_time:1206.972s step_avg:1306.25ms
step:925/3250 train_loss:3.74251 train_time:1208.463s step_avg:1306.45ms
step:926/3250 train_loss:3.76932 train_time:1209.703s step_avg:1306.37ms
step:927/3250 train_loss:3.70311 train_time:1210.934s step_avg:1306.29ms
step:928/3250 train_loss:3.72699 train_time:1212.172s step_avg:1306.22ms
step:929/3250 train_loss:3.85143 train_time:1213.414s step_avg:1306.15ms
step:930/3250 train_loss:3.70614 train_time:1214.895s step_avg:1306.34ms
step:931/3250 train_loss:3.70631 train_time:1216.129s step_avg:1306.26ms
step:932/3250 train_loss:3.87523 train_time:1217.356s step_avg:1306.18ms
step:933/3250 train_loss:3.70190 train_time:1218.607s step_avg:1306.12ms
step:934/3250 train_loss:3.83524 train_time:1219.843s step_avg:1306.04ms
step:935/3250 train_loss:3.77044 train_time:1221.315s step_avg:1306.22ms
step:936/3250 train_loss:3.72753 train_time:1222.546s step_avg:1306.14ms
step:937/3250 train_loss:3.67951 train_time:1223.774s step_avg:1306.06ms
step:938/3250 train_loss:3.74862 train_time:1225.011s step_avg:1305.98ms
step:939/3250 train_loss:3.71042 train_time:1226.248s step_avg:1305.91ms
step:940/3250 train_loss:3.69110 train_time:1227.725s step_avg:1306.09ms
step:941/3250 train_loss:3.81549 train_time:1228.951s step_avg:1306.01ms
step:942/3250 train_loss:3.70488 train_time:1230.190s step_avg:1305.93ms
step:943/3250 train_loss:3.77623 train_time:1231.430s step_avg:1305.86ms
step:944/3250 train_loss:3.76669 train_time:1232.665s step_avg:1305.79ms
step:945/3250 train_loss:3.73382 train_time:1234.134s step_avg:1305.96ms
step:946/3250 train_loss:3.90708 train_time:1235.371s step_avg:1305.89ms
step:947/3250 train_loss:3.77385 train_time:1236.609s step_avg:1305.82ms
step:948/3250 train_loss:3.70676 train_time:1237.847s step_avg:1305.75ms
step:949/3250 train_loss:3.73015 train_time:1239.078s step_avg:1305.67ms
step:950/3250 train_loss:3.73185 train_time:1240.564s step_avg:1305.86ms
step:951/3250 train_loss:3.70628 train_time:1241.832s step_avg:1305.82ms
step:952/3250 train_loss:3.77052 train_time:1243.064s step_avg:1305.74ms
step:953/3250 train_loss:3.69728 train_time:1244.291s step_avg:1305.66ms
step:954/3250 train_loss:3.72883 train_time:1245.526s step_avg:1305.58ms
step:955/3250 train_loss:3.75817 train_time:1247.074s step_avg:1305.84ms
step:956/3250 train_loss:3.74282 train_time:1248.306s step_avg:1305.76ms
step:957/3250 train_loss:3.81319 train_time:1249.537s step_avg:1305.68ms
step:958/3250 train_loss:3.77531 train_time:1250.771s step_avg:1305.61ms
step:959/3250 train_loss:3.77364 train_time:1252.016s step_avg:1305.54ms
step:960/3250 train_loss:3.69999 train_time:1253.495s step_avg:1305.72ms
step:961/3250 train_loss:3.72802 train_time:1254.740s step_avg:1305.66ms
step:962/3250 train_loss:3.70580 train_time:1255.975s step_avg:1305.59ms
step:963/3250 train_loss:3.70965 train_time:1257.214s step_avg:1305.52ms
step:964/3250 train_loss:3.69842 train_time:1258.447s step_avg:1305.44ms
step:965/3250 train_loss:3.74236 train_time:1259.918s step_avg:1305.61ms
step:966/3250 train_loss:3.74419 train_time:1261.156s step_avg:1305.54ms
step:967/3250 train_loss:3.75457 train_time:1262.394s step_avg:1305.47ms
step:968/3250 train_loss:3.72966 train_time:1263.634s step_avg:1305.41ms
step:969/3250 train_loss:3.70926 train_time:1264.870s step_avg:1305.34ms
step:970/3250 train_loss:3.70769 train_time:1266.385s step_avg:1305.55ms
step:971/3250 train_loss:3.69685 train_time:1267.628s step_avg:1305.49ms
step:972/3250 train_loss:3.72037 train_time:1268.857s step_avg:1305.41ms
step:973/3250 train_loss:3.78446 train_time:1270.091s step_avg:1305.34ms
step:974/3250 train_loss:3.72292 train_time:1271.321s step_avg:1305.26ms
step:975/3250 train_loss:3.76032 train_time:1272.804s step_avg:1305.44ms
step:976/3250 train_loss:3.73405 train_time:1274.036s step_avg:1305.36ms
step:977/3250 train_loss:3.70694 train_time:1275.273s step_avg:1305.29ms
step:978/3250 train_loss:3.67566 train_time:1276.508s step_avg:1305.22ms
step:979/3250 train_loss:3.74391 train_time:1277.738s step_avg:1305.15ms
step:980/3250 train_loss:3.71108 train_time:1279.223s step_avg:1305.33ms
step:981/3250 train_loss:3.73695 train_time:1280.456s step_avg:1305.26ms
step:982/3250 train_loss:3.73882 train_time:1281.695s step_avg:1305.19ms
step:983/3250 train_loss:3.72541 train_time:1282.932s step_avg:1305.12ms
step:984/3250 train_loss:3.80513 train_time:1284.169s step_avg:1305.05ms
step:985/3250 train_loss:3.78035 train_time:1285.651s step_avg:1305.23ms
step:986/3250 train_loss:3.71392 train_time:1286.884s step_avg:1305.16ms
step:987/3250 train_loss:3.73935 train_time:1288.121s step_avg:1305.09ms
step:988/3250 train_loss:3.66647 train_time:1289.353s step_avg:1305.01ms
step:989/3250 train_loss:3.70155 train_time:1290.595s step_avg:1304.95ms
step:990/3250 train_loss:3.71596 train_time:1292.085s step_avg:1305.14ms
step:991/3250 train_loss:3.71683 train_time:1293.322s step_avg:1305.07ms
step:992/3250 train_loss:3.71468 train_time:1294.554s step_avg:1304.99ms
step:993/3250 train_loss:3.70780 train_time:1295.819s step_avg:1304.95ms
step:994/3250 train_loss:3.68917 train_time:1297.054s step_avg:1304.88ms
step:995/3250 train_loss:3.77234 train_time:1298.540s step_avg:1305.07ms
step:996/3250 train_loss:3.67455 train_time:1299.769s step_avg:1304.99ms
step:997/3250 train_loss:3.72762 train_time:1301.001s step_avg:1304.92ms
step:998/3250 train_loss:3.74782 train_time:1302.236s step_avg:1304.85ms
step:999/3250 train_loss:3.75395 train_time:1303.460s step_avg:1304.76ms
step:1000/3250 train_loss:3.75124 train_time:1304.972s step_avg:1304.97ms
step:1000/3250 val_loss:3.69577 train_time:1304.972s step_avg:1286.04ms
step:1001/3250 train_loss:3.67243 train_time:1306.204s step_avg:1304.90ms
step:1002/3250 train_loss:3.73688 train_time:1307.428s step_avg:1304.82ms
step:1003/3250 train_loss:3.73960 train_time:1308.668s step_avg:1304.75ms
step:1004/3250 train_loss:3.74863 train_time:1309.906s step_avg:1304.69ms
step:1005/3250 train_loss:3.72136 train_time:1311.421s step_avg:1304.90ms
step:1006/3250 train_loss:3.67165 train_time:1312.653s step_avg:1304.82ms
step:1007/3250 train_loss:3.74804 train_time:1313.889s step_avg:1304.76ms
step:1008/3250 train_loss:3.77272 train_time:1315.122s step_avg:1304.68ms
step:1009/3250 train_loss:3.77246 train_time:1316.349s step_avg:1304.61ms
step:1010/3250 train_loss:3.69543 train_time:1317.842s step_avg:1304.79ms
step:1011/3250 train_loss:3.72977 train_time:1319.076s step_avg:1304.72ms
step:1012/3250 train_loss:3.63663 train_time:1320.310s step_avg:1304.65ms
step:1013/3250 train_loss:3.72430 train_time:1321.547s step_avg:1304.59ms
step:1014/3250 train_loss:3.73883 train_time:1322.791s step_avg:1304.53ms
step:1015/3250 train_loss:3.70768 train_time:1324.297s step_avg:1304.73ms
step:1016/3250 train_loss:3.72465 train_time:1325.531s step_avg:1304.66ms
step:1017/3250 train_loss:3.68964 train_time:1326.765s step_avg:1304.59ms
step:1018/3250 train_loss:3.71647 train_time:1328.015s step_avg:1304.53ms
step:1019/3250 train_loss:3.72760 train_time:1329.251s step_avg:1304.47ms
step:1020/3250 train_loss:3.72894 train_time:1330.748s step_avg:1304.66ms
step:1021/3250 train_loss:3.72631 train_time:1331.981s step_avg:1304.59ms
step:1022/3250 train_loss:3.74385 train_time:1333.217s step_avg:1304.52ms
step:1023/3250 train_loss:3.72687 train_time:1334.451s step_avg:1304.45ms
step:1024/3250 train_loss:3.73334 train_time:1335.688s step_avg:1304.38ms
step:1025/3250 train_loss:3.69758 train_time:1337.188s step_avg:1304.57ms
step:1026/3250 train_loss:3.71411 train_time:1338.422s step_avg:1304.51ms
step:1027/3250 train_loss:3.71022 train_time:1339.653s step_avg:1304.43ms
step:1028/3250 train_loss:3.71776 train_time:1340.890s step_avg:1304.37ms
step:1029/3250 train_loss:3.77739 train_time:1342.131s step_avg:1304.31ms
step:1030/3250 train_loss:3.71299 train_time:1343.630s step_avg:1304.50ms
step:1031/3250 train_loss:3.67859 train_time:1344.868s step_avg:1304.43ms
step:1032/3250 train_loss:3.73513 train_time:1346.103s step_avg:1304.36ms
step:1033/3250 train_loss:3.72345 train_time:1347.342s step_avg:1304.30ms
step:1034/3250 train_loss:3.70294 train_time:1348.572s step_avg:1304.23ms
step:1035/3250 train_loss:3.70443 train_time:1350.108s step_avg:1304.45ms
step:1036/3250 train_loss:3.93279 train_time:1351.343s step_avg:1304.39ms
step:1037/3250 train_loss:3.71958 train_time:1352.573s step_avg:1304.31ms
step:1038/3250 train_loss:3.72420 train_time:1353.812s step_avg:1304.25ms
step:1039/3250 train_loss:3.73343 train_time:1355.048s step_avg:1304.19ms
step:1040/3250 train_loss:3.69822 train_time:1356.586s step_avg:1304.41ms
step:1041/3250 train_loss:3.69338 train_time:1357.818s step_avg:1304.34ms
step:1042/3250 train_loss:3.75442 train_time:1359.054s step_avg:1304.27ms
step:1043/3250 train_loss:3.71924 train_time:1360.289s step_avg:1304.21ms
step:1044/3250 train_loss:3.64061 train_time:1361.525s step_avg:1304.14ms
step:1045/3250 train_loss:3.71679 train_time:1363.021s step_avg:1304.33ms
step:1046/3250 train_loss:3.71222 train_time:1364.256s step_avg:1304.26ms
step:1047/3250 train_loss:3.78746 train_time:1365.490s step_avg:1304.19ms
step:1048/3250 train_loss:3.68178 train_time:1366.731s step_avg:1304.13ms
step:1049/3250 train_loss:3.66553 train_time:1367.968s step_avg:1304.07ms
step:1050/3250 train_loss:3.80351 train_time:1369.494s step_avg:1304.28ms
step:1051/3250 train_loss:3.71230 train_time:1370.733s step_avg:1304.22ms
step:1052/3250 train_loss:3.69321 train_time:1371.968s step_avg:1304.15ms
step:1053/3250 train_loss:3.72816 train_time:1373.201s step_avg:1304.08ms
step:1054/3250 train_loss:3.64499 train_time:1374.435s step_avg:1304.02ms
step:1055/3250 train_loss:3.67179 train_time:1375.939s step_avg:1304.21ms
step:1056/3250 train_loss:3.66837 train_time:1377.173s step_avg:1304.14ms
step:1057/3250 train_loss:3.70780 train_time:1378.425s step_avg:1304.09ms
step:1058/3250 train_loss:3.70082 train_time:1379.656s step_avg:1304.02ms
step:1059/3250 train_loss:3.74504 train_time:1380.890s step_avg:1303.96ms
step:1060/3250 train_loss:3.62920 train_time:1382.383s step_avg:1304.14ms
step:1061/3250 train_loss:3.76926 train_time:1383.633s step_avg:1304.08ms
step:1062/3250 train_loss:3.70105 train_time:1384.871s step_avg:1304.02ms
step:1063/3250 train_loss:3.66991 train_time:1386.108s step_avg:1303.96ms
step:1064/3250 train_loss:3.72358 train_time:1387.338s step_avg:1303.89ms
step:1065/3250 train_loss:3.65738 train_time:1388.850s step_avg:1304.08ms
step:1066/3250 train_loss:3.68846 train_time:1390.084s step_avg:1304.02ms
step:1067/3250 train_loss:3.70244 train_time:1391.319s step_avg:1303.95ms
step:1068/3250 train_loss:3.72259 train_time:1392.554s step_avg:1303.89ms
step:1069/3250 train_loss:3.70792 train_time:1393.806s step_avg:1303.84ms
step:1070/3250 train_loss:3.72416 train_time:1395.308s step_avg:1304.03ms
step:1071/3250 train_loss:3.64365 train_time:1396.535s step_avg:1303.95ms
step:1072/3250 train_loss:3.73667 train_time:1397.781s step_avg:1303.90ms
step:1073/3250 train_loss:3.62387 train_time:1399.035s step_avg:1303.85ms
step:1074/3250 train_loss:3.71888 train_time:1400.271s step_avg:1303.79ms
step:1075/3250 train_loss:3.68691 train_time:1401.790s step_avg:1303.99ms
step:1076/3250 train_loss:3.75992 train_time:1403.039s step_avg:1303.94ms
step:1077/3250 train_loss:3.72261 train_time:1404.276s step_avg:1303.88ms
step:1078/3250 train_loss:3.66194 train_time:1405.509s step_avg:1303.81ms
step:1079/3250 train_loss:3.70015 train_time:1406.734s step_avg:1303.74ms
step:1080/3250 train_loss:3.69656 train_time:1408.275s step_avg:1303.96ms
step:1081/3250 train_loss:3.67486 train_time:1409.512s step_avg:1303.90ms
step:1082/3250 train_loss:3.67307 train_time:1410.747s step_avg:1303.83ms
step:1083/3250 train_loss:3.71062 train_time:1411.978s step_avg:1303.77ms
step:1084/3250 train_loss:3.68410 train_time:1413.217s step_avg:1303.71ms
step:1085/3250 train_loss:3.69464 train_time:1414.730s step_avg:1303.90ms
step:1086/3250 train_loss:3.70674 train_time:1415.963s step_avg:1303.83ms
step:1087/3250 train_loss:3.68085 train_time:1417.195s step_avg:1303.77ms
step:1088/3250 train_loss:3.66581 train_time:1418.443s step_avg:1303.72ms
step:1089/3250 train_loss:3.65148 train_time:1419.677s step_avg:1303.65ms
step:1090/3250 train_loss:3.71224 train_time:1421.204s step_avg:1303.86ms
step:1091/3250 train_loss:3.69026 train_time:1422.437s step_avg:1303.79ms
step:1092/3250 train_loss:3.65466 train_time:1423.677s step_avg:1303.73ms
step:1093/3250 train_loss:3.69872 train_time:1424.913s step_avg:1303.67ms
step:1094/3250 train_loss:3.72729 train_time:1426.159s step_avg:1303.62ms
step:1095/3250 train_loss:3.63572 train_time:1427.698s step_avg:1303.83ms
step:1096/3250 train_loss:3.66541 train_time:1428.932s step_avg:1303.77ms
step:1097/3250 train_loss:3.72844 train_time:1430.158s step_avg:1303.70ms
step:1098/3250 train_loss:3.73353 train_time:1431.395s step_avg:1303.64ms
step:1099/3250 train_loss:3.73224 train_time:1432.635s step_avg:1303.58ms
step:1100/3250 train_loss:3.70962 train_time:1434.175s step_avg:1303.80ms
step:1101/3250 train_loss:3.71173 train_time:1435.404s step_avg:1303.73ms
step:1102/3250 train_loss:3.70571 train_time:1436.649s step_avg:1303.67ms
step:1103/3250 train_loss:3.69906 train_time:1437.881s step_avg:1303.61ms
step:1104/3250 train_loss:3.75931 train_time:1439.117s step_avg:1303.55ms
step:1105/3250 train_loss:3.80785 train_time:1440.634s step_avg:1303.74ms
step:1106/3250 train_loss:3.72364 train_time:1441.860s step_avg:1303.67ms
step:1107/3250 train_loss:3.72381 train_time:1443.096s step_avg:1303.61ms
step:1108/3250 train_loss:3.66993 train_time:1444.334s step_avg:1303.55ms
step:1109/3250 train_loss:3.68205 train_time:1445.559s step_avg:1303.48ms
step:1110/3250 train_loss:3.64322 train_time:1447.076s step_avg:1303.67ms
step:1111/3250 train_loss:3.59921 train_time:1448.305s step_avg:1303.60ms
step:1112/3250 train_loss:3.63297 train_time:1449.542s step_avg:1303.54ms
step:1113/3250 train_loss:3.73942 train_time:1450.779s step_avg:1303.49ms
step:1114/3250 train_loss:3.70870 train_time:1452.014s step_avg:1303.42ms
step:1115/3250 train_loss:3.72942 train_time:1453.531s step_avg:1303.62ms
step:1116/3250 train_loss:3.74640 train_time:1454.762s step_avg:1303.55ms
step:1117/3250 train_loss:3.75744 train_time:1455.997s step_avg:1303.49ms
step:1118/3250 train_loss:3.68221 train_time:1457.232s step_avg:1303.43ms
step:1119/3250 train_loss:3.67662 train_time:1458.462s step_avg:1303.36ms
step:1120/3250 train_loss:3.77230 train_time:1460.009s step_avg:1303.58ms
step:1121/3250 train_loss:3.70365 train_time:1461.251s step_avg:1303.52ms
step:1122/3250 train_loss:3.63760 train_time:1462.481s step_avg:1303.46ms
step:1123/3250 train_loss:3.67118 train_time:1463.724s step_avg:1303.41ms
step:1124/3250 train_loss:3.68710 train_time:1464.959s step_avg:1303.34ms
step:1125/3250 train_loss:3.70603 train_time:1466.495s step_avg:1303.55ms
step:1125/3250 val_loss:3.66716 train_time:1466.495s step_avg:1292.18ms
step:1126/3250 train_loss:3.64779 train_time:1467.725s step_avg:1303.49ms
step:1127/3250 train_loss:3.73742 train_time:1468.959s step_avg:1303.42ms
step:1128/3250 train_loss:3.68325 train_time:1470.205s step_avg:1303.37ms
step:1129/3250 train_loss:3.68123 train_time:1471.437s step_avg:1303.31ms
step:1130/3250 train_loss:3.66321 train_time:1472.974s step_avg:1303.52ms
step:1131/3250 train_loss:3.68835 train_time:1474.210s step_avg:1303.46ms
step:1132/3250 train_loss:3.68064 train_time:1475.466s step_avg:1303.41ms
step:1133/3250 train_loss:3.73671 train_time:1476.706s step_avg:1303.36ms
step:1134/3250 train_loss:3.69992 train_time:1477.939s step_avg:1303.30ms
step:1135/3250 train_loss:3.72874 train_time:1479.472s step_avg:1303.50ms
step:1136/3250 train_loss:3.66342 train_time:1480.708s step_avg:1303.44ms
step:1137/3250 train_loss:3.78041 train_time:1481.938s step_avg:1303.38ms
step:1138/3250 train_loss:3.65039 train_time:1483.171s step_avg:1303.31ms
step:1139/3250 train_loss:3.69291 train_time:1484.397s step_avg:1303.25ms
step:1140/3250 train_loss:3.67398 train_time:1485.943s step_avg:1303.46ms
step:1141/3250 train_loss:3.73808 train_time:1487.216s step_avg:1303.43ms
step:1142/3250 train_loss:3.68593 train_time:1488.452s step_avg:1303.37ms
step:1143/3250 train_loss:3.66188 train_time:1489.687s step_avg:1303.31ms
step:1144/3250 train_loss:3.67328 train_time:1490.922s step_avg:1303.25ms
step:1145/3250 train_loss:3.72086 train_time:1492.485s step_avg:1303.48ms
step:1146/3250 train_loss:3.76788 train_time:1493.720s step_avg:1303.42ms
step:1147/3250 train_loss:3.71607 train_time:1494.956s step_avg:1303.36ms
step:1148/3250 train_loss:3.75186 train_time:1496.194s step_avg:1303.30ms
step:1149/3250 train_loss:3.65723 train_time:1497.429s step_avg:1303.25ms
step:1150/3250 train_loss:3.64430 train_time:1498.960s step_avg:1303.44ms
step:1151/3250 train_loss:3.66345 train_time:1500.193s step_avg:1303.38ms
step:1152/3250 train_loss:3.74553 train_time:1501.424s step_avg:1303.32ms
step:1153/3250 train_loss:3.64514 train_time:1502.659s step_avg:1303.26ms
step:1154/3250 train_loss:3.68373 train_time:1503.897s step_avg:1303.20ms
step:1155/3250 train_loss:3.72547 train_time:1505.428s step_avg:1303.40ms
step:1156/3250 train_loss:3.71120 train_time:1506.662s step_avg:1303.34ms
step:1157/3250 train_loss:3.67713 train_time:1507.896s step_avg:1303.28ms
step:1158/3250 train_loss:3.72903 train_time:1509.134s step_avg:1303.22ms
step:1159/3250 train_loss:3.68502 train_time:1510.375s step_avg:1303.17ms
step:1160/3250 train_loss:3.65565 train_time:1511.910s step_avg:1303.37ms
step:1161/3250 train_loss:3.60174 train_time:1513.147s step_avg:1303.31ms
step:1162/3250 train_loss:3.70366 train_time:1514.377s step_avg:1303.25ms
step:1163/3250 train_loss:3.66557 train_time:1515.625s step_avg:1303.20ms
step:1164/3250 train_loss:3.64218 train_time:1516.859s step_avg:1303.14ms
step:1165/3250 train_loss:3.67825 train_time:1518.393s step_avg:1303.34ms
step:1166/3250 train_loss:3.69077 train_time:1519.619s step_avg:1303.28ms
step:1167/3250 train_loss:3.70213 train_time:1520.858s step_avg:1303.22ms
step:1168/3250 train_loss:3.69411 train_time:1522.091s step_avg:1303.16ms
step:1169/3250 train_loss:3.64223 train_time:1523.316s step_avg:1303.09ms
step:1170/3250 train_loss:3.71033 train_time:1524.858s step_avg:1303.30ms
step:1171/3250 train_loss:3.62097 train_time:1526.096s step_avg:1303.24ms
step:1172/3250 train_loss:3.66725 train_time:1527.341s step_avg:1303.19ms
step:1173/3250 train_loss:3.81745 train_time:1528.582s step_avg:1303.14ms
step:1174/3250 train_loss:3.64413 train_time:1529.820s step_avg:1303.08ms
step:1175/3250 train_loss:3.66059 train_time:1531.354s step_avg:1303.28ms
step:1176/3250 train_loss:3.62916 train_time:1532.582s step_avg:1303.22ms
step:1177/3250 train_loss:3.68220 train_time:1533.814s step_avg:1303.16ms
step:1178/3250 train_loss:3.65898 train_time:1535.048s step_avg:1303.10ms
step:1179/3250 train_loss:3.74727 train_time:1536.281s step_avg:1303.04ms
step:1180/3250 train_loss:3.66029 train_time:1537.832s step_avg:1303.25ms
step:1181/3250 train_loss:3.63566 train_time:1539.058s step_avg:1303.18ms
step:1182/3250 train_loss:3.67493 train_time:1540.298s step_avg:1303.13ms
step:1183/3250 train_loss:3.66083 train_time:1541.564s step_avg:1303.10ms
step:1184/3250 train_loss:3.64562 train_time:1542.804s step_avg:1303.04ms
step:1185/3250 train_loss:3.69347 train_time:1544.340s step_avg:1303.24ms
step:1186/3250 train_loss:3.60728 train_time:1545.573s step_avg:1303.18ms
step:1187/3250 train_loss:3.69467 train_time:1546.802s step_avg:1303.12ms
step:1188/3250 train_loss:3.68090 train_time:1548.046s step_avg:1303.07ms
step:1189/3250 train_loss:3.68220 train_time:1549.278s step_avg:1303.01ms
step:1190/3250 train_loss:3.68307 train_time:1550.827s step_avg:1303.22ms
step:1191/3250 train_loss:3.79984 train_time:1552.054s step_avg:1303.15ms
step:1192/3250 train_loss:3.74682 train_time:1553.282s step_avg:1303.09ms
step:1193/3250 train_loss:3.64455 train_time:1554.532s step_avg:1303.04ms
step:1194/3250 train_loss:3.67943 train_time:1555.773s step_avg:1302.99ms
step:1195/3250 train_loss:3.66480 train_time:1557.340s step_avg:1303.21ms
step:1196/3250 train_loss:3.66831 train_time:1558.583s step_avg:1303.16ms
step:1197/3250 train_loss:3.74651 train_time:1559.822s step_avg:1303.11ms
step:1198/3250 train_loss:3.69309 train_time:1561.057s step_avg:1303.05ms
step:1199/3250 train_loss:3.64638 train_time:1562.302s step_avg:1303.00ms
step:1200/3250 train_loss:3.65191 train_time:1563.854s step_avg:1303.21ms
step:1201/3250 train_loss:3.69121 train_time:1565.090s step_avg:1303.16ms
step:1202/3250 train_loss:3.69577 train_time:1566.327s step_avg:1303.10ms
step:1203/3250 train_loss:3.63334 train_time:1567.570s step_avg:1303.05ms
step:1204/3250 train_loss:3.69256 train_time:1568.799s step_avg:1302.99ms
step:1205/3250 train_loss:3.68548 train_time:1570.348s step_avg:1303.19ms
step:1206/3250 train_loss:3.61361 train_time:1571.588s step_avg:1303.14ms
step:1207/3250 train_loss:3.71546 train_time:1572.821s step_avg:1303.08ms
step:1208/3250 train_loss:3.65639 train_time:1574.056s step_avg:1303.03ms
step:1209/3250 train_loss:3.66100 train_time:1575.309s step_avg:1302.99ms
step:1210/3250 train_loss:3.63945 train_time:1576.851s step_avg:1303.18ms
step:1211/3250 train_loss:3.70727 train_time:1578.084s step_avg:1303.12ms
step:1212/3250 train_loss:3.63050 train_time:1579.319s step_avg:1303.07ms
step:1213/3250 train_loss:3.65861 train_time:1580.562s step_avg:1303.02ms
step:1214/3250 train_loss:3.62030 train_time:1581.799s step_avg:1302.96ms
step:1215/3250 train_loss:3.65754 train_time:1583.360s step_avg:1303.18ms
step:1216/3250 train_loss:3.64347 train_time:1584.586s step_avg:1303.11ms
step:1217/3250 train_loss:3.63508 train_time:1585.820s step_avg:1303.06ms
step:1218/3250 train_loss:3.64632 train_time:1587.058s step_avg:1303.00ms
step:1219/3250 train_loss:3.74835 train_time:1588.286s step_avg:1302.94ms
step:1220/3250 train_loss:3.69097 train_time:1589.833s step_avg:1303.14ms
step:1221/3250 train_loss:3.64182 train_time:1591.076s step_avg:1303.09ms
step:1222/3250 train_loss:3.70108 train_time:1592.308s step_avg:1303.03ms
step:1223/3250 train_loss:3.65115 train_time:1593.541s step_avg:1302.98ms
step:1224/3250 train_loss:3.66957 train_time:1594.776s step_avg:1302.92ms
step:1225/3250 train_loss:3.62465 train_time:1596.315s step_avg:1303.11ms
step:1226/3250 train_loss:3.67278 train_time:1597.546s step_avg:1303.06ms
step:1227/3250 train_loss:3.66156 train_time:1598.781s step_avg:1303.00ms
step:1228/3250 train_loss:3.64052 train_time:1600.017s step_avg:1302.95ms
step:1229/3250 train_loss:3.66063 train_time:1601.245s step_avg:1302.88ms
step:1230/3250 train_loss:3.62968 train_time:1602.788s step_avg:1303.08ms
step:1231/3250 train_loss:3.70576 train_time:1604.023s step_avg:1303.02ms
step:1232/3250 train_loss:3.66395 train_time:1605.260s step_avg:1302.97ms
step:1233/3250 train_loss:3.62264 train_time:1606.491s step_avg:1302.91ms
step:1234/3250 train_loss:3.69737 train_time:1607.728s step_avg:1302.86ms
step:1235/3250 train_loss:3.66429 train_time:1609.288s step_avg:1303.07ms
step:1236/3250 train_loss:3.66994 train_time:1610.525s step_avg:1303.01ms
step:1237/3250 train_loss:3.62315 train_time:1611.772s step_avg:1302.97ms
step:1238/3250 train_loss:3.61618 train_time:1613.005s step_avg:1302.91ms
step:1239/3250 train_loss:3.67869 train_time:1614.240s step_avg:1302.86ms
step:1240/3250 train_loss:3.60907 train_time:1615.785s step_avg:1303.05ms
step:1241/3250 train_loss:3.72092 train_time:1617.019s step_avg:1303.00ms
step:1242/3250 train_loss:3.74066 train_time:1618.242s step_avg:1302.93ms
step:1243/3250 train_loss:3.67536 train_time:1619.474s step_avg:1302.88ms
step:1244/3250 train_loss:3.64442 train_time:1620.706s step_avg:1302.82ms
step:1245/3250 train_loss:3.66798 train_time:1622.256s step_avg:1303.02ms
step:1246/3250 train_loss:3.61483 train_time:1623.485s step_avg:1302.96ms
step:1247/3250 train_loss:3.62337 train_time:1624.718s step_avg:1302.90ms
step:1248/3250 train_loss:3.68006 train_time:1625.949s step_avg:1302.84ms
step:1249/3250 train_loss:3.64365 train_time:1627.184s step_avg:1302.79ms
step:1250/3250 train_loss:3.58978 train_time:1628.723s step_avg:1302.98ms
step:1250/3250 val_loss:3.63528 train_time:1628.724s step_avg:1297.83ms
step:1251/3250 train_loss:3.62622 train_time:1629.954s step_avg:1302.92ms
step:1252/3250 train_loss:3.63515 train_time:1631.189s step_avg:1302.87ms
step:1253/3250 train_loss:3.66605 train_time:1632.424s step_avg:1302.81ms
step:1254/3250 train_loss:3.67538 train_time:1633.655s step_avg:1302.76ms
step:1255/3250 train_loss:3.66906 train_time:1635.217s step_avg:1302.96ms
step:1256/3250 train_loss:3.66481 train_time:1636.446s step_avg:1302.90ms
step:1257/3250 train_loss:3.62011 train_time:1637.679s step_avg:1302.85ms
step:1258/3250 train_loss:3.83460 train_time:1638.906s step_avg:1302.79ms
step:1259/3250 train_loss:3.66478 train_time:1640.144s step_avg:1302.74ms
step:1260/3250 train_loss:3.62764 train_time:1641.706s step_avg:1302.94ms
step:1261/3250 train_loss:3.65388 train_time:1642.946s step_avg:1302.89ms
step:1262/3250 train_loss:3.67896 train_time:1644.182s step_avg:1302.84ms
step:1263/3250 train_loss:3.64967 train_time:1645.408s step_avg:1302.78ms
step:1264/3250 train_loss:3.63349 train_time:1646.645s step_avg:1302.73ms
step:1265/3250 train_loss:3.66200 train_time:1648.214s step_avg:1302.94ms
step:1266/3250 train_loss:3.64626 train_time:1649.445s step_avg:1302.88ms
step:1267/3250 train_loss:3.57999 train_time:1650.684s step_avg:1302.83ms
step:1268/3250 train_loss:3.60054 train_time:1651.918s step_avg:1302.77ms
step:1269/3250 train_loss:3.62382 train_time:1653.148s step_avg:1302.72ms
step:1270/3250 train_loss:3.67161 train_time:1654.705s step_avg:1302.92ms
step:1271/3250 train_loss:3.63682 train_time:1655.942s step_avg:1302.87ms
step:1272/3250 train_loss:3.66615 train_time:1657.174s step_avg:1302.81ms
step:1273/3250 train_loss:3.67377 train_time:1658.408s step_avg:1302.76ms
step:1274/3250 train_loss:3.68528 train_time:1659.648s step_avg:1302.71ms
step:1275/3250 train_loss:3.60080 train_time:1661.226s step_avg:1302.92ms
step:1276/3250 train_loss:3.66586 train_time:1662.460s step_avg:1302.87ms
step:1277/3250 train_loss:3.61026 train_time:1663.685s step_avg:1302.81ms
step:1278/3250 train_loss:3.68758 train_time:1664.940s step_avg:1302.77ms
step:1279/3250 train_loss:3.63628 train_time:1666.172s step_avg:1302.71ms
step:1280/3250 train_loss:3.69382 train_time:1667.733s step_avg:1302.92ms
step:1281/3250 train_loss:3.65602 train_time:1668.968s step_avg:1302.86ms
step:1282/3250 train_loss:3.69522 train_time:1670.205s step_avg:1302.81ms
step:1283/3250 train_loss:3.58601 train_time:1671.443s step_avg:1302.76ms
step:1284/3250 train_loss:3.62302 train_time:1672.668s step_avg:1302.70ms
step:1285/3250 train_loss:3.64400 train_time:1674.231s step_avg:1302.90ms
step:1286/3250 train_loss:3.74596 train_time:1675.464s step_avg:1302.85ms
step:1287/3250 train_loss:3.66389 train_time:1676.690s step_avg:1302.79ms
step:1288/3250 train_loss:3.64631 train_time:1677.928s step_avg:1302.74ms
step:1289/3250 train_loss:3.62007 train_time:1679.158s step_avg:1302.68ms
step:1290/3250 train_loss:3.61785 train_time:1680.730s step_avg:1302.89ms
step:1291/3250 train_loss:3.63805 train_time:1681.977s step_avg:1302.85ms
step:1292/3250 train_loss:3.69468 train_time:1683.208s step_avg:1302.79ms
step:1293/3250 train_loss:3.67674 train_time:1684.454s step_avg:1302.75ms
step:1294/3250 train_loss:3.64379 train_time:1685.695s step_avg:1302.70ms
step:1295/3250 train_loss:3.68592 train_time:1687.303s step_avg:1302.94ms
step:1296/3250 train_loss:3.71092 train_time:1688.529s step_avg:1302.88ms
step:1297/3250 train_loss:3.60630 train_time:1689.782s step_avg:1302.84ms
step:1298/3250 train_loss:3.69344 train_time:1691.020s step_avg:1302.79ms
step:1299/3250 train_loss:3.62380 train_time:1692.256s step_avg:1302.74ms
step:1300/3250 train_loss:3.66516 train_time:1693.828s step_avg:1302.94ms
step:1301/3250 train_loss:3.67719 train_time:1695.061s step_avg:1302.89ms
step:1302/3250 train_loss:3.67761 train_time:1696.288s step_avg:1302.83ms
step:1303/3250 train_loss:3.66457 train_time:1697.523s step_avg:1302.78ms
step:1304/3250 train_loss:3.64041 train_time:1698.753s step_avg:1302.72ms
step:1305/3250 train_loss:3.59257 train_time:1700.326s step_avg:1302.93ms
step:1306/3250 train_loss:3.64268 train_time:1701.557s step_avg:1302.88ms
step:1307/3250 train_loss:3.59206 train_time:1702.789s step_avg:1302.82ms
step:1308/3250 train_loss:3.62150 train_time:1704.029s step_avg:1302.77ms
step:1309/3250 train_loss:3.71374 train_time:1705.265s step_avg:1302.72ms
step:1310/3250 train_loss:3.57606 train_time:1706.834s step_avg:1302.93ms
step:1311/3250 train_loss:3.63524 train_time:1708.059s step_avg:1302.87ms
step:1312/3250 train_loss:3.63383 train_time:1709.291s step_avg:1302.81ms
step:1313/3250 train_loss:3.61442 train_time:1710.529s step_avg:1302.76ms
step:1314/3250 train_loss:3.54320 train_time:1711.767s step_avg:1302.71ms
step:1315/3250 train_loss:3.69675 train_time:1713.334s step_avg:1302.92ms
step:1316/3250 train_loss:3.69843 train_time:1714.565s step_avg:1302.86ms
step:1317/3250 train_loss:3.63743 train_time:1715.792s step_avg:1302.80ms
step:1318/3250 train_loss:3.61810 train_time:1717.028s step_avg:1302.75ms
step:1319/3250 train_loss:3.71849 train_time:1718.259s step_avg:1302.70ms
step:1320/3250 train_loss:3.66928 train_time:1719.854s step_avg:1302.92ms
step:1321/3250 train_loss:3.77373 train_time:1721.100s step_avg:1302.88ms
step:1322/3250 train_loss:3.62183 train_time:1722.351s step_avg:1302.84ms
step:1323/3250 train_loss:3.68182 train_time:1723.589s step_avg:1302.79ms
step:1324/3250 train_loss:3.69465 train_time:1724.824s step_avg:1302.74ms
step:1325/3250 train_loss:3.61161 train_time:1726.399s step_avg:1302.94ms
step:1326/3250 train_loss:3.61325 train_time:1727.648s step_avg:1302.90ms
step:1327/3250 train_loss:3.65455 train_time:1728.891s step_avg:1302.86ms
step:1328/3250 train_loss:3.54822 train_time:1730.128s step_avg:1302.81ms
step:1329/3250 train_loss:3.65684 train_time:1731.361s step_avg:1302.75ms
step:1330/3250 train_loss:3.68042 train_time:1732.970s step_avg:1302.99ms
step:1331/3250 train_loss:3.66495 train_time:1734.242s step_avg:1302.96ms
step:1332/3250 train_loss:3.73197 train_time:1735.474s step_avg:1302.91ms
step:1333/3250 train_loss:3.66108 train_time:1736.707s step_avg:1302.86ms
step:1334/3250 train_loss:3.66233 train_time:1737.939s step_avg:1302.80ms
step:1335/3250 train_loss:3.70741 train_time:1739.547s step_avg:1303.03ms
step:1336/3250 train_loss:3.65560 train_time:1740.774s step_avg:1302.97ms
step:1337/3250 train_loss:3.65892 train_time:1742.008s step_avg:1302.92ms
step:1338/3250 train_loss:3.64207 train_time:1743.247s step_avg:1302.88ms
step:1339/3250 train_loss:3.63194 train_time:1744.475s step_avg:1302.82ms
step:1340/3250 train_loss:3.65193 train_time:1746.049s step_avg:1303.02ms
step:1341/3250 train_loss:3.65979 train_time:1747.318s step_avg:1303.00ms
step:1342/3250 train_loss:3.72529 train_time:1748.557s step_avg:1302.95ms
step:1343/3250 train_loss:3.66695 train_time:1749.803s step_avg:1302.91ms
step:1344/3250 train_loss:3.62050 train_time:1751.038s step_avg:1302.86ms
step:1345/3250 train_loss:3.54973 train_time:1752.651s step_avg:1303.09ms
step:1346/3250 train_loss:3.62879 train_time:1753.886s step_avg:1303.04ms
step:1347/3250 train_loss:3.65384 train_time:1755.120s step_avg:1302.98ms
step:1348/3250 train_loss:3.64029 train_time:1756.355s step_avg:1302.93ms
step:1349/3250 train_loss:3.62307 train_time:1757.591s step_avg:1302.88ms
step:1350/3250 train_loss:3.64969 train_time:1759.168s step_avg:1303.09ms
step:1351/3250 train_loss:3.68035 train_time:1760.396s step_avg:1303.03ms
step:1352/3250 train_loss:3.60608 train_time:1761.630s step_avg:1302.98ms
step:1353/3250 train_loss:3.64918 train_time:1762.872s step_avg:1302.94ms
step:1354/3250 train_loss:3.63071 train_time:1764.114s step_avg:1302.89ms
step:1355/3250 train_loss:3.57146 train_time:1765.704s step_avg:1303.10ms
step:1356/3250 train_loss:3.67028 train_time:1766.938s step_avg:1303.05ms
step:1357/3250 train_loss:3.81704 train_time:1768.182s step_avg:1303.01ms
step:1358/3250 train_loss:3.65062 train_time:1769.417s step_avg:1302.96ms
step:1359/3250 train_loss:3.57652 train_time:1770.668s step_avg:1302.92ms
step:1360/3250 train_loss:3.60719 train_time:1772.242s step_avg:1303.12ms
step:1361/3250 train_loss:3.58345 train_time:1773.488s step_avg:1303.08ms
step:1362/3250 train_loss:3.62580 train_time:1774.717s step_avg:1303.02ms
step:1363/3250 train_loss:3.57478 train_time:1775.954s step_avg:1302.97ms
step:1364/3250 train_loss:3.58639 train_time:1777.186s step_avg:1302.92ms
step:1365/3250 train_loss:3.62667 train_time:1778.762s step_avg:1303.12ms
step:1366/3250 train_loss:3.64965 train_time:1780.007s step_avg:1303.08ms
step:1367/3250 train_loss:3.63054 train_time:1781.244s step_avg:1303.03ms
step:1368/3250 train_loss:3.69580 train_time:1782.485s step_avg:1302.99ms
step:1369/3250 train_loss:3.63190 train_time:1783.721s step_avg:1302.94ms
step:1370/3250 train_loss:3.70969 train_time:1785.309s step_avg:1303.15ms
step:1371/3250 train_loss:3.62398 train_time:1786.543s step_avg:1303.09ms
step:1372/3250 train_loss:3.66591 train_time:1787.780s step_avg:1303.05ms
step:1373/3250 train_loss:3.64531 train_time:1789.019s step_avg:1303.00ms
step:1374/3250 train_loss:3.60555 train_time:1790.255s step_avg:1302.95ms
step:1375/3250 train_loss:3.62563 train_time:1791.836s step_avg:1303.15ms
step:1375/3250 val_loss:3.60493 train_time:1791.837s step_avg:1304.90ms
step:1376/3250 train_loss:3.66950 train_time:1793.077s step_avg:1303.11ms
step:1377/3250 train_loss:3.62215 train_time:1794.312s step_avg:1303.06ms
step:1378/3250 train_loss:3.64848 train_time:1795.547s step_avg:1303.01ms
step:1379/3250 train_loss:3.57071 train_time:1796.791s step_avg:1302.97ms
step:1380/3250 train_loss:3.56681 train_time:1798.392s step_avg:1303.18ms
step:1381/3250 train_loss:3.67985 train_time:1799.633s step_avg:1303.14ms
step:1382/3250 train_loss:3.63195 train_time:1800.874s step_avg:1303.09ms
step:1383/3250 train_loss:3.63645 train_time:1802.108s step_avg:1303.04ms
step:1384/3250 train_loss:3.60752 train_time:1803.342s step_avg:1302.99ms
step:1385/3250 train_loss:3.58665 train_time:1804.943s step_avg:1303.21ms
step:1386/3250 train_loss:3.64868 train_time:1806.171s step_avg:1303.15ms
step:1387/3250 train_loss:3.64134 train_time:1807.407s step_avg:1303.11ms
step:1388/3250 train_loss:3.62320 train_time:1808.633s step_avg:1303.05ms
step:1389/3250 train_loss:3.65525 train_time:1809.888s step_avg:1303.02ms
step:1390/3250 train_loss:3.63396 train_time:1811.479s step_avg:1303.22ms
step:1391/3250 train_loss:3.67667 train_time:1812.709s step_avg:1303.17ms
step:1392/3250 train_loss:3.62364 train_time:1813.943s step_avg:1303.12ms
step:1393/3250 train_loss:3.62869 train_time:1815.182s step_avg:1303.07ms
step:1394/3250 train_loss:3.67738 train_time:1816.425s step_avg:1303.03ms
step:1395/3250 train_loss:3.63394 train_time:1818.017s step_avg:1303.24ms
step:1396/3250 train_loss:3.63278 train_time:1819.248s step_avg:1303.19ms
step:1397/3250 train_loss:3.59844 train_time:1820.487s step_avg:1303.14ms
step:1398/3250 train_loss:3.60100 train_time:1821.721s step_avg:1303.09ms
step:1399/3250 train_loss:3.58717 train_time:1822.951s step_avg:1303.04ms
step:1400/3250 train_loss:3.62804 train_time:1824.549s step_avg:1303.25ms
step:1401/3250 train_loss:3.58167 train_time:1825.795s step_avg:1303.21ms
step:1402/3250 train_loss:3.61869 train_time:1827.030s step_avg:1303.16ms
step:1403/3250 train_loss:3.65563 train_time:1828.271s step_avg:1303.12ms
step:1404/3250 train_loss:3.60582 train_time:1829.510s step_avg:1303.07ms
step:1405/3250 train_loss:3.56981 train_time:1831.122s step_avg:1303.29ms
step:1406/3250 train_loss:3.61447 train_time:1832.358s step_avg:1303.24ms
step:1407/3250 train_loss:3.63239 train_time:1833.595s step_avg:1303.19ms
step:1408/3250 train_loss:3.68777 train_time:1834.840s step_avg:1303.15ms
step:1409/3250 train_loss:3.61516 train_time:1836.110s step_avg:1303.13ms
step:1410/3250 train_loss:3.62860 train_time:1837.705s step_avg:1303.34ms
step:1411/3250 train_loss:3.62461 train_time:1838.932s step_avg:1303.28ms
step:1412/3250 train_loss:3.64944 train_time:1840.171s step_avg:1303.24ms
step:1413/3250 train_loss:3.62301 train_time:1841.410s step_avg:1303.19ms
step:1414/3250 train_loss:3.56249 train_time:1842.646s step_avg:1303.14ms
step:1415/3250 train_loss:3.61765 train_time:1844.232s step_avg:1303.34ms
step:1416/3250 train_loss:3.60463 train_time:1845.482s step_avg:1303.31ms
step:1417/3250 train_loss:3.62666 train_time:1846.717s step_avg:1303.26ms
step:1418/3250 train_loss:3.63110 train_time:1847.964s step_avg:1303.22ms
step:1419/3250 train_loss:3.73045 train_time:1849.194s step_avg:1303.17ms
step:1420/3250 train_loss:3.62340 train_time:1850.790s step_avg:1303.37ms
step:1421/3250 train_loss:3.58074 train_time:1852.021s step_avg:1303.32ms
step:1422/3250 train_loss:3.60497 train_time:1853.254s step_avg:1303.27ms
step:1423/3250 train_loss:3.58260 train_time:1854.488s step_avg:1303.22ms
step:1424/3250 train_loss:3.60355 train_time:1855.738s step_avg:1303.19ms
step:1425/3250 train_loss:3.58667 train_time:1857.334s step_avg:1303.39ms
step:1426/3250 train_loss:3.62477 train_time:1858.571s step_avg:1303.35ms
step:1427/3250 train_loss:3.61110 train_time:1859.808s step_avg:1303.30ms
step:1428/3250 train_loss:3.61579 train_time:1861.043s step_avg:1303.25ms
step:1429/3250 train_loss:3.62984 train_time:1862.275s step_avg:1303.20ms
step:1430/3250 train_loss:3.56677 train_time:1863.884s step_avg:1303.42ms
step:1431/3250 train_loss:3.56948 train_time:1865.115s step_avg:1303.36ms
step:1432/3250 train_loss:3.64020 train_time:1866.350s step_avg:1303.32ms
step:1433/3250 train_loss:3.56200 train_time:1867.573s step_avg:1303.26ms
step:1434/3250 train_loss:3.57321 train_time:1868.802s step_avg:1303.21ms
step:1435/3250 train_loss:3.56968 train_time:1870.410s step_avg:1303.42ms
step:1436/3250 train_loss:3.55551 train_time:1871.636s step_avg:1303.37ms
step:1437/3250 train_loss:3.69273 train_time:1872.872s step_avg:1303.32ms
step:1438/3250 train_loss:3.63940 train_time:1874.104s step_avg:1303.27ms
step:1439/3250 train_loss:3.59006 train_time:1875.337s step_avg:1303.22ms
step:1440/3250 train_loss:3.53332 train_time:1876.940s step_avg:1303.43ms
step:1441/3250 train_loss:3.58034 train_time:1878.183s step_avg:1303.39ms
step:1442/3250 train_loss:3.58680 train_time:1879.429s step_avg:1303.35ms
step:1443/3250 train_loss:3.61755 train_time:1880.655s step_avg:1303.30ms
step:1444/3250 train_loss:3.59912 train_time:1881.894s step_avg:1303.25ms
step:1445/3250 train_loss:3.59392 train_time:1883.495s step_avg:1303.46ms
step:1446/3250 train_loss:3.63575 train_time:1884.740s step_avg:1303.42ms
step:1447/3250 train_loss:3.56561 train_time:1885.986s step_avg:1303.38ms
step:1448/3250 train_loss:3.58719 train_time:1887.215s step_avg:1303.33ms
step:1449/3250 train_loss:3.59835 train_time:1888.453s step_avg:1303.28ms
step:1450/3250 train_loss:3.60839 train_time:1890.056s step_avg:1303.49ms
step:1451/3250 train_loss:3.54572 train_time:1891.305s step_avg:1303.45ms
step:1452/3250 train_loss:3.59261 train_time:1892.539s step_avg:1303.40ms
step:1453/3250 train_loss:3.54048 train_time:1893.781s step_avg:1303.36ms
step:1454/3250 train_loss:3.64902 train_time:1895.028s step_avg:1303.32ms
step:1455/3250 train_loss:3.63163 train_time:1896.650s step_avg:1303.54ms
step:1456/3250 train_loss:3.57372 train_time:1897.884s step_avg:1303.49ms
step:1457/3250 train_loss:3.60696 train_time:1899.117s step_avg:1303.44ms
step:1458/3250 train_loss:3.62786 train_time:1900.356s step_avg:1303.40ms
step:1459/3250 train_loss:3.62782 train_time:1901.594s step_avg:1303.35ms
step:1460/3250 train_loss:3.55171 train_time:1903.210s step_avg:1303.57ms
step:1461/3250 train_loss:3.59288 train_time:1904.453s step_avg:1303.53ms
step:1462/3250 train_loss:3.53054 train_time:1905.687s step_avg:1303.48ms
step:1463/3250 train_loss:3.67749 train_time:1906.923s step_avg:1303.43ms
step:1464/3250 train_loss:3.58919 train_time:1908.157s step_avg:1303.39ms
step:1465/3250 train_loss:3.59012 train_time:1909.775s step_avg:1303.60ms
step:1466/3250 train_loss:3.59794 train_time:1911.015s step_avg:1303.56ms
step:1467/3250 train_loss:3.56878 train_time:1912.243s step_avg:1303.51ms
step:1468/3250 train_loss:3.58365 train_time:1913.477s step_avg:1303.46ms
step:1469/3250 train_loss:3.58608 train_time:1914.713s step_avg:1303.41ms
step:1470/3250 train_loss:3.50778 train_time:1916.327s step_avg:1303.62ms
step:1471/3250 train_loss:3.55417 train_time:1917.562s step_avg:1303.58ms
step:1472/3250 train_loss:3.64141 train_time:1918.806s step_avg:1303.54ms
step:1473/3250 train_loss:3.61767 train_time:1920.049s step_avg:1303.50ms
step:1474/3250 train_loss:3.57804 train_time:1921.283s step_avg:1303.45ms
step:1475/3250 train_loss:3.55293 train_time:1922.909s step_avg:1303.67ms
step:1476/3250 train_loss:3.58675 train_time:1924.139s step_avg:1303.62ms
step:1477/3250 train_loss:3.53440 train_time:1925.381s step_avg:1303.58ms
step:1478/3250 train_loss:3.58665 train_time:1926.616s step_avg:1303.53ms
step:1479/3250 train_loss:3.62361 train_time:1927.851s step_avg:1303.48ms
step:1480/3250 train_loss:3.62051 train_time:1929.467s step_avg:1303.69ms
step:1481/3250 train_loss:3.65008 train_time:1930.702s step_avg:1303.65ms
step:1482/3250 train_loss:3.58375 train_time:1931.940s step_avg:1303.60ms
step:1483/3250 train_loss:3.57701 train_time:1933.177s step_avg:1303.56ms
step:1484/3250 train_loss:3.57574 train_time:1934.420s step_avg:1303.52ms
step:1485/3250 train_loss:3.56357 train_time:1936.046s step_avg:1303.73ms
step:1486/3250 train_loss:3.60408 train_time:1937.280s step_avg:1303.69ms
step:1487/3250 train_loss:3.64450 train_time:1938.517s step_avg:1303.64ms
step:1488/3250 train_loss:3.58292 train_time:1939.756s step_avg:1303.60ms
step:1489/3250 train_loss:3.57249 train_time:1940.996s step_avg:1303.56ms
step:1490/3250 train_loss:3.59811 train_time:1942.607s step_avg:1303.76ms
step:1491/3250 train_loss:3.57634 train_time:1943.841s step_avg:1303.72ms
step:1492/3250 train_loss:3.51183 train_time:1945.101s step_avg:1303.69ms
step:1493/3250 train_loss:3.63603 train_time:1946.341s step_avg:1303.64ms
step:1494/3250 train_loss:3.54315 train_time:1947.577s step_avg:1303.60ms
step:1495/3250 train_loss:3.52302 train_time:1949.195s step_avg:1303.81ms
step:1496/3250 train_loss:3.55129 train_time:1950.424s step_avg:1303.76ms
step:1497/3250 train_loss:3.59875 train_time:1951.660s step_avg:1303.71ms
step:1498/3250 train_loss:3.53138 train_time:1952.899s step_avg:1303.67ms
step:1499/3250 train_loss:3.56287 train_time:1954.132s step_avg:1303.62ms
step:1500/3250 train_loss:3.61268 train_time:1955.756s step_avg:1303.84ms
step:1500/3250 val_loss:3.57719 train_time:1955.757s step_avg:1311.36ms
step:1501/3250 train_loss:3.48223 train_time:1956.993s step_avg:1303.79ms
step:1502/3250 train_loss:3.52919 train_time:1958.236s step_avg:1303.75ms
step:1503/3250 train_loss:3.51609 train_time:1959.469s step_avg:1303.71ms
step:1504/3250 train_loss:3.55814 train_time:1960.700s step_avg:1303.66ms
step:1505/3250 train_loss:3.54749 train_time:1962.325s step_avg:1303.87ms
step:1506/3250 train_loss:3.57167 train_time:1963.558s step_avg:1303.82ms
step:1507/3250 train_loss:3.51190 train_time:1964.786s step_avg:1303.77ms
step:1508/3250 train_loss:3.57975 train_time:1966.020s step_avg:1303.73ms
step:1509/3250 train_loss:3.58325 train_time:1967.259s step_avg:1303.68ms
step:1510/3250 train_loss:3.55510 train_time:1968.888s step_avg:1303.90ms
step:1511/3250 train_loss:3.61481 train_time:1970.133s step_avg:1303.86ms
step:1512/3250 train_loss:3.56767 train_time:1971.365s step_avg:1303.81ms
step:1513/3250 train_loss:3.56783 train_time:1972.604s step_avg:1303.77ms
step:1514/3250 train_loss:3.64548 train_time:1973.844s step_avg:1303.73ms
step:1515/3250 train_loss:3.58408 train_time:1975.486s step_avg:1303.95ms
step:1516/3250 train_loss:3.63738 train_time:1976.723s step_avg:1303.91ms
step:1517/3250 train_loss:3.54755 train_time:1977.960s step_avg:1303.86ms
step:1518/3250 train_loss:3.57946 train_time:1979.199s step_avg:1303.82ms
step:1519/3250 train_loss:3.62580 train_time:1980.438s step_avg:1303.78ms
step:1520/3250 train_loss:3.50447 train_time:1982.065s step_avg:1303.99ms
step:1521/3250 train_loss:3.56225 train_time:1983.346s step_avg:1303.98ms
step:1522/3250 train_loss:3.55775 train_time:1984.584s step_avg:1303.93ms
step:1523/3250 train_loss:3.59409 train_time:1985.822s step_avg:1303.89ms
step:1524/3250 train_loss:3.60454 train_time:1987.059s step_avg:1303.84ms
step:1525/3250 train_loss:3.61511 train_time:1988.702s step_avg:1304.07ms
step:1526/3250 train_loss:3.59950 train_time:1989.940s step_avg:1304.02ms
step:1527/3250 train_loss:3.53901 train_time:1991.172s step_avg:1303.98ms
step:1528/3250 train_loss:3.64031 train_time:1992.434s step_avg:1303.95ms
step:1529/3250 train_loss:3.57146 train_time:1993.666s step_avg:1303.90ms
step:1530/3250 train_loss:3.56800 train_time:1995.294s step_avg:1304.11ms
step:1531/3250 train_loss:3.58301 train_time:1996.525s step_avg:1304.07ms
step:1532/3250 train_loss:3.61976 train_time:1997.764s step_avg:1304.02ms
step:1533/3250 train_loss:3.60332 train_time:1999.009s step_avg:1303.98ms
step:1534/3250 train_loss:3.57292 train_time:2000.245s step_avg:1303.94ms
step:1535/3250 train_loss:3.58048 train_time:2001.870s step_avg:1304.15ms
step:1536/3250 train_loss:3.54304 train_time:2003.109s step_avg:1304.11ms
step:1537/3250 train_loss:3.62671 train_time:2004.344s step_avg:1304.06ms
step:1538/3250 train_loss:3.58236 train_time:2005.583s step_avg:1304.02ms
step:1539/3250 train_loss:3.67907 train_time:2006.822s step_avg:1303.98ms
step:1540/3250 train_loss:3.53637 train_time:2008.479s step_avg:1304.21ms
step:1541/3250 train_loss:3.53740 train_time:2009.716s step_avg:1304.16ms
step:1542/3250 train_loss:3.55785 train_time:2010.960s step_avg:1304.12ms
step:1543/3250 train_loss:3.57895 train_time:2012.208s step_avg:1304.09ms
step:1544/3250 train_loss:3.54468 train_time:2013.444s step_avg:1304.04ms
step:1545/3250 train_loss:3.59850 train_time:2015.073s step_avg:1304.25ms
step:1546/3250 train_loss:3.57780 train_time:2016.307s step_avg:1304.21ms
step:1547/3250 train_loss:3.58062 train_time:2017.560s step_avg:1304.18ms
step:1548/3250 train_loss:3.60560 train_time:2018.788s step_avg:1304.13ms
step:1549/3250 train_loss:3.59369 train_time:2020.028s step_avg:1304.09ms
step:1550/3250 train_loss:3.59410 train_time:2021.657s step_avg:1304.29ms
step:1551/3250 train_loss:3.53972 train_time:2022.890s step_avg:1304.25ms
step:1552/3250 train_loss:3.58917 train_time:2024.127s step_avg:1304.21ms
step:1553/3250 train_loss:3.58487 train_time:2025.365s step_avg:1304.16ms
step:1554/3250 train_loss:3.57176 train_time:2026.599s step_avg:1304.12ms
step:1555/3250 train_loss:3.57756 train_time:2028.228s step_avg:1304.33ms
step:1556/3250 train_loss:3.60993 train_time:2029.470s step_avg:1304.29ms
step:1557/3250 train_loss:3.57339 train_time:2030.704s step_avg:1304.24ms
step:1558/3250 train_loss:3.45462 train_time:2031.954s step_avg:1304.21ms
step:1559/3250 train_loss:3.56986 train_time:2033.191s step_avg:1304.16ms
step:1560/3250 train_loss:3.56339 train_time:2034.850s step_avg:1304.39ms
step:1561/3250 train_loss:3.66218 train_time:2036.081s step_avg:1304.34ms
step:1562/3250 train_loss:3.60113 train_time:2037.332s step_avg:1304.31ms
step:1563/3250 train_loss:3.58339 train_time:2038.575s step_avg:1304.27ms
step:1564/3250 train_loss:3.49926 train_time:2039.812s step_avg:1304.23ms
step:1565/3250 train_loss:3.55862 train_time:2041.458s step_avg:1304.45ms
step:1566/3250 train_loss:3.56260 train_time:2042.697s step_avg:1304.40ms
step:1567/3250 train_loss:3.53967 train_time:2043.929s step_avg:1304.36ms
step:1568/3250 train_loss:3.56763 train_time:2045.164s step_avg:1304.31ms
step:1569/3250 train_loss:3.60341 train_time:2046.402s step_avg:1304.27ms
step:1570/3250 train_loss:3.53485 train_time:2048.066s step_avg:1304.50ms
step:1571/3250 train_loss:3.51974 train_time:2049.295s step_avg:1304.45ms
step:1572/3250 train_loss:3.53904 train_time:2050.533s step_avg:1304.41ms
step:1573/3250 train_loss:3.56973 train_time:2051.768s step_avg:1304.37ms
step:1574/3250 train_loss:3.54848 train_time:2053.014s step_avg:1304.33ms
step:1575/3250 train_loss:3.59872 train_time:2054.653s step_avg:1304.54ms
step:1576/3250 train_loss:3.62476 train_time:2055.891s step_avg:1304.50ms
step:1577/3250 train_loss:3.60113 train_time:2057.130s step_avg:1304.46ms
step:1578/3250 train_loss:3.59266 train_time:2058.371s step_avg:1304.42ms
step:1579/3250 train_loss:3.52445 train_time:2059.611s step_avg:1304.38ms
step:1580/3250 train_loss:3.47403 train_time:2061.249s step_avg:1304.59ms
step:1581/3250 train_loss:3.63670 train_time:2062.486s step_avg:1304.55ms
step:1582/3250 train_loss:3.52962 train_time:2063.725s step_avg:1304.50ms
step:1583/3250 train_loss:3.57298 train_time:2064.955s step_avg:1304.46ms
step:1584/3250 train_loss:3.54906 train_time:2066.188s step_avg:1304.41ms
step:1585/3250 train_loss:3.56438 train_time:2067.835s step_avg:1304.63ms
step:1586/3250 train_loss:3.51303 train_time:2069.074s step_avg:1304.59ms
step:1587/3250 train_loss:3.53381 train_time:2070.308s step_avg:1304.54ms
step:1588/3250 train_loss:3.53891 train_time:2071.541s step_avg:1304.50ms
step:1589/3250 train_loss:3.55325 train_time:2072.772s step_avg:1304.45ms
step:1590/3250 train_loss:3.55485 train_time:2074.412s step_avg:1304.66ms
step:1591/3250 train_loss:3.54246 train_time:2075.660s step_avg:1304.63ms
step:1592/3250 train_loss:3.52439 train_time:2076.897s step_avg:1304.58ms
step:1593/3250 train_loss:3.55085 train_time:2078.137s step_avg:1304.54ms
step:1594/3250 train_loss:3.57429 train_time:2079.390s step_avg:1304.51ms
step:1595/3250 train_loss:3.56251 train_time:2081.031s step_avg:1304.72ms
step:1596/3250 train_loss:3.49778 train_time:2082.262s step_avg:1304.68ms
step:1597/3250 train_loss:3.51828 train_time:2083.495s step_avg:1304.63ms
step:1598/3250 train_loss:3.68356 train_time:2084.736s step_avg:1304.59ms
step:1599/3250 train_loss:3.54737 train_time:2085.977s step_avg:1304.55ms
step:1600/3250 train_loss:3.53547 train_time:2087.713s step_avg:1304.82ms
step:1601/3250 train_loss:3.59498 train_time:2088.959s step_avg:1304.78ms
step:1602/3250 train_loss:3.59809 train_time:2090.196s step_avg:1304.74ms
step:1603/3250 train_loss:3.55195 train_time:2091.429s step_avg:1304.70ms
step:1604/3250 train_loss:3.51689 train_time:2092.675s step_avg:1304.66ms
step:1605/3250 train_loss:3.57993 train_time:2094.330s step_avg:1304.88ms
step:1606/3250 train_loss:3.61705 train_time:2095.557s step_avg:1304.83ms
step:1607/3250 train_loss:3.50537 train_time:2096.791s step_avg:1304.79ms
step:1608/3250 train_loss:3.50406 train_time:2098.028s step_avg:1304.74ms
step:1609/3250 train_loss:3.56660 train_time:2099.269s step_avg:1304.70ms
step:1610/3250 train_loss:3.60310 train_time:2100.912s step_avg:1304.91ms
step:1611/3250 train_loss:3.60056 train_time:2102.139s step_avg:1304.87ms
step:1612/3250 train_loss:3.56164 train_time:2103.380s step_avg:1304.83ms
step:1613/3250 train_loss:3.55085 train_time:2104.630s step_avg:1304.79ms
step:1614/3250 train_loss:3.68284 train_time:2105.866s step_avg:1304.75ms
step:1615/3250 train_loss:3.61217 train_time:2107.620s step_avg:1305.03ms
step:1616/3250 train_loss:3.57768 train_time:2108.865s step_avg:1304.99ms
step:1617/3250 train_loss:3.52026 train_time:2110.092s step_avg:1304.94ms
step:1618/3250 train_loss:3.58141 train_time:2111.328s step_avg:1304.90ms
step:1619/3250 train_loss:3.48542 train_time:2112.556s step_avg:1304.85ms
step:1620/3250 train_loss:3.62828 train_time:2114.203s step_avg:1305.06ms
step:1621/3250 train_loss:3.53989 train_time:2115.435s step_avg:1305.02ms
step:1622/3250 train_loss:3.53142 train_time:2116.672s step_avg:1304.98ms
step:1623/3250 train_loss:3.49762 train_time:2117.914s step_avg:1304.94ms
step:1624/3250 train_loss:3.55866 train_time:2119.155s step_avg:1304.90ms
step:1625/3250 train_loss:3.56267 train_time:2120.800s step_avg:1305.11ms
step:1625/3250 val_loss:3.55108 train_time:2120.800s step_avg:1320.35ms
step:1626/3250 train_loss:3.55855 train_time:2122.043s step_avg:1305.07ms
step:1627/3250 train_loss:3.55962 train_time:2123.281s step_avg:1305.03ms
step:1628/3250 train_loss:3.49862 train_time:2124.515s step_avg:1304.98ms
step:1629/3250 train_loss:3.58237 train_time:2125.759s step_avg:1304.95ms
step:1630/3250 train_loss:3.56970 train_time:2127.465s step_avg:1305.19ms
step:1631/3250 train_loss:3.49468 train_time:2128.697s step_avg:1305.15ms
step:1632/3250 train_loss:3.55448 train_time:2129.939s step_avg:1305.11ms
step:1633/3250 train_loss:3.60591 train_time:2131.191s step_avg:1305.08ms
step:1634/3250 train_loss:3.59197 train_time:2132.421s step_avg:1305.03ms
step:1635/3250 train_loss:3.55252 train_time:2134.106s step_avg:1305.26ms
step:1636/3250 train_loss:3.55747 train_time:2135.335s step_avg:1305.22ms
step:1637/3250 train_loss:3.63045 train_time:2136.585s step_avg:1305.18ms
step:1638/3250 train_loss:3.52556 train_time:2137.819s step_avg:1305.14ms
step:1639/3250 train_loss:3.56564 train_time:2139.055s step_avg:1305.10ms
step:1640/3250 train_loss:3.53931 train_time:2140.723s step_avg:1305.32ms
step:1641/3250 train_loss:3.53991 train_time:2141.959s step_avg:1305.28ms
step:1642/3250 train_loss:3.58478 train_time:2143.199s step_avg:1305.24ms
step:1643/3250 train_loss:3.54677 train_time:2144.436s step_avg:1305.20ms
step:1644/3250 train_loss:3.52842 train_time:2145.682s step_avg:1305.16ms
step:1645/3250 train_loss:3.52994 train_time:2147.352s step_avg:1305.38ms
step:1646/3250 train_loss:3.51649 train_time:2148.578s step_avg:1305.33ms
step:1647/3250 train_loss:3.58308 train_time:2149.814s step_avg:1305.29ms
step:1648/3250 train_loss:3.58561 train_time:2151.043s step_avg:1305.24ms
step:1649/3250 train_loss:3.58237 train_time:2152.278s step_avg:1305.20ms
step:1650/3250 train_loss:3.55354 train_time:2153.933s step_avg:1305.41ms
step:1651/3250 train_loss:3.55207 train_time:2155.158s step_avg:1305.37ms
step:1652/3250 train_loss:3.51800 train_time:2156.397s step_avg:1305.33ms
step:1653/3250 train_loss:3.54522 train_time:2157.632s step_avg:1305.28ms
step:1654/3250 train_loss:3.55649 train_time:2158.869s step_avg:1305.24ms
step:1655/3250 train_loss:3.54504 train_time:2160.524s step_avg:1305.45ms
step:1656/3250 train_loss:3.60166 train_time:2161.760s step_avg:1305.41ms
step:1657/3250 train_loss:3.53867 train_time:2162.999s step_avg:1305.37ms
step:1658/3250 train_loss:3.53968 train_time:2164.237s step_avg:1305.33ms
step:1659/3250 train_loss:3.56179 train_time:2165.472s step_avg:1305.29ms
step:1660/3250 train_loss:3.62709 train_time:2167.126s step_avg:1305.50ms
step:1661/3250 train_loss:3.53018 train_time:2168.361s step_avg:1305.46ms
step:1662/3250 train_loss:3.56198 train_time:2169.599s step_avg:1305.41ms
step:1663/3250 train_loss:3.58835 train_time:2170.836s step_avg:1305.37ms
step:1664/3250 train_loss:3.52391 train_time:2172.075s step_avg:1305.33ms
step:1665/3250 train_loss:3.54841 train_time:2173.732s step_avg:1305.54ms
step:1666/3250 train_loss:3.56504 train_time:2174.958s step_avg:1305.50ms
step:1667/3250 train_loss:3.58558 train_time:2176.197s step_avg:1305.46ms
step:1668/3250 train_loss:3.51912 train_time:2177.432s step_avg:1305.41ms
step:1669/3250 train_loss:3.59309 train_time:2178.660s step_avg:1305.37ms
step:1670/3250 train_loss:3.47854 train_time:2180.339s step_avg:1305.59ms
step:1671/3250 train_loss:3.85370 train_time:2181.568s step_avg:1305.55ms
step:1672/3250 train_loss:3.55742 train_time:2182.802s step_avg:1305.50ms
step:1673/3250 train_loss:3.52758 train_time:2184.037s step_avg:1305.46ms
step:1674/3250 train_loss:3.57768 train_time:2185.266s step_avg:1305.42ms
step:1675/3250 train_loss:3.53056 train_time:2186.922s step_avg:1305.62ms
step:1676/3250 train_loss:3.53589 train_time:2188.150s step_avg:1305.58ms
step:1677/3250 train_loss:3.62984 train_time:2189.384s step_avg:1305.54ms
step:1678/3250 train_loss:3.53836 train_time:2190.623s step_avg:1305.50ms
step:1679/3250 train_loss:3.49501 train_time:2191.858s step_avg:1305.45ms
step:1680/3250 train_loss:3.52397 train_time:2193.522s step_avg:1305.67ms
step:1681/3250 train_loss:3.51903 train_time:2194.756s step_avg:1305.63ms
step:1682/3250 train_loss:3.55489 train_time:2195.983s step_avg:1305.58ms
step:1683/3250 train_loss:3.51992 train_time:2197.220s step_avg:1305.54ms
step:1684/3250 train_loss:3.55136 train_time:2198.458s step_avg:1305.50ms
step:1685/3250 train_loss:3.54740 train_time:2200.130s step_avg:1305.72ms
step:1686/3250 train_loss:3.51773 train_time:2201.362s step_avg:1305.67ms
step:1687/3250 train_loss:3.54137 train_time:2202.599s step_avg:1305.63ms
step:1688/3250 train_loss:3.53841 train_time:2203.827s step_avg:1305.58ms
step:1689/3250 train_loss:3.50343 train_time:2205.060s step_avg:1305.54ms
step:1690/3250 train_loss:3.49392 train_time:2206.740s step_avg:1305.76ms
step:1691/3250 train_loss:3.48821 train_time:2207.974s step_avg:1305.72ms
step:1692/3250 train_loss:3.56914 train_time:2209.204s step_avg:1305.68ms
step:1693/3250 train_loss:3.50017 train_time:2210.439s step_avg:1305.63ms
step:1694/3250 train_loss:3.55112 train_time:2211.687s step_avg:1305.60ms
step:1695/3250 train_loss:3.58311 train_time:2213.358s step_avg:1305.82ms
step:1696/3250 train_loss:3.54247 train_time:2214.594s step_avg:1305.77ms
step:1697/3250 train_loss:3.54298 train_time:2215.825s step_avg:1305.73ms
step:1698/3250 train_loss:3.48549 train_time:2217.065s step_avg:1305.69ms
step:1699/3250 train_loss:3.55390 train_time:2218.311s step_avg:1305.66ms
step:1700/3250 train_loss:3.59087 train_time:2219.986s step_avg:1305.87ms
step:1701/3250 train_loss:3.56941 train_time:2221.236s step_avg:1305.84ms
step:1702/3250 train_loss:3.57220 train_time:2222.471s step_avg:1305.80ms
step:1703/3250 train_loss:3.51712 train_time:2223.708s step_avg:1305.76ms
step:1704/3250 train_loss:3.55116 train_time:2224.946s step_avg:1305.72ms
step:1705/3250 train_loss:3.53293 train_time:2226.622s step_avg:1305.94ms
step:1706/3250 train_loss:3.51036 train_time:2227.858s step_avg:1305.90ms
step:1707/3250 train_loss:3.52567 train_time:2229.087s step_avg:1305.85ms
step:1708/3250 train_loss:3.50659 train_time:2230.324s step_avg:1305.81ms
step:1709/3250 train_loss:3.77568 train_time:2231.562s step_avg:1305.77ms
step:1710/3250 train_loss:3.61362 train_time:2233.247s step_avg:1305.99ms
step:1711/3250 train_loss:3.51484 train_time:2234.522s step_avg:1305.97ms
step:1712/3250 train_loss:3.52692 train_time:2235.750s step_avg:1305.93ms
step:1713/3250 train_loss:3.58412 train_time:2236.992s step_avg:1305.89ms
step:1714/3250 train_loss:3.49586 train_time:2238.226s step_avg:1305.85ms
step:1715/3250 train_loss:3.57114 train_time:2239.903s step_avg:1306.07ms
step:1716/3250 train_loss:3.50929 train_time:2241.142s step_avg:1306.03ms
step:1717/3250 train_loss:3.52911 train_time:2242.394s step_avg:1306.00ms
step:1718/3250 train_loss:3.56904 train_time:2243.624s step_avg:1305.95ms
step:1719/3250 train_loss:3.57360 train_time:2244.855s step_avg:1305.91ms
step:1720/3250 train_loss:3.52096 train_time:2246.523s step_avg:1306.12ms
step:1721/3250 train_loss:3.55721 train_time:2247.762s step_avg:1306.08ms
step:1722/3250 train_loss:3.56145 train_time:2248.992s step_avg:1306.04ms
step:1723/3250 train_loss:3.55441 train_time:2250.231s step_avg:1306.00ms
step:1724/3250 train_loss:3.52878 train_time:2251.468s step_avg:1305.96ms
step:1725/3250 train_loss:3.55155 train_time:2253.169s step_avg:1306.19ms
step:1726/3250 train_loss:3.51948 train_time:2254.407s step_avg:1306.15ms
step:1727/3250 train_loss:3.50647 train_time:2255.651s step_avg:1306.11ms
step:1728/3250 train_loss:3.49989 train_time:2256.891s step_avg:1306.07ms
step:1729/3250 train_loss:3.57089 train_time:2258.132s step_avg:1306.03ms
step:1730/3250 train_loss:3.63024 train_time:2259.819s step_avg:1306.25ms
step:1731/3250 train_loss:3.52537 train_time:2261.051s step_avg:1306.21ms
step:1732/3250 train_loss:3.55111 train_time:2262.290s step_avg:1306.17ms
step:1733/3250 train_loss:3.48071 train_time:2263.529s step_avg:1306.13ms
step:1734/3250 train_loss:3.64750 train_time:2264.765s step_avg:1306.09ms
step:1735/3250 train_loss:3.55454 train_time:2266.462s step_avg:1306.32ms
step:1736/3250 train_loss:3.62744 train_time:2267.695s step_avg:1306.28ms
step:1737/3250 train_loss:3.62133 train_time:2268.936s step_avg:1306.24ms
step:1738/3250 train_loss:3.49389 train_time:2270.172s step_avg:1306.20ms
step:1739/3250 train_loss:3.51255 train_time:2271.416s step_avg:1306.16ms
step:1740/3250 train_loss:3.49978 train_time:2273.090s step_avg:1306.37ms
step:1741/3250 train_loss:3.49832 train_time:2274.327s step_avg:1306.33ms
step:1742/3250 train_loss:3.54386 train_time:2275.565s step_avg:1306.29ms
step:1743/3250 train_loss:3.47819 train_time:2276.806s step_avg:1306.26ms
step:1744/3250 train_loss:3.49297 train_time:2278.038s step_avg:1306.21ms
step:1745/3250 train_loss:3.55415 train_time:2279.721s step_avg:1306.43ms
step:1746/3250 train_loss:3.56182 train_time:2280.946s step_avg:1306.38ms
step:1747/3250 train_loss:3.52851 train_time:2282.188s step_avg:1306.35ms
step:1748/3250 train_loss:3.58526 train_time:2283.423s step_avg:1306.31ms
step:1749/3250 train_loss:3.53865 train_time:2284.650s step_avg:1306.26ms
step:1750/3250 train_loss:3.52642 train_time:2286.344s step_avg:1306.48ms
step:1750/3250 val_loss:3.52282 train_time:2286.345s step_avg:1324.36ms
step:1751/3250 train_loss:3.56995 train_time:2287.578s step_avg:1306.44ms
step:1752/3250 train_loss:3.56033 train_time:2288.806s step_avg:1306.40ms
step:1753/3250 train_loss:3.50204 train_time:2290.053s step_avg:1306.36ms
step:1754/3250 train_loss:3.53644 train_time:2291.288s step_avg:1306.32ms
step:1755/3250 train_loss:3.54337 train_time:2292.976s step_avg:1306.54ms
step:1756/3250 train_loss:3.50813 train_time:2294.208s step_avg:1306.50ms
step:1757/3250 train_loss:3.51572 train_time:2295.450s step_avg:1306.46ms
step:1758/3250 train_loss:3.65386 train_time:2296.688s step_avg:1306.42ms
step:1759/3250 train_loss:3.64203 train_time:2297.929s step_avg:1306.38ms
step:1760/3250 train_loss:3.58568 train_time:2299.675s step_avg:1306.63ms
step:1761/3250 train_loss:3.52862 train_time:2300.909s step_avg:1306.59ms
step:1762/3250 train_loss:3.53196 train_time:2302.152s step_avg:1306.56ms
step:1763/3250 train_loss:3.49903 train_time:2303.393s step_avg:1306.52ms
step:1764/3250 train_loss:3.52131 train_time:2304.631s step_avg:1306.48ms
step:1765/3250 train_loss:3.52378 train_time:2306.316s step_avg:1306.69ms
step:1766/3250 train_loss:3.49397 train_time:2307.549s step_avg:1306.65ms
step:1767/3250 train_loss:3.60779 train_time:2308.796s step_avg:1306.62ms
step:1768/3250 train_loss:3.53829 train_time:2310.031s step_avg:1306.58ms
step:1769/3250 train_loss:3.64411 train_time:2311.273s step_avg:1306.54ms
step:1770/3250 train_loss:3.53689 train_time:2312.958s step_avg:1306.76ms
step:1771/3250 train_loss:3.54254 train_time:2314.193s step_avg:1306.72ms
step:1772/3250 train_loss:3.49324 train_time:2315.434s step_avg:1306.68ms
step:1773/3250 train_loss:3.56094 train_time:2316.685s step_avg:1306.65ms
step:1774/3250 train_loss:3.54842 train_time:2317.926s step_avg:1306.61ms
step:1775/3250 train_loss:3.56071 train_time:2319.633s step_avg:1306.84ms
step:1776/3250 train_loss:3.56695 train_time:2320.872s step_avg:1306.80ms
step:1777/3250 train_loss:3.56723 train_time:2322.127s step_avg:1306.77ms
step:1778/3250 train_loss:3.56642 train_time:2323.379s step_avg:1306.74ms
step:1779/3250 train_loss:3.58900 train_time:2324.615s step_avg:1306.70ms
step:1780/3250 train_loss:3.51692 train_time:2326.308s step_avg:1306.91ms
step:1781/3250 train_loss:3.49945 train_time:2327.547s step_avg:1306.88ms
step:1782/3250 train_loss:3.52458 train_time:2328.798s step_avg:1306.85ms
step:1783/3250 train_loss:3.55530 train_time:2330.037s step_avg:1306.81ms
step:1784/3250 train_loss:3.45506 train_time:2331.275s step_avg:1306.77ms
step:1785/3250 train_loss:3.56304 train_time:2332.972s step_avg:1306.99ms
step:1786/3250 train_loss:3.55660 train_time:2334.206s step_avg:1306.95ms
step:1787/3250 train_loss:3.59877 train_time:2335.455s step_avg:1306.91ms
step:1788/3250 train_loss:3.49407 train_time:2336.695s step_avg:1306.88ms
step:1789/3250 train_loss:3.55403 train_time:2337.945s step_avg:1306.84ms
step:1790/3250 train_loss:3.47377 train_time:2339.645s step_avg:1307.06ms
step:1791/3250 train_loss:3.51739 train_time:2340.876s step_avg:1307.02ms
step:1792/3250 train_loss:3.53492 train_time:2342.114s step_avg:1306.98ms
step:1793/3250 train_loss:3.48238 train_time:2343.363s step_avg:1306.95ms
step:1794/3250 train_loss:3.55719 train_time:2344.596s step_avg:1306.91ms
step:1795/3250 train_loss:3.58506 train_time:2346.288s step_avg:1307.12ms
step:1796/3250 train_loss:3.58063 train_time:2347.522s step_avg:1307.08ms
step:1797/3250 train_loss:3.55629 train_time:2348.780s step_avg:1307.06ms
step:1798/3250 train_loss:3.56501 train_time:2350.010s step_avg:1307.01ms
step:1799/3250 train_loss:3.58167 train_time:2351.254s step_avg:1306.98ms
step:1800/3250 train_loss:3.50960 train_time:2352.986s step_avg:1307.21ms
step:1801/3250 train_loss:3.54939 train_time:2354.226s step_avg:1307.18ms
step:1802/3250 train_loss:3.49375 train_time:2355.463s step_avg:1307.14ms
step:1803/3250 train_loss:3.55468 train_time:2356.699s step_avg:1307.10ms
step:1804/3250 train_loss:3.51361 train_time:2357.942s step_avg:1307.06ms
step:1805/3250 train_loss:3.52898 train_time:2359.640s step_avg:1307.28ms
step:1806/3250 train_loss:3.53810 train_time:2360.870s step_avg:1307.24ms
step:1807/3250 train_loss:3.50545 train_time:2362.103s step_avg:1307.20ms
step:1808/3250 train_loss:3.56483 train_time:2363.339s step_avg:1307.16ms
step:1809/3250 train_loss:3.58497 train_time:2364.576s step_avg:1307.12ms
step:1810/3250 train_loss:3.53474 train_time:2366.284s step_avg:1307.34ms
step:1811/3250 train_loss:3.49958 train_time:2367.513s step_avg:1307.30ms
step:1812/3250 train_loss:3.50970 train_time:2368.782s step_avg:1307.27ms
step:1813/3250 train_loss:3.53761 train_time:2370.025s step_avg:1307.24ms
step:1814/3250 train_loss:3.49814 train_time:2371.260s step_avg:1307.20ms
step:1815/3250 train_loss:3.56015 train_time:2372.969s step_avg:1307.42ms
step:1816/3250 train_loss:3.51011 train_time:2374.197s step_avg:1307.38ms
step:1817/3250 train_loss:3.49668 train_time:2375.434s step_avg:1307.34ms
step:1818/3250 train_loss:3.50236 train_time:2376.671s step_avg:1307.30ms
step:1819/3250 train_loss:3.53155 train_time:2377.914s step_avg:1307.26ms
step:1820/3250 train_loss:3.49430 train_time:2379.657s step_avg:1307.50ms
step:1821/3250 train_loss:3.52439 train_time:2380.894s step_avg:1307.47ms
step:1822/3250 train_loss:3.48431 train_time:2382.135s step_avg:1307.43ms
step:1823/3250 train_loss:3.54287 train_time:2383.373s step_avg:1307.39ms
step:1824/3250 train_loss:3.55830 train_time:2384.617s step_avg:1307.36ms
step:1825/3250 train_loss:3.65890 train_time:2386.357s step_avg:1307.59ms
step:1826/3250 train_loss:3.49948 train_time:2387.592s step_avg:1307.55ms
step:1827/3250 train_loss:3.48915 train_time:2388.828s step_avg:1307.51ms
step:1828/3250 train_loss:3.55676 train_time:2390.068s step_avg:1307.48ms
step:1829/3250 train_loss:3.49013 train_time:2391.294s step_avg:1307.43ms
step:1830/3250 train_loss:3.52103 train_time:2393.046s step_avg:1307.68ms
step:1831/3250 train_loss:3.49016 train_time:2394.281s step_avg:1307.64ms
step:1832/3250 train_loss:3.50780 train_time:2395.518s step_avg:1307.60ms
step:1833/3250 train_loss:3.56848 train_time:2396.758s step_avg:1307.56ms
step:1834/3250 train_loss:3.52834 train_time:2397.992s step_avg:1307.52ms
step:1835/3250 train_loss:3.57879 train_time:2399.702s step_avg:1307.74ms
step:1836/3250 train_loss:3.50773 train_time:2400.938s step_avg:1307.70ms
step:1837/3250 train_loss:3.50157 train_time:2402.174s step_avg:1307.66ms
step:1838/3250 train_loss:3.47462 train_time:2403.414s step_avg:1307.62ms
step:1839/3250 train_loss:3.53002 train_time:2404.661s step_avg:1307.59ms
step:1840/3250 train_loss:3.49594 train_time:2406.367s step_avg:1307.81ms
step:1841/3250 train_loss:3.59372 train_time:2407.600s step_avg:1307.77ms
step:1842/3250 train_loss:3.52139 train_time:2408.841s step_avg:1307.73ms
step:1843/3250 train_loss:3.47605 train_time:2410.082s step_avg:1307.69ms
step:1844/3250 train_loss:3.47611 train_time:2411.322s step_avg:1307.66ms
step:1845/3250 train_loss:3.49668 train_time:2413.050s step_avg:1307.89ms
step:1846/3250 train_loss:3.52367 train_time:2414.290s step_avg:1307.85ms
step:1847/3250 train_loss:3.52408 train_time:2415.524s step_avg:1307.81ms
step:1848/3250 train_loss:3.51413 train_time:2416.758s step_avg:1307.77ms
step:1849/3250 train_loss:3.54743 train_time:2417.993s step_avg:1307.73ms
step:1850/3250 train_loss:3.49485 train_time:2419.701s step_avg:1307.95ms
step:1851/3250 train_loss:3.52232 train_time:2420.939s step_avg:1307.91ms
step:1852/3250 train_loss:3.49998 train_time:2422.180s step_avg:1307.87ms
step:1853/3250 train_loss:3.55684 train_time:2423.415s step_avg:1307.83ms
step:1854/3250 train_loss:3.50244 train_time:2424.655s step_avg:1307.80ms
step:1855/3250 train_loss:3.48379 train_time:2426.384s step_avg:1308.02ms
step:1856/3250 train_loss:3.50669 train_time:2427.624s step_avg:1307.99ms
step:1857/3250 train_loss:3.53763 train_time:2428.863s step_avg:1307.95ms
step:1858/3250 train_loss:3.55623 train_time:2430.098s step_avg:1307.91ms
step:1859/3250 train_loss:3.51388 train_time:2431.337s step_avg:1307.87ms
step:1860/3250 train_loss:3.45824 train_time:2433.066s step_avg:1308.10ms
step:1861/3250 train_loss:3.50770 train_time:2434.301s step_avg:1308.06ms
step:1862/3250 train_loss:3.54087 train_time:2435.539s step_avg:1308.02ms
step:1863/3250 train_loss:3.57634 train_time:2436.777s step_avg:1307.99ms
step:1864/3250 train_loss:3.54525 train_time:2438.015s step_avg:1307.95ms
step:1865/3250 train_loss:3.47587 train_time:2439.740s step_avg:1308.17ms
step:1866/3250 train_loss:3.49658 train_time:2440.974s step_avg:1308.13ms
step:1867/3250 train_loss:3.51625 train_time:2442.211s step_avg:1308.09ms
step:1868/3250 train_loss:3.60103 train_time:2443.443s step_avg:1308.05ms
step:1869/3250 train_loss:3.46496 train_time:2444.685s step_avg:1308.02ms
step:1870/3250 train_loss:3.51510 train_time:2446.403s step_avg:1308.24ms
step:1871/3250 train_loss:3.55089 train_time:2447.638s step_avg:1308.20ms
step:1872/3250 train_loss:3.48798 train_time:2448.876s step_avg:1308.16ms
step:1873/3250 train_loss:3.52386 train_time:2450.108s step_avg:1308.12ms
step:1874/3250 train_loss:3.50252 train_time:2451.345s step_avg:1308.08ms
step:1875/3250 train_loss:3.57638 train_time:2453.066s step_avg:1308.30ms
step:1875/3250 val_loss:3.49865 train_time:2453.067s step_avg:1333.77ms
step:1876/3250 train_loss:3.54073 train_time:2454.317s step_avg:1308.27ms
step:1877/3250 train_loss:3.56049 train_time:2455.549s step_avg:1308.23ms
step:1878/3250 train_loss:3.59845 train_time:2456.785s step_avg:1308.19ms
step:1879/3250 train_loss:3.60371 train_time:2458.024s step_avg:1308.16ms
step:1880/3250 train_loss:3.49913 train_time:2459.748s step_avg:1308.38ms
step:1881/3250 train_loss:3.43582 train_time:2460.982s step_avg:1308.34ms
step:1882/3250 train_loss:3.51523 train_time:2462.220s step_avg:1308.30ms
step:1883/3250 train_loss:3.47411 train_time:2463.458s step_avg:1308.26ms
step:1884/3250 train_loss:3.51423 train_time:2464.703s step_avg:1308.23ms
step:1885/3250 train_loss:3.50551 train_time:2466.428s step_avg:1308.45ms
step:1886/3250 train_loss:3.46361 train_time:2467.665s step_avg:1308.41ms
step:1887/3250 train_loss:3.50590 train_time:2468.905s step_avg:1308.38ms
step:1888/3250 train_loss:3.46520 train_time:2470.145s step_avg:1308.34ms
step:1889/3250 train_loss:3.49939 train_time:2471.383s step_avg:1308.30ms
step:1890/3250 train_loss:3.52302 train_time:2473.116s step_avg:1308.53ms
step:1891/3250 train_loss:3.54223 train_time:2474.349s step_avg:1308.49ms
step:1892/3250 train_loss:3.44767 train_time:2475.583s step_avg:1308.45ms
step:1893/3250 train_loss:3.52300 train_time:2476.819s step_avg:1308.41ms
step:1894/3250 train_loss:3.50909 train_time:2478.058s step_avg:1308.37ms
step:1895/3250 train_loss:3.46621 train_time:2479.782s step_avg:1308.59ms
step:1896/3250 train_loss:3.56419 train_time:2481.018s step_avg:1308.55ms
step:1897/3250 train_loss:3.54831 train_time:2482.252s step_avg:1308.51ms
step:1898/3250 train_loss:3.46551 train_time:2483.490s step_avg:1308.48ms
step:1899/3250 train_loss:3.45895 train_time:2484.732s step_avg:1308.44ms
step:1900/3250 train_loss:3.48262 train_time:2486.482s step_avg:1308.67ms
step:1901/3250 train_loss:3.44495 train_time:2487.749s step_avg:1308.65ms
step:1902/3250 train_loss:3.52256 train_time:2488.990s step_avg:1308.62ms
step:1903/3250 train_loss:3.54644 train_time:2490.239s step_avg:1308.59ms
step:1904/3250 train_loss:3.49720 train_time:2491.470s step_avg:1308.55ms
step:1905/3250 train_loss:3.48311 train_time:2493.200s step_avg:1308.77ms
step:1906/3250 train_loss:3.52909 train_time:2494.434s step_avg:1308.73ms
step:1907/3250 train_loss:3.48557 train_time:2495.683s step_avg:1308.70ms
step:1908/3250 train_loss:3.50412 train_time:2496.924s step_avg:1308.66ms
step:1909/3250 train_loss:3.45034 train_time:2498.163s step_avg:1308.62ms
step:1910/3250 train_loss:3.53820 train_time:2499.895s step_avg:1308.85ms
step:1911/3250 train_loss:3.51504 train_time:2501.131s step_avg:1308.81ms
step:1912/3250 train_loss:3.43174 train_time:2502.369s step_avg:1308.77ms
step:1913/3250 train_loss:3.54536 train_time:2503.608s step_avg:1308.73ms
step:1914/3250 train_loss:3.63826 train_time:2504.848s step_avg:1308.70ms
step:1915/3250 train_loss:3.46885 train_time:2506.611s step_avg:1308.94ms
step:1916/3250 train_loss:3.44731 train_time:2507.845s step_avg:1308.90ms
step:1917/3250 train_loss:3.54288 train_time:2509.085s step_avg:1308.86ms
step:1918/3250 train_loss:3.53622 train_time:2510.323s step_avg:1308.82ms
step:1919/3250 train_loss:3.53281 train_time:2511.561s step_avg:1308.79ms
step:1920/3250 train_loss:3.46948 train_time:2513.380s step_avg:1309.05ms
step:1921/3250 train_loss:3.50953 train_time:2514.610s step_avg:1309.01ms
step:1922/3250 train_loss:3.45793 train_time:2515.851s step_avg:1308.98ms
step:1923/3250 train_loss:3.50082 train_time:2517.090s step_avg:1308.94ms
step:1924/3250 train_loss:3.53831 train_time:2518.325s step_avg:1308.90ms
step:1925/3250 train_loss:3.47240 train_time:2520.063s step_avg:1309.12ms
step:1926/3250 train_loss:3.49417 train_time:2521.291s step_avg:1309.08ms
step:1927/3250 train_loss:3.51977 train_time:2522.530s step_avg:1309.05ms
step:1928/3250 train_loss:3.57225 train_time:2523.767s step_avg:1309.01ms
step:1929/3250 train_loss:3.50919 train_time:2525.010s step_avg:1308.97ms
step:1930/3250 train_loss:3.52444 train_time:2526.736s step_avg:1309.19ms
step:1931/3250 train_loss:3.42254 train_time:2527.971s step_avg:1309.15ms
step:1932/3250 train_loss:3.83584 train_time:2529.209s step_avg:1309.11ms
step:1933/3250 train_loss:3.54194 train_time:2530.449s step_avg:1309.08ms
step:1934/3250 train_loss:3.51598 train_time:2531.689s step_avg:1309.04ms
step:1935/3250 train_loss:3.54282 train_time:2533.422s step_avg:1309.26ms
step:1936/3250 train_loss:3.51388 train_time:2534.649s step_avg:1309.22ms
step:1937/3250 train_loss:3.53603 train_time:2535.892s step_avg:1309.19ms
step:1938/3250 train_loss:3.46205 train_time:2537.131s step_avg:1309.15ms
step:1939/3250 train_loss:3.47337 train_time:2538.370s step_avg:1309.11ms
step:1940/3250 train_loss:3.52910 train_time:2540.123s step_avg:1309.34ms
step:1941/3250 train_loss:3.51438 train_time:2541.388s step_avg:1309.32ms
step:1942/3250 train_loss:3.43254 train_time:2542.627s step_avg:1309.28ms
step:1943/3250 train_loss:3.56111 train_time:2543.877s step_avg:1309.25ms
step:1944/3250 train_loss:3.44479 train_time:2545.119s step_avg:1309.22ms
step:1945/3250 train_loss:3.53138 train_time:2546.842s step_avg:1309.43ms
step:1946/3250 train_loss:3.52568 train_time:2548.073s step_avg:1309.39ms
step:1947/3250 train_loss:3.46010 train_time:2549.326s step_avg:1309.36ms
step:1948/3250 train_loss:3.51225 train_time:2550.591s step_avg:1309.34ms
step:1949/3250 train_loss:3.42675 train_time:2551.833s step_avg:1309.30ms
step:1950/3250 train_loss:3.55729 train_time:2553.616s step_avg:1309.55ms
step:1951/3250 train_loss:3.52871 train_time:2554.873s step_avg:1309.52ms
step:1952/3250 train_loss:3.58333 train_time:2556.125s step_avg:1309.49ms
step:1953/3250 train_loss:3.45212 train_time:2557.356s step_avg:1309.45ms
step:1954/3250 train_loss:3.49431 train_time:2558.594s step_avg:1309.41ms
step:1955/3250 train_loss:3.51267 train_time:2560.413s step_avg:1309.67ms
step:1956/3250 train_loss:3.47510 train_time:2561.653s step_avg:1309.64ms
step:1957/3250 train_loss:3.49779 train_time:2562.897s step_avg:1309.60ms
step:1958/3250 train_loss:3.52528 train_time:2564.133s step_avg:1309.57ms
step:1959/3250 train_loss:3.57882 train_time:2565.373s step_avg:1309.53ms
step:1960/3250 train_loss:3.45700 train_time:2567.118s step_avg:1309.75ms
step:1961/3250 train_loss:3.51756 train_time:2568.353s step_avg:1309.72ms
step:1962/3250 train_loss:3.46738 train_time:2569.597s step_avg:1309.68ms
step:1963/3250 train_loss:3.49621 train_time:2570.860s step_avg:1309.66ms
step:1964/3250 train_loss:3.49061 train_time:2572.106s step_avg:1309.63ms
step:1965/3250 train_loss:3.49386 train_time:2573.841s step_avg:1309.84ms
step:1966/3250 train_loss:3.55420 train_time:2575.097s step_avg:1309.82ms
step:1967/3250 train_loss:3.44794 train_time:2576.332s step_avg:1309.78ms
step:1968/3250 train_loss:3.50661 train_time:2577.581s step_avg:1309.75ms
step:1969/3250 train_loss:3.45851 train_time:2578.814s step_avg:1309.71ms
step:1970/3250 train_loss:3.48962 train_time:2580.609s step_avg:1309.95ms
step:1971/3250 train_loss:3.50987 train_time:2581.853s step_avg:1309.92ms
step:1972/3250 train_loss:3.46492 train_time:2583.097s step_avg:1309.89ms
step:1973/3250 train_loss:3.45239 train_time:2584.340s step_avg:1309.85ms
step:1974/3250 train_loss:3.46712 train_time:2585.578s step_avg:1309.82ms
step:1975/3250 train_loss:3.48426 train_time:2587.329s step_avg:1310.04ms
step:1976/3250 train_loss:3.49465 train_time:2588.562s step_avg:1310.00ms
step:1977/3250 train_loss:3.53294 train_time:2589.805s step_avg:1309.97ms
step:1978/3250 train_loss:3.53164 train_time:2591.042s step_avg:1309.93ms
step:1979/3250 train_loss:3.51720 train_time:2592.279s step_avg:1309.89ms
step:1980/3250 train_loss:3.51371 train_time:2594.039s step_avg:1310.12ms
step:1981/3250 train_loss:3.47418 train_time:2595.281s step_avg:1310.09ms
step:1982/3250 train_loss:3.49340 train_time:2596.515s step_avg:1310.05ms
step:1983/3250 train_loss:3.63798 train_time:2597.755s step_avg:1310.01ms
step:1984/3250 train_loss:3.44872 train_time:2599.008s step_avg:1309.98ms
step:1985/3250 train_loss:3.46634 train_time:2600.771s step_avg:1310.21ms
step:1986/3250 train_loss:3.46971 train_time:2602.004s step_avg:1310.17ms
step:1987/3250 train_loss:3.47977 train_time:2603.237s step_avg:1310.13ms
step:1988/3250 train_loss:3.49907 train_time:2604.479s step_avg:1310.10ms
step:1989/3250 train_loss:3.46639 train_time:2605.718s step_avg:1310.06ms
step:1990/3250 train_loss:3.50373 train_time:2607.474s step_avg:1310.29ms
step:1991/3250 train_loss:3.48369 train_time:2608.714s step_avg:1310.25ms
step:1992/3250 train_loss:3.47195 train_time:2609.952s step_avg:1310.22ms
step:1993/3250 train_loss:3.56804 train_time:2611.185s step_avg:1310.18ms
step:1994/3250 train_loss:3.49452 train_time:2612.421s step_avg:1310.14ms
step:1995/3250 train_loss:3.48538 train_time:2614.176s step_avg:1310.36ms
step:1996/3250 train_loss:3.54716 train_time:2615.415s step_avg:1310.33ms
step:1997/3250 train_loss:3.60872 train_time:2616.653s step_avg:1310.29ms
step:1998/3250 train_loss:3.49396 train_time:2617.896s step_avg:1310.26ms
step:1999/3250 train_loss:3.55422 train_time:2619.141s step_avg:1310.23ms
step:2000/3250 train_loss:3.46184 train_time:2620.924s step_avg:1310.46ms
step:2000/3250 val_loss:3.47441 train_time:2620.924s step_avg:1342.86ms
step:2001/3250 train_loss:3.52193 train_time:2622.172s step_avg:1310.43ms
step:2002/3250 train_loss:3.49067 train_time:2623.403s step_avg:1310.39ms
step:2003/3250 train_loss:3.47692 train_time:2624.650s step_avg:1310.36ms
step:2004/3250 train_loss:3.62244 train_time:2625.883s step_avg:1310.32ms
step:2005/3250 train_loss:3.45834 train_time:2627.631s step_avg:1310.54ms
step:2006/3250 train_loss:3.48943 train_time:2628.861s step_avg:1310.50ms
step:2007/3250 train_loss:3.49197 train_time:2630.126s step_avg:1310.48ms
step:2008/3250 train_loss:3.42462 train_time:2631.371s step_avg:1310.44ms
step:2009/3250 train_loss:3.50253 train_time:2632.606s step_avg:1310.41ms
step:2010/3250 train_loss:3.49981 train_time:2634.358s step_avg:1310.63ms
step:2011/3250 train_loss:3.50003 train_time:2635.593s step_avg:1310.59ms
step:2012/3250 train_loss:3.46625 train_time:2636.825s step_avg:1310.55ms
step:2013/3250 train_loss:3.49068 train_time:2638.065s step_avg:1310.51ms
step:2014/3250 train_loss:3.49635 train_time:2639.305s step_avg:1310.48ms
step:2015/3250 train_loss:3.44463 train_time:2641.066s step_avg:1310.70ms
step:2016/3250 train_loss:3.52857 train_time:2642.306s step_avg:1310.67ms
step:2017/3250 train_loss:3.46824 train_time:2643.543s step_avg:1310.63ms
step:2018/3250 train_loss:3.54327 train_time:2644.781s step_avg:1310.60ms
step:2019/3250 train_loss:3.50216 train_time:2646.019s step_avg:1310.56ms
step:2020/3250 train_loss:3.42279 train_time:2647.793s step_avg:1310.79ms
step:2021/3250 train_loss:3.49715 train_time:2649.033s step_avg:1310.75ms
step:2022/3250 train_loss:3.40293 train_time:2650.268s step_avg:1310.72ms
step:2023/3250 train_loss:3.45073 train_time:2651.503s step_avg:1310.68ms
step:2024/3250 train_loss:3.47595 train_time:2652.742s step_avg:1310.64ms
step:2025/3250 train_loss:3.40335 train_time:2654.507s step_avg:1310.87ms
step:2026/3250 train_loss:3.48332 train_time:2655.745s step_avg:1310.83ms
step:2027/3250 train_loss:3.44442 train_time:2656.982s step_avg:1310.80ms
step:2028/3250 train_loss:3.47696 train_time:2658.228s step_avg:1310.76ms
step:2029/3250 train_loss:3.48574 train_time:2659.470s step_avg:1310.73ms
step:2030/3250 train_loss:3.49609 train_time:2661.229s step_avg:1310.95ms
step:2031/3250 train_loss:3.48245 train_time:2662.462s step_avg:1310.91ms
step:2032/3250 train_loss:3.48365 train_time:2663.698s step_avg:1310.88ms
step:2033/3250 train_loss:3.45080 train_time:2664.939s step_avg:1310.84ms
step:2034/3250 train_loss:3.49377 train_time:2666.169s step_avg:1310.80ms
step:2035/3250 train_loss:3.49536 train_time:2667.944s step_avg:1311.03ms
step:2036/3250 train_loss:3.44255 train_time:2669.182s step_avg:1310.99ms
step:2037/3250 train_loss:3.53723 train_time:2670.422s step_avg:1310.96ms
step:2038/3250 train_loss:3.47726 train_time:2671.659s step_avg:1310.92ms
step:2039/3250 train_loss:3.45768 train_time:2672.901s step_avg:1310.89ms
step:2040/3250 train_loss:3.48423 train_time:2674.673s step_avg:1311.11ms
step:2041/3250 train_loss:3.47719 train_time:2675.921s step_avg:1311.08ms
step:2042/3250 train_loss:3.47621 train_time:2677.161s step_avg:1311.05ms
step:2043/3250 train_loss:3.45435 train_time:2678.399s step_avg:1311.01ms
step:2044/3250 train_loss:3.49302 train_time:2679.649s step_avg:1310.98ms
step:2045/3250 train_loss:3.42028 train_time:2681.437s step_avg:1311.22ms
step:2046/3250 train_loss:3.49553 train_time:2682.677s step_avg:1311.18ms
step:2047/3250 train_loss:3.48838 train_time:2683.908s step_avg:1311.14ms
step:2048/3250 train_loss:3.47817 train_time:2685.147s step_avg:1311.11ms
step:2049/3250 train_loss:3.44078 train_time:2686.392s step_avg:1311.07ms
step:2050/3250 train_loss:3.52182 train_time:2688.164s step_avg:1311.30ms
step:2051/3250 train_loss:3.52113 train_time:2689.401s step_avg:1311.26ms
step:2052/3250 train_loss:3.47427 train_time:2690.643s step_avg:1311.23ms
step:2053/3250 train_loss:3.57230 train_time:2691.877s step_avg:1311.19ms
step:2054/3250 train_loss:3.47944 train_time:2693.129s step_avg:1311.16ms
step:2055/3250 train_loss:3.44011 train_time:2695.016s step_avg:1311.44ms
step:2056/3250 train_loss:3.49341 train_time:2696.256s step_avg:1311.41ms
step:2057/3250 train_loss:3.40011 train_time:2697.492s step_avg:1311.37ms
step:2058/3250 train_loss:3.50571 train_time:2698.737s step_avg:1311.34ms
step:2059/3250 train_loss:3.51162 train_time:2699.972s step_avg:1311.30ms
step:2060/3250 train_loss:3.37485 train_time:2701.741s step_avg:1311.52ms
step:2061/3250 train_loss:3.43653 train_time:2702.987s step_avg:1311.49ms
step:2062/3250 train_loss:3.48665 train_time:2704.233s step_avg:1311.46ms
step:2063/3250 train_loss:3.48970 train_time:2705.478s step_avg:1311.43ms
step:2064/3250 train_loss:3.47934 train_time:2706.714s step_avg:1311.39ms
step:2065/3250 train_loss:3.49259 train_time:2708.510s step_avg:1311.63ms
step:2066/3250 train_loss:3.45438 train_time:2709.760s step_avg:1311.60ms
step:2067/3250 train_loss:3.48225 train_time:2710.995s step_avg:1311.56ms
step:2068/3250 train_loss:3.46078 train_time:2712.235s step_avg:1311.53ms
step:2069/3250 train_loss:3.55544 train_time:2713.477s step_avg:1311.49ms
step:2070/3250 train_loss:3.50126 train_time:2715.262s step_avg:1311.72ms
step:2071/3250 train_loss:3.50481 train_time:2716.503s step_avg:1311.69ms
step:2072/3250 train_loss:3.48023 train_time:2717.743s step_avg:1311.65ms
step:2073/3250 train_loss:3.54802 train_time:2718.980s step_avg:1311.62ms
step:2074/3250 train_loss:3.51142 train_time:2720.216s step_avg:1311.58ms
step:2075/3250 train_loss:3.51849 train_time:2721.987s step_avg:1311.80ms
step:2076/3250 train_loss:3.48799 train_time:2723.226s step_avg:1311.77ms
step:2077/3250 train_loss:3.46955 train_time:2724.461s step_avg:1311.73ms
step:2078/3250 train_loss:3.42716 train_time:2725.704s step_avg:1311.70ms
step:2079/3250 train_loss:3.44989 train_time:2726.942s step_avg:1311.66ms
step:2080/3250 train_loss:3.54627 train_time:2728.706s step_avg:1311.88ms
step:2081/3250 train_loss:3.49291 train_time:2729.938s step_avg:1311.84ms
step:2082/3250 train_loss:3.44757 train_time:2731.182s step_avg:1311.81ms
step:2083/3250 train_loss:3.42712 train_time:2732.414s step_avg:1311.77ms
step:2084/3250 train_loss:3.43224 train_time:2733.657s step_avg:1311.74ms
step:2085/3250 train_loss:3.49355 train_time:2735.451s step_avg:1311.97ms
step:2086/3250 train_loss:3.46636 train_time:2736.687s step_avg:1311.93ms
step:2087/3250 train_loss:3.45581 train_time:2737.932s step_avg:1311.90ms
step:2088/3250 train_loss:3.51035 train_time:2739.171s step_avg:1311.86ms
step:2089/3250 train_loss:3.43499 train_time:2740.409s step_avg:1311.83ms
step:2090/3250 train_loss:3.43317 train_time:2742.213s step_avg:1312.06ms
step:2091/3250 train_loss:3.49153 train_time:2743.494s step_avg:1312.05ms
step:2092/3250 train_loss:3.48699 train_time:2744.733s step_avg:1312.01ms
step:2093/3250 train_loss:3.44537 train_time:2745.972s step_avg:1311.98ms
step:2094/3250 train_loss:3.54575 train_time:2747.213s step_avg:1311.95ms
step:2095/3250 train_loss:3.46524 train_time:2748.988s step_avg:1312.17ms
step:2096/3250 train_loss:3.47471 train_time:2750.225s step_avg:1312.13ms
step:2097/3250 train_loss:3.47659 train_time:2751.456s step_avg:1312.09ms
step:2098/3250 train_loss:3.43643 train_time:2752.695s step_avg:1312.06ms
step:2099/3250 train_loss:3.44992 train_time:2753.937s step_avg:1312.02ms
step:2100/3250 train_loss:3.55952 train_time:2755.712s step_avg:1312.24ms
step:2101/3250 train_loss:3.45849 train_time:2756.957s step_avg:1312.21ms
step:2102/3250 train_loss:3.46585 train_time:2758.205s step_avg:1312.18ms
step:2103/3250 train_loss:3.43546 train_time:2759.438s step_avg:1312.14ms
step:2104/3250 train_loss:3.51050 train_time:2760.672s step_avg:1312.11ms
step:2105/3250 train_loss:3.46141 train_time:2762.465s step_avg:1312.34ms
step:2106/3250 train_loss:3.45071 train_time:2763.700s step_avg:1312.30ms
step:2107/3250 train_loss:3.47594 train_time:2764.940s step_avg:1312.26ms
step:2108/3250 train_loss:3.50856 train_time:2766.176s step_avg:1312.23ms
step:2109/3250 train_loss:3.47780 train_time:2767.425s step_avg:1312.20ms
step:2110/3250 train_loss:3.39998 train_time:2769.208s step_avg:1312.42ms
step:2111/3250 train_loss:3.45920 train_time:2770.455s step_avg:1312.39ms
step:2112/3250 train_loss:3.42368 train_time:2771.696s step_avg:1312.36ms
step:2113/3250 train_loss:3.43619 train_time:2772.941s step_avg:1312.32ms
step:2114/3250 train_loss:3.46774 train_time:2774.177s step_avg:1312.29ms
step:2115/3250 train_loss:3.48294 train_time:2775.955s step_avg:1312.51ms
step:2116/3250 train_loss:3.51922 train_time:2777.196s step_avg:1312.47ms
step:2117/3250 train_loss:3.45421 train_time:2778.435s step_avg:1312.44ms
step:2118/3250 train_loss:3.52333 train_time:2779.669s step_avg:1312.40ms
step:2119/3250 train_loss:3.43537 train_time:2780.903s step_avg:1312.37ms
step:2120/3250 train_loss:3.44072 train_time:2782.681s step_avg:1312.59ms
step:2121/3250 train_loss:3.40208 train_time:2783.916s step_avg:1312.55ms
step:2122/3250 train_loss:3.44941 train_time:2785.155s step_avg:1312.51ms
step:2123/3250 train_loss:3.44294 train_time:2786.392s step_avg:1312.48ms
step:2124/3250 train_loss:3.50407 train_time:2787.640s step_avg:1312.45ms
step:2125/3250 train_loss:3.40323 train_time:2789.414s step_avg:1312.67ms
step:2125/3250 val_loss:3.45219 train_time:2789.415s step_avg:1347.93ms
step:2126/3250 train_loss:3.50929 train_time:2790.650s step_avg:1312.63ms
step:2127/3250 train_loss:3.49038 train_time:2791.881s step_avg:1312.59ms
step:2128/3250 train_loss:3.42330 train_time:2793.120s step_avg:1312.56ms
step:2129/3250 train_loss:3.46763 train_time:2794.363s step_avg:1312.52ms
step:2130/3250 train_loss:3.45975 train_time:2796.138s step_avg:1312.74ms
step:2131/3250 train_loss:3.50286 train_time:2797.377s step_avg:1312.71ms
step:2132/3250 train_loss:3.46178 train_time:2798.626s step_avg:1312.68ms
step:2133/3250 train_loss:3.41425 train_time:2799.864s step_avg:1312.64ms
step:2134/3250 train_loss:3.49080 train_time:2801.101s step_avg:1312.61ms
step:2135/3250 train_loss:3.45556 train_time:2802.881s step_avg:1312.82ms
step:2136/3250 train_loss:3.42671 train_time:2804.152s step_avg:1312.81ms
step:2137/3250 train_loss:3.46864 train_time:2805.388s step_avg:1312.77ms
step:2138/3250 train_loss:3.42546 train_time:2806.622s step_avg:1312.73ms
step:2139/3250 train_loss:3.47443 train_time:2807.860s step_avg:1312.70ms
step:2140/3250 train_loss:3.56427 train_time:2809.635s step_avg:1312.91ms
step:2141/3250 train_loss:3.49212 train_time:2810.877s step_avg:1312.88ms
step:2142/3250 train_loss:3.44874 train_time:2812.116s step_avg:1312.85ms
step:2143/3250 train_loss:3.43223 train_time:2813.355s step_avg:1312.81ms
step:2144/3250 train_loss:3.40694 train_time:2814.590s step_avg:1312.78ms
step:2145/3250 train_loss:3.51301 train_time:2816.391s step_avg:1313.00ms
step:2146/3250 train_loss:3.45822 train_time:2817.626s step_avg:1312.97ms
step:2147/3250 train_loss:3.54659 train_time:2818.864s step_avg:1312.93ms
step:2148/3250 train_loss:3.49221 train_time:2820.103s step_avg:1312.90ms
step:2149/3250 train_loss:3.43287 train_time:2821.346s step_avg:1312.86ms
step:2150/3250 train_loss:3.51765 train_time:2823.144s step_avg:1313.09ms
step:2151/3250 train_loss:3.44926 train_time:2824.380s step_avg:1313.05ms
step:2152/3250 train_loss:3.58471 train_time:2825.617s step_avg:1313.02ms
step:2153/3250 train_loss:3.50180 train_time:2826.849s step_avg:1312.98ms
step:2154/3250 train_loss:3.53769 train_time:2828.085s step_avg:1312.95ms
step:2155/3250 train_loss:3.43035 train_time:2829.872s step_avg:1313.17ms
step:2156/3250 train_loss:3.42471 train_time:2831.105s step_avg:1313.13ms
step:2157/3250 train_loss:3.45143 train_time:2832.344s step_avg:1313.09ms
step:2158/3250 train_loss:3.41455 train_time:2833.586s step_avg:1313.06ms
step:2159/3250 train_loss:3.52586 train_time:2834.834s step_avg:1313.03ms
step:2160/3250 train_loss:3.53125 train_time:2836.647s step_avg:1313.26ms
step:2161/3250 train_loss:3.45010 train_time:2837.884s step_avg:1313.23ms
step:2162/3250 train_loss:3.40552 train_time:2839.124s step_avg:1313.19ms
step:2163/3250 train_loss:3.55525 train_time:2840.363s step_avg:1313.16ms
step:2164/3250 train_loss:3.46039 train_time:2841.602s step_avg:1313.12ms
step:2165/3250 train_loss:3.50498 train_time:2843.394s step_avg:1313.35ms
step:2166/3250 train_loss:3.50623 train_time:2844.629s step_avg:1313.31ms
step:2167/3250 train_loss:3.45895 train_time:2845.865s step_avg:1313.27ms
step:2168/3250 train_loss:3.45942 train_time:2847.108s step_avg:1313.24ms
step:2169/3250 train_loss:3.50666 train_time:2848.352s step_avg:1313.21ms
step:2170/3250 train_loss:3.46578 train_time:2850.153s step_avg:1313.43ms
step:2171/3250 train_loss:3.49318 train_time:2851.384s step_avg:1313.40ms
step:2172/3250 train_loss:3.44782 train_time:2852.621s step_avg:1313.36ms
step:2173/3250 train_loss:3.50365 train_time:2853.862s step_avg:1313.33ms
step:2174/3250 train_loss:3.48054 train_time:2855.101s step_avg:1313.29ms
step:2175/3250 train_loss:3.44262 train_time:2856.901s step_avg:1313.52ms
step:2176/3250 train_loss:3.44589 train_time:2858.149s step_avg:1313.49ms
step:2177/3250 train_loss:3.50669 train_time:2859.413s step_avg:1313.46ms
step:2178/3250 train_loss:3.38241 train_time:2860.649s step_avg:1313.43ms
step:2179/3250 train_loss:3.44779 train_time:2861.897s step_avg:1313.40ms
step:2180/3250 train_loss:3.47673 train_time:2863.680s step_avg:1313.61ms
step:2181/3250 train_loss:3.47401 train_time:2864.919s step_avg:1313.58ms
step:2182/3250 train_loss:3.43518 train_time:2866.160s step_avg:1313.55ms
step:2183/3250 train_loss:3.41164 train_time:2867.399s step_avg:1313.51ms
step:2184/3250 train_loss:3.46868 train_time:2868.638s step_avg:1313.48ms
step:2185/3250 train_loss:3.51224 train_time:2870.450s step_avg:1313.71ms
step:2186/3250 train_loss:3.37295 train_time:2871.694s step_avg:1313.68ms
step:2187/3250 train_loss:3.43885 train_time:2872.927s step_avg:1313.64ms
step:2188/3250 train_loss:3.37952 train_time:2874.169s step_avg:1313.61ms
step:2189/3250 train_loss:3.41853 train_time:2875.416s step_avg:1313.58ms
step:2190/3250 train_loss:3.46059 train_time:2877.214s step_avg:1313.80ms
step:2191/3250 train_loss:3.39964 train_time:2878.450s step_avg:1313.76ms
step:2192/3250 train_loss:3.49978 train_time:2879.687s step_avg:1313.73ms
step:2193/3250 train_loss:3.45898 train_time:2880.931s step_avg:1313.69ms
step:2194/3250 train_loss:3.47987 train_time:2882.180s step_avg:1313.66ms
step:2195/3250 train_loss:3.41115 train_time:2883.988s step_avg:1313.89ms
step:2196/3250 train_loss:3.41663 train_time:2885.223s step_avg:1313.85ms
step:2197/3250 train_loss:3.46141 train_time:2886.462s step_avg:1313.82ms
step:2198/3250 train_loss:3.44272 train_time:2887.694s step_avg:1313.78ms
step:2199/3250 train_loss:3.42593 train_time:2888.929s step_avg:1313.75ms
step:2200/3250 train_loss:3.46851 train_time:2890.746s step_avg:1313.98ms
step:2201/3250 train_loss:3.40732 train_time:2891.985s step_avg:1313.94ms
step:2202/3250 train_loss:3.66326 train_time:2893.224s step_avg:1313.91ms
step:2203/3250 train_loss:3.51895 train_time:2894.469s step_avg:1313.88ms
step:2204/3250 train_loss:3.41756 train_time:2895.705s step_avg:1313.84ms
step:2205/3250 train_loss:3.47128 train_time:2897.521s step_avg:1314.07ms
step:2206/3250 train_loss:3.47603 train_time:2898.757s step_avg:1314.03ms
step:2207/3250 train_loss:3.52938 train_time:2900.024s step_avg:1314.01ms
step:2208/3250 train_loss:3.47249 train_time:2901.279s step_avg:1313.99ms
step:2209/3250 train_loss:3.41168 train_time:2902.513s step_avg:1313.95ms
step:2210/3250 train_loss:3.43327 train_time:2904.390s step_avg:1314.20ms
step:2211/3250 train_loss:3.41545 train_time:2905.630s step_avg:1314.17ms
step:2212/3250 train_loss:3.48217 train_time:2906.864s step_avg:1314.13ms
step:2213/3250 train_loss:3.38922 train_time:2908.103s step_avg:1314.10ms
step:2214/3250 train_loss:3.43878 train_time:2909.347s step_avg:1314.07ms
step:2215/3250 train_loss:3.48366 train_time:2911.162s step_avg:1314.29ms
step:2216/3250 train_loss:3.49441 train_time:2912.397s step_avg:1314.26ms
step:2217/3250 train_loss:3.45049 train_time:2913.628s step_avg:1314.22ms
step:2218/3250 train_loss:3.41041 train_time:2914.864s step_avg:1314.19ms
step:2219/3250 train_loss:3.47174 train_time:2916.101s step_avg:1314.15ms
step:2220/3250 train_loss:3.45174 train_time:2917.953s step_avg:1314.39ms
step:2221/3250 train_loss:3.49925 train_time:2919.209s step_avg:1314.37ms
step:2222/3250 train_loss:3.44734 train_time:2920.458s step_avg:1314.34ms
step:2223/3250 train_loss:3.46111 train_time:2921.696s step_avg:1314.30ms
step:2224/3250 train_loss:3.53147 train_time:2922.932s step_avg:1314.27ms
step:2225/3250 train_loss:3.41177 train_time:2924.739s step_avg:1314.49ms
step:2226/3250 train_loss:3.46542 train_time:2925.975s step_avg:1314.45ms
step:2227/3250 train_loss:3.47694 train_time:2927.210s step_avg:1314.42ms
step:2228/3250 train_loss:3.42909 train_time:2928.451s step_avg:1314.39ms
step:2229/3250 train_loss:3.47736 train_time:2929.695s step_avg:1314.35ms
step:2230/3250 train_loss:3.46607 train_time:2931.502s step_avg:1314.57ms
step:2231/3250 train_loss:3.45574 train_time:2932.744s step_avg:1314.54ms
step:2232/3250 train_loss:3.40853 train_time:2933.986s step_avg:1314.51ms
step:2233/3250 train_loss:3.43385 train_time:2935.220s step_avg:1314.47ms
step:2234/3250 train_loss:3.44626 train_time:2936.460s step_avg:1314.44ms
step:2235/3250 train_loss:3.39637 train_time:2938.274s step_avg:1314.66ms
step:2236/3250 train_loss:3.56585 train_time:2939.510s step_avg:1314.63ms
step:2237/3250 train_loss:3.43197 train_time:2940.750s step_avg:1314.60ms
step:2238/3250 train_loss:3.47327 train_time:2941.988s step_avg:1314.56ms
step:2239/3250 train_loss:3.38778 train_time:2943.227s step_avg:1314.53ms
step:2240/3250 train_loss:3.38599 train_time:2945.045s step_avg:1314.75ms
step:2241/3250 train_loss:3.45164 train_time:2946.286s step_avg:1314.72ms
step:2242/3250 train_loss:3.45123 train_time:2947.523s step_avg:1314.68ms
step:2243/3250 train_loss:3.44151 train_time:2948.754s step_avg:1314.65ms
step:2244/3250 train_loss:3.42374 train_time:2950.005s step_avg:1314.62ms
step:2245/3250 train_loss:3.39936 train_time:2951.804s step_avg:1314.83ms
step:2246/3250 train_loss:3.44512 train_time:2953.041s step_avg:1314.80ms
step:2247/3250 train_loss:3.40623 train_time:2954.284s step_avg:1314.77ms
step:2248/3250 train_loss:3.45223 train_time:2955.513s step_avg:1314.73ms
step:2249/3250 train_loss:3.45268 train_time:2956.753s step_avg:1314.70ms
step:2250/3250 train_loss:3.41035 train_time:2958.580s step_avg:1314.92ms
step:2250/3250 val_loss:3.42862 train_time:2958.580s step_avg:1353.32ms
step:2251/3250 train_loss:3.39318 train_time:2959.846s step_avg:1314.90ms
step:2252/3250 train_loss:3.50741 train_time:2961.081s step_avg:1314.87ms
step:2253/3250 train_loss:3.37501 train_time:2962.326s step_avg:1314.84ms
step:2254/3250 train_loss:3.42409 train_time:2963.566s step_avg:1314.80ms
step:2255/3250 train_loss:3.53258 train_time:2965.386s step_avg:1315.03ms
step:2256/3250 train_loss:3.44234 train_time:2966.619s step_avg:1314.99ms
step:2257/3250 train_loss:3.58478 train_time:2967.861s step_avg:1314.96ms
step:2258/3250 train_loss:3.46796 train_time:2969.100s step_avg:1314.92ms
step:2259/3250 train_loss:3.39626 train_time:2970.339s step_avg:1314.89ms
step:2260/3250 train_loss:3.43357 train_time:2972.153s step_avg:1315.11ms
step:2261/3250 train_loss:3.46710 train_time:2973.396s step_avg:1315.08ms
step:2262/3250 train_loss:3.41553 train_time:2974.646s step_avg:1315.05ms
step:2263/3250 train_loss:3.42020 train_time:2975.886s step_avg:1315.02ms
step:2264/3250 train_loss:3.42918 train_time:2977.119s step_avg:1314.98ms
step:2265/3250 train_loss:3.45082 train_time:2978.929s step_avg:1315.20ms
step:2266/3250 train_loss:3.41774 train_time:2980.164s step_avg:1315.17ms
step:2267/3250 train_loss:3.41782 train_time:2981.400s step_avg:1315.13ms
step:2268/3250 train_loss:3.38492 train_time:2982.638s step_avg:1315.10ms
step:2269/3250 train_loss:3.39960 train_time:2983.878s step_avg:1315.06ms
step:2270/3250 train_loss:3.46789 train_time:2985.706s step_avg:1315.29ms
step:2271/3250 train_loss:3.44530 train_time:2986.939s step_avg:1315.25ms
step:2272/3250 train_loss:3.42331 train_time:2988.177s step_avg:1315.22ms
step:2273/3250 train_loss:3.37172 train_time:2989.420s step_avg:1315.19ms
step:2274/3250 train_loss:3.44322 train_time:2990.659s step_avg:1315.15ms
step:2275/3250 train_loss:3.43245 train_time:2992.484s step_avg:1315.38ms
step:2276/3250 train_loss:3.38120 train_time:2993.729s step_avg:1315.35ms
step:2277/3250 train_loss:3.37661 train_time:2994.962s step_avg:1315.31ms
step:2278/3250 train_loss:3.45443 train_time:2996.201s step_avg:1315.28ms
step:2279/3250 train_loss:3.46430 train_time:2997.448s step_avg:1315.25ms
step:2280/3250 train_loss:3.39128 train_time:2999.316s step_avg:1315.49ms
step:2281/3250 train_loss:3.45300 train_time:3000.598s step_avg:1315.47ms
step:2282/3250 train_loss:3.42496 train_time:3001.840s step_avg:1315.44ms
step:2283/3250 train_loss:3.41055 train_time:3003.080s step_avg:1315.41ms
step:2284/3250 train_loss:3.48762 train_time:3004.317s step_avg:1315.38ms
step:2285/3250 train_loss:3.41512 train_time:3006.202s step_avg:1315.62ms
step:2286/3250 train_loss:3.44670 train_time:3007.458s step_avg:1315.60ms
step:2287/3250 train_loss:3.45219 train_time:3008.705s step_avg:1315.57ms
step:2288/3250 train_loss:3.49565 train_time:3009.943s step_avg:1315.53ms
step:2289/3250 train_loss:3.42041 train_time:3011.183s step_avg:1315.50ms
step:2290/3250 train_loss:3.39570 train_time:3013.010s step_avg:1315.72ms
step:2291/3250 train_loss:3.46088 train_time:3014.239s step_avg:1315.69ms
step:2292/3250 train_loss:3.43255 train_time:3015.476s step_avg:1315.65ms
step:2293/3250 train_loss:3.37630 train_time:3016.722s step_avg:1315.62ms
step:2294/3250 train_loss:3.46359 train_time:3017.996s step_avg:1315.60ms
step:2295/3250 train_loss:3.43928 train_time:3019.834s step_avg:1315.83ms
step:2296/3250 train_loss:3.43611 train_time:3021.064s step_avg:1315.79ms
step:2297/3250 train_loss:3.41527 train_time:3022.306s step_avg:1315.76ms
step:2298/3250 train_loss:3.46531 train_time:3023.553s step_avg:1315.73ms
step:2299/3250 train_loss:3.45405 train_time:3024.782s step_avg:1315.69ms
step:2300/3250 train_loss:3.43854 train_time:3026.640s step_avg:1315.93ms
step:2301/3250 train_loss:3.46374 train_time:3027.899s step_avg:1315.91ms
step:2302/3250 train_loss:3.38129 train_time:3029.147s step_avg:1315.88ms
step:2303/3250 train_loss:3.41743 train_time:3030.382s step_avg:1315.84ms
step:2304/3250 train_loss:3.36840 train_time:3031.662s step_avg:1315.83ms
step:2305/3250 train_loss:3.44744 train_time:3033.483s step_avg:1316.04ms
step:2306/3250 train_loss:3.35906 train_time:3034.720s step_avg:1316.01ms
step:2307/3250 train_loss:3.44388 train_time:3035.974s step_avg:1315.98ms
step:2308/3250 train_loss:3.46870 train_time:3037.225s step_avg:1315.96ms
step:2309/3250 train_loss:3.47322 train_time:3038.489s step_avg:1315.93ms
step:2310/3250 train_loss:3.35292 train_time:3040.298s step_avg:1316.15ms
step:2311/3250 train_loss:3.41597 train_time:3041.545s step_avg:1316.12ms
step:2312/3250 train_loss:3.45949 train_time:3042.786s step_avg:1316.08ms
step:2313/3250 train_loss:3.41330 train_time:3044.026s step_avg:1316.05ms
step:2314/3250 train_loss:3.42092 train_time:3045.261s step_avg:1316.02ms
step:2315/3250 train_loss:3.42374 train_time:3047.128s step_avg:1316.25ms
step:2316/3250 train_loss:3.40873 train_time:3048.368s step_avg:1316.22ms
step:2317/3250 train_loss:3.41192 train_time:3049.604s step_avg:1316.19ms
step:2318/3250 train_loss:3.37251 train_time:3050.841s step_avg:1316.15ms
step:2319/3250 train_loss:3.49397 train_time:3052.086s step_avg:1316.12ms
step:2320/3250 train_loss:3.46217 train_time:3053.912s step_avg:1316.34ms
step:2321/3250 train_loss:3.45074 train_time:3055.152s step_avg:1316.31ms
step:2322/3250 train_loss:3.44343 train_time:3056.390s step_avg:1316.27ms
step:2323/3250 train_loss:3.38954 train_time:3057.642s step_avg:1316.25ms
step:2324/3250 train_loss:3.40355 train_time:3058.883s step_avg:1316.21ms
step:2325/3250 train_loss:3.35453 train_time:3060.729s step_avg:1316.44ms
step:2326/3250 train_loss:3.43004 train_time:3061.971s step_avg:1316.41ms
step:2327/3250 train_loss:3.39575 train_time:3063.206s step_avg:1316.38ms
step:2328/3250 train_loss:3.42226 train_time:3064.445s step_avg:1316.34ms
step:2329/3250 train_loss:3.58077 train_time:3065.686s step_avg:1316.31ms
step:2330/3250 train_loss:3.38062 train_time:3067.580s step_avg:1316.56ms
step:2331/3250 train_loss:3.45156 train_time:3068.819s step_avg:1316.52ms
step:2332/3250 train_loss:3.43161 train_time:3070.057s step_avg:1316.49ms
step:2333/3250 train_loss:3.48448 train_time:3071.294s step_avg:1316.46ms
step:2334/3250 train_loss:3.41453 train_time:3072.530s step_avg:1316.42ms
step:2335/3250 train_loss:3.39718 train_time:3074.374s step_avg:1316.65ms
step:2336/3250 train_loss:3.47470 train_time:3075.605s step_avg:1316.61ms
step:2337/3250 train_loss:3.40269 train_time:3076.846s step_avg:1316.58ms
step:2338/3250 train_loss:3.43370 train_time:3078.089s step_avg:1316.55ms
step:2339/3250 train_loss:3.43522 train_time:3079.328s step_avg:1316.51ms
step:2340/3250 train_loss:3.38890 train_time:3081.170s step_avg:1316.74ms
step:2341/3250 train_loss:3.42281 train_time:3082.406s step_avg:1316.70ms
step:2342/3250 train_loss:3.43442 train_time:3083.641s step_avg:1316.67ms
step:2343/3250 train_loss:3.42137 train_time:3084.881s step_avg:1316.64ms
step:2344/3250 train_loss:3.41555 train_time:3086.117s step_avg:1316.60ms
step:2345/3250 train_loss:3.42729 train_time:3087.957s step_avg:1316.83ms
step:2346/3250 train_loss:3.39219 train_time:3089.186s step_avg:1316.79ms
step:2347/3250 train_loss:3.49507 train_time:3090.426s step_avg:1316.76ms
step:2348/3250 train_loss:3.47050 train_time:3091.666s step_avg:1316.72ms
step:2349/3250 train_loss:3.42980 train_time:3092.908s step_avg:1316.69ms
step:2350/3250 train_loss:3.39478 train_time:3094.751s step_avg:1316.92ms
step:2351/3250 train_loss:3.38869 train_time:3095.988s step_avg:1316.88ms
step:2352/3250 train_loss:3.40044 train_time:3097.236s step_avg:1316.85ms
step:2353/3250 train_loss:3.49927 train_time:3098.471s step_avg:1316.82ms
step:2354/3250 train_loss:3.43333 train_time:3099.713s step_avg:1316.79ms
step:2355/3250 train_loss:3.34571 train_time:3101.554s step_avg:1317.01ms
step:2356/3250 train_loss:3.51997 train_time:3102.792s step_avg:1316.97ms
step:2357/3250 train_loss:3.41356 train_time:3104.043s step_avg:1316.95ms
step:2358/3250 train_loss:3.41308 train_time:3105.292s step_avg:1316.92ms
step:2359/3250 train_loss:3.39254 train_time:3106.533s step_avg:1316.89ms
step:2360/3250 train_loss:3.43756 train_time:3108.377s step_avg:1317.11ms
step:2361/3250 train_loss:3.43161 train_time:3109.607s step_avg:1317.07ms
step:2362/3250 train_loss:3.43450 train_time:3110.845s step_avg:1317.04ms
step:2363/3250 train_loss:3.42923 train_time:3112.089s step_avg:1317.01ms
step:2364/3250 train_loss:3.45406 train_time:3113.333s step_avg:1316.98ms
step:2365/3250 train_loss:3.39300 train_time:3115.190s step_avg:1317.21ms
step:2366/3250 train_loss:3.39887 train_time:3116.429s step_avg:1317.17ms
step:2367/3250 train_loss:3.51783 train_time:3117.668s step_avg:1317.14ms
step:2368/3250 train_loss:3.45660 train_time:3118.910s step_avg:1317.11ms
step:2369/3250 train_loss:3.42720 train_time:3120.144s step_avg:1317.07ms
step:2370/3250 train_loss:3.36947 train_time:3121.991s step_avg:1317.30ms
step:2371/3250 train_loss:3.45334 train_time:3123.247s step_avg:1317.27ms
step:2372/3250 train_loss:3.39815 train_time:3124.485s step_avg:1317.24ms
step:2373/3250 train_loss:3.48539 train_time:3125.729s step_avg:1317.21ms
step:2374/3250 train_loss:3.56232 train_time:3126.985s step_avg:1317.18ms
step:2375/3250 train_loss:3.37341 train_time:3128.844s step_avg:1317.41ms
step:2375/3250 val_loss:3.40691 train_time:3128.844s step_avg:1362.11ms
step:2376/3250 train_loss:3.41255 train_time:3130.076s step_avg:1317.37ms
step:2377/3250 train_loss:3.42060 train_time:3131.309s step_avg:1317.34ms
step:2378/3250 train_loss:3.40204 train_time:3132.548s step_avg:1317.30ms
step:2379/3250 train_loss:3.43290 train_time:3133.787s step_avg:1317.27ms
step:2380/3250 train_loss:3.37627 train_time:3135.639s step_avg:1317.50ms
step:2381/3250 train_loss:3.43336 train_time:3136.869s step_avg:1317.46ms
step:2382/3250 train_loss:3.44326 train_time:3138.118s step_avg:1317.43ms
step:2383/3250 train_loss:3.42468 train_time:3139.347s step_avg:1317.39ms
step:2384/3250 train_loss:3.39657 train_time:3140.588s step_avg:1317.36ms
step:2385/3250 train_loss:3.46220 train_time:3142.460s step_avg:1317.59ms
step:2386/3250 train_loss:3.40587 train_time:3143.692s step_avg:1317.56ms
step:2387/3250 train_loss:3.43368 train_time:3144.930s step_avg:1317.52ms
step:2388/3250 train_loss:3.40344 train_time:3146.170s step_avg:1317.49ms
step:2389/3250 train_loss:3.44391 train_time:3147.418s step_avg:1317.46ms
step:2390/3250 train_loss:3.39986 train_time:3149.260s step_avg:1317.68ms
step:2391/3250 train_loss:3.45016 train_time:3150.504s step_avg:1317.65ms
step:2392/3250 train_loss:3.38088 train_time:3151.744s step_avg:1317.62ms
step:2393/3250 train_loss:3.41653 train_time:3152.973s step_avg:1317.58ms
step:2394/3250 train_loss:3.45848 train_time:3154.213s step_avg:1317.55ms
step:2395/3250 train_loss:3.36654 train_time:3156.062s step_avg:1317.77ms
step:2396/3250 train_loss:3.43183 train_time:3157.301s step_avg:1317.74ms
step:2397/3250 train_loss:3.41489 train_time:3158.535s step_avg:1317.70ms
step:2398/3250 train_loss:3.40479 train_time:3159.786s step_avg:1317.68ms
step:2399/3250 train_loss:3.40827 train_time:3161.037s step_avg:1317.65ms
step:2400/3250 train_loss:3.37120 train_time:3162.880s step_avg:1317.87ms
step:2401/3250 train_loss:3.40346 train_time:3164.115s step_avg:1317.83ms
step:2402/3250 train_loss:3.43050 train_time:3165.347s step_avg:1317.80ms
step:2403/3250 train_loss:3.38647 train_time:3166.580s step_avg:1317.76ms
step:2404/3250 train_loss:3.50793 train_time:3167.813s step_avg:1317.73ms
step:2405/3250 train_loss:3.38869 train_time:3169.666s step_avg:1317.95ms
step:2406/3250 train_loss:3.53860 train_time:3170.899s step_avg:1317.91ms
step:2407/3250 train_loss:3.36275 train_time:3172.133s step_avg:1317.88ms
step:2408/3250 train_loss:3.39886 train_time:3173.372s step_avg:1317.85ms
step:2409/3250 train_loss:3.40527 train_time:3174.609s step_avg:1317.81ms
step:2410/3250 train_loss:3.44850 train_time:3176.480s step_avg:1318.04ms
step:2411/3250 train_loss:3.43459 train_time:3177.713s step_avg:1318.01ms
step:2412/3250 train_loss:3.39021 train_time:3178.960s step_avg:1317.98ms
step:2413/3250 train_loss:3.38902 train_time:3180.199s step_avg:1317.94ms
step:2414/3250 train_loss:3.48181 train_time:3181.433s step_avg:1317.91ms
step:2415/3250 train_loss:3.44303 train_time:3183.300s step_avg:1318.14ms
step:2416/3250 train_loss:3.39166 train_time:3184.542s step_avg:1318.11ms
step:2417/3250 train_loss:3.40480 train_time:3185.772s step_avg:1318.07ms
step:2418/3250 train_loss:3.42663 train_time:3187.014s step_avg:1318.04ms
step:2419/3250 train_loss:3.38394 train_time:3188.258s step_avg:1318.01ms
step:2420/3250 train_loss:3.40231 train_time:3190.134s step_avg:1318.24ms
step:2421/3250 train_loss:3.50603 train_time:3191.371s step_avg:1318.20ms
step:2422/3250 train_loss:3.48547 train_time:3192.611s step_avg:1318.17ms
step:2423/3250 train_loss:3.47710 train_time:3193.853s step_avg:1318.14ms
step:2424/3250 train_loss:3.43675 train_time:3195.093s step_avg:1318.11ms
step:2425/3250 train_loss:3.38260 train_time:3196.959s step_avg:1318.33ms
step:2426/3250 train_loss:3.33126 train_time:3198.195s step_avg:1318.30ms
step:2427/3250 train_loss:3.46575 train_time:3199.435s step_avg:1318.27ms
step:2428/3250 train_loss:3.40097 train_time:3200.674s step_avg:1318.23ms
step:2429/3250 train_loss:3.37104 train_time:3201.924s step_avg:1318.21ms
step:2430/3250 train_loss:3.43181 train_time:3203.764s step_avg:1318.42ms
step:2431/3250 train_loss:3.49715 train_time:3204.998s step_avg:1318.39ms
step:2432/3250 train_loss:3.43203 train_time:3206.242s step_avg:1318.36ms
step:2433/3250 train_loss:3.41450 train_time:3207.471s step_avg:1318.32ms
step:2434/3250 train_loss:3.40484 train_time:3208.719s step_avg:1318.29ms
step:2435/3250 train_loss:3.39659 train_time:3210.577s step_avg:1318.51ms
step:2436/3250 train_loss:3.41283 train_time:3211.813s step_avg:1318.48ms
step:2437/3250 train_loss:3.39916 train_time:3213.056s step_avg:1318.45ms
step:2438/3250 train_loss:3.41189 train_time:3214.293s step_avg:1318.41ms
step:2439/3250 train_loss:3.37329 train_time:3215.534s step_avg:1318.38ms
step:2440/3250 train_loss:3.40566 train_time:3217.388s step_avg:1318.60ms
step:2441/3250 train_loss:3.37857 train_time:3218.626s step_avg:1318.57ms
step:2442/3250 train_loss:3.44576 train_time:3219.859s step_avg:1318.53ms
step:2443/3250 train_loss:3.41167 train_time:3221.097s step_avg:1318.50ms
step:2444/3250 train_loss:3.34154 train_time:3222.335s step_avg:1318.47ms
step:2445/3250 train_loss:3.46123 train_time:3224.210s step_avg:1318.70ms
step:2446/3250 train_loss:3.39474 train_time:3225.443s step_avg:1318.66ms
step:2447/3250 train_loss:3.39142 train_time:3226.679s step_avg:1318.63ms
step:2448/3250 train_loss:3.46818 train_time:3227.917s step_avg:1318.59ms
step:2449/3250 train_loss:3.41274 train_time:3229.153s step_avg:1318.56ms
step:2450/3250 train_loss:3.43485 train_time:3231.013s step_avg:1318.78ms
step:2451/3250 train_loss:3.42835 train_time:3232.250s step_avg:1318.75ms
step:2452/3250 train_loss:3.44490 train_time:3233.489s step_avg:1318.71ms
step:2453/3250 train_loss:3.38698 train_time:3234.731s step_avg:1318.68ms
step:2454/3250 train_loss:3.45758 train_time:3235.976s step_avg:1318.65ms
step:2455/3250 train_loss:3.47830 train_time:3237.920s step_avg:1318.91ms
step:2456/3250 train_loss:3.34674 train_time:3239.159s step_avg:1318.88ms
step:2457/3250 train_loss:3.39205 train_time:3240.405s step_avg:1318.85ms
step:2458/3250 train_loss:3.53126 train_time:3241.656s step_avg:1318.82ms
step:2459/3250 train_loss:3.60677 train_time:3242.895s step_avg:1318.79ms
step:2460/3250 train_loss:3.42444 train_time:3244.764s step_avg:1319.01ms
step:2461/3250 train_loss:3.39434 train_time:3245.999s step_avg:1318.98ms
step:2462/3250 train_loss:3.45248 train_time:3247.244s step_avg:1318.95ms
step:2463/3250 train_loss:3.46704 train_time:3248.481s step_avg:1318.91ms
step:2464/3250 train_loss:3.49130 train_time:3249.720s step_avg:1318.88ms
step:2465/3250 train_loss:3.39278 train_time:3251.650s step_avg:1319.13ms
step:2466/3250 train_loss:3.43114 train_time:3252.882s step_avg:1319.09ms
step:2467/3250 train_loss:3.36792 train_time:3254.120s step_avg:1319.06ms
step:2468/3250 train_loss:3.42801 train_time:3255.370s step_avg:1319.03ms
step:2469/3250 train_loss:3.50216 train_time:3256.599s step_avg:1319.00ms
step:2470/3250 train_loss:3.40421 train_time:3258.468s step_avg:1319.22ms
step:2471/3250 train_loss:3.40151 train_time:3259.742s step_avg:1319.20ms
step:2472/3250 train_loss:3.39521 train_time:3260.980s step_avg:1319.17ms
step:2473/3250 train_loss:3.58225 train_time:3262.218s step_avg:1319.13ms
step:2474/3250 train_loss:3.43969 train_time:3263.458s step_avg:1319.10ms
step:2475/3250 train_loss:3.40418 train_time:3265.343s step_avg:1319.33ms
step:2476/3250 train_loss:3.38477 train_time:3266.575s step_avg:1319.30ms
step:2477/3250 train_loss:3.39835 train_time:3267.815s step_avg:1319.26ms
step:2478/3250 train_loss:3.40746 train_time:3269.045s step_avg:1319.23ms
step:2479/3250 train_loss:3.43136 train_time:3270.282s step_avg:1319.19ms
step:2480/3250 train_loss:3.35385 train_time:3272.150s step_avg:1319.42ms
step:2481/3250 train_loss:3.46712 train_time:3273.381s step_avg:1319.38ms
step:2482/3250 train_loss:3.37817 train_time:3274.620s step_avg:1319.35ms
step:2483/3250 train_loss:3.39869 train_time:3275.864s step_avg:1319.32ms
step:2484/3250 train_loss:3.46480 train_time:3277.103s step_avg:1319.28ms
step:2485/3250 train_loss:3.46163 train_time:3278.970s step_avg:1319.51ms
step:2486/3250 train_loss:3.41272 train_time:3280.210s step_avg:1319.47ms
step:2487/3250 train_loss:3.43440 train_time:3281.453s step_avg:1319.44ms
step:2488/3250 train_loss:3.39002 train_time:3282.683s step_avg:1319.41ms
step:2489/3250 train_loss:3.41689 train_time:3283.926s step_avg:1319.38ms
step:2490/3250 train_loss:3.42230 train_time:3285.795s step_avg:1319.60ms
step:2491/3250 train_loss:3.44284 train_time:3287.043s step_avg:1319.57ms
step:2492/3250 train_loss:3.37982 train_time:3288.295s step_avg:1319.54ms
step:2493/3250 train_loss:3.42912 train_time:3289.532s step_avg:1319.51ms
step:2494/3250 train_loss:3.42292 train_time:3290.766s step_avg:1319.47ms
step:2495/3250 train_loss:3.35803 train_time:3292.630s step_avg:1319.69ms
step:2496/3250 train_loss:3.38786 train_time:3293.870s step_avg:1319.66ms
step:2497/3250 train_loss:3.38724 train_time:3295.105s step_avg:1319.63ms
step:2498/3250 train_loss:3.36143 train_time:3296.343s step_avg:1319.59ms
step:2499/3250 train_loss:3.40456 train_time:3297.576s step_avg:1319.56ms
step:2500/3250 train_loss:3.34663 train_time:3299.493s step_avg:1319.80ms
step:2500/3250 val_loss:3.38535 train_time:3299.493s step_avg:1365.19ms
step:2501/3250 train_loss:3.37305 train_time:3300.730s step_avg:1319.76ms
step:2502/3250 train_loss:3.37793 train_time:3301.998s step_avg:1319.74ms
step:2503/3250 train_loss:3.39037 train_time:3303.251s step_avg:1319.72ms
step:2504/3250 train_loss:3.45362 train_time:3304.491s step_avg:1319.69ms
step:2505/3250 train_loss:3.40975 train_time:3306.369s step_avg:1319.91ms
step:2506/3250 train_loss:3.38775 train_time:3307.615s step_avg:1319.88ms
step:2507/3250 train_loss:3.45545 train_time:3308.855s step_avg:1319.85ms
step:2508/3250 train_loss:3.38968 train_time:3310.094s step_avg:1319.81ms
step:2509/3250 train_loss:3.47947 train_time:3311.343s step_avg:1319.79ms
step:2510/3250 train_loss:3.41671 train_time:3313.235s step_avg:1320.01ms
step:2511/3250 train_loss:3.41413 train_time:3314.475s step_avg:1319.98ms
step:2512/3250 train_loss:3.41663 train_time:3315.717s step_avg:1319.95ms
step:2513/3250 train_loss:3.38684 train_time:3316.969s step_avg:1319.92ms
step:2514/3250 train_loss:3.42013 train_time:3318.201s step_avg:1319.89ms
step:2515/3250 train_loss:3.34200 train_time:3320.086s step_avg:1320.11ms
step:2516/3250 train_loss:3.40867 train_time:3321.321s step_avg:1320.08ms
step:2517/3250 train_loss:3.38327 train_time:3322.563s step_avg:1320.05ms
step:2518/3250 train_loss:3.44259 train_time:3323.801s step_avg:1320.02ms
step:2519/3250 train_loss:3.43583 train_time:3325.035s step_avg:1319.98ms
step:2520/3250 train_loss:3.43049 train_time:3326.939s step_avg:1320.21ms
step:2521/3250 train_loss:3.43496 train_time:3328.177s step_avg:1320.18ms
step:2522/3250 train_loss:3.39704 train_time:3329.412s step_avg:1320.15ms
step:2523/3250 train_loss:3.35661 train_time:3330.651s step_avg:1320.12ms
step:2524/3250 train_loss:3.43394 train_time:3331.891s step_avg:1320.08ms
step:2525/3250 train_loss:3.36487 train_time:3333.794s step_avg:1320.31ms
step:2526/3250 train_loss:3.43275 train_time:3335.032s step_avg:1320.28ms
step:2527/3250 train_loss:3.39573 train_time:3336.267s step_avg:1320.25ms
step:2528/3250 train_loss:3.31316 train_time:3337.507s step_avg:1320.22ms
step:2529/3250 train_loss:3.43118 train_time:3338.742s step_avg:1320.18ms
step:2530/3250 train_loss:3.41769 train_time:3340.627s step_avg:1320.41ms
step:2531/3250 train_loss:3.41746 train_time:3341.864s step_avg:1320.37ms
step:2532/3250 train_loss:3.36912 train_time:3343.100s step_avg:1320.34ms
step:2533/3250 train_loss:3.40047 train_time:3344.348s step_avg:1320.31ms
step:2534/3250 train_loss:3.39741 train_time:3345.586s step_avg:1320.28ms
step:2535/3250 train_loss:3.39616 train_time:3347.469s step_avg:1320.50ms
step:2536/3250 train_loss:3.39457 train_time:3348.703s step_avg:1320.47ms
step:2537/3250 train_loss:3.33823 train_time:3349.942s step_avg:1320.43ms
step:2538/3250 train_loss:3.35359 train_time:3351.183s step_avg:1320.40ms
step:2539/3250 train_loss:3.38789 train_time:3352.430s step_avg:1320.37ms
step:2540/3250 train_loss:3.40154 train_time:3354.335s step_avg:1320.60ms
step:2541/3250 train_loss:3.38111 train_time:3355.593s step_avg:1320.58ms
step:2542/3250 train_loss:3.57692 train_time:3356.843s step_avg:1320.55ms
step:2543/3250 train_loss:3.60459 train_time:3358.094s step_avg:1320.52ms
step:2544/3250 train_loss:3.36995 train_time:3359.335s step_avg:1320.49ms
step:2545/3250 train_loss:3.38017 train_time:3361.226s step_avg:1320.72ms
step:2546/3250 train_loss:3.52873 train_time:3362.490s step_avg:1320.70ms
step:2547/3250 train_loss:3.39087 train_time:3363.723s step_avg:1320.66ms
step:2548/3250 train_loss:3.34048 train_time:3364.958s step_avg:1320.63ms
step:2549/3250 train_loss:3.43128 train_time:3366.198s step_avg:1320.60ms
step:2550/3250 train_loss:3.41683 train_time:3368.081s step_avg:1320.82ms
step:2551/3250 train_loss:3.38140 train_time:3369.318s step_avg:1320.78ms
step:2552/3250 train_loss:3.37126 train_time:3370.560s step_avg:1320.75ms
step:2553/3250 train_loss:3.43762 train_time:3371.797s step_avg:1320.72ms
step:2554/3250 train_loss:3.42245 train_time:3373.041s step_avg:1320.69ms
step:2555/3250 train_loss:3.35151 train_time:3374.936s step_avg:1320.91ms
step:2556/3250 train_loss:3.41376 train_time:3376.168s step_avg:1320.88ms
step:2557/3250 train_loss:3.39764 train_time:3377.408s step_avg:1320.85ms
step:2558/3250 train_loss:3.37029 train_time:3378.647s step_avg:1320.82ms
step:2559/3250 train_loss:3.36361 train_time:3379.884s step_avg:1320.78ms
step:2560/3250 train_loss:3.39916 train_time:3381.786s step_avg:1321.01ms
step:2561/3250 train_loss:3.42177 train_time:3383.026s step_avg:1320.98ms
step:2562/3250 train_loss:3.36431 train_time:3384.264s step_avg:1320.95ms
step:2563/3250 train_loss:3.46104 train_time:3385.499s step_avg:1320.91ms
step:2564/3250 train_loss:3.40590 train_time:3386.738s step_avg:1320.88ms
step:2565/3250 train_loss:3.34531 train_time:3388.620s step_avg:1321.10ms
step:2566/3250 train_loss:3.41430 train_time:3389.860s step_avg:1321.07ms
step:2567/3250 train_loss:3.42585 train_time:3391.099s step_avg:1321.04ms
step:2568/3250 train_loss:3.39569 train_time:3392.348s step_avg:1321.01ms
step:2569/3250 train_loss:3.35875 train_time:3393.585s step_avg:1320.98ms
step:2570/3250 train_loss:3.41446 train_time:3395.471s step_avg:1321.19ms
step:2571/3250 train_loss:3.35966 train_time:3396.706s step_avg:1321.16ms
step:2572/3250 train_loss:3.37088 train_time:3397.942s step_avg:1321.13ms
step:2573/3250 train_loss:3.33589 train_time:3399.179s step_avg:1321.10ms
step:2574/3250 train_loss:3.37890 train_time:3400.418s step_avg:1321.06ms
step:2575/3250 train_loss:3.37277 train_time:3402.309s step_avg:1321.28ms
step:2576/3250 train_loss:3.40603 train_time:3403.546s step_avg:1321.25ms
step:2577/3250 train_loss:3.37524 train_time:3404.786s step_avg:1321.22ms
step:2578/3250 train_loss:3.38085 train_time:3406.024s step_avg:1321.19ms
step:2579/3250 train_loss:3.32116 train_time:3407.265s step_avg:1321.16ms
step:2580/3250 train_loss:3.35943 train_time:3409.165s step_avg:1321.38ms
step:2581/3250 train_loss:3.44604 train_time:3410.402s step_avg:1321.35ms
step:2582/3250 train_loss:3.34281 train_time:3411.642s step_avg:1321.32ms
step:2583/3250 train_loss:3.43148 train_time:3412.890s step_avg:1321.29ms
step:2584/3250 train_loss:3.44849 train_time:3414.127s step_avg:1321.26ms
step:2585/3250 train_loss:3.42603 train_time:3416.045s step_avg:1321.49ms
step:2586/3250 train_loss:3.40513 train_time:3417.282s step_avg:1321.45ms
step:2587/3250 train_loss:3.38289 train_time:3418.520s step_avg:1321.42ms
step:2588/3250 train_loss:3.41160 train_time:3419.762s step_avg:1321.39ms
step:2589/3250 train_loss:3.32209 train_time:3420.996s step_avg:1321.36ms
step:2590/3250 train_loss:3.44789 train_time:3422.890s step_avg:1321.58ms
step:2591/3250 train_loss:3.43501 train_time:3424.126s step_avg:1321.55ms
step:2592/3250 train_loss:3.46066 train_time:3425.367s step_avg:1321.51ms
step:2593/3250 train_loss:3.39336 train_time:3426.611s step_avg:1321.49ms
step:2594/3250 train_loss:3.38317 train_time:3427.848s step_avg:1321.45ms
step:2595/3250 train_loss:3.42787 train_time:3429.749s step_avg:1321.68ms
step:2596/3250 train_loss:3.33775 train_time:3430.984s step_avg:1321.64ms
step:2597/3250 train_loss:3.47487 train_time:3432.221s step_avg:1321.61ms
step:2598/3250 train_loss:3.38820 train_time:3433.461s step_avg:1321.58ms
step:2599/3250 train_loss:3.33889 train_time:3434.699s step_avg:1321.55ms
step:2600/3250 train_loss:3.39911 train_time:3436.606s step_avg:1321.77ms
step:2601/3250 train_loss:3.33684 train_time:3437.843s step_avg:1321.74ms
step:2602/3250 train_loss:3.39115 train_time:3439.081s step_avg:1321.71ms
step:2603/3250 train_loss:3.41603 train_time:3440.310s step_avg:1321.67ms
step:2604/3250 train_loss:3.39725 train_time:3441.561s step_avg:1321.64ms
step:2605/3250 train_loss:3.36223 train_time:3443.466s step_avg:1321.87ms
step:2606/3250 train_loss:3.35943 train_time:3444.701s step_avg:1321.83ms
step:2607/3250 train_loss:3.34054 train_time:3445.949s step_avg:1321.81ms
step:2608/3250 train_loss:3.41426 train_time:3447.190s step_avg:1321.78ms
step:2609/3250 train_loss:3.39331 train_time:3448.429s step_avg:1321.74ms
step:2610/3250 train_loss:3.37293 train_time:3450.329s step_avg:1321.97ms
step:2611/3250 train_loss:3.34143 train_time:3451.569s step_avg:1321.93ms
step:2612/3250 train_loss:3.36848 train_time:3452.806s step_avg:1321.90ms
step:2613/3250 train_loss:3.38243 train_time:3454.043s step_avg:1321.87ms
step:2614/3250 train_loss:3.43683 train_time:3455.274s step_avg:1321.83ms
step:2615/3250 train_loss:3.32635 train_time:3457.180s step_avg:1322.06ms
step:2616/3250 train_loss:3.32895 train_time:3458.410s step_avg:1322.02ms
step:2617/3250 train_loss:3.41784 train_time:3459.648s step_avg:1321.99ms
step:2618/3250 train_loss:3.37532 train_time:3460.884s step_avg:1321.96ms
step:2619/3250 train_loss:3.38293 train_time:3462.133s step_avg:1321.93ms
step:2620/3250 train_loss:3.42756 train_time:3464.051s step_avg:1322.16ms
step:2621/3250 train_loss:3.38000 train_time:3465.290s step_avg:1322.13ms
step:2622/3250 train_loss:3.38753 train_time:3466.530s step_avg:1322.09ms
step:2623/3250 train_loss:3.39457 train_time:3467.766s step_avg:1322.06ms
step:2624/3250 train_loss:3.38201 train_time:3468.999s step_avg:1322.03ms
step:2625/3250 train_loss:3.35287 train_time:3470.911s step_avg:1322.25ms
step:2625/3250 val_loss:3.36313 train_time:3470.911s step_avg:1371.34ms
step:2626/3250 train_loss:3.40369 train_time:3472.151s step_avg:1322.22ms
step:2627/3250 train_loss:3.38526 train_time:3473.383s step_avg:1322.19ms
step:2628/3250 train_loss:3.42051 train_time:3474.622s step_avg:1322.15ms
step:2629/3250 train_loss:3.39721 train_time:3475.862s step_avg:1322.12ms
step:2630/3250 train_loss:3.36722 train_time:3477.767s step_avg:1322.34ms
step:2631/3250 train_loss:3.43305 train_time:3479.001s step_avg:1322.31ms
step:2632/3250 train_loss:3.33968 train_time:3480.243s step_avg:1322.28ms
step:2633/3250 train_loss:3.40626 train_time:3481.485s step_avg:1322.25ms
step:2634/3250 train_loss:3.31633 train_time:3482.723s step_avg:1322.22ms
step:2635/3250 train_loss:3.34180 train_time:3484.631s step_avg:1322.44ms
step:2636/3250 train_loss:3.37172 train_time:3485.866s step_avg:1322.41ms
step:2637/3250 train_loss:3.36351 train_time:3487.099s step_avg:1322.37ms
step:2638/3250 train_loss:3.39689 train_time:3488.333s step_avg:1322.34ms
step:2639/3250 train_loss:3.38239 train_time:3489.565s step_avg:1322.31ms
step:2640/3250 train_loss:3.42897 train_time:3491.489s step_avg:1322.53ms
step:2641/3250 train_loss:3.36585 train_time:3492.722s step_avg:1322.50ms
step:2642/3250 train_loss:3.33157 train_time:3493.965s step_avg:1322.47ms
step:2643/3250 train_loss:3.37019 train_time:3495.214s step_avg:1322.44ms
step:2644/3250 train_loss:3.37077 train_time:3496.444s step_avg:1322.41ms
step:2645/3250 train_loss:3.41753 train_time:3498.366s step_avg:1322.63ms
step:2646/3250 train_loss:3.35876 train_time:3499.603s step_avg:1322.60ms
step:2647/3250 train_loss:3.36653 train_time:3500.848s step_avg:1322.57ms
step:2648/3250 train_loss:3.39495 train_time:3502.085s step_avg:1322.54ms
step:2649/3250 train_loss:3.41208 train_time:3503.327s step_avg:1322.51ms
step:2650/3250 train_loss:3.40923 train_time:3505.301s step_avg:1322.76ms
step:2651/3250 train_loss:3.40437 train_time:3506.534s step_avg:1322.72ms
step:2652/3250 train_loss:3.38461 train_time:3507.762s step_avg:1322.69ms
step:2653/3250 train_loss:3.41358 train_time:3509.011s step_avg:1322.66ms
step:2654/3250 train_loss:3.41101 train_time:3510.248s step_avg:1322.63ms
step:2655/3250 train_loss:3.37510 train_time:3512.241s step_avg:1322.88ms
step:2656/3250 train_loss:3.38968 train_time:3513.478s step_avg:1322.85ms
step:2657/3250 train_loss:3.33735 train_time:3514.705s step_avg:1322.81ms
step:2658/3250 train_loss:3.36221 train_time:3515.945s step_avg:1322.78ms
step:2659/3250 train_loss:3.38775 train_time:3517.181s step_avg:1322.75ms
step:2660/3250 train_loss:3.36497 train_time:3519.113s step_avg:1322.97ms
step:2661/3250 train_loss:3.38527 train_time:3520.385s step_avg:1322.96ms
step:2662/3250 train_loss:3.37689 train_time:3521.620s step_avg:1322.92ms
step:2663/3250 train_loss:3.36531 train_time:3522.859s step_avg:1322.89ms
step:2664/3250 train_loss:3.33696 train_time:3524.090s step_avg:1322.86ms
step:2665/3250 train_loss:3.39407 train_time:3526.015s step_avg:1323.08ms
step:2666/3250 train_loss:3.40818 train_time:3527.244s step_avg:1323.05ms
step:2667/3250 train_loss:3.40616 train_time:3528.482s step_avg:1323.02ms
step:2668/3250 train_loss:3.35786 train_time:3529.717s step_avg:1322.98ms
step:2669/3250 train_loss:3.38959 train_time:3530.949s step_avg:1322.95ms
step:2670/3250 train_loss:3.35027 train_time:3532.857s step_avg:1323.17ms
step:2671/3250 train_loss:3.33793 train_time:3534.086s step_avg:1323.13ms
step:2672/3250 train_loss:3.30823 train_time:3535.323s step_avg:1323.10ms
step:2673/3250 train_loss:3.35917 train_time:3536.563s step_avg:1323.07ms
step:2674/3250 train_loss:3.37205 train_time:3537.805s step_avg:1323.04ms
step:2675/3250 train_loss:3.41871 train_time:3539.731s step_avg:1323.26ms
step:2676/3250 train_loss:3.34160 train_time:3540.969s step_avg:1323.23ms
step:2677/3250 train_loss:3.28470 train_time:3542.203s step_avg:1323.20ms
step:2678/3250 train_loss:3.42209 train_time:3543.431s step_avg:1323.16ms
step:2679/3250 train_loss:3.42199 train_time:3544.671s step_avg:1323.13ms
step:2680/3250 train_loss:3.31755 train_time:3546.593s step_avg:1323.36ms
step:2681/3250 train_loss:3.35945 train_time:3547.828s step_avg:1323.32ms
step:2682/3250 train_loss:3.41580 train_time:3549.066s step_avg:1323.29ms
step:2683/3250 train_loss:3.40950 train_time:3550.304s step_avg:1323.26ms
step:2684/3250 train_loss:3.45583 train_time:3551.543s step_avg:1323.23ms
step:2685/3250 train_loss:3.39059 train_time:3553.471s step_avg:1323.45ms
step:2686/3250 train_loss:3.34654 train_time:3554.705s step_avg:1323.42ms
step:2687/3250 train_loss:3.39723 train_time:3555.945s step_avg:1323.39ms
step:2688/3250 train_loss:3.35643 train_time:3557.188s step_avg:1323.36ms
step:2689/3250 train_loss:3.40516 train_time:3558.425s step_avg:1323.33ms
step:2690/3250 train_loss:3.38279 train_time:3560.358s step_avg:1323.55ms
step:2691/3250 train_loss:3.36759 train_time:3561.587s step_avg:1323.52ms
step:2692/3250 train_loss:3.41749 train_time:3562.830s step_avg:1323.49ms
step:2693/3250 train_loss:3.41220 train_time:3564.068s step_avg:1323.46ms
step:2694/3250 train_loss:3.34249 train_time:3565.304s step_avg:1323.42ms
step:2695/3250 train_loss:3.32322 train_time:3567.222s step_avg:1323.64ms
step:2696/3250 train_loss:3.47842 train_time:3568.459s step_avg:1323.61ms
step:2697/3250 train_loss:3.35456 train_time:3569.691s step_avg:1323.58ms
step:2698/3250 train_loss:3.28449 train_time:3570.928s step_avg:1323.55ms
step:2699/3250 train_loss:3.36816 train_time:3572.170s step_avg:1323.52ms
step:2700/3250 train_loss:3.37773 train_time:3574.108s step_avg:1323.74ms
step:2701/3250 train_loss:3.36075 train_time:3575.346s step_avg:1323.71ms
step:2702/3250 train_loss:3.36065 train_time:3576.586s step_avg:1323.68ms
step:2703/3250 train_loss:3.41864 train_time:3577.824s step_avg:1323.65ms
step:2704/3250 train_loss:3.36331 train_time:3579.055s step_avg:1323.61ms
step:2705/3250 train_loss:3.36096 train_time:3581.051s step_avg:1323.86ms
step:2706/3250 train_loss:3.38106 train_time:3582.279s step_avg:1323.83ms
step:2707/3250 train_loss:3.39630 train_time:3583.511s step_avg:1323.79ms
step:2708/3250 train_loss:3.35196 train_time:3584.748s step_avg:1323.76ms
step:2709/3250 train_loss:3.40099 train_time:3585.988s step_avg:1323.73ms
step:2710/3250 train_loss:3.33226 train_time:3587.937s step_avg:1323.96ms
step:2711/3250 train_loss:3.42695 train_time:3589.168s step_avg:1323.93ms
step:2712/3250 train_loss:3.37089 train_time:3590.398s step_avg:1323.89ms
step:2713/3250 train_loss:3.35425 train_time:3591.633s step_avg:1323.86ms
step:2714/3250 train_loss:3.36151 train_time:3592.878s step_avg:1323.83ms
step:2715/3250 train_loss:3.31885 train_time:3594.812s step_avg:1324.06ms
step:2716/3250 train_loss:3.34842 train_time:3596.051s step_avg:1324.02ms
step:2717/3250 train_loss:3.34951 train_time:3597.298s step_avg:1324.00ms
step:2718/3250 train_loss:3.41329 train_time:3598.536s step_avg:1323.96ms
step:2719/3250 train_loss:3.35213 train_time:3599.786s step_avg:1323.94ms
step:2720/3250 train_loss:3.37403 train_time:3601.726s step_avg:1324.16ms
step:2721/3250 train_loss:3.40614 train_time:3602.967s step_avg:1324.13ms
step:2722/3250 train_loss:3.49017 train_time:3604.220s step_avg:1324.11ms
step:2723/3250 train_loss:3.34409 train_time:3605.456s step_avg:1324.07ms
step:2724/3250 train_loss:3.37281 train_time:3606.698s step_avg:1324.04ms
step:2725/3250 train_loss:3.40807 train_time:3608.643s step_avg:1324.27ms
step:2726/3250 train_loss:3.36364 train_time:3609.888s step_avg:1324.24ms
step:2727/3250 train_loss:3.34804 train_time:3611.120s step_avg:1324.21ms
step:2728/3250 train_loss:3.37883 train_time:3612.357s step_avg:1324.18ms
step:2729/3250 train_loss:3.40615 train_time:3613.597s step_avg:1324.15ms
step:2730/3250 train_loss:3.40844 train_time:3615.542s step_avg:1324.37ms
step:2731/3250 train_loss:3.33355 train_time:3616.777s step_avg:1324.34ms
step:2732/3250 train_loss:3.32391 train_time:3618.012s step_avg:1324.31ms
step:2733/3250 train_loss:3.29489 train_time:3619.246s step_avg:1324.28ms
step:2734/3250 train_loss:3.35119 train_time:3620.488s step_avg:1324.25ms
step:2735/3250 train_loss:3.36484 train_time:3622.440s step_avg:1324.48ms
step:2736/3250 train_loss:3.35779 train_time:3623.674s step_avg:1324.44ms
step:2737/3250 train_loss:3.36747 train_time:3624.917s step_avg:1324.41ms
step:2738/3250 train_loss:3.33957 train_time:3626.158s step_avg:1324.38ms
step:2739/3250 train_loss:3.30386 train_time:3627.396s step_avg:1324.35ms
step:2740/3250 train_loss:3.37143 train_time:3629.346s step_avg:1324.58ms
step:2741/3250 train_loss:3.36731 train_time:3630.580s step_avg:1324.55ms
step:2742/3250 train_loss:3.39666 train_time:3631.818s step_avg:1324.51ms
step:2743/3250 train_loss:3.39186 train_time:3633.055s step_avg:1324.48ms
step:2744/3250 train_loss:3.41675 train_time:3634.295s step_avg:1324.45ms
step:2745/3250 train_loss:3.31969 train_time:3636.253s step_avg:1324.68ms
step:2746/3250 train_loss:3.36588 train_time:3637.495s step_avg:1324.65ms
step:2747/3250 train_loss:3.34712 train_time:3638.739s step_avg:1324.62ms
step:2748/3250 train_loss:3.37807 train_time:3639.990s step_avg:1324.60ms
step:2749/3250 train_loss:3.36657 train_time:3641.228s step_avg:1324.56ms
step:2750/3250 train_loss:3.38340 train_time:3643.357s step_avg:1324.86ms
step:2750/3250 val_loss:3.34257 train_time:3643.357s step_avg:1379.57ms
step:2751/3250 train_loss:3.33504 train_time:3644.600s step_avg:1324.83ms
step:2752/3250 train_loss:3.31427 train_time:3645.840s step_avg:1324.80ms
step:2753/3250 train_loss:3.33328 train_time:3647.089s step_avg:1324.77ms
step:2754/3250 train_loss:3.32950 train_time:3648.324s step_avg:1324.74ms
step:2755/3250 train_loss:3.30042 train_time:3650.261s step_avg:1324.96ms
step:2756/3250 train_loss:3.33557 train_time:3651.493s step_avg:1324.92ms
step:2757/3250 train_loss:3.42275 train_time:3652.727s step_avg:1324.89ms
step:2758/3250 train_loss:3.32001 train_time:3653.957s step_avg:1324.86ms
step:2759/3250 train_loss:3.34484 train_time:3655.205s step_avg:1324.83ms
step:2760/3250 train_loss:3.37016 train_time:3657.148s step_avg:1325.05ms
step:2761/3250 train_loss:3.37006 train_time:3658.388s step_avg:1325.02ms
step:2762/3250 train_loss:3.31963 train_time:3659.625s step_avg:1324.99ms
step:2763/3250 train_loss:3.36415 train_time:3660.861s step_avg:1324.96ms
step:2764/3250 train_loss:3.39940 train_time:3662.110s step_avg:1324.93ms
step:2765/3250 train_loss:3.33527 train_time:3664.067s step_avg:1325.16ms
step:2766/3250 train_loss:3.32319 train_time:3665.296s step_avg:1325.13ms
step:2767/3250 train_loss:3.34778 train_time:3666.534s step_avg:1325.09ms
step:2768/3250 train_loss:3.35689 train_time:3667.774s step_avg:1325.06ms
step:2769/3250 train_loss:3.33219 train_time:3669.017s step_avg:1325.03ms
step:2770/3250 train_loss:3.27522 train_time:3670.967s step_avg:1325.26ms
step:2771/3250 train_loss:3.46715 train_time:3672.202s step_avg:1325.23ms
step:2772/3250 train_loss:3.33328 train_time:3673.441s step_avg:1325.20ms
step:2773/3250 train_loss:3.31598 train_time:3674.680s step_avg:1325.16ms
step:2774/3250 train_loss:3.33360 train_time:3675.920s step_avg:1325.13ms
step:2775/3250 train_loss:3.36939 train_time:3677.892s step_avg:1325.37ms
step:2776/3250 train_loss:3.42320 train_time:3679.121s step_avg:1325.33ms
step:2777/3250 train_loss:3.41227 train_time:3680.356s step_avg:1325.30ms
step:2778/3250 train_loss:3.38768 train_time:3681.594s step_avg:1325.27ms
step:2779/3250 train_loss:3.35210 train_time:3682.834s step_avg:1325.24ms
step:2780/3250 train_loss:3.36613 train_time:3684.798s step_avg:1325.47ms
step:2781/3250 train_loss:3.32587 train_time:3686.034s step_avg:1325.43ms
step:2782/3250 train_loss:3.36904 train_time:3687.276s step_avg:1325.40ms
step:2783/3250 train_loss:3.36864 train_time:3688.513s step_avg:1325.37ms
step:2784/3250 train_loss:3.36931 train_time:3689.744s step_avg:1325.34ms
step:2785/3250 train_loss:3.32978 train_time:3691.695s step_avg:1325.56ms
step:2786/3250 train_loss:3.36879 train_time:3692.932s step_avg:1325.53ms
step:2787/3250 train_loss:3.37938 train_time:3694.164s step_avg:1325.50ms
step:2788/3250 train_loss:3.39147 train_time:3695.399s step_avg:1325.47ms
step:2789/3250 train_loss:3.39381 train_time:3696.648s step_avg:1325.44ms
step:2790/3250 train_loss:3.33798 train_time:3698.596s step_avg:1325.66ms
step:2791/3250 train_loss:3.32081 train_time:3699.829s step_avg:1325.63ms
step:2792/3250 train_loss:3.36017 train_time:3701.058s step_avg:1325.59ms
step:2793/3250 train_loss:3.42420 train_time:3702.297s step_avg:1325.56ms
step:2794/3250 train_loss:3.31932 train_time:3703.553s step_avg:1325.54ms
step:2795/3250 train_loss:3.41659 train_time:3705.513s step_avg:1325.76ms
step:2796/3250 train_loss:3.32460 train_time:3706.746s step_avg:1325.73ms
step:2797/3250 train_loss:3.36921 train_time:3707.985s step_avg:1325.70ms
step:2798/3250 train_loss:3.33726 train_time:3709.232s step_avg:1325.67ms
step:2799/3250 train_loss:3.36307 train_time:3710.464s step_avg:1325.64ms
step:2800/3250 train_loss:3.39716 train_time:3712.419s step_avg:1325.86ms
step:2801/3250 train_loss:3.37837 train_time:3713.653s step_avg:1325.83ms
step:2802/3250 train_loss:3.30988 train_time:3714.882s step_avg:1325.80ms
step:2803/3250 train_loss:3.39719 train_time:3716.124s step_avg:1325.77ms
step:2804/3250 train_loss:3.46294 train_time:3717.365s step_avg:1325.74ms
step:2805/3250 train_loss:3.32536 train_time:3719.327s step_avg:1325.96ms
step:2806/3250 train_loss:3.43514 train_time:3720.560s step_avg:1325.93ms
step:2807/3250 train_loss:3.38713 train_time:3721.799s step_avg:1325.90ms
step:2808/3250 train_loss:3.34023 train_time:3723.040s step_avg:1325.87ms
step:2809/3250 train_loss:3.38958 train_time:3724.268s step_avg:1325.83ms
step:2810/3250 train_loss:3.35378 train_time:3726.242s step_avg:1326.06ms
step:2811/3250 train_loss:3.38578 train_time:3727.481s step_avg:1326.03ms
step:2812/3250 train_loss:3.30680 train_time:3728.726s step_avg:1326.01ms
step:2813/3250 train_loss:3.39057 train_time:3729.962s step_avg:1325.97ms
step:2814/3250 train_loss:3.34055 train_time:3731.206s step_avg:1325.94ms
step:2815/3250 train_loss:3.25773 train_time:3733.168s step_avg:1326.17ms
step:2816/3250 train_loss:3.30939 train_time:3734.401s step_avg:1326.14ms
step:2817/3250 train_loss:3.36314 train_time:3735.637s step_avg:1326.10ms
step:2818/3250 train_loss:3.35843 train_time:3736.868s step_avg:1326.07ms
step:2819/3250 train_loss:3.37245 train_time:3738.105s step_avg:1326.04ms
step:2820/3250 train_loss:3.36677 train_time:3740.062s step_avg:1326.26ms
step:2821/3250 train_loss:3.40026 train_time:3741.303s step_avg:1326.23ms
step:2822/3250 train_loss:3.36451 train_time:3742.544s step_avg:1326.20ms
step:2823/3250 train_loss:3.33516 train_time:3743.784s step_avg:1326.17ms
step:2824/3250 train_loss:3.28745 train_time:3745.027s step_avg:1326.14ms
step:2825/3250 train_loss:3.37846 train_time:3746.994s step_avg:1326.37ms
step:2826/3250 train_loss:3.33725 train_time:3748.229s step_avg:1326.34ms
step:2827/3250 train_loss:3.35134 train_time:3749.466s step_avg:1326.31ms
step:2828/3250 train_loss:3.33820 train_time:3750.704s step_avg:1326.27ms
step:2829/3250 train_loss:3.34588 train_time:3751.950s step_avg:1326.25ms
step:2830/3250 train_loss:3.37413 train_time:3753.927s step_avg:1326.48ms
step:2831/3250 train_loss:3.36282 train_time:3755.168s step_avg:1326.45ms
step:2832/3250 train_loss:3.36726 train_time:3756.407s step_avg:1326.42ms
step:2833/3250 train_loss:3.45582 train_time:3757.644s step_avg:1326.38ms
step:2834/3250 train_loss:3.35134 train_time:3758.883s step_avg:1326.35ms
step:2835/3250 train_loss:3.39432 train_time:3760.858s step_avg:1326.58ms
step:2836/3250 train_loss:3.33337 train_time:3762.090s step_avg:1326.55ms
step:2837/3250 train_loss:3.34185 train_time:3763.330s step_avg:1326.52ms
step:2838/3250 train_loss:3.38079 train_time:3764.566s step_avg:1326.49ms
step:2839/3250 train_loss:3.36204 train_time:3765.809s step_avg:1326.46ms
step:2840/3250 train_loss:3.33261 train_time:3767.794s step_avg:1326.69ms
step:2841/3250 train_loss:3.37028 train_time:3769.026s step_avg:1326.65ms
step:2842/3250 train_loss:3.35465 train_time:3770.265s step_avg:1326.62ms
step:2843/3250 train_loss:3.35619 train_time:3771.505s step_avg:1326.59ms
step:2844/3250 train_loss:3.45236 train_time:3772.748s step_avg:1326.56ms
step:2845/3250 train_loss:3.31629 train_time:3774.729s step_avg:1326.79ms
step:2846/3250 train_loss:3.31912 train_time:3775.964s step_avg:1326.76ms
step:2847/3250 train_loss:3.33989 train_time:3777.207s step_avg:1326.73ms
step:2848/3250 train_loss:3.36782 train_time:3778.450s step_avg:1326.70ms
step:2849/3250 train_loss:3.32783 train_time:3779.690s step_avg:1326.67ms
step:2850/3250 train_loss:3.35116 train_time:3781.679s step_avg:1326.90ms
step:2851/3250 train_loss:3.30257 train_time:3782.959s step_avg:1326.89ms
step:2852/3250 train_loss:3.36113 train_time:3784.192s step_avg:1326.86ms
step:2853/3250 train_loss:3.31721 train_time:3785.430s step_avg:1326.82ms
step:2854/3250 train_loss:3.32585 train_time:3786.667s step_avg:1326.79ms
step:2855/3250 train_loss:3.37255 train_time:3788.637s step_avg:1327.02ms
step:2856/3250 train_loss:3.44099 train_time:3789.868s step_avg:1326.98ms
step:2857/3250 train_loss:3.35112 train_time:3791.110s step_avg:1326.95ms
step:2858/3250 train_loss:3.38911 train_time:3792.350s step_avg:1326.92ms
step:2859/3250 train_loss:3.33783 train_time:3793.597s step_avg:1326.90ms
step:2860/3250 train_loss:3.30537 train_time:3795.584s step_avg:1327.13ms
step:2861/3250 train_loss:3.42213 train_time:3796.820s step_avg:1327.10ms
step:2862/3250 train_loss:3.38909 train_time:3798.053s step_avg:1327.06ms
step:2863/3250 train_loss:3.40032 train_time:3799.290s step_avg:1327.03ms
step:2864/3250 train_loss:3.32914 train_time:3800.529s step_avg:1327.00ms
step:2865/3250 train_loss:3.37663 train_time:3802.511s step_avg:1327.23ms
step:2866/3250 train_loss:3.28904 train_time:3803.748s step_avg:1327.20ms
step:2867/3250 train_loss:3.33002 train_time:3804.984s step_avg:1327.17ms
step:2868/3250 train_loss:3.35867 train_time:3806.225s step_avg:1327.14ms
step:2869/3250 train_loss:3.32402 train_time:3807.472s step_avg:1327.11ms
step:2870/3250 train_loss:3.32893 train_time:3809.467s step_avg:1327.34ms
step:2871/3250 train_loss:3.32242 train_time:3810.706s step_avg:1327.31ms
step:2872/3250 train_loss:3.30194 train_time:3811.951s step_avg:1327.28ms
step:2873/3250 train_loss:3.25781 train_time:3813.190s step_avg:1327.25ms
step:2874/3250 train_loss:3.36562 train_time:3814.427s step_avg:1327.22ms
step:2875/3250 train_loss:3.40769 train_time:3816.415s step_avg:1327.45ms
step:2875/3250 val_loss:3.32266 train_time:3816.415s step_avg:1384.47ms
step:2876/3250 train_loss:3.34352 train_time:3817.648s step_avg:1327.42ms
step:2877/3250 train_loss:3.33445 train_time:3818.881s step_avg:1327.38ms
step:2878/3250 train_loss:3.37191 train_time:3820.121s step_avg:1327.35ms
step:2879/3250 train_loss:3.36124 train_time:3821.362s step_avg:1327.32ms
step:2880/3250 train_loss:3.32890 train_time:3823.338s step_avg:1327.55ms
step:2881/3250 train_loss:3.31243 train_time:3824.575s step_avg:1327.52ms
step:2882/3250 train_loss:3.38129 train_time:3825.814s step_avg:1327.49ms
step:2883/3250 train_loss:3.32338 train_time:3827.047s step_avg:1327.45ms
step:2884/3250 train_loss:3.34814 train_time:3828.285s step_avg:1327.42ms
step:2885/3250 train_loss:3.30947 train_time:3830.258s step_avg:1327.65ms
step:2886/3250 train_loss:3.35152 train_time:3831.495s step_avg:1327.61ms
step:2887/3250 train_loss:3.41407 train_time:3832.728s step_avg:1327.58ms
step:2888/3250 train_loss:3.40705 train_time:3833.962s step_avg:1327.55ms
step:2889/3250 train_loss:3.47925 train_time:3835.203s step_avg:1327.52ms
step:2890/3250 train_loss:3.30230 train_time:3837.203s step_avg:1327.75ms
step:2891/3250 train_loss:3.34121 train_time:3838.442s step_avg:1327.72ms
step:2892/3250 train_loss:3.27561 train_time:3839.683s step_avg:1327.69ms
step:2893/3250 train_loss:3.29327 train_time:3840.921s step_avg:1327.66ms
step:2894/3250 train_loss:3.32577 train_time:3842.159s step_avg:1327.63ms
step:2895/3250 train_loss:3.39778 train_time:3844.147s step_avg:1327.86ms
step:2896/3250 train_loss:3.38773 train_time:3845.382s step_avg:1327.83ms
step:2897/3250 train_loss:3.30761 train_time:3846.621s step_avg:1327.79ms
step:2898/3250 train_loss:3.55941 train_time:3847.867s step_avg:1327.77ms
step:2899/3250 train_loss:3.33993 train_time:3849.107s step_avg:1327.74ms
step:2900/3250 train_loss:3.35596 train_time:3851.092s step_avg:1327.96ms
step:2901/3250 train_loss:3.31973 train_time:3852.326s step_avg:1327.93ms
step:2902/3250 train_loss:3.41755 train_time:3853.562s step_avg:1327.90ms
step:2903/3250 train_loss:3.31522 train_time:3854.800s step_avg:1327.87ms
step:2904/3250 train_loss:3.37251 train_time:3856.038s step_avg:1327.84ms
step:2905/3250 train_loss:3.39388 train_time:3858.016s step_avg:1328.06ms
step:2906/3250 train_loss:3.34283 train_time:3859.247s step_avg:1328.03ms
step:2907/3250 train_loss:3.35980 train_time:3860.483s step_avg:1328.00ms
step:2908/3250 train_loss:3.37690 train_time:3861.719s step_avg:1327.96ms
step:2909/3250 train_loss:3.40169 train_time:3862.958s step_avg:1327.93ms
step:2910/3250 train_loss:3.35026 train_time:3864.945s step_avg:1328.16ms
step:2911/3250 train_loss:3.33178 train_time:3866.183s step_avg:1328.13ms
step:2912/3250 train_loss:3.30863 train_time:3867.422s step_avg:1328.10ms
step:2913/3250 train_loss:3.39303 train_time:3868.661s step_avg:1328.07ms
step:2914/3250 train_loss:3.35436 train_time:3869.899s step_avg:1328.04ms
step:2915/3250 train_loss:3.35216 train_time:3871.890s step_avg:1328.26ms
step:2916/3250 train_loss:3.33093 train_time:3873.122s step_avg:1328.23ms
step:2917/3250 train_loss:3.39911 train_time:3874.363s step_avg:1328.20ms
step:2918/3250 train_loss:3.23409 train_time:3875.605s step_avg:1328.17ms
step:2919/3250 train_loss:3.30088 train_time:3876.844s step_avg:1328.14ms
step:2920/3250 train_loss:3.27099 train_time:3878.830s step_avg:1328.37ms
step:2921/3250 train_loss:3.35465 train_time:3880.066s step_avg:1328.33ms
step:2922/3250 train_loss:3.48735 train_time:3881.304s step_avg:1328.30ms
step:2923/3250 train_loss:3.34555 train_time:3882.545s step_avg:1328.27ms
step:2924/3250 train_loss:3.30110 train_time:3883.783s step_avg:1328.24ms
step:2925/3250 train_loss:3.35049 train_time:3885.767s step_avg:1328.47ms
step:2926/3250 train_loss:3.35955 train_time:3887.001s step_avg:1328.44ms
step:2927/3250 train_loss:3.28603 train_time:3888.236s step_avg:1328.40ms
step:2928/3250 train_loss:3.38405 train_time:3889.468s step_avg:1328.37ms
step:2929/3250 train_loss:3.29355 train_time:3890.701s step_avg:1328.34ms
step:2930/3250 train_loss:3.40736 train_time:3892.702s step_avg:1328.57ms
step:2931/3250 train_loss:3.35853 train_time:3893.942s step_avg:1328.54ms
step:2932/3250 train_loss:3.35413 train_time:3895.181s step_avg:1328.51ms
step:2933/3250 train_loss:3.57616 train_time:3896.425s step_avg:1328.48ms
step:2934/3250 train_loss:3.33133 train_time:3897.665s step_avg:1328.45ms
step:2935/3250 train_loss:3.45273 train_time:3899.667s step_avg:1328.68ms
step:2936/3250 train_loss:3.38184 train_time:3900.900s step_avg:1328.64ms
step:2937/3250 train_loss:3.32907 train_time:3902.137s step_avg:1328.61ms
step:2938/3250 train_loss:3.36402 train_time:3903.369s step_avg:1328.58ms
step:2939/3250 train_loss:3.37341 train_time:3904.609s step_avg:1328.55ms
step:2940/3250 train_loss:3.30338 train_time:3906.614s step_avg:1328.78ms
step:2941/3250 train_loss:3.31040 train_time:3907.848s step_avg:1328.75ms
step:2942/3250 train_loss:3.27019 train_time:3909.086s step_avg:1328.72ms
step:2943/3250 train_loss:3.31089 train_time:3910.326s step_avg:1328.69ms
step:2944/3250 train_loss:3.26148 train_time:3911.570s step_avg:1328.66ms
step:2945/3250 train_loss:3.35201 train_time:3913.576s step_avg:1328.89ms
step:2946/3250 train_loss:3.33838 train_time:3914.809s step_avg:1328.86ms
step:2947/3250 train_loss:3.31163 train_time:3916.044s step_avg:1328.82ms
step:2948/3250 train_loss:3.36197 train_time:3917.286s step_avg:1328.79ms
step:2949/3250 train_loss:3.29754 train_time:3918.528s step_avg:1328.76ms
step:2950/3250 train_loss:3.31527 train_time:3920.524s step_avg:1328.99ms
step:2951/3250 train_loss:3.36790 train_time:3921.758s step_avg:1328.96ms
step:2952/3250 train_loss:3.28267 train_time:3922.986s step_avg:1328.92ms
step:2953/3250 train_loss:3.36871 train_time:3924.225s step_avg:1328.89ms
step:2954/3250 train_loss:3.35238 train_time:3925.468s step_avg:1328.87ms
step:2955/3250 train_loss:3.32536 train_time:3927.477s step_avg:1329.10ms
step:2956/3250 train_loss:3.32607 train_time:3928.711s step_avg:1329.06ms
step:2957/3250 train_loss:3.33448 train_time:3929.947s step_avg:1329.03ms
step:2958/3250 train_loss:3.35031 train_time:3931.186s step_avg:1329.00ms
step:2959/3250 train_loss:3.26804 train_time:3932.429s step_avg:1328.97ms
step:2960/3250 train_loss:3.31615 train_time:3934.428s step_avg:1329.20ms
step:2961/3250 train_loss:3.38598 train_time:3935.666s step_avg:1329.17ms
step:2962/3250 train_loss:3.28958 train_time:3936.902s step_avg:1329.14ms
step:2963/3250 train_loss:3.25918 train_time:3938.143s step_avg:1329.11ms
step:2964/3250 train_loss:3.28561 train_time:3939.382s step_avg:1329.08ms
step:2965/3250 train_loss:3.34113 train_time:3941.367s step_avg:1329.30ms
step:2966/3250 train_loss:3.27951 train_time:3942.605s step_avg:1329.27ms
step:2967/3250 train_loss:3.33579 train_time:3943.845s step_avg:1329.24ms
step:2968/3250 train_loss:3.31956 train_time:3945.079s step_avg:1329.20ms
step:2969/3250 train_loss:3.49025 train_time:3946.310s step_avg:1329.17ms
step:2970/3250 train_loss:3.32125 train_time:3948.309s step_avg:1329.40ms
step:2971/3250 train_loss:3.37362 train_time:3949.558s step_avg:1329.37ms
step:2972/3250 train_loss:3.29630 train_time:3950.787s step_avg:1329.34ms
step:2973/3250 train_loss:3.35043 train_time:3952.024s step_avg:1329.31ms
step:2974/3250 train_loss:3.25205 train_time:3953.266s step_avg:1329.28ms
step:2975/3250 train_loss:3.31371 train_time:3955.285s step_avg:1329.51ms
step:2976/3250 train_loss:3.32589 train_time:3956.517s step_avg:1329.47ms
step:2977/3250 train_loss:3.29657 train_time:3957.756s step_avg:1329.44ms
step:2978/3250 train_loss:3.39118 train_time:3958.994s step_avg:1329.41ms
step:2979/3250 train_loss:3.31682 train_time:3960.232s step_avg:1329.38ms
step:2980/3250 train_loss:3.35882 train_time:3962.231s step_avg:1329.61ms
step:2981/3250 train_loss:3.31433 train_time:3963.475s step_avg:1329.58ms
step:2982/3250 train_loss:3.37193 train_time:3964.710s step_avg:1329.55ms
step:2983/3250 train_loss:3.33151 train_time:3965.964s step_avg:1329.52ms
step:2984/3250 train_loss:3.36206 train_time:3967.197s step_avg:1329.49ms
step:2985/3250 train_loss:3.36565 train_time:3969.201s step_avg:1329.72ms
step:2986/3250 train_loss:3.35467 train_time:3970.438s step_avg:1329.68ms
step:2987/3250 train_loss:3.28054 train_time:3971.673s step_avg:1329.65ms
step:2988/3250 train_loss:3.24045 train_time:3972.914s step_avg:1329.62ms
step:2989/3250 train_loss:3.38529 train_time:3974.155s step_avg:1329.59ms
step:2990/3250 train_loss:3.34708 train_time:3976.157s step_avg:1329.82ms
step:2991/3250 train_loss:3.29553 train_time:3977.402s step_avg:1329.79ms
step:2992/3250 train_loss:3.30682 train_time:3978.646s step_avg:1329.76ms
step:2993/3250 train_loss:3.30368 train_time:3979.877s step_avg:1329.73ms
step:2994/3250 train_loss:3.28781 train_time:3981.121s step_avg:1329.70ms
step:2995/3250 train_loss:3.37844 train_time:3983.191s step_avg:1329.95ms
step:2996/3250 train_loss:3.26511 train_time:3984.435s step_avg:1329.92ms
step:2997/3250 train_loss:3.27610 train_time:3985.675s step_avg:1329.89ms
step:2998/3250 train_loss:3.34739 train_time:3986.911s step_avg:1329.86ms
step:2999/3250 train_loss:3.38187 train_time:3988.155s step_avg:1329.83ms
step:3000/3250 train_loss:3.34402 train_time:3990.154s step_avg:1330.05ms
step:3000/3250 val_loss:3.30395 train_time:3990.155s step_avg:1389.92ms
step:3001/3250 train_loss:3.30988 train_time:3991.400s step_avg:1330.02ms
step:3002/3250 train_loss:3.31955 train_time:3992.638s step_avg:1329.99ms
step:3003/3250 train_loss:3.29875 train_time:3993.875s step_avg:1329.96ms
step:3004/3250 train_loss:3.35787 train_time:3995.114s step_avg:1329.93ms
step:3005/3250 train_loss:3.32346 train_time:3997.124s step_avg:1330.16ms
step:3006/3250 train_loss:3.28683 train_time:3998.355s step_avg:1330.12ms
step:3007/3250 train_loss:3.30630 train_time:3999.593s step_avg:1330.09ms
step:3008/3250 train_loss:3.35514 train_time:4000.835s step_avg:1330.06ms
step:3009/3250 train_loss:3.29342 train_time:4002.072s step_avg:1330.03ms
step:3010/3250 train_loss:3.33886 train_time:4004.081s step_avg:1330.26ms
step:3011/3250 train_loss:3.33727 train_time:4005.331s step_avg:1330.23ms
step:3012/3250 train_loss:3.29540 train_time:4006.597s step_avg:1330.21ms
step:3013/3250 train_loss:3.37368 train_time:4007.836s step_avg:1330.18ms
step:3014/3250 train_loss:3.35185 train_time:4009.075s step_avg:1330.15ms
step:3015/3250 train_loss:3.32983 train_time:4011.135s step_avg:1330.39ms
step:3016/3250 train_loss:3.31816 train_time:4012.372s step_avg:1330.36ms
step:3017/3250 train_loss:3.32491 train_time:4013.610s step_avg:1330.33ms
step:3018/3250 train_loss:3.26338 train_time:4014.878s step_avg:1330.31ms
step:3019/3250 train_loss:3.32889 train_time:4016.118s step_avg:1330.28ms
step:3020/3250 train_loss:3.33325 train_time:4018.127s step_avg:1330.51ms
step:3021/3250 train_loss:3.28510 train_time:4019.358s step_avg:1330.47ms
step:3022/3250 train_loss:3.30327 train_time:4020.600s step_avg:1330.44ms
step:3023/3250 train_loss:3.26100 train_time:4021.837s step_avg:1330.41ms
step:3024/3250 train_loss:3.32991 train_time:4023.080s step_avg:1330.38ms
step:3025/3250 train_loss:3.31926 train_time:4025.131s step_avg:1330.62ms
step:3026/3250 train_loss:3.27373 train_time:4026.407s step_avg:1330.60ms
step:3027/3250 train_loss:3.33759 train_time:4027.641s step_avg:1330.57ms
step:3028/3250 train_loss:3.23943 train_time:4028.877s step_avg:1330.54ms
step:3029/3250 train_loss:3.37345 train_time:4030.127s step_avg:1330.51ms
step:3030/3250 train_loss:3.20847 train_time:4032.203s step_avg:1330.76ms
step:3031/3250 train_loss:3.25440 train_time:4033.441s step_avg:1330.73ms
step:3032/3250 train_loss:3.35184 train_time:4034.678s step_avg:1330.70ms
step:3033/3250 train_loss:3.31885 train_time:4035.917s step_avg:1330.67ms
step:3034/3250 train_loss:3.28037 train_time:4037.160s step_avg:1330.64ms
step:3035/3250 train_loss:3.24907 train_time:4039.169s step_avg:1330.86ms
step:3036/3250 train_loss:3.30423 train_time:4040.430s step_avg:1330.84ms
step:3037/3250 train_loss:3.28958 train_time:4041.670s step_avg:1330.81ms
step:3038/3250 train_loss:3.28713 train_time:4042.902s step_avg:1330.78ms
step:3039/3250 train_loss:3.30134 train_time:4044.139s step_avg:1330.75ms
step:3040/3250 train_loss:3.32907 train_time:4046.160s step_avg:1330.97ms
step:3041/3250 train_loss:3.23388 train_time:4047.438s step_avg:1330.96ms
step:3042/3250 train_loss:3.26029 train_time:4048.689s step_avg:1330.93ms
step:3043/3250 train_loss:3.34804 train_time:4049.925s step_avg:1330.90ms
step:3044/3250 train_loss:3.40910 train_time:4051.161s step_avg:1330.87ms
step:3045/3250 train_loss:3.25944 train_time:4053.313s step_avg:1331.14ms
step:3046/3250 train_loss:3.27025 train_time:4054.551s step_avg:1331.11ms
step:3047/3250 train_loss:3.31719 train_time:4055.783s step_avg:1331.07ms
step:3048/3250 train_loss:3.26299 train_time:4057.034s step_avg:1331.05ms
step:3049/3250 train_loss:3.28228 train_time:4058.278s step_avg:1331.02ms
step:3050/3250 train_loss:3.30033 train_time:4060.385s step_avg:1331.27ms
step:3051/3250 train_loss:3.25777 train_time:4061.620s step_avg:1331.24ms
step:3052/3250 train_loss:3.32700 train_time:4062.867s step_avg:1331.21ms
step:3053/3250 train_loss:3.30321 train_time:4064.101s step_avg:1331.18ms
step:3054/3250 train_loss:3.34083 train_time:4065.340s step_avg:1331.15ms
step:3055/3250 train_loss:3.35682 train_time:4067.360s step_avg:1331.38ms
step:3056/3250 train_loss:3.23634 train_time:4068.597s step_avg:1331.35ms
step:3057/3250 train_loss:3.29508 train_time:4069.850s step_avg:1331.32ms
step:3058/3250 train_loss:3.33930 train_time:4071.084s step_avg:1331.29ms
step:3059/3250 train_loss:3.36705 train_time:4072.325s step_avg:1331.26ms
step:3060/3250 train_loss:3.27657 train_time:4074.342s step_avg:1331.48ms
step:3061/3250 train_loss:3.31861 train_time:4075.579s step_avg:1331.45ms
step:3062/3250 train_loss:3.30815 train_time:4076.818s step_avg:1331.42ms
step:3063/3250 train_loss:3.34724 train_time:4078.058s step_avg:1331.39ms
step:3064/3250 train_loss:3.28054 train_time:4079.297s step_avg:1331.36ms
step:3065/3250 train_loss:3.32196 train_time:4081.336s step_avg:1331.59ms
step:3066/3250 train_loss:3.25323 train_time:4082.573s step_avg:1331.56ms
step:3067/3250 train_loss:3.24753 train_time:4083.806s step_avg:1331.53ms
step:3068/3250 train_loss:3.29503 train_time:4085.046s step_avg:1331.50ms
step:3069/3250 train_loss:3.33261 train_time:4086.287s step_avg:1331.47ms
step:3070/3250 train_loss:3.32248 train_time:4088.361s step_avg:1331.71ms
step:3071/3250 train_loss:3.35099 train_time:4089.613s step_avg:1331.69ms
step:3072/3250 train_loss:3.34621 train_time:4090.846s step_avg:1331.66ms
step:3073/3250 train_loss:3.26193 train_time:4092.087s step_avg:1331.63ms
step:3074/3250 train_loss:3.35063 train_time:4093.325s step_avg:1331.60ms
step:3075/3250 train_loss:3.27545 train_time:4095.360s step_avg:1331.82ms
step:3076/3250 train_loss:3.34193 train_time:4096.599s step_avg:1331.79ms
step:3077/3250 train_loss:3.31255 train_time:4097.836s step_avg:1331.76ms
step:3078/3250 train_loss:3.38276 train_time:4099.076s step_avg:1331.73ms
step:3079/3250 train_loss:3.26792 train_time:4100.308s step_avg:1331.70ms
step:3080/3250 train_loss:3.32854 train_time:4102.347s step_avg:1331.93ms
step:3081/3250 train_loss:3.27936 train_time:4103.596s step_avg:1331.90ms
step:3082/3250 train_loss:3.27312 train_time:4104.863s step_avg:1331.88ms
step:3083/3250 train_loss:3.31589 train_time:4106.101s step_avg:1331.85ms
step:3084/3250 train_loss:3.28982 train_time:4107.339s step_avg:1331.82ms
step:3085/3250 train_loss:3.38067 train_time:4109.374s step_avg:1332.05ms
step:3086/3250 train_loss:3.30433 train_time:4110.609s step_avg:1332.02ms
step:3087/3250 train_loss:3.30839 train_time:4111.848s step_avg:1331.99ms
step:3088/3250 train_loss:3.30117 train_time:4113.087s step_avg:1331.96ms
step:3089/3250 train_loss:3.30100 train_time:4114.323s step_avg:1331.93ms
step:3090/3250 train_loss:3.34113 train_time:4116.385s step_avg:1332.16ms
step:3091/3250 train_loss:3.41429 train_time:4117.620s step_avg:1332.13ms
step:3092/3250 train_loss:3.33716 train_time:4118.853s step_avg:1332.10ms
step:3093/3250 train_loss:3.25856 train_time:4120.087s step_avg:1332.07ms
step:3094/3250 train_loss:3.33512 train_time:4121.326s step_avg:1332.04ms
step:3095/3250 train_loss:3.31466 train_time:4123.349s step_avg:1332.26ms
step:3096/3250 train_loss:3.31212 train_time:4124.586s step_avg:1332.23ms
step:3097/3250 train_loss:3.29818 train_time:4125.823s step_avg:1332.20ms
step:3098/3250 train_loss:3.25243 train_time:4127.068s step_avg:1332.17ms
step:3099/3250 train_loss:3.32348 train_time:4128.303s step_avg:1332.14ms
step:3100/3250 train_loss:3.24203 train_time:4130.400s step_avg:1332.39ms
step:3101/3250 train_loss:3.28786 train_time:4131.641s step_avg:1332.36ms
step:3102/3250 train_loss:3.21503 train_time:4132.883s step_avg:1332.33ms
step:3103/3250 train_loss:3.34386 train_time:4134.124s step_avg:1332.30ms
step:3104/3250 train_loss:3.26025 train_time:4135.374s step_avg:1332.27ms
step:3105/3250 train_loss:3.29377 train_time:4137.391s step_avg:1332.49ms
step:3106/3250 train_loss:3.19908 train_time:4138.636s step_avg:1332.46ms
step:3107/3250 train_loss:3.18434 train_time:4139.872s step_avg:1332.43ms
step:3108/3250 train_loss:3.29847 train_time:4141.114s step_avg:1332.40ms
step:3109/3250 train_loss:3.29002 train_time:4142.350s step_avg:1332.37ms
step:3110/3250 train_loss:3.30400 train_time:4144.383s step_avg:1332.60ms
step:3111/3250 train_loss:3.23970 train_time:4145.621s step_avg:1332.57ms
step:3112/3250 train_loss:3.33571 train_time:4146.861s step_avg:1332.54ms
step:3113/3250 train_loss:3.24390 train_time:4148.098s step_avg:1332.51ms
step:3114/3250 train_loss:3.31357 train_time:4149.341s step_avg:1332.48ms
step:3115/3250 train_loss:3.31994 train_time:4151.365s step_avg:1332.70ms
step:3116/3250 train_loss:3.42904 train_time:4152.597s step_avg:1332.67ms
step:3117/3250 train_loss:3.28483 train_time:4153.828s step_avg:1332.64ms
step:3118/3250 train_loss:3.30586 train_time:4155.073s step_avg:1332.61ms
step:3119/3250 train_loss:3.29540 train_time:4156.322s step_avg:1332.58ms
step:3120/3250 train_loss:3.24722 train_time:4158.360s step_avg:1332.81ms
step:3121/3250 train_loss:3.34470 train_time:4159.592s step_avg:1332.78ms
step:3122/3250 train_loss:3.31605 train_time:4160.834s step_avg:1332.75ms
step:3123/3250 train_loss:3.30805 train_time:4162.074s step_avg:1332.72ms
step:3124/3250 train_loss:3.18842 train_time:4163.313s step_avg:1332.69ms
step:3125/3250 train_loss:3.30355 train_time:4165.352s step_avg:1332.91ms
step:3125/3250 val_loss:3.28720 train_time:4165.352s step_avg:1401.58ms
step:3126/3250 train_loss:3.25253 train_time:4166.589s step_avg:1332.88ms
step:3127/3250 train_loss:3.40208 train_time:4167.825s step_avg:1332.85ms
step:3128/3250 train_loss:3.29732 train_time:4169.073s step_avg:1332.82ms
step:3129/3250 train_loss:3.27697 train_time:4170.302s step_avg:1332.79ms
step:3130/3250 train_loss:3.29712 train_time:4172.382s step_avg:1333.03ms
step:3131/3250 train_loss:3.30175 train_time:4173.643s step_avg:1333.01ms
step:3132/3250 train_loss:3.23655 train_time:4174.883s step_avg:1332.98ms
step:3133/3250 train_loss:3.31547 train_time:4176.123s step_avg:1332.95ms
step:3134/3250 train_loss:3.27490 train_time:4177.361s step_avg:1332.92ms
step:3135/3250 train_loss:3.25271 train_time:4179.431s step_avg:1333.15ms
step:3136/3250 train_loss:3.27759 train_time:4180.660s step_avg:1333.12ms
step:3137/3250 train_loss:3.37676 train_time:4181.901s step_avg:1333.09ms
step:3138/3250 train_loss:3.28763 train_time:4183.143s step_avg:1333.06ms
step:3139/3250 train_loss:3.33677 train_time:4184.385s step_avg:1333.03ms
step:3140/3250 train_loss:3.33134 train_time:4186.413s step_avg:1333.25ms
step:3141/3250 train_loss:3.28484 train_time:4187.651s step_avg:1333.22ms
step:3142/3250 train_loss:3.29974 train_time:4188.884s step_avg:1333.19ms
step:3143/3250 train_loss:3.24097 train_time:4190.123s step_avg:1333.16ms
step:3144/3250 train_loss:3.33953 train_time:4191.361s step_avg:1333.13ms
step:3145/3250 train_loss:3.26517 train_time:4193.405s step_avg:1333.36ms
step:3146/3250 train_loss:3.32596 train_time:4194.639s step_avg:1333.32ms
step:3147/3250 train_loss:3.32537 train_time:4195.883s step_avg:1333.30ms
step:3148/3250 train_loss:3.30607 train_time:4197.122s step_avg:1333.27ms
step:3149/3250 train_loss:3.24059 train_time:4198.366s step_avg:1333.24ms
step:3150/3250 train_loss:3.28953 train_time:4200.404s step_avg:1333.46ms
step:3151/3250 train_loss:3.27929 train_time:4201.648s step_avg:1333.43ms
step:3152/3250 train_loss:3.31162 train_time:4202.887s step_avg:1333.40ms
step:3153/3250 train_loss:3.30616 train_time:4204.126s step_avg:1333.37ms
step:3154/3250 train_loss:3.27523 train_time:4205.365s step_avg:1333.34ms
step:3155/3250 train_loss:3.29982 train_time:4207.463s step_avg:1333.59ms
step:3156/3250 train_loss:3.32690 train_time:4208.700s step_avg:1333.56ms
step:3157/3250 train_loss:3.28456 train_time:4209.942s step_avg:1333.53ms
step:3158/3250 train_loss:3.36093 train_time:4211.186s step_avg:1333.50ms
step:3159/3250 train_loss:3.28843 train_time:4212.437s step_avg:1333.47ms
step:3160/3250 train_loss:3.25640 train_time:4214.567s step_avg:1333.72ms
step:3161/3250 train_loss:3.26532 train_time:4215.803s step_avg:1333.69ms
step:3162/3250 train_loss:3.26280 train_time:4217.040s step_avg:1333.66ms
step:3163/3250 train_loss:3.22100 train_time:4218.298s step_avg:1333.64ms
step:3164/3250 train_loss:3.31167 train_time:4219.526s step_avg:1333.60ms
step:3165/3250 train_loss:3.29065 train_time:4221.580s step_avg:1333.83ms
step:3166/3250 train_loss:3.29798 train_time:4222.830s step_avg:1333.81ms
step:3167/3250 train_loss:3.27589 train_time:4224.085s step_avg:1333.78ms
step:3168/3250 train_loss:3.24439 train_time:4225.334s step_avg:1333.75ms
step:3169/3250 train_loss:3.33230 train_time:4226.564s step_avg:1333.72ms
step:3170/3250 train_loss:3.24660 train_time:4228.605s step_avg:1333.94ms
step:3171/3250 train_loss:3.33856 train_time:4229.841s step_avg:1333.91ms
step:3172/3250 train_loss:3.33625 train_time:4231.080s step_avg:1333.88ms
step:3173/3250 train_loss:3.28517 train_time:4232.321s step_avg:1333.85ms
step:3174/3250 train_loss:3.28228 train_time:4233.564s step_avg:1333.83ms
step:3175/3250 train_loss:3.33387 train_time:4235.625s step_avg:1334.05ms
step:3176/3250 train_loss:3.29436 train_time:4236.861s step_avg:1334.02ms
step:3177/3250 train_loss:3.31923 train_time:4238.099s step_avg:1333.99ms
step:3178/3250 train_loss:3.36959 train_time:4239.328s step_avg:1333.96ms
step:3179/3250 train_loss:3.28608 train_time:4240.565s step_avg:1333.93ms
step:3180/3250 train_loss:3.26052 train_time:4242.625s step_avg:1334.16ms
step:3181/3250 train_loss:3.25500 train_time:4243.862s step_avg:1334.13ms
step:3182/3250 train_loss:3.23830 train_time:4245.102s step_avg:1334.10ms
step:3183/3250 train_loss:3.29626 train_time:4246.337s step_avg:1334.07ms
step:3184/3250 train_loss:3.27901 train_time:4247.567s step_avg:1334.03ms
step:3185/3250 train_loss:3.24613 train_time:4249.629s step_avg:1334.26ms
step:3186/3250 train_loss:3.31373 train_time:4250.865s step_avg:1334.23ms
step:3187/3250 train_loss:3.26618 train_time:4252.104s step_avg:1334.20ms
step:3188/3250 train_loss:3.29887 train_time:4253.340s step_avg:1334.17ms
step:3189/3250 train_loss:3.28101 train_time:4254.589s step_avg:1334.15ms
step:3190/3250 train_loss:3.29496 train_time:4256.642s step_avg:1334.37ms
step:3191/3250 train_loss:3.24848 train_time:4257.880s step_avg:1334.34ms
step:3192/3250 train_loss:3.32966 train_time:4259.113s step_avg:1334.31ms
step:3193/3250 train_loss:3.37620 train_time:4260.348s step_avg:1334.28ms
step:3194/3250 train_loss:3.34670 train_time:4261.587s step_avg:1334.25ms
step:3195/3250 train_loss:3.19253 train_time:4263.652s step_avg:1334.48ms
step:3196/3250 train_loss:3.46608 train_time:4264.885s step_avg:1334.44ms
step:3197/3250 train_loss:3.21797 train_time:4266.126s step_avg:1334.42ms
step:3198/3250 train_loss:3.29840 train_time:4267.393s step_avg:1334.39ms
step:3199/3250 train_loss:3.28604 train_time:4268.635s step_avg:1334.37ms
step:3200/3250 train_loss:3.26309 train_time:4270.767s step_avg:1334.61ms
step:3201/3250 train_loss:3.30059 train_time:4272.007s step_avg:1334.59ms
step:3202/3250 train_loss:3.29881 train_time:4273.251s step_avg:1334.56ms
step:3203/3250 train_loss:3.24831 train_time:4274.491s step_avg:1334.53ms
step:3204/3250 train_loss:3.35355 train_time:4275.740s step_avg:1334.50ms
step:3205/3250 train_loss:3.36535 train_time:4277.815s step_avg:1334.73ms
step:3206/3250 train_loss:3.22121 train_time:4279.052s step_avg:1334.70ms
step:3207/3250 train_loss:3.31913 train_time:4280.291s step_avg:1334.67ms
step:3208/3250 train_loss:3.33765 train_time:4281.528s step_avg:1334.64ms
step:3209/3250 train_loss:3.26320 train_time:4282.779s step_avg:1334.61ms
step:3210/3250 train_loss:3.33424 train_time:4284.821s step_avg:1334.84ms
step:3211/3250 train_loss:3.24760 train_time:4286.052s step_avg:1334.80ms
step:3212/3250 train_loss:3.29729 train_time:4287.292s step_avg:1334.77ms
step:3213/3250 train_loss:3.31576 train_time:4288.529s step_avg:1334.74ms
step:3214/3250 train_loss:3.31008 train_time:4289.778s step_avg:1334.72ms
step:3215/3250 train_loss:3.24848 train_time:4291.850s step_avg:1334.95ms
step:3216/3250 train_loss:3.27952 train_time:4293.091s step_avg:1334.92ms
step:3217/3250 train_loss:3.30169 train_time:4294.331s step_avg:1334.89ms
step:3218/3250 train_loss:3.29932 train_time:4295.573s step_avg:1334.86ms
step:3219/3250 train_loss:3.32704 train_time:4296.812s step_avg:1334.83ms
step:3220/3250 train_loss:3.34554 train_time:4298.865s step_avg:1335.05ms
step:3221/3250 train_loss:3.28891 train_time:4300.091s step_avg:1335.02ms
step:3222/3250 train_loss:3.29525 train_time:4301.331s step_avg:1334.99ms
step:3223/3250 train_loss:3.26960 train_time:4302.567s step_avg:1334.96ms
step:3224/3250 train_loss:3.25633 train_time:4303.824s step_avg:1334.93ms
step:3225/3250 train_loss:3.25612 train_time:4305.908s step_avg:1335.17ms
step:3226/3250 train_loss:3.27846 train_time:4307.149s step_avg:1335.14ms
step:3227/3250 train_loss:3.28401 train_time:4308.400s step_avg:1335.11ms
step:3228/3250 train_loss:3.28453 train_time:4309.638s step_avg:1335.08ms
step:3229/3250 train_loss:3.20338 train_time:4310.875s step_avg:1335.05ms
step:3230/3250 train_loss:3.29956 train_time:4312.975s step_avg:1335.29ms
step:3231/3250 train_loss:3.34459 train_time:4314.253s step_avg:1335.27ms
step:3232/3250 train_loss:3.26225 train_time:4315.501s step_avg:1335.24ms
step:3233/3250 train_loss:3.36335 train_time:4316.732s step_avg:1335.21ms
step:3234/3250 train_loss:3.21499 train_time:4317.976s step_avg:1335.18ms
step:3235/3250 train_loss:3.30508 train_time:4320.048s step_avg:1335.41ms
step:3236/3250 train_loss:3.33138 train_time:4321.286s step_avg:1335.38ms
step:3237/3250 train_loss:3.30266 train_time:4322.518s step_avg:1335.35ms
step:3238/3250 train_loss:3.27881 train_time:4323.757s step_avg:1335.32ms
step:3239/3250 train_loss:3.22978 train_time:4324.995s step_avg:1335.29ms
step:3240/3250 train_loss:3.30063 train_time:4327.070s step_avg:1335.52ms
step:3241/3250 train_loss:3.36961 train_time:4328.308s step_avg:1335.49ms
step:3242/3250 train_loss:3.33165 train_time:4329.549s step_avg:1335.46ms
step:3243/3250 train_loss:3.33778 train_time:4330.789s step_avg:1335.43ms
step:3244/3250 train_loss:3.33769 train_time:4332.030s step_avg:1335.40ms
step:3245/3250 train_loss:3.30078 train_time:4334.112s step_avg:1335.63ms
step:3246/3250 train_loss:3.31221 train_time:4335.346s step_avg:1335.60ms
step:3247/3250 train_loss:3.21175 train_time:4336.574s step_avg:1335.56ms
step:3248/3250 train_loss:3.21513 train_time:4337.818s step_avg:1335.53ms
step:3249/3250 train_loss:3.29458 train_time:4339.067s step_avg:1335.51ms
step:3250/3250 train_loss:3.30126 train_time:4341.146s step_avg:1335.74ms
step:3250/3250 val_loss:3.27772 train_time:4341.146s step_avg:1406.35ms
