logfile: ../../../../records/track_3_optimization/results/muonl_draft/runs/random5_h100_mainpdf_loss_only_20260727T145437Z/alllayer_muonl/seed161317530/raw/seed161317530_alllayer_muonl_lr0p035_mainpdf_h100_loss_only.txt
scheme:alllayer_muonl opt_mode:alllayer rho:1.0 ns_steps:12 momentum:0.95 nesterov:True scale_ema_beta:0.9 interval:5
matrix_lr:0.035 matrix_weight_decay:0.025 weight_decay_mode:decoupled zero_init_trust_floor_scale:1.0
schedule_cooldown_frac:0.7 previous_muonl_experiment_cooldown_frac:0.7
seed:161317530 train_steps:3300 schedule_steps:3300 diag_freq:250
batch_tokens:524288 train_microbatches:8 train_microbatch_sequences:64 val_tokens:10485760
save_log:True save_diag:False save_orscale_state:False orscale_state_freq:250
step:S val_loss is after S optimizer updates
step:0/3300 val_loss:10.82583 train_time:0.000s step_avg:nanms
step:1/3300 train_loss:10.82584 train_time:3.693s step_avg:3692.67ms
step:2/3300 train_loss:10.42609 train_time:4.816s step_avg:2408.23ms
step:3/3300 train_loss:9.06437 train_time:6.022s step_avg:2007.19ms
step:4/3300 train_loss:7.92519 train_time:7.231s step_avg:1807.63ms
step:5/3300 train_loss:7.28942 train_time:8.437s step_avg:1687.47ms
step:6/3300 train_loss:6.93135 train_time:9.657s step_avg:1609.50ms
step:7/3300 train_loss:6.90468 train_time:10.859s step_avg:1551.31ms
step:8/3300 train_loss:6.75755 train_time:12.062s step_avg:1507.73ms
step:9/3300 train_loss:6.80636 train_time:13.282s step_avg:1475.82ms
step:10/3300 train_loss:6.55695 train_time:14.499s step_avg:1449.94ms
step:11/3300 train_loss:6.53602 train_time:15.756s step_avg:1432.34ms
step:12/3300 train_loss:6.47514 train_time:16.970s step_avg:1414.14ms
step:13/3300 train_loss:6.43730 train_time:18.191s step_avg:1399.28ms
step:14/3300 train_loss:6.33641 train_time:19.402s step_avg:1385.84ms
step:15/3300 train_loss:6.34660 train_time:20.617s step_avg:1374.44ms
step:16/3300 train_loss:6.25860 train_time:21.828s step_avg:1364.23ms
step:17/3300 train_loss:6.26528 train_time:23.045s step_avg:1355.59ms
step:18/3300 train_loss:6.28874 train_time:24.271s step_avg:1348.41ms
step:19/3300 train_loss:6.28185 train_time:25.492s step_avg:1341.71ms
step:20/3300 train_loss:6.11574 train_time:26.703s step_avg:1335.17ms
step:21/3300 train_loss:6.15648 train_time:27.934s step_avg:1330.20ms
step:22/3300 train_loss:6.21830 train_time:29.141s step_avg:1324.59ms
step:23/3300 train_loss:6.05184 train_time:30.359s step_avg:1319.95ms
step:24/3300 train_loss:6.08313 train_time:31.576s step_avg:1315.68ms
step:25/3300 train_loss:5.99604 train_time:32.792s step_avg:1311.69ms
step:26/3300 train_loss:6.03163 train_time:34.009s step_avg:1308.02ms
step:27/3300 train_loss:6.00843 train_time:35.221s step_avg:1304.47ms
step:28/3300 train_loss:5.90682 train_time:36.426s step_avg:1300.91ms
step:29/3300 train_loss:5.96382 train_time:37.645s step_avg:1298.09ms
step:30/3300 train_loss:5.86635 train_time:38.858s step_avg:1295.27ms
step:31/3300 train_loss:5.90960 train_time:40.068s step_avg:1292.50ms
step:32/3300 train_loss:5.80598 train_time:41.282s step_avg:1290.05ms
step:33/3300 train_loss:5.83754 train_time:42.499s step_avg:1287.86ms
step:34/3300 train_loss:5.79828 train_time:43.716s step_avg:1285.76ms
step:35/3300 train_loss:5.85200 train_time:44.924s step_avg:1283.55ms
step:36/3300 train_loss:5.80043 train_time:46.148s step_avg:1281.89ms
step:37/3300 train_loss:5.78586 train_time:47.375s step_avg:1280.42ms
step:38/3300 train_loss:5.72054 train_time:48.586s step_avg:1278.57ms
step:39/3300 train_loss:5.72336 train_time:49.798s step_avg:1276.88ms
step:40/3300 train_loss:5.66320 train_time:51.001s step_avg:1275.02ms
step:41/3300 train_loss:5.70216 train_time:52.224s step_avg:1273.76ms
step:42/3300 train_loss:5.60214 train_time:53.439s step_avg:1272.35ms
step:43/3300 train_loss:5.67640 train_time:54.649s step_avg:1270.90ms
step:44/3300 train_loss:5.56707 train_time:55.863s step_avg:1269.61ms
step:45/3300 train_loss:5.54151 train_time:57.072s step_avg:1268.27ms
step:46/3300 train_loss:5.55817 train_time:58.291s step_avg:1267.20ms
step:47/3300 train_loss:5.54312 train_time:59.503s step_avg:1266.01ms
step:48/3300 train_loss:5.53195 train_time:60.716s step_avg:1264.93ms
step:49/3300 train_loss:5.47052 train_time:61.925s step_avg:1263.77ms
step:50/3300 train_loss:5.48404 train_time:63.144s step_avg:1262.87ms
step:51/3300 train_loss:5.43729 train_time:64.366s step_avg:1262.07ms
step:52/3300 train_loss:5.47834 train_time:65.582s step_avg:1261.20ms
step:53/3300 train_loss:5.43389 train_time:66.788s step_avg:1260.16ms
step:54/3300 train_loss:5.42803 train_time:68.006s step_avg:1259.36ms
step:55/3300 train_loss:5.38976 train_time:69.218s step_avg:1258.51ms
step:56/3300 train_loss:5.36268 train_time:70.431s step_avg:1257.69ms
step:57/3300 train_loss:5.33143 train_time:71.644s step_avg:1256.91ms
step:58/3300 train_loss:5.34290 train_time:72.865s step_avg:1256.29ms
step:59/3300 train_loss:5.29058 train_time:74.076s step_avg:1255.52ms
step:60/3300 train_loss:5.29257 train_time:75.282s step_avg:1254.70ms
step:61/3300 train_loss:5.27392 train_time:76.490s step_avg:1253.94ms
step:62/3300 train_loss:5.27838 train_time:77.702s step_avg:1253.26ms
step:63/3300 train_loss:5.23319 train_time:78.904s step_avg:1252.44ms
step:64/3300 train_loss:5.20837 train_time:80.107s step_avg:1251.66ms
step:65/3300 train_loss:5.17446 train_time:81.318s step_avg:1251.05ms
step:66/3300 train_loss:5.23625 train_time:82.528s step_avg:1250.43ms
step:67/3300 train_loss:5.19909 train_time:83.735s step_avg:1249.77ms
step:68/3300 train_loss:5.29564 train_time:84.962s step_avg:1249.44ms
step:69/3300 train_loss:5.16843 train_time:86.165s step_avg:1248.77ms
step:70/3300 train_loss:5.16742 train_time:87.399s step_avg:1248.56ms
step:71/3300 train_loss:5.13479 train_time:88.611s step_avg:1248.04ms
step:72/3300 train_loss:5.14926 train_time:89.823s step_avg:1247.54ms
step:73/3300 train_loss:5.13563 train_time:91.026s step_avg:1246.93ms
step:74/3300 train_loss:5.14543 train_time:92.240s step_avg:1246.48ms
step:75/3300 train_loss:5.09867 train_time:93.454s step_avg:1246.06ms
step:76/3300 train_loss:5.06680 train_time:94.677s step_avg:1245.75ms
step:77/3300 train_loss:5.13414 train_time:95.887s step_avg:1245.29ms
step:78/3300 train_loss:5.12601 train_time:97.105s step_avg:1244.94ms
step:79/3300 train_loss:4.95363 train_time:98.321s step_avg:1244.57ms
step:80/3300 train_loss:5.03813 train_time:99.525s step_avg:1244.06ms
step:81/3300 train_loss:4.98864 train_time:100.742s step_avg:1243.73ms
step:82/3300 train_loss:5.17576 train_time:101.967s step_avg:1243.50ms
step:83/3300 train_loss:5.04476 train_time:103.179s step_avg:1243.13ms
step:84/3300 train_loss:5.03127 train_time:104.411s step_avg:1242.99ms
step:85/3300 train_loss:4.98672 train_time:105.635s step_avg:1242.77ms
step:86/3300 train_loss:5.02030 train_time:106.851s step_avg:1242.46ms
step:87/3300 train_loss:4.99326 train_time:108.077s step_avg:1242.26ms
step:88/3300 train_loss:4.98318 train_time:109.294s step_avg:1241.97ms
step:89/3300 train_loss:4.98285 train_time:110.505s step_avg:1241.63ms
step:90/3300 train_loss:4.93006 train_time:111.714s step_avg:1241.26ms
step:91/3300 train_loss:4.95517 train_time:112.937s step_avg:1241.07ms
step:92/3300 train_loss:4.94723 train_time:114.149s step_avg:1240.75ms
step:93/3300 train_loss:4.92325 train_time:115.362s step_avg:1240.45ms
step:94/3300 train_loss:4.94664 train_time:116.572s step_avg:1240.12ms
step:95/3300 train_loss:4.91897 train_time:117.788s step_avg:1239.87ms
step:96/3300 train_loss:4.85275 train_time:119.006s step_avg:1239.65ms
step:97/3300 train_loss:4.96076 train_time:120.211s step_avg:1239.29ms
step:98/3300 train_loss:4.89902 train_time:121.422s step_avg:1239.00ms
step:99/3300 train_loss:4.87828 train_time:122.630s step_avg:1238.69ms
step:100/3300 train_loss:4.84133 train_time:123.845s step_avg:1238.45ms
step:101/3300 train_loss:4.80446 train_time:125.054s step_avg:1238.16ms
step:102/3300 train_loss:4.81367 train_time:126.282s step_avg:1238.06ms
step:103/3300 train_loss:4.84848 train_time:127.491s step_avg:1237.78ms
step:104/3300 train_loss:4.91363 train_time:128.705s step_avg:1237.55ms
step:105/3300 train_loss:4.83916 train_time:129.913s step_avg:1237.26ms
step:106/3300 train_loss:4.86841 train_time:131.130s step_avg:1237.07ms
step:107/3300 train_loss:4.83568 train_time:132.339s step_avg:1236.81ms
step:108/3300 train_loss:4.77012 train_time:133.556s step_avg:1236.63ms
step:109/3300 train_loss:4.84793 train_time:134.783s step_avg:1236.54ms
step:110/3300 train_loss:4.88198 train_time:135.993s step_avg:1236.30ms
step:111/3300 train_loss:4.77610 train_time:137.214s step_avg:1236.16ms
step:112/3300 train_loss:4.82109 train_time:138.426s step_avg:1235.95ms
step:113/3300 train_loss:4.83866 train_time:139.631s step_avg:1235.67ms
step:114/3300 train_loss:4.76964 train_time:140.841s step_avg:1235.45ms
step:115/3300 train_loss:4.79943 train_time:142.050s step_avg:1235.22ms
step:116/3300 train_loss:4.77833 train_time:143.268s step_avg:1235.07ms
step:117/3300 train_loss:4.73106 train_time:144.482s step_avg:1234.89ms
step:118/3300 train_loss:4.73510 train_time:145.687s step_avg:1234.63ms
step:119/3300 train_loss:4.72131 train_time:146.890s step_avg:1234.37ms
step:120/3300 train_loss:4.69783 train_time:148.102s step_avg:1234.18ms
step:121/3300 train_loss:4.69945 train_time:149.313s step_avg:1233.99ms
step:122/3300 train_loss:4.64373 train_time:150.518s step_avg:1233.76ms
step:123/3300 train_loss:4.69812 train_time:151.728s step_avg:1233.56ms
step:124/3300 train_loss:4.65925 train_time:152.935s step_avg:1233.35ms
step:125/3300 train_loss:4.67534 train_time:154.148s step_avg:1233.18ms
step:125/3300 val_loss:4.67384 train_time:154.148s step_avg:1233.18ms
step:126/3300 train_loss:4.65782 train_time:155.364s step_avg:1233.05ms
step:127/3300 train_loss:4.73482 train_time:156.576s step_avg:1232.88ms
step:128/3300 train_loss:4.65137 train_time:157.780s step_avg:1232.66ms
step:129/3300 train_loss:4.72799 train_time:158.992s step_avg:1232.50ms
step:130/3300 train_loss:4.59776 train_time:160.199s step_avg:1232.30ms
step:131/3300 train_loss:4.65448 train_time:161.417s step_avg:1232.19ms
step:132/3300 train_loss:4.63346 train_time:162.621s step_avg:1231.97ms
step:133/3300 train_loss:4.59361 train_time:163.833s step_avg:1231.82ms
step:134/3300 train_loss:4.60270 train_time:165.052s step_avg:1231.73ms
step:135/3300 train_loss:4.63906 train_time:166.267s step_avg:1231.61ms
step:136/3300 train_loss:4.56542 train_time:167.484s step_avg:1231.50ms
step:137/3300 train_loss:4.60337 train_time:168.696s step_avg:1231.36ms
step:138/3300 train_loss:4.60448 train_time:169.915s step_avg:1231.27ms
step:139/3300 train_loss:4.57196 train_time:171.128s step_avg:1231.14ms
step:140/3300 train_loss:4.61301 train_time:172.336s step_avg:1230.97ms
step:141/3300 train_loss:4.53183 train_time:173.547s step_avg:1230.83ms
step:142/3300 train_loss:4.64048 train_time:174.759s step_avg:1230.70ms
step:143/3300 train_loss:4.55777 train_time:175.974s step_avg:1230.59ms
step:144/3300 train_loss:4.56194 train_time:177.195s step_avg:1230.52ms
step:145/3300 train_loss:4.53228 train_time:178.403s step_avg:1230.37ms
step:146/3300 train_loss:4.46529 train_time:179.629s step_avg:1230.33ms
step:147/3300 train_loss:4.51094 train_time:180.851s step_avg:1230.28ms
step:148/3300 train_loss:4.53374 train_time:182.061s step_avg:1230.14ms
step:149/3300 train_loss:4.55305 train_time:183.272s step_avg:1230.01ms
step:150/3300 train_loss:4.52606 train_time:184.483s step_avg:1229.89ms
step:151/3300 train_loss:4.50016 train_time:185.709s step_avg:1229.86ms
step:152/3300 train_loss:4.41048 train_time:186.947s step_avg:1229.91ms
step:153/3300 train_loss:4.45131 train_time:188.161s step_avg:1229.81ms
step:154/3300 train_loss:4.46654 train_time:189.383s step_avg:1229.76ms
step:155/3300 train_loss:4.51225 train_time:190.602s step_avg:1229.69ms
step:156/3300 train_loss:4.50087 train_time:191.820s step_avg:1229.61ms
step:157/3300 train_loss:4.50119 train_time:193.023s step_avg:1229.45ms
step:158/3300 train_loss:4.41468 train_time:194.258s step_avg:1229.48ms
step:159/3300 train_loss:4.45312 train_time:195.477s step_avg:1229.41ms
step:160/3300 train_loss:4.44153 train_time:196.691s step_avg:1229.32ms
step:161/3300 train_loss:4.45944 train_time:197.907s step_avg:1229.24ms
step:162/3300 train_loss:4.44482 train_time:199.114s step_avg:1229.10ms
step:163/3300 train_loss:4.40870 train_time:200.331s step_avg:1229.02ms
step:164/3300 train_loss:4.44162 train_time:201.540s step_avg:1228.90ms
step:165/3300 train_loss:4.38672 train_time:202.769s step_avg:1228.91ms
step:166/3300 train_loss:4.43831 train_time:203.987s step_avg:1228.84ms
step:167/3300 train_loss:4.35348 train_time:205.198s step_avg:1228.73ms
step:168/3300 train_loss:4.38291 train_time:206.419s step_avg:1228.69ms
step:169/3300 train_loss:4.36454 train_time:207.629s step_avg:1228.57ms
step:170/3300 train_loss:4.33160 train_time:208.841s step_avg:1228.47ms
step:171/3300 train_loss:4.33370 train_time:210.048s step_avg:1228.35ms
step:172/3300 train_loss:4.41861 train_time:211.256s step_avg:1228.23ms
step:173/3300 train_loss:4.34666 train_time:212.465s step_avg:1228.12ms
step:174/3300 train_loss:4.40034 train_time:213.663s step_avg:1227.95ms
step:175/3300 train_loss:4.37772 train_time:214.869s step_avg:1227.82ms
step:176/3300 train_loss:4.34269 train_time:216.089s step_avg:1227.78ms
step:177/3300 train_loss:4.33532 train_time:217.324s step_avg:1227.82ms
step:178/3300 train_loss:4.35084 train_time:218.526s step_avg:1227.68ms
step:179/3300 train_loss:4.36008 train_time:219.734s step_avg:1227.57ms
step:180/3300 train_loss:4.33008 train_time:220.953s step_avg:1227.52ms
step:181/3300 train_loss:4.30458 train_time:222.171s step_avg:1227.46ms
step:182/3300 train_loss:4.33010 train_time:223.383s step_avg:1227.38ms
step:183/3300 train_loss:4.26696 train_time:224.596s step_avg:1227.30ms
step:184/3300 train_loss:4.34230 train_time:225.816s step_avg:1227.26ms
step:185/3300 train_loss:4.29414 train_time:227.026s step_avg:1227.17ms
step:186/3300 train_loss:4.28584 train_time:228.275s step_avg:1227.29ms
step:187/3300 train_loss:4.35106 train_time:229.489s step_avg:1227.21ms
step:188/3300 train_loss:4.32011 train_time:230.717s step_avg:1227.22ms
step:189/3300 train_loss:4.23526 train_time:231.925s step_avg:1227.12ms
step:190/3300 train_loss:4.27739 train_time:233.128s step_avg:1226.99ms
step:191/3300 train_loss:4.20168 train_time:234.450s step_avg:1227.49ms
step:192/3300 train_loss:4.32924 train_time:235.681s step_avg:1227.50ms
step:193/3300 train_loss:4.27802 train_time:236.895s step_avg:1227.44ms
step:194/3300 train_loss:4.33241 train_time:238.105s step_avg:1227.34ms
step:195/3300 train_loss:4.29997 train_time:239.314s step_avg:1227.25ms
step:196/3300 train_loss:4.32964 train_time:240.530s step_avg:1227.20ms
step:197/3300 train_loss:4.24816 train_time:241.741s step_avg:1227.11ms
step:198/3300 train_loss:4.29362 train_time:242.947s step_avg:1227.01ms
step:199/3300 train_loss:4.23999 train_time:244.157s step_avg:1226.92ms
step:200/3300 train_loss:4.42854 train_time:245.367s step_avg:1226.84ms
step:201/3300 train_loss:4.27310 train_time:246.591s step_avg:1226.82ms
step:202/3300 train_loss:4.26254 train_time:247.811s step_avg:1226.79ms
step:203/3300 train_loss:4.31180 train_time:249.021s step_avg:1226.70ms
step:204/3300 train_loss:4.28333 train_time:250.228s step_avg:1226.61ms
step:205/3300 train_loss:4.24246 train_time:251.440s step_avg:1226.54ms
step:206/3300 train_loss:4.19861 train_time:252.651s step_avg:1226.46ms
step:207/3300 train_loss:4.28030 train_time:253.862s step_avg:1226.39ms
step:208/3300 train_loss:4.24532 train_time:255.071s step_avg:1226.31ms
step:209/3300 train_loss:4.16871 train_time:256.299s step_avg:1226.31ms
step:210/3300 train_loss:4.26157 train_time:257.508s step_avg:1226.23ms
step:211/3300 train_loss:4.21808 train_time:258.711s step_avg:1226.12ms
step:212/3300 train_loss:4.22377 train_time:259.927s step_avg:1226.07ms
step:213/3300 train_loss:4.21288 train_time:261.138s step_avg:1226.00ms
step:214/3300 train_loss:4.22332 train_time:262.350s step_avg:1225.93ms
step:215/3300 train_loss:4.21280 train_time:263.567s step_avg:1225.89ms
step:216/3300 train_loss:4.17853 train_time:264.785s step_avg:1225.85ms
step:217/3300 train_loss:4.24672 train_time:265.990s step_avg:1225.76ms
step:218/3300 train_loss:4.18217 train_time:267.199s step_avg:1225.69ms
step:219/3300 train_loss:4.20663 train_time:268.408s step_avg:1225.61ms
step:220/3300 train_loss:4.17996 train_time:269.610s step_avg:1225.50ms
step:221/3300 train_loss:4.16420 train_time:270.817s step_avg:1225.42ms
step:222/3300 train_loss:4.16310 train_time:272.024s step_avg:1225.33ms
step:223/3300 train_loss:4.25177 train_time:273.227s step_avg:1225.23ms
step:224/3300 train_loss:4.22190 train_time:274.432s step_avg:1225.14ms
step:225/3300 train_loss:4.13762 train_time:275.641s step_avg:1225.07ms
step:226/3300 train_loss:4.15617 train_time:276.857s step_avg:1225.03ms
step:227/3300 train_loss:4.15252 train_time:278.069s step_avg:1224.98ms
step:228/3300 train_loss:4.21257 train_time:279.290s step_avg:1224.96ms
step:229/3300 train_loss:4.20256 train_time:280.511s step_avg:1224.94ms
step:230/3300 train_loss:4.13225 train_time:281.724s step_avg:1224.89ms
step:231/3300 train_loss:4.15856 train_time:282.934s step_avg:1224.82ms
step:232/3300 train_loss:4.13563 train_time:284.142s step_avg:1224.75ms
step:233/3300 train_loss:4.18368 train_time:285.381s step_avg:1224.81ms
step:234/3300 train_loss:4.18266 train_time:286.607s step_avg:1224.81ms
step:235/3300 train_loss:4.20446 train_time:287.829s step_avg:1224.81ms
step:236/3300 train_loss:4.20059 train_time:289.054s step_avg:1224.81ms
step:237/3300 train_loss:4.23132 train_time:290.268s step_avg:1224.76ms
step:238/3300 train_loss:4.18733 train_time:291.470s step_avg:1224.66ms
step:239/3300 train_loss:4.12236 train_time:292.672s step_avg:1224.57ms
step:240/3300 train_loss:4.14566 train_time:293.883s step_avg:1224.51ms
step:241/3300 train_loss:4.27673 train_time:295.111s step_avg:1224.53ms
step:242/3300 train_loss:4.22736 train_time:296.320s step_avg:1224.46ms
step:243/3300 train_loss:4.11584 train_time:297.536s step_avg:1224.43ms
step:244/3300 train_loss:4.19031 train_time:298.747s step_avg:1224.37ms
step:245/3300 train_loss:4.10501 train_time:299.959s step_avg:1224.32ms
step:246/3300 train_loss:4.13596 train_time:301.178s step_avg:1224.30ms
step:247/3300 train_loss:4.07343 train_time:302.390s step_avg:1224.25ms
step:248/3300 train_loss:4.13018 train_time:303.599s step_avg:1224.19ms
step:249/3300 train_loss:4.12763 train_time:304.812s step_avg:1224.15ms
step:250/3300 train_loss:4.07575 train_time:306.017s step_avg:1224.07ms
step:250/3300 val_loss:4.11787 train_time:306.017s step_avg:1214.95ms
step:251/3300 train_loss:4.15857 train_time:307.235s step_avg:1224.04ms
step:252/3300 train_loss:4.17044 train_time:308.446s step_avg:1223.99ms
step:253/3300 train_loss:4.12079 train_time:309.658s step_avg:1223.94ms
step:254/3300 train_loss:4.07906 train_time:310.857s step_avg:1223.85ms
step:255/3300 train_loss:4.15642 train_time:312.069s step_avg:1223.80ms
step:256/3300 train_loss:4.10116 train_time:313.292s step_avg:1223.80ms
step:257/3300 train_loss:4.11076 train_time:314.499s step_avg:1223.73ms
step:258/3300 train_loss:4.19336 train_time:315.698s step_avg:1223.63ms
step:259/3300 train_loss:4.08480 train_time:316.900s step_avg:1223.55ms
step:260/3300 train_loss:4.07789 train_time:318.105s step_avg:1223.48ms
step:261/3300 train_loss:4.07275 train_time:319.319s step_avg:1223.45ms
step:262/3300 train_loss:4.14516 train_time:320.523s step_avg:1223.37ms
step:263/3300 train_loss:4.10322 train_time:321.732s step_avg:1223.32ms
step:264/3300 train_loss:4.16164 train_time:322.938s step_avg:1223.25ms
step:265/3300 train_loss:4.02005 train_time:324.142s step_avg:1223.18ms
step:266/3300 train_loss:4.12440 train_time:325.353s step_avg:1223.13ms
step:267/3300 train_loss:4.06814 train_time:326.562s step_avg:1223.08ms
step:268/3300 train_loss:4.04579 train_time:327.778s step_avg:1223.05ms
step:269/3300 train_loss:4.08869 train_time:328.984s step_avg:1222.99ms
step:270/3300 train_loss:4.09049 train_time:330.214s step_avg:1223.01ms
step:271/3300 train_loss:4.13598 train_time:331.430s step_avg:1222.99ms
step:272/3300 train_loss:4.06631 train_time:332.648s step_avg:1222.97ms
step:273/3300 train_loss:4.10397 train_time:333.861s step_avg:1222.93ms
step:274/3300 train_loss:4.02590 train_time:335.067s step_avg:1222.87ms
step:275/3300 train_loss:4.09213 train_time:336.279s step_avg:1222.83ms
step:276/3300 train_loss:4.14116 train_time:337.493s step_avg:1222.80ms
step:277/3300 train_loss:4.04066 train_time:338.733s step_avg:1222.86ms
step:278/3300 train_loss:4.08898 train_time:339.957s step_avg:1222.87ms
step:279/3300 train_loss:4.01730 train_time:341.167s step_avg:1222.82ms
step:280/3300 train_loss:4.13678 train_time:342.377s step_avg:1222.78ms
step:281/3300 train_loss:4.10335 train_time:343.597s step_avg:1222.77ms
step:282/3300 train_loss:4.06209 train_time:344.805s step_avg:1222.71ms
step:283/3300 train_loss:4.07683 train_time:346.016s step_avg:1222.67ms
step:284/3300 train_loss:4.01944 train_time:347.223s step_avg:1222.61ms
step:285/3300 train_loss:4.10607 train_time:348.439s step_avg:1222.59ms
step:286/3300 train_loss:4.07985 train_time:349.661s step_avg:1222.59ms
step:287/3300 train_loss:4.04333 train_time:350.865s step_avg:1222.53ms
step:288/3300 train_loss:4.06693 train_time:352.086s step_avg:1222.52ms
step:289/3300 train_loss:4.06110 train_time:353.300s step_avg:1222.49ms
step:290/3300 train_loss:4.02523 train_time:354.499s step_avg:1222.41ms
step:291/3300 train_loss:4.03627 train_time:355.709s step_avg:1222.37ms
step:292/3300 train_loss:4.08354 train_time:356.920s step_avg:1222.33ms
step:293/3300 train_loss:4.01647 train_time:358.130s step_avg:1222.29ms
step:294/3300 train_loss:4.19424 train_time:359.341s step_avg:1222.25ms
step:295/3300 train_loss:4.03080 train_time:360.546s step_avg:1222.19ms
step:296/3300 train_loss:4.03284 train_time:361.781s step_avg:1222.23ms
step:297/3300 train_loss:4.04653 train_time:362.992s step_avg:1222.20ms
step:298/3300 train_loss:4.04769 train_time:364.203s step_avg:1222.16ms
step:299/3300 train_loss:4.01513 train_time:365.406s step_avg:1222.09ms
step:300/3300 train_loss:4.02323 train_time:366.620s step_avg:1222.07ms
step:301/3300 train_loss:4.07709 train_time:367.833s step_avg:1222.04ms
step:302/3300 train_loss:4.00157 train_time:369.043s step_avg:1222.00ms
step:303/3300 train_loss:4.04706 train_time:370.251s step_avg:1221.95ms
step:304/3300 train_loss:4.03271 train_time:371.461s step_avg:1221.91ms
step:305/3300 train_loss:4.05373 train_time:372.669s step_avg:1221.86ms
step:306/3300 train_loss:4.00496 train_time:373.885s step_avg:1221.85ms
step:307/3300 train_loss:4.04269 train_time:375.095s step_avg:1221.81ms
step:308/3300 train_loss:4.02656 train_time:376.304s step_avg:1221.77ms
step:309/3300 train_loss:4.03669 train_time:377.509s step_avg:1221.71ms
step:310/3300 train_loss:4.09569 train_time:378.720s step_avg:1221.68ms
step:311/3300 train_loss:4.06959 train_time:379.936s step_avg:1221.66ms
step:312/3300 train_loss:3.99688 train_time:381.145s step_avg:1221.62ms
step:313/3300 train_loss:4.05061 train_time:382.347s step_avg:1221.55ms
step:314/3300 train_loss:4.00365 train_time:383.558s step_avg:1221.52ms
step:315/3300 train_loss:3.97717 train_time:384.766s step_avg:1221.48ms
step:316/3300 train_loss:3.98673 train_time:385.975s step_avg:1221.44ms
step:317/3300 train_loss:3.98507 train_time:387.194s step_avg:1221.43ms
step:318/3300 train_loss:3.97621 train_time:388.407s step_avg:1221.41ms
step:319/3300 train_loss:4.03539 train_time:389.612s step_avg:1221.35ms
step:320/3300 train_loss:4.01452 train_time:390.821s step_avg:1221.31ms
step:321/3300 train_loss:4.03746 train_time:392.034s step_avg:1221.29ms
step:322/3300 train_loss:3.99993 train_time:393.246s step_avg:1221.26ms
step:323/3300 train_loss:4.03774 train_time:394.446s step_avg:1221.19ms
step:324/3300 train_loss:3.97824 train_time:395.648s step_avg:1221.14ms
step:325/3300 train_loss:4.07075 train_time:396.859s step_avg:1221.10ms
step:326/3300 train_loss:3.99840 train_time:398.075s step_avg:1221.09ms
step:327/3300 train_loss:4.12899 train_time:399.285s step_avg:1221.05ms
step:328/3300 train_loss:4.05206 train_time:400.516s step_avg:1221.09ms
step:329/3300 train_loss:4.02616 train_time:401.729s step_avg:1221.06ms
step:330/3300 train_loss:3.95014 train_time:402.933s step_avg:1221.01ms
step:331/3300 train_loss:4.05104 train_time:404.150s step_avg:1221.00ms
step:332/3300 train_loss:3.96392 train_time:405.360s step_avg:1220.96ms
step:333/3300 train_loss:3.93315 train_time:406.581s step_avg:1220.96ms
step:334/3300 train_loss:3.97382 train_time:407.788s step_avg:1220.92ms
step:335/3300 train_loss:4.05839 train_time:409.001s step_avg:1220.90ms
step:336/3300 train_loss:4.01612 train_time:410.217s step_avg:1220.88ms
step:337/3300 train_loss:4.29278 train_time:411.423s step_avg:1220.84ms
step:338/3300 train_loss:3.98364 train_time:412.629s step_avg:1220.80ms
step:339/3300 train_loss:3.95919 train_time:413.832s step_avg:1220.74ms
step:340/3300 train_loss:3.96024 train_time:415.040s step_avg:1220.71ms
step:341/3300 train_loss:3.99082 train_time:416.253s step_avg:1220.68ms
step:342/3300 train_loss:3.97485 train_time:417.464s step_avg:1220.66ms
step:343/3300 train_loss:4.04647 train_time:418.680s step_avg:1220.64ms
step:344/3300 train_loss:3.97777 train_time:419.892s step_avg:1220.62ms
step:345/3300 train_loss:3.94091 train_time:421.108s step_avg:1220.60ms
step:346/3300 train_loss:3.95391 train_time:422.317s step_avg:1220.57ms
step:347/3300 train_loss:3.95348 train_time:423.567s step_avg:1220.66ms
step:348/3300 train_loss:3.99043 train_time:424.769s step_avg:1220.60ms
step:349/3300 train_loss:3.92468 train_time:425.982s step_avg:1220.58ms
step:350/3300 train_loss:3.91399 train_time:427.190s step_avg:1220.54ms
step:351/3300 train_loss:3.90320 train_time:428.427s step_avg:1220.59ms
step:352/3300 train_loss:4.01898 train_time:429.655s step_avg:1220.61ms
step:353/3300 train_loss:3.91925 train_time:430.869s step_avg:1220.59ms
step:354/3300 train_loss:3.90889 train_time:432.083s step_avg:1220.57ms
step:355/3300 train_loss:3.99191 train_time:433.289s step_avg:1220.53ms
step:356/3300 train_loss:3.91052 train_time:434.495s step_avg:1220.49ms
step:357/3300 train_loss:3.99178 train_time:435.708s step_avg:1220.47ms
step:358/3300 train_loss:3.98210 train_time:436.917s step_avg:1220.44ms
step:359/3300 train_loss:3.89426 train_time:438.123s step_avg:1220.40ms
step:360/3300 train_loss:3.90262 train_time:439.333s step_avg:1220.37ms
step:361/3300 train_loss:4.01515 train_time:440.555s step_avg:1220.37ms
step:362/3300 train_loss:3.95690 train_time:441.764s step_avg:1220.34ms
step:363/3300 train_loss:3.93137 train_time:442.972s step_avg:1220.31ms
step:364/3300 train_loss:3.95010 train_time:444.184s step_avg:1220.29ms
step:365/3300 train_loss:3.99395 train_time:445.391s step_avg:1220.25ms
step:366/3300 train_loss:3.93571 train_time:446.612s step_avg:1220.25ms
step:367/3300 train_loss:3.97683 train_time:447.824s step_avg:1220.23ms
step:368/3300 train_loss:3.96189 train_time:449.033s step_avg:1220.20ms
step:369/3300 train_loss:3.95378 train_time:450.236s step_avg:1220.15ms
step:370/3300 train_loss:3.92801 train_time:451.447s step_avg:1220.13ms
step:371/3300 train_loss:3.95971 train_time:452.678s step_avg:1220.16ms
step:372/3300 train_loss:3.94609 train_time:453.889s step_avg:1220.13ms
step:373/3300 train_loss:3.96501 train_time:455.100s step_avg:1220.11ms
step:374/3300 train_loss:3.98816 train_time:456.310s step_avg:1220.08ms
step:375/3300 train_loss:3.96016 train_time:457.511s step_avg:1220.03ms
step:375/3300 val_loss:3.92991 train_time:457.511s step_avg:1211.95ms
step:376/3300 train_loss:4.04907 train_time:458.727s step_avg:1220.02ms
step:377/3300 train_loss:3.85168 train_time:459.935s step_avg:1219.99ms
step:378/3300 train_loss:3.95946 train_time:461.155s step_avg:1219.99ms
step:379/3300 train_loss:3.95107 train_time:462.358s step_avg:1219.94ms
step:380/3300 train_loss:3.91535 train_time:463.565s step_avg:1219.91ms
step:381/3300 train_loss:3.99172 train_time:464.815s step_avg:1219.99ms
step:382/3300 train_loss:3.91151 train_time:466.020s step_avg:1219.95ms
step:383/3300 train_loss:3.93361 train_time:467.233s step_avg:1219.93ms
step:384/3300 train_loss:3.92359 train_time:468.436s step_avg:1219.88ms
step:385/3300 train_loss:3.95259 train_time:469.642s step_avg:1219.85ms
step:386/3300 train_loss:3.94929 train_time:470.911s step_avg:1219.98ms
step:387/3300 train_loss:3.96661 train_time:472.133s step_avg:1219.98ms
step:388/3300 train_loss:3.94734 train_time:473.339s step_avg:1219.95ms
step:389/3300 train_loss:3.89783 train_time:474.547s step_avg:1219.91ms
step:390/3300 train_loss:3.95426 train_time:475.770s step_avg:1219.92ms
step:391/3300 train_loss:3.88258 train_time:476.984s step_avg:1219.91ms
step:392/3300 train_loss:3.92690 train_time:478.194s step_avg:1219.88ms
step:393/3300 train_loss:3.96316 train_time:479.412s step_avg:1219.88ms
step:394/3300 train_loss:3.95121 train_time:480.622s step_avg:1219.85ms
step:395/3300 train_loss:3.87722 train_time:481.856s step_avg:1219.89ms
step:396/3300 train_loss:3.79586 train_time:483.079s step_avg:1219.90ms
step:397/3300 train_loss:3.98806 train_time:484.304s step_avg:1219.91ms
step:398/3300 train_loss:3.92199 train_time:485.527s step_avg:1219.92ms
step:399/3300 train_loss:3.86935 train_time:486.739s step_avg:1219.90ms
step:400/3300 train_loss:3.95536 train_time:487.949s step_avg:1219.87ms
step:401/3300 train_loss:3.90133 train_time:489.168s step_avg:1219.87ms
step:402/3300 train_loss:3.91638 train_time:490.399s step_avg:1219.90ms
step:403/3300 train_loss:3.92780 train_time:491.655s step_avg:1219.99ms
step:404/3300 train_loss:3.90592 train_time:492.859s step_avg:1219.95ms
step:405/3300 train_loss:3.96130 train_time:494.078s step_avg:1219.94ms
step:406/3300 train_loss:3.93404 train_time:495.290s step_avg:1219.93ms
step:407/3300 train_loss:4.02839 train_time:496.498s step_avg:1219.90ms
step:408/3300 train_loss:3.94464 train_time:497.708s step_avg:1219.87ms
step:409/3300 train_loss:3.89771 train_time:498.918s step_avg:1219.85ms
step:410/3300 train_loss:3.90690 train_time:500.130s step_avg:1219.83ms
step:411/3300 train_loss:3.88592 train_time:501.344s step_avg:1219.82ms
step:412/3300 train_loss:3.97209 train_time:502.553s step_avg:1219.79ms
step:413/3300 train_loss:3.90064 train_time:503.760s step_avg:1219.76ms
step:414/3300 train_loss:3.93902 train_time:504.971s step_avg:1219.74ms
step:415/3300 train_loss:3.97029 train_time:506.178s step_avg:1219.70ms
step:416/3300 train_loss:3.89692 train_time:507.385s step_avg:1219.67ms
step:417/3300 train_loss:3.91531 train_time:508.596s step_avg:1219.66ms
step:418/3300 train_loss:3.90837 train_time:509.829s step_avg:1219.69ms
step:419/3300 train_loss:3.88431 train_time:511.057s step_avg:1219.71ms
step:420/3300 train_loss:3.87471 train_time:512.258s step_avg:1219.66ms
step:421/3300 train_loss:3.87935 train_time:513.465s step_avg:1219.63ms
step:422/3300 train_loss:3.86340 train_time:514.674s step_avg:1219.61ms
step:423/3300 train_loss:3.89877 train_time:515.887s step_avg:1219.59ms
step:424/3300 train_loss:3.91987 train_time:517.099s step_avg:1219.57ms
step:425/3300 train_loss:3.92802 train_time:518.302s step_avg:1219.53ms
step:426/3300 train_loss:3.85818 train_time:519.548s step_avg:1219.60ms
step:427/3300 train_loss:3.91257 train_time:520.759s step_avg:1219.58ms
step:428/3300 train_loss:3.85340 train_time:521.960s step_avg:1219.53ms
step:429/3300 train_loss:3.84009 train_time:523.174s step_avg:1219.52ms
step:430/3300 train_loss:3.86314 train_time:524.391s step_avg:1219.51ms
step:431/3300 train_loss:3.94252 train_time:525.619s step_avg:1219.53ms
step:432/3300 train_loss:3.88159 train_time:526.822s step_avg:1219.50ms
step:433/3300 train_loss:3.94126 train_time:528.032s step_avg:1219.47ms
step:434/3300 train_loss:3.88820 train_time:529.241s step_avg:1219.45ms
step:435/3300 train_loss:3.90696 train_time:530.463s step_avg:1219.45ms
step:436/3300 train_loss:3.94527 train_time:531.682s step_avg:1219.46ms
step:437/3300 train_loss:3.89676 train_time:532.895s step_avg:1219.44ms
step:438/3300 train_loss:3.90680 train_time:534.103s step_avg:1219.41ms
step:439/3300 train_loss:3.82878 train_time:535.312s step_avg:1219.39ms
step:440/3300 train_loss:3.88743 train_time:536.520s step_avg:1219.36ms
step:441/3300 train_loss:3.83153 train_time:537.726s step_avg:1219.33ms
step:442/3300 train_loss:3.87298 train_time:538.935s step_avg:1219.31ms
step:443/3300 train_loss:3.83371 train_time:540.143s step_avg:1219.28ms
step:444/3300 train_loss:3.93924 train_time:541.356s step_avg:1219.27ms
step:445/3300 train_loss:3.90536 train_time:542.562s step_avg:1219.24ms
step:446/3300 train_loss:3.88120 train_time:543.783s step_avg:1219.24ms
step:447/3300 train_loss:3.86916 train_time:544.993s step_avg:1219.22ms
step:448/3300 train_loss:3.92095 train_time:546.202s step_avg:1219.20ms
step:449/3300 train_loss:3.89049 train_time:547.412s step_avg:1219.18ms
step:450/3300 train_loss:3.88513 train_time:548.619s step_avg:1219.15ms
step:451/3300 train_loss:4.01145 train_time:549.848s step_avg:1219.18ms
step:452/3300 train_loss:3.91105 train_time:551.064s step_avg:1219.17ms
step:453/3300 train_loss:3.95785 train_time:552.273s step_avg:1219.14ms
step:454/3300 train_loss:3.79899 train_time:553.483s step_avg:1219.13ms
step:455/3300 train_loss:3.85481 train_time:554.695s step_avg:1219.11ms
step:456/3300 train_loss:3.85860 train_time:555.907s step_avg:1219.09ms
step:457/3300 train_loss:3.85328 train_time:557.117s step_avg:1219.07ms
step:458/3300 train_loss:3.89817 train_time:558.323s step_avg:1219.05ms
step:459/3300 train_loss:3.87525 train_time:559.533s step_avg:1219.03ms
step:460/3300 train_loss:3.92717 train_time:560.741s step_avg:1219.00ms
step:461/3300 train_loss:3.89886 train_time:561.955s step_avg:1218.99ms
step:462/3300 train_loss:3.78690 train_time:563.185s step_avg:1219.02ms
step:463/3300 train_loss:3.87626 train_time:564.395s step_avg:1219.00ms
step:464/3300 train_loss:3.89305 train_time:565.631s step_avg:1219.03ms
step:465/3300 train_loss:3.86681 train_time:566.840s step_avg:1219.01ms
step:466/3300 train_loss:3.88897 train_time:568.050s step_avg:1218.99ms
step:467/3300 train_loss:3.85138 train_time:569.262s step_avg:1218.98ms
step:468/3300 train_loss:3.89821 train_time:570.462s step_avg:1218.94ms
step:469/3300 train_loss:3.86259 train_time:571.664s step_avg:1218.90ms
step:470/3300 train_loss:3.79386 train_time:572.872s step_avg:1218.88ms
step:471/3300 train_loss:3.92173 train_time:574.085s step_avg:1218.86ms
step:472/3300 train_loss:3.83908 train_time:575.315s step_avg:1218.89ms
step:473/3300 train_loss:3.85981 train_time:576.523s step_avg:1218.87ms
step:474/3300 train_loss:3.86100 train_time:577.729s step_avg:1218.84ms
step:475/3300 train_loss:3.92617 train_time:578.948s step_avg:1218.84ms
step:476/3300 train_loss:3.87434 train_time:580.167s step_avg:1218.84ms
step:477/3300 train_loss:3.83089 train_time:581.374s step_avg:1218.81ms
step:478/3300 train_loss:3.88545 train_time:582.579s step_avg:1218.79ms
step:479/3300 train_loss:3.81555 train_time:583.783s step_avg:1218.75ms
step:480/3300 train_loss:3.94737 train_time:584.989s step_avg:1218.73ms
step:481/3300 train_loss:3.85181 train_time:586.204s step_avg:1218.72ms
step:482/3300 train_loss:3.77302 train_time:587.404s step_avg:1218.68ms
step:483/3300 train_loss:3.88779 train_time:588.606s step_avg:1218.65ms
step:484/3300 train_loss:3.86484 train_time:589.823s step_avg:1218.64ms
step:485/3300 train_loss:3.76888 train_time:591.036s step_avg:1218.63ms
step:486/3300 train_loss:3.86789 train_time:592.257s step_avg:1218.64ms
step:487/3300 train_loss:3.82864 train_time:593.464s step_avg:1218.61ms
step:488/3300 train_loss:3.83981 train_time:594.675s step_avg:1218.60ms
step:489/3300 train_loss:3.86205 train_time:595.889s step_avg:1218.59ms
step:490/3300 train_loss:3.80499 train_time:597.098s step_avg:1218.57ms
step:491/3300 train_loss:3.83929 train_time:598.310s step_avg:1218.55ms
step:492/3300 train_loss:3.88461 train_time:599.522s step_avg:1218.54ms
step:493/3300 train_loss:3.81679 train_time:600.727s step_avg:1218.51ms
step:494/3300 train_loss:3.82028 train_time:601.936s step_avg:1218.49ms
step:495/3300 train_loss:3.87550 train_time:603.157s step_avg:1218.50ms
step:496/3300 train_loss:3.79075 train_time:604.372s step_avg:1218.49ms
step:497/3300 train_loss:3.85670 train_time:605.579s step_avg:1218.47ms
step:498/3300 train_loss:3.82482 train_time:606.782s step_avg:1218.44ms
step:499/3300 train_loss:3.89471 train_time:607.985s step_avg:1218.41ms
step:500/3300 train_loss:3.83372 train_time:609.191s step_avg:1218.38ms
step:500/3300 val_loss:3.82723 train_time:609.191s step_avg:1213.44ms
step:501/3300 train_loss:3.89932 train_time:610.400s step_avg:1218.36ms
step:502/3300 train_loss:3.85671 train_time:611.608s step_avg:1218.34ms
step:503/3300 train_loss:3.79784 train_time:612.807s step_avg:1218.30ms
step:504/3300 train_loss:3.87837 train_time:614.020s step_avg:1218.29ms
step:505/3300 train_loss:3.83337 train_time:615.242s step_avg:1218.30ms
step:506/3300 train_loss:3.78437 train_time:616.453s step_avg:1218.29ms
step:507/3300 train_loss:3.91355 train_time:617.664s step_avg:1218.27ms
step:508/3300 train_loss:3.80499 train_time:618.868s step_avg:1218.24ms
step:509/3300 train_loss:3.83915 train_time:620.072s step_avg:1218.22ms
step:510/3300 train_loss:3.80040 train_time:621.283s step_avg:1218.20ms
step:511/3300 train_loss:3.78311 train_time:622.493s step_avg:1218.19ms
step:512/3300 train_loss:3.83564 train_time:623.705s step_avg:1218.17ms
step:513/3300 train_loss:3.83403 train_time:624.909s step_avg:1218.15ms
step:514/3300 train_loss:3.92293 train_time:626.113s step_avg:1218.12ms
step:515/3300 train_loss:3.79691 train_time:627.327s step_avg:1218.11ms
step:516/3300 train_loss:3.87915 train_time:628.546s step_avg:1218.11ms
step:517/3300 train_loss:3.84574 train_time:629.749s step_avg:1218.08ms
step:518/3300 train_loss:3.79764 train_time:630.954s step_avg:1218.06ms
step:519/3300 train_loss:3.88253 train_time:632.175s step_avg:1218.06ms
step:520/3300 train_loss:3.81068 train_time:633.387s step_avg:1218.05ms
step:521/3300 train_loss:3.79485 train_time:634.609s step_avg:1218.06ms
step:522/3300 train_loss:3.85047 train_time:635.822s step_avg:1218.05ms
step:523/3300 train_loss:3.82304 train_time:637.025s step_avg:1218.02ms
step:524/3300 train_loss:3.79413 train_time:638.234s step_avg:1218.00ms
step:525/3300 train_loss:3.77258 train_time:639.442s step_avg:1217.98ms
step:526/3300 train_loss:3.87779 train_time:640.655s step_avg:1217.98ms
step:527/3300 train_loss:3.81127 train_time:641.866s step_avg:1217.96ms
step:528/3300 train_loss:3.82098 train_time:643.071s step_avg:1217.94ms
step:529/3300 train_loss:3.85341 train_time:644.287s step_avg:1217.93ms
step:530/3300 train_loss:3.81984 train_time:645.489s step_avg:1217.90ms
step:531/3300 train_loss:3.77070 train_time:646.694s step_avg:1217.88ms
step:532/3300 train_loss:3.84871 train_time:647.905s step_avg:1217.87ms
step:533/3300 train_loss:3.80815 train_time:649.107s step_avg:1217.84ms
step:534/3300 train_loss:3.83088 train_time:650.308s step_avg:1217.81ms
step:535/3300 train_loss:3.92626 train_time:651.512s step_avg:1217.78ms
step:536/3300 train_loss:3.78968 train_time:652.722s step_avg:1217.76ms
step:537/3300 train_loss:3.76750 train_time:653.936s step_avg:1217.76ms
step:538/3300 train_loss:3.77558 train_time:655.141s step_avg:1217.73ms
step:539/3300 train_loss:3.97158 train_time:656.350s step_avg:1217.72ms
step:540/3300 train_loss:3.76848 train_time:657.550s step_avg:1217.69ms
step:541/3300 train_loss:3.86389 train_time:658.761s step_avg:1217.67ms
step:542/3300 train_loss:3.79550 train_time:659.968s step_avg:1217.65ms
step:543/3300 train_loss:3.79235 train_time:661.171s step_avg:1217.63ms
step:544/3300 train_loss:3.82732 train_time:662.378s step_avg:1217.61ms
step:545/3300 train_loss:3.78354 train_time:663.601s step_avg:1217.62ms
step:546/3300 train_loss:3.76684 train_time:664.823s step_avg:1217.62ms
step:547/3300 train_loss:3.81503 train_time:666.034s step_avg:1217.61ms
step:548/3300 train_loss:3.73249 train_time:667.256s step_avg:1217.62ms
step:549/3300 train_loss:3.77916 train_time:668.466s step_avg:1217.61ms
step:550/3300 train_loss:3.81556 train_time:669.674s step_avg:1217.59ms
step:551/3300 train_loss:3.77764 train_time:670.889s step_avg:1217.58ms
step:552/3300 train_loss:3.92171 train_time:672.102s step_avg:1217.58ms
step:553/3300 train_loss:3.80999 train_time:673.311s step_avg:1217.56ms
step:554/3300 train_loss:3.79752 train_time:674.528s step_avg:1217.56ms
step:555/3300 train_loss:3.85048 train_time:675.744s step_avg:1217.56ms
step:556/3300 train_loss:3.78598 train_time:676.971s step_avg:1217.57ms
step:557/3300 train_loss:3.74286 train_time:678.186s step_avg:1217.57ms
step:558/3300 train_loss:3.79155 train_time:679.392s step_avg:1217.55ms
step:559/3300 train_loss:3.86368 train_time:680.591s step_avg:1217.52ms
step:560/3300 train_loss:3.80482 train_time:681.795s step_avg:1217.49ms
step:561/3300 train_loss:3.77529 train_time:683.019s step_avg:1217.50ms
step:562/3300 train_loss:3.77652 train_time:684.235s step_avg:1217.50ms
step:563/3300 train_loss:3.78035 train_time:685.463s step_avg:1217.52ms
step:564/3300 train_loss:3.82028 train_time:686.673s step_avg:1217.51ms
step:565/3300 train_loss:3.78456 train_time:687.882s step_avg:1217.49ms
step:566/3300 train_loss:3.81719 train_time:689.098s step_avg:1217.49ms
step:567/3300 train_loss:3.78353 train_time:690.301s step_avg:1217.46ms
step:568/3300 train_loss:3.87300 train_time:691.519s step_avg:1217.46ms
step:569/3300 train_loss:3.79532 train_time:692.735s step_avg:1217.46ms
step:570/3300 train_loss:3.77175 train_time:693.974s step_avg:1217.50ms
step:571/3300 train_loss:3.73396 train_time:695.221s step_avg:1217.55ms
step:572/3300 train_loss:3.80612 train_time:696.445s step_avg:1217.56ms
step:573/3300 train_loss:3.87589 train_time:697.666s step_avg:1217.57ms
step:574/3300 train_loss:3.77287 train_time:698.872s step_avg:1217.55ms
step:575/3300 train_loss:3.82039 train_time:700.075s step_avg:1217.52ms
step:576/3300 train_loss:3.79854 train_time:701.384s step_avg:1217.68ms
step:577/3300 train_loss:3.80258 train_time:702.591s step_avg:1217.66ms
step:578/3300 train_loss:3.85802 train_time:703.792s step_avg:1217.63ms
step:579/3300 train_loss:3.75711 train_time:704.994s step_avg:1217.61ms
step:580/3300 train_loss:3.83131 train_time:706.194s step_avg:1217.58ms
step:581/3300 train_loss:3.82083 train_time:707.408s step_avg:1217.57ms
step:582/3300 train_loss:3.84253 train_time:708.615s step_avg:1217.55ms
step:583/3300 train_loss:3.79937 train_time:709.822s step_avg:1217.53ms
step:584/3300 train_loss:3.76265 train_time:711.033s step_avg:1217.52ms
step:585/3300 train_loss:3.79801 train_time:712.259s step_avg:1217.54ms
step:586/3300 train_loss:3.89455 train_time:713.485s step_avg:1217.55ms
step:587/3300 train_loss:3.75515 train_time:714.702s step_avg:1217.55ms
step:588/3300 train_loss:3.82119 train_time:715.911s step_avg:1217.54ms
step:589/3300 train_loss:3.87848 train_time:717.116s step_avg:1217.51ms
step:590/3300 train_loss:3.77877 train_time:718.318s step_avg:1217.49ms
step:591/3300 train_loss:3.78979 train_time:719.536s step_avg:1217.49ms
step:592/3300 train_loss:3.76766 train_time:720.751s step_avg:1217.48ms
step:593/3300 train_loss:3.72851 train_time:721.961s step_avg:1217.47ms
step:594/3300 train_loss:3.85673 train_time:723.165s step_avg:1217.45ms
step:595/3300 train_loss:3.79848 train_time:724.370s step_avg:1217.43ms
step:596/3300 train_loss:3.77637 train_time:725.584s step_avg:1217.42ms
step:597/3300 train_loss:3.78853 train_time:726.792s step_avg:1217.41ms
step:598/3300 train_loss:3.80831 train_time:728.000s step_avg:1217.39ms
step:599/3300 train_loss:3.76281 train_time:729.209s step_avg:1217.38ms
step:600/3300 train_loss:3.78250 train_time:730.412s step_avg:1217.35ms
step:601/3300 train_loss:3.78446 train_time:731.623s step_avg:1217.34ms
step:602/3300 train_loss:3.79590 train_time:732.836s step_avg:1217.34ms
step:603/3300 train_loss:3.81807 train_time:734.040s step_avg:1217.31ms
step:604/3300 train_loss:3.83259 train_time:735.239s step_avg:1217.28ms
step:605/3300 train_loss:3.77507 train_time:736.452s step_avg:1217.28ms
step:606/3300 train_loss:3.79019 train_time:737.668s step_avg:1217.27ms
step:607/3300 train_loss:3.77314 train_time:738.878s step_avg:1217.26ms
step:608/3300 train_loss:3.76537 train_time:740.081s step_avg:1217.24ms
step:609/3300 train_loss:3.79382 train_time:741.301s step_avg:1217.24ms
step:610/3300 train_loss:3.76142 train_time:742.516s step_avg:1217.24ms
step:611/3300 train_loss:3.78190 train_time:743.766s step_avg:1217.29ms
step:612/3300 train_loss:3.72144 train_time:744.974s step_avg:1217.28ms
step:613/3300 train_loss:3.75986 train_time:746.176s step_avg:1217.25ms
step:614/3300 train_loss:3.79928 train_time:747.383s step_avg:1217.24ms
step:615/3300 train_loss:3.76308 train_time:748.592s step_avg:1217.22ms
step:616/3300 train_loss:3.78434 train_time:749.803s step_avg:1217.21ms
step:617/3300 train_loss:3.76570 train_time:751.012s step_avg:1217.20ms
step:618/3300 train_loss:3.79862 train_time:752.230s step_avg:1217.20ms
step:619/3300 train_loss:3.81754 train_time:753.468s step_avg:1217.23ms
step:620/3300 train_loss:3.75099 train_time:754.677s step_avg:1217.22ms
step:621/3300 train_loss:3.85588 train_time:755.900s step_avg:1217.23ms
step:622/3300 train_loss:3.79872 train_time:757.124s step_avg:1217.24ms
step:623/3300 train_loss:3.77618 train_time:758.332s step_avg:1217.23ms
step:624/3300 train_loss:3.81145 train_time:759.536s step_avg:1217.20ms
step:625/3300 train_loss:3.79090 train_time:760.740s step_avg:1217.18ms
step:625/3300 val_loss:3.76029 train_time:760.740s step_avg:1212.39ms
step:626/3300 train_loss:3.79666 train_time:761.957s step_avg:1217.18ms
step:627/3300 train_loss:3.79364 train_time:763.161s step_avg:1217.16ms
step:628/3300 train_loss:3.73112 train_time:764.375s step_avg:1217.16ms
step:629/3300 train_loss:3.75357 train_time:765.582s step_avg:1217.14ms
step:630/3300 train_loss:3.75552 train_time:766.790s step_avg:1217.13ms
step:631/3300 train_loss:3.76001 train_time:768.008s step_avg:1217.13ms
step:632/3300 train_loss:3.77071 train_time:769.248s step_avg:1217.16ms
step:633/3300 train_loss:3.77889 train_time:770.459s step_avg:1217.16ms
step:634/3300 train_loss:3.72090 train_time:771.662s step_avg:1217.13ms
step:635/3300 train_loss:3.81636 train_time:772.865s step_avg:1217.11ms
step:636/3300 train_loss:3.71856 train_time:774.078s step_avg:1217.10ms
step:637/3300 train_loss:3.68834 train_time:775.283s step_avg:1217.08ms
step:638/3300 train_loss:3.80553 train_time:776.494s step_avg:1217.08ms
step:639/3300 train_loss:3.75138 train_time:777.706s step_avg:1217.07ms
step:640/3300 train_loss:3.76246 train_time:778.916s step_avg:1217.06ms
step:641/3300 train_loss:3.83892 train_time:780.124s step_avg:1217.04ms
step:642/3300 train_loss:3.71001 train_time:781.321s step_avg:1217.01ms
step:643/3300 train_loss:3.80047 train_time:782.525s step_avg:1216.99ms
step:644/3300 train_loss:3.74347 train_time:783.740s step_avg:1216.99ms
step:645/3300 train_loss:3.78235 train_time:784.950s step_avg:1216.98ms
step:646/3300 train_loss:3.79122 train_time:786.166s step_avg:1216.97ms
step:647/3300 train_loss:3.86394 train_time:787.377s step_avg:1216.97ms
step:648/3300 train_loss:3.77648 train_time:788.636s step_avg:1217.03ms
step:649/3300 train_loss:3.76986 train_time:789.853s step_avg:1217.03ms
step:650/3300 train_loss:3.74269 train_time:791.064s step_avg:1217.02ms
step:651/3300 train_loss:3.71722 train_time:792.274s step_avg:1217.01ms
step:652/3300 train_loss:3.72028 train_time:793.512s step_avg:1217.04ms
step:653/3300 train_loss:3.73734 train_time:794.725s step_avg:1217.04ms
step:654/3300 train_loss:3.78602 train_time:795.938s step_avg:1217.03ms
step:655/3300 train_loss:3.74758 train_time:797.146s step_avg:1217.02ms
step:656/3300 train_loss:3.80565 train_time:798.362s step_avg:1217.02ms
step:657/3300 train_loss:3.70684 train_time:799.567s step_avg:1217.00ms
step:658/3300 train_loss:3.82124 train_time:800.776s step_avg:1216.99ms
step:659/3300 train_loss:3.78774 train_time:801.982s step_avg:1216.97ms
step:660/3300 train_loss:3.82123 train_time:803.187s step_avg:1216.95ms
step:661/3300 train_loss:3.81558 train_time:804.426s step_avg:1216.98ms
step:662/3300 train_loss:3.81873 train_time:805.636s step_avg:1216.97ms
step:663/3300 train_loss:3.71649 train_time:806.849s step_avg:1216.97ms
step:664/3300 train_loss:3.71519 train_time:808.058s step_avg:1216.95ms
step:665/3300 train_loss:3.73875 train_time:809.280s step_avg:1216.96ms
step:666/3300 train_loss:3.79381 train_time:810.493s step_avg:1216.96ms
step:667/3300 train_loss:3.80011 train_time:811.702s step_avg:1216.94ms
step:668/3300 train_loss:3.77681 train_time:812.905s step_avg:1216.92ms
step:669/3300 train_loss:3.77388 train_time:814.111s step_avg:1216.91ms
step:670/3300 train_loss:3.75815 train_time:815.332s step_avg:1216.91ms
step:671/3300 train_loss:3.74654 train_time:816.570s step_avg:1216.94ms
step:672/3300 train_loss:3.81041 train_time:817.779s step_avg:1216.93ms
step:673/3300 train_loss:3.75152 train_time:819.003s step_avg:1216.94ms
step:674/3300 train_loss:3.74327 train_time:820.201s step_avg:1216.91ms
step:675/3300 train_loss:3.80371 train_time:821.402s step_avg:1216.89ms
step:676/3300 train_loss:3.73611 train_time:822.615s step_avg:1216.89ms
step:677/3300 train_loss:3.73223 train_time:823.838s step_avg:1216.90ms
step:678/3300 train_loss:3.75156 train_time:825.052s step_avg:1216.89ms
step:679/3300 train_loss:3.76511 train_time:826.259s step_avg:1216.88ms
step:680/3300 train_loss:3.76332 train_time:827.466s step_avg:1216.86ms
step:681/3300 train_loss:3.68618 train_time:828.677s step_avg:1216.85ms
step:682/3300 train_loss:3.77687 train_time:829.890s step_avg:1216.85ms
step:683/3300 train_loss:3.82214 train_time:831.088s step_avg:1216.82ms
step:684/3300 train_loss:3.76128 train_time:832.303s step_avg:1216.82ms
step:685/3300 train_loss:3.80047 train_time:833.514s step_avg:1216.81ms
step:686/3300 train_loss:3.80411 train_time:834.732s step_avg:1216.81ms
step:687/3300 train_loss:3.72557 train_time:835.952s step_avg:1216.81ms
step:688/3300 train_loss:3.71468 train_time:837.170s step_avg:1216.82ms
step:689/3300 train_loss:3.72528 train_time:838.381s step_avg:1216.81ms
step:690/3300 train_loss:3.74781 train_time:839.622s step_avg:1216.84ms
step:691/3300 train_loss:3.76082 train_time:840.833s step_avg:1216.83ms
step:692/3300 train_loss:3.72565 train_time:842.041s step_avg:1216.82ms
step:693/3300 train_loss:3.76850 train_time:843.248s step_avg:1216.81ms
step:694/3300 train_loss:3.72614 train_time:844.450s step_avg:1216.79ms
step:695/3300 train_loss:3.68407 train_time:845.666s step_avg:1216.79ms
step:696/3300 train_loss:3.80730 train_time:846.875s step_avg:1216.77ms
step:697/3300 train_loss:3.70554 train_time:848.084s step_avg:1216.76ms
step:698/3300 train_loss:3.73666 train_time:849.290s step_avg:1216.75ms
step:699/3300 train_loss:3.77529 train_time:850.509s step_avg:1216.75ms
step:700/3300 train_loss:3.70704 train_time:851.724s step_avg:1216.75ms
step:701/3300 train_loss:3.71939 train_time:852.936s step_avg:1216.74ms
step:702/3300 train_loss:3.71899 train_time:854.144s step_avg:1216.73ms
step:703/3300 train_loss:3.65694 train_time:855.345s step_avg:1216.71ms
step:704/3300 train_loss:3.73311 train_time:856.546s step_avg:1216.68ms
step:705/3300 train_loss:3.65588 train_time:857.749s step_avg:1216.67ms
step:706/3300 train_loss:3.69321 train_time:858.961s step_avg:1216.66ms
step:707/3300 train_loss:3.76685 train_time:860.169s step_avg:1216.65ms
step:708/3300 train_loss:3.74722 train_time:861.370s step_avg:1216.62ms
step:709/3300 train_loss:3.73747 train_time:862.572s step_avg:1216.60ms
step:710/3300 train_loss:3.72066 train_time:863.792s step_avg:1216.61ms
step:711/3300 train_loss:3.72880 train_time:865.007s step_avg:1216.61ms
step:712/3300 train_loss:3.67858 train_time:866.217s step_avg:1216.60ms
step:713/3300 train_loss:3.77165 train_time:867.434s step_avg:1216.60ms
step:714/3300 train_loss:3.64285 train_time:868.648s step_avg:1216.59ms
step:715/3300 train_loss:3.82170 train_time:869.854s step_avg:1216.58ms
step:716/3300 train_loss:3.71595 train_time:871.069s step_avg:1216.58ms
step:717/3300 train_loss:3.77354 train_time:872.271s step_avg:1216.56ms
step:718/3300 train_loss:3.75736 train_time:873.487s step_avg:1216.56ms
step:719/3300 train_loss:3.76700 train_time:874.696s step_avg:1216.55ms
step:720/3300 train_loss:3.76482 train_time:875.904s step_avg:1216.53ms
step:721/3300 train_loss:3.74494 train_time:877.117s step_avg:1216.53ms
step:722/3300 train_loss:3.74423 train_time:878.328s step_avg:1216.52ms
step:723/3300 train_loss:3.77645 train_time:879.532s step_avg:1216.50ms
step:724/3300 train_loss:3.69788 train_time:880.742s step_avg:1216.50ms
step:725/3300 train_loss:3.70507 train_time:881.952s step_avg:1216.49ms
step:726/3300 train_loss:3.74599 train_time:883.170s step_avg:1216.49ms
step:727/3300 train_loss:3.69900 train_time:884.370s step_avg:1216.47ms
step:728/3300 train_loss:3.73413 train_time:885.572s step_avg:1216.44ms
step:729/3300 train_loss:3.77205 train_time:886.791s step_avg:1216.45ms
step:730/3300 train_loss:3.79350 train_time:887.990s step_avg:1216.42ms
step:731/3300 train_loss:3.75819 train_time:889.221s step_avg:1216.44ms
step:732/3300 train_loss:3.76091 train_time:890.434s step_avg:1216.44ms
step:733/3300 train_loss:3.75943 train_time:891.637s step_avg:1216.42ms
step:734/3300 train_loss:3.81976 train_time:892.851s step_avg:1216.42ms
step:735/3300 train_loss:3.74028 train_time:894.083s step_avg:1216.44ms
step:736/3300 train_loss:3.74316 train_time:895.299s step_avg:1216.44ms
step:737/3300 train_loss:3.77461 train_time:896.505s step_avg:1216.42ms
step:738/3300 train_loss:3.74268 train_time:897.712s step_avg:1216.41ms
step:739/3300 train_loss:3.74624 train_time:898.919s step_avg:1216.40ms
step:740/3300 train_loss:3.85188 train_time:900.150s step_avg:1216.42ms
step:741/3300 train_loss:3.72559 train_time:901.358s step_avg:1216.41ms
step:742/3300 train_loss:3.70566 train_time:902.571s step_avg:1216.40ms
step:743/3300 train_loss:3.74758 train_time:903.781s step_avg:1216.39ms
step:744/3300 train_loss:3.65473 train_time:904.998s step_avg:1216.40ms
step:745/3300 train_loss:3.71468 train_time:906.209s step_avg:1216.39ms
step:746/3300 train_loss:3.74481 train_time:907.425s step_avg:1216.39ms
step:747/3300 train_loss:3.70795 train_time:908.637s step_avg:1216.38ms
step:748/3300 train_loss:3.75429 train_time:909.853s step_avg:1216.38ms
step:749/3300 train_loss:3.68333 train_time:911.060s step_avg:1216.37ms
step:750/3300 train_loss:3.76521 train_time:912.270s step_avg:1216.36ms
step:750/3300 val_loss:3.71445 train_time:912.270s step_avg:1212.24ms
step:751/3300 train_loss:3.69038 train_time:913.488s step_avg:1216.36ms
step:752/3300 train_loss:3.73245 train_time:914.695s step_avg:1216.35ms
step:753/3300 train_loss:3.73205 train_time:915.908s step_avg:1216.34ms
step:754/3300 train_loss:3.81555 train_time:917.117s step_avg:1216.34ms
step:755/3300 train_loss:3.76167 train_time:918.333s step_avg:1216.34ms
step:756/3300 train_loss:3.81935 train_time:919.552s step_avg:1216.34ms
step:757/3300 train_loss:3.73104 train_time:920.762s step_avg:1216.33ms
step:758/3300 train_loss:3.74113 train_time:921.973s step_avg:1216.32ms
step:759/3300 train_loss:3.69342 train_time:923.181s step_avg:1216.31ms
step:760/3300 train_loss:3.74327 train_time:924.382s step_avg:1216.29ms
step:761/3300 train_loss:3.69136 train_time:925.626s step_avg:1216.33ms
step:762/3300 train_loss:3.68507 train_time:926.835s step_avg:1216.32ms
step:763/3300 train_loss:3.74352 train_time:928.040s step_avg:1216.30ms
step:764/3300 train_loss:3.70726 train_time:929.246s step_avg:1216.29ms
step:765/3300 train_loss:3.86510 train_time:930.458s step_avg:1216.28ms
step:766/3300 train_loss:3.80573 train_time:931.708s step_avg:1216.33ms
step:767/3300 train_loss:3.75746 train_time:932.914s step_avg:1216.32ms
step:768/3300 train_loss:3.80840 train_time:934.122s step_avg:1216.31ms
step:769/3300 train_loss:3.87592 train_time:935.323s step_avg:1216.28ms
step:770/3300 train_loss:3.71869 train_time:936.523s step_avg:1216.26ms
step:771/3300 train_loss:3.76830 train_time:937.746s step_avg:1216.27ms
step:772/3300 train_loss:3.69267 train_time:938.957s step_avg:1216.26ms
step:773/3300 train_loss:3.73660 train_time:940.163s step_avg:1216.25ms
step:774/3300 train_loss:3.74085 train_time:941.365s step_avg:1216.23ms
step:775/3300 train_loss:3.74145 train_time:942.576s step_avg:1216.23ms
step:776/3300 train_loss:3.67009 train_time:943.790s step_avg:1216.22ms
step:777/3300 train_loss:3.70090 train_time:944.999s step_avg:1216.21ms
step:778/3300 train_loss:3.75575 train_time:946.219s step_avg:1216.22ms
step:779/3300 train_loss:3.70546 train_time:947.427s step_avg:1216.21ms
step:780/3300 train_loss:3.71929 train_time:948.642s step_avg:1216.21ms
step:781/3300 train_loss:3.70536 train_time:949.850s step_avg:1216.20ms
step:782/3300 train_loss:3.72298 train_time:951.063s step_avg:1216.19ms
step:783/3300 train_loss:3.69766 train_time:952.272s step_avg:1216.18ms
step:784/3300 train_loss:3.70633 train_time:953.482s step_avg:1216.18ms
step:785/3300 train_loss:3.66074 train_time:954.681s step_avg:1216.15ms
step:786/3300 train_loss:3.72045 train_time:955.909s step_avg:1216.17ms
step:787/3300 train_loss:3.71770 train_time:957.115s step_avg:1216.16ms
step:788/3300 train_loss:3.69537 train_time:958.330s step_avg:1216.15ms
step:789/3300 train_loss:3.77761 train_time:959.553s step_avg:1216.16ms
step:790/3300 train_loss:3.71884 train_time:960.762s step_avg:1216.15ms
step:791/3300 train_loss:3.81080 train_time:962.041s step_avg:1216.23ms
step:792/3300 train_loss:3.77523 train_time:963.240s step_avg:1216.21ms
step:793/3300 train_loss:3.70415 train_time:964.445s step_avg:1216.20ms
step:794/3300 train_loss:4.04899 train_time:965.645s step_avg:1216.18ms
step:795/3300 train_loss:3.70865 train_time:966.848s step_avg:1216.16ms
step:796/3300 train_loss:3.73860 train_time:968.066s step_avg:1216.16ms
step:797/3300 train_loss:3.72527 train_time:969.279s step_avg:1216.16ms
step:798/3300 train_loss:3.78518 train_time:970.486s step_avg:1216.15ms
step:799/3300 train_loss:3.72797 train_time:971.687s step_avg:1216.13ms
step:800/3300 train_loss:3.72396 train_time:972.892s step_avg:1216.12ms
step:801/3300 train_loss:3.86074 train_time:974.105s step_avg:1216.11ms
step:802/3300 train_loss:3.69390 train_time:975.308s step_avg:1216.09ms
step:803/3300 train_loss:3.71555 train_time:976.517s step_avg:1216.09ms
step:804/3300 train_loss:3.71566 train_time:977.732s step_avg:1216.08ms
step:805/3300 train_loss:3.72965 train_time:978.953s step_avg:1216.09ms
step:806/3300 train_loss:3.71962 train_time:980.173s step_avg:1216.10ms
step:807/3300 train_loss:3.69271 train_time:981.387s step_avg:1216.09ms
step:808/3300 train_loss:3.71926 train_time:982.591s step_avg:1216.08ms
step:809/3300 train_loss:3.71534 train_time:983.804s step_avg:1216.07ms
step:810/3300 train_loss:3.73168 train_time:985.004s step_avg:1216.05ms
step:811/3300 train_loss:3.72404 train_time:986.213s step_avg:1216.05ms
step:812/3300 train_loss:3.81158 train_time:987.426s step_avg:1216.04ms
step:813/3300 train_loss:3.78165 train_time:988.628s step_avg:1216.02ms
step:814/3300 train_loss:3.70558 train_time:989.846s step_avg:1216.03ms
step:815/3300 train_loss:3.72661 train_time:991.062s step_avg:1216.03ms
step:816/3300 train_loss:3.70790 train_time:992.275s step_avg:1216.02ms
step:817/3300 train_loss:3.74309 train_time:993.482s step_avg:1216.01ms
step:818/3300 train_loss:3.68015 train_time:994.689s step_avg:1216.00ms
step:819/3300 train_loss:3.66840 train_time:995.904s step_avg:1216.00ms
step:820/3300 train_loss:3.68588 train_time:997.127s step_avg:1216.01ms
step:821/3300 train_loss:3.72778 train_time:998.333s step_avg:1216.00ms
step:822/3300 train_loss:3.65282 train_time:999.540s step_avg:1215.99ms
step:823/3300 train_loss:3.64098 train_time:1000.745s step_avg:1215.97ms
step:824/3300 train_loss:3.70339 train_time:1001.945s step_avg:1215.95ms
step:825/3300 train_loss:3.61552 train_time:1003.147s step_avg:1215.94ms
step:826/3300 train_loss:3.66816 train_time:1004.356s step_avg:1215.93ms
step:827/3300 train_loss:3.70742 train_time:1005.561s step_avg:1215.91ms
step:828/3300 train_loss:3.68135 train_time:1006.770s step_avg:1215.91ms
step:829/3300 train_loss:3.72870 train_time:1007.985s step_avg:1215.90ms
step:830/3300 train_loss:3.75047 train_time:1009.199s step_avg:1215.90ms
step:831/3300 train_loss:3.80514 train_time:1010.415s step_avg:1215.90ms
step:832/3300 train_loss:3.71687 train_time:1011.637s step_avg:1215.91ms
step:833/3300 train_loss:3.69639 train_time:1012.850s step_avg:1215.91ms
step:834/3300 train_loss:3.69823 train_time:1014.055s step_avg:1215.89ms
step:835/3300 train_loss:3.66182 train_time:1015.266s step_avg:1215.89ms
step:836/3300 train_loss:3.69347 train_time:1016.476s step_avg:1215.88ms
step:837/3300 train_loss:3.67177 train_time:1017.699s step_avg:1215.89ms
step:838/3300 train_loss:3.74803 train_time:1018.915s step_avg:1215.89ms
step:839/3300 train_loss:3.70549 train_time:1020.139s step_avg:1215.90ms
step:840/3300 train_loss:3.69329 train_time:1021.364s step_avg:1215.91ms
step:841/3300 train_loss:3.71483 train_time:1022.585s step_avg:1215.92ms
step:842/3300 train_loss:3.66872 train_time:1023.793s step_avg:1215.91ms
step:843/3300 train_loss:3.69706 train_time:1025.005s step_avg:1215.90ms
step:844/3300 train_loss:3.72725 train_time:1026.221s step_avg:1215.90ms
step:845/3300 train_loss:3.71511 train_time:1027.444s step_avg:1215.91ms
step:846/3300 train_loss:3.69487 train_time:1028.660s step_avg:1215.91ms
step:847/3300 train_loss:3.68244 train_time:1029.868s step_avg:1215.90ms
step:848/3300 train_loss:3.74501 train_time:1031.081s step_avg:1215.90ms
step:849/3300 train_loss:3.68963 train_time:1032.293s step_avg:1215.89ms
step:850/3300 train_loss:3.75568 train_time:1033.494s step_avg:1215.88ms
step:851/3300 train_loss:3.69722 train_time:1034.702s step_avg:1215.87ms
step:852/3300 train_loss:3.70485 train_time:1035.910s step_avg:1215.86ms
step:853/3300 train_loss:3.70067 train_time:1037.122s step_avg:1215.85ms
step:854/3300 train_loss:3.66799 train_time:1038.341s step_avg:1215.86ms
step:855/3300 train_loss:3.72027 train_time:1039.556s step_avg:1215.86ms
step:856/3300 train_loss:3.74585 train_time:1040.783s step_avg:1215.87ms
step:857/3300 train_loss:3.65177 train_time:1041.991s step_avg:1215.86ms
step:858/3300 train_loss:3.68288 train_time:1043.194s step_avg:1215.84ms
step:859/3300 train_loss:3.70215 train_time:1044.394s step_avg:1215.83ms
step:860/3300 train_loss:3.67097 train_time:1045.599s step_avg:1215.81ms
step:861/3300 train_loss:3.67754 train_time:1046.823s step_avg:1215.82ms
step:862/3300 train_loss:3.65105 train_time:1048.037s step_avg:1215.82ms
step:863/3300 train_loss:3.70963 train_time:1049.253s step_avg:1215.82ms
step:864/3300 train_loss:3.70811 train_time:1050.463s step_avg:1215.81ms
step:865/3300 train_loss:3.81376 train_time:1051.673s step_avg:1215.81ms
step:866/3300 train_loss:3.73300 train_time:1052.878s step_avg:1215.79ms
step:867/3300 train_loss:3.67932 train_time:1054.085s step_avg:1215.78ms
step:868/3300 train_loss:3.64150 train_time:1055.298s step_avg:1215.78ms
step:869/3300 train_loss:3.67417 train_time:1056.522s step_avg:1215.79ms
step:870/3300 train_loss:3.70870 train_time:1057.738s step_avg:1215.79ms
step:871/3300 train_loss:3.67068 train_time:1058.970s step_avg:1215.81ms
step:872/3300 train_loss:3.72064 train_time:1060.173s step_avg:1215.79ms
step:873/3300 train_loss:3.69324 train_time:1061.385s step_avg:1215.79ms
step:874/3300 train_loss:3.64810 train_time:1062.609s step_avg:1215.80ms
step:875/3300 train_loss:3.68654 train_time:1063.818s step_avg:1215.79ms
step:875/3300 val_loss:3.67264 train_time:1063.818s step_avg:1212.38ms
step:876/3300 train_loss:3.73240 train_time:1065.036s step_avg:1215.79ms
step:877/3300 train_loss:3.67744 train_time:1066.250s step_avg:1215.79ms
step:878/3300 train_loss:3.73811 train_time:1067.462s step_avg:1215.79ms
step:879/3300 train_loss:3.68632 train_time:1068.671s step_avg:1215.78ms
step:880/3300 train_loss:3.65183 train_time:1069.889s step_avg:1215.78ms
step:881/3300 train_loss:3.68023 train_time:1071.103s step_avg:1215.78ms
step:882/3300 train_loss:3.69517 train_time:1072.307s step_avg:1215.77ms
step:883/3300 train_loss:3.69899 train_time:1073.511s step_avg:1215.75ms
step:884/3300 train_loss:3.68192 train_time:1074.718s step_avg:1215.74ms
step:885/3300 train_loss:3.65831 train_time:1075.927s step_avg:1215.74ms
step:886/3300 train_loss:3.68759 train_time:1077.143s step_avg:1215.74ms
step:887/3300 train_loss:3.81636 train_time:1078.355s step_avg:1215.73ms
step:888/3300 train_loss:3.70487 train_time:1079.576s step_avg:1215.74ms
step:889/3300 train_loss:3.63893 train_time:1080.790s step_avg:1215.74ms
step:890/3300 train_loss:3.61901 train_time:1081.999s step_avg:1215.73ms
step:891/3300 train_loss:3.68032 train_time:1083.213s step_avg:1215.73ms
step:892/3300 train_loss:3.71817 train_time:1084.426s step_avg:1215.72ms
step:893/3300 train_loss:3.61649 train_time:1085.627s step_avg:1215.71ms
step:894/3300 train_loss:3.70499 train_time:1086.828s step_avg:1215.69ms
step:895/3300 train_loss:3.70170 train_time:1088.035s step_avg:1215.68ms
step:896/3300 train_loss:3.69288 train_time:1089.248s step_avg:1215.68ms
step:897/3300 train_loss:3.68806 train_time:1090.449s step_avg:1215.66ms
step:898/3300 train_loss:3.72877 train_time:1091.649s step_avg:1215.64ms
step:899/3300 train_loss:3.68618 train_time:1092.848s step_avg:1215.63ms
step:900/3300 train_loss:3.62930 train_time:1094.047s step_avg:1215.61ms
step:901/3300 train_loss:3.67217 train_time:1095.253s step_avg:1215.60ms
step:902/3300 train_loss:3.97794 train_time:1096.463s step_avg:1215.59ms
step:903/3300 train_loss:3.66415 train_time:1097.669s step_avg:1215.58ms
step:904/3300 train_loss:3.67319 train_time:1098.871s step_avg:1215.56ms
step:905/3300 train_loss:3.72796 train_time:1100.083s step_avg:1215.56ms
step:906/3300 train_loss:3.72648 train_time:1101.295s step_avg:1215.56ms
step:907/3300 train_loss:3.65757 train_time:1102.506s step_avg:1215.55ms
step:908/3300 train_loss:3.71970 train_time:1103.711s step_avg:1215.54ms
step:909/3300 train_loss:3.81903 train_time:1104.936s step_avg:1215.55ms
step:910/3300 train_loss:3.64071 train_time:1106.147s step_avg:1215.55ms
step:911/3300 train_loss:3.69129 train_time:1107.354s step_avg:1215.54ms
step:912/3300 train_loss:3.64280 train_time:1108.581s step_avg:1215.55ms
step:913/3300 train_loss:3.67126 train_time:1109.789s step_avg:1215.54ms
step:914/3300 train_loss:3.74676 train_time:1110.989s step_avg:1215.52ms
step:915/3300 train_loss:3.69844 train_time:1112.197s step_avg:1215.52ms
step:916/3300 train_loss:3.77913 train_time:1113.409s step_avg:1215.51ms
step:917/3300 train_loss:3.67297 train_time:1114.607s step_avg:1215.49ms
step:918/3300 train_loss:3.83072 train_time:1115.809s step_avg:1215.48ms
step:919/3300 train_loss:3.69381 train_time:1117.012s step_avg:1215.46ms
step:920/3300 train_loss:3.72625 train_time:1118.227s step_avg:1215.46ms
step:921/3300 train_loss:3.63970 train_time:1119.442s step_avg:1215.46ms
step:922/3300 train_loss:3.65889 train_time:1120.649s step_avg:1215.45ms
step:923/3300 train_loss:3.64137 train_time:1121.850s step_avg:1215.44ms
step:924/3300 train_loss:3.69000 train_time:1123.064s step_avg:1215.44ms
step:925/3300 train_loss:3.68621 train_time:1124.273s step_avg:1215.43ms
step:926/3300 train_loss:3.70893 train_time:1125.494s step_avg:1215.44ms
step:927/3300 train_loss:3.64657 train_time:1126.705s step_avg:1215.43ms
step:928/3300 train_loss:3.67178 train_time:1127.912s step_avg:1215.42ms
step:929/3300 train_loss:3.79868 train_time:1129.126s step_avg:1215.42ms
step:930/3300 train_loss:3.65194 train_time:1130.337s step_avg:1215.42ms
step:931/3300 train_loss:3.65116 train_time:1131.553s step_avg:1215.42ms
step:932/3300 train_loss:3.81826 train_time:1132.748s step_avg:1215.39ms
step:933/3300 train_loss:3.64762 train_time:1133.952s step_avg:1215.38ms
step:934/3300 train_loss:3.77953 train_time:1135.162s step_avg:1215.38ms
step:935/3300 train_loss:3.71538 train_time:1136.373s step_avg:1215.37ms
step:936/3300 train_loss:3.67363 train_time:1137.581s step_avg:1215.36ms
step:937/3300 train_loss:3.62346 train_time:1138.796s step_avg:1215.36ms
step:938/3300 train_loss:3.69763 train_time:1140.019s step_avg:1215.37ms
step:939/3300 train_loss:3.65602 train_time:1141.230s step_avg:1215.37ms
step:940/3300 train_loss:3.63486 train_time:1142.446s step_avg:1215.37ms
step:941/3300 train_loss:3.76164 train_time:1143.670s step_avg:1215.38ms
step:942/3300 train_loss:3.65338 train_time:1144.871s step_avg:1215.36ms
step:943/3300 train_loss:3.72273 train_time:1146.073s step_avg:1215.35ms
step:944/3300 train_loss:3.70688 train_time:1147.284s step_avg:1215.34ms
step:945/3300 train_loss:3.67806 train_time:1148.495s step_avg:1215.34ms
step:946/3300 train_loss:3.85189 train_time:1149.709s step_avg:1215.34ms
step:947/3300 train_loss:3.71501 train_time:1150.933s step_avg:1215.35ms
step:948/3300 train_loss:3.65083 train_time:1152.151s step_avg:1215.35ms
step:949/3300 train_loss:3.67650 train_time:1153.355s step_avg:1215.34ms
step:950/3300 train_loss:3.67736 train_time:1154.578s step_avg:1215.34ms
step:951/3300 train_loss:3.65453 train_time:1155.820s step_avg:1215.37ms
step:952/3300 train_loss:3.71637 train_time:1157.027s step_avg:1215.36ms
step:953/3300 train_loss:3.64340 train_time:1158.254s step_avg:1215.38ms
step:954/3300 train_loss:3.67641 train_time:1159.469s step_avg:1215.38ms
step:955/3300 train_loss:3.69958 train_time:1160.686s step_avg:1215.38ms
step:956/3300 train_loss:3.68305 train_time:1161.906s step_avg:1215.38ms
step:957/3300 train_loss:3.75299 train_time:1163.115s step_avg:1215.38ms
step:958/3300 train_loss:3.71647 train_time:1164.316s step_avg:1215.36ms
step:959/3300 train_loss:3.71551 train_time:1165.515s step_avg:1215.34ms
step:960/3300 train_loss:3.63941 train_time:1166.713s step_avg:1215.33ms
step:961/3300 train_loss:3.67361 train_time:1167.924s step_avg:1215.32ms
step:962/3300 train_loss:3.65144 train_time:1169.135s step_avg:1215.32ms
step:963/3300 train_loss:3.65287 train_time:1170.336s step_avg:1215.30ms
step:964/3300 train_loss:3.63818 train_time:1171.538s step_avg:1215.29ms
step:965/3300 train_loss:3.68265 train_time:1172.745s step_avg:1215.28ms
step:966/3300 train_loss:3.68994 train_time:1173.961s step_avg:1215.28ms
step:967/3300 train_loss:3.69662 train_time:1175.170s step_avg:1215.27ms
step:968/3300 train_loss:3.66940 train_time:1176.375s step_avg:1215.26ms
step:969/3300 train_loss:3.65420 train_time:1177.586s step_avg:1215.26ms
step:970/3300 train_loss:3.65917 train_time:1178.797s step_avg:1215.25ms
step:971/3300 train_loss:3.64272 train_time:1180.012s step_avg:1215.25ms
step:972/3300 train_loss:3.66382 train_time:1181.220s step_avg:1215.25ms
step:973/3300 train_loss:3.72196 train_time:1182.429s step_avg:1215.24ms
step:974/3300 train_loss:3.66485 train_time:1183.633s step_avg:1215.23ms
step:975/3300 train_loss:3.70310 train_time:1184.836s step_avg:1215.22ms
step:976/3300 train_loss:3.67735 train_time:1186.051s step_avg:1215.22ms
step:977/3300 train_loss:3.65104 train_time:1187.248s step_avg:1215.20ms
step:978/3300 train_loss:3.62286 train_time:1188.465s step_avg:1215.20ms
step:979/3300 train_loss:3.68857 train_time:1189.681s step_avg:1215.20ms
step:980/3300 train_loss:3.65366 train_time:1190.889s step_avg:1215.19ms
step:981/3300 train_loss:3.68584 train_time:1192.117s step_avg:1215.21ms
step:982/3300 train_loss:3.68443 train_time:1193.339s step_avg:1215.21ms
step:983/3300 train_loss:3.66648 train_time:1194.551s step_avg:1215.21ms
step:984/3300 train_loss:3.75009 train_time:1195.754s step_avg:1215.20ms
step:985/3300 train_loss:3.72705 train_time:1196.953s step_avg:1215.18ms
step:986/3300 train_loss:3.65875 train_time:1198.167s step_avg:1215.18ms
step:987/3300 train_loss:3.68551 train_time:1199.376s step_avg:1215.17ms
step:988/3300 train_loss:3.61046 train_time:1200.577s step_avg:1215.16ms
step:989/3300 train_loss:3.64530 train_time:1201.790s step_avg:1215.16ms
step:990/3300 train_loss:3.66301 train_time:1202.996s step_avg:1215.15ms
step:991/3300 train_loss:3.66271 train_time:1204.225s step_avg:1215.16ms
step:992/3300 train_loss:3.65760 train_time:1205.430s step_avg:1215.15ms
step:993/3300 train_loss:3.65068 train_time:1206.633s step_avg:1215.14ms
step:994/3300 train_loss:3.63374 train_time:1207.834s step_avg:1215.13ms
step:995/3300 train_loss:3.71347 train_time:1209.037s step_avg:1215.11ms
step:996/3300 train_loss:3.62014 train_time:1210.255s step_avg:1215.12ms
step:997/3300 train_loss:3.67048 train_time:1211.467s step_avg:1215.11ms
step:998/3300 train_loss:3.69106 train_time:1212.679s step_avg:1215.11ms
step:999/3300 train_loss:3.69395 train_time:1213.926s step_avg:1215.14ms
step:1000/3300 train_loss:3.69554 train_time:1215.136s step_avg:1215.14ms
step:1000/3300 val_loss:3.63977 train_time:1215.136s step_avg:1210.55ms
step:1001/3300 train_loss:3.61805 train_time:1216.353s step_avg:1215.14ms
step:1002/3300 train_loss:3.67945 train_time:1217.554s step_avg:1215.12ms
step:1003/3300 train_loss:3.68041 train_time:1218.765s step_avg:1215.12ms
step:1004/3300 train_loss:3.69553 train_time:1219.973s step_avg:1215.11ms
step:1005/3300 train_loss:3.66770 train_time:1221.190s step_avg:1215.11ms
step:1006/3300 train_loss:3.61727 train_time:1222.431s step_avg:1215.14ms
step:1007/3300 train_loss:3.69349 train_time:1223.636s step_avg:1215.13ms
step:1008/3300 train_loss:3.71323 train_time:1224.845s step_avg:1215.12ms
step:1009/3300 train_loss:3.71289 train_time:1226.052s step_avg:1215.12ms
step:1010/3300 train_loss:3.63849 train_time:1227.253s step_avg:1215.10ms
step:1011/3300 train_loss:3.67817 train_time:1228.461s step_avg:1215.09ms
step:1012/3300 train_loss:3.58518 train_time:1229.672s step_avg:1215.09ms
step:1013/3300 train_loss:3.67072 train_time:1230.901s step_avg:1215.10ms
step:1014/3300 train_loss:3.68438 train_time:1232.103s step_avg:1215.09ms
step:1015/3300 train_loss:3.64937 train_time:1233.335s step_avg:1215.11ms
step:1016/3300 train_loss:3.66479 train_time:1234.548s step_avg:1215.11ms
step:1017/3300 train_loss:3.63674 train_time:1235.756s step_avg:1215.10ms
step:1018/3300 train_loss:3.66493 train_time:1236.973s step_avg:1215.10ms
step:1019/3300 train_loss:3.67205 train_time:1238.173s step_avg:1215.09ms
step:1020/3300 train_loss:3.67144 train_time:1239.374s step_avg:1215.07ms
step:1021/3300 train_loss:3.66902 train_time:1240.592s step_avg:1215.08ms
step:1022/3300 train_loss:3.68684 train_time:1241.794s step_avg:1215.06ms
step:1023/3300 train_loss:3.66608 train_time:1243.006s step_avg:1215.06ms
step:1024/3300 train_loss:3.67574 train_time:1244.213s step_avg:1215.05ms
step:1025/3300 train_loss:3.63807 train_time:1245.415s step_avg:1215.04ms
step:1026/3300 train_loss:3.65766 train_time:1246.658s step_avg:1215.07ms
step:1027/3300 train_loss:3.65275 train_time:1247.868s step_avg:1215.06ms
step:1028/3300 train_loss:3.66446 train_time:1249.074s step_avg:1215.05ms
step:1029/3300 train_loss:3.72146 train_time:1250.277s step_avg:1215.04ms
step:1030/3300 train_loss:3.65475 train_time:1251.498s step_avg:1215.05ms
step:1031/3300 train_loss:3.61729 train_time:1252.734s step_avg:1215.07ms
step:1032/3300 train_loss:3.67875 train_time:1253.934s step_avg:1215.05ms
step:1033/3300 train_loss:3.66516 train_time:1255.129s step_avg:1215.03ms
step:1034/3300 train_loss:3.64644 train_time:1256.332s step_avg:1215.02ms
step:1035/3300 train_loss:3.64473 train_time:1257.537s step_avg:1215.01ms
step:1036/3300 train_loss:3.87378 train_time:1258.753s step_avg:1215.01ms
step:1037/3300 train_loss:3.66444 train_time:1259.956s step_avg:1215.00ms
step:1038/3300 train_loss:3.66660 train_time:1261.160s step_avg:1214.99ms
step:1039/3300 train_loss:3.67700 train_time:1262.371s step_avg:1214.99ms
step:1040/3300 train_loss:3.64003 train_time:1263.588s step_avg:1214.99ms
step:1041/3300 train_loss:3.63854 train_time:1264.799s step_avg:1214.98ms
step:1042/3300 train_loss:3.69789 train_time:1266.007s step_avg:1214.98ms
step:1043/3300 train_loss:3.66466 train_time:1267.216s step_avg:1214.97ms
step:1044/3300 train_loss:3.57985 train_time:1268.439s step_avg:1214.98ms
step:1045/3300 train_loss:3.65668 train_time:1269.640s step_avg:1214.97ms
step:1046/3300 train_loss:3.65851 train_time:1270.855s step_avg:1214.97ms
step:1047/3300 train_loss:3.73259 train_time:1272.061s step_avg:1214.96ms
step:1048/3300 train_loss:3.62642 train_time:1273.276s step_avg:1214.96ms
step:1049/3300 train_loss:3.60855 train_time:1274.475s step_avg:1214.94ms
step:1050/3300 train_loss:3.75164 train_time:1275.679s step_avg:1214.93ms
step:1051/3300 train_loss:3.65374 train_time:1276.908s step_avg:1214.95ms
step:1052/3300 train_loss:3.63533 train_time:1278.115s step_avg:1214.94ms
step:1053/3300 train_loss:3.67014 train_time:1279.312s step_avg:1214.92ms
step:1054/3300 train_loss:3.58820 train_time:1280.549s step_avg:1214.94ms
step:1055/3300 train_loss:3.61239 train_time:1281.765s step_avg:1214.94ms
step:1056/3300 train_loss:3.61045 train_time:1283.005s step_avg:1214.97ms
step:1057/3300 train_loss:3.65692 train_time:1284.226s step_avg:1214.97ms
step:1058/3300 train_loss:3.64358 train_time:1285.440s step_avg:1214.97ms
step:1059/3300 train_loss:3.68596 train_time:1286.643s step_avg:1214.96ms
step:1060/3300 train_loss:3.57218 train_time:1287.853s step_avg:1214.96ms
step:1061/3300 train_loss:3.71389 train_time:1289.063s step_avg:1214.95ms
step:1062/3300 train_loss:3.64139 train_time:1290.271s step_avg:1214.94ms
step:1063/3300 train_loss:3.61210 train_time:1291.477s step_avg:1214.94ms
step:1064/3300 train_loss:3.66728 train_time:1292.678s step_avg:1214.92ms
step:1065/3300 train_loss:3.59984 train_time:1293.880s step_avg:1214.91ms
step:1066/3300 train_loss:3.63382 train_time:1295.089s step_avg:1214.91ms
step:1067/3300 train_loss:3.64816 train_time:1296.317s step_avg:1214.92ms
step:1068/3300 train_loss:3.66375 train_time:1297.515s step_avg:1214.90ms
step:1069/3300 train_loss:3.64768 train_time:1298.719s step_avg:1214.89ms
step:1070/3300 train_loss:3.66022 train_time:1299.920s step_avg:1214.88ms
step:1071/3300 train_loss:3.58162 train_time:1301.126s step_avg:1214.87ms
step:1072/3300 train_loss:3.67481 train_time:1302.335s step_avg:1214.87ms
step:1073/3300 train_loss:3.55960 train_time:1303.550s step_avg:1214.86ms
step:1074/3300 train_loss:3.66147 train_time:1304.757s step_avg:1214.86ms
step:1075/3300 train_loss:3.62889 train_time:1305.967s step_avg:1214.85ms
step:1076/3300 train_loss:3.70442 train_time:1307.179s step_avg:1214.85ms
step:1077/3300 train_loss:3.66534 train_time:1308.380s step_avg:1214.84ms
step:1078/3300 train_loss:3.60990 train_time:1309.591s step_avg:1214.83ms
step:1079/3300 train_loss:3.64384 train_time:1310.801s step_avg:1214.83ms
step:1080/3300 train_loss:3.63886 train_time:1312.013s step_avg:1214.83ms
step:1081/3300 train_loss:3.61702 train_time:1313.227s step_avg:1214.83ms
step:1082/3300 train_loss:3.61727 train_time:1314.438s step_avg:1214.82ms
step:1083/3300 train_loss:3.65141 train_time:1315.664s step_avg:1214.83ms
step:1084/3300 train_loss:3.62030 train_time:1316.875s step_avg:1214.83ms
step:1085/3300 train_loss:3.63822 train_time:1318.081s step_avg:1214.82ms
step:1086/3300 train_loss:3.64972 train_time:1319.288s step_avg:1214.81ms
step:1087/3300 train_loss:3.62173 train_time:1320.499s step_avg:1214.81ms
step:1088/3300 train_loss:3.60874 train_time:1321.704s step_avg:1214.80ms
step:1089/3300 train_loss:3.59941 train_time:1322.915s step_avg:1214.80ms
step:1090/3300 train_loss:3.65989 train_time:1324.117s step_avg:1214.79ms
step:1091/3300 train_loss:3.63266 train_time:1325.327s step_avg:1214.78ms
step:1092/3300 train_loss:3.59308 train_time:1326.535s step_avg:1214.78ms
step:1093/3300 train_loss:3.64072 train_time:1327.741s step_avg:1214.77ms
step:1094/3300 train_loss:3.66990 train_time:1328.944s step_avg:1214.76ms
step:1095/3300 train_loss:3.57555 train_time:1330.154s step_avg:1214.75ms
step:1096/3300 train_loss:3.60554 train_time:1331.368s step_avg:1214.75ms
step:1097/3300 train_loss:3.67289 train_time:1332.580s step_avg:1214.75ms
step:1098/3300 train_loss:3.67660 train_time:1333.792s step_avg:1214.75ms
step:1099/3300 train_loss:3.67228 train_time:1335.003s step_avg:1214.74ms
step:1100/3300 train_loss:3.65041 train_time:1336.214s step_avg:1214.74ms
step:1101/3300 train_loss:3.65368 train_time:1337.441s step_avg:1214.75ms
step:1102/3300 train_loss:3.65248 train_time:1338.643s step_avg:1214.74ms
step:1103/3300 train_loss:3.64403 train_time:1339.841s step_avg:1214.72ms
step:1104/3300 train_loss:3.69885 train_time:1341.054s step_avg:1214.72ms
step:1105/3300 train_loss:3.75025 train_time:1342.262s step_avg:1214.72ms
step:1106/3300 train_loss:3.67206 train_time:1343.469s step_avg:1214.71ms
step:1107/3300 train_loss:3.66850 train_time:1344.675s step_avg:1214.70ms
step:1108/3300 train_loss:3.61397 train_time:1345.884s step_avg:1214.70ms
step:1109/3300 train_loss:3.62729 train_time:1347.094s step_avg:1214.69ms
step:1110/3300 train_loss:3.58455 train_time:1348.302s step_avg:1214.69ms
step:1111/3300 train_loss:3.53796 train_time:1349.510s step_avg:1214.68ms
step:1112/3300 train_loss:3.57900 train_time:1350.724s step_avg:1214.68ms
step:1113/3300 train_loss:3.68585 train_time:1351.932s step_avg:1214.67ms
step:1114/3300 train_loss:3.65293 train_time:1353.143s step_avg:1214.67ms
step:1115/3300 train_loss:3.67562 train_time:1354.352s step_avg:1214.67ms
step:1116/3300 train_loss:3.69316 train_time:1355.596s step_avg:1214.69ms
step:1117/3300 train_loss:3.70176 train_time:1356.812s step_avg:1214.69ms
step:1118/3300 train_loss:3.62565 train_time:1358.018s step_avg:1214.69ms
step:1119/3300 train_loss:3.61640 train_time:1359.224s step_avg:1214.68ms
step:1120/3300 train_loss:3.71770 train_time:1360.429s step_avg:1214.67ms
step:1121/3300 train_loss:3.64697 train_time:1361.652s step_avg:1214.68ms
step:1122/3300 train_loss:3.58068 train_time:1362.889s step_avg:1214.70ms
step:1123/3300 train_loss:3.61166 train_time:1364.107s step_avg:1214.70ms
step:1124/3300 train_loss:3.62787 train_time:1365.314s step_avg:1214.69ms
step:1125/3300 train_loss:3.64713 train_time:1366.540s step_avg:1214.70ms
step:1125/3300 val_loss:3.60976 train_time:1366.540s step_avg:1211.23ms
step:1126/3300 train_loss:3.59080 train_time:1367.745s step_avg:1214.69ms
step:1127/3300 train_loss:3.67694 train_time:1368.963s step_avg:1214.70ms
step:1128/3300 train_loss:3.62229 train_time:1370.168s step_avg:1214.69ms
step:1129/3300 train_loss:3.62111 train_time:1371.371s step_avg:1214.68ms
step:1130/3300 train_loss:3.60240 train_time:1372.570s step_avg:1214.66ms
step:1131/3300 train_loss:3.63073 train_time:1373.787s step_avg:1214.67ms
step:1132/3300 train_loss:3.62801 train_time:1374.993s step_avg:1214.66ms
step:1133/3300 train_loss:3.68114 train_time:1376.193s step_avg:1214.65ms
step:1134/3300 train_loss:3.64277 train_time:1377.401s step_avg:1214.64ms
step:1135/3300 train_loss:3.66775 train_time:1378.609s step_avg:1214.63ms
step:1136/3300 train_loss:3.60762 train_time:1379.816s step_avg:1214.63ms
step:1137/3300 train_loss:3.72157 train_time:1381.024s step_avg:1214.62ms
step:1138/3300 train_loss:3.59782 train_time:1382.233s step_avg:1214.62ms
step:1139/3300 train_loss:3.63755 train_time:1383.437s step_avg:1214.61ms
step:1140/3300 train_loss:3.62023 train_time:1384.649s step_avg:1214.60ms
step:1141/3300 train_loss:3.67892 train_time:1385.892s step_avg:1214.63ms
step:1142/3300 train_loss:3.62700 train_time:1387.095s step_avg:1214.62ms
step:1143/3300 train_loss:3.60503 train_time:1388.301s step_avg:1214.61ms
step:1144/3300 train_loss:3.61251 train_time:1389.518s step_avg:1214.61ms
step:1145/3300 train_loss:3.66031 train_time:1390.725s step_avg:1214.61ms
step:1146/3300 train_loss:3.70857 train_time:1391.939s step_avg:1214.61ms
step:1147/3300 train_loss:3.65481 train_time:1393.145s step_avg:1214.60ms
step:1148/3300 train_loss:3.69224 train_time:1394.362s step_avg:1214.60ms
step:1149/3300 train_loss:3.59780 train_time:1395.584s step_avg:1214.61ms
step:1150/3300 train_loss:3.58537 train_time:1396.795s step_avg:1214.60ms
step:1151/3300 train_loss:3.60664 train_time:1398.021s step_avg:1214.61ms
step:1152/3300 train_loss:3.68825 train_time:1399.278s step_avg:1214.65ms
step:1153/3300 train_loss:3.58896 train_time:1400.487s step_avg:1214.65ms
step:1154/3300 train_loss:3.62694 train_time:1401.694s step_avg:1214.64ms
step:1155/3300 train_loss:3.66804 train_time:1402.903s step_avg:1214.63ms
step:1156/3300 train_loss:3.65917 train_time:1404.118s step_avg:1214.63ms
step:1157/3300 train_loss:3.62452 train_time:1405.326s step_avg:1214.63ms
step:1158/3300 train_loss:3.67225 train_time:1406.582s step_avg:1214.67ms
step:1159/3300 train_loss:3.62666 train_time:1407.789s step_avg:1214.66ms
step:1160/3300 train_loss:3.59829 train_time:1409.009s step_avg:1214.66ms
step:1161/3300 train_loss:3.54288 train_time:1410.224s step_avg:1214.66ms
step:1162/3300 train_loss:3.64388 train_time:1411.428s step_avg:1214.65ms
step:1163/3300 train_loss:3.60868 train_time:1412.635s step_avg:1214.65ms
step:1164/3300 train_loss:3.58248 train_time:1413.844s step_avg:1214.64ms
step:1165/3300 train_loss:3.61842 train_time:1415.050s step_avg:1214.64ms
step:1166/3300 train_loss:3.62913 train_time:1416.262s step_avg:1214.63ms
step:1167/3300 train_loss:3.64272 train_time:1417.467s step_avg:1214.62ms
step:1168/3300 train_loss:3.63848 train_time:1418.676s step_avg:1214.62ms
step:1169/3300 train_loss:3.58624 train_time:1419.876s step_avg:1214.61ms
step:1170/3300 train_loss:3.65299 train_time:1421.075s step_avg:1214.59ms
step:1171/3300 train_loss:3.55575 train_time:1422.283s step_avg:1214.59ms
step:1172/3300 train_loss:3.61079 train_time:1423.511s step_avg:1214.60ms
step:1173/3300 train_loss:3.76384 train_time:1424.719s step_avg:1214.59ms
step:1174/3300 train_loss:3.58701 train_time:1425.940s step_avg:1214.60ms
step:1175/3300 train_loss:3.60448 train_time:1427.162s step_avg:1214.61ms
step:1176/3300 train_loss:3.56544 train_time:1428.375s step_avg:1214.60ms
step:1177/3300 train_loss:3.62011 train_time:1429.576s step_avg:1214.59ms
step:1178/3300 train_loss:3.60179 train_time:1430.777s step_avg:1214.58ms
step:1179/3300 train_loss:3.68536 train_time:1431.979s step_avg:1214.57ms
step:1180/3300 train_loss:3.60260 train_time:1433.191s step_avg:1214.57ms
step:1181/3300 train_loss:3.57797 train_time:1434.419s step_avg:1214.58ms
step:1182/3300 train_loss:3.61658 train_time:1435.630s step_avg:1214.58ms
step:1183/3300 train_loss:3.60119 train_time:1436.849s step_avg:1214.58ms
step:1184/3300 train_loss:3.58778 train_time:1438.070s step_avg:1214.59ms
step:1185/3300 train_loss:3.63697 train_time:1439.286s step_avg:1214.59ms
step:1186/3300 train_loss:3.55485 train_time:1440.503s step_avg:1214.59ms
step:1187/3300 train_loss:3.64136 train_time:1441.713s step_avg:1214.59ms
step:1188/3300 train_loss:3.62157 train_time:1442.938s step_avg:1214.59ms
step:1189/3300 train_loss:3.62239 train_time:1444.146s step_avg:1214.59ms
step:1190/3300 train_loss:3.62529 train_time:1445.355s step_avg:1214.58ms
step:1191/3300 train_loss:3.74446 train_time:1446.565s step_avg:1214.58ms
step:1192/3300 train_loss:3.69252 train_time:1447.770s step_avg:1214.57ms
step:1193/3300 train_loss:3.58713 train_time:1448.982s step_avg:1214.57ms
step:1194/3300 train_loss:3.62164 train_time:1450.189s step_avg:1214.56ms
step:1195/3300 train_loss:3.60594 train_time:1451.394s step_avg:1214.56ms
step:1196/3300 train_loss:3.60660 train_time:1452.604s step_avg:1214.55ms
step:1197/3300 train_loss:3.69355 train_time:1453.818s step_avg:1214.55ms
step:1198/3300 train_loss:3.63546 train_time:1455.022s step_avg:1214.54ms
step:1199/3300 train_loss:3.58458 train_time:1456.233s step_avg:1214.54ms
step:1200/3300 train_loss:3.59145 train_time:1457.441s step_avg:1214.53ms
step:1201/3300 train_loss:3.63269 train_time:1458.673s step_avg:1214.55ms
step:1202/3300 train_loss:3.63804 train_time:1459.881s step_avg:1214.54ms
step:1203/3300 train_loss:3.57192 train_time:1461.091s step_avg:1214.54ms
step:1204/3300 train_loss:3.63258 train_time:1462.299s step_avg:1214.53ms
step:1205/3300 train_loss:3.62907 train_time:1463.497s step_avg:1214.52ms
step:1206/3300 train_loss:3.55933 train_time:1464.710s step_avg:1214.52ms
step:1207/3300 train_loss:3.66012 train_time:1465.923s step_avg:1214.52ms
step:1208/3300 train_loss:3.59977 train_time:1467.135s step_avg:1214.52ms
step:1209/3300 train_loss:3.60438 train_time:1468.345s step_avg:1214.51ms
step:1210/3300 train_loss:3.58515 train_time:1469.559s step_avg:1214.51ms
step:1211/3300 train_loss:3.64941 train_time:1470.768s step_avg:1214.51ms
step:1212/3300 train_loss:3.57402 train_time:1471.977s step_avg:1214.50ms
step:1213/3300 train_loss:3.60104 train_time:1473.186s step_avg:1214.50ms
step:1214/3300 train_loss:3.56140 train_time:1474.410s step_avg:1214.51ms
step:1215/3300 train_loss:3.59933 train_time:1475.619s step_avg:1214.50ms
step:1216/3300 train_loss:3.58357 train_time:1476.832s step_avg:1214.50ms
step:1217/3300 train_loss:3.57810 train_time:1478.040s step_avg:1214.49ms
step:1218/3300 train_loss:3.58626 train_time:1479.243s step_avg:1214.49ms
step:1219/3300 train_loss:3.68613 train_time:1480.452s step_avg:1214.48ms
step:1220/3300 train_loss:3.63367 train_time:1481.659s step_avg:1214.47ms
step:1221/3300 train_loss:3.58405 train_time:1482.876s step_avg:1214.48ms
step:1222/3300 train_loss:3.64186 train_time:1484.086s step_avg:1214.47ms
step:1223/3300 train_loss:3.59380 train_time:1485.294s step_avg:1214.47ms
step:1224/3300 train_loss:3.61214 train_time:1486.502s step_avg:1214.46ms
step:1225/3300 train_loss:3.56508 train_time:1487.711s step_avg:1214.46ms
step:1226/3300 train_loss:3.61143 train_time:1488.926s step_avg:1214.46ms
step:1227/3300 train_loss:3.59987 train_time:1490.138s step_avg:1214.46ms
step:1228/3300 train_loss:3.58034 train_time:1491.345s step_avg:1214.45ms
step:1229/3300 train_loss:3.59783 train_time:1492.545s step_avg:1214.44ms
step:1230/3300 train_loss:3.56904 train_time:1493.756s step_avg:1214.44ms
step:1231/3300 train_loss:3.65072 train_time:1494.975s step_avg:1214.44ms
step:1232/3300 train_loss:3.60589 train_time:1496.183s step_avg:1214.43ms
step:1233/3300 train_loss:3.56751 train_time:1497.384s step_avg:1214.42ms
step:1234/3300 train_loss:3.63993 train_time:1498.592s step_avg:1214.42ms
step:1235/3300 train_loss:3.60138 train_time:1499.797s step_avg:1214.41ms
step:1236/3300 train_loss:3.60915 train_time:1501.008s step_avg:1214.41ms
step:1237/3300 train_loss:3.56457 train_time:1502.211s step_avg:1214.40ms
step:1238/3300 train_loss:3.55651 train_time:1503.418s step_avg:1214.39ms
step:1239/3300 train_loss:3.62046 train_time:1504.622s step_avg:1214.38ms
step:1240/3300 train_loss:3.55345 train_time:1505.828s step_avg:1214.38ms
step:1241/3300 train_loss:3.66457 train_time:1507.038s step_avg:1214.37ms
step:1242/3300 train_loss:3.68691 train_time:1508.294s step_avg:1214.41ms
step:1243/3300 train_loss:3.62271 train_time:1509.504s step_avg:1214.40ms
step:1244/3300 train_loss:3.58896 train_time:1510.709s step_avg:1214.40ms
step:1245/3300 train_loss:3.61066 train_time:1511.913s step_avg:1214.39ms
step:1246/3300 train_loss:3.55515 train_time:1513.126s step_avg:1214.39ms
step:1247/3300 train_loss:3.56261 train_time:1514.333s step_avg:1214.38ms
step:1248/3300 train_loss:3.62302 train_time:1515.540s step_avg:1214.38ms
step:1249/3300 train_loss:3.59055 train_time:1516.742s step_avg:1214.37ms
step:1250/3300 train_loss:3.53520 train_time:1517.944s step_avg:1214.35ms
step:1250/3300 val_loss:3.57813 train_time:1517.944s step_avg:1211.23ms
step:1251/3300 train_loss:3.56903 train_time:1519.155s step_avg:1214.35ms
step:1252/3300 train_loss:3.57764 train_time:1520.382s step_avg:1214.36ms
step:1253/3300 train_loss:3.61011 train_time:1521.588s step_avg:1214.36ms
step:1254/3300 train_loss:3.62148 train_time:1522.791s step_avg:1214.35ms
step:1255/3300 train_loss:3.61429 train_time:1523.991s step_avg:1214.34ms
step:1256/3300 train_loss:3.60309 train_time:1525.199s step_avg:1214.33ms
step:1257/3300 train_loss:3.56406 train_time:1526.409s step_avg:1214.33ms
step:1258/3300 train_loss:3.78193 train_time:1527.652s step_avg:1214.35ms
step:1259/3300 train_loss:3.61158 train_time:1528.852s step_avg:1214.34ms
step:1260/3300 train_loss:3.56864 train_time:1530.060s step_avg:1214.33ms
step:1261/3300 train_loss:3.59826 train_time:1531.273s step_avg:1214.33ms
step:1262/3300 train_loss:3.62200 train_time:1532.475s step_avg:1214.32ms
step:1263/3300 train_loss:3.59074 train_time:1533.677s step_avg:1214.31ms
step:1264/3300 train_loss:3.57632 train_time:1534.885s step_avg:1214.31ms
step:1265/3300 train_loss:3.60814 train_time:1536.097s step_avg:1214.31ms
step:1266/3300 train_loss:3.59158 train_time:1537.308s step_avg:1214.30ms
step:1267/3300 train_loss:3.52587 train_time:1538.516s step_avg:1214.30ms
step:1268/3300 train_loss:3.54647 train_time:1539.718s step_avg:1214.29ms
step:1269/3300 train_loss:3.56906 train_time:1540.946s step_avg:1214.30ms
step:1270/3300 train_loss:3.61526 train_time:1542.155s step_avg:1214.30ms
step:1271/3300 train_loss:3.57959 train_time:1543.363s step_avg:1214.29ms
step:1272/3300 train_loss:3.60911 train_time:1544.572s step_avg:1214.29ms
step:1273/3300 train_loss:3.62035 train_time:1545.777s step_avg:1214.28ms
step:1274/3300 train_loss:3.62823 train_time:1546.979s step_avg:1214.27ms
step:1275/3300 train_loss:3.54866 train_time:1548.193s step_avg:1214.27ms
step:1276/3300 train_loss:3.61465 train_time:1549.404s step_avg:1214.27ms
step:1277/3300 train_loss:3.56061 train_time:1550.625s step_avg:1214.27ms
step:1278/3300 train_loss:3.62945 train_time:1551.852s step_avg:1214.28ms
step:1279/3300 train_loss:3.57843 train_time:1553.059s step_avg:1214.28ms
step:1280/3300 train_loss:3.62903 train_time:1554.271s step_avg:1214.27ms
step:1281/3300 train_loss:3.59831 train_time:1555.487s step_avg:1214.28ms
step:1282/3300 train_loss:3.63778 train_time:1556.694s step_avg:1214.27ms
step:1283/3300 train_loss:3.52728 train_time:1557.899s step_avg:1214.26ms
step:1284/3300 train_loss:3.56619 train_time:1559.110s step_avg:1214.26ms
step:1285/3300 train_loss:3.58599 train_time:1560.325s step_avg:1214.26ms
step:1286/3300 train_loss:3.68725 train_time:1561.540s step_avg:1214.26ms
step:1287/3300 train_loss:3.60647 train_time:1562.750s step_avg:1214.26ms
step:1288/3300 train_loss:3.59338 train_time:1563.956s step_avg:1214.25ms
step:1289/3300 train_loss:3.56323 train_time:1565.158s step_avg:1214.24ms
step:1290/3300 train_loss:3.56610 train_time:1566.366s step_avg:1214.24ms
step:1291/3300 train_loss:3.57969 train_time:1567.601s step_avg:1214.25ms
step:1292/3300 train_loss:3.63790 train_time:1568.819s step_avg:1214.26ms
step:1293/3300 train_loss:3.62151 train_time:1570.049s step_avg:1214.27ms
step:1294/3300 train_loss:3.58703 train_time:1571.258s step_avg:1214.26ms
step:1295/3300 train_loss:3.62565 train_time:1572.472s step_avg:1214.26ms
step:1296/3300 train_loss:3.65579 train_time:1573.687s step_avg:1214.26ms
step:1297/3300 train_loss:3.54703 train_time:1574.896s step_avg:1214.26ms
step:1298/3300 train_loss:3.63608 train_time:1576.097s step_avg:1214.25ms
step:1299/3300 train_loss:3.56554 train_time:1577.299s step_avg:1214.24ms
step:1300/3300 train_loss:3.60841 train_time:1578.502s step_avg:1214.23ms
step:1301/3300 train_loss:3.62178 train_time:1579.711s step_avg:1214.23ms
step:1302/3300 train_loss:3.62158 train_time:1580.927s step_avg:1214.23ms
step:1303/3300 train_loss:3.61251 train_time:1582.139s step_avg:1214.23ms
step:1304/3300 train_loss:3.58545 train_time:1583.340s step_avg:1214.22ms
step:1305/3300 train_loss:3.53726 train_time:1584.540s step_avg:1214.21ms
step:1306/3300 train_loss:3.58806 train_time:1585.752s step_avg:1214.20ms
step:1307/3300 train_loss:3.53477 train_time:1586.985s step_avg:1214.22ms
step:1308/3300 train_loss:3.56741 train_time:1588.202s step_avg:1214.22ms
step:1309/3300 train_loss:3.65823 train_time:1589.404s step_avg:1214.21ms
step:1310/3300 train_loss:3.52308 train_time:1590.623s step_avg:1214.22ms
step:1311/3300 train_loss:3.58002 train_time:1591.846s step_avg:1214.22ms
step:1312/3300 train_loss:3.58129 train_time:1593.057s step_avg:1214.22ms
step:1313/3300 train_loss:3.56016 train_time:1594.259s step_avg:1214.21ms
step:1314/3300 train_loss:3.48710 train_time:1595.466s step_avg:1214.21ms
step:1315/3300 train_loss:3.64203 train_time:1596.672s step_avg:1214.20ms
step:1316/3300 train_loss:3.64146 train_time:1597.904s step_avg:1214.21ms
step:1317/3300 train_loss:3.58081 train_time:1599.130s step_avg:1214.22ms
step:1318/3300 train_loss:3.56586 train_time:1600.351s step_avg:1214.23ms
step:1319/3300 train_loss:3.66197 train_time:1601.571s step_avg:1214.23ms
step:1320/3300 train_loss:3.61342 train_time:1602.780s step_avg:1214.23ms
step:1321/3300 train_loss:3.71918 train_time:1603.985s step_avg:1214.22ms
step:1322/3300 train_loss:3.56378 train_time:1605.201s step_avg:1214.22ms
step:1323/3300 train_loss:3.62617 train_time:1606.406s step_avg:1214.21ms
step:1324/3300 train_loss:3.63766 train_time:1607.614s step_avg:1214.21ms
step:1325/3300 train_loss:3.55488 train_time:1608.820s step_avg:1214.20ms
step:1326/3300 train_loss:3.55620 train_time:1610.031s step_avg:1214.20ms
step:1327/3300 train_loss:3.59677 train_time:1611.250s step_avg:1214.20ms
step:1328/3300 train_loss:3.49062 train_time:1612.460s step_avg:1214.20ms
step:1329/3300 train_loss:3.60127 train_time:1613.664s step_avg:1214.19ms
step:1330/3300 train_loss:3.62343 train_time:1614.874s step_avg:1214.19ms
step:1331/3300 train_loss:3.60988 train_time:1616.117s step_avg:1214.21ms
step:1332/3300 train_loss:3.67471 train_time:1617.330s step_avg:1214.21ms
step:1333/3300 train_loss:3.60578 train_time:1618.543s step_avg:1214.21ms
step:1334/3300 train_loss:3.60515 train_time:1619.743s step_avg:1214.20ms
step:1335/3300 train_loss:3.64879 train_time:1620.946s step_avg:1214.19ms
step:1336/3300 train_loss:3.59841 train_time:1622.165s step_avg:1214.20ms
step:1337/3300 train_loss:3.60177 train_time:1623.374s step_avg:1214.19ms
step:1338/3300 train_loss:3.58659 train_time:1624.583s step_avg:1214.19ms
step:1339/3300 train_loss:3.57848 train_time:1625.789s step_avg:1214.18ms
step:1340/3300 train_loss:3.59813 train_time:1627.012s step_avg:1214.19ms
step:1341/3300 train_loss:3.60476 train_time:1628.234s step_avg:1214.19ms
step:1342/3300 train_loss:3.67006 train_time:1629.448s step_avg:1214.19ms
step:1343/3300 train_loss:3.61364 train_time:1630.667s step_avg:1214.20ms
step:1344/3300 train_loss:3.56601 train_time:1631.882s step_avg:1214.20ms
step:1345/3300 train_loss:3.49548 train_time:1633.083s step_avg:1214.19ms
step:1346/3300 train_loss:3.57271 train_time:1634.289s step_avg:1214.18ms
step:1347/3300 train_loss:3.59534 train_time:1635.500s step_avg:1214.18ms
step:1348/3300 train_loss:3.58675 train_time:1636.716s step_avg:1214.18ms
step:1349/3300 train_loss:3.56941 train_time:1637.926s step_avg:1214.18ms
step:1350/3300 train_loss:3.59544 train_time:1639.135s step_avg:1214.17ms
step:1351/3300 train_loss:3.62258 train_time:1640.366s step_avg:1214.19ms
step:1352/3300 train_loss:3.54838 train_time:1641.586s step_avg:1214.19ms
step:1353/3300 train_loss:3.59309 train_time:1642.781s step_avg:1214.18ms
step:1354/3300 train_loss:3.57191 train_time:1643.985s step_avg:1214.17ms
step:1355/3300 train_loss:3.51409 train_time:1645.194s step_avg:1214.17ms
step:1356/3300 train_loss:3.61499 train_time:1646.407s step_avg:1214.16ms
step:1357/3300 train_loss:3.76367 train_time:1647.608s step_avg:1214.15ms
step:1358/3300 train_loss:3.59287 train_time:1648.806s step_avg:1214.14ms
step:1359/3300 train_loss:3.52331 train_time:1650.019s step_avg:1214.14ms
step:1360/3300 train_loss:3.55715 train_time:1651.234s step_avg:1214.14ms
step:1361/3300 train_loss:3.53003 train_time:1652.450s step_avg:1214.14ms
step:1362/3300 train_loss:3.57482 train_time:1653.657s step_avg:1214.14ms
step:1363/3300 train_loss:3.51948 train_time:1654.866s step_avg:1214.13ms
step:1364/3300 train_loss:3.53318 train_time:1656.070s step_avg:1214.13ms
step:1365/3300 train_loss:3.57175 train_time:1657.286s step_avg:1214.13ms
step:1366/3300 train_loss:3.59313 train_time:1658.495s step_avg:1214.12ms
step:1367/3300 train_loss:3.57255 train_time:1659.706s step_avg:1214.12ms
step:1368/3300 train_loss:3.64149 train_time:1660.939s step_avg:1214.14ms
step:1369/3300 train_loss:3.57909 train_time:1662.148s step_avg:1214.13ms
step:1370/3300 train_loss:3.64980 train_time:1663.357s step_avg:1214.13ms
step:1371/3300 train_loss:3.56730 train_time:1664.572s step_avg:1214.13ms
step:1372/3300 train_loss:3.61160 train_time:1665.821s step_avg:1214.16ms
step:1373/3300 train_loss:3.58794 train_time:1667.050s step_avg:1214.17ms
step:1374/3300 train_loss:3.55089 train_time:1668.262s step_avg:1214.16ms
step:1375/3300 train_loss:3.57531 train_time:1669.473s step_avg:1214.16ms
step:1375/3300 val_loss:3.55068 train_time:1669.473s step_avg:1212.23ms
step:1376/3300 train_loss:3.61348 train_time:1670.689s step_avg:1214.16ms
step:1377/3300 train_loss:3.56735 train_time:1671.898s step_avg:1214.16ms
step:1378/3300 train_loss:3.59646 train_time:1673.109s step_avg:1214.16ms
step:1379/3300 train_loss:3.51627 train_time:1674.319s step_avg:1214.15ms
step:1380/3300 train_loss:3.50899 train_time:1675.528s step_avg:1214.15ms
step:1381/3300 train_loss:3.62571 train_time:1676.744s step_avg:1214.15ms
step:1382/3300 train_loss:3.57551 train_time:1677.951s step_avg:1214.15ms
step:1383/3300 train_loss:3.57596 train_time:1679.156s step_avg:1214.14ms
step:1384/3300 train_loss:3.55280 train_time:1680.363s step_avg:1214.13ms
step:1385/3300 train_loss:3.53236 train_time:1681.573s step_avg:1214.13ms
step:1386/3300 train_loss:3.59254 train_time:1682.784s step_avg:1214.13ms
step:1387/3300 train_loss:3.58384 train_time:1684.001s step_avg:1214.13ms
step:1388/3300 train_loss:3.56805 train_time:1685.209s step_avg:1214.13ms
step:1389/3300 train_loss:3.59852 train_time:1686.422s step_avg:1214.13ms
step:1390/3300 train_loss:3.57934 train_time:1687.633s step_avg:1214.12ms
step:1391/3300 train_loss:3.62231 train_time:1688.840s step_avg:1214.12ms
step:1392/3300 train_loss:3.56985 train_time:1690.064s step_avg:1214.13ms
step:1393/3300 train_loss:3.57334 train_time:1691.273s step_avg:1214.12ms
step:1394/3300 train_loss:3.61995 train_time:1692.531s step_avg:1214.15ms
step:1395/3300 train_loss:3.57737 train_time:1693.740s step_avg:1214.15ms
step:1396/3300 train_loss:3.57306 train_time:1694.966s step_avg:1214.16ms
step:1397/3300 train_loss:3.54514 train_time:1696.178s step_avg:1214.16ms
step:1398/3300 train_loss:3.54855 train_time:1697.387s step_avg:1214.15ms
step:1399/3300 train_loss:3.53045 train_time:1698.612s step_avg:1214.16ms
step:1400/3300 train_loss:3.57565 train_time:1699.819s step_avg:1214.16ms
step:1401/3300 train_loss:3.52784 train_time:1701.028s step_avg:1214.15ms
step:1402/3300 train_loss:3.56666 train_time:1702.236s step_avg:1214.15ms
step:1403/3300 train_loss:3.60144 train_time:1703.437s step_avg:1214.14ms
step:1404/3300 train_loss:3.54948 train_time:1704.639s step_avg:1214.13ms
step:1405/3300 train_loss:3.51449 train_time:1705.846s step_avg:1214.12ms
step:1406/3300 train_loss:3.55988 train_time:1707.061s step_avg:1214.13ms
step:1407/3300 train_loss:3.58008 train_time:1708.258s step_avg:1214.11ms
step:1408/3300 train_loss:3.63358 train_time:1709.492s step_avg:1214.13ms
step:1409/3300 train_loss:3.56306 train_time:1710.699s step_avg:1214.12ms
step:1410/3300 train_loss:3.57556 train_time:1711.900s step_avg:1214.11ms
step:1411/3300 train_loss:3.57072 train_time:1713.109s step_avg:1214.11ms
step:1412/3300 train_loss:3.59668 train_time:1714.319s step_avg:1214.11ms
step:1413/3300 train_loss:3.56987 train_time:1715.529s step_avg:1214.10ms
step:1414/3300 train_loss:3.50673 train_time:1716.735s step_avg:1214.10ms
step:1415/3300 train_loss:3.56699 train_time:1717.943s step_avg:1214.09ms
step:1416/3300 train_loss:3.54511 train_time:1719.171s step_avg:1214.10ms
step:1417/3300 train_loss:3.56582 train_time:1720.382s step_avg:1214.10ms
step:1418/3300 train_loss:3.57749 train_time:1721.591s step_avg:1214.10ms
step:1419/3300 train_loss:3.67672 train_time:1722.802s step_avg:1214.10ms
step:1420/3300 train_loss:3.57029 train_time:1724.014s step_avg:1214.09ms
step:1421/3300 train_loss:3.52953 train_time:1725.234s step_avg:1214.10ms
step:1422/3300 train_loss:3.55045 train_time:1726.455s step_avg:1214.10ms
step:1423/3300 train_loss:3.52825 train_time:1727.660s step_avg:1214.10ms
step:1424/3300 train_loss:3.55056 train_time:1728.864s step_avg:1214.09ms
step:1425/3300 train_loss:3.53090 train_time:1730.072s step_avg:1214.09ms
step:1426/3300 train_loss:3.57009 train_time:1731.287s step_avg:1214.09ms
step:1427/3300 train_loss:3.55911 train_time:1732.508s step_avg:1214.09ms
step:1428/3300 train_loss:3.56430 train_time:1733.721s step_avg:1214.09ms
step:1429/3300 train_loss:3.57750 train_time:1734.928s step_avg:1214.09ms
step:1430/3300 train_loss:3.51166 train_time:1736.203s step_avg:1214.13ms
step:1431/3300 train_loss:3.51649 train_time:1737.431s step_avg:1214.14ms
step:1432/3300 train_loss:3.58799 train_time:1738.646s step_avg:1214.14ms
step:1433/3300 train_loss:3.50536 train_time:1739.857s step_avg:1214.14ms
step:1434/3300 train_loss:3.51771 train_time:1741.061s step_avg:1214.13ms
step:1435/3300 train_loss:3.51362 train_time:1742.266s step_avg:1214.12ms
step:1436/3300 train_loss:3.49721 train_time:1743.495s step_avg:1214.13ms
step:1437/3300 train_loss:3.63585 train_time:1744.705s step_avg:1214.13ms
step:1438/3300 train_loss:3.58349 train_time:1745.930s step_avg:1214.14ms
step:1439/3300 train_loss:3.53555 train_time:1747.137s step_avg:1214.13ms
step:1440/3300 train_loss:3.47763 train_time:1748.342s step_avg:1214.13ms
step:1441/3300 train_loss:3.52370 train_time:1749.558s step_avg:1214.13ms
step:1442/3300 train_loss:3.53126 train_time:1750.763s step_avg:1214.12ms
step:1443/3300 train_loss:3.56752 train_time:1751.977s step_avg:1214.12ms
step:1444/3300 train_loss:3.54525 train_time:1753.179s step_avg:1214.11ms
step:1445/3300 train_loss:3.54103 train_time:1754.379s step_avg:1214.10ms
step:1446/3300 train_loss:3.58198 train_time:1755.588s step_avg:1214.10ms
step:1447/3300 train_loss:3.51459 train_time:1756.798s step_avg:1214.10ms
step:1448/3300 train_loss:3.52816 train_time:1758.003s step_avg:1214.09ms
step:1449/3300 train_loss:3.54837 train_time:1759.211s step_avg:1214.09ms
step:1450/3300 train_loss:3.55529 train_time:1760.422s step_avg:1214.08ms
step:1451/3300 train_loss:3.49291 train_time:1761.629s step_avg:1214.08ms
step:1452/3300 train_loss:3.53756 train_time:1762.859s step_avg:1214.09ms
step:1453/3300 train_loss:3.48871 train_time:1764.065s step_avg:1214.08ms
step:1454/3300 train_loss:3.59780 train_time:1765.276s step_avg:1214.08ms
step:1455/3300 train_loss:3.57677 train_time:1766.483s step_avg:1214.08ms
step:1456/3300 train_loss:3.51948 train_time:1767.699s step_avg:1214.08ms
step:1457/3300 train_loss:3.55116 train_time:1768.914s step_avg:1214.08ms
step:1458/3300 train_loss:3.57857 train_time:1770.125s step_avg:1214.08ms
step:1459/3300 train_loss:3.57548 train_time:1771.337s step_avg:1214.08ms
step:1460/3300 train_loss:3.49696 train_time:1772.546s step_avg:1214.07ms
step:1461/3300 train_loss:3.54386 train_time:1773.769s step_avg:1214.08ms
step:1462/3300 train_loss:3.47855 train_time:1774.978s step_avg:1214.08ms
step:1463/3300 train_loss:3.62331 train_time:1776.190s step_avg:1214.07ms
step:1464/3300 train_loss:3.53827 train_time:1777.425s step_avg:1214.09ms
step:1465/3300 train_loss:3.53950 train_time:1778.623s step_avg:1214.08ms
step:1466/3300 train_loss:3.54492 train_time:1779.832s step_avg:1214.07ms
step:1467/3300 train_loss:3.51467 train_time:1781.041s step_avg:1214.07ms
step:1468/3300 train_loss:3.53168 train_time:1782.242s step_avg:1214.06ms
step:1469/3300 train_loss:3.53586 train_time:1783.445s step_avg:1214.05ms
step:1470/3300 train_loss:3.45439 train_time:1784.649s step_avg:1214.05ms
step:1471/3300 train_loss:3.50138 train_time:1785.874s step_avg:1214.05ms
step:1472/3300 train_loss:3.58823 train_time:1787.081s step_avg:1214.05ms
step:1473/3300 train_loss:3.56966 train_time:1788.286s step_avg:1214.04ms
step:1474/3300 train_loss:3.52625 train_time:1789.502s step_avg:1214.04ms
step:1475/3300 train_loss:3.50527 train_time:1790.707s step_avg:1214.04ms
step:1476/3300 train_loss:3.53688 train_time:1791.923s step_avg:1214.04ms
step:1477/3300 train_loss:3.48277 train_time:1793.120s step_avg:1214.03ms
step:1478/3300 train_loss:3.53434 train_time:1794.328s step_avg:1214.02ms
step:1479/3300 train_loss:3.57501 train_time:1795.537s step_avg:1214.02ms
step:1480/3300 train_loss:3.57005 train_time:1796.746s step_avg:1214.02ms
step:1481/3300 train_loss:3.59752 train_time:1798.001s step_avg:1214.05ms
step:1482/3300 train_loss:3.53018 train_time:1799.208s step_avg:1214.04ms
step:1483/3300 train_loss:3.52262 train_time:1800.408s step_avg:1214.03ms
step:1484/3300 train_loss:3.52055 train_time:1801.618s step_avg:1214.03ms
step:1485/3300 train_loss:3.50721 train_time:1802.831s step_avg:1214.03ms
step:1486/3300 train_loss:3.54982 train_time:1804.077s step_avg:1214.05ms
step:1487/3300 train_loss:3.59127 train_time:1805.296s step_avg:1214.05ms
step:1488/3300 train_loss:3.52939 train_time:1806.508s step_avg:1214.05ms
step:1489/3300 train_loss:3.51954 train_time:1807.720s step_avg:1214.05ms
step:1490/3300 train_loss:3.54521 train_time:1808.936s step_avg:1214.05ms
step:1491/3300 train_loss:3.52165 train_time:1810.150s step_avg:1214.05ms
step:1492/3300 train_loss:3.46166 train_time:1811.358s step_avg:1214.05ms
step:1493/3300 train_loss:3.58449 train_time:1812.572s step_avg:1214.05ms
step:1494/3300 train_loss:3.49270 train_time:1813.789s step_avg:1214.05ms
step:1495/3300 train_loss:3.47201 train_time:1815.005s step_avg:1214.05ms
step:1496/3300 train_loss:3.50078 train_time:1816.214s step_avg:1214.05ms
step:1497/3300 train_loss:3.54517 train_time:1817.426s step_avg:1214.05ms
step:1498/3300 train_loss:3.47974 train_time:1818.631s step_avg:1214.04ms
step:1499/3300 train_loss:3.50935 train_time:1819.842s step_avg:1214.04ms
step:1500/3300 train_loss:3.56242 train_time:1821.048s step_avg:1214.03ms
step:1500/3300 val_loss:3.52219 train_time:1821.049s step_avg:1212.61ms
step:1501/3300 train_loss:3.43020 train_time:1822.264s step_avg:1214.03ms
step:1502/3300 train_loss:3.48154 train_time:1823.470s step_avg:1214.03ms
step:1503/3300 train_loss:3.46450 train_time:1824.674s step_avg:1214.02ms
step:1504/3300 train_loss:3.50344 train_time:1825.890s step_avg:1214.02ms
step:1505/3300 train_loss:3.49254 train_time:1827.091s step_avg:1214.01ms
step:1506/3300 train_loss:3.51815 train_time:1828.310s step_avg:1214.02ms
step:1507/3300 train_loss:3.46322 train_time:1829.514s step_avg:1214.01ms
step:1508/3300 train_loss:3.52903 train_time:1830.738s step_avg:1214.02ms
step:1509/3300 train_loss:3.53024 train_time:1831.945s step_avg:1214.01ms
step:1510/3300 train_loss:3.50190 train_time:1833.149s step_avg:1214.01ms
step:1511/3300 train_loss:3.56228 train_time:1834.354s step_avg:1214.00ms
step:1512/3300 train_loss:3.51664 train_time:1835.576s step_avg:1214.01ms
step:1513/3300 train_loss:3.51508 train_time:1836.783s step_avg:1214.00ms
step:1514/3300 train_loss:3.59140 train_time:1838.000s step_avg:1214.00ms
step:1515/3300 train_loss:3.52947 train_time:1839.211s step_avg:1214.00ms
step:1516/3300 train_loss:3.58750 train_time:1840.426s step_avg:1214.00ms
step:1517/3300 train_loss:3.49403 train_time:1841.633s step_avg:1214.00ms
step:1518/3300 train_loss:3.52868 train_time:1842.832s step_avg:1213.99ms
step:1519/3300 train_loss:3.57752 train_time:1844.033s step_avg:1213.98ms
step:1520/3300 train_loss:3.45411 train_time:1845.235s step_avg:1213.97ms
step:1521/3300 train_loss:3.50996 train_time:1846.481s step_avg:1213.99ms
step:1522/3300 train_loss:3.50704 train_time:1847.703s step_avg:1214.00ms
step:1523/3300 train_loss:3.54174 train_time:1848.908s step_avg:1213.99ms
step:1524/3300 train_loss:3.55718 train_time:1850.120s step_avg:1213.99ms
step:1525/3300 train_loss:3.56612 train_time:1851.344s step_avg:1214.00ms
step:1526/3300 train_loss:3.54966 train_time:1852.556s step_avg:1213.99ms
step:1527/3300 train_loss:3.48197 train_time:1853.754s step_avg:1213.98ms
step:1528/3300 train_loss:3.58736 train_time:1854.954s step_avg:1213.98ms
step:1529/3300 train_loss:3.51814 train_time:1856.155s step_avg:1213.97ms
step:1530/3300 train_loss:3.51476 train_time:1857.364s step_avg:1213.96ms
step:1531/3300 train_loss:3.52787 train_time:1858.587s step_avg:1213.97ms
step:1532/3300 train_loss:3.56642 train_time:1859.810s step_avg:1213.97ms
step:1533/3300 train_loss:3.55314 train_time:1861.015s step_avg:1213.97ms
step:1534/3300 train_loss:3.52021 train_time:1862.228s step_avg:1213.97ms
step:1535/3300 train_loss:3.52798 train_time:1863.434s step_avg:1213.96ms
step:1536/3300 train_loss:3.49562 train_time:1864.642s step_avg:1213.96ms
step:1537/3300 train_loss:3.57528 train_time:1865.852s step_avg:1213.96ms
step:1538/3300 train_loss:3.53367 train_time:1867.055s step_avg:1213.95ms
step:1539/3300 train_loss:3.63208 train_time:1868.280s step_avg:1213.96ms
step:1540/3300 train_loss:3.48525 train_time:1869.487s step_avg:1213.95ms
step:1541/3300 train_loss:3.48767 train_time:1870.703s step_avg:1213.95ms
step:1542/3300 train_loss:3.50547 train_time:1871.934s step_avg:1213.96ms
step:1543/3300 train_loss:3.52851 train_time:1873.135s step_avg:1213.96ms
step:1544/3300 train_loss:3.49532 train_time:1874.334s step_avg:1213.95ms
step:1545/3300 train_loss:3.54842 train_time:1875.561s step_avg:1213.96ms
step:1546/3300 train_loss:3.52841 train_time:1876.786s step_avg:1213.96ms
step:1547/3300 train_loss:3.52875 train_time:1877.997s step_avg:1213.96ms
step:1548/3300 train_loss:3.55053 train_time:1879.203s step_avg:1213.96ms
step:1549/3300 train_loss:3.54187 train_time:1880.427s step_avg:1213.96ms
step:1550/3300 train_loss:3.54405 train_time:1881.645s step_avg:1213.96ms
step:1551/3300 train_loss:3.48955 train_time:1882.862s step_avg:1213.97ms
step:1552/3300 train_loss:3.54146 train_time:1884.073s step_avg:1213.96ms
step:1553/3300 train_loss:3.53905 train_time:1885.277s step_avg:1213.96ms
step:1554/3300 train_loss:3.52465 train_time:1886.477s step_avg:1213.95ms
step:1555/3300 train_loss:3.52803 train_time:1887.677s step_avg:1213.94ms
step:1556/3300 train_loss:3.55766 train_time:1888.893s step_avg:1213.94ms
step:1557/3300 train_loss:3.51968 train_time:1890.104s step_avg:1213.94ms
step:1558/3300 train_loss:3.40074 train_time:1891.324s step_avg:1213.94ms
step:1559/3300 train_loss:3.51902 train_time:1892.530s step_avg:1213.94ms
step:1560/3300 train_loss:3.51373 train_time:1893.733s step_avg:1213.93ms
step:1561/3300 train_loss:3.61098 train_time:1894.975s step_avg:1213.95ms
step:1562/3300 train_loss:3.55301 train_time:1896.178s step_avg:1213.94ms
step:1563/3300 train_loss:3.53311 train_time:1897.383s step_avg:1213.94ms
step:1564/3300 train_loss:3.45030 train_time:1898.595s step_avg:1213.94ms
step:1565/3300 train_loss:3.50984 train_time:1899.799s step_avg:1213.93ms
step:1566/3300 train_loss:3.51040 train_time:1901.018s step_avg:1213.93ms
step:1567/3300 train_loss:3.49109 train_time:1902.218s step_avg:1213.92ms
step:1568/3300 train_loss:3.51924 train_time:1903.417s step_avg:1213.91ms
step:1569/3300 train_loss:3.55273 train_time:1904.620s step_avg:1213.91ms
step:1570/3300 train_loss:3.48573 train_time:1905.831s step_avg:1213.91ms
step:1571/3300 train_loss:3.46846 train_time:1907.048s step_avg:1213.91ms
step:1572/3300 train_loss:3.49296 train_time:1908.258s step_avg:1213.90ms
step:1573/3300 train_loss:3.52132 train_time:1909.457s step_avg:1213.89ms
step:1574/3300 train_loss:3.50086 train_time:1910.655s step_avg:1213.88ms
step:1575/3300 train_loss:3.54885 train_time:1911.861s step_avg:1213.88ms
step:1576/3300 train_loss:3.57582 train_time:1913.067s step_avg:1213.87ms
step:1577/3300 train_loss:3.54907 train_time:1914.275s step_avg:1213.87ms
step:1578/3300 train_loss:3.54413 train_time:1915.478s step_avg:1213.86ms
step:1579/3300 train_loss:3.47211 train_time:1916.683s step_avg:1213.86ms
step:1580/3300 train_loss:3.42564 train_time:1917.904s step_avg:1213.86ms
step:1581/3300 train_loss:3.58648 train_time:1919.119s step_avg:1213.86ms
step:1582/3300 train_loss:3.47785 train_time:1920.347s step_avg:1213.87ms
step:1583/3300 train_loss:3.52265 train_time:1921.558s step_avg:1213.87ms
step:1584/3300 train_loss:3.49683 train_time:1922.757s step_avg:1213.86ms
step:1585/3300 train_loss:3.51674 train_time:1923.959s step_avg:1213.85ms
step:1586/3300 train_loss:3.46211 train_time:1925.174s step_avg:1213.86ms
step:1587/3300 train_loss:3.48440 train_time:1926.395s step_avg:1213.86ms
step:1588/3300 train_loss:3.49008 train_time:1927.597s step_avg:1213.85ms
step:1589/3300 train_loss:3.50645 train_time:1928.817s step_avg:1213.86ms
step:1590/3300 train_loss:3.50403 train_time:1930.027s step_avg:1213.85ms
step:1591/3300 train_loss:3.49339 train_time:1931.245s step_avg:1213.86ms
step:1592/3300 train_loss:3.46729 train_time:1932.446s step_avg:1213.85ms
step:1593/3300 train_loss:3.49793 train_time:1933.657s step_avg:1213.85ms
step:1594/3300 train_loss:3.52486 train_time:1934.857s step_avg:1213.84ms
step:1595/3300 train_loss:3.51455 train_time:1936.070s step_avg:1213.84ms
step:1596/3300 train_loss:3.44848 train_time:1937.301s step_avg:1213.85ms
step:1597/3300 train_loss:3.46813 train_time:1938.504s step_avg:1213.84ms
step:1598/3300 train_loss:3.63084 train_time:1939.722s step_avg:1213.84ms
step:1599/3300 train_loss:3.49605 train_time:1940.926s step_avg:1213.84ms
step:1600/3300 train_loss:3.48834 train_time:1942.139s step_avg:1213.84ms
step:1601/3300 train_loss:3.54978 train_time:1943.352s step_avg:1213.84ms
step:1602/3300 train_loss:3.54973 train_time:1944.592s step_avg:1213.85ms
step:1603/3300 train_loss:3.50096 train_time:1945.799s step_avg:1213.85ms
step:1604/3300 train_loss:3.46290 train_time:1947.008s step_avg:1213.85ms
step:1605/3300 train_loss:3.53106 train_time:1948.228s step_avg:1213.85ms
step:1606/3300 train_loss:3.56902 train_time:1949.444s step_avg:1213.85ms
step:1607/3300 train_loss:3.45537 train_time:1950.655s step_avg:1213.85ms
step:1608/3300 train_loss:3.45811 train_time:1951.870s step_avg:1213.85ms
step:1609/3300 train_loss:3.51744 train_time:1953.080s step_avg:1213.85ms
step:1610/3300 train_loss:3.55010 train_time:1954.282s step_avg:1213.84ms
step:1611/3300 train_loss:3.55156 train_time:1955.506s step_avg:1213.85ms
step:1612/3300 train_loss:3.51219 train_time:1956.733s step_avg:1213.85ms
step:1613/3300 train_loss:3.50040 train_time:1957.941s step_avg:1213.85ms
step:1614/3300 train_loss:3.63212 train_time:1959.145s step_avg:1213.84ms
step:1615/3300 train_loss:3.55952 train_time:1960.355s step_avg:1213.84ms
step:1616/3300 train_loss:3.52552 train_time:1961.581s step_avg:1213.85ms
step:1617/3300 train_loss:3.46587 train_time:1962.781s step_avg:1213.84ms
step:1618/3300 train_loss:3.53215 train_time:1963.983s step_avg:1213.83ms
step:1619/3300 train_loss:3.43418 train_time:1965.194s step_avg:1213.83ms
step:1620/3300 train_loss:3.58151 train_time:1966.402s step_avg:1213.83ms
step:1621/3300 train_loss:3.48964 train_time:1967.615s step_avg:1213.83ms
step:1622/3300 train_loss:3.48333 train_time:1968.830s step_avg:1213.83ms
step:1623/3300 train_loss:3.45112 train_time:1970.041s step_avg:1213.83ms
step:1624/3300 train_loss:3.51103 train_time:1971.248s step_avg:1213.82ms
step:1625/3300 train_loss:3.51402 train_time:1972.463s step_avg:1213.82ms
step:1625/3300 val_loss:3.50271 train_time:1972.463s step_avg:1211.32ms
step:1626/3300 train_loss:3.51113 train_time:1973.676s step_avg:1213.82ms
step:1627/3300 train_loss:3.51113 train_time:1974.877s step_avg:1213.81ms
step:1628/3300 train_loss:3.45017 train_time:1976.087s step_avg:1213.81ms
step:1629/3300 train_loss:3.53573 train_time:1977.298s step_avg:1213.81ms
step:1630/3300 train_loss:3.52146 train_time:1978.503s step_avg:1213.81ms
step:1631/3300 train_loss:3.44415 train_time:1979.721s step_avg:1213.81ms
step:1632/3300 train_loss:3.50633 train_time:1980.933s step_avg:1213.81ms
step:1633/3300 train_loss:3.55902 train_time:1982.139s step_avg:1213.80ms
step:1634/3300 train_loss:3.54219 train_time:1983.351s step_avg:1213.80ms
step:1635/3300 train_loss:3.50519 train_time:1984.559s step_avg:1213.80ms
step:1636/3300 train_loss:3.50991 train_time:1985.766s step_avg:1213.79ms
step:1637/3300 train_loss:3.58276 train_time:1986.981s step_avg:1213.79ms
step:1638/3300 train_loss:3.47930 train_time:1988.196s step_avg:1213.79ms
step:1639/3300 train_loss:3.51691 train_time:1989.399s step_avg:1213.79ms
step:1640/3300 train_loss:3.49340 train_time:1990.614s step_avg:1213.79ms
step:1641/3300 train_loss:3.48851 train_time:1991.822s step_avg:1213.79ms
step:1642/3300 train_loss:3.53740 train_time:1993.036s step_avg:1213.79ms
step:1643/3300 train_loss:3.50009 train_time:1994.269s step_avg:1213.80ms
step:1644/3300 train_loss:3.48059 train_time:1995.480s step_avg:1213.80ms
step:1645/3300 train_loss:3.48222 train_time:1996.682s step_avg:1213.79ms
step:1646/3300 train_loss:3.46779 train_time:1997.915s step_avg:1213.80ms
step:1647/3300 train_loss:3.53642 train_time:1999.125s step_avg:1213.80ms
step:1648/3300 train_loss:3.53897 train_time:2000.342s step_avg:1213.80ms
step:1649/3300 train_loss:3.53349 train_time:2001.551s step_avg:1213.80ms
step:1650/3300 train_loss:3.50571 train_time:2002.757s step_avg:1213.79ms
step:1651/3300 train_loss:3.50427 train_time:2003.978s step_avg:1213.80ms
step:1652/3300 train_loss:3.47085 train_time:2005.184s step_avg:1213.79ms
step:1653/3300 train_loss:3.49961 train_time:2006.396s step_avg:1213.79ms
step:1654/3300 train_loss:3.50703 train_time:2007.614s step_avg:1213.79ms
step:1655/3300 train_loss:3.49698 train_time:2008.865s step_avg:1213.82ms
step:1656/3300 train_loss:3.55574 train_time:2010.086s step_avg:1213.82ms
step:1657/3300 train_loss:3.49298 train_time:2011.300s step_avg:1213.82ms
step:1658/3300 train_loss:3.49203 train_time:2012.510s step_avg:1213.82ms
step:1659/3300 train_loss:3.51401 train_time:2013.740s step_avg:1213.83ms
step:1660/3300 train_loss:3.57934 train_time:2014.938s step_avg:1213.82ms
step:1661/3300 train_loss:3.48175 train_time:2016.149s step_avg:1213.82ms
step:1662/3300 train_loss:3.51499 train_time:2017.367s step_avg:1213.82ms
step:1663/3300 train_loss:3.54118 train_time:2018.578s step_avg:1213.82ms
step:1664/3300 train_loss:3.47627 train_time:2019.782s step_avg:1213.81ms
step:1665/3300 train_loss:3.50045 train_time:2020.991s step_avg:1213.81ms
step:1666/3300 train_loss:3.52004 train_time:2022.206s step_avg:1213.81ms
step:1667/3300 train_loss:3.53867 train_time:2023.420s step_avg:1213.81ms
step:1668/3300 train_loss:3.47433 train_time:2024.621s step_avg:1213.80ms
step:1669/3300 train_loss:3.54607 train_time:2025.821s step_avg:1213.79ms
step:1670/3300 train_loss:3.43014 train_time:2027.045s step_avg:1213.80ms
step:1671/3300 train_loss:3.80712 train_time:2028.252s step_avg:1213.80ms
step:1672/3300 train_loss:3.51100 train_time:2029.474s step_avg:1213.80ms
step:1673/3300 train_loss:3.48127 train_time:2030.681s step_avg:1213.80ms
step:1674/3300 train_loss:3.53127 train_time:2031.882s step_avg:1213.79ms
step:1675/3300 train_loss:3.48681 train_time:2033.083s step_avg:1213.78ms
step:1676/3300 train_loss:3.48919 train_time:2034.292s step_avg:1213.78ms
step:1677/3300 train_loss:3.58232 train_time:2035.497s step_avg:1213.77ms
step:1678/3300 train_loss:3.49151 train_time:2036.702s step_avg:1213.77ms
step:1679/3300 train_loss:3.45012 train_time:2037.913s step_avg:1213.77ms
step:1680/3300 train_loss:3.47684 train_time:2039.134s step_avg:1213.77ms
step:1681/3300 train_loss:3.47128 train_time:2040.346s step_avg:1213.77ms
step:1682/3300 train_loss:3.50707 train_time:2041.556s step_avg:1213.77ms
step:1683/3300 train_loss:3.47228 train_time:2042.762s step_avg:1213.76ms
step:1684/3300 train_loss:3.50552 train_time:2043.973s step_avg:1213.76ms
step:1685/3300 train_loss:3.50135 train_time:2045.182s step_avg:1213.76ms
step:1686/3300 train_loss:3.47266 train_time:2046.388s step_avg:1213.75ms
step:1687/3300 train_loss:3.49682 train_time:2047.597s step_avg:1213.75ms
step:1688/3300 train_loss:3.49482 train_time:2048.803s step_avg:1213.75ms
step:1689/3300 train_loss:3.45730 train_time:2050.003s step_avg:1213.74ms
step:1690/3300 train_loss:3.45132 train_time:2051.208s step_avg:1213.73ms
step:1691/3300 train_loss:3.44248 train_time:2052.419s step_avg:1213.73ms
step:1692/3300 train_loss:3.52497 train_time:2053.627s step_avg:1213.73ms
step:1693/3300 train_loss:3.45352 train_time:2054.837s step_avg:1213.73ms
step:1694/3300 train_loss:3.50930 train_time:2056.039s step_avg:1213.72ms
step:1695/3300 train_loss:3.53758 train_time:2057.247s step_avg:1213.72ms
step:1696/3300 train_loss:3.49430 train_time:2058.472s step_avg:1213.72ms
step:1697/3300 train_loss:3.49717 train_time:2059.683s step_avg:1213.72ms
step:1698/3300 train_loss:3.43984 train_time:2060.887s step_avg:1213.71ms
step:1699/3300 train_loss:3.50606 train_time:2062.100s step_avg:1213.71ms
step:1700/3300 train_loss:3.54639 train_time:2063.309s step_avg:1213.71ms
step:1701/3300 train_loss:3.52565 train_time:2064.526s step_avg:1213.71ms
step:1702/3300 train_loss:3.52486 train_time:2065.721s step_avg:1213.70ms
step:1703/3300 train_loss:3.47113 train_time:2066.927s step_avg:1213.70ms
step:1704/3300 train_loss:3.50720 train_time:2068.136s step_avg:1213.69ms
step:1705/3300 train_loss:3.48863 train_time:2069.402s step_avg:1213.73ms
step:1706/3300 train_loss:3.46912 train_time:2070.610s step_avg:1213.72ms
step:1707/3300 train_loss:3.48459 train_time:2071.814s step_avg:1213.72ms
step:1708/3300 train_loss:3.46387 train_time:2073.027s step_avg:1213.72ms
step:1709/3300 train_loss:3.72772 train_time:2074.274s step_avg:1213.74ms
step:1710/3300 train_loss:3.57125 train_time:2075.481s step_avg:1213.73ms
step:1711/3300 train_loss:3.46805 train_time:2076.711s step_avg:1213.74ms
step:1712/3300 train_loss:3.48225 train_time:2077.921s step_avg:1213.74ms
step:1713/3300 train_loss:3.53644 train_time:2079.122s step_avg:1213.73ms
step:1714/3300 train_loss:3.44744 train_time:2080.330s step_avg:1213.73ms
step:1715/3300 train_loss:3.52621 train_time:2081.526s step_avg:1213.72ms
step:1716/3300 train_loss:3.46629 train_time:2082.730s step_avg:1213.71ms
step:1717/3300 train_loss:3.48525 train_time:2083.941s step_avg:1213.71ms
step:1718/3300 train_loss:3.52463 train_time:2085.141s step_avg:1213.70ms
step:1719/3300 train_loss:3.52746 train_time:2086.346s step_avg:1213.70ms
step:1720/3300 train_loss:3.47893 train_time:2087.547s step_avg:1213.69ms
step:1721/3300 train_loss:3.51130 train_time:2088.759s step_avg:1213.69ms
step:1722/3300 train_loss:3.51788 train_time:2089.963s step_avg:1213.68ms
step:1723/3300 train_loss:3.51186 train_time:2091.170s step_avg:1213.68ms
step:1724/3300 train_loss:3.47603 train_time:2092.392s step_avg:1213.68ms
step:1725/3300 train_loss:3.50789 train_time:2093.602s step_avg:1213.68ms
step:1726/3300 train_loss:3.47452 train_time:2094.810s step_avg:1213.68ms
step:1727/3300 train_loss:3.46643 train_time:2096.018s step_avg:1213.68ms
step:1728/3300 train_loss:3.44915 train_time:2097.237s step_avg:1213.68ms
step:1729/3300 train_loss:3.52627 train_time:2098.454s step_avg:1213.68ms
step:1730/3300 train_loss:3.58201 train_time:2099.661s step_avg:1213.68ms
step:1731/3300 train_loss:3.48322 train_time:2100.876s step_avg:1213.68ms
step:1732/3300 train_loss:3.50730 train_time:2102.087s step_avg:1213.68ms
step:1733/3300 train_loss:3.43745 train_time:2103.296s step_avg:1213.67ms
step:1734/3300 train_loss:3.60283 train_time:2104.505s step_avg:1213.67ms
step:1735/3300 train_loss:3.51046 train_time:2105.706s step_avg:1213.66ms
step:1736/3300 train_loss:3.58281 train_time:2106.907s step_avg:1213.66ms
step:1737/3300 train_loss:3.57815 train_time:2108.110s step_avg:1213.65ms
step:1738/3300 train_loss:3.45192 train_time:2109.327s step_avg:1213.65ms
step:1739/3300 train_loss:3.46779 train_time:2110.533s step_avg:1213.65ms
step:1740/3300 train_loss:3.45478 train_time:2111.744s step_avg:1213.65ms
step:1741/3300 train_loss:3.45160 train_time:2112.955s step_avg:1213.64ms
step:1742/3300 train_loss:3.50094 train_time:2114.159s step_avg:1213.64ms
step:1743/3300 train_loss:3.43600 train_time:2115.361s step_avg:1213.63ms
step:1744/3300 train_loss:3.44982 train_time:2116.567s step_avg:1213.63ms
step:1745/3300 train_loss:3.50879 train_time:2117.766s step_avg:1213.62ms
step:1746/3300 train_loss:3.51545 train_time:2118.975s step_avg:1213.62ms
step:1747/3300 train_loss:3.48775 train_time:2120.180s step_avg:1213.61ms
step:1748/3300 train_loss:3.54270 train_time:2121.391s step_avg:1213.61ms
step:1749/3300 train_loss:3.49608 train_time:2122.635s step_avg:1213.63ms
step:1750/3300 train_loss:3.48393 train_time:2123.851s step_avg:1213.63ms
step:1750/3300 val_loss:3.48084 train_time:2123.851s step_avg:1211.10ms
step:1751/3300 train_loss:3.52827 train_time:2125.071s step_avg:1213.63ms
step:1752/3300 train_loss:3.51879 train_time:2126.298s step_avg:1213.64ms
step:1753/3300 train_loss:3.45943 train_time:2127.508s step_avg:1213.64ms
step:1754/3300 train_loss:3.49627 train_time:2128.717s step_avg:1213.64ms
step:1755/3300 train_loss:3.49928 train_time:2129.932s step_avg:1213.64ms
step:1756/3300 train_loss:3.46613 train_time:2131.156s step_avg:1213.64ms
step:1757/3300 train_loss:3.47111 train_time:2132.364s step_avg:1213.64ms
step:1758/3300 train_loss:3.60832 train_time:2133.568s step_avg:1213.63ms
step:1759/3300 train_loss:3.59782 train_time:2134.771s step_avg:1213.63ms
step:1760/3300 train_loss:3.54274 train_time:2135.982s step_avg:1213.63ms
step:1761/3300 train_loss:3.48659 train_time:2137.197s step_avg:1213.63ms
step:1762/3300 train_loss:3.48782 train_time:2138.410s step_avg:1213.63ms
step:1763/3300 train_loss:3.45669 train_time:2139.629s step_avg:1213.63ms
step:1764/3300 train_loss:3.48042 train_time:2140.833s step_avg:1213.62ms
step:1765/3300 train_loss:3.47866 train_time:2142.051s step_avg:1213.63ms
step:1766/3300 train_loss:3.45055 train_time:2143.271s step_avg:1213.63ms
step:1767/3300 train_loss:3.56483 train_time:2144.474s step_avg:1213.62ms
step:1768/3300 train_loss:3.49772 train_time:2145.685s step_avg:1213.62ms
step:1769/3300 train_loss:3.59927 train_time:2146.892s step_avg:1213.62ms
step:1770/3300 train_loss:3.49414 train_time:2148.101s step_avg:1213.62ms
step:1771/3300 train_loss:3.50304 train_time:2149.314s step_avg:1213.62ms
step:1772/3300 train_loss:3.45141 train_time:2150.521s step_avg:1213.61ms
step:1773/3300 train_loss:3.51868 train_time:2151.741s step_avg:1213.62ms
step:1774/3300 train_loss:3.50770 train_time:2152.960s step_avg:1213.62ms
step:1775/3300 train_loss:3.52081 train_time:2154.171s step_avg:1213.62ms
step:1776/3300 train_loss:3.52372 train_time:2155.396s step_avg:1213.62ms
step:1777/3300 train_loss:3.52482 train_time:2156.606s step_avg:1213.62ms
step:1778/3300 train_loss:3.52337 train_time:2157.811s step_avg:1213.62ms
step:1779/3300 train_loss:3.54596 train_time:2159.021s step_avg:1213.61ms
step:1780/3300 train_loss:3.47654 train_time:2160.238s step_avg:1213.62ms
step:1781/3300 train_loss:3.45932 train_time:2161.453s step_avg:1213.62ms
step:1782/3300 train_loss:3.48042 train_time:2162.667s step_avg:1213.62ms
step:1783/3300 train_loss:3.51362 train_time:2163.870s step_avg:1213.61ms
step:1784/3300 train_loss:3.41339 train_time:2165.075s step_avg:1213.61ms
step:1785/3300 train_loss:3.52251 train_time:2166.292s step_avg:1213.61ms
step:1786/3300 train_loss:3.51357 train_time:2167.508s step_avg:1213.61ms
step:1787/3300 train_loss:3.55513 train_time:2168.710s step_avg:1213.60ms
step:1788/3300 train_loss:3.44883 train_time:2169.911s step_avg:1213.60ms
step:1789/3300 train_loss:3.51280 train_time:2171.115s step_avg:1213.59ms
step:1790/3300 train_loss:3.43245 train_time:2172.324s step_avg:1213.59ms
step:1791/3300 train_loss:3.47748 train_time:2173.535s step_avg:1213.59ms
step:1792/3300 train_loss:3.49705 train_time:2174.749s step_avg:1213.59ms
step:1793/3300 train_loss:3.44152 train_time:2175.947s step_avg:1213.58ms
step:1794/3300 train_loss:3.51559 train_time:2177.150s step_avg:1213.57ms
step:1795/3300 train_loss:3.54428 train_time:2178.351s step_avg:1213.57ms
step:1796/3300 train_loss:3.53817 train_time:2179.571s step_avg:1213.57ms
step:1797/3300 train_loss:3.51198 train_time:2180.786s step_avg:1213.57ms
step:1798/3300 train_loss:3.52299 train_time:2181.994s step_avg:1213.57ms
step:1799/3300 train_loss:3.54209 train_time:2183.196s step_avg:1213.56ms
step:1800/3300 train_loss:3.46633 train_time:2184.406s step_avg:1213.56ms
step:1801/3300 train_loss:3.50872 train_time:2185.626s step_avg:1213.56ms
step:1802/3300 train_loss:3.44935 train_time:2186.839s step_avg:1213.56ms
step:1803/3300 train_loss:3.50943 train_time:2188.048s step_avg:1213.56ms
step:1804/3300 train_loss:3.47428 train_time:2189.249s step_avg:1213.55ms
step:1805/3300 train_loss:3.48880 train_time:2190.449s step_avg:1213.55ms
step:1806/3300 train_loss:3.49717 train_time:2191.658s step_avg:1213.54ms
step:1807/3300 train_loss:3.46444 train_time:2192.867s step_avg:1213.54ms
step:1808/3300 train_loss:3.52151 train_time:2194.073s step_avg:1213.54ms
step:1809/3300 train_loss:3.54568 train_time:2195.281s step_avg:1213.53ms
step:1810/3300 train_loss:3.49419 train_time:2196.501s step_avg:1213.54ms
step:1811/3300 train_loss:3.45743 train_time:2197.714s step_avg:1213.54ms
step:1812/3300 train_loss:3.46994 train_time:2198.923s step_avg:1213.53ms
step:1813/3300 train_loss:3.49684 train_time:2200.135s step_avg:1213.53ms
step:1814/3300 train_loss:3.45707 train_time:2201.333s step_avg:1213.52ms
step:1815/3300 train_loss:3.51573 train_time:2202.533s step_avg:1213.52ms
step:1816/3300 train_loss:3.47033 train_time:2203.739s step_avg:1213.51ms
step:1817/3300 train_loss:3.45661 train_time:2204.960s step_avg:1213.52ms
step:1818/3300 train_loss:3.46261 train_time:2206.170s step_avg:1213.51ms
step:1819/3300 train_loss:3.49251 train_time:2207.375s step_avg:1213.51ms
step:1820/3300 train_loss:3.45397 train_time:2208.585s step_avg:1213.51ms
step:1821/3300 train_loss:3.48578 train_time:2209.815s step_avg:1213.52ms
step:1822/3300 train_loss:3.44408 train_time:2211.029s step_avg:1213.52ms
step:1823/3300 train_loss:3.50326 train_time:2212.247s step_avg:1213.52ms
step:1824/3300 train_loss:3.51876 train_time:2213.451s step_avg:1213.51ms
step:1825/3300 train_loss:3.62177 train_time:2214.656s step_avg:1213.51ms
step:1826/3300 train_loss:3.46058 train_time:2215.873s step_avg:1213.51ms
step:1827/3300 train_loss:3.44986 train_time:2217.074s step_avg:1213.51ms
step:1828/3300 train_loss:3.51299 train_time:2218.276s step_avg:1213.50ms
step:1829/3300 train_loss:3.45130 train_time:2219.497s step_avg:1213.50ms
step:1830/3300 train_loss:3.47801 train_time:2220.707s step_avg:1213.50ms
step:1831/3300 train_loss:3.44761 train_time:2221.926s step_avg:1213.50ms
step:1832/3300 train_loss:3.46938 train_time:2223.142s step_avg:1213.51ms
step:1833/3300 train_loss:3.52902 train_time:2224.357s step_avg:1213.51ms
step:1834/3300 train_loss:3.48807 train_time:2225.574s step_avg:1213.51ms
step:1835/3300 train_loss:3.53680 train_time:2226.777s step_avg:1213.50ms
step:1836/3300 train_loss:3.46541 train_time:2227.994s step_avg:1213.50ms
step:1837/3300 train_loss:3.46309 train_time:2229.195s step_avg:1213.50ms
step:1838/3300 train_loss:3.43529 train_time:2230.404s step_avg:1213.50ms
step:1839/3300 train_loss:3.49125 train_time:2231.615s step_avg:1213.49ms
step:1840/3300 train_loss:3.45688 train_time:2232.816s step_avg:1213.49ms
step:1841/3300 train_loss:3.55376 train_time:2234.026s step_avg:1213.49ms
step:1842/3300 train_loss:3.47931 train_time:2235.262s step_avg:1213.50ms
step:1843/3300 train_loss:3.43286 train_time:2236.489s step_avg:1213.50ms
step:1844/3300 train_loss:3.43405 train_time:2237.692s step_avg:1213.50ms
step:1845/3300 train_loss:3.45535 train_time:2238.897s step_avg:1213.49ms
step:1846/3300 train_loss:3.48483 train_time:2240.116s step_avg:1213.50ms
step:1847/3300 train_loss:3.48255 train_time:2241.337s step_avg:1213.50ms
step:1848/3300 train_loss:3.47585 train_time:2242.552s step_avg:1213.50ms
step:1849/3300 train_loss:3.50643 train_time:2243.765s step_avg:1213.50ms
step:1850/3300 train_loss:3.45479 train_time:2244.988s step_avg:1213.51ms
step:1851/3300 train_loss:3.48230 train_time:2246.216s step_avg:1213.51ms
step:1852/3300 train_loss:3.46004 train_time:2247.417s step_avg:1213.51ms
step:1853/3300 train_loss:3.51634 train_time:2248.621s step_avg:1213.50ms
step:1854/3300 train_loss:3.46353 train_time:2249.845s step_avg:1213.51ms
step:1855/3300 train_loss:3.44678 train_time:2251.056s step_avg:1213.51ms
step:1856/3300 train_loss:3.46916 train_time:2252.271s step_avg:1213.51ms
step:1857/3300 train_loss:3.49950 train_time:2253.473s step_avg:1213.50ms
step:1858/3300 train_loss:3.51420 train_time:2254.707s step_avg:1213.51ms
step:1859/3300 train_loss:3.47283 train_time:2255.926s step_avg:1213.52ms
step:1860/3300 train_loss:3.41738 train_time:2257.137s step_avg:1213.51ms
step:1861/3300 train_loss:3.46648 train_time:2258.345s step_avg:1213.51ms
step:1862/3300 train_loss:3.50275 train_time:2259.555s step_avg:1213.51ms
step:1863/3300 train_loss:3.54086 train_time:2260.765s step_avg:1213.51ms
step:1864/3300 train_loss:3.50438 train_time:2261.983s step_avg:1213.51ms
step:1865/3300 train_loss:3.43663 train_time:2263.191s step_avg:1213.51ms
step:1866/3300 train_loss:3.45682 train_time:2264.419s step_avg:1213.52ms
step:1867/3300 train_loss:3.47933 train_time:2265.637s step_avg:1213.52ms
step:1868/3300 train_loss:3.55782 train_time:2266.844s step_avg:1213.51ms
step:1869/3300 train_loss:3.42322 train_time:2268.051s step_avg:1213.51ms
step:1870/3300 train_loss:3.47546 train_time:2269.261s step_avg:1213.51ms
step:1871/3300 train_loss:3.50991 train_time:2270.495s step_avg:1213.52ms
step:1872/3300 train_loss:3.45070 train_time:2271.700s step_avg:1213.51ms
step:1873/3300 train_loss:3.48174 train_time:2272.908s step_avg:1213.51ms
step:1874/3300 train_loss:3.46301 train_time:2274.114s step_avg:1213.51ms
step:1875/3300 train_loss:3.53589 train_time:2275.324s step_avg:1213.51ms
step:1875/3300 val_loss:3.46038 train_time:2275.324s step_avg:1211.78ms
step:1876/3300 train_loss:3.50275 train_time:2276.534s step_avg:1213.50ms
step:1877/3300 train_loss:3.52218 train_time:2277.742s step_avg:1213.50ms
step:1878/3300 train_loss:3.56001 train_time:2278.947s step_avg:1213.50ms
step:1879/3300 train_loss:3.56073 train_time:2280.155s step_avg:1213.49ms
step:1880/3300 train_loss:3.45909 train_time:2281.361s step_avg:1213.49ms
step:1881/3300 train_loss:3.39878 train_time:2282.569s step_avg:1213.49ms
step:1882/3300 train_loss:3.47370 train_time:2283.820s step_avg:1213.51ms
step:1883/3300 train_loss:3.43635 train_time:2285.027s step_avg:1213.50ms
step:1884/3300 train_loss:3.47633 train_time:2286.237s step_avg:1213.50ms
step:1885/3300 train_loss:3.46819 train_time:2287.450s step_avg:1213.50ms
step:1886/3300 train_loss:3.42403 train_time:2288.682s step_avg:1213.51ms
step:1887/3300 train_loss:3.46509 train_time:2289.888s step_avg:1213.51ms
step:1888/3300 train_loss:3.42593 train_time:2291.099s step_avg:1213.51ms
step:1889/3300 train_loss:3.45973 train_time:2292.302s step_avg:1213.50ms
step:1890/3300 train_loss:3.48262 train_time:2293.506s step_avg:1213.50ms
step:1891/3300 train_loss:3.50292 train_time:2294.722s step_avg:1213.50ms
step:1892/3300 train_loss:3.40886 train_time:2295.922s step_avg:1213.49ms
step:1893/3300 train_loss:3.48518 train_time:2297.124s step_avg:1213.48ms
step:1894/3300 train_loss:3.47193 train_time:2298.323s step_avg:1213.48ms
step:1895/3300 train_loss:3.42942 train_time:2299.534s step_avg:1213.47ms
step:1896/3300 train_loss:3.52575 train_time:2300.753s step_avg:1213.48ms
step:1897/3300 train_loss:3.51137 train_time:2301.975s step_avg:1213.48ms
step:1898/3300 train_loss:3.42611 train_time:2303.185s step_avg:1213.48ms
step:1899/3300 train_loss:3.41893 train_time:2304.386s step_avg:1213.47ms
step:1900/3300 train_loss:3.44354 train_time:2305.598s step_avg:1213.47ms
step:1901/3300 train_loss:3.40492 train_time:2306.846s step_avg:1213.49ms
step:1902/3300 train_loss:3.48673 train_time:2308.079s step_avg:1213.50ms
step:1903/3300 train_loss:3.50945 train_time:2309.287s step_avg:1213.50ms
step:1904/3300 train_loss:3.46134 train_time:2310.488s step_avg:1213.49ms
step:1905/3300 train_loss:3.44488 train_time:2311.709s step_avg:1213.50ms
step:1906/3300 train_loss:3.49135 train_time:2312.926s step_avg:1213.50ms
step:1907/3300 train_loss:3.45058 train_time:2314.126s step_avg:1213.49ms
step:1908/3300 train_loss:3.46717 train_time:2315.325s step_avg:1213.48ms
step:1909/3300 train_loss:3.41274 train_time:2316.529s step_avg:1213.48ms
step:1910/3300 train_loss:3.50041 train_time:2317.749s step_avg:1213.48ms
step:1911/3300 train_loss:3.47514 train_time:2318.997s step_avg:1213.50ms
step:1912/3300 train_loss:3.39548 train_time:2320.204s step_avg:1213.50ms
step:1913/3300 train_loss:3.50620 train_time:2321.404s step_avg:1213.49ms
step:1914/3300 train_loss:3.60109 train_time:2322.656s step_avg:1213.51ms
step:1915/3300 train_loss:3.43335 train_time:2323.865s step_avg:1213.51ms
step:1916/3300 train_loss:3.40677 train_time:2325.075s step_avg:1213.50ms
step:1917/3300 train_loss:3.50388 train_time:2326.283s step_avg:1213.50ms
step:1918/3300 train_loss:3.49717 train_time:2327.487s step_avg:1213.50ms
step:1919/3300 train_loss:3.49196 train_time:2328.712s step_avg:1213.50ms
step:1920/3300 train_loss:3.43158 train_time:2329.920s step_avg:1213.50ms
step:1921/3300 train_loss:3.47169 train_time:2331.131s step_avg:1213.50ms
step:1922/3300 train_loss:3.42342 train_time:2332.338s step_avg:1213.50ms
step:1923/3300 train_loss:3.46357 train_time:2333.548s step_avg:1213.49ms
step:1924/3300 train_loss:3.50038 train_time:2334.772s step_avg:1213.50ms
step:1925/3300 train_loss:3.43594 train_time:2335.977s step_avg:1213.49ms
step:1926/3300 train_loss:3.45634 train_time:2337.197s step_avg:1213.50ms
step:1927/3300 train_loss:3.48553 train_time:2338.439s step_avg:1213.51ms
step:1928/3300 train_loss:3.53442 train_time:2339.644s step_avg:1213.51ms
step:1929/3300 train_loss:3.47228 train_time:2340.846s step_avg:1213.50ms
step:1930/3300 train_loss:3.48783 train_time:2342.057s step_avg:1213.50ms
step:1931/3300 train_loss:3.38392 train_time:2343.289s step_avg:1213.51ms
step:1932/3300 train_loss:3.80109 train_time:2344.503s step_avg:1213.51ms
step:1933/3300 train_loss:3.50259 train_time:2345.714s step_avg:1213.51ms
step:1934/3300 train_loss:3.47166 train_time:2346.939s step_avg:1213.52ms
step:1935/3300 train_loss:3.50707 train_time:2348.151s step_avg:1213.51ms
step:1936/3300 train_loss:3.47593 train_time:2349.369s step_avg:1213.52ms
step:1937/3300 train_loss:3.49701 train_time:2350.573s step_avg:1213.51ms
step:1938/3300 train_loss:3.42583 train_time:2351.792s step_avg:1213.51ms
step:1939/3300 train_loss:3.43534 train_time:2353.007s step_avg:1213.52ms
step:1940/3300 train_loss:3.49255 train_time:2354.214s step_avg:1213.51ms
step:1941/3300 train_loss:3.47813 train_time:2355.443s step_avg:1213.52ms
step:1942/3300 train_loss:3.39814 train_time:2356.665s step_avg:1213.52ms
step:1943/3300 train_loss:3.52585 train_time:2357.868s step_avg:1213.52ms
step:1944/3300 train_loss:3.40885 train_time:2359.082s step_avg:1213.52ms
step:1945/3300 train_loss:3.49677 train_time:2360.289s step_avg:1213.52ms
step:1946/3300 train_loss:3.48762 train_time:2361.497s step_avg:1213.51ms
step:1947/3300 train_loss:3.42331 train_time:2362.710s step_avg:1213.51ms
step:1948/3300 train_loss:3.47820 train_time:2363.920s step_avg:1213.51ms
step:1949/3300 train_loss:3.38827 train_time:2365.128s step_avg:1213.51ms
step:1950/3300 train_loss:3.51663 train_time:2366.328s step_avg:1213.50ms
step:1951/3300 train_loss:3.49019 train_time:2367.549s step_avg:1213.51ms
step:1952/3300 train_loss:3.54783 train_time:2368.754s step_avg:1213.50ms
step:1953/3300 train_loss:3.41314 train_time:2369.963s step_avg:1213.50ms
step:1954/3300 train_loss:3.45611 train_time:2371.172s step_avg:1213.50ms
step:1955/3300 train_loss:3.47693 train_time:2372.390s step_avg:1213.50ms
step:1956/3300 train_loss:3.43883 train_time:2373.610s step_avg:1213.50ms
step:1957/3300 train_loss:3.46392 train_time:2374.813s step_avg:1213.50ms
step:1958/3300 train_loss:3.49138 train_time:2376.012s step_avg:1213.49ms
step:1959/3300 train_loss:3.54453 train_time:2377.220s step_avg:1213.49ms
step:1960/3300 train_loss:3.41941 train_time:2378.449s step_avg:1213.49ms
step:1961/3300 train_loss:3.48245 train_time:2379.655s step_avg:1213.49ms
step:1962/3300 train_loss:3.43281 train_time:2380.866s step_avg:1213.49ms
step:1963/3300 train_loss:3.46163 train_time:2382.065s step_avg:1213.48ms
step:1964/3300 train_loss:3.45407 train_time:2383.271s step_avg:1213.48ms
step:1965/3300 train_loss:3.45769 train_time:2384.479s step_avg:1213.48ms
step:1966/3300 train_loss:3.51879 train_time:2385.713s step_avg:1213.49ms
step:1967/3300 train_loss:3.41400 train_time:2386.927s step_avg:1213.49ms
step:1968/3300 train_loss:3.47054 train_time:2388.144s step_avg:1213.49ms
step:1969/3300 train_loss:3.42192 train_time:2389.368s step_avg:1213.49ms
step:1970/3300 train_loss:3.45317 train_time:2390.569s step_avg:1213.49ms
step:1971/3300 train_loss:3.47615 train_time:2391.798s step_avg:1213.49ms
step:1972/3300 train_loss:3.43108 train_time:2393.007s step_avg:1213.49ms
step:1973/3300 train_loss:3.41821 train_time:2394.211s step_avg:1213.49ms
step:1974/3300 train_loss:3.43318 train_time:2395.411s step_avg:1213.48ms
step:1975/3300 train_loss:3.45137 train_time:2396.617s step_avg:1213.48ms
step:1976/3300 train_loss:3.46146 train_time:2397.833s step_avg:1213.48ms
step:1977/3300 train_loss:3.49952 train_time:2399.039s step_avg:1213.47ms
step:1978/3300 train_loss:3.49589 train_time:2400.248s step_avg:1213.47ms
step:1979/3300 train_loss:3.47792 train_time:2401.446s step_avg:1213.46ms
step:1980/3300 train_loss:3.47914 train_time:2402.648s step_avg:1213.46ms
step:1981/3300 train_loss:3.44157 train_time:2403.859s step_avg:1213.46ms
step:1982/3300 train_loss:3.45723 train_time:2405.074s step_avg:1213.46ms
step:1983/3300 train_loss:3.60406 train_time:2406.280s step_avg:1213.45ms
step:1984/3300 train_loss:3.40932 train_time:2407.489s step_avg:1213.45ms
step:1985/3300 train_loss:3.43366 train_time:2408.700s step_avg:1213.45ms
step:1986/3300 train_loss:3.43466 train_time:2409.909s step_avg:1213.45ms
step:1987/3300 train_loss:3.44302 train_time:2411.114s step_avg:1213.44ms
step:1988/3300 train_loss:3.46711 train_time:2412.327s step_avg:1213.44ms
step:1989/3300 train_loss:3.43212 train_time:2413.535s step_avg:1213.44ms
step:1990/3300 train_loss:3.47001 train_time:2414.746s step_avg:1213.44ms
step:1991/3300 train_loss:3.45211 train_time:2415.955s step_avg:1213.44ms
step:1992/3300 train_loss:3.43748 train_time:2417.165s step_avg:1213.44ms
step:1993/3300 train_loss:3.53743 train_time:2418.374s step_avg:1213.43ms
step:1994/3300 train_loss:3.45811 train_time:2419.580s step_avg:1213.43ms
step:1995/3300 train_loss:3.45380 train_time:2420.790s step_avg:1213.43ms
step:1996/3300 train_loss:3.51557 train_time:2422.014s step_avg:1213.43ms
step:1997/3300 train_loss:3.57486 train_time:2423.226s step_avg:1213.43ms
step:1998/3300 train_loss:3.45848 train_time:2424.441s step_avg:1213.43ms
step:1999/3300 train_loss:3.51966 train_time:2425.653s step_avg:1213.43ms
step:2000/3300 train_loss:3.42718 train_time:2426.860s step_avg:1213.43ms
step:2000/3300 val_loss:3.44112 train_time:2426.860s step_avg:1212.29ms
step:2001/3300 train_loss:3.48743 train_time:2428.076s step_avg:1213.43ms
step:2002/3300 train_loss:3.45919 train_time:2429.287s step_avg:1213.43ms
step:2003/3300 train_loss:3.44303 train_time:2430.496s step_avg:1213.43ms
step:2004/3300 train_loss:3.58903 train_time:2431.704s step_avg:1213.43ms
step:2005/3300 train_loss:3.42923 train_time:2432.907s step_avg:1213.42ms
step:2006/3300 train_loss:3.45608 train_time:2434.117s step_avg:1213.42ms
step:2007/3300 train_loss:3.45931 train_time:2435.384s step_avg:1213.45ms
step:2008/3300 train_loss:3.39482 train_time:2436.588s step_avg:1213.44ms
step:2009/3300 train_loss:3.46935 train_time:2437.837s step_avg:1213.46ms
step:2010/3300 train_loss:3.46358 train_time:2439.043s step_avg:1213.45ms
step:2011/3300 train_loss:3.46890 train_time:2440.261s step_avg:1213.46ms
step:2012/3300 train_loss:3.43446 train_time:2441.466s step_avg:1213.45ms
step:2013/3300 train_loss:3.45905 train_time:2442.661s step_avg:1213.44ms
step:2014/3300 train_loss:3.46421 train_time:2443.869s step_avg:1213.44ms
step:2015/3300 train_loss:3.40766 train_time:2445.067s step_avg:1213.43ms
step:2016/3300 train_loss:3.49125 train_time:2446.317s step_avg:1213.45ms
step:2017/3300 train_loss:3.43558 train_time:2447.534s step_avg:1213.45ms
step:2018/3300 train_loss:3.51305 train_time:2448.742s step_avg:1213.45ms
step:2019/3300 train_loss:3.46979 train_time:2449.947s step_avg:1213.45ms
step:2020/3300 train_loss:3.39040 train_time:2451.151s step_avg:1213.44ms
step:2021/3300 train_loss:3.46180 train_time:2452.361s step_avg:1213.44ms
step:2022/3300 train_loss:3.36797 train_time:2453.563s step_avg:1213.43ms
step:2023/3300 train_loss:3.41606 train_time:2454.768s step_avg:1213.43ms
step:2024/3300 train_loss:3.44370 train_time:2455.970s step_avg:1213.42ms
step:2025/3300 train_loss:3.37057 train_time:2457.171s step_avg:1213.42ms
step:2026/3300 train_loss:3.44868 train_time:2458.374s step_avg:1213.41ms
step:2027/3300 train_loss:3.41071 train_time:2459.589s step_avg:1213.41ms
step:2028/3300 train_loss:3.44237 train_time:2460.796s step_avg:1213.41ms
step:2029/3300 train_loss:3.45302 train_time:2462.010s step_avg:1213.41ms
step:2030/3300 train_loss:3.46194 train_time:2463.209s step_avg:1213.40ms
step:2031/3300 train_loss:3.44904 train_time:2464.418s step_avg:1213.40ms
step:2032/3300 train_loss:3.45129 train_time:2465.624s step_avg:1213.40ms
step:2033/3300 train_loss:3.41870 train_time:2466.839s step_avg:1213.40ms
step:2034/3300 train_loss:3.46074 train_time:2468.046s step_avg:1213.40ms
step:2035/3300 train_loss:3.46169 train_time:2469.249s step_avg:1213.39ms
step:2036/3300 train_loss:3.40794 train_time:2470.459s step_avg:1213.39ms
step:2037/3300 train_loss:3.50469 train_time:2471.668s step_avg:1213.39ms
step:2038/3300 train_loss:3.44414 train_time:2472.910s step_avg:1213.40ms
step:2039/3300 train_loss:3.42701 train_time:2474.127s step_avg:1213.40ms
step:2040/3300 train_loss:3.45164 train_time:2475.327s step_avg:1213.40ms
step:2041/3300 train_loss:3.44746 train_time:2476.540s step_avg:1213.40ms
step:2042/3300 train_loss:3.44559 train_time:2477.746s step_avg:1213.39ms
step:2043/3300 train_loss:3.42112 train_time:2478.945s step_avg:1213.38ms
step:2044/3300 train_loss:3.45652 train_time:2480.148s step_avg:1213.38ms
step:2045/3300 train_loss:3.38786 train_time:2481.371s step_avg:1213.38ms
step:2046/3300 train_loss:3.46417 train_time:2482.588s step_avg:1213.39ms
step:2047/3300 train_loss:3.45466 train_time:2483.790s step_avg:1213.38ms
step:2048/3300 train_loss:3.44667 train_time:2484.991s step_avg:1213.37ms
step:2049/3300 train_loss:3.40564 train_time:2486.204s step_avg:1213.37ms
step:2050/3300 train_loss:3.49055 train_time:2487.414s step_avg:1213.37ms
step:2051/3300 train_loss:3.48950 train_time:2488.631s step_avg:1213.37ms
step:2052/3300 train_loss:3.43899 train_time:2489.853s step_avg:1213.38ms
step:2053/3300 train_loss:3.54066 train_time:2491.057s step_avg:1213.37ms
step:2054/3300 train_loss:3.44772 train_time:2492.268s step_avg:1213.37ms
step:2055/3300 train_loss:3.40880 train_time:2493.491s step_avg:1213.38ms
step:2056/3300 train_loss:3.46359 train_time:2494.713s step_avg:1213.38ms
step:2057/3300 train_loss:3.36891 train_time:2495.928s step_avg:1213.38ms
step:2058/3300 train_loss:3.47798 train_time:2497.132s step_avg:1213.38ms
step:2059/3300 train_loss:3.48094 train_time:2498.335s step_avg:1213.37ms
step:2060/3300 train_loss:3.34330 train_time:2499.543s step_avg:1213.37ms
step:2061/3300 train_loss:3.40592 train_time:2500.764s step_avg:1213.37ms
step:2062/3300 train_loss:3.45405 train_time:2501.976s step_avg:1213.37ms
step:2063/3300 train_loss:3.45574 train_time:2503.193s step_avg:1213.37ms
step:2064/3300 train_loss:3.44767 train_time:2504.417s step_avg:1213.38ms
step:2065/3300 train_loss:3.45968 train_time:2505.640s step_avg:1213.39ms
step:2066/3300 train_loss:3.42310 train_time:2506.867s step_avg:1213.39ms
step:2067/3300 train_loss:3.45156 train_time:2508.111s step_avg:1213.41ms
step:2068/3300 train_loss:3.42772 train_time:2509.313s step_avg:1213.40ms
step:2069/3300 train_loss:3.52307 train_time:2510.517s step_avg:1213.40ms
step:2070/3300 train_loss:3.46904 train_time:2511.724s step_avg:1213.39ms
step:2071/3300 train_loss:3.47505 train_time:2512.942s step_avg:1213.40ms
step:2072/3300 train_loss:3.45011 train_time:2514.156s step_avg:1213.40ms
step:2073/3300 train_loss:3.51873 train_time:2515.356s step_avg:1213.39ms
step:2074/3300 train_loss:3.48220 train_time:2516.565s step_avg:1213.39ms
step:2075/3300 train_loss:3.48673 train_time:2517.772s step_avg:1213.38ms
step:2076/3300 train_loss:3.45855 train_time:2518.978s step_avg:1213.38ms
step:2077/3300 train_loss:3.44094 train_time:2520.204s step_avg:1213.39ms
step:2078/3300 train_loss:3.39891 train_time:2521.416s step_avg:1213.39ms
step:2079/3300 train_loss:3.41846 train_time:2522.623s step_avg:1213.38ms
step:2080/3300 train_loss:3.51631 train_time:2523.829s step_avg:1213.38ms
step:2081/3300 train_loss:3.46294 train_time:2525.055s step_avg:1213.39ms
step:2082/3300 train_loss:3.41804 train_time:2526.271s step_avg:1213.39ms
step:2083/3300 train_loss:3.39586 train_time:2527.506s step_avg:1213.40ms
step:2084/3300 train_loss:3.39984 train_time:2528.716s step_avg:1213.40ms
step:2085/3300 train_loss:3.46435 train_time:2529.940s step_avg:1213.40ms
step:2086/3300 train_loss:3.43584 train_time:2531.167s step_avg:1213.41ms
step:2087/3300 train_loss:3.42478 train_time:2532.375s step_avg:1213.40ms
step:2088/3300 train_loss:3.48121 train_time:2533.578s step_avg:1213.40ms
step:2089/3300 train_loss:3.40367 train_time:2534.790s step_avg:1213.40ms
step:2090/3300 train_loss:3.40485 train_time:2535.995s step_avg:1213.39ms
step:2091/3300 train_loss:3.46325 train_time:2537.237s step_avg:1213.41ms
step:2092/3300 train_loss:3.45677 train_time:2538.445s step_avg:1213.41ms
step:2093/3300 train_loss:3.41669 train_time:2539.667s step_avg:1213.41ms
step:2094/3300 train_loss:3.51749 train_time:2540.895s step_avg:1213.42ms
step:2095/3300 train_loss:3.43567 train_time:2542.095s step_avg:1213.41ms
step:2096/3300 train_loss:3.44635 train_time:2543.303s step_avg:1213.41ms
step:2097/3300 train_loss:3.44801 train_time:2544.531s step_avg:1213.41ms
step:2098/3300 train_loss:3.40460 train_time:2545.751s step_avg:1213.42ms
step:2099/3300 train_loss:3.42221 train_time:2546.957s step_avg:1213.41ms
step:2100/3300 train_loss:3.52920 train_time:2548.177s step_avg:1213.42ms
step:2101/3300 train_loss:3.43151 train_time:2549.392s step_avg:1213.42ms
step:2102/3300 train_loss:3.43486 train_time:2550.605s step_avg:1213.42ms
step:2103/3300 train_loss:3.40443 train_time:2551.814s step_avg:1213.42ms
step:2104/3300 train_loss:3.47978 train_time:2553.015s step_avg:1213.41ms
step:2105/3300 train_loss:3.43047 train_time:2554.247s step_avg:1213.42ms
step:2106/3300 train_loss:3.41980 train_time:2555.464s step_avg:1213.42ms
step:2107/3300 train_loss:3.44716 train_time:2556.680s step_avg:1213.42ms
step:2108/3300 train_loss:3.47497 train_time:2557.892s step_avg:1213.42ms
step:2109/3300 train_loss:3.44811 train_time:2559.107s step_avg:1213.42ms
step:2110/3300 train_loss:3.36832 train_time:2560.323s step_avg:1213.42ms
step:2111/3300 train_loss:3.43004 train_time:2561.536s step_avg:1213.42ms
step:2112/3300 train_loss:3.39298 train_time:2562.740s step_avg:1213.42ms
step:2113/3300 train_loss:3.40762 train_time:2563.954s step_avg:1213.42ms
step:2114/3300 train_loss:3.43849 train_time:2565.170s step_avg:1213.42ms
step:2115/3300 train_loss:3.45514 train_time:2566.379s step_avg:1213.42ms
step:2116/3300 train_loss:3.49006 train_time:2567.595s step_avg:1213.42ms
step:2117/3300 train_loss:3.42656 train_time:2568.798s step_avg:1213.41ms
step:2118/3300 train_loss:3.49598 train_time:2570.025s step_avg:1213.42ms
step:2119/3300 train_loss:3.40735 train_time:2571.234s step_avg:1213.42ms
step:2120/3300 train_loss:3.41062 train_time:2572.439s step_avg:1213.41ms
step:2121/3300 train_loss:3.37324 train_time:2573.658s step_avg:1213.42ms
step:2122/3300 train_loss:3.42021 train_time:2574.862s step_avg:1213.41ms
step:2123/3300 train_loss:3.41655 train_time:2576.077s step_avg:1213.41ms
step:2124/3300 train_loss:3.47455 train_time:2577.287s step_avg:1213.41ms
step:2125/3300 train_loss:3.37491 train_time:2578.526s step_avg:1213.42ms
step:2125/3300 val_loss:3.42285 train_time:2578.526s step_avg:1213.33ms
step:2126/3300 train_loss:3.47894 train_time:2579.741s step_avg:1213.42ms
step:2127/3300 train_loss:3.45892 train_time:2580.945s step_avg:1213.42ms
step:2128/3300 train_loss:3.39369 train_time:2582.146s step_avg:1213.41ms
step:2129/3300 train_loss:3.43705 train_time:2583.358s step_avg:1213.41ms
step:2130/3300 train_loss:3.43174 train_time:2584.567s step_avg:1213.41ms
step:2131/3300 train_loss:3.47781 train_time:2585.785s step_avg:1213.41ms
step:2132/3300 train_loss:3.43379 train_time:2586.984s step_avg:1213.41ms
step:2133/3300 train_loss:3.38450 train_time:2588.201s step_avg:1213.41ms
step:2134/3300 train_loss:3.46243 train_time:2589.402s step_avg:1213.40ms
step:2135/3300 train_loss:3.42715 train_time:2590.606s step_avg:1213.40ms
step:2136/3300 train_loss:3.39741 train_time:2591.814s step_avg:1213.40ms
step:2137/3300 train_loss:3.44127 train_time:2593.040s step_avg:1213.40ms
step:2138/3300 train_loss:3.39676 train_time:2594.256s step_avg:1213.40ms
step:2139/3300 train_loss:3.44566 train_time:2595.481s step_avg:1213.41ms
step:2140/3300 train_loss:3.53209 train_time:2596.687s step_avg:1213.41ms
step:2141/3300 train_loss:3.46607 train_time:2597.905s step_avg:1213.41ms
step:2142/3300 train_loss:3.42296 train_time:2599.108s step_avg:1213.40ms
step:2143/3300 train_loss:3.40416 train_time:2600.314s step_avg:1213.40ms
step:2144/3300 train_loss:3.37941 train_time:2601.523s step_avg:1213.40ms
step:2145/3300 train_loss:3.48841 train_time:2602.731s step_avg:1213.39ms
step:2146/3300 train_loss:3.43216 train_time:2603.947s step_avg:1213.40ms
step:2147/3300 train_loss:3.51909 train_time:2605.161s step_avg:1213.40ms
step:2148/3300 train_loss:3.46693 train_time:2606.367s step_avg:1213.39ms
step:2149/3300 train_loss:3.40592 train_time:2607.579s step_avg:1213.39ms
step:2150/3300 train_loss:3.48966 train_time:2608.787s step_avg:1213.39ms
step:2151/3300 train_loss:3.42330 train_time:2610.004s step_avg:1213.39ms
step:2152/3300 train_loss:3.55745 train_time:2611.205s step_avg:1213.39ms
step:2153/3300 train_loss:3.47338 train_time:2612.425s step_avg:1213.39ms
step:2154/3300 train_loss:3.50989 train_time:2613.647s step_avg:1213.39ms
step:2155/3300 train_loss:3.40399 train_time:2614.861s step_avg:1213.39ms
step:2156/3300 train_loss:3.39748 train_time:2616.070s step_avg:1213.39ms
step:2157/3300 train_loss:3.42338 train_time:2617.279s step_avg:1213.39ms
step:2158/3300 train_loss:3.38771 train_time:2618.493s step_avg:1213.39ms
step:2159/3300 train_loss:3.49934 train_time:2619.699s step_avg:1213.39ms
step:2160/3300 train_loss:3.50572 train_time:2620.903s step_avg:1213.38ms
step:2161/3300 train_loss:3.42508 train_time:2622.125s step_avg:1213.38ms
step:2162/3300 train_loss:3.37931 train_time:2623.332s step_avg:1213.38ms
step:2163/3300 train_loss:3.53054 train_time:2624.542s step_avg:1213.38ms
step:2164/3300 train_loss:3.43133 train_time:2625.749s step_avg:1213.38ms
step:2165/3300 train_loss:3.47936 train_time:2626.957s step_avg:1213.38ms
step:2166/3300 train_loss:3.47787 train_time:2628.187s step_avg:1213.38ms
step:2167/3300 train_loss:3.43279 train_time:2629.389s step_avg:1213.38ms
step:2168/3300 train_loss:3.43496 train_time:2630.591s step_avg:1213.37ms
step:2169/3300 train_loss:3.48050 train_time:2631.798s step_avg:1213.37ms
step:2170/3300 train_loss:3.44088 train_time:2633.009s step_avg:1213.37ms
step:2171/3300 train_loss:3.46732 train_time:2634.227s step_avg:1213.37ms
step:2172/3300 train_loss:3.42175 train_time:2635.433s step_avg:1213.37ms
step:2173/3300 train_loss:3.48045 train_time:2636.641s step_avg:1213.36ms
step:2174/3300 train_loss:3.45608 train_time:2637.862s step_avg:1213.37ms
step:2175/3300 train_loss:3.41537 train_time:2639.068s step_avg:1213.36ms
step:2176/3300 train_loss:3.41972 train_time:2640.272s step_avg:1213.36ms
step:2177/3300 train_loss:3.47845 train_time:2641.487s step_avg:1213.36ms
step:2178/3300 train_loss:3.35668 train_time:2642.691s step_avg:1213.36ms
step:2179/3300 train_loss:3.42229 train_time:2643.900s step_avg:1213.35ms
step:2180/3300 train_loss:3.45030 train_time:2645.109s step_avg:1213.35ms
step:2181/3300 train_loss:3.44900 train_time:2646.322s step_avg:1213.35ms
step:2182/3300 train_loss:3.40716 train_time:2647.529s step_avg:1213.35ms
step:2183/3300 train_loss:3.38636 train_time:2648.731s step_avg:1213.34ms
step:2184/3300 train_loss:3.44433 train_time:2649.930s step_avg:1213.34ms
step:2185/3300 train_loss:3.48611 train_time:2651.133s step_avg:1213.33ms
step:2186/3300 train_loss:3.34799 train_time:2652.346s step_avg:1213.33ms
step:2187/3300 train_loss:3.41255 train_time:2653.562s step_avg:1213.33ms
step:2188/3300 train_loss:3.35567 train_time:2654.770s step_avg:1213.33ms
step:2189/3300 train_loss:3.39235 train_time:2655.982s step_avg:1213.33ms
step:2190/3300 train_loss:3.43418 train_time:2657.184s step_avg:1213.33ms
step:2191/3300 train_loss:3.37505 train_time:2658.392s step_avg:1213.32ms
step:2192/3300 train_loss:3.47645 train_time:2659.602s step_avg:1213.32ms
step:2193/3300 train_loss:3.43598 train_time:2660.809s step_avg:1213.32ms
step:2194/3300 train_loss:3.45538 train_time:2662.013s step_avg:1213.32ms
step:2195/3300 train_loss:3.38527 train_time:2663.225s step_avg:1213.31ms
step:2196/3300 train_loss:3.39201 train_time:2664.437s step_avg:1213.31ms
step:2197/3300 train_loss:3.43606 train_time:2665.644s step_avg:1213.31ms
step:2198/3300 train_loss:3.41713 train_time:2666.852s step_avg:1213.31ms
step:2199/3300 train_loss:3.40314 train_time:2668.075s step_avg:1213.31ms
step:2200/3300 train_loss:3.44387 train_time:2669.283s step_avg:1213.31ms
step:2201/3300 train_loss:3.38360 train_time:2670.492s step_avg:1213.31ms
step:2202/3300 train_loss:3.64012 train_time:2671.711s step_avg:1213.31ms
step:2203/3300 train_loss:3.49203 train_time:2672.925s step_avg:1213.31ms
step:2204/3300 train_loss:3.39162 train_time:2674.140s step_avg:1213.31ms
step:2205/3300 train_loss:3.44713 train_time:2675.351s step_avg:1213.31ms
step:2206/3300 train_loss:3.45126 train_time:2676.563s step_avg:1213.31ms
step:2207/3300 train_loss:3.50481 train_time:2677.783s step_avg:1213.31ms
step:2208/3300 train_loss:3.44917 train_time:2678.992s step_avg:1213.31ms
step:2209/3300 train_loss:3.38901 train_time:2680.193s step_avg:1213.31ms
step:2210/3300 train_loss:3.40675 train_time:2681.404s step_avg:1213.31ms
step:2211/3300 train_loss:3.39034 train_time:2682.621s step_avg:1213.31ms
step:2212/3300 train_loss:3.45647 train_time:2683.831s step_avg:1213.31ms
step:2213/3300 train_loss:3.36162 train_time:2685.031s step_avg:1213.30ms
step:2214/3300 train_loss:3.41621 train_time:2686.232s step_avg:1213.29ms
step:2215/3300 train_loss:3.45943 train_time:2687.435s step_avg:1213.29ms
step:2216/3300 train_loss:3.46735 train_time:2688.653s step_avg:1213.29ms
step:2217/3300 train_loss:3.42513 train_time:2689.862s step_avg:1213.29ms
step:2218/3300 train_loss:3.38572 train_time:2691.070s step_avg:1213.29ms
step:2219/3300 train_loss:3.44758 train_time:2692.280s step_avg:1213.29ms
step:2220/3300 train_loss:3.42838 train_time:2693.496s step_avg:1213.29ms
step:2221/3300 train_loss:3.47485 train_time:2694.720s step_avg:1213.29ms
step:2222/3300 train_loss:3.42350 train_time:2695.929s step_avg:1213.29ms
step:2223/3300 train_loss:3.43806 train_time:2697.146s step_avg:1213.29ms
step:2224/3300 train_loss:3.50857 train_time:2698.359s step_avg:1213.29ms
step:2225/3300 train_loss:3.38822 train_time:2699.569s step_avg:1213.29ms
step:2226/3300 train_loss:3.44278 train_time:2700.779s step_avg:1213.29ms
step:2227/3300 train_loss:3.45385 train_time:2701.987s step_avg:1213.29ms
step:2228/3300 train_loss:3.40394 train_time:2703.201s step_avg:1213.29ms
step:2229/3300 train_loss:3.45241 train_time:2704.409s step_avg:1213.28ms
step:2230/3300 train_loss:3.44275 train_time:2705.616s step_avg:1213.28ms
step:2231/3300 train_loss:3.43090 train_time:2706.837s step_avg:1213.28ms
step:2232/3300 train_loss:3.38443 train_time:2708.046s step_avg:1213.28ms
step:2233/3300 train_loss:3.41064 train_time:2709.252s step_avg:1213.28ms
step:2234/3300 train_loss:3.42442 train_time:2710.456s step_avg:1213.27ms
step:2235/3300 train_loss:3.37510 train_time:2711.657s step_avg:1213.27ms
step:2236/3300 train_loss:3.54252 train_time:2712.865s step_avg:1213.27ms
step:2237/3300 train_loss:3.40741 train_time:2714.083s step_avg:1213.27ms
step:2238/3300 train_loss:3.45170 train_time:2715.295s step_avg:1213.27ms
step:2239/3300 train_loss:3.36284 train_time:2716.496s step_avg:1213.26ms
step:2240/3300 train_loss:3.36489 train_time:2717.710s step_avg:1213.26ms
step:2241/3300 train_loss:3.42802 train_time:2718.914s step_avg:1213.26ms
step:2242/3300 train_loss:3.42727 train_time:2720.117s step_avg:1213.25ms
step:2243/3300 train_loss:3.41660 train_time:2721.316s step_avg:1213.25ms
step:2244/3300 train_loss:3.39934 train_time:2722.518s step_avg:1213.24ms
step:2245/3300 train_loss:3.37444 train_time:2723.732s step_avg:1213.24ms
step:2246/3300 train_loss:3.42124 train_time:2724.942s step_avg:1213.24ms
step:2247/3300 train_loss:3.38254 train_time:2726.156s step_avg:1213.24ms
step:2248/3300 train_loss:3.43021 train_time:2727.369s step_avg:1213.24ms
step:2249/3300 train_loss:3.42978 train_time:2728.574s step_avg:1213.24ms
step:2250/3300 train_loss:3.38845 train_time:2729.775s step_avg:1213.23ms
step:2250/3300 val_loss:3.40515 train_time:2729.775s step_avg:1209.99ms
step:2251/3300 train_loss:3.37135 train_time:2730.995s step_avg:1213.24ms
step:2252/3300 train_loss:3.48338 train_time:2732.196s step_avg:1213.23ms
step:2253/3300 train_loss:3.35091 train_time:2733.404s step_avg:1213.23ms
step:2254/3300 train_loss:3.40075 train_time:2734.616s step_avg:1213.23ms
step:2255/3300 train_loss:3.51177 train_time:2735.829s step_avg:1213.23ms
step:2256/3300 train_loss:3.42124 train_time:2737.066s step_avg:1213.24ms
step:2257/3300 train_loss:3.56070 train_time:2738.271s step_avg:1213.23ms
step:2258/3300 train_loss:3.44781 train_time:2739.484s step_avg:1213.23ms
step:2259/3300 train_loss:3.37261 train_time:2740.689s step_avg:1213.23ms
step:2260/3300 train_loss:3.41244 train_time:2741.897s step_avg:1213.23ms
step:2261/3300 train_loss:3.44554 train_time:2743.103s step_avg:1213.23ms
step:2262/3300 train_loss:3.39454 train_time:2744.316s step_avg:1213.23ms
step:2263/3300 train_loss:3.39708 train_time:2745.531s step_avg:1213.23ms
step:2264/3300 train_loss:3.40800 train_time:2746.743s step_avg:1213.23ms
step:2265/3300 train_loss:3.42827 train_time:2747.948s step_avg:1213.22ms
step:2266/3300 train_loss:3.39529 train_time:2749.180s step_avg:1213.23ms
step:2267/3300 train_loss:3.39465 train_time:2750.387s step_avg:1213.23ms
step:2268/3300 train_loss:3.36336 train_time:2751.593s step_avg:1213.22ms
step:2269/3300 train_loss:3.37645 train_time:2752.799s step_avg:1213.22ms
step:2270/3300 train_loss:3.44266 train_time:2754.010s step_avg:1213.22ms
step:2271/3300 train_loss:3.42363 train_time:2755.243s step_avg:1213.23ms
step:2272/3300 train_loss:3.40171 train_time:2756.445s step_avg:1213.22ms
step:2273/3300 train_loss:3.34871 train_time:2757.655s step_avg:1213.22ms
step:2274/3300 train_loss:3.42328 train_time:2758.868s step_avg:1213.22ms
step:2275/3300 train_loss:3.41377 train_time:2760.082s step_avg:1213.22ms
step:2276/3300 train_loss:3.35681 train_time:2761.290s step_avg:1213.22ms
step:2277/3300 train_loss:3.35476 train_time:2762.497s step_avg:1213.22ms
step:2278/3300 train_loss:3.43034 train_time:2763.733s step_avg:1213.23ms
step:2279/3300 train_loss:3.44113 train_time:2764.954s step_avg:1213.23ms
step:2280/3300 train_loss:3.37006 train_time:2766.177s step_avg:1213.24ms
step:2281/3300 train_loss:3.43007 train_time:2767.414s step_avg:1213.25ms
step:2282/3300 train_loss:3.40207 train_time:2768.623s step_avg:1213.24ms
step:2283/3300 train_loss:3.38906 train_time:2769.824s step_avg:1213.24ms
step:2284/3300 train_loss:3.46618 train_time:2771.027s step_avg:1213.23ms
step:2285/3300 train_loss:3.39505 train_time:2772.231s step_avg:1213.23ms
step:2286/3300 train_loss:3.42449 train_time:2773.442s step_avg:1213.23ms
step:2287/3300 train_loss:3.43025 train_time:2774.653s step_avg:1213.23ms
step:2288/3300 train_loss:3.47407 train_time:2775.860s step_avg:1213.23ms
step:2289/3300 train_loss:3.39918 train_time:2777.066s step_avg:1213.22ms
step:2290/3300 train_loss:3.37628 train_time:2778.276s step_avg:1213.22ms
step:2291/3300 train_loss:3.44137 train_time:2779.492s step_avg:1213.22ms
step:2292/3300 train_loss:3.41280 train_time:2780.709s step_avg:1213.22ms
step:2293/3300 train_loss:3.35514 train_time:2781.913s step_avg:1213.22ms
step:2294/3300 train_loss:3.44339 train_time:2783.123s step_avg:1213.22ms
step:2295/3300 train_loss:3.41940 train_time:2784.333s step_avg:1213.22ms
step:2296/3300 train_loss:3.41374 train_time:2785.552s step_avg:1213.22ms
step:2297/3300 train_loss:3.39563 train_time:2786.762s step_avg:1213.22ms
step:2298/3300 train_loss:3.44538 train_time:2787.965s step_avg:1213.21ms
step:2299/3300 train_loss:3.43385 train_time:2789.176s step_avg:1213.21ms
step:2300/3300 train_loss:3.41981 train_time:2790.387s step_avg:1213.21ms
step:2301/3300 train_loss:3.44333 train_time:2791.591s step_avg:1213.21ms
step:2302/3300 train_loss:3.35980 train_time:2792.802s step_avg:1213.21ms
step:2303/3300 train_loss:3.39766 train_time:2794.005s step_avg:1213.20ms
step:2304/3300 train_loss:3.34792 train_time:2795.206s step_avg:1213.20ms
step:2305/3300 train_loss:3.42887 train_time:2796.410s step_avg:1213.19ms
step:2306/3300 train_loss:3.33763 train_time:2797.630s step_avg:1213.20ms
step:2307/3300 train_loss:3.42381 train_time:2798.851s step_avg:1213.20ms
step:2308/3300 train_loss:3.44806 train_time:2800.062s step_avg:1213.20ms
step:2309/3300 train_loss:3.45473 train_time:2801.264s step_avg:1213.19ms
step:2310/3300 train_loss:3.33102 train_time:2802.468s step_avg:1213.19ms
step:2311/3300 train_loss:3.39712 train_time:2803.685s step_avg:1213.19ms
step:2312/3300 train_loss:3.44031 train_time:2804.905s step_avg:1213.19ms
step:2313/3300 train_loss:3.39355 train_time:2806.126s step_avg:1213.20ms
step:2314/3300 train_loss:3.40132 train_time:2807.336s step_avg:1213.20ms
step:2315/3300 train_loss:3.40189 train_time:2808.550s step_avg:1213.20ms
step:2316/3300 train_loss:3.38739 train_time:2809.775s step_avg:1213.20ms
step:2317/3300 train_loss:3.39332 train_time:2810.985s step_avg:1213.20ms
step:2318/3300 train_loss:3.35224 train_time:2812.208s step_avg:1213.20ms
step:2319/3300 train_loss:3.47680 train_time:2813.412s step_avg:1213.20ms
step:2320/3300 train_loss:3.44150 train_time:2814.625s step_avg:1213.20ms
step:2321/3300 train_loss:3.43056 train_time:2815.834s step_avg:1213.20ms
step:2322/3300 train_loss:3.42384 train_time:2817.050s step_avg:1213.20ms
step:2323/3300 train_loss:3.36932 train_time:2818.258s step_avg:1213.20ms
step:2324/3300 train_loss:3.38181 train_time:2819.475s step_avg:1213.20ms
step:2325/3300 train_loss:3.33612 train_time:2820.687s step_avg:1213.20ms
step:2326/3300 train_loss:3.41118 train_time:2821.897s step_avg:1213.20ms
step:2327/3300 train_loss:3.37358 train_time:2823.109s step_avg:1213.20ms
step:2328/3300 train_loss:3.40178 train_time:2824.314s step_avg:1213.19ms
step:2329/3300 train_loss:3.56200 train_time:2825.549s step_avg:1213.20ms
step:2330/3300 train_loss:3.36038 train_time:2826.752s step_avg:1213.20ms
step:2331/3300 train_loss:3.43294 train_time:2827.970s step_avg:1213.20ms
step:2332/3300 train_loss:3.41155 train_time:2829.180s step_avg:1213.20ms
step:2333/3300 train_loss:3.46304 train_time:2830.397s step_avg:1213.20ms
step:2334/3300 train_loss:3.39749 train_time:2831.606s step_avg:1213.20ms
step:2335/3300 train_loss:3.37784 train_time:2832.811s step_avg:1213.20ms
step:2336/3300 train_loss:3.45522 train_time:2834.027s step_avg:1213.20ms
step:2337/3300 train_loss:3.38458 train_time:2835.254s step_avg:1213.20ms
step:2338/3300 train_loss:3.41458 train_time:2836.473s step_avg:1213.20ms
step:2339/3300 train_loss:3.41707 train_time:2837.671s step_avg:1213.20ms
step:2340/3300 train_loss:3.37085 train_time:2838.877s step_avg:1213.20ms
step:2341/3300 train_loss:3.40541 train_time:2840.128s step_avg:1213.21ms
step:2342/3300 train_loss:3.41370 train_time:2841.335s step_avg:1213.21ms
step:2343/3300 train_loss:3.40403 train_time:2842.545s step_avg:1213.21ms
step:2344/3300 train_loss:3.39556 train_time:2843.759s step_avg:1213.21ms
step:2345/3300 train_loss:3.40699 train_time:2844.997s step_avg:1213.22ms
step:2346/3300 train_loss:3.37380 train_time:2846.211s step_avg:1213.22ms
step:2347/3300 train_loss:3.47571 train_time:2847.427s step_avg:1213.22ms
step:2348/3300 train_loss:3.45208 train_time:2848.630s step_avg:1213.22ms
step:2349/3300 train_loss:3.40989 train_time:2849.831s step_avg:1213.21ms
step:2350/3300 train_loss:3.37661 train_time:2851.031s step_avg:1213.20ms
step:2351/3300 train_loss:3.36813 train_time:2852.235s step_avg:1213.20ms
step:2352/3300 train_loss:3.38064 train_time:2853.436s step_avg:1213.20ms
step:2353/3300 train_loss:3.48039 train_time:2854.688s step_avg:1213.21ms
step:2354/3300 train_loss:3.41395 train_time:2855.901s step_avg:1213.21ms
step:2355/3300 train_loss:3.32839 train_time:2857.114s step_avg:1213.21ms
step:2356/3300 train_loss:3.50145 train_time:2858.325s step_avg:1213.21ms
step:2357/3300 train_loss:3.39500 train_time:2859.534s step_avg:1213.21ms
step:2358/3300 train_loss:3.39445 train_time:2860.740s step_avg:1213.21ms
step:2359/3300 train_loss:3.37304 train_time:2861.949s step_avg:1213.20ms
step:2360/3300 train_loss:3.42117 train_time:2863.155s step_avg:1213.20ms
step:2361/3300 train_loss:3.41263 train_time:2864.374s step_avg:1213.20ms
step:2362/3300 train_loss:3.41543 train_time:2865.586s step_avg:1213.20ms
step:2363/3300 train_loss:3.41101 train_time:2866.790s step_avg:1213.20ms
step:2364/3300 train_loss:3.43759 train_time:2867.994s step_avg:1213.20ms
step:2365/3300 train_loss:3.37350 train_time:2869.214s step_avg:1213.20ms
step:2366/3300 train_loss:3.38376 train_time:2870.437s step_avg:1213.20ms
step:2367/3300 train_loss:3.49867 train_time:2871.639s step_avg:1213.20ms
step:2368/3300 train_loss:3.43923 train_time:2872.847s step_avg:1213.20ms
step:2369/3300 train_loss:3.41039 train_time:2874.054s step_avg:1213.19ms
step:2370/3300 train_loss:3.35324 train_time:2875.255s step_avg:1213.19ms
step:2371/3300 train_loss:3.43524 train_time:2876.474s step_avg:1213.19ms
step:2372/3300 train_loss:3.37945 train_time:2877.680s step_avg:1213.19ms
step:2373/3300 train_loss:3.46879 train_time:2878.902s step_avg:1213.19ms
step:2374/3300 train_loss:3.54390 train_time:2880.110s step_avg:1213.19ms
step:2375/3300 train_loss:3.35582 train_time:2881.314s step_avg:1213.18ms
step:2375/3300 val_loss:3.38880 train_time:2881.314s step_avg:1212.31ms
step:2376/3300 train_loss:3.39183 train_time:2882.529s step_avg:1213.19ms
step:2377/3300 train_loss:3.40326 train_time:2883.736s step_avg:1213.18ms
step:2378/3300 train_loss:3.38541 train_time:2884.946s step_avg:1213.18ms
step:2379/3300 train_loss:3.41643 train_time:2886.145s step_avg:1213.18ms
step:2380/3300 train_loss:3.35965 train_time:2887.351s step_avg:1213.17ms
step:2381/3300 train_loss:3.41423 train_time:2888.576s step_avg:1213.18ms
step:2382/3300 train_loss:3.42798 train_time:2889.790s step_avg:1213.18ms
step:2383/3300 train_loss:3.40861 train_time:2891.002s step_avg:1213.18ms
step:2384/3300 train_loss:3.37824 train_time:2892.205s step_avg:1213.17ms
step:2385/3300 train_loss:3.44543 train_time:2893.415s step_avg:1213.17ms
step:2386/3300 train_loss:3.38896 train_time:2894.630s step_avg:1213.17ms
step:2387/3300 train_loss:3.41397 train_time:2895.840s step_avg:1213.17ms
step:2388/3300 train_loss:3.38457 train_time:2897.044s step_avg:1213.17ms
step:2389/3300 train_loss:3.42818 train_time:2898.265s step_avg:1213.17ms
step:2390/3300 train_loss:3.38059 train_time:2899.474s step_avg:1213.17ms
step:2391/3300 train_loss:3.43452 train_time:2900.688s step_avg:1213.17ms
step:2392/3300 train_loss:3.36498 train_time:2901.898s step_avg:1213.17ms
step:2393/3300 train_loss:3.40144 train_time:2903.104s step_avg:1213.17ms
step:2394/3300 train_loss:3.44100 train_time:2904.305s step_avg:1213.16ms
step:2395/3300 train_loss:3.35052 train_time:2905.500s step_avg:1213.15ms
step:2396/3300 train_loss:3.41292 train_time:2906.724s step_avg:1213.16ms
step:2397/3300 train_loss:3.39723 train_time:2907.959s step_avg:1213.17ms
step:2398/3300 train_loss:3.38619 train_time:2909.169s step_avg:1213.16ms
step:2399/3300 train_loss:3.39061 train_time:2910.373s step_avg:1213.16ms
step:2400/3300 train_loss:3.35588 train_time:2911.585s step_avg:1213.16ms
step:2401/3300 train_loss:3.38819 train_time:2912.801s step_avg:1213.16ms
step:2402/3300 train_loss:3.41300 train_time:2914.004s step_avg:1213.16ms
step:2403/3300 train_loss:3.36976 train_time:2915.205s step_avg:1213.15ms
step:2404/3300 train_loss:3.49327 train_time:2916.462s step_avg:1213.17ms
step:2405/3300 train_loss:3.37113 train_time:2917.671s step_avg:1213.17ms
step:2406/3300 train_loss:3.52067 train_time:2918.889s step_avg:1213.17ms
step:2407/3300 train_loss:3.34684 train_time:2920.096s step_avg:1213.17ms
step:2408/3300 train_loss:3.38306 train_time:2921.302s step_avg:1213.17ms
step:2409/3300 train_loss:3.38975 train_time:2922.535s step_avg:1213.17ms
step:2410/3300 train_loss:3.43189 train_time:2923.740s step_avg:1213.17ms
step:2411/3300 train_loss:3.41800 train_time:2924.955s step_avg:1213.17ms
step:2412/3300 train_loss:3.37161 train_time:2926.168s step_avg:1213.17ms
step:2413/3300 train_loss:3.37354 train_time:2927.378s step_avg:1213.17ms
step:2414/3300 train_loss:3.46246 train_time:2928.586s step_avg:1213.17ms
step:2415/3300 train_loss:3.42665 train_time:2929.787s step_avg:1213.16ms
step:2416/3300 train_loss:3.37630 train_time:2930.995s step_avg:1213.16ms
step:2417/3300 train_loss:3.38709 train_time:2932.204s step_avg:1213.16ms
step:2418/3300 train_loss:3.41100 train_time:2933.408s step_avg:1213.15ms
step:2419/3300 train_loss:3.37100 train_time:2934.611s step_avg:1213.15ms
step:2420/3300 train_loss:3.38649 train_time:2935.819s step_avg:1213.15ms
step:2421/3300 train_loss:3.49138 train_time:2937.048s step_avg:1213.15ms
step:2422/3300 train_loss:3.46998 train_time:2938.250s step_avg:1213.15ms
step:2423/3300 train_loss:3.46185 train_time:2939.463s step_avg:1213.15ms
step:2424/3300 train_loss:3.42395 train_time:2940.667s step_avg:1213.15ms
step:2425/3300 train_loss:3.36533 train_time:2941.877s step_avg:1213.14ms
step:2426/3300 train_loss:3.31482 train_time:2943.094s step_avg:1213.15ms
step:2427/3300 train_loss:3.45003 train_time:2944.304s step_avg:1213.15ms
step:2428/3300 train_loss:3.38449 train_time:2945.511s step_avg:1213.14ms
step:2429/3300 train_loss:3.35440 train_time:2946.735s step_avg:1213.15ms
step:2430/3300 train_loss:3.41510 train_time:2947.959s step_avg:1213.15ms
step:2431/3300 train_loss:3.48018 train_time:2949.178s step_avg:1213.15ms
step:2432/3300 train_loss:3.41910 train_time:2950.414s step_avg:1213.16ms
step:2433/3300 train_loss:3.40062 train_time:2951.630s step_avg:1213.16ms
step:2434/3300 train_loss:3.38650 train_time:2952.838s step_avg:1213.16ms
step:2435/3300 train_loss:3.38257 train_time:2954.044s step_avg:1213.16ms
step:2436/3300 train_loss:3.39538 train_time:2955.254s step_avg:1213.16ms
step:2437/3300 train_loss:3.38088 train_time:2956.466s step_avg:1213.16ms
step:2438/3300 train_loss:3.39671 train_time:2957.669s step_avg:1213.15ms
step:2439/3300 train_loss:3.35817 train_time:2958.873s step_avg:1213.15ms
step:2440/3300 train_loss:3.39077 train_time:2960.088s step_avg:1213.15ms
step:2441/3300 train_loss:3.36398 train_time:2961.298s step_avg:1213.15ms
step:2442/3300 train_loss:3.43165 train_time:2962.520s step_avg:1213.15ms
step:2443/3300 train_loss:3.39685 train_time:2963.726s step_avg:1213.15ms
step:2444/3300 train_loss:3.32899 train_time:2964.929s step_avg:1213.15ms
step:2445/3300 train_loss:3.44741 train_time:2966.133s step_avg:1213.14ms
step:2446/3300 train_loss:3.37933 train_time:2967.356s step_avg:1213.15ms
step:2447/3300 train_loss:3.37735 train_time:2968.575s step_avg:1213.15ms
step:2448/3300 train_loss:3.45500 train_time:2969.787s step_avg:1213.15ms
step:2449/3300 train_loss:3.39941 train_time:2970.990s step_avg:1213.14ms
step:2450/3300 train_loss:3.42079 train_time:2972.196s step_avg:1213.14ms
step:2451/3300 train_loss:3.41435 train_time:2973.412s step_avg:1213.14ms
step:2452/3300 train_loss:3.42846 train_time:2974.615s step_avg:1213.14ms
step:2453/3300 train_loss:3.37093 train_time:2975.823s step_avg:1213.14ms
step:2454/3300 train_loss:3.44076 train_time:2977.033s step_avg:1213.13ms
step:2455/3300 train_loss:3.46391 train_time:2978.274s step_avg:1213.15ms
step:2456/3300 train_loss:3.33112 train_time:2979.503s step_avg:1213.15ms
step:2457/3300 train_loss:3.37764 train_time:2980.708s step_avg:1213.15ms
step:2458/3300 train_loss:3.51676 train_time:2981.919s step_avg:1213.15ms
step:2459/3300 train_loss:3.59311 train_time:2983.129s step_avg:1213.15ms
step:2460/3300 train_loss:3.41132 train_time:2984.333s step_avg:1213.14ms
step:2461/3300 train_loss:3.37833 train_time:2985.550s step_avg:1213.14ms
step:2462/3300 train_loss:3.43828 train_time:2986.765s step_avg:1213.15ms
step:2463/3300 train_loss:3.45120 train_time:2987.976s step_avg:1213.15ms
step:2464/3300 train_loss:3.47846 train_time:2989.192s step_avg:1213.15ms
step:2465/3300 train_loss:3.37716 train_time:2990.386s step_avg:1213.14ms
step:2466/3300 train_loss:3.41542 train_time:2991.604s step_avg:1213.14ms
step:2467/3300 train_loss:3.35356 train_time:2992.832s step_avg:1213.15ms
step:2468/3300 train_loss:3.41684 train_time:2994.031s step_avg:1213.14ms
step:2469/3300 train_loss:3.48783 train_time:2995.234s step_avg:1213.14ms
step:2470/3300 train_loss:3.39199 train_time:2996.446s step_avg:1213.14ms
step:2471/3300 train_loss:3.38725 train_time:2997.685s step_avg:1213.15ms
step:2472/3300 train_loss:3.38182 train_time:2998.893s step_avg:1213.14ms
step:2473/3300 train_loss:3.56924 train_time:3000.093s step_avg:1213.14ms
step:2474/3300 train_loss:3.42361 train_time:3001.292s step_avg:1213.13ms
step:2475/3300 train_loss:3.38952 train_time:3002.491s step_avg:1213.13ms
step:2476/3300 train_loss:3.37198 train_time:3003.698s step_avg:1213.13ms
step:2477/3300 train_loss:3.38537 train_time:3004.902s step_avg:1213.12ms
step:2478/3300 train_loss:3.39353 train_time:3006.155s step_avg:1213.14ms
step:2479/3300 train_loss:3.41727 train_time:3007.367s step_avg:1213.14ms
step:2480/3300 train_loss:3.34152 train_time:3008.574s step_avg:1213.13ms
step:2481/3300 train_loss:3.45247 train_time:3009.780s step_avg:1213.13ms
step:2482/3300 train_loss:3.36340 train_time:3010.986s step_avg:1213.13ms
step:2483/3300 train_loss:3.38496 train_time:3012.195s step_avg:1213.13ms
step:2484/3300 train_loss:3.45009 train_time:3013.395s step_avg:1213.12ms
step:2485/3300 train_loss:3.44666 train_time:3014.598s step_avg:1213.12ms
step:2486/3300 train_loss:3.39941 train_time:3015.811s step_avg:1213.12ms
step:2487/3300 train_loss:3.42112 train_time:3017.018s step_avg:1213.12ms
step:2488/3300 train_loss:3.37641 train_time:3018.232s step_avg:1213.12ms
step:2489/3300 train_loss:3.40375 train_time:3019.436s step_avg:1213.11ms
step:2490/3300 train_loss:3.40879 train_time:3020.645s step_avg:1213.11ms
step:2491/3300 train_loss:3.43040 train_time:3021.862s step_avg:1213.11ms
step:2492/3300 train_loss:3.36565 train_time:3023.068s step_avg:1213.11ms
step:2493/3300 train_loss:3.41677 train_time:3024.275s step_avg:1213.11ms
step:2494/3300 train_loss:3.40971 train_time:3025.487s step_avg:1213.11ms
step:2495/3300 train_loss:3.34234 train_time:3026.692s step_avg:1213.10ms
step:2496/3300 train_loss:3.37345 train_time:3027.902s step_avg:1213.10ms
step:2497/3300 train_loss:3.37664 train_time:3029.127s step_avg:1213.11ms
step:2498/3300 train_loss:3.34677 train_time:3030.335s step_avg:1213.10ms
step:2499/3300 train_loss:3.39174 train_time:3031.558s step_avg:1213.11ms
step:2500/3300 train_loss:3.33203 train_time:3032.777s step_avg:1213.11ms
step:2500/3300 val_loss:3.37212 train_time:3032.777s step_avg:1211.71ms
step:2501/3300 train_loss:3.35945 train_time:3034.009s step_avg:1213.12ms
step:2502/3300 train_loss:3.36541 train_time:3035.233s step_avg:1213.12ms
step:2503/3300 train_loss:3.37918 train_time:3036.439s step_avg:1213.12ms
step:2504/3300 train_loss:3.43913 train_time:3037.642s step_avg:1213.12ms
step:2505/3300 train_loss:3.39682 train_time:3038.844s step_avg:1213.11ms
step:2506/3300 train_loss:3.37621 train_time:3040.056s step_avg:1213.11ms
step:2507/3300 train_loss:3.43682 train_time:3041.266s step_avg:1213.11ms
step:2508/3300 train_loss:3.37842 train_time:3042.476s step_avg:1213.11ms
step:2509/3300 train_loss:3.46502 train_time:3043.686s step_avg:1213.11ms
step:2510/3300 train_loss:3.40283 train_time:3044.906s step_avg:1213.11ms
step:2511/3300 train_loss:3.40125 train_time:3046.117s step_avg:1213.11ms
step:2512/3300 train_loss:3.40475 train_time:3047.328s step_avg:1213.11ms
step:2513/3300 train_loss:3.37492 train_time:3048.546s step_avg:1213.11ms
step:2514/3300 train_loss:3.40772 train_time:3049.767s step_avg:1213.11ms
step:2515/3300 train_loss:3.32953 train_time:3050.968s step_avg:1213.11ms
step:2516/3300 train_loss:3.39581 train_time:3052.184s step_avg:1213.11ms
step:2517/3300 train_loss:3.37052 train_time:3053.387s step_avg:1213.11ms
step:2518/3300 train_loss:3.43318 train_time:3054.597s step_avg:1213.10ms
step:2519/3300 train_loss:3.42504 train_time:3055.805s step_avg:1213.10ms
step:2520/3300 train_loss:3.41695 train_time:3057.006s step_avg:1213.10ms
step:2521/3300 train_loss:3.42099 train_time:3058.242s step_avg:1213.11ms
step:2522/3300 train_loss:3.38463 train_time:3059.442s step_avg:1213.10ms
step:2523/3300 train_loss:3.34475 train_time:3060.643s step_avg:1213.10ms
step:2524/3300 train_loss:3.41959 train_time:3061.845s step_avg:1213.09ms
step:2525/3300 train_loss:3.35145 train_time:3063.041s step_avg:1213.09ms
step:2526/3300 train_loss:3.42087 train_time:3064.248s step_avg:1213.08ms
step:2527/3300 train_loss:3.38418 train_time:3065.458s step_avg:1213.08ms
step:2528/3300 train_loss:3.30019 train_time:3066.664s step_avg:1213.08ms
step:2529/3300 train_loss:3.41878 train_time:3067.867s step_avg:1213.07ms
step:2530/3300 train_loss:3.40757 train_time:3069.077s step_avg:1213.07ms
step:2531/3300 train_loss:3.40616 train_time:3070.297s step_avg:1213.08ms
step:2532/3300 train_loss:3.35489 train_time:3071.506s step_avg:1213.08ms
step:2533/3300 train_loss:3.38827 train_time:3072.708s step_avg:1213.07ms
step:2534/3300 train_loss:3.38614 train_time:3073.920s step_avg:1213.07ms
step:2535/3300 train_loss:3.38524 train_time:3075.128s step_avg:1213.07ms
step:2536/3300 train_loss:3.38273 train_time:3076.337s step_avg:1213.07ms
step:2537/3300 train_loss:3.32624 train_time:3077.545s step_avg:1213.06ms
step:2538/3300 train_loss:3.34347 train_time:3078.746s step_avg:1213.06ms
step:2539/3300 train_loss:3.37839 train_time:3079.953s step_avg:1213.06ms
step:2540/3300 train_loss:3.38961 train_time:3081.165s step_avg:1213.06ms
step:2541/3300 train_loss:3.36691 train_time:3082.371s step_avg:1213.05ms
step:2542/3300 train_loss:3.56496 train_time:3083.579s step_avg:1213.05ms
step:2543/3300 train_loss:3.59371 train_time:3084.789s step_avg:1213.05ms
step:2544/3300 train_loss:3.35789 train_time:3085.999s step_avg:1213.05ms
step:2545/3300 train_loss:3.36836 train_time:3087.206s step_avg:1213.05ms
step:2546/3300 train_loss:3.51634 train_time:3088.422s step_avg:1213.05ms
step:2547/3300 train_loss:3.37774 train_time:3089.630s step_avg:1213.05ms
step:2548/3300 train_loss:3.32755 train_time:3090.838s step_avg:1213.04ms
step:2549/3300 train_loss:3.42020 train_time:3092.044s step_avg:1213.04ms
step:2550/3300 train_loss:3.40394 train_time:3093.249s step_avg:1213.04ms
step:2551/3300 train_loss:3.36853 train_time:3094.468s step_avg:1213.04ms
step:2552/3300 train_loss:3.36045 train_time:3095.672s step_avg:1213.04ms
step:2553/3300 train_loss:3.42678 train_time:3096.883s step_avg:1213.04ms
step:2554/3300 train_loss:3.41400 train_time:3098.088s step_avg:1213.03ms
step:2555/3300 train_loss:3.34059 train_time:3099.289s step_avg:1213.03ms
step:2556/3300 train_loss:3.40304 train_time:3100.539s step_avg:1213.04ms
step:2557/3300 train_loss:3.38602 train_time:3101.748s step_avg:1213.04ms
step:2558/3300 train_loss:3.36127 train_time:3102.948s step_avg:1213.04ms
step:2559/3300 train_loss:3.35201 train_time:3104.160s step_avg:1213.04ms
step:2560/3300 train_loss:3.38684 train_time:3105.376s step_avg:1213.04ms
step:2561/3300 train_loss:3.41091 train_time:3106.590s step_avg:1213.04ms
step:2562/3300 train_loss:3.35466 train_time:3107.800s step_avg:1213.04ms
step:2563/3300 train_loss:3.45086 train_time:3109.009s step_avg:1213.04ms
step:2564/3300 train_loss:3.39430 train_time:3110.216s step_avg:1213.03ms
step:2565/3300 train_loss:3.33413 train_time:3111.424s step_avg:1213.03ms
step:2566/3300 train_loss:3.40411 train_time:3112.644s step_avg:1213.03ms
step:2567/3300 train_loss:3.41566 train_time:3113.874s step_avg:1213.04ms
step:2568/3300 train_loss:3.38506 train_time:3115.083s step_avg:1213.04ms
step:2569/3300 train_loss:3.34963 train_time:3116.290s step_avg:1213.04ms
step:2570/3300 train_loss:3.40474 train_time:3117.491s step_avg:1213.03ms
step:2571/3300 train_loss:3.34969 train_time:3118.712s step_avg:1213.03ms
step:2572/3300 train_loss:3.36229 train_time:3119.923s step_avg:1213.03ms
step:2573/3300 train_loss:3.32551 train_time:3121.130s step_avg:1213.03ms
step:2574/3300 train_loss:3.36919 train_time:3122.339s step_avg:1213.03ms
step:2575/3300 train_loss:3.36334 train_time:3123.554s step_avg:1213.03ms
step:2576/3300 train_loss:3.39666 train_time:3124.772s step_avg:1213.03ms
step:2577/3300 train_loss:3.36393 train_time:3125.978s step_avg:1213.03ms
step:2578/3300 train_loss:3.37126 train_time:3127.185s step_avg:1213.03ms
step:2579/3300 train_loss:3.31181 train_time:3128.394s step_avg:1213.03ms
step:2580/3300 train_loss:3.35255 train_time:3129.627s step_avg:1213.03ms
step:2581/3300 train_loss:3.43640 train_time:3130.839s step_avg:1213.03ms
step:2582/3300 train_loss:3.33173 train_time:3132.057s step_avg:1213.04ms
step:2583/3300 train_loss:3.42068 train_time:3133.266s step_avg:1213.03ms
step:2584/3300 train_loss:3.43578 train_time:3134.480s step_avg:1213.03ms
step:2585/3300 train_loss:3.41630 train_time:3135.689s step_avg:1213.03ms
step:2586/3300 train_loss:3.39648 train_time:3136.894s step_avg:1213.03ms
step:2587/3300 train_loss:3.37422 train_time:3138.104s step_avg:1213.03ms
step:2588/3300 train_loss:3.40193 train_time:3139.314s step_avg:1213.03ms
step:2589/3300 train_loss:3.31254 train_time:3140.525s step_avg:1213.03ms
step:2590/3300 train_loss:3.43678 train_time:3141.734s step_avg:1213.02ms
step:2591/3300 train_loss:3.42576 train_time:3142.974s step_avg:1213.04ms
step:2592/3300 train_loss:3.45030 train_time:3144.211s step_avg:1213.04ms
step:2593/3300 train_loss:3.38434 train_time:3145.413s step_avg:1213.04ms
step:2594/3300 train_loss:3.37343 train_time:3146.628s step_avg:1213.04ms
step:2595/3300 train_loss:3.42145 train_time:3147.832s step_avg:1213.04ms
step:2596/3300 train_loss:3.33026 train_time:3149.041s step_avg:1213.04ms
step:2597/3300 train_loss:3.46716 train_time:3150.251s step_avg:1213.03ms
step:2598/3300 train_loss:3.38106 train_time:3151.456s step_avg:1213.03ms
step:2599/3300 train_loss:3.32905 train_time:3152.667s step_avg:1213.03ms
step:2600/3300 train_loss:3.39035 train_time:3153.874s step_avg:1213.03ms
step:2601/3300 train_loss:3.32751 train_time:3155.080s step_avg:1213.03ms
step:2602/3300 train_loss:3.38048 train_time:3156.288s step_avg:1213.02ms
step:2603/3300 train_loss:3.40628 train_time:3157.494s step_avg:1213.02ms
step:2604/3300 train_loss:3.38729 train_time:3158.698s step_avg:1213.02ms
step:2605/3300 train_loss:3.35243 train_time:3159.913s step_avg:1213.02ms
step:2606/3300 train_loss:3.35135 train_time:3161.131s step_avg:1213.02ms
step:2607/3300 train_loss:3.33385 train_time:3162.334s step_avg:1213.02ms
step:2608/3300 train_loss:3.40537 train_time:3163.534s step_avg:1213.01ms
step:2609/3300 train_loss:3.38698 train_time:3164.761s step_avg:1213.02ms
step:2610/3300 train_loss:3.36645 train_time:3165.968s step_avg:1213.01ms
step:2611/3300 train_loss:3.33212 train_time:3167.181s step_avg:1213.01ms
step:2612/3300 train_loss:3.36105 train_time:3168.390s step_avg:1213.01ms
step:2613/3300 train_loss:3.37450 train_time:3169.622s step_avg:1213.02ms
step:2614/3300 train_loss:3.42685 train_time:3170.844s step_avg:1213.02ms
step:2615/3300 train_loss:3.32017 train_time:3172.090s step_avg:1213.04ms
step:2616/3300 train_loss:3.31977 train_time:3173.302s step_avg:1213.04ms
step:2617/3300 train_loss:3.40718 train_time:3174.510s step_avg:1213.03ms
step:2618/3300 train_loss:3.36764 train_time:3175.715s step_avg:1213.03ms
step:2619/3300 train_loss:3.37333 train_time:3176.915s step_avg:1213.03ms
step:2620/3300 train_loss:3.41812 train_time:3178.123s step_avg:1213.02ms
step:2621/3300 train_loss:3.37251 train_time:3179.353s step_avg:1213.03ms
step:2622/3300 train_loss:3.38111 train_time:3180.575s step_avg:1213.03ms
step:2623/3300 train_loss:3.38597 train_time:3181.789s step_avg:1213.03ms
step:2624/3300 train_loss:3.37469 train_time:3182.997s step_avg:1213.03ms
step:2625/3300 train_loss:3.34508 train_time:3184.204s step_avg:1213.03ms
step:2625/3300 val_loss:3.35458 train_time:3184.204s step_avg:1211.41ms
step:2626/3300 train_loss:3.39404 train_time:3185.413s step_avg:1213.03ms
step:2627/3300 train_loss:3.37348 train_time:3186.614s step_avg:1213.02ms
step:2628/3300 train_loss:3.41316 train_time:3187.815s step_avg:1213.02ms
step:2629/3300 train_loss:3.38876 train_time:3189.017s step_avg:1213.02ms
step:2630/3300 train_loss:3.36115 train_time:3190.227s step_avg:1213.01ms
step:2631/3300 train_loss:3.42551 train_time:3191.464s step_avg:1213.02ms
step:2632/3300 train_loss:3.33001 train_time:3192.682s step_avg:1213.02ms
step:2633/3300 train_loss:3.39833 train_time:3193.892s step_avg:1213.02ms
step:2634/3300 train_loss:3.30871 train_time:3195.093s step_avg:1213.02ms
step:2635/3300 train_loss:3.33191 train_time:3196.309s step_avg:1213.02ms
step:2636/3300 train_loss:3.36343 train_time:3197.533s step_avg:1213.02ms
step:2637/3300 train_loss:3.35521 train_time:3198.737s step_avg:1213.02ms
step:2638/3300 train_loss:3.39044 train_time:3199.946s step_avg:1213.02ms
step:2639/3300 train_loss:3.37651 train_time:3201.169s step_avg:1213.02ms
step:2640/3300 train_loss:3.42195 train_time:3202.377s step_avg:1213.02ms
step:2641/3300 train_loss:3.36055 train_time:3203.584s step_avg:1213.02ms
step:2642/3300 train_loss:3.32456 train_time:3204.792s step_avg:1213.02ms
step:2643/3300 train_loss:3.36138 train_time:3205.998s step_avg:1213.01ms
step:2644/3300 train_loss:3.36271 train_time:3207.211s step_avg:1213.01ms
step:2645/3300 train_loss:3.40873 train_time:3208.417s step_avg:1213.01ms
step:2646/3300 train_loss:3.35091 train_time:3209.629s step_avg:1213.01ms
step:2647/3300 train_loss:3.35925 train_time:3210.837s step_avg:1213.01ms
step:2648/3300 train_loss:3.38802 train_time:3212.038s step_avg:1213.01ms
step:2649/3300 train_loss:3.40533 train_time:3213.268s step_avg:1213.01ms
step:2650/3300 train_loss:3.40177 train_time:3214.487s step_avg:1213.01ms
step:2651/3300 train_loss:3.39698 train_time:3215.712s step_avg:1213.02ms
step:2652/3300 train_loss:3.37750 train_time:3216.928s step_avg:1213.02ms
step:2653/3300 train_loss:3.40666 train_time:3218.139s step_avg:1213.02ms
step:2654/3300 train_loss:3.40343 train_time:3219.348s step_avg:1213.02ms
step:2655/3300 train_loss:3.36683 train_time:3220.571s step_avg:1213.02ms
step:2656/3300 train_loss:3.38158 train_time:3221.786s step_avg:1213.02ms
step:2657/3300 train_loss:3.32994 train_time:3223.025s step_avg:1213.03ms
step:2658/3300 train_loss:3.35642 train_time:3224.238s step_avg:1213.03ms
step:2659/3300 train_loss:3.37972 train_time:3225.447s step_avg:1213.03ms
step:2660/3300 train_loss:3.35785 train_time:3226.667s step_avg:1213.03ms
step:2661/3300 train_loss:3.37803 train_time:3227.904s step_avg:1213.04ms
step:2662/3300 train_loss:3.36939 train_time:3229.114s step_avg:1213.04ms
step:2663/3300 train_loss:3.35944 train_time:3230.319s step_avg:1213.04ms
step:2664/3300 train_loss:3.33038 train_time:3231.526s step_avg:1213.04ms
step:2665/3300 train_loss:3.38701 train_time:3232.735s step_avg:1213.03ms
step:2666/3300 train_loss:3.39986 train_time:3233.946s step_avg:1213.03ms
step:2667/3300 train_loss:3.39819 train_time:3235.157s step_avg:1213.03ms
step:2668/3300 train_loss:3.35238 train_time:3236.368s step_avg:1213.03ms
step:2669/3300 train_loss:3.38356 train_time:3237.579s step_avg:1213.03ms
step:2670/3300 train_loss:3.34172 train_time:3238.785s step_avg:1213.03ms
step:2671/3300 train_loss:3.33141 train_time:3240.001s step_avg:1213.03ms
step:2672/3300 train_loss:3.30004 train_time:3241.224s step_avg:1213.03ms
step:2673/3300 train_loss:3.35132 train_time:3242.444s step_avg:1213.04ms
step:2674/3300 train_loss:3.36689 train_time:3243.661s step_avg:1213.04ms
step:2675/3300 train_loss:3.41317 train_time:3244.860s step_avg:1213.03ms
step:2676/3300 train_loss:3.33397 train_time:3246.082s step_avg:1213.04ms
step:2677/3300 train_loss:3.27942 train_time:3247.294s step_avg:1213.03ms
step:2678/3300 train_loss:3.41552 train_time:3248.500s step_avg:1213.03ms
step:2679/3300 train_loss:3.41545 train_time:3249.702s step_avg:1213.03ms
step:2680/3300 train_loss:3.31110 train_time:3250.927s step_avg:1213.03ms
step:2681/3300 train_loss:3.35354 train_time:3252.149s step_avg:1213.04ms
step:2682/3300 train_loss:3.40817 train_time:3253.362s step_avg:1213.04ms
step:2683/3300 train_loss:3.40219 train_time:3254.578s step_avg:1213.04ms
step:2684/3300 train_loss:3.44958 train_time:3255.781s step_avg:1213.03ms
step:2685/3300 train_loss:3.38407 train_time:3256.989s step_avg:1213.03ms
step:2686/3300 train_loss:3.33852 train_time:3258.202s step_avg:1213.03ms
step:2687/3300 train_loss:3.39261 train_time:3259.403s step_avg:1213.03ms
step:2688/3300 train_loss:3.34989 train_time:3260.606s step_avg:1213.02ms
step:2689/3300 train_loss:3.39917 train_time:3261.815s step_avg:1213.02ms
step:2690/3300 train_loss:3.37637 train_time:3263.040s step_avg:1213.03ms
step:2691/3300 train_loss:3.36323 train_time:3264.251s step_avg:1213.03ms
step:2692/3300 train_loss:3.41276 train_time:3265.463s step_avg:1213.02ms
step:2693/3300 train_loss:3.40510 train_time:3266.680s step_avg:1213.03ms
step:2694/3300 train_loss:3.33644 train_time:3267.884s step_avg:1213.02ms
step:2695/3300 train_loss:3.31905 train_time:3269.084s step_avg:1213.02ms
step:2696/3300 train_loss:3.46937 train_time:3270.292s step_avg:1213.02ms
step:2697/3300 train_loss:3.34891 train_time:3271.505s step_avg:1213.02ms
step:2698/3300 train_loss:3.27693 train_time:3272.718s step_avg:1213.02ms
step:2699/3300 train_loss:3.36264 train_time:3273.925s step_avg:1213.01ms
step:2700/3300 train_loss:3.36890 train_time:3275.135s step_avg:1213.01ms
step:2701/3300 train_loss:3.35502 train_time:3276.355s step_avg:1213.02ms
step:2702/3300 train_loss:3.35401 train_time:3277.572s step_avg:1213.02ms
step:2703/3300 train_loss:3.41016 train_time:3278.780s step_avg:1213.02ms
step:2704/3300 train_loss:3.35701 train_time:3279.984s step_avg:1213.01ms
step:2705/3300 train_loss:3.35432 train_time:3281.194s step_avg:1213.01ms
step:2706/3300 train_loss:3.37439 train_time:3282.413s step_avg:1213.01ms
step:2707/3300 train_loss:3.38942 train_time:3283.626s step_avg:1213.01ms
step:2708/3300 train_loss:3.34601 train_time:3284.834s step_avg:1213.01ms
step:2709/3300 train_loss:3.39469 train_time:3286.045s step_avg:1213.01ms
step:2710/3300 train_loss:3.32759 train_time:3287.265s step_avg:1213.01ms
step:2711/3300 train_loss:3.42212 train_time:3288.479s step_avg:1213.01ms
step:2712/3300 train_loss:3.36426 train_time:3289.682s step_avg:1213.01ms
step:2713/3300 train_loss:3.34925 train_time:3290.885s step_avg:1213.01ms
step:2714/3300 train_loss:3.35591 train_time:3292.087s step_avg:1213.00ms
step:2715/3300 train_loss:3.31275 train_time:3293.292s step_avg:1213.00ms
step:2716/3300 train_loss:3.34240 train_time:3294.504s step_avg:1213.00ms
step:2717/3300 train_loss:3.34470 train_time:3295.707s step_avg:1212.99ms
step:2718/3300 train_loss:3.40812 train_time:3296.916s step_avg:1212.99ms
step:2719/3300 train_loss:3.34826 train_time:3298.124s step_avg:1212.99ms
step:2720/3300 train_loss:3.36773 train_time:3299.325s step_avg:1212.99ms
step:2721/3300 train_loss:3.40167 train_time:3300.534s step_avg:1212.99ms
step:2722/3300 train_loss:3.48656 train_time:3301.741s step_avg:1212.98ms
step:2723/3300 train_loss:3.33760 train_time:3302.944s step_avg:1212.98ms
step:2724/3300 train_loss:3.36794 train_time:3304.145s step_avg:1212.98ms
step:2725/3300 train_loss:3.40516 train_time:3305.348s step_avg:1212.97ms
step:2726/3300 train_loss:3.35679 train_time:3306.564s step_avg:1212.97ms
step:2727/3300 train_loss:3.34349 train_time:3307.763s step_avg:1212.97ms
step:2728/3300 train_loss:3.37324 train_time:3308.967s step_avg:1212.96ms
step:2729/3300 train_loss:3.40220 train_time:3310.179s step_avg:1212.96ms
step:2730/3300 train_loss:3.40470 train_time:3311.395s step_avg:1212.97ms
step:2731/3300 train_loss:3.32717 train_time:3312.617s step_avg:1212.97ms
step:2732/3300 train_loss:3.31915 train_time:3313.835s step_avg:1212.97ms
step:2733/3300 train_loss:3.29058 train_time:3315.043s step_avg:1212.97ms
step:2734/3300 train_loss:3.34758 train_time:3316.258s step_avg:1212.97ms
step:2735/3300 train_loss:3.35893 train_time:3317.467s step_avg:1212.97ms
step:2736/3300 train_loss:3.35271 train_time:3318.673s step_avg:1212.97ms
step:2737/3300 train_loss:3.36351 train_time:3319.884s step_avg:1212.96ms
step:2738/3300 train_loss:3.33466 train_time:3321.084s step_avg:1212.96ms
step:2739/3300 train_loss:3.29893 train_time:3322.288s step_avg:1212.96ms
step:2740/3300 train_loss:3.36618 train_time:3323.504s step_avg:1212.96ms
step:2741/3300 train_loss:3.36236 train_time:3324.709s step_avg:1212.95ms
step:2742/3300 train_loss:3.39426 train_time:3325.930s step_avg:1212.96ms
step:2743/3300 train_loss:3.38334 train_time:3327.140s step_avg:1212.96ms
step:2744/3300 train_loss:3.40883 train_time:3328.345s step_avg:1212.95ms
step:2745/3300 train_loss:3.31432 train_time:3329.544s step_avg:1212.95ms
step:2746/3300 train_loss:3.35934 train_time:3330.751s step_avg:1212.95ms
step:2747/3300 train_loss:3.34230 train_time:3331.957s step_avg:1212.94ms
step:2748/3300 train_loss:3.37327 train_time:3333.165s step_avg:1212.94ms
step:2749/3300 train_loss:3.36306 train_time:3334.366s step_avg:1212.94ms
step:2750/3300 train_loss:3.38091 train_time:3335.567s step_avg:1212.93ms
step:2750/3300 val_loss:3.33838 train_time:3335.567s step_avg:1210.91ms
step:2751/3300 train_loss:3.33270 train_time:3336.787s step_avg:1212.94ms
step:2752/3300 train_loss:3.31070 train_time:3337.995s step_avg:1212.93ms
step:2753/3300 train_loss:3.32645 train_time:3339.209s step_avg:1212.93ms
step:2754/3300 train_loss:3.32421 train_time:3340.415s step_avg:1212.93ms
step:2755/3300 train_loss:3.29676 train_time:3341.614s step_avg:1212.93ms
step:2756/3300 train_loss:3.33228 train_time:3342.819s step_avg:1212.92ms
step:2757/3300 train_loss:3.42095 train_time:3344.027s step_avg:1212.92ms
step:2758/3300 train_loss:3.31839 train_time:3345.237s step_avg:1212.92ms
step:2759/3300 train_loss:3.33796 train_time:3346.452s step_avg:1212.92ms
step:2760/3300 train_loss:3.36563 train_time:3347.654s step_avg:1212.92ms
step:2761/3300 train_loss:3.36495 train_time:3348.900s step_avg:1212.93ms
step:2762/3300 train_loss:3.31442 train_time:3350.122s step_avg:1212.93ms
step:2763/3300 train_loss:3.35978 train_time:3351.330s step_avg:1212.93ms
step:2764/3300 train_loss:3.39562 train_time:3352.536s step_avg:1212.93ms
step:2765/3300 train_loss:3.33021 train_time:3353.737s step_avg:1212.92ms
step:2766/3300 train_loss:3.31877 train_time:3354.964s step_avg:1212.93ms
step:2767/3300 train_loss:3.34373 train_time:3356.169s step_avg:1212.93ms
step:2768/3300 train_loss:3.35531 train_time:3357.375s step_avg:1212.92ms
step:2769/3300 train_loss:3.32858 train_time:3358.615s step_avg:1212.93ms
step:2770/3300 train_loss:3.27116 train_time:3359.816s step_avg:1212.93ms
step:2771/3300 train_loss:3.46393 train_time:3361.022s step_avg:1212.93ms
step:2772/3300 train_loss:3.32984 train_time:3362.232s step_avg:1212.93ms
step:2773/3300 train_loss:3.31100 train_time:3363.461s step_avg:1212.93ms
step:2774/3300 train_loss:3.32970 train_time:3364.672s step_avg:1212.93ms
step:2775/3300 train_loss:3.36601 train_time:3365.878s step_avg:1212.93ms
step:2776/3300 train_loss:3.41776 train_time:3367.096s step_avg:1212.93ms
step:2777/3300 train_loss:3.41151 train_time:3368.297s step_avg:1212.93ms
step:2778/3300 train_loss:3.38452 train_time:3369.497s step_avg:1212.92ms
step:2779/3300 train_loss:3.34898 train_time:3370.701s step_avg:1212.92ms
step:2780/3300 train_loss:3.36334 train_time:3371.911s step_avg:1212.92ms
step:2781/3300 train_loss:3.32234 train_time:3373.178s step_avg:1212.94ms
step:2782/3300 train_loss:3.36789 train_time:3374.377s step_avg:1212.93ms
step:2783/3300 train_loss:3.36462 train_time:3375.578s step_avg:1212.93ms
step:2784/3300 train_loss:3.36568 train_time:3376.780s step_avg:1212.92ms
step:2785/3300 train_loss:3.32610 train_time:3377.992s step_avg:1212.92ms
step:2786/3300 train_loss:3.36575 train_time:3379.206s step_avg:1212.92ms
step:2787/3300 train_loss:3.37616 train_time:3380.415s step_avg:1212.92ms
step:2788/3300 train_loss:3.39080 train_time:3381.618s step_avg:1212.92ms
step:2789/3300 train_loss:3.39176 train_time:3382.824s step_avg:1212.92ms
step:2790/3300 train_loss:3.33484 train_time:3384.035s step_avg:1212.92ms
step:2791/3300 train_loss:3.31746 train_time:3385.248s step_avg:1212.92ms
step:2792/3300 train_loss:3.35810 train_time:3386.479s step_avg:1212.92ms
step:2793/3300 train_loss:3.42043 train_time:3387.678s step_avg:1212.92ms
step:2794/3300 train_loss:3.31811 train_time:3388.883s step_avg:1212.91ms
step:2795/3300 train_loss:3.41385 train_time:3390.094s step_avg:1212.91ms
step:2796/3300 train_loss:3.32255 train_time:3391.303s step_avg:1212.91ms
step:2797/3300 train_loss:3.36579 train_time:3392.513s step_avg:1212.91ms
step:2798/3300 train_loss:3.33688 train_time:3393.720s step_avg:1212.91ms
step:2799/3300 train_loss:3.36290 train_time:3394.938s step_avg:1212.91ms
step:2800/3300 train_loss:3.39226 train_time:3396.144s step_avg:1212.91ms
step:2801/3300 train_loss:3.37657 train_time:3397.354s step_avg:1212.91ms
step:2802/3300 train_loss:3.30725 train_time:3398.560s step_avg:1212.90ms
step:2803/3300 train_loss:3.39420 train_time:3399.807s step_avg:1212.92ms
step:2804/3300 train_loss:3.46037 train_time:3401.016s step_avg:1212.92ms
step:2805/3300 train_loss:3.32570 train_time:3402.216s step_avg:1212.91ms
step:2806/3300 train_loss:3.43029 train_time:3403.426s step_avg:1212.91ms
step:2807/3300 train_loss:3.38305 train_time:3404.636s step_avg:1212.91ms
step:2808/3300 train_loss:3.33794 train_time:3405.841s step_avg:1212.91ms
step:2809/3300 train_loss:3.38653 train_time:3407.053s step_avg:1212.91ms
step:2810/3300 train_loss:3.35087 train_time:3408.262s step_avg:1212.90ms
step:2811/3300 train_loss:3.38066 train_time:3409.466s step_avg:1212.90ms
step:2812/3300 train_loss:3.30433 train_time:3410.679s step_avg:1212.90ms
step:2813/3300 train_loss:3.38907 train_time:3411.882s step_avg:1212.90ms
step:2814/3300 train_loss:3.33828 train_time:3413.096s step_avg:1212.90ms
step:2815/3300 train_loss:3.25631 train_time:3414.298s step_avg:1212.89ms
step:2816/3300 train_loss:3.30904 train_time:3415.508s step_avg:1212.89ms
step:2817/3300 train_loss:3.35959 train_time:3416.717s step_avg:1212.89ms
step:2818/3300 train_loss:3.35680 train_time:3417.946s step_avg:1212.90ms
step:2819/3300 train_loss:3.36854 train_time:3419.166s step_avg:1212.90ms
step:2820/3300 train_loss:3.36547 train_time:3420.377s step_avg:1212.90ms
step:2821/3300 train_loss:3.39858 train_time:3421.585s step_avg:1212.90ms
step:2822/3300 train_loss:3.36164 train_time:3422.796s step_avg:1212.90ms
step:2823/3300 train_loss:3.33542 train_time:3424.009s step_avg:1212.90ms
step:2824/3300 train_loss:3.28431 train_time:3425.220s step_avg:1212.90ms
step:2825/3300 train_loss:3.37627 train_time:3426.424s step_avg:1212.89ms
step:2826/3300 train_loss:3.33549 train_time:3427.660s step_avg:1212.90ms
step:2827/3300 train_loss:3.34817 train_time:3428.863s step_avg:1212.90ms
step:2828/3300 train_loss:3.33699 train_time:3430.078s step_avg:1212.90ms
step:2829/3300 train_loss:3.34388 train_time:3431.276s step_avg:1212.89ms
step:2830/3300 train_loss:3.37297 train_time:3432.481s step_avg:1212.89ms
step:2831/3300 train_loss:3.36174 train_time:3433.709s step_avg:1212.90ms
step:2832/3300 train_loss:3.36495 train_time:3434.920s step_avg:1212.90ms
step:2833/3300 train_loss:3.45521 train_time:3436.124s step_avg:1212.89ms
step:2834/3300 train_loss:3.35033 train_time:3437.329s step_avg:1212.89ms
step:2835/3300 train_loss:3.39265 train_time:3438.543s step_avg:1212.89ms
step:2836/3300 train_loss:3.32989 train_time:3439.760s step_avg:1212.89ms
step:2837/3300 train_loss:3.34194 train_time:3440.964s step_avg:1212.89ms
step:2838/3300 train_loss:3.37968 train_time:3442.175s step_avg:1212.89ms
step:2839/3300 train_loss:3.35835 train_time:3443.402s step_avg:1212.89ms
step:2840/3300 train_loss:3.33052 train_time:3444.603s step_avg:1212.89ms
step:2841/3300 train_loss:3.36619 train_time:3445.811s step_avg:1212.89ms
step:2842/3300 train_loss:3.35247 train_time:3447.022s step_avg:1212.89ms
step:2843/3300 train_loss:3.35303 train_time:3448.228s step_avg:1212.88ms
step:2844/3300 train_loss:3.45046 train_time:3449.441s step_avg:1212.88ms
step:2845/3300 train_loss:3.31479 train_time:3450.641s step_avg:1212.88ms
step:2846/3300 train_loss:3.31896 train_time:3451.850s step_avg:1212.88ms
step:2847/3300 train_loss:3.34041 train_time:3453.067s step_avg:1212.88ms
step:2848/3300 train_loss:3.36744 train_time:3454.284s step_avg:1212.88ms
step:2849/3300 train_loss:3.32616 train_time:3455.497s step_avg:1212.88ms
step:2850/3300 train_loss:3.34699 train_time:3456.716s step_avg:1212.88ms
step:2851/3300 train_loss:3.30149 train_time:3457.967s step_avg:1212.90ms
step:2852/3300 train_loss:3.36043 train_time:3459.179s step_avg:1212.90ms
step:2853/3300 train_loss:3.31476 train_time:3460.385s step_avg:1212.89ms
step:2854/3300 train_loss:3.32542 train_time:3461.588s step_avg:1212.89ms
step:2855/3300 train_loss:3.37222 train_time:3462.798s step_avg:1212.89ms
step:2856/3300 train_loss:3.43984 train_time:3464.011s step_avg:1212.89ms
step:2857/3300 train_loss:3.34860 train_time:3465.224s step_avg:1212.89ms
step:2858/3300 train_loss:3.38863 train_time:3466.427s step_avg:1212.89ms
step:2859/3300 train_loss:3.33774 train_time:3467.634s step_avg:1212.88ms
step:2860/3300 train_loss:3.30515 train_time:3468.843s step_avg:1212.88ms
step:2861/3300 train_loss:3.42311 train_time:3470.049s step_avg:1212.88ms
step:2862/3300 train_loss:3.38526 train_time:3471.257s step_avg:1212.88ms
step:2863/3300 train_loss:3.40120 train_time:3472.465s step_avg:1212.88ms
step:2864/3300 train_loss:3.32941 train_time:3473.667s step_avg:1212.87ms
step:2865/3300 train_loss:3.37386 train_time:3474.876s step_avg:1212.87ms
step:2866/3300 train_loss:3.28768 train_time:3476.089s step_avg:1212.87ms
step:2867/3300 train_loss:3.32815 train_time:3477.298s step_avg:1212.87ms
step:2868/3300 train_loss:3.35870 train_time:3478.505s step_avg:1212.87ms
step:2869/3300 train_loss:3.32278 train_time:3479.720s step_avg:1212.87ms
step:2870/3300 train_loss:3.32717 train_time:3480.925s step_avg:1212.87ms
step:2871/3300 train_loss:3.32127 train_time:3482.132s step_avg:1212.86ms
step:2872/3300 train_loss:3.30081 train_time:3483.343s step_avg:1212.86ms
step:2873/3300 train_loss:3.25761 train_time:3484.548s step_avg:1212.86ms
step:2874/3300 train_loss:3.36562 train_time:3485.760s step_avg:1212.86ms
step:2875/3300 train_loss:3.40545 train_time:3486.968s step_avg:1212.86ms
step:2875/3300 val_loss:3.32201 train_time:3486.968s step_avg:1211.21ms
step:2876/3300 train_loss:3.34233 train_time:3488.178s step_avg:1212.86ms
step:2877/3300 train_loss:3.33446 train_time:3489.383s step_avg:1212.85ms
step:2878/3300 train_loss:3.37022 train_time:3490.593s step_avg:1212.85ms
step:2879/3300 train_loss:3.35989 train_time:3491.806s step_avg:1212.85ms
step:2880/3300 train_loss:3.32885 train_time:3493.013s step_avg:1212.85ms
step:2881/3300 train_loss:3.31192 train_time:3494.232s step_avg:1212.85ms
step:2882/3300 train_loss:3.38169 train_time:3495.447s step_avg:1212.85ms
step:2883/3300 train_loss:3.32020 train_time:3496.656s step_avg:1212.85ms
step:2884/3300 train_loss:3.34876 train_time:3497.863s step_avg:1212.85ms
step:2885/3300 train_loss:3.30629 train_time:3499.065s step_avg:1212.85ms
step:2886/3300 train_loss:3.35206 train_time:3500.282s step_avg:1212.85ms
step:2887/3300 train_loss:3.41230 train_time:3501.488s step_avg:1212.85ms
step:2888/3300 train_loss:3.40739 train_time:3502.707s step_avg:1212.85ms
step:2889/3300 train_loss:3.47733 train_time:3503.917s step_avg:1212.85ms
step:2890/3300 train_loss:3.30288 train_time:3505.127s step_avg:1212.85ms
step:2891/3300 train_loss:3.34054 train_time:3506.331s step_avg:1212.84ms
step:2892/3300 train_loss:3.27385 train_time:3507.540s step_avg:1212.84ms
step:2893/3300 train_loss:3.29340 train_time:3508.747s step_avg:1212.84ms
step:2894/3300 train_loss:3.32704 train_time:3509.948s step_avg:1212.84ms
step:2895/3300 train_loss:3.39690 train_time:3511.149s step_avg:1212.83ms
step:2896/3300 train_loss:3.38867 train_time:3512.357s step_avg:1212.83ms
step:2897/3300 train_loss:3.30611 train_time:3513.585s step_avg:1212.84ms
step:2898/3300 train_loss:3.55836 train_time:3514.787s step_avg:1212.83ms
step:2899/3300 train_loss:3.34135 train_time:3516.003s step_avg:1212.83ms
step:2900/3300 train_loss:3.35743 train_time:3517.209s step_avg:1212.83ms
step:2901/3300 train_loss:3.31946 train_time:3518.421s step_avg:1212.83ms
step:2902/3300 train_loss:3.41847 train_time:3519.625s step_avg:1212.83ms
step:2903/3300 train_loss:3.31436 train_time:3520.831s step_avg:1212.82ms
step:2904/3300 train_loss:3.36988 train_time:3522.040s step_avg:1212.82ms
step:2905/3300 train_loss:3.39359 train_time:3523.261s step_avg:1212.83ms
step:2906/3300 train_loss:3.34320 train_time:3524.488s step_avg:1212.83ms
step:2907/3300 train_loss:3.36036 train_time:3525.703s step_avg:1212.83ms
step:2908/3300 train_loss:3.37559 train_time:3526.917s step_avg:1212.83ms
step:2909/3300 train_loss:3.40157 train_time:3528.127s step_avg:1212.83ms
step:2910/3300 train_loss:3.34957 train_time:3529.335s step_avg:1212.83ms
step:2911/3300 train_loss:3.33145 train_time:3530.563s step_avg:1212.84ms
step:2912/3300 train_loss:3.30880 train_time:3531.767s step_avg:1212.83ms
step:2913/3300 train_loss:3.39086 train_time:3532.966s step_avg:1212.83ms
step:2914/3300 train_loss:3.35429 train_time:3534.185s step_avg:1212.83ms
step:2915/3300 train_loss:3.35291 train_time:3535.396s step_avg:1212.83ms
step:2916/3300 train_loss:3.32989 train_time:3536.642s step_avg:1212.84ms
step:2917/3300 train_loss:3.40203 train_time:3537.850s step_avg:1212.84ms
step:2918/3300 train_loss:3.23392 train_time:3539.061s step_avg:1212.84ms
step:2919/3300 train_loss:3.30072 train_time:3540.273s step_avg:1212.84ms
step:2920/3300 train_loss:3.27119 train_time:3541.479s step_avg:1212.84ms
step:2921/3300 train_loss:3.35424 train_time:3542.707s step_avg:1212.84ms
step:2922/3300 train_loss:3.48747 train_time:3543.918s step_avg:1212.84ms
step:2923/3300 train_loss:3.34510 train_time:3545.130s step_avg:1212.84ms
step:2924/3300 train_loss:3.30356 train_time:3546.341s step_avg:1212.84ms
step:2925/3300 train_loss:3.35129 train_time:3547.543s step_avg:1212.84ms
step:2926/3300 train_loss:3.35827 train_time:3548.755s step_avg:1212.84ms
step:2927/3300 train_loss:3.28784 train_time:3549.967s step_avg:1212.83ms
step:2928/3300 train_loss:3.38668 train_time:3551.178s step_avg:1212.83ms
step:2929/3300 train_loss:3.29332 train_time:3552.391s step_avg:1212.83ms
step:2930/3300 train_loss:3.40671 train_time:3553.607s step_avg:1212.84ms
step:2931/3300 train_loss:3.35884 train_time:3554.815s step_avg:1212.83ms
step:2932/3300 train_loss:3.35511 train_time:3556.067s step_avg:1212.85ms
step:2933/3300 train_loss:3.57471 train_time:3557.272s step_avg:1212.84ms
step:2934/3300 train_loss:3.33257 train_time:3558.480s step_avg:1212.84ms
step:2935/3300 train_loss:3.45616 train_time:3559.690s step_avg:1212.84ms
step:2936/3300 train_loss:3.38147 train_time:3560.912s step_avg:1212.84ms
step:2937/3300 train_loss:3.32953 train_time:3562.133s step_avg:1212.85ms
step:2938/3300 train_loss:3.36776 train_time:3563.347s step_avg:1212.85ms
step:2939/3300 train_loss:3.37557 train_time:3564.552s step_avg:1212.85ms
step:2940/3300 train_loss:3.30463 train_time:3565.755s step_avg:1212.84ms
step:2941/3300 train_loss:3.31227 train_time:3566.975s step_avg:1212.84ms
step:2942/3300 train_loss:3.27180 train_time:3568.180s step_avg:1212.84ms
step:2943/3300 train_loss:3.31162 train_time:3569.385s step_avg:1212.84ms
step:2944/3300 train_loss:3.26407 train_time:3570.607s step_avg:1212.84ms
step:2945/3300 train_loss:3.35153 train_time:3571.810s step_avg:1212.84ms
step:2946/3300 train_loss:3.33881 train_time:3573.020s step_avg:1212.84ms
step:2947/3300 train_loss:3.31319 train_time:3574.236s step_avg:1212.84ms
step:2948/3300 train_loss:3.36388 train_time:3575.450s step_avg:1212.84ms
step:2949/3300 train_loss:3.29803 train_time:3576.663s step_avg:1212.84ms
step:2950/3300 train_loss:3.31744 train_time:3577.873s step_avg:1212.84ms
step:2951/3300 train_loss:3.36875 train_time:3579.079s step_avg:1212.84ms
step:2952/3300 train_loss:3.28400 train_time:3580.294s step_avg:1212.84ms
step:2953/3300 train_loss:3.36995 train_time:3581.488s step_avg:1212.83ms
step:2954/3300 train_loss:3.35548 train_time:3582.694s step_avg:1212.83ms
step:2955/3300 train_loss:3.32702 train_time:3583.895s step_avg:1212.82ms
step:2956/3300 train_loss:3.32924 train_time:3585.107s step_avg:1212.82ms
step:2957/3300 train_loss:3.33806 train_time:3586.331s step_avg:1212.83ms
step:2958/3300 train_loss:3.35233 train_time:3587.535s step_avg:1212.82ms
step:2959/3300 train_loss:3.27076 train_time:3588.743s step_avg:1212.82ms
step:2960/3300 train_loss:3.31744 train_time:3589.952s step_avg:1212.82ms
step:2961/3300 train_loss:3.38851 train_time:3591.158s step_avg:1212.82ms
step:2962/3300 train_loss:3.29195 train_time:3592.369s step_avg:1212.82ms
step:2963/3300 train_loss:3.25818 train_time:3593.586s step_avg:1212.82ms
step:2964/3300 train_loss:3.28751 train_time:3594.822s step_avg:1212.83ms
step:2965/3300 train_loss:3.34469 train_time:3596.033s step_avg:1212.83ms
step:2966/3300 train_loss:3.28156 train_time:3597.245s step_avg:1212.83ms
step:2967/3300 train_loss:3.33827 train_time:3598.455s step_avg:1212.83ms
step:2968/3300 train_loss:3.32091 train_time:3599.660s step_avg:1212.82ms
step:2969/3300 train_loss:3.49301 train_time:3600.885s step_avg:1212.83ms
step:2970/3300 train_loss:3.32229 train_time:3602.093s step_avg:1212.83ms
step:2971/3300 train_loss:3.37495 train_time:3603.310s step_avg:1212.83ms
step:2972/3300 train_loss:3.29767 train_time:3604.512s step_avg:1212.82ms
step:2973/3300 train_loss:3.35366 train_time:3605.718s step_avg:1212.82ms
step:2974/3300 train_loss:3.25297 train_time:3606.935s step_avg:1212.82ms
step:2975/3300 train_loss:3.31532 train_time:3608.148s step_avg:1212.82ms
step:2976/3300 train_loss:3.32654 train_time:3609.364s step_avg:1212.82ms
step:2977/3300 train_loss:3.29915 train_time:3610.599s step_avg:1212.83ms
step:2978/3300 train_loss:3.39346 train_time:3611.808s step_avg:1212.83ms
step:2979/3300 train_loss:3.31934 train_time:3613.015s step_avg:1212.83ms
step:2980/3300 train_loss:3.36081 train_time:3614.231s step_avg:1212.83ms
step:2981/3300 train_loss:3.31706 train_time:3615.446s step_avg:1212.83ms
step:2982/3300 train_loss:3.37314 train_time:3616.663s step_avg:1212.83ms
step:2983/3300 train_loss:3.33383 train_time:3617.876s step_avg:1212.83ms
step:2984/3300 train_loss:3.36184 train_time:3619.084s step_avg:1212.83ms
step:2985/3300 train_loss:3.36916 train_time:3620.303s step_avg:1212.83ms
step:2986/3300 train_loss:3.35607 train_time:3621.535s step_avg:1212.84ms
step:2987/3300 train_loss:3.28262 train_time:3622.749s step_avg:1212.84ms
step:2988/3300 train_loss:3.24243 train_time:3623.956s step_avg:1212.84ms
step:2989/3300 train_loss:3.38758 train_time:3625.164s step_avg:1212.84ms
step:2990/3300 train_loss:3.34826 train_time:3626.385s step_avg:1212.84ms
step:2991/3300 train_loss:3.29660 train_time:3627.602s step_avg:1212.84ms
step:2992/3300 train_loss:3.30782 train_time:3628.813s step_avg:1212.84ms
step:2993/3300 train_loss:3.30471 train_time:3630.013s step_avg:1212.83ms
step:2994/3300 train_loss:3.29172 train_time:3631.218s step_avg:1212.83ms
step:2995/3300 train_loss:3.38205 train_time:3632.429s step_avg:1212.83ms
step:2996/3300 train_loss:3.26810 train_time:3633.644s step_avg:1212.83ms
step:2997/3300 train_loss:3.27863 train_time:3634.855s step_avg:1212.83ms
step:2998/3300 train_loss:3.34856 train_time:3636.060s step_avg:1212.83ms
step:2999/3300 train_loss:3.38467 train_time:3637.269s step_avg:1212.83ms
step:3000/3300 train_loss:3.34805 train_time:3638.478s step_avg:1212.83ms
step:3000/3300 val_loss:3.30611 train_time:3638.478s step_avg:1212.08ms
step:3001/3300 train_loss:3.31110 train_time:3639.686s step_avg:1212.82ms
step:3002/3300 train_loss:3.31980 train_time:3640.892s step_avg:1212.82ms
step:3003/3300 train_loss:3.30124 train_time:3642.095s step_avg:1212.82ms
step:3004/3300 train_loss:3.36029 train_time:3643.304s step_avg:1212.82ms
step:3005/3300 train_loss:3.32685 train_time:3644.519s step_avg:1212.82ms
step:3006/3300 train_loss:3.28813 train_time:3645.739s step_avg:1212.82ms
step:3007/3300 train_loss:3.30730 train_time:3646.948s step_avg:1212.82ms
step:3008/3300 train_loss:3.35774 train_time:3648.156s step_avg:1212.82ms
step:3009/3300 train_loss:3.29400 train_time:3649.369s step_avg:1212.82ms
step:3010/3300 train_loss:3.34268 train_time:3650.571s step_avg:1212.81ms
step:3011/3300 train_loss:3.34126 train_time:3651.780s step_avg:1212.81ms
step:3012/3300 train_loss:3.29728 train_time:3653.011s step_avg:1212.82ms
step:3013/3300 train_loss:3.37568 train_time:3654.213s step_avg:1212.82ms
step:3014/3300 train_loss:3.35546 train_time:3655.418s step_avg:1212.81ms
step:3015/3300 train_loss:3.33292 train_time:3656.636s step_avg:1212.81ms
step:3016/3300 train_loss:3.32092 train_time:3657.858s step_avg:1212.82ms
step:3017/3300 train_loss:3.32707 train_time:3659.068s step_avg:1212.82ms
step:3018/3300 train_loss:3.26606 train_time:3660.278s step_avg:1212.82ms
step:3019/3300 train_loss:3.33093 train_time:3661.490s step_avg:1212.82ms
step:3020/3300 train_loss:3.33650 train_time:3662.690s step_avg:1212.81ms
step:3021/3300 train_loss:3.28808 train_time:3663.913s step_avg:1212.81ms
step:3022/3300 train_loss:3.30597 train_time:3665.120s step_avg:1212.81ms
step:3023/3300 train_loss:3.26509 train_time:3666.345s step_avg:1212.82ms
step:3024/3300 train_loss:3.33335 train_time:3667.555s step_avg:1212.82ms
step:3025/3300 train_loss:3.32095 train_time:3668.766s step_avg:1212.82ms
step:3025/3300 val_loss:3.30234 train_time:3668.766s step_avg:1211.54ms
step:3026/3300 train_loss:3.27704 train_time:3670.026s step_avg:1212.83ms
step:3027/3300 train_loss:3.34126 train_time:3671.305s step_avg:1212.85ms
step:3028/3300 train_loss:3.24114 train_time:3672.517s step_avg:1212.85ms
step:3029/3300 train_loss:3.37642 train_time:3673.718s step_avg:1212.85ms
step:3030/3300 train_loss:3.21040 train_time:3674.922s step_avg:1212.85ms
step:3031/3300 train_loss:3.25755 train_time:3676.145s step_avg:1212.85ms
step:3032/3300 train_loss:3.35410 train_time:3677.371s step_avg:1212.85ms
step:3033/3300 train_loss:3.32357 train_time:3678.579s step_avg:1212.85ms
step:3034/3300 train_loss:3.28229 train_time:3679.781s step_avg:1212.85ms
step:3035/3300 train_loss:3.25315 train_time:3681.000s step_avg:1212.85ms
step:3036/3300 train_loss:3.30743 train_time:3682.222s step_avg:1212.85ms
step:3037/3300 train_loss:3.29167 train_time:3683.423s step_avg:1212.85ms
step:3038/3300 train_loss:3.29196 train_time:3684.632s step_avg:1212.85ms
step:3039/3300 train_loss:3.30500 train_time:3685.842s step_avg:1212.85ms
step:3040/3300 train_loss:3.33220 train_time:3687.052s step_avg:1212.85ms
step:3041/3300 train_loss:3.23659 train_time:3688.308s step_avg:1212.86ms
step:3042/3300 train_loss:3.26372 train_time:3689.519s step_avg:1212.86ms
step:3043/3300 train_loss:3.35274 train_time:3690.735s step_avg:1212.86ms
step:3044/3300 train_loss:3.41363 train_time:3691.956s step_avg:1212.86ms
step:3045/3300 train_loss:3.26363 train_time:3693.160s step_avg:1212.86ms
step:3046/3300 train_loss:3.27292 train_time:3694.380s step_avg:1212.86ms
step:3047/3300 train_loss:3.32270 train_time:3695.588s step_avg:1212.86ms
step:3048/3300 train_loss:3.26758 train_time:3696.803s step_avg:1212.86ms
step:3049/3300 train_loss:3.28563 train_time:3698.031s step_avg:1212.87ms
step:3050/3300 train_loss:3.30400 train_time:3699.236s step_avg:1212.86ms
step:3050/3300 val_loss:3.29939 train_time:3699.236s step_avg:1218.77ms
step:3051/3300 train_loss:3.26231 train_time:3700.449s step_avg:1212.86ms
step:3052/3300 train_loss:3.33228 train_time:3701.658s step_avg:1212.86ms
step:3053/3300 train_loss:3.30712 train_time:3702.878s step_avg:1212.87ms
step:3054/3300 train_loss:3.34736 train_time:3704.101s step_avg:1212.87ms
step:3055/3300 train_loss:3.35920 train_time:3705.310s step_avg:1212.87ms
step:3056/3300 train_loss:3.23965 train_time:3706.523s step_avg:1212.87ms
step:3057/3300 train_loss:3.29696 train_time:3707.735s step_avg:1212.87ms
step:3058/3300 train_loss:3.34369 train_time:3708.932s step_avg:1212.86ms
step:3059/3300 train_loss:3.37455 train_time:3710.135s step_avg:1212.86ms
step:3060/3300 train_loss:3.27798 train_time:3711.338s step_avg:1212.86ms
step:3061/3300 train_loss:3.32114 train_time:3712.545s step_avg:1212.85ms
step:3062/3300 train_loss:3.31129 train_time:3713.763s step_avg:1212.86ms
step:3063/3300 train_loss:3.35164 train_time:3714.971s step_avg:1212.85ms
step:3064/3300 train_loss:3.28441 train_time:3716.181s step_avg:1212.85ms
step:3065/3300 train_loss:3.32537 train_time:3717.404s step_avg:1212.86ms
step:3066/3300 train_loss:3.25820 train_time:3718.642s step_avg:1212.86ms
step:3067/3300 train_loss:3.25023 train_time:3719.855s step_avg:1212.86ms
step:3068/3300 train_loss:3.29911 train_time:3721.057s step_avg:1212.86ms
step:3069/3300 train_loss:3.33567 train_time:3722.262s step_avg:1212.86ms
step:3070/3300 train_loss:3.32840 train_time:3723.473s step_avg:1212.86ms
step:3071/3300 train_loss:3.35685 train_time:3724.694s step_avg:1212.86ms
step:3072/3300 train_loss:3.34961 train_time:3725.904s step_avg:1212.86ms
step:3073/3300 train_loss:3.26351 train_time:3727.111s step_avg:1212.86ms
step:3074/3300 train_loss:3.35674 train_time:3728.338s step_avg:1212.86ms
step:3075/3300 train_loss:3.27877 train_time:3729.539s step_avg:1212.86ms
step:3075/3300 val_loss:3.29666 train_time:3729.539s step_avg:1212.12ms
step:3076/3300 train_loss:3.34616 train_time:3730.756s step_avg:1212.86ms
step:3077/3300 train_loss:3.31581 train_time:3731.961s step_avg:1212.86ms
step:3078/3300 train_loss:3.38590 train_time:3733.175s step_avg:1212.86ms
step:3079/3300 train_loss:3.27191 train_time:3734.377s step_avg:1212.85ms
step:3080/3300 train_loss:3.33271 train_time:3735.581s step_avg:1212.85ms
step:3081/3300 train_loss:3.28283 train_time:3736.787s step_avg:1212.85ms
step:3082/3300 train_loss:3.27778 train_time:3738.000s step_avg:1212.85ms
step:3083/3300 train_loss:3.32049 train_time:3739.203s step_avg:1212.85ms
step:3084/3300 train_loss:3.29358 train_time:3740.425s step_avg:1212.85ms
step:3085/3300 train_loss:3.38602 train_time:3741.646s step_avg:1212.85ms
step:3086/3300 train_loss:3.31001 train_time:3742.858s step_avg:1212.85ms
step:3087/3300 train_loss:3.31141 train_time:3744.060s step_avg:1212.85ms
step:3088/3300 train_loss:3.30545 train_time:3745.261s step_avg:1212.84ms
step:3089/3300 train_loss:3.30391 train_time:3746.507s step_avg:1212.85ms
step:3090/3300 train_loss:3.34442 train_time:3747.724s step_avg:1212.86ms
step:3091/3300 train_loss:3.42002 train_time:3748.946s step_avg:1212.86ms
step:3092/3300 train_loss:3.34318 train_time:3750.159s step_avg:1212.86ms
step:3093/3300 train_loss:3.26179 train_time:3751.361s step_avg:1212.86ms
step:3094/3300 train_loss:3.33979 train_time:3752.556s step_avg:1212.85ms
step:3095/3300 train_loss:3.31916 train_time:3753.759s step_avg:1212.85ms
step:3096/3300 train_loss:3.31682 train_time:3754.967s step_avg:1212.84ms
step:3097/3300 train_loss:3.30073 train_time:3756.177s step_avg:1212.84ms
step:3098/3300 train_loss:3.25693 train_time:3757.382s step_avg:1212.84ms
step:3099/3300 train_loss:3.32546 train_time:3758.587s step_avg:1212.84ms
step:3100/3300 train_loss:3.24518 train_time:3759.796s step_avg:1212.84ms
step:3100/3300 val_loss:3.29397 train_time:3759.796s step_avg:1210.28ms
step:3101/3300 train_loss:3.29215 train_time:3761.013s step_avg:1212.84ms
step:3102/3300 train_loss:3.21876 train_time:3762.221s step_avg:1212.84ms
step:3103/3300 train_loss:3.34763 train_time:3763.433s step_avg:1212.84ms
step:3104/3300 train_loss:3.26513 train_time:3764.643s step_avg:1212.84ms
step:3105/3300 train_loss:3.29841 train_time:3765.855s step_avg:1212.84ms
step:3106/3300 train_loss:3.20232 train_time:3767.076s step_avg:1212.84ms
step:3107/3300 train_loss:3.18791 train_time:3768.289s step_avg:1212.84ms
step:3108/3300 train_loss:3.30155 train_time:3769.509s step_avg:1212.84ms
step:3109/3300 train_loss:3.29523 train_time:3770.720s step_avg:1212.84ms
step:3110/3300 train_loss:3.30876 train_time:3771.922s step_avg:1212.84ms
step:3111/3300 train_loss:3.24378 train_time:3773.139s step_avg:1212.84ms
step:3112/3300 train_loss:3.34116 train_time:3774.342s step_avg:1212.83ms
step:3113/3300 train_loss:3.25068 train_time:3775.554s step_avg:1212.83ms
step:3114/3300 train_loss:3.31815 train_time:3776.763s step_avg:1212.83ms
step:3115/3300 train_loss:3.32507 train_time:3777.976s step_avg:1212.83ms
step:3116/3300 train_loss:3.43267 train_time:3779.194s step_avg:1212.84ms
step:3117/3300 train_loss:3.28886 train_time:3780.412s step_avg:1212.84ms
step:3118/3300 train_loss:3.31064 train_time:3781.620s step_avg:1212.84ms
step:3119/3300 train_loss:3.29986 train_time:3782.820s step_avg:1212.83ms
step:3120/3300 train_loss:3.24933 train_time:3784.030s step_avg:1212.83ms
step:3121/3300 train_loss:3.34939 train_time:3785.242s step_avg:1212.83ms
step:3122/3300 train_loss:3.32100 train_time:3786.445s step_avg:1212.83ms
step:3123/3300 train_loss:3.31274 train_time:3787.694s step_avg:1212.84ms
step:3124/3300 train_loss:3.19056 train_time:3788.918s step_avg:1212.84ms
step:3125/3300 train_loss:3.30877 train_time:3790.131s step_avg:1212.84ms
step:3125/3300 val_loss:3.29146 train_time:3790.131s step_avg:1213.41ms
step:3126/3300 train_loss:3.25616 train_time:3791.346s step_avg:1212.84ms
step:3127/3300 train_loss:3.40682 train_time:3792.550s step_avg:1212.84ms
step:3128/3300 train_loss:3.30286 train_time:3793.758s step_avg:1212.84ms
step:3129/3300 train_loss:3.28088 train_time:3794.968s step_avg:1212.84ms
step:3130/3300 train_loss:3.30100 train_time:3796.174s step_avg:1212.84ms
step:3131/3300 train_loss:3.30782 train_time:3797.435s step_avg:1212.85ms
step:3132/3300 train_loss:3.24175 train_time:3798.649s step_avg:1212.85ms
step:3133/3300 train_loss:3.32021 train_time:3799.857s step_avg:1212.85ms
step:3134/3300 train_loss:3.27967 train_time:3801.070s step_avg:1212.85ms
step:3135/3300 train_loss:3.25709 train_time:3802.281s step_avg:1212.85ms
step:3136/3300 train_loss:3.28196 train_time:3803.495s step_avg:1212.85ms
step:3137/3300 train_loss:3.38209 train_time:3804.725s step_avg:1212.85ms
step:3138/3300 train_loss:3.29322 train_time:3805.931s step_avg:1212.85ms
step:3139/3300 train_loss:3.34168 train_time:3807.135s step_avg:1212.85ms
step:3140/3300 train_loss:3.33476 train_time:3808.344s step_avg:1212.85ms
step:3141/3300 train_loss:3.28978 train_time:3809.557s step_avg:1212.85ms
step:3142/3300 train_loss:3.30248 train_time:3810.766s step_avg:1212.85ms
step:3143/3300 train_loss:3.24603 train_time:3811.969s step_avg:1212.84ms
step:3144/3300 train_loss:3.34433 train_time:3813.176s step_avg:1212.84ms
step:3145/3300 train_loss:3.26961 train_time:3814.388s step_avg:1212.84ms
step:3146/3300 train_loss:3.33076 train_time:3815.595s step_avg:1212.84ms
step:3147/3300 train_loss:3.33061 train_time:3816.805s step_avg:1212.84ms
step:3148/3300 train_loss:3.31107 train_time:3818.011s step_avg:1212.84ms
step:3149/3300 train_loss:3.24492 train_time:3819.218s step_avg:1212.84ms
step:3150/3300 train_loss:3.29452 train_time:3820.428s step_avg:1212.83ms
step:3150/3300 val_loss:3.28862 train_time:3820.428s step_avg:1211.88ms
step:3151/3300 train_loss:3.28606 train_time:3821.644s step_avg:1212.84ms
step:3152/3300 train_loss:3.31518 train_time:3822.851s step_avg:1212.83ms
step:3153/3300 train_loss:3.31195 train_time:3824.074s step_avg:1212.84ms
step:3154/3300 train_loss:3.28005 train_time:3825.278s step_avg:1212.83ms
step:3155/3300 train_loss:3.30271 train_time:3826.477s step_avg:1212.83ms
step:3156/3300 train_loss:3.33204 train_time:3827.687s step_avg:1212.83ms
step:3157/3300 train_loss:3.28941 train_time:3828.894s step_avg:1212.83ms
step:3158/3300 train_loss:3.36571 train_time:3830.104s step_avg:1212.83ms
step:3159/3300 train_loss:3.29398 train_time:3831.318s step_avg:1212.83ms
step:3160/3300 train_loss:3.26266 train_time:3832.532s step_avg:1212.83ms
step:3161/3300 train_loss:3.27101 train_time:3833.745s step_avg:1212.83ms
step:3162/3300 train_loss:3.26764 train_time:3834.957s step_avg:1212.83ms
step:3163/3300 train_loss:3.22768 train_time:3836.160s step_avg:1212.82ms
step:3164/3300 train_loss:3.31543 train_time:3837.370s step_avg:1212.82ms
step:3165/3300 train_loss:3.29302 train_time:3838.592s step_avg:1212.83ms
step:3166/3300 train_loss:3.30298 train_time:3839.808s step_avg:1212.83ms
step:3167/3300 train_loss:3.27941 train_time:3841.027s step_avg:1212.83ms
step:3168/3300 train_loss:3.24782 train_time:3842.245s step_avg:1212.83ms
step:3169/3300 train_loss:3.33707 train_time:3843.456s step_avg:1212.83ms
step:3170/3300 train_loss:3.25233 train_time:3844.661s step_avg:1212.83ms
step:3171/3300 train_loss:3.34209 train_time:3845.870s step_avg:1212.83ms
step:3172/3300 train_loss:3.34063 train_time:3847.078s step_avg:1212.82ms
step:3173/3300 train_loss:3.29126 train_time:3848.285s step_avg:1212.82ms
step:3174/3300 train_loss:3.28585 train_time:3849.499s step_avg:1212.82ms
step:3175/3300 train_loss:3.34064 train_time:3850.703s step_avg:1212.82ms
step:3175/3300 val_loss:3.28633 train_time:3850.703s step_avg:1211.00ms
step:3176/3300 train_loss:3.29950 train_time:3851.918s step_avg:1212.82ms
step:3177/3300 train_loss:3.32211 train_time:3853.124s step_avg:1212.82ms
step:3178/3300 train_loss:3.37592 train_time:3854.346s step_avg:1212.82ms
step:3179/3300 train_loss:3.29223 train_time:3855.571s step_avg:1212.83ms
step:3180/3300 train_loss:3.26649 train_time:3856.788s step_avg:1212.83ms
step:3181/3300 train_loss:3.25769 train_time:3858.006s step_avg:1212.83ms
step:3182/3300 train_loss:3.24210 train_time:3859.217s step_avg:1212.83ms
step:3183/3300 train_loss:3.30140 train_time:3860.424s step_avg:1212.83ms
step:3184/3300 train_loss:3.28341 train_time:3861.634s step_avg:1212.82ms
step:3185/3300 train_loss:3.25044 train_time:3862.843s step_avg:1212.82ms
step:3186/3300 train_loss:3.31798 train_time:3864.126s step_avg:1212.85ms
step:3187/3300 train_loss:3.27140 train_time:3865.371s step_avg:1212.86ms
step:3188/3300 train_loss:3.30271 train_time:3866.587s step_avg:1212.86ms
step:3189/3300 train_loss:3.28498 train_time:3867.793s step_avg:1212.85ms
step:3190/3300 train_loss:3.29882 train_time:3869.006s step_avg:1212.85ms
step:3191/3300 train_loss:3.25222 train_time:3870.228s step_avg:1212.86ms
step:3192/3300 train_loss:3.33413 train_time:3871.435s step_avg:1212.86ms
step:3193/3300 train_loss:3.38133 train_time:3872.637s step_avg:1212.85ms
step:3194/3300 train_loss:3.34992 train_time:3873.846s step_avg:1212.85ms
step:3195/3300 train_loss:3.19615 train_time:3875.068s step_avg:1212.85ms
step:3196/3300 train_loss:3.47024 train_time:3876.289s step_avg:1212.86ms
step:3197/3300 train_loss:3.22191 train_time:3877.500s step_avg:1212.86ms
step:3198/3300 train_loss:3.30203 train_time:3878.702s step_avg:1212.85ms
step:3199/3300 train_loss:3.28774 train_time:3879.900s step_avg:1212.85ms
step:3200/3300 train_loss:3.27026 train_time:3881.104s step_avg:1212.85ms
step:3200/3300 val_loss:3.28397 train_time:3881.104s step_avg:1216.04ms
step:3201/3300 train_loss:3.30646 train_time:3882.321s step_avg:1212.85ms
step:3202/3300 train_loss:3.30331 train_time:3883.527s step_avg:1212.84ms
step:3203/3300 train_loss:3.25372 train_time:3884.731s step_avg:1212.84ms
step:3204/3300 train_loss:3.35765 train_time:3885.945s step_avg:1212.84ms
step:3205/3300 train_loss:3.36808 train_time:3887.148s step_avg:1212.84ms
step:3206/3300 train_loss:3.22608 train_time:3888.355s step_avg:1212.84ms
step:3207/3300 train_loss:3.32510 train_time:3889.568s step_avg:1212.84ms
step:3208/3300 train_loss:3.34187 train_time:3890.771s step_avg:1212.83ms
step:3209/3300 train_loss:3.26653 train_time:3891.979s step_avg:1212.83ms
step:3210/3300 train_loss:3.33857 train_time:3893.201s step_avg:1212.84ms
step:3211/3300 train_loss:3.25056 train_time:3894.417s step_avg:1212.84ms
step:3212/3300 train_loss:3.30099 train_time:3895.628s step_avg:1212.84ms
step:3213/3300 train_loss:3.32076 train_time:3896.842s step_avg:1212.84ms
step:3214/3300 train_loss:3.31529 train_time:3898.057s step_avg:1212.84ms
step:3215/3300 train_loss:3.25158 train_time:3899.266s step_avg:1212.84ms
step:3216/3300 train_loss:3.28398 train_time:3900.476s step_avg:1212.83ms
step:3217/3300 train_loss:3.30642 train_time:3901.691s step_avg:1212.84ms
step:3218/3300 train_loss:3.30585 train_time:3902.896s step_avg:1212.83ms
step:3219/3300 train_loss:3.32990 train_time:3904.109s step_avg:1212.83ms
step:3220/3300 train_loss:3.35234 train_time:3905.313s step_avg:1212.83ms
step:3221/3300 train_loss:3.29355 train_time:3906.529s step_avg:1212.83ms
step:3222/3300 train_loss:3.30056 train_time:3907.729s step_avg:1212.83ms
step:3223/3300 train_loss:3.27329 train_time:3908.935s step_avg:1212.82ms
step:3224/3300 train_loss:3.26239 train_time:3910.145s step_avg:1212.82ms
step:3225/3300 train_loss:3.26018 train_time:3911.365s step_avg:1212.83ms
step:3225/3300 val_loss:3.28208 train_time:3911.365s step_avg:1210.43ms
step:3226/3300 train_loss:3.28079 train_time:3912.583s step_avg:1212.83ms
step:3227/3300 train_loss:3.28772 train_time:3913.786s step_avg:1212.82ms
step:3228/3300 train_loss:3.28863 train_time:3915.006s step_avg:1212.83ms
step:3229/3300 train_loss:3.20673 train_time:3916.211s step_avg:1212.82ms
step:3230/3300 train_loss:3.30343 train_time:3917.425s step_avg:1212.82ms
step:3231/3300 train_loss:3.34967 train_time:3918.670s step_avg:1212.84ms
step:3232/3300 train_loss:3.26746 train_time:3919.880s step_avg:1212.83ms
step:3233/3300 train_loss:3.36922 train_time:3921.099s step_avg:1212.84ms
step:3234/3300 train_loss:3.21698 train_time:3922.308s step_avg:1212.83ms
step:3235/3300 train_loss:3.30919 train_time:3923.510s step_avg:1212.83ms
step:3236/3300 train_loss:3.33486 train_time:3924.724s step_avg:1212.83ms
step:3237/3300 train_loss:3.30584 train_time:3925.921s step_avg:1212.83ms
step:3238/3300 train_loss:3.28200 train_time:3927.125s step_avg:1212.82ms
step:3239/3300 train_loss:3.23471 train_time:3928.325s step_avg:1212.82ms
step:3240/3300 train_loss:3.30456 train_time:3929.527s step_avg:1212.82ms
step:3241/3300 train_loss:3.37164 train_time:3930.732s step_avg:1212.81ms
step:3242/3300 train_loss:3.33276 train_time:3931.946s step_avg:1212.81ms
step:3243/3300 train_loss:3.34019 train_time:3933.151s step_avg:1212.81ms
step:3244/3300 train_loss:3.34194 train_time:3934.357s step_avg:1212.81ms
step:3245/3300 train_loss:3.30575 train_time:3935.578s step_avg:1212.81ms
step:3246/3300 train_loss:3.31509 train_time:3936.795s step_avg:1212.81ms
step:3247/3300 train_loss:3.21510 train_time:3938.005s step_avg:1212.81ms
step:3248/3300 train_loss:3.21959 train_time:3939.208s step_avg:1212.81ms
step:3249/3300 train_loss:3.29735 train_time:3940.419s step_avg:1212.81ms
step:3250/3300 train_loss:3.30286 train_time:3941.638s step_avg:1212.81ms
step:3250/3300 val_loss:3.28048 train_time:3941.638s step_avg:1210.92ms
step:3251/3300 train_loss:3.28431 train_time:3942.856s step_avg:1212.81ms
step:3252/3300 train_loss:3.26701 train_time:3944.063s step_avg:1212.81ms
step:3253/3300 train_loss:3.33087 train_time:3945.262s step_avg:1212.81ms
step:3254/3300 train_loss:3.32889 train_time:3946.469s step_avg:1212.81ms
step:3255/3300 train_loss:3.30574 train_time:3947.689s step_avg:1212.81ms
step:3256/3300 train_loss:3.29182 train_time:3948.906s step_avg:1212.81ms
step:3257/3300 train_loss:3.30714 train_time:3950.118s step_avg:1212.81ms
step:3258/3300 train_loss:3.29203 train_time:3951.330s step_avg:1212.81ms
step:3259/3300 train_loss:3.33362 train_time:3952.548s step_avg:1212.81ms
step:3260/3300 train_loss:3.27794 train_time:3953.757s step_avg:1212.81ms
step:3261/3300 train_loss:3.28901 train_time:3954.970s step_avg:1212.81ms
step:3262/3300 train_loss:3.26073 train_time:3956.182s step_avg:1212.81ms
step:3263/3300 train_loss:3.41571 train_time:3957.394s step_avg:1212.81ms
step:3264/3300 train_loss:3.28336 train_time:3958.604s step_avg:1212.81ms
step:3265/3300 train_loss:3.34397 train_time:3959.806s step_avg:1212.80ms
step:3266/3300 train_loss:3.27313 train_time:3961.037s step_avg:1212.81ms
step:3267/3300 train_loss:3.35186 train_time:3962.248s step_avg:1212.81ms
step:3268/3300 train_loss:3.22974 train_time:3963.458s step_avg:1212.81ms
step:3269/3300 train_loss:3.34723 train_time:3964.665s step_avg:1212.81ms
step:3270/3300 train_loss:3.24077 train_time:3965.894s step_avg:1212.81ms
step:3271/3300 train_loss:3.29234 train_time:3967.106s step_avg:1212.81ms
step:3272/3300 train_loss:3.26673 train_time:3968.317s step_avg:1212.81ms
step:3273/3300 train_loss:3.29006 train_time:3969.531s step_avg:1212.81ms
step:3274/3300 train_loss:3.27212 train_time:3970.740s step_avg:1212.81ms
step:3275/3300 train_loss:3.27174 train_time:3971.947s step_avg:1212.81ms
step:3275/3300 val_loss:3.27924 train_time:3971.947s step_avg:1212.37ms
step:3276/3300 train_loss:3.25877 train_time:3973.167s step_avg:1212.81ms
step:3277/3300 train_loss:3.32201 train_time:3974.376s step_avg:1212.81ms
step:3278/3300 train_loss:3.23971 train_time:3975.587s step_avg:1212.81ms
step:3279/3300 train_loss:3.32281 train_time:3976.792s step_avg:1212.81ms
step:3280/3300 train_loss:3.21019 train_time:3977.997s step_avg:1212.80ms
step:3281/3300 train_loss:3.31306 train_time:3979.206s step_avg:1212.80ms
step:3282/3300 train_loss:3.28794 train_time:3980.415s step_avg:1212.80ms
step:3283/3300 train_loss:3.33703 train_time:3981.632s step_avg:1212.80ms
step:3284/3300 train_loss:3.24296 train_time:3982.838s step_avg:1212.80ms
step:3285/3300 train_loss:3.31809 train_time:3984.039s step_avg:1212.80ms
step:3286/3300 train_loss:3.24887 train_time:3985.269s step_avg:1212.80ms
step:3287/3300 train_loss:3.27519 train_time:3986.477s step_avg:1212.80ms
step:3288/3300 train_loss:3.37014 train_time:3987.677s step_avg:1212.80ms
step:3289/3300 train_loss:3.33027 train_time:3988.897s step_avg:1212.80ms
step:3290/3300 train_loss:3.20275 train_time:3990.102s step_avg:1212.80ms
step:3291/3300 train_loss:3.31761 train_time:3991.329s step_avg:1212.80ms
step:3292/3300 train_loss:3.29581 train_time:3992.537s step_avg:1212.80ms
step:3293/3300 train_loss:3.26919 train_time:3993.762s step_avg:1212.80ms
step:3294/3300 train_loss:3.33539 train_time:3994.970s step_avg:1212.80ms
step:3295/3300 train_loss:3.26077 train_time:3996.175s step_avg:1212.80ms
step:3296/3300 train_loss:3.29188 train_time:3997.383s step_avg:1212.80ms
step:3297/3300 train_loss:3.29228 train_time:3998.597s step_avg:1212.80ms
step:3298/3300 train_loss:3.26666 train_time:3999.796s step_avg:1212.79ms
step:3299/3300 train_loss:3.28051 train_time:4000.999s step_avg:1212.79ms
step:3300/3300 train_loss:3.28476 train_time:4002.209s step_avg:1212.79ms
step:3300/3300 val_loss:3.27868 train_time:4002.209s step_avg:1210.48ms
